graph_id,n_vertices,cx_matching,cx_pauli,depth_matching,depth_pauli,delta_cx,delta_depth,labeling_time
4c2efa3e46941c8c,8,60,30,99,58,-30,-41,0.155
df58be4238891e6b,8,44,27,73,52,-17,-21,0.073
21490fcf5c39c9ae,8,54,30,89,58,-24,-31,0.067
9ec390799d9336a9,8,58,30,94,58,-28,-36,0.063
e30ef99575ecfd15,8,45,24,75,48,-21,-27,0.064
0d76da79f2d13e10,8,53,27,87,54,-26,-33,0.071
31731f5023ff8414,8,39,24,64,48,-15,-16,0.083
239f01ed8900b0f2,8,46,27,76,54,-19,-22,0.1
9d9b1e73a4431842,8,43,26,72,52,-17,-20,0.085
281a88989f8880f5,8,31,17,52,34,-14,-18,0.06
d53a069f06220e0a,8,38,20,63,40,-18,-23,0.072
558f395cfeae0f9f,8,23,17,38,34,-6,-4,0.138
b736760d71d27945,8,30,20,50,39,-10,-11,0.064
331d977854cfa32b,8,32,24,53,47,-8,-6,0.075
aee4c40bdbca4690,8,39,27,65,53,-12,-12,0.067
d1f9eb4f162bf5fe,8,39,24,64,48,-15,-16,0.062
3576d2afba2a53e4,8,46,27,76,54,-19,-22,0.066
99312505ef02a697,8,35,21,58,42,-14,-16,0.066
7103a838a5b6d3c0,8,41,24,69,47,-17,-22,0.065
5104e05f6032db26,8,27,21,46,42,-6,-4,0.056
390964bb3d9ce48f,8,33,24,57,47,-9,-10,0.073
b73a535db71a4626,8,11,12,21,25,1,4,0.045
d25b24a37037d59d,8,18,21,33,39,3,6,0.065
ebb2d9071d418c93,8,20,21,36,42,1,6,0.068
a05a3c23116020b0,8,26,23,47,45,-3,-2,0.063
741036e8ef3b2d8b,8,11,18,21,35,7,14,0.063
905b2e15210bfaec,8,18,23,33,44,5,11,0.064
70b655e0a1c1d14c,8,31,24,53,46,-7,-7,0.061
8f7f0f9508214b8a,8,39,24,65,47,-15,-18,0.062
7fc0266a1bb7c92a,8,44,27,73,53,-17,-20,0.058
6e331690f58e358f,8,29,26,49,46,-3,-3,0.062
6553e56db58bdf53,8,37,27,61,50,-10,-11,0.06
2acddcc170df5d76,8,33,24,56,46,-9,-10,0.052
bc1a695ebb7631b4,8,38,26,64,49,-12,-15,0.067
adaf45e9d2844661,8,41,24,68,47,-17,-21,0.07
eafdf512a0c82848,8,46,27,76,53,-19,-23,0.072
0b97ce0fb3d811e2,8,26,22,46,43,-4,-3,0.067
3cb930a405be40f6,8,33,24,57,46,-9,-11,0.061
4de4b58bc20556c6,8,34,22,58,44,-12,-14,0.073
3c5f664d39731a71,8,41,25,69,50,-16,-19,0.067
31742cea3a7f581d,8,52,24,82,47,-28,-35,0.068
51f100c9144939d5,8,46,21,76,41,-25,-35,0.071
fe50b8d8ec4b9ef7,8,52,23,85,44,-29,-41,0.066
cf819882f4a7af0b,8,55,21,89,42,-34,-47,0.068
cf27ba1a99764a5a,8,61,24,97,48,-37,-49,0.07
fed41532264ec951,8,39,24,66,47,-15,-19,0.062
8b6ddaba847fbec6,8,46,26,77,50,-20,-27,0.083
e513ed7720cd123e,8,47,24,78,48,-23,-30,0.086
808808e339797424,8,56,27,92,54,-29,-38,0.073
9c7f273f56a69aee,8,33,24,57,46,-9,-11,0.064
7d9b366477c4f966,8,40,26,68,49,-14,-19,0.067
4538a5ff07b7530b,8,41,24,69,47,-17,-22,0.072
e88e2b2998d5bc38,8,48,27,80,53,-21,-27,0.074
b37dbfa03913cda8,8,29,15,50,31,-14,-19,0.064
6dc101e8dfdb2a18,8,39,24,65,47,-15,-18,0.065
eab21c0590b33246,8,33,21,55,41,-12,-14,0.059
3afb308d08ffe3a4,8,42,26,69,50,-16,-19,0.068
714ef4edfb94ebe2,8,23,15,41,30,-8,-11,0.057
690b4cf9c37bd402,8,32,24,55,45,-8,-10,0.065
cd1920588d17a21a,8,43,24,72,47,-19,-25,0.064
6e2024c7b1231c37,8,47,27,79,53,-20,-26,0.065
9bf377e71063b32a,8,33,24,58,47,-9,-11,0.056
303e189247c2f0c6,8,40,26,69,51,-14,-18,0.061
d81d0628a7b7fb52,8,27,24,47,44,-3,-3,0.052
8be9d75ddcbaacf9,8,35,24,58,47,-11,-11,0.064
6521983f3f2d98b6,8,42,29,71,54,-13,-17,0.072
c01ce6f218351425,8,31,27,52,50,-4,-2,0.057
a283ffc661070a9c,8,39,27,64,52,-12,-12,0.067
631029a6ed1265d0,8,31,24,53,46,-7,-7,0.054
3aa1ff15a45b502f,8,36,26,61,49,-10,-12,0.068
57b3aa786c0e8d7d,8,39,24,65,47,-15,-18,0.057
d98b0926f4ed4251,8,25,24,43,45,-1,2,0.057
8ed5bebb14b8a42b,8,32,26,54,48,-6,-6,0.058
1a26896777953c56,8,33,24,55,47,-9,-8,0.071
053c6b2cb264ef99,8,40,27,66,52,-13,-14,0.066
77d3366ca383692c,8,24,24,41,44,0,3,0.069
64ab9c4740671ec1,8,34,29,55,52,-5,-3,0.059
592b9784768a2fb2,8,23,21,41,40,-2,-1,0.069
71f3c4899efa86ac,8,35,26,58,48,-9,-10,0.066
5134ef63eda6ffc0,8,34,21,58,42,-13,-16,0.07
66bb8cc0a255f031,8,42,26,70,50,-16,-20,0.055
11fb1bd7010ab3fd,8,18,21,33,39,3,6,0.118
60143a2f060570da,8,28,26,47,47,-2,0,0.057
e25ab0ed15a07d4f,8,26,21,45,42,-5,-3,0.059
d60414609799d277,8,36,26,60,49,-10,-11,0.065
fa1e99b1ff9476a1,8,45,27,76,52,-18,-24,0.068
2831bae77ffe45bd,8,50,30,84,58,-20,-26,0.071
67310fe200601062,8,36,27,62,52,-9,-10,0.064
d7719550afac8ac8,8,41,30,70,58,-11,-12,0.06
1986952d1beb466f,8,23,27,40,50,4,10,0.053
5898edb820d2f3ae,8,30,29,51,53,-1,2,0.054
9bad1da7ba9a7e3a,8,31,27,52,52,-4,0,0.056
aca38bf34f418ae8,8,38,30,63,57,-8,-6,0.07
276a0923410c8f1d,8,38,26,64,49,-12,-15,0.08
e31d04065a847fa5,8,40,24,67,47,-16,-20,0.088
108d83ca1c93af1a,8,45,27,75,53,-18,-22,0.07
42f83dd245ff8f4e,8,24,24,42,46,0,4,0.069
dd855cda41f733b7,8,29,26,50,49,-3,-1,0.06
3c6202a2409ca85f,8,32,24,54,47,-8,-7,0.076
ff31bdab203283d9,8,37,27,62,53,-10,-9,0.085
5b4650ac4538cabd,8,17,22,31,42,5,11,0.056
51d12d23b6789efa,8,24,24,42,45,0,3,0.081
23b69aca8d33b04e,8,25,22,43,44,-3,1,0.071
6d185a46a49fb2ec,8,32,25,54,49,-7,-5,0.064
c393b64403c9c339,8,31,21,52,42,-10,-10,0.072
c5ccf5f5464fac34,8,37,26,61,50,-11,-11,0.103
182b0287056379eb,8,23,21,39,42,-2,3,0.083
8d751ec5438def0e,8,29,26,48,50,-3,2,0.088
4a470d86fe96ae37,8,12,19,24,35,7,11,0.074
732c461b915b1e2c,8,20,24,36,44,4,8,0.081
29412314ccb6c0d7,8,19,19,35,39,0,4,0.071
045c39b142af6377,8,28,24,48,46,-4,-2,0.083
bb438db0f1b97043,8,47,27,78,52,-20,-26,0.095
ab17169aaea60f02,8,53,30,86,58,-23,-28,0.095
f0b8d9b8a4c4a2b7,8,40,27,67,52,-13,-15,0.081
dedfe410ba389727,8,43,30,72,58,-13,-14,0.092
c774e979b8c465c3,8,46,21,75,42,-25,-33,0.072
b86a9b7cbc3493f2,8,56,24,89,48,-32,-41,0.077
b52781814e054685,8,32,24,54,47,-8,-7,0.062
2a03ace99b213e66,8,39,26,66,50,-13,-16,0.068
3a0526504ab9c0c6,8,40,24,66,48,-16,-18,0.068
be2576366bbd75e7,8,48,27,81,54,-21,-27,0.081
9477b3edc463bcb8,8,24,24,42,46,0,4,0.05
d9e4174343bb72d5,8,31,26,54,49,-5,-5,0.068
df307475725140a5,8,32,24,54,47,-8,-7,0.08
e8eab2bad65528da,8,44,27,74,53,-17,-21,0.078
2828f75213368211,8,29,21,49,43,-8,-6,0.087
4df9c681f8ea7987,8,39,26,65,51,-13,-14,0.077
3b27b56effe65547,8,22,21,39,42,-1,3,0.072
95afc0abc33872f5,8,35,26,59,50,-9,-9,0.07
5629090a30f07f5c,8,34,27,58,52,-7,-6,0.084
df7c77f2d08dc393,8,39,29,65,56,-10,-9,0.077
71b4ba6102ac45da,8,16,15,30,30,-1,0,0.072
90b9efd91ad66507,8,24,24,42,45,0,3,0.059
dda18130a9f39cc0,8,33,24,55,47,-9,-8,0.091
a9739a49b1330b08,8,39,27,66,53,-12,-13,0.084
7c14d98dcfb386ae,8,25,24,45,47,-1,2,0.079
74ee50a8bdc3b828,8,32,26,56,51,-6,-5,0.081
33b5ca43af814f8b,8,16,21,30,40,5,10,0.071
5ad9e336c13515db,8,24,26,42,50,2,8,0.067
6712847952f743fd,8,56,21,89,39,-35,-50,0.082
7211f74681b3214d,8,42,21,67,39,-21,-28,0.073
627a06260bada4b1,8,35,21,58,40,-14,-18,0.06
c93a12453d2c7251,8,66,28,104,53,-38,-51,0.103
62b5a4bcaa373e22,8,41,27,68,49,-14,-19,0.058
b6015b9a8741a49c,8,54,27,86,50,-27,-36,0.09
fbaa73a823892ff2,8,62,30,98,56,-32,-42,0.082
e49b4dd2e8f846a8,8,45,27,76,51,-18,-25,0.074
4ccb4c28bc71c24a,8,75,28,119,55,-47,-64,0.146
a8e614633bf739c3,8,53,27,88,51,-26,-37,0.065
bc0f7e2646cd1a7b,8,61,27,99,52,-34,-47,0.072
d1efeeaee9c61271,8,66,30,109,58,-36,-51,0.064
51e4b51723b50f8e,8,40,27,69,51,-13,-18,0.094
1bd01d8a79c30c99,8,53,27,88,52,-26,-36,0.073
4b5ffd9fbb2bc71c,8,57,30,97,58,-27,-39,0.089
bb2f18a2a0b99037,8,28,18,48,35,-10,-13,0.083
b5054265f7a8eb58,8,49,24,78,45,-25,-33,0.064
a0dc8076ab584261,8,53,29,84,53,-24,-31,0.072
ee7335c073d98019,8,40,24,68,46,-16,-22,0.072
9ac6a6ecaebab089,8,65,22,105,44,-43,-61,0.082
4baeb5367d0bde9f,8,71,27,115,52,-44,-63,0.087
33c29056a3192a21,8,47,24,79,44,-23,-35,0.063
a45ae8f7ecfd382f,8,57,24,93,47,-33,-46,0.076
96dc68ef3c730391,8,66,29,106,55,-37,-51,0.065
45c7db0389c5f6c1,8,38,24,66,45,-14,-21,0.064
2c3c985b975d0cac,8,48,24,80,47,-24,-33,0.061
e09aa489e964e030,8,55,29,91,55,-26,-36,0.069
3228029094f0c406,8,28,21,48,40,-7,-8,0.061
bd1d8a10da1fa41e,8,35,23,58,43,-12,-15,0.062
9e8a0eccafe3741f,8,43,27,70,48,-16,-22,0.056
66c2b319b990cb2d,8,33,24,56,45,-9,-11,0.059
7920b09ac5f40be9,8,40,29,66,54,-11,-12,0.053
27166c31c6314231,8,27,18,48,34,-9,-14,0.054
8becbdbb226911b2,8,39,27,64,50,-12,-14,0.062
3e24673ce98db8a7,8,40,27,68,51,-13,-17,0.07
596f683b5fe46df3,8,50,30,81,57,-20,-24,0.07
e468f2e8a87d4d36,8,40,27,67,51,-13,-16,0.058
37bb70354dc0d6fa,8,42,29,70,55,-13,-15,0.062
4f84ef7c68946b30,8,61,25,97,47,-36,-50,0.062
1a4944d6814df87d,8,51,24,83,46,-27,-37,0.058
762bcde1e76d8daa,8,59,29,95,55,-30,-40,0.072
2c69631710832240,8,47,18,79,35,-29,-44,0.058
2aa2eb51b1c2e997,8,48,27,79,50,-21,-29,0.064
3c92c190e8dea8d9,8,41,24,69,46,-17,-23,0.06
44732b4327bde261,8,46,29,77,55,-17,-22,0.069
132a2ed14eef37bd,8,36,18,62,35,-18,-27,0.067
f1b733f970098b4e,8,43,27,71,51,-16,-20,0.073
a9827782b6efb0b3,8,49,27,83,52,-22,-31,0.061
0efe65e23d0ee0d3,8,58,30,96,58,-28,-38,0.064
f2565ee49bd3430b,8,46,27,77,52,-19,-25,0.06
fa869bb3b1f04858,8,54,29,91,56,-25,-35,0.074
67fc6a6ab46839a2,8,31,23,51,42,-8,-9,0.064
2035486e1eaf496c,8,42,29,70,55,-13,-15,0.063
6d60a5f2e718a3ab,8,37,24,63,46,-13,-17,0.053
0077ce12affa7422,8,44,29,74,54,-15,-20,0.062
e197f3edbee3f138,8,31,24,55,45,-7,-10,0.065
bee070ea42742c45,8,37,29,63,54,-8,-9,0.072
0517977d5b9f5a52,8,61,29,100,56,-32,-44,0.073
e0f4726e8d70c8e2,8,49,27,83,52,-22,-31,0.055
979f0060015bd98f,8,63,30,102,58,-33,-44,0.06
87c4ce53f41c533a,8,43,27,73,52,-16,-21,0.066
d1638facd9e590c8,8,56,29,92,56,-27,-36,0.061
fff7b9e1ad360cb3,8,44,24,75,47,-20,-28,0.068
1ca88be631e0dbbe,8,53,29,89,55,-24,-34,0.062
1493ab66f368bf1c,8,38,24,66,46,-14,-20,0.063
4a5b3c036d3cef3e,8,49,29,83,55,-20,-28,0.061
536dd9cc9475595e,8,48,27,80,54,-21,-26,0.057
1d57cf643427e647,8,33,24,56,47,-9,-9,0.058
8381c7f5f82a9a47,8,28,22,48,42,-6,-6,0.05
5e590530163d397e,8,36,22,60,44,-14,-16,0.066
30a31dad70ead6d4,8,44,25,72,49,-19,-23,0.069
fdd345217ea13e67,8,19,19,34,37,0,3,0.133
12a8423296ce6a59,8,27,19,46,37,-8,-9,0.064
fb0184cf7ba5268f,8,34,23,57,44,-11,-13,0.073
0ae6db9ba952fc1a,8,49,27,85,52,-22,-33,0.078
b6b7025b8784915b,8,59,30,99,58,-29,-41,0.063
e10b87eebb3fc3e7,8,41,27,72,52,-14,-20,0.071
cc4e2761e31697ea,8,36,27,64,51,-9,-13,0.062
1ed2b32bcb474308,8,44,27,76,52,-17,-24,0.062
14cd68ec67726f10,8,54,30,90,58,-24,-32,0.067
d494efb028dd2037,8,27,27,50,50,0,0,0.062
21e48509e9ae0d7b,8,35,27,62,52,-8,-10,0.067
4da0163ce49d7521,8,44,30,75,57,-14,-18,0.067
b980c8cac9fa68c7,8,45,26,74,51,-19,-23,0.062
877050959a4746c8,8,28,21,49,42,-7,-7,0.049
8bc7d6cb4ef7e717,8,39,24,64,46,-15,-18,0.06
913ddf308cf0f5b0,8,14,16,27,31,2,4,0.051
00b4c88787047922,8,20,16,36,32,-4,-4,0.055
719923a1a4250a69,8,30,22,51,41,-8,-10,0.059
91a0bd0f46671f79,8,45,24,76,47,-21,-29,0.062
1e230e12256ed3be,8,55,29,92,55,-26,-37,0.061
e969a705db4e3375,8,37,24,64,47,-13,-17,0.066
992b5123d55ae00a,8,31,24,54,45,-7,-9,0.047
b051f3e7afb6922d,8,39,24,66,47,-15,-19,0.059
18484f7d769e5d65,8,49,29,82,55,-20,-27,0.06
f3e36ccdbbdd3ad2,8,25,24,45,44,-1,-1,0.05
62b590c6bde7c5ec,8,33,24,56,47,-9,-9,0.057
16e088574524d814,8,40,29,69,54,-11,-15,0.064
edaef915afed5de3,8,52,24,85,48,-28,-37,0.062
09e5555f62744663,8,47,24,77,48,-23,-29,0.067
0915b6e374057e3c,8,53,27,85,54,-26,-31,0.071
4d2931b1ea71e0d1,8,50,19,80,38,-31,-42,0.052
ba1e2fea5257b0ba,8,34,22,55,42,-12,-13,0.055
3682facb57fdc3fc,8,40,24,65,45,-16,-20,0.051
ae5d553b8ebacba8,8,46,22,75,44,-24,-31,0.055
5eb6f765b274e015,8,51,25,82,49,-26,-33,0.053
df1635da18f571a0,8,28,22,48,42,-6,-6,0.059
d85a7feb49efed17,8,35,24,59,45,-11,-14,0.067
80c2f77f3578b7cf,8,37,22,63,44,-15,-19,0.051
4bc973534e8dd9ed,8,43,25,71,49,-18,-22,0.057
593e07081b519292,8,57,29,94,54,-28,-40,0.064
36e2fc27c93fc7b7,8,60,27,98,52,-33,-46,0.065
379c814759ac602d,8,71,30,114,58,-41,-56,0.069
ed2ab8c8b92d2df6,8,49,27,83,51,-22,-32,0.061
c1d99d7ea2f83b5d,8,48,29,81,54,-19,-27,0.068
3285e627a2bbf547,8,56,27,94,52,-29,-42,0.065
9d09399d75822de6,8,59,30,99,58,-29,-41,0.076
d293757ea6543a70,8,61,27,100,51,-34,-49,0.068
c3757f5eea2b6afd,8,63,25,103,49,-38,-54,0.07
03675d58f09b1f6e,8,69,28,112,55,-41,-57,0.076
958856c811f4f593,8,44,27,73,51,-17,-22,0.071
1e05fd250ab5e983,8,50,29,82,54,-21,-28,0.07
66c8c882abeef2ba,8,55,27,89,52,-28,-37,0.061
92bdbb0e26393ac6,8,63,30,101,58,-33,-43,0.064
242f006734a5be71,8,35,27,61,51,-8,-10,0.058
4a5fb5022b2769fd,8,41,29,70,54,-12,-16,0.059
0800f0b2fc4d5a0d,8,43,27,73,52,-16,-21,0.064
2a44a84a6288aff1,8,53,30,91,58,-23,-33,0.074
234c9003376e39ac,8,46,24,77,46,-22,-31,0.063
522e269470b1d9f3,8,23,19,40,36,-4,-4,0.062
59f91d4d2b26a392,8,31,24,52,44,-7,-8,0.062
572f43ec47418104,8,32,19,56,39,-13,-17,0.058
8209a9abb2266d5b,8,38,24,66,46,-14,-20,0.062
d89ddec64ee71269,8,66,29,107,55,-37,-52,0.074
09dd7ac93e83b546,8,37,24,64,45,-13,-19,0.056
3760322e12abc8a2,8,44,29,73,53,-15,-20,0.071
3f5e819ec1501369,8,44,24,75,47,-20,-28,0.068
3f56fb8b310f87f5,8,57,29,93,55,-28,-38,0.062
385d2da3bd86c948,8,63,27,104,52,-36,-52,0.116
97aea1d140c2a87b,8,39,24,64,44,-15,-20,0.061
e0d860ed6a9ecf6d,8,48,29,80,53,-19,-27,0.054
4185443ed95154c2,8,50,24,81,47,-26,-34,0.065
4bca73f9df881a52,8,58,29,94,55,-29,-39,0.064
efd4cc665a40ab39,8,31,24,55,45,-7,-10,0.067
56dc333a17d8e254,8,41,29,68,53,-12,-15,0.059
906fc8e2d7387686,8,38,24,65,47,-14,-18,0.069
0a47d398812e7eba,8,47,29,80,55,-18,-25,0.065
9686a490a9421e86,8,36,22,61,44,-14,-17,0.067
c9a6e202ad755fd7,8,43,25,71,49,-18,-22,0.068
75d2496a48f13e8e,8,28,22,48,44,-6,-4,0.071
e7705df7ef609e19,8,35,24,59,47,-11,-12,0.056
7033b36f8d8cf9a2,8,49,27,80,52,-22,-28,0.064
f5527483376364b5,8,57,30,96,58,-27,-38,0.074
1aa3e40ddae160a1,8,43,27,72,52,-16,-20,0.073
db8e3a1541d0a240,8,54,29,91,56,-25,-35,0.074
ddcd0d3f68beab71,8,37,18,62,35,-19,-27,0.057
a0cd751698947b40,8,44,27,72,50,-17,-22,0.066
d24f63cdf599229e,8,34,24,58,46,-10,-12,0.061
07fa19ba7de3afe6,8,45,29,73,55,-16,-18,0.058
de0a4f2635dda0bf,8,29,18,51,35,-11,-16,0.06
a5a6873b30f09551,8,36,27,60,51,-9,-9,0.068
8cab073e941bc542,8,48,27,79,52,-21,-27,0.062
d248c188a9d5b414,8,51,30,86,58,-21,-28,0.062
093e1615b9804441,8,37,27,65,52,-10,-13,0.06
957c575fa4060b9e,8,44,29,74,56,-15,-18,0.072
f45d033a2bbdf4d6,8,23,19,40,38,-4,-2,0.052
dd8a8f91b7e5b397,8,31,24,52,46,-7,-6,0.062
5060cfef411c364e,8,42,24,72,46,-18,-26,0.051
d73fcd1330fd7952,8,50,29,84,55,-21,-29,0.07
12f5c0252c849e95,8,37,27,65,52,-10,-13,0.059
593d8f33696eca0d,8,47,29,78,56,-18,-22,0.075
58233294b7ee791b,8,39,24,65,47,-15,-18,0.065
6461ad73dee6dc10,8,46,29,78,55,-17,-23,0.054
40cf459b127bf105,8,31,24,55,46,-7,-9,0.066
c37b03949cf210ef,8,42,29,73,55,-13,-18,0.062
b0177142cf226cc1,8,22,21,40,41,-1,1,0.059
c719796ee16766ba,8,30,21,52,42,-9,-10,0.056
de5652aabfca39c9,8,19,21,34,39,2,5,0.054
5b60fd1bf48c9667,8,27,21,46,41,-6,-5,0.06
361011afad949c34,8,32,24,55,46,-8,-9,0.055
a755a253ed8b780b,8,43,29,69,54,-14,-15,0.069
4bbd81866f4e4feb,8,21,18,38,35,-3,-3,0.06
f0e79231e3480c15,8,28,18,49,37,-10,-12,0.058
47dacb3dac4504e3,8,37,23,61,45,-14,-16,0.05
8acb7295d37ee079,8,14,18,28,33,4,5,0.052
69a51956f33d1da2,8,22,18,40,36,-4,-4,0.056
08457fbe8fe53f8e,8,28,23,49,43,-5,-6,0.063
4cb71eda54fa876b,8,50,27,81,52,-23,-29,0.055
03d7395f6aaae13f,8,42,27,72,52,-15,-20,0.057
c1d2f07dadf4e2f4,8,50,30,85,58,-20,-27,0.069
9a5f64b63b5e4f3c,8,46,24,77,48,-22,-29,0.065
d6241a092f4d9521,8,54,27,89,54,-27,-35,0.07
865f8dd10a94dfc8,8,32,24,55,46,-8,-9,0.058
c3be237c0e186d02,8,37,26,63,49,-11,-14,0.051
2aa9902c8f0d1891,8,39,24,66,47,-15,-19,0.071
c9202a7a569be862,8,44,27,74,53,-17,-21,0.087
17f6af93fcf1c06e,8,32,24,54,47,-8,-7,0.069
bdee20aea44002a5,8,40,26,67,50,-14,-17,0.075
e7596255c6c77705,8,40,24,66,48,-16,-18,0.072
328a12bd8baec92d,8,48,27,79,54,-21,-25,0.085
796366bc2f9f2b28,8,25,24,44,45,-1,1,0.07
85f430a8c14c1a4e,8,32,26,55,48,-6,-7,0.073
f453758f6d9dcf7f,8,33,24,56,47,-9,-9,0.086
d0582b0f442c31a4,8,40,27,67,52,-13,-15,0.096
64ec51b98962db93,8,34,21,59,42,-13,-17,0.085
09204d6211955f27,8,42,26,71,50,-16,-21,0.08
a9fec12ce3f2edbd,8,23,21,40,41,-2,1,0.145
e179b96f24c8ebfc,8,31,26,52,49,-5,-3,0.078
4a605fdf39ea248e,8,31,21,52,43,-10,-9,0.06
b6cc61083ae418f5,8,39,26,64,51,-13,-13,0.076
c44ebc81fdae4a92,8,20,21,37,39,1,2,0.054
3d0bff9f0b4cbb24,8,28,26,49,47,-2,-2,0.06
aab49636de535fda,8,26,21,46,42,-5,-4,0.069
5e54eda65d3b439c,8,36,26,61,49,-10,-12,0.063
4a42d1ea322addea,8,49,24,80,48,-25,-32,0.078
67c160e05b0352b0,8,56,27,93,54,-29,-39,0.08
6dea0673d0aa7ecf,8,38,24,64,47,-14,-17,0.074
db1f49a21b4349c1,8,44,26,74,50,-18,-24,0.087
e13b926f0077c87b,8,47,24,78,48,-23,-30,0.085
7b7527b49f2427dd,8,56,27,93,54,-29,-39,0.101
c39a7958486bf97f,8,32,24,54,47,-8,-7,0.067
960b784251433db9,8,39,26,66,50,-13,-16,0.093
5e3c864abd6257cc,8,38,24,65,48,-14,-17,0.073
9eccd6eff52123d8,8,50,27,83,54,-23,-29,0.088
0d97b715b4f03cb1,8,37,21,61,43,-16,-18,0.08
a10ab3eeb5f5191c,8,47,26,78,51,-21,-27,0.076
bd3614a9ced221d0,8,23,21,40,41,-2,1,0.074
91be9ad5560572c7,8,31,26,52,49,-5,-3,0.067
6bb1c43780ce08db,8,33,21,57,43,-12,-14,0.071
152bd9cea0b58092,8,39,26,67,51,-13,-16,0.088
655c1cae1864a1f4,8,40,24,67,48,-16,-19,0.077
b0f00bc1375c44bb,8,47,27,77,54,-20,-23,0.086
3fbf77919acbfcac,8,32,24,55,48,-8,-7,0.063
c518a87701e91970,8,39,26,66,52,-13,-14,0.074
9019e92a3ccf18d1,8,23,21,40,42,-2,2,0.084
cfef71e418123b50,8,31,26,52,51,-5,-1,0.066
f58ecfe8d677973a,8,37,25,62,47,-12,-15,0.082
f2b74ac4549fa551,8,40,25,68,48,-15,-20,0.076
77cd336f35dd05c1,8,37,27,62,51,-10,-11,0.074
b2b30640abf0109c,8,31,24,53,46,-7,-7,0.075
a362dfada771b919,8,23,18,41,35,-5,-6,0.065
51dd8269f8beb097,8,29,27,50,51,-2,1,0.074
98d86ca1009179fa,8,39,27,66,52,-12,-14,0.065
8281007fb672f8db,8,30,27,52,52,-3,0,0.071
3aaf7c703a2f23a8,8,37,29,64,56,-8,-8,0.072
91aa47e4c10f41ae,8,39,21,66,42,-18,-24,0.069
51e75a04b8fa6764,8,39,25,63,46,-14,-17,0.083
8f4d56ab53746900,8,25,12,43,25,-13,-18,0.067
04128104e8c7fbe2,8,31,21,52,40,-10,-12,0.072
74c3576f46ba22f2,8,30,21,51,42,-9,-9,0.072
0d25470aff8e1d2f,8,22,18,39,35,-4,-4,0.059
35122d61a398bfcf,8,31,27,52,50,-4,-2,0.085
d841bdfc9e04efc8,8,24,24,42,45,0,3,0.083
b2f99470ae721eca,8,17,18,30,34,1,4,0.055
c41081d7dc73952a,8,23,27,41,49,4,8,0.091
0e8f889720e3bbb4,8,35,27,61,51,-8,-10,0.072
822be2c138c9fb58,8,26,27,46,51,1,5,0.077
4a7b9a70d1f9af83,8,33,29,56,54,-4,-2,0.091
859412363c4bd23b,8,37,29,64,56,-8,-8,0.065
aceebc94239dc4e4,8,27,24,49,46,-3,-3,0.078
afe722670cb95f57,8,33,29,58,55,-4,-3,0.071
c8ef0eeccbd2c3b4,8,39,23,66,45,-16,-21,0.069
5d167608cbdbaa0b,8,29,18,51,36,-11,-15,0.059
849ae710e78641f4,8,40,29,65,55,-11,-10,0.058
931c13af10455bac,8,26,27,46,51,1,5,0.059
2b55ec45b09ed46f,8,31,29,55,54,-2,-1,0.064
eb57767672b2470c,8,30,24,53,46,-6,-7,0.057
70ce5899b3b290f2,8,21,24,39,45,3,6,0.06
fef5c55d17a3cd08,8,33,29,56,53,-4,-3,0.052
ed0de0d39f89f3d6,8,54,27,89,54,-27,-35,0.07
1f60ab794bb15849,8,48,27,80,54,-21,-26,0.052
f04f898f50f853f4,8,71,28,115,55,-43,-60,0.062
d5c4e3eb166ea23b,8,58,25,96,48,-33,-48,0.064
a685a8ec18305fb9,8,64,30,106,58,-34,-48,0.067
53e8e38686751b80,8,40,27,70,51,-13,-19,0.058
ee76919fe9a3cd6b,8,53,27,88,52,-26,-36,0.058
93be9b387812a0dc,8,62,30,103,58,-32,-45,0.066
a08510c1d7e18423,8,57,25,93,49,-32,-44,0.058
b2642839ab976d2b,8,67,28,108,55,-39,-53,0.072
6561d16832329e55,8,53,25,88,48,-28,-40,0.068
87818497a17fc3b7,8,40,27,68,51,-13,-17,0.127
046703fb0c08b651,8,52,27,87,52,-25,-35,0.071
04557fe3e953dc80,8,59,30,99,58,-29,-41,0.066
aa04dc1d5ba72215,8,31,27,56,51,-4,-5,0.06
43cc4290c5cf4da1,8,43,27,74,52,-16,-22,0.063
69a290c2781f570d,8,53,30,89,58,-23,-31,0.062
6791cbec680348f2,8,47,24,82,47,-23,-35,0.068
e27120b3d4335396,8,57,29,96,55,-28,-41,0.069
1ecda67e6937d961,8,59,27,97,52,-32,-45,0.073
cc3178b5fad495c6,8,45,22,77,43,-23,-34,0.068
0f5e8c8fdbe7c168,8,41,24,70,47,-17,-23,0.068
dac371bbcd0b944c,8,56,29,94,55,-27,-39,0.066
a1b8d9d70c30c447,8,29,24,53,45,-5,-8,0.066
dc9e9e70680df1bf,8,40,24,70,47,-16,-23,0.064
e9d7204d93b85824,8,48,29,82,55,-19,-27,0.072
eb7b43cf6ae624ea,8,33,24,58,48,-9,-10,0.071
1a699711f3fe1ce6,8,54,25,91,48,-29,-43,0.066
10695bab4f9a55a8,8,34,18,60,35,-16,-25,0.052
60d95cfbd46f4299,8,49,27,85,52,-22,-33,0.063
0682ea92e085d395,8,55,30,93,58,-25,-35,0.064
88da4003d58cbc5c,8,41,27,73,52,-14,-21,0.062
0ec809fce6fa3c38,8,50,29,85,56,-21,-29,0.065
415bdcde7332bb28,8,33,16,57,31,-17,-26,0.064
81fd5a50c076a0f7,8,53,25,88,48,-28,-40,0.061
b7cf706d203598c1,8,61,28,100,54,-33,-46,0.069
b7d94cbf1077477c,8,45,25,76,48,-20,-28,0.058
fe47ef859496ffd5,8,51,27,85,52,-24,-33,0.069
39ba9f3be7756920,8,30,18,52,35,-12,-17,0.049
ec2473ef51691894,8,39,27,65,51,-12,-14,0.056
d8e1d3f46540cf87,8,36,24,62,46,-12,-16,0.056
ad94cad858104120,8,41,29,69,55,-12,-14,0.065
79568d6bfb23f12c,8,25,18,45,35,-7,-10,0.054
5078d856561d6598,8,31,27,54,51,-4,-3,0.071
5946e93126637aa4,8,41,27,71,52,-14,-19,0.07
86338e637ea92bfb,8,48,30,79,58,-18,-21,0.06
123f8a45967c0540,8,31,27,55,52,-4,-3,0.061
73f1868969b2a5b8,8,43,29,75,56,-14,-19,0.066
7f707dd4b7680014,8,46,29,79,55,-17,-24,0.071
42e841fbf343a9d2,8,43,27,74,51,-16,-23,0.07
5790b48759fa873e,8,39,29,68,56,-10,-12,0.058
7dfa409edf1bee9d,8,37,24,65,47,-13,-18,0.067
79732c179aa7becf,8,45,29,77,55,-16,-22,0.073
f7fe1b007d140a69,8,29,24,53,46,-5,-7,0.066
f1213bd988d17f7c,8,35,29,62,55,-6,-7,0.059
b1533025268ad79d,8,51,27,86,54,-24,-32,0.074
bfb913a9440e7b44,8,63,30,105,58,-33,-47,0.062
e66ba5419edc1660,8,43,27,73,51,-16,-22,0.051
eae8c6bee4ce86f3,8,51,27,85,52,-24,-33,0.058
c1438de1a0913a4e,8,59,30,97,58,-29,-39,0.063
99a344625c6497f3,8,34,27,59,50,-7,-9,0.06
607543d8913873e9,8,42,27,71,52,-15,-19,0.058
deb9a9cb540693e3,8,49,30,82,57,-19,-25,0.065
c6a646f013e86c34,8,54,29,89,55,-25,-34,0.062
1e60bfc1a4ec5632,8,29,24,52,44,-5,-8,0.06
94dcb5383441ffae,8,35,24,61,47,-11,-14,0.053
0ea7626f017f98b4,8,45,29,76,54,-16,-22,0.073
0a2f07e45af1f8c4,8,57,25,93,49,-32,-44,0.063
22c1ff0538748255,8,67,28,108,55,-39,-53,0.067
28a2cbcd1d5caf1e,8,46,27,76,51,-19,-25,0.061
c7c73f14df9f15f9,8,52,29,86,54,-23,-32,0.066
e75368ca718cd61a,8,58,27,97,52,-31,-45,0.074
6d944afa34acb720,8,67,30,111,58,-37,-53,0.076
895a4974e481ba18,8,40,27,69,51,-13,-18,0.058
211e2328760b8054,8,45,29,78,54,-16,-24,0.068
26180fe1c522e0ee,8,48,27,81,52,-21,-29,0.068
84d26e4615f80668,8,59,30,100,58,-29,-42,0.074
28f4fbd095d0472a,8,58,29,97,55,-29,-42,0.131
a8a6d6ae55cb5a75,8,35,24,61,45,-11,-16,0.056
8d6425993a84ae8a,8,43,29,73,53,-14,-20,0.06
7f0e845f3ce79541,8,41,24,70,47,-17,-23,0.064
7b1bc08c757f7d64,8,54,29,93,55,-25,-38,0.07
040f97b3aeb11272,8,52,27,87,52,-25,-35,0.059
4bb841ff78aa9a4b,8,57,30,95,58,-27,-37,0.078
6f7eedd24bb2aa79,8,40,27,69,52,-13,-17,0.059
95e20910cda3e4cb,8,49,29,85,56,-20,-29,0.062
30b5c3f61cf04c89,8,35,24,61,46,-11,-15,0.059
accfb04ddb04d71a,8,43,29,73,55,-14,-18,0.062
d578381b320ba1f9,8,68,29,111,56,-39,-55,0.072
fd46ce205864cedc,8,49,27,81,51,-22,-30,0.068
ce79f1bae2758db6,8,56,27,92,52,-29,-40,0.073
a683dfa9252354fa,8,50,27,85,52,-23,-33,0.077
cd86ec20d400db47,8,58,29,96,56,-29,-40,0.093
e419eec453228b33,8,47,27,79,50,-20,-29,0.071
5a7a0dd4a3082534,8,50,27,84,52,-23,-32,0.064
af7c9666946f0e1b,8,32,18,56,35,-14,-21,0.069
55103864e111b174,8,40,27,67,51,-13,-16,0.074
1576f64886fab478,8,46,27,78,52,-19,-26,0.063
43d4068e50991bfd,8,41,27,71,52,-14,-19,0.077
93898c6fd6e54d7b,8,48,29,81,56,-19,-25,0.074
cec22a909e25521b,8,53,29,88,55,-24,-33,0.079
5bae3abdb43f378c,8,41,24,69,46,-17,-23,0.063
d343c0f92e92e82a,8,48,29,82,55,-19,-27,0.08
f05e0f1bed7a8ec0,8,77,28,126,55,-49,-71,0.073
1c32c4f3406f3727,8,57,27,95,51,-30,-44,0.069
a19325b3de250511,8,77,30,125,58,-47,-67,0.075
4ab584c44fc2ebc0,8,49,27,82,51,-22,-31,0.069
b0a09e457f8a0dad,8,57,27,94,52,-30,-42,0.056
da97f329ad262510,8,69,30,114,58,-39,-56,0.065
d1d43d65ae133771,8,68,29,111,55,-39,-56,0.078
73ece3f78cc6bb9a,8,52,24,87,47,-28,-40,0.078
40194165d58281f5,8,64,29,107,55,-35,-52,0.069
1bf1fdc28d0416e8,8,57,27,95,52,-30,-43,0.064
250dc948b3343a64,8,42,18,72,35,-24,-37,0.077
d190041ec90a9433,8,60,27,99,52,-33,-47,0.065
73c9ed4d70f2413e,8,65,30,106,58,-35,-48,0.075
798f276b2677b783,8,51,27,87,52,-24,-35,0.077
5bfef460aea03df8,8,58,29,97,56,-29,-41,0.065
7c38da59ecca4a36,8,54,29,90,55,-25,-35,0.064
6486feb6a405c1cb,8,42,22,73,42,-20,-31,0.06
ab9b1eacfb5e1f33,8,68,30,113,58,-38,-55,0.084
ac758c912cc5ac31,8,59,29,99,56,-30,-43,0.08
3749844882fa65db,8,51,29,88,56,-22,-32,0.066
7ebe370afbb772dd,8,46,26,81,50,-20,-31,0.077
be27e52864c6ef33,8,27,18,45,35,-9,-10,0.055
54055a7b3513e66b,8,35,27,61,51,-8,-10,0.068
383ab3e930b14a5c,8,43,27,73,52,-16,-21,0.068
23ea4b9dc7377576,8,52,30,86,58,-22,-28,0.064
2565449b313333d8,8,39,26,66,47,-13,-19,0.072
2d390b7cce31e831,8,47,29,80,54,-18,-26,0.079
27d83cb5404b1434,8,55,30,92,58,-25,-34,0.161
5ce8e7064d12a1b5,8,26,16,45,32,-10,-13,0.068
b295f85f58a3d442,8,35,24,60,44,-11,-16,0.062
456cb024e303c47d,8,34,25,61,48,-9,-13,0.065
eefeb23fc3ecf593,8,43,27,74,51,-16,-23,0.074
ff00c20b2bceb7d1,8,42,25,73,49,-17,-24,0.072
250e9556c6f7c623,8,51,28,86,55,-23,-31,0.059
c4bcae9cf4c85692,8,19,16,33,32,-3,-1,0.049
76b6700b56244d0c,8,28,24,48,43,-4,-5,0.054
2aed27c4639d3f4d,8,27,25,49,48,-2,-1,0.048
b03338f8b6617eda,8,36,27,62,51,-9,-11,0.063
4e90c5ff9bd7414f,8,35,25,61,49,-10,-12,0.046
8a0490483298249d,8,44,28,74,55,-16,-19,0.072
fe5bbf0c50cc9aae,8,35,24,59,46,-11,-13,0.052
3d5ee3a7786c8ca5,8,27,18,47,35,-9,-12,0.055
bf00b13c1472374a,8,43,27,73,52,-16,-21,0.055
7205b8adf920102c,8,51,30,85,58,-21,-27,0.07
baaaa3fc69a4ee01,8,36,27,63,52,-9,-11,0.072
9526442499061bb3,8,45,29,76,56,-16,-20,0.064
19e2df30c0489785,8,11,13,20,25,2,5,0.04
68db0925553ee2d2,8,17,19,29,37,2,8,0.054
3d6fe8e6fd77ca89,8,20,22,34,41,2,7,0.054
98e382b39610b277,8,28,22,47,43,-6,-4,0.064
a7033e9b7da06b9b,8,13,14,23,26,1,3,0.044
ef39e1b5ace0875d,8,20,22,35,38,2,3,0.052
3d1557c48a509d53,8,21,20,34,38,-1,4,0.059
6509076d64d02131,8,28,25,47,46,-3,-1,0.061
2535f85c87a4ca97,8,19,23,36,42,4,6,0.057
6a322a8d4a132242,8,27,23,48,44,-4,-4,0.052
b5bfcd55955d849f,8,19,18,34,35,-1,1,0.056
2a5608e2c63cf113,8,29,26,50,46,-3,-4,0.051
5c85e5d3b39bb76b,8,30,24,49,46,-6,-3,0.076
7a9d407e81e8f155,8,37,29,62,55,-8,-7,0.089
8482a64bc23db894,8,28,27,50,51,-1,1,0.065
a5b35fa43301a1d1,8,37,29,63,54,-8,-9,0.081
08e523128d837459,8,36,27,63,52,-9,-11,0.088
614acc9171b34180,8,45,30,76,58,-15,-18,0.085
63ac59aebac18692,8,10,11,17,21,1,4,0.067
671b4d16fd0aa7b4,8,11,13,20,26,2,6,0.07
f1d33370cff755c2,8,19,22,32,40,3,8,0.06
19bce7b915e08675,8,13,14,23,27,1,4,0.061
d134344361899bc3,8,20,23,35,42,3,7,0.072
eb9a88d14f1e4511,8,26,23,46,44,-3,-2,0.055
7eefc849cb07e3c0,8,34,26,58,49,-8,-9,0.082
fc6643aa703acfde,8,19,23,36,44,4,8,0.071
a29507b6259cd54e,8,28,25,49,47,-3,-2,0.072
70578dbdd4e4a27f,8,27,24,46,46,-3,0,0.083
ccf4c985ceef7b9d,8,35,29,59,55,-6,-4,0.073
9d01df95836de9a1,8,19,18,34,35,-1,1,0.072
4394c3f2ec1b2c26,8,29,27,50,50,-2,0,0.084
dd21b9558746a287,8,35,27,60,52,-8,-8,0.087
96b8026be968f44c,8,43,30,72,58,-13,-14,0.077
1f59d017fa941e16,8,28,27,50,52,-1,2,0.075
091a9932c7b41940,8,37,29,63,56,-8,-7,0.066
2e4c4ad6e8439bf8,8,36,22,59,44,-14,-15,0.085
7c33b36f2bd6c4b6,8,43,25,70,49,-18,-21,0.076
e65cab4cbdf69668,8,18,14,32,28,-4,-4,0.075
5f9e18de1d1c6804,8,29,19,49,37,-10,-12,0.092
f2fd5b645b531db7,8,23,17,40,34,-6,-6,0.055
3c6397438315823c,8,29,19,51,36,-10,-15,0.067
e9588c7d4b1c54af,8,31,17,52,34,-14,-18,0.08
d79129f214b1aee1,8,37,20,63,40,-17,-23,0.078
af1a340a6802017d,8,6,8,12,17,2,5,0.048
17f66f82a32089d4,8,13,16,24,28,3,4,0.078
9a4db45b1bd1c68f,8,10,14,19,28,4,9,0.052
42ede00fef4967b7,8,21,19,36,37,-2,1,0.081
9d1d4032796ac183,8,15,17,27,34,2,7,0.073
d561918a9d5b6a94,8,21,19,38,36,-2,-2,0.064
03baa48f1ef98494,8,23,17,39,34,-6,-5,0.077
4c070be742fc2351,8,29,20,50,40,-9,-10,0.095
bc1193f6a2863683,8,41,29,68,55,-12,-13,0.085
4db4506ef304ccb4,8,41,29,70,54,-12,-16,0.086
1c89a637d45ea29b,8,44,27,74,52,-17,-22,0.081
70ee9a5f247637ee,8,49,30,82,58,-19,-24,0.069
f76bddc775c6b62f,8,29,24,50,43,-5,-7,0.089
a5e8bd36a21a9177,8,30,22,49,43,-8,-6,0.077
f23cb8250b9502cc,8,37,27,62,51,-10,-11,0.067
54dfb4f2d1919808,8,28,25,51,47,-3,-4,0.082
25da8a066cd2eab8,8,37,27,64,50,-10,-14,0.082
04104ae9f87f3da7,8,36,25,63,49,-11,-14,0.084
a74f490ed5a62a4e,8,45,28,76,54,-17,-22,0.073
30e5f6434ae1d33a,8,14,16,25,31,2,6,0.068
de65f19709b176e3,8,21,24,37,42,3,5,0.076
76f8bf9d0d71fb6b,8,22,22,36,43,0,7,0.074
509e2b6f9bdf1b0c,8,29,27,49,51,-2,2,0.081
04e826c20fcc1a86,8,20,25,38,47,5,9,0.074
9321052dea7e77e5,8,29,27,51,50,-2,-1,0.085
627cab07d650c24e,8,28,25,50,49,-3,-1,0.086
5bf2cb7d1a3e426a,8,37,28,63,54,-9,-9,0.064
913196033e3da8e6,8,6,8,12,17,2,5,0.053
35425887bfa91a16,8,13,17,24,32,4,8,0.168
9032b4194f2f0a97,8,36,27,62,52,-9,-10,0.077
ede8c7175db583fb,8,41,29,70,56,-12,-14,0.091
7ed8271e8ab283ac,8,22,16,38,32,-6,-6,0.046
9e0d1821a7fbaad1,8,29,25,50,47,-4,-3,0.08
5195c19319832c71,8,35,25,61,49,-10,-12,0.07
5cca44e2fe274ed5,8,43,28,73,54,-15,-19,0.076
cf351724ae08356f,8,28,25,51,49,-3,-2,0.081
3674d8313234dda8,8,37,27,64,52,-10,-12,0.081
acfa04414872cbf2,8,14,16,25,32,2,7,0.067
c3e13cff27fac69f,8,21,25,37,46,4,9,0.08
806c52bdb0622d9d,8,27,25,48,49,-2,1,0.075
0b3b72a411124043,8,35,28,60,54,-7,-6,0.064
f9e830b9e35076ba,8,20,25,38,49,5,11,0.055
0b170c0901dfba97,8,29,27,51,52,-2,1,0.063
1d19ef1b8c41607c,8,29,18,47,35,-11,-12,0.057
63720fb3284cfef9,8,37,27,59,51,-10,-8,0.062
a36088c2276762ee,8,32,15,54,31,-17,-23,0.054
5858ec312e9834ad,8,40,24,66,47,-16,-19,0.063
56242767002d994a,8,47,24,77,48,-23,-29,0.062
e474d177883507b5,8,54,27,88,54,-27,-34,0.061
83b00088b25d0904,8,41,24,69,48,-17,-21,0.061
4f7348e314ecc1b2,8,48,26,79,52,-22,-27,0.065
805552335b0eae5b,8,31,21,52,42,-10,-10,0.054
9f4ee1a13d588491,8,39,26,64,51,-13,-13,0.063
5b70be0e2eb79b51,8,23,15,40,31,-8,-9,0.064
a3b1969a1febea98,8,31,24,52,47,-7,-5,0.065
8ee932728482c353,8,40,24,65,48,-16,-17,0.077
42eb5a9bde83b4ea,8,47,27,77,54,-20,-23,0.075
31ee6fe0b50fb2c9,8,32,24,54,48,-8,-6,0.062
4c60c9ee93d5d1df,8,39,26,65,52,-13,-13,0.068
2b140aeb072dc361,8,31,21,52,43,-10,-9,0.057
5afc1ea8877063ab,8,39,26,64,51,-13,-13,0.058
696a732b30f9b628,8,23,21,40,42,-2,2,0.06
131077290bde7983,8,31,26,52,51,-5,-1,0.064
d008c9312d680091,8,34,23,57,44,-11,-13,0.064
e5ee863f77f8d989,8,41,26,68,50,-15,-18,0.058
335376e7bbfadfab,8,43,27,72,52,-16,-20,0.071
9e6026e8e07b42e2,8,50,30,83,58,-20,-25,0.065
294c1798baae510c,8,29,25,48,45,-4,-3,0.051
814882cc119d8c8d,8,28,27,49,51,-1,2,0.054
286c25d47e8cd953,8,35,29,60,54,-6,-6,0.057
ea87baacdec0fbcb,8,29,19,49,36,-10,-13,0.053
04ccd64fffdfb4a4,8,29,17,49,34,-12,-15,0.05
3eb06958cdbce866,8,36,20,60,40,-16,-20,0.054
bfc4769946e9bc2e,8,31,24,52,46,-7,-6,0.057
ae274203ef264a92,8,38,26,63,49,-12,-14,0.076
fcb425eea4a10fca,8,38,24,64,47,-14,-17,0.077
c9e56d54a6037291,8,45,27,75,53,-18,-22,0.074
e859258131e785de,8,6,8,12,16,2,4,0.048
f11798589437514a,8,14,16,24,28,2,4,0.066
a741da583b91991a,8,15,17,26,32,2,6,0.055
9f73eccca5f0ac59,8,22,19,38,35,-3,-3,0.067
bbde687b6d4df9e0,8,23,17,38,34,-6,-4,0.06
bbab089419feb117,8,30,20,50,39,-10,-11,0.069
f683a9df038b87c4,8,15,15,27,30,0,3,0.061
8a0595595832ee24,8,23,23,39,41,0,2,0.061
2f76508aef85b3a5,8,24,24,40,46,0,6,0.056
4b111f683945d6db,8,31,26,52,49,-5,-3,0.074
09f85c7b6bc9fc3b,8,32,24,53,47,-8,-6,0.067
8f5295fe98071c7b,8,39,27,65,53,-12,-12,0.076
50f4990941a99fff,8,24,17,42,34,-7,-8,0.057
4ee1f23d87071249,8,31,19,52,38,-12,-14,0.067
0a3ae1b0acff2d4b,8,33,24,56,47,-9,-9,0.07
68711b555dbddf31,8,40,26,66,51,-14,-15,0.072
3c4f45113e8019c8,8,6,8,12,17,2,5,0.059
1125a015a4e8eafd,8,14,17,24,32,3,8,0.057
ab8211cabc733f36,8,23,17,38,34,-6,-4,0.065
90771304bc642a7f,8,30,20,50,39,-10,-11,0.073
680c1541bfbc6c2f,8,15,17,27,34,2,7,0.062
b5b8bc20976a7d89,8,22,19,38,37,-3,-1,0.068
2abbb01d8a0c583a,8,15,15,27,30,0,3,0.062
4038f0913aefa173,8,23,24,39,45,1,6,0.058
01c6b63cf6ac4467,8,32,24,52,47,-8,-5,0.062
e8d0258824776eb3,8,39,27,64,53,-12,-11,0.062
eb6cdd729d823b3c,8,24,24,41,47,0,6,0.064
ed0c317614df4edb,8,31,26,52,51,-5,-1,0.064
fb9fef8a5eb8356c,8,6,14,12,28,8,16,0.134
4ad63cccb415f630,8,14,19,24,36,5,12,0.061
26b98b6351327ef1,8,15,21,27,40,6,13,0.073
c279f0d59edcb6de,8,23,26,39,50,3,11,0.064
fdff4509dcb27062,8,38,25,64,49,-13,-15,0.061
1eadd2d9b97aa36e,8,44,28,75,55,-16,-20,0.071
33309a518484c27a,8,26,25,44,47,-1,3,0.053
903f94e980cbfc83,8,32,27,55,50,-5,-5,0.063
ced1cb7ad1601676,8,41,21,69,42,-20,-27,0.071
707de5c721973495,8,47,24,80,48,-23,-32,0.062
0c384dbe4205932c,8,26,21,44,41,-5,-3,0.061
452dd61d90a803ec,8,32,23,55,44,-9,-11,0.062
4d812078c09e89ea,8,33,21,55,42,-12,-13,0.072
d83fc4b82bae16df,8,39,24,66,48,-15,-18,0.074
6cb211cc92dc81fa,8,40,24,66,48,-16,-18,0.073
d75eec69240167d5,8,47,27,78,54,-20,-24,0.088
ef5a984bd225e427,8,27,21,48,40,-6,-8,0.068
27beda6625b0fb50,8,33,23,59,43,-10,-16,0.077
18a0edc3a9638690,8,35,21,60,42,-14,-18,0.074
dd23ddf93a300f38,8,41,24,71,47,-17,-24,0.072
0ead93b431965ee1,8,10,12,19,24,2,5,0.068
a5eb7a30fc68e44a,8,17,20,31,35,3,4,0.064
c84547b3ecf48979,8,19,21,34,40,2,6,0.059
ff55459f6cb2e41e,8,25,23,45,43,-2,-2,0.068
f39248bc829717dc,8,27,21,46,42,-6,-4,0.057
fab87dff146cb1a7,8,33,24,57,47,-9,-10,0.062
0653cbaf783c4100,8,28,21,48,42,-7,-6,0.058
8d05effb8a013b7e,8,34,23,59,46,-11,-13,0.069
b75bc00ac053da89,8,27,21,48,42,-6,-6,0.062
14a16ccfc3a85033,8,33,23,59,45,-10,-14,0.071
18dd1b0391bdcf98,8,10,12,19,25,2,6,0.059
04609c73d063778b,8,17,21,31,39,4,8,0.066
93c0ce2189968d8f,8,27,21,46,42,-6,-4,0.063
4ad72060232ccda0,8,33,24,57,47,-9,-10,0.075
cb25b6c6829e5c42,8,19,21,34,42,2,8,0.066
ff254077a8713628,8,25,23,45,45,-2,0,0.077
d24596c183a8aa5f,8,10,18,19,35,8,16,0.061
023ece943cda31fb,8,17,23,31,44,6,13,0.064
dd74891fcfae28d7,8,42,29,69,53,-13,-16,0.069
35a8ee9cb150d3d5,8,43,27,72,50,-16,-22,0.056
cfbbf57fa1035005,8,50,30,82,56,-20,-26,0.071
bb488b0e7d86f214,8,39,24,65,45,-15,-20,0.066
33584fe520e86065,8,49,27,79,51,-22,-28,0.068
61233bab52d58316,8,21,16,37,29,-5,-8,0.068
be86770db634d788,8,25,22,44,41,-3,-3,0.064
d5fbe92dc20b6ddc,8,36,27,61,49,-9,-12,0.069
a725f45b380209cd,8,30,25,52,45,-5,-7,0.057
d1918e987c49980f,8,38,25,64,47,-13,-17,0.062
5f36e7d9575b0eee,8,44,28,75,52,-16,-23,0.08
ac1be84af83751a8,8,26,16,45,30,-10,-15,0.057
aae5e3f840d1af04,8,30,22,52,42,-8,-10,0.069
60d276c1ae11ea9e,8,41,27,69,50,-14,-19,0.065
3c5b63dd266e17d3,8,35,25,60,46,-10,-14,0.06
3e8180d47deab7aa,8,43,25,72,48,-18,-24,0.06
7015d9860044ca80,8,49,28,83,53,-21,-30,0.07
6a7d30301b298f94,8,43,24,72,46,-19,-26,0.063
79461b2914c5d752,8,51,29,84,55,-22,-29,0.06
2dfcc8d3fc3055fc,8,44,27,75,51,-17,-24,0.078
21c663e402102e11,8,52,27,87,52,-25,-35,0.07
73ec228b188168af,8,59,30,97,58,-29,-39,0.073
2f02677079d15516,8,48,24,80,46,-24,-34,0.058
d706c863b432ce87,8,58,27,94,52,-31,-42,0.074
071d2a2da47ebe1a,8,30,16,53,32,-14,-21,0.056
e0b9359663d14668,8,34,22,59,43,-12,-16,0.061
b0c4d62246093bcb,8,45,27,76,52,-18,-24,0.073
caefb59bc6fd0b2a,8,39,25,67,48,-14,-19,0.07
2dec5ba8572424c9,8,47,25,79,49,-22,-30,0.076
f74d21545c51ad8a,8,53,28,90,55,-25,-35,0.07
32e5c472e89dba6a,8,35,16,61,32,-19,-29,0.062
3cb3055a59988d8f,8,39,22,67,43,-17,-24,0.071
91713c288b6e41d4,8,50,27,84,52,-23,-32,0.083
53e68986f7ab6591,8,44,25,75,48,-19,-27,0.093
c4c7db5fdf371bef,8,52,25,87,49,-27,-38,0.083
6dade80b41bd036b,8,58,28,98,55,-30,-43,0.084
bdf755ecd3872d54,8,43,29,73,53,-14,-20,0.073
9df69b73beb985e2,8,42,24,70,46,-18,-24,0.071
e92dc7d968965abd,8,44,28,75,52,-16,-23,0.072
4c9d60c04f01ab1d,8,31,22,55,42,-9,-13,0.145
76853e237017b796,8,41,27,69,49,-14,-20,0.063
d858b7d284849e64,8,41,25,70,48,-16,-22,0.069
363e565a6fea3de2,8,49,28,83,53,-21,-30,0.067
817569d4e41ccdc4,8,31,22,52,40,-9,-12,0.054
6e882739d94c8d6e,8,35,22,59,43,-13,-16,0.054
6506678ece2e02e5,8,46,27,76,50,-19,-26,0.057
051114b010057b7f,8,59,30,97,58,-29,-39,0.068
f0d45b2ef1ade089,8,47,24,80,47,-23,-33,0.074
287abf876425addc,8,52,29,88,55,-23,-33,0.087
d9b1eb13d0ca5dda,8,58,27,94,52,-31,-42,0.078
b4056515ef902120,8,51,24,85,47,-27,-38,0.072
bd54e943a084130d,8,44,25,76,49,-19,-27,0.073
936ec807374d7f0c,8,52,28,89,55,-24,-34,0.071
d9c87e2afbc892c4,8,34,22,60,41,-12,-19,0.071
65fc9e5d5f591168,8,40,22,70,44,-18,-26,0.071
d00a6ec5797b71fe,8,50,27,84,52,-23,-32,0.077
3d6037da9b180867,8,42,25,73,48,-17,-25,0.082
fffb40c7bda7dacb,8,49,25,84,49,-24,-35,0.071
dc8cf2e68e9b7e78,8,57,28,97,55,-29,-42,0.077
2af660cdc5e99037,8,40,22,68,42,-18,-26,0.056
6377a5f54c73f6de,8,44,22,74,44,-22,-30,0.069
1dad61494e574a72,8,55,27,91,52,-28,-39,0.067
e66a3de9113e55db,8,32,20,52,38,-12,-14,0.064
ee83c84f1eb7b778,8,33,23,56,43,-10,-13,0.059
78d9cafb42a164f4,8,41,23,68,44,-18,-24,0.063
1f82677dee96a325,8,31,18,52,35,-13,-17,0.064
b5bfabbea43bbff3,8,41,24,66,46,-17,-20,0.065
7a9f6e9f767fe593,8,48,29,79,55,-19,-24,0.073
22682d3b6ecf11c5,8,42,27,70,51,-15,-19,0.07
3e9912a0b739502e,8,50,27,82,52,-23,-30,0.063
39373cd90ad28698,8,56,30,93,58,-26,-35,0.079
e064f9abcb358a33,8,38,26,64,48,-12,-16,0.073
d5165add490dcfe0,8,27,20,46,38,-7,-8,0.049
496ff64026209c8c,8,35,25,58,45,-10,-13,0.054
3c511ea362d5fdfd,8,40,23,67,44,-17,-23,0.051
8455a6e2f6949830,8,46,26,78,50,-20,-28,0.056
6d0b186c4165fdcd,8,28,20,49,37,-8,-12,0.056
4d2be03aab615739,8,36,20,61,39,-16,-22,0.056
1b09612bb046f83b,8,44,25,73,47,-19,-26,0.06
ddadc9059a87f14c,8,42,27,70,51,-15,-19,0.064
14acbd857ad7b2c2,8,49,27,82,52,-22,-30,0.054
aa91386ef4a863d0,8,55,30,93,58,-25,-35,0.064
8579103619cf4d21,8,37,24,63,44,-13,-19,0.06
6fbc615047f0d876,8,45,24,75,47,-21,-28,0.06
6576c09e91f237a3,8,53,29,87,55,-24,-32,0.066
30ffe4e98e9f0245,8,49,27,80,51,-22,-29,0.074
a7d2e93f15ffbf35,8,54,30,89,57,-24,-32,0.073
aa57d0554dbe8574,8,29,24,49,44,-5,-5,0.058
7cb8e2e5c040beef,8,33,27,55,49,-6,-6,0.053
af9881bfd886374e,8,39,29,66,52,-10,-14,0.071
de3f8b33e7072024,8,41,27,67,50,-14,-17,0.06
a34a38aca288e1b4,8,47,30,78,56,-17,-22,0.07
681ee38f90d0b4c9,8,55,29,91,55,-26,-36,0.07
8a8a3c9ba97685e5,8,55,29,92,54,-26,-38,0.066
381d46cd94cb2fef,8,58,27,95,52,-31,-43,0.071
542f3051b41943e9,8,63,30,104,58,-33,-46,0.079
b087c89b5b107f64,8,40,26,67,46,-14,-21,0.066
15cd3fbd23e5e8d2,8,38,24,64,46,-14,-18,0.055
6b494d6c5d05659e,8,48,29,80,55,-19,-25,0.062
af6e14963187607e,8,42,27,70,51,-15,-19,0.073
ced0de6e9156f45f,8,48,29,81,54,-19,-27,0.102
8d046e6f948bc8e5,8,50,27,82,52,-23,-30,0.069
806322d839db2728,8,56,30,93,58,-26,-35,0.077
6fda772848b65a58,8,35,16,61,32,-19,-29,0.059
fb838f938ae8cb7d,8,42,24,72,44,-18,-28,0.081
7272dba01deb9ff5,8,39,22,67,43,-17,-24,0.162
4f92c29b103dbabf,8,50,27,84,52,-23,-32,0.087
7afa7f1095bdb79d,8,44,25,75,48,-19,-27,0.061
593863333f50be0c,8,50,27,86,51,-23,-35,0.072
2430be18a383ea66,8,52,25,87,49,-27,-38,0.084
a5499f5fb2fd6348,8,58,28,98,55,-30,-43,0.069
b60a32d64e33f7ad,8,25,16,44,32,-9,-12,0.078
2d2284ba54c69308,8,32,24,55,43,-8,-12,0.066
3e8174818bab8a28,8,29,22,50,43,-7,-7,0.061
ae75c1ab01c6deea,8,40,27,67,52,-13,-15,0.079
a0e97fc4135ef6b2,8,34,25,58,48,-9,-10,0.064
f0ba58adba288b98,8,40,27,69,51,-13,-18,0.068
f6707e25de50c1c7,8,42,25,70,49,-17,-21,0.088
56fabf6d4c0187e6,8,48,28,81,55,-20,-26,0.081
fbd749893aae4c17,8,44,29,73,53,-15,-20,0.087
d7d75b5e273d1c69,8,61,29,101,55,-32,-46,0.091
33828b11fb8be8d0,8,56,30,93,58,-26,-35,0.095
00a7427e8aba188c,8,37,24,63,44,-13,-19,0.073
17f9bc03892eee0d,8,45,29,75,53,-16,-22,0.094
fdfb4695b3832b62,8,43,24,73,47,-19,-26,0.098
53b0949ae33426da,8,53,29,88,55,-24,-33,0.076
0b3b6421bb35c260,8,57,28,97,55,-29,-42,0.098
b9e771c2ffd551c8,8,40,22,69,42,-18,-27,0.065
6cf1d0f772ec26c1,8,47,27,80,50,-20,-30,0.086
3f15716dd66adc1b,8,44,22,75,44,-22,-31,0.073
e4367693bdc8618a,8,55,27,92,52,-28,-40,0.071
14ed16d2e203f88a,8,32,25,57,48,-7,-9,0.067
269c08540811b973,8,40,27,69,50,-13,-19,0.075
6342903a7233ab7a,8,39,25,68,49,-14,-19,0.075
a244d92db94c411b,8,47,28,80,55,-19,-25,0.093
695f90f84330c624,8,32,22,56,41,-10,-15,0.052
27638f9a691aec0d,8,39,27,67,50,-12,-17,0.072
467e6689763f43dc,8,36,22,62,44,-14,-18,0.083
59c1dadaf1740545,8,47,27,79,52,-20,-27,0.069
46285f25f6766a70,8,46,29,78,56,-17,-22,0.1
ec18bedb7f3c0f29,8,40,27,67,50,-13,-17,0.08
0ee392d6587a283f,8,25,22,43,42,-3,-1,0.072
b97b28bf56c6056e,8,35,27,58,50,-8,-8,0.071
2e47f83ad64a31d8,8,23,21,40,40,-2,0,0.062
1641c49211ab8af0,8,30,24,51,46,-6,-5,0.087
3721dbfc87b3015b,8,25,18,44,35,-7,-9,0.07
847e4270f64facb3,8,33,24,56,45,-9,-11,0.076
74dc3fddf272d249,8,18,18,32,34,0,2,0.075
a0dbcb1957cd7c21,8,26,24,44,45,-2,1,0.069
8bb025c52e3e233c,8,40,27,67,52,-13,-15,0.089
626a677e4c964328,8,48,30,79,57,-18,-22,0.085
046946036e54e10c,8,32,27,55,52,-5,-3,0.068
243813cad564f1cd,8,40,29,67,55,-11,-12,0.104
0fe392d8d7a4484f,8,34,24,59,47,-10,-12,0.086
58ba42177862007e,8,42,29,71,54,-13,-17,0.083
f1224589199e893e,8,27,24,47,46,-3,-1,0.083
10ad2e91c3b2b457,8,35,29,59,54,-6,-5,0.088
6eaa055903f512a0,8,54,29,89,55,-25,-34,0.088
1837bb14814dff0a,8,40,29,69,55,-11,-14,0.076
b31748e66f086ce6,8,41,29,70,53,-12,-17,0.085
2ee2cea1cde6c890,8,39,24,66,47,-15,-19,0.071
b06948f13728993a,8,49,29,82,55,-20,-27,0.069
9fb96b7244bb00d8,8,30,27,54,49,-3,-5,0.064
c1e586c8f356e58f,8,31,22,53,44,-9,-9,0.076
72c8205a11f9e191,8,38,27,66,51,-11,-15,0.082
87bc6a503cb6418c,8,37,27,64,50,-10,-14,0.088
66e0c2c2e67dc2c4,8,37,25,64,49,-12,-15,0.075
a0500ea8f249914a,8,45,28,76,54,-17,-22,0.082
b80fb0643845440d,8,26,22,45,41,-4,-4,0.07
45835d260d6b7d78,8,33,27,57,49,-6,-8,0.067
8cda57313291553c,8,30,22,52,44,-8,-8,0.071
e0b99bc720fed841,8,41,27,69,51,-14,-18,0.077
358a3850ad51adbc,8,42,29,71,54,-13,-17,0.067
07b399bc0a7b1d4e,8,51,30,84,58,-21,-26,0.078
546b7fa2e58cf1aa,8,42,29,70,53,-13,-17,0.073
9120d3dc2806c997,8,41,24,69,47,-17,-22,0.07
1312402f2c84e565,8,49,29,81,55,-20,-26,0.072
d441ef35faad66e0,8,42,30,69,56,-12,-13,0.153
dadf61a2c35e0437,8,28,29,49,51,1,2,0.06
902b5092957b93cd,8,27,24,47,46,-3,-1,0.066
61f6ee56004cef6e,8,34,29,58,53,-5,-5,0.059
bdcf94dfef31c8c8,8,39,29,65,53,-10,-12,0.076
f14b73d2df354d05,8,40,27,66,52,-13,-14,0.066
6fb6b775653491d2,8,47,30,77,57,-17,-20,0.067
a8a9480e36797502,8,27,24,47,44,-3,-3,0.065
bf646473c1bf9419,8,35,29,59,52,-6,-7,0.067
22f9dab4d4e04b71,8,33,24,56,47,-9,-9,0.062
8400e32d05f370f7,8,43,29,71,54,-14,-17,0.059
3c5ac4b9ce0883ee,8,28,24,50,43,-4,-7,0.055
6497bac567a5f5ba,8,29,21,51,40,-8,-11,0.055
70e740191ac24740,8,36,25,62,48,-11,-14,0.058
8aac3aebb6eb8deb,8,16,18,31,33,2,2,0.057
e055f42d49c37ba6,8,24,24,43,43,0,0,0.062
3f52f19eeabde553,8,22,18,40,35,-4,-5,0.053
295727b701c6d23a,8,32,24,55,45,-8,-10,0.057
5866fb0aa94313ef,8,25,21,45,41,-4,-4,0.048
4ad1b5d3ff9c6db7,8,33,24,58,45,-9,-13,0.061
c9ff83ef3d56e6b2,8,33,21,57,41,-12,-16,0.067
b8819002bb02c0cd,8,41,25,70,49,-16,-21,0.071
08e90c2412b64f72,8,22,18,39,35,-4,-4,0.06
b01d71173adcc678,8,29,24,51,44,-5,-7,0.072
3999ff1ec5baf974,8,26,18,46,36,-8,-10,0.053
4b0924d652c68cf6,8,37,24,63,46,-13,-17,0.06
2c46205af3c5a703,8,22,16,38,32,-6,-6,0.051
7125ab713a11fa90,8,29,25,50,47,-4,-3,0.067
e90ffd7a1e724c9c,8,33,27,56,51,-6,-5,0.068
119ecdb50805a747,8,30,18,50,35,-12,-15,0.066
868faad2565e1ed9,8,41,27,69,52,-14,-17,0.073
4bd41651d137fde6,8,48,29,79,56,-19,-23,0.066
e436995dffd26067,8,16,18,28,34,2,6,0.056
ed25e0f1182e8b42,8,42,30,69,56,-12,-13,0.068
cf94b79766db4a5b,8,25,27,43,51,2,8,0.049
5a1144c7e87fcdb4,8,34,29,57,54,-5,-3,0.061
27eed6147082cd40,8,23,18,39,35,-5,-4,0.053
04bd80a31a62215d,8,31,27,51,50,-4,-1,0.067
7fe8368ed4a51ab8,8,40,27,66,52,-13,-14,0.062
ace1cfc3d95fb468,8,47,30,77,57,-17,-20,0.063
e51ce2aa5adf788b,8,32,27,54,52,-5,-2,0.056
b1ca63fc4b942c47,8,39,29,65,55,-10,-10,0.063
55f49dda68fb70a7,8,28,24,48,45,-4,-3,0.056
04a75126d83fe047,8,12,14,24,27,2,3,0.046
d45cec6971eafd44,8,20,22,36,40,2,4,0.06
7df685282e7022ee,8,29,21,51,40,-8,-11,0.053
2b657f906b793b57,8,36,25,62,48,-11,-14,0.068
b6cb987916eaad35,8,21,21,39,40,0,1,0.056
edf709b2c84e5e69,8,28,24,50,46,-4,-4,0.063
a118af82e3cf88fd,8,26,18,44,35,-8,-9,0.05
0a91df384fb8235a,8,33,24,56,46,-9,-10,0.057
3d0308a62f52016f,8,18,14,32,28,-4,-4,0.049
f588cd8592c761a0,8,25,22,44,42,-3,-2,0.058
936afcaa14200747,8,35,21,59,41,-14,-18,0.058
9bd95cced7421920,8,41,25,70,49,-16,-21,0.058
1ede99e93681a472,8,27,21,47,41,-6,-6,0.066
1f75a789a5a74058,8,33,24,58,47,-9,-11,0.064
613f836d18441ae6,8,44,29,73,55,-15,-18,0.07
e770114c52a9f4a7,8,28,29,49,53,1,4,0.07
762aa7714fe91ba6,8,34,24,59,47,-10,-12,0.056
050cba463eae499c,8,42,29,71,54,-13,-17,0.061
89d651140fd524c6,8,27,24,47,46,-3,-1,0.062
f71f3cf9345e3e2a,8,35,29,59,54,-6,-5,0.068
657215c224c4c79b,8,28,24,50,46,-4,-4,0.057
0c71c7a4915c8bb3,8,24,18,43,35,-6,-8,0.055
be50f9824acbd3c9,8,32,24,55,45,-8,-10,0.063
57c3f815fb6ca4b0,8,16,18,31,33,2,2,0.054
aee1c8295f0ead29,8,24,24,43,45,0,2,0.062
86b49a91424a7561,8,33,21,57,41,-12,-16,0.058
87509ef3fcdebd23,8,41,25,70,49,-16,-21,0.058
ecc0fe056edd3e24,8,25,21,45,41,-4,-4,0.051
5db22e6290f06a39,8,33,24,58,47,-9,-11,0.058
468f23aff9870972,8,29,18,51,36,-11,-15,0.049
998f0b5f205b20ec,8,36,24,63,46,-12,-17,0.051
88073eaddcdd0d74,8,22,18,39,35,-4,-4,0.051
784a8c16edfb7cc1,8,29,24,51,46,-5,-5,0.068
1f4880a503d50bf3,8,41,26,70,49,-15,-21,0.069
a73e1cf36eab608d,8,48,26,81,51,-22,-30,0.073
7a6e6f554d868570,8,25,21,44,39,-4,-5,0.055
94f64914bd8b319d,8,23,16,41,33,-7,-8,0.055
f09003bcf1d8a162,8,33,21,56,41,-12,-15,0.065
9e549a52b16d1f59,8,47,27,79,53,-20,-26,0.078
77469b885de0fe68,8,26,21,47,40,-5,-7,0.05
7f0b4e808cf1ab80,8,34,26,59,48,-8,-11,0.114
52b7863a94ce96a4,8,32,21,56,43,-11,-13,0.067
4c4571f48e834a8b,8,42,26,71,50,-16,-21,0.054
3339212fe4f51b12,8,44,27,73,50,-17,-23,0.063
efc5f30e324e1626,8,43,22,72,44,-21,-28,0.053
b0f64f6ce06e4f80,8,51,27,84,52,-24,-32,0.075
a07ce15616e2082b,8,56,29,94,54,-27,-40,0.065
9e8b779f172c9fbf,8,63,30,105,58,-33,-47,0.071
5c3438150ae1aace,8,45,24,76,45,-21,-31,0.065
6a2854ae11511cbf,8,53,29,88,53,-24,-35,0.068
c5c11061fa58fe24,8,52,24,87,47,-28,-40,0.077
63f48b85a2e37c34,8,60,29,99,55,-31,-44,0.071
741d315a34533ebe,8,41,27,69,50,-14,-19,0.071
6b40f113f826cb03,8,49,28,81,54,-21,-27,0.065
f43f3dc5b82f4e9b,8,29,22,50,41,-7,-9,0.059
3be6c9fa0f15e771,8,37,27,62,49,-10,-13,0.053
3e36ccca8894d7a3,8,35,22,59,44,-13,-15,0.065
d5909dcee49b1ca4,8,45,27,74,51,-18,-23,0.06
5691fbbef1dd83a6,8,43,27,73,51,-16,-22,0.057
30117cb70e1205de,8,51,29,85,54,-22,-31,0.066
f03d255f40dcbf0b,8,51,27,85,52,-24,-33,0.06
68251f7dee09e846,8,59,30,97,58,-29,-39,0.068
29cb4c638f169d4d,8,38,24,65,45,-14,-20,0.058
77588325a961e539,8,46,29,77,53,-17,-24,0.069
0b4a4fb0c31b06c7,8,44,24,74,47,-20,-27,0.071
1d9cec474ab19841,8,54,29,89,55,-25,-34,0.073
993860cbf7a45de2,8,31,15,53,31,-16,-22,0.049
387faac449a209ea,8,22,15,40,31,-7,-9,0.058
3747209109130613,8,30,24,52,46,-6,-6,0.051
8836ead52d4b86b0,8,43,25,73,49,-18,-24,0.064
e2b22c037748457c,8,50,27,83,53,-23,-30,0.057
cfb60e8833f697ca,8,43,18,72,35,-25,-37,0.067
8eb07b4c6192e7eb,8,51,27,84,51,-24,-33,0.065
ad44374dd9261af4,8,58,27,94,52,-31,-42,0.071
16252b3f85eb3698,8,63,30,104,58,-33,-46,0.074
913b42cf5a12287f,8,52,27,87,52,-25,-35,0.06
a1ada8ee62b25323,8,59,29,97,56,-30,-41,0.069
3fba6b3bce4901dc,8,25,16,43,32,-9,-11,0.054
14373b405218ad47,8,33,25,55,47,-8,-8,0.051
9f830fffa7ff1524,8,42,25,70,49,-17,-21,0.055
046c13139661df9b,8,49,28,81,54,-21,-27,0.069
4c0d885324401eed,8,34,25,58,49,-9,-9,0.06
13320481ea6fbf5b,8,41,27,69,52,-14,-17,0.06
53c87eda4d105e5f,8,42,24,70,46,-18,-24,0.061
e936bd32a66ca6fa,8,50,29,82,55,-21,-27,0.072
64f89981d1925e35,8,34,18,58,35,-16,-23,0.064
eed210f23489568e,8,42,27,70,51,-15,-19,0.059
5a5e954b923827a2,8,51,27,84,52,-24,-32,0.076
1596994425abca90,8,58,30,95,58,-28,-37,0.064
883dbf9ec4c4b69e,8,43,27,72,52,-16,-20,0.071
cb9c9aacca4962ae,8,50,29,83,56,-21,-27,0.071
bdeb77412a323dd4,8,53,24,88,47,-29,-41,0.072
dcae4752f0f38564,8,61,29,100,55,-32,-45,0.062
e4aea23b77af60b4,8,47,24,79,46,-23,-33,0.069
d168089ef15ab3a5,8,55,29,91,55,-26,-36,0.07
875e036c18b61fef,8,35,22,59,44,-13,-15,0.053
850cf61aa2f15fdd,8,45,27,74,51,-18,-23,0.052
5193689cef6b86fe,8,29,22,50,43,-7,-7,0.051
162d17b1216851c0,8,37,27,62,51,-10,-11,0.049
bd097bce2bfe3603,8,43,27,73,52,-16,-21,0.063
ecb7b1d5d1d641f9,8,51,29,85,56,-22,-29,0.055
1348eea3f4959276,8,46,24,77,47,-22,-30,0.068
b7d67aa05c6cf9fb,8,54,29,89,55,-25,-34,0.083
3bdc35f314e1263c,8,38,24,65,46,-14,-19,0.074
631c3d6843a303f6,8,46,29,77,55,-17,-22,0.078
b97e5bf20cd725b2,8,44,24,74,48,-20,-26,0.069
80779f81206c1dc1,8,36,21,60,42,-15,-18,0.056
baff65c9c4fc15d3,8,31,18,54,36,-13,-18,0.062
4dcf46ca2b07e941,8,31,21,55,40,-10,-15,0.056
d35f2d7b831cdcba,8,38,23,66,43,-15,-23,0.069
1f171e006c1be94f,8,38,21,66,42,-17,-24,0.057
c216c9ef7fe40bf5,8,45,24,77,47,-21,-30,0.074
f73c5dde0ede8830,8,37,26,64,49,-11,-15,0.061
6ed2c0fe7fc44ac3,8,37,24,64,48,-13,-16,0.107
feb336092dece65e,8,45,27,76,53,-18,-23,0.059
5b41e32a6761f62a,8,27,21,48,40,-6,-8,0.053
83564479e09f2636,8,25,19,44,38,-6,-6,0.056
3f3be9fb7e495e00,8,35,22,60,44,-13,-16,0.063
647853fb55c3cfcf,8,21,16,39,32,-5,-7,0.052
f781304b8c25f6a4,8,32,21,56,41,-11,-15,0.05
4a82c85a31d92555,8,24,19,44,38,-5,-6,0.072
9e5710b02ba43098,8,31,21,56,40,-10,-16,0.077
77a37110a7097c07,8,28,19,51,38,-9,-13,0.089
243af3ebec5f091d,8,39,22,68,44,-17,-24,0.093
ef1875f6ae7ffbee,8,51,27,86,52,-24,-34,0.099
b9169852509d6444,8,58,30,96,58,-28,-38,0.074
64e0a85316f264f2,8,48,24,80,46,-24,-34,0.075
999f36efcb4d5245,8,55,29,92,54,-26,-38,0.077
cd01e1efa7624533,8,57,27,93,52,-30,-41,0.08
8cc5d7f87ce41ad4,8,62,30,103,58,-32,-45,0.1
3b0e4d1d8bf754a6,8,37,22,64,43,-15,-21,0.067
c2f9ad8051e0a1c5,8,45,27,78,51,-18,-27,0.08
84ada7fab8447809,8,46,25,78,49,-21,-29,0.087
a2fe19edc802e482,8,52,28,89,55,-24,-34,0.089
21bd429b34df847b,8,42,24,72,44,-18,-28,0.078
1c6d4241c4963c06,8,42,22,72,43,-20,-29,0.079
7359c4f0682406e8,8,49,27,83,52,-22,-31,0.07
920bf35103feca4c,8,44,25,75,48,-19,-27,0.076
a555b8dfbbe1718d,8,50,27,86,51,-23,-35,0.089
d4a6ed2e7afad9c4,8,51,25,86,49,-26,-37,0.091
5a66c1d5982f93fa,8,57,28,97,55,-29,-42,0.076
61802bb4efe87f9f,8,34,24,58,46,-10,-12,0.069
f3005c97e23eabce,8,45,29,75,54,-16,-21,0.076
8e27fd1063f2bf37,8,45,27,76,52,-18,-24,0.075
bf1afb03ee26f30b,8,53,30,87,58,-23,-29,0.073
da5f209d8a779b1c,8,42,26,70,47,-16,-23,0.061
dddd336b17c73ffa,8,42,24,70,46,-18,-24,0.073
39567dc44fcf02ee,8,50,29,82,55,-21,-27,0.069
0e3d41ea606ebfa8,8,43,27,72,51,-16,-21,0.078
3e447ebf6134e42f,8,50,29,83,54,-21,-29,0.095
35aa3c8268501e5b,8,51,27,84,52,-24,-32,0.071
48a8ff010b2ac02b,8,58,30,95,58,-28,-37,0.093
6fcbd5b9e79e1b3e,8,23,16,42,31,-7,-11,0.066
8e01da7db7b68524,8,31,24,54,42,-7,-12,0.077
c440632aca2d849b,8,29,22,51,43,-7,-8,0.062
fc901e131aed9ed1,8,39,27,66,51,-12,-15,0.08
ab354676ff8094a6,8,32,25,57,47,-7,-10,0.075
b312f7f5627c7b28,8,39,27,68,50,-12,-18,0.072
b08608e66d4083c8,8,40,25,69,49,-15,-20,0.077
1f8877d428847a91,8,47,28,80,54,-19,-26,0.067
fe3d51b65ee5b622,8,29,16,50,31,-13,-19,0.077
960095239021073b,8,36,24,62,43,-12,-19,0.061
9c582c93ad4eef32,8,33,22,57,43,-11,-14,0.07
b97662e1a5a54ef1,8,44,27,74,51,-17,-23,0.097
5fc811c9584e6153,8,38,25,65,47,-13,-18,0.068
90fcfd0f55badfde,8,44,27,76,50,-17,-26,0.076
0120703d81e2b90c,8,46,25,77,49,-21,-28,0.075
3de50731b2c5f08b,8,52,28,88,54,-24,-34,0.103
6684678ca369dfe1,8,42,23,72,44,-19,-28,0.077
3fb9fecd2d7895f8,8,42,26,71,50,-16,-21,0.091
d1dd721858a147d7,8,31,21,54,41,-10,-13,0.069
52cbe6cc22768595,8,21,16,39,32,-5,-7,0.058
d53fa61fca299ecf,8,28,21,51,39,-7,-12,0.071
f0f0f9fc5b447162,8,25,16,46,33,-9,-13,0.084
ba3cec9c8965cd21,8,36,21,63,41,-15,-22,0.085
4a3b9f330435186d,8,61,29,100,55,-32,-45,0.086
647ae8771dd4c2c2,8,49,27,83,52,-22,-31,0.072
93ae6b8c6a96d15d,8,57,28,97,55,-29,-42,0.078
52260b4f20f85651,8,40,22,68,42,-18,-26,0.066
4f3721dd4363909c,8,47,27,79,50,-20,-29,0.075
ba56ed959c204a43,8,47,22,79,44,-25,-35,0.089
2f54b494cb91f7b3,8,54,27,90,52,-27,-38,0.072
3a2b12cf7359e0a3,8,47,29,80,55,-18,-25,0.078
65b1df656271c096,8,58,30,96,58,-28,-38,0.183
f9cb8c6ff9c5047f,8,38,24,65,45,-14,-20,0.07
0db77e446fbfc675,8,46,29,77,53,-17,-24,0.073
95ca720aebb9f2dd,8,46,24,77,47,-22,-30,0.068
612ab46eaee7ff90,8,54,29,89,55,-25,-34,0.082
980cbd417cd2563e,8,47,28,80,54,-19,-26,0.078
497c0d11ef32ec37,8,27,22,49,40,-5,-9,0.062
7bdab47313a7d161,8,35,27,61,49,-8,-12,0.067
5d526561ab8ffe2c,8,33,22,58,44,-11,-14,0.067
10687d2346e04a42,8,43,27,73,51,-16,-22,0.069
66654cbb3840f029,8,36,25,63,47,-11,-16,0.054
ccbf528256691552,8,44,27,76,50,-17,-26,0.066
a7a293cb38f20c0e,8,44,25,75,49,-19,-26,0.063
dcb28648a696e239,8,52,28,88,54,-24,-34,0.067
56644e5a743cc1f3,8,33,22,57,41,-11,-16,0.062
2f85dfb8d5689dbd,8,40,27,69,49,-13,-20,0.065
114a53a7b154e655,8,37,22,64,44,-15,-20,0.065
6f4f5102d061f2d4,8,48,27,81,51,-21,-30,0.066
390cc771e2286dee,8,51,25,86,49,-26,-37,0.075
90e5b28d40c4a51f,8,57,28,97,55,-29,-42,0.063
a4fc4cdedb7e9932,8,47,25,79,49,-22,-30,0.059
5ddcd9a92688e5b0,8,53,27,90,53,-26,-37,0.062
d5bbed9dd0f99f34,8,51,27,84,52,-24,-32,0.058
9c6b1728a39737e1,8,58,30,95,58,-28,-37,0.067
b363243d2b865d8e,8,43,27,72,52,-16,-20,0.061
3aa8ce1e78562b66,8,50,29,83,56,-21,-27,0.061
a3271571bcc4ac64,8,40,25,69,49,-15,-20,0.06
d0686179b810fbd4,8,47,28,80,54,-19,-26,0.068
33709b62c41a4e08,8,32,25,57,49,-7,-8,0.057
325563ba9f779988,8,39,27,68,52,-12,-16,0.062
834f403249b4f521,8,29,16,50,32,-13,-18,0.056
ab986c6eaba24a85,8,36,25,62,47,-11,-15,0.064
1f008c2e023c615a,8,46,25,77,49,-21,-28,0.074
58f2276dc1bff3b7,8,52,28,88,54,-24,-34,0.054
c5060a5e326778c2,8,38,25,65,49,-13,-16,0.06
cd236ba4eecdb654,8,44,27,76,52,-17,-24,0.059
393d0e1e349247aa,8,42,22,72,43,-20,-29,0.068
dab7a6dc3ffe2357,8,49,27,83,52,-22,-31,0.068
b8e98ad7f06b4251,8,38,24,65,46,-14,-19,0.066
a04f6540068ca80a,8,46,29,77,55,-17,-22,0.079
dc4d07e7e9fbc51f,8,27,22,49,42,-5,-7,0.052
3b62b460f14e8cae,8,35,27,61,51,-8,-10,0.06
0751e633f4e0e596,8,41,22,69,44,-19,-25,0.052
c6f2a41a41d0306b,8,48,27,81,51,-21,-30,0.076
3eb6ab45a1de41ce,8,33,22,57,43,-11,-14,0.051
cc7084d4bd04c146,8,40,27,69,51,-13,-18,0.061
45fa499eefdfdfe3,8,27,19,47,38,-8,-9,0.049
a7a0545612002603,8,19,17,34,34,-2,0,0.052
3694446edc32c6dc,8,29,20,49,40,-9,-9,0.053
c4b2621546f05125,8,21,21,37,42,0,5,0.051
29d36171eee0dd32,8,31,26,52,50,-5,-2,0.052
2ef7347dab8fede5,8,22,24,40,46,2,6,0.054
6c6f32cc26445f5d,8,30,26,52,49,-4,-3,0.06
d37d8a57b79e0375,8,28,24,49,48,-4,-1,0.059
99d264c0a9711635,8,38,27,64,53,-11,-11,0.066
7016289f24f09714,8,29,20,49,38,-9,-11,0.053
8f850a9d1cc0312a,8,40,23,67,44,-17,-23,0.06
bd001bdaa5ebdbc3,8,46,26,78,50,-20,-28,0.065
56274f691e2e54b2,8,23,20,39,38,-3,-1,0.051
d5adbb7a40d33bc3,8,33,25,54,46,-8,-8,0.056
cf6d2b15d81b4fb1,8,26,23,45,42,-3,-3,0.058
a2e4ecc723478230,8,33,25,56,45,-8,-11,0.064
76b67ac5d1acf212,8,34,23,57,44,-11,-13,0.048
d7effc3e8b2fc6c5,8,41,26,68,49,-15,-19,0.056
53531722ad915498,8,26,18,45,35,-8,-10,0.061
359f7e99a48629ec,8,34,26,57,46,-8,-11,0.06
66395c0247cbe5ab,8,32,24,54,46,-8,-8,0.066
81b358819c4b47e9,8,42,29,69,55,-13,-14,0.068
0298771f5849cda6,8,35,27,59,51,-8,-8,0.123
cb9118e023235935,8,42,29,70,54,-13,-16,0.069
ed7175c6eb9d6880,8,43,27,72,52,-16,-20,0.061
fda8e8978f62281c,8,50,30,83,58,-20,-25,0.051
4153d131654c7cc8,8,19,21,35,39,2,4,0.053
c6b520276bd043ba,8,27,26,47,48,-1,1,0.061
69a3ed745ce29c68,8,25,21,44,43,-4,-1,0.066
55c7ee40ff7e93b9,8,35,26,59,50,-9,-9,0.048
424decdc77d82070,8,21,20,38,36,-1,-2,0.05
60de4f18d18195b2,8,29,25,50,44,-4,-6,0.055
087b082db1c98afc,8,27,20,47,39,-7,-8,0.055
8045694ec2eaeeaf,8,37,25,62,46,-12,-16,0.057
b95b26f339833d87,8,35,27,60,51,-8,-9,0.059
f2446f1753936dff,8,43,29,72,53,-14,-19,0.061
37df97d573e98caf,8,43,27,72,52,-16,-20,0.066
283f256d76faba4b,8,51,30,84,58,-21,-26,0.084
37e076f614a04591,8,30,24,52,44,-6,-8,0.054
f251e398c6c0c7f4,8,38,29,65,53,-9,-12,0.069
838611a539c44094,8,36,24,62,47,-12,-15,0.061
3b54b04fe4bb54b1,8,46,29,77,55,-17,-22,0.071
79297920125a9323,8,26,23,45,44,-3,-1,0.061
30cd91bbb31bff29,8,33,25,56,47,-8,-9,0.066
7d514fa6134fd5c9,8,26,18,45,35,-8,-10,0.052
309bcb29fdedfcd2,8,34,27,57,50,-7,-7,0.062
a7a1d89412f0cef5,8,43,27,71,52,-16,-19,0.063
2a88953ed9e1a043,8,50,30,82,58,-20,-24,0.072
646965918af6fe90,8,35,27,59,52,-8,-7,0.048
82d283a972100d24,8,42,29,70,56,-13,-14,0.06
6c7b4830ab2dc670,8,38,24,64,47,-14,-17,0.062
b2977a8935cbad62,8,46,29,77,55,-17,-22,0.064
347cf52ea8132eea,8,30,24,52,45,-6,-7,0.056
1dde3b0a3cb6709c,8,38,29,65,55,-9,-10,0.064
32882e3b5bb77cf3,8,17,19,32,38,2,6,0.051
b98c322345fa430e,8,24,21,44,40,-3,-4,0.06
7749e3307783c796,8,21,19,39,38,-2,-1,0.067
436b7e5220db2d36,8,32,22,56,44,-10,-12,0.075
295f3eaf8c302587,8,51,27,84,52,-24,-32,0.065
90012ac85e652dfa,8,58,30,95,58,-28,-37,0.074
1b8dab8242a8e75b,8,35,27,59,51,-8,-8,0.049
be051cf713eb0d0f,8,42,29,70,54,-13,-16,0.062
998bdba535dd49bf,8,43,27,71,52,-16,-19,0.053
27f0b5817ff8f03e,8,50,30,82,58,-20,-24,0.063
bf321356911cbe48,8,38,25,65,47,-13,-18,0.07
544178dab1255582,8,44,27,76,50,-17,-26,0.091
eb01318942deeac9,8,46,25,77,49,-21,-28,0.069
49a393d3de6f78d7,8,52,28,88,54,-24,-34,0.081
d4808ee0041ac60c,8,21,16,37,31,-5,-6,0.071
0d5ebde0a78584bc,8,28,24,49,42,-4,-7,0.056
4845ab6835103402,8,25,22,44,43,-3,-1,0.115
141dc7963739cd5e,8,36,27,61,51,-9,-10,0.098
707bf662e1d275b0,8,30,25,52,47,-5,-5,0.115
94051a1d45e3e6f3,8,36,27,63,50,-9,-13,0.083
b306f6b075cde5eb,8,38,25,64,49,-13,-15,0.098
fd935aed29710e45,8,44,28,75,54,-16,-21,0.104
83dce5056d02bfe0,8,18,16,34,33,-2,-1,0.063
637353ff789d967e,8,29,21,51,41,-8,-10,0.068
3d22286ab90d0e8c,8,38,24,65,47,-14,-18,0.066
e35f8edeaa142241,8,46,29,77,55,-17,-22,0.06
e1384ec6b8e70b3e,8,37,22,65,44,-15,-21,0.062
073beed25ebeb7a9,8,48,27,82,51,-21,-31,0.073
cc9ed6853563500b,8,36,25,62,49,-11,-13,0.069
cf3a4398616e0736,8,44,28,75,54,-16,-21,0.07
8867f139dd47f08d,8,25,22,45,40,-3,-5,0.059
26482454e6566285,8,32,27,57,49,-5,-8,0.053
ac4604a877067348,8,29,22,52,44,-7,-8,0.058
d8f3bdcc76f165b9,8,40,27,69,51,-13,-18,0.064
b404650e52402058,8,38,25,64,49,-13,-15,0.053
1567752c436dbb2f,8,44,28,75,54,-16,-21,0.066
5b00d36c509dac18,8,30,25,52,49,-5,-3,0.063
fbed5540d5be6fbc,8,36,27,63,52,-9,-11,0.062
b05bb03ab379fd3a,8,25,22,45,42,-3,-3,0.118
9cff8313912c8628,8,32,27,57,51,-5,-6,0.07
833684606914ac6e,8,64,30,105,58,-34,-47,0.104
9f9a9dbca452c1d1,8,48,29,80,55,-19,-25,0.082
24ee4be0b7af6b1f,8,53,27,88,52,-26,-36,0.076
bf5267fa3fbc4bed,8,56,30,93,58,-26,-35,0.097
e2031cba7061f38f,8,35,22,60,43,-13,-17,0.059
d50af08b18089a89,8,46,27,77,51,-19,-26,0.081
9ea6ed080b9dac29,8,40,25,68,47,-15,-21,0.072
929ff3b63d1139a1,8,48,25,80,49,-23,-31,0.081
8fbb42af90ccfe3b,8,54,28,91,54,-26,-37,0.065
6ea030288ebae5df,8,19,16,34,31,-3,-3,0.051
ca62a6b348e0c988,8,23,22,41,43,-1,2,0.06
bc22810173a56458,8,34,27,58,51,-7,-7,0.06
be4e88cc45107994,8,28,25,49,47,-3,-2,0.062
8a4a27f41b2f8390,8,36,25,61,49,-11,-12,0.065
b05e8efbede70dae,8,42,28,72,54,-14,-18,0.071
9efa25710e1e9ad9,8,52,29,87,55,-23,-32,0.073
e4d0e53b9e4a5167,8,54,28,91,54,-26,-37,0.073
4450b07391815d9e,8,39,22,67,44,-17,-23,0.07
77c32072620c8029,8,50,27,84,51,-23,-33,0.077
7e58babcdf2891a9,8,34,25,59,49,-9,-10,0.066
57bd72a9ab1c89c4,8,42,28,72,54,-14,-18,0.072
d7bc2fbbfd60707a,8,27,22,47,40,-5,-7,0.058
b5451bf42e02488a,8,31,22,54,44,-9,-10,0.053
5c49915eb9df352f,8,42,27,71,51,-15,-20,0.061
25f5421f9c362069,8,47,24,76,46,-23,-30,0.055
6b270e69cb0c355d,8,35,24,61,46,-11,-15,0.079
b8bbc1ee816dfebf,8,35,15,58,31,-20,-27,0.093
9f599ff3b7db580f,8,43,24,70,47,-19,-23,0.077
578756ff61673b6f,8,53,25,88,50,-28,-38,0.071
2f15071d69d20a24,8,53,27,87,50,-26,-37,0.061
3b6880295af241f7,8,67,30,109,58,-37,-51,0.073
1590dd8272533575,8,54,27,91,52,-27,-39,0.07
c92bd93615f3dfab,8,62,29,102,56,-33,-46,0.067
944fcc2b079318a2,8,51,18,84,35,-33,-49,0.066
c4189acd76e03b1f,8,59,27,95,51,-32,-44,0.066
2b2ea8fa61e4e10a,8,66,27,106,52,-39,-54,0.064
b89da17db242e3c5,8,74,30,118,58,-44,-60,0.065
6f95d5c9695a98fa,8,60,27,99,52,-33,-47,0.074
a1f64bf04e25720c,8,68,29,111,56,-39,-55,0.081
c328fcc14008d3ad,8,34,23,58,45,-11,-13,0.07
edfeaad949d26ce3,8,48,26,80,52,-22,-28,0.08
d23c454d3bfbdccf,8,33,23,57,46,-10,-11,0.095
e1b5e1f4813e2f91,8,43,25,73,50,-18,-23,0.096
e78d3d82c58603f6,8,35,18,61,35,-17,-26,0.097
db21aabbfba3015a,8,43,27,72,50,-16,-22,0.098
846ac01ced372ce1,8,50,27,84,52,-23,-32,0.134
fde57896bb6d352f,8,57,30,94,58,-27,-36,0.088
01a2d092be5510ef,8,44,27,76,52,-17,-24,0.081
a7c0e5f85af2f3a9,8,52,29,87,56,-23,-31,0.087
4237e86528a06b33,8,52,24,85,46,-28,-39,0.079
81bacc562e853c0c,8,60,29,97,55,-31,-42,0.086
4dc93f09c3237aed,8,45,18,76,35,-27,-41,0.072
5dd0a24335f6ef0b,8,53,27,88,51,-26,-37,0.096
27b65fd88950f996,8,59,27,98,52,-32,-46,0.082
d13b455a39b0be11,8,68,30,110,58,-38,-52,0.1
65fde70b1f73e2d7,8,54,27,90,52,-27,-38,0.072
878898be5ad4e60d,8,61,29,101,56,-32,-45,0.091
dc9b335a8e976282,8,56,29,94,55,-27,-39,0.08
eccf96894ccc2693,8,69,29,111,55,-40,-56,0.099
4cd08736d7d454cc,8,55,24,91,46,-31,-45,0.073
1f1d9bf2d4043687,8,63,29,102,55,-34,-47,0.088
4d1a2ed47559c5c8,8,37,25,65,49,-12,-16,0.216
d2add9f3346eaa99,8,52,29,88,55,-23,-33,0.112
39f0610a061a4d2d,8,39,24,69,45,-15,-24,0.093
0eae899579d0f317,8,46,29,79,55,-17,-24,0.111
ece4909e16ee052f,8,69,30,112,58,-39,-54,0.124
ca103a1f1b02a9bd,8,54,27,91,52,-27,-39,0.096
9b5fcbb115d9291b,8,62,29,103,56,-33,-47,0.122
6de6e97c8e993488,8,54,24,91,47,-30,-44,0.103
966d4e5a4440b9dc,8,64,29,106,55,-35,-51,0.102
e548e715406342b4,8,50,24,85,46,-26,-39,0.122
bbc64ced191ea5a9,8,58,29,97,55,-29,-42,0.113
c35ee534992b939d,8,44,22,71,43,-22,-28,0.089
682226c52c08f0b6,8,47,24,77,47,-23,-30,0.083
8b259b8304c964fa,8,31,21,51,40,-10,-11,0.064
7d4cc4c77c1c3cc1,8,31,21,52,39,-10,-13,0.08
766114dd45751e4e,8,39,22,64,43,-17,-21,0.062
4451357d9ee53998,8,48,26,79,51,-22,-28,0.08
c0b26146850eace1,8,48,26,80,50,-22,-30,0.076
d5a9f42f7da548dd,8,48,24,80,48,-24,-32,0.081
bc5bc1ce8903d1ad,8,56,27,92,54,-29,-38,0.093
ee5a0e3dcef00f18,8,33,21,54,42,-12,-12,0.078
ff600193211a7b29,8,40,26,66,51,-14,-15,0.093
b9bd72ab5a491ed4,8,32,24,54,47,-8,-7,0.071
1ca79b931852d731,8,40,26,67,50,-14,-17,0.088
f8ec7c3473672fef,8,40,24,67,48,-16,-19,0.088
366bc1dd6f2bbb3f,8,48,27,79,54,-21,-25,0.091
92f4190784ecf835,8,65,28,104,55,-37,-49,0.092
9144f7c3232a5e9b,8,46,25,73,47,-21,-26,0.073
933b2c7a0e9f3995,8,49,25,79,46,-24,-33,0.075
bd6ba26f7a2b00d2,8,57,26,91,50,-31,-41,0.086
3db040b094e0e61c,8,51,27,82,52,-24,-30,0.081
5bf6d2f2c570f86b,8,51,27,84,51,-24,-33,0.083
78b4da5c57a0802a,8,59,28,96,55,-31,-41,0.099
2a4a51c9b5fed05f,8,31,22,51,39,-9,-12,0.086
82adc12066b9d869,8,39,25,63,47,-14,-16,0.093
24b9d855b71f703d,8,30,23,53,43,-7,-10,0.117
18fe04b2f2171ba0,8,39,25,65,46,-14,-19,0.092
bb2320570a50af1d,8,38,23,65,44,-15,-21,0.068
99e8259951bb2d30,8,47,26,77,50,-21,-27,0.094
2cc57393a1009d78,8,44,18,73,35,-26,-38,0.071
41874319cea64d1d,8,52,26,85,47,-26,-38,0.096
88ee30ce99e2ea6f,8,60,29,97,55,-31,-42,0.134
9f7107509015d443,8,51,27,86,51,-24,-35,0.088
128d6afe37d1eb9b,8,60,29,98,54,-31,-44,0.072
09cd93986228f88b,8,59,27,99,52,-32,-47,0.062
994192b4ef85736e,8,68,30,111,58,-38,-53,0.071
caa577506ab0cf90,8,32,18,54,35,-14,-19,0.052
366239d20a12bf77,8,40,26,66,46,-14,-20,0.057
9ed8facd1e40be89,8,39,24,66,46,-15,-20,0.062
5718f62f890c3bbb,8,48,29,78,55,-19,-23,0.064
a0837f1d80f0ba4c,8,39,27,67,51,-12,-16,0.055
6640199046427447,8,48,29,79,54,-19,-25,0.063
2a8d30407014893a,8,47,27,80,52,-20,-28,0.072
00861e7ec2cbac97,8,56,30,92,58,-26,-34,0.073
453e5e817d861b2c,8,36,21,59,40,-15,-19,0.066
c0d28a0d474d7be6,8,53,26,87,51,-27,-36,0.091
531c8866d36d305f,8,37,26,62,49,-11,-13,0.091
002c708ca9b47da7,8,37,21,62,43,-16,-19,0.06
1d37d25b21a6a736,8,45,26,74,51,-19,-23,0.067
635f00fcfda103cb,8,52,25,84,47,-27,-37,0.069
af30f43a187e1cee,8,55,27,91,52,-28,-39,0.058
bf871a363e6d8958,8,47,26,77,50,-21,-27,0.065
feaa3af6e8747238,8,35,25,60,45,-10,-15,0.068
38ec9d745511ed1f,8,43,25,72,47,-18,-25,0.058
4a433f87436c7026,8,69,30,112,58,-39,-54,0.071
f80e17dd8d14a25c,8,56,29,94,53,-27,-41,0.072
27026f589f2cda7c,8,56,24,94,47,-32,-47,0.072
d8286a799edb63c1,8,64,29,106,55,-35,-51,0.132
43d6b7d29469269b,8,49,29,81,53,-20,-28,0.067
3aa862a42ce14175,8,57,30,93,58,-27,-35,0.063
981a637cac1be632,8,34,24,60,44,-10,-16,0.056
97970fd025c5d642,8,44,29,75,53,-15,-22,0.057
7aad4633529884b3,8,44,24,75,47,-20,-28,0.066
cc91d09d7476e265,8,52,29,87,55,-23,-32,0.059
dcef7780a36c60a1,8,27,15,45,31,-12,-14,0.061
56f73a836973c383,8,43,23,71,44,-20,-27,0.051
b3d41c16bb09074d,8,45,25,76,49,-20,-27,0.063
cf0ed12a079ea432,8,24,14,42,27,-10,-15,0.059
582338c8162f0c78,8,38,23,65,44,-15,-21,0.064
a5bdcba4d685576e,8,47,26,77,50,-21,-27,0.064
2170dc7e82895aab,8,33,23,57,44,-10,-13,0.063
7b3515507bb32b3a,8,40,25,68,48,-15,-20,0.062
ff959ffb996032ab,8,45,18,76,35,-27,-41,0.057
f18a0d8618475fe9,8,59,27,98,52,-32,-46,0.06
424e0868a831b21f,8,68,30,110,58,-38,-52,0.075
f688d61bd44f4f3e,8,54,27,90,52,-27,-38,0.07
d3de61e14a1ae668,8,61,29,101,56,-32,-45,0.073
25903e275703d658,8,33,18,57,35,-15,-22,0.053
afc59bfc7dcd3189,8,41,27,69,50,-14,-19,0.071
be16a821ae7c2fbf,8,47,27,79,52,-20,-27,0.053
0c0e125faa8f1785,8,56,30,91,58,-26,-33,0.068
f261f56499d595fc,8,42,27,71,52,-15,-19,0.063
603aa1d71432d441,8,49,29,82,56,-20,-26,0.075
379e33d7d1232c59,8,37,25,63,47,-12,-16,0.064
c289c831bc20d439,8,58,29,97,55,-29,-42,0.062
03276968d0d82226,8,42,24,72,47,-18,-25,0.055
69e8466a0335dc8e,8,52,29,87,55,-23,-32,0.056
1a27d36e4ab91e4c,8,38,24,66,45,-14,-21,0.063
76e70f6a42181ef9,8,46,29,78,55,-17,-23,0.061
5b8f18dc6acef3c0,8,39,21,66,42,-18,-24,0.054
6d62eab54cd0106f,8,24,18,41,36,-6,-5,0.051
a17b707016f9e6fa,8,27,21,46,40,-6,-6,0.05
ad7a7c7f9bff6ab0,8,34,23,58,43,-11,-15,0.065
514309b8cea01599,8,31,21,53,42,-10,-11,0.055
7ddf99c917dff786,8,42,24,70,47,-18,-23,0.069
2dd758ffc4ec559b,8,59,27,98,52,-32,-46,0.08
14750c230dc5576a,8,43,22,72,43,-21,-29,0.077
292babcd16ae782c,8,48,25,80,48,-23,-32,0.06
19790f5ddf2e977b,8,54,27,91,51,-27,-40,0.068
9d94d8b8dc7776c4,8,56,25,92,49,-31,-43,0.072
f6613d2db7c1a5ba,8,62,28,103,55,-34,-48,0.077
cb064e08e763cbf8,8,27,16,46,32,-11,-14,0.057
b814ec8e17a2280f,8,34,24,58,43,-10,-15,0.055
5760609f98f1a14c,8,31,22,53,43,-9,-10,0.058
c3e1bca3948f764f,8,42,27,70,52,-15,-18,0.057
48b7164f1a5bd2b1,8,36,25,61,48,-11,-13,0.067
f015e04ff58b2313,8,42,27,72,51,-15,-21,0.076
ff38a9f64e350504,8,44,25,73,49,-19,-24,0.071
b24348801840251b,8,50,28,84,55,-22,-29,0.072
6b609288ee934340,8,39,23,65,44,-16,-21,0.061
e370dc44090f2cb9,8,58,27,97,52,-31,-45,0.072
ab84f278d07d24ce,8,50,28,84,55,-22,-29,0.056
dbc466c4cc45e748,8,31,22,54,41,-9,-13,0.056
c0bf1afb7e554c91,8,38,27,66,50,-11,-16,0.067
2aae72c18a7e6089,8,35,22,61,44,-13,-17,0.067
70e139528d6794c6,8,46,27,78,52,-19,-26,0.062
66f3ed8f7b5607db,8,44,25,73,49,-19,-24,0.067
ca6a6b21b88daa86,8,50,28,84,55,-22,-29,0.055
7608ac04d747158e,8,37,25,64,49,-12,-15,0.063
9f3fafe3b06904f8,8,43,27,75,53,-16,-22,0.114
6928d55b912c0a4a,8,33,22,58,42,-11,-16,0.053
8681199ffbd49cb4,8,40,27,70,52,-13,-18,0.059
b3bf93a0f94f4029,8,22,17,38,33,-5,-5,0.054
0a88ddc5847fb9bc,8,32,26,54,48,-6,-6,0.058
89984fe157701186,8,39,26,66,50,-13,-16,0.053
b07d14ff478601e2,8,32,17,54,35,-15,-19,0.049
e54bcdc3af6d1e27,8,48,26,80,50,-22,-30,0.066
9b33c785233101d2,8,41,26,69,50,-15,-19,0.076
e82e04523754d110,8,56,27,92,54,-29,-38,0.061
a9695e540857a344,8,48,26,81,52,-22,-29,0.072
66dcfc5afb50d298,8,33,23,55,42,-10,-13,0.043
fa706e5a457fb36b,8,25,17,43,34,-8,-9,0.054
9d4d02576aaca83b,8,42,26,70,49,-16,-21,0.066
787d626bbaeea942,8,34,26,59,49,-8,-10,0.063
742ab84f8a55d6ae,8,50,27,82,53,-23,-29,0.068
685305e771bd7d14,8,37,26,64,51,-11,-13,0.064
fdd15ae3bec890a5,8,40,21,67,40,-19,-27,0.066
f8133ff52de7dcd2,8,47,21,78,40,-26,-38,0.063
ae7710f77400ef9a,8,42,21,71,40,-21,-31,0.059
a932aa616981e99e,8,55,22,90,44,-33,-46,0.056
fd9957bfde0d3e59,8,50,21,84,42,-29,-42,0.057
07f92ec45b20fc82,8,25,17,46,34,-8,-12,0.047
dae02477f099427a,8,37,26,65,49,-11,-16,0.063
d841bc3c5e1ae3ba,8,34,26,61,49,-8,-12,0.058
012d7f1c6b529752,8,48,27,81,53,-21,-28,0.056
e2ed0d88ed15357c,8,41,26,71,51,-15,-20,0.059
9dc56db686ab06ba,8,36,23,62,43,-13,-19,0.058
89223c9fccbf0114,8,33,17,57,35,-16,-22,0.05
fbf3b89b2213e2b0,8,46,26,77,50,-20,-27,0.058
58e81945ced47504,8,36,26,63,50,-10,-13,0.061
a11d6df673f361f2,8,55,27,90,54,-28,-36,0.069
fc2d9354be212193,8,45,26,77,52,-19,-25,0.057
34df90c69beae79c,8,47,29,79,54,-18,-25,0.075
f60de1e608337332,8,41,29,69,54,-12,-15,0.057
b0694430a3f44888,8,35,26,59,48,-9,-11,0.06
f8ba94972e1229b2,8,41,26,67,50,-15,-17,0.064
06f7ea43adfb2675,8,39,23,68,44,-16,-24,0.069
909c850fec608975,8,43,26,70,49,-17,-21,0.058
69e0d58f04115d58,8,35,23,61,45,-12,-16,0.066
3d71f0f258f1b5a5,8,31,26,52,49,-5,-3,0.054
cfdb185cd1556db5,8,30,23,52,43,-7,-9,0.054
6af3cc5ebcbd25a8,8,43,26,74,52,-17,-22,0.068
f38dd5e947461d3c,8,27,19,47,38,-8,-9,0.05
7b6e049a7c82769f,8,41,26,69,52,-15,-17,0.06
8ac92ec9acc9bcb8,8,42,26,70,52,-16,-18,0.057
7089265749f3b2c3,8,38,26,66,52,-12,-14,0.069
c5b576fbafc992db,8,26,24,44,45,-2,1,0.062
ad426443d04fc382,8,19,19,35,36,0,1,0.054
f923aa0a167ba72b,8,43,27,71,52,-16,-19,0.064
c83c760cb2fcd1f2,8,36,26,61,50,-10,-11,0.064
04f3182ffe6962b1,8,35,26,59,50,-9,-9,0.07
98d063598df65529,8,31,26,54,50,-5,-4,0.063
6af89bdd7983c4b7,8,36,26,62,51,-10,-11,0.062
3279e171e594695e,8,31,23,54,46,-8,-8,0.045
b526da46c4ac6d1d,8,30,26,52,49,-4,-3,0.058
5c7fde1e0ddad7bc,8,22,23,40,44,1,4,0.053
43309788ab11bb9c,8,48,30,80,58,-18,-22,0.065
f36818d1d32de9fd,8,42,29,70,56,-13,-14,0.059
110ac0f090a41b63,8,48,29,80,54,-19,-26,0.062
590b27ac7ee079f7,8,41,29,69,54,-12,-15,0.061
06d24d495f5fa599,8,55,30,92,58,-25,-34,0.058
e47d5e0688e0101f,8,45,29,77,56,-16,-21,0.073
851dcc8c510f0c28,8,43,21,73,42,-22,-31,0.057
5d3d3f162b347465,8,26,26,48,49,0,1,0.049
9fcaa43d6993ced1,8,42,27,70,53,-15,-17,0.066
3210fa93f6ff6dfe,8,34,26,58,51,-8,-7,0.071
97864465646b0142,8,26,17,46,35,-9,-11,0.066
9d1d7e5a6466842b,8,41,26,68,50,-15,-18,0.06
c8fcd6ba6599c6ce,8,35,26,61,50,-9,-11,0.062
2c39f6bda2d9f3e1,8,50,27,81,54,-23,-27,0.07
e67f8e7fa5c95233,8,44,26,73,52,-18,-21,0.135
19734e102d739789,8,32,26,57,51,-6,-6,0.081
d25ece5dc8b3efc4,8,27,26,50,51,-1,1,0.08
d11d093a01a55906,8,32,24,53,47,-8,-6,0.06
dd0544ec1f5f2fce,8,26,19,46,38,-7,-8,0.064
746650c9c48ed95e,8,51,27,84,54,-24,-30,0.081
a70444f8790d40e9,8,45,26,77,52,-19,-25,0.065
ceec0ff0b47c5b5a,8,41,26,68,52,-15,-16,0.084
8235c16a66cc1833,8,38,26,65,52,-12,-13,0.073
2f1f65d26cbee855,8,35,26,60,51,-9,-9,0.068
8be76eae0d40cad8,8,30,23,54,46,-7,-8,0.083
d468691565187275,8,49,23,80,44,-26,-36,0.061
72fef14df571cf20,8,32,23,54,43,-9,-11,0.073
6655ec4e8f8c651e,8,35,24,59,47,-11,-12,0.085
8345642580403f53,8,40,26,68,50,-14,-18,0.063
cae89f3d139417ef,8,18,15,32,30,-3,-2,0.057
00376277c16cc61d,8,24,23,41,41,-1,0,0.075
84404c740e192f16,8,27,24,47,46,-3,-1,0.054
9d555ab12695261b,8,32,26,55,49,-6,-6,0.074
a07009bde7405166,8,49,27,79,51,-22,-28,0.067
837e1163695332db,8,51,27,83,50,-24,-33,0.077
b15e504b5a5c5941,8,32,26,54,46,-6,-8,0.075
c6231890529345b0,8,38,24,63,45,-14,-18,0.064
9a698c468e3cb63b,8,40,29,67,54,-11,-13,0.075
4960c5f7cdcbd21e,8,39,29,67,53,-10,-14,0.082
9cb0743b647e57cc,8,17,18,30,33,1,3,0.068
e4833c5ee551ff3c,8,23,26,39,44,3,5,0.057
8b7c86a02c06f679,8,29,24,47,44,-5,-3,0.062
029e8d492de47178,8,33,29,55,53,-4,-2,0.075
1ae831212c6af0d9,8,26,27,45,49,1,4,0.066
9e9a4b3224cb4044,8,34,29,58,52,-5,-6,0.079
f1e770e3b9ca2bc0,8,51,24,82,44,-27,-38,0.063
95261f6a45ad08b0,8,59,27,94,52,-32,-42,0.097
e010e73f044d5ecf,8,60,27,98,51,-33,-47,0.066
802943ac91ba1d0f,8,68,28,110,55,-40,-55,0.086
db251407e484c1e0,8,34,18,58,35,-16,-23,0.066
1b08d145fe4cf6e5,8,40,26,68,47,-14,-21,0.064
d7b3a7ff0029e9ce,8,42,24,70,46,-18,-24,0.072
28cb90ed14aded77,8,50,29,81,55,-21,-26,0.062
62555df416338d9e,8,43,27,73,51,-16,-22,0.082
ed550e49e8e105b0,8,50,29,83,54,-21,-29,0.06
e68f96468d8641aa,8,49,27,82,52,-22,-30,0.067
23b01ed099c87117,8,60,30,101,58,-30,-43,0.084
579b5a39ed5f22af,8,26,18,45,35,-8,-10,0.057
36db671f777a943f,8,32,26,54,46,-6,-8,0.089
80989366d1b70212,8,34,24,57,46,-10,-11,0.075
1fbae0ae5e430978,8,42,29,68,55,-13,-13,0.07
35bcf878d2cedd7e,8,35,27,60,51,-8,-9,0.06
2708d868d646d933,8,42,29,70,54,-13,-16,0.059
d3f6570f93f89d21,8,41,27,69,52,-14,-17,0.069
8768c0fdfe700d8e,8,53,30,88,58,-23,-30,0.086
5496f8960846039b,8,30,24,51,44,-6,-7,0.071
dd3148bd14e3ed6b,8,31,21,52,41,-10,-11,0.066
dfbaa1019e61ec15,8,23,15,40,30,-8,-10,0.055
a60a171084d83a82,8,39,24,66,47,-15,-19,0.079
9cb8bb6731a80912,8,34,24,59,47,-10,-12,0.065
fd9acb5821eba613,8,41,26,69,51,-15,-18,0.079
01ead38b62aa7285,8,19,27,34,47,8,13,0.074
a6ac24a0f2ce3253,8,26,24,45,45,-2,0,0.065
be6b2fe24980562a,8,28,27,49,50,-1,1,0.066
132a66407cf81c6f,8,36,27,61,51,-9,-10,0.07
74ba6b5ed32d88bc,8,21,23,35,38,2,3,0.068
21b88852d8290dee,8,30,24,50,44,-6,-6,0.064
cdaf853e68ce88c7,8,6,12,12,19,6,7,0.055
48e6f3d9076179cf,8,12,20,21,30,8,9,0.061
79ae40f73ecac81f,8,14,18,24,31,4,7,0.069
4fc22a80fc89552e,8,15,21,27,35,6,8,0.058
3c2b202d4a5cb5b2,8,20,23,35,38,3,3,0.072
89f382640049228a,8,23,21,39,37,-2,-2,0.062
d1ba34ac7e54d8da,8,22,15,37,30,-7,-7,0.056
3fc957e385ab5636,8,30,23,50,41,-7,-9,0.048
3c26c9747df78bb9,8,30,21,49,41,-9,-8,0.048
cf6433624bf51f8c,8,38,26,62,50,-12,-12,0.057
8c399dd75eb661a8,8,31,24,53,46,-7,-7,0.116
0d24eaf593a83763,8,39,26,65,49,-13,-16,0.048
e8e732b71c202189,8,39,24,65,47,-15,-18,0.059
177cc60d5adb75f3,8,15,12,27,25,-3,-2,0.043
a858ed1802055792,8,21,20,36,36,-1,0,0.051
5711706fd3fab597,8,23,18,39,36,-5,-3,0.06
624f2170412c2443,8,29,23,48,45,-6,-3,0.056
a140f98e7167df1f,8,24,21,42,41,-3,-1,0.053
1729f831e5410a3f,8,29,23,50,44,-6,-6,0.062
a68dfb1d78ebc032,8,32,21,54,42,-11,-12,0.053
0f9f9e9398ccad2a,8,37,24,62,48,-13,-14,0.07
7f3e1244c63b6906,8,51,30,84,58,-21,-26,0.056
b90c59a1f28be4ac,8,36,27,61,51,-9,-10,0.064
67e4ffe21ce853fb,8,44,30,73,57,-14,-16,0.061
77d1cf7ada7f6146,8,8,12,16,20,4,4,0.057
991b367632d8416d,8,16,21,27,34,5,7,0.049
cdb245b94db73306,8,22,21,38,37,-1,-1,0.061
5e889f33d3478b3e,8,30,24,50,42,-6,-8,0.06
112e5dec101d3901,8,22,15,37,30,-7,-7,0.046
6b0efc2203a3aaaf,8,32,24,53,45,-8,-8,0.05
401044468f06cf2c,8,38,24,64,47,-14,-17,0.069
d2291a8a7fa4a06b,8,46,27,76,53,-19,-23,0.064
8ee0100889a02875,8,33,24,57,47,-9,-10,0.061
85528b6b0cd67aef,8,41,26,68,51,-15,-17,0.065
d4901d4aded758b9,8,23,18,39,36,-5,-3,0.064
fb215b292ab06377,8,31,23,51,45,-8,-6,0.055
b0453e92ec1eef76,8,15,12,27,25,-3,-2,0.052
4f7a1c1addaf8893,8,25,21,42,40,-4,-2,0.065
189691a9c8067cea,8,31,21,53,42,-10,-11,0.06
6fcbe40bf14d712d,8,39,24,65,48,-15,-17,0.059
ce9ffaf8876308ac,8,26,21,46,42,-5,-4,0.06
e3f39edba59f074e,8,33,23,56,46,-10,-10,0.068
f429ed6e3289c4e7,8,43,27,72,51,-16,-21,0.07
baae1b15d2df4a8d,8,53,30,88,57,-23,-31,0.072
0c0e59967116c308,8,30,27,49,49,-3,0,0.061
55479d3f8ea755bf,8,34,29,57,52,-5,-5,0.061
52051df346ef422b,8,37,27,62,50,-10,-12,0.056
43aff3e66c8cf606,8,44,30,72,56,-14,-16,0.063
4a626d5f8b781336,8,66,28,106,55,-38,-51,0.058
5fcfe3b24f63a0c6,8,54,29,86,55,-25,-31,0.057
5b63460255831d68,8,54,29,89,54,-25,-35,0.054
b2c54f9c50bb5c09,8,51,27,85,52,-24,-33,0.055
7764b0f8f1a4fa7d,8,56,30,95,58,-26,-37,0.065
efebae705fd71e01,8,36,26,59,46,-10,-13,0.046
7610a02eadaf0831,8,38,24,62,46,-14,-16,0.066
317ce3372b1abb55,8,42,29,68,55,-13,-13,0.053
0f8f173e9e8b8805,8,39,27,65,51,-12,-14,0.068
5b17c3a9c2da0dba,8,42,29,70,54,-13,-16,0.122
ce8e1585a3193b03,8,44,27,73,52,-17,-21,0.08
fe2e9002ce1c4296,8,48,30,82,58,-18,-24,0.087
f447a804dea8e0ac,8,52,24,85,47,-28,-38,0.071
896a883e70891c51,8,29,21,49,40,-8,-9,0.064
17ed05bcf09a6d32,8,37,26,63,48,-11,-15,0.07
bd0025259b598d66,8,38,24,66,46,-14,-20,0.079
9577a804f8bafc2a,8,45,27,75,52,-18,-23,0.068
3ad765e972445f96,8,21,21,37,38,0,1,0.046
f17885280310f45c,8,28,26,49,47,-2,-2,0.07
58ed8c7456398616,8,22,24,40,43,2,3,0.049
fef60df5c9192aae,8,29,26,51,46,-3,-5,0.066
629d3248000a9444,8,32,24,55,44,-8,-11,0.058
e0ae50f9b83d8858,8,37,27,63,50,-10,-13,0.085
8cb1037ed1c3fcd5,8,52,23,84,45,-29,-39,0.117
07da986adb4b5bfe,8,53,23,88,44,-30,-44,0.187
d4cb70d5fbbd7be0,8,55,21,91,42,-34,-49,0.06
3de4c83fba8bfc35,8,61,24,100,48,-37,-52,0.082
020881724466b333,8,30,15,52,31,-15,-21,0.06
0d0ebc52ab1d9ab1,8,38,23,64,43,-15,-21,0.073
e591dc7536942e3c,8,38,21,64,42,-17,-22,0.06
57b8923892056c14,8,50,26,82,51,-24,-31,0.087
687916d05e80626d,8,39,24,67,47,-15,-20,0.123
8f7701ad9461d5f5,8,46,26,78,50,-20,-28,0.085
2e896c440591de96,8,51,24,85,48,-27,-37,0.092
fdcb461bf2ed1f60,8,54,27,90,54,-27,-36,0.08
f8bafc4b5f816af0,8,22,15,40,30,-7,-10,0.052
49a3251cd8806f7e,8,30,23,52,41,-7,-11,0.058
b59e133f47d79c24,8,31,21,53,41,-10,-12,0.048
8a9d65fe828547d3,8,40,26,67,50,-14,-17,0.06
54b1148f1be9c364,8,31,24,55,46,-7,-9,0.059
a35a51dd73c4bd0d,8,38,26,66,49,-12,-17,0.117
10d5b623dadd2a8a,8,41,24,70,47,-17,-23,0.068
12b177ac0a85dbbe,8,46,27,78,53,-19,-25,0.072
5f9ecdda77598eeb,8,47,27,78,52,-20,-26,0.062
4ad64cf4a7a49ff5,8,52,30,84,58,-22,-26,0.069
ed9997cc0b5cae27,8,47,21,79,42,-26,-37,0.058
8b0f951d74ec4cbf,8,57,23,94,46,-34,-48,0.066
30d46604fa878aa2,8,48,24,81,48,-24,-33,0.068
519b99bc37615711,8,57,27,95,54,-30,-41,0.084
77542869058958cc,8,41,24,71,48,-17,-23,0.087
fa38c73327bc62a4,8,48,26,81,52,-22,-29,0.086
80c96f8337e00499,8,22,15,40,30,-7,-10,0.055
616205c419a88dac,8,32,24,55,45,-8,-10,0.066
cd41b00f1acd5655,8,40,24,67,47,-16,-20,0.071
4843061e4e6d2155,8,46,27,76,53,-19,-23,0.071
0f214f6f045aa78e,8,33,24,59,47,-9,-12,0.064
69d7936b1c7f85b9,8,40,26,69,51,-14,-18,0.05
da4004075c364cd3,8,8,13,17,24,5,7,0.049
be7e28a8aa441ff9,8,53,30,87,58,-23,-29,0.055
ece1d087d273cd5e,8,37,27,62,51,-10,-11,0.075
c565c50483011200,8,47,30,77,58,-17,-19,0.077
77693bf80c9d2c8a,8,23,24,41,44,1,3,0.072
2073a89fcaabd13c,8,31,24,53,47,-7,-6,0.083
27c47827e931ae1b,8,24,27,42,49,3,7,0.071
196d820ad793ebbf,8,32,27,54,51,-5,-3,0.075
5d14201621747b25,8,40,30,66,56,-10,-10,0.072
9740fd6fd6a3f790,8,19,24,35,42,5,7,0.072
930dd76fb2939f21,8,27,24,46,46,-3,0,0.073
d3f21e01f3051654,8,34,29,59,53,-5,-6,0.062
f51b7562249ffc8e,8,15,19,29,34,4,5,0.06
481b11dc8b1c7498,8,23,24,41,43,1,2,0.065
c67465d52d724887,8,56,30,92,58,-26,-34,0.079
65148ac5842c1eb3,8,37,29,62,53,-8,-9,0.068
50587a022818d0b2,8,56,27,94,52,-29,-42,0.07
8fa07f88a73a0c1f,8,55,30,92,58,-25,-34,0.068
dda93e55c4099652,8,40,29,69,53,-11,-16,0.066
9500bbff8cd5d8bf,8,43,24,72,47,-19,-25,0.063
a7759644c4f2db35,8,52,29,87,55,-23,-32,0.066
94113028e74cf482,8,35,29,60,53,-6,-7,0.058
ab9987af5c2787c2,8,40,27,66,52,-13,-14,0.066
7cae99e5c6a29a48,8,49,30,81,58,-19,-23,0.073
f5fc5ad0791125f5,8,23,24,42,44,1,2,0.072
28314ee8fddb2801,8,30,29,52,53,-1,1,0.065
ec78a539141ef504,8,31,24,54,47,-7,-7,0.052
8e631827cab5cfbf,8,40,29,68,55,-11,-13,0.066
6da8d452be1777ba,8,28,22,48,44,-6,-4,0.054
9f49535d21631fc7,8,35,24,59,47,-11,-12,0.052
b1bc3efa39882767,8,11,13,21,26,2,5,0.051
cfd5006c556dba39,8,19,22,33,40,3,7,0.055
f6f2c9704a603910,8,29,22,49,43,-7,-6,0.069
de5c576066e448a2,8,35,25,58,48,-10,-10,0.069
5b85a97ec945df44,8,20,22,36,43,2,7,0.065
d0e40dcac811a5e3,8,27,24,47,46,-3,-1,0.065
74f92cf65b3c4957,8,51,29,86,56,-22,-30,0.091
7a71b8d7496de9d8,8,53,30,88,58,-23,-30,0.083
379dd44f8eee745a,8,36,27,62,52,-9,-10,0.071
5bbae7ba8d58b602,8,42,29,71,56,-13,-15,0.084
80f70cf183dba4e8,8,54,27,90,53,-27,-37,0.064
fca0b9e973795644,8,37,27,62,51,-10,-11,0.057
225743656d73016c,8,56,30,92,58,-26,-34,0.136
0ee4add8c15e3b66,8,38,27,66,52,-11,-14,0.057
1b7bd85fb4692c50,8,45,29,77,56,-16,-21,0.075
c3ce99b06aed1dd3,8,19,18,34,35,-1,1,0.065
a5f801bb1d23e36b,8,29,27,51,50,-2,-1,0.071
9b4aa6aa0666f6dc,8,38,27,64,52,-11,-12,0.071
6cc3fe958383f6fb,8,43,30,74,58,-13,-16,0.068
227d95dc72a43732,8,28,27,52,52,-1,0,0.07
b8cd08a5c32831bf,8,37,29,65,56,-8,-9,0.064
0adba029d6424122,8,47,29,78,55,-18,-23,0.078
8187271af94dcf7c,8,45,30,75,57,-15,-18,0.076
3e2ddb0c27386bd5,8,25,24,44,44,-1,0,0.061
3e42f9aef73e6098,8,31,24,53,47,-7,-6,0.063
48611ff7e70de781,8,41,29,68,54,-12,-14,0.076
51fa8dfa4c2f7284,8,44,27,74,53,-17,-21,0.062
c391bca3a3bd369c,8,34,21,59,42,-13,-17,0.066
149dd5a33060ad3f,8,42,26,71,50,-16,-21,0.077
90d0a096577f0417,8,33,24,56,47,-9,-9,0.076
806752edb96ceed5,8,40,27,67,52,-13,-15,0.086
f41e473c03ec641c,8,20,21,37,39,1,2,0.071
61c1fbfd7ce4d735,8,26,21,46,42,-5,-4,0.068
13d72b26d8c15ef6,8,36,26,61,49,-10,-12,0.067
b61e2e8efe045d70,8,21,18,37,35,-3,-2,0.066
3c9d735f6aff5661,8,38,27,63,52,-11,-11,0.069
36407f73522ffb29,8,30,27,52,52,-3,0,0.064
91cce8eadfd35014,8,47,27,78,53,-20,-25,0.088
0d0a47595f0ea7c7,8,34,24,59,47,-10,-12,0.104
3b50a14ae5b61112,8,32,26,53,49,-6,-4,0.079
7c8ac0517ac2aea0,8,16,15,29,30,-1,1,0.071
5fff80e2c84092f0,8,24,24,41,45,0,4,0.081
111f02f71bb913dc,8,33,24,56,47,-9,-9,0.076
feca68bb6c9575e8,8,40,27,67,52,-13,-15,0.078
1c03ae10cab3427c,8,25,24,44,47,-1,3,0.07
1dc9078421d82d0a,8,32,26,55,50,-6,-5,0.081
e9511f2a9d1fb406,8,25,24,44,47,-1,3,0.087
bbf30d09871204dc,8,32,26,55,50,-6,-5,0.089
13eace7f81220e1d,8,27,21,48,42,-6,-6,0.114
fbfb880a56d80f4e,8,35,26,60,49,-9,-11,0.079
ac036f350d55f82b,8,20,21,37,41,1,4,0.078
bc198fdaacded6df,8,28,26,49,49,-2,0,0.078
ef62b525fc5dbbba,8,20,24,34,45,4,11,0.089
e30c8731723542be,8,23,27,40,49,4,9,0.081
a924690cde81b9cc,8,31,27,52,51,-4,-1,0.072
25f92eba41fa99eb,8,22,18,38,36,-4,-2,0.064
b580559c07ee4000,8,29,23,50,44,-6,-6,0.079
608a6392de0cd5e1,8,31,21,53,42,-10,-11,0.101
843b1401713ffa7e,8,23,21,39,41,-2,2,0.068
da2a786f3ef0f8e5,8,31,26,51,50,-5,-1,0.102
0830a2adc51bc122,8,32,26,54,49,-6,-5,0.137
3e4953bb1be4083d,8,32,24,53,47,-8,-6,0.094
e90ca11ae6904df2,8,8,12,16,23,4,7,0.071
b995e3e8f0563a95,8,16,20,28,34,4,6,0.059
da453b465529c3ed,8,14,18,25,35,4,10,0.059
d5a6a1b2f4742418,8,24,23,40,43,-1,3,0.078
cf07abdea5ff876a,8,17,21,31,39,4,8,0.082
9cfa9d651b92c4c3,8,24,23,42,42,-1,0,0.065
1dacde8001bbcbd6,8,25,21,43,41,-4,-2,0.081
3cfe6bf773ada318,8,32,24,54,46,-8,-8,0.065
41a21db4c5a4df4e,8,42,29,67,55,-13,-12,0.094
33ee597bfccb9c86,8,18,24,32,42,6,10,0.081
9f08478ae6895819,8,26,29,44,51,3,7,0.061
c2a132c89361318a,8,24,24,41,46,0,5,0.076
f65afdf85ac1f984,8,34,29,56,53,-5,-3,0.063
59e2801070c39199,8,37,26,61,50,-11,-11,0.098
362cb3e4e8bea495,8,26,18,46,37,-8,-9,0.082
fc2f30bbefd9b93a,8,34,23,58,45,-11,-13,0.099
1d291da5bab2201f,8,40,27,66,53,-13,-13,0.131
e809fd96ca4fecb5,8,23,26,39,48,3,9,0.08
4388dcdc197dbd37,8,23,21,39,42,-2,3,0.07
4d252d04ff68673b,8,31,26,51,50,-5,-1,0.103
241605f235a05657,8,25,21,43,41,-4,-2,0.087
9b27e6233def5432,8,32,24,54,46,-8,-8,0.112
d97389c81683338a,8,12,18,24,32,6,8,0.067
e69329a0272f8fd7,8,20,23,36,41,3,5,0.079
203ef5bcd13698fb,8,18,18,33,36,0,3,0.073
059c673f166a4fc3,8,28,23,48,43,-5,-5,0.107
e64aedab1b060178,8,30,27,49,52,-3,3,0.085
82073c6ea4aa0090,8,39,29,64,56,-10,-8,0.085
8d905fd6154c74d5,8,23,27,40,51,4,11,0.114
25351ce66a999c4e,8,30,29,51,54,-1,3,0.126
409a589eee1f268d,8,26,21,46,42,-5,-4,0.107
0eb52b24a9f459b9,8,33,23,56,46,-10,-10,0.113
40ac00f21bb7acf8,8,40,27,66,53,-13,-13,0.076
f7dae6fdc1f0ac26,8,24,24,42,47,0,5,0.084
a0790330b69313d7,8,32,26,54,51,-6,-3,0.1
198ca7510bfee17c,8,8,12,16,24,4,8,0.081
d2b2f84010d04443,8,16,21,28,38,5,10,0.177
50c50a84fb66891a,8,25,21,43,41,-4,-2,0.075
264774edfb8bafd9,8,32,24,54,46,-8,-8,0.06
99dcd1eedd0206cc,8,17,21,31,41,4,10,0.073
d9cbe19df4ccc6aa,8,24,23,42,44,-1,2,0.075
d3b3c1eec8fc2346,8,15,21,27,40,6,13,0.068
92df3e99f3e5566a,8,23,26,39,50,3,11,0.088
3b92f0b56043b98d,8,12,18,24,34,6,10,0.057
720b03703a7fc01c,8,20,23,36,43,3,7,0.074
763c2ee9d4f0c848,8,45,27,75,52,-18,-23,0.079
d4d92fa3a5b09eea,8,48,30,81,58,-18,-23,0.097
c49cda28b4c87317,8,46,27,78,52,-19,-26,0.084
e23680d9020a06a4,8,51,30,86,58,-21,-28,0.084
6d6c747bbb8fb968,8,28,24,48,46,-4,-2,0.061
4e9ed38832b498bc,8,39,29,64,55,-10,-9,0.055
3e3a9fb1b8eb2858,8,30,27,52,51,-3,-1,0.05
b758e9558ba77a66,8,38,29,63,54,-9,-9,0.062
81cd114df4723376,8,39,27,66,52,-12,-14,0.054
6acbe947bb662fa3,8,43,30,74,58,-13,-16,0.062
196bb53866ea1df6,8,53,27,89,54,-26,-35,0.082
dc3882b5e9c6458f,8,38,26,66,49,-12,-17,0.078
19f9230c2c8f3fe2,8,41,24,70,47,-17,-23,0.075
f873c34b596a1a11,8,45,27,77,53,-18,-24,0.083
b2aec58f765b2ce2,8,56,24,92,48,-32,-44,0.079
6f89e7541b3eca1a,8,43,26,72,51,-17,-21,0.092
f22c3a645d8c7289,8,39,26,67,50,-13,-17,0.068
1fda0a40fc9dc951,8,42,24,71,48,-18,-23,0.071
3741983921be13bf,8,48,27,79,54,-21,-25,0.056
b0b925f5ccd0ae3a,8,23,23,41,41,0,0,0.059
15ba51a0f661d33a,8,25,21,43,41,-4,-2,0.056
2af4111cea8ece1b,8,31,26,52,50,-5,-2,0.07
37d021c0f876cf17,8,24,24,43,46,0,3,0.054
cf403d257da0fd42,8,31,26,55,49,-5,-6,0.074
27593854189f0c23,8,34,24,58,47,-10,-11,0.091
2332e63941b27384,8,39,27,67,53,-12,-14,0.094
b728add6272714be,8,34,24,58,47,-10,-11,0.075
2ee1c25fd01e7519,8,42,29,69,55,-13,-14,0.078
e9f837bdaa644cf6,8,32,21,55,42,-11,-13,0.067
4a23d015eeebd832,8,39,26,68,50,-13,-18,0.061
ef4c2395dc2fb100,8,37,21,63,43,-16,-20,0.066
9758ca8c351f0c72,8,42,26,71,51,-16,-20,0.074
6c78ea9dfd148ee8,8,34,24,58,47,-10,-11,0.083
4a497b960552517b,8,39,27,67,53,-12,-14,0.074
1e2838c273d27ea2,8,15,21,29,39,6,10,0.059
df937257ee039863,8,23,26,41,48,3,7,0.053
5f19b1dcd2853ece,8,29,21,50,42,-8,-8,0.057
c5eae229d3a9e718,8,36,26,62,50,-10,-12,0.06
8e4a35d398ef9a03,8,34,27,58,52,-7,-6,0.067
069a7bdbb2181c86,8,40,29,67,56,-11,-11,0.069
926bd98c0740b2b3,8,32,24,56,48,-8,-8,0.062
549ceb15a0a9a134,8,39,26,67,52,-13,-15,0.057
87bbf4305dbffc13,8,33,24,57,47,-9,-10,0.063
349b42b12030333d,8,41,27,69,53,-14,-16,0.062
37ba721c00ed2ec7,8,24,24,44,47,0,3,0.064
0b00a7bfc38848bc,8,31,26,55,51,-5,-4,0.073
39f0abdc1e7e46a3,8,15,21,29,40,6,11,0.079
b4ad8747d43dd6f8,8,23,26,41,50,3,9,0.069
b2b9d94f4a521dba,8,13,17,24,32,4,8,0.065
3949b0ad62048514,8,4,12,9,22,8,13,0.063
372796c5f7d3ac02,8,30,22,51,42,-8,-9,0.062
88b899737e3c79a6,8,39,29,68,56,-10,-12,0.075
fc5917495ea64f7c,8,39,29,67,54,-10,-13,0.066
5719e1ca8a0b06d4,8,21,22,38,42,1,4,0.06
21a90051d1c8faba,8,36,29,63,55,-7,-8,0.072
d57f0e8b1d65b886,8,30,29,55,56,-1,1,0.075
9b57038521193245,8,31,29,51,53,-2,2,0.063
ced7acddfe24292b,8,23,27,39,48,4,9,0.063
58e73bdf14a5d3d4,8,15,22,27,40,7,13,0.058
ffcb33f3267483e1,8,37,30,64,56,-7,-8,0.068
691944bf5ab3b81c,8,29,29,52,53,0,1,0.073
0dea0ef7b3644f93,8,21,29,40,54,8,14,0.069
be1403f315b7118e,8,34,26,60,49,-8,-11,0.073
f53e1ef0b79d4225,8,31,29,53,55,-2,2,0.119
79dc3367c16d6101,8,25,26,46,49,1,3,0.065
f03d0ea50b22d4bb,8,24,29,42,54,5,12,0.056
ffc74dbc5f3791a6,8,34,29,58,53,-5,-5,0.067
7a6077853e18f450,8,27,29,47,53,2,6,0.06
394ae00a118fd0d1,8,19,26,35,47,7,12,0.071
d5ddbcd410e29b7f,8,45,26,74,52,-19,-22,0.063
bf2f4632f25b3a10,8,28,23,46,45,-5,-1,0.07
9af8f7ba3d53047d,8,27,26,47,49,-1,2,0.069
968334a14df559b5,8,42,27,70,53,-15,-17,0.073
de2e37be0fbe87dc,8,39,26,64,51,-13,-13,0.071
36efcd634e4e45d0,8,42,21,69,41,-21,-28,0.069
fca9913e4522a8fa,8,29,21,50,41,-8,-9,0.071
10d9a0f5aef2827f,8,45,25,75,49,-20,-26,0.051
3ea0a01a09518280,8,38,24,64,47,-14,-17,0.063
6cd3872c7978cafb,8,29,24,48,45,-5,-3,0.051
bede21781aebffd3,8,21,21,35,40,0,5,0.054
c8a15ebd2be0a3f3,8,27,24,47,43,-3,-4,0.059
eebe981ab8b5bef8,8,20,24,36,44,4,8,0.069
0933dbb3947665b5,8,35,25,59,48,-10,-11,0.067
922ba2ae62269749,8,32,24,54,46,-8,-8,0.059
007eccdde37f0ec9,8,58,27,95,53,-31,-42,0.073
a5329ee30eb83de5,8,42,26,72,50,-16,-22,0.073
513ed20eb8734f01,8,43,29,73,54,-14,-19,0.062
47467d6e7f557cbe,8,65,30,108,58,-35,-50,0.08
e76b3f1e5f7e058e,8,49,29,85,56,-20,-29,0.076
b8103c2ce2828970,8,45,29,76,55,-16,-21,0.05
3c2d7323fbb4ee4d,8,35,26,60,50,-9,-10,0.055
02aaa7946745bb94,8,35,29,60,54,-6,-6,0.057
44ec9954d64d85ef,8,54,30,91,58,-24,-33,0.065
0f57f4e8ebe68c1c,8,41,29,72,56,-12,-16,0.068
877f7364ec171407,8,45,24,73,47,-21,-26,0.064
892b8906333bb203,8,47,27,78,51,-20,-27,0.062
9eb1ef66ba1d9e38,8,63,28,101,55,-35,-46,0.063
c84acc9b334339d5,8,55,27,89,53,-28,-36,0.063
8312689f819bf3db,8,28,20,49,39,-8,-10,0.053
ca26df5acb47add9,8,46,29,76,55,-17,-21,0.068
d3431c88992fce64,8,42,26,71,50,-16,-21,0.057
ff6432785d1dac6a,8,36,29,65,54,-7,-11,0.053
d4a70d0b68c0351d,8,52,30,88,58,-22,-30,0.068
b632d0b2327c349f,8,48,29,82,56,-19,-26,0.063
d111111e96d4af3e,8,20,20,36,39,0,3,0.056
0236c0fece12e6b1,8,39,29,65,55,-10,-10,0.079
8f4c8a545d7bcae2,8,29,26,49,50,-3,1,0.067
8d630ec4258217b2,8,36,29,64,53,-7,-11,0.073
fca0f692c26825c9,8,30,29,53,54,-1,1,0.065
98810c40f66b17c9,8,44,30,76,58,-14,-18,0.066
4c830d063659a537,8,36,29,64,56,-7,-8,0.071
a7b769e711754d31,8,47,29,78,56,-18,-22,0.078
4d3b227786867e13,8,46,29,79,55,-17,-24,0.08
d43a7dbd968faef5,8,37,29,66,56,-8,-10,0.069
545ffbea2ffc197b,8,44,29,76,56,-15,-20,0.07
fb8b6829673d8002,8,36,29,65,56,-7,-9,0.078
139702c3e524847f,8,27,27,46,50,0,4,0.067
cfaae3abc3c80b4f,8,24,22,44,42,-2,-2,0.067
2c7aab9094f3bb26,8,47,30,76,58,-17,-18,0.076
ca566abef92e065b,8,35,29,62,56,-6,-6,0.075
df23438ac1c36e58,8,36,29,64,55,-7,-9,0.066
e4c7632463f664eb,8,28,29,52,56,1,4,0.062
e3629aa78376086c,8,33,26,58,49,-7,-9,0.075
88a0340b8129fcc7,8,37,29,65,55,-8,-10,0.066
0477768889dbbc23,8,23,26,42,49,3,7,0.064
798dbfeb9604f4d6,8,29,22,51,42,-7,-9,0.063
ee94b1f8b6850b9d,8,22,22,40,41,0,1,0.058
c987dc965088378f,8,25,19,45,37,-6,-8,0.061
175d699c82dd8a0b,8,42,26,71,51,-16,-20,0.063
2e3cc57b978fe4d7,8,35,26,62,51,-9,-11,0.064
bbc369d168d8f629,8,24,24,41,45,0,4,0.127
fae500d4b1710037,8,19,19,36,36,0,0,0.068
2f0bbf29671dcb46,8,41,27,68,52,-14,-16,0.073
bf8ef0a480d0b678,8,33,26,56,50,-7,-6,0.064
7244fa34cd3c3e69,8,29,26,51,50,-3,-1,0.071
b9161ae8388f6511,8,35,26,60,50,-9,-10,0.081
76909895bb9d3635,8,31,23,57,45,-8,-12,0.08
d845336013026b58,8,29,26,51,50,-3,-1,0.07
429ec7add2d8ddc4,8,35,26,60,49,-9,-11,0.054
be68a791126228de,8,28,26,49,49,-2,0,0.069
5c1eda6dad6db424,8,22,23,41,44,1,3,0.065
f981347f8aa26981,8,44,29,73,56,-15,-17,0.076
bf8cde093d83daa7,8,29,26,50,49,-3,-1,0.061
c54c8600647b120c,8,31,29,54,53,-2,-1,0.054
c0b889367f0360c2,8,43,30,72,57,-13,-15,0.057
466a063a79485865,8,38,29,65,55,-9,-10,0.066
ee39a9e418c24d99,8,28,26,48,50,-2,2,0.063
0d98489cfed355c0,8,32,29,53,54,-3,1,0.066
465656e9ce53076e,8,42,30,70,58,-12,-12,0.084
fc489ea3426beec6,8,37,29,63,56,-8,-7,0.068
7a94af1164c972b5,8,30,29,49,53,-1,4,0.063
e60a84be908021e2,8,21,26,37,48,5,11,0.06
8d91791ee044da35,8,30,29,51,51,-1,0,0.065
b91f9885a81ad00d,8,24,29,43,52,5,9,0.058
5354011a1b97a647,8,38,30,63,56,-8,-7,0.077
248e120239b457ee,8,32,29,55,54,-3,-1,0.076
980c2e1db0609486,8,33,26,58,49,-7,-9,0.074
a82997ed839f723a,8,39,26,66,51,-13,-15,0.077
8ae40faefae02d24,8,21,20,38,40,-1,2,0.065
c8aa01bd1c9d408f,8,32,23,54,43,-9,-11,0.061
664eee957de37ba6,8,24,23,43,44,-1,1,0.06
bb84383a509a135f,8,39,24,65,48,-15,-17,0.065
732855bd079254c4,8,31,23,53,46,-8,-7,0.057
952be16119c8cafb,8,16,17,28,34,1,6,0.048
8b8904bac4018610,8,24,23,41,45,-1,4,0.053
9eb4e161280d546c,8,24,26,42,49,2,7,0.062
15b2c824b870e75d,8,40,27,66,53,-13,-13,0.057
7420c508d97b3afd,8,34,26,58,51,-8,-7,0.068
432e686cc104b4bb,8,8,14,16,27,6,11,0.045
f03cd04e29d8f28b,8,22,23,37,43,1,6,0.059
f90c7c4b5afe570d,8,16,20,28,38,4,10,0.061
427dbc1a7c50a7b3,8,25,23,43,41,-2,-2,0.064
2a7a5d5295ea1e9d,8,17,23,31,42,6,11,0.056
5bd4b2f77590462a,8,33,24,55,46,-9,-9,0.061
e99c24ad6bc8edc6,8,26,23,47,44,-3,-3,0.078
415fc05e7a8e88dc,8,34,26,60,51,-8,-9,0.078
b1be12b9b5e25b02,8,19,16,36,32,-3,-4,0.067
d173da15a07e0d2b,8,33,23,58,46,-10,-12,0.08
38d00e1e316981cf,8,34,23,58,45,-11,-13,0.089
317dc0b4c1d102e1,8,27,23,49,46,-4,-3,0.079
3aabe4705dd173a1,8,33,26,56,51,-7,-5,0.076
e226854b41c68041,8,32,26,54,50,-6,-4,0.068
105cee724f1245e9,8,28,26,50,51,-2,1,0.066
6dbb4b055cbc8064,8,16,21,28,38,5,10,0.055
01457d04e7f0f3ae,8,11,16,23,30,5,7,0.064
aa2b27f7d82712c7,8,33,24,55,46,-9,-9,0.082
a97e6beb76549e04,8,26,23,47,44,-3,-3,0.069
3ce24dd75be17a81,8,25,23,43,43,-2,0,0.075
686193192df337b1,8,21,23,39,44,2,5,0.072
ced41b75e093f962,8,21,20,39,39,-1,0,0.09
d88c4dfcf81a9559,8,22,23,40,44,1,4,0.073
aa537349ab95c1d6,8,27,23,47,43,-4,-4,0.076
344f05022dd77d95,8,21,20,40,39,-1,-1,0.09
14deb74c2bf02eea,8,20,23,36,43,3,7,0.099
ff0ef9ac7fbea23d,8,14,20,28,37,6,9,0.081
03ca65df7789c3c1,8,43,29,73,56,-14,-17,0.079
dc865696b41c3e0d,8,38,29,64,53,-9,-11,0.089
ac2615c484821bec,8,32,29,54,54,-3,0,0.078
a7e4c4e2ef3036c2,8,47,30,78,58,-17,-20,0.101
a44e11ae9ca78dca,8,38,29,65,56,-9,-9,0.08
a8200953edbffcfe,8,49,26,81,52,-23,-29,0.105
c321b187fe2b62a0,8,29,23,52,45,-6,-7,0.063
c2baa31e392f8991,8,32,26,57,49,-6,-8,0.075
9af4f97bdf8ff90d,8,45,27,77,53,-18,-24,0.083
a2ebb962b419a151,8,39,26,67,51,-13,-16,0.085
1ee3a38d430365c5,8,50,23,83,46,-27,-37,0.088
af356dc8ebe0d9f7,8,33,26,58,50,-7,-8,0.075
fb401f3a19e30a6f,8,50,27,83,54,-23,-29,0.09
03331c77a95fa308,8,42,26,71,52,-16,-19,0.077
ab42f35fda0e67d6,8,17,17,32,34,0,2,0.143
55962032b308437c,8,30,26,53,50,-4,-3,0.068
83fce8a9791d15ba,8,24,23,42,45,-1,3,0.061
289633f3f5bca493,8,32,26,56,48,-6,-8,0.07
0cad93ebfc21f25b,8,25,26,45,49,1,4,0.069
c3a3199904a0b91d,8,42,27,71,53,-15,-18,0.087
1eeb0b892647e484,8,33,26,58,51,-7,-7,0.07
4c5445dc39855a84,8,35,26,58,51,-9,-7,0.08
b5e8cbdc9e035256,8,37,23,65,46,-14,-19,0.1
425bd29b1acbf583,8,36,23,63,47,-13,-16,0.08
25eb50f18fdd5852,8,33,26,58,51,-7,-7,0.081
0574694290c67a6f,8,26,26,48,48,0,0,0.066
db86a22fc6458fe0,8,21,23,40,42,2,2,0.07
1c81208eb12288b5,8,33,26,55,50,-7,-5,0.077
c1f38b58e061cfc0,8,30,23,54,46,-7,-8,0.081
f0fc1e4717f6510b,8,41,26,71,50,-15,-21,0.079
b93ba032c8756b0a,8,35,26,61,51,-9,-10,0.075
5c4cd00916bd3d36,8,41,27,68,53,-14,-15,0.065
de92e86d66bd01e3,8,35,26,61,51,-9,-10,0.086
51cd1db853055275,8,32,26,56,50,-6,-6,0.071
42bdebf9594dd5d2,8,26,26,46,51,0,5,0.069
d0cbfa357be39669,8,26,26,48,50,0,2,0.083
c92ff3a778dec771,8,21,23,40,44,2,4,0.084
04b839598d6a3a4f,8,30,24,50,43,-6,-7,0.093
06cc88a528bfe9f8,8,32,24,55,46,-8,-9,0.079
f2032aae89a88de8,8,29,15,51,31,-14,-20,0.076
87c55466c9321b25,8,39,24,65,47,-15,-18,0.077
dadeb9c02cd59165,8,36,24,63,48,-12,-15,0.09
f5f95fa349bf3845,8,53,27,88,52,-26,-36,0.051
048af890e97a9c33,8,49,25,80,47,-24,-33,0.063
1219cc6d1620c84c,8,33,27,57,48,-6,-9,0.057
8cbfadc9d3ce7deb,8,42,29,72,54,-13,-18,0.061
51fcf7e2ed11d869,8,31,18,54,34,-13,-20,0.06
242bb0965245623f,8,42,27,73,50,-15,-23,0.057
f27368e11d679c50,8,49,27,82,51,-22,-31,0.063
0777ffa78b5cfed5,8,36,27,62,51,-9,-11,0.061
f8cdf0327f5d9613,8,46,29,78,55,-17,-23,0.064
06eaa7fc56ae2d3e,8,51,25,84,48,-26,-36,0.07
8b2c2e39f7cfafc2,8,60,27,99,54,-33,-45,0.063
797a164269b8cb05,8,51,16,84,32,-35,-52,0.066
309df63e84a40b7b,8,59,25,95,48,-34,-47,0.065
8a4be157df1b7396,8,58,25,95,49,-33,-46,0.07
95061c1cef44e0b1,8,31,18,54,35,-13,-19,0.064
4e085a23f9844809,8,40,27,68,50,-13,-18,0.061
c561d7060f58db30,8,52,27,88,52,-25,-36,0.062
fe2879d7b85ac23b,8,41,27,71,52,-14,-19,0.072
b5cf2beefc44b03c,8,49,29,85,56,-20,-29,0.058
a268873dd8903557,8,48,24,79,46,-24,-33,0.063
96a7b1fdb38ef1bc,8,43,18,74,35,-25,-39,0.068
dbfbe6c4e7e3c7cc,8,51,27,85,51,-24,-34,0.085
0b7a8dc33f81549f,8,58,27,97,52,-31,-45,0.08
7ef3a69999c71db1,8,52,27,88,52,-25,-36,0.067
ceeb1a94f8012e0c,8,56,29,94,56,-27,-38,0.087
58e42678034f90c9,8,36,29,64,53,-7,-11,0.052
86db4b76275009e2,8,43,29,72,54,-14,-18,0.065
7f6b71e63cb841a5,8,54,27,91,53,-27,-38,0.068
d21d50f663ac7ff8,8,55,22,92,43,-33,-49,0.065
9f5c5affcb359ce9,8,43,29,75,55,-14,-20,0.06
d3a2b4fbc9b285eb,8,49,27,84,52,-22,-32,0.06
624f9ebcd55ac21c,8,56,29,94,56,-27,-38,0.072
3de6364391df3a41,8,50,24,83,47,-26,-36,0.062
afb5db82e15cf67a,8,43,24,73,46,-19,-27,0.071
300fd1b47012fff6,8,52,29,87,55,-23,-32,0.067
1fcb5eef27ce267c,8,32,24,53,46,-8,-7,0.053
bac6c709936f2341,8,24,24,41,44,0,3,0.049
b5f7faff19299dc2,8,22,24,40,47,2,7,0.057
94e75e44025545c9,8,34,27,55,48,-7,-7,0.053
d163767602d8d03d,8,43,29,70,54,-14,-16,0.129
62061b3d4a8d902d,8,43,27,70,50,-16,-20,0.051
46c69627bd4c93ab,8,49,27,82,52,-22,-30,0.059
a3dcd8e417f987e9,8,44,27,74,52,-17,-22,0.056
0e29420666699f40,8,52,29,85,56,-23,-29,0.063
ebd714d94bd40e65,8,33,24,56,45,-9,-11,0.058
9c7566865ac465df,8,25,18,44,34,-7,-10,0.051
2fa5a2755cbd9010,8,35,27,59,49,-8,-10,0.054
ca98429bf203c712,8,41,27,70,51,-14,-19,0.062
559a9381712af385,8,36,27,63,51,-9,-12,0.061
6dcb7d9a47afd6ca,8,43,29,73,55,-14,-18,0.065
4678cd52a7049405,8,38,29,64,53,-9,-11,0.06
5fe53f8d0b1e9be4,8,52,29,85,56,-23,-29,0.062
1513510992582f24,8,47,29,79,55,-18,-24,0.063
750c8e6a27f6ceeb,8,36,27,63,51,-9,-12,0.058
e94e56baf0acbb9a,8,43,29,73,55,-14,-18,0.056
3158dbad71ca5ccc,8,36,24,63,46,-12,-17,0.064
8772b7df2030b3d8,8,29,24,52,44,-5,-8,0.051
b535e1ff812e7912,8,39,29,67,54,-10,-13,0.055
8055368d50b40907,8,39,21,66,42,-18,-24,0.056
e195daef71792de5,8,36,24,62,48,-12,-14,0.057
2c057b61b6bf4b7e,8,39,24,66,48,-15,-18,0.057
5c45e3dad5b680fa,8,47,27,78,54,-20,-24,0.06
25c45736148b1f84,8,29,24,52,48,-5,-4,0.074
90152a8c8c066be8,8,39,26,67,52,-13,-15,0.063
5912697340a90d9c,8,43,25,72,46,-18,-26,0.061
cb6643d10e86a0da,8,58,25,96,49,-33,-47,0.07
813ad492e625cc9e,8,41,16,68,31,-25,-37,0.058
d86c5386b6a8608e,8,50,25,83,48,-25,-35,0.058
f679d0fbe517918f,8,60,27,98,52,-33,-46,0.061
21ff9caa25931072,8,43,18,74,35,-25,-39,0.062
16452e1a5e2a9c71,8,49,27,84,52,-22,-32,0.064
3be42b3c5738a4af,8,56,29,94,56,-27,-38,0.073
1b210266aa387e45,8,35,18,61,35,-17,-26,0.049
ad4fe8b3e7d55f14,8,40,27,67,50,-13,-17,0.062
1228549b9e582453,8,51,27,86,52,-24,-34,0.064
ed413c3a03533392,8,56,30,93,58,-26,-35,0.077
5d000f4b7704f6b7,8,41,27,71,52,-14,-19,0.074
9af81e445b8f02d4,8,48,29,81,56,-19,-25,0.056
b86c3841d668338d,8,36,26,62,51,-10,-11,0.063
09d643cf84038053,8,35,24,60,45,-11,-15,0.059
7233860e33302562,8,44,29,75,55,-15,-20,0.076
23ce9161376775c8,8,53,29,88,55,-24,-33,0.055
906c3abccd371654,8,41,29,70,55,-12,-15,0.072
513af715aba6a07c,8,49,27,82,51,-22,-31,0.067
11fdc6d6e4fa6e4c,8,36,23,62,44,-13,-18,0.071
49a5f0ab7651f412,8,48,27,80,50,-21,-30,0.055
59ad6375a6f04d50,8,42,27,71,50,-15,-21,0.06
ea7587f4753bac21,8,38,29,66,53,-9,-13,0.06
74c6413b5f90806d,8,21,24,38,44,3,6,0.063
4e99089ad2d01662,8,31,29,54,53,-2,-1,0.051
100ab90156a9c73d,8,47,30,78,57,-17,-21,0.067
b1477553fe8ea814,8,39,29,66,55,-10,-11,0.065
8c284b1f1ab370ea,8,36,24,62,47,-12,-15,0.067
e9ef950ed8375c6f,8,47,29,79,54,-18,-25,0.069
f5fce0aa44de33bc,8,29,24,49,46,-5,-3,0.063
8789f0fe3737cf5b,8,39,29,66,54,-10,-12,0.062
de3935de737b40c8,8,33,24,58,46,-9,-12,0.065
fe3e6203eadfdd42,8,18,18,34,36,0,2,0.06
69ed52663a7be7c7,8,26,24,46,46,-2,0,0.061
17ce3be0f9e3d7c6,8,51,29,86,55,-22,-31,0.077
94f25cbff21926ae,8,36,24,63,46,-12,-17,0.058
28acf31dc74bccdc,8,46,29,78,55,-17,-23,0.065
2525119d50712e65,8,54,29,89,55,-25,-34,0.062
c9f35fe021c7f8a8,8,38,24,65,46,-14,-19,0.068
841673ef3162b9af,8,46,29,77,55,-17,-22,0.069
11361c7364bc39ac,8,49,30,82,57,-19,-25,0.123
a2fa08a7c7f09703,8,34,27,59,52,-7,-7,0.063
36fb7ae8fb02010b,8,41,29,70,55,-12,-15,0.066
eedb3193f7d27da0,8,36,24,63,47,-12,-16,0.062
d2ac997ea624f817,8,44,29,75,54,-15,-21,0.07
345cc503009feefa,8,29,24,52,46,-5,-6,0.072
b3d2d17ab0163571,8,37,29,64,54,-8,-10,0.056
12b4b17be9568008,8,49,27,82,54,-22,-28,0.061
a219e3396635da4f,8,43,26,73,51,-17,-22,0.062
81d3186d0ad0c078,8,43,24,74,48,-19,-26,0.059
d1535a04323f8a9d,8,54,27,90,54,-27,-36,0.063
afd59aba52c790e1,8,46,24,76,47,-22,-29,0.056
3c32efb861c98d75,8,43,21,73,42,-22,-31,0.064
2746ba39b7f2dde0,8,35,26,59,50,-9,-9,0.057
42c3de7a6d33c5c8,8,34,24,59,48,-10,-11,0.06
e82d3900f5d0c7c8,8,42,27,71,53,-15,-18,0.067
fac833d16aefa44f,8,30,21,49,42,-9,-7,0.056
5ec02e5a04f59878,8,39,26,66,50,-13,-16,0.062
9a3baae17a4957b3,8,29,24,52,46,-5,-6,0.057
68cf1a9e1bcdd85b,8,39,24,66,48,-15,-18,0.065
2391469e0f481c36,8,45,27,76,53,-18,-23,0.069
c57d6341e9b9f2f9,8,67,28,110,56,-39,-54,0.067
2304d9fea7e20256,8,65,25,106,49,-40,-57,0.066
32df84238a90873b,8,47,29,79,55,-18,-24,0.065
ec3862fe9d1e2ff5,8,61,30,102,58,-31,-44,0.069
a2f6e17b4012fd60,8,50,24,80,46,-26,-34,0.065
61508fcd35864785,8,59,29,100,55,-30,-45,0.072
35862f043d44336f,8,47,27,79,51,-20,-28,0.059
1e7dd5ff76122224,8,61,27,103,52,-34,-51,0.066
12133ea12b038e7b,8,65,30,109,58,-35,-51,0.071
fdb45cfeed29b6d6,8,50,25,83,50,-25,-33,0.058
783749ca35337d13,8,59,28,97,56,-31,-41,0.067
4a0f7e352f27730a,8,47,22,78,43,-25,-35,0.061
5be4ce7f85dd00ab,8,57,25,93,49,-32,-44,0.082
559113035c54226a,8,30,24,52,46,-6,-6,0.06
5fd61769d3be5b5d,8,44,29,73,55,-15,-18,0.059
ee1536f94b586396,8,30,27,53,51,-3,-2,0.056
99b8c7a411b23fbb,8,47,27,79,52,-20,-27,0.054
106dea29e10a3f38,8,53,30,91,58,-23,-33,0.073
2a48f3aff7604860,8,31,18,54,35,-13,-19,0.056
0fa9615157496446,8,42,24,72,46,-18,-26,0.052
c7ffbb9992bb6872,8,50,29,84,55,-21,-29,0.057
abfa31c63083a349,8,36,27,62,51,-9,-11,0.059
19884a5e31cb6d8c,8,53,27,88,52,-26,-36,0.068
153feb1374cff806,8,55,30,92,58,-25,-34,0.071
5d0c51600bad1197,8,48,26,81,51,-22,-30,0.056
f3509a011f5f09dd,8,32,21,56,43,-11,-13,0.058
3a58f63dabd36d7a,8,42,26,71,50,-16,-21,0.065
1c44239d3cba9f71,8,53,29,91,55,-24,-36,0.067
603aa1b7531c11d7,8,59,30,100,58,-29,-42,0.063
254efda1c9f8e8d9,8,56,24,95,47,-32,-48,0.065
85807f442145c07b,8,62,29,107,55,-33,-52,0.056
a31e6c3f03b53d72,8,50,27,85,53,-23,-32,0.071
ffc59f8ab7a27c4c,8,51,22,86,44,-29,-42,0.07
6bfd3fe07e9f8aeb,8,40,24,69,47,-16,-22,0.06
fc5d4d2fe1ceb473,8,49,29,84,55,-20,-29,0.057
a7b59dfc12cfc495,8,53,27,88,52,-26,-36,0.131
6551f10b8cd802b6,8,55,30,92,58,-25,-34,0.092
26db97c5cc80a25a,8,35,24,61,45,-11,-16,0.073
d946a36888bed3db,8,46,24,78,47,-22,-31,0.078
dabe0e7516fbd9d2,8,52,29,89,55,-23,-34,0.084
c570e20cbcca7b60,8,36,24,63,48,-12,-15,0.078
cde261e31cc52b80,8,46,26,78,52,-20,-26,0.085
0aab691c525ae4ae,8,37,21,64,42,-16,-22,0.064
19d9d9332f0bdb52,8,45,23,76,45,-22,-31,0.086
021bc1927770bd94,8,23,24,42,48,1,6,0.076
f24356496d18b841,8,32,26,56,51,-6,-5,0.083
bc6862fff48cbb96,8,30,24,52,46,-6,-6,0.066
294345dbef4487f8,8,40,24,69,48,-16,-21,0.069
3a059d0c524c8ce9,8,48,27,80,53,-21,-27,0.06
92dc99e39bb841e6,8,29,24,52,48,-5,-4,0.071
664f665c51c2b4c4,8,37,26,64,51,-11,-13,0.08
03e81a3d5b6d3190,8,65,30,109,58,-35,-51,0.087
e724a3b585d9fbfc,8,49,27,84,52,-22,-32,0.08
21b3a6e142d821e4,8,56,29,94,56,-27,-38,0.084
c8b27ef5fb343ec9,8,67,28,108,55,-39,-53,0.094
d82fdba98cab0a34,8,51,25,84,49,-26,-35,0.085
c12a3526590dee2c,8,59,27,96,53,-32,-43,0.104
0524622507b74fb5,8,33,27,57,50,-6,-7,0.079
f1c50c055e172bce,8,54,30,91,58,-24,-33,0.071
3fd42a4433a165b9,8,33,27,58,52,-6,-6,0.083
157f95b36384982f,8,42,29,72,56,-13,-16,0.085
3a101305ec888892,8,51,29,85,55,-22,-30,0.087
fcc8179cc83d2fa2,8,31,18,54,35,-13,-19,0.058
a931778920dc14d5,8,39,27,66,51,-12,-15,0.08
d6a2ccc4562cbf35,8,51,27,86,52,-24,-34,0.083
f2a8a4a530b964bc,8,59,30,100,58,-29,-42,0.086
a571d7ad85f154b4,8,42,27,74,52,-15,-22,0.074
b303f17b56118e6b,8,47,29,80,56,-18,-24,0.086
1fc6d32576e6d3bb,8,34,26,59,50,-8,-9,0.084
578bd6c0a7ffc89b,8,52,29,87,55,-23,-32,0.097
b3577236c0fcbd3a,8,53,27,89,52,-26,-37,0.093
f8592560bbba91d6,8,36,29,64,55,-7,-9,0.082
617adeee87c7a056,8,47,29,80,56,-18,-24,0.078
9247d2db181b6b56,8,44,24,77,47,-20,-30,0.077
631caa81cdcb26ea,8,55,29,92,55,-26,-37,0.076
1bdd950346af2acf,8,35,24,61,46,-11,-15,0.082
2182f83278cfb36d,8,43,29,73,55,-14,-18,0.076
68ad08a739f3cd29,8,44,27,74,54,-17,-20,0.067
e40f2d67a958eb57,8,31,26,52,50,-5,-2,0.067
61750ab2d051ad73,8,30,24,52,48,-6,-4,0.066
8b3b21202608edba,8,38,27,64,53,-11,-11,0.068
4bd5e200acd9c2dd,8,13,18,24,35,5,11,0.073
299dba25438b8f4b,8,23,24,39,45,1,6,0.065
fae3b7fa2a3b8bc7,8,15,21,29,41,6,12,0.05
70cc18da4454c2c4,8,21,21,38,41,0,3,0.079
3da4b6be4afccbb0,8,31,25,53,48,-6,-5,0.081
1c3689e4ae930bd9,8,47,29,79,55,-18,-24,0.093
26e834adb1a578e6,8,56,30,94,58,-26,-36,0.086
853be3668a2e7d1e,8,42,29,69,55,-13,-14,0.091
363e14af448dbbf6,8,43,27,72,52,-16,-20,0.087
fcbf71da1cebf19f,8,51,30,84,58,-21,-26,0.095
efcbf29ffe9c4154,8,18,18,33,33,0,0,0.063
8454868703b09e54,8,24,24,42,45,0,3,0.077
3844d29eb2330710,8,34,29,57,53,-5,-4,0.073
d95fc856a986d0ba,8,27,27,48,49,0,1,0.077
083a2bc16b60a236,8,35,27,60,51,-8,-9,0.098
b3c31080b41915c6,8,42,30,71,56,-12,-15,0.071
ed8c6b2a6555fa42,8,35,26,59,50,-9,-9,0.076
03a4006e5f765faf,8,17,18,31,36,1,5,0.115
6527063b59124142,8,27,24,46,45,-3,-1,0.052
4d584695e5d6577e,8,52,29,87,55,-23,-32,0.06
bbda4d5944fac2ee,8,51,30,84,58,-21,-26,0.074
ec4330e8bb7ec541,8,46,29,77,55,-17,-22,0.052
9fc3400d70cd41fd,8,35,27,60,51,-8,-9,0.056
581ad015e827402e,8,42,30,71,56,-12,-15,0.06
a3fd7de6defecc30,8,22,24,41,42,2,1,0.055
2b8d65656e0222b2,8,28,24,50,46,-4,-4,0.057
e80f3ce1c2cfca2f,8,38,29,65,53,-9,-12,0.055
be63ea466752a65a,8,23,21,41,41,-2,0,0.062
54d42b3c7ccec729,8,31,25,53,48,-6,-5,0.067
ca1a0766165b8c54,8,15,21,29,41,6,12,0.05
b4526e9e65cb8339,8,23,24,41,46,1,5,0.058
707c4c04622781ad,8,35,27,60,52,-8,-8,0.059
a64a3e45895b40ca,8,43,29,72,56,-14,-16,0.066
4f63bd78aa8e93c7,8,18,18,33,34,0,1,0.062
0898b458c3f8b0e0,8,26,27,45,48,1,3,0.055
2cea4d545921aa49,8,35,27,60,51,-8,-9,0.061
e7c211f0012769fb,8,42,30,71,56,-12,-15,0.07
a7fad18c1bdfda5e,8,27,27,48,51,0,3,0.059
535faf476c7341d3,8,34,29,59,54,-5,-5,0.063
ac4db8c7c40ef73b,8,19,24,34,45,5,11,0.061
59e9deeba44adb16,8,29,24,52,46,-5,-6,0.055
6072b8fadde61b9e,8,37,29,64,53,-8,-11,0.057
5c3e7f7d9809bffc,8,22,24,41,44,2,3,0.052
2503989e0a11ba49,8,30,29,53,53,-1,0,0.07
4d020f968d550a0a,8,46,24,76,47,-22,-29,0.072
256bc5d0c55171ef,8,45,27,75,53,-18,-22,0.063
9fbac26cfc4dba17,8,31,26,52,50,-5,-2,0.069
914398779266e32f,8,22,24,41,46,2,5,0.045
e82779a6c38a58a2,8,30,26,53,49,-4,-4,0.057
9123a7c359b80151,8,32,24,55,48,-8,-7,0.049
68be5dace7557566,8,38,27,63,53,-11,-10,0.057
2f6219f887c2e4ab,8,49,25,81,48,-24,-33,0.054
303d8f2d0c6f5cff,8,59,28,96,54,-31,-42,0.056
254f13b11dad589f,8,47,29,80,54,-18,-26,0.062
a5515c4b3d1af813,8,53,27,89,52,-26,-37,0.062
a79b6b03c45ea79f,8,58,30,97,58,-28,-39,0.06
b67e837dee2618bd,8,31,26,53,46,-5,-7,0.06
8a8b0b14c2dfce48,8,36,24,62,46,-12,-16,0.066
3a6e3f688c4fcdc3,8,43,29,73,55,-14,-18,0.06
20e6e15eb3b8aa3a,8,30,27,53,51,-3,-2,0.066
08beccd3fe6811e4,8,40,29,70,54,-11,-16,0.06
9feaf21079cf1db8,8,45,27,76,52,-18,-24,0.072
f34466c44a1f3514,8,49,30,82,58,-19,-24,0.07
159e5546e936a4e0,8,34,26,59,50,-8,-9,0.055
af53a0e623c1c08d,8,52,29,89,55,-23,-34,0.075
617ed158a8c119fb,8,47,30,79,58,-17,-21,0.063
0e52c6757f9bf34c,8,27,24,49,44,-3,-5,0.056
2bb33e51416608d6,8,35,29,61,53,-6,-8,0.066
46d8a0a1e8a56c84,8,40,24,69,47,-16,-22,0.061
ec67764ebc7a058d,8,46,29,80,55,-17,-25,0.065
26ea8e440d3756cd,8,22,24,41,48,2,7,0.055
e2b0e0924cbd90ed,8,30,26,53,51,-4,-2,0.057
207ace699fb4cb68,8,43,27,73,52,-16,-21,0.068
d1fabb3d17931015,8,49,30,83,58,-19,-25,0.072
45ec2569e7d60367,8,34,27,61,52,-7,-9,0.053
b9805210d66c2ed7,8,39,29,67,56,-10,-11,0.071
7913e9fc10a2727a,8,27,24,49,45,-3,-4,0.066
75043431ef373980,8,35,29,61,55,-6,-6,0.076
15bb9417dcd3d1fd,8,23,19,42,37,-4,-5,0.064
3c08be206c51750b,8,45,29,78,56,-16,-22,0.08
c0065076278dff32,8,38,22,66,42,-16,-24,0.055
fc8340f388dac538,8,53,29,91,56,-24,-35,0.07
1f9274dff34ff0ae,8,49,29,85,56,-20,-29,0.069
f318f9e6c0eca19c,8,47,27,80,54,-20,-26,0.062
75d240184d51cc3b,8,59,27,96,53,-32,-43,0.072
c739603b2bee6b5b,8,27,22,49,42,-5,-7,0.122
c2c1fd2b4330048d,8,44,29,77,55,-15,-22,0.075
1e81781844e739f4,8,36,29,64,56,-7,-8,0.051
bca91ae9202f4185,8,39,27,66,51,-12,-15,0.056
480f61d9996df2ce,8,31,22,55,42,-9,-13,0.052
782d0c5ab7a0eadf,8,60,30,100,58,-30,-42,0.061
20968f40a919c491,8,50,29,86,56,-21,-30,0.067
f1eb6801531f73ea,8,40,29,70,56,-11,-14,0.069
b29d1e01d406e9a7,8,42,26,74,50,-16,-24,0.075
2ff7313bff780e09,8,43,29,73,55,-14,-18,0.067
e60e3e0987c14735,8,35,26,63,50,-9,-13,0.065
cf39a8b48d9ee923,8,8,17,17,32,9,15,0.052
ee45ed648976b598,8,45,29,78,56,-16,-22,0.074
eae5806195e4209d,8,27,22,48,42,-5,-6,0.054
4bf4703ec2e3785a,8,36,29,63,56,-7,-7,0.056
420445c1b9a35637,8,18,22,33,40,4,7,0.057
4febe5fc6655e53d,8,42,30,71,56,-12,-15,0.065
a4cbfa83de149e95,8,34,29,59,53,-5,-6,0.073
a718208b0b6af3ae,8,27,29,48,54,2,6,0.074
de33ca5022b63e55,8,31,26,56,49,-5,-7,0.07
e156c1a9c852a47b,8,30,29,53,53,-1,0,0.075
5c190f6f023f78c8,8,22,26,41,47,4,6,0.051
25906b36ac4c0c7e,8,51,27,84,51,-24,-33,0.068
cdbf2c969133adac,8,50,29,86,56,-21,-30,0.069
17c6b1502809fec8,8,52,30,87,58,-22,-29,0.062
fa6dc375448729fc,8,45,29,78,56,-16,-22,0.072
ff16733ed11f1fc3,8,44,29,77,55,-15,-22,0.068
a4b4a86c20aac3e1,8,35,29,64,56,-6,-8,0.075
eeb445f1c6d195d1,8,27,26,49,49,-1,0,0.066
2857402f9455eb28,8,22,24,41,43,2,2,0.059
f005b0e8ef10677a,8,58,27,97,53,-31,-44,0.075
608576efa0fdcd98,8,38,27,66,51,-11,-15,0.076
454d12b96af9cc5b,8,54,27,92,52,-27,-40,0.069
34fbf9bc658c6977,8,46,29,80,56,-17,-24,0.072
ba64fc0e5ce2293a,8,26,18,46,35,-8,-11,0.057
78c861e91a702983,8,30,27,53,50,-3,-3,0.063
08ba44e9e41be9bf,8,46,27,78,52,-19,-26,0.058
9a875191c3f96679,8,36,27,65,52,-9,-13,0.062
3a4452badb09cf05,8,38,29,67,56,-9,-11,0.069
4ed9ac37e89a2e9b,8,42,29,74,55,-13,-19,0.085
12d8d40a6c85e0c9,8,34,29,61,55,-5,-6,0.066
13a61529e7983dd4,8,42,26,70,52,-16,-18,0.065
b37ec7d7eda7e816,8,43,26,72,51,-17,-21,0.076
6fd489627536a8ed,8,27,24,45,44,-3,-1,0.068
64a8bf779a2732c4,8,41,27,68,52,-14,-16,0.07
ef1217e9a3fc7920,8,27,24,48,47,-3,-1,0.069
7f9cd96274f06caf,8,35,26,59,50,-9,-9,0.071
a229727cb03e77a6,8,60,29,97,56,-31,-41,0.064
d9ff51753d45e7e3,8,62,29,103,56,-33,-47,0.067
537d03c9f57188a3,8,41,27,69,50,-14,-19,0.062
4e62b947c88c6212,8,57,30,93,58,-27,-35,0.072
69524f1aa8e78db3,8,50,29,84,56,-21,-28,0.057
46e926e09a766235,8,47,27,78,51,-20,-27,0.069
0d3d34d451162477,8,61,30,101,58,-31,-43,0.072
345d7eb516d7a8a1,8,48,27,82,52,-21,-30,0.073
52fd440e00361c81,8,55,29,92,56,-26,-36,0.064
35f97a2b335201e2,8,41,29,68,54,-12,-14,0.072
0e4ec64f76252cde,8,27,18,48,34,-9,-14,0.047
c4ba68b70c451b42,8,35,27,59,49,-8,-10,0.07
c502ce0ae1036d51,8,41,27,70,51,-14,-19,0.078
e427c20e07304cb1,8,49,30,82,57,-19,-25,0.08
78987a85970bc4c9,8,36,27,63,51,-9,-12,0.069
48c344355723bfb0,8,43,29,73,55,-14,-18,0.078
c919e88200a826f5,8,46,29,78,55,-17,-23,0.072
49fe800729a22534,8,47,29,80,55,-18,-25,0.142
d2e61977692eb392,8,44,29,75,54,-15,-21,0.055
26fd003d1245d669,8,33,24,58,44,-9,-14,0.073
2db93c2f2172c73e,8,43,29,70,54,-14,-16,0.072
a0e0f9eb3d79cc7d,8,57,27,95,54,-30,-41,0.084
a0047a24b6f1bd6f,8,39,26,66,51,-13,-15,0.074
8886d0af799caf1e,8,32,24,56,47,-8,-9,0.066
204ec339b42e73a8,8,41,24,70,48,-17,-22,0.069
c1cec6b86e0f926d,8,48,27,80,54,-21,-26,0.087
4ca45dde863aff41,8,73,28,120,55,-45,-65,0.063
a4794f2f834004b7,8,56,29,93,55,-27,-38,0.064
9df57773a4fbe39a,8,68,30,114,58,-38,-56,0.066
3a8ceb913b806ec1,8,46,24,76,46,-22,-30,0.062
fc61e8616ad62427,8,48,29,79,55,-19,-24,0.064
1b361db5b7339f6d,8,40,27,69,51,-13,-18,0.076
ce23f5b79657b9f3,8,51,27,85,52,-24,-33,0.072
845dd54bc4a1d467,8,57,30,94,58,-27,-36,0.073
47a76b56e59f44d4,8,45,26,75,51,-19,-24,0.07
9f9f7ab67d31c7e7,8,60,29,102,55,-31,-47,0.06
c98415316f6246ea,8,57,30,94,58,-27,-36,0.069
cd1ff933aee7d4f7,8,48,24,81,47,-24,-34,0.069
1fbd5670b929c1b0,8,53,29,89,55,-24,-34,0.062
9078cf0d3e2ee68a,8,34,24,60,48,-10,-12,0.067
65d6f7f5d3c1cb7b,8,42,26,71,52,-16,-19,0.059
01b1f7ed7dbd7f69,8,51,27,87,52,-24,-35,0.061
f3164a1a4f6dac82,8,34,18,59,35,-16,-24,0.053
cecdacfc15829545,8,54,27,91,52,-27,-39,0.07
6625289473703242,8,59,30,97,58,-29,-39,0.062
853992b7e4260e97,8,43,27,74,52,-16,-22,0.068
2f6212cafb860379,8,50,29,85,56,-21,-29,0.086
946d6d7d81d59c01,8,47,29,80,55,-18,-25,0.096
41c74701bbe9a0de,8,54,29,91,56,-25,-35,0.085
28ee2395397c3c89,8,37,22,63,42,-15,-21,0.082
a6b48f7e56a794af,8,58,30,97,58,-28,-39,0.08
bca44924440ec459,8,51,29,86,55,-22,-31,0.082
4e17d6fc612a0f57,8,46,29,78,56,-17,-22,0.07
93397c543ed9fc04,8,40,26,70,49,-14,-21,0.077
5319a7a3451290fc,8,39,18,67,35,-21,-32,0.074
669654770dfb793c,8,62,30,102,58,-32,-44,0.079
4fa0584756701045,8,48,27,81,52,-21,-29,0.075
67e8c50e80ce9c0c,8,52,29,89,56,-23,-33,0.076
92397c54ce6baa91,8,33,27,57,50,-6,-7,0.071
8d5bfead21298153,8,36,27,63,51,-9,-12,0.067
69f51f37504cf518,8,40,29,69,55,-11,-14,0.08
63abdb560579606c,8,35,18,61,35,-17,-26,0.077
390be2deb93b50b9,8,42,27,70,51,-15,-19,0.079
a6bcddf4a94d5f99,8,50,27,82,52,-23,-30,0.075
b8d76cbb3a1be33f,8,55,30,93,58,-25,-35,0.086
a51d8801d9cfb680,8,43,27,73,52,-16,-21,0.086
8ec10c1ed2d5e5e0,8,51,29,85,56,-22,-29,0.071
3086e477a81ee4f1,8,11,13,22,25,2,3,0.063
94fb64446e00a66a,8,20,21,37,38,1,1,0.067
1abcf232dba1ee4c,8,23,20,43,38,-3,-5,0.073
306e44074fb21d98,8,29,23,52,43,-6,-9,0.09
a0c028cb71744983,8,21,18,39,34,-3,-5,0.064
dfb92728ed507555,8,30,27,52,49,-3,-3,0.055
c30219644c2fd5be,8,36,27,63,51,-9,-12,0.093
38b875633b983b15,8,43,30,74,56,-13,-18,0.072
c42b6a0296fb8e07,8,31,27,56,51,-4,-5,0.082
7e306aaa5116f6f1,8,37,29,65,54,-8,-11,0.068
603cf3038c498a46,8,34,24,57,46,-10,-11,0.082
b0ea2eea21eb91fc,8,42,29,70,54,-13,-16,0.071
b72557758b610d20,8,30,18,54,35,-12,-19,0.079
36d7f75ba5b33a9b,8,36,27,64,50,-9,-14,0.091
51ece0b138cfb73b,8,45,27,76,52,-18,-24,0.069
5f685cb44c238895,8,51,30,87,57,-21,-30,0.095
d8bdcaadbe61b2f0,8,36,27,65,52,-9,-13,0.068
b3842a26876f2bce,8,44,29,75,55,-15,-20,0.085
6c29a07b7129cf0b,8,65,25,103,48,-40,-55,0.069
1b98c05f728faba4,8,79,28,126,55,-51,-71,0.077
8af805dbbae28e69,8,74,27,118,53,-47,-65,0.072
4f8e417343683004,8,42,18,69,35,-24,-34,0.138
72a0cd8cfb03dfe5,8,48,27,80,51,-21,-29,0.078
21255aa5ccd01b6c,8,64,30,104,58,-34,-46,0.082
de7b57b977e11bb1,8,52,27,87,52,-25,-35,0.078
2851c684566c0882,8,57,29,95,56,-28,-39,0.099
f2a522d20ef41c55,8,47,25,78,47,-22,-31,0.069
ce3c9bc993325921,8,61,28,101,54,-33,-47,0.098
1cea20cf64792622,8,59,27,98,52,-32,-46,0.075
c3753b61a9827d76,8,50,16,81,32,-34,-49,0.067
206b101e23532b84,8,57,25,93,48,-32,-45,0.082
0f63a591a2acc3e8,8,73,28,117,55,-45,-62,0.091
65a0556c3e5449d0,8,59,25,96,49,-34,-47,0.073
d61cf0b712e7f50f,8,66,27,108,53,-39,-55,0.076
98426ac2ebed730e,8,64,30,103,58,-34,-45,0.077
121055ae05738291,8,51,27,84,52,-24,-32,0.064
205bd7018fcd30ac,8,59,29,95,56,-30,-39,0.073
ae70ff20ef085215,8,42,12,71,25,-30,-46,0.076
93fdcb6c3da652f9,8,48,21,79,41,-27,-38,0.056
20d24714ec5168a4,8,62,24,99,48,-38,-51,0.08
685f86b1b3d04583,8,54,23,89,46,-31,-43,0.082
c87ba277fcf843f2,8,51,16,83,31,-35,-52,0.067
c7afaa0d4826381f,8,59,25,94,47,-34,-47,0.073
5891faa2be10d88e,8,63,25,102,48,-38,-54,0.074
4e5a590e33963f1f,8,72,28,114,54,-44,-60,0.077
6e407d9dbb56a9e0,8,58,25,96,48,-33,-48,0.067
2c26e397882def8a,8,67,27,108,52,-40,-56,0.066
7948a3179a1f9eda,8,42,29,70,55,-13,-15,0.06
3eaf834952c77999,8,37,18,62,35,-19,-27,0.051
da6cce8210f06664,8,45,27,73,51,-18,-22,0.064
cc9dd073bace3d6b,8,51,27,86,52,-24,-34,0.059
311df0bf378ce629,8,60,30,99,58,-30,-41,0.076
081aec5d2a242b9c,8,46,27,77,52,-19,-25,0.068
3ac9d68f86329356,8,53,29,87,56,-24,-31,0.07
c36daa1808db33d1,8,37,12,63,25,-25,-38,0.056
1f1a99889abd5c2b,8,38,21,63,41,-17,-22,0.072
d1f9f8127725e976,8,59,24,98,48,-35,-50,0.066
9fd7912db4dd18d8,8,41,21,69,42,-20,-27,0.062
febd0cbd34e22ca6,8,53,23,88,46,-30,-42,0.062
57ffc29f284db4da,8,51,22,82,42,-29,-40,0.062
280081dc97b09d0b,8,59,27,94,51,-32,-43,0.059
f0be3cc983442024,8,46,16,76,31,-30,-45,0.067
c8c8b4d37000d2b6,8,52,25,85,47,-27,-38,0.067
b2d9324e715968be,8,59,25,96,48,-34,-48,0.066
0890e8b376ecbd35,8,67,28,108,54,-39,-54,0.067
d6532243052154ee,8,55,25,91,48,-30,-43,0.066
63a83efda70cfa86,8,60,27,99,52,-33,-47,0.071
dc549932bd165166,8,47,24,78,46,-23,-32,0.052
5385b7ff19dffb33,8,53,29,89,55,-24,-34,0.056
85b68caed9d4f467,8,52,27,88,51,-25,-37,0.06
d846ca6d5425da18,8,46,18,77,36,-28,-41,0.057
445cdb0bc25abe2d,8,52,23,86,45,-29,-41,0.067
213b8235f3851b3b,8,41,24,70,46,-17,-24,0.057
ae62241dd3e26cb5,8,49,29,81,55,-20,-26,0.066
4fe602ce5913a4bd,8,39,18,66,36,-21,-30,0.06
7a989586f98f6331,8,48,23,80,45,-25,-35,0.057
e3eb80c311147402,8,56,22,93,43,-34,-50,0.06
54599610b5e359a1,8,64,27,105,51,-37,-54,0.063
8baa731b469ed254,8,50,22,84,42,-28,-42,0.059
cbc51a25f4ddd9ab,8,56,27,93,51,-29,-42,0.072
ee4f53b4f0a9b6a5,8,60,29,101,56,-31,-45,0.065
affdc265d75c5bcb,8,49,29,83,56,-20,-27,0.074
027bb5623cd0f023,8,65,30,106,58,-35,-48,0.054
36b21f4643edb0a0,8,53,27,88,52,-26,-36,0.066
d3a32f1dc1c6fad8,8,61,29,100,56,-32,-44,0.073
d50b7063f9de009e,8,54,29,91,55,-25,-36,0.132
f703eb9b436fa77c,8,63,30,105,58,-33,-47,0.068
fec9fd167bd603b4,8,53,27,89,52,-26,-37,0.054
a3e991db1c145d33,8,59,29,97,56,-30,-41,0.069
535983c29b40cddf,8,36,26,63,49,-10,-14,0.072
d009c7ea5fd7b7e5,8,28,18,49,34,-10,-15,0.056
608250be02201b91,8,38,27,66,50,-11,-16,0.059
34cbd8e50f53c211,8,48,30,81,57,-18,-24,0.06
c6f3e3521ff7834e,8,39,27,69,51,-12,-18,0.062
0418fd9a9f8b836b,8,45,29,76,55,-16,-21,0.057
6771de87435cbb07,8,39,18,66,35,-21,-31,0.056
431e1e3617b46722,8,47,27,77,51,-20,-26,0.073
33b18e37c3b6789a,8,53,27,88,52,-26,-36,0.059
f59e1a140e514f1b,8,55,30,94,58,-25,-36,0.073
4afc63dc0995e6c2,8,48,27,81,52,-21,-29,0.05
1793e98293c36f85,8,53,29,87,56,-24,-31,0.063
565cd2f917ef8dd5,8,64,23,102,46,-41,-56,0.075
ead3b12f3927150b,8,77,24,122,48,-53,-74,0.056
a833a388ca6c9813,8,63,21,102,42,-42,-60,0.058
368afdd05700d5fd,8,72,23,114,46,-49,-68,0.057
284f49b737486ae6,8,75,28,123,55,-47,-68,0.056
2115512becaf6b62,8,67,27,111,53,-40,-58,0.066
775416d030d9ff17,8,67,16,107,32,-51,-75,0.073
25a26a2cc6275f2f,8,88,28,140,55,-60,-85,0.066
00d800a2373b78cc,8,74,25,120,49,-49,-71,0.065
659a33e9310888db,8,83,27,132,53,-56,-79,0.065
72da5802f775dfb0,8,48,27,81,52,-21,-29,0.065
a898abf1aeb1b51a,8,53,29,90,56,-24,-34,0.067
f612620150a59c5b,8,49,16,81,32,-33,-49,0.066
02db6faf03d84451,8,70,28,114,55,-42,-59,0.061
b1094920a1199913,8,58,25,96,49,-33,-47,0.067
e2125332bfe6bf61,8,63,27,105,53,-36,-52,0.071
5a52835b6ff92080,8,62,22,101,43,-40,-58,0.067
1324d05a208f5ccb,8,57,16,93,32,-41,-61,0.062
babc39f98249e4be,8,71,25,116,49,-46,-67,0.063
7a41e9b57b4f1721,8,76,28,124,55,-48,-69,0.07
e2a6ff0cd0607cac,8,66,25,108,49,-41,-59,0.062
5bd847fa273e7cfc,8,71,27,116,53,-44,-63,0.065
bd38d3df53a3036a,8,60,18,96,35,-42,-61,0.061
6c6a3419503effd7,8,68,23,107,45,-45,-62,0.057
ac50344cecfcb755,8,64,27,106,52,-37,-54,0.063
698daa5cb86ca2fc,8,71,22,114,42,-49,-72,0.06
d639240fdb77bb9c,8,79,27,128,52,-52,-76,0.068
97cc6792a25dc31a,8,50,29,86,55,-21,-31,0.066
217f4a425825ca44,8,54,22,90,43,-32,-47,0.057
5f576321be331e4e,8,60,27,100,52,-33,-48,0.062
9e1711658d9083af,8,66,25,107,49,-41,-58,0.057
c442629d6c03c7c9,8,72,27,116,53,-45,-63,0.074
88322d60c771f5c1,8,68,22,112,44,-46,-68,0.068
43be12017506e971,8,74,27,122,52,-47,-70,0.079
aefcc2e19b63d269,8,58,22,94,42,-36,-52,0.066
ca91013760c2c080,8,72,27,117,52,-45,-65,0.072
f05b7fb44fa60808,8,53,24,89,47,-29,-42,0.067
61ef15b1e893fda2,8,62,27,101,53,-35,-48,0.057
38bf0ba0ea3e5cd0,8,55,21,89,42,-34,-47,0.055
b981523a0db8cffd,8,63,24,102,48,-39,-54,0.057
26da7085cbaf4b9e,8,63,23,101,45,-40,-56,0.134
3536ba44c0a4b43b,8,54,21,89,41,-33,-48,0.064
726555f1d5b31c91,8,62,23,100,44,-39,-56,0.065
e0c0dc0c0e941d98,8,61,21,100,42,-40,-58,0.053
f920a1d77ae7c32e,8,70,24,112,48,-46,-64,0.07
926b5735b655d324,8,58,27,96,52,-31,-44,0.06
ecf68f662b89f793,8,66,30,108,58,-36,-50,0.073
bf99dd1fd7d9b8d6,8,65,29,105,55,-36,-50,0.065
3253cfca0b40c1b4,8,67,29,108,54,-38,-54,0.07
d3632f5ce4962947,8,67,27,108,52,-40,-56,0.073
01e3884279e799ad,8,75,30,120,58,-45,-62,0.068
80382ba277bb493c,8,58,22,95,42,-36,-53,0.052
16883e86daa3bfb4,8,66,27,106,51,-39,-55,0.064
92c430d81865eb93,8,65,27,106,50,-38,-56,0.06
38ad21fa8ad845a8,8,65,25,108,48,-40,-60,0.057
96802faee2901774,8,74,28,120,54,-46,-66,0.061
616af719260dcf82,8,57,16,94,32,-41,-62,0.049
0d826780f6ecfca0,8,65,24,105,44,-41,-61,0.062
f51b6720afbd5363,8,64,22,105,43,-42,-62,0.058
f69f3372e714db0a,8,73,27,117,52,-46,-65,0.073
0d08a4799feaa266,8,64,25,107,48,-39,-59,0.063
20de65c88b0204f8,8,73,27,119,51,-46,-68,0.061
a304fbb526d384d1,8,72,25,119,49,-47,-70,0.065
9f648cdc4d57cf02,8,81,28,131,55,-53,-76,0.062
a93635f4d4b6055e,8,42,24,70,46,-18,-24,0.052
ded3438c9513cc0c,8,50,29,83,55,-21,-28,0.058
c49368ee86843a08,8,43,27,74,51,-16,-23,0.06
92220c28d779c73b,8,49,29,83,54,-20,-29,0.062
716066eecd904bfc,8,50,27,85,52,-23,-33,0.058
ab61aba23b03a50d,8,59,30,98,58,-29,-40,0.057
9684035cf00a4729,8,45,18,75,35,-27,-40,0.064
20df5fbd95cf6d47,8,53,26,87,47,-27,-40,0.069
50c0862d6925d3fb,8,53,24,87,46,-29,-41,0.059
60622335f9bcf358,8,61,29,99,55,-32,-44,0.078
02bd8f80aaa8ff57,8,52,27,89,51,-25,-38,0.062
cdeee45e3988658f,8,62,29,102,54,-33,-48,0.078
c64369075ece3967,8,60,27,101,52,-33,-49,0.051
684f0a3aea976413,8,70,30,114,58,-40,-56,0.071
e00b0fdaa192e3ec,8,41,16,69,31,-25,-38,0.063
abbb8cb9cd7248d6,8,47,24,78,43,-23,-35,0.068
b1ae774224597c2a,8,50,22,83,42,-28,-41,0.066
e822a0f6bf83bed0,8,56,27,92,51,-29,-41,0.059
297b2cdaae482b23,8,50,25,84,47,-25,-37,0.063
5d9512deee7fc6a6,8,55,27,92,50,-28,-42,0.06
18fedae4205c2376,8,59,25,98,48,-34,-50,0.066
8db6a5ee55095e44,8,64,28,106,54,-36,-52,0.063
8262b7549517311a,8,53,16,87,32,-37,-55,0.052
7752bfbea882bddf,8,59,24,96,44,-35,-52,0.055
4510567732b407d1,8,61,22,99,43,-39,-56,0.065
5435860706ab20b4,8,67,27,108,52,-40,-56,0.07
e4161ff5655c6399,8,62,25,102,48,-37,-54,0.061
b2d85f540a57577a,8,67,27,110,51,-40,-59,0.057
2d8cb8e122be6574,8,70,25,114,49,-45,-65,0.069
fc1ea3756de6f01c,8,75,28,122,55,-47,-67,0.072
76abfaca7a35eefd,8,64,23,104,46,-41,-58,0.066
871c19579b04746a,8,69,29,113,56,-40,-57,0.154
531c4cd7bdf3be19,8,72,27,118,52,-45,-66,0.067
f69b1f745b402e86,8,60,16,98,32,-44,-66,0.063
9e7fe302b7bbecbe,8,68,25,109,48,-43,-61,0.07
1d110b3bba7bebf7,8,67,25,111,49,-42,-62,0.089
378f9d32bbdf93f5,8,76,27,123,53,-49,-70,0.091
6e99f821f8ebc7f8,8,55,29,93,56,-26,-37,0.083
73b92e33267ad6d3,8,46,18,78,35,-28,-43,0.079
6391865652349ecf,8,54,27,90,51,-27,-39,0.077
a0c159c276b32b8b,8,70,30,114,58,-40,-56,0.074
b4b8efa2883b8b1f,8,55,27,93,52,-28,-41,0.083
26a3fad6869053c5,8,63,29,105,56,-34,-49,0.075
6056469227ef3c93,8,47,16,78,31,-31,-47,0.079
e41ee0c75974eee0,8,52,25,84,47,-27,-37,0.076
a88acb0a5778e053,8,63,28,104,54,-35,-50,0.079
6b94ccefec2e7d10,8,53,25,88,48,-28,-40,0.07
e58a7175d729892d,8,63,27,106,52,-36,-54,0.085
9cfcd3248a474899,8,54,16,90,32,-38,-58,0.062
f4e539a9efdb6295,8,60,25,99,48,-35,-51,0.076
1af349c99bd23cdb,8,70,25,114,49,-45,-65,0.066
785b0afde31f79a0,8,75,28,122,55,-47,-67,0.085
1a0dc3ac98be8361,8,63,25,105,49,-38,-56,0.078
0f55e5be44caff66,8,68,27,113,53,-41,-60,0.099
f576014ef5a4cce1,8,64,22,105,43,-42,-62,0.077
161aa31ee38d7c09,8,72,27,116,52,-45,-64,0.082
7d2f661fdc0ada8c,8,51,24,87,46,-27,-41,0.073
5680242554a5daf2,8,59,29,99,55,-30,-44,0.101
d31a38d0cd6e8b01,8,47,22,78,42,-25,-36,0.074
9a0586049bc719c9,8,58,27,98,51,-31,-47,0.083
81f7deccabc62d84,8,59,22,99,43,-37,-56,0.07
0539e7d4859cf6b4,8,65,27,108,52,-38,-56,0.088
565ed07d596fb689,8,61,27,102,52,-34,-50,0.079
a12bbc8aa74aa0c5,8,70,30,114,58,-40,-56,0.087
5891978cdd29c7b8,8,58,27,98,51,-31,-47,0.082
ff359e8b1dd483d9,8,66,29,109,54,-37,-55,0.085
5f36f2a6ba841f66,8,44,27,75,51,-17,-24,0.08
d8748b54279d8244,8,49,30,83,57,-19,-26,0.078
21279f8aa97c9179,8,42,27,72,51,-15,-21,0.081
7381cec1e5af0f79,8,47,29,80,54,-18,-26,0.078
aff22d1eac0e25f2,8,49,27,83,52,-22,-31,0.082
f0e82649d58f2597,8,57,30,95,58,-27,-37,0.081
e4532834d4bdd71e,8,45,18,76,35,-27,-41,0.064
c5603e1ac79302e5,8,51,26,85,47,-25,-38,0.091
8daaf866c994adbf,8,50,27,84,51,-23,-33,0.074
ddfd9f6ea5446876,8,59,29,99,54,-30,-45,0.077
fa66680b57b3d5f1,8,64,27,106,52,-37,-54,0.071
c106840cd0d9dc1e,8,67,30,111,58,-37,-53,0.082
435a369d1e45ae20,8,60,27,102,52,-33,-50,0.082
d9ad88bea1ef6863,8,68,29,113,56,-39,-57,0.072
7d93fb14efc21423,8,43,27,75,52,-16,-23,0.083
2b585b2e82650c8e,8,55,29,95,56,-26,-39,0.089
00d39317c182b600,8,47,18,80,35,-29,-45,0.06
80af97103af9de95,8,55,27,91,51,-28,-40,0.075
e169f58430aec5fb,8,65,27,106,52,-38,-54,0.086
6105eef579c75dff,8,68,30,114,58,-38,-56,0.085
8bb94c87cc6a511a,8,51,27,87,52,-24,-35,0.087
c9dc82f6661fc9cb,8,63,29,105,56,-34,-49,0.074
761979a24dc83279,8,51,24,88,46,-27,-42,0.088
34aa7f2c88ab7b06,8,59,29,99,55,-30,-44,0.086
b717746fd4781ecc,8,49,26,81,50,-23,-31,0.075
34cfa30637827a4d,8,60,24,99,48,-36,-51,0.083
ed352822084285ff,8,46,20,77,40,-26,-37,0.166
99d14e5d3294a508,8,60,24,99,47,-36,-52,0.072
fea1c64d86b1c683,8,49,26,83,51,-23,-32,0.064
1bf469893e2120a9,8,49,29,81,55,-20,-26,0.084
e983dc3eeecc4f7a,8,41,26,70,50,-15,-20,0.068
994aefee8a9a006b,8,47,20,81,41,-27,-40,0.089
3c48e93bcafeec29,8,47,23,80,45,-24,-35,0.079
d2b059514bddba0f,8,41,20,71,40,-21,-31,0.085
116da4d9dac67dc6,8,64,27,105,51,-37,-54,0.083
31ba0882bd3e83dc,8,56,24,93,47,-32,-46,0.084
aa27500a9fe38ae9,8,56,27,93,51,-29,-42,0.084
cd70bfe6a9955842,8,51,24,87,46,-27,-41,0.081
2ae5c43b8a73f001,8,57,29,97,56,-28,-41,0.075
406e48fdf3cef511,8,55,29,93,56,-26,-37,0.077
5d52f619008d566e,8,53,29,88,56,-24,-32,0.061
cb06927d3d70d4fa,8,58,29,97,56,-29,-41,0.049
9b17ad6fdb528066,8,57,29,93,56,-28,-37,0.068
09dd9d95cd310265,8,53,29,88,56,-24,-32,0.058
ce00343efaeee388,8,30,22,53,41,-8,-12,0.073
69c101ca3d1125ef,8,42,29,72,55,-13,-17,0.062
c8259e92de3208dd,8,37,29,64,55,-8,-9,0.062
f23ab7b3122608e1,8,45,27,75,51,-18,-24,0.06
1b09b898351e8231,8,38,22,65,42,-16,-23,0.069
4b10d1b4e4c5831e,8,61,30,100,58,-31,-42,0.066
7a272a84180bb988,8,49,29,85,56,-20,-29,0.074
43f16979b4af1d0d,8,54,29,90,56,-25,-34,0.078
836014daad976915,8,45,29,76,56,-16,-20,0.062
48ca27d75cbd81e0,8,60,20,98,39,-40,-59,0.069
78cd5ab7dd81d70b,8,77,24,125,48,-53,-77,0.072
c6ebdf5c27f965f2,8,71,24,116,46,-47,-70,0.075
45d2bda88e8075fd,8,45,26,78,50,-19,-28,0.073
4012c92f3112e98a,8,62,24,102,48,-38,-54,0.078
4850247d12fbe31e,8,60,27,100,52,-33,-48,0.076
058fe6b501c7fe69,8,56,24,93,47,-32,-46,0.067
081d2567cc656ebf,8,72,27,116,52,-45,-64,0.079
efaa2e43b066ccf8,8,67,24,112,48,-43,-64,0.081
48cbeb3a8fb6e204,8,66,27,108,52,-39,-56,0.072
51edd6eced9d7521,8,57,24,93,46,-33,-47,0.066
17319cf8beb4e6cb,8,54,26,91,51,-28,-40,0.066
1b804c322a830400,8,56,23,91,46,-33,-45,0.067
f6e3e28930451470,8,54,20,89,40,-34,-49,0.062
ea5636838705ac3e,8,55,23,92,44,-32,-48,0.058
12f7a296228b7a66,8,62,23,103,46,-39,-57,0.07
d8643991c37bc29e,8,61,29,101,56,-32,-45,0.068
0a5bf87fddf4fb17,8,56,26,93,50,-30,-43,0.075
623ec0627d3fcf21,8,59,29,98,54,-30,-44,0.064
b87fde9c3efc52e1,8,67,29,110,56,-38,-54,0.074
cc57fd71f074ceee,8,59,24,97,46,-35,-51,0.064
9334acc818c53cfb,8,56,27,94,50,-29,-44,0.058
f21f665c71474ff3,8,66,27,110,52,-39,-58,0.078
af1db521dce87ee4,8,57,18,94,36,-39,-58,0.061
275cb858befe1525,8,72,27,117,52,-45,-65,0.062
4f2e53099a1ef4ad,8,64,24,105,47,-40,-58,0.065
df5bdaa117d62eca,8,64,27,107,51,-37,-56,0.073
511f33f264f86203,8,80,28,131,55,-52,-76,0.076
45174c1859e4fa35,8,72,27,119,53,-45,-66,0.062
f7de932bf0f22c9e,8,43,26,73,50,-17,-23,0.068
58e6396ea2709f86,8,43,29,74,54,-14,-20,0.068
8d8d1beabb579bd4,8,58,30,97,58,-28,-39,0.075
289e4f81bea59ca9,8,53,29,90,56,-24,-34,0.082
b39cf1a44a4aa5fa,8,46,20,78,39,-26,-39,0.07
01b09f80fd4211ae,8,61,29,99,55,-32,-44,0.076
1531eba4d7ebcad9,8,54,26,90,50,-28,-40,0.059
7bf09956c76af262,8,52,29,90,54,-23,-36,0.069
b5e4b596f096cfd9,8,68,30,113,58,-38,-55,0.073
c138358372e423a3,8,60,29,102,56,-31,-46,0.079
9cb57369f135cb86,8,47,24,78,43,-23,-35,0.062
4662bef16d6f3f51,8,41,18,69,35,-23,-34,0.062
5f99d4d268bd4ba5,8,56,27,92,51,-29,-41,0.065
45e04cda28b91bd1,8,51,24,85,46,-27,-39,0.063
ad92befded5d65b0,8,50,27,84,50,-23,-34,0.123
e71b57fa7e12cade,8,67,28,110,54,-39,-56,0.07
41de36432ece73bf,8,60,27,100,52,-33,-48,0.076
59d66423f88e1cb6,8,59,24,96,44,-35,-52,0.074
e48dc7d2e1488b0f,8,54,18,90,36,-36,-54,0.063
739c2f7ce4846dec,8,69,27,111,52,-42,-59,0.069
f26c989492ca3445,8,62,24,102,47,-38,-55,0.077
fa6c734f8e661346,8,70,27,114,51,-43,-63,0.066
8b28258b6f752a7d,8,63,27,105,51,-36,-54,0.068
e47722fc50145e72,8,78,28,126,55,-50,-71,0.073
35446b7667719038,8,71,27,117,53,-44,-64,0.071
f391781816a30dd6,8,58,23,96,46,-35,-50,0.073
81c18b87c9fb20f4,8,60,20,99,39,-40,-60,0.067
116916de358f54b3,8,72,27,119,53,-45,-66,0.068
bf082389053651a2,8,75,27,123,53,-48,-70,0.074
640061dfa01f8167,8,67,27,112,53,-40,-59,0.08
e1e29ee66a417b5e,8,49,22,81,42,-27,-39,0.069
1c168cbc6ebaf106,8,60,29,102,56,-31,-46,0.078
112f38dba6517c41,8,58,29,97,56,-29,-41,0.071
ba5b1691f4da3447,8,46,20,76,38,-26,-38,0.068
afdd81f4bb4dbd67,8,58,27,96,52,-31,-44,0.07
eb165ac24112b821,8,64,27,104,52,-37,-52,0.071
86b7fcecf49dec58,8,55,27,93,52,-28,-41,0.066
3dd2c3883809b712,8,60,25,99,48,-35,-51,0.061
323b9e51e6c4104b,8,57,20,93,39,-37,-54,0.059
ada3f98b9b9f89e2,8,71,27,117,53,-44,-64,0.064
feda3ae8c41c4549,8,71,27,117,53,-44,-64,0.077
ad2bf0c25d58d2ed,8,66,27,108,53,-39,-55,0.07
0ace3cb91e81c96b,8,64,24,107,47,-40,-60,0.063
54f50d3f6f3d9337,8,53,26,90,50,-27,-40,0.071
0586cdcccf822ea1,8,47,24,80,46,-23,-34,0.068
65dff3806a272ae9,8,65,27,108,52,-38,-56,0.074
adb5315bb77bd922,8,61,24,102,47,-37,-55,0.083
8a35a9b9b4eff9ae,8,64,30,106,58,-34,-48,0.062
7f2fa33b8241a67c,8,62,29,102,56,-33,-46,0.071
ace972e2049a392f,8,67,29,112,54,-38,-58,0.077
1d6767f2cbe35da2,8,58,29,98,54,-29,-44,0.073
c379d163f15b64b3,8,52,30,87,57,-22,-30,0.065
6336daeaadc7c9e3,8,44,29,75,55,-15,-20,0.065
193568bb36ee7de7,8,50,29,84,54,-21,-30,0.083
004eec7c8a2e23fe,8,42,29,72,54,-13,-18,0.065
d2c9c2673213d3f2,8,58,30,99,58,-28,-41,0.074
2b700a95b6ac6c32,8,52,29,88,56,-23,-32,0.076
534f82e94a9ac43f,8,51,26,85,47,-25,-38,0.076
bb87e178157c9611,8,45,20,76,39,-25,-37,0.061
4335886e26b7c5bd,8,62,29,103,54,-33,-49,0.075
ba72a087e51eb312,8,50,29,84,54,-21,-30,0.075
64319c2e6e489cee,8,72,30,119,58,-42,-61,0.13
a8ce11fd17470ca3,8,62,29,103,56,-33,-47,0.087
9921f8d5aeb20d34,8,60,29,102,56,-31,-46,0.067
5cb7aeab5b64e557,8,44,29,76,56,-15,-20,0.063
d291c94e51d83b82,8,52,27,86,51,-25,-35,0.07
6af543ba2c83a269,8,47,22,80,42,-25,-38,0.064
2463134cef576e03,8,62,29,105,56,-33,-49,0.082
c75d00a58b4280b6,8,61,29,102,56,-32,-46,0.076
03656dc74bcb1511,8,53,29,91,56,-24,-35,0.073
d0bc33aabac8ef18,8,60,29,102,55,-31,-47,0.073
6b61cce5bb967941,8,51,26,88,50,-25,-38,0.067
f1798ba619ab3af1,8,39,18,65,35,-21,-30,0.072
03db4298248a0874,8,48,27,79,52,-21,-27,0.074
8970c9b42a7b7d51,8,57,29,93,56,-28,-37,0.067
ff9b1219a7e56d62,8,41,27,68,52,-14,-16,0.076
25b5fa7db3aee435,8,41,25,68,49,-16,-19,0.064
df77a38e5193cf4e,8,36,27,62,51,-9,-11,0.057
badc81e6cbcb0878,8,30,21,49,40,-9,-9,0.058
6d07067a9df60a05,8,25,20,44,38,-5,-6,0.052
46fe87eb3882cb53,8,30,21,50,39,-9,-11,0.071
1c4cf982289aedd9,8,25,21,43,39,-4,-4,0.067
5e994890d4a1c04d,8,33,27,59,51,-6,-8,0.066
141e50a60d23038f,8,39,29,66,55,-10,-11,0.061
b1017c6ec2eb6714,8,36,18,61,35,-18,-26,0.065
440b012458c18ec6,8,50,27,84,52,-23,-32,0.08
dacd43446cb9044a,8,54,30,91,58,-24,-33,0.076
812a3f1cf4e2503d,8,44,27,73,52,-17,-21,0.064
e0867f80cabc6d3c,8,49,29,81,56,-20,-25,0.067
86205b9a780eb17b,8,25,18,41,36,-7,-5,0.055
77e7abaa4b87dc82,8,17,12,31,25,-5,-6,0.065
5e53d718c5834ff1,8,41,24,66,47,-17,-19,0.064
516e679e3e203a2f,8,28,21,49,42,-7,-7,0.055
fda48e621b51ca98,8,36,23,61,45,-13,-16,0.066
91a25874f64bab74,8,31,22,51,42,-9,-9,0.062
2c7dc134141f18ef,8,23,16,39,31,-7,-8,0.061
60d4d74bd7321b85,8,39,25,65,48,-14,-17,0.071
b23edba9bbb4a8df,8,47,28,77,53,-19,-24,0.071
505cbc11c0cb8f0e,8,34,25,58,48,-9,-10,0.069
7db2d422cb1dfa0d,8,41,27,68,51,-14,-17,0.076
673bce6fa8333c59,8,44,27,73,50,-17,-23,0.06
4df4a3aa3083fb14,8,45,24,74,44,-21,-30,0.071
65ee9d484b550fa3,8,26,20,43,38,-6,-5,0.068
f17367ba445300c8,8,29,18,48,35,-11,-13,0.056
8718c712affedbcc,8,34,21,57,41,-13,-16,0.079
b1bd0314dcc0acff,8,20,9,33,17,-11,-16,0.043
02d168eb92581901,8,28,15,45,28,-13,-17,0.059
0df9965f6e86070a,8,34,20,55,37,-14,-18,0.055
d0395bcc33ecc87d,8,29,18,47,33,-11,-14,0.059
122c9b5fbc7ec3c7,8,37,18,59,34,-19,-25,0.062
cb38652fe9ee9653,8,42,21,69,40,-21,-29,0.066
521735b7baca9f38,8,47,24,77,48,-23,-29,0.068
058e4ee730198ecb,8,48,21,78,42,-27,-36,0.055
732ac4162e4e39c3,8,55,24,89,48,-31,-41,0.072
0f7306ca6fa7c05b,8,29,18,48,36,-11,-12,0.058
d236d1c24031f4f7,8,35,23,58,44,-12,-14,0.065
b1922bb846ca2d55,8,38,21,63,42,-17,-21,0.05
6eed0fb75aad626f,8,43,24,72,47,-19,-25,0.077
c18fff887adff57b,8,37,18,60,36,-19,-24,0.065
cf7a2cebf84dabe5,8,46,21,74,42,-25,-32,0.062
41e24d4ebcacda4b,8,50,29,81,54,-21,-27,0.057
eafc08c6947ec6c9,8,50,27,83,51,-23,-32,0.065
51b6b8d94817189b,8,54,30,88,57,-24,-31,0.068
3f0aa7b055df8353,8,50,24,81,44,-26,-37,0.065
d389b0865647fe32,8,58,27,95,50,-31,-45,0.07
0c0e5760016f8986,8,39,27,63,50,-12,-13,0.057
893ea87156488299,8,34,25,56,46,-9,-10,0.066
bf26732420f51444,8,41,25,67,48,-16,-19,0.068
a8fb5b7da401dc35,8,47,28,77,53,-19,-24,0.064
552e3ed8c4755c2d,8,33,16,53,29,-17,-24,0.051
0994177ecdfdfda2,8,41,22,65,41,-19,-24,0.063
4158277c77b4ba12,8,47,27,75,49,-20,-26,0.125
24e9018437f87806,8,42,25,67,45,-17,-22,0.061
57d43c94a6188440,8,50,25,79,47,-25,-32,0.051
265fdcdf407ff3db,8,55,28,89,52,-27,-37,0.064
aed52efc621ea462,8,47,24,77,46,-23,-31,0.062
6adac64168c9a006,8,56,29,92,55,-27,-37,0.071
7a2b66d14d777bd0,8,48,27,80,51,-21,-29,0.054
27cf7f52e628e403,8,58,27,98,52,-31,-46,0.071
6ef089bb9c415137,8,65,30,108,58,-35,-50,0.078
70e19a28881cc13d,8,59,24,95,46,-35,-49,0.066
60893a8782349358,8,66,27,106,52,-39,-54,0.07
2514077b7823f80b,8,34,16,56,32,-18,-24,0.06
d3a30e59c11b7e1b,8,42,22,68,43,-20,-25,0.065
17748bf12c8c6920,8,48,27,78,52,-21,-26,0.057
5a019325905251ce,8,41,25,68,48,-16,-20,0.061
ec9fd3ba5fe7f99c,8,50,25,82,49,-25,-33,0.061
73c63c011af7a3b6,8,56,28,92,55,-28,-37,0.06
7ab185bed0dc5a81,8,42,16,68,32,-26,-36,0.053
63616a8bf12ceca7,8,50,22,80,43,-28,-37,0.06
8bc9f5a6a85e3ada,8,56,27,90,52,-29,-38,0.062
f435aa5e17a05583,8,51,25,82,48,-26,-34,0.064
dbc0e4fe10435046,8,59,25,94,49,-34,-45,0.072
02ebd74eaced2d97,8,64,28,104,55,-36,-49,0.07
3cfc84e652526a03,8,26,15,44,27,-11,-17,0.065
3e1d3d82db1cdd54,8,34,20,55,37,-14,-18,0.054
8a8787c7e65e07dc,8,52,26,85,51,-26,-34,0.074
0dc66d4c5e60c021,8,35,23,59,44,-12,-15,0.072
25949956dc887d99,8,47,23,77,45,-24,-32,0.065
a46425ef88704da2,8,48,23,78,44,-25,-34,0.067
f5db7465d6eea9de,8,33,18,55,35,-15,-20,0.062
db179c11fa52a977,8,43,23,70,44,-20,-26,0.062
8f43a320cd436bd4,8,37,22,62,40,-15,-22,0.059
c81b0de33f2d617d,8,47,27,77,49,-20,-28,0.057
005a591ea27a8057,8,45,24,77,46,-21,-31,0.067
8adbac28521f618c,8,53,24,89,45,-29,-44,0.063
19d55fa95e8a8a66,8,58,29,97,55,-29,-42,0.061
b062f26b0fb255ae,8,48,27,81,53,-21,-28,0.066
f2b0847abf5b9aab,8,51,27,84,52,-24,-32,0.077
42175fe7e14f07ad,8,38,22,64,43,-16,-21,0.063
87df616cc309cf60,8,44,27,74,52,-17,-22,0.075
a035d1ac5c82f359,8,58,25,93,49,-33,-44,0.064
d913d0bed31bd795,8,66,28,105,55,-38,-50,0.079
55786fc40a5e83a9,8,51,25,82,49,-26,-33,0.075
d87463b590118e28,8,61,27,97,53,-34,-44,0.069
590d136f1901a00e,8,50,22,83,44,-28,-39,0.06
56d77373bad7a4d7,8,56,27,94,52,-29,-42,0.063
af515ebdb1d8c431,8,46,22,76,42,-24,-34,0.065
7fd0986dbf613b65,8,52,27,87,52,-25,-35,0.066
653fa8821e0be3e1,8,29,24,51,43,-5,-8,0.062
44b537700702795d,8,46,24,78,48,-22,-30,0.059
d5150e13f75b82b3,8,42,27,70,50,-15,-20,0.064
9106502ab81eddd6,8,36,16,63,32,-20,-31,0.065
bd3668ab8973f7d1,8,45,25,77,48,-20,-29,0.054
fccc97c9d3b29032,8,53,25,89,49,-28,-40,0.062
b732f5075d37434f,8,42,18,71,35,-24,-36,0.06
538a4db0f0b63958,8,51,27,85,51,-24,-34,0.063
ecaf40d3de80d726,8,59,27,97,52,-32,-45,0.069
da8645927072b368,8,64,30,107,58,-34,-49,0.074
cdc30ee48711197f,8,40,23,70,45,-17,-25,0.059
e10abea914885404,8,38,24,66,48,-14,-18,0.06
e2545b1095001c1c,8,50,28,85,53,-22,-32,0.075
a112ecc435669a3a,8,45,27,78,51,-18,-27,0.072
0aeb1396b0f71cb7,8,35,18,60,34,-17,-26,0.063
3f195b35d2b6f378,8,55,30,92,57,-25,-35,0.065
41c3ffc2b763eaf6,8,44,27,75,51,-17,-24,0.06
466f98be831dfa97,8,51,29,85,55,-22,-30,0.136
d3a68ba5b9fe4a88,8,36,16,63,32,-20,-31,0.062
2fb71e0ea4159980,8,58,28,99,55,-30,-44,0.069
9d861b2ca5f2ed35,8,47,25,81,49,-22,-32,0.065
3854d38266b8ae08,8,54,27,93,53,-27,-40,0.06
ce4a5b10db7356a0,8,49,24,82,46,-25,-36,0.055
94366b998e921db8,8,42,18,71,35,-24,-36,0.068
9192db0bc67e0328,8,58,27,96,52,-31,-44,0.065
f38b2c6fcd3d8c9d,8,63,30,106,58,-33,-48,0.069
c01d63d3b3128f00,8,53,27,90,52,-26,-38,0.077
b9bcab515997a14b,8,60,29,100,56,-31,-44,0.077
2377af9efba13c28,8,35,21,61,42,-14,-19,0.063
633ef018c91e711e,8,45,26,76,51,-19,-25,0.061
6cb96e375b499f95,8,40,22,70,43,-18,-27,0.061
6fb7fadd0f6ea7be,8,46,27,81,52,-19,-29,0.06
2a810a76502bd081,8,53,24,89,47,-29,-42,0.061
9f851cb90a4c08c9,8,61,29,101,55,-32,-46,0.074
03a19c9f8e5a0cfa,8,46,24,78,46,-22,-32,0.072
64aca9aa4bb52eb1,8,56,29,93,55,-27,-38,0.073
b07df962806af4a0,8,40,24,67,45,-16,-22,0.056
c2627fec382450fc,8,48,24,79,48,-24,-31,0.069
fe2dd92dd046a101,8,53,27,86,54,-26,-32,0.065
6e3fcd2e87d0aaf5,8,22,21,40,40,-1,0,0.051
fa809354a5325235,8,30,23,51,43,-7,-8,0.058
35e9465ba05c7843,8,30,21,51,42,-9,-9,0.069
67a1f66ebf7baaba,8,38,24,63,47,-14,-16,0.058
7f6ad8413da5ccc1,8,29,20,50,36,-9,-14,0.058
4add5cd84d35489f,8,29,21,51,40,-8,-11,0.06
60fb24e57890b3dd,8,37,23,63,43,-14,-20,0.062
a1ad28cd9fb29bb4,8,37,21,63,42,-16,-21,0.072
d4ecb1f2b6ae10be,8,45,24,75,47,-21,-28,0.058
ab7cf75e713e630d,8,43,27,74,51,-16,-23,0.059
a59701a5b6f2a8f1,8,51,27,86,51,-24,-35,0.06
baa8f7ae643a87df,8,55,30,90,57,-25,-33,0.07
c90b488a40832195,8,27,25,47,45,-2,-2,0.051
1dd4b4193b143e4f,8,35,25,58,46,-10,-12,0.049
deaa047c66adad64,8,40,27,68,49,-13,-19,0.063
7997b37c0c5131fa,8,52,27,90,52,-25,-38,0.067
f3a97a2cd889a3f4,8,59,30,97,58,-29,-39,0.068
29d8aad02cfc9e83,8,40,18,69,35,-22,-34,0.053
682cac04f683ae7e,8,48,27,80,51,-21,-29,0.061
0746eb41446e7a35,8,56,29,94,54,-27,-40,0.067
c5d5a53f84227990,8,58,27,95,52,-31,-43,0.063
fca38a36363617dd,8,63,30,102,58,-33,-44,0.067
3f9c3570e5226f2a,8,27,16,47,31,-11,-16,0.049
6dcd508ce2017897,8,34,25,59,47,-9,-12,0.057
27cd4bffc2e56ad2,8,43,27,72,50,-16,-22,0.062
2376525f81d6246d,8,43,25,73,48,-18,-25,0.057
af2083852252d8d8,8,51,28,85,54,-23,-31,0.06
ef10b36a84ccc327,8,35,16,59,32,-19,-27,0.055
5285740ba934547b,8,41,24,69,44,-17,-25,0.071
9b7d07bdecb63cf9,8,44,25,73,48,-19,-25,0.055
43ec73bab28b72de,8,49,27,83,51,-22,-32,0.067
8c2d12efee2b1c3d,8,52,25,85,49,-27,-36,0.068
e9d9cc8bafbe9e3a,8,57,28,95,55,-29,-40,0.062
431f39a017e936f4,8,33,23,56,45,-10,-11,0.06
f17a6ecaa8148432,8,22,12,39,25,-10,-14,0.056
0e4a7d1625fb2f62,8,32,21,53,40,-11,-13,0.062
55c1218958021c67,8,44,24,74,47,-20,-27,0.064
e207816b5ddb96a6,8,29,21,51,42,-8,-9,0.059
fd164637e1030768,8,39,23,66,45,-16,-21,0.062
cef3b83cb01e0c2b,8,37,25,63,48,-12,-15,0.064
06783a54e67d714a,8,44,27,73,51,-17,-22,0.064
a28b1472ab05c3de,8,48,27,80,52,-21,-28,0.071
4632480d86a0e756,8,54,29,90,56,-25,-34,0.066
8e7fe342b6be7c46,8,35,25,61,48,-10,-13,0.063
56bc5c252c479613,8,42,27,71,52,-15,-19,0.073
d03f2074f562d59a,8,35,16,59,32,-19,-27,0.068
3f296a6d811abf7b,8,45,25,74,48,-20,-26,0.066
3ef1bb512caa085c,8,51,25,84,49,-26,-35,0.066
e9a26b32e2d8fcdc,8,56,28,94,55,-28,-39,0.126
9c8c60b7e7d403c3,8,46,25,78,49,-21,-29,0.055
10789464f5458c99,8,53,27,88,53,-26,-35,0.083
c87cbf0995d69017,8,26,18,46,36,-8,-10,0.065
a2d249bf00432180,8,36,23,61,44,-13,-17,0.065
28398e1366885863,8,39,22,66,43,-17,-23,0.067
e307e0ad957b62f2,8,49,27,81,52,-22,-29,0.066
daa8c9ce4147b4b9,8,41,24,70,45,-17,-25,0.071
169d08605ca5a5a4,8,50,29,82,55,-21,-27,0.065
17424315764b666a,8,27,22,45,43,-5,-2,0.06
9bef959ae110137d,8,33,27,55,51,-6,-4,0.059
9d185bf4ad18cf36,8,44,27,75,51,-17,-24,0.064
7b6f17b2640cd265,8,34,22,57,42,-12,-15,0.059
2dfb4295bb2b1bb4,8,43,27,69,51,-16,-18,0.058
334eed919f083c34,8,51,29,86,55,-22,-31,0.066
96e52dcce5298564,8,50,27,81,50,-23,-31,0.064
57997f6ba2275e15,8,35,29,61,54,-6,-7,0.069
5841a0293dee7d18,8,49,29,84,54,-20,-30,0.067
756de7d87cc54a22,8,39,24,68,45,-15,-23,0.071
8f91a0d102c83e11,8,43,29,73,54,-14,-19,0.064
6b664f69b5aec9b2,8,31,24,53,45,-7,-8,0.068
f974ea664b167472,8,19,18,33,34,-1,1,0.055
071c8879938505e5,8,25,24,43,45,-1,2,0.061
b8646f670bb0d71d,8,49,25,77,48,-24,-29,0.072
b62ad32db5f0ea48,8,36,18,58,35,-18,-23,0.069
719dcbe6aaaae700,8,42,24,70,45,-18,-25,0.055
b520d92fe88e5147,8,30,18,51,33,-12,-18,0.052
ca0112669ed1d79a,8,32,24,54,45,-8,-9,0.07
2aa957a8bf1e142d,8,50,27,83,52,-23,-31,0.058
f4c232347e020436,8,32,18,54,35,-14,-19,0.056
980a683003242521,8,41,27,69,52,-14,-17,0.068
ed988c1ef7ff152a,8,32,18,54,35,-14,-19,0.064
56808adac54d04d2,8,42,27,69,51,-15,-18,0.075
ec04616b8e32e1ba,8,56,30,92,58,-26,-34,0.073
f0e7653172873c56,8,43,27,73,52,-16,-21,0.073
2e25655672ad7741,8,50,29,83,56,-21,-27,0.071
4aac2d3861461209,8,20,14,35,28,-6,-7,0.047
f8d070bca157873f,8,42,25,71,49,-17,-22,0.07
98f07a3703209556,8,28,21,48,41,-7,-7,0.055
1f88ec4121f0db81,8,33,24,55,46,-9,-9,0.056
6f508604083ca5e6,8,41,29,67,54,-12,-13,0.056
b7f4dc32f12d4362,8,25,18,43,35,-7,-8,0.059
79898a8d47832994,8,33,27,55,50,-6,-5,0.057
00d9f3dc591c9244,8,42,27,70,52,-15,-18,0.058
58c447ceaf8eddaf,8,49,30,81,57,-19,-24,0.067
b9549560bdab703b,8,34,27,58,52,-7,-6,0.061
1a6470fd47a13fff,8,41,29,69,55,-12,-14,0.062
bfb1e4daad723c7a,8,49,27,80,53,-22,-27,0.065
0b85e4ea51bc4647,8,46,29,78,56,-17,-22,0.068
4bc0854ad5071f89,8,33,27,57,51,-6,-6,0.067
0057bf6c2edffe66,8,23,16,39,32,-7,-7,0.06
4f43f3a888a7b4c6,8,30,25,51,47,-5,-4,0.056
a17ae2f7136b3dd8,8,46,28,77,54,-18,-23,0.076
10c30fa63635e538,8,32,25,54,49,-7,-5,0.067
99bead3794b43b71,8,38,27,65,52,-11,-13,0.074
3730fa73f203a027,8,49,23,79,45,-26,-34,0.053
1e61f9f477324ec2,8,33,25,54,46,-8,-8,0.058
2906ad3c6fa3c892,8,47,28,77,53,-19,-24,0.067
42e394f1c7823585,8,34,25,58,48,-9,-10,0.055
023405727b689205,8,41,27,68,51,-14,-17,0.068
3fc77db4360dc18c,8,53,29,88,54,-24,-34,0.07
8a7d91cbb84f26a8,8,32,27,54,50,-5,-4,0.058
56dbbab85a045dc7,8,48,30,79,57,-18,-22,0.063
3b252f164373415e,8,35,27,60,52,-8,-8,0.063
7b4d611540a0fcf1,8,40,29,67,55,-11,-12,0.071
ecc10d1a9188e018,8,20,18,35,35,-2,0,0.056
6804b0db5dda5a3b,8,34,21,56,42,-13,-14,0.068
41be211e1a2e8e0c,8,19,17,33,34,-2,1,0.055
482ea8bddb0c2c6f,8,42,20,68,40,-22,-28,0.059
4f71128ed3dd0607,8,32,24,52,45,-8,-7,0.062
d68ae67f2809da88,8,16,14,28,27,-2,-1,0.062
b5fb98e15c8f5519,8,24,22,40,41,-2,1,0.114
dfac9a2ee3899b79,8,33,21,55,40,-12,-15,0.068
5250455945577949,8,40,25,66,48,-15,-18,0.063
03f0d2f71ea93e0a,8,25,21,43,40,-4,-3,0.068
df52618ab094aaed,8,32,24,54,46,-8,-8,0.069
81cbc3f4366018fc,8,43,21,72,41,-22,-31,0.07
513771abf887417e,8,53,26,87,51,-27,-36,0.069
764c883b7d04a8e9,8,35,21,61,41,-14,-20,0.07
c5e204388d603774,8,48,26,80,51,-22,-29,0.074
716e90399db8644a,8,52,26,85,50,-26,-35,0.055
d8f1383090e43202,8,36,21,61,41,-15,-20,0.058
d03f2cf1e3fefd43,8,44,26,73,50,-18,-23,0.065
aad0956849774d0b,8,54,24,91,45,-30,-46,0.06
3315a4dc82afcf02,8,61,29,102,55,-32,-47,0.064
b99c0c92c9493ffa,8,42,22,70,42,-20,-28,0.058
f1523db057d4d488,8,49,27,81,51,-22,-30,0.076
3c4bfa109e9d0403,8,67,30,108,58,-37,-50,0.058
a1672a774fcc5035,8,51,27,84,52,-24,-32,0.058
a7f5f333b6fa362c,8,59,29,96,56,-30,-40,0.067
1ddfcca3d8867c81,8,51,24,87,47,-27,-40,0.067
7cbaf68aed0324b8,8,63,29,103,55,-34,-48,0.083
71d0453bbaa7dc83,8,47,24,79,45,-23,-34,0.079
60683ebbf96d1ad5,8,53,29,88,55,-24,-33,0.077
f6ee5c7f12956898,8,47,23,77,45,-24,-32,0.07
2580714599b5ed67,8,47,26,78,51,-21,-27,0.068
8cc81838f8b975de,8,30,21,51,42,-9,-9,0.072
aca13b9ad0e27b51,8,22,10,37,21,-12,-16,0.055
4c4464e8509564d8,8,30,19,49,36,-11,-13,0.062
359eb1580f513a49,8,46,22,75,44,-24,-31,0.067
06111a0eae52dc45,8,31,19,52,38,-12,-14,0.062
26093ed2f9f521c3,8,38,21,63,42,-17,-21,0.072
5bb366f1124ac908,8,48,27,81,53,-21,-28,0.072
9aea77282b1e7c3c,8,52,25,83,47,-27,-36,0.052
662ba2158fbff08b,8,53,25,87,49,-28,-38,0.072
613109a5e51c32b1,8,60,27,97,53,-33,-44,0.071
d6175afa48cc61aa,8,48,29,83,56,-19,-27,0.064
489c4d6c940d19ce,8,65,30,109,58,-35,-51,0.071
6506b03ab13f1af0,8,51,27,86,52,-24,-34,0.058
f0bd923f07ee6ec1,8,58,29,97,56,-29,-41,0.065
fec4088457400a32,8,32,25,54,47,-7,-7,0.069
0ddcee4dc7d1b418,8,47,28,78,54,-19,-24,0.059
06fcd3ad834c2ddd,8,35,25,59,49,-10,-10,0.066
c6c45621596bc03b,8,40,27,68,52,-13,-16,0.063
399c02ef0ff9fbea,8,51,27,81,51,-24,-30,0.061
543167d8c4fab8b5,8,35,16,57,32,-19,-25,0.055
ffa9a6a53a63e867,8,43,25,69,46,-18,-23,0.057
fcaaad8937c921f2,8,52,25,84,49,-27,-35,0.065
3260313171588477,8,59,28,95,54,-31,-41,0.069
0d0406f87e04c0b9,8,44,25,72,49,-19,-23,0.069
7d41fdca7f5936b9,8,51,27,83,52,-24,-31,0.075
ad7fdb8cc9d12efd,8,26,16,44,31,-10,-13,0.072
a6ff50becae6f2b9,8,34,21,56,41,-13,-15,0.062
20999c784d15cdf8,8,45,22,75,42,-23,-33,0.061
f06d77ac6f42cd97,8,52,27,86,52,-25,-34,0.075
8de7a014db547533,8,48,24,82,45,-24,-37,0.07
2c577a80bdb9ef1c,8,55,29,92,55,-26,-37,0.066
90b7758fde5b1926,8,30,22,51,43,-8,-8,0.057
d77b6b6e38fa0477,8,36,27,61,51,-9,-10,0.056
975e9385b6cfd995,8,44,25,71,49,-19,-22,0.07
8d314bbdac384b3e,8,52,27,83,52,-25,-31,0.076
db5b79dd93821f18,8,43,22,72,44,-21,-28,0.065
c6cf78198c6473ce,8,53,27,87,51,-26,-36,0.064
7734ee25b9fcb937,8,38,22,63,42,-16,-21,0.063
6b2a9581256a41f3,8,46,27,75,51,-19,-24,0.064
24caa60832da3e9a,8,31,24,55,46,-7,-9,0.062
b8bc9565b56ecf34,8,37,24,64,48,-13,-16,0.052
8136ca2d1a0e79f4,8,52,25,88,49,-27,-39,0.059
afdd2a1a613a7db3,8,56,29,95,54,-27,-41,0.139
cb40bfcb59860fa7,8,45,27,78,50,-18,-28,0.065
8f412e9130211603,8,46,25,79,49,-21,-30,0.064
f226d6bbc393d01e,8,43,26,72,47,-17,-25,0.049
aae163c91bd58596,8,44,27,75,51,-17,-24,0.056
970eb5bb8160f99f,8,51,29,86,54,-22,-32,0.071
27a092d4313555e1,8,52,27,87,52,-25,-35,0.062
b0e211948ff87791,8,59,30,98,58,-29,-40,0.066
e63321d6aa9a0a0a,8,24,15,43,31,-9,-12,0.065
2fa753f97fdc507a,8,32,24,55,46,-8,-9,0.058
1cdc94999c984e16,8,47,27,79,53,-20,-26,0.066
8eacf679584bf95d,8,31,24,55,48,-7,-7,0.057
dc3da20f25e207f1,8,39,26,67,51,-13,-16,0.055
5b8e4baccb24bf1b,8,53,27,90,52,-26,-38,0.067
21368b7cafffeab9,8,60,29,100,56,-31,-44,0.067
752b43f1c01d8640,8,38,25,67,49,-13,-18,0.066
d9bb91ca54df42da,8,45,27,78,52,-18,-26,0.071
4c23aa059076cfca,8,35,18,60,35,-17,-25,0.068
e2b393b3c7a09ef4,8,43,27,72,51,-16,-21,0.074
70a07d4307e3de4a,8,52,27,87,52,-25,-35,0.073
4fc78198519fcbbc,8,59,30,98,58,-29,-40,0.07
9329dffeb8c5ef96,8,44,27,75,52,-17,-23,0.078
3de50cfa9f3e8e10,8,51,29,86,56,-22,-30,0.073
8d410d4eb37d5348,8,28,21,50,42,-7,-8,0.059
71e63d3bc1e6d1d4,8,36,26,62,50,-10,-12,0.079
a2debcba153304bb,8,39,24,67,46,-15,-21,0.06
ec51c3b490cb9a2c,8,47,29,79,55,-18,-24,0.079
7172daf4918150f4,8,23,19,40,38,-4,-2,0.055
b9b63ff4fc14c21b,8,31,22,52,44,-9,-8,0.056
4e0be65080c14ff0,8,22,19,40,38,-3,-2,0.056
b4ec82f4ea838137,8,30,21,52,40,-9,-12,0.06
43df66ba8a4779e0,8,28,19,49,38,-9,-11,0.056
2a2139f6968f786e,8,38,22,64,44,-16,-20,0.066
c097e28e40daa3e3,8,49,27,83,52,-22,-31,0.062
ed8aa90edb9a8b95,8,60,30,97,58,-30,-39,0.083
b532ebf1eced1cc2,8,36,27,62,49,-9,-13,0.065
3da471d0092a10e7,8,37,25,63,48,-12,-15,0.066
28c52af5325aa3bb,8,44,28,74,53,-16,-21,0.07
c16eddd3606503bf,8,36,24,60,43,-12,-17,0.065
e401864d5ea0bd11,8,37,25,63,47,-12,-16,0.061
31c33e9fa0a77ca3,8,44,27,74,50,-17,-24,0.063
228b8f5c60f7e069,8,45,25,75,49,-20,-26,0.068
07c9c5f5cd1877c7,8,52,28,86,54,-24,-32,0.068
00e43625238f638c,8,22,19,40,38,-3,-2,0.061
1dbd7fddf17f94f6,8,30,21,52,42,-9,-10,0.057
4bc042555648e25e,8,28,25,49,48,-3,-1,0.057
0c8e811add71320e,8,39,27,68,51,-12,-17,0.06
18f0cf4a0709d8bb,8,28,16,48,32,-12,-16,0.067
809504f82557d1d9,8,36,25,60,47,-11,-13,0.062
7f1dec623adb5131,8,45,25,75,49,-20,-26,0.06
57ed4bee19dc0d47,8,52,28,86,54,-24,-32,0.104
27e275abe318ef9a,8,37,25,63,49,-12,-14,0.068
b39befcf06e04e41,8,44,27,74,52,-17,-22,0.075
78d06c1de0435cb1,8,32,22,55,43,-10,-12,0.059
2df7bbe2e83fbd18,8,40,27,67,51,-13,-16,0.064
26bdb725cde6b253,8,39,26,68,51,-13,-17,0.076
de801ef7e2002285,8,44,27,77,52,-17,-25,0.066
53d8cecf4af05ae6,8,41,24,73,47,-17,-26,0.06
42d86d8335b66e68,8,50,29,85,55,-21,-30,0.057
d928ec1dbab62663,8,46,26,80,50,-20,-30,0.068
34eabf594575cad6,8,40,26,68,48,-14,-20,0.057
c5f9940108841b35,8,22,20,40,37,-2,-3,0.056
99ed474a237b9b59,8,41,26,70,52,-15,-18,0.069
59fb9c05d0f64b06,8,39,26,68,50,-13,-18,0.059
4bf1d0a72963b9a0,8,54,27,91,54,-27,-37,0.116
f78f403a6adafcc3,8,48,26,79,52,-22,-27,0.072
610fea644a889cb9,8,24,23,43,43,-1,0,0.06
aa4fab74b40a50d9,8,34,24,58,47,-10,-11,0.065
99b6562e860e7b01,8,32,23,55,45,-9,-10,0.067
08d9a92a034d9600,8,23,14,41,28,-9,-13,0.065
3627639b3d55700e,8,33,23,58,43,-10,-15,0.068
6ca24be3bcc6b875,8,31,23,55,43,-8,-12,0.054
06da74319f6ec7e9,8,41,24,70,47,-17,-23,0.061
0afb391a47dc955e,8,39,23,66,45,-16,-21,0.062
3e5ebaa19e36fc1e,8,40,29,70,55,-11,-15,0.071
86d24f04d8e35fbb,8,38,29,65,53,-9,-12,0.066
9d9f624e4c8720ff,8,59,30,99,57,-29,-42,0.077
b1d13c6ac2d25b1e,8,48,29,82,55,-19,-27,0.075
7214fb9d568128f8,8,27,27,47,48,0,1,0.063
489718d8cef58080,8,35,27,60,49,-8,-11,0.056
8349384b781b55ab,8,41,29,71,54,-12,-17,0.074
8fecee2735ece84f,8,59,30,100,58,-29,-42,0.067
85e19fdcc30530a2,8,52,29,87,56,-23,-31,0.076
e159b6a8fe88f176,8,49,29,83,54,-20,-29,0.071
a094ae193601745e,8,65,30,109,58,-35,-51,0.065
6f6920b61ae475ce,8,59,29,95,56,-30,-39,0.066
db6f5f45e5291df5,8,31,24,54,43,-7,-11,0.055
758bb02b549f8f25,8,34,27,61,50,-7,-11,0.057
8c9ee3dad8b3bca4,8,47,28,80,54,-19,-26,0.073
22c3d2400ca3afce,8,46,27,78,52,-19,-26,0.074
41cf557501c82c7a,8,39,24,66,44,-15,-22,0.07
0928e7a8e5750c5a,8,35,18,60,36,-17,-24,0.057
6b04063991558f67,8,48,27,80,51,-21,-29,0.073
def93131159e9171,8,44,27,75,51,-17,-24,0.063
4813b1d6c5f3bab2,8,56,28,92,55,-28,-37,0.065
260a3aadeded8d85,8,52,27,87,53,-25,-34,0.071
95a40423dd40533e,8,23,16,41,31,-7,-10,0.068
6d1d50970ecd8bd4,8,38,23,66,45,-15,-21,0.059
9e0d5b7b753af190,8,33,23,58,45,-10,-13,0.058
225cd3e702b0c656,8,31,23,55,45,-8,-10,0.075
07e4a32c827ed744,8,29,27,51,50,-2,-1,0.065
dd3021172ec484eb,8,43,27,72,51,-16,-21,0.054
efc381157c0f66e2,8,45,27,75,51,-18,-24,0.068
fbeab0ca8a595ce7,8,37,27,64,51,-10,-13,0.062
cc13fd50e0fad699,8,55,29,91,56,-26,-35,0.07
04b381de880491ac,8,53,29,93,56,-24,-37,0.068
59f5266d059759b2,8,48,29,81,56,-19,-25,0.074
56cd27174ad77f80,8,42,27,73,52,-15,-21,0.057
50deea9b89ecd19c,8,36,27,64,52,-9,-12,0.074
49b5b2bfce4f8aeb,8,35,27,62,52,-8,-10,0.062
21d17ed6161727ca,8,39,25,66,48,-14,-18,0.067
e6a1d8f0c179bb50,8,35,20,60,39,-15,-21,0.056
0f8fafaa9fddeee8,8,51,27,86,53,-24,-33,0.061
6a81e9c16fd095a6,8,50,27,85,53,-23,-32,0.062
402a3bac6e2abc7f,8,46,27,79,53,-19,-26,0.067
92469adb15b0e858,8,27,20,49,39,-7,-10,0.06
82b3ab6be80c4525,8,43,27,73,52,-16,-21,0.061
9f15decc6d56d4d9,8,39,24,68,47,-15,-21,0.065
301feed8ee4f2752,8,27,24,47,46,-3,-1,0.063
d6d399319f7a6849,8,43,27,71,51,-16,-20,0.068
34f945af1650a388,8,35,24,60,45,-11,-15,0.064
b87172a0c32c5e77,8,43,29,72,54,-14,-18,0.067
4c0661c8d2ffd985,8,28,24,45,45,-4,0,0.058
72027081a2f2e761,8,21,21,38,40,0,2,0.066
7080cee39573dba4,8,44,24,68,45,-20,-23,0.059
ed5165f237477030,8,33,24,55,45,-9,-10,0.07
b94e9b7144ec9eaf,8,30,21,52,39,-9,-13,0.065
ca07ef10a01a15dc,8,23,20,40,38,-3,-2,0.055
488deb179e44d66c,8,32,27,55,52,-5,-3,0.07
9d9378d1279aca66,8,25,20,43,37,-5,-6,0.069
302ab378df856c38,8,42,27,70,51,-15,-19,0.139
707377c38931a4ca,8,36,27,61,51,-9,-10,0.074
3d93819e19c099ee,8,26,22,47,41,-4,-6,0.067
9e3317adeebedd13,8,36,29,62,55,-7,-7,0.059
25578608368d511a,8,10,13,20,26,3,6,0.052
be86c1b51fd14f3e,8,27,20,46,40,-7,-6,0.05
a58cc93a686e2e0e,8,23,20,40,40,-3,0,0.065
33b9e8bb9fecbffa,8,18,20,33,40,2,7,0.061
39bfe9f89c200fa8,8,26,21,44,40,-5,-4,0.058
fc4a78f042bc950e,8,24,22,40,41,-2,1,0.058
2b7324a5737cf1d4,8,18,17,32,32,-1,0,0.048
f7515bc846e994af,8,35,24,59,46,-11,-13,0.075
b017391547ad9f8f,8,32,24,54,46,-8,-8,0.059
6a4808132eea45e3,8,27,24,47,46,-3,-1,0.053
ae995338ac4083a9,8,43,23,74,45,-20,-29,0.065
512c16ffdc173d04,8,42,23,72,46,-19,-26,0.068
5160b31b60bb9616,8,36,23,63,44,-13,-19,0.062
b0948a1e68993218,8,52,24,88,46,-28,-42,0.067
57875a60bc20409a,8,60,26,102,51,-34,-51,0.072
55c3115c960bff8a,8,58,26,99,49,-32,-50,0.074
32e1dd5603d17067,8,47,24,79,47,-23,-32,0.07
9998bc23164884cd,8,51,27,86,51,-24,-35,0.063
975b0fd01908d90e,8,40,24,69,45,-16,-24,0.057
91c38555d7d97aed,8,59,29,96,55,-30,-41,0.069
0f35e28175c83d0e,8,61,29,101,55,-32,-46,0.069
d2db637654bf21ca,8,55,26,93,51,-29,-42,0.063
6a90f621ef70ed41,8,49,29,82,55,-20,-27,0.074
bf960e6d8ccf8dda,8,47,26,81,49,-21,-32,0.08
7b640b5919d83f34,8,55,26,91,52,-29,-39,0.07
e46a7124974b73bd,8,37,23,63,45,-14,-18,0.059
b37f001536d42f9c,8,36,20,60,39,-16,-21,0.057
3352732624ce3b6d,8,38,23,64,43,-15,-21,0.062
1950c6568caaa786,8,45,23,75,45,-22,-30,0.065
6950e4968561e462,8,40,26,68,51,-14,-17,0.063
ca6bbc9f8e0ae9bd,8,41,23,69,45,-18,-24,0.065
57fad305f0e8e083,8,40,26,68,49,-14,-19,0.068
678a37d9a2d9be69,8,57,27,93,53,-30,-40,0.065
9489cbbb22de6a35,8,49,26,81,51,-23,-30,0.065
e9b197773bc079aa,8,20,18,35,36,-2,1,0.057
60f7501215b8d39b,8,23,21,41,40,-2,-1,0.064
b5d8dcda27d21c50,8,31,21,53,42,-10,-11,0.065
c14dc197a12c9b93,8,22,12,38,25,-10,-13,0.052
5293f3aeccb655e8,8,28,18,47,36,-10,-11,0.05
6257ef4ec76c0c46,8,31,21,53,40,-10,-13,0.055
e72daa0821b444e2,8,46,22,75,44,-24,-31,0.056
43f0d9740d138a9c,8,39,21,65,42,-18,-23,0.059
6cca2dfa2777a37e,8,59,29,100,56,-30,-44,0.074
a2f7859e10938d5f,8,72,30,118,58,-42,-60,0.061
6ae2657c5c6d644c,8,67,29,109,56,-38,-53,0.073
a9f152f22f93107f,8,51,27,85,53,-24,-32,0.074
2d4a7f55e6d01390,8,42,18,69,36,-24,-33,0.055
2dd38e9e79a816f1,8,49,24,80,47,-25,-33,0.066
22ae5eeaee69ff85,8,51,27,84,51,-24,-33,0.058
6b370cc29bb76ce2,8,66,28,105,55,-38,-50,0.061
3a78bc0cb07a876a,8,58,27,95,53,-31,-42,0.064
e15c5da040431c87,8,46,26,78,50,-20,-28,0.069
9633686a8a95d750,8,59,30,95,58,-29,-37,0.07
2c17f21dd705252c,8,51,29,87,56,-22,-31,0.075
66353be49853f324,8,43,20,73,39,-23,-34,0.065
bb45df8e046617b1,8,52,26,84,50,-26,-34,0.13
f9e72548237d5a32,8,49,29,84,54,-20,-30,0.057
091582e33e329916,8,66,30,109,58,-36,-51,0.065
ca00182a04ba39e1,8,59,29,99,56,-30,-43,0.072
706c98a02a441007,8,26,18,45,35,-8,-10,0.055
4e2945dd8395a2aa,8,34,24,57,46,-10,-11,0.06
bf04af5f1076e129,8,35,27,60,50,-8,-10,0.055
b9414680fbeedd82,8,51,28,82,54,-23,-28,0.068
858cc72773a7f508,8,42,27,71,52,-15,-19,0.068
01c6be3acff00fe9,8,35,18,58,35,-17,-23,0.069
c7072b20098eb926,8,51,27,81,51,-24,-30,0.068
4f5d2b0befe69092,8,41,24,67,46,-17,-21,0.056
d7a64d087f84423a,8,51,27,83,49,-24,-34,0.06
d9a0eed9587da95d,8,44,27,73,50,-17,-23,0.061
3779e1adf91dd1f3,8,59,28,95,54,-31,-41,0.072
9146949698140059,8,52,27,85,52,-25,-33,0.063
3e190493683d8a25,8,22,14,38,28,-8,-10,0.054
368284d1ded8bfd8,8,31,21,53,42,-10,-11,0.065
667da3724870db51,8,44,27,75,53,-17,-22,0.07
bc74eb9afb2d3c17,8,42,20,69,39,-22,-30,0.064
16f6de8d15180ed4,8,58,27,95,53,-31,-42,0.068
f3eecd3e17955fa2,8,53,27,88,53,-26,-35,0.07
a42db72d3f47b77b,8,60,29,100,56,-31,-44,0.079
febaf51fb3b9e1e8,8,62,29,102,55,-33,-47,0.076
ad5e3b0b646ae104,8,52,29,88,56,-23,-32,0.072
a5e45df83640eaf4,8,27,20,47,38,-7,-9,0.068
c027091b9f21f8a8,8,43,27,72,52,-16,-20,0.06
c767735ac49bba3e,8,36,27,62,52,-9,-10,0.056
734a775586fd4377,8,41,24,67,46,-17,-21,0.055
8590b037ff61eea9,8,43,25,69,46,-18,-23,0.053
50e94e51cd5714b4,8,35,20,58,38,-15,-20,0.061
e88fcb2cbfb4dd0b,8,52,27,85,52,-25,-33,0.066
1c7787dc49bc6d9e,8,51,27,83,51,-24,-32,0.062
7ce993101f1a94f3,8,44,27,73,52,-17,-21,0.064
260f053c9db82ce0,8,26,18,46,35,-8,-11,0.066
85f458e6a5377570,8,50,24,84,46,-26,-38,0.074
3835f392b20fcce3,8,49,26,84,49,-23,-35,0.064
232574f8d259645e,8,31,24,55,46,-7,-9,0.071
221c42d90a60d48d,8,46,27,75,52,-19,-23,0.062
e6760890c5545ca2,8,46,24,77,47,-22,-30,0.062
daa2f8c1f69370ac,8,40,27,67,51,-13,-16,0.062
d8dc3aa496f9498a,8,38,24,65,45,-14,-20,0.057
561ef1bff85d7aca,8,41,23,72,45,-18,-27,0.06
7d6770426b6458a0,8,40,26,70,50,-14,-20,0.065
df05231dbf12575f,8,27,21,50,40,-6,-10,0.058
06fcb267b1d3489c,8,33,21,59,42,-12,-17,0.071
e490955eabbe5e50,8,25,17,45,34,-8,-11,0.055
6fb57a67ac2fd10d,8,33,26,59,49,-7,-10,0.063
b7ee1706fa9b1993,8,47,27,79,53,-20,-26,0.064
b056375845339be1,8,39,26,68,51,-13,-17,0.061
bc2b6b99ccd5d785,8,53,27,91,53,-26,-38,0.066
43b7f076c30d6851,8,51,29,87,54,-22,-33,0.063
4610c598a3164d50,8,39,27,69,50,-12,-19,0.058
172c3b5ca32552d5,8,53,28,90,54,-25,-36,0.067
579b30be49550cd5,8,47,27,81,52,-20,-29,0.067
0eaed74e1a5498ca,8,35,20,61,39,-15,-22,0.055
8080774dbcc03aba,8,51,29,86,54,-22,-32,0.069
83040bc99e01199b,8,44,29,76,54,-15,-22,0.072
2ef76f58c6925c6a,8,59,30,98,58,-29,-40,0.066
96b1e8ee60fbef20,8,52,29,88,56,-23,-32,0.079
ef435f837af31c4b,8,25,19,45,37,-6,-8,0.057
d81f763e96147750,8,39,26,67,51,-13,-16,0.072
67e8bfb96d27c604,8,33,26,59,51,-7,-8,0.075
fbc9b51558c00911,8,57,29,97,56,-28,-41,0.079
3bee8ac5943ad47b,8,53,29,91,56,-24,-35,0.063
cc54668bf510ea81,8,45,27,78,52,-18,-26,0.118
4cd622c2b9742402,8,39,27,69,52,-12,-17,0.06
9d2b32e329415012,8,43,27,72,51,-16,-21,0.068
8819ea17060d2f19,8,35,22,61,42,-13,-19,0.065
a28f5df513def2a1,8,59,30,98,58,-29,-40,0.07
4570bb8fa8e5384f,8,52,29,88,56,-23,-32,0.063
a114ae17bc10aeb1,8,51,29,86,56,-22,-30,0.078
20ba84692f355900,8,44,29,76,56,-15,-20,0.067
bccfdd7bc938ce5e,8,29,23,53,45,-6,-8,0.062
c6adcea29e9816e7,8,47,29,79,55,-18,-24,0.064
ce9e4541276f11da,8,39,26,69,50,-13,-19,0.066
3cda148252a21a64,8,31,22,52,44,-9,-8,0.066
79631bb45d3211b0,8,25,21,44,42,-4,-2,0.058
6955b5d6aedb992a,8,30,21,52,40,-9,-12,0.053
93e1034e9191c0ea,8,24,21,44,40,-3,-4,0.064
95ffea93909726ef,8,38,22,64,44,-16,-20,0.069
54abf177fb26cefe,8,30,21,53,42,-9,-11,0.067
d727dbdcc420b708,8,61,30,102,58,-31,-44,0.08
cbb3e67827f4e924,8,55,29,94,56,-26,-38,0.076
172eb719b2decbdc,8,29,27,51,49,-2,-2,0.053
42d0414b2d62baa4,8,44,28,74,53,-16,-21,0.057
b74c0b066b097813,8,39,27,67,51,-12,-16,0.065
4c91cc7ec9b4e9c2,8,28,18,49,35,-10,-14,0.065
e90655d35b2060e2,8,44,27,74,50,-17,-24,0.059
eb4902d901b2a702,8,37,27,64,50,-10,-14,0.072
5872facbd920e9c5,8,52,28,86,54,-24,-32,0.068
d8bd89a6a9172fcf,8,45,27,76,52,-18,-24,0.068
f6c8e3f3f422e632,8,24,21,44,42,-3,-2,0.061
39d88450502539fb,8,33,27,59,51,-6,-8,0.057
9e99d600891aba31,8,36,25,60,47,-11,-13,0.06
f98269a13ab1202f,8,28,20,49,38,-8,-11,0.062
5a838b7939448a1d,8,45,27,76,52,-18,-24,0.063
2308e82105526fe1,8,44,27,74,52,-17,-22,0.072
6ec89e60733f0e43,8,37,27,64,52,-10,-12,0.065
bed9a3a8c900c139,8,40,27,67,51,-13,-16,0.059
68355c946b5fb35d,8,32,24,57,46,-8,-11,0.064
79596665912d4c0d,8,38,24,62,47,-14,-15,0.057
35ece830f899d0c6,8,36,23,61,44,-13,-17,0.058
4b26d37ff41b457b,8,37,21,62,42,-16,-20,0.05
6fa3479b125811be,8,44,24,74,47,-20,-27,0.067
13d9dea18040dc15,8,24,18,43,36,-6,-7,0.048
5bb0fa1a507419ea,8,24,15,42,30,-9,-12,0.057
add7d4e59c7da256,8,31,18,55,36,-13,-19,0.055
0943a569824cdbad,8,56,30,95,58,-26,-37,0.069
de25c511cecceb1d,8,43,27,70,51,-16,-19,0.058
f7c276e0e081cb44,8,43,25,72,48,-18,-24,0.067
c7cdd8f39edad967,8,52,28,86,54,-24,-32,0.077
a1b5c7a434c351ea,8,35,16,58,32,-19,-26,0.055
1c8573d52510763d,8,43,22,70,43,-21,-27,0.055
db2c92ea89cbae6e,8,48,27,80,52,-21,-28,0.062
c10ea74bce7133d9,8,44,25,72,48,-19,-24,0.057
8a38ad81ea248201,8,51,25,84,49,-26,-35,0.071
4df958469fa1e890,8,58,28,96,55,-30,-41,0.077
e59f0c21c9022fb7,8,47,29,80,55,-18,-25,0.072
5491c6599d6777f8,8,42,27,72,52,-15,-20,0.051
1acba5af68aaf6ac,8,54,30,90,58,-24,-32,0.072
580f6d0cb0196010,8,22,16,39,30,-6,-9,0.053
e74933d532c2f9b2,8,29,22,51,42,-7,-9,0.048
058dc5f1dc1ee680,8,34,27,58,50,-7,-8,0.058
ce6a3b2a95cb9117,8,31,25,55,46,-6,-9,0.054
cc8796d97e96a8fc,8,39,25,67,48,-14,-19,0.062
24d61f856a435700,8,42,28,72,53,-14,-19,0.065
6116991b1e73347d,8,30,16,51,31,-14,-20,0.053
14c3ccf357cbf61f,8,37,22,63,43,-15,-20,0.063
76b1762b0e5fed1e,8,42,27,70,51,-15,-19,0.07
a8d4c32acdbc7a5a,8,39,25,67,47,-14,-20,0.071
5fc3942d8b4e5c35,8,47,25,79,49,-22,-30,0.072
db56fdf0fac3fd7f,8,50,28,84,54,-22,-30,0.058
c89aef9c2733719c,8,28,15,49,31,-13,-18,0.057
4b72c62f2739bfb5,8,47,22,77,44,-25,-33,0.06
83094452c56692de,8,54,27,89,52,-27,-37,0.125
95054ea1883a93be,8,51,29,87,55,-22,-32,0.058
f4af54e45a40c8f3,8,42,28,72,53,-14,-19,0.053
7dc2c5fcb3947755,8,34,22,59,43,-12,-16,0.059
fbbe7a5f0cd6d46b,8,42,27,71,50,-15,-21,0.058
89306373e40102b7,8,47,25,78,49,-22,-29,0.056
7507df6936119b45,8,50,28,84,54,-22,-30,0.065
051a015574dac57e,8,34,22,57,41,-12,-16,0.064
7db97157fafaef8a,8,41,22,69,44,-19,-25,0.07
f64614d23022a162,8,46,27,76,51,-19,-25,0.061
2ebe21e27815dea6,8,29,21,50,42,-8,-8,0.059
dc30c10ff0811639,8,39,23,65,45,-16,-20,0.057
3421296c22940e94,8,20,18,36,36,-2,0,0.059
66a69a949a8af5d0,8,18,9,33,19,-9,-14,0.06
99aac946053268bf,8,39,21,67,42,-18,-25,0.056
af8b9185f300187e,8,25,18,45,36,-7,-9,0.073
74a5fc8e08661878,8,29,20,52,40,-9,-12,0.065
a288661f76c93031,8,37,25,64,48,-12,-16,0.056
dac632c4435a3179,8,43,27,71,52,-16,-19,0.062
8dcab231fb943410,8,35,16,58,32,-19,-26,0.055
1feb252acbbd90c5,8,45,25,73,48,-20,-25,0.058
4e23154d4a388dc9,8,58,28,96,55,-30,-41,0.069
aeed29a1a8edf79a,8,46,25,77,49,-21,-28,0.064
4e4730a2c773fe3b,8,54,27,89,53,-27,-36,0.072
a3889a47b135d275,8,34,27,60,52,-7,-8,0.054
037ec3883a611c45,8,47,29,83,56,-18,-27,0.066
c1d7c094b35b3716,8,22,16,41,31,-6,-10,0.058
71912856cf9ec843,8,42,28,72,53,-14,-19,0.063
48fd720197623c1c,8,28,25,49,48,-3,-1,0.052
5de902896990e769,8,42,27,72,51,-15,-21,0.07
fd59ca6ce08d2ebf,8,31,16,53,32,-15,-21,0.056
b15ede2a0fe95095,8,35,25,60,47,-10,-13,0.059
45b52e6fa100407a,8,45,25,77,49,-20,-28,0.066
cc412b9f8c31ea87,8,53,28,89,54,-25,-35,0.068
335cdfe3c7e81147,8,40,25,69,49,-15,-20,0.063
0b336fc918a5b70f,8,43,27,74,52,-16,-22,0.069
95b3085046e51711,8,26,20,47,39,-6,-8,0.067
50e971bdc0d75fdc,8,49,27,80,52,-22,-28,0.06
0439823c24c62e09,8,35,27,62,50,-8,-12,0.07
a65ae615772f523f,8,41,22,69,44,-19,-25,0.063
fb13e7ddd43d6691,8,49,27,81,51,-22,-30,0.067
64f7e096b241588f,8,35,22,60,43,-13,-17,0.058
5d2c644648784abe,8,39,27,67,51,-12,-16,0.061
39da0d966a57f37e,8,54,28,87,54,-26,-33,0.068
42966cc064655a1f,8,54,27,84,52,-27,-32,0.06
10c8e11dbbb03af0,8,53,25,83,49,-28,-34,0.059
8d6033f7969a2593,8,63,28,98,55,-35,-43,0.07
53c3aed14e802b11,8,57,30,96,58,-27,-38,0.065
90d0ddb8aaa76436,8,43,27,69,51,-16,-18,0.061
0eb0326cb899fbcd,8,52,28,84,54,-24,-30,0.054
6417f2152c6821b6,8,49,27,77,52,-22,-25,0.058
982cc346e8e5fc17,8,40,25,66,48,-15,-18,0.055
0bcb9f32c1c92f3d,8,48,25,78,49,-23,-29,0.053
4e967137b229df2c,8,58,28,93,55,-30,-38,0.068
3c6a31e324622ca0,8,56,30,94,57,-26,-37,0.076
3de49e72c3d12bfa,8,41,21,68,42,-20,-26,0.065
b630a8b25d3dd201,8,49,24,79,47,-25,-32,0.067
7a0931401123c94f,8,38,22,62,42,-16,-20,0.059
b494db55280a05ad,8,47,27,74,50,-20,-24,0.059
92c56b611794e1b7,8,36,25,59,46,-11,-13,0.06
29404910d1f984cf,8,43,25,70,48,-18,-22,0.059
c52c5383d1074358,8,52,28,82,53,-24,-29,0.058
390a23bcc068db7d,8,45,29,75,54,-16,-21,0.065
c82a43dc48357369,8,45,27,77,51,-18,-26,0.065
20e6c2785e733ddc,8,47,30,79,57,-17,-22,0.072
9fff641dab5b1b12,8,28,18,47,36,-10,-11,0.126
a05a92c4cdb70ca3,8,36,23,59,44,-13,-15,0.06
33e7ccbb89c169a0,8,36,21,61,42,-15,-19,0.067
35ac632f3a327664,8,44,24,73,47,-20,-26,0.064
70fd83cbd29c4e9f,8,26,16,44,30,-10,-14,0.053
e83ecf06725ca7b0,8,34,22,57,42,-12,-15,0.063
d05e49c39f504859,8,42,27,69,50,-15,-19,0.064
bc0db0258334f3d7,8,31,25,52,46,-6,-6,0.05
1e22205fda3fdd3b,8,39,25,64,48,-14,-16,0.06
a30236b6de2da0d3,8,50,28,83,53,-22,-30,0.062
d93ea3081be42cc8,8,58,28,93,55,-30,-38,0.063
d2c0d9b856b4113c,8,53,27,86,52,-26,-34,0.064
b474ff08f6dc8efa,8,55,28,88,53,-27,-35,0.055
ed013d065b9c9234,8,42,22,69,43,-20,-26,0.053
5a5070e3756b60c0,8,51,27,81,50,-24,-31,0.058
083872b08ae3803e,8,49,29,82,54,-20,-28,0.065
b13526f48806c0d0,8,44,24,73,47,-20,-26,0.064
b8d43afb925ccbc9,8,31,18,53,37,-13,-16,0.052
826ce646ae0e7a20,8,39,23,66,44,-16,-22,0.07
10a96482b2833bad,8,50,28,83,53,-22,-30,0.073
6b87c66e7782bc7d,8,30,22,51,40,-8,-11,0.067
84bbce2e4b9d1407,8,38,22,64,43,-16,-21,0.072
9fab16a6f998e3cb,8,46,27,76,50,-19,-26,0.063
ab7342d6236fc2d1,8,47,25,77,49,-22,-28,0.075
06e2b0fb7ca432a1,8,37,25,63,48,-12,-15,0.063
3583a8f9ba456308,8,43,25,72,49,-18,-23,0.064
e91e929d87ab1431,8,51,27,84,53,-24,-31,0.066
bd0995b0f79ec3a4,8,55,28,88,53,-27,-35,0.067
c6a04e446596d451,8,42,25,70,48,-17,-22,0.065
9a3addd1dfc541d2,8,50,27,81,51,-23,-30,0.06
2a0528f709d6f47c,8,28,21,49,42,-7,-7,0.067
083bf5245bc1a2d0,8,38,23,67,45,-15,-22,0.067
acb4c4f97c9d525e,8,28,16,49,31,-12,-18,0.059
6c9f488d9c15c7c4,8,36,25,60,46,-11,-14,0.054
4606766e6ff281b1,8,42,25,71,48,-17,-23,0.062
13a8869901765a98,8,50,28,83,53,-22,-30,0.075
74a244c1a910e699,8,37,25,64,48,-12,-16,0.062
13aacb12018b0800,8,44,27,74,51,-17,-23,0.061
0903348ce7b50b12,8,43,27,69,50,-16,-19,0.06
0ac3b01433841bcd,8,31,22,54,42,-9,-12,0.058
c7b58fe3021297d6,8,42,27,70,50,-15,-20,0.061
27f4d33d488c8e3d,8,48,21,80,41,-27,-39,0.06
88235f91434d96c6,8,56,26,91,51,-30,-40,0.06
977faf1e3f778409,8,74,29,122,55,-45,-67,0.076
0ce9aea90f32653e,8,61,24,100,45,-37,-55,0.069
41d3fa1a2b768074,8,69,29,114,55,-40,-59,0.064
054962d22fa418d7,8,45,27,78,52,-18,-26,0.062
b462ad29d0b33a92,8,57,29,97,56,-28,-41,0.066
7c421405c062e015,8,62,29,104,55,-33,-49,0.062
f075dff67238afe7,8,48,24,83,46,-24,-37,0.074
852ca31f63dfdcba,8,54,29,93,55,-25,-38,0.075
aef49c52c028b8f3,8,62,27,103,52,-35,-51,0.061
c9d21cd8c31f7141,8,70,29,114,56,-41,-58,0.066
dee85edd9515fce1,8,64,24,105,47,-40,-58,0.061
3411900d5383357e,8,67,29,112,55,-38,-57,0.078
267237e309906ead,8,57,24,95,45,-33,-50,0.063
610b18fe3b19d4f5,8,63,29,104,55,-34,-49,0.08
29806ec3a1a509dd,8,55,24,93,47,-31,-46,0.063
a23ce86ea7d76e21,8,56,27,91,53,-29,-38,0.069
295863115470e04c,8,55,26,89,50,-29,-39,0.07
749ba5377ae38aa5,8,54,26,89,49,-28,-40,0.07
ce43e8ae93d34b0c,8,62,27,101,53,-35,-48,0.137
48304062d3d94191,8,44,24,75,47,-20,-28,0.064
52b437057ed17010,8,45,23,74,44,-22,-30,0.057
b7ab4f5ce04d296c,8,44,23,75,43,-21,-32,0.057
ea8d1604bea539b4,8,41,21,70,42,-20,-28,0.054
02d1c1193b56760e,8,52,24,87,47,-28,-40,0.052
57f717d4459eb9e7,8,43,26,71,51,-17,-20,0.051
0511b2f4f4076502,8,41,26,69,50,-15,-19,0.06
4cab1aebb54ba572,8,43,24,72,48,-19,-24,0.061
6adc3c30c70d5b81,8,51,27,84,54,-24,-30,0.063
6828f18431e39203,8,43,21,70,42,-22,-28,0.071
968553478c95e55c,8,50,26,82,51,-24,-31,0.072
ea9acb41218552bd,8,42,24,71,47,-18,-24,0.055
0e93efb0c4dafd2e,8,50,26,83,50,-24,-33,0.066
e971bbc9f8d0f88e,8,50,24,83,48,-26,-35,0.065
dad203a80d5e04d5,8,58,27,95,54,-31,-41,0.063
23f52cd37a2384fe,8,60,28,101,55,-32,-46,0.076
fc11a173a3c87b6f,8,59,27,100,51,-32,-49,0.061
9fd1c8034c491604,8,66,28,111,55,-38,-56,0.06
b1a76c3f847fdf34,8,59,29,97,54,-30,-43,0.072
9119a598c3044fd0,8,58,27,97,52,-31,-45,0.062
1ee7a6353c2be1d3,8,66,30,108,58,-36,-50,0.063
9ee5e20bb5436243,8,66,29,106,55,-37,-51,0.071
3c23b20f1f50439d,8,67,29,108,54,-38,-54,0.074
c8465a815a68a923,8,66,27,108,52,-39,-56,0.073
2db966dd61288afe,8,75,30,120,58,-45,-62,0.083
9f26b56e285ceb0c,8,47,27,79,52,-20,-27,0.072
686db4065914aa32,8,43,27,75,51,-16,-24,0.061
87d36be681320930,8,44,25,75,49,-19,-26,0.06
af219c53869805a6,8,52,28,88,55,-24,-33,0.067
65c3fc67595e7a7e,8,47,24,79,44,-23,-35,0.058
aa038c5a6089786d,8,55,27,91,52,-28,-39,0.06
d9cfabeaf714a51f,8,55,27,93,51,-28,-42,0.063
13262a48d3a0c3e8,8,57,25,94,49,-32,-45,0.058
495e469df6fb7177,8,63,28,105,55,-35,-50,0.066
24cea0d25d95c6c3,8,44,26,75,47,-18,-28,0.064
da4ae1cfde01b3d9,8,46,24,78,46,-22,-32,0.054
5cd9af7c6f8965e5,8,54,29,90,55,-25,-35,0.072
e9902b763da8569b,8,47,27,81,51,-20,-30,0.069
1d554617f597f472,8,52,29,89,54,-23,-35,0.058
d656d092992321fb,8,54,27,92,52,-27,-40,0.073
fcc227c8668acfe6,8,62,30,104,58,-32,-46,0.074
148af31f96c08ff0,8,45,18,76,35,-27,-41,0.052
6d178b52018771e2,8,53,26,87,47,-27,-40,0.079
31d5c8cd128eb3c7,8,52,24,87,46,-28,-41,0.059
d53ed49c86d6061f,8,61,29,99,55,-32,-44,0.063
6386ee2f50acdbca,8,52,27,89,51,-25,-38,0.073
cdb6f078b569db8d,8,61,29,101,54,-32,-47,0.06
32daf1fc80fe272e,8,60,27,101,52,-33,-49,0.074
7effc278a16c4df1,8,69,30,113,58,-39,-55,0.076
25d63f41c0819746,8,47,26,78,49,-21,-29,0.074
5f08f8890a521bf8,8,47,21,78,43,-26,-35,0.073
d1e4da03e4b32385,8,55,26,90,51,-29,-39,0.077
ed229af8f112b69f,8,62,29,101,53,-33,-48,0.073
f2bb1da22f17c37e,8,61,24,101,47,-37,-54,0.065
509033c87dbbfe79,8,70,29,113,55,-41,-58,0.067
7f779f0ec585ce5f,8,63,28,105,55,-35,-50,0.063
20f1c9d751119291,8,50,27,85,50,-23,-35,0.071
4e37be0ffce9ed41,8,50,22,86,44,-28,-42,0.127
55f2c4e759907bc3,8,58,27,98,52,-31,-46,0.058
71fb3c6dd49d47cd,8,62,30,104,58,-32,-46,0.065
4cb33338950a829a,8,50,29,86,53,-21,-33,0.065
485a3338db60f65b,8,49,24,84,47,-25,-37,0.071
191eab7dcdd9c8c3,8,57,29,97,55,-28,-42,0.064
ed240da74e49c95c,8,61,29,101,54,-32,-47,0.066
14364f9901bc16da,8,62,27,103,52,-35,-51,0.066
8dbcc3d142e5074e,8,69,30,113,58,-39,-55,0.069
2678e3ac8e5aee94,8,49,24,83,45,-25,-38,0.066
7037f10c5a902bc9,8,57,29,96,53,-28,-43,0.054
018e2d31af220043,8,57,24,96,47,-33,-49,0.059
b1fef25161e8a56b,8,65,29,108,55,-36,-53,0.07
5280f09aea0c6d12,8,46,24,78,47,-22,-31,0.05
e0f145c64327cea1,8,37,15,62,31,-22,-31,0.058
13d387ffddc922dc,8,44,24,75,48,-20,-27,0.069
41af8e74c6b01d6c,8,52,26,86,52,-26,-34,0.063
705cdcef758f674a,8,62,27,105,53,-35,-52,0.066
ec1ff9bbd3151339,8,57,29,95,56,-28,-39,0.078
1597670a5090f213,8,75,30,120,58,-45,-62,0.074
0c9f3f587a85a968,8,61,27,102,52,-34,-50,0.064
c99c898392d4b8e4,8,69,29,113,56,-40,-57,0.076
187e07682a96e3ea,8,63,28,105,55,-35,-50,0.064
7747b65716bf2861,8,51,25,86,49,-26,-37,0.07
82649b4b097d37b9,8,58,27,98,53,-31,-45,0.075
c44984a569c408f3,8,60,30,101,58,-30,-43,0.065
ddff721ec033f402,8,46,27,79,52,-19,-27,0.06
f1c9d4b71212a227,8,54,29,93,56,-25,-37,0.06
4b132a459f203d66,8,46,18,78,35,-28,-43,0.056
f4b6f022955901ba,8,54,27,90,51,-27,-39,0.064
de94a06cc4b61670,8,60,27,101,52,-33,-49,0.06
b182c5833cf04f2d,8,69,30,113,58,-39,-55,0.08
73fe7ae1f929ef49,8,55,27,93,52,-28,-41,0.078
f6d841df33be2434,8,62,29,104,56,-33,-48,0.08
17f323c9bbceda93,8,62,29,101,55,-33,-46,0.069
d50f37a673a66055,8,52,27,90,52,-25,-38,0.069
695c18705b76f0ef,8,52,29,89,55,-23,-34,0.067
d2da832cd6389f6c,8,57,24,96,47,-33,-49,0.064
321cda198df0596c,8,65,29,108,55,-36,-53,0.069
1c5e3cc8d69b1498,8,51,24,88,46,-27,-42,0.069
e4e1ad41d43ec01f,8,59,29,99,55,-30,-44,0.093
df8c524dae76ca64,8,53,24,86,47,-29,-39,0.058
f556c63b43546704,8,43,24,69,47,-19,-22,0.063
a3edcc73075cfd48,8,34,18,55,36,-16,-19,0.058
9a3650eb559756c8,8,33,21,56,40,-12,-16,0.061
bc88cc0e12970300,8,41,23,68,43,-18,-25,0.064
2e5534fa2cda0e74,8,41,21,68,42,-20,-26,0.056
0f900550cb868dd2,8,49,24,80,47,-25,-33,0.07
16140a0505e8aaed,8,59,28,96,54,-31,-42,0.063
e320e474e4eaaf30,8,59,27,94,52,-32,-42,0.055
68c193719b5fccc1,8,60,27,96,51,-33,-45,0.063
4dda3ac6dd4f1e86,8,59,25,96,49,-34,-47,0.067
2c95914559e7c880,8,68,28,108,55,-40,-53,0.058
cf9f6390e8be921c,8,59,30,99,58,-29,-41,0.067
05ad537c9c81f892,8,41,27,70,50,-14,-20,0.063
c3d546e7fc91e5fa,8,43,25,73,48,-18,-25,0.058
ba0be588238a8afd,8,51,28,85,54,-23,-31,0.067
a9b0cfa5cf76486c,8,46,24,75,44,-22,-31,0.053
43dce319638b7266,8,45,22,75,43,-23,-32,0.061
f6ae5428a81c9c92,8,54,27,87,52,-27,-35,0.071
1dff089a6b01f283,8,45,25,77,48,-20,-29,0.061
b7f41ffc92aebb85,8,54,27,89,51,-27,-38,0.068
d5973b2d7828b7c1,8,53,25,89,49,-28,-40,0.075
c05d465421865216,8,62,28,101,55,-34,-46,0.067
2108fdfa9f118b4b,8,46,23,75,44,-23,-31,0.117
8860bb64a6172eaf,8,63,27,101,52,-36,-49,0.056
153d0fe2d656045e,8,46,27,78,51,-19,-27,0.062
d773ffa5a1da6389,8,62,28,101,55,-34,-46,0.064
f647d020fa3639f9,8,42,22,71,42,-20,-29,0.064
a8545a4c87c0ef4f,8,50,27,84,50,-23,-34,0.068
c37cd36c5ad9d792,8,50,22,84,44,-28,-40,0.062
15bbd0835ddbaa50,8,58,27,96,52,-31,-44,0.065
14b312759bb05e61,8,54,25,90,49,-29,-41,0.059
4efdd0c9f3a32a1c,8,62,27,101,53,-35,-48,0.058
f21966af9aba3b95,8,53,25,89,49,-28,-40,0.067
ff354646d6e5f569,8,62,28,101,55,-34,-46,0.067
8017f4f480c36ed1,8,48,25,81,49,-23,-32,0.057
5d6362259ca5bf98,8,55,27,92,53,-28,-39,0.076
0f4f72b51e645c92,8,44,22,76,43,-22,-33,0.053
833f6ac73070be84,8,52,27,87,52,-25,-35,0.058
fd5c669a6b10e042,8,31,23,54,45,-8,-9,0.054
d719de4c1fb5c036,8,33,20,57,40,-13,-17,0.048
2c65dfa28ad3cdb3,8,37,27,66,52,-10,-14,0.062
e608c7aad543b9dd,8,35,20,59,39,-15,-20,0.053
adfb6f214d5ca6b2,8,54,27,89,53,-27,-36,0.058
6fc5317fb1395cd5,8,46,27,78,53,-19,-25,0.063
15b2f7fc5b324cfb,8,40,29,72,56,-11,-16,0.05
df76b5486bec05c6,8,25,20,45,37,-5,-8,0.05
40bd1e02d8854111,8,30,27,52,51,-3,-1,0.054
46c09d8737fbd922,8,31,20,54,38,-11,-16,0.054
47b0b01fd3f79a6b,8,53,28,89,54,-25,-35,0.057
90814eea440445c5,8,48,27,81,52,-21,-29,0.066
b03daa0d2e4f609d,8,40,27,70,52,-13,-18,0.062
92db725a4c1a3830,8,29,24,54,45,-5,-9,0.05
5532cc3d679621b7,8,40,27,69,52,-13,-17,0.06
00728f069a16ab79,8,35,24,62,46,-11,-16,0.068
c2d33eb171be3849,8,47,27,78,53,-20,-25,0.074
b8593630338ee03f,8,38,27,65,52,-11,-13,0.052
c645491fe5f3cd4f,8,37,20,60,39,-17,-21,0.071
6d5b2dad79cfd189,8,46,27,75,53,-19,-22,0.061
d6077f6332ed7c03,8,33,23,57,45,-10,-12,0.064
e33d12f1e007d482,8,33,20,55,37,-13,-18,0.06
27a8b41b61f5bc48,8,46,27,77,51,-19,-26,0.064
13443801b264a7a3,8,44,27,73,51,-17,-22,0.064
1c6cad2076737eec,8,36,29,65,55,-7,-10,0.062
457ff064f49bf788,8,21,16,39,31,-5,-8,0.054
10385632c824b671,8,34,23,60,45,-11,-15,0.056
0ee86b0c359e93fe,8,36,25,60,46,-11,-14,0.049
a66f6a24c0c2441a,8,29,20,51,37,-9,-14,0.056
117671c2c538645b,8,50,28,83,53,-22,-30,0.062
23f161499455a16b,8,45,27,76,51,-18,-25,0.058
8c1e4d3a58bc11ef,8,37,27,65,51,-10,-14,0.063
4f9e6632d912279c,8,41,24,69,47,-17,-22,0.056
a3a8ab353ab61438,8,37,24,63,45,-13,-18,0.057
4efc9f01c9547f43,8,23,20,42,39,-3,-3,0.053
da9180690c697bab,8,39,27,65,51,-12,-14,0.06
e0355041630f62ce,8,41,27,66,50,-14,-16,0.059
492080df32ddddd1,8,36,24,63,45,-12,-18,0.055
8532badacc77932a,8,47,24,82,47,-23,-35,0.06
3cac80fc99e93358,8,44,26,78,50,-18,-28,0.069
b3c9abc94abee158,8,58,29,97,56,-29,-41,0.085
809beca43ee9293a,8,59,26,99,51,-33,-48,0.071
6abd2f34026040ba,8,59,29,99,55,-30,-44,0.077
a9efb6591b7a2150,8,53,26,91,50,-27,-41,0.063
9d1006afe200231d,8,46,23,78,45,-23,-33,0.057
e68d2046bf01e9b9,8,37,23,61,45,-14,-16,0.07
99378ae24f7b7b24,8,35,20,58,39,-15,-19,0.054
da36e00c76f535f3,8,35,23,60,43,-12,-17,0.054
6d070652fe695185,8,49,24,80,47,-25,-33,0.164
aabec7eb38cd2ee7,8,43,23,71,45,-20,-26,0.06
12f5319530917249,8,54,27,90,52,-27,-38,0.062
850d17869f6a108f,8,50,24,83,47,-26,-36,0.071
7a1380de839f5b2c,8,67,28,108,55,-39,-53,0.067
e1f80047ed91b80a,8,59,27,98,53,-32,-45,0.067
77948e53ceb08386,8,54,29,92,56,-25,-36,0.079
b9d00d5e062af015,8,37,24,63,46,-13,-17,0.073
43f8ed41b0292473,8,51,28,85,54,-23,-31,0.071
7be4a2e078051df5,8,46,27,78,52,-19,-26,0.069
8eaa8c9597ba2d10,8,40,18,67,36,-22,-31,0.052
eb13917f4735fda5,8,53,27,87,52,-26,-35,0.054
5896c721417ed94a,8,48,24,78,47,-24,-31,0.072
bcf931c62d119ff7,8,53,27,89,51,-26,-38,0.072
e2d75d7bd6bc356e,8,45,27,78,51,-18,-27,0.059
2dc8cfa335ef021b,8,61,28,101,55,-33,-46,0.067
66842b4d317b271b,8,53,27,90,53,-26,-37,0.065
8b201dc8766b7d2b,8,57,27,94,53,-30,-41,0.064
bbb6e2e21296efab,8,58,27,96,52,-31,-44,0.075
3f74c523cdad3457,8,52,24,87,48,-28,-39,0.072
7635a39023dc82be,8,37,23,63,45,-14,-18,0.065
6e81e5cd304cb933,8,47,25,78,48,-22,-30,0.071
c5d4b83cb5520393,8,42,20,70,39,-22,-31,0.067
cf98689fe6d38ba6,8,53,27,90,53,-26,-37,0.073
739e8a2a4e5e3473,8,56,27,93,53,-29,-40,0.073
490a05dfe77f1b86,8,51,27,85,53,-24,-32,0.066
f4551fb2035ee84a,8,43,24,73,47,-19,-26,0.072
2419be49a2cf6da9,8,45,29,76,53,-16,-23,0.067
63662cf49abefa48,8,27,24,46,42,-3,-4,0.065
a46e5bc990379773,8,35,27,60,49,-8,-11,0.056
3f5c0dd79fd9466d,8,11,16,19,28,5,9,0.044
d1f8b1d5b32f2da7,8,18,24,31,39,6,8,0.062
681b0d5e395f0855,8,17,25,32,44,8,12,0.058
caf2aaf1b74524e4,8,26,27,45,47,1,2,0.071
48bd9f612fc1bb5e,8,45,26,76,47,-19,-29,0.069
a3ae3aea2ed5d635,8,54,29,91,54,-25,-37,0.076
3613233c32e91cb1,8,62,30,103,58,-32,-45,0.072
4c90e78b02cbf5db,8,27,16,46,32,-11,-14,0.07
82d0640bf6652e61,8,36,24,61,44,-12,-17,0.083
61f249d97e7a3030,8,35,25,62,48,-10,-14,0.062
3bb15113c6f3d71a,8,44,27,75,51,-17,-24,0.057
8c8f677e0be546ab,8,43,25,74,49,-18,-25,0.071
30be37a79c2f1fec,8,52,28,87,55,-24,-32,0.066
e2e43cd9e8d04d0d,8,18,16,31,31,-2,0,0.057
d8e66f615fcfb30d,8,27,24,46,42,-3,-4,0.058
cc169a581636c201,8,26,25,47,47,-1,0,0.061
c5d91d30e28f8fcc,8,35,27,60,50,-8,-10,0.061
adc948e10aa48fa9,8,34,25,59,48,-9,-11,0.066
4e51a5bd480fc568,8,43,28,72,54,-15,-18,0.072
98ce6bd3fa8ef56f,8,4,4,8,9,0,1,0.045
a6fcbf6dce60c519,8,12,13,20,24,1,4,0.066
b164d55795270427,8,28,16,46,32,-12,-14,0.069
0434c010a3247689,8,41,28,69,54,-13,-15,0.078
aaaef8028ceffd8f,8,48,29,81,56,-19,-25,0.075
461c37f5b3fd7cae,8,30,25,51,47,-5,-4,0.072
da5bdae93863cd85,8,44,28,74,54,-16,-20,0.071
f54e2ecf5c2b441b,8,29,25,52,49,-4,-3,0.065
1717b3144e7fc343,8,38,27,65,52,-11,-13,0.071
1a5cdd47d1e8a1ed,8,15,16,26,31,1,5,0.066
1dc96c7f85603e00,8,22,25,38,45,3,7,0.063
6c69ea3ae884780c,8,28,25,49,48,-3,-1,0.063
32417abde676ff38,8,36,28,61,53,-8,-8,0.073
6068577e8641f6aa,8,21,25,39,48,4,9,0.064
80f0dea8a57a1a1a,8,30,27,52,51,-3,-1,0.064
d726a5670e36c334,8,30,21,51,43,-9,-8,0.071
6336cb56e099f28e,8,40,26,66,51,-14,-15,0.067
a625d3b18cd5b3a6,8,24,21,42,42,-3,0,0.075
7d2a435749671219,8,32,26,54,51,-6,-3,0.079
78ad3c2bd0f45cb5,8,35,23,60,46,-12,-14,0.068
0f5361af4faac8a0,8,34,24,60,47,-10,-13,0.063
c30e409e3924eec9,8,41,26,70,51,-15,-19,0.077
1c53801fa27ae417,8,17,21,30,39,4,9,0.058
f99e082d9b749f2d,8,34,24,57,47,-10,-10,0.123
a2de22e67dac3bb7,8,19,21,34,42,2,8,0.06
941bd9eb0406d44f,8,26,23,45,45,-3,0,0.065
ee8d9914920994fe,8,23,21,41,41,-2,0,0.065
2d37a8c1d0ad6f12,8,16,15,30,30,-1,0,0.057
3e0a30293e5a6096,8,24,24,42,45,0,3,0.06
2858407e95be3c2f,8,33,24,56,47,-9,-9,0.066
1ac89284fe9ae4a2,8,40,27,68,53,-13,-15,0.057
fdb04f4f4bd22a9a,8,25,24,45,47,-1,2,0.055
ee225a4e56f11011,8,32,26,56,51,-6,-5,0.072
e4b8549dd298e7a9,8,14,18,26,35,4,9,0.058
c00924c83affb714,8,20,23,37,44,3,7,0.057
2eb352404c3a3718,8,16,21,30,40,5,10,0.052
a692ffc53a0074d5,8,24,26,42,50,2,8,0.056
93bda659f9b74c52,8,36,25,59,48,-11,-11,0.054
8eae9612603ccef2,8,41,28,69,54,-13,-15,0.074
6269828347d7c9a9,8,46,24,77,48,-22,-29,0.053
42bb91c8b9672f2c,8,31,21,52,40,-10,-12,0.066
c250fa6bcd3007c8,8,31,19,52,38,-12,-14,0.054
a671cde23c7b3029,8,38,22,63,44,-16,-19,0.053
f3e33fafebf5ce01,8,40,24,67,48,-16,-19,0.062
03c12526c9afa4b4,8,51,27,86,54,-24,-32,0.075
60391e252333e2d5,8,32,23,55,43,-9,-12,0.053
9cca1aaf9a8ce273,8,33,21,55,42,-12,-13,0.059
5790a9c4acf3df2e,8,40,24,67,47,-16,-20,0.06
d1bbf002625acf96,8,8,10,15,20,2,5,0.054
b463e28a59caf890,8,16,18,27,31,2,4,0.057
89bbfef0c3c91190,8,17,19,29,36,2,7,0.05
812d31fcf6345796,8,24,21,41,39,-3,-2,0.057
30d28992c1a0d68f,8,25,19,41,38,-6,-3,0.057
0f8db7a062748e7f,8,32,22,53,43,-10,-10,0.065
695ce0f583a96cdd,8,26,19,45,38,-7,-7,0.057
3904eb660328282c,8,33,21,55,42,-12,-13,0.057
7a2689e89212a9ed,8,25,21,44,42,-4,-2,0.053
56f34f018da84183,8,32,23,55,45,-9,-10,0.07
462ac11f83285353,8,8,10,15,21,2,6,0.052
f9886f16492ce21d,8,16,19,27,35,3,8,0.051
68c27e64ffcd7c42,8,25,19,41,38,-6,-3,0.06
23e58eac7ced1a42,8,32,22,53,43,-10,-10,0.057
7680db10369243b0,8,17,19,30,38,2,8,0.05
3d0d0f8f9cabbca4,8,24,21,41,41,-3,0,0.063
da114eec8d4ed3af,8,8,16,15,31,8,16,0.058
68f9be04bb4be7eb,8,16,21,27,40,5,13,0.06
398351370b9df347,8,35,23,59,45,-12,-14,0.059
48f8590c43d79c9d,8,20,21,35,39,1,4,0.051
4438d3e0bbea16c2,8,35,22,56,43,-13,-13,0.057
abea1f262ff3363e,8,27,21,46,41,-6,-5,0.065
dfa8f986e41978b8,8,40,24,68,47,-16,-21,0.069
1957c3852a497922,8,21,19,37,36,-2,-1,0.058
c430f15b7d56228a,8,29,19,49,38,-10,-11,0.061
a76940c8bbd545b7,8,4,6,9,13,2,4,0.055
17a51ed421ba446e,8,13,15,24,28,2,4,0.052
1c823a4c7bfed91b,8,28,16,46,32,-12,-14,0.062
73697511822c2dd6,8,21,15,36,30,-6,-6,0.069
a2b066a57c6775b0,8,54,29,91,56,-25,-35,0.066
620bb49b468318f2,8,51,28,86,55,-23,-31,0.061
83a92d7ad614fd0f,8,42,27,73,53,-15,-20,0.072
1b86542e88462980,8,27,27,49,50,0,1,0.065
6f1e5a5f677e81c3,8,42,28,71,54,-14,-17,0.072
3fa77fb3e9c477ae,8,34,27,60,52,-7,-8,0.073
d24c91d869316fb9,8,36,29,65,54,-7,-11,0.062
c02ce39d89177c91,8,55,30,90,58,-25,-32,0.063
af0e04d0a2c839c9,8,46,29,77,56,-17,-21,0.066
245c909b25d5d168,8,29,27,53,50,-2,-3,0.056
543be97cb01861eb,8,45,28,76,54,-17,-22,0.068
9e5c0bfa453a7242,8,37,27,65,52,-10,-13,0.072
527c44c1623bfc5b,8,15,18,27,34,3,7,0.05
60ddb70e4c457c5a,8,29,27,51,48,-2,-3,0.061
83fa582f6e4150d0,8,21,27,40,49,6,9,0.063
83973dc60158d76e,8,37,28,63,53,-9,-10,0.059
5e0f16913eb1f9cb,8,29,27,52,51,-2,-1,0.061
d6f1070f198406d8,8,8,12,17,23,4,6,0.049
9e5ed146ffbd7d58,8,26,24,46,45,-2,-1,0.065
2ded92171894e3b1,8,27,24,48,46,-3,-2,0.063
520faee697da10d5,8,24,24,44,46,0,2,0.065
299526bb9ab52693,8,27,27,45,50,0,5,0.055
2f2a27692ec36745,8,19,24,35,44,5,9,0.053
4784e4a9cb2715c8,8,39,23,70,46,-16,-24,0.062
62d54d50c0db5932,8,35,26,61,51,-9,-10,0.067
6c52955a848a80df,8,30,23,54,46,-7,-8,0.135
08d9e7857ba17720,8,39,27,67,53,-12,-14,0.053
a6f6bfc6d2c53397,8,37,29,63,54,-8,-9,0.065
c5d63364f06a8d99,8,44,29,74,56,-15,-18,0.067
fb21b9b5096e3c3d,8,34,23,58,46,-11,-12,0.061
ca2241a954b08b17,8,32,26,56,49,-6,-7,0.063
cd976a9a2942f8a5,8,46,27,78,53,-19,-25,0.074
056081af59ca9ee4,8,39,26,66,51,-13,-15,0.075
98987b84cc0fb6d0,8,12,14,24,28,2,4,0.061
35f103fdd5969ea1,8,27,23,47,42,-4,-5,0.07
5bfc570eac971f68,8,20,23,36,43,3,7,0.056
4e78be8027315419,8,35,24,59,47,-11,-12,0.068
6edfff4968defe80,8,42,23,70,45,-19,-25,0.056
adf951bf10146924,8,24,23,42,41,-1,-1,0.058
2bd10d0dfbe39574,8,18,17,33,34,-1,1,0.052
d882957b70e5f23d,8,33,26,57,48,-7,-9,0.069
25d6ec6cc627c7a6,8,25,26,44,49,1,5,0.058
2cfc82ef21a595cb,8,41,27,69,53,-14,-16,0.069
1be5d7138cd2c654,8,34,26,60,51,-8,-9,0.071
7ce146472b926820,8,36,26,63,51,-10,-12,0.068
686c56fcd51a6860,8,11,16,21,31,5,10,0.062
486f25e5c33c457b,8,29,23,50,45,-6,-5,0.055
a4ae0a9a1b2764d7,8,27,23,47,44,-4,-3,0.063
a42f9e6e3523a668,8,23,23,41,45,0,4,0.06
9744897c0871cf75,8,24,24,42,45,0,3,0.064
7a7f653cc0f1259e,8,18,19,33,37,1,4,0.056
9f90e1b77301614e,8,34,26,60,51,-8,-9,0.061
77e08bf72a7a59ad,8,33,26,57,50,-7,-7,0.071
1480861cd1214fdf,8,27,26,48,51,-1,3,0.056
74964c6415506bcc,8,16,20,31,38,4,7,0.053
ecee30e1e5cefc0e,8,27,26,49,50,-1,1,0.072
5f45adb851ea7ceb,8,22,23,41,44,1,3,0.072
20cd72f28bf3443a,8,38,22,63,44,-16,-19,0.069
ff5a6b71ad352ccb,8,32,21,56,42,-11,-14,0.069
33d6d2737c32a31e,8,49,27,82,54,-22,-28,0.077
6d4aa4a94d83b544,8,42,26,72,52,-16,-20,0.078
763cb4b1273cd1f2,8,33,23,56,43,-10,-13,0.068
237d7efe3c696a22,8,25,23,44,43,-2,-1,0.055
43482991565f0528,8,41,24,68,47,-17,-21,0.063
85518a0f01b31b82,8,35,23,59,45,-12,-14,0.06
b2f86cf41a77b5b6,8,10,12,20,24,2,4,0.056
c050d640913b8f33,8,25,21,42,38,-4,-4,0.054
3fd199be890741a6,8,19,21,34,39,2,5,0.056
79cd12c921f5bd51,8,33,22,54,43,-11,-11,0.061
eee7592ecb545c47,8,27,21,46,41,-6,-5,0.059
80c8d0ce10619f51,8,29,23,51,45,-6,-6,0.06
4d66ad36b13394ab,8,16,19,27,35,3,8,0.056
b1ef65d579579052,8,10,14,20,27,4,7,0.058
fd5934fe64fbf8ac,8,27,21,46,41,-6,-5,0.058
c9b1f3b6ced36318,8,25,21,42,40,-4,-2,0.067
7092da88eeb23177,8,21,21,38,41,0,3,0.069
0d1cf3730873ac7f,8,19,21,34,40,2,6,0.055
652555cddee8a1a7,8,14,18,28,34,4,6,0.06
2612e1bb676a715e,8,33,25,55,48,-8,-7,0.053
11694be493dca74e,8,37,29,65,56,-8,-9,0.081
c4b4ad85d1dd67c4,8,32,25,54,49,-7,-5,0.066
1c3ca9ffd6cb04eb,8,38,28,64,53,-10,-11,0.062
f56382fd7b3dd38d,8,24,25,41,48,1,7,0.061
51bca5a66284a68e,8,30,27,52,51,-3,-1,0.058
b425233006684507,8,40,29,69,55,-11,-14,0.072
5a047626be35437d,8,39,24,64,47,-15,-17,0.068
cde3247ffa220b07,8,26,21,45,42,-5,-3,0.07
b293c18cc3240487,8,33,23,55,45,-10,-10,0.054
57c0674184aacea1,8,43,29,74,55,-14,-19,0.066
3164e1a2604e2a5e,8,27,27,48,48,0,0,0.054
1762d8d7c9b7a282,8,39,30,67,56,-9,-11,0.062
09baaf2fdfe93a6e,8,26,27,47,51,1,4,0.052
e007f6d8a2495626,8,31,29,55,54,-2,-1,0.066
36ccc1beb2a74eb4,8,24,22,41,41,-2,0,0.062
f9e07ed1bfb01374,8,40,25,67,48,-15,-19,0.058
edccafa64a791227,8,25,21,44,40,-4,-4,0.058
8d56a592fa8ccd33,8,32,24,55,46,-8,-9,0.072
291f707fa0c01fb0,8,24,20,39,39,-4,0,0.054
f63bc6b832d47089,8,8,10,15,21,2,6,0.051
3b4cecabb3a3dfbd,8,16,18,27,34,2,7,0.063
ec51a5d3452d3e90,8,25,17,42,34,-8,-8,0.065
2fc6c80ba4223e9a,8,32,21,53,42,-11,-11,0.067
ba6e037b03a58abd,8,17,17,30,34,0,4,0.062
358b5a8faec2a971,8,24,20,41,40,-4,-1,0.064
aef6a2c2170d96ed,8,26,27,45,50,1,5,0.066
ae729c3d1b0b9689,8,29,23,50,44,-6,-6,0.069
908a0ad102a26a14,8,27,29,48,53,2,5,0.082
fda7587600ce6ec0,8,28,24,48,45,-4,-3,0.062
1b9c487b2f295837,8,24,20,41,40,-4,-1,0.051
bafa3dff74e7ae69,8,19,14,34,29,-5,-5,0.062
ed13489ff8f7af98,8,27,20,46,39,-7,-7,0.058
5abd30b05fecf960,8,14,14,27,27,0,0,0.06
4570503fb6f5f29b,8,22,20,39,39,-2,0,0.06
9294ee3c03be45b5,8,37,24,63,47,-13,-16,0.129
e9604cae1ee8e9ab,8,36,23,61,44,-13,-17,0.044
2be5bb32a2909ce5,8,44,24,74,47,-20,-27,0.074
eb0a8e3bd65937f1,8,59,30,99,58,-29,-41,0.07
678deda2c80617b3,8,56,27,96,52,-29,-44,0.08
8ed9062fd8cbb414,8,51,28,85,56,-23,-29,0.062
1c9d1618bce1ac5f,8,47,27,78,52,-20,-26,0.073
41ae391905574578,8,50,25,82,49,-25,-33,0.068
e3504dc11c809e4a,8,55,28,92,55,-27,-37,0.058
03d430676cdadc4a,8,46,29,78,55,-17,-23,0.059
d6d9400479d8756c,8,52,30,86,58,-22,-28,0.073
5ff588d8b44fa3dc,8,44,24,74,46,-20,-28,0.062
fdf9b21886d68f7a,8,48,27,82,52,-21,-30,0.063
e8b183248ff20d0d,8,26,22,44,44,-4,0,0.052
081b09c0fe190bee,8,35,27,58,52,-8,-6,0.057
273921e4e6c38674,8,28,25,48,48,-3,0,0.054
79be9a3ed6e1d0fe,8,36,25,60,50,-11,-10,0.052
c0f5025f79e7d418,8,46,28,76,55,-18,-21,0.078
e12d7a4030049374,8,27,16,46,31,-11,-15,0.06
63b51576764e4a54,8,33,22,55,43,-11,-12,0.058
6799646dc6a68f9b,8,43,27,70,51,-16,-19,0.069
dfbb3d10df9160b2,8,36,25,61,47,-11,-14,0.064
741f66455c706be0,8,44,25,73,49,-19,-24,0.054
574313a25d1e45d0,8,51,28,84,54,-23,-30,0.069
98ea9201b038057c,8,53,27,87,52,-26,-35,0.077
94636e00105a5c4a,8,31,22,54,45,-9,-9,0.057
f034320032f41577,8,38,27,65,52,-11,-13,0.061
784047915548db99,8,51,28,84,54,-23,-30,0.07
762e0063b4d037c6,8,31,22,53,41,-9,-12,0.056
31988890129e5d3d,8,37,22,62,44,-15,-18,0.067
ef81da9c7c8aa50b,8,47,27,77,51,-20,-26,0.066
52b43e3f9b8cba8c,8,45,25,76,49,-20,-27,0.064
c510278fb34f2011,8,52,27,86,53,-25,-33,0.072
18291b6e9ad199f0,8,31,18,54,35,-13,-19,0.065
7d13f247d47a9f04,8,61,30,103,58,-31,-45,0.066
1072e7b16421b693,8,44,27,76,52,-17,-24,0.073
5040b3b2f6152859,8,47,29,80,56,-18,-24,0.065
db69ea343020afc6,8,20,16,35,33,-4,-2,0.066
8db9d9dfc3121578,8,29,25,50,50,-4,0,0.063
abaa3eb4513debf9,8,38,27,64,53,-11,-11,0.065
b340c09c8a626473,8,33,22,55,43,-11,-12,0.059
11b82987dd7977ba,8,27,16,46,32,-11,-14,0.052
d91f2fdbb5778714,8,35,25,58,47,-10,-11,0.058
50e9c790fa9347ea,8,44,25,73,49,-19,-24,0.063
0e5bab26301615fd,8,51,28,84,54,-23,-30,0.059
67d216ad8b907cf0,8,36,25,61,49,-11,-12,0.068
44367861dde11c4e,8,43,27,72,52,-16,-20,0.067
570ff221d72e2d39,8,43,29,73,55,-14,-18,0.07
4d97eb57dabc76d8,8,31,22,53,43,-9,-10,0.054
ad2d06bba4ad1662,8,39,27,65,51,-12,-14,0.07
9db4fbb44cb3b18d,8,49,27,83,52,-22,-31,0.069
4b802bf35df571e7,8,31,27,53,51,-4,-2,0.055
8afcc58875740a9f,8,27,25,48,47,-2,-1,0.059
49fd8ea29ed250ad,8,35,25,60,49,-10,-11,0.065
ebab760af5cd472e,8,26,18,46,35,-8,-11,0.06
831c4f283c80f77d,8,32,24,55,46,-8,-9,0.058
d16e10c7d1e823e8,8,42,29,70,55,-13,-15,0.063
47fd67b6936b69ca,8,35,27,61,51,-8,-10,0.06
1f12bf164d3f5278,8,43,27,73,52,-16,-21,0.052
3eb273d37cfcad9a,8,50,30,84,58,-20,-26,0.072
e3638b825ff8b3b6,8,52,29,88,55,-23,-33,0.074
f2e6a5a100d5f190,8,42,28,71,54,-14,-17,0.072
6b4aa0f86456d8ad,8,28,22,49,44,-6,-5,0.058
82214f8335249ba2,8,34,27,60,51,-7,-9,0.06
5cb618861cf6d615,8,43,27,73,52,-16,-21,0.064
ee5897a809d5a66f,8,50,30,84,58,-20,-26,0.059
7f112c06ffa3bba2,8,30,24,54,44,-6,-10,0.051
31a313dd26f510f2,8,36,24,63,47,-12,-16,0.128
91285f5bb7bead7f,8,46,29,78,55,-17,-23,0.068
0c3c74039f5f1f87,8,43,27,74,53,-16,-21,0.067
edfa0823ffa121d7,8,44,27,76,52,-17,-24,0.059
06c2f7a989e05d37,8,51,29,86,56,-22,-30,0.058
05435a2f305529fa,8,25,25,44,46,0,2,0.057
25c0d6b6aa0b4403,8,42,28,71,54,-14,-17,0.072
9902ed5e708a5930,8,27,25,48,49,-2,1,0.064
ea2547f076bdf78d,8,34,27,59,52,-7,-7,0.061
217db9f7b15f1c0e,8,32,24,55,46,-8,-9,0.065
66b8fc14bb0f79ea,8,26,18,46,35,-8,-11,0.066
7f9c443dee9c2e57,8,34,27,58,50,-7,-8,0.075
2c902fe67074f887,8,43,27,73,52,-16,-21,0.071
41866513492edf89,8,50,30,84,58,-20,-26,0.064
364aabff3b511a88,8,35,27,61,52,-8,-9,0.062
5654b9ab3717d794,8,42,29,72,56,-13,-16,0.058
cda66ca0b42fd9f4,8,28,27,51,51,-1,0,0.074
efc969ec95871121,8,36,24,63,47,-12,-16,0.067
734377ec2fd822c0,8,46,29,78,55,-17,-23,0.071
bb9581f919b6a291,8,30,24,54,45,-6,-9,0.072
c63de6c6b4c36487,8,38,29,66,55,-9,-11,0.085
c1b274bcf8e997f8,8,59,30,98,58,-29,-40,0.079
33bbadd27dbe038c,8,42,25,70,48,-17,-22,0.061
f24c86cb71ca82e0,8,48,28,81,54,-20,-27,0.071
6d9fff8bba68f2e0,8,58,30,95,58,-28,-37,0.082
e75177d4376e887b,8,36,24,61,46,-12,-15,0.066
05f10be83d7b5130,8,43,29,72,55,-14,-17,0.064
4eb7b036e23ecf71,8,40,29,68,54,-11,-14,0.068
e7d8f25d8ea74186,8,43,27,74,52,-16,-22,0.073
f2ac6a9785724310,8,50,30,82,58,-20,-24,0.066
1ee3722b2c4b848e,8,33,22,55,43,-11,-12,0.049
93ac6d4e70dd6bf8,8,43,27,72,50,-16,-22,0.059
13f525f503035162,8,44,25,73,49,-19,-24,0.057
96a375f6c65187ff,8,51,28,84,54,-23,-30,0.061
7ac705947a387014,8,19,16,33,30,-3,-3,0.061
bb8b5e618a03cf7a,8,27,24,45,41,-3,-4,0.062
4c545438a0b360eb,8,25,22,42,42,-3,0,0.065
730e8b7f7d71e569,8,35,27,57,50,-8,-7,0.058
44f69758862ef62b,8,28,25,48,46,-3,-2,0.061
ac12b17511d07a5e,8,35,27,59,49,-8,-10,0.066
6f1c82813e70c150,8,36,25,60,48,-11,-12,0.065
d5d6415df469fb9e,8,43,28,71,53,-15,-18,0.071
7729ce6aef910275,8,47,29,79,55,-18,-24,0.069
dbcf759c28df0254,8,47,27,78,51,-20,-27,0.062
d79a0978082dd2cb,8,43,28,71,53,-15,-18,0.069
541246b3e7df78d9,8,23,22,41,39,-1,-2,0.055
f703e728592cd9ca,8,31,27,53,48,-4,-5,0.063
82af2910518cd18e,8,29,22,50,43,-7,-7,0.069
c2e27b08538197f1,8,39,27,65,50,-12,-15,0.068
7327511bbb156a78,8,36,27,63,52,-9,-11,0.074
8056ebc25eda86ec,8,39,29,67,56,-10,-11,0.072
c85e1fcc1a8c6820,8,36,25,60,48,-11,-12,0.057
e50a93e0980d8bdf,8,43,28,71,53,-15,-18,0.055
58a7d4c34c22a3cc,8,28,25,48,48,-3,0,0.069
5a43781366304d48,8,35,27,59,51,-8,-8,0.057
6f8143be2529cce1,8,23,22,41,41,-1,0,0.06
9150d44584915b65,8,31,27,53,50,-4,-3,0.067
9d3c229926263596,8,33,27,56,52,-6,-4,0.066
358fc171b3270758,8,32,27,55,52,-5,-3,0.07
9e77f6a4451154bd,8,15,20,27,37,5,10,0.058
50d35bd215aa3378,8,32,27,54,51,-5,-3,0.055
fc3238e511a1d4f2,8,32,27,53,50,-5,-3,0.063
474a22d008dce3c2,8,24,27,42,51,3,9,0.058
125c405ec85e6113,8,36,29,63,55,-7,-8,0.056
cfea4f48cbc5c55a,8,36,27,62,51,-9,-11,0.063
063a34b1a74b5ad2,8,19,16,34,31,-3,-3,0.05
3646b3e02c33d4a6,8,34,23,57,45,-11,-12,0.063
25eb8e654729b3e2,8,30,23,52,44,-7,-8,0.048
3ca07c3b777c72fd,8,26,23,47,45,-3,-2,0.07
3a610b1c8d8b8523,8,36,29,64,55,-7,-9,0.13
9c1976a9fc1b595e,8,18,22,34,40,4,6,0.052
4f13edf1177d65ba,8,34,29,60,54,-5,-6,0.064
14f6c4e2cbddfa14,8,33,29,58,53,-4,-5,0.071
3c8e0683bf73d595,8,26,29,48,54,3,6,0.055
091a002ddec7f8f8,8,18,17,33,32,-1,-1,0.056
56b348e8ac6289d7,8,35,24,60,46,-11,-14,0.063
6139372cc53b4a70,8,32,24,55,46,-8,-9,0.057
a0bb27facfd81124,8,27,24,48,46,-3,-2,0.072
e75dfcd4da167837,8,18,17,31,34,-1,3,0.06
686b5726ba00aa6e,8,16,18,27,34,2,7,0.06
5775f94fdd9ff957,8,10,13,20,26,3,6,0.062
ac9374e4f2a8c6df,8,32,21,53,42,-11,-11,0.061
94a1024456e299c4,8,27,20,46,40,-7,-6,0.063
b0457c055c3b5c1f,8,24,20,41,39,-4,-2,0.072
43123042837dcd60,8,19,20,35,40,1,5,0.057
57c228cee7ea6e40,8,34,20,58,39,-14,-19,0.06
c7d91970ac8bde47,8,45,27,77,53,-18,-24,0.067
aa19d477d8e587de,8,36,29,64,56,-7,-8,0.067
f8542fc285ee66e0,8,52,29,88,56,-23,-32,0.066
09441c7c701ce5c7,8,23,20,41,39,-3,-2,0.055
ffee7c31a2a0aeb4,8,36,27,61,52,-9,-9,0.063
93678efece04b9af,8,32,27,56,53,-5,-3,0.061
714fad40938a2cfc,8,27,20,47,38,-7,-9,0.06
c15bbd54d8a798f8,8,43,27,72,52,-16,-20,0.068
689854f80c3d248b,8,36,27,62,52,-9,-10,0.059
0fccce7d36a33021,8,36,27,62,52,-9,-10,0.059
8d82e9edb1e17fc9,8,31,24,55,46,-7,-9,0.066
da5954e753e75e5a,8,33,22,57,42,-11,-15,0.065
041a6e1491ad3ce2,8,44,29,76,56,-15,-20,0.064
a0db938f889a4977,8,19,20,35,38,1,3,0.064
7ff013da64fd4147,8,28,27,50,52,-1,2,0.062
465c2d7e872a636b,8,34,27,58,50,-7,-8,0.056
68629131cb47e079,8,26,22,46,42,-4,-4,0.059
b4205af1418b7b1f,8,50,30,84,58,-20,-26,0.065
baedf0c437148b45,8,42,29,72,55,-13,-17,0.068
c960230a8df6a0cb,8,35,29,61,56,-6,-5,0.07
ff9ccde3cd67dc3c,8,23,24,43,45,1,2,0.063
8b978d94ae5274f2,8,35,29,61,56,-6,-5,0.067
b648d0af90801ae3,8,38,29,66,55,-9,-11,0.067
1b658b133b0f3db7,8,30,26,54,49,-4,-5,0.068
7fabfe4a07777e24,8,29,23,51,45,-6,-6,0.058
79b05e9aab1d849a,8,46,29,78,56,-17,-22,0.063
3f855e9fb6e594ec,8,50,27,84,53,-23,-31,0.071
964847ccb7f2895e,8,34,24,58,46,-10,-12,0.053
7eb6d8d68c4f5c4c,8,43,27,73,52,-16,-21,0.068
3ef53bce1761b967,8,53,29,89,56,-24,-33,0.065
4af4ec50b759cd0d,8,37,26,64,50,-11,-14,0.064
1c2ebf94474f0f90,8,34,29,59,54,-5,-5,0.056
76dfe51269aef5fe,8,52,30,87,58,-22,-29,0.063
7f9c7804d9dc9f3d,8,43,29,72,56,-14,-16,0.066
b4f038bdee62960d,8,33,24,56,46,-9,-10,0.06
143c325dce6fd4b8,8,51,28,84,54,-23,-30,0.063
be3e2427cd752aae,8,44,27,74,52,-17,-22,0.064
31acf54e89930ec5,8,20,18,36,34,-2,-2,0.053
0c127d92daa4b44e,8,26,24,45,45,-2,0,0.049
dbdcdbdff80f9670,8,35,27,59,48,-8,-11,0.063
78646e9462674e8d,8,29,27,51,49,-2,-2,0.061
b9b5ef9c872552bc,8,43,28,71,53,-15,-18,0.065
6f345f1a37ca4b4f,8,37,27,63,51,-10,-12,0.067
c3b685552df76ed4,8,37,27,63,51,-10,-12,0.058
f0171470cee449ba,8,39,27,65,50,-12,-15,0.057
483b004331f22626,8,30,24,53,46,-6,-7,0.059
b00076ec7f9eb4b1,8,37,29,66,56,-8,-10,0.06
d9e1584c7ad421db,8,27,25,45,45,-2,0,0.053
209152450fe5aa3a,8,20,20,36,37,0,1,0.062
81b83a2f51e5985a,8,37,27,63,51,-10,-12,0.077
35aa86857c67ce77,8,35,27,59,50,-8,-9,0.078
259f9e7e6ebca8b3,8,29,27,51,51,-2,0,0.057
a7d18339de460f2d,8,27,24,46,44,-3,-2,0.056
0b502200dd0706af,8,44,24,71,47,-20,-24,0.056
f578605bdfb94082,8,67,28,107,55,-39,-52,0.07
6c2ba14f652e2cff,8,48,27,76,51,-21,-25,0.069
3d151de093fe74cc,8,59,28,94,54,-31,-40,0.068
41ee4568372edc6e,8,65,30,107,58,-35,-49,0.078
b57a08b2f5f0b610,8,53,27,85,52,-26,-33,0.076
8145d7aaab564247,8,52,25,87,49,-27,-38,0.054
1d9cecd4957fb02d,8,61,28,99,55,-33,-44,0.124
43172e0057dcc021,8,31,22,53,42,-9,-11,0.05
5f6b3ea77bb39846,8,38,27,64,51,-11,-13,0.054
7740d79c7c19312a,8,34,25,57,47,-9,-10,0.051
58a31e8dec69db63,8,42,25,69,48,-17,-21,0.071
40cf7f76855a6ac2,8,49,28,84,54,-21,-30,0.07
034ccf4950e79538,8,49,28,81,54,-21,-27,0.064
df284350fed35d9d,8,35,22,59,43,-13,-16,0.056
c24279783cb5d176,8,49,27,78,51,-22,-27,0.066
01a7ab6ca9104877,8,27,16,46,31,-11,-15,0.066
75974d4aa8e08585,8,46,25,76,48,-21,-28,0.068
21e7894f352d31d4,8,49,28,80,54,-21,-26,0.072
e8e68423d6cc0e5d,8,37,25,64,48,-12,-16,0.071
c64216afe23b0c40,8,44,27,74,52,-17,-22,0.073
7b6a2d2a1b974ff2,8,39,27,68,51,-12,-17,0.059
58c59fccc8424bef,8,46,27,78,52,-19,-26,0.06
0a736ef5ba4f1214,8,50,27,83,53,-23,-30,0.063
be245ad05505136d,8,30,20,53,38,-10,-15,0.064
b1f997c405a48f72,8,42,27,72,51,-15,-21,0.076
2d650e0932846729,8,39,27,68,52,-12,-16,0.068
e149e1a570db637a,8,29,24,51,45,-5,-6,0.068
8c519aaf554399c6,8,26,19,44,38,-7,-6,0.063
c6558bf03c7c9dac,8,42,25,70,47,-17,-23,0.064
2431c6e72f9dc5b2,8,29,16,47,32,-13,-15,0.068
8d477b34299476a4,8,34,19,56,37,-15,-19,0.065
2501ccb199dad324,8,4,4,7,8,0,1,0.044
63f05020685ffee3,8,13,12,21,24,-1,3,0.051
9d6b2d044d7e5a53,8,21,12,33,24,-9,-9,0.054
7fc3df5c2020fea0,8,26,16,43,31,-10,-12,0.056
d5fdea8d6a497968,8,63,30,105,58,-33,-47,0.061
ad5a998a9fa05f4a,8,42,25,72,49,-17,-23,0.075
83863ddc4c9cd5d9,8,34,25,58,48,-9,-10,0.058
6c3acd983f0e89fe,8,43,27,74,52,-16,-22,0.066
a5004882ff2346ef,8,55,30,91,58,-25,-33,0.063
345fa65933089293,8,36,25,62,49,-11,-13,0.06
8e50848f2d893e04,8,45,28,75,54,-17,-21,0.066
f157b9b203922d74,8,13,16,22,30,3,8,0.052
8f2d498205bfdf8a,8,19,25,35,46,6,11,0.061
8786438b2451528a,8,27,25,47,48,-2,1,0.063
4b9a05625bed7931,8,36,28,60,53,-8,-7,0.068
9f15d1fe99b89440,8,6,4,11,9,-2,-2,0.05
2999ae88fbe664ec,8,26,16,43,31,-10,-12,0.065
e87f656a477a6d49,8,15,12,26,24,-3,-2,0.059
8627a03e095c5633,8,22,15,36,29,-7,-7,0.068
e2aba097c2bb098b,8,29,25,52,48,-4,-4,0.065
d67d3c8db3571a92,8,42,30,70,58,-12,-12,0.074
b2a5c8601cf3cc67,8,32,27,55,52,-5,-3,0.066
6c02b8ba65c3ba24,8,42,29,68,56,-13,-12,0.078
ccc9db57183ac425,8,31,25,54,49,-6,-5,0.055
f327b549860eae33,8,40,27,67,52,-13,-15,0.07
01da70fa9b0ec9cc,8,17,16,28,31,-1,3,0.054
679cc646cbee264b,8,26,25,45,48,-1,3,0.059
c431d1ed8c4922d7,8,34,28,57,53,-6,-4,0.073
2b314cee4614f84c,8,23,25,41,48,2,7,0.057
ce5dfb4a1bb6517b,8,32,27,54,51,-5,-3,0.072
4e5588b684e9d22f,8,10,9,18,17,-1,-1,0.053
19c37dfa67643a83,8,18,15,29,28,-3,-1,0.064
205fab14078d75e5,8,28,22,48,41,-6,-7,0.057
0036c420378e8bde,8,35,27,60,51,-8,-9,0.054
14bbd0c322b7fb6c,8,29,22,48,43,-7,-5,0.059
0a0cf87192f7e605,8,36,27,60,51,-9,-9,0.059
0da36cf12a73a24a,8,32,27,53,50,-5,-3,0.062
9a8de970c397b477,8,21,22,35,41,1,6,0.058
801b002f76b8cb03,8,28,27,47,50,-1,3,0.057
e696cc926296ca15,8,33,21,56,42,-12,-14,0.065
3350829171a20642,8,40,23,66,46,-17,-20,0.064
8479b90be5e5b0f0,8,33,24,54,46,-9,-8,0.055
32e8066b83173f41,8,47,27,77,53,-20,-24,0.075
5ba734974047271b,8,34,24,58,47,-10,-11,0.065
48c43627018ec415,8,41,26,68,51,-15,-17,0.071
29d444cbb8112486,8,20,19,34,35,-1,1,0.058
0511dd2bd3364be5,8,19,19,33,38,0,5,0.065
3692c82e1be2a27e,8,29,21,49,41,-8,-8,0.06
b37620ea474f2737,8,18,12,31,25,-6,-6,0.057
1b2c560aa5882e03,8,26,21,42,40,-5,-2,0.062
21d68e15c83a0823,8,33,21,54,42,-12,-12,0.058
7c48b4a2a774d7b1,8,40,24,65,47,-16,-18,0.051
d11834f52806551f,8,27,21,46,42,-6,-4,0.128
d9d909f524986556,8,34,23,56,45,-11,-11,0.06
74339605f954e1df,8,47,27,79,53,-20,-26,0.07
bb6a2b802d450178,8,41,26,70,51,-15,-19,0.067
578156e6ed3a7301,8,33,24,55,47,-9,-8,0.072
249528317525d51a,8,21,21,36,42,0,6,0.059
ef6177bd86354582,8,28,23,48,45,-5,-3,0.056
97377d4ace87bf21,8,48,27,80,53,-21,-27,0.075
ad851c80c8cdae49,8,42,26,71,51,-16,-20,0.067
19255270ef9d2114,8,18,15,33,29,-3,-4,0.051
fbd949aa4e7e7372,8,40,27,67,52,-13,-15,0.067
54cd21ff4f9ec136,8,27,24,48,46,-3,-2,0.057
fe96f8f51f2a1c6d,8,34,26,58,50,-8,-8,0.058
ecae088ef53d994b,8,16,18,29,35,2,6,0.051
7d4165d0feaa7c4b,8,22,23,40,44,1,4,0.06
30264551a07cf4a4,8,34,26,57,50,-8,-7,0.061
053b456cd6f1f548,8,18,21,33,39,3,6,0.052
9715edab061a58e4,8,26,26,44,49,0,5,0.073
5647aa7ee875f867,8,34,25,59,48,-9,-11,0.064
661a07661d3939b1,8,32,19,54,38,-13,-16,0.068
b69416c04c43648a,8,39,22,65,44,-17,-21,0.063
abc1198ac14f9d0f,8,41,24,69,47,-17,-22,0.063
129e4682a7772213,8,47,27,79,53,-20,-26,0.062
44282f81ca82d838,8,24,24,43,45,0,2,0.055
1f582f9ca1642e54,8,31,26,54,48,-5,-6,0.054
3ca357f6e9fb0c0a,8,32,23,54,43,-9,-11,0.057
9ee941dc7ca53ac2,8,33,21,55,42,-12,-13,0.069
2e045aefd6ab55f9,8,40,24,66,47,-16,-19,0.077
3a696bc9c436d2af,8,8,10,13,18,2,5,0.05
a897abc75de4c402,8,16,18,26,29,2,3,0.065
ac2cb72d7e8d2793,8,17,19,29,34,2,5,0.059
6094762c4da619f8,8,24,21,40,37,-3,-3,0.073
2bc5487f93eeb9bf,8,25,19,41,36,-6,-5,0.075
74bab8f0166150fc,8,32,22,52,41,-10,-11,0.072
1de4bb8669acbf3e,8,33,26,57,50,-7,-7,0.076
2bec533f70d85a0e,8,34,23,57,45,-11,-12,0.073
a2f4f5279504e127,8,10,10,18,19,0,1,0.059
8d19b6ab8778304a,8,18,19,29,33,1,4,0.074
37529cdc958ad5c1,8,32,22,52,41,-10,-11,0.065
496cdf91a927ef26,8,19,19,33,36,0,3,0.05
5fa3d7084d85aa96,8,26,21,43,39,-5,-4,0.062
483417eb31e72f2d,8,10,16,18,29,6,11,0.053
460139706c5eb814,8,16,21,28,38,5,10,0.052
ed0ccdb7ceff2ba8,8,10,12,20,22,2,2,0.062
6c8c419b95156619,8,29,24,50,46,-5,-4,0.069
882a183d47e04d21,8,28,27,47,50,-1,3,0.06
27cfdf7f4240fd80,8,21,24,38,44,3,6,0.06
9491da29b0829f4d,8,34,27,60,52,-7,-8,0.06
ed4172ecebdcabac,8,41,23,71,46,-18,-25,0.066
e8b5659c89c1da6c,8,26,21,46,40,-5,-6,0.094
da53b9aa3c691f8e,8,39,22,65,44,-17,-21,0.074
2eda4e390e10c26d,8,34,21,58,42,-13,-16,0.067
1025e078aaccca81,8,41,26,70,51,-15,-19,0.073
9b7eb884c21ac8b9,8,26,26,47,48,0,1,0.062
192d98b9c36bc20c,8,27,23,47,43,-4,-4,0.076
18204ccc8d8116b2,8,35,23,59,45,-12,-14,0.066
7ab86c2abc8d4a7d,8,10,12,18,22,2,4,0.05
a6c86120920e6bd5,8,24,21,40,36,-3,-4,0.067
52ed0a6d5587d36c,8,19,21,31,37,2,6,0.065
ae4680fa86178cc1,8,32,22,52,41,-10,-11,0.065
41fae9e7d47ae746,8,27,21,44,39,-6,-5,0.069
fa094077bf33ed75,8,10,14,19,25,4,6,0.059
0163c8251a5fb7f6,8,26,21,41,39,-5,-2,0.071
af6a8dfb837e68ed,8,27,21,45,38,-6,-7,0.068
5deee78c4449af4f,8,19,21,35,39,2,4,0.061
5fe265a2fde372de,8,10,18,19,32,8,13,0.06
b953d734d473e214,8,47,27,79,51,-20,-28,0.075
4df73d6056651cd7,8,34,21,56,42,-13,-14,0.065
d09e6538619949ce,8,33,20,56,38,-13,-18,0.07
2125d84355f4a1ec,8,32,18,55,36,-14,-19,0.073
1d3ed7697f1b9c3a,8,40,21,67,42,-19,-25,0.064
82adf2355ec6df61,8,49,30,85,58,-19,-27,0.061
3fe990e1ce2f0189,8,51,29,85,54,-22,-31,0.065
c5305cbb121bf5db,8,52,27,88,52,-25,-36,0.064
306bd0c0f472b2f4,8,57,30,96,58,-27,-38,0.075
0169d394e3ed7b31,8,34,27,58,51,-7,-7,0.065
a29c98107d5a354e,8,35,25,62,50,-10,-12,0.121
d64ce0e3bfd9f5c8,8,44,28,75,55,-16,-20,0.065
b890431dba4b021e,8,41,27,70,50,-14,-20,0.064
2ddc0b9f1ea1c273,8,44,25,75,49,-19,-26,0.061
7ebb5d9876e8a615,8,52,28,87,54,-24,-33,0.072
a83a66f4256eb441,8,50,29,85,54,-21,-31,0.058
08d869e2307927b5,8,52,27,89,52,-25,-37,0.064
64347c086a9e2bea,8,59,30,99,58,-29,-41,0.087
d9962fc5bdac5e86,8,47,26,81,47,-21,-34,0.066
7dc9b2ca036fc102,8,47,27,82,51,-20,-31,0.068
9901f37d8426951b,8,55,29,95,54,-26,-41,0.073
fe4a78d6c2ef9e1c,8,55,27,92,52,-28,-40,0.067
1ec4da3c321b545c,8,64,30,107,58,-34,-49,0.061
1040468ed217412f,8,40,25,67,49,-15,-18,0.058
5a947b87f10de123,8,42,27,74,52,-15,-22,0.067
b2b4e2c573be6808,8,48,25,79,50,-23,-29,0.069
127984578f7dd69b,8,55,28,91,56,-27,-35,0.072
ae55b1c3876d4b3b,8,37,16,62,32,-21,-30,0.057
1469ffc53b3b33f9,8,42,24,71,44,-18,-27,0.064
0914d4ae853cc31e,8,46,25,76,48,-21,-28,0.057
915d6bd714309866,8,48,27,83,51,-21,-32,0.061
cfc57b421fa2279e,8,54,25,88,49,-29,-39,0.063
147979e38d6883d8,8,57,28,93,55,-29,-38,0.057
86b2940f14c5e04f,8,43,27,72,51,-16,-21,0.058
2e5f9ce9bc4a9f6c,8,47,24,81,46,-23,-35,0.06
39924766e26fbc18,8,53,29,92,55,-24,-37,0.076
9ca128cf2de529e1,8,44,27,76,53,-17,-23,0.06
44a4a721fe2d5f16,8,54,27,88,52,-27,-36,0.07
cb767ec8f42d67f8,8,43,22,73,43,-21,-30,0.057
be328e4c6f1908ac,8,48,27,79,52,-21,-27,0.065
2fa280c6dda0b878,8,35,25,61,48,-10,-13,0.068
40897f21d115d7ab,8,45,25,76,49,-20,-27,0.071
e8519e951ad3124e,8,36,18,63,35,-18,-28,0.059
41349cb38a57dc25,8,41,27,71,51,-14,-20,0.06
890b3a8bed0d2694,8,53,27,90,52,-26,-38,0.075
9f6f6927c282297c,8,58,30,98,58,-28,-40,0.076
5ff471742712364f,8,46,27,80,53,-19,-27,0.06
4b85ea2666f765d2,8,38,18,67,35,-20,-32,0.057
c4b69c715238197c,8,54,30,92,58,-24,-34,0.076
7be0391bb588ae2a,8,43,27,74,52,-16,-22,0.076
642fea0172207c82,8,49,29,85,56,-20,-29,0.073
e0ed3e8e82e2b5d9,8,34,22,61,42,-12,-19,0.064
c8c957995a8d2b54,8,42,24,75,45,-18,-30,0.06
df82c026a1d6bbaf,8,45,29,78,55,-16,-23,0.07
4d741ca9cb9175d2,8,55,27,92,52,-28,-40,0.074
a4952fe6673c5fc1,8,47,27,80,52,-20,-28,0.077
68ae704f9216c69e,8,58,30,94,58,-28,-36,0.065
9ef1dc99f45d9174,8,46,25,77,48,-21,-29,0.063
6c8143eb3e44c222,8,48,27,84,51,-21,-33,0.057
a914b02af1b18770,8,49,25,81,49,-24,-32,0.059
08bc0a146fe01b98,8,57,28,94,55,-29,-39,0.065
f255021784d51aa1,8,29,16,50,31,-13,-19,0.064
da77110be51b5207,8,30,24,52,42,-6,-10,0.052
9188abc4d51b5902,8,38,25,65,47,-13,-18,0.057
8b66c3a884d7edbb,8,40,27,70,50,-13,-20,0.054
1b9aacc8ff2622d2,8,46,25,77,48,-21,-29,0.058
4829c65f77201ced,8,52,28,88,54,-24,-34,0.06
1277cbadf49972b4,8,47,27,82,53,-20,-29,0.061
fcd5193bfa4f0872,8,31,16,53,31,-15,-22,0.055
e0124df501688519,8,31,25,54,46,-6,-8,0.062
aef0a2f6f15c6a4f,8,52,28,88,54,-24,-34,0.067
3ada9fef481337d1,8,35,25,59,48,-10,-11,0.065
eb566e63140f8d36,8,47,27,78,52,-20,-26,0.066
a73c4f43609ce1dd,8,35,22,62,41,-13,-21,0.063
044265718a592055,8,33,27,60,51,-6,-9,0.071
55ae7a0b13785054,8,47,26,83,50,-21,-33,0.063
81a62c8df9fc4df1,8,46,24,76,48,-22,-28,0.063
f27522ead7b9e7ac,8,49,27,81,52,-22,-29,0.078
a711f94a251ca18f,8,40,24,68,47,-16,-21,0.068
01dcfe30ada5d5e7,8,35,24,64,46,-11,-18,0.069
28749427d67f2103,8,45,29,78,55,-16,-23,0.071
4f5147132635f48c,8,43,26,75,49,-17,-26,0.071
57062e3040bec6e2,8,44,29,77,56,-15,-21,0.075
394497aadc087c49,8,56,29,94,56,-27,-38,0.13
0c3932a63fac3789,8,42,29,73,54,-13,-19,0.059
2e29e73117d183cf,8,56,30,93,58,-26,-35,0.064
0a5872a0e52ea6a0,8,55,29,92,56,-26,-36,0.061
d545ad529a6307c6,8,41,27,71,51,-14,-20,0.075
4a297256c0043225,8,57,28,93,55,-29,-38,0.065
4fe0354d6095f4da,8,54,27,90,53,-27,-37,0.072
15f70cffcdb52a78,8,30,18,53,35,-12,-18,0.05
82dcfc2772e803c1,8,44,27,74,49,-17,-25,0.067
022bd63b9bbe4303,8,33,27,58,50,-6,-8,0.067
21ca80819d6019ed,8,52,28,84,54,-24,-30,0.066
6ccee6cf85761ce6,8,41,27,68,52,-14,-16,0.061
bbeeb69956ef9bf4,8,32,20,57,38,-12,-19,0.064
3f9df98b11582475,8,43,27,72,52,-16,-20,0.071
651e7afdb81ca189,8,39,27,66,51,-12,-15,0.065
9631eb0a92a1417d,8,37,27,64,52,-10,-12,0.07
5ad14a9d0a71d89a,8,32,24,56,45,-8,-11,0.074
d41bb221bc3d74b9,8,60,30,102,58,-30,-44,0.068
d8e61454fb1bdcd6,8,57,30,94,58,-27,-36,0.071
bda18ab8589d3858,8,40,29,66,55,-11,-11,0.07
404b8270a810741b,8,45,30,78,58,-15,-20,0.059
8df592d213b867a6,8,41,27,67,51,-14,-16,0.059
b224dcd711d7fe05,8,49,28,81,54,-21,-27,0.07
5d288d4261d0d611,8,19,16,32,30,-3,-2,0.045
b83aa0bf641c1e4a,8,27,22,43,42,-5,-1,0.051
f8638c0438cb3747,8,34,27,56,50,-7,-6,0.061
1ff9147ab2b52119,8,28,25,47,46,-3,-1,0.057
28e6884d8f1d22ce,8,36,25,59,48,-11,-11,0.056
7a030d6057c52120,8,42,28,70,53,-14,-17,0.064
4d13519803bcb5bd,8,42,28,70,53,-14,-17,0.076
d9a23930a30b95b2,8,39,27,64,50,-12,-14,0.066
bf349839e43f10b0,8,31,27,56,52,-4,-4,0.059
12cdb45db920a404,8,38,25,64,49,-13,-15,0.06
4e22bbf83531774a,8,21,16,35,31,-5,-4,0.055
f01c6f761917eb31,8,29,25,46,45,-4,-1,0.054
b4ec5c96429606c0,8,42,28,70,53,-14,-17,0.069
fa619b8826d497a7,8,30,25,50,48,-5,-2,0.069
eabee15d0370cddc,8,38,27,62,51,-11,-11,0.055
0cae1c4434c2eec7,8,33,27,55,50,-6,-5,0.066
edf3485feffa4a7e,8,36,29,62,56,-7,-6,0.065
e352e6b1663399df,8,40,27,67,52,-13,-15,0.065
9d7155f03e699642,8,23,20,38,37,-3,-1,0.051
cb25634019258072,8,37,27,60,50,-10,-10,0.069
3502c0f4b8e7d868,8,32,27,53,51,-5,-2,0.064
f6bdbc24905e4dc6,8,27,24,45,44,-3,-1,0.057
de4cbe70830d09c3,8,45,27,74,51,-18,-23,0.072
01b5d7b8ccb7a20f,8,29,18,48,36,-11,-12,0.056
1afaf4951fb1fdc0,8,34,21,57,41,-13,-16,0.071
3b5c0a682f92dbf8,8,6,6,10,12,0,2,0.038
625f384fdd2b8a9f,8,13,14,22,28,1,6,0.062
d28e01baa4db8535,8,21,14,34,28,-7,-6,0.066
7416bfca6dd3388e,8,28,18,46,35,-10,-11,0.066
c2def817e578cde7,8,6,7,12,15,1,3,0.053
f47cbf1e9758de91,8,28,18,46,35,-10,-11,0.056
13d39df1105722ae,8,15,14,26,28,-1,2,0.066
e19fe49d6bbc532f,8,23,17,38,33,-6,-5,0.061
baa05786cf2d50ff,8,10,11,18,21,1,3,0.06
15f3d5ded53bbd60,8,18,17,31,32,-1,1,0.053
8e60c68d87ece662,8,12,14,22,26,2,4,0.059
8f4a14687eb0de21,8,19,20,35,37,1,2,0.064
a542b1311ed3289b,8,25,24,45,45,-1,0,0.06
481a0522b934de32,8,33,27,56,50,-6,-6,0.061
4fe2d7cfbd21c46c,8,39,29,64,53,-10,-11,0.057
135f685ec6272468,8,26,20,47,38,-6,-9,0.052
8aa611562c12da2a,8,32,26,54,46,-6,-8,0.059
9ca100cc3ae9ab5f,8,35,24,60,46,-11,-14,0.064
827eb703d1ba4e9d,8,39,30,66,56,-9,-10,0.068
18694a8795421f01,8,34,21,58,42,-13,-16,0.071
92ef6d546a890e9e,8,42,27,70,53,-15,-17,0.07
2bcdf2edee8628fb,8,42,27,70,53,-15,-17,0.065
d8c30eb86f191d0a,8,27,21,46,42,-6,-4,0.06
94c3bd0c999c4b47,8,34,27,58,52,-7,-6,0.069
bd5c0f5acfbfdc4c,8,60,30,98,58,-30,-40,0.072
6465a2d6eaec22fc,8,45,24,76,46,-21,-30,0.065
526c2c5cd03a17c9,8,50,30,85,57,-20,-28,0.076
79133130165f1593,8,52,29,87,54,-23,-33,0.069
44ceb6e4db30a43b,8,59,27,98,52,-32,-46,0.08
206d7627231fa597,8,64,30,106,58,-34,-48,0.066
3d104f354ae9b780,8,41,20,71,39,-21,-32,0.07
32724b809542cc5f,8,48,26,79,47,-22,-32,0.065
e9774e327c66b26f,8,52,24,86,46,-28,-40,0.07
5102b9bde599f2ca,8,58,30,96,57,-28,-39,0.135
a666f94d0c43a5a3,8,32,27,56,51,-5,-5,0.064
68832d3001ced538,8,39,29,67,54,-10,-13,0.069
4ba99a8efe616149,8,44,27,75,52,-17,-23,0.063
633894686bb69451,8,53,30,88,58,-23,-30,0.066
427b57b279e31ac8,8,25,20,45,39,-5,-6,0.069
d80372e4be8e5e5a,8,33,26,57,47,-7,-10,0.075
6da2026c0e3a9be4,8,35,24,61,46,-11,-15,0.053
94feb1c0c8a03763,8,45,30,77,57,-15,-20,0.054
9db9307f60175d14,8,43,27,73,51,-16,-22,0.061
cfb097c83372c677,8,48,29,82,54,-19,-28,0.074
85156c4ebac57686,8,49,27,81,52,-22,-29,0.064
f489bc9e4a47d787,8,55,30,91,58,-25,-33,0.07
abe2084b1a317719,8,31,20,54,39,-11,-15,0.058
b0b2686d9a4af0cf,8,41,26,68,47,-15,-21,0.077
053c7b3a331fd930,8,43,24,73,46,-19,-27,0.083
39277242334e277a,8,50,30,84,57,-20,-27,0.084
562624432530b7f8,8,49,27,83,52,-22,-31,0.062
e2423de290a4a07a,8,57,29,94,56,-28,-38,0.069
aa734c06f92ae222,8,40,27,69,52,-13,-17,0.069
def96add54d0c037,8,50,29,83,56,-21,-27,0.074
e98950f3fdc32aa8,8,43,24,73,46,-19,-27,0.068
183e8be3ac02582a,8,50,30,86,57,-20,-29,0.069
1dbd49e89da9a399,8,32,20,56,39,-12,-17,0.055
6407832e01aa7e69,8,41,27,68,51,-14,-17,0.065
54a4ba1f16bce2a1,8,33,21,57,42,-12,-15,0.066
a02613c179e15ca0,8,39,27,66,53,-12,-13,0.069
7bb984d6ae1b9f9c,8,42,20,69,37,-22,-32,0.057
69158703aa671367,8,30,21,51,40,-9,-11,0.061
b4bdfba8fbc4523e,8,39,23,65,43,-16,-22,0.049
2514a39715188492,8,43,26,73,47,-17,-26,0.058
ea5a54473df728c0,8,44,24,75,46,-20,-29,0.06
1a0b9279a570946e,8,50,30,84,57,-20,-27,0.065
67d62957058005dc,8,45,18,76,37,-27,-39,0.052
32567747ee7a8f8e,8,53,24,87,45,-29,-42,0.061
38f491525e883573,8,28,20,49,39,-8,-10,0.064
f30788474e36411b,8,34,26,58,47,-8,-11,0.052
04d9a64780b95ab8,8,36,24,61,46,-12,-15,0.06
d4e3aa0bea5e4201,8,42,30,70,57,-12,-13,0.057
27575b698a09b9c3,8,51,25,84,48,-26,-36,0.058
fabb0fb4c73d2cc3,8,59,27,95,51,-32,-44,0.056
6cdbebe337c1fd5d,8,43,25,72,49,-18,-23,0.06
08e807ae151a5341,8,51,27,84,52,-24,-32,0.063
93ee9497fc2b35e8,8,36,18,61,37,-18,-24,0.058
e9119c21a6c23a7e,8,42,24,70,45,-18,-25,0.07
1a4698d5a843647f,8,44,22,73,44,-22,-29,0.066
20d510e2f1029121,8,50,28,82,55,-22,-27,0.069
5b0898d207b6e4bb,8,33,21,57,42,-12,-15,0.065
36d3169006d4340d,8,39,27,65,52,-12,-13,0.063
f67fd37bb353278e,8,35,24,63,46,-11,-17,0.061
79eaa7ef855bd528,8,44,30,76,57,-14,-19,0.06
a51416d14d96d452,8,38,20,67,39,-18,-28,0.053
795a8ed614954845,8,42,26,72,47,-16,-25,0.074
7e6d94c93163d474,8,37,24,62,46,-13,-16,0.076
3f2c24e0d7cb7974,8,45,30,74,56,-15,-18,0.066
07ea44a68ec2c450,8,23,20,42,38,-3,-4,0.051
79151a024767a7e4,8,28,26,49,46,-2,-3,0.06
76f3c158a823dd87,8,28,24,50,46,-4,-4,0.057
b0324519a3e43ee0,8,37,30,63,56,-7,-7,0.062
840218f9bfb8c7c9,8,33,20,57,39,-13,-18,0.051
b06404782299736a,8,41,26,69,47,-15,-22,0.062
5f5c98ea57d98ab4,8,45,24,75,46,-21,-29,0.068
a6ef8d6c3531b115,8,47,30,78,57,-17,-21,0.069
42b9cf37fb79ff71,8,32,27,56,51,-5,-5,0.058
f3be01763f58349a,8,39,29,67,54,-10,-13,0.064
cffbd69fd05c9496,8,25,20,45,39,-5,-6,0.061
21d8d2098bb11185,8,33,26,57,47,-7,-10,0.056
3552c3ec19bcf6d4,8,37,24,62,46,-13,-16,0.063
4bd1e5858829c89e,8,45,30,77,57,-15,-20,0.122
776397f2f682657c,8,23,20,43,39,-3,-4,0.053
5fdef7bffcc169b0,8,28,27,52,50,-1,-2,0.052
fd86b3f14b194cf0,8,34,27,60,52,-7,-8,0.059
ff8980898d54bd05,8,42,29,72,56,-13,-16,0.066
bcc279f362289d10,8,39,24,68,46,-15,-22,0.064
fee26825fe131840,8,41,30,69,57,-11,-12,0.069
62f44e9129ce98ba,8,31,20,56,39,-11,-17,0.067
ca7f516f720530b8,8,34,27,60,51,-7,-9,0.069
d9491eb63f17829d,8,40,27,71,52,-13,-19,0.068
ad9f04ec2534b9b7,8,48,29,83,56,-19,-27,0.069
d3833b58d90e0586,8,35,24,60,46,-11,-14,0.057
9fc1bb9eb01e1c45,8,41,24,70,47,-17,-23,0.066
79edd779749c686e,8,37,24,64,47,-13,-17,0.063
8ae743f539993862,8,35,21,59,41,-14,-18,0.067
9a210d31c916a789,8,29,17,51,34,-12,-17,0.061
73cf309cdada6ae0,8,34,24,59,46,-10,-13,0.053
4803ecc4d4c69885,8,33,17,57,35,-16,-22,0.061
7f74cbb78633a6c8,8,33,24,58,46,-9,-12,0.059
736b1e94d6b39a06,8,41,24,70,47,-17,-23,0.064
d40e599f9c6b6c46,8,27,17,49,34,-10,-15,0.055
674bd6061c74ec0e,8,33,21,58,41,-12,-17,0.054
5bfc52d9c7081db3,8,36,23,61,43,-13,-18,0.048
480c58c9a510d436,8,21,14,37,28,-7,-9,0.052
91cccbd4daab8ba8,8,23,21,40,40,-2,0,0.05
069f5692e09099e9,8,30,23,52,43,-7,-9,0.06
e3e122c45aad1ea6,8,31,21,52,42,-10,-10,0.063
1c162bdada12aa96,8,37,24,63,47,-13,-16,0.061
b4868cd0a00cf477,8,16,14,30,28,-2,-2,0.065
a4539165ec049f9d,8,22,18,39,36,-4,-3,0.059
32945cfa6e70bf02,8,34,24,59,46,-10,-13,0.063
2da9b3792cb18305,8,41,26,71,49,-15,-22,0.049
a2745213a386158e,8,28,17,49,34,-11,-15,0.049
20d090ead4be6551,8,34,23,58,42,-11,-16,0.055
dff6dc767ded2e91,8,29,24,50,45,-5,-5,0.055
81755a4a0c439663,8,38,26,65,48,-12,-17,0.06
a45866bc4e892f4b,8,36,24,62,46,-12,-16,0.064
e05582dda91d9a04,8,40,27,68,52,-13,-16,0.066
387604b00d00cab2,8,21,17,38,33,-4,-5,0.05
7ef31b096b1bfc1d,8,28,23,50,41,-5,-9,0.061
39707808e194bc00,8,29,21,50,40,-8,-10,0.055
35680c101dd35b9c,8,35,27,61,51,-8,-10,0.058
3552c574da2f1c04,8,41,24,70,47,-17,-23,0.062
186ba7856dc3de7a,8,35,24,62,47,-11,-15,0.062
ed13ffcf9259c274,8,43,26,74,51,-17,-23,0.077
44ee0daea35a8460,8,29,18,50,36,-11,-14,0.047
8837f901314037ce,8,34,24,57,46,-10,-11,0.063
0bd523bd87a07107,8,29,21,51,42,-8,-9,0.056
d283d1168ad363ab,8,25,21,45,42,-4,-3,0.053
09a9f7661f46eadc,8,31,23,55,45,-8,-10,0.068
3a8febf3419750b2,8,22,18,40,36,-4,-4,0.062
df056579c7cdc861,8,30,24,52,46,-6,-6,0.063
5ebb52fc0c2d9f3b,8,17,14,32,29,-3,-3,0.056
0610eceed571f61f,8,23,21,42,40,-2,-2,0.059
2c61eff7b2e38b33,8,40,24,69,47,-16,-22,0.07
5f408db30f5500c6,8,33,21,57,41,-12,-16,0.061
31b0a7e3dc9cd72e,8,39,27,66,52,-12,-14,0.069
5092cd7c14eeeb7c,8,36,24,63,46,-12,-17,0.069
f114967b4e38bc46,8,42,27,74,52,-15,-22,0.071
5f132c143fb7eff0,8,31,24,54,46,-7,-8,0.074
fe5ca56fe6f43578,8,33,26,58,50,-7,-8,0.072
2d9543d801c47223,8,26,21,48,40,-5,-8,0.054
55f4e31bcf1148ac,8,35,27,61,51,-8,-10,0.059
fcda6218f1ef105d,8,21,17,39,33,-4,-6,0.056
5d9888a5c28fbde5,8,30,24,54,45,-6,-9,0.055
6d146c7573948adb,8,36,25,60,47,-11,-13,0.054
1a14e77bd1949e17,8,59,25,94,49,-34,-45,0.055
f0351f3b8245f2d6,8,66,27,107,53,-39,-54,0.073
6c6da1235c8152e8,8,44,25,72,48,-19,-24,0.065
a57c3e0ca3d00bec,8,52,25,83,49,-27,-34,0.061
3fe06938ae2e473e,8,59,28,96,55,-31,-41,0.064
e23358941490aaab,8,49,27,80,53,-22,-27,0.055
74ddab33341a5d54,8,46,24,72,47,-22,-25,0.06
b387a2b5df8e6e59,8,30,20,49,36,-10,-13,0.058
5617a5d9b721c499,8,32,18,51,36,-14,-15,0.047
372202dee9512ba6,8,38,24,61,46,-14,-15,0.13
6b8400f863f34f9e,8,65,30,105,58,-35,-47,0.065
99e29136a0555cf2,8,48,26,81,47,-22,-34,0.064
0bbc3aa46deaec3e,8,58,30,94,57,-28,-37,0.063
1ccd05d0dad40f7f,8,47,29,79,54,-18,-25,0.068
c5c7697d06431151,8,60,30,98,58,-30,-40,0.059
40e02b1cd75e9a7e,8,36,20,62,39,-16,-23,0.054
5e0e5b1a224745c9,8,44,26,76,47,-18,-29,0.064
b9222d9361866d92,8,46,24,78,46,-22,-32,0.058
99ab6ef344de9cd3,8,51,30,86,57,-21,-29,0.063
08018078a66d9795,8,53,28,85,55,-25,-30,0.071
fd9a990c486f1d0c,8,41,24,68,44,-17,-24,0.06
e27b075d3cf20f51,8,42,22,67,43,-20,-24,0.061
134522559f72131c,8,49,28,80,54,-21,-26,0.061
90676daa0de86928,8,35,25,58,49,-10,-9,0.064
d5029b033219fc88,8,41,27,69,52,-14,-17,0.057
9717e3e9205317a5,8,43,25,70,50,-18,-20,0.061
dc383f66fbc89972,8,49,28,81,56,-21,-25,0.062
1e6584ff91b0fec1,8,29,18,49,37,-11,-12,0.05
a95b4cce41e049b1,8,36,24,61,45,-12,-16,0.052
70eddb83d18e9f61,8,37,22,60,44,-15,-16,0.058
56c287d8170a2022,8,44,28,73,55,-16,-18,0.056
f25d1aa620623ad3,8,67,29,110,56,-38,-54,0.06
525085bee14eb113,8,55,29,94,54,-26,-40,0.068
c6babc09244c86c1,8,54,27,90,52,-27,-38,0.065
2dc9dfd4c0382c23,8,60,30,99,58,-30,-41,0.068
3aaf5c629afcfa96,8,50,27,82,51,-23,-31,0.073
712fbf020a11423b,8,52,24,87,47,-28,-40,0.054
c6a5850b8eee2be2,8,53,25,86,50,-28,-36,0.063
1559ef7f0f632230,8,60,27,99,54,-33,-45,0.068
c24157a70c1e24b4,8,39,25,66,49,-14,-17,0.05
d556b9e07556c16e,8,46,27,78,52,-19,-26,0.073
8972c98da0211e72,8,47,25,77,50,-22,-27,0.068
e473e976263ea719,8,54,28,90,56,-26,-34,0.074
fef0b32874a3553f,8,51,24,84,46,-27,-38,0.063
dfb0673943aa56d1,8,43,20,73,39,-23,-34,0.073
f0a2a0905ab4f6e2,8,43,27,72,52,-16,-20,0.075
9e6670b9726ba169,8,58,27,96,54,-31,-42,0.069
967c66dbaa59c733,8,45,24,77,48,-21,-29,0.073
1927f6f3e9150c4c,8,43,21,72,42,-22,-30,0.062
1497afdf4419ca24,8,51,27,83,53,-24,-30,0.072
54b30fa1bc1a26ff,8,35,17,61,35,-18,-26,0.052
9c48c2c974e0662d,8,45,24,74,47,-21,-27,0.076
68f3c6296bd5464e,8,34,24,57,43,-10,-14,0.059
19c33e7825546108,8,32,22,54,42,-10,-12,0.057
b58f24040fbdf7e3,8,42,28,69,53,-14,-16,0.062
33754949f7312e69,8,31,16,51,31,-15,-20,0.053
aa30e908c63dec1f,8,40,22,63,42,-18,-21,0.059
7123eadddc40f959,8,55,24,87,48,-31,-39,0.053
b881e34bca5b9d4f,8,31,14,51,29,-17,-22,0.056
1827b9834e778410,8,40,20,62,37,-20,-25,0.055
5516219b0bf34167,8,39,18,63,36,-21,-27,0.055
ce7fcc0b5eb38db5,8,48,24,75,47,-24,-28,0.056
53c7f63d48e944fa,8,35,19,58,38,-16,-20,0.056
7c2850717ee734b3,8,42,22,69,44,-20,-25,0.062
c6152825f3a4d23d,8,19,12,33,25,-7,-8,0.057
7d08d425a9bd993b,8,27,18,45,33,-9,-12,0.059
316dc9c45e896f36,8,27,16,45,32,-11,-13,0.062
bb9250d2e69d1ade,8,35,22,57,43,-13,-14,0.066
073d0336353960e5,8,42,23,69,44,-19,-25,0.065
19cbc2016f82a07c,8,43,21,70,42,-22,-28,0.065
1a84b6149c85d3f0,8,50,24,81,48,-26,-33,0.125
9ab34c38eed0721b,8,27,14,45,29,-13,-16,0.065
c4db453d695647a7,8,35,20,56,37,-15,-19,0.067
3bdcb46d1d1c7ffa,8,35,18,57,36,-17,-21,0.07
b0bc4fa9d414f1f1,8,43,24,69,47,-19,-22,0.071
e002be518270d4d9,8,51,21,84,42,-30,-42,0.052
84c049d4dd217887,8,60,24,96,48,-36,-48,0.064
32675b28d0f8a5c2,8,39,21,66,40,-18,-26,0.063
69ed904491f8fe31,8,48,21,78,42,-27,-36,0.061
c2aba454a76b83b0,8,56,23,90,46,-33,-44,0.064
ff77ca7bfcda5581,8,35,21,60,41,-14,-19,0.057
6b518fcf9dba5e36,8,47,23,77,44,-24,-33,0.062
5defc6e25ab748f6,8,47,21,78,42,-26,-36,0.059
66b8ef09f5c1c8e9,8,55,24,90,48,-31,-42,0.061
90ce98d091691e05,8,21,12,37,25,-9,-12,0.046
36d5d3eab0a23d9a,8,29,19,48,37,-10,-11,0.056
2a0febed0740ea0f,8,37,21,62,42,-16,-20,0.054
db4f3beca9f8fae1,8,45,23,73,46,-22,-27,0.067
acee5a3566f114d7,8,35,18,57,36,-17,-21,0.061
41274a15b2bc6044,8,43,24,68,47,-19,-21,0.061
696ab68f96674ae2,8,27,14,46,29,-13,-17,0.056
880b266d976968c0,8,37,21,59,41,-16,-18,0.066
7538e587c9dde23a,8,39,21,67,42,-18,-25,0.064
7878749e8adbcca0,8,49,23,80,46,-26,-34,0.069
3f9c41cbb5b5242b,8,33,18,57,36,-15,-21,0.059
3e02896fadaca1e6,8,35,25,60,48,-10,-12,0.048
f60dab67d3c855e6,8,43,24,73,46,-19,-27,0.061
c8bac969fe9e9e5a,8,53,30,88,57,-23,-31,0.058
bf01cc235e2a6e2d,8,37,20,64,39,-17,-25,0.065
b79c701153828aac,8,45,27,76,51,-18,-25,0.065
090482889321b4d5,8,38,24,65,47,-14,-18,0.065
cb8d2002bf6a1f51,8,22,14,41,29,-8,-12,0.053
d7af509a04c57d38,8,30,21,53,41,-9,-12,0.058
3db3b23c1cb0f6b3,8,49,27,82,53,-22,-29,0.07
75c7f944da979a6d,8,39,24,69,47,-15,-22,0.067
bac2a9e442f9b2c4,8,47,26,81,51,-21,-30,0.077
070f7e62ca7f0d7f,8,35,21,61,41,-14,-20,0.058
1160277c2429c7ec,8,45,27,76,52,-18,-24,0.061
2726ff1f3046681a,8,29,17,52,34,-12,-18,0.065
c80f05399c25bbef,8,37,24,64,46,-13,-18,0.062
034b4aa6cc978d8a,8,43,22,69,43,-21,-26,0.057
81683f7b8cc8b012,8,50,28,80,54,-22,-26,0.063
9b9bad087e6e4a14,8,50,27,84,51,-23,-33,0.056
0e6138ac064db943,8,48,24,75,47,-24,-28,0.06
32832e0ef0a5a947,8,33,18,53,33,-15,-20,0.059
c3c98a99906fe978,8,32,16,53,32,-16,-21,0.059
9cc247bb517fea45,8,41,22,65,43,-19,-22,0.056
59bfa75660e9dca8,8,52,27,87,53,-25,-34,0.074
197e9e6f9c3c3522,8,51,27,87,53,-24,-34,0.067
e7ae371caf5a6b29,8,36,23,62,42,-13,-20,0.066
29c386ec9afec76b,8,37,21,65,41,-16,-24,0.076
b1308070fc2c891f,8,44,27,74,52,-17,-22,0.071
da8835050eedd159,8,50,24,81,48,-26,-33,0.072
956a7805ab896228,8,33,20,55,37,-13,-18,0.059
f0e93566c0a01c64,8,35,18,57,36,-17,-21,0.055
70fe0239afd2aa39,8,41,24,67,47,-17,-20,0.064
2d625f7f725b21c6,8,36,21,60,40,-15,-20,0.068
7432ec1d3b9897e3,8,37,19,61,38,-18,-23,0.06
18cd55414ebb21fd,8,44,22,72,44,-22,-28,0.076
a15a419e8707f07b,8,21,12,37,25,-9,-12,0.05
7c5200b7762e09f0,8,29,18,49,33,-11,-16,0.071
46f91c3d2924c591,8,27,16,46,32,-11,-14,0.063
c17961b1ef4692ab,8,37,22,61,43,-15,-18,0.059
7e8953bc2c5db272,8,44,19,74,38,-25,-36,0.059
52b1ad0450f48bc7,8,53,22,86,44,-31,-42,0.071
03d5a1e55a10f410,8,49,24,84,47,-25,-37,0.065
528bf43207f421b5,8,50,27,84,53,-23,-31,0.074
46b33ac13f668b5a,8,40,19,67,38,-21,-29,0.07
c478e3f3db3f9789,8,50,21,82,42,-29,-40,0.07
a0651b8191815aa8,8,33,19,57,37,-14,-20,0.062
04d1d972a7094297,8,41,21,69,40,-20,-29,0.06
bcf1dd9030b673ca,8,39,19,66,38,-20,-28,0.071
fc9a5e0deec9e4d2,8,49,22,81,44,-27,-37,0.068
d2fa1fe39b1bc3bd,8,28,17,50,34,-11,-16,0.061
54ede7b8ddebe74a,8,36,24,62,46,-12,-16,0.057
4139e55cabe88809,8,29,14,49,29,-15,-20,0.053
62d1ffd37dc2f0f3,8,37,21,60,41,-16,-19,0.122
cd78c249ff012ff1,8,27,16,46,32,-11,-14,0.068
e542ea8180a67501,8,37,22,61,43,-15,-18,0.066
494512aa67871555,8,21,12,37,25,-9,-12,0.06
0847e33336efaee9,8,29,19,49,37,-10,-12,0.071
161199b1f43185bc,8,33,19,58,38,-14,-20,0.063
216365c281b608e0,8,41,21,70,42,-20,-28,0.068
c65048d7b7c15408,8,34,27,58,50,-7,-8,0.065
ba0262e0fdbb64dd,8,27,20,49,38,-7,-11,0.055
4312cef36e9a8cfc,8,32,25,52,46,-7,-6,0.058
b0ba623aba1df05b,8,36,25,58,48,-11,-10,0.06
7edbaa3fce97c916,8,24,18,40,34,-6,-6,0.054
7247990cb114dc72,8,32,22,52,42,-10,-10,0.054
c08eb1fe799bc75d,8,25,21,42,40,-4,-2,0.062
04c21dfb2d671c94,8,34,21,56,42,-13,-14,0.067
fc79ad5d17984c9c,8,41,24,67,47,-17,-20,0.07
92c20adb5abe3fad,8,17,14,30,28,-3,-2,0.061
e432f88b3864a228,8,24,18,41,36,-6,-5,0.051
44677e3afaffd87c,8,34,24,56,46,-10,-10,0.067
fb09d1e4b91de6ac,8,32,26,55,47,-6,-8,0.068
d30c109bd5054ced,8,27,14,47,29,-13,-18,0.057
11666449855f75f0,8,33,21,57,40,-12,-17,0.069
bd5db1d664f7cecc,8,30,21,54,42,-9,-12,0.045
83ca56ffbfb69e34,8,35,23,61,45,-12,-16,0.067
89440b7c6b55d151,8,35,24,61,46,-11,-15,0.056
3cba57318eb897ec,8,21,14,39,29,-7,-10,0.064
173eed10283a562d,8,31,21,53,40,-10,-13,0.069
777eb7a2a803f9de,8,37,24,64,48,-13,-16,0.054
9a90e01b77bb0fd4,8,47,26,79,52,-21,-27,0.062
80a43729969c391a,8,48,27,80,53,-21,-27,0.058
756dd6cc6da6837d,8,32,17,56,35,-15,-21,0.053
15616493955fd650,8,42,24,71,47,-18,-24,0.061
53583250e223ab0b,8,38,24,66,48,-14,-18,0.06
ca79c5e4ac6045e6,8,47,27,78,54,-20,-24,0.06
add9a35d5e0e9dfb,8,31,24,54,48,-7,-6,0.066
00ff9f68f37ff7ff,8,40,26,69,52,-14,-17,0.072
e43202f91e56c10f,8,33,21,58,42,-12,-16,0.061
6db6a44cb7916fec,8,42,27,72,53,-15,-19,0.067
38a17114b0b08fad,8,26,17,47,35,-9,-12,0.064
d76f2645594f9145,8,35,24,61,47,-11,-14,0.07
6d2c3caa234e0dbf,8,40,27,68,50,-13,-18,0.055
ba0f499b7c992725,8,51,29,84,55,-22,-29,0.069
4512a6c6e3bd2f0f,8,50,30,84,56,-20,-28,0.058
039ac4f5e5371eba,8,37,27,65,50,-10,-15,0.06
b674d3ada864dc63,8,45,29,77,54,-16,-23,0.067
9f54e4d62b69b900,8,44,25,75,49,-19,-26,0.069
2ab2389388c1d79a,8,50,27,85,53,-23,-32,0.069
bff9d70585ed70ce,8,42,22,71,43,-20,-28,0.054
92e1763c5bc456ec,8,47,28,79,54,-19,-25,0.061
b396467f75bea6d6,8,35,18,60,36,-17,-24,0.062
eb655d015fb09531,8,40,25,68,48,-15,-20,0.075
d377e9aef62ecabd,8,47,25,79,49,-22,-30,0.065
23a7170fd9b48877,8,52,28,89,55,-24,-34,0.067
7ae27b0a6faa2e6c,8,41,25,71,49,-16,-22,0.067
fa1f1996d4a9133c,8,49,27,83,53,-22,-30,0.074
b4ff1217f5cf0992,8,39,22,68,43,-17,-25,0.073
2ca15e43f1eb6a28,8,47,28,80,54,-19,-26,0.063
2f896acadca7da21,8,32,18,57,36,-14,-21,0.058
f0a5405626cabe65,8,42,25,72,48,-17,-24,0.062
845fdee70663c896,8,58,27,95,52,-31,-43,0.064
ab3c07f18d5b69c9,8,62,30,103,58,-32,-45,0.061
dd0939fe1df33925,8,51,27,87,52,-24,-35,0.072
2e356f89c57cdef8,8,59,29,99,56,-30,-43,0.075
883ba47813e270cc,8,50,24,84,46,-26,-38,0.067
cfec0b44413e613f,8,56,30,94,57,-26,-37,0.069
6661b619abf79e04,8,43,20,73,39,-23,-34,0.068
7c41e7e25248915d,8,53,27,88,51,-26,-37,0.07
add1e7eb92b7c439,8,51,27,85,52,-24,-33,0.129
77d955e8a6812e84,8,58,30,98,58,-28,-40,0.077
f27f5ec5f9ff6d8e,8,45,27,78,52,-18,-26,0.065
d25cfff18df37a87,8,54,29,92,56,-25,-36,0.065
7d7a76781c17cb65,8,43,24,74,46,-19,-28,0.065
e2c21aed825dd4ed,8,52,30,88,57,-22,-31,0.068
33d829590623016d,8,36,20,63,39,-16,-24,0.073
d72287ba42dd5d9f,8,45,27,77,51,-18,-26,0.068
2a9e15880d2b83bb,8,8,11,17,21,3,4,0.051
714a08d5036d84d4,8,16,17,29,29,1,0,0.045
a49a52ad1c9e4245,8,24,21,44,40,-3,-4,0.048
b9f48f0b5dd5ebed,8,30,23,51,43,-7,-8,0.06
ce5eb680fb787c2c,8,16,14,30,28,-2,-2,0.048
d7e98c6157746579,8,25,20,44,36,-5,-8,0.046
2091d936f561224d,8,43,24,71,45,-19,-26,0.064
beba37e452f20a79,8,50,30,81,56,-20,-25,0.062
6b4af24a5cb0146b,8,35,26,61,45,-9,-16,0.06
97cc6a95ec143752,8,48,28,79,53,-20,-26,0.063
4c826ee6f10eaa65,8,27,18,45,34,-9,-11,0.049
9cdd54ab5f500042,8,33,24,55,42,-9,-13,0.055
fdfe4fae7c7c094b,8,35,22,57,42,-13,-15,0.055
bdda24f6ab160be3,8,41,28,67,52,-13,-15,0.054
df98982a9629334a,8,28,25,48,46,-3,-2,0.051
9c639b2a3f8553ec,8,35,27,59,49,-8,-10,0.061
d03ecc7312f5723b,8,36,25,60,48,-11,-12,0.056
305a5d97655aedc4,8,43,28,71,53,-15,-18,0.062
cf7450a22c3e9701,8,21,18,37,34,-3,-3,0.065
fad202267988df62,8,29,24,49,42,-5,-7,0.07
9b2ebf2fcdcaeed9,8,27,22,46,42,-5,-4,0.06
cc844a78ccbb0879,8,37,28,61,52,-9,-9,0.062
a893579e81a1a035,8,56,27,95,52,-29,-43,0.062
8b04828194ec4b3c,8,62,30,104,58,-32,-46,0.059
4562623a6ed1e8d9,8,42,20,73,39,-22,-34,0.061
da6e12cd4cfdd444,8,50,26,85,47,-24,-38,0.065
5f942abe389a507a,8,50,24,85,46,-26,-39,0.07
3668e7c963f2867f,8,58,30,94,57,-28,-37,0.073
f6648b42258ba980,8,47,29,78,54,-18,-24,0.066
ceef483a06f5817b,8,38,20,67,39,-18,-28,0.065
e6e6b7f9f3cbb79b,8,42,26,72,47,-16,-25,0.066
17853045ad1a5f3b,8,41,25,67,48,-16,-19,0.055
a6233f965dc4c352,8,48,27,81,51,-21,-30,0.065
0e7f972ef71154e7,8,51,25,83,49,-26,-34,0.056
6641c0fa264a8a64,8,57,28,94,55,-29,-39,0.066
173f763e4414bdfd,8,36,18,60,36,-18,-24,0.063
da1c4e4e1eae8481,8,42,24,70,44,-18,-26,0.063
563bd7bffd9e4362,8,44,22,72,43,-22,-29,0.073
74fdde1215a71f70,8,50,28,82,54,-22,-28,0.064
f8f93035303c17d3,8,36,25,60,49,-11,-11,0.06
39fd6a828be91e7d,8,44,27,74,52,-17,-22,0.071
18fab88b88104624,8,45,25,75,50,-20,-25,0.06
117b3a339363a834,8,52,28,86,56,-24,-30,0.074
7b6b8f428c16f7db,8,29,18,50,37,-11,-13,0.063
2f1eb884c3bedad2,8,38,24,64,45,-14,-19,0.063
354e9747a038dbf4,8,36,22,61,44,-14,-17,0.058
41491f3df2ebd5b5,8,46,28,76,55,-18,-21,0.066
28e2e2dc2b937ba6,8,23,18,41,36,-5,-5,0.07
b02dcc88cf293921,8,32,24,55,46,-8,-9,0.063
61037c924ce28970,8,30,25,51,48,-5,-3,0.059
a26a186b0013c21e,8,38,27,63,51,-11,-12,0.062
a19b1b4d79b3a458,8,44,20,76,39,-24,-37,0.062
124bc14ed96926bb,8,50,27,83,51,-23,-32,0.072
b646d50999932b34,8,43,24,72,46,-19,-26,0.063
fb909457879628b5,8,50,30,84,57,-20,-27,0.065
91167dc31e85be77,8,44,25,73,49,-19,-24,0.059
c5afe2ca49f33d67,8,52,27,85,53,-25,-32,0.07
5cbc410e3d4df8e5,8,43,22,71,43,-21,-28,0.067
3c784fb66bf02824,8,49,28,81,54,-21,-27,0.074
36c64a36b4b3529b,8,36,18,60,36,-18,-24,0.062
ae975ecaa0c2247e,8,46,25,75,48,-21,-27,0.063
db900137bb005d2e,8,44,25,72,50,-19,-22,0.063
ef4be11ba7091e55,8,51,28,85,56,-23,-29,0.062
2e296ad604b2c009,8,38,25,64,50,-13,-14,0.12
065dcd4a6de241b8,8,47,27,78,54,-20,-24,0.063
ce307329f90c3db6,8,36,22,61,44,-14,-17,0.073
9eb246e96f3e952f,8,45,28,75,55,-17,-20,0.078
8138dfd9cf30a1d2,8,29,18,50,37,-11,-13,0.066
bebf597c1e743458,8,38,25,64,49,-13,-15,0.055
fae69dc9d55bc390,8,31,22,51,43,-9,-8,0.061
87e12c3b06341d51,8,34,25,57,50,-9,-7,0.059
5617ae6146058abc,8,17,18,30,36,1,6,0.054
97a86fe5fcbde3f8,8,24,22,41,44,-2,3,0.058
005a4766622dcc29,8,33,26,56,46,-7,-10,0.07
7d7463add09f8c69,8,27,26,48,45,-1,-3,0.063
c1d259da641978d4,8,29,24,51,45,-5,-6,0.063
0068c6d1e8213cff,8,32,24,53,44,-8,-9,0.05
60de1ad66e548275,8,40,25,65,48,-15,-17,0.071
381594223dbdf0cf,8,25,21,41,37,-4,-4,0.048
1f764c46a33b82c9,8,23,18,38,34,-5,-4,0.059
0ef6555fd22497c7,8,33,25,53,47,-8,-6,0.06
e260a990d0ffcada,8,24,20,41,38,-4,-3,0.056
91a73a2897c148ba,8,25,17,42,34,-8,-8,0.049
859f8502d5e78c68,8,32,21,53,42,-11,-11,0.059
5e7a0471843d8c60,8,9,11,17,23,2,6,0.044
7723e7cf6bc6f9fb,8,17,17,29,31,0,2,0.057
2884e95d4a97ebb2,8,16,14,28,28,-2,0,0.06
db6fee7291e28c5f,8,25,21,41,41,-4,0,0.062
d9a86ab229f328c9,8,34,21,56,40,-13,-16,0.061
0d60f22d103038fc,8,44,25,70,48,-19,-22,0.056
cb2821c794923584,8,33,17,55,34,-16,-21,0.06
b9d974d5caa9c9c6,8,42,20,68,40,-22,-28,0.057
a58188a663813847,8,20,17,35,34,-3,-1,0.066
796339d41f208d23,8,28,20,47,38,-8,-9,0.052
0701f659851b27ff,8,27,17,46,34,-10,-12,0.057
94a9bc85f0c03ff3,8,36,21,59,42,-15,-17,0.067
365be22614ebcbdb,8,37,24,64,46,-13,-18,0.052
f4bedb68232369b2,8,43,26,72,49,-17,-23,0.062
736c035b0700da01,8,54,28,93,55,-26,-38,0.069
a81d5259b4631f47,8,55,29,93,54,-26,-39,0.065
ba58bd3ba9dd8f01,8,60,30,104,58,-30,-46,0.058
a7f4784f78d881c4,8,74,29,122,56,-45,-66,0.065
8cced01f58e13f9a,8,54,27,92,51,-27,-41,0.062
d6540faa9a67e68f,8,62,29,106,54,-33,-52,0.061
46cea8d90058dab2,8,61,27,103,52,-34,-51,0.073
2030f251bca6c5dc,8,62,30,102,58,-32,-44,0.081
e6a7065da6f1e5ec,8,48,27,82,52,-21,-30,0.062
d6ff65761434a7e9,8,40,27,71,50,-13,-21,0.07
c49fa804c8decd63,8,46,28,80,54,-18,-26,0.055
bf265a9e5a54a7ea,8,35,25,60,47,-10,-13,0.061
7c81fdf885b0af08,8,49,27,85,50,-22,-35,0.073
80ee74914013beb2,8,52,26,88,49,-26,-39,0.06
5b84476d2f6be6be,8,60,29,100,56,-31,-44,0.068
329c7697684ce511,8,39,27,69,51,-12,-18,0.066
20268e6daed3e65f,8,46,29,81,54,-17,-27,0.058
1d68eb375cf3e1ff,8,47,27,81,52,-20,-29,0.064
0e8020a22d62455c,8,55,30,94,58,-25,-36,0.064
d1e09143513bb606,8,50,23,85,44,-27,-41,0.053
ec75528ffb23cc9b,8,60,26,99,49,-34,-50,0.073
a0b4ed60092cab0b,8,58,27,97,52,-31,-45,0.062
165b48a29ff2d514,8,68,29,112,56,-39,-56,0.073
696ae1b10a0282f3,8,45,27,78,51,-18,-27,0.057
e758c50ac94fd31c,8,52,29,87,54,-23,-33,0.066
7be2172fbe535386,8,54,27,90,52,-27,-38,0.063
f2ac93aee66f0776,8,64,30,106,58,-34,-48,0.08
83f3d4e013b45dfa,8,48,26,79,52,-22,-27,0.063
d06990837f30aaf1,8,12,12,24,25,0,1,0.054
20c521ccdf3f6697,8,19,19,35,37,0,2,0.063
dfce395815ea8fc5,8,31,21,54,42,-10,-12,0.057
52853d2d729863a8,8,20,12,36,25,-8,-11,0.058
6f5534fa8603be0e,8,26,19,46,37,-7,-9,0.057
f78e9bc3f75454b6,8,23,24,42,48,1,6,0.054
c64e93592bc99f90,8,31,26,54,51,-5,-3,0.06
133536e429d84822,8,18,17,34,35,-1,1,0.051
8584ee59dce004b7,8,26,24,46,46,-2,0,0.064
911760153ca5f25b,8,30,24,53,48,-6,-5,0.066
ba2d59206a9797b1,8,39,26,65,51,-13,-14,0.129
91699631cf06a18a,8,32,21,55,42,-11,-13,0.057
489b90050e20be1d,8,42,27,69,52,-15,-17,0.062
18f885455b233ba9,8,25,17,45,35,-8,-10,0.058
b69145cb478ee817,8,34,24,57,46,-10,-11,0.063
57f056def54cc6c2,8,52,27,88,52,-25,-36,0.071
96085e58f9f6c3c0,8,60,29,99,56,-31,-43,0.071
6c0107aa5eeddb2a,8,31,28,54,53,-3,-1,0.062
2e22cfa8b977a3e8,8,20,18,37,36,-2,-1,0.064
faa200345e856a4d,8,25,25,45,47,0,2,0.063
e80a860fd1af290f,8,37,25,64,49,-12,-15,0.064
af4a802d605bde93,8,42,27,72,52,-15,-20,0.067
ba05aeb9be478841,8,39,28,66,53,-11,-13,0.055
876c9e64c9601947,8,28,18,49,36,-10,-13,0.055
90eb0516b3821a6b,8,32,25,56,47,-7,-9,0.059
c215bcc55725ea66,8,37,27,65,52,-10,-13,0.06
ea5209c23f48a707,8,45,29,77,56,-16,-21,0.06
99baafc4df5b7301,8,34,24,59,46,-10,-13,0.069
5f7aa0b5b50d7f01,8,44,30,74,57,-14,-17,0.056
0979ce906d6bf50b,8,28,20,50,39,-8,-11,0.059
9d196dc1f4456c72,8,36,27,62,51,-9,-11,0.063
bc049076e92aa8af,8,51,27,85,52,-24,-33,0.065
4d022bf187db08c5,8,58,30,96,58,-28,-38,0.066
f4f392ab5cf5bdbd,8,43,27,74,52,-16,-22,0.061
c891d3fdfac3b0e2,8,53,29,88,56,-24,-32,0.061
97ca770cf14d6b31,8,42,24,71,46,-18,-25,0.066
ebd7528709c726ac,8,52,30,85,57,-22,-28,0.068
6594f803e52372bf,8,35,20,61,39,-15,-22,0.057
ea8ca92f898376ac,8,44,27,73,51,-17,-22,0.058
057423480dd5b622,8,69,27,113,52,-42,-61,0.071
569cbc4ff4917e40,8,42,27,73,52,-15,-21,0.06
b6388902fddc9c76,8,52,27,88,52,-25,-36,0.067
3d9ff7e55361e45e,8,40,27,71,52,-13,-19,0.07
3bf091bac1c7e5dc,8,50,29,86,56,-21,-30,0.056
69d335ae3b7893f9,8,51,23,87,44,-28,-43,0.068
96fff53e661f5ae2,8,60,27,99,52,-33,-47,0.066
92fef0c90b715cdc,8,54,27,90,52,-27,-38,0.069
44c12aeeeb800856,8,62,30,102,58,-32,-44,0.079
d5bab5c753aa6ac7,8,48,27,82,52,-21,-30,0.062
002e463f86d40e76,8,58,29,97,56,-29,-41,0.067
8737074c0b40e153,8,36,24,61,48,-12,-13,0.057
ee10a91201b9ee5d,8,14,16,26,32,2,6,0.054
de1baf2e4f036416,8,27,19,46,38,-8,-8,0.05
bb7bb351369a9db7,8,14,12,26,25,-2,-1,0.057
7ec7687ed7f323b0,8,22,16,38,32,-6,-6,0.047
8fcedec7d841559b,8,36,24,60,43,-12,-17,0.059
52acfbb02f5d5b9e,8,49,27,82,51,-22,-31,0.058
eb338369cbe714b6,8,44,24,71,44,-20,-27,0.069
ffa2d62e80b8cdcf,8,43,22,71,43,-21,-28,0.064
d68387326a3bd6f3,8,51,30,85,58,-21,-27,0.086
13cacc88dd48335f,8,36,26,64,47,-10,-17,0.065
7292b0cea4509b2c,8,37,24,64,46,-13,-18,0.054
ce5b077a3ad7b534,8,49,29,85,54,-20,-31,0.067
c8d6cf96299da0de,8,61,30,97,58,-31,-39,0.064
55a335179ce565ac,8,36,20,63,39,-16,-24,0.057
374f60e3336660ea,8,41,26,68,47,-15,-21,0.062
037ceeffc6afe462,8,42,24,73,46,-18,-27,0.069
e8c68401b77a3c7d,8,35,27,59,49,-8,-10,0.066
649a59fa5b108fa6,8,43,28,71,53,-15,-18,0.072
0725cbb7743fcea5,8,21,18,37,34,-3,-3,0.077
be4c4b148052a1f6,8,29,24,49,42,-5,-7,0.078
834dac65cca8c444,8,27,22,46,42,-5,-4,0.065
2af1c819d957cecb,8,37,28,61,52,-9,-9,0.071
c0b7b8a9a6beb238,8,43,27,71,50,-16,-21,0.062
0ef99b21c39efdcc,8,44,25,72,49,-19,-23,0.072
34608a07cfef0fd0,8,51,28,83,54,-23,-29,0.074
726e1c354a3a9cd1,8,27,18,46,35,-9,-11,0.063
8ce7a3424c7fda9e,8,37,24,60,43,-13,-17,0.071
8e8c10110f85bb57,8,35,22,58,43,-13,-15,0.07
fe03c353aa43253f,8,45,28,73,53,-17,-20,0.078
b0c2cbfdfc37315e,8,8,12,17,25,4,8,0.07
64f01f214c72971a,8,16,19,29,37,3,8,0.153
bd84f240d9c74c62,8,20,19,36,38,-1,2,0.07
e32f2994c2d31cf5,8,29,21,48,42,-8,-6,0.077
fcb96ed0d78714f2,8,15,12,28,25,-3,-3,0.062
40f02731ec045276,8,24,19,40,37,-5,-3,0.072
c409dccb20702238,8,53,27,85,53,-26,-32,0.077
3105a23ed96793fb,8,39,27,66,51,-12,-15,0.082
a048c6e4f2bdefa6,8,53,29,89,56,-24,-33,0.1
6834edd59fafe960,8,49,30,83,57,-19,-26,0.091
20f8a99f864b6b74,8,36,20,63,39,-16,-24,0.071
37897f24d2bff744,8,41,27,68,51,-14,-17,0.061
fe960d342bbf9fe7,8,38,27,63,51,-11,-12,0.06
7c1a3b34d94a51be,8,21,18,37,35,-3,-2,0.051
f13f72118c3a5f68,8,29,25,49,46,-4,-3,0.063
69eebbb9fb9a88c2,8,51,28,83,54,-23,-29,0.084
f85e9486374cea38,8,36,25,60,49,-11,-11,0.077
963b84bad3acb39c,8,46,27,74,52,-19,-22,0.076
762809be3534c0c8,8,35,22,58,43,-13,-15,0.07
315d805dadb6e664,8,45,28,72,53,-17,-19,0.072
03f516a1cba99c97,8,28,18,48,36,-10,-12,0.069
4ea76d4b95a7a514,8,37,25,60,47,-12,-13,0.081
17be44126191e4e4,8,35,24,61,46,-11,-15,0.068
91f55ea432f25256,8,49,27,80,53,-22,-27,0.07
91b6d32d599aa98b,8,49,27,82,54,-22,-28,0.081
50dd438afa7ec05a,8,33,21,58,42,-12,-16,0.067
0de300188e1752a9,8,42,27,72,53,-15,-19,0.072
4fd6a1f7f9a254bf,8,26,16,45,32,-10,-13,0.06
7ab1688bfca2dcc7,8,36,22,61,44,-14,-17,0.061
42aef6cbe1f5248c,8,20,16,37,32,-4,-5,0.068
1f9a5f86406e604d,8,30,22,52,43,-8,-9,0.058
1d17f934bb4c04e0,8,47,27,77,53,-20,-24,0.068
63cca45307518c4c,8,32,21,55,42,-11,-13,0.07
39ddfff3cd4bdd9e,8,42,27,69,52,-15,-17,0.071
9433599d5726c410,8,30,24,53,48,-6,-5,0.059
b12e75b1572506b6,8,38,27,65,53,-11,-12,0.062
77f0c02cdde3c98a,8,18,17,34,34,-1,0,0.052
1a3160b71db689b2,8,26,23,46,42,-3,-4,0.06
b4ed3bd106ea234d,8,25,21,45,42,-4,-3,0.051
4b8987ec37c3cd6a,8,34,27,58,52,-7,-6,0.063
7e433cf41a65c771,8,39,22,68,43,-17,-25,0.055
d4997f3fe7ae63ad,8,47,28,80,54,-19,-26,0.058
facb48e970d17406,8,49,26,83,47,-23,-36,0.054
45f91e44ba851135,8,50,24,84,46,-26,-38,0.058
b11febcfd25f98d9,8,56,30,94,57,-26,-37,0.058
c468ca2b154fdded,8,52,27,88,52,-25,-36,0.069
ba49e9b6e0ffc129,8,58,30,98,58,-28,-40,0.078
bdf10f6af1f599f8,8,36,20,63,39,-16,-24,0.061
c488dcfe7c05eba9,8,45,26,77,47,-19,-30,0.075
ca1c38c78923e522,8,43,24,74,46,-19,-28,0.073
4f7f171d67b02427,8,52,30,88,57,-22,-31,0.074
2fd9d994977238d9,8,33,24,57,43,-9,-14,0.076
2183e5c71a7a236f,8,34,22,58,43,-12,-15,0.058
2a0d7c630a4b86c8,8,39,28,66,53,-11,-13,0.066
16fa263add7c0cbf,8,40,25,69,49,-15,-20,0.069
96bf5dcdf6e585cf,8,47,28,80,54,-19,-26,0.061
30dbe0bc5276e3e3,8,25,18,46,35,-7,-11,0.06
094463e9bc9d2e0f,8,33,24,58,43,-9,-15,0.057
8bf21b3141536db9,8,31,22,55,43,-9,-12,0.057
07cc98ef314e0517,8,41,28,70,53,-13,-17,0.066
57edab04094f8f6e,8,50,29,84,54,-21,-30,0.06
d3819939ddfcb176,8,51,27,85,52,-24,-33,0.063
2f577ec3032c3b05,8,58,30,96,58,-28,-38,0.078
e06dd4e45ad10723,8,36,20,62,39,-16,-23,0.052
39370e95bcef5218,8,44,26,74,47,-18,-27,0.129
60e77ebadeb176d2,8,42,24,71,46,-18,-25,0.07
105a232c75bfa42c,8,52,30,86,57,-22,-29,0.065
cefc92512990828f,8,42,29,72,54,-13,-18,0.06
af4c509b8ae91d5b,8,43,27,73,52,-16,-21,0.058
d5530e6c91111914,8,50,30,84,58,-20,-26,0.065
495f60a723c0792c,8,28,20,50,39,-8,-11,0.057
9d6b28e6b8979e9c,8,36,26,62,47,-10,-15,0.068
010b81155b077bd7,8,35,24,61,46,-11,-15,0.069
205af5385f540159,8,44,30,74,57,-14,-17,0.054
feb58842232c035c,8,33,24,59,48,-9,-11,0.063
db2c4e625ff8928f,8,42,27,73,53,-15,-20,0.067
0f5abeccd1ebf705,8,56,28,99,55,-28,-44,0.065
0238a909cbc32076,8,69,30,117,58,-39,-59,0.07
578806cc274ab502,8,68,29,114,56,-39,-58,0.068
bf8672c0bba90ac4,8,56,27,96,52,-29,-44,0.075
ad1f81c04322e778,8,62,30,107,58,-32,-49,0.071
a3670b650c847135,8,55,27,94,52,-28,-42,0.082
7018be56d202c990,8,41,25,74,49,-16,-25,0.083
96ffdff305472d89,8,48,28,84,54,-20,-30,0.071
ee2f339d28c74a41,8,68,29,111,56,-39,-55,0.077
0e4efeb2528c8551,8,55,27,93,52,-28,-41,0.072
17ca674e1aeb1332,8,57,30,97,58,-27,-39,0.08
c60cbdabdc6cd315,8,51,27,87,52,-24,-35,0.067
e6c3b830c0d85509,8,60,29,100,56,-31,-44,0.069
f7739e751f55a30b,8,42,27,74,51,-15,-23,0.062
99f8a072f2332d56,8,48,29,83,54,-19,-29,0.081
2bd35d97331af739,8,46,27,81,52,-19,-29,0.085
5d63e87a264166db,8,55,30,95,58,-25,-37,0.117
cedbf8d50a9dad01,8,14,12,28,25,-2,-3,0.06
9ac65bcf1031b46e,8,22,19,40,37,-3,-3,0.065
cbdf600d6b411837,8,25,17,45,35,-8,-10,0.059
ac9355064131864f,8,34,24,57,46,-10,-11,0.059
df6893e59871965e,8,24,24,44,48,0,4,0.056
95628aaa3bfe7da6,8,38,26,66,51,-12,-15,0.076
e3addce085def478,8,19,17,36,35,-2,-1,0.072
bec294a40b297f10,8,27,24,48,46,-3,-2,0.054
34a895c18c50494e,8,54,29,92,56,-25,-36,0.062
d85de9e313b94c5b,8,33,25,57,47,-8,-10,0.068
0241291763a27375,8,42,27,72,52,-15,-20,0.057
2098d34b2878fb17,8,41,28,70,53,-13,-17,0.069
145eea7e040a1a3d,8,25,18,46,36,-7,-10,0.049
a73075e3f1ec1814,8,33,25,58,47,-8,-11,0.063
c47583f79f681728,8,53,29,88,56,-24,-32,0.07
cba21f3c5ceac149,8,52,30,86,57,-22,-29,0.062
efa77e05b42eda42,8,36,20,62,39,-16,-23,0.058
7a809564f0daf770,8,44,27,74,51,-17,-23,0.072
f8a0b30ca8a98852,8,50,30,84,58,-20,-26,0.068
2b413bbcc7d142cb,8,37,27,65,52,-10,-13,0.074
61f84768bcd170ac,8,45,29,77,56,-16,-21,0.077
34ac605aa96112d6,8,35,24,61,46,-11,-15,0.07
20199ad8fd00e5dd,8,44,30,74,57,-14,-17,0.07
e344400937a88faa,8,29,20,52,39,-9,-13,0.066
a973054569453f3b,8,37,27,64,51,-10,-13,0.065
b894f13921ec2799,8,37,25,67,49,-12,-18,0.08
7e62d6460a5db6b1,8,42,27,74,52,-15,-22,0.07
ed738ffbaef67036,8,47,27,82,52,-20,-30,0.067
de37c979047128d6,8,55,29,94,56,-26,-38,0.066
f980886c7fe0358b,8,45,23,78,43,-22,-35,0.076
6423b76e3742e36d,8,53,27,90,52,-26,-38,0.078
7e64174306ab37c5,8,44,27,78,52,-17,-26,0.057
e7bdb9c6d208e16f,8,52,29,89,56,-23,-33,0.081
838d0d1282ce1387,8,23,18,41,36,-5,-5,0.058
a37923394b4c1cfe,8,32,24,55,46,-8,-9,0.06
09948add48d083d6,8,21,19,38,38,-2,0,0.056
067da88661b1e199,8,34,22,56,44,-12,-12,0.06
1cbdc9c25bc88005,8,15,16,28,32,1,4,0.059
ef909a3c26bf9cc8,8,24,22,41,43,-2,2,0.062
ec774fe8cb149e19,8,52,30,87,57,-22,-30,0.063
498cc0cf0972fd16,8,49,28,81,54,-21,-27,0.067
7f0902d64de38255,8,51,28,85,56,-23,-29,0.068
cbb333df25bad194,8,38,24,64,45,-14,-19,0.054
a4a123ef4b86a804,8,36,22,61,44,-14,-17,0.06
90a5e26fea2ca481,8,45,28,75,55,-17,-20,0.072
e4b3f1c9d64726d4,8,53,30,88,57,-23,-31,0.079
0ba768cbae293765,8,52,30,90,58,-22,-32,0.075
abf56c5ae66c28b4,8,40,24,70,46,-16,-24,0.067
dab6e9c521607da1,8,48,30,80,57,-18,-23,0.068
0079b0c6adb72c52,8,51,28,83,54,-23,-29,0.064
0c152f419d5327c9,8,35,22,58,43,-13,-15,0.123
e1bae7404c45861b,8,45,28,73,53,-17,-20,0.062
df43f58f66ded8b5,8,35,27,59,51,-8,-8,0.073
0aa77f7c4c445fd1,8,36,25,60,50,-11,-10,0.072
6834c30b985169b2,8,43,28,71,55,-15,-16,0.079
268447760340c8fa,8,21,18,37,36,-3,-1,0.059
74b20dc2cb07eed5,8,29,24,49,44,-5,-5,0.07
7d47e50f4f5cf21a,8,28,22,48,44,-6,-4,0.062
8c62d51e01a9e77b,8,37,28,61,54,-9,-7,0.063
3feb745c1bacb36a,8,48,25,82,50,-23,-32,0.063
aa7e85064b26b498,8,53,28,92,56,-25,-36,0.074
f2982e11400d97c6,8,44,25,74,50,-19,-24,0.068
aa3535f896521f81,8,53,27,87,53,-26,-34,0.074
c8e857e773062f1a,8,39,25,67,50,-14,-17,0.074
33d17c72678f55af,8,49,28,82,55,-21,-27,0.072
9eda5f3c19368a90,8,9,12,19,25,3,6,0.057
c2396ef41b3355bc,8,17,19,31,37,2,6,0.065
d1c80b7f23116e17,8,26,20,47,39,-6,-8,0.067
51e473f6ead90106,8,34,27,59,51,-7,-8,0.078
ea36fe8b239ee048,8,29,18,49,36,-11,-13,0.058
aa5217b5044c4e43,8,37,25,61,47,-12,-14,0.069
f21a9414631438a2,8,30,25,51,50,-5,-1,0.059
b5f1abe3d433dda7,8,38,27,63,53,-11,-10,0.088
69b884ce7f896716,8,28,22,48,44,-6,-4,0.064
45d6af993755ff40,8,37,28,61,54,-9,-7,0.09
9a970373fe86c0ae,8,22,18,39,37,-4,-2,0.087
21e391ede6b1481b,8,30,25,51,48,-5,-3,0.094
70230f5976c61acd,8,33,25,58,50,-8,-8,0.072
9d6aec52c97e81ee,8,41,27,70,53,-14,-17,0.087
b5a547eff9cabcab,8,28,17,51,33,-11,-18,0.069
0055a3a4ab0d680a,8,49,27,82,53,-22,-29,0.072
6bce93a386b70156,8,59,29,99,56,-30,-43,0.082
b308908a82fcf23c,8,45,27,77,52,-18,-25,0.07
2d041f5633b59fa0,8,54,29,91,56,-25,-35,0.076
537287ce8db4fe6d,8,45,27,78,52,-18,-26,0.084
7b7b008ad6507fb5,8,31,18,54,36,-13,-18,0.084
f1ee6fec53006675,8,40,25,70,49,-15,-21,0.086
d1d29be14704bed1,8,36,25,63,49,-11,-14,0.088
07902e11e31582af,8,40,27,70,52,-13,-18,0.093
b55998c4abbd37ba,8,34,22,61,43,-12,-18,0.059
ab5bd541fe6995dc,8,28,18,51,36,-10,-15,0.064
4a0b7ae7da612e5a,8,32,25,58,47,-7,-11,0.067
371db1964a7e0682,8,51,27,87,52,-24,-35,0.071
f9f46580193c5ad3,8,46,27,80,52,-19,-28,0.065
8be35e4e6442dfda,8,52,29,90,56,-23,-34,0.073
fee6364283fd3187,8,39,20,67,39,-19,-28,0.07
50785a54e4ec750c,8,46,27,80,52,-19,-28,0.082
12caa924ea16346f,8,40,27,71,52,-13,-19,0.065
e99ed69419e3c8ca,8,48,29,83,56,-19,-27,0.072
de65e59555c3967c,8,39,24,69,46,-15,-23,0.069
d871bd3f18e52cac,8,32,20,58,39,-12,-19,0.07
33322236cb836ee6,8,40,27,70,51,-13,-19,0.071
71040ae7002b7d9a,8,61,27,102,52,-34,-50,0.083
9d513c2bd9314a46,8,46,25,82,48,-21,-34,0.071
0b24798a56af6d5c,8,39,25,71,49,-14,-22,0.073
36fdec8f9e182303,8,46,27,81,52,-19,-29,0.085
1cbec63d1c9de3ad,8,60,27,103,52,-33,-51,0.099
e82eeed02a8e362b,8,51,27,87,52,-24,-35,0.07
4dccb2f37b214ae8,8,48,23,84,43,-25,-41,0.068
49a3fe5513b5561c,8,56,27,96,52,-29,-44,0.085
c8f34c55d235808e,8,49,27,86,52,-22,-34,0.065
541cb98629fbe1d8,8,42,27,76,52,-15,-24,0.076
ae9d21ed9e103db6,8,48,29,85,56,-19,-29,0.072
7ba2a84cccb4e7ce,8,58,30,97,57,-28,-40,0.078
26a0ef788fe9ed43,8,58,28,91,55,-30,-36,0.076
6b3847972bc84a0c,8,50,28,80,54,-22,-26,0.082
2dfceb7460202126,8,58,30,96,58,-28,-38,0.077
dfd541058c5b696f,8,42,24,69,46,-18,-23,0.072
09cd66ae0838f46b,8,53,30,88,57,-23,-31,0.085
23429a861e0401a1,8,52,30,88,57,-22,-31,0.091
55b34b82ae573748,8,30,20,54,38,-10,-16,0.101
65c1fd95243fe521,8,39,24,67,45,-15,-22,0.069
076120f1b3d9deed,8,42,30,70,56,-12,-14,0.077
b8faaa46fbf6ee39,8,39,25,62,48,-14,-14,0.2
3acb3db95aa6a4e3,8,50,28,81,53,-22,-28,0.096
1c89a6092b479757,8,35,22,56,42,-13,-14,0.096
b4721e8eea9dbbcf,8,41,28,66,52,-13,-14,0.12
8a0128d77e07d31b,8,37,21,61,42,-16,-19,0.094
615b0e319f7ae789,8,44,24,72,47,-20,-25,0.103
647573f81e5f45a3,8,21,14,36,28,-7,-8,0.07
9b5ae1e2a97f0036,8,27,18,45,36,-9,-9,0.105
9be49e756854d6b1,8,37,24,60,46,-13,-14,0.097
207be0b318ef942c,8,61,30,100,58,-31,-42,0.101
b37fdd299a74b2a0,8,61,29,103,55,-32,-48,0.082
c29902e91a0e00f7,8,48,27,81,51,-21,-30,0.073
48d36adfb746bc4f,8,56,30,95,57,-26,-38,0.083
b70f13bd07fb69b8,8,55,28,89,53,-27,-36,0.079
06b47f070d5ded43,8,44,21,73,42,-23,-31,0.079
03c458518974ce9f,8,54,23,88,45,-31,-43,0.078
f2a1f0c91e6b3e77,8,33,21,57,40,-12,-17,0.083
1e90c276702a30e3,8,39,21,66,42,-18,-24,0.068
de9dbc2055ecb3c9,8,49,24,81,47,-25,-34,0.065
bbc88c439f556b94,8,54,26,87,51,-28,-36,0.062
b8f86cbf18fe0b00,8,30,21,52,40,-9,-12,0.059
c2217939d478c91a,8,43,23,73,45,-20,-28,0.069
38fa3d3bb731bb2c,8,36,18,62,36,-18,-26,0.064
3314cddd120753c7,8,45,24,74,46,-21,-28,0.071
ca457fc7e98201e8,8,30,14,53,29,-16,-24,0.06
05f65c099ed624fe,8,38,21,64,40,-17,-24,0.072
b29ad8c3879ecd06,8,43,26,72,52,-17,-20,0.075
6734f0cc0dda5c36,8,30,17,53,35,-13,-18,0.056
8e7342cf10d45080,8,38,24,64,47,-14,-17,0.069
ec95b743be7cb79f,8,41,24,70,48,-17,-22,0.061
af2a36f738964c17,8,51,26,83,52,-25,-31,0.089
02b3a6d0d5a8b300,8,44,21,73,42,-23,-31,0.067
8188cfe866faa465,8,52,27,84,53,-25,-31,0.092
d4b0cdb53362f76c,8,36,17,62,35,-19,-27,0.079
6f226dd59734d05c,8,46,24,75,47,-22,-28,0.072
21441402e243cc3a,8,58,27,97,53,-31,-44,0.078
c8c5739d68de45e1,8,60,29,99,56,-31,-43,0.09
cff2a70cf91048e7,8,68,29,110,56,-39,-54,0.098
7d28b94db90dc574,8,45,27,77,53,-18,-24,0.061
58d9b967cca25cda,8,42,28,71,54,-14,-17,0.081
ffce8d9c3b218f65,8,31,18,55,36,-13,-19,0.067
517cc4e408c49d92,8,36,25,63,48,-11,-15,0.069
d6aedc15e0cf431a,8,46,25,78,49,-21,-29,0.073
5a75cc9bffa11801,8,53,27,89,53,-26,-36,0.075
0f5a8cd85b51c537,8,45,22,75,43,-23,-32,0.076
fadc4466d17ab7b8,8,50,28,83,54,-22,-29,0.08
7ec7922a0ea8a329,8,39,18,67,36,-21,-31,0.068
57062e74e14c05e3,8,42,25,72,48,-17,-24,0.068
e9c22b504fd794c0,8,46,27,79,52,-19,-27,0.075
b7649bfe3f9484ba,8,54,29,91,56,-25,-35,0.075
6b6e1f94d63396b8,8,46,24,78,46,-22,-32,0.068
4f70da67f6182d0b,8,54,30,90,57,-24,-33,0.077
8c9b583abb7c3a2d,8,40,20,70,39,-20,-31,0.059
aa5a05b6a0de32fd,8,48,27,81,51,-21,-30,0.071
233f09ac52a572f0,8,68,30,111,58,-38,-53,0.085
c80079bf68afb928,8,54,27,91,52,-27,-39,0.076
c38f9e4eb29d66a0,8,62,29,102,56,-33,-46,0.076
2be0d7d55dcc67ad,8,54,24,90,46,-30,-44,0.071
6fa48d7f2484d0c5,8,62,30,101,57,-32,-44,0.088
b94a6cf47f369403,8,46,20,79,39,-26,-40,0.078
698b86e364cf7096,8,56,27,92,51,-29,-41,0.076
0b0f621df2ba24b5,8,49,23,82,45,-26,-37,0.141
546159ed3b442821,8,60,27,99,54,-33,-45,0.076
3ff76246958fa8c0,8,48,24,83,48,-24,-35,0.074
8ee952c6537ddca6,8,57,26,95,52,-31,-43,0.078
d86543d63ebf8afd,8,48,27,84,53,-21,-31,0.082
854e82e0292ef49f,8,64,28,108,55,-36,-53,0.081
5ca4a220fb4c5fcc,8,53,25,90,49,-28,-41,0.063
21f0b65b0b4a079f,8,60,27,101,53,-33,-48,0.083
8b094953217a4024,8,62,30,106,58,-32,-48,0.091
5268da672c617d81,8,52,27,90,52,-25,-38,0.088
dc6cf2cdfb266711,8,55,29,95,56,-26,-39,0.088
3f51a0ebc9547c9e,8,78,29,127,56,-49,-71,0.084
29673207951450f5,8,62,23,105,44,-39,-61,0.092
5c02155965e5e4c0,8,72,27,118,52,-45,-66,0.068
a6c241084a92550c,8,63,27,107,52,-36,-55,0.079
7f995cd3010c0ea2,8,71,30,119,58,-41,-61,0.068
0fdf619a6d43facb,8,59,27,99,52,-32,-47,0.076
ba9ff0a4c26f92bf,8,66,29,110,56,-37,-54,0.081
63f7685293de1f39,8,39,24,63,46,-15,-17,0.072
cb2e930d48e98663,8,45,27,75,53,-18,-22,0.069
ea7ffcb6fa65476a,8,41,24,66,47,-17,-19,0.076
772f169163e56815,8,36,24,58,46,-12,-12,0.064
e0fdda6ecde5dbce,8,60,30,100,57,-30,-43,0.073
d2197cec53dae9c1,8,70,30,113,58,-40,-55,0.08
7ffe82400f2aee34,8,59,26,98,47,-33,-51,0.1
c3711b1ac5c77287,8,59,24,98,46,-35,-52,0.093
91d48d66a8b6dfdc,8,65,30,106,57,-35,-49,0.09
e913708b55218d0b,8,52,28,83,53,-24,-30,0.082
fc7b6543c80a94e7,8,56,27,90,51,-29,-39,0.092
b0708d24802dedd5,8,64,28,102,55,-36,-47,0.093
f8605da979f43323,8,43,18,71,36,-25,-35,0.061
83b96459a8a6e29b,8,52,24,82,44,-28,-38,0.077
083ce37e89ac4f83,8,51,22,83,43,-29,-40,0.081
eac3827459edb21d,8,60,28,95,54,-32,-41,0.092
6bd54203816e905f,8,60,30,97,58,-30,-39,0.067
5c6e3d50a433a0a6,8,46,26,79,47,-20,-32,0.075
41bf0724c267c995,8,52,30,87,57,-22,-30,0.064
44c60dfbe0697a3a,8,59,29,99,54,-30,-45,0.083
8db96922bdae59fa,8,65,30,106,58,-35,-48,0.075
a4c4f7f403821e8b,8,54,26,89,47,-28,-42,0.08
d9493f0a7c712b9a,8,55,24,92,46,-31,-46,0.072
e2716f3961ee18c2,8,61,30,103,57,-31,-46,0.069
e6365c2fe79b4db2,8,49,28,80,54,-21,-26,0.067
e36aeb69f528ebd9,8,35,24,59,43,-11,-16,0.065
01f0ca377c2096dd,8,35,22,59,42,-13,-17,0.073
88fd111436cf7d62,8,43,28,71,53,-15,-18,0.071
94679b7736e695ca,8,49,27,80,51,-22,-29,0.067
42e5ea83bac308d3,8,50,25,81,49,-25,-32,0.078
3b1ddbe525373975,8,57,28,92,55,-29,-37,0.073
6447a9553e0bbf4c,8,35,18,59,36,-17,-23,0.072
573da6d25b43b5b4,8,43,24,70,44,-19,-26,0.076
a07bee36e29e905a,8,43,22,71,43,-21,-28,0.078
4fb11a98ff73b559,8,51,28,83,54,-23,-29,0.077
d3d505950e699029,8,74,30,122,58,-44,-64,0.09
024597720806ea1d,8,61,27,102,51,-34,-51,0.135
e0daeb524409c709,8,67,28,111,55,-39,-56,0.074
6172261b98c94ec3,8,65,30,107,58,-35,-49,0.082
07315c198a178eaa,8,78,29,130,56,-49,-74,0.08
50e91db1f10976ae,8,63,29,104,54,-34,-50,0.073
3dde82b08ffd0b05,8,73,30,124,58,-43,-66,0.09
2b3691a8c532e202,8,52,28,87,54,-24,-33,0.078
12f4cca49f3bf502,8,59,24,96,46,-35,-50,0.063
797d076278a569f7,8,67,27,109,53,-40,-56,0.077
cc39cb28fdb92061,8,47,25,76,48,-22,-28,0.077
21e3eebc6641a9e7,8,49,27,80,51,-22,-29,0.068
41cd7a03780921bf,8,56,25,92,49,-31,-43,0.059
5deb26b20df759ac,8,63,28,106,55,-35,-51,0.061
51d7620bfad88bb0,8,22,14,38,29,-8,-9,0.057
353689f69d9fdbcc,8,59,30,96,57,-29,-39,0.067
a62fa309d8207256,8,47,20,80,39,-27,-41,0.07
0905bc5bf33d7599,8,57,27,94,51,-30,-43,0.077
3e154c77c56ff542,8,29,18,51,35,-11,-16,0.114
df19aa8539608637,8,37,25,62,47,-12,-15,0.08
871cbd31b711ac11,8,43,25,72,49,-18,-23,0.08
fc46817d3f1abd12,8,51,27,83,53,-24,-30,0.064
2ab4c67b4a7fb515,8,43,22,71,43,-21,-28,0.069
e2fc20f3acd7b8e7,8,51,28,82,54,-23,-28,0.063
436ede32ff54b2a9,8,35,18,60,36,-17,-24,0.069
0c400bec5ccf1580,8,45,25,73,48,-20,-25,0.072
8affe3ee2f786bd0,8,66,29,112,56,-37,-56,0.082
ce7808fb2d870fff,8,53,25,90,49,-28,-41,0.068
0d8ed77b3229f562,8,63,28,106,55,-35,-51,0.08
cc89c46ccbde5c0d,8,45,25,76,49,-20,-27,0.074
b02ddf46755cf2af,8,58,27,95,53,-31,-42,0.061
63d2693bb3e28581,8,45,24,74,46,-21,-28,0.068
177b88ec0cfa2a05,8,57,27,91,52,-30,-39,0.069
1829f312556cbfe9,8,57,27,94,53,-30,-41,0.061
035432e4c3070f91,8,42,23,70,42,-19,-28,0.066
506c2d82634148d5,8,50,27,82,52,-23,-30,0.059
f8dcfa264e2e8f9c,8,45,24,74,46,-21,-28,0.069
069cfa675247e3a5,8,45,24,74,47,-21,-27,0.06
4d745574565cb983,8,32,20,55,36,-12,-19,0.06
ac2a227d0a851cce,8,31,18,55,36,-13,-19,0.057
98ff67eb3a30ae7f,8,36,24,62,46,-12,-16,0.058
377f59b7fa27839b,8,57,27,92,54,-30,-38,0.065
4d97094cb65e29c3,8,44,21,73,42,-23,-31,0.061
5c99ccbb76b98acf,8,52,27,84,53,-25,-31,0.057
80461884b234a42e,8,46,26,78,50,-20,-28,0.072
c56a67ce442be654,8,47,27,79,54,-20,-25,0.067
c212507d09951e63,8,30,17,53,35,-13,-18,0.06
c2a0df6357772701,8,38,23,65,43,-15,-22,0.083
4ceb6ccfcf443020,8,36,21,62,42,-15,-20,0.078
d765a1627ac2af8a,8,46,27,77,53,-19,-24,0.086
62566b45bcd383b5,8,55,28,91,54,-27,-37,0.078
064c30b2df2110a0,8,62,28,102,55,-34,-47,0.081
841cfa24fc1ccaf7,8,48,24,80,44,-24,-36,0.071
eafb9dc46a63f95a,8,47,22,80,43,-25,-37,0.095
91abe5d6cef684df,8,56,28,92,54,-28,-38,0.07
9a9047d5c584c2e3,8,73,30,118,58,-43,-60,0.087
d445779e5a0fc853,8,59,26,96,47,-33,-49,0.081
c881f7876769817c,8,58,24,96,46,-34,-50,0.081
cdbb43f1c22107d3,8,67,30,108,57,-37,-51,0.075
aea6b1912beb2e47,8,59,27,97,52,-32,-45,0.096
8616538fb9fc4756,8,66,30,108,58,-36,-50,0.087
e2bcbb80f41d18e5,8,52,26,86,47,-26,-39,0.063
0277b48c11dc3aaa,8,51,24,86,46,-27,-40,0.095
02f2c6206693a3da,8,60,30,98,57,-30,-41,0.193
d783ef4aa7456839,8,58,28,96,55,-30,-41,0.075
0d26f99c7d2e16a1,8,42,24,71,44,-18,-27,0.061
170af07fca919286,8,45,22,75,43,-23,-32,0.068
dd91e8be80054a23,8,50,28,83,54,-22,-29,0.074
dd84bb865857e766,8,43,27,75,51,-16,-24,0.064
420f984e9868b6e2,8,51,28,87,55,-23,-32,0.076
f84a103acc2fbae7,8,38,24,66,44,-14,-22,0.064
bb2292d164f838a6,8,38,22,66,43,-16,-23,0.078
03ecab324f8dafa7,8,46,28,78,54,-18,-24,0.078
fd56e932322f7738,8,60,29,99,54,-31,-45,0.093
17a163968725494f,8,61,27,100,52,-34,-48,0.068
e8649925bec2e922,8,68,30,111,58,-38,-53,0.092
b06dd4d613dd52b8,8,46,20,78,39,-26,-39,0.09
b83d9258a9a11bbd,8,52,26,88,47,-26,-41,0.066
a88b07b9bcb1d579,8,54,24,90,46,-30,-44,0.078
ba38bd105e5f219a,8,60,30,100,57,-30,-43,0.074
f8f42b77e80ab114,8,53,29,90,54,-24,-36,0.07
73f84bc5c2888efd,8,54,27,91,52,-27,-39,0.079
204f40b99871d0bd,8,61,30,102,58,-31,-44,0.08
426c0c17735dc8b0,8,40,20,70,39,-20,-31,0.084
a064237db21980c2,8,48,26,82,47,-22,-35,0.081
59d57afbbedc4e8e,8,46,24,79,46,-22,-33,0.084
574d0251998f4aa3,8,56,30,94,57,-26,-37,0.088
a565b74eaa72b49e,8,25,14,46,29,-11,-17,0.066
651e8c72182a8400,8,36,17,62,35,-19,-27,0.082
5aaab51fe3be27d0,8,35,24,61,48,-11,-13,0.082
c9a0e8ee9595ef7d,8,36,21,62,42,-15,-20,0.074
86d1569c88fbbd21,8,46,27,77,53,-19,-24,0.069
0d54f65a712a8f84,8,30,17,53,35,-13,-18,0.067
fa5ad299c5edcdf1,8,38,24,65,47,-14,-18,0.065
79d9a3b1cb95b4ad,8,61,29,101,56,-32,-45,0.077
e3bae88b36ed8c31,8,47,27,80,53,-20,-27,0.067
45d33c79ce6ccc6c,8,46,28,78,54,-18,-24,0.071
ec09b83c6f87c181,8,32,18,58,36,-14,-22,0.071
fa0c6a2fa297a2ef,8,40,25,69,48,-15,-21,0.097
9009aed34bc14277,8,60,30,100,57,-30,-43,0.099
8b8b1c22c0506414,8,48,20,82,39,-28,-43,0.089
8e850a0e42f2e27e,8,56,27,93,51,-29,-42,0.08
b7b04b97233829e6,8,61,30,102,58,-31,-44,0.067
58a7d18579f0b1a5,8,48,27,83,52,-21,-31,0.073
9640b0d3d42766f7,8,56,29,95,56,-27,-39,0.072
b85b3d89476cd57e,8,46,24,79,46,-22,-33,0.072
7b6dc0b17b1c08c4,8,56,30,94,57,-26,-37,0.079
365c4dc9e609376d,8,41,20,71,39,-21,-32,0.076
58d6209e5512a839,8,49,27,83,51,-22,-32,0.075
e5f949be112c536c,8,47,26,80,52,-21,-28,0.072
eddd8232373c41f7,8,51,27,88,53,-24,-35,0.085
35b741a7562479f4,8,66,29,110,56,-37,-54,0.073
2dd664053e8c7b05,8,64,27,108,52,-37,-56,0.073
c7a4ebac40aa29e7,8,60,27,103,52,-33,-51,0.07
b2906bd7e0495afb,8,64,30,109,58,-34,-51,0.072
a2296fbedc1f54a5,8,53,27,90,52,-26,-38,0.068
938a06a9e2ff179f,8,60,29,102,56,-31,-46,0.089
edd562a841226a66,8,45,24,73,45,-21,-28,0.07
1d7ce9a89d6280bf,8,44,22,73,44,-22,-29,0.065
ed58ec6d9c8175ae,8,53,28,85,55,-25,-30,0.06
d18d4f6bfdf583d1,8,45,26,77,47,-19,-30,0.065
845c6790ae1e43db,8,43,24,74,46,-19,-28,0.062
740a791ab13ee57b,8,54,30,91,57,-24,-34,0.07
ad3ac0a2bb368bf7,8,43,22,71,43,-21,-28,0.066
b66b78931a3d8448,8,49,28,81,54,-21,-27,0.071
9feb8c5d49264b15,8,42,27,71,52,-15,-19,0.075
d806279b0bd1e730,8,43,25,72,50,-18,-22,0.071
51a702d3a6891b24,8,50,28,83,56,-22,-27,0.078
d68257d43553ab6b,8,29,18,51,37,-11,-14,0.131
343b2f065c549cf1,8,37,24,63,45,-13,-18,0.065
4cf1fe8498062e6b,8,35,22,60,44,-13,-16,0.071
87f56921dc5ccf97,8,45,28,75,55,-17,-20,0.077
d5f49fe37ca782cb,8,62,28,106,56,-34,-50,0.078
f26932e1336a522b,8,66,30,113,58,-36,-55,0.089
da91b7b1307f4221,8,61,27,101,54,-34,-47,0.074
d180c306f6274fe6,8,44,25,74,49,-19,-25,0.073
673b114cb9745208,8,47,27,80,52,-20,-28,0.074
cbbe0713390570a8,8,44,25,76,50,-19,-26,0.079
f441b1f9c21c10fd,8,60,28,97,56,-32,-41,0.073
0ac248164d174b67,8,35,22,60,44,-13,-16,0.069
797ceb5f5c349aa3,8,45,28,75,55,-17,-20,0.076
7f19f703ce236f1e,8,30,18,54,37,-12,-17,0.057
f228a0be21d2b26d,8,39,25,65,49,-14,-16,0.079
ed0ced543dee6479,8,41,25,73,50,-16,-23,0.081
a3cf31259531d86d,8,50,27,83,54,-23,-29,0.088
a241293171cfb666,8,40,23,64,45,-17,-19,0.076
6b9b1b3a6225fa1c,8,34,21,54,40,-13,-14,0.065
a19c2752ea2b01d3,8,53,27,85,53,-26,-32,0.08
7723d20c98911b57,8,44,27,74,52,-17,-22,0.068
22a7d710524bc6f8,8,33,18,56,35,-15,-21,0.076
75f8adb71586f6a4,8,49,27,80,53,-22,-27,0.079
931831772e5f5447,8,37,18,60,36,-19,-24,0.071
0dff5396d92f7cf9,8,44,25,72,48,-19,-24,0.071
46c7542e82bf3b44,8,36,25,60,48,-11,-12,0.074
8e0c0855d627765a,8,43,27,72,52,-16,-20,0.073
cbb2713f64afd780,8,37,22,60,42,-15,-18,0.063
92b288d3b52b2da2,8,30,18,51,35,-12,-16,0.068
9ffc53e8636448b3,8,37,25,63,47,-12,-16,0.078
7098878b63561138,8,44,25,74,48,-19,-26,0.087
5a2ffc2307e5a241,8,53,27,88,53,-26,-35,0.073
a3b532f491b6e723,8,46,21,77,40,-25,-37,0.057
13a471ee8f4b1b24,8,53,25,89,48,-28,-41,0.075
0a349ba3b30732ce,8,48,25,79,48,-23,-31,0.065
db6f436de9df9958,8,40,25,68,48,-15,-20,0.07
96395a837136050c,8,47,27,80,52,-20,-28,0.061
6a690f5ccc0788e4,8,54,27,89,53,-27,-36,0.07
7c1c3da5a6b9ed22,8,51,28,83,54,-23,-29,0.085
56ce97d7250d8eb6,8,38,18,62,36,-20,-26,0.085
251c9fa89244501a,8,45,25,74,48,-20,-26,0.065
66e1e7a8967026b6,8,58,29,97,56,-29,-41,0.076
e125a8d8f5793bd5,8,43,20,73,39,-23,-34,0.075
f3b28a5cb75df759,8,50,27,84,51,-23,-33,0.081
d9073841cbb86dfc,8,57,27,92,53,-30,-39,0.075
2492f1b8a774d94e,8,45,18,72,36,-27,-36,0.057
4d68d2eb3b9ffd70,8,52,25,84,48,-27,-36,0.069
3341db57a4c00203,8,52,28,86,55,-24,-31,0.074
a54a64fdd92153ec,8,43,25,71,49,-18,-22,0.061
d5a055b0e8e3209c,8,50,27,83,53,-23,-30,0.066
e9bb1623a974aae0,8,39,22,65,43,-17,-22,0.076
6ed94a84820f8b90,8,47,28,77,54,-19,-23,0.072
988fe914f97961e7,8,36,18,59,36,-18,-23,0.085
3a4c4b0f8b042121,8,43,25,71,48,-18,-23,0.083
1e259873a846dcc7,8,56,27,92,53,-29,-39,0.089
1877bd21e53b1c7a,8,59,25,96,49,-34,-47,0.064
6a0d468f022dd4d8,8,47,25,78,49,-22,-29,0.066
4cbaf8e09dee89f3,8,54,27,90,53,-27,-37,0.141
e98c789cb37df12b,8,39,20,67,39,-19,-28,0.06
5c2dbb62d9c9cfa4,8,40,17,67,34,-23,-33,0.055
e2cb938838fc48b5,8,43,21,75,40,-22,-35,0.066
497d947afc78b31f,8,38,17,68,33,-21,-35,0.055
b090fdc0c87449f3,8,53,26,89,52,-27,-37,0.064
39369de7e61ec1b1,8,37,17,64,35,-20,-29,0.07
1a48d5eeeae0601c,8,44,24,75,47,-20,-28,0.068
a2b99365542e09f2,8,39,24,68,47,-15,-21,0.059
50809a92855aac45,8,45,26,77,51,-19,-26,0.066
1e147e0d2dda6c1f,8,37,21,64,41,-16,-23,0.063
d580612092e0a4e3,8,31,17,56,34,-14,-22,0.072
2a3362d1d848af52,8,37,24,65,46,-13,-19,0.073
f0e75e2ebee57c85,8,44,27,75,52,-17,-23,0.076
2a29021b4fab170d,8,48,24,84,46,-24,-38,0.065
6a9cc22ee416f31a,8,56,26,96,50,-30,-46,0.073
577d6f993c3d7649,8,47,24,80,48,-23,-32,0.07
8cb3f06f14aa1ec3,8,44,20,77,39,-24,-38,0.059
8ce199574e33f7eb,8,50,24,86,47,-26,-39,0.064
ae5952570e43c422,8,48,24,83,47,-24,-36,0.064
6381b918d7a9bade,8,43,24,75,47,-19,-28,0.061
27f3a460a34db318,8,49,26,83,51,-23,-32,0.068
61d007e685bab0eb,8,55,22,91,43,-33,-48,0.065
370a5f9f8e77c7e3,8,55,24,90,48,-31,-42,0.069
bf0505f0d8f7be23,8,42,19,69,38,-23,-31,0.061
dc9c2ff139df4219,8,48,21,78,42,-27,-36,0.06
6cb822e8855d8e5e,8,33,19,57,37,-14,-20,0.055
868ff42251ca8278,8,41,19,69,38,-22,-31,0.064
018e96745fa1e08c,8,47,22,78,44,-25,-34,0.061
27898d829b32e88c,8,40,21,63,41,-19,-22,0.07
f8e804e58e99a055,8,44,21,73,41,-23,-32,0.068
4bbeab92baa446c3,8,44,22,72,42,-22,-30,0.069
df00e6a9535a8183,8,30,12,53,24,-18,-29,0.057
dbf37ea6a09b2c1f,8,38,19,64,36,-19,-28,0.071
369acb31c4c706e5,8,45,23,74,46,-22,-28,0.067
4854a56a74f8e0ef,8,29,14,49,29,-15,-20,0.076
5275b4493cf5836d,8,37,21,60,41,-16,-19,0.076
a01227eb73328a2e,8,44,22,72,44,-22,-28,0.063
4142d790c214a6a9,8,31,19,53,38,-12,-15,0.073
e25e1dd32b852c2c,8,37,21,62,42,-16,-20,0.086
5f3c6131235399f3,8,29,16,49,32,-13,-17,0.073
845f22d07f4953fc,8,37,22,61,43,-15,-18,0.074
84c1b5793bab57d1,8,23,12,41,25,-11,-16,0.051
9a8f7d66d6e18e67,8,29,19,50,37,-10,-13,0.061
c0e384291e3c74cd,8,48,21,81,41,-27,-40,0.055
4884d5e9060a8814,8,42,19,71,38,-23,-33,0.062
e194d01fa274ef1e,8,41,19,69,38,-22,-31,0.071
402c778fb284c27e,8,49,22,81,44,-27,-37,0.056
a2dfe409bbd2ec8d,8,35,19,62,38,-16,-24,0.052
202d09bf88ce6fdb,8,41,21,71,42,-20,-29,0.059
e431729386c35fb6,8,57,27,91,52,-30,-39,0.068
a1c883e2796fc088,8,49,26,83,47,-23,-36,0.082
8cf2b355740bf1f6,8,47,24,80,46,-23,-34,0.073
e3db8616f2afac49,8,55,21,90,41,-34,-49,0.062
4ce22de2a0eb056f,8,56,24,91,47,-32,-44,0.067
26dac333a2895156,8,47,21,78,41,-26,-37,0.067
e66135112eb33fb4,8,58,24,94,48,-34,-46,0.062
8ee7e1112fe1e455,8,42,20,71,37,-22,-34,0.067
a9d2a921bee629e5,8,44,18,72,36,-26,-36,0.058
7402de5ea37f272f,8,46,23,77,44,-23,-33,0.058
f5b1328482589970,8,45,21,74,42,-24,-32,0.062
6ed3ed20ed737995,8,50,24,82,48,-26,-34,0.065
f4ca4f07c505d89a,8,30,14,53,29,-16,-24,0.059
5ea50d547c9d253d,8,36,20,63,37,-16,-26,0.072
74626a439222ba4c,8,38,18,65,36,-20,-29,0.059
2ff29788c68521a8,8,53,26,89,50,-27,-39,0.068
aa40c0d0f0d9ec9f,8,55,24,91,48,-31,-43,0.07
e47a279719bcd41c,8,61,27,101,54,-34,-47,0.062
904c158b984ffc4f,8,43,17,72,35,-26,-37,0.057
17de29062d40f475,8,49,23,82,43,-26,-39,0.07
fa9f1a1f941e30f1,8,51,21,84,42,-30,-42,0.134
ec329ab6d67f0735,8,57,27,94,53,-30,-41,0.064
7f2cb56fd076f0c4,8,42,24,71,47,-18,-24,0.06
e1d1c6604a6a1329,8,49,26,82,50,-23,-32,0.058
151acef9700eca3b,8,50,24,83,48,-26,-35,0.06
2193e2fe94b22b5e,8,57,27,94,54,-30,-40,0.06
e485c2c07f5615a5,8,34,17,58,35,-17,-23,0.064
44fe41706b2f119e,8,42,23,70,43,-19,-27,0.07
7eaf440e3dfdc380,8,42,21,70,42,-21,-28,0.068
13ea171c82789527,8,50,27,82,53,-23,-29,0.076
e8a949459eac3d06,8,56,27,91,51,-29,-40,0.059
d4b054d184a471ee,8,59,29,97,56,-30,-41,0.078
c6946e0c814365e6,8,57,30,95,57,-27,-38,0.083
3a5e7ac50fd58f62,8,44,20,74,39,-24,-35,0.066
f21bcd2b32b4fb64,8,52,27,85,51,-25,-34,0.074
aebd2bd955e6a16f,8,40,21,67,41,-19,-26,0.059
4e5127a4961315f5,8,56,24,90,46,-32,-44,0.064
9c6222830618b31d,8,58,26,95,51,-32,-44,0.07
d22a52e20407b533,8,56,27,90,52,-29,-38,0.071
237668c25b560e2b,8,40,17,67,34,-23,-33,0.068
4a57f61368a073fa,8,48,24,78,46,-24,-32,0.076
dec5b0196088c4a9,8,39,14,65,29,-25,-36,0.066
572a3a66a2d4f86d,8,39,21,65,42,-18,-23,0.064
8699499c551d5a1e,8,45,23,76,46,-22,-30,0.068
6e8cfdeb21217dab,8,48,24,79,47,-24,-32,0.068
f6f01bdbcd1abb58,8,30,14,51,29,-16,-22,0.066
66e78e846f6d2c14,8,39,21,66,41,-18,-25,0.065
3d1cf6ccd3bd44eb,8,53,24,89,48,-29,-41,0.065
f46ae55a7d91bbe7,8,59,26,99,52,-33,-47,0.069
ad65644a3b2dbe44,8,57,27,94,53,-30,-41,0.068
d93b5f758abdc285,8,45,17,76,35,-28,-41,0.061
9f7c74fd8f19dd74,8,53,24,87,47,-29,-40,0.064
95a6ccf54a386d8a,8,57,27,94,54,-30,-40,0.066
52171ae8d937dbda,8,44,24,75,48,-20,-27,0.064
b690e93e7d095a04,8,52,26,87,52,-26,-35,0.074
f0519fda5b7bf870,8,42,21,70,42,-21,-28,0.072
708eaade2d70dc5d,8,50,27,82,53,-23,-29,0.073
aefebb9795dea22c,8,36,17,62,35,-19,-27,0.071
1b73befa59ac4902,8,44,24,73,47,-20,-26,0.069
2ff67ab35a9ae159,8,62,29,104,56,-33,-48,0.076
0c42e115d123b29b,8,62,26,105,51,-36,-54,0.076
e5cb6885f55eebfd,8,50,23,85,46,-27,-39,0.079
ddfcaa89fb94671b,8,63,26,103,52,-37,-51,0.077
1e519e30a20a7bde,8,57,24,94,48,-33,-46,0.08
8b712b69ab828481,8,53,24,88,48,-29,-40,0.075
cf4ac45f22df82ec,8,60,27,101,54,-33,-47,0.067
160dbbd1c56b0b75,8,48,24,83,48,-24,-35,0.066
e3cd7c00c9cf435b,8,53,26,90,52,-27,-38,0.069
62746704e487cf80,8,55,24,88,48,-31,-40,0.071
a55a2d7624fb43d8,8,39,18,64,36,-21,-28,0.063
70b49af320241a8c,8,48,24,76,47,-24,-29,0.067
04c1ef8380457e6c,8,49,24,81,48,-25,-33,0.066
ed14f0a51759251f,8,41,21,68,42,-20,-26,0.06
1e508508f7710024,8,49,27,80,53,-22,-27,0.075
9b5ba8317d5b6a37,8,43,18,69,36,-25,-33,0.064
712cd8fceb5d3fc2,8,49,24,79,47,-25,-32,0.055
d1bd7037c19b458b,8,41,23,67,44,-18,-23,0.071
90d7f9cf47c201fe,8,42,21,68,42,-21,-26,0.056
619c918f168779ce,8,49,24,79,48,-25,-31,0.059
dfbb82a21dbe3342,8,26,14,43,29,-12,-14,0.055
88e22c425cc7f5da,8,34,20,55,37,-14,-18,0.056
26c54dbd816bb861,8,34,18,55,36,-16,-19,0.134
76d8caf8f82e9c8c,8,42,24,67,47,-18,-20,0.052
a78126af766b685a,8,55,23,88,46,-32,-42,0.066
9937d7d3c56d896a,8,46,21,76,42,-25,-34,0.057
6c8b553b44e04952,8,54,24,88,48,-30,-40,0.078
d310abc962fc48d4,8,32,14,53,29,-18,-24,0.059
75088178207939e2,8,40,21,64,41,-19,-23,0.069
606530e4e90be2bd,8,36,21,60,42,-15,-18,0.067
9d2e4c05ad1df459,8,44,23,72,46,-21,-26,0.058
ed547fd13266fc11,8,34,18,55,36,-16,-19,0.064
093bdadf70bfa1b0,8,42,24,67,47,-18,-20,0.054
a0a6698886144432,8,28,14,47,29,-14,-18,0.071
cf358ecbb91b64a8,8,36,21,58,41,-15,-17,0.063
e072a5763f52e0c1,8,40,21,68,42,-19,-26,0.063
9d264b593d15ee4d,8,48,23,79,46,-25,-33,0.071
2b1a783f72dc1114,8,38,21,64,41,-17,-23,0.062
e0cb266427bc1a54,8,38,23,65,46,-15,-19,0.069
51456d0edb3289f9,8,30,21,54,42,-9,-12,0.067
f8dcd7b63f907e07,8,36,22,60,43,-14,-17,0.052
0e8c6aec2210dec2,8,30,19,52,37,-11,-15,0.057
31feb54a8353e902,8,18,16,34,32,-2,-2,0.049
d3051eb34f0caa93,8,43,21,74,42,-22,-32,0.061
888b4b3bd916b0dd,8,34,21,62,42,-13,-20,0.064
07599d572fb8f2fe,8,42,24,71,47,-18,-24,0.074
0d4d690a2631b269,8,41,24,66,47,-17,-19,0.069
ede2487309e2d821,8,37,20,63,40,-17,-23,0.069
6948f88ff2c98402,8,35,21,58,41,-14,-17,0.073
1ffaec3539d07f9e,8,28,18,49,36,-10,-13,0.067
60195b423c34e16d,8,43,23,74,46,-20,-28,0.075
0eecf72317853321,8,25,18,42,35,-7,-7,0.062
e4794f2cd6ca29ae,8,55,29,91,56,-26,-35,0.077
5d846d3a04a24249,8,44,25,72,49,-19,-23,0.067
e75c09e40192b3ec,8,39,25,65,49,-14,-16,0.074
c28ea62540e06ea5,8,47,27,78,53,-20,-25,0.061
8a8e770a3644544c,8,40,29,68,54,-11,-14,0.061
b3e7982a13f497dc,8,29,20,52,38,-9,-14,0.047
379e7c53ececef45,8,39,24,64,43,-15,-21,0.056
3b21c8b011650305,8,25,21,43,39,-4,-4,0.06
0cc9e294e8503fc3,8,33,24,55,44,-9,-11,0.066
173f9f18a37a6bd4,8,17,16,30,30,-1,0,0.064
f735d1c8c3f06c7f,8,56,29,92,56,-27,-36,0.073
c49c98de9337078a,8,49,27,80,52,-22,-28,0.055
4f6e0586d430ef78,8,43,27,73,52,-16,-21,0.06
80062671e7768b53,8,49,29,83,56,-20,-27,0.076
dfdbf11743d0379a,8,41,24,69,46,-17,-23,0.07
7aa1845b17a226d1,8,34,20,58,39,-14,-19,0.064
d3556832827d7305,8,39,27,66,51,-12,-15,0.073
7a7bfeb1cd6d290b,8,48,25,77,48,-23,-29,0.061
03d98dfc24544eda,8,42,25,69,48,-17,-21,0.053
4fea530e8b71334d,8,48,27,79,51,-21,-28,0.061
cf6c79ac0bd9aa56,8,40,25,65,48,-15,-17,0.059
349e57441daf07cf,8,34,25,58,48,-9,-10,0.056
d7fdbb6583036ba9,8,42,27,70,51,-15,-19,0.065
264fff88568ac6b5,8,31,22,52,42,-9,-10,0.062
8bad069d73bf493b,8,24,18,41,35,-6,-6,0.057
f27db6b641edb962,8,34,25,56,46,-9,-10,0.062
42aefdaf8df90dc6,8,58,25,93,49,-33,-44,0.067
f42bc8cfa135402e,8,42,22,68,40,-20,-28,0.06
3f35ea740ca079fb,8,29,21,50,39,-8,-11,0.055
b6efd44e850fe2b7,8,55,27,90,52,-28,-38,0.071
93c86ababb5aa374,8,47,27,81,52,-20,-29,0.071
23a1c661131d22ec,8,57,29,97,56,-28,-41,0.136
6f2bb3a64045b407,8,55,25,89,47,-30,-42,0.055
1140a4bec5c17a1a,8,43,21,71,40,-22,-31,0.064
8834df61d8c27089,8,51,25,82,47,-26,-35,0.068
f1391c63ebc408ab,8,44,25,73,48,-19,-25,0.062
940985ad669ee15b,8,36,25,61,48,-11,-13,0.055
9024cc318f15f83c,8,46,27,76,51,-19,-25,0.065
1fcb81adac04dca4,8,36,21,59,39,-15,-20,0.065
bde53953a2407c68,8,23,15,40,29,-8,-11,0.048
a65fc6f18c262fa4,8,56,27,92,53,-29,-39,0.066
4478c469f8170016,8,45,24,74,46,-21,-28,0.062
54dfb221a7cf606f,8,32,18,55,36,-14,-19,0.065
ff3b3eccb42e9a0f,8,57,30,93,55,-27,-38,0.06
266aa25e7d2add4b,8,54,30,91,57,-24,-34,0.071
f8a39b9f6b64cae3,8,44,24,74,45,-20,-29,0.068
4122ed8a9e4d57c8,8,51,30,86,56,-21,-30,0.07
1115d5db0cb8f79c,8,56,28,90,52,-28,-38,0.063
41db3ee5b1ac3903,8,49,28,79,51,-21,-28,0.07
13ba371b0bac657d,8,42,25,68,48,-17,-20,0.056
dc95d922e8254f86,8,47,28,78,53,-19,-25,0.062
c43fdc53ce995903,8,27,18,46,34,-9,-12,0.064
30d52ba83cde5139,8,35,22,58,42,-13,-16,0.063
eb690fdda9f389e4,8,43,28,70,52,-15,-18,0.062
5a08d0cf99fb714c,8,73,30,120,58,-43,-62,0.062
6d91cdae2910047d,8,68,30,110,57,-38,-53,0.078
2c31ba36447d6b01,8,63,30,104,58,-33,-46,0.075
f4862aa1549e9200,8,43,20,76,39,-23,-37,0.07
f67871de26403972,8,49,24,85,46,-25,-39,0.069
0436f6b50ad2e353,8,61,30,100,57,-31,-43,0.069
362e170cfb68bf97,8,59,25,95,49,-34,-46,0.081
c9dd5ad96d9f1168,8,65,28,105,55,-37,-50,0.062
f60dd9942448ff4e,8,44,18,72,36,-26,-36,0.063
0f54504f326b4f04,8,52,22,84,43,-30,-41,0.073
430061a0353e08a8,8,58,28,94,54,-30,-40,0.067
5bd6c6f4406cfe9c,8,43,25,71,48,-18,-23,0.071
b48ee733aa2d6a98,8,51,25,83,49,-26,-34,0.062
27169affb885598c,8,56,28,93,55,-28,-38,0.056
8334800194cc6722,8,36,18,61,36,-18,-25,0.07
c7615964b7049cbf,8,44,22,73,43,-22,-30,0.069
0a4d7a92abc21baf,8,52,28,85,54,-24,-31,0.068
aa2670c97f9ee7e7,8,43,21,72,42,-22,-30,0.07
277323ec654917a9,8,60,30,101,57,-30,-44,0.063
a7a6d23f133b5187,8,59,27,95,51,-32,-44,0.066
1901091c601a3800,8,45,25,75,48,-20,-27,0.059
4953b4c2ac5fe563,8,53,28,85,53,-25,-32,0.07
5a8327fb260e0e32,8,78,30,125,58,-48,-67,0.068
03cb788192ae9c61,8,77,29,126,56,-48,-70,0.078
f78409a9593dc422,8,61,27,103,52,-34,-51,0.073
19e08fbed6114cca,8,72,30,119,58,-42,-61,0.074
33ea99c97325bce4,8,74,27,119,53,-47,-66,0.057
45fa26e7b8d2fccf,8,57,25,93,49,-32,-44,0.059
1e2f8d6e6abfa530,8,67,28,106,55,-39,-51,0.069
4968bfa2638a438d,8,60,25,97,49,-35,-48,0.071
d7c68546abe99efb,8,68,27,109,53,-41,-56,0.06
4c6efb8ab1b13f7a,8,45,25,77,48,-20,-29,0.065
ec2162354a130fb2,8,53,25,90,49,-28,-41,0.069
f744415b42ef4546,8,62,28,103,55,-34,-48,0.076
25b375ce85230476,8,43,27,71,51,-16,-20,0.07
557625441bd552cc,8,42,25,67,48,-17,-19,0.07
f53c7acc63857aa2,8,43,27,70,52,-16,-18,0.141
6c10b6b54c65a139,8,28,18,48,35,-10,-13,0.066
0861bdb95bcfc850,8,36,25,59,47,-11,-12,0.065
a89d806b59cbecec,8,40,27,66,51,-13,-15,0.062
ea8a99315b9453a1,8,40,29,69,56,-11,-13,0.072
1d2256b80bfdb3c0,8,35,24,60,46,-11,-14,0.056
a74fbe3ae81bd330,8,42,30,70,57,-12,-13,0.067
689ae581c4ac7e7f,8,32,27,55,51,-5,-4,0.066
67fbcabdf2e291b7,8,41,27,68,52,-14,-16,0.064
6ca41d2b2d1bf2c1,8,33,25,54,47,-8,-7,0.072
33fd6ca78b6b7748,8,27,25,47,48,-2,1,0.06
4219ae52e1191fc1,8,33,27,56,51,-6,-5,0.059
8c101b0efb6c5fe5,8,27,22,46,42,-5,-4,0.059
7d5166f6863e8e38,8,35,28,58,52,-7,-6,0.066
1d1977aac5bf998b,8,19,18,34,35,-1,1,0.049
e1857cef5757f6e6,8,25,25,43,46,0,3,0.061
7ffd5b8fe5942856,8,41,27,68,51,-14,-17,0.055
4db55a5a165da046,8,42,29,71,55,-13,-16,0.058
6fb5c4b42d57fb2b,8,40,30,67,56,-10,-11,0.066
dc8019f291cc2a1e,8,35,27,62,50,-8,-12,0.061
303ddc1469f611b8,8,42,27,69,51,-15,-18,0.062
bb48dcfb4470fda4,8,37,28,61,52,-9,-9,0.06
318fd6a470757893,8,34,25,55,46,-9,-9,0.062
3d21cb7d393e5521,8,36,23,60,45,-13,-15,0.072
567ffa4cb095487e,8,33,24,54,46,-9,-8,0.069
aca7d3dedd531c98,8,20,14,36,29,-6,-7,0.059
44092abb589df435,8,28,21,47,40,-7,-7,0.056
e79edfb7f7e59a17,8,42,29,71,55,-13,-16,0.059
a078edf476df1134,8,39,30,65,56,-9,-9,0.063
f88eab8e17f1bae3,8,29,20,51,39,-9,-12,0.053
d462c2a7c892cd13,8,37,27,62,50,-10,-12,0.055
051c8392dbec315b,8,28,27,51,51,-1,0,0.061
1f343a1769413375,8,34,29,60,54,-5,-6,0.061
2babbf146ead458a,8,28,24,51,45,-4,-6,0.06
712ae6149ddf04fd,8,34,30,59,55,-4,-4,0.074
9f45803cd73ff0b7,8,18,20,34,38,2,4,0.059
dcedf27d625da716,8,28,27,51,49,-1,-2,0.064
fde7f265bf2d627b,8,40,25,65,48,-15,-17,0.053
79e46fb15ce164a4,8,35,24,58,46,-11,-12,0.055
ecfdd4cb08a86fdd,8,24,18,40,34,-6,-6,0.063
a0ecedefb8df7d62,8,32,25,52,47,-7,-5,0.067
c279c82ef9098d1c,8,17,16,29,31,-1,2,0.06
34ae12e539f7af5c,8,25,22,41,41,-3,0,0.055
e8577f174b4058a7,8,32,21,54,42,-11,-12,0.063
4211273cfd4ca698,8,21,17,38,34,-4,-4,0.056
5302f3b6631955c2,8,27,20,47,40,-7,-7,0.055
9f3283e1a571e790,8,18,14,32,28,-4,-4,0.051
c7d77399504bc219,8,24,21,41,41,-3,0,0.068
e5dbd9ecc5df944a,8,11,12,21,25,1,4,0.056
d5090e840ac200ac,8,17,18,30,35,1,5,0.056
2685e6cb139da069,8,44,29,76,56,-15,-20,0.06
8f66e2a99e9e5e11,8,45,28,75,53,-17,-22,0.06
11a7f352f181eb84,8,35,27,60,51,-8,-9,0.053
920608f7920ac679,8,46,29,80,55,-17,-25,0.059
1ad1f0b1037d49db,8,45,24,73,47,-21,-26,0.06
908ef3ef54b995f3,8,31,21,54,42,-10,-12,0.051
153c9d094e1dbc15,8,39,23,65,45,-16,-20,0.06
24f9e85cc16207c1,8,45,30,77,56,-15,-21,0.059
a0c8f5015e374f3f,8,40,29,70,54,-11,-16,0.063
0cfcde8d65b90edc,8,44,25,71,48,-19,-23,0.061
674f469d86e5d22b,8,36,24,59,46,-12,-13,0.071
13241694235cf0cb,8,41,20,69,40,-21,-29,0.077
c4636fb552e732fc,8,28,15,48,30,-13,-18,0.062
c6f376f4231e109f,8,34,18,57,36,-16,-21,0.067
074f4022d8969135,8,30,17,51,34,-13,-17,0.069
0a6fb36d70a66ebd,8,36,21,60,42,-15,-18,0.063
d274f296588853e7,8,22,17,39,34,-5,-5,0.064
c41074923bd72812,8,28,20,48,40,-8,-8,0.063
56d47bab4bc323d3,8,58,30,96,58,-28,-38,0.072
6e846bc01c6335a8,8,43,27,73,50,-16,-23,0.071
14b4eb2c5c5a4b65,8,44,25,72,49,-19,-23,0.062
b835469eeb58c235,8,51,28,85,54,-23,-31,0.082
ebdd8f90315e92bd,8,60,30,102,58,-30,-44,0.072
2afd457e37f51bf2,8,56,28,90,53,-28,-37,0.126
80834e9f1c5edf1a,8,56,27,91,51,-29,-40,0.062
2318bbaff4215354,8,44,27,73,49,-17,-24,0.062
022a34e3dae1a201,8,43,25,72,48,-18,-24,0.064
cc5532f89714b8c7,8,51,28,84,53,-23,-31,0.065
6bfa5001c7c96c2e,8,59,30,97,57,-29,-40,0.064
c42890849a258b80,8,55,29,92,55,-26,-37,0.064
7276fb8b3f2b784b,8,42,29,71,53,-13,-18,0.055
de315ea03147cf13,8,41,27,71,52,-14,-19,0.06
67dc8ef8a4810cde,8,50,30,85,57,-20,-28,0.06
4a6ecdb9cc163d0b,8,54,24,87,46,-30,-41,0.065
be894407ac3e8537,8,40,24,66,44,-16,-22,0.064
a6caf36f98fee345,8,42,21,68,40,-21,-28,0.067
73e912a44482427d,8,48,25,78,48,-23,-30,0.068
edb1202da473b699,8,42,21,69,39,-21,-30,0.064
831dde57318fb850,8,40,21,66,40,-19,-26,0.056
470470ec3db19219,8,50,24,81,46,-26,-35,0.061
00bc784a01bf0530,8,29,21,50,40,-8,-10,0.056
67d359704f092c1a,8,37,24,62,44,-13,-18,0.064
9539011f5fc37e7f,8,35,21,59,40,-14,-19,0.056
6ab31e35b42415c0,8,45,25,74,48,-20,-26,0.078
632671849e98357d,8,32,18,54,36,-14,-18,0.065
d6ec5ea47fbec315,8,32,20,55,39,-12,-16,0.059
121b34d2108ac6bd,8,34,25,58,49,-9,-9,0.067
9f74f7d32c87de39,8,31,22,52,43,-9,-9,0.066
5f577522dcde2fcd,8,41,28,67,53,-13,-14,0.072
908381d7832738ad,8,25,18,43,36,-7,-7,0.058
a4a44cc222bfdb59,8,33,25,55,47,-8,-8,0.06
318bdd8f7c11d295,8,39,28,64,52,-11,-12,0.069
a2d334d7b017edb0,8,24,18,41,35,-6,-6,0.056
31c55ed5ad9cd8a8,8,34,25,56,46,-9,-10,0.071
34a750db86975cc6,8,43,27,73,50,-16,-23,0.058
811321b7b42a51dc,8,39,29,66,55,-10,-11,0.073
0439b6cf74302783,8,39,30,65,56,-9,-9,0.062
77a77083cd9a0b4f,8,24,20,42,39,-4,-3,0.054
5e877c08a98eadfd,8,32,27,54,50,-5,-4,0.059
55dba57bcbfc6b90,8,39,24,65,46,-15,-19,0.059
3b548a9718d8a9b1,8,40,25,64,47,-15,-17,0.063
cfec22455e1d901d,8,25,16,41,31,-9,-10,0.068
257b21f3b48aa3e4,8,33,22,53,41,-11,-12,0.065
46a34a6d2f391809,8,40,25,66,48,-15,-18,0.07
db4495fc21c9b483,8,27,21,47,40,-6,-7,0.064
9046a7cc1eae5629,8,35,24,59,46,-11,-13,0.067
380f0541806a90d5,8,24,18,41,34,-6,-7,0.052
2d6d35d51fa7f098,8,32,25,53,47,-7,-6,0.063
7db4813c99be1c71,8,17,16,30,31,-1,1,0.059
39b5ce4bdf4c3982,8,25,22,42,41,-3,-1,0.058
3e15bfeb0a8ee95b,8,43,27,73,52,-16,-21,0.078
4d36bba964604abb,8,46,27,76,51,-19,-25,0.073
e744fe947932f60c,8,50,29,86,55,-21,-31,0.071
ec39167d2e0e0cdf,8,41,24,68,46,-17,-22,0.059
40827873fd5ad1e4,8,42,22,69,42,-20,-27,0.07
b685e450bc2d840b,8,37,21,62,40,-16,-22,0.058
2854c21de498a0cc,8,45,25,74,48,-20,-26,0.073
aa59197238c3cdba,8,29,21,50,40,-8,-10,0.075
0a7976c04d6a5278,8,37,24,62,46,-13,-16,0.066
95b97d2be45f638f,8,48,27,81,53,-21,-28,0.075
478570b297570ef3,8,38,22,63,44,-16,-19,0.065
a9e42726e08a108b,8,64,30,103,58,-34,-45,0.097
a2d6fddade4c280b,8,52,28,91,54,-24,-37,0.074
4ce0593a9e12ab62,8,63,30,104,58,-33,-46,0.082
15c2aa9e5fd82b0d,8,63,29,106,56,-34,-50,0.126
0c49318d8b0829a6,8,48,29,83,54,-19,-29,0.062
4e8f6568e25a918b,8,59,30,99,58,-29,-41,0.057
ee1c7a2ba43596db,8,46,27,79,50,-19,-29,0.06
9c16ddbdd15ce61c,8,55,28,91,54,-27,-37,0.073
673f706665bc0069,8,45,24,76,44,-21,-32,0.055
0ea59341b0fa7f32,8,47,25,79,48,-22,-31,0.063
38245aa07faf69f0,8,53,27,88,51,-26,-37,0.07
026890e08191d785,8,32,25,58,46,-7,-12,0.056
f07e88f7620c4dc0,8,39,27,70,49,-12,-21,0.055
845b845cf1b39e07,8,41,25,70,48,-16,-22,0.066
3a4a0b460bb4ed3e,8,49,28,83,53,-21,-30,0.061
f53ef71b44038fc0,8,19,14,36,29,-5,-7,0.055
249ae9ebf60569fb,8,32,18,56,35,-14,-21,0.053
678e69d6e593c250,8,40,25,67,47,-15,-20,0.069
ff553d99401320a7,8,36,27,64,52,-9,-12,0.07
825bcd7f247bd84b,8,43,30,73,57,-13,-16,0.072
9715cb61af0283fb,8,27,20,49,39,-7,-10,0.064
157be5b98777c855,8,33,27,58,51,-6,-7,0.065
336776fa3b7b2b09,8,36,25,60,49,-11,-11,0.061
c3e2505a8590018f,8,37,25,63,48,-12,-15,0.056
37f00096035497d6,8,32,25,55,48,-7,-7,0.051
b0fa58fb702581aa,8,38,27,64,51,-11,-13,0.056
d0d86701305c73c5,8,31,22,53,42,-9,-11,0.071
68c5abcc8cbc51e4,8,39,28,65,52,-11,-13,0.063
9d78139d38e4bc4d,8,23,18,41,35,-5,-6,0.056
15dbaf9af29225ea,8,29,25,50,46,-4,-4,0.061
e004ab39af925558,8,51,29,88,56,-22,-32,0.058
becc4657e93709ef,8,41,25,71,48,-16,-23,0.061
1b6268384dfa8a72,8,47,28,82,53,-19,-29,0.064
e75dd0236291cde1,8,34,25,59,48,-9,-11,0.055
39bdfcd39de45b7d,8,42,27,72,51,-15,-21,0.066
38c4bb4514b6a137,8,61,28,104,55,-33,-49,0.06
c615b97f82507dc6,8,68,30,114,58,-38,-56,0.079
9074f87a2c4ee8f9,8,58,27,99,52,-31,-47,0.072
41675ac73406de4e,8,46,25,81,49,-21,-32,0.062
e7f0412f9c1c9aa3,8,55,28,95,54,-27,-41,0.071
6fc81b0f0ef53507,8,72,29,119,56,-43,-63,0.067
aa7ce218ed6e28f3,8,58,27,97,52,-31,-45,0.072
051b4b3ab37d1446,8,68,29,112,56,-39,-56,0.075
c8d49ecc4a0ac977,8,47,27,82,51,-20,-31,0.068
5e9152d41d060bf9,8,53,27,92,52,-26,-40,0.076
c4e9cf6e0622beac,8,61,30,102,58,-31,-44,0.077
b9aa3fe79727846c,8,23,16,41,32,-7,-9,0.057
fc64ee2018aecd7d,8,33,22,56,43,-11,-13,0.059
d7ffa296eb382f4e,8,43,22,72,43,-21,-29,0.062
4cc2655c4d201727,8,51,28,84,54,-23,-30,0.071
a9256e257ee35aeb,8,53,27,88,52,-26,-36,0.068
f8f05c4d2bf13c96,8,41,26,70,47,-15,-23,0.063
ff184ea92e921f8c,8,46,24,78,46,-22,-32,0.062
08a8d8265c648deb,8,50,30,84,57,-20,-27,0.073
be5ed5ef6cda97c2,8,50,25,81,49,-25,-32,0.064
bed55c6bebaf2ee0,8,37,18,61,35,-19,-26,0.06
a3af0a562fd77733,8,45,24,73,43,-21,-30,0.063
c3cf39ff43e14030,8,43,22,70,43,-21,-27,0.061
2609bc1f2261afa2,8,53,28,85,53,-25,-32,0.062
c4aaca0125de5717,8,43,27,72,50,-16,-22,0.052
901b8a6f52ffb1f0,8,44,25,73,49,-19,-24,0.059
08482bf20a1be2c0,8,51,28,84,54,-23,-30,0.063
9feca797aa163130,8,29,18,50,35,-11,-15,0.057
473dc38ea6d903ed,8,37,24,62,43,-13,-19,0.064
a8fdbc2da9ff37fd,8,35,22,59,43,-13,-16,0.059
2b3464cecc3cee89,8,45,28,74,53,-17,-21,0.075
77e46d8126bac720,8,61,30,103,58,-31,-45,0.068
5563ba0ef2ecc0cf,8,63,28,104,54,-35,-50,0.066
dd659bf6670a3589,8,61,27,99,52,-34,-47,0.07
5b8e7750b75ae35e,8,38,25,66,47,-13,-19,0.057
0283957e3853cbe5,8,46,27,77,50,-19,-27,0.118
120e26cd8d5ef19c,8,46,25,76,49,-21,-27,0.073
e8dcb207360b05c5,8,55,28,92,54,-27,-38,0.062
977a4a9e354a7ee8,8,35,22,59,43,-13,-16,0.069
39dfae0c650d3152,8,45,28,74,53,-17,-21,0.064
3b7a225301c47a48,8,29,18,50,36,-11,-14,0.063
05826187c1c153a9,8,37,25,62,47,-12,-15,0.071
b883e82755408241,8,37,25,64,49,-12,-15,0.064
70ec97635e7721e2,8,46,27,79,52,-19,-27,0.076
e570fc30f335f4bc,8,53,25,84,48,-28,-36,0.061
07e6cf26f56e184b,8,50,27,81,51,-23,-30,0.07
7a708493eac6eaa0,8,32,18,53,35,-14,-18,0.061
809e1284bac3c75d,8,52,27,84,51,-25,-33,0.057
b5f5c914a5d3c167,8,50,29,83,56,-21,-27,0.07
51f58e8639e194c0,8,35,20,61,39,-15,-22,0.057
6326739b138d046f,8,43,27,73,51,-16,-22,0.073
67067f9683715976,8,51,27,84,51,-24,-33,0.07
40e98030f31b2047,8,45,25,71,46,-20,-25,0.06
0d917a37f5c8eab4,8,36,25,60,48,-11,-12,0.06
541ebc9c678980f8,8,44,27,72,51,-17,-21,0.06
cdbfb75a6cb9ab4a,8,33,22,54,42,-11,-12,0.061
1e7bed7c2177e6b1,8,28,18,49,35,-10,-14,0.058
53436a30dc8a6afc,8,38,25,62,46,-13,-16,0.064
728162d2f6b44b3a,8,60,29,102,56,-31,-46,0.067
6499b9f5ac4bbfbf,8,53,27,89,51,-26,-38,0.063
03ff451be930ad3f,8,40,25,67,48,-15,-19,0.066
a9f26ec81562e628,8,49,27,80,51,-22,-29,0.067
72c52515e8bc71ee,8,38,21,61,40,-17,-21,0.069
30acf0b22a88add2,8,55,27,91,51,-28,-40,0.069
5f1a21e82d4a8b62,8,52,25,83,48,-27,-35,0.072
2c380fb4979c16b1,8,56,27,91,52,-29,-39,0.072
a41d129c92d2504c,8,40,18,67,35,-22,-32,0.063
ce3b6581b4cefe13,8,49,25,81,47,-24,-34,0.071
a522cded8e689dfc,8,54,27,88,51,-27,-37,0.073
e50361d40b24aaf1,8,54,29,92,56,-25,-36,0.066
c9976ae819bb7376,8,53,30,89,57,-23,-32,0.063
8518b63f04e4bdf9,8,40,20,70,39,-20,-31,0.067
effee122e43b5b6c,8,50,27,84,51,-23,-33,0.078
eeb940bfb8704efe,8,51,27,84,53,-24,-31,0.069
4821a7f35614e7aa,8,37,18,63,36,-19,-27,0.069
c4b0381690051e96,8,45,25,74,48,-20,-26,0.055
1bac7c38f929c975,8,51,28,85,54,-23,-31,0.083
a31eb29ba37a3b51,8,37,25,63,48,-12,-15,0.052
bcf5ee6dc8c82c45,8,43,27,72,52,-16,-20,0.066
2b69927e3baa07f9,8,37,22,63,42,-15,-21,0.068
e8af1a9b6b6d6365,8,45,28,75,53,-17,-22,0.061
6ade56b58349309d,8,28,18,51,35,-10,-16,0.061
1c7292040233ff96,8,41,25,72,47,-16,-25,0.065
1170a5254d85b02b,8,61,29,102,56,-32,-46,0.062
9ea75fd5a5314d15,8,58,28,97,54,-30,-43,0.082
23fc46c113a74fca,8,39,25,70,48,-14,-22,0.073
f32abd1f67253058,8,50,27,85,52,-23,-33,0.069
de60695f638bed8b,8,48,24,80,46,-24,-34,0.069
c05a0473b005f49c,8,49,26,83,52,-23,-31,0.066
f950385e2923d3af,8,36,17,64,35,-19,-29,0.067
d0e5d7a14edbf5f5,8,50,25,85,48,-25,-37,0.066
700ae32ba82de851,8,68,29,112,56,-39,-56,0.07
ebd9172349aef198,8,51,20,86,39,-31,-47,0.064
4a3b1463d97b677c,8,59,27,97,51,-32,-46,0.072
ac96d02613abeb22,8,51,27,88,53,-24,-35,0.064
afb67df71a0498ea,8,37,18,66,36,-19,-30,0.134
93475f6b768cb7d4,8,42,25,74,48,-17,-26,0.065
c0982e757f56d221,8,68,29,113,56,-39,-57,0.061
d378e398bfc07f67,8,56,20,94,39,-36,-55,0.056
5891a21582344322,8,54,27,92,52,-27,-40,0.08
911c9ad40aa6ed6b,8,62,29,104,56,-33,-48,0.07
106df74e440887b8,8,53,24,89,46,-29,-43,0.077
d337a45c9619e7fe,8,47,20,81,39,-27,-42,0.072
bd645d7489f97a27,8,55,27,92,51,-28,-41,0.073
926c10d931002387,8,57,27,98,53,-30,-45,0.071
aa4b73dd29ca9c7f,8,59,27,99,52,-32,-47,0.071
ddbc108bf2c84b25,8,65,29,110,56,-36,-54,0.064
d6080fbe47adc47d,8,50,24,80,46,-26,-34,0.068
91f49b91cbd2f5ff,8,67,30,110,57,-37,-53,0.071
2e330ab46fc14881,8,68,28,107,54,-40,-53,0.063
9752b9e124ecf3e8,8,66,28,106,55,-38,-51,0.066
a469a683a23c2e77,8,60,28,96,54,-32,-42,0.071
a2a183eb2829e84b,8,68,30,111,57,-38,-54,0.081
b6726e32ffdd8efa,8,62,30,104,58,-32,-46,0.075
50607d563d746d1b,8,60,30,100,57,-30,-43,0.071
1c1e9f269186271b,8,63,28,103,55,-35,-48,0.063
490e91b9d6c09e41,8,57,28,93,54,-29,-39,0.073
10995b7acbf9f6bc,8,49,25,80,49,-24,-31,0.069
a75e966a8f8b8990,8,54,28,90,55,-26,-35,0.079
579ec18633fd21d4,8,34,18,58,36,-16,-22,0.076
690dbd334c5ebd26,8,42,22,70,43,-20,-27,0.072
169cebd0e3cc990a,8,50,28,82,54,-22,-28,0.059
6a3e90245150941b,8,70,28,112,55,-42,-57,0.078
8ddb754a4d10ede0,8,73,30,119,58,-43,-61,0.066
97a71f4549458941,8,70,28,111,55,-42,-56,0.06
0ad68d99006e3449,8,66,27,107,53,-39,-54,0.078
34534ae7c29b83b4,8,63,28,106,55,-35,-51,0.079
c55384852e136e81,8,44,18,73,36,-26,-37,0.063
8d30e30b08f4306f,8,47,20,81,39,-27,-42,0.06
e0b380183946d30a,8,45,18,75,36,-27,-39,0.061
c09a91460f81a6e6,8,43,25,73,49,-18,-24,0.064
772d3f259f298e64,8,51,27,85,53,-24,-32,0.08
ed1986e1c487a576,8,42,22,70,43,-20,-27,0.063
2156b90e7e16bb29,8,50,28,82,54,-22,-28,0.063
7802789ca96e31d1,8,36,18,62,36,-18,-26,0.057
30ffbab908456cba,8,44,25,73,48,-19,-25,0.064
317006101eea45d0,8,59,27,98,53,-32,-45,0.069
f9747542edde4854,8,44,24,77,46,-20,-31,0.06
0f321d9b05137f0d,8,43,27,74,53,-16,-21,0.068
01a753e5a2056e6d,8,50,28,82,54,-22,-28,0.072
c455f01e508022e2,8,44,25,73,48,-19,-25,0.069
9a44cd61bb70e0aa,8,38,22,65,43,-16,-22,0.062
d862357928416180,8,53,27,90,53,-26,-37,0.067
936fdd16baa54abf,8,77,25,125,49,-52,-76,0.06
62455798ce3be2a2,8,83,27,135,53,-56,-82,0.07
90e65be5eab20362,8,84,25,135,49,-59,-86,0.072
6610604d0a0d6f68,8,75,25,124,49,-50,-75,0.062
f69c53a30e05f472,8,83,28,135,55,-55,-80,0.086
0a70919d749a0494,8,71,25,119,49,-46,-70,0.066
dccee88683413ad1,8,81,27,134,53,-54,-81,0.064
3e5244a9332665fc,8,35,21,61,40,-14,-21,0.06
9b2b81be8bf93b24,8,42,27,71,50,-15,-21,0.069
38687d9c875c1a25,8,51,27,85,53,-24,-32,0.076
757e8caab0be9bcc,8,30,24,53,46,-6,-7,0.064
834e9bde7a728d93,8,37,30,64,56,-7,-8,0.064
887fdbac8a7ba532,8,21,20,40,37,-1,-3,0.058
0106871a65b631d0,8,27,26,49,45,-1,-4,0.11
e3682a37aafe9b99,8,29,24,52,45,-5,-7,0.062
d6520684e3fcc720,8,37,30,64,55,-7,-9,0.067
6bac36a02653cf7b,8,42,26,72,47,-16,-25,0.058
5e4d8610a3978c36,8,40,24,69,46,-16,-23,0.061
7c69d70334064ab1,8,50,30,85,57,-20,-28,0.069
afdfcebb37b2a9fb,8,34,27,61,51,-7,-10,0.055
eef59bcf21dc6c71,8,41,29,72,54,-12,-18,0.058
464305ba50058869,8,29,20,53,39,-9,-14,0.066
d2ba6cbd60f9b911,8,34,26,61,47,-8,-14,0.062
1f6d5953c381110d,8,41,24,71,46,-17,-25,0.055
b7e8a1e69a16cf48,8,47,30,80,57,-17,-23,0.064
f8ecd1e3a349ef98,8,42,24,71,46,-18,-25,0.059
43f6fa779d8898f6,8,50,30,83,57,-20,-26,0.062
19243c668fad1a7e,8,43,29,74,53,-14,-21,0.061
e38e2fb048b16aca,8,31,20,54,38,-11,-16,0.056
7a2235eb07879114,8,38,26,65,46,-12,-19,0.069
dd73a58319f269cb,8,39,24,66,45,-15,-21,0.072
e3cbeee779ea894e,8,47,30,78,56,-17,-22,0.06
5ea102eb62757835,8,43,20,73,39,-23,-34,0.073
6495f54d9abdac6f,8,46,26,79,47,-20,-32,0.067
72980054679f0d54,8,52,24,88,46,-28,-42,0.072
73bb6645b64ae0c3,8,60,30,99,57,-30,-42,0.069
155b70c1822d20ac,8,43,27,74,51,-16,-23,0.058
4628f45ece210d5c,8,47,29,84,54,-18,-30,0.054
fb0d99a033eb9ecf,8,39,20,68,39,-19,-29,0.065
0bf6ed4c25f93d7d,8,40,26,73,47,-14,-26,0.062
5e8e5862022b7fa9,8,46,24,79,46,-22,-33,0.069
4af87319221ac405,8,52,30,88,57,-22,-31,0.068
2e889fb738120128,8,37,24,66,47,-13,-19,0.055
93c076045a4c9bac,8,38,27,68,52,-11,-16,0.066
3d161bb3f6ea25b6,8,46,29,80,56,-17,-24,0.057
fa70129158b28753,8,44,30,76,57,-14,-19,0.072
ac1e8e6066cbec33,8,39,30,69,56,-9,-13,0.065
1b657f9516dcadba,8,53,29,91,56,-24,-35,0.065
fea7811a79ea209d,8,62,30,101,57,-32,-44,0.067
6665cadb9831e366,8,42,20,73,39,-22,-34,0.063
edff02117f89ac44,8,48,27,82,51,-21,-31,0.07
d2a1ba0c49b262b1,8,46,27,79,52,-19,-27,0.066
fc5b87b23aa1ca30,8,51,29,91,56,-22,-35,0.075
5cd2bc92d75b9b39,8,45,24,79,46,-21,-33,0.061
697e9435fa24dcad,8,47,30,83,57,-17,-26,0.068
f5b873da8da29b87,8,38,20,69,39,-18,-30,0.066
e7998ee88c31f372,8,48,27,84,51,-21,-33,0.067
d8baf9eaaa90b003,8,39,24,68,47,-15,-21,0.069
3e4bd844edf9d85c,8,54,21,90,41,-33,-49,0.073
e24de57f0d6625f9,8,48,21,80,42,-27,-38,0.064
467cd1e88bee4cf9,8,54,23,89,46,-31,-43,0.066
f8595ee41e760b5a,8,54,24,92,47,-30,-45,0.068
38c03344d508ba52,8,43,14,72,29,-29,-43,0.068
711d496cbe991e29,8,48,21,82,41,-27,-41,0.065
69ad477b30e2b593,8,55,27,92,51,-28,-41,0.065
c0fe6a828692744d,8,48,20,81,39,-28,-42,0.074
a0b89182bb90bfec,8,47,27,81,51,-20,-30,0.063
c9423767da9c7e53,8,70,25,114,49,-45,-65,0.057
dad27f45a515a790,8,74,27,123,53,-47,-70,0.08
68ce1d601d2af993,8,73,28,117,54,-45,-63,0.071
8fcff560fbb559f6,8,64,18,104,36,-46,-68,0.07
bed31382aee29024,8,64,25,105,48,-39,-57,0.061
27082e773c15de88,8,64,25,105,49,-39,-56,0.129
ce15e0f35b5d1fbe,8,63,25,104,49,-38,-55,0.065
7e728c74c729cb59,8,61,27,102,53,-34,-49,0.07
e087cdec187d25bf,8,62,22,102,43,-40,-59,0.064
ce3b186cfcad94df,8,65,28,106,54,-37,-52,0.068
e0bfc4b630669dd7,8,56,18,93,36,-38,-57,0.058
9d413f49259e28dc,8,62,25,102,48,-37,-54,0.072
306b0b0651b5cf65,8,53,21,88,42,-32,-46,0.067
f9d650e99e72a3db,8,62,23,104,46,-39,-58,0.073
1422234e0df31c38,8,72,25,119,49,-47,-70,0.061
f0b93c2eedeac1bb,8,76,27,126,53,-49,-73,0.072
815644f0fa65fb82,8,67,25,113,49,-42,-64,0.079
7fdba216b3a0730e,8,70,27,118,53,-43,-65,0.064
f29f872d01103727,8,59,27,97,53,-32,-44,0.06
7f9dbf6a7a0ce3f9,8,36,24,63,46,-12,-17,0.058
725d2ebd7b58e798,8,42,30,72,56,-12,-16,0.072
5b6185477f0d48eb,8,61,30,99,57,-31,-42,0.07
82378807927fde2b,8,39,26,67,47,-13,-20,0.062
6060afd42558cb48,8,47,24,79,46,-23,-33,0.073
7911454c25c74121,8,55,30,91,57,-25,-34,0.073
d5961300e842d60e,8,55,26,95,47,-29,-48,0.078
0e134fc0962e0848,8,60,24,99,46,-36,-53,0.076
990016e4ded09dad,8,66,30,109,57,-36,-52,0.066
f2d92275af10545a,8,47,27,81,51,-20,-30,0.06
aea8aae368eccb40,8,54,29,95,54,-25,-41,0.066
113f52e88c378195,8,43,20,74,39,-23,-35,0.057
6f5657142f6acfbb,8,45,26,80,47,-19,-33,0.068
a11cb49fc712b927,8,52,24,88,46,-28,-42,0.067
eec8825d2a4d791d,8,57,30,97,57,-27,-40,0.076
343cdef80c52a457,8,41,20,71,39,-21,-32,0.065
5e048fa3adaf61f8,8,43,27,75,51,-16,-24,0.056
e90a286c5b7e8956,8,53,20,89,39,-33,-50,0.061
0311ffe4c01bbab7,8,56,27,94,51,-29,-43,0.065
a3fd079221f48a28,8,54,27,93,52,-27,-41,0.073
1cff2f750cca40da,8,58,29,100,56,-29,-44,0.075
461e96aa1aa3ac41,8,53,24,90,46,-29,-44,0.078
619d961f1f04ab4f,8,62,30,102,57,-32,-45,0.075
c781a091af3be643,8,47,20,82,39,-27,-43,0.073
d479bb2972f0222d,8,55,27,93,51,-28,-42,0.079
752426eeacd63fbe,8,57,27,100,52,-30,-48,0.074
aac49c4dabcb72a2,8,66,29,112,56,-37,-56,0.062
4d55e1a481250fcd,8,54,29,91,56,-25,-35,0.077
1fa5445407b7b568,8,72,29,120,56,-43,-64,0.077
9546a6d12c56ea2f,8,68,29,113,56,-39,-57,0.066
47441832feefef28,8,64,29,109,56,-35,-53,0.068
4bbb2dd81861806f,8,80,27,128,53,-53,-75,0.066
4ad1f07fa860ab3d,8,77,27,126,53,-50,-73,0.071
bfa01e5ba9fa8a15,8,77,27,128,53,-50,-75,0.144
7dc8dd9a307dccb3,8,74,27,122,53,-47,-69,0.064
c6cb8637fd2fc655,8,28,23,53,43,-5,-10,0.064
da49cdab5ba225ad,8,42,26,73,49,-16,-24,0.068
9fdcd473e0b0a6c4,8,40,26,72,49,-14,-23,0.053
328a36b7a53d3cd0,8,34,26,61,49,-8,-12,0.059
b187a89518d7e480,8,58,29,97,56,-29,-41,0.076
6a0f1cc7621ff55f,8,51,29,87,56,-22,-31,0.068
1428191f61e36ece,8,56,29,96,55,-27,-41,0.062
feb147691c953a19,8,55,30,93,57,-25,-36,0.062
641b50d882879292,8,51,29,88,55,-22,-33,0.059
eec15d5c8178c4cd,8,48,29,83,55,-19,-28,0.07
8cea6d61f485f0da,8,44,29,80,55,-15,-25,0.07
a2a8f2de539e9bc2,8,41,23,70,45,-18,-25,0.062
91b285869f0da516,8,39,26,68,52,-13,-16,0.06
50428725889796a7,8,55,23,93,46,-32,-47,0.078
65002282ed6a55d0,8,54,23,91,46,-31,-45,0.063
a712dd6cfca64755,8,49,23,85,46,-26,-39,0.058
b761a092073cd809,8,42,29,76,56,-13,-20,0.065
cd537a94e7bfb713,8,58,27,99,53,-31,-46,0.073
c95fb3ac8cd000f4,8,60,27,103,52,-33,-51,0.071
1988c673b19c8649,8,55,27,95,52,-28,-43,0.074
f8968d00ebc50b4d,8,53,27,91,52,-26,-39,0.063
2a35125226ef719e,8,59,29,97,56,-30,-41,0.07
dc274284fe4cb376,8,57,29,96,56,-28,-40,0.077
cdaa98f04b530fcf,8,53,29,92,56,-24,-36,0.07
1cfb28ec72ad3856,8,51,29,90,56,-22,-34,0.064
c512550633e4cf3b,8,67,27,111,53,-40,-58,0.075
4d221ac0f5488c72,8,69,27,117,53,-42,-64,0.072
009978c257720451,8,62,27,105,53,-35,-52,0.064
38df8a4420fc909d,8,74,27,125,52,-47,-73,0.071
00a2ebc596bfc6e4,8,71,28,117,54,-43,-63,0.075
714ed6133bf955eb,8,68,27,115,52,-41,-63,0.068
a7df87cb89f7e8bc,8,62,27,107,52,-35,-55,0.068
4a55bde022424ca9,8,56,27,96,52,-29,-44,0.061
a9402f003ad78c9f,8,35,23,61,43,-12,-18,0.054
2420b2c5ea33be0d,8,36,23,59,45,-13,-14,0.06
267b67e1c399552e,8,37,19,63,39,-18,-24,0.058
82b33c0288b8cf88,8,44,23,76,46,-21,-30,0.061
28631ac57dc36410,8,38,26,65,49,-12,-16,0.067
86009a05b9f938a3,8,25,22,45,41,-3,-4,0.059
568cdc4ad22f21c9,8,37,30,64,55,-7,-9,0.06
ca4804bd05d273a5,8,34,26,61,48,-8,-13,0.053
5fe672ae146f032b,8,33,22,59,43,-11,-16,0.062
ec960e0c5787c046,8,47,30,81,57,-17,-24,0.058
feb9b6f5e7e44c80,8,44,26,76,50,-18,-26,0.071
162b3e4ff1a8f6fc,8,45,29,77,54,-16,-23,0.073
993ebd803a577c34,8,36,29,64,54,-7,-10,0.055
3042feec03d11733,8,34,26,61,47,-8,-14,0.063
a87d8d4166d6dd97,8,28,22,52,43,-6,-9,0.061
8fed332346dc40b2,8,43,30,74,57,-13,-17,0.059
bbc1eddcc34a48bb,8,42,26,74,50,-16,-24,0.068
9dfcb23c880684d5,8,36,22,63,43,-14,-20,0.062
33150c4c78e473ab,8,53,30,87,57,-23,-30,0.063
efa58e50f6430f88,8,44,26,75,50,-18,-25,0.072
e38cc5874c34e6da,8,38,26,65,46,-12,-19,0.056
619a83fda3bb1dd8,8,33,22,58,42,-11,-16,0.058
59a4f988410d61e4,8,45,30,76,56,-15,-20,0.06
f685dc79cbd07291,8,42,26,72,49,-16,-23,0.059
490fa09f29cde454,8,52,26,86,47,-26,-39,0.068
89bba499d502f026,8,44,22,77,43,-22,-34,0.061
21b12d7c2b3b4839,8,56,30,93,57,-26,-36,0.067
81eeed3a75c0e68e,8,53,26,90,50,-27,-40,0.08
1cc18e1f590f2c31,8,54,29,90,54,-25,-36,0.074
bb334ed8b66fcdce,8,44,29,75,54,-15,-21,0.061
e573388faef4e21a,8,44,26,76,47,-18,-29,0.06
7cd327adaedcadfd,8,39,22,70,43,-17,-27,0.058
32eea99c4e79a1c6,8,50,30,84,57,-20,-27,0.071
de94f55bf18b7d95,8,50,26,86,50,-24,-36,0.07
fb6aa7af35f67632,8,40,29,73,56,-11,-17,0.127
7dffa31b923fe2c8,8,37,26,65,50,-11,-15,0.056
d63eee2369b9fdb8,8,42,27,74,51,-15,-23,0.058
b95ec8abf0e9ce62,8,31,24,57,46,-7,-11,0.05
33bf0ccc13ce565a,8,41,29,72,55,-12,-17,0.059
f2c7d8420e2cbb23,8,43,26,74,49,-17,-25,0.063
8f4303d2d528d58e,8,39,27,67,50,-12,-17,0.064
d636d93e4d305761,8,37,24,65,45,-13,-20,0.063
a5539b78ff6e7bb1,8,48,29,83,56,-19,-27,0.064
0b84cec420a12c27,8,53,27,89,51,-26,-38,0.067
0020fc0646f41d2c,8,43,24,75,46,-19,-29,0.079
625e6af900c341cc,8,52,29,87,56,-23,-31,0.078
324763adca1955fe,8,50,29,85,56,-21,-29,0.068
6e92642305b6145f,8,46,29,80,56,-17,-24,0.07
9c591411713e7fe8,8,51,30,87,57,-21,-30,0.074
9b8f6816f82fae70,8,50,26,85,50,-24,-35,0.068
511dd8f64f6332e9,8,44,27,75,51,-17,-24,0.071
857baf615dd4b70b,8,42,24,75,46,-18,-29,0.066
3e9627162776a543,8,45,29,80,56,-16,-24,0.064
d7e14e77dd5c3d95,8,41,29,73,55,-12,-18,0.064
85aef3815e54a41b,8,58,29,99,56,-29,-43,0.064
2cd92e1d60e22ba5,8,61,29,104,56,-32,-48,0.069
0e140569462960af,8,57,29,100,56,-28,-44,0.062
d34de99f3b9f8635,8,55,29,98,56,-26,-42,0.06
a6dd916f7463f219,8,35,23,61,43,-12,-18,0.059
4f9aa432ea6f310a,8,52,23,85,46,-29,-39,0.06
6062c4d35283f0c5,8,42,23,71,46,-19,-25,0.061
1ec22bc71450d50f,8,52,16,85,33,-36,-52,0.054
9bfb5f12de9f2f85,8,64,24,103,47,-40,-56,0.058
f64bd628d3d8da77,8,60,20,97,40,-40,-57,0.074
99b0e5a5340cd54e,8,47,23,79,44,-24,-35,0.066
b4c07ef892603682,8,50,20,83,37,-30,-46,0.07
59fc16c9d3b44b20,8,42,16,71,33,-26,-38,0.065
044d43821b341fe6,8,56,24,94,47,-32,-47,0.062
99298971f1146550,8,50,20,83,40,-30,-43,0.066
f2cc83d2b14d4c42,8,55,26,90,50,-29,-40,0.068
349545bc71c668ce,8,41,22,72,43,-19,-29,0.052
684f60316c5320c5,8,49,26,83,50,-23,-33,0.067
045926a48b4f8fee,8,64,26,105,50,-38,-55,0.072
c0c52db13d421afc,8,41,22,69,43,-19,-26,0.07
5c6206193fa09b6f,8,59,30,100,57,-29,-43,0.075
90926ece1841bae1,8,50,26,84,50,-24,-34,0.068
e3f8c1eb890fbc69,8,69,27,114,51,-42,-63,0.066
831d08126b769042,8,63,20,105,40,-43,-65,0.071
d8d201c4513aa6ca,8,75,28,120,54,-47,-66,0.073
9a4c5d1b037e2103,8,71,24,118,47,-47,-71,0.079
28513ba0ee184ed0,8,66,27,109,51,-39,-58,0.068
79f354b9186c0ebb,8,61,27,101,51,-34,-50,0.068
b6d6a35fe55ebbef,8,60,24,102,44,-36,-58,0.061
8dba3c69f748b20a,8,54,20,93,40,-34,-53,0.069
806a28e95e0552da,8,67,28,112,54,-39,-58,0.076
e1ba6977da4b7a78,8,62,24,103,47,-38,-56,0.074
8eef6e18ea4f5747,8,50,23,83,46,-27,-37,0.063
d658eda6cce914f2,8,50,20,83,40,-30,-43,0.063
c3131fbb76563a4a,8,51,21,85,41,-30,-44,0.063
34147e6d84872a99,8,45,18,75,36,-27,-39,0.071
ecce6f1788d63172,8,50,26,85,50,-24,-35,0.059
44eb3e8e4e14591c,8,46,24,77,46,-22,-31,0.063
5b62a0075ae3f309,8,69,27,115,53,-42,-62,0.07
549a761b5262cd4b,8,67,24,108,47,-43,-61,0.069
15fd19a31a9891e9,8,65,25,107,48,-40,-59,0.066
51abc770198d7090,8,66,22,109,43,-44,-66,0.069
128655b4cd9ca1b9,8,65,27,108,53,-38,-55,0.076
8e3c2597290070a9,8,55,27,93,53,-28,-40,0.069
a46c61ac5caa1993,8,70,28,114,54,-42,-60,0.068
e57d81d76149ccc6,8,59,24,97,47,-35,-50,0.058
6cbc1a9cd5b74b33,8,59,25,100,48,-34,-52,0.072
626f9c41712eae2c,8,58,22,98,43,-36,-55,0.064
bfa939f0a6101f72,8,55,23,91,46,-32,-45,0.064
6d6bea901a31121a,8,72,27,119,53,-45,-66,0.076
c6679e825873875c,8,69,27,118,53,-42,-65,0.137
e2b4a82fd9dd1896,8,69,27,116,53,-42,-63,0.069
bcc508f9dfbf7a24,8,57,27,93,53,-30,-40,0.066
757dbf54f29bc3cb,8,53,23,88,46,-30,-42,0.071
5ebd0560b9d534b0,8,42,30,72,56,-12,-16,0.068
9a05b8f281009687,8,52,30,88,57,-22,-31,0.075
b3e42bafc678e31c,8,48,26,83,50,-22,-33,0.067
9c02479d3d949a7b,8,58,26,96,47,-32,-49,0.061
088244a65119244c,8,53,22,90,43,-31,-47,0.052
902af2b2aa930176,8,68,30,112,57,-38,-55,0.063
3f1be0442d375033,8,65,26,107,50,-39,-57,0.067
8d10873ac0afa21c,8,60,29,100,54,-31,-46,0.072
347f980baf98826e,8,52,29,89,54,-23,-35,0.082
f979e24edcd92e0d,8,52,26,88,47,-26,-41,0.061
fd92f15d5e13d33f,8,45,22,78,43,-23,-35,0.062
bb675dd44d98df86,8,60,30,101,57,-30,-44,0.067
607219c3c3778978,8,50,26,83,50,-24,-33,0.065
d93ae25289a2f003,8,54,24,92,46,-30,-46,0.057
f4288d8b8808e04e,8,60,29,101,56,-31,-45,0.057
85867a074f95ac43,8,53,29,91,56,-24,-35,0.073
91f87f8a2fea6838,8,56,26,95,50,-30,-45,0.077
445ee6681e65c3da,8,48,27,84,51,-21,-33,0.074
f3adb1215fc512d3,8,47,24,82,46,-23,-36,0.075
685fb36eaea3ef9d,8,59,29,103,56,-30,-47,0.076
b2361b78c9377910,8,60,29,102,56,-31,-46,0.077
366b28ae9adc9c9f,8,54,29,92,56,-25,-36,0.08
b4ed38c9ba024335,8,52,27,87,52,-25,-35,0.067
fe0a545296510e88,8,44,29,74,56,-15,-18,0.07
3e4f6a8f1edc8292,8,35,25,60,46,-10,-14,0.07
786a197c2d81a625,8,30,27,52,51,-3,-1,0.065
f12319fbefa1dfde,8,48,25,79,48,-23,-31,0.068
c8dc7449b608dbe3,8,41,25,69,48,-16,-21,0.067
ea9f630c41bfdbc8,8,46,28,78,54,-18,-24,0.066
22c411a58e679271,8,40,27,67,52,-13,-15,0.06
9f763bbf120c123e,8,35,27,61,52,-8,-9,0.055
876fab510bc2574d,8,48,23,80,46,-25,-34,0.06
c96d5bc3a77ce257,8,49,24,80,48,-25,-32,0.054
8a9ce9ff74003cb0,8,43,23,73,46,-20,-27,0.069
a3c1caa9fd84b292,8,48,26,81,51,-22,-30,0.071
2cd3841896be569a,8,53,27,88,53,-26,-35,0.077
7ff5b0431fd715d9,8,44,26,75,51,-18,-24,0.055
c4d860f823cd1b26,8,37,22,61,41,-15,-20,0.065
b9a2ac8fa102ee2f,8,29,21,51,39,-8,-12,0.055
16efaec3f6b36668,8,36,20,60,37,-16,-23,0.062
a6f2b881d755ff29,8,49,23,79,45,-26,-34,0.064
f6bcb4d334ae5ea2,8,44,23,71,45,-21,-26,0.057
2564da3113cc8c3a,8,37,23,61,43,-14,-18,0.057
f3f6deaa767712db,8,25,23,45,43,-2,-2,0.069
d9d91468f0f86928,8,38,24,65,47,-14,-18,0.054
eec2633684420a93,8,31,23,49,45,-8,-4,0.071
b6c499dd350954ac,8,38,21,67,42,-17,-25,0.066
8c08d06e9c003f4c,8,33,23,55,46,-10,-9,0.064
f77bc54cf6e69066,8,35,20,58,40,-15,-18,0.062
bdd4f155c0743e3a,8,31,21,53,41,-10,-12,0.073
8e0537f64e248617,8,27,18,46,36,-9,-10,0.07
dc309b607ce194e2,8,36,26,62,51,-10,-11,0.064
1736b1bed1642b9a,8,38,23,67,45,-15,-22,0.052
e8482ec94b445e59,8,31,24,53,46,-7,-7,0.068
9dd083f0b2cd4c0b,8,29,21,49,41,-8,-8,0.06
dc6517a2d7569db2,8,18,19,31,34,1,3,0.066
be8d989b6b4bbb1b,8,12,16,23,29,4,6,0.063
ee2903e0b4c37f76,8,35,23,57,45,-12,-12,0.053
a1e3de8dc9533247,8,35,23,57,45,-12,-12,0.061
9a0c546a53b0dd43,8,27,23,47,45,-4,-2,0.119
b28a8a3f9786c2cc,8,32,24,51,46,-8,-5,0.052
6c5b079c743a653a,8,30,20,52,39,-10,-13,0.052
f1d29b782990e756,8,24,21,40,40,-3,0,0.05
f95fa938118768ae,8,22,18,38,35,-4,-3,0.052
9b82dcfe6d8b6f7a,8,37,23,65,46,-14,-19,0.057
8f6f13d2e03be353,8,40,26,69,51,-14,-18,0.063
e1938dcfff0a3966,8,32,21,56,41,-11,-15,0.057
9d7247a69017d70c,8,31,23,49,45,-8,-4,0.057
11988dea4be0f48c,8,31,23,53,45,-8,-8,0.069
a7a1b1f689916bd3,8,33,23,57,45,-10,-12,0.063
6f6ac497d9cf6439,8,23,20,41,39,-3,-2,0.059
b722b463338f9964,8,33,22,56,43,-11,-13,0.056
6c5936ef153ca34b,8,49,30,79,57,-19,-22,0.057
4c5cf311cbf4e61b,8,41,29,68,53,-12,-15,0.067
359f8eb7ed1dcde8,8,35,26,59,47,-9,-12,0.062
869249d727afbb34,8,27,22,48,43,-5,-5,0.061
92e6d42fbf60e548,8,43,30,71,57,-13,-14,0.069
b3aef9e2cb3b6df0,8,35,20,61,40,-15,-21,0.064
648f8ad83b982998,8,23,16,43,33,-7,-10,0.063
fd5946a78e7e7e40,8,37,24,64,47,-13,-17,0.062
fdd4163b46abd451,8,30,20,54,40,-10,-14,0.061
c698b43184356ffc,8,22,16,38,32,-6,-6,0.059
4aaf5228238c0f7d,8,36,24,59,46,-12,-13,0.069
44cb1946efd59863,8,27,20,48,39,-7,-9,0.058
5edff138f6bb9dd7,8,22,20,39,36,-2,-3,0.076
2b0c1e54740c5f59,8,16,16,30,32,0,2,0.06
a1936fedae6e52db,8,30,24,51,46,-6,-5,0.063
795bffc13f094c35,8,20,20,36,39,0,3,0.057
3d287efb58ee09fd,8,48,27,79,53,-21,-26,0.055
dd94c1f34c910ec5,8,32,23,54,42,-9,-12,0.054
237734c39f425f85,8,28,19,49,38,-9,-11,0.052
c14be5b01f70d7dc,8,40,27,66,52,-13,-14,0.065
f2a8bfb0950e0d9f,8,33,23,57,45,-10,-12,0.069
d97c0556e26e9e6a,8,35,26,60,47,-9,-13,0.062
b9904e430b1426db,8,43,27,72,52,-16,-20,0.059
59afe2728bfc223d,8,26,23,46,41,-3,-5,0.056
21c5cc0df42dc22e,8,20,19,37,37,-1,0,0.056
120228f59d9fc26e,8,32,27,55,51,-5,-4,0.059
4af96fa99bd63cff,8,28,23,49,44,-5,-5,0.061
0a50d000327cae19,8,52,29,87,56,-23,-31,0.071
355adac84ace28f2,8,54,30,88,58,-24,-30,0.071
82ecd61238faf45d,8,45,29,78,56,-16,-22,0.063
df7a47811334331a,8,38,23,66,45,-15,-21,0.067
5e1f772db77a277c,8,27,23,47,43,-4,-4,0.053
06bd45a7073721d5,8,37,24,64,47,-13,-17,0.058
ff718cd97e7535ed,8,33,23,59,45,-10,-14,0.048
0be268aa44aac5e8,8,50,26,84,51,-24,-33,0.074
6e0259eba62f03ed,8,51,27,84,53,-24,-31,0.063
044c591820752cd8,8,47,26,80,51,-21,-29,0.065
6347fbb728fa47ae,8,36,23,63,41,-13,-22,0.067
ccfe5ba3ef5c9f46,8,49,26,83,50,-23,-33,0.062
f0d3facc40d7d4d3,8,42,26,72,50,-16,-22,0.068
4a3569d4a61d21c0,8,39,26,67,48,-13,-19,0.069
1511b0af3e32abaf,8,31,26,55,48,-5,-7,0.063
64995e158829b70e,8,45,27,76,52,-18,-24,0.075
1b0f4b791f843c9c,8,37,26,65,50,-11,-15,0.065
4a2ba2f93a0f6182,8,33,26,55,50,-7,-5,0.06
05390a2db44a276c,8,35,27,59,51,-8,-8,0.063
090a23a2019b6160,8,25,18,45,36,-7,-9,0.053
a3c7ec196018a079,8,24,18,40,35,-6,-5,0.066
b99298fe0a0fd82d,8,23,20,41,39,-3,-2,0.062
3ec8c9097bad0540,8,24,21,43,40,-3,-3,0.053
b60c214d58f80d1a,8,17,18,33,35,1,2,0.056
97f2cb64f0541a3c,8,35,23,58,45,-12,-13,0.053
f82b19437756c6ab,8,34,24,58,46,-10,-12,0.063
9cbc91ec3631208c,8,30,21,51,41,-9,-10,0.063
691eb598dbeb550e,8,37,26,64,49,-11,-15,0.059
c4f5fde59c88b1cc,8,32,27,55,51,-5,-4,0.061
0de3b425ff80b4d4,8,26,23,46,44,-3,-2,0.057
c4e8f285fd68fb34,8,26,24,46,45,-2,-1,0.056
69e4a8754463aeec,8,24,21,43,40,-3,-3,0.058
e3772c6e1f0369e5,8,42,29,74,56,-13,-18,0.069
8b3d3165cfed0b3f,8,27,23,50,45,-4,-5,0.058
9f01cb04f31f6263,8,41,26,71,51,-15,-20,0.052
d1379223b39519fd,8,36,24,64,45,-12,-19,0.068
117bb0e937ba75d8,8,37,26,64,50,-11,-14,0.077
be079269e7a9ab5f,8,38,26,67,50,-12,-17,0.058
9bc92ebf3f2015dc,8,35,26,63,50,-9,-13,0.07
28ad48393020235c,8,44,27,74,52,-17,-22,0.074
da93b53a791ba413,8,25,23,44,41,-2,-3,0.126
9ee7117650cbd58b,8,35,27,60,51,-8,-9,0.073
f12d4bcfcfcb94a1,8,27,23,46,44,-4,-2,0.055
b1325a25fb614e4b,8,32,24,51,46,-8,-5,0.061
a959ac846ea3b99a,8,26,20,44,39,-6,-5,0.051
eacbf98e168d38df,8,19,21,34,39,2,5,0.049
662c47973de57539,8,35,22,57,43,-13,-14,0.066
7a9e08b98ab3104b,8,25,21,43,41,-4,-2,0.051
5182f80043d09b91,8,19,18,32,32,-1,0,0.056
db7f3a26c13c9f93,8,12,14,23,28,2,5,0.06
3a81e9c0da8a754b,8,26,22,46,42,-4,-4,0.065
843d09f7883f5439,8,22,18,36,35,-4,-1,0.059
87c806cbd8606989,8,33,21,57,41,-12,-16,0.081
5ee61fb20e8a145c,8,35,22,58,43,-13,-15,0.071
73c7581c99222f93,8,29,21,52,41,-8,-11,0.069
9f0db6b0011dcaf7,8,29,21,49,40,-8,-9,0.065
fea3b9fa24d50577,8,21,21,38,41,0,3,0.062
a42b4f4275609e1a,8,22,18,36,35,-4,-1,0.059
29edc648d8157bc8,8,18,19,31,36,1,5,0.05
07e2298ecd318398,8,16,16,30,31,0,1,0.054
6295e3e50f55cd00,8,30,21,52,41,-9,-11,0.057
cf4f6d65ebf40f2d,8,27,21,47,41,-6,-6,0.061
cc41a8a00281b414,8,45,29,76,56,-16,-20,0.063
8fb7cc505ee48ac0,8,48,27,80,53,-21,-27,0.067
cf0d74770319de89,8,69,27,114,52,-42,-62,0.073
904f41b8bd7dcfbf,8,60,29,101,56,-31,-45,0.067
dbca3bbd310120f5,8,69,25,110,48,-44,-62,0.06
92b616cb9c151156,8,66,27,107,53,-39,-54,0.075
5514cfb125e9eeb8,8,63,27,100,53,-36,-47,0.063
b590a0b2a1be741d,8,66,25,108,49,-41,-59,0.078
4da215c324c95fc6,8,61,25,99,49,-36,-50,0.074
fc964bb8d0746521,8,62,28,101,55,-34,-46,0.075
9bd0c49a0959cc93,8,59,27,98,53,-32,-45,0.056
dc7617a145fce086,8,55,27,89,53,-28,-36,0.059
41f65a1041f88bf7,8,40,26,70,51,-14,-19,0.057
0972b29aa64c5cb1,8,37,23,64,46,-14,-18,0.054
5941116e79bfd6f3,8,37,19,64,38,-18,-26,0.061
ced4ccee3b6c3ea9,8,31,21,55,42,-10,-13,0.069
f1975268fe648e64,8,54,24,92,46,-30,-46,0.062
7f6fd8f1c610c503,8,49,26,85,50,-23,-35,0.074
6340e6cb6283a2c9,8,51,21,85,42,-30,-43,0.069
264f782fdb3e5af2,8,48,23,82,46,-25,-36,0.062
e4c99b9e47bfb38c,8,54,19,90,37,-35,-53,0.058
a55f2ed48ca94bb1,8,46,19,78,37,-27,-41,0.064
e4887442e6aec9fc,8,54,22,89,43,-32,-46,0.066
43b3a369c6117d17,8,48,21,81,41,-27,-40,0.075
689e0d9519b1841d,8,42,21,71,41,-21,-30,0.062
534b20a0c6de3146,8,46,26,76,50,-20,-26,0.06
a65b9859afbc06c8,8,46,24,76,47,-22,-29,0.07
c9587919884764e3,8,46,27,75,53,-19,-22,0.058
28659ed805411916,8,32,20,54,40,-12,-14,0.061
abbcf9e22c842395,8,41,24,68,47,-17,-21,0.059
cce9f9191993c528,8,66,26,107,50,-40,-57,0.065
620afc8f01f2ab99,8,64,29,101,56,-35,-45,0.065
8d1440640c94f4e4,8,47,22,78,43,-25,-35,0.069
82209569a196bce0,8,65,30,105,57,-35,-48,0.065
cdc669b0e3e16a13,8,58,26,96,50,-32,-46,0.078
2f74cc3aae10dc7f,8,65,27,101,53,-38,-48,0.06
f5dba66cd730e9c4,8,56,24,90,47,-32,-43,0.07
a42e264391738ca0,8,62,28,99,55,-34,-44,0.071
2ef67c1a3c4a5bea,8,57,27,89,53,-30,-36,0.074
a27d95e629e68ae2,8,40,20,66,40,-20,-26,0.05
95be26018d33dcfa,8,58,28,95,54,-30,-41,0.064
439137ad40962777,8,49,24,80,47,-25,-33,0.056
1edc0076ce412f24,8,49,23,81,46,-26,-35,0.069
805743b9cf8b8267,8,49,26,80,52,-23,-28,0.063
154adea119df7280,8,34,19,59,39,-15,-20,0.057
6f310f1609b99159,8,41,23,71,46,-18,-25,0.139
1e9378bede876c81,8,47,23,78,46,-24,-32,0.063
85b8077eead7ffff,8,33,16,55,33,-17,-22,0.061
2618b9cc40bbd049,8,42,20,69,40,-22,-29,0.058
d06e029469a618c0,8,39,23,64,44,-16,-20,0.056
e4098a8e3dd27d08,8,34,23,57,44,-11,-13,0.053
1cdb029622aa9ca9,8,48,24,78,48,-24,-30,0.059
75ef3b929312f5a8,8,44,23,72,46,-21,-26,0.059
b38cecc910cf4630,8,33,20,55,37,-13,-18,0.07
46c9fa8189f987aa,8,27,16,47,33,-11,-14,0.061
cee67ce6df8ba634,8,41,24,67,47,-17,-20,0.065
9efefc94349d49a9,8,34,20,58,40,-14,-18,0.065
5ea815652d48c4be,8,63,26,101,51,-37,-50,0.064
4c32fe487905086a,8,58,23,97,45,-35,-52,0.07
b9114cc3ea4afe66,8,61,27,104,53,-34,-51,0.065
b8b2a55ecfa6003a,8,56,26,91,51,-30,-40,0.071
66d6877af2b1da78,8,44,23,77,42,-21,-35,0.065
467bc2b25de0dea5,8,42,19,71,38,-23,-33,0.053
cfa24d83da61a615,8,52,27,86,52,-25,-34,0.071
57fc4401acf1077e,8,48,23,80,45,-25,-35,0.075
d8980fa7b87026ca,8,64,24,101,48,-40,-53,0.068
61a03ddc48505b19,8,58,23,95,46,-35,-49,0.071
0ec9abd740b191a3,8,43,20,74,37,-23,-37,0.054
2df3742eaca5887b,8,43,16,70,33,-27,-37,0.058
f68cec948652bb74,8,49,24,83,47,-25,-36,0.064
7fb6bd7581f20cb3,8,51,20,84,40,-31,-44,0.059
fadd5e81157a6638,8,48,23,78,44,-25,-34,0.062
2ff55d75d81a2cda,8,40,23,68,44,-17,-24,0.061
d5cfa68c48ef983f,8,56,24,90,48,-32,-42,0.072
46e1ae2e381874fe,8,48,23,77,46,-25,-31,0.079
14ca8ae70f317034,8,37,20,64,37,-17,-27,0.072
eee6aa18c2cb4116,8,33,16,56,33,-17,-23,0.064
f2ae4150a6795965,8,43,24,72,47,-19,-25,0.075
6ff31a5be307e164,8,43,20,70,40,-23,-30,0.077
50681fe343257c1b,8,67,27,106,53,-40,-53,0.078
8135e6d58d582591,8,65,28,106,55,-37,-51,0.075
b1465d3d7cd804ce,8,61,27,96,53,-34,-43,0.072
50e636f9f133df50,8,48,23,80,46,-25,-34,0.067
c61de38cfc5d2e27,8,38,23,65,44,-15,-21,0.056
b4401cc5f517da18,8,51,24,84,48,-27,-36,0.065
bf9079879fbe8cec,8,45,23,76,46,-22,-30,0.072
86bdfef1e8d5480d,8,67,26,110,51,-41,-59,0.071
eda4ae94adbe20df,8,52,26,87,49,-26,-38,0.074
84c7e99315219af5,8,67,27,110,53,-40,-57,0.073
d37fce364307d437,8,63,26,106,51,-37,-55,0.063
a6254b59d224b82f,8,66,23,108,46,-43,-62,0.082
1d6fbdcda4ce4148,8,51,23,86,44,-28,-42,0.053
8d4bf09cd6ef621b,8,68,24,109,48,-44,-61,0.076
88d020e2cd568b6a,8,59,23,98,46,-36,-52,0.07
530235346bd58df6,8,50,20,85,38,-30,-47,0.064
7a03ea8431554130,8,66,23,107,46,-43,-61,0.071
bc6c5a8f4258607e,8,58,23,97,46,-35,-51,0.065
8d26ab31fe137d53,8,52,23,86,44,-29,-42,0.06
a7684aa5a2a0a453,8,46,23,78,44,-23,-34,0.057
4fae9fbf9ba58bb2,8,60,24,98,48,-36,-50,0.068
bf8758d47293d87e,8,54,23,89,46,-31,-43,0.071
e389a706fc1ca3d0,8,45,24,75,46,-21,-29,0.07
ab8d859f1499f857,8,51,27,81,53,-24,-28,0.134
2d9c603fd4a80836,8,46,24,76,47,-22,-29,0.057
b433351c5e07b2cc,8,46,25,77,48,-21,-29,0.065
ef8062029cea50cd,8,38,22,64,43,-16,-21,0.058
b8a82892b19297b1,8,34,23,59,46,-11,-13,0.06
60c4e612aa1d64bc,8,35,21,58,41,-14,-17,0.06
067a39d1008076b9,8,25,18,44,36,-7,-8,0.066
696283a77b368acd,8,51,26,85,51,-25,-34,0.064
5bc698247891b6ed,8,48,23,80,45,-25,-35,0.06
3b84d226098b549a,8,52,24,85,46,-28,-39,0.063
fd2aa199c9f9b999,8,44,21,75,41,-23,-34,0.057
14b0b9b2378434c0,8,48,23,80,46,-25,-34,0.069
afdac5df6572188e,8,47,21,79,41,-26,-38,0.066
74646e731f9d0fe6,8,45,18,74,36,-27,-38,0.067
e40c143ebf825a0a,8,48,23,81,46,-25,-35,0.063
84a242f289bdccc5,8,50,23,82,46,-27,-36,0.07
81a0ecb4074e502d,8,40,23,68,46,-17,-22,0.064
6c82db7f29b5fdbc,8,49,24,81,47,-25,-34,0.07
43f2cbc1993f497b,8,40,20,68,40,-20,-28,0.064
828d87b3969f36e0,8,37,21,65,41,-16,-24,0.072
0ca03cc62727d771,8,37,18,62,36,-19,-26,0.069
c6b315b475c01756,8,55,27,88,53,-28,-35,0.066
6d9b242af12c521d,8,36,23,62,46,-13,-16,0.06
e3eb434722893e8f,8,54,26,92,51,-28,-41,0.062
7a26b46e2e65246c,8,55,23,90,46,-32,-44,0.06
951571df21a14845,8,50,21,85,42,-29,-43,0.07
8f66df91810d45b7,8,54,23,89,46,-31,-43,0.069
bdf8e560c6719ff6,8,54,23,90,46,-31,-44,0.064
708b25277eb8136f,8,48,23,81,46,-25,-35,0.058
f54fdee30d79a068,8,36,19,63,37,-17,-26,0.055
28b5767a1433058d,8,36,21,62,41,-15,-21,0.054
d297edbec13391cf,8,33,21,59,41,-12,-18,0.055
f1c536c362e66850,8,38,29,68,56,-9,-12,0.071
f22645f247384924,8,39,25,67,47,-14,-20,0.07
d7d9ec8db3517233,8,38,27,67,51,-11,-16,0.067
d580c2f74799560a,8,35,27,61,51,-8,-10,0.055
1ff6f70156ce0a56,8,52,27,90,52,-25,-38,0.066
80595b0baa25a747,8,50,29,85,56,-21,-29,0.068
590d82455ea06811,8,56,29,95,56,-27,-39,0.061
bea60495db877e11,8,43,29,75,56,-14,-19,0.083
fc0687e0019a0d5e,8,52,25,88,49,-27,-39,0.067
3bdfad0e798d427f,8,45,27,77,53,-18,-24,0.075
e5be6cd04e57e821,8,48,27,82,52,-21,-30,0.06
926c5f5850ce25be,8,54,25,90,48,-29,-42,0.064
556bd1d053eeaeab,8,44,25,76,48,-19,-28,0.065
e9851e889f79ff42,8,49,27,84,52,-22,-32,0.061
8fe8bd63ebad4459,8,49,27,82,52,-22,-30,0.055
837ac8bff9b7c527,8,41,27,72,52,-14,-20,0.06
28aefa63067b8a0a,8,50,24,85,48,-26,-37,0.067
275a0d0a4126a277,8,51,26,87,52,-25,-35,0.061
fcd46290cd5a9faf,8,46,26,80,52,-20,-28,0.061
2c7a927d82387654,8,44,27,77,52,-17,-25,0.06
dfb998687b17b828,8,54,29,93,56,-25,-37,0.066
cf1b21ed32a5b2da,8,54,25,92,49,-29,-43,0.071
d7f3e82271995c3e,8,55,27,92,53,-28,-39,0.065
128c86f7826b0cba,8,51,27,87,53,-24,-34,0.067
c15167a2b753879e,8,68,27,113,51,-41,-62,0.069
1ff24c880ac9719a,8,59,29,98,56,-30,-42,0.079
f557d28c9d9b07fc,8,66,27,110,52,-39,-58,0.067
78091a6d558df9cf,8,60,27,102,52,-33,-50,0.063
727bd8966e075420,8,62,29,106,56,-33,-50,0.083
8c27d78e628dcc8b,8,56,29,95,56,-27,-39,0.064
6de23a925036f8b6,8,31,19,53,39,-12,-14,0.063
95631cdd4284ee09,8,45,27,76,53,-18,-23,0.069
df875a8afa60e22f,8,34,16,55,32,-18,-23,0.055
256fa05d48a8c210,8,24,16,42,32,-8,-10,0.062
3e04f5999a37e996,8,36,24,60,46,-12,-14,0.068
2485a10e69a34518,8,47,26,79,50,-21,-29,0.063
95d5ab4b4680ddd7,8,30,22,53,43,-8,-10,0.072
9609316dde58e4d6,8,46,30,79,57,-16,-22,0.076
4ed16b68cef803cf,8,37,20,61,39,-17,-22,0.065
f8f8b56d26041677,8,46,28,76,53,-18,-23,0.069
488f7f0989076656,8,44,24,73,46,-20,-27,0.139
83776b5793ec8a3a,8,34,24,59,43,-10,-16,0.055
5e7bb98a46c63d62,8,28,20,49,39,-8,-10,0.062
b3266985d6b4f69b,8,39,28,67,53,-11,-14,0.066
b466180d26ef601b,8,46,22,77,43,-24,-34,0.057
ce73b149570e0b24,8,63,30,102,57,-33,-45,0.061
c6dc3bd8c7d8985d,8,59,26,97,50,-33,-47,0.06
aeea2233ffb746e6,8,44,26,74,47,-18,-27,0.058
3232b6bb0a2718c1,8,40,22,69,43,-18,-26,0.069
1ba286e217790e1b,8,60,30,99,57,-30,-42,0.066
8f575eb938b3cc65,8,48,26,82,50,-22,-32,0.066
6af4dbdea646dee2,8,46,24,74,44,-22,-30,0.068
37ca09adafca27c7,8,38,20,63,40,-18,-23,0.062
c7b1c896ee8cd1f7,8,56,28,90,54,-28,-36,0.053
f4fb0109048225b2,8,49,24,81,47,-25,-34,0.068
f7487fa2b558b3da,8,50,27,83,51,-23,-32,0.065
03f3b705c99f1401,8,54,28,87,55,-26,-32,0.069
3bbd705030b2a486,8,38,24,63,44,-14,-19,0.063
a38d42e1a4d58876,8,32,20,55,40,-12,-15,0.059
d452528586cbb86b,8,45,28,75,54,-17,-21,0.07
0176aa907a4bbfa0,8,42,24,70,47,-18,-23,0.062
212461e09ede40ce,8,48,24,81,47,-24,-34,0.06
3c5582af96f391e6,8,43,23,73,45,-20,-28,0.061
5e82e30717112d88,8,52,27,88,52,-25,-36,0.067
7b7bff84dcc30800,8,52,28,88,54,-24,-34,0.059
16624cca8d7cfe32,8,46,27,78,52,-19,-26,0.075
4c92eeeec250d29f,8,66,29,110,56,-37,-54,0.069
4f78bd8c3608a93f,8,53,29,92,54,-24,-38,0.061
28550f12743de972,8,65,30,110,58,-35,-52,0.066
ca9375a069d7440e,8,60,29,101,56,-31,-45,0.07
836a2f5d5a37a261,8,51,27,84,51,-24,-33,0.054
e2442050112926c5,8,66,28,107,55,-38,-52,0.07
b0b2d03f407ae969,8,59,27,95,53,-32,-42,0.066
285c99172bea0a88,8,50,24,83,45,-26,-38,0.061
9cb8336064ab770b,8,60,27,101,53,-33,-48,0.066
f8cbf75ad131772f,8,58,27,96,53,-31,-43,0.071
3c61f77f5b0d0ddf,8,52,27,87,51,-25,-36,0.069
a378e656791ccc5e,8,43,27,74,51,-16,-23,0.075
cbc56076f29ed9dc,8,58,28,97,55,-30,-42,0.062
5bf59e7f66d52895,8,54,27,90,53,-27,-37,0.064
d707f4493e4007e9,8,36,20,59,39,-16,-20,0.053
07c7cb228fe2eed7,8,31,21,52,40,-10,-12,0.066
ce94dbc0941d50c3,8,38,25,65,47,-13,-18,0.065
0ccba0d12d9cebe7,8,50,24,84,46,-26,-38,0.059
8e5f5ca0659ea176,8,48,26,81,50,-22,-31,0.061
0a32325ea6fbf19d,8,49,27,83,51,-22,-32,0.068
7fa071f33ce1c781,8,44,24,75,46,-20,-29,0.057
234ad6dd7e6f60f8,8,50,25,81,48,-25,-33,0.057
400926d9c595d3c7,8,43,22,72,43,-21,-29,0.063
bf0610846eadebf7,8,49,27,80,53,-22,-27,0.132
405c0773a17b4a6c,8,42,24,70,47,-18,-23,0.06
0e50d8b0b1fc2b10,8,45,25,76,48,-20,-28,0.064
3ec843f2cf4877be,8,36,22,62,43,-14,-19,0.071
bd6566e502cdebf4,8,42,27,70,52,-15,-18,0.071
c59124ad09db51ce,8,55,29,93,56,-26,-37,0.059
7132e54ec3990c42,8,51,27,84,53,-24,-31,0.056
22959312fec9c57f,8,52,25,89,49,-27,-40,0.067
2191418e3c271030,8,51,27,86,53,-24,-33,0.065
53d44ce4270c901c,8,51,27,85,53,-24,-32,0.069
762be5051f6e2397,8,48,27,81,53,-21,-28,0.065
9077e8658026d615,8,38,29,68,56,-9,-12,0.058
fed04b1fe7f7e7f7,8,38,27,70,53,-11,-17,0.06
b0a16ee903d87add,8,55,27,95,52,-28,-43,0.066
dc22e851fbfdaafb,8,51,29,87,56,-22,-31,0.067
45134614783dd860,8,46,29,83,56,-17,-27,0.056
cc11543545dcd8eb,8,26,23,48,45,-3,-3,0.063
09dae0e839b963a5,8,42,26,73,51,-16,-22,0.068
27f4383e6053e52d,8,42,24,74,46,-18,-28,0.069
0f27a03991a411f3,8,37,26,66,50,-11,-16,0.064
2f33d2adda6fc5b9,8,43,23,76,46,-20,-30,0.068
f2db379db2d58205,8,38,21,68,42,-17,-26,0.061
2b89be7dc00331d8,8,45,23,80,46,-22,-34,0.067
eaa0287057ebd234,8,34,23,62,46,-11,-16,0.069
43f0c56b48293cef,8,51,24,87,48,-27,-39,0.069
e7ca50bb7bc9ff90,8,49,26,85,52,-23,-33,0.077
9f09f5a965ad14a8,8,45,24,77,47,-21,-30,0.063
9edd001cd0c1e59a,8,51,26,89,51,-25,-38,0.058
cbce22d2963ae31e,8,42,26,75,51,-16,-24,0.075
6ed08da488435d85,8,52,28,86,54,-24,-32,0.061
b3d313042e71207c,8,48,27,81,52,-21,-29,0.071
63ea210df9f8a122,8,41,22,69,42,-19,-27,0.064
b904f75a686b62b0,8,35,21,60,40,-14,-20,0.058
bb01001cc42fedd9,8,48,26,83,51,-22,-32,0.079
8f3aa8ff0f1192f6,8,51,27,90,53,-24,-37,0.076
e7bb74d6daa6e2da,8,51,26,87,51,-25,-36,0.064
34cb6bb252a3fa48,8,39,23,68,44,-16,-24,0.059
42919b985a8c6286,8,50,24,81,48,-26,-33,0.057
05349bdf1627e3e5,8,48,23,82,46,-25,-36,0.057
113a953fcabf4746,8,41,18,69,34,-23,-35,0.06
3114dd672721cbd0,8,53,21,87,42,-32,-45,0.058
6bada33aa06c7ea0,8,47,21,80,42,-26,-38,0.053
39dbf08e2ec4e076,8,40,21,68,40,-19,-28,0.061
befb968fe85b40fe,8,34,21,60,40,-13,-20,0.052
5e234f57a7575de1,8,44,22,76,44,-22,-32,0.062
d9b4177683742651,8,42,21,73,42,-21,-31,0.064
d023b29a76d77486,8,37,24,64,46,-13,-18,0.075
b1b0caca26b3ab03,8,37,25,63,47,-12,-16,0.073
3ca3ba832c927303,8,30,22,52,42,-8,-10,0.068
ea6219c0064767cd,8,18,16,33,30,-2,-3,0.06
2c59d2f63cacb0d3,8,37,26,66,51,-11,-15,0.07
7c0540e0dfcbfbb5,8,37,23,66,45,-14,-21,0.063
1df643c3e2ace1b1,8,37,24,64,46,-13,-18,0.075
00a817055b272ad3,8,30,21,55,41,-9,-14,0.073
62001baad8c82439,8,37,23,64,46,-14,-18,0.07
4035433776022ec4,8,35,21,58,41,-14,-17,0.067
f2464464a1de8ee5,8,28,18,49,36,-10,-13,0.06
0a7739b5017369c7,8,35,21,61,42,-14,-19,0.07
1566affa74005e14,8,35,21,62,42,-14,-20,0.067
8ab36c2fe92883e0,8,29,21,52,42,-8,-10,0.061
4b4d7ff303654921,8,30,18,53,36,-12,-17,0.067
08e84f6a61f79381,8,30,19,52,37,-11,-15,0.058
d226217d6ebe5045,8,37,16,62,32,-21,-30,0.059
585c854d07634ac3,8,41,26,74,51,-15,-23,0.066
03a731612d100062,8,41,23,72,46,-18,-26,0.132
c0401174056b98eb,8,37,19,64,38,-18,-26,0.066
8eb53589cf58a1e3,8,41,21,71,42,-20,-29,0.062
dba7cf6f3b8191e1,8,43,21,74,42,-22,-32,0.061
e518e5b6ac9298c9,8,33,21,60,42,-12,-18,0.057
a56354884ae32827,8,67,30,112,58,-37,-54,0.065
c68195bddc7c1050,8,61,29,104,56,-32,-48,0.073
d40da47f68884eef,8,52,26,90,51,-26,-39,0.067
e33bbbff20a8184d,8,57,27,96,53,-30,-43,0.065
d0df5faeb77312cd,8,45,26,79,51,-19,-28,0.073
2e6bc56b89e93929,8,56,23,94,46,-33,-48,0.073
f370ac225d82c9f1,8,55,24,93,48,-31,-45,0.067
b6ca2d9f33d770d2,8,52,23,90,46,-29,-44,0.073
f4f6503debf3614b,8,63,26,104,52,-37,-52,0.081
0da2997819c5e9fe,8,67,27,112,54,-40,-58,0.075
cb421828f164d1a2,8,63,26,106,52,-37,-54,0.06
1c013f6b1e3bb9d1,8,67,26,110,52,-41,-58,0.066
615f350d763b6c43,8,62,26,105,52,-36,-53,0.06
bf5c7d2e398a7e31,8,55,26,92,50,-29,-42,0.062
ae6639f01ae5868a,8,48,26,83,50,-22,-33,0.062
97268ce5a77d83f3,8,58,27,101,54,-31,-47,0.062
4020908dd4a31b30,8,56,26,95,52,-30,-43,0.067
6ac3bb0f6e79d953,8,57,26,97,52,-31,-45,0.062
d14557f71f880eb6,8,56,26,95,52,-30,-43,0.063
7ee75f83a69e8750,8,48,26,83,52,-22,-31,0.072
92cd1421d7f623ef,8,39,28,67,53,-11,-14,0.062
ccf207c990ee1d4d,8,51,28,83,54,-23,-29,0.054
4cf6b71f409a5265,8,41,24,70,47,-17,-23,0.067
c41f89c1b5601d79,8,32,24,56,46,-8,-10,0.07
864161c374a732dd,8,27,20,49,39,-7,-10,0.055
e0bbfeff7bf0d754,8,61,27,100,53,-34,-47,0.072
c621ec3020fd9fb9,8,52,23,84,46,-29,-38,0.069
eb487edfb4963dbd,8,47,27,79,53,-20,-26,0.064
2bf45462ff25ba58,8,44,23,74,46,-21,-28,0.061
874fde80a0dc302d,8,55,24,91,48,-31,-43,0.063
a4532f557b55343a,8,48,23,78,46,-25,-32,0.057
04d39e5df1bd5cec,8,42,20,69,37,-22,-32,0.062
c0491d78cd6b6f57,8,37,16,61,33,-21,-28,0.064
c7d59f12a5bbe07c,8,49,24,79,47,-25,-32,0.06
1e4f09aecf1647db,8,45,20,74,40,-25,-34,0.06
db4a489999c7c839,8,33,23,57,44,-10,-13,0.062
cd6cd7c761d2cf34,8,49,24,79,48,-25,-31,0.068
d6ee138e7cf3aa4e,8,40,23,67,46,-17,-21,0.073
3035dc10550c1e9d,8,34,20,58,37,-14,-21,0.067
eb6c58cd44f7d85a,8,28,16,49,33,-12,-16,0.072
86c8c4482c0685b0,8,40,24,66,47,-16,-19,0.064
d4d123829f5dc986,8,36,20,60,40,-16,-20,0.067
7d2e863a742997c7,8,54,23,89,46,-31,-43,0.059
87ae176df76b58f3,8,51,23,84,46,-28,-38,0.056
6eb36faacb6aafbf,8,54,24,89,48,-30,-41,0.071
6aa4d8c4a2f8d1c3,8,47,23,82,46,-24,-36,0.073
4461d73b648c6262,8,37,18,61,36,-19,-25,0.067
551cab5ffcb71160,8,43,23,72,46,-20,-26,0.124
92eeab983dc747fc,8,37,23,65,46,-14,-19,0.061
da5072c36686d20b,8,38,20,65,40,-18,-25,0.066
9d2a4309bc3542f0,8,39,21,66,41,-18,-25,0.073
237d7685ca4925b3,8,30,18,54,36,-12,-18,0.057
f54a028105f1a2ed,8,45,23,77,46,-22,-31,0.077
7918c1d1a6a1fe5f,8,41,23,73,46,-18,-27,0.054
fdc487735f6f4630,8,45,25,72,46,-20,-26,0.052
e14ee7e653712103,8,43,19,68,37,-24,-31,0.056
2e611c2c8beacb3e,8,36,19,57,36,-17,-21,0.05
3227052fa0ecbf1d,8,63,30,103,58,-33,-45,0.061
d13c7adcbdf20d2e,8,48,24,78,46,-24,-32,0.072
956c127d6f7c79d9,8,52,30,88,57,-22,-31,0.056
00ef7bf1246448cf,8,47,22,75,43,-25,-32,0.059
4de4279068c44c06,8,45,25,74,49,-20,-25,0.062
b96f9e48525b11fa,8,39,22,63,43,-17,-20,0.067
0be748a4b764a6be,8,63,30,102,58,-33,-44,0.074
6feebcf526b91547,8,48,24,79,46,-24,-33,0.063
3ba67b38d585ad89,8,57,30,91,57,-27,-34,0.06
e338c12e1c1e1d71,8,46,27,76,52,-19,-24,0.058
e6485e3466548a1b,8,55,30,91,58,-25,-33,0.067
eacbac23f469d70f,8,32,20,55,39,-12,-16,0.05
f06ee9a532a437dd,8,41,24,67,46,-17,-21,0.057
b5819c9a0666c509,8,47,30,78,57,-17,-21,0.064
7489aae6958ec60c,8,51,28,81,54,-23,-27,0.066
75d17121e167625e,8,32,18,52,35,-14,-17,0.064
42c06c02ec7dcf96,8,40,22,63,43,-18,-20,0.065
e6a3da3d765cfe1c,8,47,28,76,53,-19,-23,0.067
d0bd8e3d79e8ba1c,8,31,25,52,47,-6,-5,0.061
b7e982e1a50d882a,8,39,25,64,49,-14,-15,0.054
9f253a1a6426959f,8,45,28,75,54,-17,-21,0.07
904e5b4ca1a1ff4d,8,25,18,42,35,-7,-7,0.055
4ab4ba842ff3ba65,8,33,22,53,43,-11,-10,0.069
7aca531d2ac95ad1,8,40,28,66,53,-12,-13,0.076
98b451ab24e16478,8,53,25,88,49,-28,-39,0.073
00aee5dc7510acfa,8,49,27,83,52,-22,-31,0.074
d95f5fb73c9f1093,8,59,30,99,58,-29,-41,0.067
77d2b745d7c3f64b,8,48,25,78,49,-23,-29,0.057
d5a1313bafe1cd80,8,56,28,90,54,-28,-36,0.077
7b59c94211599b97,8,49,25,78,49,-24,-29,0.06
7530b91f02d12922,8,56,27,91,52,-29,-39,0.063
24dda7c291508dcf,8,34,25,57,47,-9,-10,0.058
994cea2bc611a8ff,8,41,25,70,49,-16,-21,0.063
8807fd6cf2acbe11,8,50,28,82,54,-22,-28,0.059
343e75d752e80bee,8,24,9,39,19,-15,-20,0.059
44ba062887320161,8,44,28,73,54,-16,-19,0.075
54409d7dcd0a7685,8,33,18,55,36,-15,-19,0.066
55f790dfa121cf98,8,40,25,67,48,-15,-19,0.055
67572d583c0c4105,8,40,20,68,39,-20,-29,0.061
03ae3cd369f1f566,8,42,30,71,57,-12,-14,0.071
4d4665ef25da6c19,8,30,20,53,39,-10,-14,0.058
c235eec88e6226ee,8,41,27,69,51,-14,-18,0.072
12daedba6e2aa13f,8,35,18,56,36,-17,-20,0.06
f8e6d7b7c9a40689,8,42,25,68,47,-17,-21,0.071
c351efe0ae20384a,8,43,28,72,54,-15,-18,0.069
4b5e3bd185d7bcb5,8,34,25,57,49,-9,-8,0.069
d09e4fdc0ce12bed,8,41,27,69,52,-14,-17,0.068
5aa9aa20c2bcdacf,8,30,22,51,43,-8,-8,0.069
6b7503be5a8558ab,8,38,28,63,53,-10,-10,0.072
4c7cf7b94a009c7b,8,27,18,45,36,-9,-9,0.063
c0d52b74ae0e4729,8,34,25,57,47,-9,-10,0.066
399c40a69aa14a5a,8,52,27,86,53,-25,-33,0.075
ec1d26bedc3df97d,8,51,29,86,56,-22,-30,0.074
3f91e5fa0476f349,8,50,25,82,48,-25,-34,0.064
4aee4bbbfc3d6f29,8,41,25,69,49,-16,-20,0.062
8be003275c3be7c0,8,48,28,79,54,-20,-25,0.064
ca7b2f3757394f94,8,35,25,61,49,-10,-12,0.06
999ad05782e0529d,8,44,27,73,52,-17,-21,0.069
141c51270f9bf561,8,45,21,74,42,-24,-32,0.069
926b1e0d97cbd4e2,8,38,19,66,38,-19,-28,0.063
340f3216394c36dc,8,46,22,77,44,-24,-33,0.063
45a6338faed3f758,8,53,26,88,50,-27,-38,0.07
8f5da6ff11f63b34,8,39,24,70,46,-15,-24,0.119
a0ed3ae7b0cf1b53,8,44,27,72,52,-17,-20,0.067
c3ed00295faefd27,8,35,21,56,42,-14,-14,0.065
75e5e83454dbca39,8,45,24,72,47,-21,-25,0.063
bd3bbf075c55b54f,8,32,19,52,36,-13,-16,0.062
d18e2123012dd4e7,8,38,21,61,39,-17,-22,0.07
800ae1231198142d,8,19,19,32,34,0,2,0.051
aaee3279fee68cc0,8,25,19,43,36,-6,-7,0.066
8bf71b7d6eb13412,8,37,22,61,41,-15,-20,0.074
d066b915545335fd,8,26,14,45,29,-12,-16,0.062
7292c3a2f81b06e9,8,20,12,37,25,-8,-12,0.05
8e1a07ecf2a464e9,8,26,19,46,37,-7,-9,0.061
c13db3a774df96eb,8,26,17,45,34,-9,-11,0.058
4725daaa29a095c6,8,28,24,49,46,-4,-3,0.067
5d8a910acb4742cf,8,26,21,45,40,-5,-5,0.049
e152e7a04a07d0b9,8,34,27,57,51,-7,-6,0.071
32b824389566c8d1,8,20,17,37,33,-3,-4,0.056
7216ccffb5fa3d61,8,26,24,46,45,-2,-1,0.058
2c16a0e19811072b,8,27,21,45,42,-6,-3,0.073
e59b566530070fdd,8,19,14,32,29,-5,-3,0.058
9e6475028b031da4,8,27,21,43,40,-6,-3,0.056
69c1dd224e670d57,8,21,19,36,36,-2,0,0.049
8a85f3a8769d9422,8,27,21,45,39,-6,-6,0.058
d3f4fa183543ffa5,8,19,16,33,30,-3,-3,0.056
ea706aa18ba91c16,8,28,22,47,40,-6,-7,0.062
17624b20e790ac2a,8,12,12,23,23,0,0,0.056
9dcae47a79f93da1,8,22,19,39,34,-3,-5,0.063
0d14e82998bcf40a,8,40,26,70,50,-14,-20,0.072
1cd148c09ff3c666,8,26,19,44,36,-7,-8,0.06
d953d34815b034ca,8,39,22,64,41,-17,-23,0.058
cfdfe1ba85584735,8,21,19,38,36,-2,-2,0.067
34852f38d41eb3aa,8,33,21,57,39,-12,-18,0.059
090d409688710fff,8,49,24,77,46,-25,-31,0.058
423a7adef8347ad7,8,40,26,68,47,-14,-21,0.059
0ac84d0f939c5f6b,8,38,24,65,46,-14,-19,0.062
0ae358ce3fb7f5c7,8,48,21,79,42,-27,-37,0.065
23406478aa9f601a,8,48,24,80,48,-24,-32,0.061
123bc09a9e858094,8,40,21,67,42,-19,-25,0.059
f05e762c944efb73,8,48,24,78,47,-24,-31,0.067
dcabf42096e12a8a,8,34,20,56,36,-14,-20,0.064
5fa4e2117d621b33,8,36,18,58,36,-18,-22,0.057
1f1e163d57161703,8,31,23,53,43,-8,-10,0.057
1bb77e02744ad69e,8,33,21,54,42,-12,-12,0.058
f0efcd0f9e5872f8,8,39,24,65,47,-15,-18,0.073
49f7bc3b30562cb1,8,18,14,32,28,-4,-4,0.057
38d448631ebb1b6e,8,23,20,40,36,-3,-4,0.056
d31bd5afa8d5a36f,8,26,18,44,36,-8,-8,0.059
ccbf7f05c9d40d26,8,47,26,77,49,-21,-28,0.06
9f4368d72d15ce6e,8,55,27,89,53,-28,-36,0.066
0ef9f279720d3bec,8,33,17,55,34,-16,-21,0.05
1be64d0664c315a6,8,39,23,65,42,-16,-23,0.058
a24a28cb88f99ae6,8,41,21,67,41,-20,-26,0.058
de848aa77b922ea8,8,47,27,77,52,-20,-25,0.063
f5537dd4aae5819b,8,33,24,56,46,-9,-10,0.059
389219682381ed45,8,40,26,67,49,-14,-18,0.061
ab0dd9d7d2523529,8,41,24,68,47,-17,-21,0.069
301412a9006e4407,8,48,27,79,53,-21,-26,0.063
53b05ec5baa3e8a8,8,25,17,43,34,-8,-9,0.061
243c46b5ad3724ed,8,33,23,55,42,-10,-13,0.064
a8ec24b3a34e9587,8,33,21,55,41,-12,-14,0.063
223c4558af2c993d,8,41,27,67,52,-14,-15,0.063
4d0fa9e8793f73de,8,42,20,71,39,-22,-32,0.07
8e80bb7e257c0e2d,8,48,30,80,57,-18,-23,0.066
7e0035940b2dea60,8,35,20,59,39,-15,-20,0.063
1deb93ea5078ef8d,8,43,27,70,51,-16,-19,0.061
68cdbd907701ce5c,8,28,14,49,29,-14,-20,0.059
9d53f3d7c8303e99,8,48,27,79,53,-21,-26,0.065
426a689218557fae,8,34,17,59,35,-17,-24,0.066
50120cf1fda151f0,8,42,24,70,47,-18,-23,0.062
259d6b9b76ffa2ec,8,30,14,50,29,-16,-21,0.056
408c0e24633324bc,8,31,24,52,46,-7,-6,0.068
2f23c9ee53475d4c,8,20,14,36,29,-6,-7,0.063
a91f0ed240382c22,8,25,21,44,40,-4,-4,0.058
03b6e96f4fc6d65f,8,43,24,72,47,-19,-25,0.071
7135841dfefceda6,8,47,27,77,52,-20,-25,0.059
3c8dea121c09e8b3,8,35,17,59,34,-18,-25,0.062
373a13d50fd4911a,8,43,24,70,46,-19,-24,0.073
e2c666ffc69b6256,8,48,27,79,53,-21,-26,0.073
37f80f491fe297d7,8,35,24,60,47,-11,-13,0.06
d32ab952fa4fd730,8,43,26,72,51,-17,-21,0.058
cb746d60d4900293,8,33,21,55,41,-12,-14,0.053
35232150f7b3e010,8,41,27,67,52,-14,-15,0.064
54954117442cebc3,8,27,17,47,34,-10,-13,0.065
33a2f5671eff9553,8,35,24,58,46,-11,-12,0.057
3589eaa5a0cf71c2,8,49,29,84,56,-20,-28,0.064
cf82c8b6adc8ba66,8,52,26,88,52,-26,-36,0.065
b159dbdb50efe48c,8,40,23,68,45,-17,-23,0.066
51d66546df46b8e5,8,52,26,86,51,-26,-35,0.07
b02d8d64cf99611d,8,48,24,79,47,-24,-32,0.131
3761132b638348ec,8,43,24,74,47,-19,-27,0.067
8caeaae10571b10b,8,53,27,89,53,-26,-36,0.073
95c86c5adc937d35,8,37,24,64,47,-13,-17,0.061
2d300a29a348cac6,8,44,26,75,51,-18,-24,0.078
f09e644335f20237,8,31,18,51,36,-13,-15,0.069
b80d240a76c6774c,8,39,24,63,47,-15,-16,0.065
a82078b87e933971,8,41,21,68,41,-20,-27,0.059
1b6d76c6be85a958,8,40,24,67,47,-16,-20,0.073
a4dc20eb21e5515b,8,24,17,41,34,-7,-7,0.059
554f367922098e85,8,32,23,53,42,-9,-11,0.073
ddb0be054b373c6e,8,31,21,53,41,-10,-12,0.068
4e7b89c88d9ace90,8,39,27,65,52,-12,-13,0.053
a8cb4c47efe6be2e,8,41,21,64,42,-20,-22,0.049
4b0b7387ead0481a,8,25,14,40,28,-11,-12,0.065
b729e10f2100809a,8,33,18,52,36,-15,-16,0.068
21d1a6409a29aa99,8,39,24,62,46,-15,-16,0.057
5939f60d2b73fa15,8,25,21,42,40,-4,-2,0.063
9178b520b3e6e339,8,32,23,53,43,-9,-10,0.06
dc2da0dbaf17d904,8,33,21,54,42,-12,-12,0.057
f082e2fda1f9d281,8,40,24,65,47,-16,-18,0.062
4c026a6eeda6a7ce,8,17,14,29,28,-3,-1,0.053
a439e998d5382ac6,8,25,20,41,36,-5,-5,0.058
72293644ff43e977,8,25,18,41,36,-7,-5,0.056
e87396addd3d20f5,8,33,24,53,46,-9,-7,0.069
6200dd3f9a9cea50,8,49,27,83,53,-22,-30,0.068
9278947a5fe85c74,8,46,23,74,45,-23,-29,0.07
67c496bf0843042b,8,27,21,46,40,-6,-6,0.059
efe1f78d39b99f11,8,36,23,61,43,-13,-18,0.067
6ae51712f9dcd245,8,34,21,59,42,-13,-17,0.058
2dbc898672769993,8,42,24,70,47,-18,-23,0.058
2b30cfbf1e08fc4e,8,25,18,41,36,-7,-5,0.059
44847673b25c920e,8,33,24,53,46,-9,-7,0.063
91387b2f0eb5fcc7,8,19,14,33,29,-5,-4,0.05
6ce6bd1c2c0d87f2,8,27,21,44,40,-6,-4,0.066
f863c50ae39d5b0f,8,25,21,43,42,-4,-1,0.061
7c04cb2d7d6deb73,8,39,23,66,45,-16,-21,0.067
2fec3e35de52d419,8,24,13,40,25,-11,-15,0.063
406a0b5b712c8f4b,8,41,24,71,46,-17,-25,0.074
6757d2b7ead09069,8,42,24,70,46,-18,-24,0.072
676efabc935f48d1,8,39,29,69,56,-10,-13,0.066
8ef1cba58bb106d7,8,38,27,65,51,-11,-14,0.064
a12546a7e9de4df9,8,34,24,59,46,-10,-13,0.059
74dab669b61c4df6,8,42,27,68,52,-15,-16,0.057
fde261961683ae5f,8,32,22,54,42,-10,-12,0.067
fe9c797f5a625783,8,41,27,69,52,-14,-17,0.068
94db433d9fa49896,8,34,27,57,52,-7,-5,0.062
97477b4da5186326,8,38,28,63,53,-10,-10,0.068
51b54dc0d27f82a0,8,34,25,57,47,-9,-10,0.064
bf96bb761bd149de,8,27,22,46,42,-5,-4,0.054
6ac742e81fd5c999,8,43,25,72,48,-18,-24,0.063
69f757672d6b5ec6,8,45,27,75,52,-18,-23,0.065
cd28074437d8d6f1,8,39,27,66,52,-12,-14,0.057
45d8a905b4cc41fe,8,27,22,46,42,-5,-4,0.069
fcfafda6fab7454a,8,30,21,55,41,-9,-14,0.062
8fb8816413a81acc,8,29,18,49,36,-11,-13,0.063
e74c873d24871a1e,8,30,21,54,42,-9,-12,0.063
d9a2cdd8fe20e33e,8,27,19,48,37,-8,-11,0.063
b7a05938db33da2c,8,25,16,47,32,-9,-15,0.055
6fe2a07547c07c2e,8,29,21,49,41,-8,-8,0.062
7e99f46e5b6f1b0a,8,28,26,50,50,-2,0,0.067
62347fb5ef16e4fe,8,27,24,48,45,-3,-3,0.074
6137a3e39a95c530,8,21,21,38,40,0,2,0.065
712b2c2268b01a1f,8,25,23,42,45,-2,3,0.064
a87ef072742c336f,8,22,18,36,35,-4,-1,0.063
7cd53e2f64a9a1c7,8,29,21,48,39,-8,-9,0.064
d70b63efed1b0fc0,8,21,21,37,39,0,2,0.059
6cecafb3b07e4d27,8,22,19,38,34,-3,-4,0.069
93e5e5fa071053e5,8,14,16,27,29,2,2,0.064
93bf74994569ab01,8,36,21,64,42,-15,-22,0.066
8850251f3f6bcba9,8,34,26,62,50,-8,-12,0.058
926fb2bb451fbd48,8,30,19,53,35,-11,-18,0.054
bc7a9b9e411ccad0,8,31,21,54,39,-10,-15,0.065
e913b4c7a8b4a743,8,27,21,47,39,-6,-8,0.068
aaafa91b5132f9a6,8,41,24,66,46,-17,-20,0.056
13149f5ca85a9aef,8,41,23,70,46,-18,-24,0.076
f5ac6e8ee3c66552,8,41,20,68,40,-21,-28,0.065
d205b91e75d715c7,8,42,23,70,46,-19,-24,0.125
c262904080e908c6,8,38,24,62,47,-14,-15,0.07
cdbb8a845a849150,8,35,20,58,40,-15,-18,0.057
5c58adf352fec42b,8,43,23,71,45,-20,-26,0.062
bc72208cfe22458c,8,42,26,70,51,-16,-19,0.054
10f261542c14d9fa,8,39,27,65,52,-12,-13,0.06
c7a2ced99b234abc,8,34,23,59,45,-11,-14,0.072
553ea5f13283d232,8,43,23,70,45,-20,-25,0.064
7559407424f36967,8,34,20,56,39,-14,-17,0.054
1e61608e320972df,8,27,23,46,43,-4,-3,0.069
9735e5346c972765,8,40,24,65,47,-16,-18,0.064
86a5aa0896d83a7f,8,35,23,58,45,-12,-13,0.066
76746be7a929e6b1,8,24,20,40,36,-4,-4,0.064
edcef4c7aa51020b,8,18,16,32,32,-2,0,0.063
893c52584b860e57,8,32,24,52,46,-8,-6,0.063
1f3526d316396fa1,8,26,20,46,39,-6,-7,0.063
c971e691580b4384,8,44,23,73,45,-21,-28,0.075
8144cd6112e71031,8,47,24,77,47,-23,-30,0.076
57b30504b370949f,8,37,23,63,45,-14,-18,0.075
e735fcac8556d420,8,35,23,58,45,-12,-13,0.071
719600360d242931,8,29,23,50,45,-6,-5,0.067
e727a353108320ce,8,28,20,46,39,-8,-7,0.061
0d9d4a549d03aba2,8,26,21,44,40,-5,-4,0.053
eba52bd6a2b19149,8,20,18,36,35,-2,-1,0.06
8b39bebd721f6645,8,33,23,56,45,-10,-11,0.054
12b9f8b63403df97,8,66,27,105,52,-39,-53,0.074
117df897a0514e37,8,50,21,83,41,-29,-42,0.066
0d4e0b92e94876ea,8,62,24,98,47,-38,-51,0.069
c0e24b0e970bd485,8,54,24,86,46,-30,-40,0.063
20d44ace4c956829,8,41,18,65,36,-23,-29,0.059
981a6962e90d2341,8,65,30,107,57,-35,-50,0.066
ebe7f2d90c43aa59,8,57,30,99,58,-27,-41,0.066
02b0de67d5fe289b,8,56,30,96,57,-26,-39,0.069
650ce66a963c8bed,8,83,30,134,58,-53,-76,0.067
e8660a8d531dd7b5,8,70,30,114,57,-40,-57,0.075
1c90a6427a001913,8,64,27,105,52,-37,-53,0.072
fc4eee94e4877074,8,75,30,123,58,-45,-65,0.063
f0ecde17a4bb2e5a,8,50,20,83,39,-30,-44,0.06
fba676aefbe44fae,8,61,24,100,46,-37,-54,0.08
3169e4bb04b5b0db,8,67,30,111,57,-37,-54,0.065
c45e66eda0e1844e,8,65,25,103,49,-40,-54,0.08
6b66c54f898f5473,8,71,28,113,55,-43,-58,0.069
dab129a6f2b6ccc6,8,50,18,82,36,-32,-46,0.065
a134d89abf1b74e3,8,58,22,92,43,-36,-49,0.063
ef688b3c9e866709,8,64,28,105,54,-36,-51,0.063
4a8d05715e05201f,8,51,25,83,48,-26,-35,0.06
3417223c1aaf06b2,8,59,25,95,49,-34,-46,0.061
c3a8bbcbea11eaf0,8,67,28,107,55,-39,-52,0.072
6fd3569247c96a34,8,42,18,71,36,-24,-35,0.067
f5155b36020872b1,8,50,22,83,43,-28,-40,0.074
c53863428e7f6422,8,61,28,99,54,-33,-45,0.069
c2ceb8706cce82de,8,52,21,84,42,-31,-42,0.064
56c409efd6dcdb14,8,84,29,136,56,-55,-80,0.071
de0aa284f562fa64,8,72,27,119,52,-45,-67,0.076
99b8f6a0fa53b537,8,78,30,127,58,-48,-69,0.067
fc30e0895e731b4c,8,69,25,110,49,-44,-61,0.077
0a78c190986bfd28,8,75,28,122,55,-47,-67,0.078
ef6ed3754cb98ce7,8,69,25,112,49,-44,-63,0.069
19e6514e08944671,8,77,27,124,53,-50,-71,0.065
f5d5caf44f38a678,8,55,25,92,48,-30,-44,0.063
843416df548bee8e,8,60,25,100,49,-35,-51,0.07
a280b9570d11e143,8,68,28,112,55,-40,-57,0.077
d7b994ed651e86fc,8,42,21,67,42,-21,-25,0.132
09e6c890329b0bee,8,45,24,77,46,-21,-31,0.077
6ea724ca85bcdebe,8,31,14,53,29,-17,-24,0.059
e56cb090c70cc4d7,8,40,21,67,40,-19,-27,0.077
58dea4f103caabbc,8,40,20,68,39,-20,-29,0.089
e59f7f5e1eaf9214,8,51,20,86,39,-31,-47,0.075
3083020887c64ef5,8,59,27,98,51,-32,-47,0.087
edd9c0d932752f46,8,57,25,92,49,-32,-43,0.083
0bbfa7b579575842,8,63,27,102,53,-36,-49,0.073
e738cff24b08ed7a,8,61,28,102,54,-33,-48,0.088
c6cf71bcc628ed24,8,52,18,85,36,-34,-49,0.065
0b31d2b64f7d7718,8,60,25,97,48,-35,-49,0.077
8a0da40660552abb,8,67,28,107,55,-39,-52,0.081
981b1a4aa3839786,8,53,25,87,49,-28,-38,0.075
363aa59cc3bfeb5f,8,61,27,98,53,-34,-45,0.06
6fd248f5922fee45,8,50,22,83,43,-28,-40,0.064
cd16a27842e04ff2,8,56,28,95,54,-28,-41,0.068
0f6389b27c61eb80,8,44,18,74,36,-26,-38,0.055
fa1f4b516a8fb122,8,51,25,85,48,-26,-37,0.071
c9a88b38f4652c56,8,54,23,87,45,-31,-42,0.074
05a2177f00b7abe0,8,71,27,116,53,-44,-63,0.067
1cc23e73bb8a7e84,8,71,25,115,49,-46,-66,0.061
93c0f09b6826bb3f,8,55,25,92,49,-30,-43,0.065
387323903725e831,8,69,28,114,55,-41,-59,0.062
178345d3b556b703,8,52,25,85,49,-27,-36,0.065
06c64c62bba65361,8,63,27,105,53,-36,-52,0.074
77642ab6d9567dd9,8,39,23,66,43,-16,-23,0.064
f267286d6431fe7b,8,39,21,65,42,-18,-23,0.067
6ab69cf449ae551b,8,45,24,75,47,-21,-28,0.069
e86f3ac0d858cfb8,8,53,27,88,51,-26,-37,0.064
f6f49da51fa8da74,8,43,27,74,49,-16,-25,0.064
55b287945610e50c,8,43,25,70,48,-18,-22,0.053
d05b52bc18dcbd61,8,51,28,86,53,-23,-33,0.055
dd9ab0faa8d2e055,8,74,29,123,56,-45,-67,0.074
06458166e11390bd,8,62,29,106,54,-33,-52,0.068
eb5e8c45252b3b76,8,62,27,107,52,-35,-55,0.073
e3297b84f64f6670,8,66,30,112,58,-36,-54,0.077
a593f6d5d861b8a2,8,53,27,91,51,-26,-40,0.078
e343d0a207e2c5f1,8,55,25,92,49,-30,-43,0.069
772cd514101ad96e,8,58,28,97,55,-30,-42,0.068
b77d77673b19d6c5,8,51,24,89,45,-27,-44,0.072
25c9dd4130bb60f8,8,57,25,94,48,-32,-46,0.06
fb8fb7890a2c2eee,8,63,27,103,52,-36,-51,0.07
075af12398ee4e94,8,45,25,78,47,-20,-31,0.054
30a6a4bedd919c39,8,46,27,82,50,-19,-32,0.058
11976cca850f80f3,8,52,25,88,48,-27,-40,0.072
dfcc077f5cf13a72,8,58,28,99,54,-30,-45,0.062
d9de46296f88a446,8,15,11,28,23,-4,-5,0.047
f88905a1014051ea,8,30,21,53,40,-9,-13,0.055
62360c027be0e479,8,32,24,56,46,-8,-10,0.056
56ef7951d865d779,8,24,14,42,29,-10,-13,0.054
77419535ca982378,8,30,21,51,40,-9,-11,0.059
92559b10cb20a94c,8,37,28,63,52,-9,-11,0.054
64e1c17a4b85d91c,8,25,18,46,35,-7,-11,0.057
046870b1d2c2e27c,8,33,25,58,46,-8,-12,0.078
8f462826cf67697e,8,42,20,73,39,-22,-34,0.065
4dd2b8f627200a34,8,48,30,83,57,-18,-26,0.067
0b0e3cfcd51621e5,8,39,20,71,39,-19,-32,0.118
daf2a89059d0ff00,8,44,27,77,51,-17,-26,0.072
5107504cb02ca219,8,44,25,74,49,-19,-25,0.068
e3fcefbb81795589,8,47,27,80,53,-20,-27,0.059
9c1fee821d05aeca,8,50,28,83,54,-22,-29,0.073
ee4d760b523ecdab,8,36,18,61,36,-18,-25,0.058
914d18dffc4680f2,8,40,25,68,48,-15,-20,0.065
e4f4d14ba697355f,8,48,28,80,54,-20,-26,0.065
33b5c4b412b370d8,8,42,25,70,48,-17,-22,0.057
f43e41ecdb1fbed3,8,48,27,79,52,-21,-27,0.068
1a2fd1f424bdf998,8,41,22,69,42,-19,-27,0.063
eaa69b88756faef2,8,42,28,72,53,-14,-19,0.075
7042950060645c43,8,33,18,60,35,-15,-25,0.064
10efd9673bce4f3b,8,40,25,70,47,-15,-23,0.063
ff95494ba11b555e,8,39,23,69,45,-16,-24,0.064
a53555692ac4f785,8,45,27,77,51,-18,-26,0.06
9cdd03238f5b9634,8,60,29,105,56,-31,-49,0.069
e9cae689321ac71c,8,54,27,91,53,-27,-38,0.065
a770c6f35177c3a8,8,57,25,96,48,-32,-48,0.065
9c03a9fd00848fa3,8,52,25,88,48,-27,-40,0.064
a875088691c3c07d,8,55,28,92,54,-27,-38,0.066
36e983d143552450,8,41,25,70,48,-16,-22,0.064
6898a1006d9e43c0,8,53,27,92,52,-26,-40,0.066
994832abfb7107db,8,65,26,108,52,-39,-56,0.063
7d33223bb2a2ceb2,8,60,27,101,54,-33,-47,0.071
13efee43efa9315f,8,70,27,118,53,-43,-65,0.076
b55f7f35626f491b,8,67,28,114,55,-39,-59,0.072
13cc5c72cbded41a,8,81,29,135,56,-52,-79,0.068
f95af235b5b1f50a,8,70,27,114,52,-43,-62,0.073
172a29243c7c6c13,8,76,30,127,58,-46,-69,0.077
1f51d00f0c881ab0,8,70,27,116,52,-43,-64,0.061
7ba08c91443fa42e,8,78,29,128,56,-49,-72,0.08
3698d82b41932b0e,8,57,27,98,51,-30,-47,0.065
974ddd4d68956ae1,8,65,27,111,52,-38,-59,0.078
057d61c4c7c3d8f1,8,72,30,121,58,-42,-63,0.075
16d88fa2d44315c0,8,37,17,65,35,-20,-30,0.064
948a8d2cc595781b,8,39,24,68,47,-15,-21,0.07
e3d65be4868f3501,8,36,18,64,36,-18,-28,0.065
5cad2468ba42e2ef,8,48,18,81,36,-30,-45,0.065
98ca774d2df57ba1,8,42,18,74,36,-24,-38,0.064
7fe6567380ca7cb0,8,46,25,78,48,-21,-30,0.063
26c7dc9b45f5a49e,8,63,27,105,52,-36,-53,0.083
ed9f322b17c361c2,8,64,30,107,57,-34,-50,0.074
263a6abde3141ae5,8,56,20,94,39,-36,-55,0.067
bcf57c654a06bf49,8,57,27,96,51,-30,-45,0.062
18e24522dfeffe31,8,61,27,101,52,-34,-49,0.058
baacd6771f581dd6,8,49,27,83,52,-22,-31,0.057
7393b9d9afcbd527,8,58,29,100,56,-29,-44,0.073
ad9d446ffc88af7e,8,54,24,91,46,-30,-45,0.064
346e5e10044cfc67,8,54,30,95,57,-24,-38,0.079
9cd8feecf802ec77,8,48,20,83,39,-28,-44,0.07
62dd5c94895d00b3,8,52,27,89,51,-25,-38,0.076
1f8a1f292035cfd0,8,68,29,113,56,-39,-57,0.148
6ca29c79d8a33611,8,62,27,103,52,-35,-51,0.059
d444f8551cf0c6f3,8,68,30,116,58,-38,-58,0.08
5fcd5c56b29720ef,8,58,27,101,52,-31,-49,0.072
5c61cc78b26cb770,8,66,29,112,56,-37,-56,0.062
e263984a79ca9abd,8,39,21,65,42,-18,-23,0.063
26b915b097876e1b,8,26,14,45,28,-12,-17,0.05
ee94b6485c2de077,8,34,18,57,36,-16,-21,0.056
c8186ea315936acf,8,42,24,69,46,-18,-23,0.071
a685ec27ad746600,8,54,24,88,46,-30,-42,0.068
16f04838a086471a,8,56,30,94,57,-26,-37,0.074
72a9c40b494cf189,8,62,25,100,49,-37,-51,0.068
3042b7cafe962aad,8,50,24,83,44,-26,-39,0.072
89da63fdab0ec4b0,8,53,22,86,43,-31,-43,0.065
6f7cae2d71e069af,8,56,28,92,54,-28,-38,0.076
a9c3c3c4b2ec5fc1,8,40,25,69,48,-15,-21,0.065
78966ac1a036ab1c,8,48,27,82,51,-21,-31,0.06
baea7cab7db6e926,8,53,25,88,49,-28,-39,0.072
a7d165100911740d,8,61,28,99,55,-33,-44,0.103
a1b0e5af86ec58e7,8,36,18,62,36,-18,-26,0.068
df30152042e57b35,8,42,24,72,44,-18,-28,0.069
56150ebdd1bdd7ce,8,44,22,73,43,-22,-30,0.059
18e766f946800ae6,8,47,28,80,54,-19,-26,0.072
c38b52739582dd07,8,69,28,113,55,-41,-58,0.079
64ba79ddcba044e9,8,71,27,115,53,-44,-62,0.078
c20e5a5ef08c225b,8,50,25,85,48,-25,-37,0.07
221fe278de00d9cd,8,53,27,92,51,-26,-41,0.075
a93a1e3ef64d8a90,8,56,25,94,49,-31,-45,0.078
0b1141d9f48c0579,8,63,28,105,55,-35,-50,0.09
fe56588525ce373e,8,47,22,78,43,-25,-35,0.066
5cf21cc071555a2b,8,46,28,81,54,-18,-27,0.082
e0990e4805711ffb,8,41,18,70,36,-23,-34,0.069
3c5110992afaf8f1,8,44,25,76,48,-19,-28,0.077
baa4efc9a1ec437c,8,49,25,86,49,-24,-37,0.077
04d5ff0f47268bce,8,57,27,95,53,-30,-42,0.074
1713afd498160df7,8,41,18,69,35,-23,-34,0.072
f43224ff6972004a,8,47,24,79,46,-23,-33,0.084
f14753178060d7fc,8,61,24,103,46,-37,-57,0.068
1890186685d1b926,8,59,29,98,56,-30,-42,0.073
fbdc551abb4e9a0e,8,53,24,90,46,-29,-44,0.057
0c60946c66ccdee2,8,59,27,96,53,-32,-43,0.069
ccf393b65829dabd,8,57,25,92,48,-32,-44,0.061
a9722ace95b8f0bf,8,54,22,88,43,-32,-45,0.067
3a03aeee22a19b0f,8,61,27,98,53,-34,-45,0.061
ddd34218e27e3cbe,8,55,27,90,53,-28,-37,0.07
348bd80f507cb76e,8,46,25,81,48,-21,-33,0.06
ed1dc59c14c1b0ac,8,48,22,80,43,-26,-37,0.064
da3022a069a287a3,8,65,29,111,56,-36,-55,0.06
feb3a9e3c0289406,8,65,25,107,49,-40,-58,0.062
2c3ffafb959b0997,8,56,27,98,53,-29,-45,0.068
e63a52db85b82384,8,59,27,99,53,-32,-46,0.067
318dac198aaadfef,8,17,15,31,29,-2,-2,0.067
2339b7375df329bd,8,33,21,58,42,-12,-16,0.073
5e932de6ae8bb844,8,30,18,51,35,-12,-16,0.069
f546498462c4a1a6,8,31,23,55,45,-8,-10,0.071
322e1c116c34e306,8,30,20,50,39,-10,-11,0.054
864905bf1b1f97d4,8,31,21,54,40,-10,-14,0.057
9f01fb6aa56fdb96,8,26,18,45,35,-8,-10,0.057
c1ef3d8faaabfdc8,8,33,24,60,46,-9,-14,0.074
aeacce07bbe277f2,8,30,22,54,42,-8,-12,0.068
83dcb3cc85982bca,8,34,27,62,51,-7,-11,0.069
4ddbe69bb6f99361,8,30,25,53,46,-5,-7,0.066
24d03706d5f361e8,8,25,22,46,41,-3,-5,0.128
8c49219e99faeae7,8,44,24,77,46,-20,-31,0.064
ee25a27bcd669fbb,8,46,29,80,56,-17,-24,0.068
b4fde037afdf5daf,8,48,27,84,51,-21,-33,0.074
ee43e664d1e3b992,8,43,24,75,46,-19,-29,0.058
f725a8aa433132bf,8,44,27,75,53,-17,-22,0.07
d78a26047af5586c,8,46,25,76,48,-21,-28,0.058
1bd7250d10769bfd,8,37,22,65,43,-15,-22,0.063
e95ae1a52ab2ca67,8,49,27,82,52,-22,-30,0.06
da6dd7280944cf1f,8,47,27,79,52,-20,-27,0.054
81d5921f883959d2,8,43,27,75,52,-16,-23,0.071
8212b4d7a54f06f3,8,47,28,80,53,-19,-27,0.059
25732d739ee79871,8,41,24,71,46,-17,-25,0.066
ac393e0e3323ca58,8,42,25,72,47,-17,-25,0.062
cf4eccaf9cf39210,8,34,22,61,42,-12,-19,0.064
1cc5e3dfa72c07a8,8,38,27,67,51,-11,-16,0.065
045c1be35e119584,8,54,29,94,56,-25,-38,0.074
bb5ca77bfc7b4dae,8,52,25,90,48,-27,-42,0.058
1c8515d87be0e138,8,54,27,91,52,-27,-39,0.059
0c459f7ae53e99b9,8,50,27,87,52,-23,-35,0.069
0d62a286123f2487,8,45,27,78,52,-18,-26,0.067
51d02d41420e1e0c,8,31,18,56,35,-13,-21,0.051
21d5a3b1d08ff75a,8,46,21,78,42,-25,-36,0.072
23235bb8c12d932e,8,44,26,76,52,-18,-24,0.067
331b5686199a3b81,8,45,24,77,47,-21,-30,0.057
7c1f8ad6d3161922,8,39,21,68,42,-18,-26,0.073
f1c5327008509df2,8,34,22,58,42,-12,-16,0.055
e93f618b6d37f514,8,50,22,83,43,-28,-40,0.076
e172f018cdf3da47,8,50,27,87,53,-23,-34,0.076
394299ccb356644c,8,43,22,76,43,-21,-33,0.06
dd20668c984eb7e7,8,61,29,102,56,-32,-46,0.066
911f7b1bcd8664fc,8,57,24,97,46,-33,-51,0.073
12f1ec9ca6e59d12,8,58,29,99,56,-29,-43,0.082
35681fa331e078cc,8,55,29,95,56,-26,-39,0.072
27497fb41c7df246,8,52,27,88,51,-25,-37,0.08
d27d08348357f424,8,48,24,84,46,-24,-38,0.059
d8ea63db85a09363,8,49,26,84,52,-23,-32,0.063
199a7c27723fc6cc,8,56,27,96,53,-29,-43,0.064
c724d51db46f6b56,8,62,29,104,56,-33,-48,0.062
6468451795fbbf0e,8,64,27,110,52,-37,-58,0.067
1035b7f79977d601,8,63,29,107,56,-34,-51,0.07
450a24412eaca3d4,8,61,29,104,56,-32,-48,0.065
e647ab78bdbe9232,8,43,23,73,46,-20,-27,0.065
eca3ca1a6ff72d0a,8,46,20,74,39,-26,-35,0.047
1825dbcccfe6a094,8,41,23,68,45,-18,-23,0.062
44b41ac10a61713d,8,42,24,70,46,-18,-24,0.073
387369e28c820f77,8,36,20,60,39,-16,-21,0.068
87bb732b08904415,8,43,26,76,50,-17,-26,0.065
c993b61869b78ecc,8,59,26,98,50,-33,-48,0.069
39088df45ec24acf,8,59,29,100,56,-30,-44,0.079
c87e1f36d5f46e1b,8,58,30,95,57,-28,-38,0.08
04f80d6af757a6ce,8,51,26,87,50,-25,-37,0.07
101e4f6034a1a68b,8,61,27,101,53,-34,-48,0.066
ebb57e9b0c1141cd,8,49,24,81,44,-25,-37,0.064
29ad5027c48da04b,8,58,28,96,54,-30,-42,0.074
c93f534aeae31937,8,55,24,92,47,-31,-45,0.133
49cfbb7944acd8ef,8,41,27,72,51,-14,-21,0.078
21872e4e3e568d76,8,58,28,98,55,-30,-43,0.065
16cad401f8185615,8,53,27,90,53,-26,-37,0.065
40c66323128f3fa1,8,45,24,76,44,-21,-32,0.065
0dec9bfb44658cd2,8,39,20,67,40,-19,-27,0.057
179bb9b28b3507af,8,49,28,82,54,-21,-28,0.074
c35c2127e887bbca,8,47,24,79,47,-23,-32,0.075
e61446bd34386333,8,63,27,105,53,-36,-52,0.076
5d54db8b2fd1f57c,8,63,28,106,55,-35,-51,0.067
fc704f12199499c0,8,57,27,96,53,-30,-43,0.092
b5a590daafcc8978,8,50,27,84,53,-23,-31,0.073
70f4742c64749a57,8,48,27,82,53,-21,-29,0.06
5132d1369fc4fa33,8,47,24,79,47,-23,-32,0.064
2f3d829c161863bd,8,50,25,83,48,-25,-35,0.067
a36c28e33d3c488e,8,38,22,65,43,-16,-22,0.073
0aa8bb8aa3f19072,8,53,27,90,53,-26,-37,0.094
4517f2c168f2eceb,8,38,21,62,41,-17,-21,0.074
dd92d7fb607e1c61,8,55,30,93,57,-25,-36,0.097
ef83fcc105a7499a,8,56,30,95,57,-26,-38,0.098
9b459bbb6b2c60bc,8,56,30,94,58,-26,-36,0.081
df7082382652eb68,8,51,30,86,57,-21,-29,0.061
ac2d0ef75b9a8ef3,8,58,28,92,54,-30,-38,0.062
5e69526beb1612a3,8,37,18,60,35,-19,-25,0.056
a00d16aaf0b5b218,8,51,28,82,53,-23,-29,0.063
5a55177d919102f8,8,36,25,59,47,-11,-12,0.056
f9d066b1294d89b1,8,44,25,71,49,-19,-22,0.062
32005208e645f664,8,49,28,81,54,-21,-27,0.076
b2cc1fc67d42a46b,8,29,18,49,35,-11,-14,0.056
4b444a061d0742ed,8,37,22,61,43,-15,-18,0.063
344db00b004f5eb1,8,45,28,73,53,-17,-20,0.074
bc271605746a4de2,8,61,27,98,52,-34,-46,0.077
e51f753a02d8ac07,8,45,25,73,49,-20,-24,0.072
6beac7a6b20ffae8,8,51,28,86,54,-23,-32,0.074
618480d4a11fcc62,8,38,25,64,49,-13,-15,0.073
344644ed938f4215,8,37,22,61,43,-15,-18,0.073
2657d66bd97b2046,8,45,28,73,53,-17,-20,0.068
5dca80f6fb809b49,8,31,18,53,36,-13,-17,0.066
cceddfc0abee3e38,8,34,25,59,47,-9,-12,0.058
8edd6693fb687ab4,8,50,27,84,52,-23,-32,0.062
9e4b572102ca0179,8,37,24,64,46,-13,-18,0.062
4b980c1fa0c33356,8,41,22,66,42,-19,-24,0.05
129ee062e9dc23ed,8,40,27,68,52,-13,-16,0.059
44291491bf3df957,8,35,25,60,47,-10,-13,0.06
dd8b1034888d69b8,8,33,22,56,42,-11,-14,0.066
a55fd2e9640bcee2,8,41,27,72,52,-14,-20,0.079
a4a985938c423972,8,37,21,60,42,-16,-18,0.062
5c6d48a18189b090,8,21,17,34,32,-4,-2,0.057
2b08c6fb15eaf950,8,30,17,48,34,-13,-14,0.064
78f8a6ac7d4478a8,8,15,10,25,20,-5,-5,0.062
a8fb4d7a06ffd6e2,8,23,14,37,28,-9,-9,0.056
ca5a9df754a3f936,8,38,24,61,47,-14,-14,0.059
c1b719a59ac417a6,8,46,24,74,48,-22,-26,0.059
d668b2d2eb90b16a,8,51,27,83,54,-24,-29,0.067
bbbd85d916ed5fa0,8,30,24,48,46,-6,-2,0.052
acc01dac3dc01396,8,39,24,62,47,-15,-15,0.061
ab5cdb5991e120fa,8,46,27,73,53,-19,-20,0.075
9b40a806ff360100,8,24,17,39,34,-7,-5,0.078
558ecb5dd03ea771,8,32,21,51,41,-11,-10,0.082
54d22b07067f24e2,8,40,27,63,52,-13,-11,0.073
d89655a6bcf5148c,8,38,15,59,28,-23,-31,0.071
531b8aae84087170,8,23,12,41,23,-11,-18,0.063
01cf71122c6bae2b,8,33,16,52,30,-17,-22,0.056
1edffb6509501e3c,8,54,23,86,45,-31,-41,0.077
5e1a703e0883e63a,8,31,13,49,26,-18,-23,0.058
1e9ffcacd727e6a2,8,39,17,61,34,-22,-27,0.064
c0c0ede8a63e253b,8,47,19,73,37,-28,-36,0.161
51714887639a16ff,8,22,17,38,32,-5,-6,0.051
d8823bff163bf5db,8,34,17,55,34,-17,-21,0.058
4a383fc33defb23e,8,41,20,69,39,-21,-30,0.051
80563729f7e76e7d,8,55,24,89,48,-31,-41,0.06
9ee27a67a938b897,8,63,26,101,52,-37,-49,0.065
b214e645bede6e19,8,40,20,63,38,-20,-25,0.063
33c675ac41038ccc,8,48,24,76,47,-24,-29,0.073
1877a8645eb5a59d,8,56,26,88,51,-30,-37,0.08
f345177fa2988d05,8,33,24,57,46,-9,-11,0.069
d181070ef65a0991,8,41,24,68,47,-17,-21,0.063
8934189b3acc49ba,8,50,27,83,53,-23,-30,0.066
b0c8e9429317e6e5,8,49,27,80,51,-22,-29,0.079
f7d2612e2b6b50f3,8,38,24,63,46,-14,-17,0.066
74a5bc56ca78eee1,8,48,30,78,57,-18,-21,0.065
ec3e9d4a03d57cb1,8,32,20,54,39,-12,-15,0.068
7ad91257608db65c,8,40,27,66,51,-13,-15,0.069
edcc2400bf8c1f57,8,36,25,61,49,-11,-12,0.066
8538417a61f82f75,8,35,22,58,43,-13,-15,0.066
90a871817d7f0731,8,42,28,70,53,-14,-17,0.056
164f3c75dda1b662,8,27,18,46,36,-9,-10,0.064
a8c09ef95d104a54,8,34,25,58,47,-9,-11,0.07
b4f780e638cae06d,8,61,29,102,56,-32,-46,0.06
5d3a97ba5b78e648,8,46,27,81,52,-19,-29,0.06
576f7e0c4923843a,8,50,29,85,56,-21,-29,0.071
23b517704138afdb,8,46,21,78,41,-25,-37,0.075
7f36feb7fc7500e9,8,51,25,87,48,-26,-39,0.071
bac51e0003600f6e,8,47,25,82,49,-22,-33,0.069
067522a300c56fb0,8,54,28,92,54,-26,-38,0.083
907381cc8498905a,8,41,25,70,49,-16,-21,0.058
3838a162a5336c0b,8,47,27,79,52,-20,-27,0.063
9f2f4a99a9179700,8,27,22,47,43,-5,-4,0.06
7aae1fe46f1391fb,8,37,28,62,53,-9,-9,0.073
8188af723a068723,8,47,27,76,53,-20,-23,0.071
ebe4b283735f383d,8,35,24,59,46,-11,-13,0.08
e3a9279974bdb261,8,38,23,65,43,-15,-22,0.062
8ae02ca2cf91fd3a,8,40,21,66,42,-19,-24,0.066
7301ecc0ff371203,8,45,24,76,47,-21,-29,0.068
5652f5367f3ebaa7,8,26,14,45,28,-12,-17,0.063
590593edce116ae9,8,33,20,56,36,-13,-20,0.061
8364f00881d2cfb6,8,33,18,56,36,-15,-20,0.065
82505c9f55019b2a,8,40,24,67,46,-16,-21,0.074
9d9108fa3d63e76a,8,32,27,53,51,-5,-2,0.054
b819a8323f8939d0,8,38,26,62,49,-12,-13,0.058
dd223d5dc6e00bcf,8,46,27,74,53,-19,-21,0.059
40782f21baa94017,8,32,23,53,42,-9,-11,0.057
ba8503bba04f52bf,8,32,21,53,42,-11,-11,0.064
b7cf7873ca0ea396,8,40,27,65,52,-13,-13,0.057
fe1f454e6e1537f7,8,28,19,48,38,-9,-10,0.056
476173d8b5940f4f,8,35,22,59,44,-13,-15,0.061
978235616199c92f,8,21,18,37,33,-3,-4,0.052
56c2db2900a9c814,8,19,16,34,32,-3,-2,0.049
359a690922f6e89a,8,29,22,49,43,-7,-6,0.058
4a9d03e9fd73b10b,8,26,19,44,38,-7,-6,0.06
995ac616b8a84b44,8,32,21,55,40,-11,-15,0.066
b4ec0b073fa1d787,8,34,19,56,38,-15,-18,0.055
18dae3b036a891de,8,40,22,67,44,-18,-23,0.061
70e2f03799a8a7a4,8,19,12,33,25,-7,-8,0.048
6c45bbb188135a5d,8,26,18,45,33,-8,-12,0.047
5b681e5a2b9fe43c,8,23,16,40,32,-7,-8,0.067
a42aa698b3d2aff3,8,34,22,57,43,-12,-14,0.058
ca2871252b71b944,8,54,27,91,54,-27,-37,0.055
a3b4d3823ecbfcda,8,46,24,77,47,-22,-30,0.06
8112426d62fbdd98,8,58,23,96,45,-35,-51,0.063
f85c53beb72554a3,8,37,23,65,43,-14,-22,0.071
06f859ec528dfafd,8,39,21,69,42,-18,-27,0.071
ae3c4d706544e5ca,8,50,24,82,47,-26,-35,0.063
ffe1c29968586ba8,8,46,27,75,52,-19,-23,0.067
983099aaaa147d3f,8,56,26,90,51,-30,-39,0.065
997fd7c372d2f5a0,8,43,26,71,49,-17,-22,0.062
323745982a1623f4,8,41,24,72,48,-17,-24,0.057
c42e35fbcc66e254,8,49,27,80,53,-22,-27,0.073
0c57bc5de66df4b2,8,31,19,53,38,-12,-15,0.059
58aa11b5f6eeb32e,8,41,22,68,44,-19,-24,0.059
39ad2f5a9093b1b9,8,40,19,67,38,-21,-29,0.062
d6227655c0743fbc,8,43,21,74,42,-22,-32,0.073
2c9d8d5b24d3741b,8,29,19,52,38,-10,-14,0.063
f334e97c060faf82,8,32,21,58,40,-11,-18,0.059
275563b5b7fd9517,8,38,19,66,38,-19,-28,0.064
ea42543d807846af,8,38,22,67,44,-16,-23,0.067
b58261de38d044a9,8,41,24,67,47,-17,-20,0.069
f63ed61110356648,8,41,24,68,46,-17,-22,0.074
a2039b53e0e1370e,8,28,14,48,29,-14,-19,0.124
d6e05d13bbb6b7fa,8,35,21,59,40,-14,-19,0.065
a1e01c775b0734d7,8,40,27,65,52,-13,-13,0.058
955a5e8c87381846,8,24,17,41,35,-7,-6,0.065
1a9b441252655705,8,32,24,53,46,-8,-7,0.07
7f3d6f4da5a9d5ce,8,28,19,48,38,-9,-10,0.055
70779cffbe26b690,8,35,21,60,42,-14,-18,0.069
4099a414db31d956,8,27,16,45,32,-11,-13,0.049
dbe3ff81d5cc6b11,8,34,22,57,43,-12,-14,0.059
8058e69f65545e2c,8,19,12,33,25,-7,-8,0.055
43ef6f2fac6fa456,8,26,19,45,37,-7,-8,0.065
443371f535c37afa,8,36,21,62,42,-15,-20,0.065
f1c22648eb8ce218,8,44,23,76,45,-21,-31,0.071
4016fddfda160483,8,35,24,60,48,-11,-12,0.072
b61c3b44e1507593,8,43,26,71,51,-17,-20,0.07
ac7e533f506b8a5b,8,31,19,57,38,-12,-19,0.059
48aba168f2eb1f5d,8,32,21,58,42,-11,-16,0.06
cbd8a6f64e7221e4,8,44,26,73,49,-18,-24,0.069
2a102cc17b8200b1,8,53,29,88,56,-24,-32,0.072
7edf11cf611e10bd,8,37,27,65,51,-10,-14,0.045
63f924ecee8dad64,8,43,29,73,54,-14,-19,0.069
6f283418846e0b86,8,46,27,76,52,-19,-24,0.055
9650bb3bf44e5794,8,53,30,88,58,-23,-30,0.074
75becf3bad639a5c,8,32,17,53,34,-15,-19,0.051
c4c7216a7f348f9d,8,39,20,65,39,-19,-26,0.055
3dc69d4943cb4083,8,40,16,63,32,-24,-31,0.053
5672bb36999db1bf,8,27,16,45,30,-11,-15,0.066
d4c2676d52940df7,8,25,13,45,26,-12,-19,0.059
d7129720a8da1ab2,8,35,17,57,34,-18,-23,0.064
ef59d4b19ec7e6c1,8,55,26,90,51,-29,-39,0.063
7e4000b21f70dfd0,8,41,23,67,43,-18,-24,0.054
546515bec61b12d1,8,39,24,64,47,-15,-17,0.059
1d35746aa430e222,8,49,26,79,50,-23,-29,0.061
ada4b40449442524,8,28,24,47,45,-4,-2,0.07
a31bb4158ec0872d,8,32,26,55,48,-6,-7,0.063
2cb5cf88102b70e6,8,34,24,56,47,-10,-9,0.055
f007a0a9f9192e4c,8,44,27,71,52,-17,-19,0.056
e0f2d6224869b286,8,40,27,64,52,-13,-12,0.057
04ba27b8ea853138,8,40,27,65,52,-13,-13,0.056
88ec0916bc98c9cf,8,38,27,61,52,-11,-9,0.054
36018250dd32b793,8,25,23,41,41,-2,0,0.056
5ff67c983a490a61,8,25,21,41,41,-4,0,0.067
c9f3828cd0a92e9a,8,33,27,53,51,-6,-2,0.069
c10b5a917010eac2,8,26,18,45,33,-8,-12,0.065
36fc71ce4f94d86e,8,23,16,40,32,-7,-8,0.066
86fc63e7ccb8e462,8,34,22,57,43,-12,-14,0.054
a33dab579c616ba5,8,24,21,42,40,-3,-2,0.055
7900d28d555cab67,8,26,19,43,38,-7,-5,0.065
b2c400bc02a97cbd,8,32,22,54,44,-10,-10,0.07
42c5b94f53d3724c,8,12,12,21,25,0,4,0.058
9c9874f9cab5ee1a,8,19,18,33,33,-1,0,0.061
f3f536275d5a442c,8,16,16,28,32,0,4,0.05
df43f79d0ca93112,8,27,22,45,43,-5,-2,0.064
17e0771ef4c6b969,8,36,24,59,47,-12,-12,0.066
7a78e0c126c632e0,8,39,27,67,52,-12,-15,0.067
92e418122d8bbf9a,8,38,19,66,38,-19,-28,0.067
70f61c811688b9b3,8,38,22,67,44,-16,-23,0.069
3a9b4aef19d4df0a,8,32,19,53,38,-13,-15,0.048
37cbcd20781cc31e,8,43,21,70,42,-22,-28,0.072
a831a65183e629fa,8,19,19,35,38,0,3,0.06
fc829bcdf17387f7,8,30,21,52,40,-9,-12,0.063
b6beab1c91b99ef1,8,25,19,46,38,-6,-8,0.07
f29fd1e20167f1e7,8,35,22,60,44,-13,-16,0.057
a3f8b6104d824fad,8,17,17,29,34,0,5,0.058
dc4c7814d95365e1,8,25,24,41,45,-1,4,0.054
51485d7bf2e0dc36,8,20,16,33,32,-4,-1,0.048
4ff63e4b8d99cdbb,8,27,22,45,43,-5,-2,0.059
81a5f64195899f78,8,12,12,21,25,0,4,0.055
9c221e67cde8582f,8,19,19,33,37,0,4,0.048
ffa0a9f184c63ddd,8,20,19,36,38,-1,2,0.064
8c0154af6cc880a6,8,32,21,56,42,-11,-14,0.061
91e2f3fee9cbefb3,8,63,26,104,52,-37,-52,0.075
a15c4ee7062ad4a4,8,56,26,95,52,-30,-43,0.07
79a3e507a6478666,8,68,29,111,56,-39,-55,0.072
8f4cc130e81bb686,8,71,29,116,56,-42,-60,0.076
76cc6308afaa61ef,8,61,29,103,56,-32,-47,0.074
9078686479d708dc,8,53,22,90,43,-31,-47,0.072
dcdc58927a9e5f83,8,53,29,88,56,-24,-32,0.064
5212e5951b587d7a,8,56,26,92,50,-30,-42,0.063
9b3569f1b3cb7d3e,8,52,27,85,51,-25,-34,0.119
a6b62eb5f4bb808d,8,46,24,77,46,-22,-31,0.07
61ac917650f9d752,8,69,29,117,56,-40,-61,0.08
49ab4b8a2d76babf,8,56,29,92,56,-27,-36,0.075
ba70e40b697317c5,8,41,18,68,36,-23,-32,0.063
dd22cd26af110ab0,8,36,24,63,46,-12,-17,0.057
13a155e696a7a1af,8,44,23,74,46,-21,-28,0.058
d2d7b61f4fcd777b,8,37,18,64,36,-19,-28,0.068
973319782367820a,8,44,26,74,51,-18,-23,0.076
3cff71703187df33,8,37,26,65,52,-11,-13,0.063
42c679ad2ea32d7a,8,37,24,63,47,-13,-16,0.061
5e26ad1d452b7dfa,8,30,21,54,42,-9,-12,0.056
44d0cd8108f28a9f,8,39,26,68,52,-13,-16,0.059
c5bcfe86e7cee140,8,45,24,76,46,-21,-30,0.063
3891059c78a71932,8,52,29,87,56,-23,-31,0.063
a2d766bf8ecf7b10,8,51,27,84,51,-24,-33,0.068
25204b4cc52d41cf,8,45,24,76,46,-21,-30,0.064
cacde0eb44a1eb39,8,62,29,104,56,-33,-48,0.07
be8409432c9b20f0,8,67,29,114,56,-38,-58,0.07
b2dd024e6e6e61c4,8,55,29,91,56,-26,-35,0.081
d3dfaa5af7cc7bcd,8,47,26,80,50,-21,-30,0.081
755a6c429d425c5e,8,61,24,99,46,-37,-53,0.072
1b723d9ef24fe324,8,55,29,89,56,-26,-33,0.084
200ab6e12682a27b,8,59,30,96,57,-29,-39,0.071
576608df5403e283,8,50,26,85,50,-24,-35,0.087
324de2ea5ed841d9,8,40,20,68,39,-20,-29,0.068
cf52bb5b6b442023,8,56,28,90,53,-28,-37,0.079
69ec3662f0a28517,8,53,24,89,46,-29,-43,0.077
fc0d2a3eee80417e,8,56,30,95,57,-26,-38,0.078
81317fc569867523,8,51,26,84,50,-25,-34,0.073
7b73528a95bb116d,8,42,29,71,54,-13,-17,0.07
74393906dbd1519b,8,61,30,103,58,-31,-45,0.088
69699a0365519151,8,47,29,81,56,-18,-25,0.072
3c561166e29457ae,8,35,22,60,43,-13,-17,0.072
c54d06f87b9899aa,8,48,30,82,57,-18,-25,0.081
bcaafa350301e072,8,43,26,72,50,-17,-22,0.074
6c6c862cd2674658,8,37,24,63,46,-13,-17,0.073
3d6ac64c858d4edf,8,45,26,77,50,-19,-27,0.076
da3c4423047b7820,8,43,27,72,51,-16,-21,0.073
11a7d565c4c69165,8,37,24,63,46,-13,-17,0.068
b62762c4e6ca9d57,8,50,29,86,56,-21,-30,0.093
57d7cd173f901f33,8,61,26,101,51,-35,-50,0.087
d2ffc85428ed29c9,8,55,23,92,46,-32,-46,0.068
02d986baf22fdbc2,8,57,27,95,54,-30,-41,0.074
2ecf80b0acf01243,8,41,24,73,48,-17,-25,0.073
6e4929ceaf82caf8,8,53,26,88,52,-27,-36,0.08
03dc7580d2bf6c20,8,40,27,67,51,-13,-16,0.08
25d44b7a83ce987d,8,40,29,68,55,-11,-13,0.074
e18a24de6847efe9,8,25,20,45,38,-5,-7,0.068
201e420e3bb20f60,8,39,27,68,50,-12,-18,0.075
560630b0fbba1b96,8,40,24,63,45,-16,-18,0.074
f7a6c6113254b531,8,37,24,60,46,-13,-14,0.06
d9ddbeec1d619398,8,25,21,45,42,-4,-3,0.075
a3b9dd1021d2a1f3,8,31,23,54,45,-8,-9,0.062
83164b0acf18c13b,8,22,14,38,29,-8,-9,0.078
5fd48298f0b34d77,8,30,21,49,40,-9,-9,0.068
b4eead64bac76e49,8,46,29,76,55,-17,-21,0.081
91116d86b5c50e3d,8,43,26,73,51,-17,-22,0.058
dbc37d1d86036abd,8,28,21,51,42,-7,-9,0.065
8b87198413f2d396,8,37,23,65,45,-14,-20,0.071
f72cbdaabf5653e5,8,55,30,90,57,-25,-33,0.07
aa95d9e776cd1df0,8,56,22,87,42,-34,-45,0.067
40684d5092bca222,8,55,22,87,44,-33,-43,0.079
61cff738d46273c9,8,52,22,86,43,-30,-43,0.159
c53085a365f473f4,8,43,21,73,42,-22,-31,0.071
d4a8b2a850d302e9,8,47,27,77,53,-20,-24,0.089
a1f63d771fce37c9,8,38,24,61,47,-14,-14,0.073
2e7389e6309f1fa9,8,49,27,77,53,-22,-24,0.068
1f0304d40e6bac5c,8,36,21,61,41,-15,-20,0.057
72348b4eb02db38f,8,36,27,60,52,-9,-8,0.067
19624921e91e81da,8,57,22,95,44,-35,-51,0.068
f7a7b79a828b4b90,8,64,27,107,54,-37,-53,0.079
c018b6e15352f879,8,53,26,88,51,-27,-37,0.074
698d97fa6fb41295,8,53,27,86,53,-26,-33,0.061
73043dc6c8759b4a,8,38,26,66,51,-12,-15,0.073
f892b7619433c64f,8,36,27,60,52,-9,-8,0.073
585be4416ea29648,8,22,17,40,34,-5,-6,0.054
4db4b3bda60f5907,8,34,24,56,46,-10,-10,0.074
7677fb9224c342d8,8,47,26,77,51,-21,-26,0.084
89884b45185bb87a,8,38,16,63,32,-22,-31,0.06
9728ffe239b64200,8,38,26,64,51,-12,-13,0.089
5f5aa1008e182d33,8,34,24,59,46,-10,-13,0.08
d16584a11b695da9,8,30,21,52,41,-9,-11,0.071
a12ba40d5800e816,8,41,26,69,51,-15,-18,0.076
f31f01938a6cb408,8,37,24,64,47,-13,-17,0.068
005bc8a06cbbbb50,8,28,17,50,34,-11,-16,0.06
17940522c72c9600,8,43,24,73,46,-19,-27,0.078
28d0d4bd0dceb28a,8,44,24,76,48,-20,-28,0.079
24bdd4faa06f3896,8,52,26,88,52,-26,-36,0.076
9a70a74c8f676d8a,8,42,21,71,42,-21,-29,0.075
b5919f86d125a924,8,50,27,83,53,-23,-30,0.08
1bb98aca291c46b2,8,36,17,63,35,-19,-28,0.08
1facd120dc5ae509,8,44,24,74,47,-20,-27,0.081
07af83130d61b3e4,8,48,24,82,48,-24,-34,0.088
49cd3e70a14f00b2,8,59,26,98,52,-33,-46,0.089
e19a96c68a0192eb,8,57,25,90,47,-32,-43,0.071
dc9fc6227a2a2a64,8,41,24,66,45,-17,-21,0.066
19f17871dc774826,8,57,21,91,41,-36,-50,0.073
d923ce372aa3a82f,8,55,22,87,42,-33,-45,0.066
100558fba1d41b1b,8,41,12,67,24,-29,-43,0.067
ae94cd5d4040fbd2,8,49,19,78,36,-30,-42,0.081
de6172d53c3fff7c,8,36,24,63,47,-12,-16,0.072
3befaf03b8b081b7,8,44,26,75,51,-18,-24,0.084
ac2d7d568a7a105e,8,42,27,70,52,-15,-18,0.079
0965d9d00823b95e,8,28,17,49,34,-11,-15,0.078
c6db83b8d649cee8,8,36,24,61,46,-12,-15,0.073
7bf805df6d043018,8,56,24,92,47,-32,-45,0.087
1c743700c509c775,8,48,19,81,38,-29,-43,0.069
42f2741312847fe1,8,44,19,74,38,-25,-36,0.079
02fc701b507b5f51,8,50,21,83,42,-29,-41,0.081
3f7ed31d81a46baa,8,42,16,70,32,-26,-38,0.081
765cd049f9be6306,8,48,22,79,43,-26,-36,0.068
d08dd5bd4a18cc2b,8,36,12,61,25,-24,-36,0.072
b41da0346063e24b,8,42,19,70,37,-23,-33,0.07
23eeaf4276d376c4,8,34,20,58,39,-14,-19,0.072
a1bd70e98f9c318d,8,41,26,70,47,-15,-23,0.076
82dca8bfa7cbe109,8,40,24,64,45,-16,-19,0.072
ed39151c06508139,8,56,27,92,52,-29,-40,0.066
0bbf0a2bea6a8c0c,8,39,23,65,41,-16,-24,0.066
ee946f82471e7a70,8,41,21,69,40,-20,-29,0.067
64ef6421c3b8ceca,8,49,27,81,51,-22,-30,0.072
92129356258b969f,8,43,27,72,52,-16,-20,0.066
d01b8fe742d5a99f,8,25,20,44,37,-5,-7,0.071
000e8a272037f766,8,27,18,47,36,-9,-11,0.057
45977c2fd620b922,8,35,24,59,47,-11,-12,0.063
1684a6dc7cc2ece7,8,42,23,71,43,-19,-28,0.066
42296ff92b45e56e,8,44,21,74,42,-23,-32,0.059
7e5a904942a80bb1,8,50,27,83,53,-23,-30,0.076
921eead1aa45c73e,8,41,26,70,49,-15,-21,0.073
4c0e1cfbc20f331d,8,26,17,46,34,-9,-12,0.154
5547bac85b465908,8,34,23,58,42,-11,-16,0.063
ea73fdd549644f5e,8,37,21,63,41,-16,-22,0.072
ee4c127a09e062a5,8,45,27,76,52,-18,-24,0.068
ba8eede5a5f43790,8,21,14,39,29,-7,-10,0.065
ae36392e826d9ea1,8,27,21,48,41,-6,-7,0.058
4e45511f8902d84e,8,36,17,63,35,-19,-28,0.069
4ed5631c8b197ef2,8,44,24,74,47,-20,-27,0.061
1a2479dc2d2d91ed,8,36,24,63,47,-12,-16,0.064
b9a4d313b269d1e4,8,44,26,75,51,-18,-24,0.068
4da95429d76c4c09,8,34,21,58,41,-13,-17,0.061
7799183d944c5299,8,42,27,70,52,-15,-18,0.065
988cd2deb723c6be,8,28,17,50,34,-11,-16,0.057
c8c5d25bbc1b8268,8,36,24,61,46,-12,-15,0.072
1a9fd3e42bcc18a2,8,40,24,70,47,-16,-23,0.063
71bf8dc83ef7c116,8,48,26,81,51,-22,-30,0.07
c44c528954f9ab48,8,24,20,43,37,-4,-6,0.058
32f769f0ec039b41,8,25,20,45,37,-5,-8,0.062
579bee850233483e,8,24,24,41,44,0,3,0.058
2c56cb27a20ac3b2,8,32,24,54,46,-8,-8,0.063
9f9f0d74e01147fc,8,17,17,31,32,0,1,0.064
d3e0c8f8f3ea0c58,8,40,27,69,51,-13,-18,0.065
8734a9fd00bf9b89,8,33,20,58,39,-13,-19,0.064
5501ac20fb15e5df,8,41,24,70,46,-17,-24,0.063
ca95a04e5a923de1,8,32,27,55,50,-5,-5,0.061
a67e4ee861ea98aa,8,39,27,66,51,-12,-15,0.064
ad17ac9c0431e738,8,26,20,45,38,-6,-7,0.062
553245fb01b2c2d8,8,32,24,54,45,-8,-9,0.062
723b0a373e396040,8,42,30,69,56,-12,-13,0.069
f96bcad8e35b94a3,8,25,14,43,27,-11,-16,0.058
d4c4be55641688d9,8,39,27,66,53,-12,-13,0.07
8e89b7c6ceaa67bd,8,24,17,42,35,-7,-7,0.056
82a7a34630da1729,8,52,23,86,46,-29,-40,0.079
311e87dcbced3b6f,8,47,21,78,41,-26,-37,0.069
141a904c141d2dee,8,50,24,82,48,-26,-34,0.078
2a86198d7d0dfc36,8,45,23,75,46,-22,-29,0.062
03cbbc7671a122bf,8,45,24,74,47,-21,-27,0.069
e98b72cf6df7b38e,8,34,14,58,29,-20,-29,0.057
2eb3a53515b0636f,8,40,21,67,41,-19,-26,0.066
a329c06912bf4a9b,8,44,18,73,35,-26,-38,0.074
efd71b44b138b7e5,8,43,25,70,46,-18,-24,0.066
4a7ad6719c5443da,8,36,18,60,33,-18,-27,0.058
18acceb8bb46f782,8,43,20,72,39,-23,-33,0.068
3288fe2dab9c2dd7,8,42,24,71,46,-18,-25,0.072
b83c336c8491adec,8,50,30,83,57,-20,-26,0.078
66b3080fa3dbf505,8,35,20,59,39,-15,-20,0.071
55a876419a1c8694,8,66,27,108,53,-39,-55,0.077
a7683b2e7d58a819,8,64,28,105,54,-36,-51,0.066
a4e76c74a53fb72a,8,53,18,88,36,-35,-52,0.071
d665051ed8da7a75,8,59,25,97,48,-34,-49,0.065
cbfedc5df03449a4,8,62,28,102,54,-34,-48,0.068
2266b9ab3cd7223c,8,52,25,85,48,-27,-37,0.071
de49f8ead99686ac,8,58,27,94,52,-31,-42,0.064
fd4d9e42bc85bbb2,8,50,22,83,42,-28,-41,0.062
92b605bbbd3c87fc,8,56,28,92,53,-28,-39,0.065
cb8c36b89d1a4dd1,8,45,18,75,35,-27,-40,0.06
d823166b5da42287,8,51,25,84,47,-26,-37,0.067
805c4aa8e761d9af,8,15,17,29,30,2,1,0.051
817f440c18903212,8,25,21,44,38,-4,-6,0.058
3c84aff6a2e17a8e,8,25,21,44,41,-4,-3,0.052
86764e6e080de91d,8,55,27,91,54,-28,-37,0.074
28260a1c1086c0ad,8,39,24,65,48,-15,-17,0.061
3142193de56e7dfa,8,47,27,77,54,-20,-23,0.064
3f5258b92d1911d0,8,24,17,44,35,-7,-9,0.057
c0d085766e9dbcdc,8,32,23,56,43,-9,-13,0.067
62ae73679a28d66a,8,32,21,56,42,-11,-14,0.059
a23ec94aafe4353b,8,42,27,70,53,-15,-17,0.07
abb4d85cbbec447b,8,33,20,58,38,-13,-20,0.072
7dc07643e1f7befd,8,30,27,52,49,-3,-3,0.061
9c8016ad8b49045a,8,39,27,68,50,-12,-18,0.123
2a35d36d47ff863b,8,24,20,44,37,-4,-7,0.055
11de58926d186f25,8,35,24,58,44,-11,-14,0.064
85992443d8af3844,8,42,27,70,51,-15,-19,0.062
c7875180b13a915d,8,28,20,49,38,-8,-11,0.062
a879c62ffd8e7c50,8,34,26,58,46,-8,-12,0.071
4235726ca94bda70,8,36,24,61,45,-12,-16,0.061
6c89787a51c210b3,8,61,27,102,52,-34,-50,0.053
2ac990d4dd479c98,8,66,30,111,58,-36,-53,0.072
b874f923f3b69b81,8,42,20,73,39,-22,-34,0.072
b27d388a2bdfbdb5,8,50,26,85,47,-24,-38,0.07
14fe845d204bf3d1,8,52,24,88,46,-28,-42,0.073
16d67a2978a164aa,8,41,27,70,51,-14,-19,0.053
b75009762bd9f7ed,8,45,29,75,54,-16,-21,0.063
4e34d35f2270f94d,8,47,27,78,52,-20,-26,0.057
672befbac591496d,8,54,30,90,58,-24,-32,0.065
f153b7d8afc21863,8,32,20,56,39,-12,-17,0.054
963da4e07b07b12c,8,40,26,68,47,-14,-21,0.06
26ab6751e525d011,8,43,24,73,46,-19,-27,0.057
7ecd9ee6d267414a,8,50,30,85,57,-20,-28,0.071
bf2926bf0d10731d,8,39,27,67,53,-12,-14,0.062
ee214375c86790f1,8,44,27,75,51,-17,-24,0.066
239ecdfacabe11d9,8,43,29,72,55,-14,-17,0.072
17cc62633571c1d9,8,41,30,69,56,-11,-13,0.073
9a8df61096a6578b,8,59,29,100,56,-30,-44,0.062
e8f813fdb396d816,8,60,30,100,57,-30,-43,0.063
31734aa03e10d796,8,42,20,73,39,-22,-34,0.06
722f062666bcdb0d,8,52,27,88,51,-25,-37,0.065
7c239bf4f2b9c184,8,41,27,71,52,-14,-19,0.062
67456776aa8ae08f,8,49,29,83,56,-20,-27,0.068
e71f17cbf152508e,8,39,24,67,46,-15,-21,0.062
48ff11dec6170a2c,8,51,30,88,57,-21,-31,0.06
eb16b1853592b56b,8,32,20,56,39,-12,-17,0.066
7feec4a87726042a,8,42,27,71,51,-15,-20,0.067
e911c19cc011e8a6,8,36,18,61,35,-18,-26,0.058
1842f31f70ed5546,8,32,27,54,51,-5,-3,0.068
6c69be50f3b75d3f,8,40,18,67,36,-22,-31,0.06
df788d6254c00eda,8,46,25,76,48,-21,-28,0.063
f8638193c179ff27,8,38,25,65,48,-13,-17,0.054
85961b13b6288503,8,46,28,75,53,-18,-22,0.07
02d22cdd5b9899ae,8,32,18,54,35,-14,-19,0.06
4c7c62b599086869,8,38,25,63,47,-13,-16,0.059
e66fceb47550c67a,8,34,27,56,50,-7,-6,0.059
1b37b19f8645282d,8,35,14,59,29,-21,-30,0.054
31667d978f3bb929,8,33,27,56,50,-6,-6,0.062
9d4bb910bdfea2dd,8,26,27,45,51,1,6,0.051
365da58692c7a59e,8,31,30,52,55,-1,3,0.071
b9327c86268f843e,8,17,20,30,38,3,8,0.061
14073225e775c580,8,25,27,42,49,2,7,0.068
474a429d138fd5af,8,43,25,74,48,-18,-26,0.064
b7a5287df7460662,8,50,28,83,52,-22,-31,0.059
a77e20f5c4de4d63,8,34,18,59,35,-16,-24,0.056
3a77987174724c70,8,40,25,68,46,-15,-22,0.067
43d67b9080faa67e,8,35,21,60,42,-14,-18,0.049
b559c46cdf09a9a0,8,34,18,57,36,-16,-21,0.062
3a02f028f420d5f2,8,42,24,69,46,-18,-23,0.062
c7ae0f0c6eb350cb,8,26,14,45,29,-12,-16,0.059
fc1346b476a62c02,8,32,21,54,40,-11,-14,0.055
12b80f643f08c1cf,8,29,20,51,39,-9,-12,0.059
b28ce1ecc8979e8b,8,30,27,52,51,-3,-1,0.061
9dd7982305e6beb4,8,17,20,31,37,3,6,0.054
b1eac6c0cf0b52b6,8,31,20,55,39,-11,-16,0.058
f335fbbb08586ed4,8,39,24,67,46,-15,-21,0.135
25df03cc423f5a47,8,41,27,69,52,-14,-17,0.06
52cd373465133b7e,8,24,20,43,39,-4,-4,0.058
186ca8d362bcd3eb,8,31,24,54,46,-7,-8,0.063
9c7b23c5077464a7,8,24,21,42,40,-3,-2,0.06
d2dba2c491ddbaf3,8,41,26,70,47,-15,-23,0.065
be36f62bc020725b,8,39,24,69,46,-15,-23,0.06
3637530307c479df,8,38,27,66,51,-11,-15,0.063
6370281883206a92,8,25,20,44,38,-5,-6,0.056
ebe4ec95a006fe0c,8,33,26,56,46,-7,-10,0.065
70d70fcc5052acd0,8,33,24,56,45,-9,-11,0.059
88f6b569810b4320,8,26,23,46,40,-3,-6,0.055
a3b5e9439f812e50,8,24,20,43,37,-4,-6,0.055
830672d11ea2dc2e,8,25,20,43,37,-5,-6,0.051
d4276512da9e536f,8,32,24,54,45,-8,-9,0.062
919993fcffe173fa,8,10,14,20,26,4,6,0.061
5e65491465bb568a,8,18,20,32,34,2,2,0.053
94d9a84e602fab0b,8,16,17,29,31,1,2,0.062
60461b694c90cef5,8,41,29,70,53,-12,-17,0.053
b30cd9bc57d83ade,8,38,27,66,52,-11,-14,0.056
7499f8b32bdb7eb8,8,50,30,84,57,-20,-27,0.06
c782cc91f02e5868,8,24,20,43,38,-4,-5,0.061
7d6209c1abcab4e7,8,35,26,61,46,-9,-15,0.065
63afd6ddfe571bf4,8,36,24,63,46,-12,-17,0.066
5a60d5fdb54830cb,8,40,30,67,56,-10,-11,0.065
393dfc9a1e4fe1c9,8,25,27,45,49,2,4,0.055
6fa2d07d7f4f8783,8,33,29,56,52,-4,-4,0.059
eb6dd0a8f4d0c3b2,8,33,27,56,51,-6,-5,0.056
8bd3c56344497222,8,42,30,70,56,-12,-14,0.078
3d5910ee4804707a,8,19,20,35,37,1,2,0.06
e8d4556201f1d2e0,8,25,26,45,45,1,0,0.066
b54a47f158e62f08,8,27,24,48,45,-3,-3,0.059
41e1ca4169ac793b,8,31,30,53,55,-1,2,0.055
d92b3ed2a2ee495d,8,35,27,60,51,-8,-9,0.057
c9e0efc5d4933e2e,8,42,29,72,54,-13,-18,0.068
586479db1508371f,8,57,29,95,55,-28,-40,0.062
7917c8b714d4c118,8,44,29,75,53,-15,-22,0.073
f6a0d4263fdb5bd5,8,34,23,60,43,-11,-17,0.065
70fc27b0ed6ef7cd,8,42,27,72,51,-15,-21,0.071
cb238a28135c33d6,8,32,20,55,37,-12,-18,0.058
ebcd6cdea62dbf15,8,42,23,70,43,-19,-27,0.06
0aab2643b199d999,8,28,23,48,41,-5,-7,0.057
4b6722a1299eef8b,8,51,27,87,52,-24,-35,0.061
bcce08711c6dc36b,8,58,29,96,55,-29,-41,0.062
b8d2afd456506c52,8,46,29,80,53,-17,-27,0.077
638ca57bbb9a5b74,8,44,27,77,52,-17,-25,0.061
2b0d2c5f7aeefaf1,8,52,30,87,57,-22,-30,0.078
7fb9c3e9294a6886,8,43,26,73,47,-17,-26,0.058
95ab89da44f64650,8,43,27,73,51,-16,-22,0.066
346fde60bbcee540,8,50,29,85,54,-21,-31,0.064
e5c0d2bf11785d02,8,29,27,52,49,-2,-3,0.062
8ba250bd2f5c9b42,8,36,29,63,52,-7,-11,0.054
0db3a29fc47e8920,8,34,27,59,51,-7,-8,0.058
56d6b02103a0048e,8,43,30,73,56,-13,-17,0.063
ba3a9acb250afd03,8,23,27,40,49,4,9,0.066
3137277ffc49db5f,8,39,27,67,51,-12,-16,0.066
49f82e9b012a283a,8,29,27,51,52,-2,1,0.07
01beca0cccb9a5ba,8,37,29,63,56,-8,-7,0.061
349e17e40361a982,8,41,30,68,57,-11,-11,0.059
8cafbbd886ffb0c3,8,24,20,43,39,-4,-4,0.066
05619a22347391bc,8,32,27,55,51,-5,-4,0.061
972b0c3fcd1178f3,8,27,24,46,44,-3,-2,0.049
23c9b12efe1b0876,8,45,27,77,51,-18,-26,0.064
98b0d0189e58a4a4,8,39,30,65,56,-9,-9,0.064
02233420bf1b3415,8,27,20,48,38,-7,-10,0.076
ed5bab3536ac7e51,8,33,27,57,50,-6,-7,0.067
2d10a33a52e6b5ab,8,26,24,46,44,-2,-2,0.067
f221b3a6e0a0582c,8,27,23,47,43,-4,-4,0.061
b973e35d79a82702,8,26,24,44,44,-2,0,0.06
ee6e19e225456fc3,8,10,15,20,28,5,8,0.049
840b5799c5460c4c,8,18,21,32,38,3,6,0.057
c66547471da3ed1d,8,44,29,76,55,-15,-21,0.058
974ce0aa8b986d04,8,38,30,66,56,-8,-10,0.064
0a66b873e32c2c83,8,27,20,48,39,-7,-9,0.056
b94fdf0f8bd64dbd,8,32,27,56,50,-5,-6,0.062
a0a2e3a156b5a52d,8,25,27,44,51,2,7,0.055
40f7746dff84cbd7,8,36,29,61,54,-7,-7,0.06
8170c4f0f2b77435,8,27,24,47,45,-3,-2,0.117
5abab2b908f953b9,8,34,30,59,55,-4,-4,0.057
77fe02b564f4edb8,8,21,20,40,38,-1,-2,0.056
7a0c77f7ba257766,8,25,27,44,49,2,5,0.055
75121aa4d7e66fce,8,36,27,64,52,-9,-12,0.064
cf2853f2e5b24d2e,8,48,29,82,56,-19,-26,0.065
c7a6f87436e5e251,8,46,25,82,50,-21,-32,0.065
a9ca7507ccf7286d,8,57,27,97,54,-30,-43,0.074
8526c05a57d09ff6,8,61,21,102,41,-40,-61,0.064
539f51e6f3f4debe,8,69,25,114,49,-44,-65,0.077
f2c447acb37b87f7,8,62,25,104,49,-37,-55,0.059
6a7550cd647d4a31,8,71,28,115,55,-43,-60,0.063
c25bcc0b029c482a,8,55,25,93,49,-30,-44,0.073
fa934e33a44f6e30,8,65,27,108,53,-38,-55,0.065
f95488d40f156338,8,39,25,67,49,-14,-18,0.062
43d2449e64bf0e52,8,44,27,75,53,-17,-22,0.061
021ae47ee9d0df7d,8,41,24,71,48,-17,-23,0.071
9de2a6d7a09220a8,8,49,27,83,53,-22,-30,0.067
694d2c88635a2db9,8,57,27,98,52,-30,-46,0.073
0474e85e2633d025,8,64,30,108,58,-34,-50,0.075
1a0a428d64c744ca,8,65,27,110,52,-38,-58,0.065
f5ea04dc9365783a,8,70,30,120,58,-40,-62,0.062
9a982a91c582cea0,8,50,30,85,57,-20,-28,0.063
63d245b4de9939d1,8,59,29,100,55,-30,-45,0.065
9e2e1a54636bcaf2,8,49,29,84,53,-20,-31,0.065
4244ba7e2a897f93,8,46,27,79,52,-19,-27,0.053
2b33398290e38330,8,54,30,93,57,-24,-36,0.073
32f8a6e127804a40,8,45,29,80,54,-16,-26,0.061
1dcec931f2a19ac7,8,49,27,87,52,-22,-35,0.071
51663c99c49a2d5b,8,57,30,96,58,-27,-38,0.068
ec825469955d353a,8,62,27,104,52,-35,-52,0.073
05df022a7541edb3,8,69,29,117,56,-40,-61,0.075
239908a1b5eef086,8,47,27,80,51,-20,-29,0.068
904853cd367c09c8,8,57,29,95,54,-28,-41,0.067
0ce65cd7e6e2bcae,8,55,27,96,52,-28,-44,0.071
c855d897cc316dad,8,63,30,108,58,-33,-50,0.071
b89884942db92829,8,27,24,48,46,-3,-2,0.055
dd1a72c13963f830,8,24,17,45,35,-7,-10,0.054
ad974bc206dc13b2,8,32,24,57,46,-8,-11,0.055
e35649ce70cd5374,8,42,20,73,39,-22,-34,0.057
962df6ea417c3392,8,52,27,88,51,-25,-37,0.064
188b2ef3cc16deeb,8,29,27,51,50,-2,-1,0.057
55346822399b9abd,8,38,27,66,52,-11,-14,0.067
4bae2b327d9da51e,8,43,30,72,56,-13,-16,0.072
4a405e1c47567fc2,8,29,20,51,39,-9,-12,0.054
2fd1e0c0de73197b,8,35,27,60,50,-8,-10,0.065
1806f158c228c59c,8,34,27,60,52,-7,-8,0.065
ed50f201b9dfe9fb,8,31,20,56,39,-11,-17,0.061
6c79878b700af39c,8,33,27,58,51,-6,-7,0.06
0ab87bfa4c2eae9d,8,52,27,88,52,-25,-36,0.059
d5b7bce59bd4d240,8,44,27,77,52,-17,-25,0.062
fb6970f45fb3b861,8,52,29,89,56,-23,-33,0.06
771d02787cb37bf9,8,42,24,72,46,-18,-26,0.066
0ba67df36fb1f51e,8,51,30,88,57,-21,-31,0.063
ea57682bae5b3ec4,8,34,20,61,39,-14,-22,0.069
554fcfc667102a36,8,43,27,74,51,-16,-23,0.067
0d78001895ca807b,8,44,27,73,53,-17,-20,0.063
9f5c39e262ec5f7c,8,56,24,93,47,-32,-46,0.066
031ca433f0b094e3,8,44,21,73,42,-23,-31,0.056
985e1ed4e655bd63,8,50,24,82,47,-26,-35,0.074
faae151aafb22c59,8,52,27,90,52,-25,-38,0.065
014539780c1bb31a,8,60,30,101,58,-30,-43,0.13
77f0ffb9c856638c,8,78,28,129,55,-50,-74,0.067
b0c0b8f5b5a663b2,8,62,25,103,48,-37,-55,0.063
e782477ce5d8aebd,8,67,28,114,54,-39,-60,0.075
fe7abc526686529a,8,62,30,103,58,-32,-45,0.064
0389ad435559b311,8,60,29,99,56,-31,-43,0.064
00112f1a76b17945,8,46,29,79,54,-17,-25,0.059
fe870e28d689fcbf,8,47,27,80,52,-20,-28,0.062
0e3d04a3771d4fcf,8,51,30,88,58,-21,-30,0.069
e27a197a6b08998c,8,77,27,127,53,-50,-74,0.082
fcde128e5480b1cb,8,62,27,105,51,-35,-54,0.074
a631c6a09e9cbf51,8,62,25,103,49,-37,-54,0.064
e1dc86d355b9698d,8,73,28,122,55,-45,-67,0.068
c4da1e1b8dde7e7d,8,59,25,99,48,-34,-51,0.061
457aec71e51b2cb6,8,69,27,114,52,-42,-62,0.065
69ab761be418534c,8,45,25,78,47,-20,-31,0.061
a461d150d4aff088,8,54,27,92,50,-27,-42,0.059
f1ec4d6bd1920ef4,8,55,25,91,48,-30,-43,0.063
93fc4cecb1e7587b,8,60,28,103,54,-32,-49,0.062
6e83b427eb8eb91f,8,25,24,44,46,-1,2,0.069
f296f14456ed7bb9,8,38,21,64,40,-17,-24,0.06
16b48f46ad408a0d,8,25,14,44,29,-11,-15,0.059
9877590dde1b76d2,8,31,21,53,40,-10,-13,0.056
39bac1b52a11c170,8,45,18,75,35,-27,-40,0.065
4cf8fd1ef1f340ef,8,53,25,86,47,-28,-39,0.069
9a8106bd1a7e9364,8,44,27,74,51,-17,-23,0.062
5adb67455fbaf8af,8,44,30,73,57,-14,-16,0.059
4f1d594fa8fc481c,8,28,20,49,39,-8,-10,0.056
0b64423c8686c46d,8,36,27,61,51,-9,-10,0.072
7e0bc7f549cb840b,8,53,25,89,49,-28,-40,0.065
f5aa7a3afe8abe51,8,58,28,95,54,-30,-41,0.071
67ab8fbb035c7dea,8,44,18,74,36,-26,-38,0.064
221159d431e05d83,8,50,25,83,48,-25,-35,0.07
4f4d44fb435a155d,8,45,25,75,48,-20,-27,0.059
c71ca92ae49492cb,8,51,27,84,52,-24,-32,0.067
b758d39f8e5a91d9,8,44,22,73,42,-22,-31,0.067
26f39d0bc44beb45,8,50,28,82,53,-22,-29,0.065
e290ea8533d00461,8,36,18,61,35,-18,-26,0.063
53bf247af18bf597,8,42,25,70,47,-17,-23,0.068
b71f366b43415a3c,8,41,27,72,52,-14,-20,0.071
9d0c6d7552330125,8,46,29,81,56,-17,-25,0.066
ca84a37d3a831ade,8,55,25,94,49,-30,-45,0.063
b84163d267a0d389,8,65,27,109,53,-38,-56,0.063
6b0f2bef9082ed16,8,47,25,81,48,-22,-33,0.058
196a6cb649839e62,8,55,27,93,52,-28,-41,0.069
5cb4dbfc3502d367,8,31,21,55,42,-10,-13,0.054
d76fa1d4d140a956,8,42,27,71,53,-15,-18,0.067
a5c7954ea673e079,8,26,25,45,47,-1,2,0.06
243fb8dc7c0bbfd1,8,40,27,67,52,-13,-15,0.068
84220e8a414a9b2c,8,40,27,67,53,-13,-14,0.06
f092d82bad7211bf,8,25,23,45,42,-2,-3,0.068
e15a1d464ae2b896,8,27,21,48,42,-6,-6,0.059
3ff495a95f512d30,8,34,27,59,52,-7,-7,0.066
2c970878ea4ab7c9,8,44,30,73,56,-14,-17,0.073
8e2c99f23cf74b6a,8,60,30,100,57,-30,-43,0.066
9d294c3494fbfa52,8,43,26,75,47,-17,-28,0.062
cac86e52641ca315,8,45,24,76,46,-21,-30,0.065
0fd68f03403a5c26,8,53,30,88,57,-23,-31,0.077
079187cae0582ec5,8,45,30,75,56,-15,-19,0.083
ff958d3dfd4c9767,8,43,30,72,56,-13,-16,0.07
117060784b614662,8,27,26,47,45,-1,-2,0.065
1558025585beb910,8,29,24,50,45,-5,-5,0.058
e08f2fda6c100f8b,8,37,30,62,55,-7,-7,0.069
6a2a7a8f94a07f0d,8,51,27,85,52,-24,-33,0.074
3fdfcd7a49d845db,8,60,30,100,58,-30,-42,0.079
298bc4e7e3c18ea5,8,43,26,74,47,-17,-27,0.145
f6ccd2ebdc2b98ff,8,46,24,79,46,-22,-33,0.076
5298a53ab1fdc81b,8,52,30,86,57,-22,-29,0.067
a9a53ebc88fe9342,8,40,29,68,54,-11,-14,0.059
8810f45e976fbeef,8,45,27,76,52,-18,-24,0.063
e6adc1f63edc68dc,8,49,30,83,58,-19,-25,0.067
496140cc97a09a49,8,25,20,45,39,-5,-6,0.066
cce26d1ceb3ff7f3,8,33,26,57,47,-7,-10,0.071
b46c4066bd29398a,8,37,24,64,46,-13,-18,0.071
5a7113de4949e69c,8,43,30,74,57,-13,-17,0.082
4daf2378bef929c6,8,36,24,62,48,-12,-14,0.074
53cd6c1b298c27fd,8,44,27,75,53,-17,-22,0.077
fae9982cd433e48c,8,56,27,95,52,-29,-43,0.074
767988954ab1f1e5,8,64,30,107,58,-34,-49,0.071
417308d1dacf6b66,8,40,27,68,51,-13,-17,0.063
82f583006bc0500d,8,47,30,82,56,-17,-26,0.061
78ce8b64a942c502,8,55,27,96,52,-28,-44,0.067
264ebdf889e5bb80,8,65,30,108,58,-35,-50,0.085
761e92968c2bcaf1,8,53,27,90,52,-26,-38,0.077
dd7dc8dc617cbd1d,8,61,29,103,56,-32,-47,0.077
7427cec228ee0587,8,39,27,67,51,-12,-16,0.067
9b4d8c46a1eb7f98,8,47,29,82,54,-18,-28,0.082
7e691d584192db1e,8,46,27,80,52,-19,-28,0.081
a7d803ce036a01d5,8,55,30,95,58,-25,-37,0.084
9daa2ab86130d579,8,17,17,33,35,0,2,0.062
a812e3f3e78cf093,8,25,24,45,46,-1,1,0.071
ef9f99101e1b0915,8,21,20,38,38,-1,0,0.058
1c04f6398bf87730,8,27,27,47,49,0,2,0.06
21ca3f0e1df8d798,8,34,20,61,39,-14,-22,0.082
6f72a3511eda3880,8,43,27,74,51,-16,-23,0.068
e0a060190bee6180,8,31,24,54,46,-7,-8,0.064
dce22e0f3d416f27,8,43,30,75,57,-13,-18,0.071
dd5056fbbd479216,8,26,20,48,39,-6,-9,0.067
cbe3aaed2d449ea4,8,33,27,57,51,-6,-6,0.071
8d2bcc90b4770033,8,39,27,70,52,-12,-18,0.082
b8eda16d572e0506,8,45,29,81,56,-16,-25,0.075
028ea1624a9a3a26,8,48,26,82,49,-22,-33,0.072
40354fd40a2a6078,8,54,29,92,54,-25,-38,0.075
f6bcf9d855d9e42d,8,42,27,71,51,-15,-20,0.058
adcf3e7787c1489d,8,49,30,85,56,-19,-29,0.069
510e9d15a9bfca50,8,57,27,100,52,-30,-48,0.065
1faa5db68ce550e7,8,69,30,115,58,-39,-57,0.071
856f19e48c7ce80b,8,55,27,93,52,-28,-41,0.076
ac8f7b58b3c00a51,8,63,29,108,56,-34,-52,0.069
52c0defe0cea342e,8,41,27,73,51,-14,-22,0.065
fd9478b4a86edd04,8,48,27,83,52,-21,-31,0.072
8a3f715266548d40,8,57,30,100,58,-27,-42,0.08
8b7838aa808807ec,8,52,27,87,53,-25,-34,0.065
1c647721ed2697a6,8,51,26,88,50,-25,-38,0.075
6639e6ccfa5e78f6,8,52,24,88,48,-28,-40,0.057
74dcc9d2c00ccae4,8,61,27,102,54,-34,-48,0.078
e4080e76557408ff,8,69,29,117,54,-40,-63,0.069
96712c50ca222285,8,73,27,122,52,-46,-70,0.081
b713319651895dce,8,79,30,130,58,-49,-72,0.078
b5529cdedbd7fa03,8,69,29,116,56,-40,-60,0.156
0498db6cbb476fba,8,58,29,99,54,-29,-45,0.075
ee1cc66927b6e23a,8,56,27,92,52,-29,-40,0.065
2d7ed3cd1f02f758,8,64,30,107,58,-34,-49,0.064
43e3ea478d30cc3c,8,63,29,107,54,-34,-53,0.071
6e661161014527cc,8,59,27,98,52,-32,-46,0.069
73bf70daf92207e8,8,65,30,111,58,-35,-53,0.065
df39fad19aaac709,8,70,26,116,49,-44,-67,0.065
1c753ac0577a2348,8,79,29,130,56,-50,-74,0.083
de32f19e8e4f043b,8,55,27,95,51,-28,-44,0.064
bd4a995a873a2cb7,8,66,29,112,54,-37,-58,0.067
5e655c37e0e68194,8,64,27,105,52,-37,-53,0.082
dc087ba0aac77ed4,8,68,30,113,58,-38,-55,0.075
05e0549ac834f072,8,42,20,72,39,-22,-33,0.067
f56bd53513ad107e,8,47,24,79,46,-23,-33,0.065
673b3345a93bfcbc,8,53,30,88,57,-23,-31,0.068
5a8990c826ff1aeb,8,41,20,71,39,-21,-32,0.063
cbeb8fe588d40f29,8,47,27,80,51,-20,-29,0.078
89a64f7565b2b8c2,8,43,27,74,52,-16,-22,0.079
25337bcf2c15fe90,8,42,20,73,39,-22,-34,0.056
c154990e0eebefd1,8,47,27,81,51,-20,-30,0.07
02c887c322cbab16,8,55,27,93,52,-28,-41,0.07
dca445bcf6f53d53,8,63,29,105,56,-34,-49,0.077
9d8602b19f185486,8,56,24,93,46,-32,-47,0.066
6cb1f29791d190f6,8,62,30,102,57,-32,-45,0.071
831d686a21355edd,8,45,20,78,39,-25,-39,0.076
ca4cfab9d1174d9a,8,56,27,93,51,-29,-42,0.07
ca03e6abaf0d5c05,8,61,29,104,56,-32,-48,0.077
e806acc6cc446115,8,63,27,108,52,-36,-56,0.076
99ba661ff98964a6,8,72,30,123,58,-42,-65,0.09
2ca69590672b1ab0,8,59,27,100,52,-32,-48,0.073
b775e9de2249f1e1,8,66,29,111,56,-37,-55,0.07
d54b88e40256cbf6,8,42,14,70,29,-28,-41,0.056
797634e6f770b576,8,37,14,62,29,-23,-33,0.058
b41e120c70c091fc,8,43,21,71,41,-22,-30,0.062
cf5b09cb948a0323,8,45,20,75,39,-25,-36,0.073
af450ee106177fcc,8,61,18,100,36,-43,-64,0.073
eb5be9e8a48384c1,8,67,28,107,53,-39,-54,0.071
227186e2d4fcf4f8,8,53,18,87,35,-35,-52,0.061
305171c70a66baec,8,61,25,98,47,-36,-51,0.071
9fc0fe4f74275b2a,8,42,27,72,52,-15,-20,0.068
8c46ce643193a906,8,50,30,83,57,-20,-26,0.065
3b1fd134b8566dab,8,36,20,62,39,-16,-23,0.069
801c644879eb0a8d,8,44,27,74,51,-17,-23,0.092
6b9becd72fdc3d6a,8,62,25,102,49,-37,-53,0.082
07ab0e2c4db505a2,8,68,28,111,54,-40,-57,0.085
ebbad20ac89c19a3,8,56,18,93,36,-38,-57,0.07
78391a70aaa43e70,8,62,25,102,48,-37,-54,0.078
c3a380b5cde68759,8,57,25,93,48,-32,-45,0.067
103e47dc6c71a1b4,8,50,25,83,48,-25,-35,0.074
d4ab86ad46d70a5d,8,56,27,92,52,-29,-40,0.071
2887fd37dd64a08f,8,50,22,83,42,-28,-41,0.069
8b60c996364baa8c,8,56,28,92,53,-28,-39,0.078
2b22e198895c95bd,8,44,18,74,35,-26,-39,0.136
18decc21d00361fb,8,50,25,83,47,-25,-36,0.065
09bf652be3b2c619,8,72,27,120,52,-45,-68,0.078
4d59b7b4dc58d3c3,8,58,29,97,56,-29,-41,0.068
8337f71b888d9333,8,77,27,128,53,-50,-75,0.059
978c2897d5d60d22,8,65,25,107,48,-40,-59,0.066
fb2f7a16311f6282,8,72,28,119,54,-44,-65,0.066
162f46180a802636,8,58,25,98,48,-33,-50,0.064
e1eda3961c8d4658,8,66,27,111,52,-39,-59,0.071
84739f2fb625f442,8,28,21,48,41,-7,-7,0.066
6f55f4df770f1276,8,27,17,48,35,-10,-13,0.055
22b970883133e7b6,8,35,23,60,43,-12,-17,0.075
898633b79b0b0728,8,37,21,63,42,-16,-21,0.064
8895ca3554ef585e,8,45,27,75,53,-18,-22,0.073
f66028f4841857ba,8,52,30,84,56,-22,-28,0.069
f16bbd4770b1e0a8,8,61,24,101,46,-37,-55,0.074
140d217603c03566,8,48,26,79,47,-22,-32,0.069
f323389e65cc4b8a,8,53,24,88,46,-29,-42,0.065
f810d4840cc5088a,8,61,30,100,57,-31,-43,0.076
a9330228d0b360b3,8,47,24,79,46,-23,-33,0.07
4f8f2625c8274e24,8,55,30,91,57,-25,-34,0.071
671dd214b1c837f4,8,41,27,70,51,-14,-19,0.06
5d4376e4e159576f,8,33,26,57,46,-7,-11,0.06
7ee4d094d76077cb,8,35,24,60,45,-11,-15,0.062
b0a05eff07c1128b,8,43,30,72,56,-13,-16,0.077
bac8947f18cbba70,8,54,26,90,47,-28,-43,0.071
5fc802a633174126,8,54,24,89,46,-30,-43,0.067
989b3a099241aeca,8,62,30,101,57,-32,-44,0.072
4d0d17dcb18fad86,8,46,29,78,54,-17,-24,0.073
e0ba43088e68d24b,8,49,27,82,52,-22,-30,0.079
f90084f88f6a5c5d,8,58,30,95,58,-28,-37,0.068
cafb6272f328c984,8,36,20,63,39,-16,-24,0.07
7086eaf149e4472e,8,42,26,71,47,-16,-24,0.064
60538d1e64827659,8,47,24,79,46,-23,-33,0.06
ebe349577af8e9e1,8,55,30,92,57,-25,-35,0.064
aea505f932f59456,8,54,27,90,54,-27,-36,0.065
55ac79985a922377,8,69,30,112,58,-39,-54,0.064
5fccf620ed21b320,8,56,30,94,57,-26,-37,0.073
e9656b8ca93bded4,8,75,30,123,58,-45,-65,0.071
b457ee0b2fdf92aa,8,71,29,117,56,-42,-61,0.072
4484175a5bb86e3e,8,49,27,84,51,-22,-33,0.06
e77f605e4fabef25,8,57,29,97,54,-28,-43,0.072
e6e9796332ce833a,8,56,27,92,52,-29,-40,0.067
0c89d55d7e603398,8,60,30,99,58,-30,-41,0.071
6a9b77507f5251e8,8,42,24,71,46,-18,-25,0.06
19fdb15b80c13365,8,52,30,91,57,-22,-34,0.069
6968c14f9d2a9293,8,37,20,65,39,-17,-26,0.071
ffeb38d09d910856,8,44,27,74,51,-17,-23,0.084
c5ef251d06f191d8,8,46,27,81,52,-19,-29,0.076
2e8df5d5cc33868a,8,58,29,99,56,-29,-43,0.068
ffcd5a4578bd7def,8,31,23,55,43,-8,-12,0.068
224f142b083b715f,8,33,26,58,49,-7,-9,0.068
56f418ac82099015,8,18,20,33,37,2,4,0.064
f2459a54821fd87c,8,34,22,61,43,-12,-18,0.074
5f98dcf54ce0cd97,8,42,26,73,50,-16,-23,0.066
efd13e39a79d68bd,8,48,29,82,54,-19,-28,0.074
cbdf2b828206946b,8,46,26,79,47,-20,-32,0.071
880e081e414616bd,8,44,22,76,43,-22,-33,0.075
7a37d958f817b281,8,38,27,65,50,-11,-15,0.075
7e7471b812746ccf,8,29,20,51,39,-9,-12,0.058
0fb0915c9d8a3ad3,8,39,28,67,53,-11,-14,0.069
aab7efeb0c82175b,8,32,24,56,46,-8,-10,0.058
b0b2fa55ab407406,8,44,27,75,51,-17,-24,0.065
91b11b08d84a2d32,8,41,24,70,44,-17,-26,0.067
2d5950edb2365244,8,36,20,62,40,-16,-22,0.058
88c1d23ddf8e16b5,8,49,28,82,54,-21,-28,0.068
42f9045c37ec0683,8,41,24,68,47,-17,-21,0.073
d73c4e643e8a76de,8,47,27,79,52,-20,-27,0.077
18eb7251cc0b7902,8,40,29,70,56,-11,-14,0.072
c9b2c13775961817,8,55,29,95,56,-26,-39,0.074
5d9da7d0b23c8439,8,52,29,87,56,-23,-31,0.151
a3c875be22a7442a,8,37,23,64,45,-14,-19,0.076
bed16ed0d5f0a1c1,8,20,18,36,36,-2,0,0.066
0e7aac7a847c6b7c,8,19,14,36,29,-5,-7,0.068
d5303b52735546bb,8,33,22,56,43,-11,-13,0.067
dbd987b6b46271de,8,25,18,45,36,-7,-9,0.064
64b6b843ef44fa2d,8,56,30,93,57,-26,-36,0.074
0d39d5b6a40f236c,8,47,26,79,50,-21,-29,0.071
77c68c155f9d14dc,8,22,20,42,38,-2,-4,0.065
baf257b754aedb68,8,36,28,61,52,-8,-9,0.061
f3b62fc0b66eb5b0,8,31,24,54,45,-7,-9,0.071
a0f72c16b75ab608,8,37,27,64,50,-10,-14,0.076
541bcf3f3a2efe1f,8,38,24,64,43,-14,-21,0.057
dbbb3f280c860b6f,8,30,20,54,39,-10,-15,0.065
b4e4713904974337,8,46,28,76,53,-18,-23,0.08
b5d3c79bdd9e6aa0,8,39,24,67,46,-15,-21,0.073
983e32c8c8074514,8,37,24,65,46,-13,-19,0.08
88ce74c2e9968f8e,8,24,22,44,41,-2,-3,0.061
89b7d233c212d165,8,37,27,64,52,-10,-12,0.062
4bb97fce35638466,8,34,24,60,46,-10,-14,0.065
62c655cb414cd7c4,8,38,25,64,47,-13,-17,0.067
15d317e0ae40d460,8,31,22,56,42,-9,-14,0.062
746b41f81d04ffa7,8,51,27,86,52,-24,-34,0.072
22bc2596b7a04d2f,8,46,27,78,52,-19,-26,0.071
4aa0a93654005c8d,8,19,11,34,22,-8,-12,0.058
725f4d64adaba241,8,33,21,57,41,-12,-16,0.067
a23ac78ef072870d,8,30,21,53,41,-9,-12,0.06
44e928422a20c436,8,26,21,46,41,-5,-5,0.069
6a501286ecc31450,8,36,29,62,54,-7,-8,0.072
784767e6b1528499,8,35,27,60,49,-8,-11,0.073
b96aa34b75b3163e,8,29,27,50,49,-2,-1,0.058
2bc46af1cf4db496,8,50,29,85,56,-21,-29,0.076
21d20840b645b9c9,8,51,29,85,56,-22,-29,0.07
943a8217bf37a612,8,42,29,71,56,-13,-15,0.076
b27658540aff50fb,8,51,27,85,53,-24,-32,0.07
f1becda31f9607b0,8,43,27,73,53,-16,-20,0.075
29bdb68ed218bcb2,8,43,28,75,54,-15,-21,0.083
56469ae3d2468274,8,41,27,71,52,-14,-19,0.071
508a719a436b228b,8,44,27,75,52,-17,-23,0.072
23417ac9bbdc3cc2,8,35,27,59,52,-8,-7,0.063
c1db70f08734f27d,8,32,27,59,51,-5,-8,0.065
7c4f096b2f1e2f14,8,43,27,74,53,-16,-21,0.082
708bc86469651b20,8,25,21,46,39,-4,-7,0.063
54258d509ad4071d,8,29,23,49,44,-6,-5,0.068
3540b7309ec0487f,8,33,21,59,42,-12,-17,0.074
a4d2c298d1b58936,8,50,24,85,48,-26,-37,0.06
849c08c9be575d07,8,40,23,70,46,-17,-24,0.067
95f9abead98ab8ca,8,46,23,79,46,-23,-33,0.065
2b63bf60addc27e4,8,38,23,67,46,-15,-21,0.062
1e0e1b1bb03f0df7,8,33,26,57,48,-7,-9,0.061
e997179f4c32e5a1,8,31,24,51,45,-7,-6,0.068
5bc0d090f0234fa4,8,14,20,26,36,6,10,0.065
14822375621acabf,8,23,24,38,43,1,5,0.064
67fb5762277d832e,8,51,26,87,50,-25,-37,0.074
f764bd3b45951c7c,8,43,30,73,57,-13,-16,0.081
cd6c2c6d53872904,8,43,26,72,50,-17,-22,0.08
10314f5bd7cf6258,8,40,24,66,47,-16,-19,0.061
f146b25fc5a45453,8,24,20,43,39,-4,-4,0.075
af42bf8e666674af,8,33,28,57,53,-5,-4,0.074
3858976bddd60e57,8,32,24,53,46,-8,-7,0.149
71934af79f30d5a4,8,30,23,51,44,-7,-7,0.07
821017d40c14607d,8,17,19,32,35,2,3,0.063
9ec54d3d14374cb5,8,32,27,55,49,-5,-6,0.062
f5cd3c57bbc9d7a6,8,27,23,48,42,-4,-6,0.069
000f667663108294,8,16,16,30,31,0,1,0.067
4c881a8357b17b4d,8,30,24,50,45,-6,-5,0.057
3e7b8cc03e602084,8,21,20,39,38,-1,-1,0.065
9f45ca1f5501a629,8,17,21,31,35,4,4,0.064
e50496d5dd125e0b,8,14,18,24,28,4,4,0.066
244f94fef71b056e,8,7,14,14,24,7,10,0.059
1dbb88398c8464cf,8,22,22,36,38,0,2,0.064
0ec8b3febf73da69,8,15,18,29,31,3,2,0.071
382d9a2f0b5d5628,8,33,19,57,39,-14,-18,0.065
0efbd50ab23c11f0,8,51,27,85,53,-24,-32,0.083
ef9bbd4a3870e1f4,8,39,23,67,46,-16,-21,0.065
39bdb4a9b1a6f3f9,8,32,26,56,49,-6,-7,0.062
070a103a59bd602d,8,30,23,53,42,-7,-11,0.059
3a0dff4f0c6ccdea,8,25,19,46,38,-6,-8,0.061
588828844ea54315,8,41,27,69,52,-14,-17,0.062
79022fe2d08effe9,8,33,23,58,45,-10,-13,0.059
c300188a52a14fd6,8,32,23,56,44,-9,-12,0.059
c81a80cf3ad6541e,8,31,20,53,37,-11,-16,0.076
979baf4cf8abcee6,8,27,16,49,33,-11,-16,0.057
d939be11a80746a6,8,39,24,65,47,-15,-18,0.07
ff8d6f0b399c3d3e,8,34,20,59,40,-14,-19,0.065
7cc76b1891fb04fc,8,32,21,52,39,-11,-13,0.051
0f1412b0dbe7b045,8,24,21,42,40,-3,-2,0.058
b0a1d63695666db2,8,23,18,39,33,-5,-6,0.063
d027b95b008cfaa8,8,18,14,34,29,-4,-5,0.059
6376b70b398ea667,8,31,22,51,43,-9,-8,0.074
9f9e58553af78db8,8,26,18,45,36,-8,-9,0.063
bce879dd97b7a8ac,8,28,24,49,46,-4,-3,0.073
8a785239a5dbbc23,8,31,27,53,52,-4,-1,0.061
f0bff77092b7841b,8,29,24,50,46,-5,-4,0.067
ef0672ed3c276f4b,8,26,22,45,42,-4,-3,0.064
4818e468a38e1e8a,8,19,21,35,37,2,2,0.058
280be98a022b8865,8,16,19,28,32,3,4,0.066
ea2f779aefbb6a0a,8,11,16,20,27,5,7,0.065
b7dd19224081314b,8,35,23,61,45,-12,-16,0.075
8cd8b7dbb8d8b3b5,8,30,24,53,46,-6,-7,0.067
1b4613c8fd58a3a0,8,27,21,49,41,-6,-8,0.06
7f62ccef0c584822,8,36,23,63,46,-13,-17,0.064
74f82eda17cae40c,8,31,21,53,41,-10,-12,0.061
fba239cff61d3db7,8,26,18,47,36,-8,-11,0.062
9f7a7d88da52d930,8,34,21,57,41,-13,-16,0.065
72fe5c5d8604d26e,8,26,21,47,42,-5,-5,0.057
12ebfb683c089092,8,26,18,45,36,-8,-9,0.072
aa8db2de0d793111,8,23,19,39,37,-4,-2,0.072
0994e5dca9573e3c,8,20,16,37,32,-4,-5,0.059
8e443f7331a0767b,8,33,27,60,52,-6,-8,0.057
945b36646b39f947,8,23,21,41,37,-2,-4,0.058
0174cfa6b4ec70b5,8,38,23,67,46,-15,-21,0.05
fa4cde01e974d590,8,38,21,66,42,-17,-24,0.051
b8b7de665372dce4,8,32,21,57,42,-11,-15,0.058
12192b92b378d3dd,8,32,27,56,53,-5,-3,0.058
20da63c7c4c479b0,8,48,28,81,54,-20,-27,0.07
d7f17db41d1265c1,8,41,27,71,52,-14,-19,0.081
dcc5642a9925fbfd,8,38,27,65,52,-11,-13,0.077
e13d289f0350759e,8,35,24,61,46,-11,-15,0.079
8c90763e85eb7c56,8,52,29,91,56,-23,-35,0.083
b6e9296fbeef9244,8,50,29,86,56,-21,-30,0.08
7b3373b42879e1d2,8,46,29,80,56,-17,-24,0.079
f9dca4f9da0bd2f9,8,46,29,78,56,-17,-22,0.078
e72c1a028eeb2b4a,8,49,30,83,58,-19,-25,0.08
ec9bd9583c442ce8,8,41,29,71,56,-12,-15,0.066
6214bc7424271f67,8,42,29,73,56,-13,-17,0.083
2b1fd15fa2552753,8,40,29,71,56,-11,-15,0.079
4da8e5b4f1e7515e,8,38,27,65,52,-11,-13,0.065
9e2a3f0feb4bdccc,8,38,27,65,52,-11,-13,0.139
3ffa7873d0d8750f,8,38,27,65,51,-11,-14,0.061
516f6f9c7f5e77e1,8,31,27,54,51,-4,-3,0.067
687c6f97291535ba,8,53,29,89,56,-24,-33,0.071
496c4f5eade9bff8,8,52,29,87,56,-23,-31,0.066
3ec1a6fd4cbb6790,8,45,29,76,56,-16,-20,0.074
595f620d2629a60d,8,40,26,71,51,-14,-20,0.077
0940a9a3c0cc7b7b,8,46,26,82,52,-20,-30,0.074
0d7d4177db86bb34,8,33,26,60,51,-7,-9,0.073
87600765d4a1ec8d,8,45,26,76,52,-19,-24,0.074
4bcc1bc3d819aaa1,8,39,26,68,52,-13,-16,0.067
386071088896864f,8,36,27,63,52,-9,-11,0.068
4eeeff674e3714e5,8,40,23,70,46,-17,-24,0.063
d443f7a9e7267680,8,25,21,46,41,-4,-5,0.07
3ee0f079f814d9ea,8,36,23,59,45,-13,-14,0.067
7fb09b3ab3c22895,8,30,23,51,45,-7,-6,0.066
702dd2db19b4690c,8,39,26,68,52,-13,-16,0.06
8aabed0ad1f4e98e,8,37,26,64,51,-11,-13,0.079
339a55a6d3f38a74,8,31,26,56,51,-5,-5,0.057
2e93e4b908d3ff2f,8,16,22,30,41,6,11,0.064
5f8fd6cb02bca2d4,8,20,16,35,32,-4,-3,0.069
2b682c5ecffda45d,8,19,21,36,41,2,5,0.061
db9972cccecdda59,8,17,18,32,35,1,3,0.056
ba68f114b5c3813f,8,21,21,39,41,0,2,0.072
334d4584a389e361,8,19,18,33,35,-1,2,0.053
1992dcc2738ab5d5,8,16,19,28,36,3,8,0.061
cc9fe7341f6471d5,8,12,16,24,31,4,7,0.058
ac644ec288c64758,8,28,21,50,41,-7,-9,0.068
c748fe969652fcad,8,25,21,43,41,-4,-2,0.063
2b8b9513e26780f2,8,15,12,28,25,-3,-3,0.051
b8840b5c7aa3ebea,8,33,21,56,42,-12,-14,0.059
a2858aaa7c6741c7,8,28,21,51,42,-7,-9,0.052
f02f6e0624bfe421,8,23,18,42,36,-5,-6,0.052
9c02cd89d3d872bb,8,17,14,32,29,-3,-3,0.047
ce7f3a2c59cb7d72,8,26,21,48,40,-5,-8,0.062
7ddc8b274f319bf3,8,29,28,52,53,-1,1,0.054
fd26a02520ae5298,8,48,30,80,58,-18,-22,0.074
f759347a567fa45e,8,30,24,53,46,-6,-7,0.063
5d6bc7002a7fe151,8,38,30,65,57,-8,-8,0.074
63d2c455648bdcfd,8,35,23,60,46,-12,-14,0.057
16a6024a023045ee,8,32,24,54,47,-8,-7,0.067
d9ee398f88232c4a,8,49,26,83,52,-23,-31,0.062
9b01cb75f52e0265,8,43,27,74,53,-16,-21,0.064
8e20aed46e4b5fbe,8,41,26,70,51,-15,-19,0.07
8cdd78da45eaaaf9,8,41,27,69,52,-14,-17,0.053
b80200f8ae9265f0,8,40,23,67,45,-17,-22,0.06
175911304274d176,8,34,24,59,46,-10,-13,0.066
69e4f45bd1041d7d,8,24,14,44,29,-10,-15,0.062
8f1e2fa3ec0e43bf,8,31,21,56,40,-10,-16,0.066
67bcea62169bec70,8,34,24,59,47,-10,-12,0.058
51df03485cf76e21,8,23,21,40,42,-2,2,0.054
d08e9b44d5535b80,8,29,23,52,45,-6,-7,0.069
bcfb28c57108fa32,8,19,18,36,36,-1,0,0.054
0926cebf53183b60,8,26,24,46,46,-2,0,0.061
a069b2b2097900fc,8,15,14,29,29,-1,0,0.046
0ecca988945e2846,8,22,21,40,40,-1,0,0.059
90307e2c8717550a,8,48,27,83,53,-21,-30,0.066
9b23170662729d00,8,39,24,67,47,-15,-20,0.056
656ef8c40f43febc,8,46,26,79,51,-20,-28,0.07
699559257aac9768,8,43,27,74,52,-16,-22,0.064
458daf900ff2294f,8,28,17,50,34,-11,-16,0.052
668b13a8581f9e1c,8,37,24,66,46,-13,-20,0.059
73ed3e0f6a24593f,8,33,24,57,46,-9,-11,0.058
195d6a412ec0c30d,8,40,27,70,52,-13,-18,0.068
4e71c5ca43466818,8,28,24,50,46,-4,-4,0.064
f0ec8b1b549fbd40,8,36,26,62,50,-10,-12,0.062
65433540593b7c81,8,25,21,45,40,-4,-5,0.059
c52bdb68e0c42837,8,33,27,57,51,-6,-6,0.074
d808d8911484f045,8,21,17,39,33,-4,-6,0.06
494befce92ee8847,8,29,24,52,45,-5,-7,0.056
47ae30ed5d2c31a2,8,30,28,51,52,-2,1,0.059
c8b9197bef955cc7,8,27,17,49,34,-10,-15,0.061
2c94653b97890552,8,27,24,48,46,-3,-2,0.126
148b33c0e3dacb96,8,34,27,63,51,-7,-12,0.057
6fbecfe927d6f812,8,20,17,38,33,-3,-5,0.053
58ef26fafbb58dbe,8,28,24,50,45,-4,-5,0.067
6e84bfc2b9291278,8,23,14,40,29,-9,-11,0.063
1aeef06958aca3dd,8,29,21,50,40,-8,-10,0.061
4749c044aedd7418,8,25,19,43,37,-6,-6,0.061
3a9c29f62e0de007,8,21,19,37,37,-2,0,0.055
45658f1f1f14570d,8,25,21,44,40,-4,-4,0.063
28c6c9d09ecde8ce,8,18,16,32,31,-2,-1,0.061
0eb46081f24489d1,8,26,22,44,41,-4,-3,0.063
92918a4ed64b391b,8,12,12,22,24,0,2,0.06
1a3275a9e694821c,8,16,19,29,35,3,6,0.065
eb13fb7ab8846554,8,66,30,110,58,-36,-52,0.059
bf0e3abc8a6bc6f8,8,42,24,75,47,-18,-28,0.061
128812218eb500f7,8,51,26,87,51,-25,-36,0.066
35b6beee158d670f,8,58,24,97,48,-34,-49,0.064
9f9da6ea3f6eaf87,8,54,24,92,48,-30,-44,0.054
552a9d54b9b3e47a,8,63,27,105,54,-36,-51,0.073
537ad61212b6891f,8,49,24,84,48,-25,-36,0.071
2b17396f46d80d16,8,53,26,91,52,-27,-39,0.069
5f4a6c04ebeae483,8,37,18,62,36,-19,-26,0.06
f70ff563f1724504,8,45,23,76,46,-22,-30,0.066
4aed63afaeddb4a8,8,43,24,71,47,-19,-24,0.057
9d10d535e1f28dca,8,29,14,51,29,-15,-22,0.06
1114b5c282949451,8,37,21,62,41,-16,-21,0.065
e6e8ae5ce0601d2b,8,36,21,62,42,-15,-20,0.07
ab1f3bf811a2283a,8,44,23,76,46,-21,-30,0.059
ef954dc7b86e764c,8,50,29,86,54,-21,-32,0.068
82ef7e1d85724d6e,8,52,27,86,52,-25,-34,0.068
271d24b8e50952b1,8,56,30,93,58,-26,-35,0.078
219fa08ab27ae79e,8,64,27,109,53,-37,-56,0.076
e128a68a86c2bdfb,8,48,24,80,46,-24,-34,0.07
eb41dbd8fa3ab034,8,58,27,99,52,-31,-47,0.082
381742e2a93b12bc,8,58,24,98,48,-34,-50,0.069
2ec9a5706baf909c,8,40,23,69,44,-17,-25,0.069
974895c289ec9467,8,37,21,64,42,-16,-22,0.066
46b005ab7935a46b,8,48,24,81,48,-24,-33,0.076
e82266eeabd72236,8,54,24,92,48,-30,-44,0.075
b3c03d3cf1773985,8,61,27,102,54,-34,-48,0.068
106a87da39c3a562,8,48,24,81,47,-24,-34,0.068
6165552730458fe2,8,56,26,93,51,-30,-42,0.063
20ee0d5150aaae3f,8,46,26,80,49,-20,-31,0.062
9b02c49ecb7c8cc8,8,44,24,74,47,-20,-27,0.063
629f2174dd2fe270,8,55,27,93,53,-28,-40,0.062
ab8c63705f3b83a3,8,42,23,73,46,-19,-27,0.071
90ec2ef0c7c40dc1,8,53,26,91,52,-27,-39,0.08
b7e167163ee7f1f4,8,55,27,93,53,-28,-40,0.08
a752e54c5fee3998,8,39,24,70,47,-15,-23,0.057
98d7d814a9da9300,8,46,26,79,51,-20,-28,0.073
c934d9fbfe43aeee,8,48,28,80,54,-20,-26,0.065
c511ddfb0bc2e117,8,49,22,84,43,-27,-41,0.069
89a5c38558dd77e6,8,56,27,94,53,-29,-41,0.068
8ee636939fc73632,8,54,24,90,48,-30,-42,0.063
471704986ff559d8,8,48,21,79,42,-27,-37,0.076
7023aef83242ad97,8,39,21,66,40,-18,-26,0.071
a22e3915300d010d,8,37,19,63,38,-18,-25,0.066
c7a42a12029cd47f,8,47,22,78,44,-25,-34,0.079
92687fb42d28e6ef,8,29,18,49,35,-11,-14,0.063
c51b3abd9161f6e3,8,37,25,60,47,-12,-13,0.061
ffae4e0420f67686,8,36,24,62,46,-12,-16,0.051
9cb39bfc135b96dc,8,35,22,58,43,-13,-15,0.12
cb37de1cacabb4c0,8,21,12,38,25,-9,-13,0.058
3289ec95f66b1761,8,29,19,49,37,-10,-12,0.075
92cb3518ec363ba0,8,28,19,49,38,-9,-11,0.062
0be55a97a8e6a036,8,37,21,65,42,-16,-23,0.065
223cd07bbe938a10,8,46,27,75,53,-19,-22,0.072
50158da1e4ebbfcd,8,33,21,58,42,-12,-16,0.07
167acd7a0f56d8b7,8,23,16,42,32,-7,-10,0.061
aa604569eb371e0c,8,39,23,67,46,-16,-21,0.066
c4b8579b69387b8b,8,36,21,62,41,-15,-21,0.066
c2771f71ae23b0f2,8,31,18,53,36,-13,-17,0.064
b66e5cce1326ef57,8,47,23,77,46,-24,-31,0.082
54b4031505844e58,8,43,23,74,46,-20,-28,0.08
bdbae2b6df5c2cd9,8,29,18,52,36,-11,-16,0.075
b9ea8ff798ce041a,8,28,19,49,37,-9,-12,0.077
eb4e6376b29e19ae,8,22,16,42,32,-6,-10,0.06
66e09a9e840c3ca7,8,35,21,61,42,-14,-19,0.072
f42f2a1e9307de6c,8,19,18,36,33,-1,-3,0.058
8216a36fd3ea78c4,8,33,24,56,43,-9,-13,0.061
446c2cc971418aee,8,31,26,53,47,-5,-6,0.07
3fcd977cea5c11b8,8,18,17,34,31,-1,-3,0.073
ae9f22615ca905c2,8,26,24,45,42,-2,-3,0.063
5f0f96ea661284ff,8,33,21,58,40,-12,-18,0.063
e7fc0e4093328f8c,8,26,21,47,40,-5,-7,0.067
b237b2e728a922ff,8,32,17,56,35,-15,-21,0.066
8224125638456c91,8,42,24,71,47,-18,-24,0.07
301d46a7970aaf1b,8,40,26,68,52,-14,-16,0.066
ba7cff8ff8e77d09,8,40,27,68,53,-13,-15,0.067
1b68f60fce5b72b2,8,25,17,45,35,-8,-10,0.065
f5f30cb18f58fa7b,8,35,24,60,47,-11,-13,0.07
f27ccde0d87d1755,8,35,25,62,46,-10,-16,0.06
d3b8b2e0a53e70f2,8,34,27,59,50,-7,-9,0.061
ac4e50f935a6e222,8,20,18,37,34,-2,-3,0.062
18b0c65d75d36198,8,25,25,45,45,0,0,0.057
25d13a79bed7a974,8,51,29,86,55,-22,-31,0.078
0b75b5a5d28b2f64,8,50,30,83,56,-20,-27,0.057
8b42bc3f722d9333,8,36,20,63,38,-16,-25,0.057
6ff74b0fe6337afd,8,44,27,74,50,-17,-24,0.058
4857f81b0eab7c98,8,46,30,77,56,-16,-21,0.056
46154990a336a07f,8,43,29,73,54,-14,-19,0.059
1107aa4be9136d71,8,42,30,70,55,-12,-15,0.071
69d3ad84f797afe9,8,28,20,50,37,-8,-13,0.065
7bd792abbc261106,8,36,27,61,49,-9,-12,0.072
82575f86602cb93d,8,53,27,91,53,-26,-38,0.076
aae1d4eb185421b1,8,49,28,84,54,-21,-30,0.072
9cca7395c41de130,8,37,18,65,36,-19,-29,0.073
c72555fdb333281e,8,42,25,73,48,-17,-25,0.077
afbd74c30be851f5,8,49,28,81,55,-21,-26,0.076
d40e183c033972d5,8,43,27,74,53,-16,-21,0.065
d53973ced8775aa1,8,39,28,67,54,-11,-13,0.071
639933b5b6d9fcce,8,27,18,48,36,-9,-12,0.064
ba3c45d721f0cc00,8,32,25,56,48,-7,-8,0.077
7635751c1398d632,8,62,30,105,58,-32,-47,0.074
30dc3c05b78df048,8,52,27,89,52,-25,-37,0.07
a06ba8429a9a5c21,8,60,29,101,56,-31,-45,0.074
08f2d3bd2804fd90,8,58,30,97,57,-28,-40,0.085
e6f0971381ff0836,8,43,20,74,39,-23,-35,0.073
b3620a4999516993,8,53,27,89,51,-26,-38,0.068
5cb763adb4e91f14,8,50,27,83,52,-23,-31,0.069
61d15e5484ff1e97,8,54,30,91,58,-24,-33,0.074
c8b1311a3022f40a,8,44,27,76,52,-17,-24,0.078
0613ba7656b20f9b,8,52,29,88,56,-23,-32,0.083
52f2a9bf88b75a2f,8,42,24,72,46,-18,-26,0.06
c18d6acc42861764,8,50,30,84,57,-20,-27,0.072
0da73437c6f9d1b3,8,35,20,61,39,-15,-22,0.055
80825fad899ac2bd,8,45,27,76,51,-18,-25,0.068
505f0ac110d2366b,8,6,11,13,20,5,7,0.053
ce1a0af0a9ae46df,8,15,14,28,28,-1,0,0.055
e49da164aed2cedb,8,23,18,40,36,-5,-4,0.061
277946e987ac9c44,8,33,24,57,44,-9,-13,0.076
19c47388616e00b8,8,35,24,58,42,-11,-16,0.066
f5740ed376d9d3e2,8,35,22,58,42,-13,-16,0.067
1f977b099d408f9f,8,32,27,55,47,-5,-8,0.061
8ab2d2fda788cfd4,8,34,25,56,46,-9,-10,0.066
8dcd9c7d5df48e5c,8,19,18,33,32,-1,-1,0.069
ee0191b4df949a3f,8,27,24,45,40,-3,-5,0.069
71b05006ca5b1d78,8,27,22,45,40,-5,-5,0.066
0c7ce126c2d72d7f,8,67,30,109,58,-37,-51,0.089
ef01a1351814e45d,8,48,26,81,47,-22,-34,0.075
fc93e33c2d6ef539,8,44,29,75,54,-15,-21,0.078
a8f615108d975d3c,8,52,27,86,52,-25,-34,0.069
78134e72efaabbb4,8,57,30,94,58,-27,-36,0.078
dbbdaf576264fae8,8,34,20,59,39,-14,-20,0.062
463e8e8d47a3c2f7,8,40,26,68,47,-14,-21,0.078
e3773d5545378a7d,8,42,24,71,46,-18,-25,0.067
0e4d59550b52c899,8,48,27,81,51,-21,-30,0.153
1c5c663b48d9e842,8,51,25,84,49,-26,-35,0.072
8a4274f2a91d3907,8,56,28,93,55,-28,-38,0.086
4ea9e264830a7341,8,36,18,61,36,-18,-25,0.06
ee21804079ce73b6,8,44,24,73,44,-20,-29,0.069
11225ac9e20b2813,8,44,22,73,43,-22,-30,0.078
e1129280ee0782aa,8,52,28,85,54,-24,-31,0.075
af03d12b1ee3475f,8,33,25,55,47,-8,-8,0.059
9c64a2afd64e27a1,8,41,27,70,50,-14,-20,0.065
71a76eb4652c9e94,8,43,25,71,48,-18,-23,0.063
dc9c450e8b88aa7f,8,49,28,82,54,-21,-28,0.065
c874247d79326406,8,28,18,48,35,-10,-13,0.068
6d90da5cb1aeea29,8,36,24,60,43,-12,-17,0.079
08eebe3608a6fc57,8,36,22,60,42,-14,-18,0.07
bcae7646f7fb18c5,8,44,28,72,53,-16,-19,0.073
d694b262f1398a38,8,30,24,51,46,-6,-5,0.058
dda39ea7dfefcf2e,8,40,20,69,39,-20,-30,0.067
c9e12674823deeb4,8,50,27,84,51,-23,-33,0.078
a019e12a0f6b5c27,8,48,30,80,57,-18,-23,0.073
16c5e94b19c55e86,8,51,28,84,54,-23,-30,0.074
0226d1d6b74ffabb,8,36,18,61,36,-18,-25,0.072
ec178026e311be0d,8,46,25,76,48,-21,-28,0.064
082b44ef583fb878,8,41,25,67,48,-16,-19,0.064
0edc553c42acbf52,8,37,25,62,48,-12,-14,0.056
9040f78caed23f90,8,45,27,74,52,-18,-22,0.073
6d3df325a5fa3018,8,35,22,59,42,-13,-17,0.07
d46a06bd2289a0e5,8,43,28,71,53,-15,-18,0.078
6790191b47291b33,8,28,18,48,35,-10,-13,0.054
3bcd64959d50458d,8,38,25,63,47,-13,-16,0.063
4c25647408e09548,8,32,27,55,51,-5,-4,0.068
827029f30d2139b3,8,33,25,55,47,-8,-8,0.07
e6c6574a35a6b734,8,33,27,57,51,-6,-6,0.071
24aa18a8e4134eb2,8,33,28,54,52,-5,-2,0.064
31fc5652f98b96fe,8,17,18,30,35,1,5,0.072
a09e9240dd6f7197,8,25,25,42,46,0,4,0.082
209b5c7d9c0decd9,8,34,25,57,46,-9,-11,0.06
d3c825526226a9bf,8,31,24,51,46,-7,-5,0.061
83fa3098ce67dd1f,8,18,14,32,29,-4,-3,0.058
4097807d9ad55aaa,8,38,21,64,40,-17,-24,0.059
843e37f647825ee5,8,18,20,34,38,2,4,0.059
c131a191ab3dcc5e,8,24,27,43,49,3,6,0.073
ddc97a1725061122,8,32,25,54,47,-7,-7,0.072
b4c71d2c6b4ba353,8,17,16,31,31,-1,0,0.068
5d5de5db7ac25cb7,8,25,22,43,41,-3,-2,0.062
ed502d9caa846ed8,8,19,17,34,34,-2,0,0.06
7b0ff64e5554b319,8,27,20,46,40,-7,-6,0.054
ae775ddcc3da49fd,8,16,14,28,28,-2,0,0.064
6c632a37bd33fcdb,8,24,21,40,41,-3,1,0.072
44205041c7334698,8,9,12,18,25,3,7,0.053
8a08244655a072c5,8,18,18,33,35,0,2,0.057
859a9fca4d13a664,8,67,30,112,58,-37,-54,0.074
37de4463ec6a73ee,8,42,27,73,52,-15,-21,0.059
db12f7fd98fdb003,8,55,30,94,58,-25,-36,0.073
18912297e5d8a1d1,8,50,29,87,56,-21,-31,0.071
e89a25e27008c2da,8,61,27,103,52,-34,-51,0.079
64ac692d60477b25,8,64,30,107,58,-34,-49,0.069
d7ce563c88361530,8,50,27,87,52,-23,-35,0.072
bf2495f9d23c3147,8,54,29,92,56,-25,-36,0.072
dc3ebd88e7bb65bc,8,18,19,33,37,1,4,0.053
1041efdd9087221c,8,17,12,32,25,-5,-7,0.063
1c6883b594b1ebd4,8,25,19,44,37,-6,-7,0.064
a77a567fe6569650,8,36,25,61,49,-11,-12,0.068
21db1b657b84ac3f,8,53,27,88,53,-26,-35,0.066
2cb8f5991972a8e2,8,52,28,85,54,-24,-31,0.07
bbb10d4acbc96013,8,46,25,76,48,-21,-28,0.061
523cbc58f50d6316,8,33,27,58,51,-6,-7,0.059
4326d2343d82965b,8,34,20,61,39,-14,-22,0.07
12fb63b226d30abd,8,41,27,70,51,-14,-19,0.058
de2f687bd6cf5109,8,40,27,68,53,-13,-15,0.054
b950e2cc2e020610,8,35,28,59,54,-7,-5,0.058
deb65c5ba372e3f2,8,29,25,50,48,-4,-2,0.109
96be947914876eec,8,51,28,84,54,-23,-30,0.061
2e6ce14ea4a6a303,8,46,27,77,52,-19,-25,0.072
57747e5fb9bed7b6,8,45,28,74,53,-17,-21,0.064
6d4004fab2641083,8,29,18,50,36,-11,-14,0.063
5bfb8a5848e4b557,8,37,25,62,47,-12,-15,0.057
fe78f36935cdbad8,8,19,19,36,37,0,1,0.058
a57074e543909af8,8,33,24,57,46,-9,-11,0.067
355f8812db759258,8,18,17,34,35,-1,1,0.055
16c837c9e2d2d941,8,26,24,46,46,-2,0,0.061
739d1b502a7ec792,8,53,27,89,51,-26,-38,0.062
3ed84dca2dde4fea,8,35,20,61,39,-15,-22,0.054
6b0109c8c7dcbf9a,8,45,27,76,51,-18,-25,0.064
ecc1a33d5c1c10e8,8,20,18,37,36,-2,-1,0.056
a948b28726b1f378,8,25,25,45,47,0,2,0.074
7f3c7970c7952ad4,8,52,30,87,57,-22,-30,0.078
181ba7d5ec475030,8,36,20,63,39,-16,-24,0.071
98d7c0f891d23909,8,44,27,75,51,-17,-24,0.067
1f4ee6003b21890c,8,37,27,65,52,-10,-13,0.058
764b21f97f338659,8,45,29,77,56,-16,-21,0.072
2831ff0767475ef3,8,34,24,59,46,-10,-13,0.056
01fa6c9fecd4341a,8,44,30,74,57,-14,-17,0.068
10730bde4de1234b,8,28,20,50,39,-8,-11,0.065
cae763f45838c06c,8,36,27,62,51,-9,-11,0.063
f56918597c104e24,8,42,27,73,52,-15,-21,0.058
eca518e623a2d505,8,54,29,92,56,-25,-36,0.066
47bef592af457c97,8,40,27,71,52,-13,-19,0.067
48057736a8b595e6,8,46,29,79,56,-17,-23,0.062
2f4c61d00d5f9fac,8,14,16,26,32,2,6,0.057
fc41faa6fa878a9d,8,36,24,60,43,-12,-17,0.066
4f185d3809c4f682,8,35,22,59,42,-13,-17,0.057
cdbff56dcf540d43,8,36,24,60,46,-12,-14,0.063
060a0d79073ed81d,8,51,28,84,54,-23,-30,0.062
2e5866464963d445,8,37,24,62,43,-13,-19,0.07
829ef7e9604d80ee,8,35,22,59,43,-13,-16,0.054
923ae0f28c383692,8,45,28,74,53,-17,-21,0.066
1dd5e8285e251027,8,36,25,60,48,-11,-12,0.055
31f3412e665bdf54,8,43,28,71,53,-15,-18,0.069
070be33055a7d395,8,21,18,37,34,-3,-3,0.059
14be3142697c8421,8,29,24,49,42,-5,-7,0.054
abcff97d1c45e4f9,8,27,22,46,42,-5,-4,0.061
7c664bea42ec70e4,8,37,28,61,52,-9,-9,0.062
cfef24426f6f67f7,8,30,22,52,44,-8,-8,0.074
3cb04448f9e06be8,8,52,28,89,54,-24,-35,0.074
15c0ca4b990ec150,8,56,30,94,58,-26,-36,0.072
04c914bf7aeaef10,8,56,28,90,54,-28,-36,0.068
880b55a3bd118088,8,51,27,83,51,-24,-32,0.075
ef8062638c2d453e,8,39,27,67,49,-12,-18,0.072
9b352c6805c09872,8,38,25,65,48,-13,-17,0.067
2e0095bca19a8509,8,48,28,78,53,-20,-25,0.068
3b5aac1edb8601ab,8,8,12,17,25,4,8,0.051
958a28091cad6687,8,16,19,29,37,3,8,0.061
bdcee897a7f499f8,8,33,27,57,51,-6,-6,0.067
25e30de8dcf78836,8,37,25,62,47,-12,-15,0.058
5210809f2fbce75f,8,37,28,61,52,-9,-9,0.059
fbc246ec3bf69f1e,8,21,18,37,35,-3,-2,0.052
3136cf87a5622dca,8,29,25,49,46,-4,-3,0.058
622f6986e83e5741,8,32,25,57,48,-7,-9,0.068
2bf0cfb26aab029f,8,42,27,69,51,-15,-18,0.069
66b9d097f71c9e56,8,30,23,54,45,-7,-9,0.066
995928f81f99ea72,8,47,29,83,56,-18,-27,0.07
d68ccb5d5cf8eb2e,8,47,25,80,47,-22,-33,0.072
935914ccac0da8aa,8,47,27,80,52,-20,-28,0.071
e8cd003a826768f9,8,41,27,73,52,-14,-21,0.068
376c1708519a3c95,8,24,27,42,51,3,9,0.07
e1bdcde78ec4e1c5,8,27,21,46,40,-6,-6,0.071
342bbc942fd1c66b,8,26,27,47,49,1,2,0.075
0d30232fe412ed9b,8,21,24,39,44,3,5,0.065
7d3763aad85b53c9,8,25,22,43,41,-3,-2,0.065
bc1a18eefe47062b,8,21,19,39,36,-2,-3,0.059
0bb5badd59c597ac,8,27,20,46,39,-7,-7,0.061
44b931135ac0416f,8,18,20,33,40,2,7,0.071
a3e6d745003a311f,8,16,18,28,35,2,7,0.071
00c9e8875ba0f608,8,13,15,24,30,2,6,0.067
15cb247a8c1854b2,8,32,29,57,54,-3,-3,0.079
5b4deed3eae42c04,8,30,18,52,35,-12,-17,0.062
dca3afb84ebee5a6,8,23,20,44,40,-3,-4,0.074
49cd270a3d67c836,8,24,21,44,42,-3,-2,0.069
1f42e8ef480b6e35,8,25,18,45,36,-7,-9,0.071
a56cf3ddf6375006,8,19,16,36,32,-3,-4,0.073
61d2bdef13f96c07,8,47,24,80,46,-23,-34,0.065
bece2487a041b521,8,31,22,54,44,-9,-10,0.125
7a41afa7cfaf0dfb,8,46,25,76,48,-21,-28,0.064
bfaa1b658ed5794b,8,38,22,65,43,-16,-22,0.068
19cd4a80718bd73a,8,40,29,70,56,-11,-14,0.075
d52658d9f47c893a,8,45,26,79,50,-19,-29,0.068
098e8fca64b93961,8,44,27,75,51,-17,-24,0.063
da1c69896399f1ad,8,36,24,64,46,-12,-18,0.066
e7bb4fcc77132fc5,8,32,27,56,53,-5,-3,0.059
89eafb509b8abcec,8,28,24,49,47,-4,-2,0.068
e3f0d2b3c8d4c164,8,31,25,53,48,-6,-5,0.061
0f53a41e584186d3,8,23,22,41,43,-1,2,0.057
db7192ce07ade24f,8,36,27,62,52,-9,-10,0.07
2a2c8b79db133895,8,34,24,60,46,-10,-14,0.065
b32f791452d0e80f,8,37,25,62,47,-12,-15,0.069
7e2cbdc3f4164331,8,30,22,54,42,-8,-12,0.069
dbf12a6c36edce8e,8,50,29,86,56,-21,-30,0.063
5d1545c39bdd3b27,8,50,27,84,52,-23,-32,0.064
9c7301a3b7c8e9ac,8,44,27,76,52,-17,-24,0.073
fcb6f79c342de82e,8,27,21,49,42,-6,-7,0.074
8dd47b0b146aa1c9,8,13,16,27,32,3,5,0.056
092593db17e4af53,8,25,26,46,51,1,5,0.061
f0b917b1fb2cdec3,8,26,24,46,46,-2,0,0.067
6aa88216488f5393,8,20,21,38,41,1,3,0.064
1c08d5e37914d7f2,8,48,24,83,46,-24,-37,0.074
1fea7ef3b6af0eab,8,38,24,67,46,-14,-21,0.067
4b45df612574acd7,8,31,22,54,42,-9,-12,0.061
7815965350710428,8,28,27,50,52,-1,2,0.063
38fedb3388fb92ff,8,23,22,41,42,-1,1,0.056
f2256dc72fa85cf2,8,44,27,75,51,-17,-24,0.062
d17f23c472b69ce6,8,41,24,72,46,-17,-26,0.061
c7b1b574975e8927,8,35,29,61,56,-6,-5,0.055
c18f1bbdd903b6bf,8,36,27,62,51,-9,-11,0.062
051a9691904df9f9,8,31,24,56,46,-7,-10,0.061
9fda642c501eddb4,8,33,26,60,51,-7,-9,0.063
d7fe0fbc0c1f7b1e,8,50,29,88,56,-21,-32,0.065
c6860241285e3e82,8,38,27,69,52,-11,-17,0.055
b785628cb37e88d6,8,50,29,84,56,-21,-28,0.078
2378b9736aadb058,8,46,27,80,51,-19,-29,0.07
2e85ed29c9f9b911,8,49,29,86,56,-20,-30,0.081
ded00dd9111ecdd8,8,44,29,77,56,-15,-21,0.062
a92be874c8ea80d7,8,49,29,84,56,-20,-28,0.067
6ffc360bb7ce6486,8,44,27,75,51,-17,-24,0.073
547bd2ba1f54b873,8,46,28,77,53,-18,-24,0.077
44b3f3ffc86d0428,8,40,27,69,51,-13,-18,0.073
5355919993fe43e4,8,10,16,21,32,6,11,0.061
44c832a19b9b4e2a,8,29,22,51,42,-7,-9,0.072
b87e84c14ee7645d,8,33,24,60,46,-9,-14,0.069
cc7e4faa94550e13,8,29,27,51,51,-2,0,0.063
c44fcbcd5f5bd1e7,8,28,24,49,45,-4,-4,0.066
a665692fb5efcd90,8,29,25,49,46,-4,-3,0.069
abafd6906521c6c9,8,25,22,43,41,-3,-2,0.049
524d135bb769d161,8,35,27,63,51,-8,-12,0.064
0630a53d9e8b2754,8,20,20,37,39,0,2,0.067
01d46566ddb48fcf,8,46,25,75,48,-21,-27,0.065
0a287603834d1b41,8,45,27,73,52,-18,-21,0.093
75e659a913304c68,8,40,27,70,51,-13,-19,0.065
96ed41e4d94aa95e,8,40,29,70,56,-11,-14,0.071
5c3dbd0800248cc2,8,32,27,57,51,-5,-6,0.06
d136c1fc8618fca9,8,44,27,75,52,-17,-23,0.068
d2646a17bda721ec,8,36,25,62,47,-11,-15,0.059
209c65c856775905,8,32,25,54,48,-7,-6,0.059
38f1d67ddbdd1555,8,36,27,61,51,-9,-10,0.068
d4b45a93a61e78d0,8,30,22,52,42,-8,-10,0.058
a18c81b5ce978684,8,24,18,42,35,-6,-7,0.064
2dfbd58f221c3e70,8,28,25,49,46,-3,-3,0.064
cecd595d9260aea4,8,50,29,88,56,-21,-32,0.076
bac0a54a208cef96,8,36,27,62,51,-9,-11,0.059
301455abd5d79eee,8,40,25,64,47,-15,-17,0.056
109c9abd6876ef34,8,44,27,73,51,-17,-22,0.064
8ec2d67c2bbc1a6b,8,45,25,73,48,-20,-25,0.055
a436e1c4d4300868,8,43,27,71,52,-16,-19,0.07
9ec25e90f8fafeee,8,42,28,70,53,-14,-17,0.066
77f168b1c941d0de,8,29,18,49,35,-11,-14,0.063
e7f2c00ffd0d2224,8,37,25,60,47,-12,-13,0.057
d236e7dd95f54950,8,39,27,65,50,-12,-15,0.069
b65cebc69d89ff78,8,40,25,65,46,-15,-19,0.133
c52cec0f7f0deb68,8,39,24,62,46,-15,-16,0.058
6c2cdce59c8a0977,8,33,21,56,40,-12,-16,0.06
3238824bcc649243,8,43,27,74,51,-16,-23,0.083
493cb4fa2f0f5230,8,44,29,76,55,-15,-21,0.074
7f506f11b2e42142,8,38,27,67,50,-11,-17,0.065
34556821e0f8cc12,8,45,27,76,51,-18,-25,0.061
99a49cb2ec1907bc,8,36,25,62,46,-11,-16,0.06
494af8d07be230ea,8,28,21,46,42,-7,-4,0.056
38e5d4c646ee2288,8,35,23,61,45,-12,-16,0.06
76398ab60ec3fe97,8,34,24,57,46,-10,-11,0.059
13042c58db41b245,8,21,14,37,29,-7,-8,0.062
77603fe2e946b394,8,29,21,48,40,-8,-8,0.051
70470495d35f0d7b,8,40,21,66,40,-19,-26,0.074
e946d9a71dd35cf8,8,45,24,75,47,-21,-28,0.06
5696a0a3b53bf7a0,8,32,21,54,40,-11,-14,0.056
04d2f59ad82ee25f,8,43,23,71,45,-20,-26,0.065
3a3729ab59a70086,8,44,24,72,46,-20,-26,0.063
2492c22c846be37f,8,30,14,52,29,-16,-23,0.054
296ade4af2f49f29,8,38,21,63,40,-17,-23,0.073
c094c40e0ba95e8e,8,56,27,92,51,-29,-41,0.067
83bdc7e6b5340370,8,60,28,96,54,-32,-42,0.071
ff293eee50225bde,8,44,18,73,36,-26,-37,0.069
6eb19dfbaf35e856,8,52,25,84,48,-27,-36,0.071
380cae3d7274b3eb,8,49,27,86,51,-22,-35,0.074
920b904dd4772a4a,8,59,29,99,56,-30,-43,0.079
bc63450601738afb,8,45,20,78,39,-25,-39,0.058
ca867e2d561c9403,8,54,27,92,51,-27,-41,0.073
11d3f3ab44d0c65f,8,45,27,76,54,-18,-22,0.072
aeb5f86b4501e3f8,8,30,18,53,37,-12,-16,0.062
3ff4b287a66a1e46,8,36,25,62,49,-11,-13,0.069
f4b4efcfe24675a6,8,47,25,79,49,-22,-30,0.069
c04ba75fda9d1463,8,55,27,91,53,-28,-38,0.07
3acd6c47a459a5b0,8,47,22,78,43,-25,-35,0.062
a1156c3bc75b5f07,8,55,28,90,54,-27,-36,0.067
661496e8f10031b7,8,41,18,70,36,-23,-34,0.059
4851de831545b59e,8,49,25,81,48,-24,-33,0.059
f7159ad65f82190b,8,63,29,107,56,-34,-51,0.068
70ed4d5a7d99e43f,8,58,28,98,55,-30,-43,0.068
9ac172799316888f,8,51,25,87,49,-26,-38,0.069
f5952ae9b6aeb93e,8,59,27,98,53,-32,-45,0.068
b31720e4f0b21b24,8,41,24,68,46,-17,-22,0.067
43fd736fd1554831,8,31,21,55,40,-10,-15,0.068
f623914ebf56585b,8,46,24,77,47,-22,-30,0.073
495e4ad3012af503,8,43,26,72,52,-17,-20,0.083
075f634d4993e1f0,8,44,27,73,53,-17,-20,0.07
303cd5cc8b4a2195,8,38,24,64,47,-14,-17,0.073
eaff194a21aed7d2,8,40,25,68,48,-15,-20,0.071
e1dc99865e8ef27b,8,59,27,97,51,-32,-46,0.074
7b378e85a08346ab,8,59,30,96,57,-29,-39,0.076
f566f04149c5e494,8,51,27,84,51,-24,-33,0.083
65fdbc25795d9e65,8,48,25,82,48,-23,-34,0.072
52845c5fb88635fb,8,45,27,77,53,-18,-24,0.07
daff5aeae66e667c,8,31,18,55,36,-13,-19,0.065
d4287d5c1ae89366,8,36,25,63,48,-11,-15,0.07
86d962582fdbb095,8,62,29,104,56,-33,-48,0.087
a060ce32ff560afa,8,56,27,94,51,-29,-43,0.088
b842d15e170a4038,8,54,29,91,56,-25,-35,0.077
8d510fb96fabd3b7,8,46,24,78,46,-22,-32,0.072
1c89d8ce5ce4fb49,8,54,30,90,57,-24,-33,0.136
94808f6f45ab383c,8,40,20,70,39,-20,-31,0.061
92ebc29fbe677449,8,48,27,81,51,-21,-30,0.06
499a1904773c9428,8,39,24,63,46,-15,-17,0.062
8254992b0097017e,8,45,27,75,53,-18,-22,0.059
0bac7bbc4c230734,8,44,24,72,46,-20,-26,0.064
7b61e60a8f75869d,8,41,24,67,47,-17,-20,0.069
10edba0081ce8f7a,8,28,18,47,36,-10,-11,0.063
fc8f2a0ef2d1a0aa,8,36,24,59,46,-12,-13,0.075
1cd48b3bbc35111a,8,56,30,91,57,-26,-34,0.072
12263b0976fe268a,8,60,28,96,54,-32,-42,0.063
e96eef3519aed0af,8,43,22,71,42,-21,-29,0.056
edf6a86127d2feb9,8,52,28,83,53,-24,-30,0.067
26b2414152345dd1,8,59,30,98,57,-29,-41,0.07
8afa3692833111bf,8,56,30,93,57,-26,-36,0.082
b7560d4bda25d2e5,8,55,28,90,54,-27,-36,0.079
dd2d060929e3b36d,8,49,28,81,54,-21,-27,0.073
1d869bc0ea56d219,8,27,18,47,35,-9,-12,0.06
761ed7fa1ed4e598,8,32,22,54,42,-10,-12,0.063
20fe349f002f5e99,8,44,28,71,53,-16,-18,0.066
7dd22792a6e06413,8,47,24,76,47,-23,-29,0.076
b0140e30a5dda0e7,8,66,30,110,58,-36,-52,0.068
8d80f286fb76be24,8,61,27,98,52,-34,-46,0.078
0b64454c7e32fea1,8,44,25,75,48,-19,-27,0.056
ddad006d12464f89,8,57,28,94,54,-29,-40,0.079
a6a2b53ac159c698,8,22,14,39,29,-8,-10,0.057
4c349ead2e3a27b0,8,30,21,50,40,-9,-10,0.065
17a65a1f5899b7aa,8,41,28,71,53,-13,-18,0.063
b99930ee705c29d9,8,30,18,53,35,-12,-18,0.062
ef86760a3c35dc20,8,40,25,67,47,-15,-20,0.062
eb34a938e64d94f1,8,50,27,82,52,-23,-30,0.071
8755d706cd0689f2,8,38,24,66,46,-14,-20,0.06
3ead087b8c6f4794,8,38,22,65,43,-16,-22,0.072
5f30783fb873b929,8,35,27,62,52,-8,-10,0.064
f3d661c48ad36857,8,41,25,67,47,-16,-20,0.057
a19cfad7e2944b09,8,35,22,59,42,-13,-17,0.061
d6eeb97567c20924,8,43,27,74,52,-16,-22,0.059
a90b40d175ca05b2,8,55,28,87,54,-27,-33,0.074
d79755b4085914ab,8,47,25,75,48,-22,-27,0.071
b96e47380ca1cd60,8,50,27,82,51,-23,-31,0.07
da1a347e86f1f342,8,33,25,55,47,-8,-8,0.065
4c7bd334d8b1dd93,8,56,28,90,55,-28,-35,0.064
40de5d812b904963,8,50,27,82,53,-23,-29,0.072
26e8fd58fb8f9c26,8,50,28,81,54,-22,-27,0.064
4fbb492e3f6cefe3,8,36,18,61,36,-18,-25,0.056
541db3ae267df627,8,44,25,72,48,-19,-24,0.074
426ab25637bdec81,8,51,23,84,45,-28,-39,0.066
8ce4af747a8330ac,8,62,26,104,52,-36,-52,0.072
97699bd8907e9d4c,8,41,21,69,42,-20,-27,0.066
27037487fd630c8e,8,51,23,83,45,-28,-38,0.067
81fa1ea428055157,8,59,29,100,56,-30,-44,0.078
2931da8a8efc80a7,8,46,23,80,45,-23,-35,0.069
8315ac4bbb5d719f,8,43,26,74,51,-17,-23,0.068
72a425d3c6c9aca3,8,58,27,99,54,-31,-45,0.079
f7745b8b378f0d22,8,45,24,79,48,-21,-31,0.072
92627c62eece84e9,8,56,26,93,52,-30,-41,0.084
eb943f956f884ac3,8,40,21,63,40,-19,-23,0.069
24257f966c267ff7,8,42,24,69,47,-18,-22,0.065
b7b94eefdf6cdbb5,8,39,23,67,45,-16,-22,0.077
a8344c02342fc9b5,8,37,24,62,46,-13,-16,0.057
56e7692d27255903,8,25,14,45,29,-11,-16,0.061
ea71c43476f18896,8,34,21,58,40,-13,-18,0.06
9f3f718adb2a42a5,8,36,21,62,42,-15,-20,0.059
503c6cc991b77a8e,8,44,23,74,45,-21,-29,0.068
fc881c003efda93f,8,33,24,56,46,-9,-10,0.059
2009d7ab49668ba6,8,49,23,81,45,-26,-36,0.072
c0ddcf24381ff57b,8,32,16,53,32,-16,-21,0.067
de4c06d6efd82f04,8,35,23,60,45,-12,-15,0.06
4911bbe82baed00d,8,42,23,69,46,-19,-23,0.061
ea80fd57fdf03cb7,8,20,14,35,28,-6,-7,0.059
8688e1c9017a31fd,8,34,22,55,42,-12,-13,0.135
9c62fa5ddb65ac33,8,26,18,46,35,-8,-11,0.067
c3d0dc7a3a9087b7,8,37,20,61,36,-17,-25,0.053
4dc286cf122ddb18,8,28,16,47,32,-12,-15,0.056
9440c347aad4a8d0,8,43,24,70,46,-19,-24,0.071
e8469b29c5473cac,8,38,20,62,39,-18,-23,0.068
f65f1616a9b44fd2,8,40,23,67,45,-17,-22,0.066
7896f771603a5d06,8,44,23,70,45,-21,-25,0.06
498fcc0a77f3c357,8,33,21,56,42,-12,-14,0.066
60efdc3c62e69e1e,8,37,23,64,45,-14,-19,0.064
b664c5e1e04d490c,8,52,28,84,54,-24,-30,0.07
b92cfaef0d9018cd,8,38,18,64,36,-20,-28,0.065
32d515a1eba2e5be,8,46,25,75,48,-21,-27,0.076
ef4d2e3858d2c1ab,8,65,27,108,53,-38,-55,0.075
4c81faa30006e589,8,46,25,78,49,-21,-29,0.066
77171553d76e8530,8,54,27,91,53,-27,-38,0.066
252d2d41c8ec1882,8,46,29,78,55,-17,-23,0.063
67e15add83150634,8,62,29,105,56,-33,-49,0.077
191b393888145188,8,48,27,80,53,-21,-27,0.063
f81e9862c03d5322,8,59,29,99,56,-30,-43,0.075
8bc3440a19c9c7d3,8,46,27,80,52,-19,-28,0.074
ff1c3a6e178a9851,8,51,29,86,56,-22,-30,0.071
4ce524c742f78b12,8,42,25,67,47,-17,-20,0.06
36c6ae89cdf96352,8,43,27,72,51,-16,-21,0.062
ab5795e729855dbe,8,46,25,75,48,-21,-27,0.064
f0a52c4f20ebc7b8,8,47,27,79,52,-20,-27,0.068
8261e97bd00f8584,8,38,28,62,53,-10,-9,0.068
4b994205bc5165c2,8,25,18,44,35,-7,-9,0.058
0095fc034672be65,8,38,25,64,47,-13,-17,0.057
fffe4446baf34353,8,37,25,62,48,-12,-14,0.066
6b272d8f41e11b14,8,43,27,73,52,-16,-21,0.072
4f28207617b50ffd,8,40,23,66,45,-17,-21,0.071
67310e890dac3c0b,8,31,23,54,45,-8,-9,0.066
10b5a2407097fa90,8,51,27,86,53,-24,-33,0.076
a78a2f6b424832c8,8,53,27,90,53,-26,-37,0.065
2cfe19a124ace01f,8,48,27,83,53,-21,-30,0.071
13b292d69d1c7faf,8,33,24,57,45,-9,-12,0.062
d448ad9c4186522c,8,51,26,81,50,-25,-31,0.067
c1112c15320f6fa4,8,49,28,79,53,-21,-26,0.056
114c9e58770f176a,8,42,24,70,46,-18,-24,0.065
63c088663a3a3e87,8,51,26,84,50,-25,-34,0.069
1538e8ff19ca75ad,8,35,22,60,43,-13,-17,0.069
16251f6a3e086061,8,45,30,77,57,-15,-20,0.068
dc9d6a48e2f50ef1,8,43,26,72,50,-17,-22,0.064
d0a2efa8dc99ccec,8,38,20,63,40,-18,-23,0.064
5322bbc50fbea7a8,8,52,28,84,54,-24,-30,0.066
6a7d3bae5809e925,8,46,24,75,47,-22,-28,0.071
f1b5441085d3fb43,8,38,24,64,43,-14,-21,0.065
942ced9bb78c68d7,8,25,20,44,39,-5,-5,0.06
312783744594423a,8,45,28,76,53,-17,-23,0.07
b02376174a51d9ce,8,34,24,58,46,-10,-12,0.064
6ae13a41e3fdedf7,8,38,22,62,42,-16,-20,0.06
6df1fca5a32b5657,8,37,27,62,52,-10,-10,0.065
6e4dde795a09ee91,8,34,24,58,46,-10,-12,0.071
1ed70a51de19c24f,8,35,25,57,47,-10,-10,0.066
8cbdd068483b93be,8,30,22,50,42,-8,-8,0.064
d29dc273c5c17342,8,42,27,73,52,-15,-21,0.075
df11c9659fd17cc8,8,39,27,66,48,-12,-18,0.07
9ef8016a602a6c29,8,43,21,68,40,-22,-28,0.061
0290a34e43da9392,8,38,17,60,31,-21,-29,0.06
ab5674e06aa6407b,8,33,18,53,33,-15,-20,0.067
7a6edf058163fff5,8,57,26,91,51,-31,-40,0.057
2b7246cc2a3d5516,8,49,27,81,53,-22,-28,0.079
1664e613e0c22f06,8,52,24,83,47,-28,-36,0.054
12240540c010f54e,8,39,19,62,38,-20,-24,0.061
2954951f71dbaf4d,8,47,21,74,41,-26,-33,0.054
e8718bc344e14e3f,8,26,19,44,36,-7,-8,0.054
baf7e787e0cce6a2,8,34,19,56,38,-15,-18,0.066
9641845c291d60da,8,42,22,68,43,-20,-25,0.07
fb896081e89d692b,8,39,27,64,52,-12,-12,0.059
588b1bfb8ddd1866,8,37,28,61,53,-9,-8,0.063
693facf687c20521,8,22,18,38,35,-4,-3,0.05
1cec910fcb483c00,8,32,25,53,47,-7,-6,0.058
6ba59788a86c8577,8,8,9,15,17,1,2,0.048
1f5d00a5ecbeefd3,8,16,15,26,26,-1,0,0.058
adb6996d63213476,8,41,26,68,51,-15,-17,0.065
a82c65061197c061,8,24,17,41,34,-7,-7,0.065
54edfb6e9c719433,8,34,24,56,46,-10,-10,0.063
1ab077cecaed783b,8,23,14,39,29,-9,-10,0.059
4779a59fd307faec,8,33,21,54,40,-12,-14,0.068
191e6a156da7e82a,8,35,22,58,43,-13,-15,0.063
b2b2b24943a4ee37,8,24,19,41,38,-5,-3,0.119
4533c58eb80ac053,8,32,21,53,41,-11,-12,0.062
d441570a1623d1fd,8,30,22,49,42,-8,-7,0.058
69ef2c895746ebaa,8,15,12,26,25,-3,-1,0.06
cc19978d8f6a3d26,8,25,19,41,36,-6,-5,0.078
b89db23a9bcb805b,8,43,27,71,52,-16,-19,0.072
ac426a475bd200aa,8,19,14,33,26,-5,-7,0.065
ac7682f0f23be254,8,33,24,57,47,-9,-10,0.062
ade94eb78a05b238,8,45,26,75,51,-19,-24,0.071
d0a610d6b8fd563f,8,41,19,65,37,-22,-28,0.065
65695441f6348a79,8,41,22,67,43,-19,-24,0.069
b180823b86033fbd,8,26,19,44,38,-7,-6,0.054
b95c8ab27eee4ea1,8,37,21,63,41,-16,-22,0.067
0bf3878731744141,8,26,21,46,39,-5,-7,0.05
9232e9c8968940b2,8,26,19,46,38,-7,-8,0.062
72603cb81f486574,8,35,22,58,43,-13,-15,0.055
f3a549d730f32446,8,53,27,87,52,-26,-35,0.077
76b85c43aca42804,8,53,28,84,54,-25,-30,0.05
b32d34a03e2f24b4,8,53,29,88,56,-24,-32,0.067
0e22fad07d741da8,8,56,30,92,58,-26,-34,0.06
ef6b0746acf5d27d,8,55,28,91,54,-27,-37,0.065
bcf0d7f45ef0850c,8,50,27,83,51,-23,-32,0.064
689edba6154a0aad,8,34,27,57,49,-7,-8,0.061
49806c4c8f329eaf,8,32,25,55,48,-7,-7,0.063
004e8fd601c0f312,8,48,28,78,53,-20,-25,0.062
c3c3ae46e0c24965,8,26,24,45,46,-2,1,0.058
34a74f25c4daea55,8,27,21,47,40,-6,-7,0.063
74cca127fe30eb49,8,24,22,41,42,-2,1,0.052
26e442185dd18a45,8,10,12,21,25,2,4,0.06
36e22e7c4e53a28b,8,18,19,32,36,1,4,0.057
724628af9cfa847e,8,29,27,50,51,-2,1,0.064
40f6ac233e2e6c1d,8,39,28,63,53,-11,-10,0.064
180fff84b27d9e9e,8,31,25,51,47,-6,-4,0.076
d848ef8b51698599,8,31,28,51,52,-3,1,0.055
452f356819e7fb0d,8,15,18,27,35,3,8,0.061
b3e3390f58f47bbd,8,23,25,39,46,2,7,0.055
1692ce10efe4e646,8,29,21,49,41,-8,-8,0.056
45f62e2f68da702a,8,43,27,72,52,-16,-20,0.071
9880f66b72e4a199,8,49,29,86,56,-20,-30,0.066
248e32a1a287b800,8,47,27,79,52,-20,-27,0.071
5655547e86f89052,8,39,25,65,47,-14,-18,0.071
194689600db8c91a,8,45,28,76,53,-17,-23,0.063
d480bd699642a34d,8,28,25,49,48,-3,-1,0.061
5a82ff58e300a158,8,40,27,67,51,-13,-16,0.068
0802e0508eefcf47,8,54,28,89,55,-26,-34,0.071
97cbcbcb7030e89d,8,44,25,73,49,-19,-24,0.073
9ba50e65bc6ca5d0,8,49,28,82,54,-21,-28,0.066
efd617bc1f7c4621,8,46,24,76,47,-22,-29,0.064
2b60238a76e7331d,8,58,26,94,51,-32,-43,0.062
606dd86fbf7dcc74,8,43,24,72,48,-19,-24,0.053
3114963ce1b20658,8,56,27,91,53,-29,-38,0.061
469e960b99c5efbc,8,35,19,57,38,-16,-19,0.052
57eb34c7ca76ec99,8,46,21,75,42,-25,-33,0.065
69039044dbeb86ed,8,29,19,49,38,-10,-11,0.06
460c7beb5b9dce9a,8,35,21,56,40,-14,-16,0.065
318d5860eb7b0b14,8,36,19,60,38,-17,-22,0.058
b5df9c64cb51745a,8,43,22,69,44,-21,-25,0.069
48dfa0ec950c7b18,8,40,25,65,48,-15,-17,0.07
740a9ace841858e8,8,37,27,62,51,-10,-11,0.066
596196ead1b48c78,8,23,25,39,48,2,9,0.052
a2466800cdaa1170,8,39,28,63,53,-11,-10,0.058
dd69677f1781f0b5,8,23,18,39,36,-5,-3,0.057
7da6199dd002a47d,8,31,25,51,47,-6,-4,0.066
6d9fdaacc99ac7df,8,39,24,63,46,-15,-17,0.058
d81ae4d0c72e1ab2,8,33,21,54,40,-12,-14,0.065
07f1eb2936b7872a,8,37,27,61,52,-10,-9,0.069
6b8293c7866854f2,8,29,24,49,46,-5,-3,0.064
7732e522cc3ee1fa,8,22,19,37,37,-3,0,0.066
b54005bbe0414280,8,16,16,28,31,0,3,0.061
ef97a33860985e8f,8,32,22,52,43,-10,-9,0.062
5f4a3423b990db1e,8,16,12,28,25,-4,-3,0.054
9e2b7fbb8310e9d0,8,24,19,40,37,-5,-3,0.056
447352478d403e80,8,45,26,78,51,-19,-27,0.071
612358016800d9b9,8,40,19,65,38,-21,-27,0.053
5b5e0d5ed1380de5,8,26,19,46,38,-7,-8,0.058
df224bfb6de71d94,8,35,21,58,42,-14,-16,0.063
812295a3b6c6d633,8,56,30,93,58,-26,-35,0.065
6fc717cd3198dc67,8,56,29,93,56,-27,-37,0.123
9187b201b5ceb216,8,44,27,74,52,-17,-22,0.06
4a387f7ef9374817,8,54,30,92,58,-24,-34,0.063
53f2cc2022a93d6d,8,56,26,91,51,-30,-40,0.071
76f4a2bb7ddda16e,8,50,27,82,53,-23,-29,0.061
240c78ef171b51f4,8,39,21,66,42,-18,-24,0.057
ebba784c0881313c,8,36,22,60,44,-14,-16,0.069
541e09b3fcd42fc3,8,58,26,94,51,-32,-43,0.054
ad00439c47b26081,8,47,27,80,53,-20,-27,0.081
fc6848a6034a6245,8,45,26,76,50,-19,-26,0.068
dc2c9d8309536b47,8,29,24,51,45,-5,-6,0.066
a8f3ddb0388ce6b0,8,35,24,59,47,-11,-12,0.066
d4a1405488699e27,8,42,27,71,52,-15,-19,0.07
10f2854a7772fb6b,8,41,27,69,51,-14,-18,0.064
9e1203c56459fd6f,8,21,25,38,47,4,9,0.064
d6a007386d90c822,8,40,27,67,51,-13,-16,0.069
79bbc90307573187,8,41,29,70,56,-12,-14,0.06
857a537e5c9858ae,8,40,30,67,57,-10,-10,0.073
5522e83ad2042e34,8,24,20,43,39,-4,-4,0.058
0118894901a22dbc,8,32,27,55,51,-5,-4,0.067
e4ee5fc8a1dc8677,8,35,24,57,46,-11,-11,0.062
21f92df1ae436336,8,17,19,30,37,2,7,0.058
ed12ac49852f77d4,8,42,27,68,52,-15,-16,0.064
254b8a2d448de025,8,26,17,44,35,-9,-9,0.065
abb9e470a062bb81,8,34,24,56,46,-10,-10,0.06
4e1f1b79c77f7070,8,27,24,46,47,-3,1,0.061
6656c2f511463e62,8,35,26,58,50,-9,-8,0.06
448b090d4989e222,8,34,27,55,51,-7,-4,0.062
44650ff6c2b44841,8,18,17,31,34,-1,3,0.055
5757ed24a33630fc,8,26,24,43,45,-2,2,0.072
97d34d31fb39a76f,8,44,29,77,56,-15,-21,0.071
2c6529524c41f620,8,31,21,54,42,-10,-12,0.063
cefa6662fe0e1b99,8,48,26,79,51,-22,-28,0.059
37e9cf55875123da,8,42,24,69,46,-18,-23,0.075
7e54084813d20a06,8,43,27,71,52,-16,-19,0.064
a48ce501175a10df,8,30,24,53,47,-6,-6,0.064
3614682e82d038e7,8,37,26,61,50,-11,-11,0.07
6b367ed7e054e3d8,8,40,18,64,36,-22,-28,0.062
22381bb1e57841e3,8,25,15,42,30,-10,-12,0.066
c6c0211a5225c965,8,36,19,60,38,-17,-22,0.056
9d16d7f041c89aa1,8,25,24,42,45,-1,3,0.062
b5ab6eaa16488bcd,8,25,18,42,36,-7,-6,0.062
ec348ec082580cce,8,24,19,39,37,-5,-2,0.062
780c8b5cb47475c0,8,8,10,15,21,2,6,0.062
436dec5889dafa2e,8,18,16,31,31,-2,0,0.047
de623eb98c71b4d3,8,22,15,39,30,-7,-9,0.062
4ca9de4dc5edc47e,8,30,18,51,36,-12,-15,0.059
171fdf45c58b8a59,8,51,27,82,52,-24,-30,0.064
b8d6b8737314d55a,8,37,25,63,48,-12,-15,0.062
0be188c115f4f3ab,8,47,27,78,52,-20,-26,0.07
e1fbea05e9d1c3b6,8,49,28,79,54,-21,-25,0.065
5daf9bb951fd3db0,8,49,27,79,51,-22,-28,0.066
3594c6c18396e33d,8,39,22,61,40,-17,-21,0.061
0abc100e45d21acc,8,52,27,85,53,-25,-32,0.066
c67dcb5176a87c92,8,44,27,72,52,-17,-20,0.06
19845b2b32969d75,8,48,24,78,47,-24,-31,0.062
7b39f01fbae43dde,8,37,24,62,46,-13,-16,0.064
24d69a9cf82efbd1,8,30,19,49,38,-11,-11,0.064
a756a15d95951564,8,36,22,62,43,-14,-19,0.065
5dce280cdde4e92b,8,23,16,38,32,-7,-6,0.061
8bf8f4f44c880aac,8,34,22,55,42,-12,-13,0.059
c09f2894a0e4e6e3,8,50,22,82,41,-28,-41,0.068
0fc5ffc692966718,8,50,21,81,41,-29,-40,0.061
b67c1cad733b43ea,8,42,22,71,43,-20,-28,0.066
e7cf064e5318e22d,8,33,19,53,34,-14,-19,0.073
c30594ca3096398f,8,34,21,56,41,-13,-15,0.065
9a796d4517125150,8,34,22,55,42,-12,-13,0.059
b711a22b18911e18,8,19,12,32,25,-7,-7,0.05
4679ad0f3121a3ca,8,27,19,44,36,-8,-8,0.061
0df94c7e11c6cccd,8,38,21,62,41,-17,-21,0.059
c2840fcd0376a057,8,23,16,40,29,-7,-11,0.062
bbfb3dd1a27cb39c,8,31,21,52,41,-10,-11,0.058
d087ffde091291c0,8,28,21,48,41,-7,-7,0.059
47a3b665eef056f0,8,27,19,45,36,-8,-9,0.062
45dfa15931e215b6,8,21,16,37,31,-5,-6,0.061
4e3c31ed817c9ad7,8,29,21,52,41,-8,-11,0.052
3d4a1c8016fc4c3f,8,54,27,91,52,-27,-39,0.059
1a1bb9d27eb99f07,8,61,29,105,56,-32,-49,0.136
9a0f481ad62f55eb,8,40,27,70,52,-13,-18,0.059
ea8b9221b7590e8f,8,45,29,78,55,-16,-23,0.061
f4a7c36b989aba64,8,49,29,85,56,-20,-29,0.064
eeb9bb983a7a2864,8,49,27,84,52,-22,-32,0.059
ea1d6089648e18d5,8,57,29,95,56,-28,-39,0.074
cc540ea6ea26097d,8,36,20,59,36,-16,-23,0.056
8455398f733ea647,8,38,18,62,36,-20,-26,0.059
e4d70b567ed6b9b9,8,38,21,62,42,-17,-20,0.053
c930d9da38c4aaf7,8,25,14,42,28,-11,-14,0.057
d3ef420e63d1e292,8,31,20,51,36,-11,-15,0.065
bc83f094118666f8,8,33,18,54,36,-15,-18,0.05
b6d13fe57aa27c71,8,44,24,73,46,-20,-27,0.072
ff8fc380623a164c,8,40,27,67,52,-13,-15,0.068
296c10f2a8c6eef8,8,36,24,60,46,-12,-14,0.06
6360b775805f076d,8,58,25,95,49,-33,-46,0.071
c9ece68ccd2590f1,8,44,18,73,36,-26,-37,0.06
91ec63a0d6d0256f,8,50,24,82,44,-26,-38,0.072
91b1ad8aaa388baf,8,52,22,85,43,-30,-42,0.074
4ff262221fb89ce0,8,58,28,94,54,-30,-40,0.074
dc2ac63ecd607454,8,40,25,67,47,-15,-20,0.063
92692ed75ef7fbf7,8,48,25,79,48,-23,-31,0.064
69e3d55796b39f87,8,36,18,60,35,-18,-25,0.058
88ccb9f55c66dda1,8,42,24,69,43,-18,-26,0.074
a7265bc7fe06cc35,8,44,22,72,42,-22,-30,0.063
7b7755f0a3ea1e2c,8,50,28,81,53,-22,-28,0.071
f3cc72311119825d,8,27,14,46,29,-13,-17,0.056
391227c1522e8896,8,33,21,55,40,-12,-15,0.059
938d09499d7b2a19,8,38,27,63,51,-11,-12,0.065
e71118dece34884c,8,53,25,87,49,-28,-38,0.072
86705b608f2bd41d,8,58,28,94,54,-30,-40,0.071
9e03ec539a196a4b,8,52,25,85,48,-27,-37,0.068
cfa036f63056046b,8,45,25,73,48,-20,-25,0.058
04bcb064e45d568b,8,50,28,81,53,-22,-28,0.073
d6fa2520add383a2,8,38,18,63,35,-20,-28,0.057
fa277732a8dec25b,8,44,25,72,47,-19,-25,0.06
adea5cad540b0872,8,36,21,61,42,-15,-19,0.056
e6c6f9de3c80f068,8,44,23,72,45,-21,-27,0.056
ba1deb688316a995,8,39,27,64,52,-12,-12,0.061
17b045579ec36904,8,61,27,103,53,-34,-50,0.076
2313f62acc8cf5ae,8,49,25,84,48,-24,-36,0.068
87f67e8133f92920,8,56,27,94,52,-29,-42,0.069
2f214d0f9fbf14eb,8,37,21,63,40,-16,-23,0.055
f70a73ddc5a7fb61,8,42,27,71,50,-15,-21,0.066
0f5747c84bb4a594,8,17,17,32,32,0,0,0.049
ad1d76ac9e7089b3,8,25,23,44,40,-2,-4,0.061
e719875c48a50adf,8,36,24,61,45,-12,-16,0.06
89d4ecf6dc993e02,8,44,30,73,56,-14,-17,0.067
fa4883f3f29ffe7c,8,37,24,62,46,-13,-16,0.06
dc2cfa0ff8b9162a,8,45,30,74,56,-15,-18,0.072
15e7e124c3149ce9,8,21,20,37,37,-1,0,0.054
65f178c96d43140b,8,27,26,46,45,-1,-1,0.067
c2ec79e804fc5c99,8,29,24,49,45,-5,-4,0.059
4acd37cfd822303d,8,37,30,61,55,-7,-6,0.068
b17d9b4b18f3d9da,8,37,20,65,39,-17,-26,0.063
e81e0f251419f9d6,8,38,26,67,47,-12,-20,0.067
9cbd5dea4d29b3c7,8,45,24,75,46,-21,-29,0.058
d75aa562685ef472,8,52,30,87,57,-22,-30,0.071
ece706bd597a0fff,8,31,27,55,51,-4,-4,0.063
af10463429a52caa,8,35,29,61,54,-6,-7,0.074
1a556a20b20895cc,8,26,20,48,39,-6,-9,0.065
35b54c4c9ec033a1,8,33,26,56,47,-7,-9,0.066
da34c5b3a6a3b0b7,8,34,24,61,46,-10,-15,0.062
3a22a13b22fee76d,8,42,30,73,57,-12,-16,0.064
a8845dde689c3b45,8,27,24,47,44,-3,-3,0.057
879e46f36e9ae3af,8,29,27,50,49,-2,-1,0.067
19aa0d80e05c1555,8,45,27,76,51,-18,-25,0.076
445cc9b41f79184c,8,31,27,55,52,-4,-3,0.071
5b09bf73f123e071,8,42,29,71,56,-13,-15,0.073
0bfa79325a8dd5da,8,41,30,68,57,-11,-11,0.067
3deb0e70c8049377,8,26,20,48,39,-6,-9,0.066
9b1a88bab2098dd0,8,37,27,65,51,-10,-14,0.064
190dfea9372d66e0,8,41,27,71,52,-14,-19,0.068
9be4b3a31882f19d,8,48,29,83,56,-19,-27,0.067
43009465561f2b39,8,57,29,97,56,-28,-41,0.069
10da2d1923067f7a,8,42,29,73,55,-13,-18,0.065
7f6c65d84746a35e,8,57,29,95,56,-28,-39,0.135
3fbef547c0cbb371,8,51,29,87,56,-22,-31,0.073
5c762cfdccb2dd8d,8,36,23,62,43,-13,-19,0.062
ec7ff96c189a044d,8,19,19,36,36,0,0,0.053
a239a28958fa8334,8,35,26,60,49,-9,-11,0.064
38adb79315e14b7a,8,38,26,65,49,-12,-16,0.065
39bf8c730eda581d,8,22,22,40,41,0,1,0.061
9bd8942cf07e2fed,8,37,30,61,55,-7,-6,0.056
f40db728c18bd6d8,8,30,26,52,48,-4,-4,0.064
2567afa05049d0a5,8,38,22,67,43,-16,-24,0.055
9641cece8fb5439f,8,48,26,80,50,-22,-30,0.06
e41d8e2e48527a77,8,32,29,57,54,-3,-3,0.064
5e64dc1ecb3fdafe,8,33,26,56,47,-7,-9,0.066
152cbe3c86548730,8,27,22,50,43,-5,-7,0.068
ace381f6f84c4c25,8,42,30,71,57,-12,-14,0.061
7f90f8ec745e7159,8,36,26,64,50,-10,-14,0.059
a4af159c4190304c,8,38,29,69,56,-9,-13,0.063
6bd052e8560fe4f2,8,34,25,58,46,-9,-12,0.057
efce345cfc4e9d9b,8,32,27,56,51,-5,-5,0.069
ff84d5609981149a,8,40,23,70,46,-17,-24,0.067
d5bb4e6bf14ba179,8,38,26,68,51,-12,-17,0.069
0ae649bd6b25da47,8,36,21,61,41,-15,-20,0.069
0d78c943cbb82c28,8,39,23,66,45,-16,-21,0.054
9d67f31eecc62e36,8,33,23,56,45,-10,-11,0.066
74d9b5aabe9ed9b1,8,31,24,53,46,-7,-7,0.058
381dad03f6efe120,8,29,26,51,50,-3,-1,0.056
9bdca7be171c7620,8,30,24,52,46,-6,-6,0.058
2dc4a8c557c2e76d,8,32,27,51,51,-5,0,0.064
eeca4b287b774e81,8,16,20,30,38,4,8,0.05
6314cb3ca65ce5bb,8,26,24,44,45,-2,1,0.068
9620d319ca74e35b,8,32,23,56,45,-9,-11,0.059
890e3cb7993f2201,8,35,20,60,40,-15,-20,0.061
0215e967e3bd46c6,8,34,21,58,42,-13,-16,0.065
cbcb2d5df0fa6148,8,21,14,39,29,-7,-10,0.055
d0350d74980d2cd3,8,27,18,47,36,-9,-11,0.051
76d51d691f99d851,8,36,26,62,50,-10,-12,0.059
2fa6f97055286aae,8,19,19,35,37,0,2,0.053
5224091000cbeebf,8,26,23,46,44,-3,-2,0.065
93a668ad45f0b4a9,8,35,23,59,45,-12,-14,0.066
72546fccc4eaeaa7,8,20,16,35,32,-4,-3,0.066
8b6baba8dd59ce3e,8,32,24,53,46,-8,-7,0.062
8b0d9854be8ac457,8,28,20,46,39,-8,-7,0.058
cf9c0040fc292b22,8,32,22,52,41,-10,-11,0.055
b8cb9231c6746d27,8,25,21,43,39,-4,-4,0.06
29ad906d17fd1808,8,16,18,27,30,2,3,0.052
1f6625a6191ac1de,8,12,14,22,26,2,4,0.047
2348332fa6730103,8,24,22,39,40,-2,1,0.06
c00a702f12316bdb,8,18,18,31,33,0,2,0.049
5307c2899c72a8cb,8,34,27,57,51,-7,-6,0.058
b01358b4e9620183,8,36,21,61,39,-15,-22,0.065
8f9b1b07cb49090e,8,36,22,59,41,-14,-18,0.066
cf7eefdf4d7e05aa,8,28,21,49,39,-7,-10,0.06
518a5f00ec1664d5,8,21,16,38,32,-5,-6,0.06
77effac1400aaa40,8,19,21,34,39,2,5,0.058
0d83048f2e2d6aa7,8,20,18,34,33,-2,-1,0.061
bab14b332eb90e83,8,20,19,34,34,-1,0,0.054
551b5f298c39cb59,8,14,16,26,29,2,3,0.054
157dbe29db1fe4f3,8,25,21,45,39,-4,-6,0.074
bc28ccfba86b5faf,8,42,23,65,45,-19,-20,0.062
413b688aedce2b13,8,41,24,66,46,-17,-20,0.071
26041e536eb1fa66,8,27,14,46,29,-13,-17,0.048
85e7072a2c3aee83,8,35,21,57,40,-14,-17,0.072
8437d08d238943b0,8,56,27,93,51,-29,-42,0.07
0a3265f3c40f8224,8,44,18,76,36,-26,-40,0.076
1479f9fe64f64123,8,54,25,89,48,-29,-41,0.073
d203928f462a4d07,8,43,25,71,48,-18,-23,0.071
fee0c49f1a681c17,8,51,27,82,52,-24,-30,0.07
8dc916581ac5b30b,8,50,28,81,53,-22,-28,0.075
e2712204728a178a,8,36,18,61,35,-18,-26,0.065
2ccdf7d86530d350,8,44,25,72,47,-19,-25,0.059
05c0e766259f6c0f,8,37,21,63,42,-16,-21,0.065
3292d8031d948e0c,8,44,23,73,45,-21,-28,0.062
de739004fba046cc,8,54,27,92,52,-27,-40,0.068
482beec2fe76a039,8,47,25,80,48,-22,-32,0.06
44551c8e84c996cc,8,57,27,93,52,-30,-41,0.065
f3184e701c6c877d,8,44,23,76,45,-21,-31,0.067
fdcb290f9238b79b,8,53,27,90,52,-26,-38,0.068
73780c6e0101c80f,8,62,29,107,56,-33,-51,0.069
2e32622a2e995ff4,8,53,27,90,54,-26,-36,0.073
d3fc470bb9aa7870,8,64,28,109,55,-36,-54,0.148
6f3c7e785a146275,8,51,25,86,49,-26,-37,0.059
30ab59b45f0c3fc6,8,59,27,98,53,-32,-45,0.07
9c997a33325e8183,8,31,21,55,40,-10,-15,0.064
cc656bac287c505c,8,38,24,68,47,-14,-21,0.074
831a1ea3663ff7d6,8,37,27,65,53,-10,-12,0.057
5d726a13987979d1,8,30,17,54,35,-13,-19,0.052
3f696f0c6fa1efa8,8,31,24,56,47,-7,-9,0.059
6b218e9730fb6450,8,37,25,66,48,-12,-18,0.065
b93a9165f15cb46f,8,58,30,96,57,-28,-39,0.07
311b6ac9982c44fa,8,48,20,83,39,-28,-44,0.069
ce00fc3f54777bf0,8,49,27,86,51,-22,-35,0.077
a0bd7ec268ea143c,8,47,27,82,52,-20,-30,0.076
5e9b9fc1e888a0ba,8,47,30,81,57,-17,-24,0.072
d2abbcf0c012d7ec,8,40,20,71,39,-20,-32,0.068
9bbac21a1a0eaf80,8,48,27,82,51,-21,-31,0.066
a0a20d8a9f260527,8,39,24,68,48,-15,-20,0.057
d89c81abded6ef6a,8,42,26,73,52,-16,-21,0.075
62a48d34f18311a8,8,60,29,105,56,-31,-49,0.081
56052ab9a79f2dee,8,50,27,88,52,-23,-36,0.054
dbd225f24e76fe9b,8,59,29,100,56,-30,-44,0.066
7819b3c06a928405,8,28,18,47,36,-10,-11,0.049
0cca9cf45e0e320f,8,41,26,72,47,-15,-25,0.067
228cc8eb1e987a4a,8,42,24,73,46,-18,-27,0.068
bff038b9e3bd150c,8,41,24,73,44,-17,-29,0.069
edac055f3fb8861b,8,47,22,78,43,-25,-35,0.063
40cee61119ddab68,8,50,28,84,54,-22,-30,0.083
bf492cc29a787863,8,38,27,66,50,-11,-16,0.091
35d5484ab6aeab12,8,33,24,60,43,-9,-17,0.077
525b8d9c9dc24fae,8,39,22,66,42,-17,-24,0.074
3f2311edb1208567,8,47,28,78,53,-19,-25,0.082
80d1e247f1b73107,8,23,21,42,40,-2,-2,0.069
4121860b109b448c,8,49,25,81,48,-24,-33,0.075
8817dca90a374d94,8,39,27,69,52,-12,-17,0.076
08604148a097d563,8,47,28,78,53,-19,-25,0.07
815320ba54f5f9c9,8,33,18,58,35,-15,-23,0.068
2954b6febf451762,8,40,25,67,47,-15,-20,0.074
4480d194701f86b3,8,44,25,75,48,-19,-27,0.076
add4979b3a7c4a3f,8,50,27,85,52,-23,-33,0.077
6165f71f186a441e,8,40,23,65,45,-17,-20,0.061
4f87f6c7435ca237,8,58,29,99,56,-29,-43,0.086
aa60bc4abc723c01,8,50,27,87,52,-23,-35,0.084
41da3203f6ac3621,8,46,27,78,52,-19,-26,0.087
349cf79b509dd8d4,8,61,29,104,56,-32,-48,0.075
2c7a9736d9d41d44,8,57,27,96,53,-30,-43,0.076
9f12a2e76aca8bec,8,56,27,96,53,-29,-43,0.069
d5bca170b0198516,8,53,27,90,53,-26,-37,0.077
6d28c6f525f0b4bc,8,41,26,71,52,-15,-19,0.063
d9361df0ce6474f0,8,46,27,80,53,-19,-27,0.066
4bb07ada3c2fac71,8,61,29,104,56,-32,-48,0.076
ecb01be14979e2ca,8,56,29,97,56,-27,-41,0.076
7b6be86b701890a8,8,53,29,92,56,-24,-36,0.078
b129585f98937ff4,8,38,23,66,46,-15,-20,0.072
699cd1866b83d9bd,8,36,20,59,39,-16,-20,0.064
b5a1c42f2dc9b82e,8,22,16,39,32,-6,-7,0.062
9b7c7ef2ad0d2d35,8,30,24,52,46,-6,-6,0.066
92ff6a497bc859ce,8,30,20,50,39,-10,-11,0.063
d79bca6097389323,8,40,26,70,50,-14,-20,0.083
be05e30a4db72b12,8,50,26,85,50,-24,-35,0.078
5273bbb78c7c8ae2,8,38,22,67,43,-16,-24,0.063
b4f0907e499c23e2,8,44,26,75,50,-18,-25,0.069
37a29717d5f756df,8,39,20,67,40,-19,-27,0.072
1750d5aac0a14a97,8,50,28,85,54,-22,-31,0.066
9520284499530638,8,47,24,79,47,-23,-32,0.069
e6c766305994859d,8,39,27,68,50,-12,-18,0.065
c4223297f39e9eb9,8,32,20,57,39,-12,-18,0.059
514fc9ee917e463c,8,45,28,74,53,-17,-21,0.061
d8bc2a5c34453be0,8,38,24,65,46,-14,-19,0.111
301e6bf57a78342b,8,24,18,42,35,-6,-7,0.06
7e59554439f1e4da,8,37,27,64,52,-10,-12,0.07
40e8ff8241b7c1b3,8,38,24,66,46,-14,-20,0.07
df8f43336a0ab811,8,40,25,69,47,-15,-22,0.066
06d40ea66285054e,8,30,22,53,42,-8,-11,0.057
b83d8c1fcfbb09d1,8,43,27,75,52,-16,-23,0.057
d3ace0941ab0bb61,8,38,23,62,45,-15,-17,0.053
117f2d00934eb4f9,8,52,28,88,54,-24,-34,0.066
5855eff7954eac24,8,41,25,71,48,-16,-23,0.072
b244aedfd2346f08,8,47,27,81,52,-20,-29,0.053
b7f7997b0a1d680a,8,34,27,59,50,-7,-9,0.058
e5fe5e50cc0f4abc,8,33,21,54,41,-12,-13,0.056
2ab55a865bffdc88,8,29,21,48,41,-8,-7,0.071
57528e527687a2b9,8,8,11,16,22,3,6,0.057
ee5804798c31fefe,8,24,21,40,40,-3,0,0.052
e9a4e4b26fe6149c,8,52,30,87,57,-22,-30,0.064
053becc283868a72,8,46,30,80,57,-16,-23,0.068
d61b631f65b93d25,8,45,30,77,58,-15,-19,0.055
af2d30f29750555f,8,38,30,67,57,-8,-10,0.058
a1f2bbe4c885fa45,8,49,28,81,54,-21,-27,0.067
287dd071494876a7,8,37,22,61,43,-15,-18,0.06
538d171d845e9772,8,45,28,73,53,-17,-20,0.057
a852c277621d3796,8,36,25,59,48,-11,-11,0.052
e527f7ddef85152b,8,42,28,70,53,-14,-17,0.066
0ca82b7ee8c06937,8,21,18,36,34,-3,-2,0.057
60124c77f95dbb10,8,29,22,48,42,-7,-6,0.052
3e6ff86752ace242,8,37,28,60,52,-9,-8,0.065
b096e00b5d52ea38,8,37,21,60,41,-16,-19,0.066
a36ec6a91b6b8d44,8,53,27,86,51,-26,-35,0.062
47b7a69179ac3a6b,8,40,25,66,48,-15,-18,0.066
a496df6f1506704c,8,47,28,78,53,-19,-25,0.062
63b3776de2ad402c,8,10,11,20,23,1,3,0.055
e4dee4bade10345e,8,37,28,60,52,-9,-8,0.061
57f2c954dbdce94d,8,23,18,39,35,-5,-4,0.052
5e1a320bbb96b884,8,28,25,50,46,-3,-4,0.051
3fc7a017bd8b240b,8,39,27,68,51,-12,-17,0.058
9afb2b6c1fe61f70,8,14,15,26,29,1,3,0.063
004b1e77f2704a8d,8,29,24,51,46,-5,-5,0.05
b1ad5c286b78abb3,8,33,22,56,42,-11,-14,0.068
b4676f443f325ed8,8,32,27,54,51,-5,-3,0.071
30cba8ef815659a8,8,30,25,52,46,-5,-6,0.065
a0c7bc27a8d158ad,8,25,22,42,41,-3,-1,0.06
a146c2790e70ed31,8,31,27,57,51,-4,-6,0.067
207331c5421ca041,8,39,28,62,53,-11,-9,0.057
e9bd98dc45e47689,8,41,27,67,52,-14,-15,0.07
18302a57ab76bf46,8,38,27,63,50,-11,-13,0.081
980c5b318dbdc681,8,23,21,39,39,-2,0,0.062
4357eda15c9ddace,8,32,27,54,49,-5,-5,0.068
3e6c1427c4c7fdcd,8,22,15,37,30,-7,-7,0.071
d89e2c49d3ec1982,8,30,21,48,40,-9,-8,0.066
fe4f57d9ae132b22,8,6,8,12,16,2,4,0.05
22a60ce0fe5ee96e,8,16,11,26,22,-5,-4,0.061
2741a59144300e4b,8,24,18,38,34,-6,-4,0.063
1cd9d584cb78f63a,8,24,18,38,34,-6,-4,0.055
569acd4380d5a99d,8,8,9,15,19,1,4,0.054
c7c531d44afd11ed,8,16,15,27,28,-1,1,0.051
6ec0ca3ff5c88f6e,8,19,14,34,28,-5,-6,0.071
1b3d9b65f51a48c4,8,27,17,46,33,-10,-13,0.063
c8e0dedf23fd5676,8,20,17,37,33,-3,-4,0.072
c1003dbc2ae70a76,8,43,18,69,34,-25,-35,0.061
420963ddf4e650e4,8,48,23,80,42,-25,-38,0.056
e71316bbced8d7c9,8,45,25,76,49,-20,-27,0.059
bbc9c429711c5e8a,8,48,28,82,55,-20,-27,0.062
93112127ab479cd0,8,66,30,107,58,-36,-49,0.065
682693d14df6e13d,8,63,29,102,53,-34,-49,0.058
4626b7a8542e27b4,8,64,27,104,52,-37,-52,0.062
dd7455c3b9615f75,8,53,25,86,49,-28,-37,0.054
96f8d29ef1dfb305,8,60,28,98,55,-32,-43,0.062
e5c3b5996a9e58c8,8,49,22,81,42,-27,-39,0.061
fceff62e24ed5994,8,62,27,101,50,-35,-51,0.07
c4556f7d5da60d21,8,46,22,78,43,-24,-35,0.069
49ec728848dc3e9b,8,52,28,87,54,-24,-33,0.068
c703eca0d4f339d0,8,31,18,53,36,-13,-17,0.055
b1da12d7c5058bd7,8,35,24,63,46,-11,-17,0.061
3a48d77f41a8fbd1,8,49,24,86,47,-25,-39,0.06
43d99d7f800d0d34,8,55,27,91,49,-28,-42,0.066
b94e8374f94eb48e,8,57,24,95,45,-33,-50,0.06
e3c81011ba82e29b,8,65,29,106,53,-36,-53,0.067
93c906b69304135c,8,52,28,91,55,-24,-36,0.114
dd52b9d037c3064d,8,48,27,83,50,-21,-33,0.069
113ff91ed14116d4,8,43,22,75,43,-21,-32,0.063
295ab3a759a35cf1,8,46,28,81,54,-18,-27,0.064
396a350700005039,8,56,25,93,49,-31,-44,0.06
7c196aa8de43d1a6,8,60,28,103,55,-32,-48,0.074
5311c3b7a823db59,8,54,22,91,42,-32,-49,0.079
3d4f730fcc8ff4de,8,54,27,92,50,-27,-42,0.067
99c004f153ac8854,8,47,22,80,43,-25,-37,0.069
e4cd7bde46bcd1c3,8,54,28,93,54,-26,-39,0.072
0ff2ed17b72199a4,8,16,11,30,23,-5,-7,0.047
853a9e36b062b0c2,8,23,18,42,33,-5,-9,0.059
bb2903b6608ad1a2,8,34,27,59,49,-7,-10,0.066
5ce96bd4017dc10a,8,33,18,58,35,-15,-23,0.053
ec617a570d0753de,8,21,18,39,35,-3,-4,0.058
c93a340b2ef93fcd,8,28,25,51,45,-3,-6,0.058
80650aa9448c47a7,8,45,20,75,39,-25,-36,0.069
d20a70f6ef5f5f30,8,47,27,82,49,-20,-33,0.062
c153033bbdc7cb01,8,48,30,82,57,-18,-25,0.07
3e9d3b32a2408c63,8,38,20,66,39,-18,-27,0.057
e43da2948e1151a0,8,39,27,69,49,-12,-20,0.065
8e0f7b9e6ea376fa,8,46,22,77,43,-24,-34,0.068
f56180429e152e7e,8,52,28,88,54,-24,-34,0.07
bd8c2052ef630fa4,8,41,18,70,36,-23,-34,0.052
613fd049f5e5eb7e,8,48,25,82,46,-23,-36,0.056
d4cfbc19fcb914f9,8,45,28,78,55,-17,-23,0.069
c83880618fb92db1,8,41,22,71,43,-19,-28,0.059
f7aaea557ed8e491,8,46,28,77,54,-18,-23,0.066
609e3de69bd8820d,8,33,18,58,36,-15,-22,0.053
9d0c35fe12b05a0b,8,40,25,70,46,-15,-24,0.056
d13be6af27b4e1a5,8,29,18,49,36,-11,-13,0.06
5b5398334386f064,8,31,24,55,46,-7,-9,0.056
33294de23138f03c,8,40,24,70,46,-16,-24,0.059
c2264e66863bfc81,8,48,30,81,57,-18,-24,0.072
0024c986117bf3ce,8,48,25,81,49,-23,-32,0.066
53f6be12140feaab,8,50,28,86,55,-22,-31,0.067
92d9f629bcf778ca,8,46,22,76,42,-24,-34,0.058
0b1d63121349a672,8,46,27,79,50,-19,-29,0.06
8037cdb3ca0b0758,8,39,22,68,43,-17,-25,0.056
6dc8d875b6fc1060,8,44,28,77,54,-16,-23,0.063
21395112ffd67dce,8,50,25,87,49,-25,-38,0.061
37f72972340005a1,8,58,28,99,55,-30,-44,0.073
8ce1bcb5d13e7102,8,28,22,49,43,-6,-6,0.053
cb495cf57d584e7a,8,39,27,65,53,-12,-12,0.053
bd9a43b6b86f3fe4,8,41,24,69,46,-17,-23,0.056
83973a6894f0271d,8,38,24,64,47,-14,-17,0.064
2df8e3626894044f,8,45,23,74,42,-22,-32,0.061
53a237bc96f910eb,8,33,24,56,46,-9,-10,0.062
44641a1e29ca372f,8,42,30,71,57,-12,-14,0.061
ba4aaac58d83791f,8,45,28,76,53,-17,-23,0.067
eb6107575f10d8e5,8,46,28,77,54,-18,-23,0.059
675288382432dc21,8,43,27,73,49,-16,-24,0.062
ac68bba4b06e5857,8,37,28,63,53,-9,-10,0.051
6636e4d646b99fc5,8,57,30,96,57,-27,-39,0.075
491a425826e2c254,8,49,30,83,57,-19,-26,0.066
bc61f188dbfa9fe9,8,59,28,100,55,-31,-45,0.078
1414abd05d549e3d,8,44,22,76,43,-22,-33,0.054
d55d0e255cb64c49,8,51,28,88,54,-23,-34,0.071
f5017c9ce4d7f41b,8,45,25,76,49,-20,-27,0.063
8c36f9bc770fbccb,8,51,28,87,55,-23,-32,0.063
510e80bc6109fc49,8,53,27,88,50,-26,-38,0.071
64e3e803eaa84eed,8,36,22,63,43,-14,-20,0.12
1beb25eb4dba3cb7,8,43,28,75,54,-15,-21,0.063
6c969a4563575063,8,43,24,73,44,-19,-29,0.062
981af5a4d9529dca,8,30,25,53,46,-5,-7,0.048
5b0c0b42f921434e,8,37,28,65,51,-9,-14,0.062
95e8a17e277c37de,8,37,30,61,54,-7,-7,0.064
ba219ccb785a5e52,8,28,19,48,34,-9,-14,0.044
cb42aebbf80bf5df,8,36,21,60,38,-15,-22,0.051
d625058be5df7c66,8,31,21,53,40,-10,-13,0.051
eb831ff40fa82460,8,39,25,63,47,-14,-16,0.062
91225d58e594cd52,8,25,21,44,40,-4,-4,0.054
f49abf4b0acc9d9c,8,30,25,54,45,-5,-9,0.059
155a0a437e4b98fd,8,35,28,60,54,-7,-6,0.076
11151480f645e0e5,8,35,30,60,57,-5,-3,0.062
ceeafd6ce85d5b0f,8,39,28,65,54,-11,-11,0.063
46aed0dfed5c4c46,8,27,28,47,53,1,6,0.061
045fc5ef62154ad0,8,38,30,64,56,-8,-8,0.069
4ec524628e4c9b5a,8,30,22,53,43,-8,-10,0.055
7612b8811d5915c3,8,43,28,72,53,-15,-19,0.064
804d9b21a74d8c1b,8,38,28,66,53,-10,-13,0.07
30961cad9441d3e6,8,40,27,68,48,-13,-20,0.061
67a0a0855e26007d,8,27,22,47,42,-5,-5,0.061
2ec9febd64fe3aaf,8,34,28,59,52,-6,-7,0.064
c6fc2e3856d79ecc,8,22,24,39,45,2,6,0.056
fea9d2e68809beed,8,30,30,51,55,0,4,0.063
fa50f93a45aae842,8,22,18,40,35,-4,-5,0.06
15f44df5b1d1420a,8,35,25,62,47,-10,-15,0.063
071c7b675f4608a3,8,32,25,54,47,-7,-7,0.065
064f23cf30b029ea,8,33,24,55,42,-9,-13,0.065
bdcc07a03a96009c,8,16,18,29,34,2,5,0.069
49c1f9e5327f5aa7,8,23,25,41,46,2,5,0.06
6d090380ef09da0b,8,44,28,74,53,-16,-21,0.062
615b241be80cad21,8,27,21,48,40,-6,-8,0.053
2054b954595a7a65,8,38,25,65,47,-13,-18,0.052
a4e74320910025a7,8,22,15,38,30,-7,-8,0.052
4c24fff1293af1ac,8,38,21,63,38,-17,-25,0.059
7dfeef86e6bf1e37,8,31,21,52,40,-10,-12,0.059
a27e01b30b8255f4,8,40,22,68,43,-18,-25,0.053
38454b72c4d6ae09,8,45,24,77,46,-21,-31,0.06
c228e558b710ac94,8,59,24,97,45,-35,-52,0.077
3c0e7d17b95fb83f,8,49,24,83,46,-25,-37,0.058
5b7290da972792cf,8,29,20,50,40,-9,-10,0.053
963c7b2d4e282829,8,57,27,92,51,-30,-41,0.065
ecb93573818a2961,8,41,25,69,49,-16,-20,0.055
66a3b2317082b9bb,8,43,22,70,41,-21,-29,0.062
1a067df2504f896c,8,51,27,82,49,-24,-33,0.061
508ba9faea40497f,8,33,22,56,43,-11,-13,0.059
311b4c1979c12677,8,41,28,68,53,-13,-15,0.053
2b459a0993f2781a,8,46,24,76,45,-22,-31,0.06
fa7801bd6a0b9313,8,38,24,65,46,-14,-19,0.055
6eb73bfb984a9a5c,8,57,27,94,52,-30,-42,0.059
f5572c77ea3eee96,8,65,29,106,55,-36,-51,0.065
beecee0a4aade644,8,51,27,85,52,-24,-33,0.066
83625a01d18ee5e6,8,52,24,85,45,-28,-40,0.068
377f3c601dd71ddf,8,60,29,97,53,-31,-44,0.072
c46255fd8216173b,8,42,24,71,46,-18,-25,0.054
fb789b4723c3c04c,8,50,30,83,57,-20,-26,0.075
085c4bf603a373e7,8,41,24,69,46,-17,-23,0.073
21872e394d6fee78,8,46,20,75,37,-26,-38,0.063
d531241890247fea,8,26,15,44,30,-11,-14,0.051
557b6c2506b4e420,8,57,30,95,57,-27,-38,0.073
a2f5650afd865513,8,61,27,100,50,-34,-50,0.07
c2493c9eb9253cdf,8,44,22,75,43,-22,-32,0.124
02e00b17f4d312de,8,51,28,87,54,-23,-33,0.074
b17d07fef71dec0b,8,38,24,65,46,-14,-19,0.063
1bbe241146034a52,8,50,30,83,57,-20,-26,0.078
31d4ea8e3e449ffb,8,33,22,58,43,-11,-15,0.058
429208e992b17217,8,47,22,76,41,-25,-35,0.058
f8ac91258f5d09e4,8,54,27,88,49,-27,-39,0.064
62b528a55e498df3,8,37,22,63,43,-15,-20,0.05
ab919a605254eecf,8,44,28,75,53,-16,-22,0.077
078ce9ee24cca9f3,8,43,21,74,42,-22,-32,0.07
d335806928706bae,8,69,28,117,55,-41,-62,0.083
66a2f0f219dea10f,8,59,30,100,58,-29,-42,0.067
4899caf6334fd22f,8,61,27,102,52,-34,-50,0.082
73e443c412d2e997,8,46,25,82,49,-21,-33,0.075
5adfbaed36c0d20c,8,55,28,95,54,-27,-41,0.069
badf4ac2eaa2f337,8,23,19,39,34,-4,-5,0.071
233119d00368b1d7,8,40,27,66,53,-13,-13,0.07
bff267825673cc6a,8,21,19,36,35,-2,-1,0.067
6b199f4eb1e51ae4,8,24,19,40,36,-5,-4,0.055
b76e6d433897c2fe,8,8,9,16,18,1,2,0.053
22a9f991351ee498,8,16,16,28,28,0,0,0.06
bcddfe63d1cd3582,8,38,27,63,51,-11,-12,0.061
0ee71a56673b235b,8,25,21,42,40,-4,-2,0.045
ef4dab71773b7dfd,8,33,27,55,50,-6,-5,0.059
b33e058213604964,8,42,26,71,48,-16,-23,0.051
f521b580f70a06d2,8,42,26,69,49,-16,-20,0.051
80ff6e229135cc30,8,26,16,45,31,-10,-14,0.047
225870cf80619491,8,34,23,57,41,-11,-16,0.052
0ba22fc4bd6a767d,8,56,30,93,58,-26,-35,0.066
b5ca5b28f6be820e,8,44,27,75,51,-17,-24,0.054
af5cd3f6cab833dd,8,51,30,85,56,-21,-29,0.063
0ab06a7928a877f5,8,43,24,72,46,-19,-26,0.045
ef24e9b682f77b66,8,51,30,84,57,-21,-27,0.066
cf507019a00d39c6,8,35,20,60,39,-15,-21,0.064
be667a54166ddc34,8,43,27,72,49,-16,-23,0.059
8b0bdf93156562b3,8,40,26,67,49,-14,-18,0.064
c1f719d0f2ece504,8,27,23,46,42,-4,-4,0.047
02dfd06310c250c8,8,35,26,59,47,-9,-12,0.056
161780d01bf702c6,8,27,20,45,38,-7,-7,0.057
2018fda428d21ffa,8,35,26,57,48,-9,-9,0.066
66c0245d9dee4431,8,19,16,33,30,-3,-3,0.059
12f8056d45e16c81,8,27,23,45,40,-4,-5,0.064
d914e76c9910ec5e,8,56,30,92,58,-26,-34,0.073
95bb76ea15ed8510,8,44,24,73,46,-20,-27,0.062
cc56e6b0d331cc70,8,52,30,85,57,-22,-28,0.063
c1837ed2d3deca9a,8,40,27,67,52,-13,-15,0.052
fcd327dad408d483,8,49,30,81,58,-19,-23,0.064
a28c1f71df1436e7,8,37,27,63,51,-10,-12,0.058
68669272fd559d28,8,44,30,73,56,-14,-17,0.061
ba9f1bb5f78d0e62,8,36,24,60,46,-12,-14,0.057
71e6b41f59ba94a2,8,44,30,72,57,-14,-15,0.071
0b8bd4fedac28c99,8,28,20,48,39,-8,-9,0.066
3318bb2a8b76a667,8,36,27,60,49,-9,-11,0.054
1c27e4322c8fcafc,8,14,13,25,26,-1,1,0.05
c16f2db71daaedce,8,22,19,37,36,-3,-1,0.048
45424e2e215f1e55,8,33,21,54,38,-12,-16,0.052
cf99a57de7ceac7c,8,41,26,66,46,-15,-20,0.055
16649de10e5ba958,8,32,20,55,38,-12,-17,0.056
31bca121ef5ab104,8,40,26,67,49,-14,-18,0.06
ef8feb8c69ed0c91,8,50,27,84,52,-23,-32,0.056
88fdfc111b363756,8,57,30,94,58,-27,-36,0.067
5dc129cbdf6e505b,8,59,29,96,53,-30,-43,0.064
61a2dda7efa2a697,8,41,24,70,46,-17,-24,0.067
7ba8e0cf12ae3ff8,8,49,30,82,57,-19,-25,0.068
22d1eb876cafe6fc,8,33,23,56,44,-10,-12,0.057
1da409b01e5d6d8d,8,41,26,68,49,-15,-19,0.069
5ae25f7348915c2e,8,35,20,57,36,-15,-21,0.052
1436e496cfe25e6b,8,43,25,69,44,-18,-25,0.056
1c565f53dd554868,8,25,20,43,38,-5,-5,0.06
396302311f10b741,8,33,26,55,48,-7,-7,0.066
2dd0f203aec2c49a,8,60,29,97,53,-31,-44,0.058
5b79fda93e6ea915,8,47,27,78,52,-20,-26,0.056
e91a95d33c5fb733,8,55,29,90,55,-26,-35,0.056
98d3275b7c94f675,8,43,27,72,52,-16,-20,0.068
e5cb84c7f9f82b7f,8,50,30,82,58,-20,-24,0.117
f032cd05cb46ff60,8,44,24,72,45,-20,-27,0.055
d037effa0c309eb3,8,52,29,84,53,-23,-31,0.064
4ea85c7e72e4eee9,8,34,24,58,46,-10,-12,0.062
18ca51f108858e17,8,42,30,70,57,-12,-13,0.072
f069eec6e5946a45,8,50,28,86,53,-22,-33,0.06
923f364170de1706,8,44,24,75,45,-20,-30,0.06
1a81b6f9881cc98f,8,36,25,62,47,-11,-15,0.058
0d2a7a583d857e75,8,38,28,69,52,-10,-17,0.062
79f4c868bd9e6b08,8,25,21,43,41,-4,-2,0.059
d634990e4d550826,8,43,28,74,54,-15,-20,0.072
d001b4768e4ca4fc,8,42,30,70,57,-12,-13,0.072
9c56c6b95255ba26,8,37,22,63,43,-15,-20,0.061
be935edb64693459,8,44,28,75,53,-16,-22,0.058
96ad8e92e411ec76,8,44,28,74,54,-16,-20,0.092
15e50fa147698f33,8,38,27,65,49,-11,-16,0.097
fb28c849719df068,8,29,22,50,43,-7,-7,0.08
f9a3533d76576f61,8,36,28,62,53,-8,-9,0.083
9847760ff17425cc,8,42,25,71,49,-17,-22,0.087
89b400ed5b2cbcf4,8,49,28,83,54,-21,-29,0.082
d3a5bec5639ee5d7,8,32,23,55,46,-9,-9,0.086
2b7c0640ce60808c,8,33,24,56,46,-9,-10,0.081
6efab6e90ac92d43,8,27,20,47,39,-7,-8,0.074
d470157de95315fa,8,38,26,66,50,-12,-16,0.083
08cca96b2152a471,8,40,27,68,52,-13,-16,0.078
040600f49e662d0e,8,52,29,88,56,-23,-32,0.09
b9c0f9d5d3d7ae1a,8,45,26,78,50,-19,-28,0.089
d0f757914f719177,8,55,27,93,53,-28,-40,0.097
07d66a2cdf560a9d,8,47,27,80,53,-20,-27,0.082
f185c19d08a6b67a,8,53,27,88,50,-26,-38,0.085
6c926f70c7c4624c,8,43,28,75,54,-15,-21,0.082
e66d11642db62789,8,35,24,63,47,-11,-16,0.089
32bdbdeda57b4284,8,37,23,65,45,-14,-20,0.076
fa179c6548ef2e2d,8,54,29,93,56,-25,-37,0.086
81447aa219dc1fdf,8,49,27,85,53,-22,-32,0.085
33720471a84aa754,8,35,20,60,39,-15,-21,0.076
a0bbb5b477229359,8,35,17,60,32,-18,-28,0.068
2a2bd7c55b657f2f,8,33,21,56,41,-12,-15,0.065
137538abf2b9508f,8,53,26,90,50,-27,-40,0.069
394c3fd2838c1715,8,55,24,91,45,-31,-46,0.073
eaeb92693ada1306,8,51,28,87,54,-23,-33,0.077
b6d7c87223684253,8,48,24,82,47,-24,-35,0.082
bb6983ca02feba0d,8,52,26,85,48,-26,-37,0.082
9f57754d87e2ca56,8,50,30,83,57,-20,-26,0.085
7eda55704eb6d85b,8,46,26,78,50,-20,-28,0.085
6dda10b6c674425a,8,41,28,70,53,-13,-17,0.083
a4db3be38837a717,8,54,27,88,49,-27,-39,0.082
e2c797af2b5b1e8f,8,43,24,74,44,-19,-30,0.08
ce2a75fb953cd8fc,8,44,28,75,53,-16,-22,0.082
bc3210f4acc569e1,8,36,24,63,46,-12,-17,0.085
eef6fa605a42aaa5,8,54,27,93,53,-27,-40,0.096
660773a082337ef0,8,53,29,91,56,-24,-35,0.083
a0354493c7254bb4,8,59,27,98,51,-32,-47,0.075
559204662d3acbe0,8,48,27,83,52,-21,-31,0.075
8403ce33c0e25ce1,8,24,13,42,27,-11,-15,0.063
dbbb9410d1b87a6b,8,21,20,38,38,-1,0,0.058
2edaf53139697afe,8,19,18,35,33,-1,-2,0.066
ba689ec2134f63cb,8,16,13,30,27,-3,-3,0.053
0f5bbdf796cfb0d8,8,39,20,67,40,-19,-27,0.068
86a5433559a357e9,8,38,27,67,51,-11,-16,0.078
4c56fec0ca211e1a,8,37,25,64,46,-12,-18,0.08
7c4a0094cadf5bad,8,32,20,58,40,-12,-18,0.069
9c9246c47004a954,8,38,22,65,43,-16,-22,0.087
86db8eec156e89a2,8,36,29,62,54,-7,-8,0.088
a466c4c9d54c40ef,8,35,26,60,50,-9,-10,0.068
8a93cb6f9c82647c,8,36,27,60,49,-9,-11,0.065
5daf581d73749da2,8,32,22,55,43,-10,-12,0.124
f5ca2bfabe43448f,8,41,27,70,50,-14,-20,0.051
169af7a6299f1161,8,38,24,65,46,-14,-19,0.07
0714654d6d8658a8,8,38,25,65,45,-13,-20,0.064
abbd55d782e6c887,8,32,20,56,39,-12,-17,0.071
f59609cc7f72a879,8,38,28,65,52,-10,-13,0.061
96c3434d852b9b99,8,31,27,54,50,-4,-4,0.068
236b91cbcbb91f43,8,30,24,52,46,-6,-6,0.058
298fcffe13689da3,8,30,25,52,45,-5,-7,0.057
6db1fa3aac5d00a5,8,27,20,48,39,-7,-9,0.055
a63da539e1dc329a,8,25,21,43,41,-4,-2,0.053
9daef6738355a072,8,19,17,34,34,-2,0,0.057
ed5840db9deaa99a,8,46,27,74,49,-19,-25,0.062
8fcd737fd8fc5574,8,35,24,59,44,-11,-15,0.06
12dfe8378fee0f0b,8,36,28,62,53,-8,-9,0.065
65b2a56457499345,8,32,24,56,46,-8,-10,0.057
44b8846d10533b9f,8,42,27,74,52,-15,-22,0.064
c62122046a87d8cf,8,62,26,102,49,-36,-53,0.058
79095d9425fa40f1,8,58,29,96,53,-29,-43,0.069
d32393fc5e4a664f,8,42,24,72,46,-18,-26,0.073
722966aff6139bdb,8,48,30,81,57,-18,-24,0.065
7ea0bdc399610853,8,75,27,123,50,-48,-73,0.063
d0abbf01fdacdb2d,8,42,24,73,46,-18,-27,0.07
bd70cab76e162a2f,8,74,29,121,55,-45,-66,0.07
9bae872acd6ef476,8,57,27,95,52,-30,-43,0.061
2ff3c22ab127ff59,8,65,29,107,53,-36,-54,0.06
79712e1c5d3bec53,8,48,24,81,46,-24,-35,0.065
4881f7517730ee2b,8,55,30,93,57,-25,-36,0.071
675140aa6dcd3667,8,45,27,78,51,-18,-27,0.06
dbf0d361da1076ac,8,58,29,97,54,-29,-43,0.066
c32e4c51605b35c2,8,61,29,102,53,-32,-49,0.07
d838d273527c60f7,8,43,27,74,51,-16,-23,0.062
d9395718c81249f9,8,53,30,90,56,-23,-34,0.071
57976feea9fab098,8,28,20,50,37,-8,-13,0.064
35ec6d954744c897,8,35,24,61,44,-11,-17,0.052
0454fc044fad86e9,8,60,26,97,46,-34,-51,0.063
a011bc3b06ace69a,8,51,26,85,48,-25,-37,0.06
37d9a35556961c88,8,54,26,90,47,-28,-43,0.066
7307d913488939a6,8,36,23,62,43,-13,-19,0.054
2387d6537954c99e,8,46,27,79,50,-19,-29,0.072
727ef851de7b3dca,8,62,30,101,58,-32,-43,0.067
70a18a35d97d715c,8,49,30,85,56,-19,-29,0.062
8aeacd3ec00ba259,8,46,27,77,52,-19,-25,0.063
86c2d902304e1d52,8,50,30,84,57,-20,-27,0.063
12e8444691abf93c,8,45,30,79,56,-15,-23,0.063
eb68c71243fcb54a,8,44,27,77,52,-17,-25,0.063
c4f75928574640e1,8,54,30,91,57,-24,-34,0.055
2128da1df6a429f1,8,45,27,78,49,-18,-29,0.057
d23e261ab7d88000,8,65,30,112,56,-35,-56,0.066
ec9c132bbc77d0e2,8,66,28,109,53,-38,-56,0.069
dbe545746616906c,8,49,30,87,56,-19,-31,0.061
9e775307e89054d1,8,58,26,95,49,-32,-46,0.064
35cf696f143de62a,8,63,30,106,58,-33,-48,0.067
dde1f2981b911168,8,50,27,86,51,-23,-35,0.061
ceda1dbd6bb443f7,8,58,30,96,56,-28,-40,0.07
0ee651d1e4b4a8e0,8,42,27,69,50,-15,-19,0.064
e33bc9afcfe9a941,8,55,30,92,57,-25,-35,0.08
cf787643c2a25e5b,8,43,30,73,57,-13,-16,0.07
5d0a1900213a9772,8,58,29,94,53,-29,-41,0.062
5e322d443704714d,8,43,24,74,46,-19,-28,0.068
7b2ecf569909aa28,8,53,30,87,57,-23,-30,0.113
563b36754955f001,8,55,27,93,52,-28,-41,0.057
191d4105dd5746af,8,61,30,103,58,-31,-45,0.066
7b76ba828eaa0694,8,30,14,51,27,-16,-24,0.067
d78cfddd0946d501,8,23,21,41,38,-2,-3,0.07
cd3945a219e75a1b,8,46,24,77,46,-22,-31,0.057
d33977146122039a,8,40,24,67,46,-16,-21,0.069
275ecee5edbb04d9,8,41,30,71,57,-11,-14,0.086
ae4362e9662ce77d,8,34,26,59,50,-8,-9,0.07
5c98b9b034b56ac8,8,45,29,78,56,-16,-22,0.077
35cf107b70fb9965,8,49,26,85,52,-23,-33,0.059
d668f0aaad1a0a68,8,48,23,82,46,-25,-36,0.073
dbaa58fafea6b4d4,8,49,27,83,53,-22,-30,0.071
a26c50c8dfa8f2fd,8,41,26,72,51,-15,-21,0.068
5fc2898ebbb1f2ba,8,37,30,64,57,-7,-7,0.068
86edc76999c9e6e6,8,33,26,58,50,-7,-8,0.058
47960b16accbb0ab,8,34,23,60,45,-11,-15,0.077
d68cdb6ac072d5c2,8,33,23,57,45,-10,-12,0.065
73aa8f1e2e2defca,8,30,26,51,50,-4,-1,0.059
b612e1ee55231eb9,8,34,23,57,42,-11,-15,0.058
159661ced7c31ab4,8,31,27,53,51,-4,-2,0.065
2ba374cf3acd7467,8,26,23,47,44,-3,-3,0.056
033fc540680cfa6b,8,34,26,60,50,-8,-10,0.076
5b56e6cd7819dbc1,8,49,21,80,40,-28,-40,0.062
2476122af0b76e44,8,56,26,89,48,-30,-41,0.068
819f8dd9abc2abcb,8,47,27,80,52,-20,-28,0.062
7e2f739509a1e8c9,8,50,30,86,58,-20,-28,0.062
2bc7f6a6aae47aed,8,66,25,107,48,-41,-59,0.068
c22a088ac0b99337,8,71,28,115,54,-43,-61,0.068
51d73366dc963691,8,65,22,104,41,-43,-63,0.07
a5dfeb78568bf12a,8,73,27,116,49,-46,-67,0.076
91e25a854844a537,8,65,27,109,52,-38,-57,0.069
e1efb943435d5ba0,8,71,30,116,58,-41,-58,0.066
1d5dd28bdb88efa3,8,72,29,120,55,-43,-65,0.077
aab0c4db6817a822,8,55,27,91,52,-28,-39,0.073
c427a98ca830aaf6,8,63,30,103,58,-33,-45,0.068
6bb88314fcc2239c,8,55,24,89,45,-31,-44,0.063
55dc13d1ddcef4f5,8,63,29,101,53,-34,-48,0.058
b0ad220cf2018c0d,8,48,24,81,46,-24,-35,0.063
3a62807e3879daac,8,55,30,93,57,-25,-36,0.077
4136479116b8b96e,8,44,26,76,47,-18,-29,0.07
814f543d4ef9f5fb,8,66,28,108,52,-38,-56,0.078
18d9ad1f7c1499c6,8,61,30,99,58,-31,-41,0.083
e757734d846fb38c,8,52,30,88,56,-22,-32,0.065
16442424e016b64d,8,58,29,97,55,-29,-42,0.076
d4efca4f69117484,8,43,23,73,43,-20,-30,0.061
be05aa43971b9705,8,51,26,85,48,-25,-37,0.065
8d4f4a9858dca659,8,46,27,78,51,-19,-27,0.059
33a9379be825b84c,8,53,30,86,57,-23,-29,0.068
825719e73486c188,8,38,27,66,50,-11,-16,0.063
c12c85bb55303773,8,43,30,72,55,-13,-17,0.062
2470655ded3ed7f0,8,49,30,86,56,-19,-30,0.068
77dac9ea0bdaa20d,8,77,24,127,46,-53,-81,0.08
63bc1721777dcee4,8,66,30,114,58,-36,-56,0.076
5f80866f1e4dbfd1,8,61,30,103,56,-31,-47,0.137
348e6b25a8b441f1,8,78,29,132,56,-49,-76,0.085
866f1719ea16fe05,8,65,26,113,49,-39,-64,0.078
66d7789b01d583ca,8,68,27,113,52,-41,-61,0.067
076fa507d176bbd4,8,68,30,114,58,-38,-56,0.079
f955cd79a6c4cf7b,8,61,27,104,51,-34,-53,0.082
eab1a12e40a54f15,8,60,30,106,56,-30,-50,0.074
f926770c4ac7bf29,8,43,27,73,50,-16,-23,0.066
dbe5447e570b780b,8,50,18,82,36,-32,-46,0.071
e2aebdcbc279b556,8,55,24,94,47,-31,-47,0.069
71cb4a52228966c9,8,37,21,63,42,-16,-21,0.064
0f3b6d64dc289f27,8,41,27,71,53,-14,-18,0.07
937dbcf1024d9f0b,8,52,27,90,54,-25,-36,0.076
1b7ba107ee6ee169,8,43,21,72,42,-22,-30,0.06
5a66c73f1a43a61f,8,52,27,89,53,-25,-36,0.068
54e1669ea3cb2abf,8,41,30,70,57,-11,-13,0.062
8b18474d9e4b8975,8,59,30,100,58,-29,-42,0.062
bbd99d6b3fd0b935,8,59,29,98,53,-30,-45,0.061
26ff791bba3e5094,8,51,30,87,57,-21,-30,0.063
985db1793ea959f5,8,56,28,97,55,-28,-42,0.07
707e78e2a3fcb915,8,71,28,118,55,-43,-63,0.075
ceb7bb2ff6e1d8ac,8,67,27,113,50,-40,-63,0.056
2a5918aa639db473,8,57,22,95,43,-35,-52,0.071
41f2dffb7dead6eb,8,66,28,112,54,-38,-58,0.068
1a36db4f80b8ae3b,8,58,30,102,58,-28,-44,0.062
b7d7d206e4c9cd9c,8,58,29,100,53,-29,-47,0.07
acf5911a0a02be80,8,45,24,78,46,-21,-32,0.067
130278eb6880581f,8,51,30,87,57,-21,-30,0.074
ce148a17f6487ce3,8,73,29,121,55,-44,-66,0.064
395ddc71fed20819,8,60,30,103,58,-30,-45,0.061
15a108b42d13c360,8,67,29,112,53,-38,-59,0.063
806394561ff88009,8,49,24,83,46,-25,-37,0.066
48fef8b6e859ba56,8,53,30,93,57,-23,-36,0.075
9dd85e2832cc8b95,8,41,27,72,52,-14,-20,0.057
3f325ff53a907917,8,58,23,98,43,-35,-55,0.063
055584048d12476e,8,40,27,68,50,-13,-18,0.066
054cd36f9c5254b7,8,47,30,82,56,-17,-26,0.051
a28b277486274fb3,8,53,30,93,56,-23,-37,0.069
4c18c0a2c41cd01c,8,61,26,102,49,-35,-53,0.064
eeccb29fc8dc4c1a,8,54,26,92,48,-28,-44,0.073
fcf1d5a3048e5be2,8,41,27,71,50,-14,-21,0.058
c261ee38bb2f01fd,8,49,30,85,55,-19,-30,0.07
8f744558a9859eaa,8,21,17,40,32,-4,-8,0.046
5eaca633634e752f,8,29,24,52,42,-5,-10,0.059
5d041f91e8a8515d,8,45,21,75,39,-24,-36,0.06
a1000b2add32c058,8,27,17,48,35,-10,-13,0.057
a5375e75a19675d0,8,35,24,60,45,-11,-15,0.059
a4ab484708b43ec0,8,34,27,60,49,-7,-11,0.062
0bfa935deb45510e,8,51,25,86,45,-26,-41,0.052
ac152f837c047d1a,8,54,30,94,56,-24,-38,0.079
79dc793e731d63ea,8,61,30,102,57,-31,-45,0.073
8436b9fe42a49556,8,49,27,87,49,-22,-38,0.075
b42e4422a7429aab,8,63,30,103,58,-33,-45,0.067
b0052506b7b6ab5e,8,49,30,86,56,-19,-30,0.082
553b2ab85e06b33c,8,49,30,84,57,-19,-27,0.056
97667539d0344935,8,35,20,62,39,-15,-23,0.063
ed2b80ff24f37216,8,43,27,74,49,-16,-25,0.059
42a3e4c852ed8fc7,8,47,30,82,56,-17,-26,0.066
a8570f8e6712930e,8,60,28,100,52,-32,-48,0.064
bb161e7d8e221e3b,8,60,30,106,56,-30,-50,0.07
7fb0e91a71a7469c,8,59,26,100,49,-33,-51,0.074
67018d139b49ba2b,8,51,27,89,51,-24,-38,0.116
15280bc08068a506,8,59,30,100,56,-29,-44,0.064
c8680e5d5edc9442,8,35,21,60,42,-14,-18,0.064
4979902a3f6ff51a,8,36,27,63,53,-9,-10,0.075
6e8ac738f5de70f0,8,55,28,93,53,-27,-40,0.076
b06682c0a27b3fdb,8,59,30,100,58,-29,-42,0.07
35fc8c78fadf1bfc,8,59,29,99,53,-30,-46,0.082
b1151dcf99f7dc74,8,41,24,70,46,-17,-24,0.069
64c79034a6200510,8,54,30,90,57,-24,-33,0.06
e5657f40641c39d2,8,56,27,96,52,-29,-44,0.067
669846b1e7b89d3e,8,57,30,97,58,-27,-39,0.067
8f2ca8d50e253ac4,8,49,27,84,54,-22,-30,0.059
f235fcd1444aad4c,8,49,30,86,58,-19,-28,0.062
97edd2411b5f4ce1,8,67,28,111,54,-39,-57,0.065
f71589ed8d560747,8,71,29,119,55,-42,-64,0.066
660786da7e51c0d7,8,53,27,91,52,-26,-39,0.069
deacabae091a095d,8,61,30,102,58,-31,-44,0.077
872c24c6dbeb26ab,8,44,30,73,57,-14,-16,0.058
e4c63e057b3f4a39,8,47,30,78,58,-17,-20,0.066
dd439867d0ed07d3,8,37,30,64,57,-7,-7,0.064
97c571629fef29b1,8,49,24,82,47,-25,-35,0.065
6c268c69b205d1b5,8,46,30,78,57,-16,-21,0.064
50da53cd85949dd0,8,42,30,71,57,-12,-14,0.057
7993f072cc5d14e1,8,30,24,52,45,-6,-7,0.06
325f3690927bb815,8,38,30,65,56,-8,-9,0.062
347fe2a7c2ab2e17,8,38,24,64,46,-14,-18,0.057
055828691d1f2bdd,8,47,30,78,57,-17,-21,0.064
b09e5b22c03e5bfc,8,33,24,56,46,-9,-10,0.064
f3c5c9e529b15827,8,39,30,66,56,-9,-10,0.06
962cb0302c7c0968,8,47,29,78,53,-18,-25,0.067
76aaf3587113ef7d,8,34,30,58,56,-4,-2,0.066
854af40f8b5b3f20,8,39,29,65,51,-10,-14,0.057
ecf991db290cade7,8,25,24,43,45,-1,2,0.053
dbb4742993d47c44,8,34,30,59,55,-4,-4,0.056
6c68500763d4f06d,8,50,30,86,57,-20,-29,0.059
0dbef76a8b17d57c,8,52,29,85,53,-23,-32,0.071
3eddbdd119397f4d,8,45,30,78,56,-15,-22,0.063
6714edf368361b2e,8,35,27,59,50,-8,-9,0.058
04121c29564c33a7,8,33,21,56,40,-12,-16,0.054
947030f4e2b3c03f,8,41,27,68,50,-14,-18,0.063
dd690faa9b5892c7,8,71,28,114,54,-43,-60,0.071
bb856d6866cdef00,8,62,30,104,58,-32,-46,0.067
4d7adf6356814966,8,54,30,91,57,-24,-34,0.073
6d3eae86922ceb92,8,48,28,80,55,-20,-25,0.061
fc06c3d4b43136f1,8,62,28,102,54,-34,-48,0.065
cc886e08d7cdd5f6,8,49,30,83,58,-19,-25,0.059
2f8b625e28a8d718,8,41,30,70,57,-11,-13,0.071
208627b2ffd2526c,8,55,30,92,58,-25,-34,0.065
38748d16d5ffe67f,8,57,29,93,53,-28,-40,0.072
c3ebe1fe0884d136,8,39,24,67,46,-15,-21,0.074
6ceed337e55408ec,8,52,30,86,57,-22,-29,0.061
e1cd91e8e76373c4,8,75,30,127,58,-45,-69,0.077
bee8ea5e11b12afd,8,67,28,112,55,-39,-57,0.067
b7ee6639e98f799e,8,68,29,115,55,-39,-60,0.074
838b48ab30b34c4e,8,60,30,102,58,-30,-44,0.078
735d457bc3c667d5,8,31,27,52,50,-4,-2,0.063
374fb420ddf3c37c,8,27,21,46,41,-6,-5,0.128
1188056f9887ab19,8,22,21,38,40,-1,2,0.053
d2e0106d554a0bdf,8,49,30,82,57,-19,-25,0.077
61d44a7f3c36869a,8,48,30,81,57,-18,-24,0.068
285cebab7f989764,8,36,24,62,45,-12,-17,0.052
6acd18f7bb11f0d2,8,51,30,84,58,-21,-26,0.062
c8e96f44ca0c03e8,8,34,24,58,46,-10,-12,0.065
362b54e5c04d6656,8,42,30,70,57,-12,-13,0.063
93f64f42b2d93685,8,49,30,82,57,-19,-25,0.071
e8eeaab77110ae6e,8,37,24,63,46,-13,-17,0.052
3ace2c69758d27bd,8,36,27,61,51,-9,-10,0.065
a7803c9a53bc030d,8,41,30,69,56,-11,-13,0.058
0ae3ff9b0721b9bc,8,34,24,57,43,-10,-14,0.06
a28d8d7d3c57d6c0,8,29,24,50,45,-5,-5,0.051
1a7817dd4d435b69,8,33,30,56,55,-3,-1,0.074
ef5fcf4bd16adfd8,8,35,21,60,41,-14,-19,0.065
fdf16047463db9dc,8,52,30,88,58,-22,-30,0.079
45cf927131093ecf,8,40,27,69,51,-13,-18,0.062
654973b0d1d070b1,8,47,30,81,56,-17,-25,0.075
0a22c5aab03b73d8,8,32,24,54,42,-8,-12,0.062
3b6bf7baf2340d35,8,30,27,52,49,-3,-3,0.078
f630e0d8d467c2cc,8,25,24,44,42,-1,-2,0.06
7081a955aa06c2b8,8,48,25,80,45,-23,-35,0.066
3e5c4619c0f7b271,8,40,27,68,49,-13,-19,0.07
b6783372d5949c1b,8,51,25,84,46,-26,-38,0.078
8fbfd7111c70d7a0,8,38,25,66,45,-13,-21,0.053
08f0d7565b000b69,8,49,30,83,56,-19,-27,0.078
9d382cb01c349d55,8,41,27,69,49,-14,-20,0.072
3ce57b20d6448f98,8,41,30,70,56,-11,-14,0.073
68d38f0eeece292c,8,29,20,52,39,-9,-13,0.06
93820b8ab0df38c6,8,33,27,56,49,-6,-7,0.072
dbb64b0c4c3d051a,8,38,27,64,49,-11,-15,0.057
2a33f10201e1651d,8,56,30,95,56,-26,-39,0.061
d34e7349515f86e1,8,57,28,96,52,-29,-44,0.065
f6ef5284c2118e84,8,57,30,96,56,-27,-40,0.06
e7e2e547694af46f,8,50,26,84,49,-24,-35,0.053
fd12ba2970964f6c,8,39,27,68,51,-12,-17,0.059
ae950cb53e7de7da,8,45,30,79,56,-15,-23,0.067
ba708b9a376b3070,8,53,29,88,53,-24,-35,0.064
7b63350cde7a593f,8,36,24,61,46,-12,-15,0.066
dad557456f3ad54e,8,44,30,73,57,-14,-16,0.056
52dbc91dd420c12e,8,54,30,92,58,-24,-34,0.068
412a34562e88b6b7,8,25,23,45,43,-2,-2,0.061
da9027e9008c97d3,8,40,24,70,46,-16,-24,0.059
6530731e337b66a1,8,47,29,79,56,-18,-23,0.065
904eaf1875237e0e,8,44,30,73,57,-14,-16,0.064
a5a929b0c85090fe,8,36,26,61,50,-10,-11,0.069
35d8de8ef028c5c1,8,48,29,85,56,-19,-29,0.062
12e5176f30cc1441,8,41,26,68,49,-15,-19,0.067
f5f0d4cf864cc1a8,8,46,20,75,39,-26,-36,0.073
ffe4ced8171e7ea8,8,41,21,72,42,-20,-30,0.056
afdcc3e6fa36aa12,8,41,20,68,40,-21,-28,0.068
418ef9d316c1f16d,8,29,17,50,31,-12,-19,0.056
dd31ad0b9f456876,8,22,21,38,40,-1,2,0.059
29c7ccbb1d6d38e3,8,21,17,38,33,-4,-5,0.064
995d1ad828fa57ed,8,32,20,53,39,-12,-14,0.061
bc5338d30a1ce3e4,8,54,24,91,46,-30,-45,0.057
03cf69326fb37ba0,8,63,21,98,38,-42,-60,0.058
61c4c46cc0d2f1f9,8,55,22,87,42,-33,-45,0.063
cbdd104fd7cf851f,8,58,24,94,47,-34,-47,0.059
8df9b0da52044cf4,8,48,21,75,39,-27,-36,0.052
f30a6ee4b7501f83,8,55,26,90,47,-29,-43,0.06
9ccbc8a6b07bd7d0,8,40,21,66,40,-19,-26,0.058
bd4ec0e3c3fab6aa,8,47,27,75,51,-20,-24,0.066
04cfc7c8f2d037e2,8,70,30,115,58,-40,-57,0.085
af2fd702ceb981ae,8,66,22,105,43,-44,-62,0.068
4724dba859b1dac4,8,57,24,93,46,-33,-47,0.119
89e8f05e743f55dc,8,50,24,83,46,-26,-37,0.067
97ed05ce7f89e95b,8,57,27,94,52,-30,-42,0.072
888005812b35e782,8,48,27,82,51,-21,-31,0.069
abb32eafcfdb2a92,8,64,24,106,48,-40,-58,0.07
547fa69a4222fe9c,8,51,24,86,48,-27,-38,0.071
3c205b338f8af44f,8,52,27,91,54,-25,-37,0.067
960f69a536495dd3,8,44,20,79,39,-24,-40,0.056
22a06b2d06997d5e,8,38,20,69,39,-18,-30,0.064
10e4523315fc857d,8,35,27,60,48,-8,-12,0.053
81a0502387cf60be,8,42,27,74,52,-15,-22,0.069
8700b9eb62e87681,8,49,27,84,53,-22,-31,0.063
db4013b37aff24d5,8,32,17,53,35,-15,-18,0.054
55f0d65ba0d63101,8,40,24,70,45,-16,-25,0.068
95cd7cee4e1ff1c5,8,38,27,67,51,-11,-16,0.073
f4d5c07e888599a7,8,38,27,65,52,-11,-13,0.063
0576f17d989cdd4f,8,27,17,45,34,-10,-11,0.051
eb3bb75b994c9563,8,35,24,58,44,-11,-14,0.062
0dedc36f81e0926e,8,57,30,96,56,-27,-40,0.07
530fe899c4b6ff8d,8,40,27,67,48,-13,-19,0.055
05e7d968afc51fb0,8,54,22,88,42,-32,-46,0.061
1f47b348a169a976,8,56,27,92,52,-29,-40,0.061
a11df6f7b4aed210,8,52,23,86,44,-29,-42,0.054
0c917d2b5b5176e5,8,54,27,86,53,-27,-33,0.063
6354046437a09861,8,40,24,67,46,-16,-21,0.061
ff31ed8b6d65583a,8,48,27,79,51,-21,-28,0.066
2ecc70511f6f8280,8,50,30,83,57,-20,-26,0.068
fff78ddb5ee87dac,8,48,22,78,43,-26,-35,0.057
07b464acc261911b,8,48,26,78,48,-22,-30,0.064
98ce5e90a47c3b94,8,34,21,57,41,-13,-16,0.061
34fe82e0f392f75e,8,42,27,69,52,-15,-17,0.06
0735920894b89d36,8,45,24,75,47,-21,-28,0.062
5b24896acbde0070,8,53,27,87,53,-26,-34,0.065
5b5f2b4e725dc3d5,8,38,30,63,57,-8,-6,0.062
586a54b839d3f20e,8,37,30,62,56,-7,-6,0.063
d7c4be2c66419f13,8,25,24,43,45,-1,2,0.058
6860bba833c5bec1,8,29,30,49,55,1,6,0.066
69c6f23b5e0e4e00,8,36,27,59,52,-9,-7,0.056
d7f763ecdb23b11d,8,35,24,58,47,-11,-11,0.068
1017529f5337173d,8,23,18,39,36,-5,-3,0.047
2aadaf4b1017a1fe,8,20,21,35,39,1,4,0.062
e70f9dd3377814dd,8,28,27,46,49,-1,3,0.06
feedaa2a17980a07,8,23,17,40,33,-6,-7,0.057
f268cf24c7793531,8,27,18,45,35,-9,-10,0.065
a3b39697349d79ce,8,22,14,36,26,-8,-10,0.047
a492b058e8376f3c,8,13,14,23,27,1,4,0.065
254187a2d1323de1,8,19,18,32,34,-1,2,0.059
09b997cffa07d792,8,44,30,75,56,-14,-19,0.061
3f18007dc951d943,8,42,27,70,50,-15,-20,0.055
fe4f844ca4ff0a6f,8,27,17,47,33,-10,-14,0.057
5b8c92c69f816847,8,35,18,59,35,-17,-24,0.059
0bf28c0d0ff82047,8,44,27,73,49,-17,-24,0.062
fd4bc4b3c3a0352e,8,40,23,67,41,-17,-26,0.065
7aaaf5d5eb0e3e45,8,28,24,49,43,-4,-6,0.053
5db0c0438f89a04a,8,36,27,61,48,-9,-13,0.064
31b73df18013a7e1,8,37,26,60,45,-11,-15,0.066
32a11024999024ee,8,22,21,37,39,-1,2,0.065
7729b29a197e4d84,8,30,27,49,49,-3,0,0.062
e93bd0fae97ca5f0,8,43,27,71,50,-16,-21,0.06
0b15ab2a7346bdf3,8,32,26,54,50,-6,-4,0.06
5013fada087fd09c,8,29,26,48,48,-3,0,0.064
54e8a46f16d10094,8,30,27,49,49,-3,0,0.066
ba418692fbcff718,8,22,23,37,42,1,5,0.067
626724cf5fea7b5a,8,38,26,64,48,-12,-16,0.07
db434264d6a1b599,8,50,23,82,43,-27,-39,0.064
7c3a07ce70799e74,8,42,24,71,47,-18,-24,0.056
ac3089fe54ae22a1,8,33,20,56,40,-13,-16,0.063
2c68fff329ab05e2,8,53,24,89,48,-29,-41,0.122
aaec76805e947899,8,45,23,78,46,-22,-32,0.053
5f7fee370efc8b6a,8,28,14,48,28,-14,-20,0.057
963ea178f5c789d3,8,38,19,68,39,-19,-29,0.063
b795db8075f115f1,8,37,26,65,49,-11,-16,0.069
c44332430a46cc81,8,36,23,62,45,-13,-17,0.055
59d77a2956a46d35,8,28,19,50,38,-9,-12,0.065
b21caf16a1486a09,8,36,23,62,44,-13,-18,0.051
ea29da09ab335a79,8,36,20,62,40,-16,-22,0.052
549d053a1b32309b,8,35,21,60,39,-14,-21,0.057
0d8c54fd927f57f1,8,29,16,51,33,-13,-18,0.058
4323a12922d43c99,8,34,22,58,42,-12,-16,0.055
48d595de1db2610f,8,30,21,52,40,-9,-12,0.059
3005094cede60748,8,29,18,49,36,-11,-13,0.059
20a0c4b8fe09455a,8,27,19,47,35,-8,-12,0.054
5457cab4c6561b28,8,20,14,36,29,-6,-7,0.055
46e91b3dfd670e2d,8,41,27,71,52,-14,-19,0.058
019f0c11e4b34b29,8,42,21,69,39,-21,-30,0.064
4a387c1e600acc5e,8,35,18,61,34,-17,-27,0.062
d4f5cc46f17915a0,8,34,22,58,43,-12,-15,0.071
4d4f020753aef20f,8,28,18,48,36,-10,-12,0.064
5b27681f8e00498c,8,38,21,67,42,-17,-25,0.061
689a9c8951d836ec,8,50,28,84,54,-22,-30,0.073
4b3290fbe6a4bd43,8,35,22,59,42,-13,-17,0.059
245f241ccb21ec5b,8,42,30,71,56,-12,-15,0.075
6f5d003f73d0f031,8,43,28,71,52,-15,-19,0.069
5cafa4877c166ace,8,41,24,67,47,-17,-20,0.072
f00fce43927c4d85,8,28,18,48,36,-10,-12,0.06
9711b6a88fd9ef9f,8,35,24,58,46,-11,-12,0.06
f1cf8219b806745b,8,53,30,92,57,-23,-35,0.08
a55264b8039db1ff,8,37,21,62,42,-16,-20,0.066
e99cb4127fe993e9,8,47,24,78,47,-23,-31,0.07
c94afe5a7a3beb23,8,70,30,119,58,-40,-61,0.071
b5af61bd7338b967,8,73,27,119,52,-46,-67,0.087
cbb47d06d8f45638,8,58,25,98,49,-33,-49,0.075
cce3b4720a85adcf,8,64,28,107,55,-36,-52,0.09
47c90b1f897b3b32,8,70,30,116,58,-40,-58,0.069
0977f0cc0d98fa8f,8,58,28,100,55,-30,-45,0.075
3c1dce011b7322fe,8,65,30,109,58,-35,-51,0.072
a47a898968b05f17,8,51,30,87,56,-21,-31,0.067
36187f85ee8539c8,8,55,28,92,53,-27,-39,0.072
98471562e71988a5,8,47,25,78,46,-22,-32,0.055
e73a8fb00d5f69f8,8,34,25,57,47,-9,-10,0.064
9062669ee33977d9,8,43,28,73,52,-15,-21,0.057
51d3d8af2816f54c,8,31,18,55,35,-13,-20,0.063
09f20d4328434455,8,38,25,64,45,-13,-19,0.057
1fed5c7db9d3065a,8,57,28,94,52,-29,-42,0.055
75f086a46f63d788,8,59,30,100,56,-29,-44,0.071
7f857e8db9c31353,8,59,28,99,53,-31,-46,0.069
ccc582c4b8db5e5d,8,50,24,85,45,-26,-40,0.067
9aee0a2e8a1f338f,8,50,28,83,52,-22,-31,0.065
4f2e567f06928733,8,45,22,77,43,-23,-34,0.07
b02360ea1155d6a5,8,54,28,89,54,-26,-35,0.057
053a613611e71601,8,53,28,87,54,-25,-33,0.062
8a7d2074fd391282,8,52,27,85,49,-25,-36,0.068
02ca38a816dbe261,8,39,22,66,42,-17,-24,0.06
b3dd607896dee3f7,8,47,28,78,53,-19,-25,0.068
b0e764ca87263336,8,58,28,96,54,-30,-42,0.061
f68f7de0e9d90e53,8,46,26,80,50,-20,-30,0.068
ff36ada3a16323d6,8,48,27,80,52,-21,-28,0.059
b46d6b095d407380,8,47,28,78,53,-19,-25,0.065
cd0700e1f756b2c7,8,41,24,69,46,-17,-23,0.069
bf9cdda7b3510f1b,8,48,27,83,52,-21,-31,0.064
925b397cc3bd9cdd,8,48,23,84,46,-25,-38,0.115
86129d1e03822d43,8,61,28,98,55,-33,-43,0.065
5c36697680e29716,8,53,27,87,53,-26,-34,0.062
d6ec1652aa9ba9e8,8,35,21,60,39,-14,-21,0.051
a36a94e7ed7a9980,8,48,20,79,37,-28,-42,0.069
1a067d293475a55e,8,48,24,81,45,-24,-36,0.058
b10afbf460e78940,8,41,23,68,43,-18,-25,0.056
78a57f04088a81a5,8,46,20,74,37,-26,-37,0.062
e585683f20f359c3,8,39,24,67,46,-15,-21,0.069
56696d7bc182a918,8,35,20,57,39,-15,-18,0.077
b73eec6cb3e16e64,8,46,23,75,45,-23,-30,0.07
f4b7adcdc202fee2,8,44,23,73,45,-21,-28,0.052
3db06848e10fc3b7,8,47,23,78,44,-24,-34,0.064
b02287b586b9967b,8,43,24,71,47,-19,-24,0.071
0350e1445404f2b9,8,39,23,66,45,-16,-21,0.074
deaa55598284efa1,8,60,27,101,53,-33,-48,0.074
ca747f0ca64b7ccf,8,58,28,98,55,-30,-43,0.068
d0672e484ab8b5b4,8,52,27,89,53,-25,-36,0.065
849dcd2acf09e29a,8,41,24,69,44,-17,-25,0.071
b1f52d7b15e70a26,8,41,28,68,53,-13,-15,0.055
ff54be5397a41f62,8,32,24,54,46,-8,-8,0.07
4774ae17028c1c7a,8,44,27,75,52,-17,-23,0.065
ae7cdf697551e3b1,8,47,24,80,47,-23,-33,0.062
c3b24e8a244fd6e8,8,46,24,77,47,-22,-30,0.075
76878e318e7305dc,8,54,27,89,53,-27,-36,0.08
810e60838faf0025,8,45,24,77,45,-21,-32,0.053
0b2cc07f8047cdc1,8,43,18,71,34,-25,-37,0.058
98ce7dd6e9301619,8,30,19,50,36,-11,-14,0.051
b24daf96a2c75622,8,38,22,62,41,-16,-21,0.062
f48e91e44be1e61b,8,39,21,63,38,-18,-25,0.061
ea8bdc2718984ba4,8,26,16,44,32,-10,-12,0.053
82459ce62cb60c4f,8,34,22,56,42,-12,-14,0.068
fc54ba4a7f904c83,8,44,22,71,43,-22,-28,0.058
6b46d0085b3e069f,8,33,18,54,33,-15,-21,0.062
22c7394377d82c44,8,36,23,60,45,-13,-15,0.072
63d7f5d3ca2c4ad4,8,35,21,58,41,-14,-17,0.064
b27297edf67f8a84,8,34,22,56,42,-12,-14,0.061
d52ddc74c8a5711e,8,28,18,47,35,-10,-12,0.06
93ac9f286deb571a,8,35,21,61,41,-14,-20,0.069
f7a9aea87d7fc2cb,8,25,16,41,29,-9,-12,0.063
6c6cf9733986a7c8,8,47,24,78,45,-23,-33,0.068
80d703de8c8582c8,8,47,28,78,54,-19,-24,0.062
c24ea623d25ef3ea,8,39,25,66,47,-14,-19,0.066
68319c82a307e01f,8,47,28,78,52,-19,-26,0.069
9f03ff088992bcdf,8,52,30,86,58,-22,-28,0.072
6980561cdb5d92dc,8,36,27,63,51,-9,-12,0.076
d029282243f317c9,8,45,30,78,56,-15,-22,0.06
21ad2a3fa70846a3,8,49,27,78,51,-22,-27,0.068
c3e74a0654dad6a1,8,33,21,53,40,-12,-13,0.056
3ce25ac8d822086e,8,40,24,65,44,-16,-21,0.066
8ce1644b65a1645a,8,44,28,71,53,-16,-18,0.07
1091095c8dd492ec,8,28,25,46,46,-3,0,0.061
880d4651a32ee829,8,37,28,62,51,-9,-11,0.052
875ad39f1750aa9e,8,33,16,53,31,-17,-22,0.054
88e5456b5d4d37d6,8,50,28,84,54,-22,-30,0.076
81f8722d9ad6720e,8,47,30,78,58,-17,-20,0.074
6e47d05f4537d704,8,45,27,76,51,-18,-25,0.063
ad190681c20f5fff,8,33,25,56,48,-8,-8,0.059
5543cc449beccb18,8,41,28,66,53,-13,-13,0.063
4faf7d9701d8cc9d,8,49,27,84,53,-22,-31,0.057
8d1d93d303c19ac5,8,45,21,72,41,-24,-31,0.059
f7000b5a9dac2185,8,36,21,61,42,-15,-19,0.053
a312b593a0b36848,8,42,24,73,47,-18,-26,0.062
46b8f768533efe33,8,37,27,64,50,-10,-14,0.056
50786e42c4188a43,8,35,18,59,32,-17,-27,0.059
d9d4d80afa1862e6,8,23,19,40,34,-4,-6,0.056
46d819ff85a7b6f6,8,29,22,51,39,-7,-12,0.056
043241ba383b443c,8,34,22,56,43,-12,-13,0.058
47aa31055c7c7c1b,8,37,27,62,51,-10,-11,0.072
b9b96f0323708cf9,8,34,24,56,46,-10,-10,0.067
69a7666998d04793,8,29,22,50,41,-7,-9,0.057
8e1f235ed45fe427,8,32,21,51,36,-11,-15,0.058
a310eb93d7dddfab,8,16,16,28,30,0,2,0.059
2d9f74da6122e8e7,8,24,22,41,40,-2,-1,0.067
2f1bc869a1297962,8,27,19,46,36,-8,-10,0.054
33ccc581c69f647b,8,35,22,60,41,-13,-19,0.057
b2d4cc619a3c4dee,8,52,25,89,49,-27,-40,0.126
ba74d73124a7811a,8,58,28,99,55,-30,-44,0.074
ea7e789e624cf906,8,71,30,119,58,-41,-61,0.083
39678241305e6ac3,8,57,27,98,52,-30,-46,0.069
eb9e66cec848b371,8,63,30,106,58,-33,-48,0.063
5a4d12f2a75a45c5,8,33,28,57,52,-5,-5,0.076
042ec717ac11261e,8,54,30,90,57,-24,-33,0.07
21becfe4af0cc9fb,8,46,28,80,54,-18,-26,0.074
6dd495473a7b14d7,8,45,28,79,54,-17,-25,0.065
e47aee2ae9fa82bf,8,48,27,79,49,-21,-30,0.063
d1255c9f0cb598f3,8,39,22,66,42,-17,-24,0.055
af4cf44ba3f642c4,8,47,28,78,53,-19,-25,0.062
3ffe115bfbd9455e,8,50,25,84,48,-25,-36,0.057
5dae391f69cb25f4,8,55,28,91,54,-27,-37,0.067
e7e0f2da914770c0,8,64,29,110,56,-35,-54,0.072
3cdd2606786eeceb,8,62,30,106,58,-32,-48,0.055
0415c2be167d4233,8,59,29,101,56,-30,-45,0.072
6f17245d4819478f,8,16,13,31,26,-3,-5,0.057
7cea4bbf5a7ee654,8,31,22,57,43,-9,-14,0.059
dcb9ab2f789bf707,8,27,25,47,44,-2,-3,0.061
5c3c4db16b477e61,8,23,20,43,38,-3,-5,0.059
d34363728cb60515,8,45,22,78,43,-23,-35,0.068
4a8133248823fc1a,8,45,26,78,50,-19,-28,0.072
8418ba54f4faa58e,8,38,22,67,43,-16,-24,0.067
65597936a9d125b7,8,44,24,74,47,-20,-27,0.071
e6cb0c29ed9f8c00,8,44,25,74,46,-19,-28,0.067
e2b79cde3a000e0f,8,38,20,66,40,-18,-26,0.066
8518a35c05638929,8,45,27,76,52,-18,-24,0.063
b740afe5f250170b,8,44,28,73,53,-16,-20,0.067
95373f5e6c9744a0,8,41,24,68,46,-17,-22,0.074
5b025a6ce71590ba,8,35,25,59,45,-10,-14,0.056
1767b7e5af0d5f61,8,31,20,55,39,-11,-16,0.065
39018b02d63926af,8,48,27,80,52,-21,-28,0.06
28f509862ff6bfb5,8,44,24,74,44,-20,-30,0.055
9ad1fa1349eb1ad1,8,45,28,77,53,-17,-24,0.063
0cbf5d7ced381382,8,41,24,69,46,-17,-23,0.064
6dd134d49597277f,8,48,27,83,52,-21,-31,0.058
1d51ed7e9e837c88,8,41,30,70,56,-11,-14,0.061
71d94f0de0982b19,8,25,20,44,39,-5,-5,0.056
2cac98ccfbe2aef5,8,45,28,75,52,-17,-23,0.064
8580fdf551c4d896,8,37,25,61,45,-12,-16,0.056
6bab9c9dc63eda34,8,37,28,62,51,-9,-11,0.059
9e8936838b113498,8,21,18,36,34,-3,-2,0.056
8aa2c416cbc6b0e0,8,29,25,48,44,-4,-4,0.06
60b8edc911902fba,8,46,24,76,44,-22,-32,0.061
aa6c0cfebb51c4a1,8,32,25,55,46,-7,-9,0.05
77ed787837e1580c,8,38,28,66,51,-10,-15,0.071
5d523df9a6a5bc48,8,40,27,66,48,-13,-18,0.062
8d970253013b9d13,8,27,22,46,42,-5,-4,0.059
677e54eb07974064,8,35,28,58,52,-7,-6,0.051
f63bf5408db4fc3b,8,48,28,81,53,-20,-28,0.059
e0697eb66cfecd8d,8,37,24,63,46,-13,-17,0.062
a9bffdd49c007624,8,38,27,64,51,-11,-13,0.072
f903d5311f17c558,8,31,24,53,45,-7,-8,0.066
ad06f72b19b25fa9,8,37,27,66,51,-10,-15,0.065
3491601a7e62a768,8,30,21,49,40,-9,-9,0.062
46cca444af9e440e,8,28,17,45,30,-11,-15,0.049
f641a81688adb076,8,20,18,33,34,-2,1,0.064
73ba1cb81851f562,8,32,18,54,35,-14,-19,0.065
fbab240864f92001,8,26,17,46,33,-9,-13,0.066
87324565a7468c49,8,54,30,90,57,-24,-33,0.054
0606b67343a1ead5,8,46,25,78,48,-21,-30,0.062
4fbf50a16eb838a3,8,47,26,79,50,-21,-29,0.065
8240606b28786872,8,52,27,84,49,-25,-35,0.052
0267b3be3002442a,8,41,22,69,41,-19,-28,0.06
c0ca3535fe33578a,8,46,28,76,53,-18,-23,0.061
d94ffedfc198496d,8,39,23,66,44,-16,-22,0.062
38a590ff9a76dbe9,8,58,28,96,54,-30,-42,0.058
adfd3d6579fbaa7e,8,51,26,87,50,-25,-37,0.063
823cc6ff7acc4835,8,38,23,65,45,-15,-20,0.056
193aee643d4b3427,8,36,28,62,53,-8,-9,0.066
e4dc9ccc86889dcf,8,30,23,52,45,-7,-7,0.072
97a641c2e7e47220,8,52,30,86,58,-22,-28,0.068
0365cc824e117eab,8,50,29,82,53,-21,-29,0.137
5de4d39d93570baa,8,45,30,75,57,-15,-18,0.06
3090f33f7558c319,8,37,25,63,48,-12,-15,0.061
7aa28a0854787c59,8,39,21,66,40,-18,-26,0.06
86c9ee4a3e30c734,8,38,28,66,51,-10,-15,0.068
99578818e68191b2,8,31,26,56,48,-5,-8,0.068
7b31fcbd5d444caf,8,36,25,61,48,-11,-13,0.076
86d34a4504acb469,8,45,28,74,53,-17,-21,0.063
289308602ca0dde3,8,35,28,58,52,-7,-6,0.064
ea555e8cc6b1682e,8,28,23,48,44,-5,-4,0.065
af25a8bdf912a26a,8,41,26,71,50,-15,-21,0.06
513fdd1cf348cfbe,8,44,30,75,57,-14,-18,0.068
f5b46ebd2a706f95,8,43,25,70,47,-18,-23,0.056
46246d9d29bc23c5,8,35,28,59,52,-7,-7,0.064
08866dcc98a9582b,8,47,28,80,53,-19,-27,0.065
a26784b451099dde,8,33,18,56,35,-15,-21,0.056
4ef2ccb5fbdd5430,8,13,14,22,26,1,4,0.048
f86c996ecdb1cfe1,8,41,27,71,52,-14,-19,0.056
4b6ce3d82c2291ea,8,50,30,84,58,-20,-26,0.058
b640c88ed7826da1,8,25,24,42,46,-1,4,0.049
86ec159995b8bc9d,8,19,18,33,35,-1,2,0.052
a575f3239c660505,8,34,27,58,52,-7,-6,0.054
85366f3c59cf0643,8,43,30,71,58,-13,-13,0.069
df246e505069a1b1,8,28,27,49,51,-1,2,0.055
856b60130137be16,8,37,29,62,54,-8,-8,0.055
2525f9e54f81357a,8,30,23,51,41,-7,-10,0.049
a3121c68af3719a8,8,44,27,74,53,-17,-21,0.068
af2df0ab51f92178,8,31,24,53,46,-7,-7,0.055
92c6a9c8e66613bd,8,38,26,64,49,-12,-15,0.075
30a36cde5f66e98d,8,6,8,11,14,2,3,0.051
cc68dd510d1625ca,8,14,16,24,26,2,2,0.057
6557152891f042b0,8,45,27,75,53,-18,-22,0.071
ca4411c439b58bf5,8,18,21,34,40,3,6,0.064
7021a96fb7bb3c8d,8,28,26,48,49,-2,1,0.065
362ce42e768e68c3,8,15,15,27,29,0,2,0.046
f4b2932aad3aa451,8,23,23,39,40,0,1,0.068
20a17efc8afbdfb0,8,29,24,50,46,-5,-4,0.045
2961a1aeec202d84,8,36,27,61,52,-9,-9,0.061
cbed83df2927504c,8,24,24,41,45,0,4,0.05
0a3626bf38236d89,8,31,26,52,48,-5,-4,0.059
5613d837f57f67aa,8,45,27,75,53,-18,-22,0.047
3134c6e5fc0b9262,8,26,24,44,46,-2,2,0.062
8d11ed4636cd8818,8,33,26,55,50,-7,-5,0.063
f443ea2b9ab3bf43,8,33,21,56,42,-12,-14,0.066
9a76d018245ca775,8,39,24,67,47,-15,-20,0.053
bceef0f9fad6429c,8,12,12,22,25,0,3,0.048
835437a007e381c1,8,20,21,34,39,1,5,0.064
dafe543d74f097cb,8,21,21,36,42,0,6,0.054
405e2d82ce6435df,8,29,23,49,45,-6,-4,0.058
f3bb16cbec550e39,8,24,21,42,42,-3,0,0.049
1f3cf7ded7f3e9fa,8,30,24,53,47,-6,-6,0.05
fee1f596e70c75f9,8,25,21,43,40,-4,-3,0.058
9a2cba0a7e7a2936,8,31,23,54,43,-8,-11,0.054
64a950aa31fe7dc7,8,10,12,18,24,2,6,0.05
e7d602aca928536d,8,17,20,30,35,3,5,0.043
b55f2c3dd14c2f17,8,24,21,42,42,-3,0,0.05
604f1329f8daa394,8,30,24,53,47,-6,-6,0.059
1194329ef346a130,8,19,21,33,40,2,7,0.049
9a5c9e99cc4ec246,8,25,23,44,43,-2,-1,0.05
224feda03b332da9,8,10,18,18,33,8,15,0.055
51ffc8b555cee2e4,8,18,23,32,42,5,10,0.064
a0e7bd13f4784a36,8,30,26,52,46,-4,-6,0.065
5214e18a8cd43412,8,23,23,42,41,0,-1,0.045
79ea8e0189de19b4,8,39,29,65,51,-10,-14,0.065
6b1ee8f8ce3fed02,8,33,26,57,46,-7,-11,0.061
5cb2fcd15a9b77ed,8,48,29,81,55,-19,-26,0.058
23675fc13f2d57c4,8,47,29,81,53,-18,-28,0.058
2e1261da3b36ecbe,8,39,29,69,53,-10,-16,0.072
2da82310e0a7284b,8,47,29,80,55,-18,-25,0.063
97d8b2f8adc0921d,8,38,29,67,53,-9,-14,0.066
02c13c8fabda0192,8,46,26,77,50,-20,-27,0.063
192a3fbfe59cb51d,8,37,20,65,39,-17,-26,0.127
a8fcdea3c48b7d22,8,53,29,91,56,-24,-35,0.064
9ea3c489de1d9644,8,52,29,88,54,-23,-34,0.065
fc4e1cbd3fd2a141,8,42,29,73,54,-13,-19,0.078
503d5f4e72dc1907,8,34,26,61,47,-8,-14,0.071
11482372b4acf7a4,8,33,26,59,47,-7,-12,0.059
626d1608f82d6244,8,48,29,81,53,-19,-28,0.055
8f5614bd2bbd0e6e,8,38,26,67,48,-12,-19,0.062
a7a831c6a8a742f1,8,43,29,75,54,-14,-21,0.067
db6cf6edc36ec4d9,8,42,20,73,39,-22,-34,0.058
d01ca37e9398f6bc,8,59,29,102,56,-30,-46,0.069
97427eef25614211,8,60,29,100,54,-31,-46,0.075
7ee6417dc340b0aa,8,52,29,90,54,-23,-36,0.07
a7b85ec7429a94a7,8,57,29,95,53,-28,-42,0.071
9adfc38a41a07fde,8,47,26,82,48,-21,-34,0.076
5d91b3ddef0b87a1,8,67,28,108,55,-39,-53,0.071
2ae3af01f1ec7579,8,50,27,80,51,-23,-29,0.06
e63f2d372ef01c64,8,51,25,82,48,-26,-34,0.062
6fa681262f1e37e1,8,58,28,94,54,-30,-40,0.081
a40221b072f3180b,8,57,27,95,52,-30,-43,0.064
ec1efcde9f50bc48,8,37,24,62,46,-13,-16,0.074
084a4d3cd6e41352,8,45,27,76,52,-18,-24,0.061
be0faef7f1716242,8,54,24,90,48,-30,-42,0.066
f7a98c639d7ae7a5,8,39,26,66,51,-13,-15,0.051
de2b171aca1f1df0,8,40,24,69,48,-16,-21,0.074
e5c1ae7b44fe3add,8,47,27,80,54,-20,-26,0.057
7e7cea666ac1d9e5,8,51,23,82,45,-28,-37,0.061
29377e497fff6133,8,54,21,90,42,-33,-48,0.062
2e53cc03f8bb2c8a,8,60,24,99,48,-36,-51,0.082
2d3a1e5b02c4c22d,8,36,16,61,32,-20,-29,0.053
a6313fae2b8efc4e,8,42,21,70,41,-21,-29,0.073
ca170b372747e7f6,8,41,19,70,38,-22,-32,0.053
7f4f0b6adef15e2d,8,45,19,76,38,-26,-38,0.065
d416bac18efb3035,8,51,22,85,44,-29,-41,0.064
e047bcf1869d2ea1,8,37,21,62,42,-16,-20,0.051
628ee24b5e6c75d2,8,45,26,75,51,-19,-24,0.054
f56c4d188e9d1817,8,41,24,71,48,-17,-23,0.061
6bb735cc3121f737,8,46,24,78,48,-22,-30,0.058
60d8142bfd96d234,8,53,27,89,54,-26,-35,0.072
2ccb50704b6dde45,8,24,15,43,30,-9,-13,0.053
1bd2422b01a5a8e0,8,29,21,49,41,-8,-8,0.066
12d4370f38027e5e,8,37,26,62,50,-11,-12,0.067
7c90abdebd99735d,8,33,24,58,47,-9,-11,0.058
2a62d89fbed4a9f4,8,38,24,65,47,-14,-18,0.064
e7a4ff540f37298d,8,45,27,76,53,-18,-23,0.064
4297608a94ab2a97,8,45,27,76,52,-18,-24,0.07
0b650703b92725fd,8,57,30,92,58,-27,-34,0.061
eeef2c772c7d290e,8,30,10,51,21,-20,-30,0.057
65c8aabf13e2d203,8,36,18,60,32,-18,-28,0.063
432c75d32618f2bd,8,30,15,51,31,-15,-20,0.051
91b0917dc045b0b8,8,38,23,64,43,-15,-21,0.063
9ed8dc8eb7ca2076,8,53,27,89,54,-26,-35,0.062
eee8b952e239ae73,8,35,21,60,41,-14,-19,0.052
78692230ba86094b,8,42,26,71,50,-16,-21,0.061
fe1530d6ab16a0e5,8,22,15,38,30,-7,-8,0.049
3959a2ffd500b262,8,30,23,51,41,-7,-10,0.074
da7ccae4b193546b,8,40,24,71,47,-16,-24,0.064
29ac294c89d6da20,8,45,27,76,53,-18,-23,0.064
0aca81843ef88e5d,8,31,24,54,46,-7,-8,0.05
6a0df8926bef57fd,8,38,26,65,49,-12,-16,0.057
0f173b6e832a9d01,8,45,29,77,55,-16,-22,0.116
561f2347c6fac9f4,8,53,29,88,55,-24,-33,0.062
131596941e5c1e57,8,42,26,72,50,-16,-22,0.061
ed1ea07cb27c823c,8,51,24,84,48,-27,-36,0.064
f5619e808ff5468d,8,34,26,59,49,-8,-10,0.055
5d896a612a35c43c,8,48,27,80,53,-21,-27,0.069
734534ba301abd5a,8,29,21,50,41,-8,-9,0.068
f9bc700cd0108ca1,8,35,21,62,42,-14,-20,0.06
011069f4c6da2dd3,8,37,26,61,50,-11,-11,0.061
c2ff05f4fa3ea679,8,29,26,50,49,-3,-1,0.054
e150e512403ed4e8,8,28,26,48,49,-2,1,0.067
831dba56e96adc7f,8,36,27,62,50,-9,-12,0.068
7dc0dda4d7e55dbd,8,27,23,46,42,-4,-4,0.053
a65faa36cbe679bb,8,22,21,40,39,-1,-1,0.055
ac6581860357cdcd,8,27,24,48,44,-3,-4,0.066
c7c39e79d6654026,8,14,18,27,32,4,5,0.062
b910f333cd9e5c91,8,20,23,36,41,3,5,0.061
a441c76c08c9737a,8,17,18,32,34,1,2,0.063
62cd506cba715b91,8,25,23,45,41,-2,-4,0.052
a0ee0b4d1673cc92,8,26,27,46,50,1,4,0.065
ec14dd2313ce4771,8,14,18,23,33,4,10,0.045
8e42b6e89bcff06e,8,21,27,37,49,6,12,0.057
f76a5ff0b48c41be,8,35,24,61,48,-11,-13,0.071
d175cc0fa5579cf2,8,23,23,39,40,0,1,0.061
8d9b6bc1a9ab616c,8,20,23,35,39,3,4,0.06
0f1e7d50fdee19f6,8,36,27,62,50,-9,-12,0.069
47be316ec9fdaef2,8,23,24,41,43,1,2,0.052
ae53b44ba5818813,8,28,26,49,46,-2,-3,0.057
7cc383296abfb431,8,19,23,34,41,4,7,0.055
e68e683ec2b3e233,8,8,12,16,21,4,5,0.058
d8cd4e49944192a5,8,14,20,25,32,6,7,0.055
8209445c3200369d,8,22,21,40,39,-1,-1,0.055
2579aa4b5f68c790,8,27,24,48,44,-3,-4,0.053
89d8aa1c1f2dc98b,8,17,21,31,37,4,6,0.053
1341fe4a7e68c288,8,22,23,39,40,1,1,0.051
e6ccaf76d09d88f8,8,56,30,94,58,-26,-36,0.066
f1f8b1cfe6032846,8,38,27,65,52,-11,-13,0.055
70725bd087627abb,8,44,30,74,58,-14,-16,0.063
1af28eefe05e81e7,8,34,21,57,40,-13,-17,0.061
76e28fd44daf1c5f,8,41,21,68,41,-20,-27,0.06
cd79412f7f7ae8b9,8,43,22,72,43,-21,-29,0.06
f64b15d3f4fafb2e,8,42,24,70,47,-18,-23,0.059
ebe1130e473092be,8,48,27,79,53,-21,-26,0.057
8422581d48be0af2,8,25,24,44,44,-1,0,0.053
3065a0ca59a53400,8,21,21,36,40,0,4,0.05
13c33970ff0c58c7,8,33,26,55,49,-7,-6,0.068
c0a6969680c51d21,8,33,26,58,50,-7,-8,0.069
b3619ea18e3efda0,8,34,24,57,46,-10,-11,0.056
fce8c3827f232ab0,8,39,27,68,52,-12,-16,0.066
38faf48f8b1a0333,8,40,21,68,40,-19,-28,0.051
9724003a15233ee6,8,37,26,62,50,-11,-12,0.064
48fb0e339b107bd3,8,39,27,68,52,-12,-16,0.058
4332fb4ce513cfa0,8,21,21,36,41,0,5,0.06
09b581c902ee11ce,8,29,26,51,49,-3,-2,0.053
ca802d584b6429d2,8,31,27,52,51,-4,-1,0.069
48fe3c9cc3ae7a3e,8,36,29,60,54,-7,-6,0.066
bc0bf1cbe244fc73,8,39,26,66,49,-13,-17,0.074
f983710d5ccbf358,8,23,23,40,40,0,0,0.047
44f3dcfa20696654,8,37,27,63,52,-10,-11,0.061
8e7668f9a15afa35,8,24,24,43,45,0,2,0.051
e89cf15c31df3699,8,32,26,56,48,-6,-8,0.068
077be4b560e9ff81,8,15,21,28,38,6,10,0.052
1aac89eb472c02a2,8,23,26,41,47,3,6,0.059
df06e76a529efe73,8,54,27,91,51,-27,-40,0.059
8aacd48ac75f094d,8,51,24,87,48,-27,-39,0.062
b4721f10873c2885,8,46,23,79,45,-23,-34,0.063
9f0049ec4a1c5b72,8,43,29,77,55,-14,-22,0.079
18f7086fb9b531fa,8,53,30,88,57,-23,-31,0.063
3e5000ff7bb256b5,8,40,24,69,46,-16,-23,0.065
6a67cebbf64c1cef,8,46,29,77,54,-17,-23,0.066
a95ebbf3bf4e0dd8,8,53,27,87,50,-26,-37,0.074
2b9aa1f93d124138,8,25,26,44,44,1,0,0.058
52f983876a58975e,8,41,30,70,56,-11,-14,0.069
173662a4c4b09ef6,8,33,29,58,52,-4,-6,0.073
fd99eaac8125bcba,8,46,23,79,44,-23,-35,0.053
0d4ecd0bf720afc4,8,44,27,75,51,-17,-24,0.067
7b86de01e5e431fc,8,49,29,83,54,-20,-29,0.06
10f79db748cf88fc,8,27,18,46,34,-9,-12,0.06
ff01c21c21c89dcd,8,28,26,49,45,-2,-4,0.068
7d21d3155dddb245,8,43,27,74,51,-16,-23,0.065
826033d62eb8b3a9,8,45,30,77,57,-15,-20,0.123
160048fdee742281,8,36,27,62,50,-9,-12,0.067
439dfeb703e908e5,8,41,29,70,53,-12,-17,0.056
d224f4670cd9fd55,8,29,29,51,51,0,0,0.053
40c46cdefb46d938,8,41,23,72,43,-18,-29,0.052
725d7e3f9bbc4068,8,40,29,71,53,-11,-18,0.074
3f18a55323fac59f,8,41,29,70,53,-12,-17,0.065
6827504a295a0fed,8,48,29,80,54,-19,-26,0.075
7b31d317c4268b5f,8,29,24,49,43,-5,-6,0.06
5c73cf4c43ea3b07,8,36,29,61,52,-7,-9,0.061
f632060662cbb1bb,8,47,26,79,49,-21,-30,0.06
9c3ed2e831db627f,8,54,27,92,50,-27,-42,0.067
5fc13f69c7866ffd,8,46,29,80,53,-17,-27,0.062
b29a9a9b8eea246c,8,66,29,112,55,-37,-57,0.062
b6a0b805e7a2d2ac,8,45,24,77,45,-21,-32,0.078
c7de5db3f1e23baa,8,50,29,87,53,-21,-34,0.079
3d76b8a83802ddba,8,48,29,81,55,-19,-26,0.071
8c8b27bd82517b83,8,43,30,74,56,-13,-18,0.073
0f01a59cee15ac5f,8,41,29,71,53,-12,-18,0.062
fc5ea2805150a480,8,48,29,82,55,-19,-27,0.073
4d70dda565748ec8,8,58,30,98,58,-28,-40,0.069
85a994a89f46bf0c,8,53,29,92,55,-24,-37,0.065
37b145e8895d9796,8,47,30,83,57,-17,-26,0.06
b5f3b2693774c8b2,8,41,24,71,46,-17,-25,0.067
6cf78a8c94e8cb90,8,42,29,75,54,-13,-21,0.062
6ee8f025ba1efc06,8,39,29,69,53,-10,-16,0.062
5c08ce3d7460fcb3,8,32,24,57,43,-8,-14,0.05
4d4c4028974cf2dd,8,34,29,61,52,-5,-9,0.059
3d455f98b75ff94b,8,57,27,98,51,-30,-47,0.063
f7642bc89e16e562,8,64,29,105,55,-35,-50,0.062
327eba260fa36f73,8,61,30,100,58,-31,-42,0.071
4fbfb9a11a14a851,8,45,29,80,55,-16,-25,0.073
44b06c96580616f7,8,49,24,81,47,-25,-34,0.061
33b19946d88d6ccc,8,50,29,87,55,-21,-32,0.069
3d654f373fdab477,8,52,29,91,54,-23,-37,0.067
700f3bbedf9e59b9,8,54,30,95,58,-24,-37,0.064
4273b8c8a9dfbfd6,8,42,27,73,51,-15,-22,0.055
5da3dec08cf34096,8,48,29,82,54,-19,-28,0.064
53ac483dfa17e793,8,37,24,65,44,-13,-21,0.047
8c71a20dc320dc25,8,39,29,70,53,-10,-17,0.067
c665c56d9b80df5f,8,36,29,63,53,-7,-10,0.062
bcfa84cbf2563e44,8,33,20,57,39,-13,-18,0.07
5f95891a4741a0f3,8,51,29,85,54,-22,-31,0.072
6dfe1eb319e76997,8,44,29,73,54,-15,-19,0.072
e01b00c41422e4a6,8,32,26,55,45,-6,-10,0.064
2be33e68f5ac597e,8,27,20,46,38,-7,-8,0.049
6b22a6f3ced06fba,8,45,30,75,57,-15,-18,0.064
14fd919ec25ca665,8,38,29,64,52,-9,-12,0.066
2526898353d5fbe2,8,36,29,61,53,-7,-8,0.065
70bfd4c7a8cfa8d6,8,29,26,49,46,-3,-3,0.075
34a99e03e8b6a685,8,38,29,67,53,-9,-14,0.071
2d95f32e0e9a85cf,8,17,20,33,37,3,4,0.063
2c1caf717c99143f,8,34,29,60,51,-5,-9,0.055
76edb99218e33ec4,8,26,29,48,52,3,4,0.065
96905ef3d54a51e4,8,36,20,63,39,-16,-24,0.068
ff8d386b182a7546,8,40,29,70,54,-11,-16,0.07
3d9d24081a056d29,8,34,26,59,45,-8,-14,0.06
0b1f5efa2e48e5a9,8,28,20,50,38,-8,-12,0.054
c10999111a0f0fe6,8,45,29,77,52,-16,-25,0.06
fd79389f62c8276f,8,34,29,60,53,-5,-7,0.069
b10ca0e46b92a8d0,8,24,26,44,45,2,1,0.051
ea0c266dae82438e,8,35,26,62,48,-9,-14,0.07
1003c8d6e4e711e1,8,40,29,69,52,-11,-17,0.065
38658fbd52839602,8,29,26,52,46,-3,-6,0.058
881497d8b902b915,8,49,23,83,46,-26,-37,0.061
bd666a818cab3f8f,8,55,29,93,56,-26,-37,0.065
56f71334f6ba5fd9,8,38,26,65,50,-12,-15,0.057
5b0a4819e4ae27ea,8,52,30,91,58,-22,-33,0.066
40f24cf7cf7fd4e9,8,43,29,77,56,-14,-21,0.066
df6ef85b596165ec,8,52,24,87,46,-28,-41,0.069
79d8dc30005808e5,8,65,28,108,54,-37,-54,0.137
328697d156066fd8,8,60,27,101,52,-33,-49,0.069
a56bcf6d1e8585e2,8,52,26,86,50,-26,-36,0.058
cba6cc96850dc3c7,8,68,30,114,58,-38,-56,0.07
e8b3ee1d4dcc59cb,8,57,29,99,56,-28,-43,0.074
399cf4dac6db8ada,8,35,22,62,42,-13,-20,0.07
92dd8c4b711471c3,8,52,29,87,55,-23,-32,0.058
0ef73707c1f076fc,8,46,26,76,50,-20,-26,0.07
15243f2dddcfe751,8,44,29,77,56,-15,-21,0.059
8313cd692b25471c,8,60,30,100,58,-30,-42,0.076
2ac0742d3e7f0ba1,8,50,29,86,56,-21,-30,0.053
af86dea30c52f09a,8,32,29,59,54,-3,-5,0.074
b77f2c933aeabbc5,8,55,29,93,56,-26,-37,0.076
2d1eb82dc5810fea,8,52,29,88,53,-23,-35,0.065
bfae333b764e5e2a,8,40,29,72,54,-11,-18,0.065
6a5762bba427d3eb,8,39,26,68,47,-13,-21,0.063
4c0c5e0e1d100949,8,32,26,55,47,-6,-8,0.063
643a582fd8909151,8,29,23,50,40,-6,-10,0.062
ff8c056492685684,8,29,24,51,44,-5,-7,0.062
d40a3aebc5057c29,8,37,26,63,47,-11,-16,0.058
d95cd68fff84fccb,8,48,29,82,54,-19,-28,0.058
613c6f3a2aa22e68,8,47,24,78,44,-23,-34,0.059
765e9cbc7d9808b8,8,51,25,84,48,-26,-36,0.062
879925cf389c2250,8,33,26,57,46,-7,-11,0.056
3a1da3e92d2161c0,8,42,29,74,54,-13,-20,0.065
59e3943b938f7e70,8,31,18,54,35,-13,-19,0.059
68a29086a0a1dfe3,8,37,26,64,47,-11,-17,0.073
aff4d795a284c2d0,8,51,27,84,52,-24,-32,0.066
1984eb8a1d1165a9,8,40,27,68,51,-13,-17,0.058
db2f6b0b670fc775,8,48,29,80,54,-19,-26,0.073
dcfa830a243d1f52,8,33,26,55,46,-7,-9,0.063
80a2edf084122eb5,8,37,29,65,53,-8,-12,0.057
1b8d623754331676,8,35,24,60,45,-11,-15,0.052
ffd55b9d393d0961,8,43,29,73,53,-14,-20,0.058
ed5008605243540a,8,36,29,64,52,-7,-12,0.059
16f7c57b356ca03f,8,37,29,64,52,-8,-12,0.063
48f35b71d3a9cc06,8,39,29,66,53,-10,-13,0.063
7e23ea88c62187df,8,22,24,40,42,2,2,0.054
705b202f285cacc0,8,30,29,53,51,-1,-2,0.065
99df0fca9b0e7915,8,44,24,74,47,-20,-27,0.056
17b35d144378ff07,8,65,30,108,58,-35,-50,0.065
779d0a5d4a9588ed,8,65,28,106,55,-37,-51,0.068
9caaeb74d76a8d3a,8,48,27,78,51,-21,-27,0.067
19f2aba6b5ccca8a,8,56,28,92,54,-28,-38,0.075
65752cedd9d3eee1,8,50,29,84,55,-21,-29,0.069
e00cbac5d874d3d0,8,57,30,95,58,-27,-37,0.068
b317665360ef883c,8,34,24,57,46,-10,-11,0.056
314347ea2a32ff20,8,42,29,71,55,-13,-16,0.069
8ac163757cf35e3a,8,43,27,73,52,-16,-21,0.065
86d67951904aa50d,8,53,30,89,58,-23,-31,0.061
51ed41c5dfebb936,8,54,27,90,51,-27,-39,0.061
72f06a2443316172,8,54,29,93,55,-25,-38,0.06
2ad4e7dfb56b15a9,8,48,30,80,58,-18,-22,0.066
2d647a2e89349f64,8,46,29,80,55,-17,-25,0.072
465517d615bb4e82,8,29,26,50,46,-3,-4,0.058
db6ded0eb1b8e90f,8,51,30,84,58,-21,-26,0.082
37a2f97cc7f29eed,8,32,27,56,51,-5,-5,0.055
22cda0f383451f9d,8,40,29,68,54,-11,-14,0.07
3bad6a34daa2654b,8,35,29,61,53,-6,-8,0.07
6574966ec9f3865b,8,40,29,70,54,-11,-16,0.067
d805a2bed53cb721,8,23,20,41,39,-3,-2,0.07
1a19b990c75f83a1,8,43,29,71,53,-14,-18,0.063
b1eb5c6b83c994f4,8,32,29,56,54,-3,-2,0.072
c99d5a9ef806808d,8,27,26,48,47,-1,-1,0.057
8378ad35f6081c5a,8,22,9,36,19,-13,-17,0.048
6f634062098faf75,8,31,18,50,35,-13,-15,0.058
b5f687cbc8cbeb10,8,60,29,100,54,-31,-46,0.072
e1d7961f232a96b3,8,43,26,72,46,-17,-26,0.127
81f64127d81c9d45,8,53,29,89,54,-24,-35,0.065
7334544c32ce5fa7,8,35,16,56,31,-19,-25,0.055
ffac5a05e1b0aedb,8,41,24,66,42,-17,-24,0.064
c86540188cd7a3fa,8,57,28,93,54,-29,-39,0.069
dcd921c71cdf05b0,8,44,25,70,47,-19,-23,0.059
d15ea04ea249605f,8,52,27,82,50,-25,-32,0.067
206432b7a9af0600,8,26,15,42,28,-11,-14,0.058
a0f26b7db8c654c1,8,36,20,57,37,-16,-20,0.054
f0aa379900f77f7a,8,49,29,83,53,-20,-30,0.057
72e7076a6a9f9b4d,8,37,27,61,49,-10,-12,0.062
176b8abbc402d0a9,8,52,27,86,51,-25,-35,0.069
6c01fcfe8766b2d3,8,39,22,63,40,-17,-23,0.056
da3488239f761fbf,8,45,27,73,49,-18,-24,0.069
3cc65fe162f384c1,8,51,27,85,51,-24,-34,0.073
fc9e13faf3f87e7b,8,41,29,71,54,-12,-17,0.064
777cb91a89dbc892,8,53,27,87,52,-26,-35,0.057
53f98eec6ea52491,8,58,30,97,58,-28,-39,0.075
3275620ef768f0cb,8,44,27,74,51,-17,-23,0.062
ef79d46d6586d901,8,52,29,86,54,-23,-32,0.07
7e615022e5daa4e3,8,55,29,93,53,-26,-40,0.073
5e4ced731adbacd8,8,38,29,67,53,-9,-14,0.058
96da9cbe49741e66,8,39,24,66,45,-15,-21,0.06
9bf60f02ea14e61c,8,47,29,79,53,-18,-26,0.064
a06ad6b2c08ed5c8,8,50,29,84,56,-21,-28,0.058
4724e55af8174d20,8,53,27,90,52,-26,-38,0.075
c74bead4f4780727,8,60,30,100,58,-30,-42,0.061
83e95ca7a525312b,8,38,25,64,48,-13,-16,0.063
28ec81a48cf2272b,8,43,28,72,53,-15,-19,0.07
0a8490dfa730d565,8,38,25,63,47,-13,-16,0.065
0c385789fe654864,8,39,25,66,49,-14,-17,0.061
50f43cc86f9788c8,8,46,27,77,52,-19,-25,0.079
bc5b25c65f2b2e71,8,46,25,75,49,-21,-26,0.059
5f2e8b3c29ceb4ae,8,54,28,87,54,-26,-33,0.07
d489796fc51d85a3,8,51,27,84,51,-24,-33,0.056
95c7d87f2378ca7f,8,37,27,62,49,-10,-13,0.05
4a226abda17678cd,8,34,24,57,43,-10,-14,0.057
df17dbbaa6255448,8,54,28,86,54,-26,-32,0.067
136491b8a027339b,8,37,25,61,47,-12,-14,0.061
543e4097a08571b5,8,45,27,73,50,-18,-23,0.072
353b02bd3b10a0f6,8,32,22,53,41,-10,-12,0.061
67fb95230a2e1bdb,8,40,27,66,49,-13,-17,0.064
1d528c58d30cc0c6,8,28,17,46,31,-11,-15,0.062
dab34c558d86f102,8,43,26,73,47,-17,-26,0.057
c7d2181295e7d643,8,32,24,55,44,-8,-11,0.052
37a041034ea80ef0,8,49,24,81,47,-25,-34,0.059
56b9c5727ce2b784,8,45,27,73,49,-18,-24,0.06
cb3be61189ce8219,8,40,24,67,43,-16,-24,0.066
fa15c864ce40966f,8,44,26,76,49,-18,-27,0.059
08ce7e966c1736d1,8,45,27,76,52,-18,-24,0.069
2387c435b5751fa6,8,45,29,79,56,-16,-23,0.058
d21b1b8c55eb356f,8,43,29,74,56,-14,-18,0.053
51bd209f9ab4346a,8,59,30,99,58,-29,-41,0.071
e9c402d64fddef4e,8,52,29,87,56,-23,-31,0.074
66b2cc61cb7f34c9,8,33,27,58,51,-6,-7,0.064
b10d8b5022f787f7,8,46,28,76,53,-18,-23,0.061
754c11043a98e217,8,38,27,64,51,-11,-13,0.066
e3279ac537ef0148,8,30,20,52,38,-10,-14,0.065
b10a2ca59afaa960,8,39,27,67,52,-12,-15,0.064
162e6e5b0cf0d0ad,8,51,28,85,54,-23,-31,0.067
cdc0585b99aafc7f,8,46,27,77,52,-19,-25,0.058
f47a9184f97a688b,8,28,18,48,35,-10,-13,0.06
aba3818e96d535df,8,46,27,76,52,-19,-24,0.063
97acd429eb2017da,8,42,27,71,50,-15,-21,0.061
704f1b413a0123ec,8,37,27,63,50,-10,-13,0.06
de25afd5bfe41a0f,8,32,24,55,44,-8,-11,0.061
76e06ebdab55380b,8,4,4,7,8,0,1,0.039
f16a3a5e99cc38ce,8,42,30,71,58,-12,-13,0.063
4b3838435c4d7ce2,8,27,27,49,51,0,2,0.055
667e479a6530857c,8,36,29,60,54,-7,-6,0.072
d7327621ea974842,8,28,25,50,47,-3,-3,0.065
ff4e2e6f73e77078,8,13,16,22,30,3,8,0.053
b4bfabad34f44bcf,8,38,28,63,53,-10,-10,0.065
966bbdd21e606cb9,8,19,25,35,46,6,11,0.055
8214b427f8af7193,8,31,27,51,49,-4,-2,0.054
9454746e1e4337f0,8,14,18,25,33,4,8,0.051
60c620c1896cf144,8,16,23,30,42,7,12,0.056
aca400995ebe55f7,8,32,26,55,48,-6,-7,0.069
c4380390ee99cc8d,8,16,21,29,38,5,9,0.055
ed6ddadefae362a2,8,24,26,42,47,2,5,0.065
0bdbd1c75b9e3c80,8,31,27,51,49,-4,-2,0.068
322b1318c6657223,8,32,21,54,40,-11,-14,0.124
080aeb087311d997,8,32,26,56,48,-6,-8,0.059
e834dc7f565c8534,8,31,23,52,43,-8,-9,0.053
794ab5f66a476ff4,8,8,10,13,18,2,5,0.053
a2db809a78b840d5,8,16,18,26,29,2,3,0.049
66c50fd072475e6e,8,30,22,51,41,-8,-10,0.06
c1eeba44e31309fb,8,17,19,29,34,2,5,0.049
a43cced4d5b5f3e2,8,25,21,41,37,-4,-4,0.056
7fd7e727455179da,8,8,16,13,27,8,14,0.052
f7c622d1639d0f1c,8,16,21,26,36,5,10,0.056
26b9ee49579ceb5b,8,40,27,66,52,-13,-14,0.066
e6245c727d64887b,8,40,27,66,52,-13,-14,0.069
dd947b1a22b58c56,8,41,23,70,46,-18,-24,0.065
d316517450403468,8,26,21,46,42,-5,-4,0.056
5ef338d1d1359b87,8,34,21,58,42,-13,-16,0.063
68adc312e2760fc4,8,43,26,73,51,-17,-22,0.063
fdb37c8a2198570d,8,27,26,48,50,-1,2,0.06
260814099dd3cb5e,8,27,23,47,45,-4,-2,0.069
4a2ac1a120434f61,8,31,23,54,45,-8,-9,0.072
64552398184e72d1,8,12,14,22,25,2,3,0.047
9c4815b347d3eb88,8,27,21,45,38,-6,-7,0.07
0a988b61dbcba51f,8,21,21,38,39,0,1,0.054
a9e313355b5d514e,8,29,22,50,41,-7,-9,0.065
4d8f56dfde1aa63d,8,25,21,44,39,-4,-5,0.068
11a93233965b42b7,8,10,12,18,22,2,4,0.05
ff4ebf5e8226ea83,8,25,21,44,39,-4,-5,0.064
1d901e79b232cce0,8,24,21,40,36,-3,-4,0.047
798e9aed716be168,8,19,21,34,37,2,3,0.056
b477b95e338450df,8,10,18,18,30,8,12,0.046
f432e00c717fc580,8,16,17,28,30,1,2,0.062
e8181d6dd568b21d,8,32,20,56,40,-12,-16,0.068
40af194110a9d3e1,8,29,23,49,42,-6,-7,0.07
fcf2b82b53789784,8,24,20,43,36,-4,-7,0.066
cf28b588d9337e56,8,44,26,77,48,-18,-29,0.072
62245f40422eac61,8,48,24,81,48,-24,-33,0.063
454227507a33a03d,8,48,27,81,50,-21,-31,0.062
35c3578776e25b61,8,36,24,62,45,-12,-17,0.064
38e3d6f92ff85570,8,32,26,57,47,-6,-10,0.068
6804737a0a10f1c8,8,32,24,57,44,-8,-13,0.058
920941cd81fc0b63,8,47,26,82,48,-21,-34,0.067
e6c55ec5f51d9a87,8,48,29,82,53,-19,-29,0.059
90a7a668376ebf3c,8,42,26,73,47,-16,-26,0.072
325efbb5cc8b42cd,8,27,18,46,35,-9,-11,0.049
a9bde89975665eb8,8,44,27,76,52,-17,-24,0.075
729fcbcfc471a791,8,45,27,75,49,-18,-26,0.06
c2092bc603b47a4b,8,32,27,57,50,-5,-7,0.067
6485ac362f9e42d8,8,31,24,53,43,-7,-10,0.058
355d43419fadf3fb,8,42,27,72,51,-15,-21,0.073
f398c18e48b47d5e,8,27,25,47,47,-2,0,0.061
d224312b81b35267,8,57,30,96,58,-27,-38,0.072
e9e68535e9a44981,8,43,27,74,51,-16,-23,0.067
e12b0c1dc862cd31,8,51,29,86,54,-22,-32,0.081
3397723378802185,8,26,18,46,35,-8,-11,0.052
b4f6ef571b7a5915,8,44,27,74,52,-17,-22,0.069
8e6f9bd378988c04,8,52,30,86,58,-22,-28,0.065
9bbabb9c9cdf2d58,8,35,27,61,51,-8,-10,0.065
f691188efaf53692,8,43,29,73,54,-14,-19,0.06
3921d1ab7c198da8,8,43,28,71,53,-15,-18,0.058
1c4c2ed25d8c7354,8,30,22,51,43,-8,-8,0.06
5f33151033bc7c27,8,38,27,64,50,-11,-14,0.061
88f51a34ab847550,8,19,16,32,30,-3,-2,0.054
eadf0e2290ccaf00,8,43,28,71,53,-15,-18,0.052
64e2c23f61326db6,8,28,25,47,46,-3,-1,0.068
99f2ef8abb2610bb,8,36,27,59,49,-9,-10,0.058
ee3c3ed2ba7d8802,8,31,27,52,48,-4,-4,0.064
66e915c9417d9f08,8,31,27,56,50,-4,-6,0.07
f738ad47bb2b9f98,8,32,29,56,54,-3,-2,0.067
67c0c82b9ee9a93a,8,36,27,61,50,-9,-11,0.069
ab98715ffaec02e1,8,20,18,35,34,-2,-1,0.064
13a440dd328f6024,8,34,27,58,48,-7,-10,0.064
1d1050a5efca7b4b,8,29,27,50,49,-2,-1,0.058
12d0fb32c0c0347f,8,24,24,42,42,0,0,0.061
47450b261f5d5d06,8,6,6,10,12,0,2,0.05
8fed934d8e2b5fcf,8,28,18,46,35,-10,-11,0.058
78be4210c9d46619,8,15,14,24,28,-1,4,0.056
de2b29e0820bd523,8,23,17,36,31,-6,-5,0.052
227476f597fdb24a,8,10,11,16,21,1,5,0.056
9a859e48326c2298,8,18,17,29,30,-1,1,0.06
a946e16f9754072c,8,12,14,21,24,2,3,0.058
c49252c4095d13d0,8,66,27,108,52,-39,-56,0.064
4d0090a876d576cb,8,58,30,100,58,-28,-42,0.129
dff5c62ccddee5eb,8,32,24,54,42,-8,-12,0.056
28d14d46765d111a,8,46,24,75,45,-22,-30,0.057
38a6b48e62eebcc2,8,42,27,70,50,-15,-20,0.07
2265b6b11b9949bb,8,56,27,93,51,-29,-42,0.067
b0f653f8e40cc98a,8,50,24,82,43,-26,-39,0.071
b0528400510e7dc1,8,44,24,75,44,-20,-31,0.056
1fbc4ea6bb4c2e4b,8,33,25,55,47,-8,-8,0.061
bdeadbd274deff6b,8,16,18,29,33,2,4,0.059
5b5de7806c2b4a6f,8,33,27,54,49,-6,-5,0.069
8ce0654d30653210,8,25,22,42,41,-3,-1,0.068
aefcd37d9c00b347,8,39,25,67,47,-14,-20,0.072
f7799bdf97dfbe61,8,40,27,66,50,-13,-16,0.073
ac144be4bec1d350,8,57,28,97,54,-29,-43,0.058
5503808ad57dfaca,8,59,28,100,54,-31,-46,0.06
537f0a52230ebe2a,8,47,28,84,54,-19,-30,0.062
c1b2665b69cd7a98,8,57,25,97,48,-32,-49,0.058
b740604faf3893d0,8,49,25,84,47,-24,-37,0.061
9cd9088ad7279b81,8,39,23,64,45,-16,-19,0.059
d4908df4bcce6090,8,37,26,61,50,-11,-11,0.072
5067debea79df24f,8,22,19,38,36,-3,-2,0.048
d3daded8f7e3fb59,8,37,28,60,52,-9,-8,0.051
52bed41f6a98536d,8,30,23,50,44,-7,-6,0.063
dfb59bfae3c12ca1,8,43,26,74,50,-17,-24,0.071
57346676d33727cc,8,47,28,77,53,-19,-24,0.056
32d135eb4d400eb5,8,45,28,74,53,-17,-21,0.06
f6c5fef0871f0b69,8,45,25,72,47,-20,-25,0.06
ec5a7c36dd9316e8,8,37,28,61,52,-9,-9,0.072
4ab287e34d7ab696,8,49,28,82,53,-21,-29,0.068
be5d37a603c29943,8,33,18,55,35,-15,-20,0.061
f67c3d2eca15deb4,8,10,11,19,22,1,3,0.049
0379b3957168a9e4,8,38,29,66,54,-9,-12,0.064
7621b22cbe2f53f7,8,42,27,70,50,-15,-20,0.07
f898daffa8c08ab2,8,29,18,48,35,-11,-13,0.062
fbc6aff7c3a60d35,8,35,24,58,43,-11,-15,0.067
12e16997c998558a,8,34,27,58,49,-7,-9,0.061
2f5a0c6070243be1,8,26,22,45,42,-4,-3,0.048
48591e254d5eed2b,8,23,18,40,34,-5,-6,0.052
b575e6ca65df08fd,8,27,24,48,42,-3,-6,0.065
72ac69ec4a66d76b,8,46,27,77,50,-19,-27,0.063
deeaea0c67e8d499,8,34,25,59,46,-9,-13,0.07
cc02d543664f23bd,8,36,27,62,49,-9,-13,0.068
44d7d0ec0ebb8450,8,60,29,103,54,-31,-49,0.07
35f4430d78432f57,8,46,27,79,51,-19,-28,0.073
5b3966d72dcc2c5c,8,53,29,91,54,-24,-37,0.057
3aa32bba3737ecc4,8,40,21,65,41,-19,-24,0.066
50616b2bde76ce3a,8,56,28,92,54,-28,-38,0.066
cd679ccc856633bf,8,63,30,102,57,-33,-45,0.058
f7d1565a0e1b0159,8,56,30,94,58,-26,-36,0.065
e59641a0d6ce8ea2,8,52,30,86,57,-22,-29,0.059
5cbda4af689ecc1e,8,58,28,94,54,-30,-40,0.063
885848463bfdda5e,8,49,28,80,53,-21,-27,0.067
0a2856eb57ae00aa,8,44,25,72,49,-19,-23,0.056
613e186603f77799,8,49,28,82,54,-21,-28,0.062
a25a486ec7dd1f99,8,27,18,46,36,-9,-10,0.064
355248759d1ce298,8,37,22,62,43,-15,-19,0.068
dd5537296c23a512,8,45,28,74,53,-17,-21,0.068
524de59d5859182d,8,60,30,103,58,-30,-45,0.074
8758f8217022d08c,8,56,28,92,54,-28,-38,0.068
4718bb0d9246542b,8,61,27,99,52,-34,-47,0.055
096324b2c4793773,8,46,25,77,49,-21,-28,0.063
38ecb75e9367235a,8,55,28,92,54,-27,-38,0.071
d969ef99037534d7,8,37,18,60,35,-19,-25,0.056
afb7538e64569247,8,36,25,59,47,-11,-12,0.049
a65df9399fcb0e43,8,37,22,62,43,-15,-19,0.065
07977d1aa7f21df1,8,45,28,74,53,-17,-21,0.056
11fb030915909dbd,8,29,18,49,35,-11,-14,0.055
53d86aa3e4f73aed,8,37,24,61,43,-13,-18,0.064
f013fdb61932e064,8,48,27,81,50,-21,-31,0.065
3f9031b9a0adee7c,8,36,27,61,50,-9,-11,0.069
a5f0697433702ecd,8,37,24,61,43,-13,-18,0.12
7cc8008de732e035,8,29,20,50,39,-9,-11,0.048
823894cc35a5327a,8,42,27,71,50,-15,-21,0.066
03a083f9ce20d117,8,21,20,38,37,-1,-1,0.061
6ed6de123a717369,8,27,26,47,44,-1,-3,0.062
92232f9fd5a5fa4d,8,41,26,70,47,-15,-23,0.063
5ecc77e265006c2d,8,32,27,56,51,-5,-5,0.054
995c41cd8dc9b160,8,37,29,64,54,-8,-10,0.059
d8538eb08ed2231f,8,36,24,62,46,-12,-16,0.065
426e8742286e2502,8,45,30,77,57,-15,-20,0.073
f83ee801c28b21bb,8,26,20,47,39,-6,-8,0.046
2acdb1526b36b7e8,8,33,26,57,46,-7,-11,0.059
e9327f96c9d716d7,8,39,27,68,51,-12,-17,0.064
2d1ed26d1d0bec50,8,46,29,80,54,-17,-26,0.067
2cf6fc41e36deea5,8,36,26,64,49,-10,-15,0.059
3120a2f99a7f9c8f,8,23,23,42,43,0,1,0.06
992ac0c28987af7e,8,17,19,32,37,2,5,0.069
1dbb919a53da84af,8,18,18,32,33,0,1,0.057
61c10d6d5b622ecd,8,17,18,29,30,1,1,0.056
84dacf6b4418b33c,8,9,14,17,26,5,9,0.051
0540ebca78447d67,8,19,21,34,37,2,3,0.054
49caa22a7329b671,8,33,18,57,36,-15,-21,0.055
7a4eeb825c92bc87,8,33,25,56,47,-8,-9,0.065
5f531ccd1bcb9a19,8,36,22,61,42,-14,-19,0.059
7eca2f0bbdc3d950,8,26,18,46,35,-8,-11,0.055
a3c0039dbeb30f8c,8,34,24,58,42,-10,-16,0.066
1cc070088b552405,8,41,27,71,50,-14,-21,0.062
be90d1f747bce011,8,53,29,90,54,-24,-36,0.056
c1a012926c0329b3,8,45,29,79,54,-16,-25,0.072
496835d041503ffb,8,10,11,19,22,1,3,0.053
8e8ea79db5268d36,8,37,24,61,43,-13,-18,0.062
71aff96319592141,8,34,27,58,49,-7,-9,0.055
909daaef120d5143,8,21,18,36,34,-3,-2,0.057
ed4613ca70ab0baa,8,29,24,48,41,-5,-7,0.053
526aaf16e467e82b,8,40,27,67,49,-13,-18,0.06
054b499e3cb231f2,8,25,22,45,43,-3,-2,0.068
1e7ec98cf88c7c97,8,29,27,50,49,-2,-1,0.058
b215942f95671e52,8,29,24,48,42,-5,-6,0.067
84818f7e555922ee,8,18,20,35,38,2,3,0.052
d7b3662ef314b696,8,34,27,59,49,-7,-10,0.062
39bf7d6a29077a03,8,20,18,33,34,-2,1,0.047
d961d21e3028d991,8,8,8,14,16,0,2,0.053
d6d8f348fc1255f6,8,16,14,26,23,-2,-3,0.053
e9f70937676191b7,8,27,17,45,31,-10,-14,0.06
6fe266ac72807cab,8,18,17,33,31,-1,-2,0.048
8229c6e94c870d28,8,25,17,43,31,-8,-12,0.058
d72e4cbb14621b1c,8,30,20,52,39,-10,-13,0.057
56f0095b60c62f35,8,14,13,25,25,-1,0,0.067
fc7d9e81edf625a3,8,22,16,40,31,-6,-9,0.056
72c281e4db8c5212,8,28,22,50,42,-6,-8,0.061
321075e89041391e,8,43,22,75,43,-21,-32,0.057
3c2347a18a0ca0e9,8,41,26,70,47,-15,-23,0.073
10c384e8674440c5,8,38,22,66,42,-16,-24,0.07
afd9061e6e03e80b,8,27,20,47,38,-7,-9,0.065
82843c68cabb6639,8,22,20,39,37,-2,-2,0.064
173867d0310af3f0,8,30,20,50,37,-10,-13,0.06
153059f5f2b2dd5a,8,33,18,55,35,-15,-20,0.071
3b50789eae03e1c8,8,16,14,27,28,-2,1,0.061
5ecacbaf3159c229,8,24,17,39,31,-7,-8,0.05
5411bfd7a6756a3b,8,8,8,13,15,0,2,0.05
40267454bc9e4331,8,16,14,25,24,-2,-1,0.051
bca9a7ba95605144,8,10,10,17,19,0,2,0.06
2e2d547844655448,8,16,14,26,24,-2,-2,0.06
c71273cecd3bc550,8,8,8,13,15,0,2,0.059
