graph_id,n_vertices,edge_density,is_bipartite,is_tree,triangle_count,diameter,min_degree,max_degree,avg_degree,degree_variance,is_regular,avg_clustering,spectral_gap,max_matching_size
62145c160ce106b2,8,0.285714,0,0,1,4,1,4,2.0,1.0,0,0.1875,0.381966,4
5c967760b09fd995,8,0.285714,0,0,1,5,1,4,2.0,1.0,0,0.1875,0.238443,3
0439d047e2340ae7,8,0.25,1,1,0,5,1,4,1.75,0.9375,0,0.0,0.253787,3
13a23d7632e39d90,8,0.25,1,1,0,7,1,2,1.75,0.1875,0,0.0,0.152241,4
7dede484d3552ee3,8,0.25,1,1,0,6,1,3,1.75,0.4375,0,0.0,0.166717,3
9a05e912eee30227,8,0.285714,1,0,0,6,1,3,2.0,0.5,0,0.0,0.235493,3
d280890388c6305c,8,0.321429,1,0,0,4,1,4,2.25,0.9375,0,0.0,0.397888,4
623b1b9aad7a016e,8,0.285714,0,0,1,4,1,4,2.0,1.0,0,0.291667,0.318669,3
8249002c72110932,8,0.25,1,1,0,4,1,5,1.75,1.6875,0,0.0,0.277407,2
bc53c91f163a32b8,8,0.357143,0,0,2,3,1,6,2.5,2.25,0,0.266667,0.841395,3
7d2c728d3ad98755,8,0.25,1,1,0,6,1,3,1.75,0.4375,0,0.0,0.198062,3
e15560b84e40ca52,8,0.285714,0,0,0,5,1,3,2.0,0.5,0,0.0,0.324869,4
4442f827416a2819,8,0.285714,1,0,0,4,1,5,2.0,1.5,0,0.0,0.428433,3
bf7c9d832d154bf8,8,0.25,1,1,0,6,1,3,1.75,0.4375,0,0.0,0.186393,4
a16e030f3d70dab1,8,0.357143,0,0,2,3,1,4,2.5,1.5,0,0.229167,0.585786,3
e1dbf382bd5cef2c,8,0.285714,1,0,0,4,1,4,2.0,1.0,0,0.0,0.381966,4
1aacdf21942f437d,8,0.25,1,1,0,5,1,3,1.75,0.4375,0,0.0,0.243402,4
07e312c7e66a12c8,8,0.25,1,1,0,4,1,3,1.75,0.6875,0,0.0,0.306475,3
58751b0f2095a552,8,0.25,1,1,0,5,1,3,1.75,0.6875,0,0.0,0.213682,3
54d21a12e318517a,8,0.357143,0,0,3,4,1,4,2.5,0.75,0,0.583333,0.303042,4
08f861c6f1638300,8,0.321429,0,0,2,4,1,5,2.25,1.4375,0,0.358333,0.277407,3
d636191fa3f4686d,8,0.321429,0,0,2,5,1,4,2.25,1.1875,0,0.208333,0.344466,4
f16eae51ec37a84e,8,0.25,1,1,0,5,1,4,1.75,0.9375,0,0.0,0.202257,3
e34b122debecb835,8,0.285714,0,0,1,5,1,4,2.0,0.75,0,0.270833,0.202257,4
906d8c90c02eda4f,8,0.25,1,1,0,5,1,3,1.75,0.6875,0,0.0,0.224287,3
f53cb173a94e6b7c,8,0.285714,0,0,1,4,1,4,2.0,1.25,0,0.104167,0.381966,4
cd43726073d2b0c1,8,0.25,1,1,0,4,1,4,1.75,1.1875,0,0.0,0.288801,3
97c43a6ab021c8cd,8,0.285714,0,0,1,5,1,4,2.0,1.0,0,0.1875,0.238443,3
d57c4240f672ffe8,8,0.285714,0,0,1,5,1,3,2.0,0.75,0,0.208333,0.258764,4
29758e5ab28224c8,8,0.321429,1,0,0,4,1,4,2.25,0.9375,0,0.0,0.557173,3
cae13b9c594f8d13,8,0.357143,0,0,2,4,1,5,2.5,1.5,0,0.191667,0.613075,4
d5b82c7c302363d5,8,0.25,1,1,0,6,1,3,1.75,0.4375,0,0.0,0.198062,3
633b058f766deaa9,8,0.25,1,1,0,5,1,4,1.75,0.9375,0,0.0,0.202257,3
2733309336a810eb,8,0.285714,1,0,0,6,1,3,2.0,0.5,0,0.0,0.235493,3
ddc963c423ec3c7e,8,0.285714,0,0,0,4,1,4,2.0,0.75,0,0.0,0.381966,4
6dab51c5d58b9b35,8,0.321429,0,0,1,5,1,3,2.25,0.6875,0,0.125,0.32554,4
bd7899372a613d88,8,0.321429,0,0,1,4,1,3,2.25,0.6875,0,0.208333,0.364588,4
f77d29c579c10d3d,8,0.321429,0,0,0,4,1,3,2.25,0.4375,0,0.0,0.5089,4
87b9c4ed4a700734,8,0.321429,0,0,1,4,1,4,2.25,1.1875,0,0.125,0.455408,3
db79382682b9b250,8,0.285714,0,0,1,4,1,5,2.0,1.75,0,0.179167,0.410256,3
7fb2c5b0355ec892,8,0.285714,0,0,1,6,1,3,2.0,0.5,0,0.208333,0.18923,4
38983d2de5e76b1d,8,0.357143,0,0,2,4,1,4,2.5,1.25,0,0.25,0.52242,4
11b639ab667dba05,8,0.25,1,1,0,5,1,4,1.75,0.9375,0,0.0,0.253787,3
a4c7c288ed5b530b,8,0.285714,1,0,0,4,1,4,2.0,1.0,0,0.0,0.381966,4
774554dfefe85958,8,0.25,1,1,0,5,1,3,1.75,0.6875,0,0.0,0.213682,3
cfbfd8d9f462a297,8,0.321429,0,0,1,3,1,5,2.25,1.6875,0,0.179167,0.585786,3
1d61dba5374ad72a,8,0.285714,0,0,1,5,1,3,2.0,0.75,0,0.208333,0.218347,3
bfb9aa3ba8f23a19,8,0.285714,0,0,1,5,1,3,2.0,0.75,0,0.125,0.300372,4
dedcc0035bcd7752,8,0.25,1,1,0,6,1,3,1.75,0.4375,0,0.0,0.186393,4
6621a5bde4735419,8,0.321429,0,0,2,3,1,5,2.25,1.9375,0,0.420833,0.506943,3
46c3f320d92065e3,8,0.25,1,1,0,6,1,3,1.75,0.4375,0,0.0,0.166717,3
cf4bd213c418766c,8,0.285714,0,0,0,4,1,4,2.0,1.0,0,0.0,0.448396,3
39bc4410b29fdd06,8,0.25,1,1,0,5,1,3,1.75,0.4375,0,0.0,0.243402,4
750e6c6d39ee0722,8,0.25,1,1,0,5,1,3,1.75,0.6875,0,0.0,0.250882,4
8e9805fa38262df5,8,0.25,1,1,0,4,1,5,1.75,1.6875,0,0.0,0.381966,3
dbeaeffdda47f8ec,8,0.285714,1,0,0,4,1,4,2.0,1.0,0,0.0,0.34788,3
62da21d6e9a7b4b7,8,0.321429,0,0,1,4,1,4,2.25,0.9375,0,0.1875,0.530277,4
59ab86a5415e6be1,8,0.357143,0,0,2,4,1,5,2.5,1.5,0,0.316667,0.555341,3
95a6d8db28e68b42,8,0.321429,0,0,2,5,1,4,2.25,0.9375,0,0.291667,0.245391,4
3fcae0649fdb5598,8,0.25,1,1,0,4,1,3,1.75,0.6875,0,0.0,0.306475,3
007fd9b48d0209c3,8,0.321429,0,0,0,3,1,4,2.25,0.9375,0,0.0,0.65167,4
08fd14fef7969e07,8,0.285714,1,0,0,5,1,3,2.0,0.75,0,0.0,0.343234,4
93ea21d84f99d561,8,0.285714,0,0,1,5,1,3,2.0,0.5,0,0.291667,0.224287,3
e468b687cc866d78,8,0.321429,0,0,2,4,1,5,2.25,1.4375,0,0.441667,0.410256,4
bba16b85288e66c2,8,0.321429,0,0,1,4,1,4,2.25,0.6875,0,0.1875,0.585786,4
3fe66b9ae91dd99a,8,0.321429,0,0,1,4,1,4,2.25,0.9375,0,0.1875,0.426523,4
5d58c397591da8d9,8,0.285714,0,0,1,4,1,4,2.0,1.25,0,0.104167,0.356776,3
a9377d816d3934bf,8,0.25,1,1,0,4,1,4,1.75,1.1875,0,0.0,0.318669,3
4bf9ae795cd1d418,8,0.321429,0,0,2,4,1,4,2.25,1.4375,0,0.25,0.393911,4
fab24672f1b7f5aa,8,0.285714,0,0,0,3,1,4,2.0,1.0,0,0.0,0.544675,3
6618ee28686ed544,8,0.321429,0,0,0,4,1,3,2.25,0.4375,0,0.0,0.356289,4
7608ec23229fc83b,8,0.357143,0,0,2,4,1,4,2.5,1.0,0,0.3125,0.585786,4
9a00a0d4e0924891,8,0.25,1,1,0,7,1,2,1.75,0.1875,0,0.0,0.152241,4
667996d7311453f7,8,0.285714,0,0,1,5,1,3,2.0,0.75,0,0.208333,0.258764,4
314083f48dd9bc92,8,0.285714,0,0,1,4,1,4,2.0,1.25,0,0.1875,0.296682,3
0162f685c9c01ed7,8,0.428571,0,0,4,3,2,5,3.0,1.5,0,0.4625,0.865893,4
473bff55ea2bd242,8,0.321429,0,0,2,4,1,4,2.25,0.9375,0,0.479167,0.303042,4
f4d7443fea71156e,8,0.321429,0,0,2,4,1,4,2.25,1.4375,0,0.270833,0.386201,4
2ffde5b58fbc33bd,8,0.285714,1,0,0,5,1,4,2.0,1.0,0,0.0,0.358138,3
f281315c3b784772,8,0.321429,0,0,1,4,1,4,2.25,1.4375,0,0.166667,0.585786,3
8b6aedf73fdc3c2e,8,0.285714,0,0,1,4,1,4,2.0,1.0,0,0.291667,0.318669,3
02489508b25784d9,8,0.285714,1,0,0,5,1,3,2.0,0.5,0,0.0,0.290725,4
74237b01df7181b2,8,0.285714,1,0,0,5,1,3,2.0,0.5,0,0.0,0.267949,4
128642428020b50e,8,0.285714,1,0,0,4,1,3,2.0,0.5,0,0.0,0.585786,4
01056aaa976231f7,8,0.321429,0,0,2,4,1,4,2.25,1.1875,0,0.291667,0.428025,4
a36300ce45235b50,8,0.357143,0,0,2,4,1,4,2.5,0.75,0,0.291667,0.357893,4
9c2e9403be491cb8,8,0.25,1,1,0,4,1,3,1.75,0.9375,0,0.0,0.267949,3
decf94bfc18aeaff,8,0.285714,0,0,1,4,1,4,2.0,1.0,0,0.270833,0.288801,4
ae7323434ab76b35,8,0.285714,0,0,1,5,1,4,2.0,1.0,0,0.1875,0.238443,3
fb8c7964a4d22829,8,0.357143,0,0,3,3,1,5,2.5,2.25,0,0.379167,0.648656,3
d5446edc7a777d79,8,0.357143,0,0,2,3,1,4,2.5,1.25,0,0.1875,0.716193,4
ed959006dc6ef231,8,0.357143,0,0,1,3,1,4,2.5,0.75,0,0.1875,0.655364,4
ef10ac002722aaa2,8,0.321429,0,0,1,5,1,4,2.25,0.9375,0,0.1875,0.3895,3
d9d0aaac752b765b,8,0.321429,0,0,2,4,1,4,2.25,0.9375,0,0.375,0.356776,4
b1173d43e2747046,8,0.285714,0,0,1,6,1,3,2.0,0.5,0,0.208333,0.213682,4
60b3692f6bff7483,8,0.321429,0,0,2,5,1,3,2.25,0.6875,0,0.333333,0.267949,4
9bd93af7249a4193,8,0.357143,0,0,3,4,1,5,2.5,1.5,0,0.370833,0.414928,4
fae33b8e9a154403,8,0.357143,0,0,2,3,1,6,2.5,2.0,0,0.35,0.702929,3
0e936b3e69ee803e,8,0.321429,0,0,1,4,1,3,2.25,0.4375,0,0.208333,0.355462,4
2a6c795b52e17599,8,0.285714,0,0,1,3,1,4,2.0,1.75,0,0.083333,0.55051,3
e3f553657999f0e2,8,0.428571,0,0,4,3,1,4,3.0,1.0,0,0.458333,0.792084,4
1df418ea393fa757,8,0.357143,0,0,1,4,1,3,2.5,0.5,0,0.125,0.491519,4
c69a36b1273e276d,8,0.321429,0,0,1,5,1,3,2.25,0.4375,0,0.208333,0.278585,4
88607979a08823e1,8,0.25,1,1,0,5,1,3,1.75,0.6875,0,0.0,0.224287,3
98a29a75c4aa2b8b,8,0.285714,1,0,0,4,1,5,2.0,1.5,0,0.0,0.428433,3
0af2d314a78c06d6,8,0.285714,0,0,1,5,1,3,2.0,0.75,0,0.208333,0.250882,3
58cacae316f9f246,8,0.321429,0,0,2,5,1,4,2.25,0.9375,0,0.291667,0.30331,4
34a704d9d5029409,8,0.357143,0,0,1,3,1,5,2.5,1.25,0,0.2625,0.627719,4
6dfd9fa83c9f879b,8,0.25,1,1,0,4,1,4,1.75,1.1875,0,0.0,0.238443,2
0c1693ed5cf6af44,8,0.285714,1,0,0,4,1,3,2.0,1.0,0,0.0,0.585786,4
2b766ee08e4dcfc6,8,0.321429,0,0,1,4,1,3,2.25,0.6875,0,0.125,0.480919,4
a04ff467e6062e17,8,0.357143,0,0,3,4,1,4,2.5,1.75,0,0.3125,0.510711,3
664acfd49d498737,8,0.357143,0,0,2,4,2,4,2.5,0.5,0,0.291667,0.618346,4
bf001294d692e26e,8,0.321429,0,0,2,4,1,4,2.25,1.1875,0,0.291667,0.310023,3
fdf5a398952705a2,8,0.285714,0,0,1,4,1,3,2.0,0.5,0,0.291667,0.306475,4
e13bf25d94ce90a8,8,0.321429,0,0,1,4,1,5,2.25,1.1875,0,0.2625,0.428433,4
c3a494ec921b7fea,8,0.285714,0,0,0,5,1,3,2.0,0.5,0,0.0,0.324869,4
f5991b45e06e7e41,8,0.285714,0,0,1,4,1,4,2.0,1.0,0,0.270833,0.238443,3
3d4388cc5fe0ba20,8,0.285714,1,0,0,5,1,3,2.0,0.5,0,0.0,0.244185,4
54ff40f33772ff4f,8,0.357143,1,0,0,4,1,3,2.5,0.5,0,0.0,0.638531,4
c2c86666ccb52b6c,8,0.321429,1,0,0,4,1,4,2.25,0.9375,0,0.0,0.585786,4
3495ef1bb22d765e,8,0.285714,0,0,1,4,1,4,2.0,1.0,0,0.1875,0.381966,4
281fbc8cab0d5993,8,0.321429,0,0,0,3,2,3,2.25,0.1875,0,0.0,0.736923,4
aef79da6dc1f4116,8,0.321429,0,0,1,3,1,5,2.25,1.4375,0,0.2625,0.544866,4
e4244e4ab1d49e31,8,0.357143,0,0,2,4,1,4,2.5,1.25,0,0.166667,0.623921,4
398bcb3d3c3326cb,8,0.285714,0,0,1,5,1,3,2.0,0.75,0,0.125,0.243402,4
96a4da8b28c24413,8,0.285714,1,0,0,4,1,4,2.0,1.0,0,0.0,0.318669,3
3484b9abc81a7d46,8,0.321429,0,0,1,3,1,4,2.25,1.4375,0,0.083333,0.566058,3
2d30c49669ce7717,8,0.357143,0,0,2,4,1,4,2.5,1.0,0,0.229167,0.354249,3
957277b3bf1e8c62,8,0.285714,0,0,1,5,1,4,2.0,1.0,0,0.1875,0.259284,3
51e43bd7bd1d8946,8,0.321429,0,0,1,4,2,3,2.25,0.1875,0,0.208333,0.585786,4
73899459eeff4bc7,8,0.285714,0,0,1,3,1,4,2.0,1.75,0,0.083333,0.55051,3
26e9c9c3570fa390,8,0.321429,0,0,1,4,1,4,2.25,1.1875,0,0.166667,0.399052,4
9c2e86c8efc626a5,8,0.285714,0,0,1,4,1,4,2.0,1.0,0,0.1875,0.381966,4
c82294928cb4ca56,8,0.392857,0,0,2,3,2,5,2.75,0.9375,0,0.358333,1.024964,4
0a0fcb503430a426,8,0.321429,0,0,1,4,1,4,2.25,0.6875,0,0.1875,0.585786,4
4fea1d204436772a,8,0.357143,0,0,2,4,1,4,2.5,1.0,0,0.25,0.394224,4
6d91ac5045252267,8,0.285714,1,0,0,5,1,3,2.0,0.5,0,0.0,0.244185,4
a96a80363b143401,8,0.357143,0,0,3,5,1,4,2.5,1.0,0,0.3125,0.332699,4
ded58ff55345ac2b,8,0.285714,0,0,1,5,1,3,2.0,0.75,0,0.208333,0.250882,3
acadac2866186f06,8,0.285714,1,0,0,6,1,3,2.0,0.5,0,0.0,0.235493,3
8932754975d346cb,8,0.25,1,1,0,5,1,4,1.75,0.9375,0,0.0,0.253787,3
f9e56cb536ee194a,8,0.321429,1,0,0,4,1,4,2.25,0.9375,0,0.0,0.557173,3
6830de9260b6a80a,8,0.5,0,0,6,3,2,5,3.5,1.25,0,0.466667,1.395203,4
b6df1370569b5f79,8,0.357143,0,0,2,3,2,4,2.5,0.5,0,0.375,0.763932,4
1b4df4ecc290c218,8,0.285714,0,0,1,6,1,3,2.0,0.5,0,0.208333,0.18923,4
fa01cd9012906dba,8,0.392857,0,0,3,3,1,5,2.75,1.4375,0,0.3375,0.864221,4
e9cc2c20624cf24e,8,0.285714,1,0,0,4,1,4,2.0,1.25,0,0.0,0.506564,3
019c186e4eb78260,8,0.321429,0,0,1,4,1,3,2.25,0.9375,0,0.125,0.491519,4
1312542ef8201ee7,8,0.321429,0,0,1,4,1,3,2.25,0.6875,0,0.208333,0.585786,4
1d0e72d8dc5c3e48,8,0.321429,0,0,2,5,1,3,2.25,0.4375,0,0.5,0.250882,4
6d541c7eec4d4239,8,0.392857,0,0,2,3,1,4,2.75,0.9375,0,0.166667,0.763932,4
ec42e28e00e5a236,8,0.25,1,1,0,5,1,3,1.75,0.6875,0,0.0,0.213682,3
59d8cb2fe983b560,8,0.285714,0,0,1,4,1,4,2.0,1.0,0,0.270833,0.318669,3
9f54dc05ad42fdca,8,0.285714,0,0,1,5,1,3,2.0,0.75,0,0.208333,0.258764,4
eb784a06a0fa2c20,8,0.357143,0,0,1,4,1,4,2.5,0.75,0,0.104167,0.529073,4
855cd943d4b0a7c2,8,0.428571,0,0,3,3,1,4,3.0,1.25,0,0.3125,0.786677,4
189e478d80fc926f,8,0.25,1,1,0,5,1,3,1.75,0.6875,0,0.0,0.224287,3
520a81fd3a550f43,8,0.321429,1,0,0,5,1,3,2.25,0.6875,0,0.0,0.459215,4
fa7c7a7c8206c706,8,0.357143,0,0,2,3,1,5,2.5,1.75,0,0.316667,0.610846,3
096faab26a0baf79,8,0.357143,0,0,1,4,1,4,2.5,0.75,0,0.104167,0.411262,4
b6d937a1627dfed5,8,0.321429,0,0,1,3,1,4,2.25,1.4375,0,0.1875,0.545861,3
6e9a09db9120e9b0,8,0.25,1,1,0,6,1,3,1.75,0.4375,0,0.0,0.186393,4
5127ae72ad1373c7,8,0.25,1,1,0,6,1,3,1.75,0.4375,0,0.0,0.166717,3
3806530e900da952,8,0.285714,1,0,0,4,1,3,2.0,0.75,0,0.0,0.363595,3
d6cf173b7ffc98d6,8,0.321429,0,0,1,5,1,4,2.25,0.9375,0,0.1875,0.371932,4
71230588629bc589,8,0.285714,0,0,1,4,1,4,2.0,1.25,0,0.1875,0.296682,3
5064e5dbc2874507,8,0.285714,0,0,0,4,1,3,2.0,0.75,0,0.0,0.518806,4
cc213f7b1f4b9663,8,0.428571,0,0,6,4,1,5,3.0,1.5,0,0.541667,0.404053,4
fc87c23f61b50e14,8,0.357143,0,0,2,3,1,4,2.5,1.25,0,0.291667,0.555391,3
f22bfee30acb426d,8,0.357143,0,0,3,4,1,5,2.5,1.75,0,0.391667,0.366856,3
111d937cabb6a851,8,0.392857,0,0,2,3,1,5,2.75,1.1875,0,0.275,0.659948,4
59a3232281533486,8,0.285714,0,0,0,3,1,4,2.0,1.0,0,0.0,0.544675,3
5ed7e67c867be204,8,0.285714,0,0,1,4,1,4,2.0,1.25,0,0.104167,0.381966,4
5c0c7e7453b1eaee,8,0.392857,0,0,2,4,1,4,2.75,0.9375,0,0.291667,0.723165,4
a24a0f195fb6222a,8,0.285714,0,0,1,4,1,5,2.0,1.5,0,0.2625,0.277407,3
afe4907f433820bb,8,0.392857,0,0,5,3,1,5,2.75,2.6875,0,0.4125,0.753838,3
504dd2022fb139ce,8,0.357143,0,0,2,4,2,4,2.5,0.5,0,0.291667,0.618346,4
1fc87670dcf28f78,8,0.321429,0,0,1,4,1,4,2.25,0.6875,0,0.270833,0.448396,4
b2d3d9d06ade7b49,8,0.285714,0,0,0,4,1,3,2.0,0.25,0,0.0,0.491519,4
3cc83f80ab418e35,8,0.25,1,1,0,7,1,2,1.75,0.1875,0,0.0,0.152241,4
4414595817dbe155,8,0.285714,0,0,1,4,1,5,2.0,1.75,0,0.179167,0.410256,3
ce0901d6224a205c,8,0.321429,0,0,2,5,1,4,2.25,0.9375,0,0.291667,0.30331,4
2f247fb24bdd24cc,8,0.285714,1,0,0,5,1,3,2.0,0.25,0,0.0,0.337604,4
a4128028c3abbf75,8,0.321429,0,0,0,3,1,4,2.25,0.6875,0,0.0,0.694228,4
edaa9338921960f6,8,0.285714,0,0,0,4,1,3,2.0,0.75,0,0.0,0.491519,3
89d32f263ec30cf1,8,0.285714,1,0,0,4,1,4,2.0,1.25,0,0.0,0.585786,3
dbbb055476435738,8,0.25,1,1,0,4,1,4,1.75,0.9375,0,0.0,0.381966,4
5aafb4bbf27b6520,8,0.321429,0,0,1,4,1,4,2.25,1.1875,0,0.166667,0.438447,3
14a4378a94363faf,8,0.285714,0,0,1,5,1,4,2.0,1.0,0,0.1875,0.295512,4
162e918398338cb2,8,0.285714,1,0,0,5,1,3,2.0,0.75,0,0.0,0.343234,4
89e6db1114692ca3,8,0.321429,0,0,1,4,1,4,2.25,0.9375,0,0.1875,0.530277,4
15a1c0d24782576a,8,0.285714,0,0,1,4,1,3,2.0,0.5,0,0.291667,0.306475,4
ef731327bb6dac0d,8,0.321429,1,0,0,4,1,3,2.25,0.6875,0,0.0,0.585786,4
44a771e0a6182a72,8,0.321429,0,0,1,4,1,4,2.25,0.9375,0,0.104167,0.496496,3
eaf7c0357dcc39e5,8,0.285714,1,0,0,5,1,4,2.0,1.0,0,0.0,0.358138,3
a745b0b73785c76e,8,0.285714,0,0,1,6,1,3,2.0,0.5,0,0.208333,0.213682,4
ef2c9e2cbeadc072,8,0.285714,0,0,1,5,1,3,2.0,0.75,0,0.125,0.300372,4
654b0cba323c370d,8,0.321429,0,0,0,4,1,3,2.25,0.6875,0,0.0,0.520283,4
875754ff0e4b329e,8,0.357143,0,0,1,4,1,4,2.5,0.75,0,0.104167,0.596158,4
47ede12375cfb474,8,0.357143,0,0,3,4,1,5,2.5,1.5,0,0.370833,0.360349,4
eaf2fe8003b07e8a,8,0.357143,0,0,0,4,1,3,2.5,0.5,0,0.0,0.585786,4
5f235f95564c366b,8,0.392857,0,0,3,3,2,5,2.75,1.1875,0,0.608333,0.716363,4
02d27832cb99aa74,8,0.321429,0,0,1,4,1,4,2.25,0.9375,0,0.104167,0.585786,4
7ecc9147cc10bc64,8,0.357143,1,0,0,4,2,3,2.5,0.25,0,0.0,0.585786,4
1a7049a92cdc1167,8,0.321429,0,0,1,4,1,5,2.25,1.4375,0,0.179167,0.511699,3
f21b522f8c938697,8,0.285714,0,0,0,5,1,3,2.0,0.5,0,0.0,0.324869,4
e243b1bfd60ce2a8,8,0.321429,0,0,1,4,1,3,2.25,0.4375,0,0.208333,0.585786,4
a677a3b4ab7d719d,8,0.321429,0,0,1,4,1,4,2.25,0.9375,0,0.1875,0.355015,4
573002b1e8a96c80,8,0.357143,0,0,2,4,1,4,2.5,1.25,0,0.25,0.52242,4
7bcd17576df67412,8,0.285714,0,0,1,5,1,4,2.0,1.0,0,0.1875,0.259284,3
c9f529c2c7350aa4,8,0.321429,0,0,1,5,1,4,2.25,0.6875,0,0.1875,0.266242,4
5d5f380bdfec02ee,8,0.285714,0,0,1,4,1,4,2.0,1.25,0,0.104167,0.356776,3
f457768cefd09a46,8,0.321429,0,0,1,3,1,5,2.25,1.9375,0,0.158333,0.671428,3
7974e828806e38d8,8,0.285714,0,0,0,5,1,3,2.0,0.25,0,0.0,0.243402,4
de7db1ba00eac09c,8,0.285714,0,0,0,4,1,3,2.0,0.5,0,0.0,0.354741,4
e9e73a0eeb50bb76,8,0.321429,0,0,2,4,1,5,2.25,1.6875,0,0.358333,0.467911,3
6ae213a938cf4e05,8,0.321429,0,0,2,3,1,6,2.25,2.4375,0,0.433333,0.57377,3
4d251f4be6065468,8,0.25,1,1,0,6,1,3,1.75,0.4375,0,0.0,0.198062,3
3fa193357df3ea0d,8,0.392857,0,0,3,3,1,5,2.75,1.6875,0,0.379167,0.877055,4
0a2fdabbd71b70f4,8,0.321429,0,0,2,4,1,4,2.25,1.4375,0,0.333333,0.33977,3
79aaebc488e2ff9b,8,0.392857,0,0,3,4,1,5,2.75,1.6875,0,0.308333,0.593978,3
707291b687317172,8,0.464286,0,0,4,3,2,4,3.25,0.4375,0,0.354167,1.32551,4
6435df26ebcfbf5a,8,0.357143,0,0,2,4,1,5,2.5,1.25,0,0.441667,0.537061,4
5baa031e4b882415,8,0.321429,0,0,1,3,1,5,2.25,1.4375,0,0.179167,0.654461,3
4063bb115c94f40e,8,0.321429,0,0,2,6,1,3,2.25,0.4375,0,0.333333,0.193042,4
010b19aa02a47daf,8,0.321429,0,0,2,5,1,4,2.25,0.9375,0,0.291667,0.260035,4
59198a51f10a16b4,8,0.321429,0,0,0,4,2,4,2.25,0.4375,0,0.0,0.471082,4
f50e94ff64de98a7,8,0.357143,1,0,0,4,1,4,2.5,1.25,0,0.0,0.585786,4
ed2b4ea847bacba3,8,0.357143,0,0,3,3,1,4,2.5,1.75,0,0.333333,0.590359,3
848700508a2b3b3e,8,0.285714,0,0,1,5,1,4,2.0,0.75,0,0.270833,0.202257,4
5c4ff5bf06c10ba5,8,0.25,1,1,0,4,1,3,1.75,0.9375,0,0.0,0.267949,3
dc91b3676432b81f,8,0.321429,0,0,0,4,1,3,2.25,0.6875,0,0.0,0.520283,4
9500d6665e9ff26a,8,0.392857,0,0,4,4,1,5,2.75,1.6875,0,0.529167,0.408146,4
9b6281fa454a05d0,8,0.392857,0,0,1,3,2,4,2.75,0.4375,0,0.1875,1.068148,4
5639df8ec75f9d2a,8,0.285714,0,0,0,4,1,3,2.0,0.5,0,0.0,0.354741,4
7ea9cccea9a426e9,8,0.321429,0,0,0,3,1,4,2.25,0.9375,0,0.0,0.65167,4
2ba55a0895b9733b,8,0.321429,0,0,1,4,1,4,2.25,0.9375,0,0.1875,0.496496,3
497bf5e89f46b2b0,8,0.285714,1,0,0,5,1,3,2.0,0.75,0,0.0,0.343234,4
16907b4b8cf9b3f9,8,0.392857,0,0,2,4,1,4,2.75,0.9375,0,0.1875,0.626862,4
d866da11227c3446,8,0.321429,0,0,1,3,1,5,2.25,1.6875,0,0.095833,0.560688,3
0feeb8fd42fd3b56,8,0.464286,0,0,4,3,2,5,3.25,1.1875,0,0.35,1.326927,4
e45589fab40005d6,8,0.321429,0,0,1,4,1,4,2.25,1.1875,0,0.104167,0.451522,3
aceecc67e445cb95,8,0.392857,0,0,3,3,1,5,2.75,1.6875,0,0.475,0.743649,3
08beec3d0c4a86ba,8,0.357143,0,0,2,4,1,4,2.5,0.75,0,0.291667,0.599307,4
1365a8bce2d8d148,8,0.285714,0,0,1,4,1,5,2.0,1.5,0,0.2625,0.277407,3
f225f5559ef96818,8,0.285714,1,0,0,4,1,3,2.0,0.5,0,0.0,0.585786,4
ed5eda7a40a554e0,8,0.392857,0,0,4,4,1,5,2.75,2.1875,0,0.3,0.697224,3
cf37285a90d75feb,8,0.321429,0,0,2,4,1,4,2.25,0.9375,0,0.3125,0.381966,4
550e3f33b4d66171,8,0.285714,1,0,0,5,1,3,2.0,0.5,0,0.0,0.267949,4
77bb41fa9eeba351,8,0.285714,0,0,1,3,1,5,2.0,1.75,0,0.2625,0.373802,3
3a0bb05865c7567f,8,0.357143,0,0,1,4,1,4,2.5,0.75,0,0.104167,0.407138,4
8c16c57875b2e3ef,8,0.428571,0,0,4,4,1,4,3.0,1.0,0,0.395833,0.628919,4
c8e8f6cfb689a8ed,8,0.321429,0,0,2,5,1,4,2.25,0.9375,0,0.291667,0.245391,4
d5f20dcf51ded4a4,8,0.285714,0,0,1,5,1,3,2.0,0.75,0,0.208333,0.250882,3
5d0a1b1d3a79f136,8,0.392857,0,0,4,3,1,5,2.75,1.4375,0,0.620833,0.571835,4
2b2d60a75fd7616d,8,0.357143,0,0,2,4,1,4,2.5,1.0,0,0.25,0.59982,4
71a91bfa6d532d17,8,0.357143,0,0,1,4,1,4,2.5,0.75,0,0.1875,0.56107,4
7327d2e5dc2d035c,8,0.357143,0,0,2,3,1,4,2.5,1.25,0,0.270833,0.566982,3
a67a8e1d073cb602,8,0.321429,0,0,2,3,1,5,2.25,2.1875,0,0.233333,0.646275,3
1dd1c67b7ebb019f,8,0.428571,0,0,2,3,2,5,3.0,1.0,0,0.233333,1.438447,4
5169b15e5ebe4565,8,0.321429,0,0,2,4,1,5,2.25,1.4375,0,0.358333,0.277407,3
9ee0b9abc71b8c4c,8,0.321429,1,0,0,5,1,3,2.25,0.4375,0,0.0,0.345683,4
23bebd99d9a401c4,8,0.357143,0,0,2,4,1,4,2.5,0.75,0,0.208333,0.525195,4
e0fe22d9f9f50169,8,0.285714,0,0,1,5,1,4,2.0,1.0,0,0.1875,0.238443,3
95e81ede083e41f9,8,0.321429,0,0,1,4,1,4,2.25,0.9375,0,0.1875,0.355015,4
ab64ac2d215aa903,8,0.357143,0,0,2,4,1,4,2.5,1.0,0,0.270833,0.411555,4
b760a2c467c42ccc,8,0.285714,0,0,1,4,1,4,2.0,1.25,0,0.1875,0.296682,3
671f7432a85b7ae5,8,0.392857,0,0,2,3,2,4,2.75,0.6875,0,0.270833,1.020587,4
1e248515930f9d92,8,0.25,1,1,0,5,1,3,1.75,0.4375,0,0.0,0.243402,4
03079aa7d8f08235,8,0.285714,0,0,1,6,1,3,2.0,0.5,0,0.208333,0.18923,4
da21934301786f60,8,0.428571,0,0,3,3,2,4,3.0,0.75,0,0.416667,1.040386,4
12afd61ace4d5f0a,8,0.392857,0,0,2,3,1,3,2.75,0.4375,0,0.25,0.657077,4
d6bb00597104c32d,8,0.285714,0,0,1,5,1,4,2.0,1.0,0,0.1875,0.259284,3
926be967bda70fe9,8,0.357143,0,0,1,3,1,4,2.5,0.75,0,0.1875,0.657077,4
6092f3421c72fb7e,8,0.25,1,1,0,5,1,3,1.75,0.6875,0,0.0,0.224287,3
219ac59f474b09c2,8,0.392857,0,0,4,3,1,5,2.75,1.9375,0,0.466667,0.608879,3
608a73086aa451b9,8,0.357143,0,0,1,4,1,4,2.5,0.75,0,0.104167,0.585786,4
4f8a6f6fa4998a2c,8,0.357143,0,0,3,4,1,4,2.5,1.0,0,0.625,0.404459,4
cf9cf91b49d35929,8,0.321429,0,0,1,4,1,4,2.25,0.6875,0,0.270833,0.34788,4
930665381576be71,8,0.357143,1,0,0,4,1,4,2.5,1.25,0,0.0,0.697224,3
998640bdb70bca82,8,0.357143,0,0,1,3,1,4,2.5,0.75,0,0.1875,0.665351,4
468f540449272765,8,0.428571,0,0,5,3,1,6,3.0,2.25,0,0.429167,0.915329,4
77734399e4ada480,8,0.285714,0,0,1,4,1,4,2.0,1.5,0,0.166667,0.367644,3
82dbac45ee42edf4,8,0.357143,0,0,2,4,1,4,2.5,0.75,0,0.291667,0.559179,4
258c24ccb1e29b3f,8,0.321429,0,0,1,5,1,3,2.25,0.4375,0,0.208333,0.246158,4
6ec601ab4ac4fbfd,8,0.428571,0,0,4,3,2,5,3.0,0.75,0,0.579167,0.719111,4
4bd9fa4944dbbb14,8,0.321429,0,0,1,4,1,3,2.25,0.4375,0,0.208333,0.501106,4
e0e5ba8c35a47eb8,8,0.357143,0,0,3,5,1,4,2.5,1.25,0,0.333333,0.34788,4
37e1bc3ecf4e1610,8,0.357143,0,0,3,3,1,6,2.5,2.25,0,0.558333,0.702929,3
f2b93ec08d4d4dbe,8,0.321429,1,0,0,5,1,4,2.25,0.6875,0,0.0,0.418193,3
771e793ad0173dcb,8,0.357143,0,0,1,4,1,3,2.5,0.5,0,0.125,0.527166,4
d979ce5713da2aab,8,0.392857,0,0,2,3,2,5,2.75,1.1875,0,0.420833,0.745967,4
94132808f78dffac,8,0.357143,0,0,2,3,1,5,2.5,1.75,0,0.233333,0.663205,3
ba842e97e8646bb5,8,0.321429,0,0,1,4,1,4,2.25,1.1875,0,0.104167,0.515821,3
65689b0995e89a6a,8,0.392857,0,0,4,4,1,5,2.75,1.9375,0,0.445833,0.597867,4
1bafd6224de8b6be,8,0.321429,0,0,1,4,1,3,2.25,0.6875,0,0.208333,0.364588,4
b1c2af2e12b5960e,8,0.321429,0,0,1,5,1,3,2.25,0.4375,0,0.125,0.337604,4
fe652abe36d6af23,8,0.285714,0,0,1,4,1,3,2.0,1.0,0,0.125,0.306475,3
92f8f05089401bd7,8,0.25,1,1,0,6,1,3,1.75,0.4375,0,0.0,0.166717,3
fe0e95fa9ba5d76f,8,0.321429,0,0,0,4,1,3,2.25,0.4375,0,0.0,0.356289,4
393cc4fac0a1fa26,8,0.428571,0,0,3,3,2,4,3.0,0.75,0,0.25,1.023083,4
dc81e90dd0436898,8,0.428571,0,0,6,3,1,5,3.0,2.0,0,0.479167,0.763932,4
dcb85940972b39ed,8,0.357143,0,0,3,4,1,5,2.5,2.0,0,0.329167,0.595261,3
58dd3633da71f904,8,0.357143,1,0,0,3,1,4,2.5,1.0,0,0.0,0.799747,4
a7f2d82118ee3d4c,8,0.357143,0,0,1,3,1,4,2.5,0.75,0,0.208333,0.70026,4
69b183a645e15400,8,0.321429,0,0,1,4,1,5,2.25,1.6875,0,0.179167,0.537061,3
fafca9dffa288566,8,0.357143,0,0,0,3,1,4,2.5,0.75,0,0.0,0.73189,4
03071e69377faf6f,8,0.392857,0,0,3,3,2,6,2.75,1.6875,0,0.608333,0.877564,4
e12c96bb1ce3a062,8,0.321429,0,0,2,4,1,5,2.25,1.9375,0,0.316667,0.387933,3
3e991d19bb995acb,8,0.285714,1,0,0,5,1,4,2.0,1.0,0,0.0,0.358138,3
dd0c4efab9b0f97d,8,0.321429,0,0,1,4,1,5,2.25,1.4375,0,0.179167,0.431842,4
ee6aeda21bb5e15f,8,0.25,1,1,0,5,1,3,1.75,0.6875,0,0.0,0.250882,4
0062e640fa3a1451,8,0.321429,0,0,1,4,1,3,2.25,0.4375,0,0.208333,0.585786,4
bacf04a5d869b8ca,8,0.357143,0,0,3,4,1,4,2.5,1.75,0,0.3125,0.596971,4
839189698ff491ca,8,0.428571,0,0,2,3,2,5,3.0,0.75,0,0.191667,1.162756,4
de1e47254e308c58,8,0.392857,0,0,3,4,1,4,2.75,0.9375,0,0.375,0.588194,4
762ba3bb43ecf2b8,8,0.285714,0,0,0,5,1,3,2.0,0.25,0,0.0,0.243402,4
e5a7465da493ab86,8,0.357143,1,0,0,4,1,4,2.5,1.0,0,0.0,0.690671,3
5adedd57566161d3,8,0.535714,0,0,7,3,2,5,3.75,1.1875,0,0.466667,1.633385,4
669cffa42b57b63a,8,0.357143,0,0,3,3,1,6,2.5,2.5,0,0.566667,0.669213,3
e1cbac3a3e283147,8,0.357143,0,0,3,4,1,4,2.5,1.25,0,0.479167,0.438447,3
8a455fe54e68ff86,8,0.321429,1,0,0,3,1,4,2.25,1.4375,0,0.0,0.585786,3
b61c0f8d1bfac190,8,0.321429,0,0,0,4,1,3,2.25,0.4375,0,0.0,0.550881,4
19b14f52da550f17,8,0.392857,0,0,2,4,2,4,2.75,0.4375,0,0.291667,0.620488,4
c155a0f98a323ba2,8,0.428571,0,0,4,3,1,4,3.0,1.0,0,0.333333,0.784013,4
c54989cd61b04980,8,0.321429,1,0,0,4,1,4,2.25,0.6875,0,0.0,0.466794,4
ea81d799bafdb19e,8,0.357143,0,0,2,4,1,4,2.5,0.75,0,0.375,0.592294,4
23e337a7b72be140,8,0.392857,0,0,2,4,1,4,2.75,1.1875,0,0.166667,0.71098,4
1f82c9e6e56eed70,8,0.357143,0,0,2,4,1,3,2.5,0.5,0,0.25,0.356289,4
dc7972690e581da2,8,0.357143,0,0,1,3,1,4,2.5,1.25,0,0.083333,0.737672,4
9d1b95412b39ba0b,8,0.285714,1,0,0,5,1,4,2.0,1.0,0,0.0,0.358138,3
3da7093f50a750a5,8,0.357143,0,0,3,3,1,5,2.5,2.0,0,0.3375,0.649676,3
3c3b539a9c5ddc08,8,0.285714,0,0,1,5,1,3,2.0,0.75,0,0.208333,0.250882,3
58d1736736046a00,8,0.357143,0,0,1,4,2,4,2.5,0.5,0,0.208333,0.486893,4
f408282ce6cbcae5,8,0.464286,0,0,4,3,2,4,3.25,0.6875,0,0.291667,1.368046,4
60eab1c6ed44e9cc,8,0.321429,0,0,2,4,1,4,2.25,1.1875,0,0.291667,0.310023,3
136b555e715aff3b,8,0.285714,1,0,0,5,1,3,2.0,0.75,0,0.0,0.343234,4
c53d0d22963f7765,8,0.285714,0,0,1,5,1,4,2.0,1.0,0,0.1875,0.295512,4
bc3d815f4823db20,8,0.321429,0,0,1,4,1,4,2.25,0.6875,0,0.1875,0.393462,4
df75ffe44091a803,8,0.392857,0,0,2,3,1,5,2.75,1.4375,0,0.170833,0.887893,4
1b2bb1b27b53a83a,8,0.321429,1,0,0,4,1,4,2.25,0.9375,0,0.0,0.397888,4
94133b8669aeeb82,8,0.321429,0,0,2,5,1,3,2.25,0.6875,0,0.416667,0.267949,4
b7523712c4cff91c,8,0.285714,0,0,1,4,1,5,2.0,1.5,0,0.2625,0.277407,3
ffd1e826578b9ebf,8,0.392857,0,0,1,3,2,4,2.75,0.4375,0,0.208333,0.707598,4
b24e824c9ccc5eb1,8,0.5,0,0,7,2,2,6,3.5,1.75,0,0.558333,1.525701,4
d7fe1cf6cceebd18,8,0.357143,0,0,3,4,1,4,2.5,1.25,0,0.458333,0.434493,4
5fff167ee79762db,8,0.428571,0,0,3,3,1,5,3.0,1.25,0,0.295833,0.883767,4
b174cf33ba7a79a2,8,0.321429,0,0,0,3,1,4,2.25,0.9375,0,0.0,0.65167,4
bff42dd8d6939c97,8,0.428571,0,0,4,3,1,5,3.0,2.0,0,0.275,0.756919,4
0a14df4b9e5e7756,8,0.5,0,0,6,3,2,5,3.5,1.0,0,0.570833,1.229775,4
00a36869e99e27fe,8,0.357143,0,0,1,3,1,5,2.5,1.75,0,0.158333,0.745967,3
a23a3772ed3f8903,8,0.392857,0,0,2,3,1,5,2.75,1.1875,0,0.191667,0.897225,4
fe99af1964e2c820,8,0.5,0,0,7,2,2,6,3.5,2.0,0,0.695833,1.502146,4
7085a1073f92caff,8,0.321429,0,0,1,5,1,3,2.25,0.6875,0,0.125,0.329104,4
305e8050cf3ef700,8,0.428571,0,0,4,4,1,4,3.0,1.0,0,0.395833,0.628919,4
0cfd41d7fcf9a409,8,0.321429,1,0,0,4,1,3,2.25,0.4375,0,0.0,0.585786,4
5eba4a45b256cb6a,8,0.428571,0,0,1,3,2,4,3.0,0.5,0,0.104167,1.438447,4
9e7e17114abcc34b,8,0.357143,0,0,3,4,1,4,2.5,1.25,0,0.354167,0.402203,4
2b2baa11927d26da,8,0.428571,0,0,5,3,1,5,3.0,1.5,0,0.570833,0.697224,4
8079b7d949a5fd7b,8,0.321429,0,0,0,4,1,3,2.25,0.4375,0,0.0,0.550881,4
b244520ee787527f,8,0.321429,0,0,1,4,1,4,2.25,1.1875,0,0.104167,0.515821,3
2b531d1b4e279907,8,0.464286,0,0,4,3,2,4,3.25,0.6875,0,0.291667,1.096788,4
b3f547e574a93739,8,0.428571,0,0,3,3,2,5,3.0,1.25,0,0.295833,1.04001,4
1d6ac5f406d790eb,8,0.357143,0,0,1,3,2,3,2.5,0.25,0,0.208333,0.736923,4
7b04547110af82c3,8,0.357143,0,0,2,3,1,6,2.5,2.25,0,0.266667,0.841395,3
1d57d5573bd291b5,8,0.321429,0,0,1,4,1,3,2.25,0.6875,0,0.125,0.480919,4
830199488cfb75af,8,0.285714,1,0,0,5,1,4,2.0,0.75,0,0.0,0.265229,3
9e53ca7bc003569b,8,0.357143,0,0,1,4,1,4,2.5,0.75,0,0.104167,0.707052,4
3ba66572fc2d1e1d,8,0.428571,0,0,1,3,2,4,3.0,0.5,0,0.083333,1.381966,4
b092bbabfcd6c732,8,0.285714,1,0,0,5,1,3,2.0,0.25,0,0.0,0.337604,4
2a03de9f558920fa,8,0.321429,0,0,0,3,1,4,2.25,0.6875,0,0.0,0.694228,4
c2181ab2e41a862b,8,0.392857,0,0,3,3,2,4,2.75,0.6875,0,0.541667,0.689221,4
8e574432b97f5a15,8,0.357143,0,0,2,5,1,3,2.5,0.5,0,0.25,0.249694,4
4ce5d861832ed482,8,0.357143,0,0,2,4,1,4,2.5,1.0,0,0.229167,0.559839,3
9c1eff1e5a0271da,8,0.285714,0,0,1,5,1,3,2.0,0.75,0,0.125,0.300372,4
820bcd0d91973bd3,8,0.428571,0,0,3,3,1,4,3.0,1.0,0,0.270833,0.80046,4
36a9e8731282358d,8,0.25,1,1,0,6,1,3,1.75,0.4375,0,0.0,0.186393,4
355e3cdc16e8161d,8,0.321429,0,0,1,3,1,4,2.25,1.1875,0,0.208333,0.585786,3
7e559c60eda3b899,8,0.357143,0,0,2,3,1,5,2.5,1.25,0,0.275,0.694769,4
42b5ec4f02dd426b,8,0.357143,1,0,0,3,2,3,2.5,0.25,0,0.0,1.0,4
85da4f0f1fb2d3ed,8,0.25,1,1,0,5,1,3,1.75,0.6875,0,0.0,0.224287,3
c25c6fd33371d369,8,0.428571,0,0,2,3,1,4,3.0,0.75,0,0.208333,0.82259,4
95bd6bd77021adbd,8,0.285714,0,0,1,4,1,4,2.0,1.0,0,0.270833,0.318669,3
12bb97428c051275,8,0.428571,0,0,4,3,2,6,3.0,1.75,0,0.575,1.174426,4
c02b19db1c6776d3,8,0.392857,0,0,4,3,1,6,2.75,1.9375,0,0.616667,0.57377,4
c236a297c69c0955,8,0.25,1,1,0,5,1,4,1.75,0.9375,0,0.0,0.202257,3
a3749e474f7db349,8,0.321429,0,0,1,4,1,5,2.25,1.4375,0,0.179167,0.431842,4
a6abd4c765528801,8,0.357143,0,0,2,4,1,4,2.5,1.0,0,0.354167,0.402815,4
d49e829c17e2ee76,8,0.357143,0,0,3,4,1,5,2.5,1.75,0,0.391667,0.41619,4
968d28c9df3a2da6,8,0.25,1,1,0,6,1,3,1.75,0.4375,0,0.0,0.198062,3
33b8d8677c36481a,8,0.464286,0,0,4,3,2,5,3.25,0.9375,0,0.420833,1.267949,4
0814cf424e3245ae,8,0.392857,0,0,4,4,1,5,2.75,1.6875,0,0.433333,0.564181,4
818206fe0dc50629,8,0.321429,0,0,1,5,1,3,2.25,0.6875,0,0.125,0.32554,4
9d699f097cee8ef3,8,0.5,0,0,6,3,1,6,3.5,1.75,0,0.395833,0.958329,4
1b0f726119f1cef1,8,0.357143,0,0,2,3,1,5,2.5,1.75,0,0.233333,0.721771,3
a9dd00450e12ef03,8,0.285714,0,0,1,6,1,3,2.0,0.5,0,0.208333,0.18923,4
92ccb8f90407f86f,8,0.321429,0,0,1,3,1,4,2.25,1.4375,0,0.083333,0.657077,4
b067b77444fab62b,8,0.392857,0,0,4,4,1,5,2.75,1.4375,0,0.620833,0.555341,3
1df2cb540648e3c0,8,0.428571,0,0,6,3,1,6,3.0,2.0,0,0.666667,0.57377,4
02c0a3feab7bc001,8,0.285714,0,0,1,5,1,3,2.0,0.75,0,0.208333,0.258764,4
edc020b77955fbba,8,0.392857,0,0,3,3,1,4,2.75,1.1875,0,0.3125,0.657077,4
c9f2579e5d6c0853,8,0.321429,0,0,2,4,1,4,2.25,1.4375,0,0.25,0.393911,4
0e859826a78676e0,8,0.321429,0,0,2,5,1,4,2.25,1.1875,0,0.333333,0.261488,3
ed931b3fcc3a95f0,8,0.428571,0,0,4,3,2,5,3.0,1.0,0,0.620833,0.783393,4
2ccd987f738a2208,8,0.428571,0,0,6,3,1,5,3.0,2.25,0,0.529167,0.71764,4
2e0a193987a1d701,8,0.464286,0,0,3,3,2,5,3.25,0.9375,0,0.358333,1.366177,4
bea31e7cfae9005b,8,0.392857,0,0,4,4,1,4,2.75,1.1875,0,0.3125,0.396737,4
55ce24b84d535557,8,0.464286,0,0,6,3,2,5,3.25,0.9375,0,0.55,1.19147,4
07f1222326e79f93,8,0.357143,0,0,1,4,2,3,2.5,0.25,0,0.208333,0.607995,4
8cd39fcde3fda76c,8,0.321429,1,0,0,4,1,3,2.25,0.6875,0,0.0,0.585786,4
1b6eedcce923348a,8,0.321429,0,0,2,4,1,4,2.25,1.4375,0,0.270833,0.386201,4
b26fd5182d6b3369,8,0.357143,0,0,2,3,1,4,2.5,1.25,0,0.291667,0.555391,3
24f746a9eb1f209e,8,0.285714,0,0,1,4,1,4,2.0,1.5,0,0.166667,0.367644,3
161c07af27806a80,8,0.357143,0,0,2,5,1,4,2.5,1.0,0,0.208333,0.375651,4
192e05c41a3c92fd,8,0.392857,0,0,1,3,2,4,2.75,0.6875,0,0.1875,0.98545,4
b4c52eaf1a83cf2f,8,0.321429,0,0,2,5,1,3,2.25,0.6875,0,0.333333,0.267949,4
46581904fb72c92e,8,0.321429,0,0,1,4,1,4,2.25,0.9375,0,0.1875,0.426523,4
3c610c1f4b9fc350,8,0.535714,0,0,9,3,2,6,3.75,1.4375,0,0.6625,1.363083,4
de57fe2f48d4cf59,8,0.357143,0,0,1,3,1,5,2.5,1.25,0,0.095833,0.829914,4
1ee0c50f3331d1a3,8,0.392857,0,0,3,4,1,4,2.75,0.9375,0,0.375,0.403384,4
2ffee0c3d07103b0,8,0.321429,0,0,2,6,1,3,2.25,0.4375,0,0.333333,0.193042,4
8b5b41d6b05e3ad0,8,0.357143,0,0,3,3,1,6,2.5,2.75,0,0.379167,0.650909,3
95e54a3410aa6621,8,0.357143,0,0,1,4,1,4,2.5,1.0,0,0.166667,0.66513,4
892a8a5d44c0a537,8,0.392857,0,0,3,3,1,5,2.75,1.1875,0,0.370833,0.638943,4
0443b572d564a10f,8,0.428571,0,0,3,3,2,5,3.0,1.25,0,0.504167,1.0,4
5fcc88e47f172c6b,8,0.392857,0,0,2,4,1,4,2.75,1.1875,0,0.166667,0.71098,4
3882ff92b181e494,8,0.357143,0,0,3,4,1,5,2.5,1.75,0,0.495833,0.491707,3
283d9f4055fe398f,8,0.321429,0,0,1,4,1,4,2.25,0.9375,0,0.104167,0.585786,4
3cb134f08dc49cda,8,0.285714,1,0,0,4,1,3,2.0,0.75,0,0.0,0.363595,3
112299d29aeb6222,8,0.5,0,0,6,3,1,5,3.5,1.75,0,0.35,0.910199,4
dc744774d2b9f9a4,8,0.392857,0,0,1,3,2,4,2.75,0.6875,0,0.1875,0.876533,4
3da573d25312cf74,8,0.285714,1,0,0,4,1,5,2.0,1.5,0,0.0,0.428433,3
04aac30c4ff83c5c,8,0.321429,0,0,1,4,1,4,2.25,1.1875,0,0.104167,0.451522,3
1afc3beb36385c05,8,0.285714,0,0,1,5,1,4,2.0,1.0,0,0.1875,0.259284,3
52cb93488a0df4bc,8,0.357143,1,0,0,3,1,5,2.5,1.5,0,0.0,0.776222,3
7570d092be2ab42e,8,0.321429,0,0,1,4,1,3,2.25,0.6875,0,0.208333,0.311706,3
f04b53a5a3eafee8,8,0.357143,0,0,1,3,2,4,2.5,0.5,0,0.1875,0.924861,4
6928e09c7d0ad8ef,8,0.321429,0,0,1,4,1,5,2.25,1.6875,0,0.179167,0.537061,3
e0e733c885cfc7e6,8,0.392857,0,0,1,3,2,4,2.75,0.4375,0,0.1875,1.068148,4
004037e88141bc4d,8,0.357143,0,0,3,4,1,5,2.5,1.75,0,0.495833,0.491707,3
8115264300025f8e,8,0.428571,0,0,4,3,2,5,3.0,1.0,0,0.5375,0.849247,4
ebad0fe603ed27c5,8,0.392857,0,0,3,3,1,6,2.75,2.4375,0,0.329167,0.902451,3
edc87a59d2552fe7,8,0.321429,0,0,2,4,1,5,2.25,1.4375,0,0.441667,0.341672,4
34121c4b6fb40d74,8,0.392857,0,0,2,4,1,4,2.75,1.1875,0,0.208333,0.665586,4
a1cd139d52e99c21,8,0.392857,0,0,3,4,1,4,2.75,1.4375,0,0.3125,0.613054,4
c176d19ff5f7be49,8,0.357143,1,0,0,4,1,4,2.5,1.0,0,0.0,0.690671,3
e4d096f9fdc9af84,8,0.357143,0,0,2,4,1,4,2.5,0.75,0,0.375,0.365919,4
45467f4b1027d985,8,0.285714,1,0,0,4,1,3,2.0,0.75,0,0.0,0.363595,3
aeec79e7856f8dde,8,0.464286,0,0,2,2,2,4,3.25,0.4375,0,0.166667,1.57912,4
0e65e7468878a050,8,0.464286,0,0,6,3,1,6,3.25,1.9375,0,0.529167,0.817604,4
5bf1843b666d57ad,8,0.428571,0,0,5,3,1,6,3.0,2.25,0,0.583333,0.674089,4
a79a48e35f95bc43,8,0.357143,0,0,0,3,1,4,2.5,0.75,0,0.0,0.771672,4
fcbc3b2c5820ecbf,8,0.392857,0,0,3,3,1,4,2.75,1.4375,0,0.25,0.594381,3
d79fada23918e237,8,0.357143,0,0,1,4,1,4,2.5,0.75,0,0.104167,0.553847,4
fa1a9bb0ed3e7044,8,0.464286,0,0,4,3,2,5,3.25,0.9375,0,0.420833,1.28564,4
60d8b4d395eeddfa,8,0.321429,0,0,2,3,1,6,2.25,2.4375,0,0.35,0.452493,3
4394058df90ef488,8,0.25,1,1,0,4,1,3,1.75,0.6875,0,0.0,0.306475,3
03535b16b5cd985f,8,0.285714,0,0,1,5,1,3,2.0,0.75,0,0.208333,0.218347,3
b3d27cbe672a24cd,8,0.428571,0,0,5,4,2,4,3.0,0.5,0,0.6875,0.491216,4
fa88f919fc2ca78d,8,0.285714,1,0,0,4,1,3,2.0,0.5,0,0.0,0.585786,4
7048925fe807154c,8,0.535714,0,0,9,3,2,5,3.75,1.1875,0,0.554167,1.46479,4
8cae2c7dd281841e,8,0.428571,0,0,2,3,2,4,3.0,0.5,0,0.166667,1.035214,4
8db80adcf990ced3,8,0.428571,0,0,2,3,2,5,3.0,1.0,0,0.2,0.939824,4
b00bea0b62ac3798,8,0.321429,0,0,2,3,1,5,2.25,1.6875,0,0.358333,0.373802,3
8803552d14b8ac83,8,0.357143,0,0,2,3,1,4,2.5,1.25,0,0.375,0.60994,4
6638b5533525314d,8,0.464286,0,0,4,3,2,4,3.25,0.6875,0,0.395833,0.990888,4
3303f9a867fe81e1,8,0.357143,0,0,1,3,1,5,2.5,1.5,0,0.095833,0.640715,3
5ad4b9c4dd7ba22d,8,0.392857,0,0,2,3,2,4,2.75,0.4375,0,0.229167,0.705398,4
dad84cf8b8752dc6,8,0.535714,0,0,5,2,2,5,3.75,0.6875,0,0.308333,1.771394,4
8628ae1f7ec37d52,8,0.357143,0,0,2,3,1,4,2.5,1.0,0,0.354167,0.566058,4
70497851add563c1,8,0.428571,0,0,3,3,2,5,3.0,1.0,0,0.329167,1.055416,4
4e100c6370a43fd6,8,0.285714,1,0,0,4,1,4,2.0,0.75,0,0.0,0.381966,4
438f94f03599ad3e,8,0.428571,0,0,2,2,2,4,3.0,0.5,0,0.208333,1.518806,4
4671c6d6360bdb08,8,0.25,1,1,0,6,1,3,1.75,0.4375,0,0.0,0.198062,3
7442d135303f8552,8,0.5,0,0,6,3,1,5,3.5,1.25,0,0.354167,0.826866,4
1caf3170116f35f9,8,0.392857,0,0,2,4,2,4,2.75,0.4375,0,0.291667,0.620488,4
27f70f46a964284f,8,0.357143,0,0,2,3,1,4,2.5,1.25,0,0.354167,0.651106,4
cfd340d0df047d81,8,0.357143,1,0,0,4,2,4,2.5,0.5,0,0.0,0.75302,4
77be92e90769918c,8,0.357143,0,0,2,3,1,6,2.5,2.25,0,0.35,0.877564,3
558d8b0cfb4a1d4c,8,0.5,0,0,6,3,3,5,3.5,0.5,0,0.55,1.303607,4
98ed813c52ff859d,8,0.392857,0,0,5,4,1,5,2.75,2.1875,0,0.3625,0.61341,4
80c9d07912388510,8,0.357143,0,0,2,5,1,4,2.5,1.0,0,0.208333,0.351227,4
1e61e8bd302207e7,8,0.321429,0,0,1,3,1,4,2.25,0.9375,0,0.1875,0.585786,4
fd237f368493abe7,8,0.392857,0,0,1,3,2,4,2.75,0.4375,0,0.104167,0.916836,4
08c4c39eba8a83a4,8,0.285714,0,0,1,5,1,3,2.0,0.75,0,0.125,0.243402,4
2e6c001b89802275,8,0.25,1,1,0,4,1,4,1.75,1.1875,0,0.0,0.288801,3
f2567be5ea5881ed,8,0.392857,0,0,2,3,1,5,2.75,1.4375,0,0.170833,0.887893,4
57a15ed94f41c461,8,0.285714,0,0,1,4,1,4,2.0,1.25,0,0.104167,0.356776,3
85421405593c8b14,8,0.321429,0,0,2,4,1,5,2.25,1.6875,0,0.275,0.41414,4
ffec51fe6267f222,8,0.392857,0,0,4,4,1,4,2.75,1.4375,0,0.333333,0.402275,4
f2ea367286e675ef,8,0.392857,0,0,2,4,1,4,2.75,0.9375,0,0.25,0.637908,4
f62f8c9c4a28f813,8,0.357143,0,0,1,4,2,4,2.5,0.5,0,0.104167,0.635129,4
4c7d4ff717d230c7,8,0.357143,0,0,1,4,1,4,2.5,0.75,0,0.104167,0.407138,4
4f6bec69547f780e,8,0.428571,0,0,6,3,1,5,3.0,2.0,0,0.479167,0.763932,4
9b8287f6229dc62b,8,0.357143,0,0,1,3,2,4,2.5,0.5,0,0.1875,1.0,4
6cef68fb676c5c85,8,0.357143,0,0,2,4,1,3,2.5,0.5,0,0.25,0.527166,4
647f949c8cbae555,8,0.392857,0,0,4,4,1,5,2.75,1.9375,0,0.445833,0.597867,4
47b8912fcc3115de,8,0.285714,0,0,1,5,1,4,2.0,1.0,0,0.1875,0.295512,4
eaffff74ee5d6f29,8,0.285714,0,0,1,5,1,3,2.0,0.75,0,0.208333,0.258764,4
1fe0c67508051dcb,8,0.392857,0,0,2,3,1,4,2.75,0.6875,0,0.3125,0.660134,4
36eb54ca3b60b9e6,8,0.357143,0,0,2,4,1,4,2.5,1.0,0,0.25,0.59982,4
e708cbba16279eb4,8,0.392857,0,0,3,4,1,4,2.75,0.9375,0,0.270833,0.708103,4
137c741c2cde58a3,8,0.321429,0,0,2,4,1,5,2.25,1.9375,0,0.316667,0.419371,3
541d55c3b514785b,8,0.428571,0,0,4,3,2,4,3.0,0.75,0,0.520833,0.779992,4
d66ad1be1d847cbb,8,0.464286,0,0,6,3,2,5,3.25,1.6875,0,0.725,1.267949,4
dd22e5cd37159e5e,8,0.5,0,0,6,2,2,6,3.5,1.5,0,0.583333,1.52095,4
920dfbb659fd8d0f,8,0.571429,0,0,10,2,2,5,4.0,1.0,0,0.466667,1.588813,4
0eedc1e935eb741d,8,0.357143,0,0,2,4,1,4,2.5,1.25,0,0.1875,0.40196,4
0b8239e71f7e964f,8,0.25,1,1,0,7,1,2,1.75,0.1875,0,0.0,0.152241,4
2089905b094c04a7,8,0.464286,0,0,3,2,2,5,3.25,0.6875,0,0.245833,1.562542,4
e43e98054582f655,8,0.357143,0,0,3,4,1,5,2.5,1.75,0,0.2875,0.539495,4
2c8c4af9a0137b74,8,0.25,1,1,0,5,1,3,1.75,0.6875,0,0.0,0.224287,3
6f035a2306c97335,8,0.607143,0,0,9,2,4,5,4.25,0.1875,0,0.495833,2.709589,4
205e7d92df182e0b,8,0.392857,0,0,4,4,2,4,2.75,0.6875,0,0.729167,0.350634,4
e1daf1084b8e2c30,8,0.428571,0,0,4,3,1,6,3.0,2.25,0,0.429167,0.939371,4
7702ef5c8405b0b2,8,0.392857,0,0,3,3,1,4,2.75,1.1875,0,0.333333,0.784808,4
764e12827b70e5ae,8,0.464286,0,0,6,3,2,5,3.25,1.4375,0,0.6,1.065713,4
76c9a3b9b2249760,8,0.535714,0,0,6,2,3,6,3.75,0.9375,0,0.404167,2.0,4
4e16ca448ed7ee17,8,0.285714,1,0,0,5,1,3,2.0,0.5,0,0.0,0.438447,4
e4b7bfa4bff3bec5,8,0.357143,0,0,0,4,1,3,2.5,0.5,0,0.0,0.585786,4
d77803cb1c71efe7,8,0.392857,1,0,0,3,2,4,2.75,0.6875,0,0.0,1.238443,3
f62be0db087897f1,8,0.5,0,0,9,3,1,6,3.5,2.25,0,0.65,0.900319,4
bdd9252c0b2a3fe0,8,0.321429,0,0,0,4,1,3,2.25,0.4375,0,0.0,0.363595,4
d2f258aa155b9dc4,8,0.428571,0,0,4,3,2,4,3.0,0.75,0,0.625,0.707598,4
776725bcbb33ceb5,8,0.321429,0,0,1,4,1,4,2.25,0.9375,0,0.104167,0.401789,4
b0069a0bf2054210,8,0.428571,0,0,4,3,1,5,3.0,1.5,0,0.475,0.810134,4
1763b78f92734b94,8,0.428571,0,0,5,4,1,5,3.0,1.5,0,0.475,0.436903,4
ce128aecf46bbf7d,8,0.428571,0,0,3,3,1,4,3.0,1.0,0,0.229167,0.781138,4
47847d3c67308198,8,0.357143,0,0,2,5,1,4,2.5,1.0,0,0.208333,0.468937,4
95849a7530301e85,8,0.285714,0,0,0,4,1,3,2.0,0.75,0,0.0,0.518806,4
e40f31d8ce31094e,8,0.357143,0,0,1,3,2,4,2.5,0.5,0,0.1875,1.0,4
b91c62aa42427a6a,8,0.357143,0,0,3,4,1,4,2.5,1.75,0,0.3125,0.596971,4
8bfe4931ecd4ca12,8,0.464286,0,0,5,3,1,5,3.25,1.4375,0,0.4625,0.882863,4
bd1b23d78b27ad89,8,0.392857,0,0,3,3,1,5,2.75,1.9375,0,0.366667,0.767725,3
3d834e4b26cdd8b6,8,0.535714,0,0,6,2,3,5,3.75,0.6875,0,0.433333,2.074804,4
f05f7a9cf48d9c33,8,0.392857,0,0,3,3,1,4,2.75,1.1875,0,0.333333,0.74835,4
8b460f8ca29e9526,8,0.428571,0,0,5,3,2,5,3.0,1.5,0,0.754167,0.717533,4
63670e1c0657c33b,8,0.357143,0,0,1,4,1,4,2.5,0.75,0,0.1875,0.626361,4
96dbb78a596a162e,8,0.392857,0,0,2,3,1,4,2.75,0.9375,0,0.1875,0.781138,4
f72cffe165689604,8,0.571429,0,0,9,2,2,6,4.0,1.5,0,0.470833,1.79401,4
81ba1445be2a05ad,8,0.392857,0,0,1,3,2,5,2.75,1.1875,0,0.158333,0.980429,4
5dcbb76b262e2c5c,8,0.321429,0,0,1,3,1,4,2.25,0.6875,0,0.270833,0.544675,4
fff8343952b97c42,8,0.357143,0,0,2,3,1,4,2.5,1.0,0,0.354167,0.721294,4
41ee8d834f0dc8a3,8,0.428571,0,0,2,3,2,4,3.0,1.0,0,0.229167,1.217072,4
099bdb8226bcc9ac,8,0.321429,0,0,0,3,2,3,2.25,0.1875,0,0.0,0.657077,4
b18c7f8545e62475,8,0.535714,0,0,7,3,3,5,3.75,0.6875,0,0.508333,1.467791,4
b511d55cdfd1e4dd,8,0.321429,0,0,1,4,1,3,2.25,0.4375,0,0.208333,0.501106,4
12b33e6e1c7a4787,8,0.321429,0,0,2,3,1,6,2.25,2.4375,0,0.433333,0.57377,3
3f3206ef6e74b0af,8,0.357143,0,0,4,5,1,4,2.5,1.25,0,0.375,0.261488,4
fa70d9d2d3b108a5,8,0.321429,1,0,0,4,1,4,2.25,0.9375,0,0.0,0.557173,3
e0369350e7415db9,8,0.5,0,0,6,2,2,5,3.5,1.25,0,0.608333,1.594622,4
1f5210fe8a3d70c9,8,0.464286,0,0,5,3,2,6,3.25,2.1875,0,0.55,1.370739,4
1a59c7fc17a06940,8,0.357143,0,0,1,3,1,4,2.5,0.75,0,0.125,0.77641,4
1f98adbd769a381e,8,0.464286,0,0,3,3,1,5,3.25,1.4375,0,0.183333,0.895424,4
b8f4e1c82096fb4d,8,0.428571,0,0,3,3,2,5,3.0,0.75,0,0.370833,1.214499,4
6ddbbdd3f72f3008,8,0.392857,0,0,4,4,2,4,2.75,0.4375,0,0.6875,0.312822,4
401241deca2241ae,8,0.571429,0,0,11,3,2,6,4.0,1.75,0,0.708333,1.582372,4
d62b3bdcac7e9171,8,0.392857,0,0,1,3,1,4,2.75,0.6875,0,0.125,0.798406,4
36f984e000a6ae6f,8,0.357143,0,0,1,3,1,4,2.5,1.25,0,0.083333,0.657077,4
1f2bee7468784c8d,8,0.464286,0,0,5,3,2,5,3.25,0.9375,0,0.6,1.074577,4
b721dee3b97535f0,8,0.464286,0,0,7,3,1,6,3.25,2.1875,0,0.6125,0.690854,4
f43ae885a25b5003,8,0.5,0,0,6,3,2,5,3.5,1.0,0,0.3625,1.133802,4
d532a0e1778e4c0f,8,0.321429,0,0,0,4,1,3,2.25,0.4375,0,0.0,0.5089,4
c0b6b06892783e6e,8,0.535714,0,0,8,2,2,5,3.75,1.4375,0,0.65,1.697224,4
9b7d4f88b72549a1,8,0.464286,0,0,2,3,2,5,3.25,0.9375,0,0.158333,1.404485,4
c27aeb7d2437aafd,8,0.428571,0,0,2,3,1,5,3.0,1.25,0,0.2,0.900968,4
cc26029960ab1ef2,8,0.357143,0,0,2,4,1,4,2.5,0.75,0,0.208333,0.525195,4
0e2a7d26d8c10760,8,0.428571,0,0,2,3,1,4,3.0,1.0,0,0.166667,0.811442,4
b1f0ede57d6b6693,8,0.428571,0,0,6,4,1,5,3.0,2.0,0,0.458333,0.613509,4
1a207fa13a85a2f4,8,0.428571,0,0,5,3,1,5,3.0,1.5,0,0.404167,0.800545,4
81ee805f853ed2b7,8,0.321429,0,0,2,4,1,4,2.25,1.1875,0,0.208333,0.396737,4
fc194a0ad270e7e9,8,0.5,0,0,6,3,2,6,3.5,1.25,0,0.541667,1.463875,4
eb0eeeccce94cdcf,8,0.392857,0,0,1,3,2,4,2.75,0.6875,0,0.1875,0.808445,4
1d6e8f2491ab719f,8,0.392857,0,0,1,3,2,4,2.75,0.4375,0,0.1875,0.82259,4
df98a7b21e3f0992,8,0.392857,0,0,1,3,1,4,2.75,0.9375,0,0.104167,0.680289,4
c00bbfbc7ff23fe2,8,0.285714,1,0,0,5,1,4,2.0,1.0,0,0.0,0.318669,3
c95d5c3363203951,8,0.428571,0,0,3,3,2,5,3.0,1.0,0,0.329167,1.309837,4
4a785835cbf0ed28,8,0.392857,0,0,1,3,2,4,2.75,0.6875,0,0.083333,0.754818,4
b9b9718e91578e47,8,0.285714,0,0,1,5,1,3,2.0,0.75,0,0.208333,0.258764,4
7dcd8ba63c506fae,8,0.5,0,0,5,3,2,5,3.5,1.25,0,0.4125,1.459884,4
563aafd2254ab322,8,0.5,0,0,7,3,1,6,3.5,2.25,0,0.479167,0.958112,4
e61c39ed923f1515,8,0.321429,1,0,0,4,1,3,2.25,0.6875,0,0.0,0.467911,3
3a3c0f9e4b28b399,8,0.428571,0,0,5,4,1,5,3.0,1.25,0,0.529167,0.592309,4
7d4fbbcf8ced980d,8,0.392857,0,0,3,4,1,4,2.75,1.1875,0,0.3125,0.634242,4
7425e1c24fc197c2,8,0.464286,0,0,4,3,2,5,3.25,0.9375,0,0.525,1.291924,4
98ab3b0b16b29383,8,0.428571,0,0,4,4,1,5,3.0,1.5,0,0.3625,0.658158,4
60c83b617a8a379e,8,0.321429,0,0,1,4,1,4,2.25,0.9375,0,0.1875,0.426523,4
97c6d681531ea842,8,0.392857,0,0,2,3,2,4,2.75,0.4375,0,0.395833,0.705398,4
2c10960f7f576ad0,8,0.392857,0,0,5,4,1,5,2.75,1.4375,0,0.508333,0.277407,4
84aa87900d3e5af0,8,0.285714,0,0,0,5,1,3,2.0,0.5,0,0.0,0.324869,4
b463d54d1879a584,8,0.428571,0,0,4,3,2,5,3.0,1.0,0,0.425,1.030943,4
657241d90ec4714e,8,0.357143,0,0,1,3,1,4,2.5,0.75,0,0.1875,0.657077,4
56775c382f6b3b80,8,0.428571,0,0,2,3,1,4,3.0,1.0,0,0.145833,0.809016,4
f641f8374001ac17,8,0.571429,0,0,9,2,2,6,4.0,1.5,0,0.5625,1.794169,4
93df672463569bff,8,0.392857,0,0,3,4,1,4,2.75,1.4375,0,0.229167,0.603947,4
3c685baf345ad0e1,8,0.428571,0,0,3,3,2,5,3.0,1.0,0,0.358333,1.162756,4
55140b675eec5635,8,0.464286,0,0,6,3,1,6,3.25,2.4375,0,0.566667,0.889921,4
2a7cef543e294f34,8,0.428571,0,0,2,3,2,4,3.0,0.5,0,0.270833,0.988146,4
d5231812f1453e41,8,0.571429,0,0,11,2,2,7,4.0,1.75,0,0.720238,1.585786,4
34c56321e7347fe9,8,0.464286,0,0,4,2,2,5,3.25,0.6875,0,0.35,1.496803,4
e40bd40a9038d588,8,0.285714,0,0,1,4,1,5,2.0,1.75,0,0.179167,0.410256,3
d02f4f7d6cb57f20,8,0.5,0,0,5,2,2,5,3.5,0.75,0,0.391667,1.58013,4
bc8f500b0054d4cf,8,0.428571,0,0,3,3,1,4,3.0,1.0,0,0.354167,0.801078,4
5221bc8067b14d52,8,0.428571,0,0,3,3,1,4,3.0,0.75,0,0.291667,0.66789,4
a32569418dc43897,8,0.392857,0,0,1,4,1,4,2.75,0.6875,0,0.104167,0.635787,4
111c5de16e170a92,8,0.464286,0,0,4,3,2,5,3.25,1.1875,0,0.475,1.280479,4
e495b0059a662a20,8,0.571429,0,0,10,2,3,6,4.0,1.0,0,0.620833,1.638215,4
53fe28eba6330104,8,0.5,0,0,6,3,1,5,3.5,1.75,0,0.35,0.910199,4
75403111a8489db5,8,0.285714,1,0,0,5,1,3,2.0,0.5,0,0.0,0.224287,3
1a69ca603d3f3d11,8,0.321429,0,0,0,4,1,3,2.25,0.4375,0,0.0,0.363595,4
ffe430b57c48be8c,8,0.535714,0,0,9,3,2,6,3.75,1.9375,0,0.683333,1.443263,4
53a3baf6ff01c892,8,0.5,0,0,4,3,3,5,3.5,0.75,0,0.383333,1.438447,4
eecb2d15bf43f6f7,8,0.392857,0,0,2,4,1,4,2.75,0.9375,0,0.1875,0.669095,4
3750209bf285e3a3,8,0.535714,0,0,7,2,3,5,3.75,0.6875,0,0.5375,1.776729,4
1e2d7b692161d505,8,0.321429,0,0,1,5,1,3,2.25,0.6875,0,0.125,0.329104,4
d4dd41a8fe798832,8,0.5,0,0,5,3,2,5,3.5,0.75,0,0.383333,1.538715,4
368936992ff2948d,8,0.428571,0,0,3,3,1,5,3.0,1.5,0,0.3375,0.873022,4
05f027f3e9129e0e,8,0.571429,0,0,9,2,3,5,4.0,0.75,0,0.6,1.9073,4
5045254d91598dfa,8,0.428571,0,0,3,3,2,6,3.0,1.5,0,0.358333,1.063486,4
360dc4fb58801364,8,0.535714,0,0,8,3,1,5,3.75,1.4375,0,0.466667,0.899583,4
68c0e80c87b159ec,8,0.285714,0,0,1,4,1,4,2.0,1.25,0,0.1875,0.33392,3
cf0b8210b3008a9a,8,0.392857,0,0,2,3,1,5,2.75,1.6875,0,0.325,0.87198,3
45d1e46debf7c8ab,8,0.5,0,0,4,3,2,5,3.5,1.25,0,0.3375,1.442721,4
0d8aeb055a200d24,8,0.607143,0,0,13,3,2,6,4.25,1.4375,0,0.691667,1.55051,4
1e6fab47655df9a3,8,0.464286,0,0,5,3,1,5,3.25,1.6875,0,0.433333,0.690877,4
037c912907c3664e,8,0.321429,0,0,0,3,1,4,2.25,0.9375,0,0.0,0.65167,4
052e440cca93659b,8,0.285714,0,0,1,4,1,4,2.0,1.0,0,0.270833,0.318669,3
ed804aaa947f710b,8,0.25,1,1,0,6,1,3,1.75,0.4375,0,0.0,0.198062,3
489b0b08083297db,8,0.464286,0,0,6,3,1,6,3.25,2.4375,0,0.558333,0.817003,4
8c83bb99fd57e0f0,8,0.464286,0,0,6,3,1,6,3.25,1.9375,0,0.508333,0.675489,4
f4b2ccd7294c5558,8,0.5,0,0,7,3,2,5,3.5,0.75,0,0.604167,1.065882,4
afc1613b52d08b84,8,0.571429,0,0,9,2,2,6,4.0,1.75,0,0.566667,1.874657,4
5db516830d5a6d71,8,0.321429,0,0,1,4,1,4,2.25,0.9375,0,0.104167,0.585786,4
2bd865197ded7d19,8,0.5,0,0,6,3,2,5,3.5,0.75,0,0.395833,1.438447,4
8259a133273354a3,8,0.392857,0,0,2,3,2,4,2.75,0.4375,0,0.229167,0.829914,4
d37f61abc5929c82,8,0.357143,0,0,3,4,1,4,2.5,1.25,0,0.354167,0.402203,4
9fb0244f859d54ac,8,0.571429,0,0,7,2,3,5,4.0,0.25,0,0.425,2.388552,4
883921cd26940767,8,0.535714,0,0,7,2,2,5,3.75,1.1875,0,0.575,1.687113,4
a149fd98f751b697,8,0.535714,0,0,10,3,1,6,3.75,2.4375,0,0.579167,0.901715,4
639ae3df6d2d3e31,8,0.357143,1,0,0,3,1,4,2.5,1.25,0,0.0,0.713429,4
ed93857e1208f9d1,8,0.5,0,0,5,3,1,5,3.5,1.25,0,0.341667,0.831769,4
7a159e670139e9b1,8,0.535714,0,0,5,2,3,5,3.75,0.4375,0,0.3625,2.231909,4
18e39e47a44a1f95,8,0.428571,0,0,3,3,2,4,3.0,0.5,0,0.270833,1.324869,4
00b5ea02c3ec0625,8,0.464286,0,0,5,3,1,6,3.25,1.9375,0,0.375,0.945123,4
2e9c824eddd2ab59,8,0.464286,0,0,5,3,1,5,3.25,1.6875,0,0.391667,0.808831,4
d86cf9fd30de10ce,8,0.678571,0,0,17,2,3,6,4.75,1.4375,0,0.7125,2.714264,4
ba7681dc81238d8e,8,0.607143,0,0,11,2,3,6,4.25,0.6875,0,0.591667,2.166423,4
c18408c9e5d5a891,8,0.607143,0,0,9,2,3,5,4.25,0.4375,0,0.458333,2.746728,4
11b274f2a497b615,8,0.464286,0,0,6,2,1,7,3.25,2.9375,0,0.577381,1.0,4
6ffd174c1793988e,8,0.392857,0,0,2,4,1,4,2.75,0.9375,0,0.291667,0.598049,4
8dd14e1045b7f5cf,8,0.535714,0,0,6,2,2,5,3.75,0.9375,0,0.391667,1.808515,4
4f21324161fcf2de,8,0.392857,0,0,2,3,1,5,2.75,1.4375,0,0.233333,0.721887,3
1f4e6c747209f681,8,0.428571,0,0,4,3,1,5,3.0,1.5,0,0.2875,0.866228,4
7ce28865baa6798f,8,0.535714,0,0,9,3,1,5,3.75,1.6875,0,0.504167,0.82259,4
23e0bbdf3b7c0b6a,8,0.464286,0,0,7,4,1,5,3.25,1.9375,0,0.583333,0.658195,4
1f980b9fdc0df2cb,8,0.428571,0,0,4,3,1,5,3.0,1.5,0,0.383333,0.668152,4
de8f904973579ed6,8,0.428571,0,0,3,3,2,6,3.0,1.5,0,0.441667,1.213127,4
353cce734c282697,8,0.392857,0,0,4,4,1,5,2.75,1.6875,0,0.433333,0.564181,4
07891d3cd8d62e2b,8,0.357143,0,0,2,4,1,4,2.5,1.25,0,0.25,0.52242,4
de65a2c093e7c3a3,8,0.428571,0,0,3,3,1,4,3.0,1.25,0,0.333333,0.801711,4
f163643f141d2da8,8,0.321429,0,0,0,3,1,4,2.25,0.6875,0,0.0,0.763932,4
1a4e7ed1dcec602f,8,0.392857,0,0,1,3,2,4,2.75,0.4375,0,0.104167,1.162692,4
67179d3a67c3dc00,8,0.285714,0,0,1,5,1,4,2.0,1.0,0,0.1875,0.259284,3
397ec226357a511b,8,0.464286,0,0,4,3,1,5,3.25,1.4375,0,0.2875,0.803749,4
6d225c41507cd4ef,8,0.428571,0,0,4,3,2,5,3.0,1.0,0,0.425,0.74354,4
93a8bf6b7dc10443,8,0.5,0,0,8,3,1,6,3.5,2.25,0,0.579167,0.809256,4
5cec9e036a21e741,8,0.607143,0,0,11,2,3,6,4.25,0.9375,0,0.6,1.953271,4
2b40baf90b790319,8,0.571429,0,0,12,3,1,6,4.0,2.0,0,0.570833,0.827212,4
4a131958cf4238d4,8,0.392857,0,0,2,3,1,4,2.75,0.9375,0,0.270833,0.793978,4
ea698e913bd92ae7,8,0.5,0,0,6,3,2,5,3.5,1.0,0,0.404167,1.476496,4
e4f7b3aa2cdf8fd3,8,0.392857,0,0,1,3,1,4,2.75,0.9375,0,0.083333,0.774729,4
29628f59631317bb,8,0.321429,0,0,1,4,1,4,2.25,0.9375,0,0.104167,0.496496,3
b086564924993df3,8,0.5,0,0,4,2,2,5,3.5,0.75,0,0.2875,1.581384,4
c5fc992e2ab9f128,8,0.535714,0,0,7,2,2,5,3.75,0.9375,0,0.454167,1.717993,4
394a8415b11cc7c8,8,0.5,0,0,6,3,2,5,3.5,1.25,0,0.383333,1.506136,4
9b75398882c0cda0,8,0.428571,0,0,1,3,2,4,3.0,0.5,0,0.104167,1.247413,4
b22bfb6c82bcb217,8,0.464286,0,0,6,3,1,5,3.25,1.4375,0,0.4875,0.670201,4
7e81c8e710843996,8,0.464286,0,0,5,3,1,5,3.25,1.6875,0,0.358333,0.903391,4
40d5eb2a13351ee7,8,0.464286,0,0,2,3,3,4,3.25,0.1875,0,0.208333,1.657077,4
bf352343471d50de,8,0.428571,0,0,4,4,1,5,3.0,1.25,0,0.425,0.639535,4
8faf348442e949d7,8,0.464286,0,0,4,3,2,4,3.25,0.6875,0,0.395833,1.082823,4
2e1dfd2997bef0be,8,0.464286,0,0,3,3,2,5,3.25,0.6875,0,0.275,1.389553,4
6fbb0b6138dd600a,8,0.607143,0,0,10,2,3,5,4.25,0.4375,0,0.5625,2.237487,4
441412e22e75e4e1,8,0.535714,0,0,6,3,2,5,3.75,0.9375,0,0.433333,1.507226,4
1e8f59c0288cf960,8,0.464286,0,0,5,4,1,4,3.25,1.1875,0,0.4375,0.761886,4
384ab90dcae80d40,8,0.285714,1,0,0,4,1,4,2.0,1.25,0,0.0,0.585786,3
5458288c044e159a,8,0.5,0,0,7,3,2,6,3.5,1.75,0,0.529167,1.303415,4
2ab50d53574d0045,8,0.321429,0,0,1,4,1,3,2.25,0.9375,0,0.125,0.491519,4
ffbe69070703b500,8,0.571429,0,0,10,2,2,6,4.0,1.75,0,0.554167,1.696484,4
1ca406764a06c5b6,8,0.464286,0,0,3,3,2,4,3.25,0.4375,0,0.291667,1.345683,4
843ae3f8beb6794e,8,0.535714,0,0,10,3,1,5,3.75,1.6875,0,0.579167,0.808663,4
3dfabc4a81fa24c0,8,0.5,0,0,7,3,3,5,3.5,0.5,0,0.633333,1.080514,4
008a6663210cac24,8,0.464286,0,0,5,3,1,5,3.25,1.1875,0,0.4625,0.900785,4
d55ced2c547582f7,8,0.535714,0,0,8,3,2,5,3.75,1.4375,0,0.520833,1.644247,4
c8ad631ff1907c00,8,0.464286,0,0,5,3,1,5,3.25,1.4375,0,0.466667,0.801994,4
93667d10ba99a05c,8,0.357143,0,0,3,4,1,5,2.5,1.5,0,0.370833,0.360349,4
3c482a7065800b98,8,0.535714,0,0,11,3,1,6,3.75,2.4375,0,0.645833,0.810186,4
7fb5a565fa151385,8,0.357143,0,0,1,3,1,5,2.5,1.25,0,0.179167,0.853692,4
291952ecc623c555,8,0.464286,0,0,4,3,2,5,3.25,1.1875,0,0.379167,1.441414,4
304d8b7f6bf27a41,8,0.5,0,0,6,3,2,5,3.5,1.5,0,0.516667,1.364283,4
8051559445ab3527,8,0.428571,0,0,5,4,1,5,3.0,2.0,0,0.433333,0.700118,4
e1a6f33bcd7d92f7,8,0.678571,0,0,13,2,4,6,4.75,0.4375,0,0.5375,3.419415,4
f2c9cea4e82b350b,8,0.464286,0,0,5,3,3,4,3.25,0.1875,0,0.520833,1.044058,4
daa93e54760ee99d,8,0.642857,0,0,15,2,2,7,4.5,2.0,0,0.702976,1.856257,4
a1a3b88f396a5b9f,8,0.464286,0,0,5,3,2,5,3.25,0.9375,0,0.4875,1.284922,4
ef4ed3888e40b980,8,0.321429,0,0,1,4,1,4,2.25,0.9375,0,0.104167,0.357794,4
a27785100decc0d5,8,0.642857,0,0,13,2,3,7,4.5,1.5,0,0.59881,2.489243,4
f0cf77f0eddede41,8,0.464286,0,0,4,3,2,4,3.25,0.6875,0,0.3125,1.100106,4
9a9d222d4001769b,8,0.464286,0,0,3,3,2,5,3.25,0.9375,0,0.2875,1.37272,4
aef7fa1b4e44bd8f,8,0.392857,0,0,3,4,1,4,2.75,0.9375,0,0.375,0.588194,4
21f53f8ebc2a20b9,8,0.428571,0,0,3,3,1,5,3.0,1.25,0,0.358333,0.871498,4
9399cfd3c0178ee8,8,0.571429,0,0,12,3,1,6,4.0,2.0,0,0.583333,0.823343,4
6a948a85d9c98839,8,0.392857,0,0,2,3,1,4,2.75,0.9375,0,0.291667,0.777769,4
9d58197ad9b5bd70,8,0.642857,0,0,13,2,3,7,4.5,1.25,0,0.59881,2.511885,4
2a9f2c270515019e,8,0.285714,0,0,1,6,1,3,2.0,0.5,0,0.208333,0.18923,4
31d06ba753d7ed25,8,0.428571,0,0,4,3,2,5,3.0,1.0,0,0.404167,0.832046,4
86c1568c5f0dedc2,8,0.5,0,0,8,3,2,5,3.5,0.75,0,0.729167,0.812704,4
456a76bbaa0827f4,8,0.428571,0,0,4,3,2,4,3.0,0.5,0,0.5625,0.779211,4
afe51d55c43dd781,8,0.428571,0,0,4,3,1,6,3.0,2.0,0,0.3875,0.933992,4
ba1a9cafd3d7788b,8,0.607143,0,0,10,2,3,6,4.25,0.9375,0,0.483333,2.498697,4
bd4e52ea9ada0167,8,0.392857,0,0,3,4,1,5,2.75,1.1875,0,0.454167,0.635463,4
fd43cedb324b9c38,8,0.5,0,0,7,3,2,5,3.5,1.5,0,0.675,1.238635,4
159fb3a004189538,8,0.642857,0,0,12,2,3,6,4.5,1.0,0,0.570833,2.788541,4
ca05b5ec76a307a5,8,0.428571,0,0,6,3,1,6,3.0,3.0,0,0.554167,0.880672,3
9131fec2cda9ba37,8,0.5,0,0,4,3,2,5,3.5,0.75,0,0.258333,1.63166,4
fb1437fcb4370db6,8,0.5,0,0,7,3,1,5,3.5,2.0,0,0.441667,0.904122,4
ea467f95c95eb96b,8,0.642857,0,0,16,3,3,6,4.5,1.5,0,0.729167,1.88353,4
396e53372c41b3ac,8,0.428571,0,0,2,3,2,4,3.0,0.5,0,0.291667,0.98757,4
8f0e7bd7906bfb9c,8,0.5,0,0,8,3,2,5,3.5,1.75,0,0.541667,1.09899,4
711f4ee04984047f,8,0.571429,0,0,12,3,1,6,4.0,2.0,0,0.608333,0.899621,4
ba3b5d7e50dadabf,8,0.571429,0,0,9,2,2,6,4.0,1.25,0,0.566667,1.763932,4
c9cd109092ce072a,8,0.571429,0,0,9,3,2,5,4.0,1.0,0,0.433333,1.664299,4
6d014d56a0c42f0c,8,0.5,0,0,4,2,2,5,3.5,1.0,0,0.320833,1.818604,4
50074881c75333e0,8,0.5,0,0,6,3,2,5,3.5,0.75,0,0.529167,1.237957,4
76d24d8f4cfc6243,8,0.571429,0,0,8,3,2,6,4.0,1.25,0,0.416667,1.726336,4
98ebcec6dd014f89,8,0.535714,0,0,6,2,2,5,3.75,0.6875,0,0.354167,1.725788,4
8d33a36798e5d7aa,8,0.357143,0,0,2,4,1,4,2.5,0.75,0,0.375,0.592294,4
e3b15d56cc494184,8,0.464286,0,0,5,3,1,5,3.25,1.4375,0,0.391667,0.684467,4
240c9285d51a7282,8,0.535714,0,0,9,2,2,7,3.75,2.4375,0,0.693452,1.663814,4
ef755ca92a2c5a91,8,0.5,0,0,5,2,2,4,3.5,0.75,0,0.3125,1.669941,4
a1e771b014c59e1e,8,0.535714,0,0,7,3,2,5,3.75,1.4375,0,0.491667,1.443513,4
37519d50aaf4f856,8,0.607143,0,0,15,3,1,6,4.25,2.1875,0,0.65,0.906477,4
17912887b63f37ca,8,0.428571,0,0,3,3,2,4,3.0,0.75,0,0.3125,0.939974,4
f9f5fade01fa621f,8,0.571429,0,0,9,2,3,5,4.0,0.5,0,0.570833,1.78568,4
f38961bfd29c6e41,8,0.5,0,0,9,3,1,6,3.5,2.75,0,0.691667,0.943592,4
139c3e1ac20798f2,8,0.535714,0,0,7,2,2,6,3.75,1.6875,0,0.458333,1.689928,4
7e7a38a5006cae5a,8,0.5,0,0,7,3,2,6,3.5,1.5,0,0.654167,1.130818,4
90d05d93b197a053,8,0.571429,0,0,11,2,2,6,4.0,2.25,0,0.7125,1.761148,4
e1686f7eaacb9ded,8,0.571429,0,0,9,2,3,6,4.0,1.0,0,0.466667,2.227954,4
d96f50eca6863ca7,8,0.714286,0,0,17,2,4,6,5.0,0.5,0,0.625,3.358814,4
8cabab1feff8ae77,8,0.571429,0,0,7,2,3,5,4.0,0.75,0,0.420833,2.438447,4
2f406953fff65290,8,0.392857,0,0,1,3,2,4,2.75,0.4375,0,0.1875,1.030312,4
0dc9b68947591272,8,0.535714,0,0,7,3,2,5,3.75,0.9375,0,0.558333,1.453488,4
aa42fabdf5114b9b,8,0.428571,0,0,3,3,2,6,3.0,1.75,0,0.454167,0.916128,4
cc4555f1f8cbbc9a,8,0.642857,0,0,17,3,2,6,4.5,2.0,0,0.808333,1.683223,4
08ec50ec932f184b,8,0.428571,0,0,6,3,1,6,3.0,2.75,0,0.520833,0.763932,4
2fe5e35c7321ee82,8,0.714286,0,0,18,2,3,6,5.0,0.75,0,0.666667,2.763932,4
ecc106cfa9b9b36a,8,0.464286,0,0,3,3,2,5,3.25,0.9375,0,0.2875,1.440986,4
2e19eda293811926,8,0.571429,0,0,9,3,2,5,4.0,1.25,0,0.591667,1.666693,4
45ce530b64194261,8,0.535714,0,0,11,3,1,6,3.75,2.4375,0,0.654167,0.901351,4
687a38701d82c823,8,0.642857,0,0,14,2,3,6,4.5,1.0,0,0.679167,2.265711,4
cc7512971e530731,8,0.5,0,0,5,2,2,5,3.5,1.25,0,0.504167,1.606502,4
b511ab3481a01ca6,8,0.535714,0,0,8,2,2,5,3.75,1.1875,0,0.529167,1.676596,4
cfa9cef386e8cde3,8,0.5,0,0,3,2,3,5,3.5,0.5,0,0.275,2.0,4
5ba0fb95003e03a8,8,0.5,0,0,6,3,2,5,3.5,0.75,0,0.383333,1.334842,4
3cdcbc18b59037b9,8,0.428571,0,0,6,3,1,5,3.0,2.25,0,0.4875,0.676498,4
ca39cde72b04b3a3,8,0.5,0,0,5,3,2,5,3.5,0.75,0,0.341667,1.455421,4
62c505dd6ab5af2a,8,0.5,0,0,5,2,2,6,3.5,1.5,0,0.479167,1.585786,4
135e3e2c180d79d5,8,0.428571,0,0,2,3,2,5,3.0,0.75,0,0.275,0.948626,4
bf1ce467135ec8d9,8,0.607143,0,0,11,2,3,6,4.25,0.9375,0,0.558333,2.585786,4
214b1d7967bf784a,8,0.571429,0,0,9,2,2,6,4.0,1.25,0,0.5625,1.667816,4
11462a39ddb3e57d,8,0.392857,0,0,4,3,1,5,2.75,1.9375,0,0.2875,0.682625,3
36dde5a104134a85,8,0.428571,0,0,3,3,1,4,3.0,1.0,0,0.270833,0.657077,4
2551ae006936e300,8,0.357143,0,0,1,3,2,4,2.5,0.5,0,0.1875,0.924861,4
9d40687378d2e25d,8,0.5,0,0,7,3,2,6,3.5,1.5,0,0.4375,1.204429,4
65527a0c19f0c5ce,8,0.464286,0,0,6,3,2,5,3.25,1.4375,0,0.704167,0.913083,4
f0c33e73401214ec,8,0.428571,0,0,3,3,1,5,3.0,1.5,0,0.2875,0.853118,4
3ad82aed67e81a2f,8,0.535714,0,0,6,2,3,5,3.75,0.6875,0,0.4125,2.028781,4
358e360c11ecac22,8,0.571429,0,0,9,2,2,5,4.0,1.0,0,0.554167,1.626056,4
73e8b57a40e382ac,8,0.5,0,0,5,3,2,5,3.5,1.0,0,0.404167,1.365413,4
49bcf72e012ea9ce,8,0.571429,0,0,9,3,2,5,4.0,1.0,0,0.575,1.527847,4
0cbf2feb0caaa29c,8,0.428571,0,0,5,3,1,6,3.0,2.75,0,0.4625,0.90322,3
fdc57746219f358a,8,0.428571,0,0,6,3,1,6,3.0,2.0,0,0.583333,0.452493,4
962aa862111c0eef,8,0.5,0,0,6,3,2,5,3.5,1.25,0,0.475,1.443332,4
45a6b48b47f0144a,8,0.678571,0,0,15,2,4,6,4.75,0.4375,0,0.6375,2.933564,4
b2d27c2556569a9c,8,0.428571,0,0,3,3,1,5,3.0,1.25,0,0.358333,0.871498,4
521241a731920de9,8,0.642857,0,0,13,2,3,6,4.5,0.75,0,0.6125,2.346864,4
990446c6ef48e904,8,0.5,0,0,8,2,2,6,3.5,3.0,0,0.7875,1.667251,3
38f2565178a0dc4b,8,0.428571,0,0,2,3,2,4,3.0,0.5,0,0.270833,0.988146,4
1a51ef0e63d92d62,8,0.5,0,0,5,3,2,6,3.5,1.5,0,0.395833,1.456848,4
f42da6d29c8900e9,8,0.5,0,0,6,3,1,5,3.5,1.5,0,0.341667,0.897225,4
52e5a1edc90a5d98,8,0.642857,0,0,12,2,3,6,4.5,0.75,0,0.4875,2.783531,4
cdd29a35c416caf4,8,0.392857,0,0,3,4,1,4,2.75,0.9375,0,0.479167,0.617435,4
b6e1d3c5ad5c104a,8,0.464286,0,0,4,3,2,5,3.25,1.1875,0,0.358333,1.438447,4
6114841fc7f36da9,8,0.678571,0,0,16,2,3,6,4.75,0.9375,0,0.654167,2.763932,4
60d1f5210f6a0cae,8,0.642857,0,0,14,2,3,6,4.5,0.75,0,0.645833,2.309408,4
827373191fbb5d9b,8,0.428571,0,0,3,2,2,5,3.0,1.75,0,0.458333,1.438447,3
9e7b29d8dcb9d05e,8,0.428571,0,0,2,3,1,4,3.0,1.0,0,0.1875,0.798655,4
cc9da60ae82635b2,8,0.642857,0,0,14,2,3,6,4.5,1.25,0,0.6375,2.255174,4
eb3d7cb03759b9c6,8,0.607143,0,0,10,2,3,5,4.25,0.4375,0,0.533333,2.356289,4
c7fe6610fd6ff0aa,8,0.678571,0,0,18,2,3,6,4.75,1.4375,0,0.733333,2.288538,4
c82dc6feb7da7f7e,8,0.5,0,0,6,3,2,5,3.5,1.0,0,0.4875,1.478532,4
0880c1737274f104,8,0.607143,0,0,14,3,1,6,4.25,2.1875,0,0.604167,0.963683,4
4e8db19107953993,8,0.5,0,0,4,2,2,5,3.5,0.75,0,0.2875,1.755866,4
e4b3a6d9af12e66c,8,0.321429,0,0,0,4,1,4,2.25,0.6875,0,0.0,0.406947,4
2259a42d92ff66d4,8,0.535714,0,0,6,3,2,5,3.75,0.6875,0,0.383333,1.590455,4
8c1ad22efdc6b92b,8,0.5,0,0,7,3,2,5,3.5,1.5,0,0.683333,1.354249,4
49eff2b51420df10,8,0.535714,0,0,10,3,2,6,3.75,1.9375,0,0.5625,1.132057,4
26a547819fac41d5,8,0.464286,0,0,5,3,2,6,3.25,1.4375,0,0.5125,1.100506,4
c23620435d3b4beb,8,0.392857,0,0,2,3,1,5,2.75,1.1875,0,0.304167,0.866442,4
17cb6490d52d3d27,8,0.571429,0,0,5,2,3,5,4.0,0.5,0,0.266667,2.601102,4
6ff08992b47d991f,8,0.392857,0,0,2,3,1,4,2.75,1.1875,0,0.25,0.783632,4
c5870ff0b66de1fc,8,0.535714,0,0,9,3,2,5,3.75,1.4375,0,0.5375,1.202257,4
f6d291b4a80fad70,8,0.571429,0,0,9,2,3,5,4.0,0.75,0,0.579167,1.791594,4
55d4e92580d528c0,8,0.464286,0,0,4,3,2,4,3.25,0.4375,0,0.458333,1.154602,4
1c96afd56564d5d3,8,0.535714,0,0,9,3,2,5,3.75,1.6875,0,0.566667,1.472143,4
0a6a8378fa08dace,8,0.5,0,0,4,2,2,5,3.5,0.75,0,0.308333,1.79608,4
6820ffc7b90c9b01,8,0.321429,0,0,2,4,1,5,2.25,1.1875,0,0.525,0.277407,4
000e9b249127e468,8,0.464286,0,0,4,3,1,5,3.25,1.1875,0,0.358333,0.89272,4
967a1241bf0891e0,8,0.607143,0,0,12,3,3,6,4.25,0.9375,0,0.6625,1.771365,4
90a6c1040ee6c08f,8,0.678571,0,0,16,2,4,6,4.75,0.6875,0,0.658333,3.186393,4
84efd37796d7b726,8,0.607143,0,0,13,3,2,6,4.25,1.6875,0,0.695833,1.706913,4
67481d7687c91e79,8,0.607143,0,0,11,3,2,5,4.25,0.9375,0,0.616667,1.683414,4
338cbd8e7a6d630c,8,0.642857,0,0,16,3,2,6,4.5,1.5,0,0.754167,1.613686,4
964882d39818d0f9,8,0.535714,0,0,8,3,2,5,3.75,0.9375,0,0.591667,1.326076,4
d7cb72e0bb42fef4,8,0.428571,0,0,3,3,2,4,3.0,0.5,0,0.291667,0.837472,4
a1c809a5bdd59750,8,0.428571,0,0,2,3,2,4,3.0,0.75,0,0.270833,1.312431,4
4cb1f2d2126fc6f1,8,0.5,0,0,5,2,2,5,3.5,1.25,0,0.333333,1.536071,4
f70d1647540a0da2,8,0.535714,0,0,7,2,3,5,3.75,0.6875,0,0.508333,1.891783,4
b0ef323c89f48329,8,0.642857,0,0,12,2,3,6,4.5,0.75,0,0.579167,2.445157,4
334fce7584136b8d,8,0.535714,0,0,8,3,2,5,3.75,0.9375,0,0.604167,1.316751,4
222dd05a7226e9ee,8,0.642857,0,0,15,2,3,7,4.5,1.75,0,0.707143,2.353015,4
619dd8469fe134a5,8,0.535714,0,0,9,3,1,6,3.75,1.9375,0,0.525,0.831795,4
dd4801dd29574810,8,0.678571,0,0,18,2,2,6,4.75,1.4375,0,0.75,1.813921,4
7b17e27267d25e38,8,0.678571,0,0,16,2,3,6,4.75,0.9375,0,0.616667,2.794809,4
d60fa2f6b7ed755a,8,0.571429,0,0,7,2,3,5,4.0,0.25,0,0.425,2.157764,4
42b4de049b9cda14,8,0.464286,0,0,6,3,1,6,3.25,2.1875,0,0.470833,0.954578,4
d3c93c72fc9b12c8,8,0.535714,0,0,9,3,2,5,3.75,1.1875,0,0.575,1.55051,4
9daf703aee7a7b70,8,0.5,0,0,6,3,2,5,3.5,1.25,0,0.425,1.397699,4
f31453564a203191,8,0.571429,0,0,10,3,2,6,4.0,1.75,0,0.545833,1.571189,4
2e14a6ce9b9c8481,8,0.5,0,0,6,3,2,6,3.5,1.25,0,0.445833,1.49782,4
603468db29453645,8,0.678571,0,0,20,3,1,6,4.75,2.1875,0,0.666667,0.965958,4
1e949b96e214d8e6,8,0.607143,0,0,12,2,2,7,4.25,1.9375,0,0.66369,1.854221,4
29b068927259393c,8,0.357143,0,0,1,3,2,3,2.5,0.25,0,0.208333,0.683735,4
3d7fa53db6a1dc7d,8,0.428571,0,0,2,3,1,5,3.0,1.5,0,0.170833,0.816682,4
b6bf039480b5c44f,8,0.642857,0,0,12,2,3,6,4.5,1.0,0,0.591667,2.697224,4
b3f7f70d23f7512f,8,0.428571,0,0,2,3,1,5,3.0,1.5,0,0.158333,0.896502,4
d0687544b6c343e4,8,0.5,0,0,4,3,2,5,3.5,1.5,0,0.216667,1.438447,4
98cdbc187db55b8b,8,0.607143,0,0,10,2,3,5,4.25,0.6875,0,0.491667,2.585786,4
bf4aa2ef726df52e,8,0.642857,0,0,14,2,3,6,4.5,1.25,0,0.679167,2.231821,4
739c15a65888429d,8,0.535714,0,0,7,3,3,6,3.75,0.9375,0,0.508333,1.562332,4
9a3cd481e31a29a6,8,0.571429,0,0,9,2,3,5,4.0,0.75,0,0.454167,2.324869,4
c9a2d1529684e978,8,0.464286,0,0,5,3,1,5,3.25,1.6875,0,0.441667,0.889053,4
0ca833375b6295cc,8,0.607143,0,0,10,2,3,5,4.25,0.6875,0,0.454167,2.35705,4
ab9709c3db5ce76d,8,0.357143,0,0,2,4,1,5,2.5,1.25,0,0.275,0.531686,4
aa0d50217c3c55ca,8,0.464286,0,0,3,3,2,5,3.25,0.6875,0,0.329167,1.275641,4
a503947ed50683b9,8,0.464286,0,0,7,3,2,5,3.25,1.4375,0,0.779167,0.726015,4
24e89a896dd048a7,8,0.571429,0,0,9,2,3,6,4.0,1.0,0,0.591667,1.801825,4
fb996c0f68c37127,8,0.571429,0,0,11,2,2,6,4.0,2.0,0,0.6125,1.719019,4
6c32f80561ff6196,8,0.607143,0,0,10,2,3,5,4.25,0.4375,0,0.533333,2.104893,4
f981e288ae6f1119,8,0.714286,0,0,20,2,3,6,5.0,1.25,0,0.754167,2.763932,4
d32dac9a44ee3e1b,8,0.464286,0,0,4,2,2,5,3.25,1.1875,0,0.483333,1.585786,4
48621ab62a1616f5,8,0.571429,0,0,9,2,3,6,4.0,1.0,0,0.516667,2.114679,4
fe9808cc28e55612,8,0.535714,0,0,9,3,2,6,3.75,1.6875,0,0.704167,1.304504,4
5d6480b4e3678dd6,8,0.571429,0,0,12,2,1,7,4.0,2.75,0,0.611905,1.0,4
41526e0fcb8a9eb4,8,0.5,0,0,7,3,2,6,3.5,1.75,0,0.6625,1.507545,4
12b99951686a42a3,8,0.678571,0,0,17,2,3,7,4.75,1.1875,0,0.721429,2.433308,4
fad735c06e38ee73,8,0.464286,0,0,3,2,2,5,3.25,0.6875,0,0.295833,1.438447,4
ba56f8e965ad261e,8,0.642857,0,0,13,2,3,6,4.5,1.0,0,0.6,2.343376,4
7b370b61261093cb,8,0.428571,0,0,5,3,1,6,3.0,2.0,0,0.5625,0.669405,4
5e2cee611f2c7c68,8,0.392857,1,0,0,4,1,4,2.75,0.9375,0,0.0,0.667231,4
af65e536f388fd11,8,0.5,0,0,8,3,1,6,3.5,2.25,0,0.570833,0.940494,4
4c1999d304ac3d03,8,0.642857,0,0,11,2,3,5,4.5,0.5,0,0.491667,2.672573,4
f20ecb52222e3a76,8,0.607143,0,0,14,3,1,6,4.25,1.9375,0,0.6,0.912776,4
914f0b65b1ca30b5,8,0.535714,0,0,7,2,2,5,3.75,1.1875,0,0.425,1.796723,4
6994923c501228b3,8,0.571429,0,0,8,2,2,5,4.0,1.0,0,0.516667,1.743624,4
31be029b54907a3c,8,0.5,0,0,7,2,2,6,3.5,1.5,0,0.570833,1.585786,4
0455a9c23837857e,8,0.5,0,0,7,3,2,6,3.5,2.0,0,0.55,1.356629,4
49593445a78f16e6,8,0.571429,0,0,10,3,2,5,4.0,1.0,0,0.658333,1.403001,4
e419a102869b7986,8,0.535714,0,0,9,2,2,6,3.75,1.9375,0,0.620833,1.692722,4
13f4e38c6f5830d0,8,0.535714,0,0,9,3,2,5,3.75,1.6875,0,0.566667,1.418147,4
2f7e57020a8c0c74,8,0.5,0,0,10,2,1,7,3.5,3.75,0,0.591667,1.0,3
4dbadc9e89e4adb3,8,0.607143,0,0,12,3,2,6,4.25,1.4375,0,0.654167,1.711219,4
e9dfa989895c00d3,8,0.607143,0,0,12,2,3,6,4.25,1.4375,0,0.679167,2.230931,4
9aa2ba6a253d3b52,8,0.607143,0,0,10,2,3,5,4.25,0.4375,0,0.55,2.363595,4
060d41e1dc129159,8,0.714286,0,0,22,2,2,6,5.0,1.5,0,0.8,1.822122,4
05c1015f0f04b171,8,0.535714,0,0,8,2,2,6,3.75,1.6875,0,0.654167,1.552345,4
588c1639e4d5ecac,8,0.428571,0,0,4,3,2,6,3.0,1.75,0,0.470833,0.94087,4
002cb819a49d3be9,8,0.571429,0,0,12,3,2,5,4.0,1.75,0,0.591667,1.318669,4
2497b12432412e47,8,0.607143,0,0,12,2,3,6,4.25,1.1875,0,0.666667,1.925189,4
6baf486eb2d3afd1,8,0.535714,0,0,9,3,2,6,3.75,1.6875,0,0.558333,1.344093,4
0f1b243d99514577,8,0.392857,0,0,2,3,1,4,2.75,0.9375,0,0.208333,0.806103,4
5ae0e2f79bca91c4,8,0.392857,0,0,5,3,1,6,2.75,2.4375,0,0.595833,0.669213,4
7ac947befda6d216,8,0.714286,0,0,21,2,3,7,5.0,2.0,0,0.796429,2.881716,4
803589333734657f,8,0.392857,0,0,4,4,1,4,2.75,1.4375,0,0.333333,0.402275,4
0d2bba2179a6cbd8,8,0.392857,0,0,1,3,2,4,2.75,0.4375,0,0.104167,1.267949,4
86c89701f5d43c13,8,0.642857,0,0,11,2,3,5,4.5,0.5,0,0.5,2.778128,4
d214ad19a8c2b7b5,8,0.607143,0,0,11,2,2,6,4.25,1.1875,0,0.6125,1.812209,4
f6d0dc13be8dde10,8,0.571429,0,0,9,2,2,5,4.0,1.0,0,0.479167,1.777257,4
36427b3efc920b93,8,0.607143,0,0,15,2,2,7,4.25,2.6875,0,0.817857,1.688519,4
f1a6e6145b1fb863,8,0.464286,0,0,4,3,1,6,3.25,1.9375,0,0.316667,0.963242,4
9d55515a22859c10,8,0.678571,0,0,17,2,3,7,4.75,1.4375,0,0.688095,2.623921,4
3d041d82b605428a,8,0.571429,0,0,10,2,2,6,4.0,1.75,0,0.675,1.697224,4
577e17d143436d4a,8,0.428571,0,0,6,4,1,5,3.0,1.5,0,0.541667,0.404053,4
ede491fdb956bc3c,8,0.785714,0,0,27,2,4,7,5.5,1.0,0,0.807738,3.697224,4
5fb52ef559216402,8,0.5,0,0,9,3,1,6,3.5,2.25,0,0.6125,0.691513,4
239fb0e6ed8b4ada,8,0.607143,0,0,12,3,3,6,4.25,1.1875,0,0.595833,2.083694,4
e9a33357b3acc4c6,8,0.5,0,0,6,3,1,6,3.5,2.0,0,0.345833,0.963599,4
e3497e796031b65a,8,0.642857,0,0,14,2,3,6,4.5,1.25,0,0.658333,2.249709,4
3305240fa2d6d6f7,8,0.607143,0,0,11,2,3,6,4.25,0.6875,0,0.558333,2.230543,4
a7b6755b0de222c0,8,0.321429,0,0,1,4,1,3,2.25,0.9375,0,0.125,0.491519,4
b26839c9a9702a6e,8,0.714286,0,0,17,2,4,6,5.0,0.75,0,0.620833,3.518806,4
0e39353087a347fa,8,0.571429,0,0,9,2,3,6,4.0,1.0,0,0.5625,1.88353,4
b7c309188e7963ec,8,0.464286,0,0,3,3,2,4,3.25,0.6875,0,0.229167,1.496124,4
a83b60191beb7a94,8,0.678571,0,0,16,2,3,6,4.75,0.9375,0,0.666667,2.690126,4
3d2b6bca46fd3eaa,8,0.464286,0,0,6,3,1,5,3.25,1.4375,0,0.508333,0.66942,4
a65431446ac9175a,8,0.5,0,0,3,3,2,4,3.5,0.5,0,0.208333,1.639602,4
13e0b60f0cb26a46,8,0.5,0,0,5,3,2,5,3.5,0.75,0,0.370833,1.42534,4
40fc2f2f14e1f503,8,0.607143,0,0,12,3,2,5,4.25,0.9375,0,0.645833,1.55051,4
e1c093a32f34cc61,8,0.714286,0,0,22,2,2,7,5.0,1.75,0,0.802381,1.867363,4
226d93833a0443fe,8,0.678571,0,0,16,2,3,6,4.75,0.9375,0,0.666667,2.763932,4
45bf9f59778744fd,8,0.535714,0,0,7,2,2,5,3.75,1.4375,0,0.379167,1.697894,4
8c4eed173284fa27,8,0.642857,0,0,15,2,3,6,4.5,1.25,0,0.691667,2.001363,4
f2e33ac492639773,8,0.392857,0,0,1,3,2,4,2.75,0.4375,0,0.1875,1.030312,4
4c1d74273788595f,8,0.714286,0,0,20,2,3,6,5.0,1.0,0,0.729167,2.567732,4
a091a35b218779db,8,0.464286,0,0,3,3,2,4,3.25,0.4375,0,0.25,1.419744,4
e1f39573a1e35e01,8,0.464286,0,0,4,3,1,5,3.25,1.1875,0,0.3375,0.901012,4
4488830b61b4ed14,8,0.535714,0,0,7,2,2,5,3.75,1.4375,0,0.470833,1.713911,4
08dee8f76811824f,8,0.5,0,0,9,4,1,5,3.5,1.75,0,0.616667,0.745967,4
018125d72883d615,8,0.678571,0,0,19,2,3,7,4.75,2.4375,0,0.821429,2.763932,4
79583176fe3ad186,8,0.5,0,0,9,3,2,6,3.5,1.5,0,0.8125,0.837722,4
d0faa7a614781679,8,0.607143,0,0,12,2,3,7,4.25,1.6875,0,0.634524,2.069959,4
2137ea71fb3ca624,8,0.571429,0,0,11,2,2,7,4.0,2.0,0,0.691071,1.623921,4
7806da780af7fd28,8,0.571429,0,0,10,2,2,6,4.0,2.0,0,0.566667,1.786612,4
4e0255c0df8ddb21,8,0.607143,0,0,17,3,1,6,4.25,2.9375,0,0.720833,0.946909,4
86eea95e1debff2e,8,0.535714,0,0,6,2,2,5,3.75,0.6875,0,0.495833,1.622244,4
5c326bdc0c14a6bd,8,0.714286,0,0,18,2,4,6,5.0,0.5,0,0.666667,3.186393,4
de48e5bf44999cde,8,0.5,0,0,6,3,2,5,3.5,1.5,0,0.516667,1.364283,4
59291cd6fb395571,8,0.678571,0,0,17,2,3,7,4.75,1.1875,0,0.692262,2.620122,4
b8e648d98a427a86,8,0.642857,0,0,14,3,3,6,4.5,1.0,0,0.658333,2.090235,4
4531cdb372c0c087,8,0.5,0,0,4,2,3,5,3.5,0.5,0,0.35,1.769454,4
ff399745d2f4f68c,8,0.714286,0,0,20,2,3,7,5.0,1.25,0,0.752381,2.585786,4
ac3011e62233b529,8,0.607143,0,0,11,2,3,6,4.25,0.9375,0,0.5375,2.253931,4
35716d7e205deca7,8,0.607143,0,0,12,3,2,6,4.25,1.1875,0,0.666667,1.599279,4
4a1054837c8c6bd3,8,0.5,0,0,9,3,2,5,3.5,1.0,0,0.783333,0.612607,4
c40df0a1f78e48b9,8,0.535714,0,0,6,2,3,5,3.75,0.6875,0,0.433333,1.910797,4
e0637668aef7b61f,8,0.571429,0,0,13,3,1,6,4.0,2.25,0,0.65,0.823333,4
df21c1571e0868aa,8,0.642857,0,0,16,2,2,7,4.5,2.25,0,0.74881,1.941787,4
0449ee1605ff7f7c,8,0.607143,0,0,9,2,3,6,4.25,0.6875,0,0.483333,2.441562,4
d7b831e80c6ab861,8,0.607143,0,0,11,2,3,6,4.25,0.9375,0,0.604167,2.267949,4
41e46569c875e3e8,8,0.5,0,0,6,3,2,5,3.5,1.0,0,0.591667,1.198034,4
964baae4e49b49a4,8,0.75,0,0,23,2,3,6,5.25,0.9375,0,0.7375,2.826802,4
6dfd1062a71b5cf4,8,0.535714,0,0,7,2,2,5,3.75,1.1875,0,0.554167,1.708612,4
12cf1ba79864c6f9,8,0.714286,0,0,18,2,4,6,5.0,0.5,0,0.654167,3.21689,4
672bb0058a63a917,8,0.5,0,0,5,3,2,5,3.5,0.75,0,0.383333,1.475662,4
53f745a46be4957e,8,0.571429,0,0,7,3,2,5,4.0,0.75,0,0.370833,1.751973,4
d07496ddfb133b01,8,0.714286,0,0,18,2,4,6,5.0,0.75,0,0.625,3.48342,4
2a5e3a3c4c067db1,8,0.607143,0,0,15,2,2,6,4.25,2.1875,0,0.8125,1.807418,4
c026cd9cfbc9bd68,8,0.571429,0,0,9,2,2,6,4.0,1.5,0,0.5875,1.816683,4
30c57a67ecd06a5b,8,0.607143,0,0,12,2,2,6,4.25,1.4375,0,0.545833,1.86407,4
2d33046b6ecf0689,8,0.75,0,0,22,2,4,7,5.25,0.9375,0,0.729167,3.371349,4
654354f227264fe2,8,0.75,0,0,25,2,3,7,5.25,1.6875,0,0.841667,2.731185,4
3410c8b144ffc01c,8,0.607143,0,0,11,3,2,5,4.25,1.1875,0,0.616667,1.66706,4
d1932ef0b94d17ba,8,0.571429,0,0,9,2,2,6,4.0,1.25,0,0.4875,1.783477,4
5d60091ea6249e8e,8,0.464286,0,0,5,3,1,4,3.25,1.1875,0,0.458333,0.802019,4
04e1fd42e1d4ef89,8,0.607143,0,0,11,2,3,6,4.25,0.9375,0,0.604167,2.073024,4
00438b64782070fa,8,0.535714,0,0,10,3,1,6,3.75,2.4375,0,0.595833,0.958126,4
aecd34ec5a4d6a16,8,0.642857,0,0,12,2,3,6,4.5,1.0,0,0.541667,2.620488,4
fd4d781b3651fda2,8,0.714286,0,0,17,2,4,6,5.0,0.5,0,0.616667,3.580226,4
37a60661bce5a9a1,8,0.464286,0,0,5,3,1,5,3.25,1.6875,0,0.4625,0.874946,4
b38182bb8641e257,8,0.642857,0,0,17,2,2,7,4.5,2.25,0,0.815476,1.805737,4
d40b9baa00d6f8b6,8,0.5,0,0,8,3,2,6,3.5,2.0,0,0.758333,1.147042,4
f2f392081c3ea38b,8,0.607143,0,0,12,2,3,6,4.25,0.9375,0,0.6125,1.969994,4
7df1ba92ffefa706,8,0.607143,0,0,11,2,3,6,4.25,0.9375,0,0.591667,2.299446,4
a31a4f8573e77b97,8,0.5,0,0,8,2,1,7,3.5,2.75,0,0.583333,1.0,4
37b7fa963bdb631e,8,0.535714,0,0,6,3,2,5,3.75,0.9375,0,0.3125,1.636428,4
2b9fab56b45e0b09,8,0.714286,0,0,18,2,4,7,5.0,1.0,0,0.660714,3.422775,4
20f32f7e81a07f82,8,0.535714,0,0,6,2,3,4,3.75,0.1875,0,0.416667,1.856136,4
283a11dbd42c0398,8,0.607143,0,0,11,2,3,6,4.25,0.9375,0,0.558333,2.488077,4
8c19daeff3e2cbf4,8,0.607143,0,0,14,2,2,7,4.25,2.4375,0,0.784524,1.708161,4
8e50b9fc59c266ac,8,0.5,0,0,6,2,2,6,3.5,1.75,0,0.483333,1.576069,4
76c7d2411be53a9f,8,0.571429,0,0,8,2,3,5,4.0,0.5,0,0.504167,2.157339,4
d1e9924b96b7ac15,8,0.535714,0,0,11,3,1,6,3.75,2.9375,0,0.675,0.897646,4
5dd86ba2d089cdfe,8,0.642857,0,0,13,2,3,6,4.5,0.75,0,0.579167,2.590737,4
f51d8261337d7b87,8,0.607143,0,0,8,2,4,5,4.25,0.1875,0,0.425,2.946623,4
280bf53141631e01,8,0.75,0,0,26,2,2,7,5.25,1.9375,0,0.845833,1.948626,4
80be5e830cb8aa0d,8,0.607143,0,0,11,2,3,6,4.25,0.6875,0,0.5875,2.144227,4
1d19481c44e0b4db,8,0.5,0,0,8,3,1,5,3.5,1.75,0,0.504167,0.676596,4
b1f905e4445581b7,8,0.607143,0,0,14,3,1,6,4.25,2.1875,0,0.604167,0.963683,4
ddb55f3d4b743194,8,0.714286,0,0,22,2,3,7,5.0,1.5,0,0.831548,2.318669,4
25266bec945f0f6e,8,0.678571,0,0,18,2,3,7,4.75,1.6875,0,0.750595,2.500702,4
c66da6bab039496d,8,0.607143,0,0,12,2,3,6,4.25,0.9375,0,0.583333,2.30331,4
8e55ed6fb29cfe4a,8,0.607143,0,0,13,2,2,6,4.25,2.1875,0,0.720833,1.859487,4
7171c489618e3855,8,0.714286,0,0,18,2,4,6,5.0,0.75,0,0.675,3.10878,4
553871f8ef241ee9,8,0.607143,0,0,10,2,3,6,4.25,0.9375,0,0.5125,2.443321,4
87974bcdb8e34183,8,0.535714,0,0,7,2,2,6,3.75,1.4375,0,0.541667,1.730646,4
519657cee509934f,8,0.607143,0,0,12,2,2,6,4.25,1.1875,0,0.65,1.664173,4
3f8126eb9e1bc9c5,8,0.678571,0,0,18,2,3,6,4.75,1.6875,0,0.775,2.763932,4
8056c03bd419fd0f,8,0.464286,0,0,2,2,2,5,3.25,0.6875,0,0.254167,1.623329,4
1285bbc4c8a0c7ad,8,0.75,0,0,21,2,4,6,5.25,0.4375,0,0.679167,3.76679,4
2a66f781431fd2c7,8,0.5,0,0,5,2,2,5,3.5,1.25,0,0.333333,1.536071,4
6a135b842af85803,8,0.678571,0,0,16,2,3,6,4.75,0.9375,0,0.6,2.808831,4
255f3640ec8aa6f7,8,0.535714,0,0,6,3,2,5,3.75,0.9375,0,0.454167,1.657885,4
41aaf1a49b2551f7,8,0.535714,0,0,8,3,2,6,3.75,1.4375,0,0.608333,1.499494,4
3991e3f0954a6fa0,8,0.571429,0,0,7,3,3,5,4.0,0.75,0,0.408333,1.966384,4
208986e624e53871,8,0.75,0,0,23,2,4,6,5.25,0.9375,0,0.75,3.186393,4
3ee051330bff29a2,8,0.75,0,0,22,2,4,6,5.25,0.6875,0,0.704167,3.523653,4
2a08be65333a9fb8,8,0.607143,0,0,11,3,3,6,4.25,0.9375,0,0.579167,2.08993,4
7e1c8f383edb6e5d,8,0.428571,0,0,3,3,2,5,3.0,1.0,0,0.358333,1.006874,4
d0fca2d5de6d707d,8,0.464286,0,0,7,2,1,7,3.25,2.9375,0,0.681548,1.0,3
3b0c0f27dcd31c0b,8,0.714286,0,0,18,2,4,6,5.0,0.5,0,0.641667,3.403845,4
935c3bf0acc6ee93,8,0.607143,0,0,11,2,3,5,4.25,0.6875,0,0.575,1.938983,4
a40f77edc5ab2f71,8,0.571429,0,0,9,2,2,6,4.0,1.25,0,0.479167,1.785272,4
126a393092b946ea,8,0.607143,0,0,14,3,2,6,4.25,2.1875,0,0.758333,1.573829,4
de20682a4fcddb33,8,0.642857,0,0,16,2,3,7,4.5,2.25,0,0.79881,2.226613,4
243ae6e768470f1c,8,0.535714,0,0,9,2,2,6,3.75,1.9375,0,0.6125,1.661425,4
8d43f2f65ecd27ea,8,0.607143,0,0,11,2,2,6,4.25,1.4375,0,0.625,1.810354,4
186ce9522ef1ff1d,8,0.535714,0,0,7,2,2,5,3.75,1.1875,0,0.529167,1.622244,4
6198884e0d3885a8,8,0.607143,0,0,12,2,3,6,4.25,1.4375,0,0.645833,2.322777,4
a6a64ec065081bc4,8,0.607143,0,0,11,2,3,5,4.25,0.6875,0,0.616667,2.16034,4
e6c37c6e4760d03e,8,0.5,0,0,4,2,2,5,3.5,0.75,0,0.2875,1.755866,4
32d6e97bd2cfc3f5,8,0.5,0,0,7,2,2,7,3.5,2.25,0,0.666667,1.622797,4
c0fba6b075d3b122,8,0.607143,0,0,10,2,3,5,4.25,0.4375,0,0.504167,2.438447,4
c21d1ae83b139d54,8,0.714286,0,0,17,2,4,6,5.0,0.5,0,0.629167,3.523653,4
900528dce56f51ac,8,0.678571,0,0,17,2,3,6,4.75,1.1875,0,0.716667,2.529731,4
b60ebf18c9352423,8,0.464286,0,0,3,3,2,4,3.25,0.4375,0,0.395833,1.0,4
8dd9d563897fd704,8,0.571429,0,0,8,2,3,5,4.0,0.5,0,0.479167,2.057905,4
48be43ca25b410e3,8,0.607143,0,0,13,2,2,7,4.25,2.1875,0,0.722024,1.830685,4
88729e879f29a077,8,0.75,0,0,21,2,4,6,5.25,0.6875,0,0.7,3.607244,4
c5460333debcbf9f,8,0.714286,0,0,18,2,4,6,5.0,0.75,0,0.625,3.48342,4
7713ea9d63c724be,8,0.607143,0,0,14,2,2,6,4.25,1.9375,0,0.65,1.771365,4
24e2f8bdb73d30c0,8,0.571429,0,0,11,3,2,6,4.0,1.75,0,0.704167,1.440016,4
d20471e361e3b401,8,0.571429,0,0,9,2,2,5,4.0,1.0,0,0.6,1.72544,4
fa4987b8c5d7ed1f,8,0.785714,0,0,26,2,4,7,5.5,0.75,0,0.776786,3.665799,4
d9f152c1a51c1f14,8,0.642857,0,0,14,2,3,6,4.5,1.0,0,0.625,2.622467,4
4840d4e6c62d93e0,8,0.714286,0,0,20,2,3,7,5.0,1.5,0,0.731548,2.8674,4
b725f939ad03091e,8,0.714286,0,0,21,2,3,7,5.0,1.5,0,0.756548,2.636752,4
ed3ab173390af2f8,8,0.607143,0,0,12,3,3,6,4.25,1.1875,0,0.616667,1.867363,4
83d776cb11c55677,8,0.607143,0,0,12,2,2,6,4.25,1.9375,0,0.6625,1.877438,4
d14132c9e58a60be,8,0.607143,0,0,14,2,2,7,4.25,1.9375,0,0.755357,1.442388,4
caeba19c466e29aa,8,0.5,0,0,7,3,1,5,3.5,1.5,0,0.458333,0.671803,4
59328f0d9057a0e8,8,0.607143,0,0,8,2,3,5,4.25,0.4375,0,0.375,2.774384,4
bbbb636c27a9c1af,8,0.5,0,0,5,2,2,5,3.5,1.0,0,0.441667,1.714441,4
1551bf0688e65fed,8,0.607143,0,0,10,2,2,5,4.25,0.9375,0,0.466667,1.89352,4
89c75c97bc514fb6,8,0.75,0,0,22,2,3,6,5.25,0.9375,0,0.716667,2.91387,4
8f2dacf167f7cb5d,8,0.75,0,0,23,2,4,7,5.25,0.9375,0,0.775,3.139194,4
cb4d6558a9969aba,8,0.571429,0,0,9,2,2,6,4.0,1.5,0,0.470833,1.79401,4
28598bb69bcc7582,8,0.642857,0,0,13,2,3,6,4.5,0.75,0,0.608333,2.524131,4
083077573b1732e0,8,0.785714,0,0,26,2,4,7,5.5,1.0,0,0.774405,3.78568,4
0139a80dde09b976,8,0.821429,0,0,31,2,4,7,5.75,1.1875,0,0.848214,3.829914,4
992d0862646bd585,8,0.642857,0,0,11,2,4,5,4.5,0.25,0,0.520833,3.052186,4
dd7e10ccd9e3e77b,8,0.535714,0,0,10,3,1,5,3.75,2.1875,0,0.5875,0.888544,4
30d16b44df5c327d,8,0.642857,0,0,14,2,3,7,4.5,1.25,0,0.67381,2.585786,4
44d69d199f496b26,8,0.714286,0,0,19,2,3,6,5.0,0.75,0,0.6875,2.692546,4
b7e6fa12419b757a,8,0.714286,0,0,20,2,3,6,5.0,1.0,0,0.729167,2.567732,4
e9a30f36ec6b62a7,8,0.714286,0,0,16,2,4,6,5.0,0.25,0,0.575,4.0,4
6f994b5e6b61505e,8,0.75,0,0,22,2,4,7,5.25,0.6875,0,0.733333,3.585786,4
924b3e3afd1efbf7,8,0.678571,0,0,17,2,2,6,4.75,1.1875,0,0.591667,1.899568,4
6ecefa04c3c5737e,8,0.571429,0,0,9,2,3,5,4.0,0.5,0,0.541667,1.895761,4
6a10cc7fe1501ae1,8,0.785714,0,0,25,2,5,7,5.5,0.5,0,0.747619,4.198062,4
1e6f7a54fd6123d8,8,0.821429,0,0,30,2,5,7,5.75,0.6875,0,0.815476,4.267949,4
853101cdf7949c94,8,0.607143,0,0,13,3,2,6,4.25,1.4375,0,0.716667,1.534537,4
6df958d9b8219d42,8,0.75,0,0,23,2,4,7,5.25,1.1875,0,0.75,3.340321,4
f8eb4deedb6a40c0,8,0.75,0,0,23,2,3,7,5.25,1.1875,0,0.7375,2.903493,4
7bf582e7b84c1732,8,0.642857,0,0,12,2,3,6,4.5,0.75,0,0.579167,2.612355,4
1695a315b1d0dc67,8,0.464286,0,0,5,3,1,5,3.25,1.4375,0,0.4625,0.882863,4
1a4c64e9d573d130,8,0.75,0,0,21,2,4,6,5.25,0.4375,0,0.691667,3.63766,4
71894db953464aa3,8,0.714286,0,0,19,2,3,6,5.0,0.75,0,0.725,2.638531,4
055a6964513b0091,8,0.75,0,0,25,2,3,7,5.25,1.4375,0,0.8375,2.585786,4
8d84a4dc34a86df2,8,0.678571,0,0,18,2,2,7,4.75,1.9375,0,0.754762,1.942213,4
450421db3ce94d1c,8,0.642857,0,0,13,2,3,6,4.5,1.25,0,0.6125,2.684754,4
2409c9d136007997,8,0.678571,0,0,17,2,3,7,4.75,1.4375,0,0.738095,2.585786,4
ca137c6b8b9fb5e6,8,0.5,0,0,5,2,3,5,3.5,0.75,0,0.391667,1.871581,4
601a9682bb9be7e4,8,0.571429,0,0,11,2,2,7,4.0,2.25,0,0.720238,1.676596,4
c7fafbdbe814e7b4,8,0.5,0,0,6,3,2,5,3.5,1.25,0,0.579167,1.182216,4
da1123b444aa66d0,8,0.535714,0,0,7,3,2,5,3.75,1.1875,0,0.383333,1.48734,4
6ce31f7bef899431,8,0.642857,0,0,12,2,3,6,4.5,0.75,0,0.566667,2.398321,4
8cfdc548f9184c4a,8,0.678571,0,0,17,2,3,6,4.75,1.1875,0,0.670833,2.438447,4
232d0e93019ce596,8,0.642857,0,0,13,2,3,6,4.5,1.0,0,0.570833,2.742472,4
aa52915dec4abe13,8,0.678571,0,0,18,2,3,7,4.75,1.4375,0,0.771429,2.279258,4
e8efc43d7594082c,8,0.642857,0,0,13,2,3,6,4.5,0.75,0,0.616667,2.421136,4
a37e78fbb4fbee83,8,0.642857,0,0,15,2,3,7,4.5,2.25,0,0.727976,2.500702,4
a400bdb81aeedb95,8,0.642857,0,0,14,2,3,6,4.5,1.25,0,0.658333,2.249709,4
3819bae0f2725210,8,0.642857,0,0,15,2,2,7,4.5,2.25,0,0.715476,1.948626,4
f60775ea18d4c1df,8,0.678571,0,0,15,2,3,6,4.75,0.9375,0,0.55,2.875115,4
efab29fd2049e356,8,0.642857,0,0,12,2,3,5,4.5,0.5,0,0.55,2.354249,4
0acc74e66b6b13e8,8,0.678571,0,0,15,2,3,6,4.75,0.9375,0,0.591667,2.865099,4
65467846e9e44ad4,8,0.714286,0,0,19,2,3,6,5.0,1.0,0,0.654167,2.875115,4
da0bcd90dde56f20,8,0.5,0,0,6,3,2,5,3.5,1.0,0,0.5375,1.228697,4
d38b5f29b96c2989,8,0.607143,0,0,11,2,3,6,4.25,1.1875,0,0.520833,2.141463,4
eb44fa3d3c8554b1,8,0.714286,0,0,19,2,4,6,5.0,0.75,0,0.708333,2.933564,4
412e245c2f635ee6,8,0.678571,0,0,16,2,4,6,4.75,0.6875,0,0.658333,2.926925,4
6cd4b3d9a51f2d41,8,0.571429,0,0,9,3,2,5,4.0,1.0,0,0.583333,1.590565,4
352d47b74d82f7cb,8,0.571429,0,0,8,2,3,6,4.0,1.0,0,0.508333,2.045685,4
e9e283d73afdad11,8,0.642857,0,0,11,2,4,5,4.5,0.25,0,0.504167,3.267949,4
9e0cc9ae77978e27,8,0.571429,0,0,10,2,2,6,4.0,1.25,0,0.666667,1.621051,4
0a7275f89cfa75ff,8,0.678571,0,0,18,2,3,7,4.75,1.6875,0,0.738095,2.451596,4
2f1e409a559e2f3d,8,0.821429,0,0,30,2,4,7,5.75,0.6875,0,0.811905,3.829914,4
bdf190b190157ea3,8,0.714286,0,0,19,2,3,6,5.0,1.0,0,0.683333,2.676596,4
801c7b5b53b15092,8,0.607143,0,0,10,2,3,5,4.25,0.6875,0,0.495833,2.386229,4
d8f77930627f9c6c,8,0.5,0,0,8,4,1,5,3.5,1.5,0,0.5125,0.660422,4
68e284d4a14be150,8,0.75,0,0,20,2,5,6,5.25,0.1875,0,0.666667,4.152241,4
4d849e1a1f03d20e,8,0.75,0,0,24,2,3,7,5.25,1.4375,0,0.795833,2.738198,4
e809e3782eb2070d,8,0.678571,0,0,16,2,3,6,4.75,1.1875,0,0.641667,2.511489,4
9a5108cff476cfdc,8,0.821429,0,0,28,2,5,6,5.75,0.1875,0,0.758333,5.0,4
44c4e6bf849b8f1a,8,0.535714,0,0,6,2,3,5,3.75,0.4375,0,0.404167,2.019331,4
f7719fc168c06244,8,0.571429,0,0,12,2,2,7,4.0,2.75,0,0.820238,1.70354,4
767c2ab968d2d6b8,8,0.821429,0,0,31,2,4,7,5.75,0.9375,0,0.84881,3.697224,4
646c39f021a5503f,8,0.607143,0,0,15,3,2,6,4.25,2.4375,0,0.808333,1.538315,4
b222c5a814c6c700,8,0.785714,0,0,26,2,4,7,5.5,0.75,0,0.785119,3.518806,4
209e83ddedf20b15,8,0.642857,0,0,12,2,3,6,4.5,0.75,0,0.520833,2.783531,4
84582261e8a375af,8,0.5,0,0,7,3,2,5,3.5,1.5,0,0.6625,1.194958,4
7dda41fcc246b83f,8,0.571429,0,0,7,2,3,5,4.0,0.5,0,0.420833,2.484386,4
52cf8bfda01cb35a,8,0.642857,0,0,14,2,3,6,4.5,1.25,0,0.658333,2.258148,4
61578f7b892f0442,8,0.607143,0,0,13,3,3,6,4.25,1.1875,0,0.7,1.677444,4
ef595f4caf9111e1,8,0.75,0,0,23,2,4,7,5.25,0.9375,0,0.745833,3.585786,4
10120ef12c3c15fa,8,0.607143,0,0,13,2,3,7,4.25,2.1875,0,0.722024,2.110533,4
5e09ded2ffe0f6dc,8,0.5,0,0,6,3,2,6,3.5,1.5,0,0.479167,1.365367,4
b76200f04fc0e789,8,0.607143,0,0,13,2,3,6,4.25,1.1875,0,0.620833,2.129241,4
fb2e9935b9d43c3a,8,0.678571,0,0,16,2,3,6,4.75,0.9375,0,0.645833,2.662914,4
fd73f6cb35dd25b4,8,0.642857,0,0,13,2,3,6,4.5,1.0,0,0.570833,2.517977,4
8c3c1a0bc0de6ed3,8,0.535714,0,0,6,2,3,6,3.75,0.9375,0,0.4375,2.024043,4
b2dc6bc434489d17,8,0.785714,0,0,25,2,4,7,5.5,0.75,0,0.751786,3.829914,4
c5f0481028621786,8,0.607143,0,0,10,3,3,5,4.25,0.6875,0,0.525,2.076091,4
8a815e1d236cc5b3,8,0.678571,0,0,19,2,3,7,4.75,2.1875,0,0.813095,2.318669,4
6c5b674cd164065a,8,0.642857,0,0,15,2,2,7,4.5,2.0,0,0.719643,1.942094,4
963fc7dc922e5513,8,0.714286,0,0,19,2,3,7,5.0,1.25,0,0.681548,2.738198,4
08e99e3eebcaef2e,8,0.642857,0,0,14,2,3,6,4.5,1.25,0,0.679167,2.23989,4
fe9700d02a82aac1,8,0.642857,0,0,14,2,3,6,4.5,1.0,0,0.6875,2.144227,4
95bd9e0e901038c2,8,0.678571,0,0,15,2,4,6,4.75,0.4375,0,0.608333,3.267949,4
e409226444ecd6d7,8,0.607143,0,0,12,2,2,6,4.25,1.4375,0,0.6625,1.671849,4
de523edbfddfa0e2,8,0.714286,0,0,19,2,4,7,5.0,1.0,0,0.702381,3.585786,4
449caa1437e55013,8,0.75,0,0,23,2,4,7,5.25,1.1875,0,0.7625,3.585786,4
a03938ddb740f0bf,8,0.714286,0,0,20,2,3,7,5.0,1.5,0,0.731548,2.8674,4
152b6dc82fb2cfef,8,0.642857,0,0,15,2,3,7,4.5,2.0,0,0.727976,2.585786,4
de7f9eb7e8edeebf,8,0.714286,0,0,20,2,3,7,5.0,1.25,0,0.719048,2.817481,4
35c2482a3bbaf034,8,0.678571,0,0,14,2,3,6,4.75,0.6875,0,0.554167,2.875115,4
d409644ce6dc2f76,8,0.714286,0,0,19,2,4,7,5.0,1.25,0,0.727381,3.0,4
fc4e02f6deb6f506,8,0.714286,0,0,17,2,4,6,5.0,0.5,0,0.625,3.358814,4
cf0aadfb46082a82,8,0.607143,0,0,11,2,3,5,4.25,0.4375,0,0.5875,2.194873,4
ea2fedfdf3725cfd,8,0.714286,0,0,18,2,4,6,5.0,0.5,0,0.654167,3.518806,4
9d144a928a2c6ac4,8,0.642857,0,0,13,2,2,5,4.5,1.0,0,0.5125,1.899568,4
1dad1c67b3fb1ad3,8,0.714286,0,0,22,2,2,7,5.0,2.0,0,0.802381,1.942972,4
a714068990f434c7,8,0.75,0,0,23,2,4,7,5.25,0.9375,0,0.745833,3.585786,4
ffc287d128162dc1,8,0.607143,0,0,15,2,2,6,4.25,2.6875,0,0.816667,1.807418,4
75870104044b78bb,8,0.678571,0,0,17,2,4,7,4.75,1.1875,0,0.713095,2.822398,4
8d6af5b8d5a1405c,8,0.75,0,0,22,2,4,6,5.25,0.6875,0,0.691667,3.657077,4
babcf309ecdab6cf,8,0.642857,0,0,12,2,3,6,4.5,0.75,0,0.558333,2.748691,4
d24f758b202832ee,8,0.642857,0,0,13,2,3,6,4.5,1.0,0,0.645833,2.283394,4
d07d3dd8fffda7bd,8,0.607143,0,0,11,2,3,6,4.25,1.4375,0,0.575,2.453257,4
cef72a4e3f9b9756,8,0.75,0,0,22,2,4,7,5.25,0.9375,0,0.729167,3.371349,4
cd2495de9eac80e6,8,0.75,0,0,26,2,2,6,5.25,1.6875,0,0.716667,1.945204,4
cefc1ff2d7822876,8,0.714286,0,0,25,3,1,6,5.0,2.5,0,0.7375,0.965958,4
e901d861ce67f16e,8,0.607143,0,0,11,2,3,6,4.25,0.9375,0,0.5625,2.357111,4
9b7ee6d14bda78c2,8,0.714286,0,0,24,2,2,7,5.0,2.5,0,0.869048,1.927523,4
5e78b98df465596a,8,0.714286,0,0,20,2,3,6,5.0,1.0,0,0.741667,2.567732,4
daa2a65a59d821b2,8,0.642857,0,0,12,2,3,6,4.5,0.75,0,0.541667,2.612355,4
682e450469fdbe16,8,0.714286,0,0,21,2,3,7,5.0,2.0,0,0.796429,2.881716,4
14284fbdd8ee2299,8,0.785714,0,0,28,2,4,7,5.5,1.25,0,0.853571,3.186393,4
1f1e16f01ba091a5,8,0.75,0,0,24,2,3,7,5.25,1.4375,0,0.8,2.818057,4
6b6077fe8e49fd7e,8,0.714286,0,0,21,2,2,6,5.0,1.75,0,0.6625,2.0,4
771c500588bcae4d,8,0.75,0,0,24,2,3,7,5.25,1.4375,0,0.804167,2.763932,4
1475fdf124e9b635,8,0.607143,0,0,12,2,3,6,4.25,0.9375,0,0.633333,2.11932,4
cbf1e0f14dcf9ffa,8,0.785714,0,0,27,2,4,7,5.5,1.25,0,0.807738,3.438447,4
abc8c14d5a5ac965,8,0.642857,0,0,16,2,3,7,4.5,1.5,0,0.78631,1.91387,4
09c16a8c66d28de0,8,0.642857,0,0,17,2,2,7,4.5,2.75,0,0.82381,1.924059,4
2fdfa6c712e9adb7,8,0.857143,0,0,35,2,5,7,6.0,0.75,0,0.870238,4.381966,4
643d03e4c1b7deb1,8,0.571429,0,0,13,3,1,6,4.0,2.25,0,0.666667,0.897286,4
ac445b5d2f9107e4,8,0.785714,0,0,26,2,4,7,5.5,0.75,0,0.789286,3.585786,4
47bc438051eebde0,8,0.75,0,0,21,2,4,7,5.25,0.6875,0,0.6875,3.771672,4
2ee75e44f2fc76e9,8,0.642857,0,0,15,3,2,6,4.5,1.75,0,0.654167,1.812289,4
502989b3f3efad52,8,0.535714,0,0,9,3,1,5,3.75,1.6875,0,0.454167,0.817553,4
22bd23b934861fd0,8,0.857143,0,0,34,2,5,7,6.0,0.5,0,0.844048,4.585786,4
3d95521a648b2848,8,0.607143,0,0,9,2,3,5,4.25,0.4375,0,0.466667,2.501106,4
27f605af9718497b,8,0.75,0,0,23,2,4,7,5.25,1.1875,0,0.770833,3.585786,4
0f6c72f5887cf6ba,8,0.642857,0,0,15,2,3,7,4.5,1.5,0,0.690476,2.208712,4
bd766e934bbd5928,8,0.678571,0,0,19,2,2,6,4.75,1.6875,0,0.658333,1.831695,4
4ff95bc9b048b832,8,0.5,0,0,8,3,1,5,3.5,2.0,0,0.591667,0.89331,4
2bc4feb0ca1097b3,8,0.785714,0,0,27,2,4,7,5.5,1.0,0,0.810119,3.371349,4
0da47a05045ff653,8,0.714286,0,0,18,2,4,7,5.0,1.0,0,0.648214,3.340321,4
249ac54817b12cd3,8,0.678571,0,0,16,2,4,7,4.75,0.9375,0,0.663095,3.068148,4
1d28d87ab8ce65f6,8,0.535714,0,0,7,3,2,5,3.75,0.9375,0,0.433333,1.425365,4
26e8529924cd5bad,8,0.785714,0,0,28,2,4,7,5.5,1.25,0,0.836905,3.267949,4
e212d227271f40bb,8,0.678571,0,0,14,2,4,6,4.75,0.4375,0,0.583333,3.063935,4
aad909a6539e464d,8,0.821429,0,0,30,2,5,7,5.75,0.6875,0,0.815476,4.267949,4
e66f774c62d309d8,8,0.821429,0,0,30,2,4,7,5.75,0.6875,0,0.811905,3.829914,4
17f4e54d3d56ce09,8,0.678571,0,0,15,2,3,6,4.75,0.6875,0,0.583333,2.676596,4
f53403c428cdff1a,8,0.678571,0,0,16,2,3,6,4.75,0.9375,0,0.670833,2.526004,4
25020ab4beec45ce,8,0.714286,0,0,20,2,3,7,5.0,1.25,0,0.756548,2.670969,4
2c9034deca43e8d2,8,0.535714,0,0,7,2,3,5,3.75,0.6875,0,0.516667,1.630587,4
725306c49e8d19e8,8,0.714286,0,0,19,2,3,6,5.0,1.0,0,0.6875,2.718092,4
c90c62b42a4cd898,8,0.678571,0,0,19,2,3,7,4.75,1.9375,0,0.817262,2.262686,4
d319509e759ef886,8,0.714286,0,0,19,2,3,6,5.0,1.0,0,0.7,2.731185,4
5b9029ddf38d2c8a,8,0.821429,0,0,29,2,5,7,5.75,0.4375,0,0.791071,4.381966,4
21be1638fddf6c0b,8,0.821429,0,0,29,2,5,7,5.75,0.4375,0,0.782738,4.585786,4
de437cb73b1e96c4,8,0.714286,0,0,21,2,3,7,5.0,1.75,0,0.764881,2.716501,4
8b42fbecee6eb2f4,8,0.785714,0,0,26,2,4,7,5.5,1.0,0,0.776786,3.697224,4
3799401c92b81540,8,0.678571,0,0,15,2,4,6,4.75,0.4375,0,0.6375,2.814757,4
27a4dfcede89969a,8,0.821429,0,0,31,2,4,7,5.75,0.9375,0,0.83631,3.78568,4
b59eda7b985f5f22,8,0.642857,0,0,16,2,3,7,4.5,1.5,0,0.727976,2.130065,4
738619dba0eabc89,8,0.75,0,0,22,2,4,7,5.25,0.6875,0,0.733333,3.422775,4
359ce7dc132cb115,8,0.714286,0,0,19,2,4,7,5.0,1.25,0,0.706548,3.224287,4
84b41e9d3a2d0191,8,0.535714,0,0,8,3,1,6,3.75,1.9375,0,0.479167,0.963369,4
c614dd58c0eff32a,8,0.678571,0,0,17,2,3,6,4.75,0.9375,0,0.720833,2.330921,4
aa8bc7739aa5776a,8,0.678571,0,0,18,2,3,7,4.75,1.6875,0,0.733929,2.374891,4
64c4316cfbc8ff96,8,0.678571,0,0,17,2,3,6,4.75,1.4375,0,0.7125,2.714264,4
7b7bff41f6351ba4,8,0.642857,0,0,13,2,3,6,4.5,0.75,0,0.625,2.314456,4
f98c54b31255df38,8,0.607143,0,0,9,2,3,6,4.25,0.6875,0,0.429167,2.717006,4
b82407e63392186e,8,0.678571,0,0,16,2,3,6,4.75,0.9375,0,0.691667,2.63523,4
04bc948c9a705648,8,0.785714,0,0,26,2,4,7,5.5,0.75,0,0.785119,3.518806,4
aa003b85e69d9c9f,8,0.571429,0,0,11,2,2,7,4.0,2.5,0,0.711905,1.739922,4
70445e074f3cdd69,8,0.75,0,0,20,2,5,6,5.25,0.1875,0,0.666667,4.152241,4
964f5e3252791308,8,0.75,0,0,22,2,4,7,5.25,0.9375,0,0.720833,3.585786,4
319e5c37c6f62ed8,8,0.75,0,0,23,2,3,6,5.25,0.9375,0,0.775,2.763932,4
23a84a3cf84e818f,8,0.785714,0,0,26,2,4,7,5.5,0.75,0,0.764286,3.771672,4
67c6d9a587485b76,8,0.642857,0,0,12,2,3,6,4.5,0.75,0,0.529167,2.784373,4
f5514a23ad3a486f,8,0.607143,0,0,11,2,3,5,4.25,0.4375,0,0.5875,2.237487,4
80eb7bd85d6b4c62,8,0.642857,0,0,13,2,3,6,4.5,0.75,0,0.5875,2.397594,4
00e5eab6f0097dec,8,0.678571,0,0,15,2,3,6,4.75,0.6875,0,0.620833,2.664708,4
1823e26d17418712,8,0.75,0,0,25,2,3,7,5.25,1.4375,0,0.791667,2.686357,4
d29b1eebbada03ae,8,0.678571,0,0,13,2,4,6,4.75,0.4375,0,0.5375,3.314456,4
b94d563e4b7ab99a,8,0.678571,0,0,19,2,2,7,4.75,2.1875,0,0.796429,1.942109,4
f7d23bd7a356c569,8,0.678571,0,0,17,2,3,7,4.75,1.4375,0,0.700595,2.763932,4
34644c4d4920c4b2,8,0.607143,0,0,11,3,3,6,4.25,0.9375,0,0.570833,2.05908,4
d0b39ef623f80e54,8,0.5,0,0,8,3,1,5,3.5,1.75,0,0.470833,0.803302,4
c3268afb9465649d,8,0.785714,0,0,28,2,3,7,5.5,1.25,0,0.839286,2.835752,4
cef4ce485d51cf46,8,0.678571,0,0,19,2,3,7,4.75,2.1875,0,0.813095,2.492981,4
d1c2a1664deff1a3,8,0.642857,0,0,14,2,3,7,4.5,1.5,0,0.652976,2.585786,4
149f9ccbc81d90f3,8,0.678571,0,0,17,3,2,6,4.75,1.4375,0,0.5875,1.858664,4
722bf94c50a236bf,8,0.892857,0,0,40,2,5,7,6.25,0.6875,0,0.911905,4.585786,4
b93d9b5ab6d01fd2,8,0.785714,0,0,27,2,4,7,5.5,1.0,0,0.807738,3.697224,4
7ec0a13ef47fc879,8,0.75,0,0,23,2,4,7,5.25,1.1875,0,0.770833,3.585786,4
8943e263fedc11b8,8,0.714286,0,0,21,2,3,6,5.0,1.25,0,0.754167,2.496181,4
3bc0e00f2771358c,8,0.821429,0,0,30,2,5,7,5.75,0.6875,0,0.815476,4.267949,4
a1718463b6cb0d38,8,0.785714,0,0,26,2,4,7,5.5,0.75,0,0.776786,3.665799,4
8fe676a6df8b40cb,8,0.642857,0,0,16,3,3,6,4.5,1.25,0,0.783333,1.792597,4
657d9921efea1c32,8,0.892857,0,0,39,2,5,7,6.25,0.4375,0,0.883929,5.0,4
dc22f640051acf46,8,0.75,0,0,21,2,4,6,5.25,0.4375,0,0.691667,3.657077,4
6733998f013e5166,8,0.714286,0,0,22,2,2,7,5.0,1.75,0,0.802381,1.867363,4
aceca616c8604bff,8,0.821429,0,0,31,2,4,7,5.75,0.9375,0,0.84881,3.697224,4
c3ad24a521152e40,8,0.678571,0,0,17,2,3,7,4.75,1.1875,0,0.729762,2.585786,4
c563f216f16b39e7,8,0.821429,0,0,31,2,4,7,5.75,1.1875,0,0.848214,3.829914,4
166d087b216d7357,8,0.678571,0,0,14,2,4,6,4.75,0.4375,0,0.554167,3.337604,4
b95aff4635ffe544,8,0.75,0,0,24,2,3,7,5.25,1.4375,0,0.775,2.877172,4
95f7480305b0b3dd,8,0.607143,0,0,10,2,3,6,4.25,0.6875,0,0.504167,2.499123,4
b2bb9cba52aa5f96,8,0.678571,0,0,14,2,4,5,4.75,0.1875,0,0.575,3.403845,4
6e9ef62af3f2fd75,8,0.642857,0,0,13,2,3,6,4.5,1.0,0,0.616667,2.66244,4
5cc86d74185fe631,8,0.75,0,0,22,2,4,6,5.25,0.6875,0,0.704167,3.523653,4
42ad7ec7e8f04962,8,0.535714,0,0,5,2,3,5,3.75,0.4375,0,0.341667,2.12371,4
a24600b3efa46e54,8,0.714286,0,0,18,2,4,6,5.0,0.5,0,0.654167,3.518806,4
576dd162196e27d7,8,0.607143,0,0,13,3,2,6,4.25,1.9375,0,0.708333,1.752524,4
2cf3c6e0ad4efe6d,8,0.714286,0,0,18,2,4,6,5.0,0.75,0,0.654167,3.28968,4
0c64dcf448f8226f,8,0.678571,0,0,16,2,3,7,4.75,1.1875,0,0.663095,2.835752,4
bf8d8648a21ce6c8,8,0.607143,0,0,13,3,2,6,4.25,1.4375,0,0.716667,1.557581,4
e4d1189c74b9a25a,8,0.714286,0,0,19,2,3,7,5.0,1.25,0,0.689881,2.877172,4
028ffedfc04efe67,8,0.785714,0,0,27,2,4,7,5.5,1.0,0,0.810119,3.371349,4
a2146e0b5a1cbc34,8,0.678571,0,0,16,2,3,6,4.75,0.9375,0,0.654167,2.587736,4
15c7b2ead81a7d3c,8,0.821429,0,0,31,2,4,7,5.75,0.9375,0,0.83631,3.78568,4
8bbe97629a3fcee5,8,0.857143,0,0,35,2,4,7,6.0,0.75,0,0.856548,4.0,4
59b8328aff5c7bea,8,0.821429,0,0,30,2,4,7,5.75,0.9375,0,0.81131,4.0,4
6f10a6eeaa53c3b5,8,0.785714,0,0,29,2,3,7,5.5,1.75,0,0.870238,2.892904,4
b08535175d084d53,8,0.821429,0,0,32,2,4,7,5.75,1.1875,0,0.881548,3.518806,4
5c27160cd6cba4ce,8,0.714286,0,0,18,2,3,6,5.0,0.75,0,0.620833,2.902133,4
1e22e3bd26469657,8,0.75,0,0,25,2,3,7,5.25,2.1875,0,0.85,3.0,4
77ac8506dbf63d29,8,0.821429,0,0,29,2,5,7,5.75,0.6875,0,0.777976,5.0,4
17ea0b46bbb399bc,8,0.785714,0,0,26,2,4,7,5.5,0.75,0,0.764286,3.771672,4
edd344a42df1c73d,8,0.678571,0,0,20,3,2,6,4.75,2.1875,0,0.825,1.805685,4
01f3ba62bf8ac1f2,8,0.678571,0,0,17,2,3,6,4.75,1.4375,0,0.7125,2.714264,4
335255f32cc1c671,8,0.857143,0,0,34,2,5,7,6.0,0.5,0,0.844048,4.585786,4
a3a8e1428c024c0d,8,0.714286,0,0,20,2,4,7,5.0,1.25,0,0.748214,2.871581,4
4ffdfcb7178bd713,8,0.714286,0,0,22,2,2,7,5.0,2.0,0,0.802381,1.942972,4
9534001f7b889919,8,0.714286,0,0,24,2,2,7,5.0,2.5,0,0.869048,1.927523,4
9d1d9a31b97cbdf5,8,0.75,0,0,21,2,4,6,5.25,0.6875,0,0.7,3.607244,4
ed3b15d8db87c27e,8,0.678571,0,0,18,2,3,7,4.75,1.6875,0,0.771429,2.318669,4
76265940a8709b8a,8,0.821429,0,0,30,2,4,7,5.75,0.6875,0,0.811905,3.829914,4
8da3b407bbe52138,8,0.785714,0,0,28,2,3,7,5.5,1.25,0,0.839286,2.835752,4
950048fdeb54f7ae,8,0.714286,0,0,19,2,4,6,5.0,0.75,0,0.695833,3.186393,4
fdabefe9264c5eb3,8,0.714286,0,0,17,2,4,6,5.0,0.5,0,0.595833,3.657077,4
bf21f2f3bab9f7ee,8,0.75,0,0,22,2,4,6,5.25,0.6875,0,0.725,3.267949,4
389694c49d8ce92c,8,0.785714,0,0,28,2,3,7,5.5,1.5,0,0.841071,2.91387,4
8cf307bec46e97ca,8,0.571429,0,0,11,2,2,6,4.0,1.75,0,0.7125,1.613268,4
2e31c39f02d3177b,8,0.75,0,0,22,2,3,6,5.25,0.9375,0,0.716667,2.91387,4
9564017e88df5823,8,0.714286,0,0,18,2,4,7,5.0,1.0,0,0.648214,3.340321,4
454054ca10cab02e,8,0.821429,0,0,29,2,5,7,5.75,0.4375,0,0.782738,4.585786,4
ffc6f50c11b99e04,8,0.785714,0,0,25,2,4,7,5.5,0.75,0,0.730952,4.0,4
3dd9207f98457080,8,0.821429,0,0,29,2,5,7,5.75,0.4375,0,0.791071,4.381966,4
914497d14862bd84,8,0.75,0,0,21,2,4,6,5.25,0.4375,0,0.7125,3.438447,4
6e9cb4590f985eb5,8,0.892857,0,0,38,2,6,7,6.25,0.1875,0,0.864286,6.0,4
a8adb53cdc0ee134,8,0.75,0,0,23,2,4,7,5.25,1.1875,0,0.75,3.340321,4
3d3e5cc9f577f7f5,8,0.821429,0,0,28,2,5,6,5.75,0.1875,0,0.766667,4.585786,4
912b6260d8d1fafe,8,0.678571,0,0,16,2,3,6,4.75,0.6875,0,0.658333,2.531121,4
3075d5490a6389ee,8,0.75,0,0,23,2,4,7,5.25,0.9375,0,0.7625,3.348907,4
325ef696a0279435,8,0.785714,0,0,24,2,5,6,5.5,0.25,0,0.725,4.267949,4
c39ed2c935344e2b,8,0.75,0,0,23,2,4,7,5.25,1.4375,0,0.770833,3.438447,4
32663a4634332b6a,8,0.678571,0,0,17,2,3,7,4.75,1.1875,0,0.675595,2.657077,4
0d8ee5b111f55a5b,8,0.75,0,0,25,2,3,7,5.25,1.9375,0,0.845833,2.885092,4
9dda22fd5c1f48f9,8,0.714286,0,0,19,2,4,7,5.0,1.0,0,0.702381,3.585786,4
b48dda20631e0ac6,8,0.678571,0,0,16,2,4,6,4.75,0.6875,0,0.658333,2.718606,4
77009bd82977eea6,8,0.678571,0,0,18,2,3,7,4.75,1.6875,0,0.771429,2.357493,4
7e75d42e8350c03b,8,0.785714,0,0,24,2,5,6,5.5,0.25,0,0.716667,4.381966,4
8fcf5bc3515d8e65,8,0.642857,0,0,14,2,3,7,4.5,1.25,0,0.644643,2.585786,4
9559ebbe8ae4555a,8,0.642857,0,0,13,2,3,5,4.5,0.5,0,0.6125,2.365262,4
afeeed429479dad7,8,0.785714,0,0,25,2,5,7,5.5,0.5,0,0.747619,4.198062,4
3a7dcfaae6671337,8,0.607143,0,0,10,2,3,6,4.25,0.9375,0,0.533333,2.194711,4
3f25883154f321b3,8,0.821429,0,0,30,2,5,7,5.75,0.6875,0,0.82381,4.0,4
d5bc74f4bcb5c63b,8,0.785714,0,0,26,2,4,7,5.5,0.75,0,0.789286,3.585786,4
a510b2bb89f26199,8,0.642857,0,0,14,2,2,6,4.5,1.25,0,0.6625,1.809414,4
0ac98f5b1a1538c8,8,0.75,0,0,21,2,4,6,5.25,0.4375,0,0.691667,3.63766,4
6315490a8ed9b024,8,0.75,0,0,23,2,4,7,5.25,0.9375,0,0.7625,3.224287,4
13e31bffd1c75357,8,0.785714,0,0,25,2,4,6,5.5,0.5,0,0.741667,3.78568,4
a26b79b865856e11,8,0.642857,0,0,13,2,3,6,4.5,1.25,0,0.608333,2.555879,4
0e19230972437d36,8,0.642857,0,0,16,2,3,7,4.5,2.0,0,0.794643,2.076091,4
bcbb686c7546ba62,8,0.714286,0,0,19,2,3,6,5.0,1.0,0,0.683333,2.676596,4
b611fec10868d6af,8,0.75,0,0,24,2,4,7,5.25,1.4375,0,0.804167,3.10878,4
08207eedb25ce190,8,0.642857,0,0,17,3,1,6,4.5,2.0,0,0.633333,0.913002,4
b08860180fa45dc8,8,0.714286,0,0,22,2,2,6,5.0,1.75,0,0.6875,1.938758,4
1597eb86f532e48a,8,0.75,0,0,21,2,4,6,5.25,0.4375,0,0.7,3.697224,4
eb4b075768f848d4,8,0.607143,0,0,13,2,3,6,4.25,0.9375,0,0.666667,1.692074,4
34bb4088ff6e9c7b,8,0.75,0,0,22,2,4,6,5.25,0.6875,0,0.733333,3.306475,4
c33fedfd4e8d0dcd,8,0.714286,0,0,20,2,4,7,5.0,1.0,0,0.748214,2.835752,4
b1cd7cee22c55961,8,0.714286,0,0,21,2,3,7,5.0,1.75,0,0.764881,2.716501,4
e2e9e4b9d3471a8d,8,0.678571,0,0,16,2,4,7,4.75,0.9375,0,0.663095,3.068148,4
75f6fe0141a3d8fc,8,0.857143,0,0,34,2,5,7,6.0,0.5,0,0.835714,5.0,4
c8472d20069f0455,8,0.678571,0,0,16,2,4,6,4.75,0.9375,0,0.6625,2.871581,4
274dbccad1e13b49,8,0.535714,0,0,8,2,2,5,3.75,0.6875,0,0.470833,1.574042,4
022445a04cb9237d,8,0.642857,0,0,11,2,4,5,4.5,0.25,0,0.495833,2.969678,4
a8ad70d19a81717d,8,0.642857,0,0,14,2,2,6,4.5,1.25,0,0.525,1.843675,4
647d555d72338254,8,0.678571,0,0,17,2,3,7,4.75,1.4375,0,0.725595,2.623921,4
48a10a5e04ef195e,8,0.607143,0,0,10,2,3,5,4.25,0.6875,0,0.558333,2.585786,4
cf809a5a33d7b9d8,8,0.821429,0,0,29,2,5,7,5.75,0.6875,0,0.777976,5.0,4
7a7b4fedc8ae13a7,8,0.857143,0,0,35,2,5,7,6.0,0.75,0,0.870238,4.381966,4
b7a5e6ac4850606a,8,0.785714,0,0,25,2,4,6,5.5,0.5,0,0.741667,3.78568,4
f827a8a6429adff4,8,0.928571,0,0,45,2,5,7,6.5,0.5,0,0.940476,5.0,4
3748f2eb9cd5f4f1,8,0.678571,0,0,19,2,3,7,4.75,1.9375,0,0.817262,2.262686,4
51e24ea554727372,8,0.714286,0,0,22,2,3,7,5.0,2.0,0,0.831548,2.763932,4
8165059039c4ab49,8,0.714286,0,0,20,2,3,7,5.0,1.5,0,0.731548,2.8674,4
b4ee58b9299d4f31,8,0.821429,0,0,32,2,4,7,5.75,1.4375,0,0.877381,3.697224,4
74b637ae138944ac,8,0.75,0,0,24,2,4,7,5.25,1.4375,0,0.8125,3.381966,4
fca14b579988a505,8,0.75,0,0,21,2,4,6,5.25,0.4375,0,0.691667,3.657077,4
5e121101b8e56918,8,0.75,0,0,26,2,3,7,5.25,1.9375,0,0.858333,2.55051,4
18678595b2f10055,8,0.785714,0,0,29,2,3,7,5.5,1.75,0,0.870238,2.892904,4
ca0ead2dfda736e0,8,0.821429,0,0,28,2,5,6,5.75,0.1875,0,0.766667,4.585786,4
3a0eb12359692eeb,8,0.821429,0,0,32,2,3,7,5.75,1.1875,0,0.828571,3.0,4
bba100ac285b8e62,8,0.75,0,0,23,2,4,7,5.25,0.9375,0,0.775,3.139194,4
efc71e41322d9378,8,0.821429,0,0,31,2,4,7,5.75,0.9375,0,0.84881,3.697224,4
07424b1c3115a719,8,0.892857,0,0,38,2,6,7,6.25,0.1875,0,0.864286,6.0,4
d8aab5626534ccf7,8,0.75,0,0,23,2,4,7,5.25,0.9375,0,0.7625,3.224287,4
0ca92dbf9c5368ff,8,0.857143,0,0,34,2,5,7,6.0,0.5,0,0.844048,4.585786,4
996855847e0ac230,8,0.821429,0,0,31,2,5,7,5.75,0.9375,0,0.848214,4.381966,4
17b51ebe413bc91c,8,0.785714,0,0,25,2,4,7,5.5,0.75,0,0.714286,4.0,4
bfeede34ebdef91c,8,0.928571,0,0,44,2,6,7,6.5,0.25,0,0.919048,6.0,4
1bf42c91487900a9,8,0.714286,0,0,22,2,3,7,5.0,1.5,0,0.831548,2.318669,4
a2a075d0d5923027,8,0.821429,0,0,32,2,4,7,5.75,1.1875,0,0.881548,3.518806,4
0f309d30f3655db2,8,0.821429,0,0,29,2,5,7,5.75,0.4375,0,0.782738,4.585786,4
e7ed1cafbebb3077,8,0.75,0,0,24,2,3,7,5.25,1.1875,0,0.804167,2.69935,4
1413a9fbe921b78f,8,0.821429,0,0,29,2,5,7,5.75,0.4375,0,0.791071,4.381966,4
b603240e428be762,8,0.857143,0,0,33,2,5,7,6.0,0.25,0,0.817857,5.0,4
058bd98b56a232ea,8,0.857143,0,0,35,2,4,7,6.0,0.75,0,0.856548,4.0,4
623e1dd305e62fdf,8,0.714286,0,0,20,2,4,7,5.0,1.25,0,0.748214,2.871581,4
ce6bfbae8ee76beb,8,0.785714,0,0,27,2,4,7,5.5,1.0,0,0.810119,3.371349,4
22f0a8c81d68b97c,8,0.785714,0,0,26,2,4,7,5.5,0.75,0,0.776786,3.665799,4
31ae582f2069289a,8,0.785714,0,0,27,2,4,7,5.5,1.0,0,0.820238,3.438447,4
79c200699f19416b,8,0.785714,0,0,27,2,4,7,5.5,1.0,0,0.780952,3.585786,4
7f9a9585736d2955,8,0.678571,0,0,17,2,3,6,4.75,0.9375,0,0.691667,2.379066,4
af0f1b604de53b95,8,0.678571,0,0,15,2,3,6,4.75,0.9375,0,0.6375,2.721586,4
a53885798bf42146,8,0.892857,0,0,40,2,5,7,6.25,0.6875,0,0.911905,4.585786,4
62702beaf0833ac0,8,0.714286,0,0,17,2,4,6,5.0,0.5,0,0.625,3.358814,4
077dd6a68ba90002,8,0.821429,0,0,30,2,4,7,5.75,0.6875,0,0.811905,3.829914,4
a29c2b503c205442,8,0.785714,0,0,26,2,4,7,5.5,1.25,0,0.778571,4.0,4
ea1da0e2eef252db,8,0.892857,0,0,39,2,5,7,6.25,0.4375,0,0.883929,5.0,4
966b3241bdcbc841,8,0.821429,0,0,31,2,4,7,5.75,0.9375,0,0.83631,3.78568,4
7b9e0a3d2d3431d8,8,0.75,0,0,24,2,3,7,5.25,1.4375,0,0.795833,2.738198,4
0603b1f46d38f4f6,8,0.714286,0,0,21,2,2,7,5.0,1.75,0,0.777381,1.948626,4
0569ffb0fa5dd4d7,8,0.75,0,0,22,2,4,6,5.25,0.6875,0,0.704167,3.523653,4
bac7865674b4ac15,8,0.642857,0,0,12,2,4,5,4.5,0.25,0,0.55,2.885092,4
713717ad26b6e7fb,8,0.607143,0,0,15,2,2,7,4.25,1.9375,0,0.80119,1.398321,4
c582cd43da0d0852,8,0.785714,0,0,29,2,3,7,5.5,2.0,0,0.87619,3.0,4
0f270562c68c3e80,8,0.785714,0,0,27,2,4,7,5.5,1.25,0,0.811905,3.607244,4
caa7c85e138c0035,8,0.821429,0,0,28,2,5,7,5.75,0.4375,0,0.761905,5.0,4
aea03df6e8e2c726,8,0.75,0,0,21,2,4,6,5.25,0.6875,0,0.695833,3.438447,4
d09751f80e67cff1,8,0.75,0,0,25,2,3,7,5.25,1.4375,0,0.8375,2.585786,4
50c021c5b4c7b71a,8,0.607143,0,0,11,2,2,5,4.25,0.9375,0,0.616667,1.743625,4
06528841e4aed7f8,8,0.75,0,0,23,2,4,7,5.25,0.9375,0,0.7625,3.348907,4
3af5a0ea57855b33,8,0.714286,0,0,19,2,3,6,5.0,1.0,0,0.7,2.731185,4
df5f939c6c1a6e84,8,0.785714,0,0,25,2,4,6,5.5,0.5,0,0.733333,3.829914,4
e57c8538c4a3fd6c,8,0.714286,0,0,18,2,3,6,5.0,1.0,0,0.616667,3.0,4
7ecfebe2e6c47a10,8,0.785714,0,0,28,2,3,7,5.5,1.5,0,0.841071,2.91387,4
f29e5e5243359264,8,0.678571,0,0,15,2,4,6,4.75,0.6875,0,0.604167,3.186393,4
2a78fe3f33ce7885,8,0.821429,0,0,30,2,5,7,5.75,0.6875,0,0.815476,4.267949,4
eddb4e33f95e2498,8,0.857143,0,0,38,2,3,7,6.0,1.5,0,0.928571,3.0,4
8b9a9a8f45a71b36,8,0.642857,0,0,12,2,3,5,4.5,0.5,0,0.575,2.438447,4
466ce5286774aaff,8,0.785714,0,0,29,2,3,7,5.5,1.5,0,0.870238,2.763932,4
d585dc4274f5908a,8,0.678571,0,0,17,2,4,7,4.75,1.1875,0,0.713095,2.822398,4
e024b99b0acece05,8,0.642857,0,0,16,2,3,7,4.5,1.75,0,0.740476,2.014838,4
53e39e46398c9f0c,8,0.678571,0,0,16,2,3,7,4.75,1.4375,0,0.663095,2.863306,4
cd8df7629ada2f08,8,0.678571,0,0,16,2,4,7,4.75,0.9375,0,0.663095,3.068148,4
2d4231c0ceccefcf,8,0.821429,0,0,28,2,5,6,5.75,0.1875,0,0.758333,5.0,4
0cb1e2d4b1cc7e70,8,0.75,0,0,24,2,3,7,5.25,1.4375,0,0.8,2.818057,4
6ef08d4a78f9fe21,8,0.857143,0,0,36,2,4,7,6.0,1.0,0,0.895238,3.829914,4
6ce2eff395088b66,8,0.821429,0,0,30,2,4,7,5.75,0.9375,0,0.81131,4.0,4
2e237f0c912fb893,8,0.714286,0,0,21,2,3,7,5.0,1.5,0,0.794048,2.695339,4
7b0d9e2866284b9a,8,0.714286,0,0,20,2,3,7,5.0,1.0,0,0.752381,2.585786,4
20afaa88ad034e9d,8,0.714286,0,0,20,2,3,6,5.0,1.0,0,0.670833,2.823803,4
41e9b97c4b774c68,8,0.785714,0,0,28,2,3,7,5.5,1.25,0,0.839286,2.835752,4
e71e0923a37924d3,8,0.75,0,0,22,2,4,6,5.25,0.6875,0,0.741667,3.186393,4
55351d325fa0a7ff,8,0.785714,0,0,25,2,5,7,5.5,0.5,0,0.747619,4.198062,4
c7b865c19523c75d,8,0.785714,0,0,27,2,4,7,5.5,1.25,0,0.807738,3.438447,4
6dc1e389536cc25f,8,0.785714,0,0,26,2,4,7,5.5,0.75,0,0.789286,3.585786,4
4d108de5f419bac9,8,0.821429,0,0,30,2,4,7,5.75,0.6875,0,0.791071,4.0,4
ef0dd2e86604e815,8,0.607143,0,0,11,2,3,6,4.25,0.6875,0,0.591667,2.166423,4
aee20549601e3a64,8,0.678571,0,0,15,2,3,6,4.75,0.9375,0,0.608333,2.718092,4
f87e5d696db90ef9,8,0.857143,0,0,34,2,5,7,6.0,0.5,0,0.835714,5.0,4
550e67acd81d9ed0,8,0.821429,0,0,32,2,4,7,5.75,1.1875,0,0.87381,3.438447,4
5295931ed789fc5d,8,0.714286,0,0,18,2,4,6,5.0,0.5,0,0.654167,3.518806,4
c71273cecd3bc550,8,1.0,0,0,56,1,7,7,7.0,0.0,1,1.0,8.0,4
2a4bcb6c10afb960,8,0.785714,0,0,26,2,4,7,5.5,1.0,0,0.774405,3.78568,4
997a14b81dc6c5f4,8,0.714286,0,0,19,2,4,7,5.0,0.75,0,0.710714,3.120615,4
5ee69e0c7ab66ee2,8,0.714286,0,0,21,2,3,7,5.0,1.5,0,0.785714,2.557966,4
7dcb01618d723d4a,8,0.75,0,0,22,2,4,7,5.25,0.9375,0,0.733333,3.539495,4
df6a2ac54d9714ac,8,0.678571,0,0,18,2,3,7,4.75,1.6875,0,0.750595,2.500702,4
fa581c6c483ee1d4,8,0.714286,0,0,21,2,3,7,5.0,1.5,0,0.756548,2.636752,4
dc0687f1457ef4e1,8,0.75,0,0,21,2,4,6,5.25,0.4375,0,0.691667,3.63766,4
71f2ab2bde379f3d,8,0.785714,0,0,25,2,4,6,5.5,0.5,0,0.754167,3.697224,4
3b2881d4644e95b3,8,0.75,0,0,23,2,4,7,5.25,0.9375,0,0.745833,3.585786,4
fc5993769337e355,8,0.714286,0,0,17,2,4,6,5.0,0.5,0,0.595833,3.657077,4
21c1b2e38ab47121,8,0.892857,0,0,41,2,4,7,6.25,0.9375,0,0.928571,4.0,4
a076037cd5e477a3,8,0.821429,0,0,33,2,3,7,5.75,1.4375,0,0.890476,2.91387,4
14c879ec9d7f681e,8,0.714286,0,0,19,2,3,6,5.0,1.0,0,0.716667,2.748691,4
c16b563e2344e936,8,0.714286,0,0,19,2,3,6,5.0,1.0,0,0.6875,2.718092,4
9a0ee64684ada0bb,8,0.785714,0,0,25,2,4,7,5.5,0.75,0,0.751786,3.829914,4
179e2e03ba4b7fac,8,0.821429,0,0,32,2,4,7,5.75,1.4375,0,0.877381,3.697224,4
864a91dc2c3d40a9,8,0.857143,0,0,34,2,5,7,6.0,0.5,0,0.844048,4.585786,4
3e426207844981c4,8,0.892857,0,0,38,2,6,7,6.25,0.1875,0,0.864286,6.0,4
dfe968ed495caee0,8,0.857143,0,0,35,2,4,7,6.0,0.75,0,0.856548,4.0,4
b65514abee2c8dba,8,0.821429,0,0,30,2,4,7,5.75,0.6875,0,0.791071,4.0,4
73f429fcbbfdf6fb,8,0.964286,0,0,50,2,6,7,6.75,0.1875,0,0.964286,6.0,4
a9ac2df4edac2900,8,0.821429,0,0,29,2,5,7,5.75,0.4375,0,0.782738,4.585786,4
efcc3d3e93313704,8,0.928571,0,0,44,2,6,7,6.5,0.25,0,0.919048,6.0,4
8113356723bfb16e,8,0.821429,0,0,36,2,2,7,5.75,2.1875,0,0.940476,2.0,4
504f7dcee42b183d,8,0.928571,0,0,45,2,5,7,6.5,0.5,0,0.940476,5.0,4
b2d677b915df56ee,8,0.642857,0,0,12,2,4,6,4.5,0.5,0,0.55,3.064568,4
2cdb68a64ec89f74,8,0.821429,0,0,31,2,4,7,5.75,0.9375,0,0.84881,3.697224,4
a270dcdc3d62ba6e,8,0.857143,0,0,35,2,5,7,6.0,0.75,0,0.870238,4.381966,4
27aa174920286043,8,0.714286,0,0,20,2,3,6,5.0,1.25,0,0.754167,2.763932,4
51af897f1679d033,8,0.785714,0,0,27,2,4,7,5.5,1.0,0,0.780952,3.585786,4
bf1915f1e9766b1d,8,0.892857,0,0,40,2,5,7,6.25,0.6875,0,0.911905,4.585786,4
3c0a81bf31725cce,8,0.892857,0,0,39,2,5,7,6.25,0.4375,0,0.883929,5.0,4
fc6fa3d51616b4e5,8,0.75,0,0,21,2,4,6,5.25,0.4375,0,0.691667,3.657077,4
c73c18395d89d2de,8,0.75,0,0,22,2,4,6,5.25,0.6875,0,0.733333,3.306475,4
b008aba924777070,8,0.821429,0,0,31,2,4,7,5.75,0.9375,0,0.83631,3.78568,4
4094d9bf73c65024,8,0.714286,0,0,21,2,3,6,5.0,1.5,0,0.758333,2.511489,4
f51697c0fe8de2cb,8,0.785714,0,0,27,2,4,7,5.5,1.0,0,0.810119,3.371349,4
bae70bbc12701473,8,0.785714,0,0,26,2,4,7,5.5,0.75,0,0.776786,3.665799,4
7e8ce0c638891322,8,0.857143,0,0,36,2,4,7,6.0,1.0,0,0.895238,3.829914,4
5bd30f3db9f150d1,8,0.857143,0,0,36,2,4,7,6.0,1.25,0,0.896429,4.0,4
4c1f8ac79683de8d,8,0.821429,0,0,31,2,4,7,5.75,1.1875,0,0.848214,3.829914,4
6709b1b48d9dba50,8,0.821429,0,0,32,2,4,7,5.75,1.1875,0,0.881548,3.518806,4
d0d8b852777bf74d,8,0.678571,0,0,17,3,2,6,4.75,1.4375,0,0.708333,1.858664,4
b304e0d322210db4,8,0.821429,0,0,30,2,4,7,5.75,0.6875,0,0.811905,3.829914,4
da1bd4d56ce5f748,8,0.75,0,0,24,2,4,7,5.25,1.1875,0,0.804167,2.969678,4
652d714d7ce451d7,8,0.892857,0,0,41,2,4,7,6.25,0.9375,0,0.928571,4.0,4
6b248b6cd05336bd,8,0.785714,0,0,25,2,5,7,5.5,0.5,0,0.747619,4.198062,4
db502c508b2ea8bf,8,0.785714,0,0,28,2,4,7,5.5,1.5,0,0.855357,3.381966,4
39d009922ca1f489,8,0.678571,0,0,15,2,4,6,4.75,0.6875,0,0.604167,3.186393,4
1dcf88e745b7d714,8,0.821429,0,0,33,2,3,7,5.75,1.6875,0,0.894048,3.0,4
98b23fab2b8e7929,8,0.678571,0,0,18,2,3,7,4.75,1.4375,0,0.738095,2.63604,4
37dc585b59b60f5d,8,0.821429,0,0,29,2,4,6,5.75,0.4375,0,0.775,4.0,4
15e4ee7c65f5dca3,8,0.821429,0,0,30,2,4,7,5.75,0.9375,0,0.81131,4.0,4
e863e619362187a9,8,0.821429,0,0,30,2,5,7,5.75,0.6875,0,0.815476,4.267949,4
066e107898022145,8,0.785714,0,0,25,2,4,6,5.5,0.5,0,0.733333,3.829914,4
4bba924064d561c8,8,0.785714,0,0,24,2,5,6,5.5,0.25,0,0.725,4.267949,4
f10d64e77cf52ebf,8,0.714286,0,0,20,2,3,6,5.0,1.0,0,0.729167,2.485863,4
27916d4ecac3c3f0,8,0.857143,0,0,34,2,5,7,6.0,0.5,0,0.835714,5.0,4
6c76a6c367da8dca,8,0.857143,0,0,33,2,5,7,6.0,0.25,0,0.817857,5.0,4
d6bbab042155f25e,8,0.821429,0,0,33,2,3,7,5.75,1.4375,0,0.890476,2.91387,4
cd8e7bddeec3cd6a,8,0.75,0,0,24,2,3,7,5.25,1.4375,0,0.8,2.818057,4
aaf7ba8024b971ee,8,0.75,0,0,23,2,3,7,5.25,1.1875,0,0.7375,2.903493,4
cf268412b635b993,8,0.785714,0,0,26,2,4,7,5.5,0.75,0,0.789286,3.585786,4
435523a97d2eac2a,8,0.75,0,0,23,2,4,7,5.25,1.1875,0,0.770833,3.585786,4
73e21c531ccc3b12,8,0.785714,0,0,28,2,3,7,5.5,1.25,0,0.839286,2.835752,4
bdff2115032749e4,8,0.75,0,0,25,2,3,7,5.25,1.6875,0,0.841667,2.731185,4
6e14daa8fc8f80ef,8,0.714286,0,0,19,2,4,7,5.0,1.0,0,0.706548,3.069677,4
10763ff580b2163b,8,0.785714,0,0,29,2,3,7,5.5,1.5,0,0.870238,2.763932,4
40d474aaaa28e4d4,8,0.785714,0,0,26,2,4,7,5.5,0.75,0,0.785119,3.518806,4
cdc40f947666f369,8,0.75,0,0,21,2,4,6,5.25,0.4375,0,0.691667,3.63766,4
58e2ef1579ef1925,8,0.821429,0,0,29,2,5,7,5.75,0.6875,0,0.777976,5.0,4
8220d969a36fdc49,8,0.678571,0,0,14,2,4,5,4.75,0.1875,0,0.591667,3.068148,4
b2ac9ff61c03b73c,8,0.75,0,0,21,2,4,7,5.25,0.6875,0,0.6875,3.771672,4
f6e0a0593056322e,8,0.75,0,0,24,2,3,6,5.25,1.1875,0,0.795833,2.676596,4
eaafb99dd079ec61,8,0.821429,0,0,29,2,5,7,5.75,0.4375,0,0.791071,4.381966,4
26566387e11fccf7,8,0.821429,0,0,28,2,5,6,5.75,0.1875,0,0.766667,4.585786,4
5e02c8d306ac3441,8,0.75,0,0,20,2,4,6,5.25,0.4375,0,0.641667,3.829914,4
b3fcbd9bade34b34,8,0.821429,0,0,32,2,4,7,5.75,1.1875,0,0.87381,3.438447,4
5b07c678e53cd2e2,8,0.75,0,0,23,2,4,7,5.25,0.9375,0,0.775,3.139194,4
d05f532acbc4c498,8,0.785714,0,0,25,2,4,6,5.5,0.5,0,0.741667,3.78568,4
0ba1a1504db6a8dc,8,0.714286,0,0,21,2,2,7,5.0,1.75,0,0.777381,1.948626,4
4dd974da4a3cb918,8,0.785714,0,0,27,2,4,7,5.5,1.25,0,0.807738,3.438447,4
c1ad1f03008c8f28,8,0.75,0,0,21,2,4,6,5.25,0.6875,0,0.7,3.607244,4
6782a0c7fd79ea91,8,0.75,0,0,21,2,4,6,5.25,0.6875,0,0.679167,3.697224,4
1668b3ea726d8bf6,8,0.75,0,0,21,2,5,7,5.25,0.4375,0,0.695833,4.198062,4
f4cd5e7d1e6ba91e,8,0.714286,0,0,20,2,3,6,5.0,1.25,0,0.733333,2.664413,4
79c16f9f804b6865,8,0.785714,0,0,27,2,4,7,5.5,1.0,0,0.820238,3.438447,4
bef2504cad714cb7,8,0.821429,0,0,28,2,5,6,5.75,0.1875,0,0.758333,5.0,4
747940ed658e418a,8,0.714286,0,0,17,2,4,6,5.0,0.75,0,0.620833,3.518806,4
1f5e6e1a37f39870,8,0.785714,0,0,27,2,3,6,5.5,1.0,0,0.779167,2.91387,4
31348b762606a8bd,8,0.785714,0,0,28,2,3,7,5.5,1.5,0,0.841071,2.91387,4
e49a41687b2201c1,8,0.892857,0,0,40,2,5,7,6.25,0.9375,0,0.910714,5.0,4
e8f283439d6407a6,8,0.857143,0,0,36,2,5,7,6.0,1.0,0,0.904762,4.0,4
21c55b885c245dc3,8,0.785714,0,0,31,2,2,7,5.5,2.0,0,0.897619,1.948626,4
751fa08a3d5f6c0d,8,0.75,0,0,23,2,3,7,5.25,1.4375,0,0.745833,3.0,4
edabf4e2c8fa89ea,8,0.75,0,0,22,2,4,7,5.25,0.9375,0,0.729167,3.371349,4
d548410c512e1d81,8,0.785714,0,0,27,2,4,7,5.5,1.0,0,0.807738,3.697224,4
6cd9b5cbaa8e1938,8,0.75,0,0,24,2,4,7,5.25,1.4375,0,0.8125,3.381966,4
bf1746a6360fbdc8,8,0.785714,0,0,26,2,4,7,5.5,1.0,0,0.776786,3.697224,4
27c29c20979395ee,8,0.785714,0,0,24,2,5,7,5.5,0.5,0,0.710119,4.585786,4
ba8ab253e2bb8500,8,0.607143,0,0,15,2,2,7,4.25,2.6875,0,0.817857,1.688519,4
4bd634de4f3d7923,8,0.785714,0,0,26,2,4,7,5.5,1.0,0,0.774405,3.78568,4
12f616da6f57fec6,8,0.678571,0,0,15,2,3,6,4.75,0.6875,0,0.616667,2.673378,4
a93da62862539d83,8,0.821429,0,0,30,2,5,7,5.75,0.6875,0,0.82381,4.0,4
0e2743d14f6461b8,8,0.75,0,0,22,2,4,7,5.25,0.6875,0,0.733333,3.422775,4
0e8df45d314fd890,8,0.714286,0,0,21,2,3,7,5.0,1.75,0,0.760714,2.686357,4
c1c8cca65f280adf,8,0.75,0,0,24,2,3,7,5.25,1.6875,0,0.8,2.892904,4
1b53c9c2d2437e14,8,0.75,0,0,22,2,4,7,5.25,0.9375,0,0.720833,3.585786,4
b5f1f256e2037bca,8,0.785714,0,0,25,2,4,6,5.5,0.5,0,0.754167,3.697224,4
97aaaa49a95d63fc,8,0.678571,0,0,16,2,4,6,4.75,0.9375,0,0.6625,2.871581,4
adfce22c0e89f830,8,0.714286,0,0,20,2,3,7,5.0,1.25,0,0.719048,2.817481,4
a03cedf8401f5132,8,0.785714,0,0,29,2,3,7,5.5,1.75,0,0.870238,2.892904,4
eeb8f6b72c7a1cd1,8,0.857143,0,0,38,2,3,7,6.0,1.5,0,0.928571,3.0,4
25d64d768fe3c06e,8,0.892857,0,0,39,2,5,7,6.25,0.4375,0,0.883929,5.0,4
4961654e1d1fece6,8,0.857143,0,0,34,2,5,7,6.0,0.5,0,0.844048,4.585786,4
821977960a4529c4,8,0.964286,0,0,50,2,6,7,6.75,0.1875,0,0.964286,6.0,4
c31310a738f28079,8,0.928571,0,0,45,2,5,7,6.5,0.5,0,0.940476,5.0,4
0752972566d5f0e0,8,0.892857,0,0,40,2,5,7,6.25,0.6875,0,0.911905,4.585786,4
5d7319d165cfb474,8,0.857143,0,0,36,2,5,7,6.0,1.0,0,0.904762,4.0,4
c6d3948e502399b3,8,0.857143,0,0,33,2,5,7,6.0,0.25,0,0.817857,5.0,4
1c19a482766d5092,8,0.857143,0,0,35,2,4,7,6.0,0.75,0,0.856548,4.0,4
14124d5280a257ba,8,0.75,0,0,24,2,3,7,5.25,1.1875,0,0.804167,2.69935,4
6710604abba8c745,8,0.928571,0,0,44,2,6,7,6.5,0.25,0,0.919048,6.0,4
62c0666caf8ea3d8,8,0.821429,0,0,30,2,5,7,5.75,0.6875,0,0.815476,4.267949,4
a72666e420b4e652,8,0.821429,0,0,33,2,3,7,5.75,1.4375,0,0.890476,2.91387,4
ebfd21c2bbe3e038,8,0.821429,0,0,29,2,5,7,5.75,0.4375,0,0.782738,4.585786,4
c239a4bd2835dd5a,8,0.857143,0,0,36,2,4,7,6.0,1.0,0,0.895238,3.829914,4
3301465047ef12fc,8,0.857143,0,0,35,2,5,7,6.0,0.75,0,0.870238,4.381966,4
2a438acf92de4ed5,8,0.892857,0,0,41,2,4,7,6.25,0.9375,0,0.928571,4.0,4
9c014c93ccb2fee0,8,0.892857,0,0,38,2,6,7,6.25,0.1875,0,0.864286,6.0,4
1b0e1a7291d95465,8,0.714286,0,0,20,2,4,7,5.0,1.25,0,0.739881,3.105582,4
54743775177f93e1,8,0.821429,0,0,30,2,4,7,5.75,0.6875,0,0.811905,3.829914,4
416ae4db46cf7fc0,8,0.75,0,0,22,2,4,7,5.25,0.6875,0,0.720833,3.585786,4
e859070d4dbfa0d8,8,0.785714,0,0,26,2,4,7,5.5,0.75,0,0.789286,3.585786,4
0d06fe73e7f32799,8,0.785714,0,0,29,2,3,7,5.5,1.75,0,0.870238,2.892904,4
b869435b58138de0,8,0.821429,0,0,32,2,4,7,5.75,1.1875,0,0.881548,3.518806,4
d2f38ae1ae42e5b4,8,0.821429,0,0,29,2,5,7,5.75,0.4375,0,0.791071,4.381966,4
0a426237a7ae0d64,8,0.857143,0,0,36,2,4,7,6.0,1.25,0,0.896429,4.0,4
653fb0e96951b3f3,8,0.785714,0,0,28,2,3,7,5.5,1.25,0,0.801786,2.903493,4
fb213c113129ea62,8,0.821429,0,0,32,2,4,7,5.75,1.4375,0,0.877381,3.697224,4
d249574e4b183953,8,0.714286,0,0,18,2,4,6,5.0,0.5,0,0.654167,3.518806,4
3baf14549fe7e9c7,8,0.785714,0,0,25,2,4,6,5.5,0.5,0,0.733333,3.829914,4
bf6958856ed9e587,8,0.857143,0,0,34,2,5,7,6.0,0.75,0,0.841071,5.0,4
28b13ca13edbef73,8,0.857143,0,0,34,2,5,7,6.0,0.5,0,0.835714,5.0,4
f78adb637b6ecff1,8,0.75,0,0,23,2,3,6,5.25,0.9375,0,0.7375,2.826802,4
427f67e0d95c0fc8,8,0.821429,0,0,28,2,5,6,5.75,0.1875,0,0.758333,5.0,4
8055000995bad204,8,0.821429,0,0,33,2,3,7,5.75,1.6875,0,0.894048,3.0,4
e8a9ba02392847d5,8,0.892857,0,0,40,2,5,7,6.25,0.9375,0,0.910714,5.0,4
3e23ba16612549a1,8,0.821429,0,0,31,2,4,7,5.75,0.9375,0,0.83631,3.78568,4
0db09075087b8441,8,0.821429,0,0,30,2,5,7,5.75,0.6875,0,0.82381,4.0,4
4344c0263a73c8cb,8,0.821429,0,0,30,2,4,7,5.75,0.6875,0,0.791071,4.0,4
63cf8aa20b1ffe27,8,0.785714,0,0,27,2,4,7,5.5,1.0,0,0.810119,3.371349,4
c7aac4087d114a9f,8,0.821429,0,0,31,2,4,7,5.75,0.9375,0,0.84881,3.697224,4
3c5ef4d48bcb82a9,8,0.785714,0,0,29,2,3,7,5.5,1.5,0,0.870238,2.763932,4
ce3552018f7e608c,8,0.821429,0,0,30,2,4,7,5.75,0.9375,0,0.81131,4.0,4
3833ad80617c3daa,8,0.785714,0,0,25,2,5,7,5.5,0.5,0,0.747619,4.198062,4
959b668e61d04275,8,0.821429,0,0,31,2,4,7,5.75,1.1875,0,0.848214,3.829914,4
dc527f849b072977,8,0.678571,0,0,16,2,4,6,4.75,0.6875,0,0.6875,2.567732,4
824e079409f7ae35,8,0.75,0,0,21,2,4,6,5.25,0.4375,0,0.691667,3.657077,4
b45730bc7ce9d063,8,0.785714,0,0,24,2,5,6,5.5,0.25,0,0.716667,4.381966,4
938b5f146446a36a,8,0.785714,0,0,25,2,4,6,5.5,0.5,0,0.754167,3.697224,4
792ad78ec07ad75d,8,0.785714,0,0,28,2,4,7,5.5,1.25,0,0.853571,3.186393,4
6a53b1e5a4ebdf9a,8,0.785714,0,0,27,2,4,7,5.5,1.0,0,0.807738,3.697224,4
3de1bcc2a0d96e2c,8,0.821429,0,0,28,2,5,7,5.75,0.4375,0,0.761905,5.0,4
2807e025c88e8774,8,0.785714,0,0,28,2,4,7,5.5,1.25,0,0.836905,3.267949,4
57f6f6a05ea8e3a9,8,0.75,0,0,22,2,4,7,5.25,0.9375,0,0.733333,3.539495,4
3ca1c4228e9ef4c6,8,0.821429,0,0,32,2,3,7,5.75,1.1875,0,0.828571,3.0,4
d5054cd8b30572ed,8,0.75,0,0,21,2,4,6,5.25,0.4375,0,0.704167,3.561717,4
eeb3a800e8279e92,8,0.785714,0,0,26,2,4,7,5.5,0.75,0,0.785119,3.518806,4
a9b270b88d55f0e8,8,0.821429,0,0,32,2,4,7,5.75,1.1875,0,0.87381,3.438447,4
eb887a19d53d2689,8,0.678571,0,0,18,2,2,6,4.75,1.9375,0,0.629167,2.0,4
c4e922dc2d9efddb,8,0.678571,0,0,16,2,4,6,4.75,0.6875,0,0.658333,2.709589,4
caa3f5e291e0b243,8,0.75,0,0,20,2,4,6,5.25,0.4375,0,0.666667,3.78568,4
870ea858efc66e89,8,0.75,0,0,24,2,3,7,5.25,1.6875,0,0.8,2.892904,4
0637a9216c84bfee,8,0.785714,0,0,27,2,4,7,5.5,1.25,0,0.811905,3.607244,4
bb195dbe4949b23f,8,0.714286,0,0,22,2,3,7,5.0,1.75,0,0.823214,2.398321,4
76a3ab0e09a028e2,8,0.857143,0,0,38,2,3,7,6.0,1.5,0,0.928571,3.0,4
647a13f37a14f199,8,0.75,0,0,22,2,4,6,5.25,0.6875,0,0.733333,3.306475,4
820b56491ab39615,8,0.785714,0,0,24,2,5,7,5.5,0.5,0,0.710119,4.585786,4
f410b03fa14449e1,8,0.75,0,0,25,2,3,7,5.25,1.6875,0,0.841667,2.731185,4
482c1e7efa13dad8,8,0.75,0,0,24,2,4,7,5.25,1.4375,0,0.804167,3.10878,4
fe3d79be007fbd2c,8,0.75,0,0,25,2,3,7,5.25,1.4375,0,0.8375,2.585786,4
b3fdb24934d847cd,8,0.821429,0,0,28,2,5,6,5.75,0.1875,0,0.766667,4.585786,4
e1666863afb7dac9,8,0.785714,0,0,25,2,4,7,5.5,0.75,0,0.751786,3.829914,4
b06d334e7fa7651b,8,0.785714,0,0,25,2,4,7,5.5,0.75,0,0.730952,4.0,4
e32fac3f5a05efd8,8,0.75,0,0,21,2,4,6,5.25,0.6875,0,0.679167,3.697224,4
e2791d289a99c934,8,0.714286,0,0,17,2,4,6,5.0,0.25,0,0.633333,3.561717,4
141fcc512275fba2,8,0.821429,0,0,29,2,5,7,5.75,0.6875,0,0.777976,5.0,4
9edbc226dcd83f96,8,0.678571,0,0,16,2,2,6,4.75,1.4375,0,0.575,2.0,4
c5f6dcabdc122542,8,0.785714,0,0,31,2,2,7,5.5,2.0,0,0.897619,1.948626,4
db754b6b81e378cd,8,0.678571,0,0,15,2,3,6,4.75,0.9375,0,0.629167,2.697224,4
53cf49f82b108ada,8,0.75,0,0,20,2,5,6,5.25,0.1875,0,0.675,4.0,4
a3856885b9a88d19,8,0.75,0,0,23,2,4,7,5.25,0.9375,0,0.775,3.139194,4
1409e7fcb90cebb3,8,0.785714,0,0,26,2,4,7,5.5,0.75,0,0.764286,3.771672,4
f70f9db6d14da3bf,8,0.785714,0,0,26,2,4,7,5.5,1.0,0,0.776786,3.697224,4
d3db3b23def4270f,8,0.75,0,0,23,2,4,7,5.25,0.9375,0,0.758333,3.224287,4
b47a16391922cf36,8,0.785714,0,0,24,2,5,6,5.5,0.25,0,0.716667,4.585786,4
4b7d2213359788bc,8,0.75,0,0,23,2,4,7,5.25,1.1875,0,0.75,3.340321,4
0775d1eecd3dc13c,8,0.785714,0,0,31,2,2,7,5.5,2.25,0,0.903571,2.0,4
221649c990d75746,8,0.785714,0,0,28,2,3,7,5.5,1.25,0,0.839286,2.835752,4
6e746d59072da384,8,0.75,0,0,22,2,4,6,5.25,0.6875,0,0.741667,3.186393,4
e3e86d6716a724e1,8,0.785714,0,0,27,2,4,7,5.5,1.0,0,0.780952,3.585786,4
16f968b9bd290401,8,0.785714,0,0,29,2,3,7,5.5,1.5,0,0.864286,2.738198,4
5b1f9fdf63ad5e85,8,0.785714,0,0,26,2,4,7,5.5,0.75,0,0.776786,3.665799,4
6b8afc0e10072d2c,8,0.785714,0,0,24,2,5,6,5.5,0.25,0,0.725,4.267949,4
08433fe442540144,8,0.821429,0,0,36,2,2,7,5.75,2.1875,0,0.940476,2.0,4
ebc5a0091723ce71,8,0.785714,0,0,25,2,4,6,5.5,0.5,0,0.741667,3.78568,4
b39bc76729444234,8,0.785714,0,0,27,2,4,7,5.5,1.0,0,0.820238,3.438447,4
a1494297933459b9,8,0.714286,0,0,19,2,3,6,5.0,1.0,0,0.716667,2.748691,4
9f80e028e5e0482a,8,0.785714,0,0,28,2,4,7,5.5,1.5,0,0.853571,3.697224,4
db14b9d500ede04d,8,0.75,0,0,24,2,4,7,5.25,1.4375,0,0.8125,3.381966,4
8c8689d17663a7ff,8,0.75,0,0,21,2,4,7,5.25,0.9375,0,0.679167,4.0,4
b4fba65acef6c532,8,0.892857,0,0,41,2,4,7,6.25,0.9375,0,0.928571,4.0,4
01adcb1d6e9b1ebb,8,0.928571,0,0,45,2,5,7,6.5,0.5,0,0.940476,5.0,4
1c31fe00161f94b4,8,0.964286,0,0,50,2,6,7,6.75,0.1875,0,0.964286,6.0,4
e8874ad4db4d421c,8,0.892857,0,0,39,2,5,7,6.25,0.4375,0,0.883929,5.0,4
6a432ea90f3a69a1,8,0.892857,0,0,40,2,5,7,6.25,0.6875,0,0.911905,4.585786,4
e4a72d45f6c63e51,8,0.857143,0,0,36,2,4,7,6.0,1.0,0,0.895238,3.829914,4
3bb29c920b52055a,8,0.928571,0,0,44,2,6,7,6.5,0.25,0,0.919048,6.0,4
cb005a77f2409ad5,8,0.821429,0,0,28,2,5,6,5.75,0.1875,0,0.758333,5.0,4
8a8346bd168f31b5,8,0.892857,0,0,38,2,6,7,6.25,0.1875,0,0.864286,6.0,4
020e29158a427ec2,8,0.857143,0,0,35,2,5,7,6.0,0.75,0,0.870238,4.381966,4
55753dbe5a44fc95,8,0.857143,0,0,34,2,5,7,6.0,0.5,0,0.844048,4.585786,4
8d3963d2720cc428,8,0.821429,0,0,31,2,4,7,5.75,0.9375,0,0.84881,3.697224,4
c77f590a5fcad28d,8,0.857143,0,0,34,2,5,7,6.0,0.75,0,0.841071,5.0,4
800e43eaa72ad4a4,8,0.857143,0,0,33,2,5,7,6.0,0.25,0,0.817857,5.0,4
f9a729c00a0d2af1,8,0.857143,0,0,34,2,5,7,6.0,0.5,0,0.835714,5.0,4
155309f4e6644c68,8,0.857143,0,0,36,2,4,7,6.0,1.25,0,0.896429,4.0,4
d13c0526d15c56e1,8,0.785714,0,0,25,2,5,7,5.5,0.5,0,0.747619,4.198062,4
dafa996b5ede7859,8,0.821429,0,0,30,2,4,7,5.75,0.6875,0,0.791071,4.0,4
d85641d9a47704a1,8,0.892857,0,0,40,2,5,7,6.25,0.9375,0,0.910714,5.0,4
c3103b69154ebb9e,8,0.821429,0,0,29,2,5,7,5.75,0.4375,0,0.782738,4.585786,4
3595c38295e80184,8,0.821429,0,0,31,2,4,7,5.75,0.9375,0,0.83631,3.78568,4
d226f7eb170bc84b,8,0.821429,0,0,29,2,5,7,5.75,0.4375,0,0.791071,4.381966,4
0145a56b6a6e60f2,8,0.785714,0,0,27,2,3,6,5.5,1.0,0,0.779167,2.91387,4
f43ed02c69f1a022,8,0.821429,0,0,28,2,5,7,5.75,0.4375,0,0.761905,5.0,4
ea2b3483f8484837,8,0.821429,0,0,31,2,4,7,5.75,1.1875,0,0.848214,3.829914,4
2b03a6500ba32828,8,0.821429,0,0,33,2,3,7,5.75,1.4375,0,0.890476,2.91387,4
78a897dde2ec7a0b,8,0.821429,0,0,32,2,4,7,5.75,1.1875,0,0.87381,3.438447,4
3c5936166763b51c,8,0.857143,0,0,36,2,5,7,6.0,1.0,0,0.904762,4.0,4
adec1015c0c18262,8,0.857143,0,0,35,2,4,7,6.0,0.75,0,0.856548,4.0,4
03eb8c00137ccfa1,8,0.857143,0,0,38,2,3,7,6.0,1.5,0,0.928571,3.0,4
f94684032f593823,8,0.785714,0,0,27,2,4,7,5.5,1.25,0,0.811905,3.607244,4
ff8e75f6f6e25b63,8,0.821429,0,0,29,2,4,6,5.75,0.4375,0,0.775,4.0,4
fa02b3158fcbd127,8,0.821429,0,0,32,2,4,7,5.75,1.1875,0,0.881548,3.518806,4
e7657527ab6dacb7,8,0.821429,0,0,30,2,4,7,5.75,0.6875,0,0.811905,3.829914,4
1788e4a8fb5d8208,8,0.821429,0,0,30,2,5,7,5.75,0.6875,0,0.815476,4.267949,4
6568e895427acb0b,8,0.821429,0,0,30,2,5,7,5.75,0.6875,0,0.82381,4.0,4
70debbf3730d6fc7,8,0.785714,0,0,28,2,3,7,5.5,1.25,0,0.801786,2.903493,4
44e0708915eb8932,8,0.714286,0,0,16,2,4,6,5.0,0.25,0,0.5875,3.76679,4
520692459d68ae48,8,0.821429,0,0,32,2,3,7,5.75,1.1875,0,0.828571,3.0,4
c692693abe2966f9,8,0.821429,0,0,28,2,5,6,5.75,0.1875,0,0.766667,4.585786,4
87c74abae73b7403,8,0.785714,0,0,25,2,4,6,5.5,0.5,0,0.754167,3.697224,4
ef2dc42d5682c6a7,8,0.75,0,0,22,2,4,7,5.25,0.9375,0,0.7,3.585786,4
ef20d5ddfbd9f7a5,8,0.785714,0,0,26,2,4,7,5.5,0.75,0,0.789286,3.585786,4
1c5d265b3571af53,8,0.785714,0,0,31,2,2,7,5.5,2.0,0,0.897619,1.948626,4
66fbbcf5456a3c69,8,0.785714,0,0,28,2,4,7,5.5,1.25,0,0.853571,3.186393,4
b88179d04f9ab105,8,0.714286,0,0,19,2,4,7,5.0,1.0,0,0.706548,3.069677,4
c9ea6fd888f0a3b2,8,0.785714,0,0,26,2,4,7,5.5,0.75,0,0.764286,3.771672,4
42606c748d8cc6b5,8,0.785714,0,0,29,2,3,7,5.5,1.5,0,0.870238,2.763932,4
cfdb2c0e45b9223a,8,0.821429,0,0,30,2,4,7,5.75,0.9375,0,0.81131,4.0,4
447ede15c93e3162,8,0.821429,0,0,29,2,5,7,5.75,0.6875,0,0.777976,5.0,4
3a881e7d32f0a085,8,0.75,0,0,23,2,4,7,5.25,0.9375,0,0.775,3.139194,4
0b618d87dc47e353,16,0.175,0,0,4,8,1,5,2.625,1.234375,0,0.175,0.138742,7
e95a8daea688f116,16,0.15,0,0,1,8,1,5,2.25,1.1875,0,0.052083,0.129635,8
2660bce4ab6848f8,16,0.175,0,0,2,6,1,5,2.625,1.359375,0,0.1125,0.251682,8
beeda0059761b15e,16,0.15,0,0,0,6,1,4,2.25,1.0625,0,0.0,0.241349,7
0f0ee8bf44632d8f,16,0.15,0,0,1,7,1,4,2.25,0.6875,0,0.145833,0.186393,7
0ca5f5df892162ad,16,0.15,1,0,0,7,1,5,2.25,1.0625,0,0.0,0.151871,6
94f31d311dd41b58,16,0.158333,0,0,5,4,1,9,2.375,4.359375,0,0.223611,0.356839,6
7573d72b4b746672,16,0.133333,0,0,0,8,1,4,2.0,0.75,0,0.0,0.138464,7
7ded1a113d89d7d9,16,0.208333,0,0,6,5,2,6,3.125,1.859375,0,0.1625,0.411664,8
2de8ff9f5559a575,16,0.166667,0,0,1,6,1,6,2.5,1.5,0,0.077083,0.26196,7
1e9a60150454eb57,16,0.158333,0,0,1,8,1,5,2.375,1.234375,0,0.09375,0.115737,7
0f801384df978c68,16,0.158333,0,0,1,7,1,5,2.375,1.109375,0,0.052083,0.198848,7
f5f592c97bcb0c17,16,0.15,0,0,0,6,1,4,2.25,0.9375,0,0.0,0.208883,7
96b4fcdbb4bdeb43,16,0.158333,0,0,1,6,1,4,2.375,0.859375,0,0.041667,0.21984,8
35d7681148e87d08,16,0.141667,0,0,0,5,1,5,2.125,1.234375,0,0.0,0.281832,8
36f7a021d15492ba,16,0.15,0,0,0,6,1,5,2.25,1.0625,0,0.0,0.196896,8
787eb59f3082cee6,16,0.141667,0,0,0,7,1,5,2.125,1.484375,0,0.0,0.129288,7
0f9c95241db215b5,16,0.15,0,0,2,8,1,4,2.25,0.9375,0,0.114583,0.139785,7
21f7b64efdd2df50,16,0.141667,0,0,1,8,1,4,2.125,1.109375,0,0.0625,0.096467,7
5eb2648402dc93a1,16,0.141667,0,0,0,7,1,3,2.125,0.609375,0,0.0,0.176567,8
da34c4b6905b44af,16,0.191667,0,0,2,5,1,4,2.875,0.859375,0,0.135417,0.28452,8
94c5dcdaf0706b6e,16,0.125,1,1,0,9,1,5,1.875,0.984375,0,0.0,0.075831,7
2ad7fffc8e7a56fd,16,0.158333,0,0,0,7,1,4,2.375,0.734375,0,0.0,0.182132,7
d7ca4ed0ac0b1dbf,16,0.15,0,0,2,7,1,4,2.25,1.1875,0,0.083333,0.142485,8
91d55171ac29cacb,16,0.141667,0,0,1,7,1,4,2.125,0.984375,0,0.135417,0.092732,7
2b6f59bd23fb7d1a,16,0.133333,0,0,0,8,1,4,2.0,0.625,0,0.0,0.079359,7
543f10a90812acf3,16,0.175,0,0,2,7,1,4,2.625,0.734375,0,0.104167,0.222919,8
5e991b79e3b4a5df,16,0.133333,1,0,0,7,1,5,2.0,1.375,0,0.0,0.121564,6
39a875bbc9e996b2,16,0.15,0,0,1,8,1,4,2.25,0.6875,0,0.104167,0.140609,7
036104995fd4935f,16,0.15,0,0,0,6,1,5,2.25,1.9375,0,0.0,0.232957,7
324b36a761cfd13a,16,0.191667,0,0,6,6,1,5,2.875,1.359375,0,0.429167,0.241689,7
c56bb577c998723d,16,0.125,1,1,0,11,1,4,1.875,0.734375,0,0.0,0.061127,7
9cbaff97894ae7c8,16,0.133333,0,0,0,7,1,4,2.0,0.625,0,0.0,0.115437,8
faeea998e307b86b,16,0.141667,1,0,0,9,1,3,2.125,0.359375,0,0.0,0.09666,8
13b58889dbd499fa,16,0.141667,0,0,0,7,1,4,2.125,0.984375,0,0.0,0.178295,7
55b4a0719bd8c73f,16,0.133333,0,0,1,8,1,4,2.0,0.875,0,0.052083,0.1165,7
d26d1ccea165b95c,16,0.15,0,0,1,7,1,5,2.25,1.3125,0,0.047917,0.132351,7
b0b03f96e252db2d,16,0.15,0,0,2,6,1,5,2.25,1.5625,0,0.172917,0.171117,7
eeae7059c0b626c5,16,0.15,0,0,1,6,1,4,2.25,1.4375,0,0.041667,0.207201,7
7f896cabd8248efe,16,0.15,0,0,0,8,1,5,2.25,1.1875,0,0.0,0.083786,7
0bb64e4b454154f6,16,0.166667,0,0,0,4,1,5,2.5,1.75,0,0.0,0.356836,7
bb78f843f2485c22,16,0.175,0,0,2,5,1,5,2.625,1.984375,0,0.075,0.336492,7
597aaa4a70c2dd88,16,0.166667,0,0,0,7,1,5,2.5,1.5,0,0.0,0.239798,8
7c63ae8d8a4a9240,16,0.158333,0,0,1,6,1,5,2.375,1.734375,0,0.09375,0.248352,6
60b6bef95cb1f272,16,0.125,1,1,0,10,1,4,1.875,0.734375,0,0.0,0.072295,7
4df9d64698201bb6,16,0.166667,0,0,0,6,1,5,2.5,1.375,0,0.0,0.375171,8
efdbc2142fdca6f8,16,0.158333,0,0,1,7,1,4,2.375,0.984375,0,0.052083,0.177587,8
7873208305b8caf7,16,0.15,0,0,1,7,1,4,2.25,0.6875,0,0.145833,0.110723,7
8851cc5b2e259cce,16,0.141667,0,0,1,11,1,3,2.125,0.484375,0,0.104167,0.062086,8
ee52bce455718aaa,16,0.141667,0,0,0,6,1,4,2.125,1.109375,0,0.0,0.175211,7
0045931efa173b26,16,0.15,0,0,2,7,1,5,2.25,1.3125,0,0.116667,0.131483,8
595146758dbb4d15,16,0.15,0,0,1,8,1,4,2.25,1.0625,0,0.052083,0.162692,8
5d8451cf053cc672,16,0.15,0,0,0,6,1,5,2.25,1.6875,0,0.0,0.164091,7
eb45a5d0a2a8af95,16,0.133333,0,0,0,6,1,4,2.0,1.0,0,0.0,0.205115,8
f03a583498628c23,16,0.133333,0,0,0,7,1,4,2.0,1.125,0,0.0,0.122859,7
74aba0c72c722ddb,16,0.141667,0,0,1,7,1,4,2.125,0.984375,0,0.09375,0.149531,6
f0927970af6c2f20,16,0.141667,0,0,1,8,1,5,2.125,1.109375,0,0.047917,0.103684,7
48ba0430ed6578c9,16,0.158333,0,0,1,5,1,6,2.375,1.984375,0,0.025,0.375667,7
801ac7d06042cd6f,16,0.175,0,0,3,5,1,4,2.625,0.984375,0,0.15625,0.270523,8
6ca1eb7180f08b5d,16,0.158333,0,0,0,5,1,4,2.375,1.234375,0,0.0,0.453551,7
990c25cd451654c4,16,0.158333,0,0,3,6,1,6,2.375,2.109375,0,0.291667,0.228915,7
d6c1f0a8c8f6a5b7,16,0.15,0,0,0,7,1,4,2.25,0.8125,0,0.0,0.216057,8
ac2761a53e786016,16,0.15,0,0,2,6,1,4,2.25,0.9375,0,0.197917,0.144892,7
2ac61ec73965fcfc,16,0.191667,0,0,1,5,1,6,2.875,1.484375,0,0.052083,0.477193,8
4195037bbaaf8380,16,0.158333,0,0,2,6,1,4,2.375,1.109375,0,0.145833,0.165042,7
a4e62d28a9255923,16,0.133333,1,0,0,9,1,4,2.0,0.875,0,0.0,0.102306,7
9542202a34bd8d9a,16,0.133333,0,0,0,8,1,4,2.0,0.75,0,0.0,0.09418,7
738992c4dd213674,16,0.15,0,0,0,8,1,4,2.25,0.5625,0,0.0,0.116748,8
f8afa68d858f4de4,16,0.158333,0,0,1,6,1,5,2.375,1.234375,0,0.047917,0.206307,7
1cc5bf7674fcf057,16,0.15,0,0,1,6,1,5,2.25,1.1875,0,0.047917,0.22749,7
ed83491281fec7a6,16,0.158333,0,0,1,7,1,5,2.375,1.109375,0,0.089583,0.141074,7
9cd13b48becb80ef,16,0.15,0,0,2,9,1,4,2.25,0.9375,0,0.145833,0.112053,8
c3e1bb2ee1434b2a,16,0.141667,0,0,0,9,1,3,2.125,0.359375,0,0.0,0.129171,7
86acafd444d5cf7a,16,0.15,0,0,1,6,1,5,2.25,1.0625,0,0.047917,0.22343,8
512eaace35555606,16,0.15,0,0,1,7,1,5,2.25,1.3125,0,0.135417,0.166085,6
434d6b1a652cad69,16,0.141667,0,0,0,11,1,4,2.125,0.484375,0,0.0,0.061165,8
8f9b6a7ff017843f,16,0.208333,0,0,4,5,2,5,3.125,0.984375,0,0.254167,0.425406,8
ac679325e660fbbe,16,0.15,0,0,1,6,1,6,2.25,1.4375,0,0.0625,0.222378,7
1c899509ae8ce42b,16,0.158333,0,0,2,7,1,6,2.375,1.734375,0,0.108333,0.138708,7
e83089d6b0d29b38,16,0.141667,0,0,2,8,1,4,2.125,1.234375,0,0.229167,0.079698,7
5d95bf3d87f8aa85,16,0.158333,0,0,1,7,1,4,2.375,1.109375,0,0.052083,0.154176,7
6cfee46dfeacccb8,16,0.191667,0,0,3,6,2,5,2.875,0.859375,0,0.16875,0.37198,8
069fcdbabb451559,16,0.166667,0,0,1,5,1,4,2.5,1.25,0,0.052083,0.381586,7
a63959b400fd94c0,16,0.15,0,0,3,9,1,4,2.25,0.9375,0,0.229167,0.070567,8
2c7c59b6ebb3b2d4,16,0.166667,1,0,0,5,1,5,2.5,1.5,0,0.0,0.452367,7
8afc8ce51869b8e4,16,0.166667,0,0,1,6,1,4,2.5,1.125,0,0.09375,0.195831,7
495c439bbb5c9f30,16,0.175,0,0,3,6,1,5,2.625,1.359375,0,0.10625,0.280258,7
c2274db505ebb6ef,16,0.158333,0,0,2,7,1,5,2.375,1.234375,0,0.116667,0.181107,7
18223ec9bdb5c6c3,16,0.166667,0,0,2,6,1,6,2.5,1.875,0,0.091667,0.266016,8
d9c776e01fe80efc,16,0.133333,1,0,0,10,1,4,2.0,0.75,0,0.0,0.062855,8
2f58a1214078ea39,16,0.15,0,0,1,7,1,5,2.25,1.5625,0,0.041667,0.154221,7
bce3a4e2564feeca,16,0.133333,0,0,1,7,1,5,2.0,1.25,0,0.079167,0.10771,8
12e6190fedec00f7,16,0.141667,0,0,1,7,1,4,2.125,1.359375,0,0.041667,0.151594,7
a206972f7a7521f0,16,0.125,1,1,0,12,1,3,1.875,0.484375,0,0.0,0.052757,7
19a492172c04b716,16,0.175,0,0,1,5,1,5,2.625,1.359375,0,0.089583,0.364527,8
93851dcc41f42a83,16,0.15,0,0,0,7,1,4,2.25,1.1875,0,0.0,0.115505,6
003114e3c8febdb4,16,0.133333,0,0,0,9,1,3,2.0,0.5,0,0.0,0.125925,7
d9adeef78ee97a6b,16,0.166667,0,0,2,5,1,5,2.5,2.125,0,0.1125,0.300937,7
366370c0a4e1bc0c,16,0.166667,0,0,3,6,1,4,2.5,1.25,0,0.145833,0.185808,7
8fd376ea7ca1d501,16,0.166667,0,0,0,6,1,4,2.5,1.25,0,0.0,0.296711,7
8f7529dfaaab60f9,16,0.166667,0,0,1,5,1,5,2.5,0.75,0,0.047917,0.332104,8
da335758ad383dda,16,0.183333,0,0,0,4,1,6,2.75,1.5625,0,0.0,0.476724,7
b2629529aa77d3b7,16,0.241667,0,0,10,5,1,7,3.625,4.359375,0,0.222024,0.549197,8
418194f73170cf91,16,0.208333,0,0,4,4,1,7,3.125,2.359375,0,0.175595,0.579336,8
f933e3ec9932b166,16,0.191667,0,0,6,7,1,5,2.875,1.484375,0,0.26875,0.157706,8
0a2261a691b7b2c2,16,0.15,0,0,1,6,1,4,2.25,1.4375,0,0.041667,0.24321,7
61058c839aa66228,16,0.175,0,0,4,5,1,6,2.625,1.609375,0,0.410417,0.215935,7
9e9049de7f36dead,16,0.225,0,0,5,4,1,6,3.375,1.859375,0,0.270833,0.588558,8
82b25523112249f3,16,0.2,0,0,5,5,1,6,3.0,1.875,0,0.258333,0.452741,7
4bcd2bcbf0fc3f5a,16,0.133333,0,0,1,10,1,3,2.0,0.5,0,0.0625,0.072266,7
4c7cd1a611bf2027,16,0.158333,0,0,1,7,1,4,2.375,0.859375,0,0.052083,0.1451,8
eea9a5b7a70616f4,16,0.183333,0,0,4,5,1,6,2.75,2.1875,0,0.114583,0.404422,7
791b6342696d1ec2,16,0.191667,0,0,3,6,1,5,2.875,1.484375,0,0.172917,0.324697,8
202d50ab42339459,16,0.183333,0,0,1,6,1,5,2.75,1.4375,0,0.03125,0.270597,7
e45b9b395a155672,16,0.183333,0,0,3,5,1,6,2.75,2.4375,0,0.197917,0.383706,7
7b54166b2e915c45,16,0.233333,0,0,9,4,1,7,3.5,3.375,0,0.226786,0.585302,7
2419b9f1d83dda9f,16,0.141667,0,0,0,9,1,3,2.125,0.484375,0,0.0,0.085935,7
faf5b275b23f10be,16,0.166667,0,0,3,7,1,5,2.5,1.5,0,0.202083,0.157031,8
59e3bb357503b93c,16,0.233333,0,0,6,4,1,9,3.5,2.875,0,0.173264,0.634366,8
3a15f17542b57848,16,0.15,0,0,2,7,1,4,2.25,0.9375,0,0.135417,0.194635,8
52197f392dc6fa56,16,0.166667,0,0,2,7,1,4,2.5,1.125,0,0.125,0.173472,7
8153d7defd6838bc,16,0.183333,0,0,2,5,1,4,2.75,1.0625,0,0.09375,0.317056,8
e35cf5a8a08a8e27,16,0.175,0,0,4,6,1,5,2.625,1.984375,0,0.1375,0.243378,7
ae4bd9610f7b47e9,16,0.241667,0,0,6,4,2,7,3.625,2.359375,0,0.220536,0.864589,8
5ff9e9e1a654498d,16,0.15,1,0,0,8,1,5,2.25,1.0625,0,0.0,0.087343,7
1808db2bb35057e2,16,0.15,0,0,2,8,1,5,2.25,1.5625,0,0.083333,0.092743,7
271a8e85a9b5b5a5,16,0.216667,0,0,5,5,1,6,3.25,1.8125,0,0.189583,0.634708,8
f91dff6dbc21f875,16,0.175,1,0,0,6,1,5,2.625,1.484375,0,0.0,0.322686,7
f2e686d511035cc0,16,0.183333,0,0,4,6,1,5,2.75,1.4375,0,0.264583,0.274517,8
96d35700b397db4b,16,0.158333,0,0,2,9,1,4,2.375,0.734375,0,0.09375,0.110136,8
aa728470de2e89bc,16,0.166667,0,0,0,6,1,4,2.5,0.875,0,0.0,0.223366,8
73cba144453e3941,16,0.208333,0,0,1,4,1,6,3.125,1.484375,0,0.079167,0.769049,8
5546b36c3c2dc561,16,0.183333,0,0,3,5,1,6,2.75,2.3125,0,0.104167,0.33662,7
b56bfd9fec0175f7,16,0.175,0,0,2,6,1,6,2.625,1.359375,0,0.15,0.252033,8
c6f830fa9ee6a1c7,16,0.175,0,0,3,5,1,6,2.625,2.234375,0,0.13125,0.348509,6
565556cc84b8c265,16,0.216667,0,0,6,5,1,6,3.25,2.6875,0,0.285417,0.352009,8
5fde58487ef84272,16,0.183333,0,0,4,6,1,7,2.75,2.5625,0,0.176488,0.264928,7
71b95c71cf691202,16,0.158333,0,0,0,6,1,4,2.375,0.984375,0,0.0,0.157945,8
1d9df63db7c34e36,16,0.191667,0,0,4,4,1,6,2.875,2.359375,0,0.133333,0.470827,7
9fbef16d88fe73ba,16,0.158333,0,0,0,6,1,4,2.375,0.984375,0,0.0,0.231388,8
f1ab8f7c3de33d00,16,0.208333,0,0,5,5,1,6,3.125,1.859375,0,0.25625,0.544914,8
b355931bff2d0551,16,0.191667,0,0,3,6,1,6,2.875,2.109375,0,0.108333,0.302825,8
be94a8a2eea5d35f,16,0.166667,0,0,1,6,1,5,2.5,1.375,0,0.052083,0.288974,8
2e069b9f30a12a27,16,0.225,0,0,6,5,1,5,3.375,1.109375,0,0.179167,0.560131,8
e25c1316eb4351e7,16,0.191667,0,0,3,7,1,5,2.875,1.109375,0,0.1125,0.252631,8
04093c93411b1595,16,0.183333,0,0,0,6,1,4,2.75,0.6875,0,0.0,0.407004,8
23ebc7ff30b06d84,16,0.175,0,0,1,7,1,5,2.625,1.234375,0,0.052083,0.186423,8
e31f1eb84375902e,16,0.2,0,0,4,6,1,6,3.0,2.0,0,0.16875,0.209245,8
5ee020c7fc2e76e2,16,0.166667,0,0,1,5,1,5,2.5,1.375,0,0.083333,0.277467,7
3395d96f0c93b675,16,0.15,0,0,1,7,1,4,2.25,1.0625,0,0.09375,0.123489,8
8f86c7b2dae55179,16,0.225,0,0,5,4,1,6,3.375,1.734375,0,0.135417,0.648189,8
5912c98081a92d4d,16,0.191667,0,0,2,5,1,4,2.875,1.109375,0,0.072917,0.519344,8
751ef81e46095ab7,16,0.183333,0,0,2,5,1,5,2.75,1.5625,0,0.120833,0.282577,8
80a5b5d3625e806c,16,0.166667,0,0,2,5,1,4,2.5,1.375,0,0.104167,0.200386,7
a2881d3386ee19dd,16,0.175,0,0,1,6,1,5,2.625,1.109375,0,0.0375,0.199115,7
a0126111b2b759dc,16,0.183333,0,0,3,6,1,5,2.75,1.1875,0,0.14375,0.149895,7
5c63019aeaa4d751,16,0.166667,0,0,2,8,1,4,2.5,1.125,0,0.145833,0.12377,7
2d89329d87a9a909,16,0.208333,0,0,0,4,1,5,3.125,2.109375,0,0.0,0.685751,7
d90a1e76d6045d14,16,0.166667,0,0,3,7,1,5,2.5,2.0,0,0.083333,0.225202,7
14587175b84ab4b2,16,0.191667,0,0,0,5,1,5,2.875,1.609375,0,0.0,0.261386,7
f3869909478677c8,16,0.175,0,0,1,5,1,7,2.625,2.359375,0,0.044643,0.420152,7
96d61c108fa6f2b9,16,0.2,0,0,5,6,1,6,3.0,1.625,0,0.229167,0.330558,8
9d064824ea2adf47,16,0.2,0,0,5,6,1,6,3.0,2.25,0,0.229167,0.29846,8
0b0618835c5fc1be,16,0.208333,0,0,4,5,1,5,3.125,1.484375,0,0.279167,0.40143,8
5a1238852f42b8b9,16,0.158333,0,0,1,5,1,6,2.375,1.984375,0,0.03125,0.322031,7
89c83f795aa6eee4,16,0.158333,0,0,0,6,1,5,2.375,1.359375,0,0.0,0.319065,8
7633e389d9df11a9,16,0.175,0,0,2,5,1,6,2.625,2.359375,0,0.066667,0.394784,7
b729c5cc00035a3d,16,0.183333,0,0,4,6,1,5,2.75,1.4375,0,0.19375,0.246094,8
606b43cccba0c2d5,16,0.191667,0,0,4,6,1,5,2.875,1.109375,0,0.2625,0.205773,7
c90f349839fc83dd,16,0.166667,0,0,2,7,1,4,2.5,1.125,0,0.0625,0.17045,8
424b1d00f3def08e,16,0.158333,0,0,0,7,1,5,2.375,1.609375,0,0.0,0.204088,7
679808ce49fd76c4,16,0.166667,0,0,3,6,1,5,2.5,1.5,0,0.2625,0.191796,7
76a1492e62ebb322,16,0.191667,0,0,5,5,1,6,2.875,1.734375,0,0.24375,0.402183,8
bc450853f019c0f2,16,0.2,0,0,6,5,1,6,3.0,1.75,0,0.38125,0.196658,7
9c47a8777b0a5070,16,0.141667,0,0,0,8,1,3,2.125,0.484375,0,0.0,0.154385,8
dbb9d2f28034f6bd,16,0.158333,0,0,0,6,1,5,2.375,1.109375,0,0.0,0.267014,8
1f6682d32b9c82fb,16,0.233333,0,0,7,5,1,6,3.5,2.0,0,0.260417,0.443505,8
33803e515938c6b5,16,0.2,0,0,1,5,1,4,3.0,0.875,0,0.041667,0.557834,8
716d4231c6bb86e1,16,0.158333,0,0,0,6,1,4,2.375,0.859375,0,0.0,0.293351,7
29bdb463b18d371a,16,0.283333,0,0,15,4,1,8,4.25,3.3125,0,0.367113,0.731207,8
a81bf429e45478ea,16,0.25,0,0,5,4,2,6,3.75,1.4375,0,0.204167,0.993153,8
203f1abd46dc0999,16,0.183333,0,0,0,5,1,5,2.75,1.4375,0,0.0,0.52609,8
4f2f681ce8f31bb6,16,0.175,0,0,3,6,1,5,2.625,1.609375,0,0.147917,0.241519,8
5bfa681e888d3e3e,16,0.191667,0,0,4,6,1,6,2.875,1.484375,0,0.204167,0.248791,8
acdc986aa69c3248,16,0.175,0,0,3,7,1,5,2.625,1.484375,0,0.133333,0.189213,8
05a213629a8aeb95,16,0.158333,0,0,0,6,1,5,2.375,1.609375,0,0.0,0.233483,8
6dd0f672bca632ae,16,0.2,0,0,2,5,1,4,3.0,0.75,0,0.135417,0.448052,8
b109667abed5d4a9,16,0.2,0,0,3,5,1,4,3.0,0.875,0,0.177083,0.473314,8
23feb2ad3668e5d3,16,0.2,0,0,4,5,1,5,3.0,1.0,0,0.197917,0.464073,8
c10ad16e5eaf4665,16,0.191667,0,0,3,5,1,6,2.875,1.734375,0,0.164583,0.41074,8
8743f7bcbd680097,16,0.2,0,0,5,4,1,5,3.0,1.125,0,0.341667,0.45426,8
eb303161cf10e18d,16,0.166667,1,0,0,7,1,4,2.5,0.5,0,0.0,0.171667,8
852fbf4fca6f1a78,16,0.225,0,0,7,4,1,6,3.375,2.234375,0,0.202083,0.622497,8
349d52435ee9dc77,16,0.2,0,0,5,5,1,5,3.0,2.0,0,0.2375,0.357016,7
d71a5247e551cdce,16,0.216667,0,0,5,5,1,6,3.25,2.1875,0,0.19375,0.495341,8
0e782ed88dac3e9e,16,0.183333,0,0,1,5,1,5,2.75,1.4375,0,0.079167,0.459898,8
6c2ff37e4079767d,16,0.175,0,0,1,6,1,5,2.625,1.109375,0,0.0375,0.219248,8
93d16d420968a7dc,16,0.15,0,0,1,7,1,5,2.25,1.1875,0,0.09375,0.123364,7
2b3d65e1b9f77efa,16,0.2,0,0,3,5,1,6,3.0,1.75,0,0.108333,0.45488,8
8520d67fe1dc4fc5,16,0.191667,0,0,0,4,2,5,2.875,0.734375,0,0.0,0.571003,8
f4cba6115f609f9e,16,0.183333,0,0,3,7,1,5,2.75,1.5625,0,0.083333,0.25821,8
4802c1376c74df85,16,0.283333,0,0,10,3,1,8,4.25,2.6875,0,0.221429,0.891156,8
721571debc29a0ba,16,0.191667,0,0,5,5,1,7,2.875,2.734375,0,0.183631,0.411614,7
6f0a2a27b9bf9beb,16,0.175,0,0,5,8,1,6,2.625,1.859375,0,0.295833,0.135859,7
092cb89f7a75e7e3,16,0.2,0,0,3,5,1,8,3.0,2.5,0,0.223214,0.478789,7
13320841b5f2b3cd,16,0.208333,0,0,4,5,1,6,3.125,2.109375,0,0.102083,0.523981,7
7f108a23ce975c29,16,0.2,0,0,5,6,1,6,3.0,1.625,0,0.275,0.222479,8
74f07e0543c514ad,16,0.225,0,0,2,4,1,5,3.375,1.484375,0,0.05625,0.574841,8
7ee573d773eb4847,16,0.241667,0,0,3,5,1,5,3.625,1.359375,0,0.0875,0.326563,8
670cbdb10eb3c8ae,16,0.266667,0,0,13,4,2,8,4.0,2.625,0,0.492708,0.689553,8
ace09294af907b23,16,0.2,0,0,6,5,1,8,3.0,2.875,0,0.308929,0.372451,7
b088af72870034f0,16,0.216667,0,0,1,5,1,6,3.25,2.1875,0,0.072917,0.347507,8
e212a57865822017,16,0.2,0,0,2,5,1,5,3.0,1.25,0,0.120833,0.374453,8
a9ee7373d57eba79,16,0.225,0,0,3,4,2,5,3.375,1.234375,0,0.091667,0.971117,8
cb4e7156aff9ac3b,16,0.241667,0,0,7,3,1,7,3.625,2.734375,0,0.249702,0.8336,8
58812b9a082d7738,16,0.158333,0,0,1,6,1,5,2.375,1.234375,0,0.0375,0.158772,7
01ced30b3909dc20,16,0.25,0,0,7,3,1,8,3.75,3.5625,0,0.257887,0.878524,7
72fd32f5d3a50901,16,0.216667,0,0,1,5,2,5,3.25,0.6875,0,0.0625,0.52444,8
40709a257453308f,16,0.191667,0,0,4,7,1,5,2.875,1.484375,0,0.15,0.131963,8
5c77f4bb29e7ce6a,16,0.2,0,0,5,5,1,7,3.0,2.625,0,0.246429,0.283922,7
fcab8adebb3f62c6,16,0.191667,0,0,5,5,1,6,2.875,2.234375,0,0.247917,0.343153,8
dd12d8623c776ba1,16,0.2,0,0,3,4,1,7,3.0,2.625,0,0.135119,0.516249,7
97c1c89df94e1555,16,0.225,0,0,4,4,2,6,3.375,1.359375,0,0.152083,0.925562,8
44fa1596acb25f6c,16,0.2,0,0,3,5,1,6,3.0,1.125,0,0.191667,0.411883,8
4a5f6996ac6be04f,16,0.258333,0,0,8,4,2,6,3.875,2.484375,0,0.21875,0.886196,8
790ec1417daca470,16,0.216667,0,0,9,6,1,7,3.25,2.4375,0,0.332738,0.293822,8
a263b52009b747ab,16,0.183333,0,0,4,5,1,6,2.75,2.4375,0,0.179167,0.320543,8
21fca3f11176600c,16,0.191667,0,0,5,6,1,6,2.875,1.984375,0,0.145833,0.197785,8
f34734d5fcc5de27,16,0.208333,0,0,5,5,1,8,3.125,3.234375,0,0.164881,0.524638,7
1fc563ddab0b21b8,16,0.2,0,0,4,6,1,6,3.0,1.75,0,0.15625,0.189802,7
558a8806285a6071,16,0.208333,0,0,5,4,1,6,3.125,2.359375,0,0.2875,0.555002,7
581ae452deef4ca8,16,0.208333,0,0,3,4,1,7,3.125,2.484375,0,0.197619,0.612862,8
cf227d8d4a1dfd42,16,0.175,0,0,2,6,1,5,2.625,1.109375,0,0.120833,0.295453,8
b36bf82a9b2ffa72,16,0.166667,0,0,2,6,1,5,2.5,1.5,0,0.079167,0.242197,7
7396623dec4adaf1,16,0.225,0,0,6,5,1,5,3.375,1.984375,0,0.175,0.353779,8
a822a91d0f3bd3a1,16,0.175,0,0,3,6,1,5,2.625,0.984375,0,0.177083,0.244244,7
b32e3862d59803aa,16,0.191667,0,0,2,5,1,5,2.875,1.234375,0,0.075,0.267688,8
82c755593d679b3d,16,0.233333,0,0,5,4,1,7,3.5,2.125,0,0.126488,0.610791,8
0524f04463225508,16,0.2,0,0,1,5,1,5,3.0,1.375,0,0.0375,0.483696,8
c38461f84336f112,16,0.2,0,0,1,5,1,6,3.0,1.75,0,0.035417,0.330058,8
969ea7d3d2fd6ea7,16,0.216667,0,0,6,5,1,8,3.25,3.1875,0,0.194494,0.503793,8
1ff71d36395a3307,16,0.283333,0,0,9,3,2,7,4.25,2.3125,0,0.225,1.394182,8
71ec65a0a1282b27,16,0.208333,0,0,4,5,1,5,3.125,1.234375,0,0.145833,0.475958,8
bd29f1d6eb0df37f,16,0.216667,0,0,4,4,1,5,3.25,1.8125,0,0.120833,0.621088,8
71f04a018a40bda1,16,0.183333,0,0,4,5,1,5,2.75,1.6875,0,0.2375,0.414196,7
26be05fa254a3868,16,0.241667,0,0,7,5,2,6,3.625,1.859375,0,0.339583,0.534987,8
e3472d5f004a32bd,16,0.233333,0,0,5,4,2,7,3.5,2.25,0,0.160714,0.68011,7
1a872ccc3421635d,16,0.208333,0,0,4,6,1,6,3.125,1.734375,0,0.152083,0.27029,8
e03847b312316ce2,16,0.25,0,0,7,4,2,6,3.75,1.3125,0,0.19375,1.036652,8
bbb795bc3fdcce77,16,0.225,0,0,6,5,1,7,3.375,2.859375,0,0.161012,0.60867,8
3ec3c93de4722905,16,0.2,0,0,3,7,1,5,3.0,1.625,0,0.104167,0.170167,7
e401bd96128e9298,16,0.216667,0,0,3,4,2,6,3.25,0.9375,0,0.122917,0.700947,8
d2f91b9c578ae555,16,0.141667,1,0,0,8,1,4,2.125,0.984375,0,0.0,0.118832,6
08e84eb8dd4f1fa4,16,0.225,0,0,3,6,1,5,3.375,1.734375,0,0.1,0.290221,8
5d1031d35a1578e5,16,0.225,0,0,5,4,1,6,3.375,1.859375,0,0.225,0.535761,8
f1d10e312c75fa10,16,0.175,0,0,2,5,1,5,2.625,1.609375,0,0.135417,0.360014,7
0539054e05f4da37,16,0.241667,0,0,7,5,2,6,3.625,1.484375,0,0.175,0.728723,8
cb2dfce6926607d7,16,0.183333,0,0,4,5,1,6,2.75,2.1875,0,0.229167,0.360747,7
3e84a934a6bc8ff4,16,0.208333,0,0,3,4,1,5,3.125,1.484375,0,0.154167,0.650273,8
a30c9df8869ea6d7,16,0.208333,0,0,4,5,1,5,3.125,1.609375,0,0.170833,0.526516,8
1736d9df10c73b23,16,0.225,0,0,9,6,1,6,3.375,2.484375,0,0.189583,0.265939,7
79be02b6da8b3e1c,16,0.208333,0,0,4,5,1,5,3.125,1.734375,0,0.152083,0.426892,8
ce4045ab0f0aabc7,16,0.275,0,0,11,4,1,7,4.125,2.734375,0,0.324405,0.76478,8
e0c6b218cef1c590,16,0.225,0,0,5,5,1,7,3.375,2.109375,0,0.237798,0.618166,8
766256c5d36a5749,16,0.208333,0,0,2,5,1,5,3.125,1.109375,0,0.070833,0.449185,8
411592e83a5d5b7d,16,0.233333,0,0,7,4,1,7,3.5,3.625,0,0.154167,0.53426,7
a63a3072f07793f7,16,0.2,0,0,5,5,1,6,3.0,2.0,0,0.189583,0.386486,8
fb470351d1e264d4,16,0.233333,0,0,7,5,1,7,3.5,3.0,0,0.173214,0.528882,7
34f8e3501e926425,16,0.25,0,0,8,4,1,8,3.75,2.6875,0,0.271577,0.620419,8
6f63a2dd868d7d6b,16,0.225,0,0,6,4,1,7,3.375,2.234375,0,0.228274,0.606131,8
7ddfbd2830f80cdb,16,0.216667,0,0,4,4,1,6,3.25,1.5625,0,0.179167,0.646836,8
86ebef92f58671c2,16,0.175,0,0,3,5,1,6,2.625,1.984375,0,0.147917,0.325922,8
b036b8a1b0b9b6ef,16,0.216667,0,0,4,5,1,5,3.25,1.3125,0,0.145833,0.55443,8
b410a9a7aab482ce,16,0.225,0,0,2,4,1,6,3.375,1.984375,0,0.070833,0.80517,8
8733d0d644b68278,16,0.233333,0,0,5,4,1,6,3.5,2.125,0,0.189583,0.622687,8
469b4f5ab352eb66,16,0.225,0,0,4,4,2,6,3.375,1.609375,0,0.104167,0.705984,8
23e3ea9773babb02,16,0.216667,0,0,5,4,2,5,3.25,0.6875,0,0.345833,0.695372,8
f8ca91adc9d75ab8,16,0.216667,0,0,5,5,1,6,3.25,1.6875,0,0.275,0.417731,8
0eafa41159133a99,16,0.208333,0,0,2,5,1,5,3.125,1.109375,0,0.110417,0.407605,8
b2ad90b09bd2243c,16,0.2,0,0,4,4,1,6,3.0,2.25,0,0.227083,0.549279,8
60052d1c05ad31f3,16,0.208333,0,0,4,5,1,5,3.125,0.984375,0,0.1625,0.343701,8
ff1479d1390b4454,16,0.216667,0,0,5,5,1,6,3.25,1.4375,0,0.229167,0.488441,8
3b31544f08d72672,16,0.225,0,0,8,6,1,6,3.375,2.234375,0,0.335417,0.299159,8
8630a402f321ee54,16,0.2,0,0,4,5,1,6,3.0,2.125,0,0.097917,0.464694,8
e499a4e055d1a04a,16,0.191667,0,0,3,6,1,5,2.875,0.859375,0,0.1125,0.313057,8
b10078c0ced28387,16,0.241667,0,0,2,4,1,6,3.625,1.609375,0,0.058333,0.771147,8
dbb97cfebe2d3213,16,0.208333,0,0,4,5,1,6,3.125,2.359375,0,0.114583,0.570887,7
3a2378b6f8128876,16,0.258333,0,0,11,4,1,7,3.875,3.609375,0,0.270536,0.643958,8
7be0cce97cf148dc,16,0.158333,0,0,1,6,1,4,2.375,0.859375,0,0.104167,0.216249,7
c2d6ba38ce5facee,16,0.333333,0,0,17,3,3,8,5.0,2.5,0,0.262798,1.762816,8
5ada3670772447b3,16,0.183333,0,0,1,7,1,6,2.75,1.8125,0,0.03125,0.250377,7
ec80e5c531c5c245,16,0.183333,0,0,1,5,1,5,2.75,1.5625,0,0.075,0.33679,8
d2f93d4a447e0026,16,0.158333,0,0,2,5,1,5,2.375,1.734375,0,0.120833,0.257202,6
0cb3a4bc8cf34ca8,16,0.2,0,0,4,4,1,5,3.0,1.75,0,0.208333,0.613053,8
06b1e55eaa6598ca,16,0.258333,0,0,5,4,2,6,3.875,1.359375,0,0.1125,0.983426,8
03ca58e8f5d7dc87,16,0.25,0,0,6,4,2,6,3.75,1.5625,0,0.23125,0.90759,8
f5120e73bc859e62,16,0.158333,0,0,1,7,1,4,2.375,0.984375,0,0.083333,0.225948,7
d8ce102a155aaa21,16,0.175,0,0,2,8,1,5,2.625,0.984375,0,0.127083,0.108091,8
7b88beae7a83c55b,16,0.158333,0,0,3,8,1,6,2.375,2.359375,0,0.152083,0.132123,7
b0e91cd1cbdd97b6,16,0.241667,0,0,13,4,1,8,3.625,4.359375,0,0.413393,0.681382,8
b12501141a8f812f,16,0.208333,0,0,3,5,1,6,3.125,2.484375,0,0.0875,0.515138,8
7f664d6268cb13af,16,0.241667,0,0,4,4,1,5,3.625,1.359375,0,0.097917,0.689796,8
06bc53ad283e5f42,16,0.25,0,0,10,4,2,7,3.75,2.6875,0,0.340179,0.77015,8
997fedbc7c82dbeb,16,0.316667,0,0,17,4,1,8,4.75,2.8125,0,0.232738,0.791097,8
6baf1f1dfad30cec,16,0.225,0,0,7,5,1,7,3.375,2.859375,0,0.250298,0.292643,8
b6efa9d25f3a017f,16,0.266667,0,0,11,4,2,6,4.0,1.875,0,0.372917,0.611431,8
6951af2fba8876b2,16,0.216667,0,0,5,5,1,5,3.25,1.6875,0,0.208333,0.481258,8
4fb915632288ce2d,16,0.25,0,0,8,4,1,7,3.75,2.1875,0,0.205655,0.690045,8
f7839cc1207881cc,16,0.241667,0,0,9,5,1,7,3.625,2.234375,0,0.324405,0.485148,8
fd151dc9b3792d7c,16,0.266667,0,0,11,5,2,8,4.0,2.25,0,0.375744,0.766958,8
9821666c7b288fdf,16,0.216667,0,0,3,5,1,5,3.25,1.4375,0,0.102083,0.506056,8
504165a75a904879,16,0.225,0,0,7,5,1,6,3.375,2.234375,0,0.2625,0.57553,8
b2464e4b62d65e9b,16,0.283333,0,0,9,3,2,10,4.25,3.5625,0,0.215278,1.376719,8
7e9ecf7175509538,16,0.233333,0,0,10,5,1,8,3.5,3.625,0,0.329762,0.545695,8
06a97c329f1453e3,16,0.308333,0,0,15,3,1,8,4.625,3.734375,0,0.240923,0.910538,8
b0765aad2489e86c,16,0.225,0,0,6,5,1,6,3.375,1.484375,0,0.245833,0.464125,8
51503dcac7c6276d,16,0.291667,0,0,18,4,2,7,4.375,2.484375,0,0.416369,0.834123,8
76b523617ffbcfad,16,0.275,0,0,12,4,2,8,4.125,2.859375,0,0.253125,0.821264,8
e3edd3fd3c8f0ab9,16,0.15,0,0,1,9,1,5,2.25,1.4375,0,0.041667,0.135314,6
525dc9f94deb03c7,16,0.191667,0,0,5,6,1,5,2.875,1.609375,0,0.21875,0.32627,8
dca683207f934f2a,16,0.333333,0,0,23,3,2,9,5.0,3.75,0,0.37872,1.445207,8
f99c2245db7dbea1,16,0.258333,0,0,8,4,2,6,3.875,1.484375,0,0.216667,0.894805,8
71c7325e2b503692,16,0.241667,0,0,9,4,1,7,3.625,3.109375,0,0.214583,0.725975,7
f81654cc88bb322b,16,0.216667,0,0,6,5,2,7,3.25,2.0625,0,0.231548,0.299536,8
0a9d292b770c56de,16,0.225,0,0,8,6,1,6,3.375,2.359375,0,0.191667,0.320191,8
2c63d82aaef4b3b9,16,0.291667,0,0,7,3,2,7,4.375,1.484375,0,0.133631,1.390458,8
7065bc6fe667a54f,16,0.241667,0,0,3,5,1,5,3.625,1.484375,0,0.108333,0.616503,8
d1a4abe5affd6a5e,16,0.241667,0,0,9,5,1,7,3.625,2.984375,0,0.244048,0.604261,7
983c9985a4c83f02,16,0.241667,0,0,5,4,1,6,3.625,2.609375,0,0.164583,0.586658,7
d90677374175f1d2,16,0.308333,0,0,17,4,2,8,4.625,3.609375,0,0.2875,0.898653,8
6aa2fc39fc2af3aa,16,0.275,0,0,10,4,2,6,4.125,1.609375,0,0.260417,0.941998,8
23cb0c305a0458d0,16,0.208333,0,0,2,4,1,7,3.125,2.234375,0,0.095536,0.614675,8
6183dd30b929aa87,16,0.25,0,0,4,4,2,6,3.75,1.6875,0,0.141667,0.949505,8
fc678e160480af63,16,0.258333,0,0,7,4,1,6,3.875,1.484375,0,0.175,0.661737,8
0573448b82fe7c1f,16,0.25,0,0,7,4,1,7,3.75,3.1875,0,0.210417,0.684531,7
f1e4f5ab6928e262,16,0.25,0,0,7,5,1,6,3.75,2.1875,0,0.145833,0.555894,8
5d67ad028f9162a4,16,0.275,0,0,12,5,1,7,4.125,3.359375,0,0.29256,0.630149,8
25a4a8216eefda3d,16,0.283333,0,0,12,4,1,7,4.25,3.1875,0,0.212798,0.383057,8
e8151f7460cc079e,16,0.241667,0,0,10,4,1,9,3.625,4.109375,0,0.337847,0.552721,8
0567e79129ea9389,16,0.266667,0,0,13,5,1,8,4.0,3.25,0,0.361607,0.641547,8
5f9c15d4e6d03c13,16,0.191667,0,0,2,5,1,5,2.875,1.234375,0,0.1875,0.355175,8
d3b71cf8dc25e7b2,16,0.291667,0,0,10,4,2,6,4.375,1.609375,0,0.21875,1.253249,8
7008fe38f3f2b625,16,0.25,0,0,6,5,2,5,3.75,1.0625,0,0.308333,0.685103,8
7c210eefa409556f,16,0.266667,0,0,7,4,1,6,4.0,2.875,0,0.252083,0.832243,8
94630f4c450fd65b,16,0.258333,0,0,14,5,1,8,3.875,4.234375,0,0.366964,0.635234,8
6110361397f477d6,16,0.216667,0,0,5,5,1,7,3.25,2.9375,0,0.122619,0.335157,8
96472575d144b2cf,16,0.241667,0,0,7,4,2,6,3.625,1.359375,0,0.235417,1.067821,8
8ab2dce9a8d66b88,16,0.266667,0,0,5,3,3,6,4.0,1.0,0,0.147917,1.468778,8
07da5144ac37098a,16,0.216667,0,0,7,5,1,6,3.25,2.4375,0,0.295833,0.244273,7
ecd041cafa171b52,16,0.275,0,0,10,4,1,7,4.125,2.109375,0,0.239881,0.779614,8
556eccd06194f46d,16,0.258333,0,0,6,4,1,7,3.875,1.859375,0,0.183036,0.692342,8
642af5ab395aa5a5,16,0.325,0,0,19,4,1,9,4.875,3.734375,0,0.316071,0.795479,8
bbb5082c7a16ea84,16,0.25,0,0,11,3,1,9,3.75,3.9375,0,0.310069,0.854171,8
8387de328ec17774,16,0.208333,0,0,4,5,1,6,3.125,1.734375,0,0.139583,0.514592,7
c92b669b3d47c36c,16,0.241667,0,0,10,5,2,5,3.625,0.859375,0,0.479167,0.386363,8
a3c3de625d1028db,16,0.233333,0,0,3,4,1,6,3.5,2.375,0,0.164583,0.587256,8
c647e690c21001a7,16,0.258333,0,0,11,4,1,8,3.875,3.109375,0,0.240923,0.8448,8
33effe2edad21b5c,16,0.266667,0,0,11,4,1,8,4.0,4.0,0,0.202232,0.582693,8
12358991cb50d9c5,16,0.291667,0,0,10,4,2,7,4.375,2.109375,0,0.226488,0.890059,8
55f687ac6cfcd44b,16,0.25,0,0,0,4,2,7,3.75,1.1875,0,0.0,0.998425,8
ffabb929606accaa,16,0.316667,0,0,23,4,2,9,4.75,3.3125,0,0.493105,1.151289,8
b3be16e04e2c858b,16,0.208333,0,0,3,5,1,6,3.125,1.984375,0,0.13125,0.313195,8
5ecd59311591f043,16,0.2,0,0,4,5,1,6,3.0,1.625,0,0.185417,0.347337,8
2265099666fa354b,16,0.3,0,0,8,3,3,7,4.5,1.5,0,0.152381,1.600941,8
1d8997dfa2c4b1a9,16,0.266667,0,0,12,3,1,8,4.0,3.0,0,0.32381,0.796787,8
804f9a42d4700e11,16,0.25,0,0,10,4,2,7,3.75,2.1875,0,0.21994,0.558098,8
254f61e49fca52d2,16,0.266667,0,0,7,4,1,8,4.0,2.625,0,0.250595,0.831748,8
e1e90cc9c32edd8e,16,0.233333,0,0,7,4,1,7,3.5,3.0,0,0.15119,0.649539,8
94e5128a121cd31b,16,0.225,0,0,2,4,2,5,3.375,0.734375,0,0.06875,0.817847,8
feb84d9393cdad4e,16,0.191667,0,0,6,6,1,6,2.875,2.234375,0,0.333333,0.240986,7
6439dad9ef417e24,16,0.233333,0,0,9,5,1,7,3.5,2.5,0,0.242857,0.466834,8
78aba682542f4b95,16,0.225,0,0,2,4,1,7,3.375,1.734375,0,0.068452,0.704079,8
dbed80ee6834c8bb,16,0.283333,0,0,10,3,2,6,4.25,1.9375,0,0.254167,1.31004,8
1c06ad9700b49a87,16,0.316667,0,0,20,3,2,8,4.75,3.6875,0,0.389881,1.106823,8
8cc4c13a6341131c,16,0.266667,0,0,11,4,2,7,4.0,2.75,0,0.249405,0.944497,8
1c3585d280800a39,16,0.25,0,0,10,4,2,6,3.75,2.1875,0,0.320833,0.704546,8
b5dd53685143bef0,16,0.233333,0,0,5,5,1,6,3.5,2.125,0,0.127083,0.538528,8
5e003d715cb3d58b,16,0.233333,0,0,11,5,1,6,3.5,2.25,0,0.247917,0.397471,8
2244f01e9818cbea,16,0.341667,0,0,23,3,2,8,5.125,1.859375,0,0.359524,1.649462,8
8380c7d40aa52998,16,0.158333,0,0,1,6,1,5,2.375,1.359375,0,0.0375,0.188417,7
10ae10a5b0b2be1f,16,0.308333,0,0,18,4,1,9,4.625,4.484375,0,0.314137,0.763886,8
9b8dac24152b78d1,16,0.208333,0,0,2,4,2,6,3.125,1.484375,0,0.083333,0.577749,8
cb1b55d9dd94cd04,16,0.258333,0,0,10,4,1,7,3.875,3.359375,0,0.270238,0.81678,8
75bb72bfebf22cf0,16,0.25,0,0,9,4,2,6,3.75,1.4375,0,0.247917,0.692165,8
a875c4032b479b24,16,0.241667,0,0,8,4,1,8,3.625,3.359375,0,0.306696,0.813766,8
a7864d8d69c5e149,16,0.241667,0,0,9,5,1,6,3.625,2.484375,0,0.204167,0.434223,8
d984984e92a2f4e2,16,0.258333,0,0,7,4,2,8,3.875,2.359375,0,0.21131,0.818289,8
052a19f55f55d5b3,16,0.3,0,0,17,4,1,8,4.5,3.0,0,0.315923,0.578272,8
9db13a3e50e9bc85,16,0.258333,0,0,9,4,2,6,3.875,1.234375,0,0.2625,0.916852,8
1045af4ad1748a4e,16,0.266667,0,0,8,4,2,8,4.0,2.0,0,0.28631,1.174784,8
e30d00fa0865f2fe,16,0.175,0,0,3,7,1,6,2.625,1.609375,0,0.175,0.171811,6
98bbd00dab6c8d1c,16,0.241667,0,0,10,5,1,7,3.625,2.109375,0,0.277083,0.327271,8
530557e3974ea439,16,0.225,0,0,4,4,1,7,3.375,2.859375,0,0.122321,0.857005,8
9772ae271c686bde,16,0.183333,0,0,2,6,1,4,2.75,1.3125,0,0.072917,0.345645,8
decec0541dc569e6,16,0.216667,0,0,6,6,1,6,3.25,2.1875,0,0.172917,0.325038,8
65043c5e91b9394b,16,0.2,0,0,3,5,1,5,3.0,1.0,0,0.1375,0.412754,8
89cbb6dff2ca1ed6,16,0.275,0,0,8,4,1,6,4.125,1.734375,0,0.195833,0.792288,8
dcd68491b495cc6e,16,0.258333,0,0,10,4,2,8,3.875,3.484375,0,0.33006,0.997856,8
837198a1acb035ff,16,0.283333,0,0,11,4,2,9,4.25,3.5625,0,0.26627,1.117035,8
254b960d71f4a521,16,0.325,0,0,15,3,2,8,4.875,2.484375,0,0.248958,1.42708,8
11e88a4f2500ebaf,16,0.325,0,0,17,3,2,8,4.875,2.859375,0,0.314732,1.179666,8
f8f94c3a4fe14f68,16,0.358333,0,0,26,3,1,10,5.375,5.359375,0,0.37872,0.949116,8
81fe55bea7919e65,16,0.266667,0,0,6,4,2,6,4.0,1.125,0,0.185417,0.999602,8
f9a903f8146e39e7,16,0.325,0,0,21,3,2,9,4.875,4.734375,0,0.337996,1.576643,8
77ea804087349f21,16,0.275,0,0,8,4,2,6,4.125,1.609375,0,0.158333,0.997437,8
4b5b8ee90561b5bf,16,0.208333,0,0,3,5,1,6,3.125,1.359375,0,0.08125,0.412444,8
e6409c9c9cc6cb7f,16,0.233333,0,0,8,4,2,6,3.5,1.5,0,0.327083,0.762687,8
56a51c08aa5b555a,16,0.266667,0,0,8,4,1,7,4.0,2.5,0,0.213095,0.737219,8
3269e695dea7c965,16,0.325,0,0,15,4,3,7,4.875,1.109375,0,0.310714,1.261472,8
ab6518469cfc8390,16,0.216667,0,0,5,4,1,5,3.25,1.8125,0,0.241667,0.482191,7
c4e3050c3446a08d,16,0.35,0,0,25,3,1,9,5.25,3.6875,0,0.380556,0.848237,8
d28e6dcb741c68bb,16,0.25,0,0,9,4,1,7,3.75,2.5625,0,0.227381,0.779213,8
f48cb65055018ef4,16,0.3,0,0,13,3,2,8,4.5,3.125,0,0.345238,1.627102,8
bd69c270364d8e6b,16,0.375,0,0,28,3,3,9,5.625,3.484375,0,0.36994,2.045536,8
f7eb8322fdf3e754,16,0.333333,0,0,16,3,3,8,5.0,1.625,0,0.274107,1.674246,8
3d9836fd49cf9806,16,0.291667,0,0,14,4,2,6,4.375,1.359375,0,0.379167,1.004213,8
f351aeae0af99e18,16,0.358333,0,0,28,3,3,8,5.375,2.859375,0,0.44494,1.998158,8
725ce1101d0cc3b8,16,0.333333,0,0,18,3,3,9,5.0,3.125,0,0.305704,1.96917,8
93210a81c36170e3,16,0.3,0,0,14,4,2,7,4.5,2.125,0,0.366964,1.197886,8
619c22b009704fde,16,0.266667,0,0,7,3,2,7,4.0,1.625,0,0.178869,1.273284,8
deb8f98a4f9aa3b5,16,0.233333,0,0,7,5,1,7,3.5,2.875,0,0.300298,0.547769,8
a2cce93953e25376,16,0.25,0,0,7,4,1,6,3.75,1.9375,0,0.2125,0.692308,8
16dea27fc7c72a09,16,0.325,0,0,22,3,3,9,4.875,3.109375,0,0.430853,1.605868,8
8a7362173db459e1,16,0.375,0,0,26,3,3,9,5.625,2.734375,0,0.337401,2.243209,8
aa25afe75e73f108,16,0.275,0,0,9,4,2,7,4.125,2.234375,0,0.270238,0.940327,8
21fe8601fc9fffee,16,0.325,0,0,14,3,2,8,4.875,2.359375,0,0.222619,1.495012,8
a98fb281a25095ae,16,0.291667,0,0,10,3,1,6,4.375,1.984375,0,0.202083,0.793003,8
951b6db1705cc45f,16,0.333333,0,0,15,3,2,8,5.0,2.75,0,0.220685,1.483197,8
fa772c6a9dc6b48f,16,0.275,0,0,11,4,1,7,4.125,3.109375,0,0.280655,0.642019,8
6d0d711351034f02,16,0.291667,0,0,20,4,1,8,4.375,3.484375,0,0.300595,0.858704,8
c3448ee3c8d40190,16,0.258333,0,0,9,4,2,6,3.875,1.609375,0,0.35625,0.44494,8
8abc175be3ea66dc,16,0.308333,0,0,12,3,2,7,4.625,1.734375,0,0.267857,1.425253,8
ff2c85727562391b,16,0.25,0,0,6,4,2,6,3.75,1.1875,0,0.252083,0.782756,8
eb0e9e3f6fb0da78,16,0.35,0,0,29,4,1,9,5.25,4.4375,0,0.365079,0.654976,8
7d3b85de727cad15,16,0.3,0,0,9,3,3,7,4.5,1.75,0,0.183333,1.957687,8
95706b433f9a05ef,16,0.375,0,0,29,4,1,8,5.625,3.359375,0,0.360268,0.907831,8
6ff73f58c60514f7,16,0.316667,0,0,16,3,3,8,4.75,1.4375,0,0.330208,1.78009,8
2d414c81c6dd065a,16,0.266667,0,0,12,4,1,8,4.0,3.375,0,0.32381,0.805473,8
ac1b42b27c2907ba,16,0.275,0,0,12,4,2,8,4.125,2.734375,0,0.311012,0.875862,8
028ceb1a2ea7cd63,16,0.233333,0,0,9,5,1,8,3.5,2.75,0,0.302827,0.50739,8
ea24dac0d219146c,16,0.275,0,0,10,3,3,7,4.125,1.859375,0,0.316369,1.181858,8
7ebdb7210008a2da,16,0.241667,0,0,7,4,2,5,3.625,0.984375,0,0.310417,0.89916,8
6e71bdeda109925d,16,0.316667,0,0,16,3,2,8,4.75,3.1875,0,0.359821,1.514888,8
8beb2e5b92a81407,16,0.325,0,0,22,3,2,9,4.875,4.359375,0,0.404167,1.623385,8
1f3355765f9f5c5f,16,0.275,0,0,11,3,2,9,4.125,3.609375,0,0.25625,1.176971,8
cf2c2d963d81d62d,16,0.258333,0,0,12,6,1,7,3.875,2.859375,0,0.19881,0.213149,8
5b964206ac471919,16,0.283333,0,0,7,3,2,6,4.25,1.1875,0,0.14375,1.435071,8
8a02284d7c9c40ef,16,0.3,0,0,15,3,2,8,4.5,2.625,0,0.34881,1.200498,8
3cae791ecbbdd9f9,16,0.308333,0,0,17,3,3,6,4.625,0.859375,0,0.391667,1.269131,8
dd65bfaf45a18b3c,16,0.35,0,0,17,4,1,9,5.25,3.1875,0,0.24256,0.839178,8
61eec8d036080610,16,0.316667,0,0,21,5,1,7,4.75,2.9375,0,0.342857,0.303015,8
621ec7c0bb5d7820,16,0.291667,0,0,12,3,2,7,4.375,2.484375,0,0.243155,1.361956,8
65b7a11cc6a2c9e5,16,0.241667,0,0,4,4,1,5,3.625,1.234375,0,0.104167,0.761043,8
661c4158fcf5cccf,16,0.3,0,0,11,3,3,7,4.5,2.125,0,0.239583,1.369398,8
b41474e32959f8ef,16,0.308333,0,0,14,3,2,8,4.625,2.484375,0,0.256101,1.543805,8
76cf7aace0c957d0,16,0.35,0,0,23,3,2,8,5.25,2.4375,0,0.289583,1.198657,8
c945a4295cd686b0,16,0.333333,0,0,26,3,2,10,5.0,3.875,0,0.444097,1.474252,8
1ed99f3a7599b898,16,0.333333,0,0,18,3,3,7,5.0,1.5,0,0.352381,1.751391,8
c171504f1b7ec24f,16,0.25,0,0,8,4,1,8,3.75,3.8125,0,0.188542,0.720578,8
7d1f3658be53efa5,16,0.316667,0,0,14,4,2,8,4.75,2.6875,0,0.281994,1.525357,8
85a28fe0989396ea,16,0.266667,0,0,13,4,2,6,4.0,1.375,0,0.414583,0.400592,8
66812846ee52fb2a,16,0.366667,0,0,22,3,2,7,5.5,2.25,0,0.291667,1.738503,8
34073477b2287b18,16,0.291667,0,0,13,4,1,10,4.375,3.984375,0,0.210417,0.844267,8
39438e15bc0329c6,16,0.325,0,0,16,3,2,9,4.875,3.484375,0,0.323859,1.710784,8
cc9d5990a299b994,16,0.325,0,0,20,3,3,8,4.875,2.359375,0,0.349256,1.632287,8
e47912b3548793df,16,0.35,0,0,17,3,3,8,5.25,2.1875,0,0.24375,2.128071,8
b48cf90a58dcaa54,16,0.375,0,0,31,3,2,9,5.625,3.359375,0,0.377728,1.642421,8
2ec331d6ffd74b4c,16,0.308333,0,0,13,4,1,7,4.625,2.359375,0,0.247619,0.547486,8
d1813f2b270b2dc0,16,0.266667,0,0,12,4,1,6,4.0,2.375,0,0.277083,0.804747,8
2ed07bc4bb1909b2,16,0.3,0,0,19,4,1,9,4.5,4.0,0,0.416964,0.890583,8
a8a25b0de67ce332,16,0.308333,0,0,16,3,1,8,4.625,3.859375,0,0.288095,0.883863,8
b3b11d3672949e8d,16,0.316667,0,0,19,4,1,8,4.75,3.6875,0,0.372917,0.839017,8
29db04af1b381a00,16,0.291667,0,0,10,4,2,8,4.375,2.484375,0,0.231994,1.284563,8
577505ea98f85b5a,16,0.366667,0,0,27,3,3,9,5.5,2.75,0,0.331796,1.802439,8
288a342692d27002,16,0.291667,0,0,16,4,1,7,4.375,3.609375,0,0.260417,0.814356,8
e9b3f03590440266,16,0.375,0,0,30,3,2,8,5.625,1.859375,0,0.455506,1.698292,8
fd5c16c96e1d3251,16,0.358333,0,0,32,3,1,10,5.375,5.484375,0,0.436905,0.884345,8
0f6d4104448d405e,16,0.275,0,0,17,5,1,8,4.125,3.859375,0,0.39003,0.349582,8
6949f11843ecd302,16,0.25,0,0,6,4,2,7,3.75,1.6875,0,0.213988,0.84017,8
ad15cdbef290c714,16,0.35,0,0,21,3,2,8,5.25,2.0625,0,0.37753,1.456986,8
0c70e73eeb7b9b6d,16,0.266667,0,0,11,4,2,6,4.0,1.5,0,0.272917,0.678805,8
5ab2c6b6eb16dd97,16,0.308333,0,0,26,5,1,8,4.625,4.609375,0,0.489435,0.3671,8
4dd45397effc474d,16,0.341667,0,0,21,3,3,8,5.125,1.984375,0,0.355804,2.055501,8
de9b8044789a1429,16,0.291667,0,0,17,4,1,7,4.375,4.359375,0,0.304167,0.750887,8
2595d8c9402ea424,16,0.208333,0,0,2,5,1,6,3.125,1.734375,0,0.09375,0.550249,8
d8bf23ee12d56f87,16,0.333333,0,0,17,3,1,7,5.0,3.25,0,0.291071,0.844183,8
83cb3a170e6241dc,16,0.183333,0,0,5,6,1,5,2.75,1.0625,0,0.227083,0.356905,8
2b7e1f6b9086ff9e,16,0.341667,0,0,21,3,2,9,5.125,4.109375,0,0.356101,1.591293,8
934735083dfd674d,16,0.375,0,0,36,4,1,9,5.625,4.109375,0,0.440724,0.795151,8
f2c851ad654f5276,16,0.333333,0,0,27,4,1,10,5.0,4.875,0,0.458681,0.700678,8
17b5c7d4766f7f2c,16,0.258333,0,0,11,4,2,6,3.875,0.984375,0,0.404167,0.752008,8
9b1d932d680aa0e5,16,0.266667,0,0,12,4,2,8,4.0,3.625,0,0.399405,0.939211,8
449a706e1787be5a,16,0.308333,0,0,20,3,2,9,4.625,4.484375,0,0.334722,0.955745,8
bf396b15805ff837,16,0.275,0,0,11,4,2,8,4.125,2.609375,0,0.384077,0.981786,8
5dc5eaf629cfa86e,16,0.325,0,0,22,4,2,8,4.875,3.359375,0,0.289137,0.91224,8
9d79fdc5b69b4585,16,0.333333,0,0,14,3,2,8,5.0,1.625,0,0.228571,1.425878,8
6f2b7207c5deb8a4,16,0.408333,0,0,34,3,2,9,6.125,2.609375,0,0.40506,1.644004,8
de05146170c75c99,16,0.2,0,0,0,5,2,5,3.0,0.875,0,0.0,0.56581,8
08a5dfdf29e3c1f2,16,0.25,0,0,8,5,1,6,3.75,2.1875,0,0.275,0.557874,8
ac53e64ec19a2062,16,0.225,0,0,5,5,1,5,3.375,1.734375,0,0.19375,0.639216,8
7f3b6258dded0f09,16,0.383333,0,0,26,3,4,11,5.75,3.3125,0,0.340152,2.628183,8
ac83e53e6bf513a4,16,0.291667,0,0,10,3,2,9,4.375,2.734375,0,0.2875,1.327523,8
88343c81fa9b4083,16,0.4,0,0,32,3,2,10,6.0,3.0,0,0.36751,1.778463,8
fe3e95114f725099,16,0.383333,0,0,26,3,3,10,5.75,3.1875,0,0.332986,2.394481,8
cfba905a9aac0b07,16,0.325,0,0,18,3,1,9,4.875,4.359375,0,0.275397,0.91597,8
98a0ad39bb9937ad,16,0.4,0,0,35,3,3,9,6.0,3.25,0,0.413244,2.075026,8
3d9b3cf9d508e61a,16,0.366667,0,0,29,3,1,8,5.5,4.125,0,0.307143,0.886626,8
8d8d323ffa145794,16,0.316667,0,0,16,3,3,9,4.75,3.0625,0,0.347917,1.35903,8
1009087d25b82c4a,16,0.4,0,0,29,3,3,9,6.0,2.125,0,0.330655,2.414131,8
4e7928365a8cb49c,16,0.375,0,0,25,3,3,9,5.625,3.484375,0,0.301736,2.246029,8
b4ed8c05252c2552,16,0.383333,0,0,35,3,2,10,5.75,3.6875,0,0.45873,1.500777,8
cc7d43f1fb586b2e,16,0.341667,0,0,28,4,2,9,5.125,3.609375,0,0.431101,1.35828,8
cdd18d05657cd19a,16,0.241667,0,0,4,4,2,6,3.625,1.734375,0,0.11875,0.825823,8
102e446b4c731280,16,0.383333,0,0,35,3,3,9,5.75,2.6875,0,0.464484,1.907488,8
0727d3d2156d9ae8,16,0.375,0,0,31,3,2,9,5.625,3.234375,0,0.474306,1.583451,8
2f760d73b55b94d7,16,0.325,0,0,18,3,2,8,4.875,2.859375,0,0.310119,1.618362,8
3f752d77b1e12a64,16,0.358333,0,0,26,3,1,8,5.375,3.484375,0,0.348363,0.895155,8
c12af4330d61b929,16,0.475,0,0,71,2,3,11,7.125,5.609375,0,0.549229,2.652096,8
00e43b0dcfab79d8,16,0.408333,0,0,41,3,2,12,6.125,4.234375,0,0.481345,1.848798,8
95c1d58214e49394,16,0.316667,0,0,14,3,3,8,4.75,2.4375,0,0.287798,1.268575,8
ea8e6d2c1b014965,16,0.333333,0,0,22,3,2,7,5.0,3.25,0,0.279762,1.281612,8
fac5c7ae61f1dd9e,16,0.308333,0,0,14,4,1,8,4.625,2.734375,0,0.27619,0.697863,8
2867bf5d4b2dc0fb,16,0.316667,0,0,19,3,2,9,4.75,4.0625,0,0.41121,1.385301,8
5f30889f4253f557,16,0.325,0,0,16,4,3,7,4.875,1.359375,0,0.330655,1.420983,8
e768d0cd58d4cc69,16,0.458333,0,0,49,3,3,10,6.875,3.484375,0,0.476935,2.673504,8
d54cb55b9c062c43,16,0.341667,0,0,21,3,2,8,5.125,2.609375,0,0.338542,1.669305,8
287ff6d014c78c75,16,0.366667,0,0,23,3,3,9,5.5,2.375,0,0.366667,2.305636,8
301a125313a30293,16,0.35,0,0,20,3,3,7,5.25,2.1875,0,0.309524,1.647245,8
2d212a2683a28b30,16,0.333333,0,0,26,3,2,10,5.0,5.5,0,0.529067,1.455423,8
437a48b118f0a7af,16,0.333333,0,0,18,3,1,7,5.0,1.75,0,0.307738,0.805043,8
f063abcc7045e1e5,16,0.35,0,0,27,3,1,10,5.25,5.4375,0,0.394692,0.891754,8
eafb2baebb717423,16,0.3,0,0,13,3,2,8,4.5,2.875,0,0.245982,1.508443,8
dbc81ef2e6581602,16,0.416667,0,0,43,3,2,10,6.25,4.4375,0,0.51126,1.721724,8
e109d369ad73cc03,16,0.266667,0,0,11,4,1,6,4.0,2.625,0,0.325,0.664848,8
5787617f83b3b6d8,16,0.358333,0,0,23,3,4,7,5.375,0.984375,0,0.36369,2.326989,8
ddb9eca3a6acdefc,16,0.333333,0,0,20,3,2,9,5.0,3.875,0,0.353125,1.794099,8
c01afc4346930129,16,0.383333,0,0,28,3,2,9,5.75,3.4375,0,0.33998,1.648269,8
39888d268dbf6126,16,0.408333,0,0,35,3,4,9,6.125,2.234375,0,0.401587,2.45069,8
91576ef3492f0dfa,16,0.383333,0,0,36,3,2,10,5.75,3.9375,0,0.504563,1.405826,8
ed315ac6fba3e309,16,0.316667,0,0,15,3,3,7,4.75,1.4375,0,0.324702,1.679316,8
676482c69e0688fc,16,0.441667,0,0,40,3,4,9,6.625,1.984375,0,0.403125,3.016216,8
156a49965a93355c,16,0.275,0,0,8,4,2,7,4.125,2.234375,0,0.215476,1.121719,8
aae53154827e8aeb,16,0.333333,0,0,16,3,3,8,5.0,2.25,0,0.281845,1.916483,8
b4ce2695cdf7e9cd,16,0.391667,0,0,29,3,3,9,5.875,2.859375,0,0.404812,2.308805,8
fcd32a7166aa9c72,16,0.325,0,0,18,3,2,8,4.875,2.609375,0,0.330804,1.297639,8
c42ace0fb0d85f7c,16,0.308333,0,0,15,4,1,7,4.625,2.359375,0,0.274405,0.789591,8
1f7547664a929a30,16,0.266667,0,0,8,4,2,6,4.0,1.75,0,0.179167,1.219402,8
10180d3f5862f17a,16,0.383333,0,0,25,3,3,8,5.75,2.8125,0,0.343155,2.221181,8
1c9921af964936d7,16,0.333333,0,0,19,3,2,9,5.0,3.125,0,0.354663,1.512743,8
5388baa535e5a5ae,16,0.441667,0,0,46,3,4,10,6.625,3.109375,0,0.452381,2.853029,8
ff04307ba7fced3b,16,0.283333,0,0,14,4,1,7,4.25,3.0625,0,0.29494,0.688322,8
b8a75d64fab3b470,16,0.366667,0,0,26,3,1,10,5.5,4.5,0,0.338046,0.953493,8
39b1eab2e179b69b,16,0.341667,0,0,24,4,1,8,5.125,3.609375,0,0.302232,0.70561,8
b3394f5ad5b714d7,16,0.341667,0,0,20,4,2,9,5.125,2.234375,0,0.29375,1.400827,8
85d3800148be983a,16,0.333333,0,0,26,4,1,10,5.0,4.25,0,0.375694,0.712462,8
1273811e8daf13ad,16,0.325,0,0,16,3,3,7,4.875,1.359375,0,0.321429,1.5748,8
1f6c9ee18ee68ab9,16,0.316667,0,0,18,3,2,8,4.75,2.8125,0,0.365774,1.381631,8
f835181265879903,16,0.3,0,0,20,4,2,9,4.5,3.625,0,0.470337,0.856602,8
3e1f436a25de5e10,16,0.416667,0,0,45,3,2,10,6.25,4.8125,0,0.450099,1.762664,8
9b67a60baaf86f96,16,0.341667,0,0,13,3,3,7,5.125,1.859375,0,0.200298,2.088898,8
98e9337e5a3f6113,16,0.375,0,0,23,3,2,8,5.625,2.234375,0,0.254464,1.59097,8
3f3220b361acb50b,16,0.366667,0,0,28,3,3,9,5.5,4.125,0,0.386706,1.892918,8
5523113fc87a36db,16,0.341667,0,0,16,3,3,8,5.125,1.734375,0,0.247619,2.034204,8
60fd7e06b98573af,16,0.375,0,0,28,3,3,10,5.625,3.109375,0,0.381399,2.183125,8
b1e4bce97297570d,16,0.325,0,0,19,3,3,8,4.875,2.234375,0,0.366964,1.345541,8
5f6509dc614adf98,16,0.383333,0,0,27,3,4,9,5.75,2.5625,0,0.336161,2.448329,8
346c27c33727e7bd,16,0.291667,0,0,9,3,1,6,4.375,2.234375,0,0.1875,0.842209,8
5bef6d43fb42ac96,16,0.433333,0,0,45,3,4,11,6.5,3.75,0,0.43157,2.804272,8
10bcb0c4077f8e76,16,0.325,0,0,17,3,2,7,4.875,2.609375,0,0.338095,1.570257,8
0b044996d5144865,16,0.391667,0,0,31,3,3,9,5.875,3.484375,0,0.356548,2.434431,8
2cf625678a482c98,16,0.275,0,0,10,3,2,6,4.125,1.484375,0,0.302083,0.903173,8
15ba5be3caa33640,16,0.333333,0,0,19,3,2,8,5.0,2.5,0,0.323661,1.762639,8
f041ea46ca39faba,16,0.283333,0,0,14,4,1,9,4.25,4.0625,0,0.238542,0.63766,8
b26ee5c8b37bb23a,16,0.358333,0,0,25,3,1,9,5.375,3.734375,0,0.340526,0.939706,8
b3b32a7003a906a6,16,0.333333,0,0,21,3,2,8,5.0,3.375,0,0.342113,1.381476,8
182beb2abe872f51,16,0.341667,0,0,20,3,3,9,5.125,2.734375,0,0.349802,1.843581,8
eb7cea98be285f52,16,0.3,0,0,16,3,2,11,4.5,4.75,0,0.360417,1.204316,8
6bc804921b2377e0,16,0.283333,0,0,8,4,1,6,4.25,2.6875,0,0.145833,0.81225,8
0fb17fbc7cbf679b,16,0.325,0,0,21,3,2,9,4.875,3.359375,0,0.445486,1.507883,8
18fd789c2ecd5fb2,16,0.341667,0,0,20,4,1,7,5.125,2.734375,0,0.285417,0.723536,8
cc8998eb22c267f0,16,0.333333,0,0,21,4,2,9,5.0,3.75,0,0.303819,1.208211,8
0f6853c45b5265be,16,0.366667,0,0,25,3,4,9,5.5,2.0,0,0.357639,2.014568,8
e6f3ab347f5f45eb,16,0.433333,0,0,38,3,4,9,6.5,2.625,0,0.379464,2.898237,8
50c86aae65873b0c,16,0.358333,0,0,23,3,3,8,5.375,2.109375,0,0.369792,2.104939,8
6095f48c18b89e72,16,0.325,0,0,25,3,1,8,4.875,4.234375,0,0.481696,0.816462,8
8f9e4d5201e21db7,16,0.408333,0,0,40,3,2,10,6.125,3.984375,0,0.481101,1.660365,8
ebe1005aa560ff22,16,0.383333,0,0,36,3,3,10,5.75,4.0625,0,0.440179,2.02431,8
f79166d021213c65,16,0.3,0,0,12,3,2,7,4.5,1.875,0,0.228274,1.425254,8
3f2ff313cf85e65e,16,0.383333,0,0,28,4,2,9,5.75,2.8125,0,0.38745,1.339669,8
4be29e96b72855d8,16,0.35,0,0,29,4,1,9,5.25,4.5625,0,0.43755,0.795151,8
186b9205b3ba1c28,16,0.341667,0,0,22,4,2,7,5.125,1.734375,0,0.41131,1.2965,8
06344c0f9540ece8,16,0.366667,0,0,22,3,3,9,5.5,3.0,0,0.319048,2.214883,8
a49eff4896700a54,16,0.366667,0,0,25,3,3,10,5.5,3.5,0,0.392212,2.396284,8
fdd819f6d0ce4859,16,0.408333,0,0,38,3,3,10,6.125,3.984375,0,0.401042,2.29688,8
c97dc89959085eb0,16,0.366667,0,0,31,3,2,9,5.5,3.375,0,0.474058,1.520183,8
c313a7128eb7749f,16,0.291667,0,0,13,4,2,8,4.375,2.609375,0,0.300595,1.094203,8
9de267573449ec87,16,0.4,0,0,39,3,3,11,6.0,4.25,0,0.454013,2.375097,8
fb207ae389f4d78d,16,0.408333,0,0,32,3,4,9,6.125,2.234375,0,0.363442,2.950484,8
193072449b5db57d,16,0.341667,0,0,23,3,2,9,5.125,3.109375,0,0.348016,1.780013,8
5cffe79395f58a72,16,0.35,0,0,17,3,2,8,5.25,1.6875,0,0.269494,1.582933,8
4aecc7d7d43b24f1,16,0.341667,0,0,19,3,2,8,5.125,2.109375,0,0.324851,1.495982,8
4eaf62eac2285849,16,0.375,0,0,29,3,2,8,5.625,2.234375,0,0.421726,1.543619,8
ba2089524b302827,16,0.4,0,0,43,3,3,10,6.0,5.5,0,0.487996,2.143871,8
f7c9924dbe758611,16,0.391667,0,0,42,3,3,11,5.875,5.359375,0,0.471429,2.332432,8
6dcad1400396ccb9,16,0.325,0,0,19,3,2,9,4.875,2.734375,0,0.419196,1.179769,8
decd19ac5c0923c7,16,0.408333,0,0,37,3,3,10,6.125,3.609375,0,0.382738,2.345411,8
0f14a71cdb8926cd,16,0.408333,0,0,41,3,2,9,6.125,4.484375,0,0.388938,1.775427,8
34c4685eefcb41b9,16,0.391667,0,0,35,3,2,10,5.875,4.484375,0,0.486855,1.647597,8
3d128a5a4753afe6,16,0.433333,0,0,44,3,3,11,6.5,3.625,0,0.436404,2.501723,8
48716baacf0c6299,16,0.333333,0,0,18,3,3,8,5.0,2.375,0,0.311756,1.868507,8
a009ef6c789315a7,16,0.45,0,0,41,2,4,9,6.75,1.6875,0,0.378571,3.307707,8
ab004cbd753b434d,16,0.433333,0,0,40,3,4,9,6.5,2.25,0,0.393552,2.930906,8
553f8e75381db821,16,0.416667,0,0,41,3,2,9,6.25,3.6875,0,0.455903,1.622292,8
e76011a22ba4de04,16,0.391667,0,0,32,3,2,9,5.875,2.984375,0,0.365575,1.673383,8
2d7abe9cf590b983,16,0.325,0,0,18,3,2,9,4.875,3.859375,0,0.294246,1.542611,8
e64909f5b24ac3f8,16,0.358333,0,0,21,3,3,9,5.375,3.484375,0,0.321974,2.25959,8
bee59bba0ce78dcd,16,0.475,0,0,62,2,4,11,7.125,3.984375,0,0.533275,3.209748,8
a739b0fdc2d4a32c,16,0.391667,0,0,32,3,3,8,5.875,3.109375,0,0.408185,1.974296,8
a22620890eeb53ec,16,0.408333,0,0,38,3,2,8,6.125,2.234375,0,0.412798,1.777197,8
5d7cbea364bc96a0,16,0.408333,0,0,31,3,3,9,6.125,1.984375,0,0.329514,2.534497,8
55d862db2011b2e4,16,0.358333,0,0,27,3,3,9,5.375,4.109375,0,0.362698,2.103368,8
a19a74741b00dbb2,16,0.466667,0,0,51,3,5,9,7.0,1.875,0,0.445982,3.208669,8
22457142404b427a,16,0.408333,0,0,36,3,4,9,6.125,2.359375,0,0.402827,2.605806,8
7158810bb08c0429,16,0.341667,0,0,25,4,2,8,5.125,3.984375,0,0.393601,1.241465,8
6739b85b1f80af1a,16,0.383333,0,0,34,3,3,11,5.75,5.0625,0,0.410435,2.221265,8
174022558cb8ee30,16,0.408333,0,0,30,3,3,8,6.125,2.359375,0,0.34256,2.357448,8
cba09fe592d0df84,16,0.366667,0,0,20,3,3,7,5.5,1.5,0,0.294345,2.31582,8
2a3e4b3e4ea365cd,16,0.391667,0,0,26,3,4,9,5.875,1.859375,0,0.344097,2.637483,8
e9ea4d095bd5a4cb,16,0.408333,0,0,28,3,3,8,6.125,1.984375,0,0.306548,2.592355,8
34642bc37484ceb9,16,0.458333,0,0,54,3,4,10,6.875,4.234375,0,0.484623,3.000124,8
f0ccf3c382d33a3b,16,0.408333,0,0,30,2,3,9,6.125,2.109375,0,0.327778,2.569737,8
08772ee56d3e49cf,16,0.458333,0,0,46,2,5,9,6.875,1.484375,0,0.413839,3.145278,8
62714dfad774892d,16,0.391667,0,0,39,3,2,10,5.875,4.359375,0,0.440625,1.263073,8
9ed43c7860243975,16,0.4,0,0,35,3,3,9,6.0,2.875,0,0.418998,2.001359,8
a5e933c7720c9361,16,0.425,0,0,48,3,2,9,6.375,4.609375,0,0.406548,1.514732,8
27dcda3fac0d01ce,16,0.366667,0,0,31,3,2,11,5.5,4.625,0,0.409686,1.495879,8
e1e780cbbd49202b,16,0.308333,0,0,14,3,2,7,4.625,2.234375,0,0.290774,1.224915,8
afae19e2fb56ea62,16,0.308333,0,0,16,3,3,9,4.625,2.984375,0,0.352083,1.557652,8
6485dccc44345123,16,0.3,0,0,10,3,2,7,4.5,2.5,0,0.246429,1.498435,8
e46fcb5745b81d5d,16,0.4,0,0,32,3,2,9,6.0,3.25,0,0.426438,1.596003,8
e8c73093812917f8,16,0.483333,0,0,62,2,4,11,7.25,3.1875,0,0.513893,3.42722,8
a081cc685b5db877,16,0.416667,0,0,40,3,2,9,6.25,3.3125,0,0.394345,1.676866,8
7d8546362df7592d,16,0.408333,0,0,34,3,3,10,6.125,2.984375,0,0.393254,2.254363,8
a44e93cc9f8db15b,16,0.375,0,0,33,3,3,10,5.625,4.484375,0,0.445784,2.019859,8
c5e72056f2284696,16,0.341667,0,0,15,3,2,9,5.125,2.859375,0,0.207093,1.563034,8
8da0b0f524a0cae0,16,0.316667,0,0,18,3,2,8,4.75,3.0625,0,0.296726,1.303808,8
7402664032f9cc00,16,0.35,0,0,30,4,1,9,5.25,5.3125,0,0.402331,0.859574,8
6df3da5564634369,16,0.45,0,0,42,2,5,9,6.75,1.8125,0,0.397569,3.093044,8
add0d8c2e951d846,16,0.433333,0,0,38,3,4,8,6.5,1.375,0,0.393899,2.968622,8
1f125541fe71e8a6,16,0.425,0,0,41,3,4,10,6.375,1.734375,0,0.442609,2.805234,8
d36e27aa97f9eae9,16,0.383333,0,0,30,3,3,9,5.75,2.9375,0,0.40873,2.165006,8
f28a48bf5f4e4cbe,16,0.325,0,0,19,3,2,7,4.875,2.234375,0,0.312798,1.159149,8
8d2c68785de3d831,16,0.333333,0,0,22,3,2,8,5.0,3.375,0,0.440774,1.295366,8
0948311a08224e2b,16,0.383333,0,0,24,3,4,9,5.75,2.3125,0,0.318502,2.737745,8
34a0564f8829cce0,16,0.433333,0,0,42,3,2,9,6.5,3.125,0,0.450546,1.711612,8
4886d7ed1fc31e83,16,0.275,0,0,16,5,1,9,4.125,3.734375,0,0.356944,0.519531,8
940f0706bdce1efa,16,0.5,0,0,73,3,4,11,7.5,4.75,0,0.537302,3.34642,8
b3812021543ed44f,16,0.458333,0,0,52,3,2,9,6.875,3.609375,0,0.466667,1.859649,8
ec5267006a7aba24,16,0.408333,0,0,37,3,2,10,6.125,3.984375,0,0.393254,1.717019,8
e684d297709a6071,16,0.408333,0,0,35,3,3,10,6.125,2.984375,0,0.381696,1.979381,8
5a6cc6c17536ad73,16,0.35,0,0,23,3,2,9,5.25,4.1875,0,0.308879,1.547017,8
0d08361fdfb515af,16,0.425,0,0,38,3,5,9,6.375,1.859375,0,0.394841,3.00059,8
531e8727e3955cff,16,0.45,0,0,50,3,4,9,6.75,2.5625,0,0.461458,2.778105,8
1dfb5886c088501f,16,0.366667,0,0,32,3,2,10,5.5,4.0,0,0.332738,1.437131,8
d0f70b839d264b64,16,0.391667,0,0,28,3,3,8,5.875,2.109375,0,0.33631,2.157897,8
167df00b377701c6,16,0.325,0,0,17,3,2,7,4.875,2.609375,0,0.271726,1.413142,8
ef27457754461cfc,16,0.408333,0,0,35,3,3,10,6.125,3.609375,0,0.362798,2.541399,8
7e657802e4868b84,16,0.408333,0,0,32,3,3,9,6.125,3.859375,0,0.326587,2.290109,8
8f1c0a42b8314987,16,0.4,0,0,35,3,3,9,6.0,1.625,0,0.401637,2.196435,8
ba1f834fd2fb61d3,16,0.35,0,0,23,3,2,9,5.25,2.6875,0,0.390526,1.415348,8
e0b568b11628e457,16,0.408333,0,0,40,3,4,9,6.125,1.984375,0,0.470139,1.96446,8
c76ee43e3922679f,16,0.466667,0,0,64,3,3,10,7.0,4.0,0,0.528621,2.583109,8
3b4208a0096d363e,16,0.358333,0,0,20,3,3,9,5.375,2.984375,0,0.329663,2.31372,8
4b3f7c8f9d59d309,16,0.45,0,0,41,2,3,10,6.75,2.6875,0,0.393006,2.710554,8
cca47d5042f5c2a0,16,0.383333,0,0,28,3,3,8,5.75,1.9375,0,0.362798,2.244896,8
9f3c0362bd1632d2,16,0.366667,0,0,24,3,3,8,5.5,1.875,0,0.337202,1.766347,8
233c4ee693ad719b,16,0.325,0,0,17,3,2,9,4.875,3.234375,0,0.354365,1.320829,8
f8a4961217b74cc6,16,0.316667,0,0,21,3,2,8,4.75,3.5625,0,0.348661,1.202527,8
66762c86830e3702,16,0.408333,0,0,39,3,3,10,6.125,3.234375,0,0.432837,2.326135,8
32ad88c4afc50182,16,0.4,0,0,27,3,3,8,6.0,2.125,0,0.301935,2.364284,8
3c56d9dd62e3e521,16,0.425,0,0,43,3,2,9,6.375,3.109375,0,0.484474,1.717565,8
d2ceb53f98c208c7,16,0.366667,0,0,26,3,3,8,5.5,2.75,0,0.359821,1.81761,8
44318aba5866592d,16,0.458333,0,0,56,2,4,10,6.875,3.609375,0,0.441964,2.970172,8
8cb15e8026057a49,16,0.375,0,0,25,3,3,8,5.625,2.734375,0,0.313095,2.056158,8
4b8ab2b28d8a9e0b,16,0.425,0,0,44,3,3,11,6.375,4.609375,0,0.454379,2.346413,8
60677965bc28cf6c,16,0.4,0,0,33,3,4,9,6.0,1.875,0,0.406349,2.791723,8
fa8543cdf402d376,16,0.425,0,0,43,3,3,10,6.375,3.734375,0,0.4375,2.643939,8
8fe6f4885ea9c005,16,0.333333,0,0,19,3,2,8,5.0,2.875,0,0.324405,1.528485,8
0e14a065549a5541,16,0.4,0,0,35,3,1,9,6.0,4.25,0,0.337599,0.8933,8
d9d232ff7a2a71cb,16,0.416667,0,0,39,3,2,11,6.25,4.5625,0,0.402692,1.816895,8
c9b21138007a1fb4,16,0.533333,0,0,79,2,5,12,8.0,3.5,0,0.523219,4.09805,8
a3835b15d5cc71d1,16,0.458333,0,0,46,3,4,10,6.875,2.484375,0,0.389286,3.171301,8
16e32e854f98bf9f,16,0.383333,0,0,39,3,3,9,5.75,3.5625,0,0.48621,1.774769,8
923c249aae652fdf,16,0.425,0,0,41,3,3,9,6.375,2.484375,0,0.402778,2.399479,8
7039d7451f0af291,16,0.366667,0,0,25,3,3,8,5.5,2.0,0,0.331101,2.093674,8
040e49aa9d244cd4,16,0.391667,0,0,26,3,4,8,5.875,1.984375,0,0.334375,2.736952,8
ea856cb67ca73d9a,16,0.383333,0,0,31,3,1,9,5.75,3.3125,0,0.363343,0.914679,8
69c6101a6248107f,16,0.458333,0,0,55,3,4,11,6.875,3.234375,0,0.525419,2.792015,8
0a2fd6989c929a1c,16,0.475,0,0,62,3,4,11,7.125,3.234375,0,0.496415,2.989936,8
bdce861c05f0b836,16,0.358333,0,0,22,3,2,9,5.375,2.859375,0,0.342163,1.592098,8
f01ac10aad5f1405,16,0.533333,0,0,103,2,3,13,8.0,7.5,0,0.658237,2.694822,8
94d6d12146946d05,16,0.491667,0,0,60,2,5,11,7.375,2.859375,0,0.475099,3.932708,8
d105bf62b11dc49c,16,0.475,0,0,60,3,4,10,7.125,2.484375,0,0.527629,3.133005,8
3c8be07f07bdbeb8,16,0.45,0,0,47,3,5,10,6.75,2.6875,0,0.424157,3.51926,8
fb0663d0d6c5a62e,16,0.433333,0,0,48,3,3,10,6.5,3.5,0,0.484722,2.470509,8
b85d56899bdee30a,16,0.466667,0,0,62,3,4,11,7.0,4.125,0,0.502525,2.849222,8
ee3d8787d18513bd,16,0.458333,0,0,54,3,3,12,6.875,4.734375,0,0.490039,2.619945,8
e8f5f831d74d6d1b,16,0.491667,0,0,78,3,3,11,7.375,6.484375,0,0.589998,2.683625,8
cb597d9900d44417,16,0.5,0,0,62,2,5,10,7.5,2.5,0,0.475645,4.189932,8
bfc62911de6dcbba,16,0.425,0,0,40,3,3,9,6.375,3.359375,0,0.3875,2.297014,8
2618ca8f72bdae64,16,0.466667,0,0,55,3,3,11,7.0,3.625,0,0.460471,2.654666,8
a629f40af7c5b085,16,0.416667,0,0,49,3,3,10,6.25,3.9375,0,0.457143,1.94871,8
61cd035f61d8ade6,16,0.433333,0,0,42,3,3,10,6.5,4.0,0,0.39747,2.685818,8
9242000ecb8a1502,16,0.45,0,0,50,3,3,10,6.75,3.8125,0,0.424702,2.741836,8
b13c7a68ff0684b1,16,0.483333,0,0,56,3,4,9,7.25,2.1875,0,0.427679,3.386269,8
e8ef8c363ded7df5,16,0.483333,0,0,60,2,5,10,7.25,2.1875,0,0.484524,3.487759,8
5d4ede1a73e7cc5f,16,0.533333,0,0,79,2,5,11,8.0,2.75,0,0.508333,4.493273,8
2add5411511353aa,16,0.491667,0,0,60,2,5,10,7.375,1.984375,0,0.461706,3.999262,8
24108e22aeba6395,16,0.45,0,0,48,3,3,9,6.75,2.5625,0,0.452083,2.478038,8
0217574d847bf76d,16,0.516667,0,0,74,2,6,11,7.75,2.5625,0,0.515106,4.103543,8
b90990aae531900c,16,0.366667,0,0,27,3,2,8,5.5,2.875,0,0.434524,1.624163,8
6b6ef0c75d4c535f,16,0.433333,0,0,42,3,5,10,6.5,1.625,0,0.416964,3.459714,8
a4ba9fc9f29dfab8,16,0.491667,0,0,60,2,5,10,7.375,1.484375,0,0.467411,4.010686,8
d00ac03c41e064a2,16,0.458333,0,0,56,3,3,11,6.875,4.609375,0,0.504302,2.429816,8
86a3ce9f347ceffd,16,0.491667,0,0,66,3,4,11,7.375,3.109375,0,0.507553,3.271793,8
23ff035010adc13e,16,0.466667,0,0,56,3,4,10,7.0,2.875,0,0.503819,2.798232,8
562440c5d5c4f9b8,16,0.425,0,0,45,3,4,9,6.375,3.484375,0,0.42996,2.589956,8
cf20e3fb0c1eca9d,16,0.416667,0,0,44,3,3,10,6.25,3.9375,0,0.48869,2.187249,8
0e68013cfe1d1609,16,0.4,0,0,34,3,3,9,6.0,2.0,0,0.419048,2.249657,8
6ebea8235cdd2fd0,16,0.441667,0,0,52,3,4,11,6.625,3.984375,0,0.501145,2.851874,8
b4b44c0ce41305ce,16,0.508333,0,0,72,2,5,12,7.625,3.609375,0,0.50501,3.949263,8
21efff1ce1f0a3ac,16,0.5,0,0,69,2,5,12,7.5,3.0,0,0.530488,3.959831,8
1aa17d7383882094,16,0.35,0,0,20,3,2,7,5.25,1.8125,0,0.266964,1.543126,8
3a581b26ec252346,16,0.466667,0,0,62,3,3,11,7.0,5.375,0,0.551425,2.560606,8
28916d8f13d53556,16,0.45,0,0,54,3,4,11,6.75,3.9375,0,0.484506,3.065305,8
00b615b2d2831402,16,0.5,0,0,68,2,4,13,7.5,4.25,0,0.512511,3.157851,8
a383440a5ba2fc26,16,0.45,0,0,61,3,3,11,6.75,5.0625,0,0.591121,2.462283,8
40395c1dae2a9127,16,0.466667,0,0,52,3,5,9,7.0,1.75,0,0.442956,3.881125,8
c2561df1a8645f90,16,0.466667,0,0,48,2,4,9,7.0,1.75,0,0.398264,3.40077,8
82d5e94f09a04c2d,16,0.425,0,0,42,3,4,8,6.375,1.859375,0,0.449702,2.617979,8
6460aab1ef847892,16,0.375,0,0,41,4,1,11,5.625,7.234375,0,0.448142,0.405788,8
573f7055596b7e76,16,0.441667,0,0,47,3,3,11,6.625,3.859375,0,0.456859,2.484131,8
43f81e4218f39ed1,16,0.416667,0,0,44,3,3,11,6.25,4.3125,0,0.473913,2.257964,8
3500a39871b497ed,16,0.458333,0,0,50,3,3,10,6.875,3.109375,0,0.453125,2.321846,8
4ad3df6138c59b97,16,0.525,0,0,71,2,4,10,7.875,2.109375,0,0.467659,3.695925,8
50f3805fbb67d44e,16,0.491667,0,0,65,2,5,9,7.375,1.359375,0,0.500446,3.594919,8
6ec46b50c4dc551a,16,0.533333,0,0,89,3,2,11,8.0,4.375,0,0.579469,1.881721,8
64de8925252607f2,16,0.433333,0,0,41,2,4,10,6.5,2.75,0,0.413393,3.15702,8
01e104c3e17fafb4,16,0.441667,0,0,44,2,5,10,6.625,1.484375,0,0.426538,3.48265,8
81a14e7096e68ea5,16,0.433333,0,0,36,3,4,9,6.5,2.0,0,0.374603,3.16327,8
52494baafcbadaf9,16,0.408333,0,0,41,3,4,10,6.125,2.609375,0,0.468452,2.254177,8
de53f0b626ca2f30,16,0.475,0,0,43,2,6,8,7.125,0.609375,0,0.356994,4.389899,8
3b11ebe667ee2ae3,16,0.366667,0,0,21,3,3,8,5.5,2.125,0,0.319048,2.397711,8
0e7d049f02e8b3bd,16,0.441667,0,0,39,3,4,10,6.625,2.359375,0,0.374554,3.254514,8
c84e760b1a493ed8,16,0.475,0,0,57,3,3,9,7.125,2.484375,0,0.463194,2.654842,8
26feeeee9c625df8,16,0.441667,0,0,59,3,1,10,6.625,5.484375,0,0.481101,0.955828,8
75c5fe340f2518a3,16,0.45,0,0,52,3,4,10,6.75,3.9375,0,0.457292,2.974299,8
c1d6c90545d1ac37,16,0.45,0,0,44,2,5,10,6.75,2.9375,0,0.419345,3.327902,8
c312d1f1387003c4,16,0.475,0,0,59,3,5,10,7.125,2.609375,0,0.480853,3.622505,8
c7419dbec8b78d4a,16,0.408333,0,0,36,3,3,9,6.125,2.609375,0,0.399901,2.01248,8
cb862b284999ae63,16,0.475,0,0,63,3,4,8,7.125,1.734375,0,0.538988,3.190298,8
9f2b46b2e50d02fe,16,0.391667,0,0,34,3,3,9,5.875,2.859375,0,0.409226,2.203832,8
51bddc048a896dac,16,0.558333,0,0,98,2,4,12,8.375,4.484375,0,0.560584,3.580331,8
b2ea8fd728bf582f,16,0.466667,0,0,57,3,3,11,7.0,3.875,0,0.492402,2.57767,8
73a264c1a1c1cdec,16,0.483333,0,0,59,3,4,10,7.25,3.3125,0,0.462302,3.457653,8
82c1a7753eed4407,16,0.45,0,0,53,3,3,12,6.75,4.1875,0,0.444729,2.467368,8
90d84f640db66351,16,0.433333,0,0,48,3,2,10,6.5,3.875,0,0.405407,1.712348,8
8221c56cb7880c4f,16,0.508333,0,0,70,2,4,10,7.625,2.734375,0,0.485317,3.552064,8
6e7255ad6b0fc187,16,0.441667,0,0,46,3,4,10,6.625,3.359375,0,0.428125,3.047956,8
1687b2b6c1135a07,16,0.5,0,0,65,2,6,10,7.5,2.25,0,0.498363,3.558376,8
d7e05715e90742ec,16,0.466667,0,0,56,2,4,11,7.0,4.0,0,0.492961,3.231813,8
3772963069c7d1ed,16,0.458333,0,0,58,3,2,10,6.875,4.734375,0,0.463542,1.794553,8
635e5725598d7425,16,0.491667,0,0,62,2,4,11,7.375,2.609375,0,0.469287,3.504577,8
3d109eec01c73dd7,16,0.45,0,0,51,3,4,11,6.75,3.6875,0,0.468204,2.957849,8
56d2b98affd201f5,16,0.5,0,0,69,2,5,12,7.5,3.375,0,0.501574,3.412858,8
17da01b3abc9a7b2,16,0.5,0,0,76,3,4,11,7.5,4.875,0,0.529158,3.056034,8
057888bc893b7315,16,0.433333,0,0,40,2,4,10,6.5,2.375,0,0.41121,2.930627,8
92b049f85e01081d,16,0.475,0,0,54,3,5,10,7.125,2.109375,0,0.464931,3.156374,8
9d5e9324eba098fd,16,0.55,0,0,92,2,4,12,8.25,3.9375,0,0.556268,3.71069,8
0e5c512594bfd752,16,0.433333,0,0,42,3,3,10,6.5,3.375,0,0.39876,2.646,8
33f096ab03c2081b,16,0.475,0,0,54,2,5,10,7.125,1.734375,0,0.443403,3.347401,8
31130a36c540eee0,16,0.516667,0,0,70,2,5,10,7.75,1.8125,0,0.5063,3.695827,8
9df160c365583a6b,16,0.466667,0,0,65,3,2,11,7.0,5.25,0,0.555686,1.796306,8
e82c1ba57f58fcb4,16,0.425,0,0,39,3,5,10,6.375,2.359375,0,0.413591,2.907545,8
41fb8beabe722e43,16,0.5,0,0,78,2,3,11,7.5,4.875,0,0.565359,2.663567,8
9ebab68694c07a54,16,0.433333,0,0,48,3,3,10,6.5,3.5,0,0.434772,2.507734,8
6522542a53059d1d,16,0.375,0,0,28,3,2,8,5.625,3.234375,0,0.400893,1.558657,8
8ffecc187a291520,16,0.333333,0,0,22,3,1,8,5.0,4.25,0,0.355952,0.904196,8
d201bb75f9162aa6,16,0.491667,0,0,77,2,3,12,7.375,5.984375,0,0.551984,2.693496,8
519dd0db64a32259,16,0.5,0,0,61,2,4,10,7.5,2.375,0,0.424008,3.603245,8
5b9733df992d7ca9,16,0.483333,0,0,60,2,5,11,7.25,2.4375,0,0.482247,3.515183,8
9be6ee7fd2033888,16,0.491667,0,0,61,2,6,9,7.375,1.359375,0,0.470188,3.814341,8
f48f83d38a3dc2f7,16,0.45,0,0,54,3,4,10,6.75,3.8125,0,0.466468,2.595147,8
76bc04a29c8900f2,16,0.458333,0,0,57,3,3,10,6.875,4.734375,0,0.502877,2.598177,8
45ad30003b38ef92,16,0.475,0,0,58,3,5,12,7.125,3.234375,0,0.480195,3.480013,8
bedcdb9fe39d6bae,16,0.516667,0,0,71,2,5,10,7.75,1.9375,0,0.502579,4.061006,8
0d2065574a944206,16,0.408333,0,0,38,3,3,11,6.125,3.109375,0,0.391667,2.505569,8
457a8f4add811402,16,0.441667,0,0,42,3,4,9,6.625,2.234375,0,0.39256,2.825166,8
9871e36c5ce7a70b,16,0.458333,0,0,61,3,1,10,6.875,6.484375,0,0.460268,0.953417,8
aa30008a967c6ed5,16,0.575,0,0,105,2,4,12,8.625,3.359375,0,0.590242,3.716731,8
d1e4506fa51751b1,16,0.508333,0,0,66,2,4,10,7.625,2.734375,0,0.469246,3.436846,8
ed66b0c8c46d88a7,16,0.583333,0,0,96,2,6,11,8.75,1.5625,0,0.521821,5.558872,8
3048b99c9dc98fae,16,0.508333,0,0,67,2,5,10,7.625,2.859375,0,0.475198,4.108655,8
767cae7ed018302c,16,0.516667,0,0,72,2,5,12,7.75,3.9375,0,0.476777,4.128459,8
7a1f3b1ac4a18f93,16,0.491667,0,0,73,3,3,13,7.375,4.859375,0,0.58555,2.361452,8
03f8b73a7b89a1df,16,0.5,0,0,67,3,4,11,7.5,3.25,0,0.502661,3.288171,8
a4a8f274403fab75,16,0.566667,0,0,94,2,6,11,8.5,2.0,0,0.528283,4.931775,8
4bb34f12ee16f084,16,0.558333,0,0,92,2,5,11,8.375,2.484375,0,0.548192,4.25109,8
9b93f04e5f170900,16,0.5,0,0,65,3,5,11,7.5,2.875,0,0.483374,3.905814,8
daf29b9e1455a1e3,16,0.483333,0,0,69,3,3,11,7.25,5.3125,0,0.560133,2.679607,8
ed35c0dc644864df,16,0.516667,0,0,72,2,5,11,7.75,2.9375,0,0.492239,4.179798,8
a1f51b4654d9e678,16,0.433333,0,0,42,3,4,9,6.5,2.0,0,0.429117,2.811609,8
baf1bf14c079ad9e,16,0.55,0,0,88,3,5,11,8.25,3.0625,0,0.53451,3.869321,8
8cd815c04cd40369,16,0.491667,0,0,67,2,5,11,7.375,3.734375,0,0.508694,3.315201,8
d51e31e4b3372fc8,16,0.508333,0,0,75,3,3,10,7.625,2.859375,0,0.515179,2.665583,8
324c1c38d7c58110,16,0.458333,0,0,54,2,5,10,6.875,2.984375,0,0.480556,3.369992,8
15111f15fcf45853,16,0.508333,0,0,65,2,4,11,7.625,3.859375,0,0.444661,3.685879,8
5cfc68ab7c211a86,16,0.5,0,0,72,3,4,11,7.5,3.5,0,0.492925,2.951567,8
485893c2edea0ac8,16,0.483333,0,0,67,3,4,10,7.25,4.8125,0,0.480109,3.328591,8
94fea524eb25add0,16,0.475,0,0,55,2,4,10,7.125,2.359375,0,0.452282,3.288069,8
9336c09d1fcaff3d,16,0.55,0,0,85,2,6,11,8.25,1.4375,0,0.531629,4.568181,8
97a2b8253d457470,16,0.566667,0,0,111,3,4,12,8.5,4.5,0,0.607039,3.288544,8
7bd7cbbbffdd8941,16,0.541667,0,0,93,2,5,11,8.125,3.859375,0,0.532918,3.945808,8
3690c6704d409cfc,16,0.516667,0,0,75,3,4,12,7.75,3.6875,0,0.49591,3.355925,8
6fe7e5d8ee292b13,16,0.5,0,0,68,2,5,12,7.5,3.875,0,0.506209,3.765514,8
82467e036ddaaaf0,16,0.533333,0,0,86,2,5,12,8.0,4.0,0,0.536129,4.035468,8
401b1e8a83b94711,16,0.425,0,0,40,3,3,9,6.375,3.734375,0,0.405754,2.535107,8
b8d5b97120ab5ae8,16,0.5,0,0,72,3,4,11,7.5,4.0,0,0.514502,3.322233,8
308a01e617f45089,16,0.541667,0,0,90,2,5,11,8.125,3.734375,0,0.55804,3.936055,8
57e548a12d9b89cd,16,0.466667,0,0,47,3,4,9,7.0,2.5,0,0.396478,3.436508,8
0565c21282558e8d,16,0.525,0,0,76,2,5,12,7.875,2.859375,0,0.510705,4.231694,8
ac0c0c2cc3fa1615,16,0.491667,0,0,59,2,4,10,7.375,2.984375,0,0.44995,3.584552,8
ddbbca1bd0a986ca,16,0.525,0,0,69,2,6,10,7.875,1.484375,0,0.475298,4.325355,8
2f85a32e2c6cb219,16,0.5,0,0,65,2,5,11,7.5,1.875,0,0.47941,3.965515,8
9b0802adf7393312,16,0.5,0,0,60,3,5,11,7.5,2.375,0,0.451339,3.509617,8
b99e504eb38be72f,16,0.5,0,0,67,2,5,10,7.5,1.625,0,0.504216,4.12726,8
b1a6d6a47950aa0c,16,0.5,0,0,60,2,5,10,7.5,1.875,0,0.45129,4.085817,8
11575f2ea8bf0906,16,0.558333,0,0,94,2,5,11,8.375,3.234375,0,0.536098,4.168015,8
02d48adc7d8dc775,16,0.5,0,0,66,3,4,10,7.5,2.75,0,0.488294,3.261245,8
cb9204c10677d2a2,16,0.516667,0,0,65,2,5,10,7.75,2.4375,0,0.45119,4.16216,8
1500473bb778d942,16,0.45,0,0,44,2,4,9,6.75,1.9375,0,0.40377,3.340879,8
7abfc4db0b05956c,16,0.475,0,0,51,3,3,10,7.125,2.859375,0,0.439534,2.583408,8
4d06fe3c66e3ca8b,16,0.475,0,0,64,3,4,10,7.125,4.734375,0,0.510218,3.101088,8
9e15ca11702d7f4a,16,0.541667,0,0,87,2,5,11,8.125,3.484375,0,0.528057,4.063445,8
8956855c513d33d3,16,0.416667,0,0,43,3,2,10,6.25,3.8125,0,0.447222,1.698974,8
2eb635570ff82b14,16,0.558333,0,0,99,3,6,12,8.375,3.859375,0,0.573386,4.375512,8
c904bd7217a90842,16,0.583333,0,0,105,2,6,11,8.75,1.9375,0,0.563803,4.98389,8
cf8cb0f015783212,16,0.6,0,0,118,2,6,13,9.0,4.125,0,0.586244,4.876276,8
115ccc01893793a0,16,0.533333,0,0,81,2,5,12,8.0,3.0,0,0.507233,4.230082,8
822566f4a3e1fd6f,16,0.475,0,0,54,3,4,10,7.125,2.609375,0,0.420635,3.505229,8
06bab7f928fa035d,16,0.483333,0,0,60,3,4,10,7.25,2.6875,0,0.490526,3.055548,8
2a032f15b8998492,16,0.583333,0,0,117,2,5,14,8.75,5.1875,0,0.629286,4.496392,8
f63ceb06355d491a,16,0.466667,0,0,54,2,4,11,7.0,3.75,0,0.473909,3.477201,8
2e1054506cff0b42,16,0.508333,0,0,79,3,4,11,7.625,4.609375,0,0.550546,2.988303,8
d39efe02f64bbbe4,16,0.491667,0,0,69,2,5,12,7.375,3.484375,0,0.523102,3.445719,8
82a82d573933d3bb,16,0.45,0,0,49,2,4,10,6.75,3.0625,0,0.439038,3.328617,8
1a90afc7e7c9fbcc,16,0.416667,0,0,42,3,2,11,6.25,4.3125,0,0.409673,1.752182,8
30f8b364aec46932,16,0.4,0,0,38,3,3,10,6.0,4.125,0,0.429167,2.224672,8
fac22d71bf6d3b79,16,0.466667,0,0,62,2,3,11,7.0,4.75,0,0.546726,2.656582,8
d7d38c0f1d09bc06,16,0.433333,0,0,45,3,4,10,6.5,2.75,0,0.459673,2.893993,8
99bb5c44b26b872d,16,0.5,0,0,74,3,4,12,7.5,5.125,0,0.513542,3.254227,8
aa08db1449891c6b,16,0.466667,0,0,59,2,3,10,7.0,4.25,0,0.515526,2.808125,8
26a69d217f62c323,16,0.516667,0,0,76,3,4,12,7.75,3.0625,0,0.508324,3.373691,8
38f2a415556ceb9e,16,0.433333,0,0,42,3,4,10,6.5,2.875,0,0.450198,2.551477,8
dcdf931d051e80f9,16,0.533333,0,0,78,2,5,10,8.0,2.375,0,0.51245,4.33044,8
37eb0744f7196bf3,16,0.533333,0,0,81,2,5,12,8.0,2.875,0,0.531264,4.313367,8
80468cd72dffc2b2,16,0.475,0,0,62,3,2,11,7.125,4.484375,0,0.533617,1.751452,8
2ba7db5e6324953b,16,0.5,0,0,65,2,5,12,7.5,3.125,0,0.48589,3.733453,8
9e6b9e04692fb22a,16,0.575,0,0,108,2,6,13,8.625,4.359375,0,0.584974,4.55298,8
0a8204af8fc76271,16,0.508333,0,0,63,2,5,10,7.625,1.609375,0,0.465129,4.040962,8
e6a72e4107e0e685,16,0.5,0,0,67,3,3,10,7.5,3.25,0,0.441964,2.449227,8
064510be761cd3dd,16,0.475,0,0,52,3,4,10,7.125,2.484375,0,0.424752,3.070657,8
1d5fc30f0aa73fc8,16,0.491667,0,0,64,2,5,12,7.375,3.359375,0,0.447962,3.862965,8
7262451a4f1fb50e,16,0.516667,0,0,75,2,5,11,7.75,2.8125,0,0.539651,4.203449,8
d13e3f18ce94233c,16,0.433333,0,0,45,3,3,11,6.5,3.875,0,0.434966,2.455841,8
2bc5f0a9d8b9c1ff,16,0.558333,0,0,98,2,5,13,8.375,3.609375,0,0.5689,3.889489,8
d072f083c34515d7,16,0.566667,0,0,106,2,5,11,8.5,3.75,0,0.586986,4.092952,8
1bc283105e1481fe,16,0.425,0,0,40,3,4,9,6.375,2.484375,0,0.431746,2.821325,8
f5e60fd720f14ceb,16,0.491667,0,0,67,3,4,10,7.375,3.734375,0,0.508532,3.261899,8
2a2dd46b38f75873,16,0.5,0,0,81,3,2,11,7.5,6.375,0,0.528143,1.839212,8
44eedb8168512ffe,16,0.525,0,0,86,2,4,11,7.875,4.359375,0,0.597718,3.513161,8
1cfe3c10534052a9,16,0.483333,0,0,59,2,5,10,7.25,2.4375,0,0.468056,3.795512,8
414af337102b4d2c,16,0.483333,0,0,64,3,3,9,7.25,2.6875,0,0.52877,2.35841,8
02adfd3e4f7c1e38,16,0.616667,0,0,128,2,6,14,9.25,3.8125,0,0.613267,5.342507,8
e59483f1fb31d414,16,0.433333,0,0,38,2,3,9,6.5,2.25,0,0.36875,2.709794,8
bf439fba76fb5836,16,0.5,0,0,68,3,3,11,7.5,3.375,0,0.481331,2.585771,8
0a3edf5cfceac696,16,0.566667,0,0,101,2,5,12,8.5,3.75,0,0.562865,4.328416,8
5830c003a1792978,16,0.508333,0,0,69,2,5,10,7.625,2.234375,0,0.48626,4.229651,8
dbdc785530f4fced,16,0.5,0,0,73,3,5,11,7.5,3.0,0,0.550428,3.341301,8
3d6ad319a0ef14e0,16,0.516667,0,0,69,2,5,9,7.75,1.3125,0,0.483631,4.054065,8
9baa3eec283b3859,16,0.558333,0,0,93,2,5,12,8.375,3.609375,0,0.546451,4.411722,8
6810a37f14611b3c,16,0.516667,0,0,70,2,4,11,7.75,3.4375,0,0.470261,3.739391,8
9cab7182f9020769,16,0.516667,0,0,82,2,4,11,7.75,3.6875,0,0.573507,3.244305,8
52cef644869e86fc,16,0.483333,0,0,61,3,4,10,7.25,3.4375,0,0.46498,2.958163,8
80e990c2798f5598,16,0.45,0,0,49,2,3,10,6.75,3.0625,0,0.502381,2.592886,8
70cda97f4d465fe6,16,0.458333,0,0,66,3,2,11,6.875,5.109375,0,0.502805,1.858506,8
ccd7746cce60a351,16,0.491667,0,0,72,3,4,11,7.375,4.859375,0,0.51085,3.078091,8
8b92ab2567f382e0,16,0.566667,0,0,99,3,5,10,8.5,2.25,0,0.573214,3.786894,8
c43f796b52c017da,16,0.508333,0,0,71,3,4,11,7.625,3.484375,0,0.510651,3.195675,8
d74c50c83882c72e,16,0.541667,0,0,79,2,6,10,8.125,2.234375,0,0.49251,4.991926,8
95a822f4dff533c1,16,0.55,0,0,84,2,6,11,8.25,1.6875,0,0.509488,4.382558,8
ec986e58c25da00b,16,0.458333,0,0,47,3,4,10,6.875,2.609375,0,0.398115,3.077835,8
311795fe5e2bbd21,16,0.458333,0,0,61,3,3,12,6.875,5.859375,0,0.518813,2.27768,8
93e12655565c20ac,16,0.533333,0,0,92,3,4,14,8.0,5.125,0,0.576561,3.533001,8
9f8f62b7eaf521f0,16,0.608333,0,0,128,2,6,11,9.125,2.984375,0,0.642857,5.217064,8
ab89b46c797e7bd6,16,0.508333,0,0,75,2,5,11,7.625,2.984375,0,0.532206,3.509561,8
3ce7ea2c9073299b,16,0.533333,0,0,75,2,5,10,8.0,2.25,0,0.476587,4.201125,8
a5a1c0f1194c7743,16,0.491667,0,0,66,3,4,10,7.375,3.734375,0,0.524306,3.342416,8
df8ce7c29cb83a4d,16,0.516667,0,0,74,3,5,11,7.75,2.3125,0,0.499572,3.822467,8
03c9b83f7f988008,16,0.55,0,0,91,2,5,10,8.25,2.8125,0,0.54003,3.921583,8
4fb9bbae66e14af4,16,0.608333,0,0,119,2,6,12,9.125,2.109375,0,0.596668,5.187165,8
658ef70ee0a03b4d,16,0.625,0,0,131,2,7,13,9.375,2.234375,0,0.601453,5.869335,8
1745c1c17cc1e55b,16,0.591667,0,0,124,2,3,12,8.875,6.234375,0,0.629857,2.892681,8
35ad3c7091aeead1,16,0.491667,0,0,59,2,6,10,7.375,1.734375,0,0.455308,3.936865,8
222a92de9c3da49d,16,0.541667,0,0,85,2,5,12,8.125,3.734375,0,0.526759,4.294641,8
b15188a900dce3dc,16,0.675,0,0,166,2,7,13,10.125,2.234375,0,0.658488,6.460443,8
43e7e44730768341,16,0.55,0,0,90,2,5,13,8.25,3.5625,0,0.53459,4.2264,8
8bc187d543a1fa1c,16,0.616667,0,0,132,2,5,12,9.25,2.9375,0,0.616288,4.704157,8
e79b7faa21860d73,16,0.55,0,0,91,3,5,12,8.25,3.3125,0,0.567307,4.175783,8
d7dbe1b46afad6ca,16,0.566667,0,0,98,2,6,12,8.5,2.875,0,0.56181,4.845414,8
a36c5cb07e8c7ed0,16,0.5,0,0,68,3,5,11,7.5,3.0,0,0.499576,3.527586,8
35791f6bf028d4c8,16,0.433333,0,0,39,2,5,10,6.5,2.125,0,0.391022,3.071236,8
98eb909742168abf,16,0.541667,0,0,82,2,6,11,8.125,1.734375,0,0.523837,4.395948,8
6c884cbc4a6927b1,16,0.525,0,0,80,2,5,11,7.875,3.734375,0,0.505786,4.062403,8
d60bea6478b613cb,16,0.591667,0,0,109,2,7,12,8.875,2.234375,0,0.579153,5.194927,8
f0090c11bc8bbb93,16,0.591667,0,0,112,2,6,12,8.875,3.359375,0,0.572849,4.912217,8
4db6e050de226f88,16,0.541667,0,0,90,2,4,12,8.125,4.984375,0,0.561765,3.568266,8
542e9bb042463af5,16,0.558333,0,0,95,2,5,11,8.375,2.984375,0,0.556367,3.977277,8
356e2a8d024dfa43,16,0.608333,0,0,140,2,5,12,9.125,4.859375,0,0.675325,4.079694,8
25b2d579ff1af760,16,0.491667,0,0,57,2,5,10,7.375,2.609375,0,0.435169,3.811358,8
32231e676b48c074,16,0.55,0,0,91,2,6,13,8.25,2.6875,0,0.553465,4.998457,8
0e8b1a0380c56413,16,0.575,0,0,103,2,5,11,8.625,3.359375,0,0.550293,4.170927,8
051679a588434db3,16,0.558333,0,0,101,2,5,13,8.375,4.984375,0,0.587236,4.308079,8
61f2b9c9e48661b1,16,0.5,0,0,63,3,4,10,7.5,2.875,0,0.457292,3.393028,8
922f0298d835f871,16,0.433333,0,0,46,3,2,9,6.5,3.625,0,0.446181,1.775174,8
ba7820f56ce3265d,16,0.466667,0,0,48,2,3,10,7.0,2.875,0,0.416518,2.772303,8
6a97d38e131e8018,16,0.533333,0,0,78,2,5,10,8.0,1.625,0,0.508085,4.290549,8
84678fe71cd37dc5,16,0.558333,0,0,94,2,6,11,8.375,3.359375,0,0.553048,4.729725,8
7a893fec31518534,16,0.491667,0,0,60,2,6,10,7.375,1.984375,0,0.473313,3.99518,8
908580e4b2b84634,16,0.525,0,0,75,2,5,11,7.875,2.359375,0,0.503747,4.211324,8
63fa40ae468f9ce7,16,0.516667,0,0,74,2,4,11,7.75,3.5625,0,0.493286,3.64895,8
f96841239a05b4b1,16,0.608333,0,0,129,2,6,14,9.125,4.234375,0,0.638775,5.2624,8
05f786367a38c656,16,0.525,0,0,76,3,6,10,7.875,1.859375,0,0.499504,3.919432,8
a85fd831dbf4a68b,16,0.616667,0,0,135,2,6,14,9.25,3.9375,0,0.639201,4.90125,8
e01ae3ca3a798d42,16,0.516667,0,0,70,2,5,10,7.75,1.8125,0,0.475843,4.06308,8
5bbcc52da3dc50fe,16,0.458333,0,0,53,3,3,10,6.875,3.734375,0,0.434921,2.481929,8
c89d0204be08cf72,16,0.583333,0,0,124,3,4,13,8.75,6.4375,0,0.680865,3.5232,8
c240956a6e40c2b9,16,0.541667,0,0,77,2,6,12,8.125,2.109375,0,0.480258,4.676405,8
2a3e64a0655c2fb0,16,0.625,0,0,138,2,6,13,9.375,4.234375,0,0.639714,5.569619,8
c1051051a6b3ef7b,16,0.575,0,0,107,2,5,13,8.625,3.484375,0,0.591052,4.299639,8
b3b317db3a1e330f,16,0.516667,0,0,69,2,5,11,7.75,2.8125,0,0.479252,4.175371,8
68816204cb04be80,16,0.533333,0,0,75,2,5,11,8.0,2.875,0,0.489123,4.321147,8
8e9c93c2bbe157ba,16,0.5,0,0,62,2,5,10,7.5,2.25,0,0.439534,4.060251,8
e36a3e3be35a959c,16,0.583333,0,0,107,2,6,12,8.75,2.6875,0,0.569765,4.932535,8
04d8a7f38ac0c0bd,16,0.608333,0,0,129,2,6,12,9.125,3.984375,0,0.642654,4.501691,8
e6701b07bb2c7abc,16,0.591667,0,0,101,2,7,12,8.875,1.859375,0,0.525857,5.95826,8
daf21f50c1ed84f0,16,0.55,0,0,104,2,5,13,8.25,5.1875,0,0.593922,3.879871,8
beace286e6562aab,16,0.516667,0,0,78,2,5,12,7.75,3.4375,0,0.538442,4.006024,8
152258b68ac32d6c,16,0.475,0,0,60,3,4,11,7.125,3.234375,0,0.477174,3.136873,8
691e0f9bfc3e8089,16,0.533333,0,0,81,3,5,10,8.0,2.375,0,0.530506,4.147012,8
0eb673989e275c23,16,0.516667,0,0,68,3,5,10,7.75,2.0625,0,0.461657,4.15849,8
440c5e4c9ce030e2,16,0.566667,0,0,90,2,6,10,8.5,1.5,0,0.522073,5.081844,8
29bbfdf1f055429b,16,0.533333,0,0,80,3,5,10,8.0,3.25,0,0.518105,4.117919,8
6b79df9c096bb7cc,16,0.55,0,0,95,2,6,13,8.25,3.6875,0,0.578974,4.207376,8
765e7114bd4c7a11,16,0.541667,0,0,90,3,5,12,8.125,3.234375,0,0.563343,3.6333,8
3dac3bd9a4f344d1,16,0.591667,0,0,116,3,5,12,8.875,2.859375,0,0.606061,4.328012,8
97772b360a93ae51,16,0.6,0,0,116,2,5,11,9.0,2.125,0,0.590968,4.443389,8
c16db2af437a2777,16,0.541667,0,0,88,3,5,12,8.125,3.109375,0,0.555619,4.120258,8
98828f2d72f12aa9,16,0.558333,0,0,97,2,5,11,8.375,3.359375,0,0.56016,4.183287,8
a21486255badeca7,16,0.533333,0,0,83,2,5,11,8.0,1.875,0,0.529045,4.332389,8
b4cfff71eb7fddd1,16,0.533333,0,0,87,2,4,11,8.0,3.125,0,0.55529,3.690604,8
af545473a6420dea,16,0.558333,0,0,108,3,4,13,8.375,5.984375,0,0.589305,3.071142,8
22682f319bb00742,16,0.566667,0,0,107,3,3,11,8.5,3.875,0,0.611634,2.809052,8
e708610867d11d67,16,0.541667,0,0,82,2,6,12,8.125,2.359375,0,0.509019,4.285789,8
05e4835d6204e6c5,16,0.516667,0,0,65,2,5,10,7.75,1.8125,0,0.443105,4.203082,8
e53502d7d4c17e77,16,0.591667,0,0,116,2,6,13,8.875,3.859375,0,0.60589,5.306944,8
dcf347593dc96484,16,0.55,0,0,98,2,4,12,8.25,4.5625,0,0.592677,3.269058,8
f95df9277ca01633,16,0.608333,0,0,129,2,6,12,9.125,3.359375,0,0.635493,4.658175,8
82ebf6dd2b2ec7ec,16,0.575,0,0,101,2,5,12,8.625,3.109375,0,0.565391,4.481711,8
5368081fe78ee573,16,0.541667,0,0,80,2,6,10,8.125,1.859375,0,0.509077,4.749996,8
6ab8d6d3867f981d,16,0.541667,0,0,87,2,5,12,8.125,3.484375,0,0.545951,4.49492,8
34be7bed04402fc0,16,0.55,0,0,89,2,5,12,8.25,3.4375,0,0.548106,4.43178,8
323e2f87c543b2e9,16,0.508333,0,0,70,3,4,11,7.625,3.609375,0,0.489917,3.299691,8
d047757e1419447d,16,0.641667,0,0,151,2,7,13,9.625,3.984375,0,0.656595,5.637947,8
bea165270d6a5f81,16,0.566667,0,0,100,2,5,11,8.5,2.5,0,0.570103,4.1693,8
c82b1b958b29bc4c,16,0.6,0,0,119,2,6,13,9.0,2.875,0,0.607919,5.164041,8
80412599c0c683ce,16,0.533333,0,0,91,2,3,12,8.0,4.75,0,0.587135,2.820604,8
d6967d647a408f1a,16,0.6,0,0,111,2,7,11,9.0,1.625,0,0.56484,5.644508,8
16b6c00e0b051d86,16,0.616667,0,0,127,2,6,13,9.25,3.3125,0,0.601657,5.232383,8
84c2c774e4f1abbe,16,0.583333,0,0,106,3,5,11,8.75,2.8125,0,0.569571,4.156671,8
14d4a60f81e9af7f,16,0.583333,0,0,110,2,5,13,8.75,3.6875,0,0.587375,4.430845,8
9557cc8c384d495e,16,0.525,0,0,71,2,5,9,7.875,1.359375,0,0.475496,4.374581,8
43604d4b9475c4f0,16,0.591667,0,0,110,2,6,11,8.875,2.234375,0,0.579352,4.995963,8
68e467facf9d5e24,16,0.566667,0,0,103,3,5,11,8.5,3.375,0,0.599197,4.061151,8
9e11d96e07ae7c32,16,0.591667,0,0,115,2,6,12,8.875,3.234375,0,0.597479,5.008749,8
8d957002f3b36aca,16,0.591667,0,0,107,2,7,12,8.875,1.984375,0,0.550113,5.546429,8
520018dd693ac2a6,16,0.566667,0,0,103,2,5,12,8.5,3.75,0,0.5892,4.237076,8
237bd1cac9f92765,16,0.525,0,0,81,2,4,12,7.875,4.234375,0,0.522128,3.633747,8
9a05092d060ecf4c,16,0.558333,0,0,88,2,5,11,8.375,3.109375,0,0.500622,4.375977,8
771ea78b44332880,16,0.616667,0,0,132,2,6,13,9.25,3.9375,0,0.622621,5.261217,8
dc80063637a9d91c,16,0.591667,0,0,107,2,7,12,8.875,1.484375,0,0.560935,5.544427,8
d5f4c3c5957699ce,16,0.575,0,0,106,2,5,12,8.625,3.734375,0,0.579663,4.234678,8
18164a6cd1bd4d47,16,0.641667,0,0,152,2,5,13,9.625,3.859375,0,0.653649,4.713655,8
ee20585f85349925,16,0.608333,0,0,122,2,6,12,9.125,2.859375,0,0.603089,5.101631,8
5de0d3497ae157bf,16,0.6,0,0,116,2,7,12,9.0,2.25,0,0.594683,5.5167,8
88991c229b37df46,16,0.583333,0,0,108,2,4,12,8.75,3.1875,0,0.566383,3.644062,8
cc62f34aea984002,16,0.633333,0,0,141,2,7,13,9.5,3.125,0,0.630337,5.847335,8
4fda487f72b83640,16,0.666667,0,0,157,2,7,12,10.0,1.625,0,0.637928,6.282389,8
97c25b872694b89a,16,0.5,0,0,74,2,4,12,7.5,4.375,0,0.530434,3.185822,8
8c7af45c1d0093dd,16,0.575,0,0,113,2,6,12,8.625,3.609375,0,0.618164,4.264822,8
8e87f98f40ef0f37,16,0.575,0,0,97,2,6,11,8.625,2.359375,0,0.536923,4.991253,8
2ced8ba81d8b693d,16,0.6,0,0,132,3,3,13,9.0,5.375,0,0.654228,2.846333,8
cece6fd8e455b78f,16,0.566667,0,0,97,2,6,12,8.5,3.25,0,0.562243,4.401298,8
d8d485a2aa317de0,16,0.558333,0,0,90,2,6,11,8.375,2.359375,0,0.535719,4.784567,8
3efd890912f5e313,16,0.616667,0,0,126,2,6,13,9.25,3.6875,0,0.58976,5.211881,8
63ecaf0f6f6691c5,16,0.675,0,0,170,2,7,13,10.125,2.984375,0,0.674806,6.264016,8
6a069b03efe22627,16,0.566667,0,0,102,2,5,11,8.5,3.125,0,0.577927,4.313388,8
f9a31d9f9c7f3258,16,0.508333,0,0,66,2,4,11,7.625,3.109375,0,0.453161,3.626813,8
5fe8104baabd833a,16,0.608333,0,0,117,2,7,12,9.125,1.859375,0,0.572439,5.728464,8
70f9501b0afe3800,16,0.683333,0,0,174,2,7,13,10.25,2.5625,0,0.679385,6.410081,8
138016ce9feae29d,16,0.575,0,0,111,2,5,11,8.625,3.234375,0,0.595892,4.112983,8
cc8f4cab731de8d4,16,0.591667,0,0,124,2,6,13,8.875,5.359375,0,0.634273,4.669998,8
e38d8fcbdc912fa3,16,0.608333,0,0,126,2,7,13,9.125,2.984375,0,0.615749,5.460217,8
1e1678940e8fa0b5,16,0.575,0,0,107,3,3,11,8.625,4.234375,0,0.572123,2.835716,8
9943397a9ab4cd7f,16,0.591667,0,0,130,2,5,14,8.875,5.109375,0,0.673827,4.090816,8
7adbe64868b7887b,16,0.558333,0,0,85,2,6,10,8.375,2.109375,0,0.499107,4.934573,8
3622034ac36c78f9,16,0.583333,0,0,130,3,2,12,8.75,7.1875,0,0.597921,1.941446,8
8c2524b749097855,16,0.616667,0,0,130,2,7,14,9.25,3.3125,0,0.62658,5.609916,8
8ec7e1be79d5c5d0,16,0.575,0,0,109,2,6,14,8.625,3.859375,0,0.603062,4.772768,8
b840be4f74fb6d94,16,0.633333,0,0,133,2,7,11,9.5,1.5,0,0.603729,5.93075,8
197de4ab61c0023d,16,0.583333,0,0,103,2,5,11,8.75,2.9375,0,0.55009,4.665568,8
0edc677418174e2e,16,0.55,0,0,95,2,5,13,8.25,4.0625,0,0.58868,4.135423,8
db20eb1f10a26bd9,16,0.5,0,0,66,2,5,10,7.5,2.5,0,0.472421,3.816335,8
efa290f63836eb8a,16,0.558333,0,0,103,2,5,12,8.375,4.234375,0,0.581791,3.928931,8
e3a89da37f2938dd,16,0.616667,0,0,132,2,6,13,9.25,4.4375,0,0.632587,5.491458,8
6c9ddbf98716d6d8,16,0.575,0,0,97,2,7,11,8.625,1.734375,0,0.546307,5.316759,8
52059963a4268ed7,16,0.608333,0,0,139,2,5,13,9.125,6.484375,0,0.670612,4.351076,8
0b3787694f2b8ce3,16,0.65,0,0,144,2,8,13,9.75,1.4375,0,0.623104,6.642773,8
4831f9296b253423,16,0.591667,0,0,115,2,4,12,8.875,3.609375,0,0.58952,3.730043,8
d485437030745f5c,16,0.583333,0,0,107,2,5,12,8.75,3.0625,0,0.578589,4.487948,8
2cc2c2004ba801ea,16,0.641667,0,0,145,2,7,13,9.625,2.484375,0,0.639883,5.753427,8
8f87b1e88573dbf8,16,0.566667,0,0,97,3,5,11,8.5,3.0,0,0.547394,4.168389,8
e345fe9b223aedd0,16,0.625,0,0,139,2,5,12,9.375,3.359375,0,0.647412,4.488201,8
7dc85208d704a58d,16,0.6,0,0,121,2,7,12,9.0,3.125,0,0.619142,5.191806,8
1164fcc2f94ee139,16,0.583333,0,0,103,2,6,10,8.75,1.5625,0,0.548413,4.959527,8
cd0df9071fe5d88c,16,0.608333,0,0,119,2,7,13,9.125,2.484375,0,0.592086,5.543714,8
2b0ca1573b80eea0,16,0.566667,0,0,104,2,5,11,8.5,3.25,0,0.584298,4.098702,8
11b44ad445d49207,16,0.575,0,0,95,2,6,11,8.625,2.234375,0,0.519413,5.485498,8
4f46e2266b1c3494,16,0.541667,0,0,96,3,3,11,8.125,4.234375,0,0.562261,2.76706,8
2c757efe7b429e2f,16,0.691667,0,0,182,2,8,14,10.375,2.609375,0,0.690367,6.92675,8
4a30199fa4cf74b8,16,0.633333,0,0,133,2,6,12,9.5,2.0,0,0.61048,5.348624,8
5ba9ce7e4220467b,16,0.533333,0,0,91,3,4,12,8.0,4.0,0,0.5546,3.270332,8
f874efb7cf30701c,16,0.558333,0,0,109,3,4,12,8.375,5.359375,0,0.631512,3.410083,8
f444b3d1f6d4d431,16,0.616667,0,0,127,2,6,13,9.25,3.5625,0,0.615968,5.289845,8
88300bd3bb42039f,16,0.583333,0,0,117,2,5,13,8.75,4.5625,0,0.624739,4.088564,8
58934a1c8105b562,16,0.575,0,0,101,2,6,12,8.625,1.859375,0,0.563591,5.065477,8
2ef4d36aa1fc6e50,16,0.658333,0,0,167,2,4,14,9.875,4.734375,0,0.68693,3.830086,8
510b10e6242c010b,16,0.483333,0,0,58,2,5,11,7.25,2.9375,0,0.437193,3.76913,8
5b883fdf8c3ea98e,16,0.541667,0,0,83,2,5,11,8.125,2.359375,0,0.508703,4.210932,8
31bf28186d34b530,16,0.591667,0,0,108,2,6,11,8.875,1.734375,0,0.564056,5.280943,8
79cb4648d0bf8117,16,0.65,0,0,148,2,7,14,9.75,2.5625,0,0.635056,6.361992,8
ccd02425a85d871a,16,0.583333,0,0,105,2,6,11,8.75,2.8125,0,0.570698,5.056063,8
0545d10bf16d98ce,16,0.575,0,0,98,2,5,11,8.625,2.109375,0,0.535263,4.386848,8
2f13d13e1a6c6498,16,0.5,0,0,70,2,5,11,7.5,3.75,0,0.500776,3.781727,8
6462b6cb48d27a8c,16,0.6,0,0,119,2,7,12,9.0,2.375,0,0.605398,5.504722,8
fb274e18077b884f,16,0.658333,0,0,155,2,7,13,9.875,2.109375,0,0.653835,6.362545,8
fe83d6f0712117b3,16,0.641667,0,0,150,2,6,13,9.625,4.109375,0,0.673431,5.597002,8
0176dfd0de4b0764,16,0.616667,0,0,128,2,7,12,9.25,2.5625,0,0.604915,5.454216,8
bb206ac0323d771a,16,0.675,0,0,165,2,7,14,10.125,2.359375,0,0.656446,6.452772,8
4a22d3f30ee86880,16,0.583333,0,0,115,2,4,12,8.75,4.1875,0,0.640219,3.5834,8
df5d8e0c0b5be793,16,0.516667,0,0,76,2,5,12,7.75,3.3125,0,0.52877,3.782955,8
41390b288667bd9d,16,0.616667,0,0,130,2,5,12,9.25,2.9375,0,0.622633,4.507313,8
6faad46a91fb0eef,16,0.575,0,0,105,2,5,12,8.625,2.859375,0,0.578477,4.216202,8
c356e9419a86461f,16,0.6,0,0,117,2,5,11,9.0,2.375,0,0.586801,4.441995,8
006d12bff2907d30,16,0.6,0,0,117,2,7,12,9.0,3.0,0,0.580416,5.291549,8
2cb9df99e35fe8a2,16,0.65,0,0,155,2,7,14,9.75,3.6875,0,0.650201,6.047558,8
2d3e7afebcb20366,16,0.625,0,0,129,2,7,13,9.375,2.859375,0,0.606319,5.688795,8
3f84eb9ef82059f1,16,0.558333,0,0,106,3,3,11,8.375,4.609375,0,0.594354,2.568797,8
a92b33ce2ddec415,16,0.616667,0,0,127,2,7,12,9.25,3.6875,0,0.600108,5.563672,8
863b6401fa8c3620,16,0.625,0,0,132,2,7,12,9.375,1.484375,0,0.627002,5.505214,8
31a84e17ee5fd6eb,16,0.641667,0,0,145,2,6,13,9.625,2.609375,0,0.636673,5.313031,8
9ff609514a5a91a2,16,0.633333,0,0,144,2,6,13,9.5,3.75,0,0.634488,5.492967,8
ead053fafa48aa22,16,0.516667,0,0,70,2,5,11,7.75,2.8125,0,0.485092,4.122129,8
7463d5ef6b0ba6d5,16,0.633333,0,0,139,2,7,12,9.5,2.125,0,0.631119,5.752685,8
1df11ee251580074,16,0.583333,0,0,107,2,7,11,8.75,1.8125,0,0.580425,5.430499,8
3f65604bb17a6b88,16,0.55,0,0,94,2,6,12,8.25,3.4375,0,0.576786,4.442818,8
cdb9adc49f5a6dad,16,0.558333,0,0,99,2,5,12,8.375,4.109375,0,0.573106,4.026368,8
ff78425edc395554,16,0.566667,0,0,103,3,5,12,8.5,3.25,0,0.585854,4.189279,8
db57fa74620b7a56,16,0.475,0,0,57,3,4,11,7.125,3.609375,0,0.459474,2.894687,8
12650e26c110bbf6,16,0.6,0,0,120,2,6,13,9.0,3.125,0,0.604271,5.300098,8
a25d8450f026660c,16,0.6,0,0,126,2,4,13,9.0,4.75,0,0.643941,3.679486,8
8a7ef546c8e930ef,16,0.591667,0,0,124,2,5,14,8.875,5.984375,0,0.636756,4.40728,8
04cd68dcd59d225c,16,0.608333,0,0,123,2,7,11,9.125,2.234375,0,0.609839,5.454342,8
c77f2f80a5658fd0,16,0.633333,0,0,136,2,6,13,9.5,2.625,0,0.612205,5.500202,8
00a3639eb7aa1a2e,16,0.575,0,0,102,2,5,12,8.625,2.734375,0,0.571095,4.283165,8
d3e166ae536c27a5,16,0.591667,0,0,124,2,5,13,8.875,4.609375,0,0.643236,4.117391,8
2be9b5beefec48d0,16,0.591667,0,0,123,2,5,14,8.875,5.734375,0,0.649974,4.483051,8
85a8ad2e9610987b,16,0.55,0,0,88,2,5,11,8.25,3.8125,0,0.539168,4.215601,8
99c9766f23e92990,16,0.658333,0,0,159,2,7,13,9.875,3.984375,0,0.66447,5.893486,8
cffd469c73f0df1c,16,0.558333,0,0,102,2,4,13,8.375,5.859375,0,0.596729,3.787173,8
b18e7e922bc2a4fe,16,0.625,0,0,138,2,6,14,9.375,4.484375,0,0.643078,5.214048,8
4a07df0016f89396,16,0.666667,0,0,164,2,7,13,10.0,2.875,0,0.671321,6.019342,8
b30441ee367e7497,16,0.633333,0,0,136,2,7,13,9.5,3.0,0,0.611662,5.958216,8
d9fe31f46e9be2cc,16,0.658333,0,0,165,2,5,12,9.875,3.984375,0,0.670833,4.478499,8
8f6f6b1917d179ac,16,0.616667,0,0,129,3,6,13,9.25,3.0625,0,0.608527,4.916595,8
59cd623f3cc380e8,16,0.641667,0,0,143,2,7,13,9.625,2.359375,0,0.63665,6.15849,8
dd3cb78f93d383b8,16,0.65,0,0,156,2,6,13,9.75,3.5625,0,0.672052,5.209994,8
170fc8e5aba0575e,16,0.733333,0,0,225,2,7,14,11.0,3.5,0,0.751181,6.141983,8
6195c5d1a9abe1d1,16,0.583333,0,0,107,2,6,12,8.75,2.8125,0,0.561341,4.91918,8
1366189a7d424010,16,0.708333,0,0,205,2,6,15,10.625,4.484375,0,0.728365,5.716197,8
f39ee738fc289270,16,0.65,0,0,151,2,7,13,9.75,3.0625,0,0.654563,6.08628,8
6cd9c97cd8311198,16,0.683333,0,0,175,2,7,12,10.25,2.1875,0,0.67358,6.342877,8
467e41eb484205d7,16,0.725,0,0,226,2,6,15,10.875,4.359375,0,0.766964,5.576995,8
eacafdf0851e3698,16,0.675,0,0,171,2,7,13,10.125,2.734375,0,0.675253,6.575353,8
80adbf471955d0dd,16,0.683333,0,0,177,2,7,13,10.25,2.3125,0,0.694912,5.914976,8
029fb626decddfb2,16,0.55,0,0,91,2,5,11,8.25,2.6875,0,0.540774,4.448097,8
ecf6b8f5df332077,16,0.708333,0,0,202,2,7,13,10.625,2.984375,0,0.730738,6.030846,8
1051488c7063f0c5,16,0.575,0,0,114,2,5,13,8.625,4.734375,0,0.636514,4.004313,8
06e24c79ebcc6d8e,16,0.683333,0,0,169,2,7,13,10.25,2.3125,0,0.661451,6.257206,8
299f5210ec0f02a2,16,0.691667,0,0,191,2,5,14,10.375,4.109375,0,0.715318,4.672095,8
abbca4c3779f1fab,16,0.708333,0,0,194,2,7,13,10.625,2.484375,0,0.697985,6.605418,8
15d2965abecc0033,16,0.625,0,0,134,2,6,12,9.375,3.484375,0,0.614236,5.097251,8
1072e9fb757f347d,16,0.558333,0,0,97,3,3,12,8.375,4.484375,0,0.553851,2.680002,8
e5f5e6a68d7a3264,16,0.575,0,0,98,2,6,11,8.625,1.734375,0,0.549517,4.988515,8
f50f9b392f8e5f65,16,0.666667,0,0,163,2,8,13,10.0,2.375,0,0.666615,6.304486,8
ccee47d10baa57b6,16,0.608333,0,0,117,2,7,11,9.125,1.234375,0,0.586134,5.56943,8
3a5544740e941464,16,0.641667,0,0,145,2,8,14,9.625,3.109375,0,0.644737,5.748934,8
3584fb2aa56eb280,16,0.666667,0,0,175,2,6,14,10.0,5.125,0,0.699823,5.293973,8
b21e24974dd95241,16,0.65,0,0,148,2,7,12,9.75,1.8125,0,0.648386,5.824842,8
6c73834ce2a0c27d,16,0.691667,0,0,190,2,6,13,10.375,3.359375,0,0.719481,5.58111,8
194a05549cff09cb,16,0.666667,0,0,159,2,7,12,10.0,2.25,0,0.641942,6.434445,8
33747165af846652,16,0.683333,0,0,183,2,7,12,10.25,2.5625,0,0.710322,5.551281,8
3f2fd6e2e42961ea,16,0.65,0,0,154,2,5,12,9.75,3.1875,0,0.671334,4.613205,8
9b448d05f5997faf,16,0.558333,0,0,114,2,3,12,8.375,6.359375,0,0.663889,2.580732,8
a22b53ae8eef7a28,16,0.575,0,0,92,2,7,12,8.625,1.984375,0,0.514196,5.153715,8
d4ee8fafb2b509c2,16,0.691667,0,0,180,2,8,12,10.375,2.609375,0,0.676199,6.983295,8
73147f50553b6f0a,16,0.625,0,0,142,2,6,13,9.375,4.109375,0,0.652645,5.122238,8
c8fa4ad0e0c1cccc,16,0.691667,0,0,193,2,8,14,10.375,3.609375,0,0.73071,6.457082,8
b6c576707d8cf81a,16,0.591667,0,0,114,2,6,12,8.875,2.984375,0,0.577782,4.950387,8
bd9d8284487d1966,16,0.683333,0,0,194,2,5,13,10.25,6.3125,0,0.74718,4.838757,8
33f4a2149887b66d,16,0.666667,0,0,162,2,7,14,10.0,3.125,0,0.661176,6.329284,8
aeca7470381c72a2,16,0.658333,0,0,162,2,4,12,9.875,4.234375,0,0.675041,3.893088,8
6befe19c678039d6,16,0.633333,0,0,134,2,5,12,9.5,2.625,0,0.601204,4.606041,8
910b46ed0cbeda85,16,0.7,0,0,186,2,9,12,10.5,1.25,0,0.688731,7.396795,8
13ccff0c0a209aba,16,0.675,0,0,181,2,5,13,10.125,4.609375,0,0.708259,4.70397,8
4ff0ecff4e4c36fb,16,0.6,0,0,111,2,7,11,9.0,1.75,0,0.562658,5.827805,8
1f761bc2824376d4,16,0.691667,0,0,185,2,6,13,10.375,2.984375,0,0.697843,5.682796,8
ab2dfe8ff3ec9eb6,16,0.591667,0,0,110,2,7,11,8.875,1.484375,0,0.584145,5.360466,8
ec87058b70b37fb7,16,0.708333,0,0,198,2,7,13,10.625,2.734375,0,0.709511,6.494558,8
a8386fa93873c954,16,0.766667,0,0,249,2,9,14,11.5,1.625,0,0.762374,8.056961,8
5f9377425cf360ca,16,0.625,0,0,133,2,6,12,9.375,3.109375,0,0.611508,5.414998,8
60ab341c74ce8e83,16,0.666667,0,0,179,2,7,15,10.0,5.0,0,0.722171,5.595999,8
a564893c7da6577e,16,0.666667,0,0,168,2,6,14,10.0,3.25,0,0.680475,5.456028,8
0ffd44386f36e5e7,16,0.7,0,0,184,2,8,12,10.5,1.625,0,0.688249,6.68359,8
9500f38f3649e856,16,0.675,0,0,171,2,7,14,10.125,3.359375,0,0.676791,6.237196,8
af05d66dbe8a3b1f,16,0.625,0,0,136,2,5,13,9.375,3.234375,0,0.611857,4.599233,8
dceeeac57e96d5bf,16,0.641667,0,0,160,2,6,14,9.625,4.609375,0,0.704617,5.042631,8
4b3079057d3a1750,16,0.591667,0,0,121,2,6,13,8.875,3.734375,0,0.63709,4.141811,8
7db250a86cd127e5,16,0.683333,0,0,181,2,6,13,10.25,3.4375,0,0.702942,5.471559,8
74e92ab4e006ad9a,16,0.691667,0,0,180,2,7,13,10.375,2.609375,0,0.680787,6.270469,8
53f54182ab71c73b,16,0.7,0,0,185,2,8,13,10.5,1.625,0,0.682911,7.028901,8
ba6370107d922ef9,16,0.6,0,0,113,2,5,11,9.0,2.375,0,0.576258,4.635006,8
5dd7d6bd50c64d80,16,0.666667,0,0,158,2,8,12,10.0,2.125,0,0.646036,6.516504,8
356a5cf505758f9b,16,0.633333,0,0,140,2,6,12,9.5,3.375,0,0.633992,5.553316,8
c5e04adf23a95478,16,0.616667,0,0,127,2,7,12,9.25,2.9375,0,0.604812,5.578809,8
7063f11b4d390f3a,16,0.633333,0,0,143,2,4,12,9.5,3.625,0,0.650302,3.753016,8
71b422f0341fc0a9,16,0.683333,0,0,175,2,8,13,10.25,2.4375,0,0.674405,6.892748,8
7167cbc808361a3e,16,0.625,0,0,140,3,4,12,9.375,4.484375,0,0.646645,3.619904,8
15700215a1286623,16,0.616667,0,0,130,2,6,13,9.25,3.4375,0,0.62299,5.321952,8
5ee1812118bedc69,16,0.658333,0,0,157,2,7,14,9.875,3.234375,0,0.653709,6.181725,8
a291ff6980caaa2b,16,0.641667,0,0,148,2,6,14,9.625,3.859375,0,0.628183,5.478141,8
31f94bcb05cbbbd8,16,0.608333,0,0,130,2,6,13,9.125,3.359375,0,0.647018,4.717504,8
6d893df05744224c,16,0.666667,0,0,160,2,7,12,10.0,2.25,0,0.641856,6.07681,8
82c4d6ae7380250a,16,0.608333,0,0,132,2,5,13,9.125,4.859375,0,0.641592,4.452541,8
e2ccb4325b83aaab,16,0.7,0,0,188,2,7,13,10.5,2.875,0,0.68838,6.52144,8
eab0d9078b02b466,16,0.725,0,0,217,2,8,14,10.875,3.359375,0,0.744584,6.804599,8
20e3ce28a8d14868,16,0.666667,0,0,173,2,6,12,10.0,4.125,0,0.695053,5.140073,8
08a5f7f065351d02,16,0.658333,0,0,150,2,7,12,9.875,1.859375,0,0.622903,5.907142,8
736f09bde454d6d5,16,0.725,0,0,209,2,8,13,10.875,2.109375,0,0.7186,7.226622,8
a5cc7613386666a1,16,0.625,0,0,135,2,6,13,9.375,3.359375,0,0.645609,5.37397,8
13f93b18edff1fa9,16,0.6,0,0,125,2,4,12,9.0,4.25,0,0.625992,3.652551,8
da1334f7f078ff63,16,0.691667,0,0,178,2,8,13,10.375,2.109375,0,0.678412,6.69525,8
0d5367781440d63a,16,0.641667,0,0,142,2,7,12,9.625,2.609375,0,0.628278,5.985716,8
2d976e558a643428,16,0.6,0,0,127,2,6,12,9.0,4.125,0,0.621185,4.980421,8
c8dd0d99d8159361,16,0.716667,0,0,203,2,9,14,10.75,2.3125,0,0.713595,7.525226,8
c3a34da469bf2177,16,0.725,0,0,204,2,9,13,10.875,1.484375,0,0.702025,8.064293,8
423fcaffaf0404f8,16,0.683333,0,0,176,2,8,12,10.25,2.3125,0,0.675843,6.753144,8
29805ae6cd06ed09,16,0.658333,0,0,155,2,5,12,9.875,2.859375,0,0.634637,4.819976,8
95645f9786b73f00,16,0.716667,0,0,197,2,8,14,10.75,1.9375,0,0.695237,7.452248,8
b75e60ccde05619c,16,0.708333,0,0,195,2,8,14,10.625,2.359375,0,0.70446,7.140878,8
9f6060b258758412,16,0.683333,0,0,183,2,7,13,10.25,3.8125,0,0.694632,6.42949,8
56cda04fd45a12d3,16,0.591667,0,0,110,2,5,12,8.875,2.984375,0,0.564426,4.558646,8
e7f7136a9ea2c3f6,16,0.675,0,0,170,2,8,15,10.125,3.359375,0,0.676001,6.548329,8
02eba872944dfe7a,16,0.675,0,0,167,2,7,13,10.125,2.484375,0,0.672491,6.067586,8
6acde32fd8991c1d,16,0.658333,0,0,157,2,6,13,9.875,2.859375,0,0.65337,5.580535,8
b7566c43ba724e48,16,0.633333,0,0,131,2,7,12,9.5,1.375,0,0.596523,6.067654,8
b428656de9bbd38f,16,0.65,0,0,149,2,8,13,9.75,1.6875,0,0.648765,5.96558,8
4f83d60972c4136a,16,0.591667,0,0,110,2,6,12,8.875,2.734375,0,0.578982,5.227728,8
0fe52b6fdc9421cd,16,0.666667,0,0,158,2,8,12,10.0,1.375,0,0.649666,6.995389,8
fd2d8ad02eb8cd50,16,0.666667,0,0,167,2,6,14,10.0,4.0,0,0.681338,5.445032,8
2decb8f2e87f569e,16,0.666667,0,0,171,2,7,13,10.0,5.0,0,0.694777,5.792092,8
48fac4cb8659668e,16,0.708333,0,0,204,2,5,13,10.625,3.984375,0,0.728706,4.741976,8
4a81a288fd5399cd,16,0.716667,0,0,202,2,7,13,10.75,2.5625,0,0.708438,6.726293,8
6611334bd5ce9924,16,0.716667,0,0,210,2,8,14,10.75,3.4375,0,0.726459,6.743562,8
825f8335166c3a66,16,0.641667,0,0,141,2,6,12,9.625,2.859375,0,0.63359,5.306085,8
eca4d0af977fa585,16,0.708333,0,0,193,2,7,13,10.625,2.609375,0,0.688072,6.544485,8
bc68a30ab7dcdb3e,16,0.75,0,0,229,2,9,14,11.25,1.6875,0,0.736299,8.170216,8
32faf3cfbf990850,16,0.683333,0,0,172,2,7,12,10.25,2.3125,0,0.671947,6.355201,8
b04af6767b5aad8d,16,0.708333,0,0,193,2,8,13,10.625,1.734375,0,0.701345,6.832666,8
403e7eecb3fee6a3,16,0.666667,0,0,156,2,8,12,10.0,1.25,0,0.64108,6.801248,8
10d2f5970828ed56,16,0.691667,0,0,180,2,7,13,10.375,2.484375,0,0.682126,6.612176,8
bc8a5b9ee8306d56,16,0.741667,0,0,225,2,9,14,11.125,2.359375,0,0.739814,7.59174,8
e49c3ffb6f4379c7,16,0.741667,0,0,224,2,9,14,11.125,1.859375,0,0.740039,7.410027,8
4deb279ded64cd62,16,0.633333,0,0,136,2,7,12,9.5,2.0,0,0.610435,6.211641,8
4462c513dfac66c9,16,0.7,0,0,188,2,7,13,10.5,2.375,0,0.685348,6.483311,8
4fc6731e8fbd412c,16,0.733333,0,0,221,2,8,13,11.0,2.625,0,0.742654,6.825868,8
7d984d342c187757,16,0.8,0,0,283,2,10,14,12.0,2.0,0,0.792454,8.877915,8
f05b6d86cdf2a082,16,0.625,0,0,130,2,6,12,9.375,3.109375,0,0.61595,5.228465,8
5a426e6af1ff25f5,16,0.741667,0,0,223,2,8,14,11.125,2.234375,0,0.728719,7.422429,8
6d9eec0891e12997,16,0.675,0,0,186,2,6,13,10.125,4.984375,0,0.717519,4.973075,8
a788f1de1a576d42,16,0.683333,0,0,178,2,7,13,10.25,2.8125,0,0.683574,6.141278,8
e4aaa70a7f90107d,16,0.741667,0,0,221,2,8,13,11.125,1.734375,0,0.721134,7.509167,8
d1c1dfa4af9b39f4,16,0.733333,0,0,227,2,8,14,11.0,3.625,0,0.752911,6.559461,8
456843904fa7c889,16,0.675,0,0,176,2,7,13,10.125,3.984375,0,0.703122,5.937497,8
8e420b7f6e5a2f34,16,0.7,0,0,190,2,8,13,10.5,2.375,0,0.69767,6.696164,8
f6f8e177a87195c4,16,0.65,0,0,153,2,7,13,9.75,2.9375,0,0.649663,5.885163,8
4c4fb470526be9ce,16,0.766667,0,0,249,2,9,14,11.5,2.5,0,0.764078,8.242009,8
1344c7ada184dda4,16,0.658333,0,0,153,2,7,14,9.875,2.609375,0,0.637584,6.512171,8
7f2b1f6e220d803d,16,0.7,0,0,184,2,8,13,10.5,1.875,0,0.677322,7.319076,8
3666878fe578984e,16,0.666667,0,0,162,2,7,13,10.0,2.875,0,0.66627,6.093438,8
55674afc638c3964,16,0.7,0,0,194,2,7,14,10.5,3.875,0,0.693519,6.644788,8
143a5b0af513841a,16,0.725,0,0,208,2,8,13,10.875,2.234375,0,0.715628,6.921942,8
8bec521af45e04a0,16,0.775,0,0,259,2,9,14,11.625,1.734375,0,0.775773,8.014914,8
aa306ac51e2e2c8b,16,0.658333,0,0,163,2,5,12,9.875,3.984375,0,0.679843,4.700709,8
c9509cf846b6ed0d,16,0.708333,0,0,204,2,7,14,10.625,3.859375,0,0.738535,6.258826,8
1be15933a2270605,16,0.675,0,0,182,2,6,13,10.125,4.609375,0,0.721209,5.423496,8
7fb48fa07e8c7a7c,16,0.733333,0,0,216,2,8,14,11.0,2.125,0,0.729829,7.19995,8
0b2e6b411e6ee6bd,16,0.716667,0,0,210,2,8,14,10.75,2.4375,0,0.741575,6.581718,8
daad459bf43359a6,16,0.608333,0,0,125,2,6,13,9.125,3.484375,0,0.607363,5.383219,8
4cadaacd20787c9d,16,0.641667,0,0,144,2,7,13,9.625,3.109375,0,0.63388,6.296581,8
3eba470cdbf59c78,16,0.666667,0,0,161,2,6,12,10.0,2.0,0,0.65827,5.589418,8
332871382b80917a,16,0.683333,0,0,176,2,7,14,10.25,2.5625,0,0.683209,6.271449,8
5f20642e55f879ac,16,0.733333,0,0,214,2,8,14,11.0,2.25,0,0.709999,7.648065,8
87115a3607264848,16,0.666667,0,0,162,2,7,13,10.0,2.125,0,0.652551,6.29706,8
66cd4e81aee2da7d,16,0.658333,0,0,163,2,6,13,9.875,4.109375,0,0.659464,5.30212,8
d0c0d9ffa7b9d76b,16,0.658333,0,0,159,2,6,14,9.875,3.109375,0,0.667033,5.389554,8
0de250ce4377276f,16,0.716667,0,0,198,2,9,13,10.75,1.8125,0,0.698439,7.719052,8
97e63a20f0f1fe66,16,0.716667,0,0,222,2,6,14,10.75,5.8125,0,0.771142,5.646572,8
b4a07ee7f1515f87,16,0.733333,0,0,224,2,8,14,11.0,3.25,0,0.746614,6.974728,8
df8d68249f92202e,16,0.758333,0,0,239,2,9,13,11.375,1.734375,0,0.751894,8.172231,8
78909d721d71bec8,16,0.716667,0,0,209,2,7,13,10.75,3.0625,0,0.728176,6.471759,8
4c61ef99e402dd8b,16,0.708333,0,0,208,2,5,13,10.625,4.109375,0,0.748867,4.692308,8
391526ea6200db07,16,0.625,0,0,131,2,7,11,9.375,1.734375,0,0.611788,5.680286,8
4dde01b47860df11,16,0.691667,0,0,186,2,7,14,10.375,3.484375,0,0.694528,6.157265,8
4e6ce48999559212,16,0.683333,0,0,184,2,7,13,10.25,3.8125,0,0.707515,6.172144,8
3f4f79713d342fd9,16,0.783333,0,0,276,2,8,15,11.75,4.0625,0,0.807284,7.630909,8
1daea2a82791efae,16,0.641667,0,0,146,2,7,13,9.625,2.734375,0,0.647617,5.639561,8
b089bc3f555acd98,16,0.7,0,0,179,2,7,13,10.5,1.75,0,0.665033,6.538086,8
cf7a1568606fddf1,16,0.7,0,0,194,2,7,14,10.5,3.25,0,0.705779,6.371668,8
e1e2558c95450188,16,0.65,0,0,148,2,8,12,9.75,2.3125,0,0.63267,6.275051,8
0480e9a6bf0276ef,16,0.675,0,0,172,2,6,13,10.125,3.234375,0,0.67929,5.592998,8
f0dea26023ae3e45,16,0.8,0,0,280,2,9,14,12.0,1.375,0,0.786639,8.698715,8
9f6a6abef6e4fff4,16,0.6,0,0,139,3,4,13,9.0,7.0,0,0.658655,3.38306,8
b176b4cb7957daa8,16,0.691667,0,0,197,2,7,15,10.375,5.234375,0,0.742527,5.907681,8
98bbe1112aed3a28,16,0.65,0,0,147,2,7,12,9.75,2.0625,0,0.639141,6.38682,8
447a510c69eaad2f,16,0.716667,0,0,200,2,9,12,10.75,1.4375,0,0.712563,7.45377,8
8ae4d4a7a4d9c7d6,16,0.733333,0,0,229,2,8,15,11.0,4.0,0,0.765827,6.908934,8
e9087d4fecdd3aed,16,0.658333,0,0,151,2,8,12,9.875,1.734375,0,0.636729,6.470994,8
9b7787e15ba08918,16,0.758333,0,0,244,2,9,14,11.375,2.734375,0,0.767001,7.474723,8
ad8fed7cda31363d,16,0.658333,0,0,156,2,7,13,9.875,2.984375,0,0.63405,6.003925,8
4ced1e8d7da53732,16,0.725,0,0,206,2,9,13,10.875,1.234375,0,0.712075,7.93958,8
6aeaa6e2f7727574,16,0.808333,0,0,288,2,10,15,12.125,1.234375,0,0.795274,9.348399,8
6e08f099108075b6,16,0.683333,0,0,171,2,7,13,10.25,1.9375,0,0.668567,6.37432,8
5df03e668bd5870e,16,0.658333,0,0,152,2,7,13,9.875,2.609375,0,0.636177,6.088285,8
dc5a9bbba07dccd3,16,0.708333,0,0,195,2,9,14,10.625,1.984375,0,0.702305,7.59821,8
e72b9fe5163853a4,16,0.7,0,0,189,2,7,13,10.5,2.125,0,0.699843,6.264298,8
5be4472e4e5ed93c,16,0.733333,0,0,212,2,8,13,11.0,1.625,0,0.711731,7.617215,8
ed13d918c28b4d69,16,0.641667,0,0,147,2,6,13,9.625,3.859375,0,0.641549,5.337029,8
1064da5d3226932e,16,0.616667,0,0,131,2,6,13,9.25,3.3125,0,0.624189,5.194014,8
d756f40140597123,16,0.691667,0,0,184,2,7,13,10.375,3.234375,0,0.694676,6.232272,8
12187cdd5083a641,16,0.758333,0,0,247,2,9,14,11.375,3.234375,0,0.771418,7.847374,8
e0ca2cc8f29f716a,16,0.7,0,0,190,2,7,13,10.5,3.375,0,0.70444,6.294975,8
02465de871298005,16,0.766667,0,0,248,2,9,14,11.5,1.875,0,0.764874,7.749977,8
066f95540aa9f5f5,16,0.708333,0,0,185,2,8,12,10.625,1.359375,0,0.666766,7.465582,8
ed4ad213f75486eb,16,0.7,0,0,190,2,7,13,10.5,2.625,0,0.695781,6.235448,8
daf33dd154739c82,16,0.741667,0,0,228,2,9,14,11.125,1.859375,0,0.75308,7.189223,8
fc0e97e5f833b99f,16,0.725,0,0,206,2,8,13,10.875,2.109375,0,0.704805,7.561515,8
fb39f27aeb583fed,16,0.691667,0,0,179,2,8,14,10.375,2.109375,0,0.675877,6.709937,8
e72ea731a2cfc2bf,16,0.716667,0,0,202,2,5,14,10.75,3.0625,0,0.698785,4.861253,8
236b8decf4568f97,16,0.708333,0,0,203,2,7,13,10.625,3.359375,0,0.733608,6.569613,8
ddb711c49bfefb44,16,0.683333,0,0,178,2,8,13,10.25,2.3125,0,0.68942,6.678129,8
176930f03c438f2f,16,0.625,0,0,131,2,7,12,9.375,1.609375,0,0.608342,5.805804,8
c1cf64a3d7db80f2,16,0.725,0,0,207,2,9,13,10.875,1.859375,0,0.716834,7.124763,8
82d40949671e8079,16,0.758333,0,0,239,2,9,14,11.375,1.734375,0,0.752383,7.763039,8
5620e97feaa52deb,16,0.708333,0,0,197,2,7,14,10.625,3.359375,0,0.704998,6.5631,8
3b1b90af530c90f2,16,0.716667,0,0,208,2,8,15,10.75,3.1875,0,0.732793,6.673669,8
1b22b35cec5a10b4,16,0.8,0,0,286,2,9,14,12.0,2.5,0,0.802859,8.50645,8
c51319bab95c568e,16,0.733333,0,0,221,2,7,14,11.0,3.125,0,0.736779,6.531817,8
e6a68877239614e1,16,0.658333,0,0,179,2,4,13,9.875,6.609375,0,0.737539,3.795289,8
179c4a26cb636c07,16,0.716667,0,0,205,2,7,14,10.75,3.0625,0,0.721331,6.57733,8
108b26285e1e84b8,16,0.7,0,0,183,2,8,13,10.5,1.5,0,0.681016,7.245288,8
806ddfd8133450e9,16,0.708333,0,0,200,2,7,14,10.625,2.859375,0,0.713054,6.408557,8
e777b531bb648d2c,16,0.758333,0,0,241,2,8,14,11.375,2.234375,0,0.751901,7.557091,8
45195431a07f36d4,16,0.766667,0,0,251,2,8,13,11.5,2.375,0,0.771354,7.499562,8
0eda1e37c890be26,16,0.741667,0,0,229,2,7,14,11.125,2.234375,0,0.751481,6.476698,8
ced42509cbc5c98f,16,0.733333,0,0,215,2,7,13,11.0,2.125,0,0.722099,6.588401,8
0310d0b4afda4094,16,0.775,0,0,262,2,8,14,11.625,2.609375,0,0.785708,7.285327,8
024029b07eed9ef8,16,0.675,0,0,171,2,7,13,10.125,2.984375,0,0.679489,6.393615,8
53e3ab5f54447a64,16,0.783333,0,0,263,2,9,13,11.75,1.8125,0,0.773529,8.46626,8
e3ef6588f98ac39f,16,0.683333,0,0,178,2,7,13,10.25,2.9375,0,0.677744,6.349917,8
8085a0782003a6be,16,0.733333,0,0,214,2,9,14,11.0,2.0,0,0.719058,7.562161,8
0d231dc5eb3c043f,16,0.708333,0,0,202,2,7,14,10.625,3.359375,0,0.722676,6.360315,8
6a674cb9c868afdb,16,0.708333,0,0,194,2,8,14,10.625,2.859375,0,0.69791,7.135278,8
e8bec7830085dc5c,16,0.766667,0,0,247,2,9,14,11.5,1.625,0,0.762881,8.06885,8
5ebb9a3287e9c55c,16,0.725,0,0,213,2,7,13,10.875,2.734375,0,0.73107,6.438883,8
e4fb657d85170de2,16,0.783333,0,0,267,2,8,14,11.75,2.0625,0,0.784696,7.556162,8
bcb0f9b1518fe261,16,0.808333,0,0,298,2,8,14,12.125,2.359375,0,0.821277,7.598369,8
3cec54f3910340b1,16,0.725,0,0,204,2,9,13,10.875,1.859375,0,0.698905,8.104174,8
89cc3598d0189efc,16,0.766667,0,0,255,2,6,14,11.5,3.25,0,0.780167,5.771436,8
bd512030b1722bef,16,0.775,0,0,262,2,8,15,11.625,2.484375,0,0.779837,7.674369,8
76fc159cf894cbf8,16,0.766667,0,0,250,2,8,13,11.5,2.125,0,0.764015,7.453531,8
7e96ce88ab3ef4ee,16,0.708333,0,0,199,2,6,13,10.625,2.859375,0,0.714483,5.617164,8
bb1a7f187562babc,16,0.791667,0,0,275,2,9,15,11.875,2.234375,0,0.789782,8.654377,8
57143c2dc23b20ed,16,0.766667,0,0,249,2,8,14,11.5,2.0,0,0.762371,7.564299,8
c035fb293b92eb4b,16,0.75,0,0,245,2,7,14,11.25,4.0625,0,0.777575,6.44586,8
9fecb4d06eae57af,16,0.691667,0,0,181,2,7,14,10.375,2.609375,0,0.686967,6.556872,8
3a52cfe4813a51b5,16,0.758333,0,0,242,2,9,15,11.375,2.109375,0,0.757799,7.949768,8
4276e05a6a8fda04,16,0.733333,0,0,214,2,8,13,11.0,2.125,0,0.721482,7.317699,8
bf5f4cbbaf4018dd,16,0.716667,0,0,199,2,9,13,10.75,1.8125,0,0.701666,7.249131,8
f1d5dc096b7b7860,16,0.725,0,0,210,2,8,14,10.875,2.859375,0,0.718673,7.430667,8
ff3ae46f646c3883,16,0.691667,0,0,185,2,7,14,10.375,3.234375,0,0.697234,5.932745,8
91785c11247c9a2a,16,0.791667,0,0,268,2,10,13,11.875,0.859375,0,0.772047,9.234375,8
8032263fe46ba013,16,0.716667,0,0,197,2,9,14,10.75,1.6875,0,0.694552,7.916673,8
f26d4061d48a6bba,16,0.7,0,0,186,2,8,13,10.5,3.0,0,0.683272,7.195139,8
f4b984e618c1d3e7,16,0.783333,0,0,268,2,8,15,11.75,2.9375,0,0.783186,7.533674,8
f49047af573f2fe3,16,0.816667,0,0,307,2,9,15,12.25,2.8125,0,0.82441,8.603902,8
3ad1a1e89c804590,16,0.733333,0,0,216,2,7,13,11.0,2.25,0,0.722431,6.703611,8
70b12f1daf146ae5,16,0.75,0,0,224,2,9,13,11.25,0.9375,0,0.722827,8.278815,8
a067990467b48e4e,16,0.691667,0,0,182,2,7,13,10.375,2.734375,0,0.682577,6.344717,8
5694f7a4d31186b9,16,0.733333,0,0,218,2,7,13,11.0,2.75,0,0.7275,6.645465,8
f910de78c51cb267,16,0.725,0,0,210,2,7,13,10.875,1.734375,0,0.720726,6.535487,8
3706cb72fbbf0d1a,16,0.708333,0,0,194,2,8,13,10.625,2.484375,0,0.703567,6.970408,8
d9875ea273b33af7,16,0.775,0,0,269,2,7,15,11.625,3.984375,0,0.805307,6.701216,8
46c635e6fb7d90a2,16,0.691667,0,0,177,2,8,12,10.375,1.484375,0,0.668678,6.910912,8
9aea1a6b7322fa52,16,0.741667,0,0,231,2,8,14,11.125,3.484375,0,0.751639,7.587801,8
d4d12c84403b41d1,16,0.825,0,0,312,2,10,15,12.375,1.859375,0,0.823463,8.948464,8
5880dfcd40c08606,16,0.766667,0,0,254,2,9,14,11.5,2.75,0,0.773681,7.751625,8
8b1b72328e6ad540,16,0.725,0,0,203,2,9,13,10.875,1.984375,0,0.699621,7.973431,8
173f47875fb7516b,16,0.833333,0,0,318,2,10,14,12.5,1.0,0,0.825655,9.305764,8
c4631f73618ef01f,16,0.775,0,0,257,2,9,14,11.625,1.859375,0,0.76954,8.250664,8
f323cc1fe2e61fff,16,0.7,0,0,193,2,7,13,10.5,3.5,0,0.70729,5.847678,8
fc4e98de7dd84f7d,16,0.75,0,0,237,2,8,15,11.25,2.9375,0,0.759837,7.103046,8
c66ebde506b5bf62,16,0.7,0,0,196,2,6,13,10.5,3.25,0,0.716778,5.409822,8
e40c362fdcafe925,16,0.725,0,0,210,2,8,14,10.875,2.484375,0,0.724989,7.311546,8
685bb4f6f8124204,16,0.791667,0,0,273,2,10,14,11.875,1.984375,0,0.78642,8.730647,8
f0f9af5450b05519,16,0.7,0,0,196,2,6,14,10.5,3.75,0,0.714936,5.704997,8
67e4e5663874462a,16,0.783333,0,0,278,2,7,14,11.75,4.1875,0,0.803191,6.691755,8
295f0dba69bcaae2,16,0.741667,0,0,235,2,8,15,11.125,4.609375,0,0.762483,7.13639,8
e5aae53f974c365a,16,0.7,0,0,187,2,8,13,10.5,2.0,0,0.688405,7.123692,8
db12c042c77345d6,16,0.775,0,0,255,2,9,13,11.625,1.609375,0,0.762347,8.117382,8
b8dffc8cba2dd42c,16,0.758333,0,0,244,2,9,14,11.375,2.234375,0,0.764151,7.684759,8
18d4139170a02370,16,0.766667,0,0,246,2,9,15,11.5,2.25,0,0.752174,8.447482,8
ed13f5f32767d1db,16,0.775,0,0,260,2,8,14,11.625,2.484375,0,0.776127,7.708375,8
0edebe011ab9b0d1,16,0.783333,0,0,272,2,9,14,11.75,2.6875,0,0.800548,7.527999,8
5ab573a91b083983,16,0.741667,0,0,225,2,8,14,11.125,2.859375,0,0.733123,7.107665,8
18459634539eb87a,16,0.741667,0,0,219,2,9,14,11.125,1.609375,0,0.718543,8.167774,8
b4a3182efbefbed6,16,0.741667,0,0,224,2,9,14,11.125,2.234375,0,0.729523,7.976159,8
2e67636a2ef35021,16,0.716667,0,0,208,2,8,14,10.75,3.0625,0,0.721574,7.081523,8
2b3a7b4a853aeb7f,16,0.766667,0,0,245,2,10,14,11.5,1.375,0,0.752844,8.715021,8
b21b0c8f02c09dc7,16,0.708333,0,0,199,2,7,13,10.625,2.734375,0,0.725555,6.299799,8
66bb716dc9cc4ce9,16,0.741667,0,0,231,2,8,14,11.125,2.859375,0,0.763435,6.793152,8
bff5cfc144b44dbf,16,0.75,0,0,231,2,8,14,11.25,2.0625,0,0.743036,7.258414,8
3fcfd15f6034bb2e,16,0.766667,0,0,259,2,9,14,11.5,3.5,0,0.795304,7.245321,8
25f46fcdef6c7093,16,0.783333,0,0,268,2,9,14,11.75,2.3125,0,0.786501,8.250442,8
0b70ccdb2499aa63,16,0.775,0,0,266,2,7,14,11.625,3.234375,0,0.797546,6.608278,8
4fd28c267150666b,16,0.691667,0,0,179,2,7,14,10.375,2.734375,0,0.672617,6.400475,8
8c04db9a540afbbb,16,0.8,0,0,285,2,9,14,12.0,2.0,0,0.802831,8.0693,8
2d0b63169ea1db99,16,0.75,0,0,228,2,9,14,11.25,1.4375,0,0.737585,7.941575,8
c59a3ca7688d0f42,16,0.775,0,0,264,2,9,14,11.625,2.984375,0,0.788575,7.618888,8
92781d0eebea1164,16,0.683333,0,0,182,2,6,14,10.25,4.0625,0,0.694682,5.480574,8
087738d1b2ad82c8,16,0.725,0,0,205,2,9,13,10.875,1.734375,0,0.706437,7.8891,8
07ce506506aa62c9,16,0.725,0,0,211,2,8,14,10.875,2.984375,0,0.725178,7.289414,8
33bb8598addd790e,16,0.758333,0,0,243,2,8,14,11.375,2.984375,0,0.762679,7.555956,8
48bcf7806dfa6c98,16,0.675,0,0,180,2,5,14,10.125,4.734375,0,0.715109,4.646901,8
aceff9885c7c7237,16,0.791667,0,0,281,2,9,15,11.875,2.984375,0,0.797621,8.167058,8
1c3495932bc9d6c0,16,0.725,0,0,212,2,8,13,10.875,2.359375,0,0.720293,7.001206,8
8e6522772fcd7ae2,16,0.691667,0,0,186,2,6,12,10.375,3.234375,0,0.700325,5.680944,8
fb37ae503e199240,16,0.7,0,0,207,2,4,13,10.5,5.25,0,0.714909,3.82587,8
4ad8c94e8aa74c32,16,0.725,0,0,215,2,7,14,10.875,3.734375,0,0.737402,6.462373,8
f9289a1cfc313872,16,0.791667,0,0,271,2,10,14,11.875,1.484375,0,0.780542,8.94383,8
8bd9d9b69601ddbe,16,0.783333,0,0,279,2,7,15,11.75,4.4375,0,0.816058,6.757142,8
61cbb75c8e37e44c,16,0.733333,0,0,211,2,9,13,11.0,1.375,0,0.712869,8.327201,8
8aebec601adae90b,16,0.7,0,0,191,2,7,14,10.5,3.0,0,0.703523,6.212099,8
93d177947c126bbb,16,0.716667,0,0,205,2,7,14,10.75,3.1875,0,0.723173,6.500166,8
d7844d8efc45be77,16,0.758333,0,0,241,2,8,14,11.375,2.109375,0,0.75164,7.625302,8
23ba0b8debe65b4d,16,0.716667,0,0,206,2,7,13,10.75,2.8125,0,0.724635,6.259839,8
49ffc958886398cc,16,0.816667,0,0,296,2,11,14,12.25,0.6875,0,0.802377,9.98392,8
313fb081fb2304a6,16,0.775,0,0,255,2,8,13,11.625,1.859375,0,0.762297,7.666678,8
070cc58eb73925b8,16,0.758333,0,0,243,2,9,14,11.375,2.234375,0,0.756067,7.939052,8
0f53a26a3e74a415,16,0.683333,0,0,177,2,5,12,10.25,2.8125,0,0.691383,4.694852,8
6db323a882dd43c5,16,0.825,0,0,311,2,10,15,12.375,1.734375,0,0.822052,9.40079,8
f9c961db2f860bd7,16,0.825,0,0,315,2,9,15,12.375,2.359375,0,0.829795,8.681807,8
4d470c02284b87e8,16,0.766667,0,0,243,2,10,14,11.5,1.5,0,0.742109,9.037804,8
8c119e022e139c7e,16,0.783333,0,0,267,2,10,15,11.75,1.9375,0,0.784912,8.534913,8
91272996a2c1748c,16,0.75,0,0,243,2,8,15,11.25,3.6875,0,0.775988,7.303399,8
d42487946ecc4309,16,0.75,0,0,237,2,8,14,11.25,2.9375,0,0.750335,7.560765,8
0a66d91eba528175,16,0.791667,0,0,279,2,8,15,11.875,2.609375,0,0.79801,7.690174,8
9a99a508b4afc7a8,16,0.833333,0,0,334,2,8,15,12.5,3.5,0,0.862816,7.498397,8
0dfaa9bdfd684b7c,16,0.816667,0,0,309,2,8,15,12.25,3.0625,0,0.829802,7.795743,8
3ddb15b156e058ab,16,0.783333,0,0,270,2,8,14,11.75,2.8125,0,0.789632,7.436095,8
c8ee8c1e28c68327,16,0.816667,0,0,297,2,11,14,12.25,1.0625,0,0.802252,9.598519,8
f012eeb2ccadde6b,16,0.766667,0,0,252,2,8,15,11.5,2.5,0,0.769207,7.520585,8
62543516e5189c99,16,0.783333,0,0,270,2,8,15,11.75,2.8125,0,0.78765,7.630068,8
cad86b4f5dd43b90,16,0.825,0,0,308,2,11,15,12.375,1.109375,0,0.81352,9.93861,8
b3a26d9740abb714,16,0.708333,0,0,206,2,6,14,10.625,4.109375,0,0.745242,5.674897,8
a6671e9b37b9e0b2,16,0.808333,0,0,298,2,10,15,12.125,2.609375,0,0.819413,8.396095,8
d520c267bcf62a92,16,0.775,0,0,260,2,9,14,11.625,2.359375,0,0.781925,7.959885,8
88263a08e03ceb2a,16,0.816667,0,0,308,2,9,15,12.25,2.3125,0,0.828759,8.460638,8
a4d09daa6ce488e7,16,0.825,0,0,328,2,7,15,12.375,3.984375,0,0.860053,6.705042,8
d695a4402b64976c,16,0.766667,0,0,248,2,9,14,11.5,2.25,0,0.762033,8.006966,8
150317d56082196c,16,0.816667,0,0,299,2,9,14,12.25,1.4375,0,0.807176,8.673595,8
b00853552a689688,16,0.75,0,0,243,2,6,14,11.25,4.1875,0,0.772982,5.781652,8
8af90c20644d7b6f,16,0.775,0,0,263,2,9,14,11.625,2.734375,0,0.787012,7.87519,8
ffa4354bed6040e7,16,0.841667,0,0,332,2,10,15,12.625,1.859375,0,0.841431,9.441994,8
516a4804c13e9842,16,0.866667,0,0,362,2,10,15,13.0,1.5,0,0.862048,9.838795,8
1c9c7942ebbb54e2,16,0.825,0,0,308,2,11,14,12.375,1.109375,0,0.815566,9.71155,8
2a6b630a53a6e5e9,16,0.8,0,0,278,2,10,15,12.0,1.25,0,0.782223,9.40234,8
bac106766fda479c,16,0.775,0,0,257,2,10,15,11.625,1.859375,0,0.77087,8.389162,8
269912feabb907d2,16,0.808333,0,0,290,2,9,14,12.125,1.359375,0,0.798108,8.558122,8
f4a60ec4c4be3808,16,0.8,0,0,279,2,10,14,12.0,1.25,0,0.785696,9.135072,8
ff7e892cd30cfb8f,16,0.741667,0,0,226,2,7,13,11.125,2.984375,0,0.744406,6.635741,8
4659825dce68e000,16,0.808333,0,0,292,2,9,14,12.125,1.859375,0,0.797277,8.805107,8
e7258041cd97722a,16,0.775,0,0,260,2,8,14,11.625,2.609375,0,0.777941,7.525346,8
aeae8168c5bb6da1,16,0.775,0,0,258,2,9,14,11.625,1.984375,0,0.771813,8.225168,8
4ea1e82b03d40a94,16,0.758333,0,0,242,2,8,14,11.375,2.609375,0,0.760751,7.50446,8
a85f9318d8d9e16e,16,0.825,0,0,304,2,10,14,12.375,0.984375,0,0.803642,9.595081,8
ee2bb8ea9b4ee0dc,16,0.758333,0,0,241,2,9,14,11.375,2.109375,0,0.760987,7.615798,8
c536c59ba5fe2f6d,16,0.791667,0,0,279,2,9,15,11.875,2.484375,0,0.79503,8.318024,8
2525f58dc0403165,16,0.825,0,0,320,2,9,15,12.375,2.859375,0,0.83799,8.477998,8
38b7778f018a54df,16,0.816667,0,0,301,2,11,15,12.25,1.5625,0,0.811886,9.591332,8
77bbb080ad7a10cd,16,0.841667,0,0,331,2,11,15,12.625,1.484375,0,0.839669,9.919429,8
ff3f33ab97e95ff5,16,0.833333,0,0,318,2,11,15,12.5,1.125,0,0.824902,10.038317,8
66097a6142e81a93,16,0.833333,0,0,330,2,10,15,12.5,2.75,0,0.847768,8.861514,8
1c7ec598d411abe4,16,0.791667,0,0,273,2,9,15,11.875,2.359375,0,0.781244,8.675617,8
141f1909f063546f,16,0.725,0,0,215,2,7,14,10.875,3.359375,0,0.728285,6.595651,8
fde5b485950d82c3,16,0.691667,0,0,188,2,6,13,10.375,3.609375,0,0.685208,5.699395,8
ac08d3061741d62d,16,0.791667,0,0,273,2,9,14,11.875,1.484375,0,0.787007,8.080909,8
af3e3b29fc528e4b,16,0.75,0,0,248,2,7,15,11.25,4.8125,0,0.792744,6.419656,8
bafbb4d04b459a3b,16,0.85,0,0,343,2,9,14,12.75,1.6875,0,0.85127,8.701698,8
f13e4900dfa6ab7d,16,0.791667,0,0,268,2,10,14,11.875,1.109375,0,0.773155,8.999008,8
9285c89c50420e03,16,0.775,0,0,263,2,8,15,11.625,3.109375,0,0.786094,7.345301,8
12378cac7237d3d2,16,0.8,0,0,287,2,9,14,12.0,2.375,0,0.800732,8.298502,8
d75199b1aecc46bd,16,0.883333,0,0,379,2,12,15,13.25,0.6875,0,0.872734,11.212043,8
c1f2c5d548ed188e,16,0.808333,0,0,287,2,9,13,12.125,1.234375,0,0.792963,8.484291,8
8a911e2b87a0d49f,16,0.791667,0,0,276,2,10,15,11.875,1.859375,0,0.794934,8.493697,8
b913fcbadcc3b878,16,0.783333,0,0,266,2,9,14,11.75,2.1875,0,0.780011,8.534924,8
f9b17a9b7c5ab9bf,16,0.841667,0,0,330,2,11,15,12.625,1.484375,0,0.835691,9.944117,8
e1d0ef96b8f5ccd8,16,0.816667,0,0,300,2,10,14,12.25,1.3125,0,0.810577,9.196867,8
e1b40b1eb84f8119,16,0.766667,0,0,246,2,9,14,11.5,2.125,0,0.749265,8.165505,8
d7e02f624fd4c8c6,16,0.825,0,0,319,2,9,15,12.375,2.984375,0,0.835053,8.337671,8
1d8ce58b2dac40c7,16,0.75,0,0,229,2,8,14,11.25,1.9375,0,0.735929,7.445584,8
5aeb34a0fb680146,16,0.85,0,0,343,2,11,15,12.75,1.8125,0,0.850427,9.778601,8
e10d14d49f4dd024,16,0.741667,0,0,218,2,9,13,11.125,1.484375,0,0.716878,8.26484,8
f48178f539bf680e,16,0.825,0,0,317,2,9,15,12.375,2.484375,0,0.831982,8.744838,8
b77f0e7fd690bbe4,16,0.766667,0,0,253,2,8,14,11.5,2.75,0,0.772517,7.527736,8
069d9e1dab633dd9,16,0.808333,0,0,298,2,9,15,12.125,2.609375,0,0.811879,8.685936,8
e67aabff434397a1,16,0.808333,0,0,296,2,9,14,12.125,2.484375,0,0.811025,8.420796,8
cae3bda5dfbc19d6,16,0.808333,0,0,296,2,9,15,12.125,2.359375,0,0.812383,8.435963,8
dd73599a0a81b993,16,0.816667,0,0,296,2,11,14,12.25,0.6875,0,0.80123,9.810034,8
c6203ab9f5694541,16,0.816667,0,0,300,2,9,14,12.25,1.4375,0,0.808955,8.631367,8
085c5d4a399d15eb,16,0.791667,0,0,277,2,10,15,11.875,2.484375,0,0.79432,8.778173,8
92846b4205cf176e,16,0.808333,0,0,292,2,10,15,12.125,1.734375,0,0.804045,9.262023,8
fa0089200edb7654,16,0.775,0,0,253,2,9,14,11.625,1.859375,0,0.758008,8.53832,8
5219c983fad1fba4,16,0.841667,0,0,325,2,11,14,12.625,0.734375,0,0.824921,10.462225,8
32a98c92f3cdcc2c,16,0.875,0,0,371,2,11,15,13.125,1.109375,0,0.869524,10.454991,8
da47e204f6bedbf7,16,0.666667,0,0,164,2,7,13,10.0,3.0,0,0.670331,5.990501,8
e57dcfa20e7f5859,16,0.8,0,0,279,2,10,14,12.0,1.125,0,0.786696,8.99792,8
f4f1cbddb7cdb0ec,16,0.8,0,0,289,2,9,15,12.0,2.625,0,0.808741,8.378731,8
c001462d710dd7ed,16,0.808333,0,0,295,2,10,15,12.125,1.984375,0,0.814554,8.455369,8
13f07e14ab4835a2,16,0.766667,0,0,248,2,9,14,11.5,2.375,0,0.758854,8.229785,8
c408302a538c5425,16,0.791667,0,0,269,2,10,13,11.875,1.234375,0,0.775558,8.725368,8
c8acf70997dc06cf,16,0.766667,0,0,249,2,9,14,11.5,2.25,0,0.768004,7.945407,8
ca7a9786060ebee6,16,0.816667,0,0,304,2,10,15,12.25,2.0625,0,0.815836,9.083787,8
84ca67408cb0887c,16,0.766667,0,0,246,2,10,14,11.5,1.75,0,0.75403,8.705732,8
5dd3be0be21db822,16,0.783333,0,0,268,2,9,14,11.75,2.3125,0,0.779049,8.45689,8
b1178a7d50c142b9,16,0.808333,0,0,288,2,10,14,12.125,1.234375,0,0.7926,9.631862,8
e06bff3c7077e132,16,0.758333,0,0,236,2,10,13,11.375,1.109375,0,0.745561,8.426857,8
fc618701e5e44da5,16,0.816667,0,0,297,2,11,14,12.25,1.1875,0,0.802579,9.536556,8
ccbc3152bd0ea3e6,16,0.85,0,0,336,2,10,14,12.75,0.9375,0,0.835974,9.756599,8
b55542093b24886d,16,0.825,0,0,315,2,9,15,12.375,1.984375,0,0.82808,8.55065,8
e2cf6e7731d42976,16,0.741667,0,0,229,2,9,14,11.125,2.734375,0,0.750896,7.809888,8
90235e93b447c659,16,0.791667,0,0,273,2,9,14,11.875,1.609375,0,0.785087,8.584968,8
49cda967142aba01,16,0.766667,0,0,263,2,7,14,11.5,4.0,0,0.80316,6.403415,8
5721c93fa306128f,16,0.816667,0,0,299,2,10,15,12.25,1.3125,0,0.806456,9.383113,8
760226904b503a60,16,0.775,0,0,251,2,9,13,11.625,1.484375,0,0.756779,8.565436,8
5ac7d6f877a994c9,16,0.766667,0,0,255,2,8,14,11.5,3.25,0,0.784656,7.569697,8
f7d852a4a94cdc1a,16,0.783333,0,0,270,2,7,14,11.75,2.5625,0,0.788958,6.679964,8
e0633349afab6bc3,16,0.758333,0,0,243,2,8,14,11.375,2.734375,0,0.762505,7.490226,8
294ecba2479fc8ce,16,0.758333,0,0,237,2,9,13,11.375,1.984375,0,0.750962,8.245993,8
20e4c20c33351dc1,16,0.8,0,0,282,2,9,14,12.0,1.75,0,0.799403,8.341127,8
0aa2b2ccc7854a64,16,0.833333,0,0,321,2,10,14,12.5,1.5,0,0.828767,9.646337,8
e7257d197cd7c9b2,16,0.85,0,0,340,2,11,14,12.75,1.1875,0,0.845708,9.814878,8
800c16c220bfd737,16,0.883333,0,0,390,2,11,15,13.25,1.9375,0,0.89631,9.704791,8
c31a70b21caf93cd,16,0.883333,0,0,387,2,11,15,13.25,1.5625,0,0.887773,10.154187,8
a4b7d710bb7338df,16,0.808333,0,0,293,2,9,15,12.125,1.984375,0,0.804721,8.379782,8
45143a8734c485f6,16,0.816667,0,0,303,2,10,14,12.25,1.5625,0,0.817432,8.933735,8
12cb27cb224dd110,16,0.833333,0,0,318,2,10,15,12.5,1.375,0,0.82041,9.794493,8
e6a4712f53eacbda,16,0.833333,0,0,315,2,11,14,12.5,0.75,0,0.816471,10.192238,8
25850f9c949636de,16,0.841667,0,0,332,2,10,15,12.625,2.234375,0,0.840031,9.499572,8
d576c8332b7389a2,16,0.883333,0,0,382,2,12,15,13.25,0.9375,0,0.878459,11.234009,8
019227c2f864169f,16,0.9,0,0,405,2,12,15,13.5,0.875,0,0.896293,11.193042,8
73f5e72879fd80ad,16,0.833333,0,0,324,2,9,14,12.5,2.0,0,0.836299,8.561771,8
c6c910fa98b17e34,16,0.816667,0,0,305,2,9,15,12.25,2.1875,0,0.821882,8.54675,8
0a32b4f7f7532c84,16,0.875,0,0,370,2,12,15,13.125,0.984375,0,0.867653,11.035487,8
69b317fa861ce448,16,0.8,0,0,291,2,10,15,12.0,3.0,0,0.814422,8.411667,8
cc088ca4b23ab508,16,0.841667,0,0,330,2,11,15,12.625,1.609375,0,0.83735,9.72809,8
359c15e64ffed379,16,0.883333,0,0,384,2,10,15,13.25,1.4375,0,0.880974,9.789027,8
e1f07fec747e43de,16,0.916667,0,0,427,2,12,15,13.75,0.6875,0,0.910298,12.0,8
f2bfd9a71f3c3b37,16,0.866667,0,0,359,2,11,15,13.0,0.875,0,0.858519,10.462961,8
519336c564d2a378,16,0.916667,0,0,429,2,12,15,13.75,0.9375,0,0.913576,11.697224,8
c8df2d8199dd8555,16,0.883333,0,0,382,2,12,15,13.25,1.0625,0,0.877491,11.105582,8
e413f69b8f4ea06c,16,0.858333,0,0,353,2,10,14,12.875,1.484375,0,0.860859,9.313659,8
eba663a01d400ee0,16,0.816667,0,0,309,2,9,15,12.25,2.9375,0,0.830277,8.374215,8
28d49091db88d319,16,0.808333,0,0,300,2,10,15,12.125,2.859375,0,0.823646,8.793098,8
801f5d88b3319d7c,16,0.8,0,0,286,2,9,15,12.0,2.375,0,0.801472,8.312893,8
0f9ab9e92063c126,16,0.841667,0,0,338,2,9,15,12.625,2.359375,0,0.854229,8.54909,8
c84bce238cddb968,16,0.866667,0,0,359,2,11,15,13.0,1.0,0,0.856995,10.696912,8
6f8ae7f7ef31a51f,16,0.825,0,0,312,2,10,14,12.375,1.734375,0,0.82371,9.137945,8
999bc01e638150ba,16,0.808333,0,0,286,2,11,15,12.125,1.609375,0,0.785852,9.854944,8
7bfa5e7bea13905c,16,0.808333,0,0,290,2,10,15,12.125,1.484375,0,0.799727,9.219908,8
77fa8c22a986bee1,16,0.8,0,0,284,2,9,14,12.0,2.0,0,0.802598,8.431286,8
631d2c4c03070398,16,0.866667,0,0,360,2,11,15,13.0,1.125,0,0.861416,10.339131,8
42a8af62462d3d8d,16,0.891667,0,0,399,2,10,15,13.375,1.734375,0,0.898006,9.635044,8
9bdea3b5a3d0b611,16,0.858333,0,0,345,2,12,14,12.875,0.484375,0,0.843646,11.073762,8
a28374595d1b67fc,16,0.858333,0,0,356,2,11,15,12.875,1.859375,0,0.866887,9.698744,8
ec1116fe8d93c790,16,0.85,0,0,341,2,10,14,12.75,1.4375,0,0.849814,9.380253,8
d4269c5a6a8ac788,16,0.866667,0,0,361,2,10,15,13.0,1.375,0,0.861591,9.687534,8
461863c6a5f4b4b3,16,0.841667,0,0,329,2,11,15,12.625,1.359375,0,0.83453,10.24484,8
94feafa95912c447,16,0.875,0,0,374,2,10,15,13.125,1.484375,0,0.874467,9.719299,8
b617b63dce040ee8,16,0.833333,0,0,323,2,10,15,12.5,1.875,0,0.833412,9.458901,8
b7e491000655e6ee,16,0.841667,0,0,337,2,10,15,12.625,2.609375,0,0.850799,9.351061,8
4941f3bd65e68028,16,0.866667,0,0,367,2,11,15,13.0,2.125,0,0.875241,9.933604,8
dc81550fa122db69,16,0.833333,0,0,322,2,9,15,12.5,1.75,0,0.830494,8.803832,8
770d18a9f57b68d7,16,0.858333,0,0,347,2,10,14,12.875,1.109375,0,0.845985,9.790711,8
721db16c7828fa76,16,0.916667,0,0,434,2,10,15,13.75,1.4375,0,0.922344,9.896166,8
6146f9799b366881,16,0.85,0,0,343,2,9,15,12.75,1.8125,0,0.847336,8.855922,8
08c8eef71283df25,16,0.841667,0,0,334,2,10,15,12.625,1.984375,0,0.845686,9.340783,8
26a71d8e086ca47d,16,0.858333,0,0,359,2,9,15,12.875,2.609375,0,0.872824,8.637893,8
980a70cbeaaf5db3,16,0.883333,0,0,379,2,12,15,13.25,0.6875,0,0.872068,11.28459,8
63cfd3036c929219,16,0.808333,0,0,293,2,10,14,12.125,1.734375,0,0.802721,8.70216,8
3df4451b3dc57109,16,0.8,0,0,285,2,10,14,12.0,2.0,0,0.799559,8.844131,8
4e540462ae5752c4,16,0.875,0,0,369,2,12,15,13.125,0.734375,0,0.865749,11.008805,8
64acd5fb87bfab36,16,0.841667,0,0,334,2,10,15,12.625,1.984375,0,0.846695,9.136717,8
397d357d6065fc43,16,0.816667,0,0,297,2,10,14,12.25,1.1875,0,0.804006,9.234947,8
be3ce153736e9151,16,0.8,0,0,282,2,9,14,12.0,1.875,0,0.790644,8.50239,8
08093bca559f4b02,16,0.85,0,0,345,2,10,15,12.75,1.9375,0,0.853166,9.47393,8
4a6205f645cd9eaa,16,0.85,0,0,341,2,9,14,12.75,1.5625,0,0.848186,8.752693,8
a56f2094e850f8bf,16,0.875,0,0,377,2,11,15,13.125,2.109375,0,0.88038,10.135348,8
2600903f9030db6a,16,0.841667,0,0,326,2,11,14,12.625,0.984375,0,0.829148,10.105999,8
9cc3f3bba8bba298,16,0.816667,0,0,307,2,9,15,12.25,2.4375,0,0.828083,8.341478,8
ea130728c0710eec,16,0.833333,0,0,322,2,10,14,12.5,1.625,0,0.833875,9.26559,8
3687911e2ad9de82,16,0.808333,0,0,301,2,9,15,12.125,2.859375,0,0.828749,8.328655,8
276b3e530225c7bf,16,0.883333,0,0,387,2,11,15,13.25,1.5625,0,0.888776,10.026795,8
58dac8975dd8f9cd,16,0.783333,0,0,264,2,9,14,11.75,2.0625,0,0.772014,8.229329,8
66394f1852639892,16,0.883333,0,0,382,2,11,15,13.25,0.9375,0,0.878413,10.449814,8
aa32fd6fce070e13,16,0.825,0,0,312,2,10,15,12.375,1.859375,0,0.825295,9.003701,8
35aec01b90ff6072,16,0.875,0,0,376,2,10,15,13.125,1.734375,0,0.876971,9.76357,8
c2be0cc237883410,16,0.841667,0,0,331,2,10,15,12.625,1.484375,0,0.840129,9.412444,8
c2ad04125bab05fa,16,0.85,0,0,343,2,10,15,12.75,1.8125,0,0.846936,9.774039,8
99b645d3aed3cf73,16,0.875,0,0,372,2,11,15,13.125,1.234375,0,0.870948,10.454552,8
4cd64af9d4b46c4d,16,0.875,0,0,373,2,11,15,13.125,1.359375,0,0.873687,10.657,8
b46a194a46bbad40,16,0.791667,0,0,266,2,10,13,11.875,0.734375,0,0.768143,9.317669,8
23172d6f09ea50fe,16,0.833333,0,0,325,2,10,15,12.5,2.0,0,0.838789,9.493753,8
bf9c16cd49d1f7ed,16,0.866667,0,0,369,2,10,15,13.0,2.125,0,0.878464,9.110691,8
23ae7193151e4068,16,0.825,0,0,318,2,9,15,12.375,2.609375,0,0.834567,8.50443,8
c97dabaf52fee43e,16,0.866667,0,0,363,2,11,15,13.0,1.375,0,0.867555,10.041905,8
0f44a9ce7363e71f,16,0.85,0,0,344,2,11,15,12.75,1.8125,0,0.855068,9.546245,8
f62199150fcc516d,16,0.858333,0,0,357,2,10,15,12.875,2.109375,0,0.865371,9.618089,8
c0872a87be550672,16,0.8,0,0,280,2,10,14,12.0,1.375,0,0.786159,9.266363,8
6214ff5dd2a408e7,16,0.85,0,0,343,2,10,15,12.75,1.9375,0,0.851615,9.658203,8
e42a89e3c597c180,16,0.841667,0,0,338,2,8,14,12.625,2.609375,0,0.850208,7.796467,8
7ac7e56b4b9bad0b,16,0.825,0,0,303,2,11,14,12.375,0.734375,0,0.802982,10.267168,8
ee3b0b61845b9b44,16,0.808333,0,0,291,2,10,14,12.125,1.359375,0,0.804401,9.364112,8
b6983481587190b3,16,0.858333,0,0,354,2,10,15,12.875,1.734375,0,0.862641,9.27805,8
a3865eaeb31eda57,16,0.866667,0,0,365,2,10,15,13.0,1.75,0,0.871064,9.400472,8
1807530d62f99368,16,0.866667,0,0,365,2,10,15,13.0,1.625,0,0.870144,9.545966,8
43bb7b3d715a5fe6,16,0.808333,0,0,286,2,11,14,12.125,0.609375,0,0.792077,9.613635,8
b4e10bd21c0808f3,16,0.866667,0,0,360,2,12,15,13.0,1.25,0,0.859428,10.601891,8
d29236c726230cb8,16,0.85,0,0,342,2,10,14,12.75,1.6875,0,0.847437,9.682615,8
123d5b3a8af19e4b,16,0.85,0,0,345,2,9,15,12.75,1.9375,0,0.855289,8.618007,8
a8bc72b91dbce5c9,16,0.866667,0,0,374,2,10,15,13.0,2.875,0,0.890709,9.177212,8
db5f0d2263d29c13,16,0.825,0,0,308,2,9,13,12.375,1.109375,0,0.814086,8.727777,8
19af30881cb013bf,16,0.808333,0,0,296,2,9,14,12.125,2.109375,0,0.811639,8.461501,8
fe1ad7bee80ee41c,16,0.866667,0,0,361,2,11,15,13.0,1.125,0,0.862413,10.448171,8
67451ce0ffd6c61e,16,0.833333,0,0,317,2,11,15,12.5,1.375,0,0.820321,10.063396,8
fb31c9f7f3529ca2,16,0.841667,0,0,332,2,10,15,12.625,1.984375,0,0.841265,9.528409,8
44db4f19ca67035b,16,0.775,0,0,255,2,9,14,11.625,1.859375,0,0.769373,8.176298,8
de58437f0b530a36,16,0.816667,0,0,303,2,10,15,12.25,2.0625,0,0.814876,9.016206,8
6243e8b7dafa8610,16,0.85,0,0,338,2,11,14,12.75,1.0625,0,0.839506,10.121939,8
26447cc781c87837,16,0.825,0,0,312,2,9,14,12.375,1.609375,0,0.822148,8.661003,8
8d16e557eb710970,16,0.9,0,0,404,2,12,15,13.5,0.875,0,0.894145,11.501743,8
6aa1aaee85e86325,16,0.933333,0,0,455,2,12,15,14.0,0.875,0,0.934247,11.697224,8
96d63f90dbc3453e,16,0.908333,0,0,422,2,11,15,13.625,1.609375,0,0.914744,10.284975,8
172dbc4af53d488d,16,0.933333,0,0,454,2,12,15,14.0,0.75,0,0.932078,12.0,8
1f66fa9e1ef9ab50,16,0.908333,0,0,418,2,12,15,13.625,1.109375,0,0.906981,11.133802,8
cac4302a0510f2ac,16,0.9,0,0,404,2,12,15,13.5,0.75,0,0.89468,11.267949,8
2e18a8c8fd930173,16,0.941667,0,0,468,2,12,15,14.125,0.859375,0,0.943871,11.665799,8
c3f1e5cb574ab587,16,0.916667,0,0,429,2,12,15,13.75,0.8125,0,0.91445,11.585786,8
5249b4b549086b2b,16,0.891667,0,0,399,2,11,15,13.375,1.734375,0,0.897756,10.505865,8
9913580791cd193b,16,0.883333,0,0,384,2,11,15,13.25,1.1875,0,0.880988,10.614805,8
d814d3de825f6863,16,0.908333,0,0,416,2,12,15,13.625,0.734375,0,0.902905,11.697224,8
31a2c3adaef1b19f,16,0.908333,0,0,421,2,10,15,13.625,1.359375,0,0.91034,9.945204,8
6d76d0a2ac7f2e86,16,0.891667,0,0,395,2,10,15,13.375,1.109375,0,0.889278,9.849392,8
0aea27d885373d3a,16,0.916667,0,0,432,2,11,15,13.75,1.1875,0,0.919031,10.82259,8
14085de162954df7,16,0.933333,0,0,455,2,12,15,14.0,0.875,0,0.934216,11.76679,8
f96271c5100d689d,16,0.916667,0,0,428,2,12,15,13.75,0.6875,0,0.912358,11.76679,8
8437b1fd8efe43b0,16,0.958333,0,0,491,2,13,15,14.375,0.359375,0,0.956158,13.0,8
36ca24cc2258fa67,16,0.9,0,0,403,2,12,15,13.5,0.625,0,0.892547,11.653436,8
10a13e206135d1bb,16,0.891667,0,0,395,2,12,15,13.375,1.109375,0,0.891017,11.026182,8
516006eef98cf9be,16,0.925,0,0,443,2,12,15,13.875,1.109375,0,0.925191,11.78568,8
615027dfa1c37f02,16,0.908333,0,0,416,2,12,15,13.625,0.734375,0,0.903134,11.657077,8
e62e2474452c714c,16,0.975,0,0,519,2,13,15,14.625,0.359375,0,0.975435,13.0,8
0d56df737a9bf840,16,0.925,0,0,444,2,11,15,13.875,1.234375,0,0.927589,10.902133,8
efddb4ad3d1ec734,16,0.916667,0,0,431,2,12,15,13.75,1.0625,0,0.917957,11.476904,8
4047129e86441b63,16,0.916667,0,0,429,2,12,15,13.75,1.0625,0,0.913118,11.829914,8
52dab0d17b2f5f25,16,0.866667,0,0,366,2,11,15,13.0,2.0,0,0.873031,9.975481,8
a947d4cc99049c63,16,0.883333,0,0,383,2,12,15,13.25,1.0625,0,0.880041,10.941666,8
a24d61ce71571764,16,0.95,0,0,480,2,13,15,14.25,0.6875,0,0.950824,12.381966,8
b2df3c73cc0e9fa0,16,0.941667,0,0,468,2,12,15,14.125,0.859375,0,0.943382,11.78568,8
1b9807eed8bac48f,16,0.933333,0,0,452,2,13,15,14.0,0.625,0,0.928686,12.585786,8
2e23aac6db8334e7,16,0.933333,0,0,454,2,12,15,14.0,0.75,0,0.93211,11.829914,8
55a9efbc1c536ad1,16,0.9,0,0,413,2,10,15,13.5,2.0,0,0.910942,9.691121,8
7b07a230fd807571,16,0.925,0,0,446,2,11,15,13.875,1.359375,0,0.932661,10.534937,8
27d06d281cc5ee33,16,0.916667,0,0,430,2,12,15,13.75,0.9375,0,0.916313,11.5538,8
f3594e1aa2d4c9c7,16,0.883333,0,0,388,2,11,15,13.25,1.8125,0,0.889583,10.124368,8
f2bdc045aca75112,16,0.9,0,0,407,2,11,15,13.5,1.125,0,0.89856,10.826802,8
7e756f542ac727c7,16,0.891667,0,0,397,2,10,15,13.375,1.734375,0,0.894114,9.893574,8
fdd3a774f861bc2c,16,0.908333,0,0,418,2,11,15,13.625,0.984375,0,0.907601,10.657001,8
a05675bed67fec8e,16,0.925,0,0,442,2,12,15,13.875,0.859375,0,0.923741,11.78568,8
42c8d311d1f401e1,16,0.833333,0,0,318,2,10,14,12.5,1.25,0,0.824624,9.461159,8
8b0fe266b9d256b6,16,0.891667,0,0,393,2,12,15,13.375,0.859375,0,0.887121,10.971646,8
d2bcdd3951126865,16,0.925,0,0,443,2,12,15,13.875,0.984375,0,0.926667,11.304207,8
87112ddb8dc00cfa,16,0.883333,0,0,389,2,11,15,13.25,1.8125,0,0.893883,9.730559,8
0369e988ea96db79,16,0.908333,0,0,419,2,11,15,13.625,1.234375,0,0.909024,10.768203,8
c7945a9f21598ae0,16,0.9,0,0,405,2,11,15,13.5,1.125,0,0.895436,10.91387,8
708e85552b4943ac,16,0.875,0,0,374,2,10,15,13.125,1.484375,0,0.875657,9.595296,8
4bb4442dd134ce2e,16,0.9,0,0,409,2,11,15,13.5,1.5,0,0.90425,10.598922,8
03fafa1d1810a964,16,0.891667,0,0,393,2,12,15,13.375,0.859375,0,0.887121,10.961902,8
4299bc3c04104424,16,0.891667,0,0,403,2,9,15,13.375,2.234375,0,0.905261,8.867411,8
4dd570cea4cf217f,16,0.858333,0,0,349,2,10,14,12.875,1.109375,0,0.850241,9.752437,8
81108fd6b99c1c33,16,0.875,0,0,370,2,11,15,13.125,0.984375,0,0.867224,10.563799,8
7df07fa6e0a58484,16,0.9,0,0,406,2,12,15,13.5,1.25,0,0.896961,11.457375,8
582d990801633cff,16,0.916667,0,0,428,2,12,15,13.75,0.6875,0,0.91239,11.697224,8
4058842d201fbc44,16,0.891667,0,0,397,2,11,15,13.375,1.484375,0,0.893987,10.358054,8
4f65e07818e24094,16,0.916667,0,0,431,2,11,15,13.75,1.1875,0,0.917826,10.80955,8
83c91503c83b4fa2,16,0.858333,0,0,349,2,11,14,12.875,1.109375,0,0.850912,10.174154,8
c9a9c329dff724e8,16,0.916667,0,0,428,2,12,15,13.75,0.6875,0,0.91213,11.829914,8
2c42b33fd6c16a76,16,0.866667,0,0,366,2,10,15,13.0,2.0,0,0.872171,9.529478,8
670b46c4a69c2a96,16,0.866667,0,0,369,2,9,15,13.0,2.375,0,0.878791,8.674631,8
997156b64125dc23,16,0.916667,0,0,430,2,12,15,13.75,0.9375,0,0.916126,11.443387,8
ef55fdd9002a31b9,16,0.866667,0,0,363,2,10,14,13.0,1.5,0,0.865758,9.70422,8
e32560676333fe53,16,0.875,0,0,372,2,11,15,13.125,1.109375,0,0.871021,10.500146,8
e38e94ea7f9b3550,16,0.916667,0,0,434,2,11,15,13.75,1.4375,0,0.923916,10.529596,8
9d26319e1df3b752,16,0.875,0,0,372,2,11,15,13.125,1.109375,0,0.872919,10.0712,8
47ef901772e2b481,16,0.891667,0,0,394,2,11,15,13.375,0.984375,0,0.889242,10.47399,8
13172ce563162f6d,16,0.908333,0,0,418,2,12,15,13.625,0.984375,0,0.907594,11.246285,8
fd322a026664c741,16,0.9,0,0,410,2,11,15,13.5,1.5,0,0.906192,10.389232,8
a8cf8c01b8907ede,16,0.925,0,0,444,2,11,15,13.875,1.109375,0,0.928474,10.756076,8
4f9ff21e795a64a1,16,0.841667,0,0,328,2,11,15,12.625,1.234375,0,0.833464,9.952984,8
096eb2b845ecfd69,16,0.925,0,0,441,2,12,15,13.875,0.734375,0,0.922326,11.829914,8
ab2b3ccdf2bdf097,16,0.883333,0,0,381,2,11,15,13.25,0.8125,0,0.875685,10.755156,8
32cb323342db82b8,16,0.925,0,0,444,2,12,15,13.875,1.109375,0,0.92849,11.21689,8
2483756a7477c0e2,16,0.908333,0,0,417,2,12,15,13.625,0.859375,0,0.905786,11.257942,8
57e47731b43b7940,16,0.925,0,0,442,2,12,15,13.875,0.984375,0,0.923077,12.0,8
138e8ea333fc6d68,16,0.875,0,0,373,2,11,15,13.125,1.234375,0,0.873747,10.574574,8
17369ee824bcca9a,16,0.866667,0,0,364,2,11,15,13.0,1.5,0,0.868126,10.174067,8
9172858a767043a3,16,0.908333,0,0,418,2,11,15,13.625,0.984375,0,0.907372,10.658923,8
69912e70925f0d92,16,0.858333,0,0,352,2,11,15,12.875,1.609375,0,0.858358,9.776003,8
2a88517474a14424,16,0.825,0,0,313,2,10,15,12.375,1.984375,0,0.825384,9.105166,8
db4ac2195c8b037f,16,0.933333,0,0,453,2,12,15,14.0,0.625,0,0.930919,11.78568,8
66223ed5ca0397a4,16,0.925,0,0,442,2,12,15,13.875,0.859375,0,0.92444,11.697224,8
e785e3d0e6cc11c7,16,0.916667,0,0,430,2,12,15,13.75,0.9375,0,0.916417,11.302248,8
b479fa3b639f89b6,16,0.875,0,0,377,2,10,15,13.125,1.734375,0,0.881672,9.617729,8
ed06bfe3f0ebccfd,16,0.866667,0,0,361,2,11,15,13.0,1.25,0,0.86292,10.201728,8
68c565db86dd92c8,16,0.9,0,0,405,2,12,15,13.5,0.875,0,0.895946,11.439408,8
ec9527e83c211ca4,16,0.891667,0,0,392,2,11,15,13.375,0.734375,0,0.885161,10.676596,8
6249f84022ae2462,16,0.925,0,0,439,2,13,15,13.875,0.484375,0,0.919483,12.381966,8
69770f6e99e47322,16,0.908333,0,0,417,2,12,15,13.625,0.859375,0,0.905234,11.554213,8
06ae87e3f56b26a3,16,0.908333,0,0,416,2,12,15,13.625,0.859375,0,0.903255,11.438447,8
9045b1658e981441,16,0.9,0,0,405,2,12,15,13.5,0.875,0,0.896986,11.164771,8
aed46f0a04dceb19,16,0.916667,0,0,438,2,10,15,13.75,1.9375,0,0.931376,9.703836,8
729fa6aaf4d91d5d,16,0.866667,0,0,359,2,11,15,13.0,1.0,0,0.858419,10.368016,8
7a6ceec025875d1d,16,0.866667,0,0,365,2,11,15,13.0,1.625,0,0.871506,10.015959,8
ae7102ae0df38616,16,0.933333,0,0,456,2,12,15,14.0,1.0,0,0.935465,11.697224,8
90a09b17d525458c,16,0.9,0,0,408,2,11,15,13.5,1.375,0,0.900666,10.773541,8
55371c5a944d95fe,16,0.9,0,0,405,2,12,15,13.5,0.875,0,0.896585,11.114758,8
6fa78230655a0a95,16,0.883333,0,0,387,2,11,15,13.25,1.6875,0,0.886343,10.507537,8
35ecd17ed2175770,16,0.883333,0,0,391,2,9,15,13.25,2.0625,0,0.892433,8.836249,8
c68d69832769ba42,16,0.916667,0,0,431,2,12,15,13.75,1.0625,0,0.917895,11.153222,8
06e12156938e983c,16,0.883333,0,0,383,2,11,15,13.25,1.0625,0,0.880453,10.609965,8
886de771deac59a9,16,0.95,0,0,479,2,13,15,14.25,0.5625,0,0.949359,12.381966,8
075c1839ac702bfb,16,0.958333,0,0,494,2,13,15,14.375,0.734375,0,0.96131,12.267949,8
bb0221e5e07a1c10,16,0.958333,0,0,493,2,13,15,14.375,0.609375,0,0.959592,12.381966,8
b694c8e1a34cf6c0,16,0.95,0,0,479,2,13,15,14.25,0.5625,0,0.94913,12.585786,8
1e25a4c45ec336f4,16,0.941667,0,0,467,2,12,15,14.125,0.734375,0,0.942199,11.697224,8
61eec4b407f9c0be,16,0.958333,0,0,494,2,12,15,14.375,0.734375,0,0.961164,11.829914,8
cdc3bfe9177e0b18,16,0.941667,0,0,465,2,13,15,14.125,0.484375,0,0.938301,13.0,8
daf2eace8cfdb8a4,16,0.941667,0,0,467,2,12,15,14.125,0.734375,0,0.94145,12.0,8
b11f4707a4e94be1,16,0.991667,0,0,546,2,14,15,14.875,0.109375,0,0.991667,14.0,8
469a706401127ff3,16,0.95,0,0,481,2,12,15,14.25,0.8125,0,0.952853,11.697224,8
227348ad273403ff,16,0.9,0,0,411,2,11,15,13.5,1.625,0,0.908502,10.08451,8
81abf2358a5ce2c8,16,0.908333,0,0,416,2,11,15,13.625,0.859375,0,0.902133,10.91387,8
3b3652ae57fbf7a5,16,0.983333,0,0,532,2,14,15,14.75,0.1875,0,0.982967,14.0,8
9252dbca7d85c209,16,0.975,0,0,519,2,13,15,14.625,0.359375,0,0.975435,13.0,8
ab2a5d5cd85a0bdd,16,0.941667,0,0,468,2,12,15,14.125,0.984375,0,0.942992,12.0,8
c4427789e518d675,16,0.941667,0,0,468,2,13,15,14.125,0.859375,0,0.943773,12.152241,8
7628c814d883f5af,16,0.958333,0,0,492,2,13,15,14.375,0.484375,0,0.957875,12.585786,8
cac91fb16970f264,16,0.95,0,0,480,2,13,15,14.25,0.6875,0,0.950824,12.585786,8
a364ebb6cec914f2,16,0.95,0,0,483,2,12,15,14.25,1.0625,0,0.955828,11.585786,8
aaf377edeaa3c35b,16,0.941667,0,0,465,2,13,15,14.125,0.484375,0,0.938759,12.381966,8
ae83ad842c8c5f7d,16,0.925,0,0,441,2,12,15,13.875,0.859375,0,0.922346,11.697224,8
a5ed3f6400afd266,16,0.941667,0,0,467,2,12,15,14.125,0.734375,0,0.94171,11.829914,8
f599a12a9a95e708,16,0.95,0,0,477,2,13,15,14.25,0.3125,0,0.945971,13.0,8
b3604e635c581d87,16,0.908333,0,0,421,2,11,15,13.625,1.484375,0,0.911923,10.652092,8
b16e286bc17e44e0,16,0.941667,0,0,468,2,12,15,14.125,0.859375,0,0.943871,11.665799,8
2159c19fe398510a,16,0.966667,0,0,505,2,13,15,14.5,0.375,0,0.96598,13.0,8
40d64ed582a4017e,16,0.933333,0,0,454,2,12,15,14.0,0.75,0,0.932599,11.697224,8
0c61e5de5d81943b,16,0.925,0,0,442,2,12,15,13.875,0.859375,0,0.92444,11.63766,8
39a3d1b052b6a2cc,16,0.941667,0,0,468,2,12,15,14.125,0.859375,0,0.943642,11.697224,8
8225399bdff4c5ea,16,0.916667,0,0,430,2,12,15,13.75,0.9375,0,0.916126,11.466009,8
11a5910dd9297886,16,0.966667,0,0,508,2,12,15,14.5,0.75,0,0.971062,11.829914,8
f8d5250acb927c65,16,0.975,0,0,518,2,14,15,14.625,0.234375,0,0.973901,14.0,8
e550015d5d0dd812,16,0.95,0,0,480,2,12,15,14.25,0.6875,0,0.95041,12.0,8
ce08c1c1f9a98da5,16,0.95,0,0,483,2,11,15,14.25,1.0625,0,0.954962,11.0,8
55d97498767f4361,16,0.95,0,0,482,2,11,15,14.25,0.9375,0,0.953497,11.0,8
6e1619b44827126c,16,0.941667,0,0,469,2,12,15,14.125,1.109375,0,0.945282,11.438447,8
217eee1f1899c463,16,0.908333,0,0,419,2,12,15,13.625,1.109375,0,0.910019,10.835752,8
67f84cd66854c33e,16,0.941667,0,0,465,2,12,15,14.125,0.484375,0,0.938337,12.0,8
f3e59be4084fda52,16,0.933333,0,0,452,2,13,15,14.0,0.5,0,0.928984,12.585786,8
3314d3c192dc6b4f,16,0.925,0,0,439,2,12,15,13.875,0.484375,0,0.919533,11.78568,8
6780b4326e2fc9be,16,0.908333,0,0,415,2,12,15,13.625,0.734375,0,0.900585,12.0,8
846f6f70d56ac8a9,16,0.933333,0,0,451,2,13,15,14.0,0.375,0,0.927793,12.381966,8
3fb6e4359cade4f0,16,0.925,0,0,443,2,12,15,13.875,1.109375,0,0.925191,11.78568,8
0daf50a41391945f,16,0.933333,0,0,455,2,12,15,14.0,0.875,0,0.934108,11.438447,8
a374d55ce9652a09,16,1.0,0,0,560,1,15,15,15.0,0.0,1,1.0,16.0,8
9ec18e02346914e5,16,0.966667,0,0,506,2,13,15,14.5,0.5,0,0.96772,12.585786,8
b398ee6d0cff6509,16,0.966667,0,0,504,2,14,15,14.5,0.25,0,0.964469,14.0,8
b33c968937bb24e0,16,0.983333,0,0,533,2,13,15,14.75,0.3125,0,0.984524,13.0,8
31f4e62f1efba980,16,0.958333,0,0,495,2,12,15,14.375,0.859375,0,0.962881,11.78568,8
149b3ac3deaa35d8,16,0.925,0,0,449,2,11,15,13.875,1.734375,0,0.936901,10.409535,8
4c2ef17db1b98d74,16,0.925,0,0,443,2,12,15,13.875,1.109375,0,0.925191,11.78568,8
3dd7dbf90866730a,16,0.916667,0,0,429,2,12,15,13.75,0.8125,0,0.914221,11.65448,8
2239c9880dc8b881,16,0.958333,0,0,492,2,13,15,14.375,0.484375,0,0.957647,13.0,8
797abebab380656b,16,0.95,0,0,479,2,13,15,14.25,0.5625,0,0.948901,13.0,8
08f4ccb976519d40,16,0.925,0,0,439,2,13,15,13.875,0.484375,0,0.919483,12.267949,8
ec6e3aacd986ec0d,16,0.925,0,0,441,2,12,15,13.875,0.734375,0,0.922555,11.829914,8
8565dd179fb8fc5c,16,0.933333,0,0,453,2,12,15,14.0,0.625,0,0.930919,11.78568,8
55b0498bdcf74d78,16,0.941667,0,0,465,2,13,15,14.125,0.484375,0,0.93853,12.585786,8
54f035e4671b7ea4,16,0.933333,0,0,454,2,13,15,14.0,0.75,0,0.932509,12.267949,8
cada7c1a6a75f401,16,0.891667,0,0,397,2,11,15,13.375,1.359375,0,0.894499,10.488345,8
e1d2016867196909,16,0.916667,0,0,433,2,10,15,13.75,1.3125,0,0.919582,9.948626,8
dbb1d959130e8902,16,0.941667,0,0,466,2,13,15,14.125,0.609375,0,0.940201,12.381966,8
f6e6d6a9e7cf7b39,16,0.95,0,0,480,2,13,15,14.25,0.6875,0,0.951053,12.267949,8
cacf2e167d8e0f73,16,0.941667,0,0,469,2,12,15,14.125,0.984375,0,0.94463,11.829914,8
bddfdd3162715df8,16,0.966667,0,0,506,2,13,15,14.5,0.5,0,0.967491,13.0,8
a3352b6ccfb9f3cd,16,0.941667,0,0,468,2,12,15,14.125,0.859375,0,0.943121,12.0,8
1920f8b4d9cd8790,16,0.933333,0,0,455,2,12,15,14.0,0.875,0,0.934705,11.697224,8
6dc8359e5dd9b834,16,0.925,0,0,441,2,12,15,13.875,0.734375,0,0.923075,11.585786,8
31bdc92d98183af8,16,0.958333,0,0,491,2,13,15,14.375,0.359375,0,0.956158,13.0,8
4c21572250aa491b,16,0.95,0,0,478,2,13,15,14.25,0.4375,0,0.947436,13.0,8
ddae91736a3a323d,16,0.933333,0,0,452,2,13,15,14.0,0.5,0,0.928755,13.0,8
542495334e4eb6d7,16,0.958333,0,0,496,2,11,15,14.375,0.984375,0,0.963836,11.0,8
1f3293caca64237b,16,0.941667,0,0,467,2,13,15,14.125,0.734375,0,0.942102,12.0,8
b54d736f524cb3ba,16,0.925,0,0,446,2,11,15,13.875,1.484375,0,0.931714,10.686357,8
1698be651a965785,16,0.941667,0,0,468,2,12,15,14.125,0.984375,0,0.943465,11.697224,8
f45b335f0084fdb3,16,0.941667,0,0,466,2,12,15,14.125,0.609375,0,0.939779,12.0,8
c2f193ff41ec9249,16,0.941667,0,0,466,2,12,15,14.125,0.609375,0,0.940268,11.829914,8
2e6b0401170f2e87,16,0.941667,0,0,466,2,13,15,14.125,0.609375,0,0.94043,12.267949,8
b95ea481cf0ea83c,16,0.916667,0,0,432,2,11,15,13.75,1.1875,0,0.920482,10.602511,8
6d94d9d7e447c0bf,16,0.941667,0,0,470,2,12,15,14.125,1.109375,0,0.947602,11.314456,8
ce435fcddc25ed91,16,0.95,0,0,479,2,12,15,14.25,0.5625,0,0.948945,12.0,8
93b02356be6d9dbf,16,0.933333,0,0,454,2,12,15,14.0,0.75,0,0.931849,12.0,8
942fa4f9c1fe7def,16,0.941667,0,0,467,2,13,15,14.125,0.734375,0,0.942102,12.198062,8
7efdea1e599b6738,16,0.933333,0,0,458,2,11,15,14.0,1.25,0,0.940004,10.756076,8
574777c595ebb954,16,0.941667,0,0,467,2,13,15,14.125,0.734375,0,0.941873,12.267949,8
9a236ee112a72792,16,0.941667,0,0,470,2,11,15,14.125,1.109375,0,0.946468,10.91387,8
93f1678d90d08949,16,0.916667,0,0,425,2,12,14,13.75,0.3125,0,0.907551,11.829914,8
dc5e6a99fc754922,16,0.941667,0,0,470,2,12,15,14.125,1.109375,0,0.947342,11.358814,8
5134abca5267b9a9,16,0.916667,0,0,430,2,12,15,13.75,1.0625,0,0.915439,11.697224,8
1a8e80d42720b085,16,0.941667,0,0,468,2,12,15,14.125,1.109375,0,0.94319,12.0,8
d975c11c34a7028c,16,0.933333,0,0,453,2,13,15,14.0,0.625,0,0.93109,12.0,8
fc8bbf0eaeb337c6,16,0.9,0,0,408,2,11,15,13.5,1.25,0,0.89975,10.90125,8
d57e268721970dee,16,0.941667,0,0,469,2,11,15,14.125,0.984375,0,0.945026,10.91387,8
d7ab948dc9b42110,16,0.916667,0,0,430,2,12,15,13.75,0.9375,0,0.916313,11.528908,8
df03ff2c2f4f3aec,16,0.966667,0,0,507,2,12,15,14.5,0.625,0,0.969062,12.0,8
87eeb7047ceb0c62,16,0.975,0,0,521,2,12,15,14.625,0.609375,0,0.978571,12.0,8
db5582ff4b645397,16,0.941667,0,0,464,2,13,15,14.125,0.359375,0,0.936859,13.0,8
fa81f44542bc7e75,16,0.958333,0,0,496,2,12,15,14.375,0.984375,0,0.964744,11.438447,8
e9cfdd9601942fff,16,0.916667,0,0,431,2,12,15,13.75,1.0625,0,0.918019,11.267949,8
6d4ed3198b6a1807,16,0.933333,0,0,453,2,12,15,14.0,0.625,0,0.93043,12.0,8
2ce64e629abfc23b,32,0.074597,0,0,3,13,1,5,2.3125,1.214844,0,0.129167,0.046419,15
6446022dfabcda83,32,0.074597,0,0,1,8,1,5,2.3125,1.714844,0,0.01875,0.119492,13
5d8b052a112d0f1d,32,0.072581,0,0,0,11,1,6,2.25,1.375,0,0.0,0.058827,12
f44c38f01820c76c,32,0.080645,0,0,0,7,1,6,2.5,1.5625,0,0.0,0.203158,15
792097eac71c79da,32,0.076613,0,0,2,13,1,5,2.375,1.109375,0,0.091667,0.056975,15
cae398aa2b6dc423,32,0.078629,0,0,2,8,1,5,2.4375,1.371094,0,0.065625,0.114506,15
c2d8d02f5a5b97af,32,0.072581,0,0,3,11,1,5,2.25,1.1875,0,0.138542,0.04001,14
f7db7f35d5106458,32,0.110887,0,0,7,7,1,8,3.4375,3.371094,0,0.075446,0.236631,15
4986a032ecb8a5c6,32,0.112903,0,0,3,5,1,8,3.5,2.8125,0,0.040699,0.491172,15
8ea6d79cf813ca4e,32,0.084677,0,0,1,7,1,5,2.625,1.921875,0,0.01875,0.194,14
97effc10b319f5d5,32,0.102823,0,0,7,7,1,6,3.1875,2.089844,0,0.153125,0.305328,16
96bdb49af88497be,32,0.108871,0,0,7,6,1,8,3.375,2.234375,0,0.131473,0.320648,16
46062a5ce4ff55d5,32,0.104839,0,0,5,6,1,8,3.25,2.5625,0,0.083408,0.395095,16
8fdff1b831698cdc,32,0.108871,0,0,6,6,1,8,3.375,2.296875,0,0.125074,0.25255,16
097842acc519db9f,32,0.09879,0,0,4,6,1,8,3.0625,2.871094,0,0.079762,0.387229,15
8343af1a9d4cca4d,32,0.100806,0,0,3,6,1,8,3.125,2.796875,0,0.094866,0.353629,14
29ea3de10bb1bc9c,32,0.096774,0,0,0,6,1,7,3.0,2.25,0,0.0,0.202136,15
397daf8cfaf05135,32,0.102823,0,0,8,7,1,7,3.1875,2.714844,0,0.177976,0.260362,15
af60cca149fdb88b,32,0.094758,0,0,5,7,1,6,2.9375,1.621094,0,0.103125,0.191284,14
cce559ed788b5ed0,32,0.096774,0,0,4,6,1,7,3.0,2.125,0,0.054464,0.302919,16
c66c3b3d399a8c80,32,0.120968,0,0,5,6,1,7,3.75,2.5,0,0.116071,0.523884,16
c9a8d32d93c6c9b9,32,0.118952,0,0,11,6,1,6,3.6875,2.214844,0,0.155208,0.398423,16
521dca8f6500876c,32,0.104839,0,0,5,5,1,8,3.25,3.6875,0,0.094271,0.413812,16
d60c6f7be1879a12,32,0.092742,0,0,2,7,1,5,2.875,1.609375,0,0.044792,0.268958,15
7995ac78a2d4e07b,32,0.114919,0,0,5,7,1,7,3.5625,2.496094,0,0.054762,0.175418,16
f0ea884d26ce6735,32,0.102823,0,0,4,6,1,7,3.1875,1.714844,0,0.06131,0.374134,16
e10c838a2fc81c89,32,0.122984,0,0,10,6,1,8,3.8125,2.339844,0,0.140774,0.43259,16
4a2b4ff670d54825,32,0.122984,0,0,15,6,1,9,3.8125,4.402344,0,0.144048,0.331986,16
da885131a62673d7,32,0.106855,0,0,6,6,1,7,3.3125,2.152344,0,0.091667,0.435407,16
e589f55d5abd3e53,32,0.102823,0,0,4,6,1,6,3.1875,1.527344,0,0.094792,0.301414,16
492d8c06b01d36b7,32,0.122984,0,0,11,5,1,7,3.8125,2.464844,0,0.16503,0.503084,16
0899aa5be7549527,32,0.096774,0,0,4,7,1,6,3.0,2.25,0,0.078125,0.239972,16
f06d2f903d531d52,32,0.106855,0,0,3,6,2,8,3.3125,2.464844,0,0.025372,0.402284,16
4e653d5154aaba7d,32,0.09879,0,0,2,7,1,6,3.0625,1.808594,0,0.017708,0.177582,16
b3bda42b1f9ca3b5,32,0.092742,0,0,2,6,1,6,2.875,2.171875,0,0.0375,0.256707,14
7098dc1f702eb61b,32,0.108871,0,0,3,7,1,6,3.375,1.859375,0,0.045833,0.374446,16
2523c4ef00333499,32,0.094758,0,0,2,8,1,6,2.9375,1.933594,0,0.060417,0.174707,15
da9dcd8ab7a5a736,32,0.135081,0,0,13,5,1,11,4.1875,4.027344,0,0.112162,0.724615,16
e0b7a4d5001d6d25,32,0.116935,0,0,11,6,1,6,3.625,1.859375,0,0.136458,0.33741,16
8f084afa3cd83e8d,32,0.110887,0,0,7,5,1,6,3.4375,1.871094,0,0.119792,0.325424,16
3eab2754e6d89f85,32,0.141129,0,0,19,5,1,10,4.375,3.359375,0,0.141543,0.518315,16
3738b9da341b1d69,32,0.116935,0,0,6,7,1,7,3.625,2.421875,0,0.080952,0.237518,16
30b66d77cd94eb0f,32,0.106855,0,0,4,6,1,7,3.3125,1.714844,0,0.052083,0.379986,16
1c917c76a9168901,32,0.110887,0,0,3,6,1,8,3.4375,2.746094,0,0.03564,0.330588,16
735458962dc0e49a,32,0.086694,0,0,1,7,1,5,2.6875,1.402344,0,0.039583,0.194697,15
effee3ef17563e40,32,0.110887,0,0,3,5,1,7,3.4375,2.808594,0,0.037351,0.432694,15
e6abfdf8f10ef81d,32,0.102823,0,0,2,7,1,6,3.1875,2.214844,0,0.032292,0.26909,16
c8c8567fa36390a0,32,0.094758,0,0,4,6,1,7,2.9375,2.246094,0,0.111756,0.275127,15
5b6456e5bd2f540b,32,0.106855,0,0,2,7,1,6,3.3125,1.277344,0,0.020833,0.255893,16
99a90dad5d9d0bbb,32,0.102823,0,0,5,7,1,7,3.1875,2.152344,0,0.106101,0.196995,15
8256528b64c09090,32,0.106855,0,0,2,6,1,5,3.3125,1.339844,0,0.039583,0.428213,15
f4175530ae31a865,32,0.116935,0,0,5,6,1,9,3.625,2.859375,0,0.096528,0.474256,16
3e1757d41cd5ee3a,32,0.118952,0,0,6,5,1,7,3.6875,2.527344,0,0.075,0.501532,16
34ce0f62b934af08,32,0.104839,0,0,3,5,1,7,3.25,1.875,0,0.040476,0.480892,16
0ff231f8e001dafe,32,0.116935,0,0,11,8,1,8,3.625,3.359375,0,0.133259,0.119069,16
db6fb1a3e9ac933f,32,0.100806,0,0,4,7,1,6,3.125,2.109375,0,0.078125,0.357553,15
1e4d34a23bc1369e,32,0.118952,0,0,6,5,1,7,3.6875,2.839844,0,0.1375,0.477639,16
c576b29a6945b8c0,32,0.090726,0,0,3,9,1,7,2.8125,1.777344,0,0.074851,0.137494,16
e50d53b8e2b7aef1,32,0.106855,0,0,3,7,1,7,3.3125,1.777344,0,0.070238,0.283828,16
a206c31292813097,32,0.096774,0,0,4,7,1,7,3.0,1.75,0,0.043601,0.195427,16
15c710d93648a12e,32,0.114919,0,0,4,6,1,6,3.5625,2.621094,0,0.047917,0.389849,15
4a44ca976e3ad29b,32,0.108871,0,0,4,5,1,7,3.375,2.796875,0,0.047768,0.427846,15
ab6cf80fa81503d4,32,0.118952,0,0,9,6,1,9,3.6875,3.339844,0,0.100769,0.372906,16
e7c16ef9ebb67cc1,32,0.120968,0,0,5,5,1,6,3.75,1.6875,0,0.063542,0.534066,16
55488d8673750288,32,0.110887,0,0,7,6,1,9,3.4375,3.433594,0,0.088294,0.272976,15
c28116080afec0a4,32,0.09879,0,0,5,7,1,7,3.0625,2.246094,0,0.110863,0.213623,15
4bf0f1b047e54600,32,0.100806,0,0,6,6,1,6,3.125,2.609375,0,0.133333,0.35406,16
546e146d3a7eeabb,32,0.104839,0,0,4,5,1,7,3.25,2.9375,0,0.076339,0.471639,15
1c62f6acb3dfb902,32,0.116935,0,0,10,6,1,8,3.625,3.046875,0,0.103943,0.375247,15
84da1361c14e8645,32,0.108871,0,0,4,6,1,6,3.375,2.046875,0,0.063542,0.342669,15
5eb86e705585726c,32,0.094758,0,0,3,7,1,6,2.9375,1.871094,0,0.047917,0.286582,15
78ef9cb9aa2b639b,32,0.116935,0,0,6,6,1,8,3.625,3.296875,0,0.096131,0.400323,15
aed1c761d5068540,32,0.114919,0,0,1,5,1,7,3.5625,2.621094,0,0.011905,0.512071,16
eac79f91b766f218,32,0.096774,0,0,2,6,1,6,3.0,2.0625,0,0.026042,0.226614,15
d68a973d2a6cb4af,32,0.122984,0,0,8,5,1,8,3.8125,2.964844,0,0.135789,0.643624,16
78e3dd1d94b0cba9,32,0.100806,0,0,4,6,1,7,3.125,2.109375,0,0.07128,0.231426,16
2982bf20651a79fc,32,0.114919,0,0,5,6,1,7,3.5625,2.058594,0,0.056994,0.419402,16
0ecc7b74acec5f2c,32,0.086694,0,0,3,10,1,6,2.6875,1.964844,0,0.119792,0.10037,15
2c176a21ee798925,32,0.086694,0,0,1,10,1,6,2.6875,1.527344,0,0.0125,0.116849,15
fcc4b4340c5b8254,32,0.104839,0,0,4,8,1,6,3.25,1.625,0,0.096875,0.143917,16
a9e7f27f6cd579b2,32,0.100806,0,0,4,6,1,6,3.125,2.546875,0,0.09375,0.395587,15
9d46a9f78713798e,32,0.112903,0,0,7,6,1,8,3.5,3.625,0,0.061682,0.28855,16
9c1be6ea59cd11ee,32,0.094758,0,0,6,7,1,5,2.9375,1.683594,0,0.167708,0.123128,15
3bd8450edbcc5538,32,0.120968,0,0,7,5,1,7,3.75,2.0625,0,0.119345,0.537957,16
dfc8fa9c4f773cd4,32,0.094758,0,0,3,6,1,7,2.9375,1.746094,0,0.069643,0.375816,15
c2d61e61baeff3ce,32,0.096774,0,0,3,6,1,9,3.0,2.625,0,0.072421,0.216343,15
131d3762a40eefd9,32,0.118952,0,0,16,6,1,9,3.6875,3.777344,0,0.143477,0.273807,16
6f4a56df15f011d0,32,0.112903,0,0,10,6,1,7,3.5,3.4375,0,0.115476,0.315925,16
f302d003fe28789a,32,0.102823,0,0,6,8,1,8,3.1875,2.902344,0,0.105208,0.147202,15
280f5602727efe2f,32,0.08871,0,0,1,7,1,7,2.75,2.125,0,0.039583,0.22578,14
e45c5ccb48de086a,32,0.096774,0,0,4,7,1,7,3.0,2.3125,0,0.086756,0.183129,15
c0a7f11d258eb24e,32,0.096774,0,0,2,6,1,7,3.0,2.125,0,0.026488,0.311324,15
ce0d608cb8b17411,32,0.100806,0,0,5,7,1,7,3.125,3.046875,0,0.049851,0.25305,15
36cc6abb8798ad3e,32,0.118952,0,0,9,5,1,7,3.6875,2.964844,0,0.146875,0.607463,15
5e57d668fb1976f6,32,0.092742,0,0,4,8,1,7,2.875,2.234375,0,0.090923,0.095921,16
43113a6c89d597d4,32,0.114919,0,0,6,5,1,6,3.5625,1.996094,0,0.098958,0.448805,16
8ed42d0596033330,32,0.112903,0,0,7,5,1,9,3.5,2.6875,0,0.078299,0.538309,16
3e6f0cf8d1918fe8,32,0.133065,0,0,14,5,1,8,4.125,3.046875,0,0.184375,0.514208,16
2966ac2746fb1d32,32,0.106855,0,0,4,6,1,6,3.3125,2.089844,0,0.078125,0.410715,16
4637415bd4707aa6,32,0.122984,0,0,7,7,1,9,3.8125,3.089844,0,0.079663,0.186454,16
21c3819318ee8755,32,0.082661,0,0,3,8,1,6,2.5625,2.183594,0,0.115625,0.139578,14
c17d4428a1021fdb,32,0.106855,0,0,5,6,1,7,3.3125,2.402344,0,0.13378,0.359251,15
9a68f03880c42eca,32,0.131048,0,0,12,5,1,10,4.0625,3.558594,0,0.089236,0.609332,16
26539c7c9b44f7a8,32,0.110887,0,0,6,6,1,6,3.4375,1.996094,0,0.084375,0.327042,16
2d354cec7c4584c0,32,0.104839,0,0,5,6,1,7,3.25,2.125,0,0.083185,0.360212,16
4d445addfd9548b3,32,0.118952,0,0,8,6,1,8,3.6875,4.277344,0,0.087798,0.475897,16
406d2861312e9116,32,0.114919,0,0,10,6,1,10,3.5625,3.808594,0,0.130853,0.415792,15
e2a3e7f7492a89bc,32,0.167339,0,0,20,5,1,8,5.1875,3.089844,0,0.140625,0.746445,16
7bfca8433636f91a,32,0.153226,0,0,21,4,1,11,4.75,5.375,0,0.13768,0.65066,16
48ad13828e4ef3c4,32,0.163306,0,0,18,5,1,9,5.0625,3.746094,0,0.121404,0.541872,16
77905a430a195783,32,0.15121,0,0,17,4,2,7,4.6875,2.339844,0,0.1375,1.061312,16
2fb08a9ef6a04885,32,0.171371,0,0,31,4,2,9,5.3125,3.902344,0,0.2187,1.278255,16
98b33ec82a120634,32,0.157258,0,0,13,5,1,9,4.875,3.359375,0,0.099777,0.668451,16
a15a461385c95e35,32,0.183468,0,0,30,4,2,11,5.6875,5.464844,0,0.170035,1.381543,16
cd31dce062889a49,32,0.179435,0,0,19,4,1,11,5.5625,4.746094,0,0.106162,0.741938,16
20bc69b7b2d964b8,32,0.153226,0,0,22,5,1,10,4.75,4.375,0,0.182465,0.430759,16
3ff59aec29b01970,32,0.120968,0,0,9,5,1,7,3.75,2.9375,0,0.109077,0.542164,15
c39dfca801aea244,32,0.153226,0,0,20,5,2,10,4.75,3.625,0,0.183829,0.893157,16
43eee99a74924bf8,32,0.147177,0,0,17,5,1,9,4.5625,3.621094,0,0.137649,0.467257,16
2463426e941179a9,32,0.157258,0,0,20,4,1,9,4.875,3.359375,0,0.179936,0.659731,16
7c71aa767a07f663,32,0.177419,0,0,25,5,1,10,5.5,5.125,0,0.117336,0.721546,16
e9fbed387d83f921,32,0.141129,0,0,15,5,2,8,4.375,4.171875,0,0.101935,0.72959,16
e9cdbc2ee762fb77,32,0.153226,0,0,23,6,1,8,4.75,4.375,0,0.157812,0.496908,16
4fbc4b57fd16ae6a,32,0.141129,0,0,13,5,1,8,4.375,2.984375,0,0.154167,0.706212,16
03c5cd8ae42cdbd7,32,0.149194,0,0,31,6,1,10,4.625,6.296875,0,0.209945,0.408281,16
31a61e2a2fe49004,32,0.157258,0,0,19,5,1,8,4.875,3.171875,0,0.173735,0.761733,16
1ad51998193aec11,32,0.179435,0,0,27,4,1,9,5.5625,4.371094,0,0.159896,0.818177,16
419e140b73659898,32,0.122984,0,0,6,5,1,7,3.8125,2.277344,0,0.058333,0.593224,16
de23a8fc2cedd36a,32,0.141129,0,0,14,5,1,8,4.375,3.046875,0,0.151711,0.568554,16
b8eac0d8ce74f0c7,32,0.145161,0,0,13,5,2,8,4.5,2.3125,0,0.21131,0.71336,16
10732a3ff788bc44,32,0.153226,0,0,14,4,1,9,4.75,2.625,0,0.110913,0.772005,16
bb0b3858307e6927,32,0.157258,0,0,16,4,1,8,4.875,3.359375,0,0.126711,0.853243,16
e8a55b40d5f5371f,32,0.141129,0,0,20,5,1,11,4.375,4.359375,0,0.158874,0.643577,16
40573014f0a05e2b,32,0.139113,0,0,10,4,1,10,4.3125,3.339844,0,0.117014,0.723,16
8c4b55d65ae9e2d0,32,0.173387,0,0,24,4,2,9,5.375,4.171875,0,0.173388,1.06514,16
f3830b4ea1812cf4,32,0.122984,0,0,12,5,1,7,3.8125,2.089844,0,0.192411,0.610911,16
4fa41c03c3910cd4,32,0.157258,0,0,26,5,1,9,4.875,5.546875,0,0.168899,0.642402,16
f35303e7dd98e3e0,32,0.167339,0,0,23,5,1,11,5.1875,4.089844,0,0.19145,0.530396,16
0bf8c1e23b973cb6,32,0.153226,0,0,22,5,2,11,4.75,4.375,0,0.177561,1.103559,16
172306f318580419,32,0.145161,0,0,15,5,1,10,4.5,3.75,0,0.155853,0.786511,16
b7e0debb509a9d17,32,0.139113,0,0,15,5,1,8,4.3125,2.402344,0,0.168601,0.69463,16
b24dc92731d9121b,32,0.171371,0,0,22,4,3,10,5.3125,3.214844,0,0.14814,1.468721,16
5fe5420c35108869,32,0.15121,0,0,17,5,1,8,4.6875,3.152344,0,0.117783,0.564704,16
95bc7a169709cb03,32,0.16129,0,0,23,4,1,13,5.0,6.125,0,0.159409,0.834578,16
b02b8ded3cab15e4,32,0.16129,0,0,17,4,2,11,5.0,3.9375,0,0.107055,1.314185,16
77cf1a37ccc44819,32,0.145161,0,0,16,6,1,8,4.5,3.0625,0,0.150521,0.458995,16
faf6308514da2c87,32,0.163306,0,0,27,5,1,11,5.0625,5.558594,0,0.20427,0.527756,16
7ffdac9b3daba5a9,32,0.139113,0,0,7,5,1,9,4.3125,2.839844,0,0.065972,0.694776,16
6ccfa87ad58ba700,32,0.191532,0,0,27,4,3,12,5.9375,4.433594,0,0.170362,1.554707,16
98b41f10a85e9647,32,0.159274,0,0,21,4,1,10,4.9375,4.433594,0,0.181746,0.732643,15
b6b1946a59931417,32,0.159274,0,0,14,5,1,10,4.9375,4.246094,0,0.101984,0.704638,16
0d8b648a788d94b8,32,0.16129,0,0,22,5,1,9,5.0,4.1875,0,0.173611,0.638044,16
a43fcc872f44e1a9,32,0.153226,0,0,21,5,1,8,4.75,3.6875,0,0.167262,0.554559,16
608032cf5e624a5a,32,0.163306,0,0,15,4,2,9,5.0625,2.871094,0,0.135565,1.362425,16
56bd74fd252a94e7,32,0.143145,0,0,14,5,1,10,4.4375,4.308594,0,0.110193,0.685228,16
a3e84c109d8bf1fd,32,0.157258,0,0,21,4,1,9,4.875,3.671875,0,0.174107,0.803173,16
2c3142cbe01de1a7,32,0.145161,0,0,14,5,1,11,4.5,3.6875,0,0.111445,0.614887,16
dad8dce5e6637923,32,0.155242,0,0,11,4,2,9,4.8125,2.589844,0,0.089534,1.113228,16
fd338e92bf5726ff,32,0.177419,0,0,35,4,3,11,5.5,4.8125,0,0.233455,1.545446,16
d0e06513ae949b9b,32,0.139113,0,0,9,5,1,9,4.3125,3.339844,0,0.112401,0.606952,16
0ac03dcc975699e8,32,0.15121,0,0,16,4,2,8,4.6875,2.464844,0,0.167932,1.031643,16
dd178a972d5bf466,32,0.177419,0,0,34,5,1,11,5.5,6.3125,0,0.263375,0.666973,16
ee0c06ea905ec11e,32,0.15121,0,0,15,5,1,8,4.6875,3.152344,0,0.12872,0.753929,16
2186eecbea38d713,32,0.185484,0,0,31,4,2,10,5.75,5.375,0,0.186979,1.297267,16
c88f88fe9018ca4f,32,0.153226,0,0,17,5,2,9,4.75,2.5625,0,0.141667,0.80927,16
a238c4254be37a46,32,0.165323,0,0,19,4,1,12,5.125,4.734375,0,0.15172,0.76225,16
f32c78c375a77803,32,0.169355,0,0,20,4,2,10,5.25,3.375,0,0.118105,1.220991,16
c8deb553ed063105,32,0.15121,0,0,10,4,1,9,4.6875,2.777344,0,0.076538,0.832049,16
d99066636da692fc,32,0.129032,0,0,13,6,1,10,4.0,3.75,0,0.146825,0.336722,16
d751a66f4a5f4a39,32,0.159274,0,0,13,4,2,9,4.9375,2.371094,0,0.136086,1.308652,16
57367400adf45ee2,32,0.159274,0,0,21,5,1,8,4.9375,3.683594,0,0.140476,0.712284,16
1732cdde0709b659,32,0.1875,0,0,31,4,2,10,5.8125,3.527344,0,0.2063,1.22266,16
76998b45a52398cd,32,0.149194,0,0,15,5,2,8,4.625,2.296875,0,0.133631,1.026842,16
16720a6493ab2110,32,0.179435,0,0,27,4,2,9,5.5625,3.621094,0,0.154663,1.379089,16
96ba3a03150f9f4b,32,0.145161,0,0,18,4,2,8,4.5,3.375,0,0.169196,0.842106,16
cef8d0b9733f63e7,32,0.157258,0,0,17,4,1,9,4.875,3.984375,0,0.127604,0.674325,16
349f120595a1d91d,32,0.137097,0,0,12,5,1,8,4.25,3.1875,0,0.1125,0.600016,16
bab8dee176ad6be8,32,0.181452,0,0,37,5,1,11,5.625,5.484375,0,0.214311,0.664384,16
f7ab450c7907eb1f,32,0.137097,0,0,10,5,1,8,4.25,3.375,0,0.080432,0.534894,16
b3c7d521098f3f61,32,0.143145,0,0,17,5,1,10,4.4375,5.371094,0,0.14318,0.709213,16
440a27dbd5bfa3e7,32,0.16129,0,0,21,5,1,9,5.0,4.5625,0,0.133829,0.760725,16
325c91149ad6e7d4,32,0.141129,0,0,19,5,1,11,4.375,4.984375,0,0.164177,0.522855,15
507dd16611b44e2d,32,0.131048,0,0,7,4,1,8,4.0625,2.746094,0,0.05811,0.805554,16
6b3148da3a3cfea6,32,0.153226,0,0,17,5,1,11,4.75,6.3125,0,0.168263,0.633001,16
ae28efd2b4f76a58,32,0.129032,0,0,14,6,1,11,4.0,4.0625,0,0.188481,0.411501,16
0d6e5a03395b054d,32,0.137097,0,0,12,5,1,8,4.25,3.1875,0,0.128646,0.663799,16
186149fbe4f54718,32,0.16129,0,0,25,5,2,10,5.0,3.0,0,0.174008,0.639573,16
253c452bb8793bf9,32,0.147177,0,0,13,4,1,8,4.5625,3.558594,0,0.098661,0.830744,16
901440847f1c1995,32,0.145161,0,0,19,5,1,10,4.5,5.4375,0,0.160119,0.546578,16
da55080708a6133d,32,0.147177,0,0,18,5,1,9,4.5625,3.871094,0,0.219097,0.665261,16
517788022c925b1a,32,0.157258,0,0,25,4,1,10,4.875,5.796875,0,0.189459,0.841687,16
e5859f86ea8e548d,32,0.145161,0,0,17,5,1,8,4.5,3.1875,0,0.138095,0.345724,16
da555023d1798871,32,0.173387,0,0,29,4,2,10,5.375,3.796875,0,0.175719,1.049425,16
a15378d65e1021ac,32,0.153226,0,0,11,5,1,9,4.75,3.75,0,0.111706,0.621855,16
6020662683768324,32,0.141129,0,0,15,5,2,9,4.375,3.109375,0,0.153571,0.656296,16
79a621bedb700d29,32,0.153226,0,0,16,5,1,9,4.75,2.75,0,0.201885,0.555959,16
1dce9a498c9cc162,32,0.155242,0,0,16,5,1,8,4.8125,3.339844,0,0.137426,0.578275,16
280c78b5a55aece9,32,0.120968,0,0,10,7,1,8,3.75,2.75,0,0.102381,0.324749,16
70d5a7c85ad103a4,32,0.15121,0,0,17,4,2,8,4.6875,2.964844,0,0.131101,0.818382,16
8fe3207f6faf921d,32,0.127016,0,0,11,5,1,11,3.9375,4.996094,0,0.134456,0.610386,16
ce774f084e67162c,32,0.155242,0,0,20,4,2,9,4.8125,3.339844,0,0.183507,0.823267,16
a3ff26ac48fdaccc,32,0.15121,0,0,17,5,1,11,4.6875,3.964844,0,0.132549,0.727156,16
c0d098433aa5becb,32,0.129032,0,0,13,5,1,8,4.0,3.4375,0,0.140699,0.600709,15
4f7db458a1d0efbe,32,0.139113,0,0,17,5,2,7,4.3125,2.589844,0,0.168304,0.75519,16
cbbe7f8042c96bf2,32,0.159274,0,0,8,4,2,8,4.9375,2.121094,0,0.073884,1.12541,16
000f14c617bdd17c,32,0.15121,0,0,16,4,2,8,4.6875,2.152344,0,0.163021,1.059588,16
12dc2de92a2a3065,32,0.155242,0,0,16,4,1,8,4.8125,3.777344,0,0.133036,0.85399,16
95844345b47a8291,32,0.185484,0,0,36,4,1,10,5.75,5.5,0,0.243254,0.852528,16
03611852ea0bf533,32,0.21371,0,0,44,3,2,12,6.625,5.296875,0,0.192118,1.757489,16
dc51676332147ee4,32,0.1875,0,0,43,4,2,12,5.8125,6.027344,0,0.311587,1.43632,16
e22a05c3309e3f32,32,0.22379,0,0,59,3,3,13,6.9375,4.746094,0,0.204417,2.100374,16
8f7a8d339f30f953,32,0.193548,0,0,29,4,2,10,6.0,3.6875,0,0.190055,1.565391,16
668f99883de4204c,32,0.203629,0,0,53,4,1,13,6.3125,7.964844,0,0.227943,0.807479,16
c25746db91920d01,32,0.189516,0,0,30,4,1,10,5.875,4.359375,0,0.172346,0.863196,16
3ac796fb9d9a7c5e,32,0.191532,0,0,36,4,3,11,5.9375,3.183594,0,0.194424,1.602131,16
534b9ea999770752,32,0.193548,0,0,31,4,1,12,6.0,4.0,0,0.158178,0.728456,16
5f37490e5df8bedf,32,0.199597,0,0,29,3,4,9,6.1875,2.339844,0,0.170114,2.18958,16
2c0243111cee8bc9,32,0.203629,0,0,46,4,1,11,6.3125,5.714844,0,0.247468,0.890499,16
522fb0d7ead7ec06,32,0.215726,0,0,58,4,1,13,6.6875,7.089844,0,0.244903,0.865465,16
e033fa08ce9120a5,32,0.165323,0,0,17,4,2,8,5.125,2.984375,0,0.167708,1.426864,16
35066749c2b2e599,32,0.201613,0,0,36,4,2,10,6.25,5.4375,0,0.232788,1.405829,16
e661f963a1624664,32,0.1875,0,0,44,4,2,12,5.8125,5.839844,0,0.24662,1.119128,16
76a0eb86cfaea256,32,0.191532,0,0,38,4,2,12,5.9375,7.371094,0,0.163957,1.394589,16
fb71f94f009fe3c3,32,0.209677,0,0,45,3,3,10,6.5,4.0625,0,0.219767,2.131661,16
c259394c2580e51b,32,0.197581,0,0,26,4,2,10,6.125,3.609375,0,0.131796,1.692968,16
249f308bf796c4ce,32,0.181452,0,0,34,4,1,11,5.625,6.796875,0,0.217316,0.754406,16
46e2bc65d08a23bd,32,0.225806,0,0,52,4,3,11,7.0,5.125,0,0.188754,2.368376,16
b850c842ee945244,32,0.175403,0,0,24,4,1,11,5.4375,4.933594,0,0.183915,0.797996,16
ef5d1c6cc6dfcf9d,32,0.231855,0,0,73,3,3,16,7.1875,7.027344,0,0.255753,2.278641,16
a04092cccba534fa,32,0.247984,0,0,66,3,4,13,7.6875,5.527344,0,0.215377,3.136159,16
121c7c0f53f95fff,32,0.183468,0,0,22,4,1,10,5.6875,3.902344,0,0.140675,0.844167,16
c2c807f4699fca0f,32,0.185484,0,0,27,5,2,11,5.75,4.1875,0,0.152487,1.184479,16
dbe3fcb150fd76fd,32,0.199597,0,0,35,4,3,10,6.1875,2.777344,0,0.170908,1.872408,16
3ed1c1fe6b98b09c,32,0.195565,0,0,38,4,1,11,6.0625,5.683594,0,0.182961,0.869573,16
1c87ead573f8940e,32,0.211694,0,0,45,3,3,12,6.5625,4.621094,0,0.225543,1.895996,16
463fb6c7dad54c78,32,0.205645,0,0,36,4,2,10,6.375,4.046875,0,0.180853,1.411146,16
7abbff34378d6ead,32,0.197581,0,0,45,4,1,11,6.125,4.734375,0,0.209688,0.848317,16
d026536777f6e3e7,32,0.169355,0,0,20,4,1,11,5.25,5.75,0,0.12328,0.799768,16
213438dd50417446,32,0.205645,0,0,42,4,2,12,6.375,5.609375,0,0.167614,1.499751,16
99ee8ea960a96854,32,0.167339,0,0,16,4,2,8,5.1875,2.652344,0,0.162946,1.342034,16
6e20a76ec8464c8c,32,0.219758,0,0,49,3,2,10,6.8125,4.652344,0,0.206176,1.484192,16
a37d4c5dff8dbc58,32,0.215726,0,0,48,4,3,12,6.6875,4.402344,0,0.221866,1.719989,16
90e9ebf52fcd6fd1,32,0.215726,0,0,52,3,3,12,6.6875,4.527344,0,0.226308,2.134292,16
d7a4b5fa43195199,32,0.219758,0,0,53,3,3,11,6.8125,5.839844,0,0.21689,1.836012,16
c2b1e1cdec59f493,32,0.195565,0,0,33,4,3,10,6.0625,2.933594,0,0.172594,1.812777,16
a1475388c3758225,32,0.199597,0,0,33,3,3,9,6.1875,2.839844,0,0.174231,2.007732,16
a71d6522812c0f8e,32,0.195565,0,0,58,4,2,12,6.0625,8.433594,0,0.327863,1.197481,16
bd9ba15cf1745ed7,32,0.185484,0,0,38,4,1,10,5.75,5.0,0,0.231548,0.900216,16
981d4a1ad7c5d07f,32,0.181452,0,0,33,4,1,12,5.625,4.984375,0,0.175873,0.730966,16
03009183fee92566,32,0.217742,0,0,45,3,3,12,6.75,5.6875,0,0.194366,2.051648,16
2288acaf7123bf93,32,0.21371,0,0,57,4,3,14,6.625,5.734375,0,0.268071,1.956018,16
a450850d83aa737f,32,0.207661,0,0,52,4,1,12,6.4375,6.058594,0,0.224786,0.86421,16
25bd0d03329f97a6,32,0.189516,0,0,29,4,2,12,5.875,4.546875,0,0.148963,1.354549,16
4b72aaeca1d63e04,32,0.22379,0,0,65,3,3,14,6.9375,5.808594,0,0.265792,1.977365,16
56080a92980aeded,32,0.221774,0,0,44,3,2,12,6.875,4.484375,0,0.175988,1.834094,16
c2811df6e07dca6e,32,0.195565,0,0,28,3,2,10,6.0625,3.746094,0,0.153522,1.489144,16
dec2f49269a0df8a,32,0.21371,0,0,49,4,3,11,6.625,4.796875,0,0.213343,1.871398,16
eb1742d3ca4168e3,32,0.233871,0,0,64,3,3,14,7.25,4.5625,0,0.24063,2.467753,16
690fca7dabac41d1,32,0.175403,0,0,28,5,2,10,5.4375,3.996094,0,0.209152,1.245589,16
1b4fa55b4fe21adc,32,0.203629,0,0,37,4,3,12,6.3125,4.464844,0,0.206721,1.634208,16
b0dd20df265c8e52,32,0.207661,0,0,44,3,3,11,6.4375,4.121094,0,0.220443,1.775856,16
5e2bcff139c8742b,32,0.197581,0,0,36,4,1,11,6.125,4.859375,0,0.16062,0.790889,16
54fbd6ad7f5e2cd2,32,0.195565,0,0,37,3,3,11,6.0625,4.621094,0,0.209226,1.673089,16
7f2d2a9f659a6736,32,0.191532,0,0,28,4,3,9,5.9375,3.371094,0,0.151984,1.688388,16
751e337dd3584504,32,0.185484,0,0,23,4,2,10,5.75,3.125,0,0.154812,1.254966,16
0e70c593a9d9b7e8,32,0.177419,0,0,30,4,1,10,5.5,4.8125,0,0.177827,0.792337,16
81ee0872d7948797,32,0.211694,0,0,52,4,2,12,6.5625,7.308594,0,0.235561,1.547738,16
a0723b4486054af0,32,0.203629,0,0,52,4,1,15,6.3125,7.089844,0,0.219742,0.68505,16
56a06583c6087087,32,0.191532,0,0,41,4,1,9,5.9375,5.058594,0,0.245188,0.841893,16
603cb7a35b0bf497,32,0.173387,0,0,24,4,2,9,5.375,3.359375,0,0.15558,1.054867,16
6e338be4ac88da8d,32,0.189516,0,0,33,4,2,10,5.875,3.921875,0,0.172669,1.387853,16
940f021c316fae34,32,0.211694,0,0,49,4,2,11,6.5625,5.683594,0,0.234711,1.377128,16
45f46482899507c5,32,0.199597,0,0,46,4,1,10,6.1875,4.214844,0,0.236558,0.845883,16
b3b09f41416247e6,32,0.185484,0,0,28,4,2,9,5.75,3.625,0,0.173537,1.328138,16
50629ae3d6c2876b,32,0.211694,0,0,44,3,2,11,6.5625,4.933594,0,0.198397,1.736172,16
b62486e4f06522aa,32,0.189516,0,0,31,4,2,11,5.875,5.671875,0,0.165963,1.447881,16
569c7465b4eec1f9,32,0.209677,0,0,32,4,1,10,6.5,3.5,0,0.149901,0.907313,16
fb57bd9d869f8876,32,0.173387,0,0,31,4,1,9,5.375,3.984375,0,0.176885,0.772857,16
af3a2be4c4a7d1cb,32,0.203629,0,0,40,4,2,11,6.3125,4.527344,0,0.195588,1.084068,16
a35c4397141b6d2b,32,0.205645,0,0,41,4,2,13,6.375,6.234375,0,0.208634,1.372111,16
341172a6088921ba,32,0.203629,0,0,38,3,4,12,6.3125,3.527344,0,0.185863,2.218372,16
1842197e90e09b27,32,0.1875,0,0,31,4,1,11,5.8125,4.839844,0,0.215111,0.866573,16
75e92d296107905b,32,0.219758,0,0,51,4,3,13,6.8125,4.027344,0,0.240722,1.800924,16
39e9736c6e3851be,32,0.21371,0,0,46,4,3,11,6.625,4.609375,0,0.195619,1.988465,16
f7ef89b1779e1405,32,0.165323,0,0,22,4,2,11,5.125,3.484375,0,0.168757,1.158614,16
d791ed07dbd87e1a,32,0.183468,0,0,30,4,1,11,5.6875,4.527344,0,0.180986,0.75137,16
3554810557056cfd,32,0.181452,0,0,30,4,3,8,5.625,3.609375,0,0.185714,1.530736,16
b3eedb2167762d37,32,0.181452,0,0,27,4,2,9,5.625,2.859375,0,0.187475,1.286076,16
08624aace3040f92,32,0.189516,0,0,38,4,2,11,5.875,4.234375,0,0.217061,1.202973,16
9ac453934851cadb,32,0.1875,0,0,39,4,1,12,5.8125,5.464844,0,0.185126,0.683421,16
58f6362d12940144,32,0.201613,0,0,48,4,2,12,6.25,6.0625,0,0.236526,1.262516,16
a686b5493a72af41,32,0.185484,0,0,43,4,1,11,5.75,6.75,0,0.241058,0.753,16
4545d00fbc6deea3,32,0.195565,0,0,35,4,3,13,6.0625,4.496094,0,0.212368,1.837355,16
c749cf3be81d8185,32,0.207661,0,0,40,4,2,10,6.4375,3.621094,0,0.184673,1.528369,16
f01dd60f43426dbd,32,0.175403,0,0,22,4,2,8,5.4375,2.683594,0,0.147693,1.513007,16
ceae2ddc6429ae45,32,0.235887,0,0,66,3,2,11,7.3125,5.777344,0,0.256527,1.76757,16
79beb9aaf965eaef,32,0.179435,0,0,39,4,1,11,5.5625,4.871094,0,0.24345,0.646418,16
4820cc6013df4382,32,0.173387,0,0,25,4,2,10,5.375,3.171875,0,0.131126,1.251973,16
f621eb492d87e531,32,0.229839,0,0,64,3,3,16,7.125,8.296875,0,0.248567,2.177929,16
f080c9b14d33b197,32,0.181452,0,0,33,4,2,11,5.625,4.109375,0,0.224975,1.548945,16
3914df216dfe27dc,32,0.209677,0,0,52,4,2,12,6.5,5.5625,0,0.215711,1.544442,16
659225215a96e409,32,0.189516,0,0,21,4,2,9,5.875,3.046875,0,0.116567,1.38116,16
59f2935434124b7e,32,0.195565,0,0,37,4,3,11,6.0625,4.121094,0,0.185207,1.714708,16
24697204b1374706,32,0.195565,0,0,36,4,2,10,6.0625,3.746094,0,0.190873,1.551724,16
74a73b31aca6f20d,32,0.189516,0,0,33,4,3,10,5.875,3.859375,0,0.214509,1.677735,16
7a93a3bae2e07c0c,32,0.199597,0,0,41,4,2,11,6.1875,4.464844,0,0.216247,1.434886,16
6d141f6902855ad6,32,0.22379,0,0,71,4,2,12,6.9375,8.871094,0,0.28389,1.493685,16
a1f8f45e3a17170f,32,0.243952,0,0,66,3,3,13,7.5625,5.183594,0,0.237793,2.505378,16
fee4e5a871464ec8,32,0.22379,0,0,62,4,3,12,6.9375,4.683594,0,0.224445,1.906574,16
be6d1d0519a8b863,32,0.25,0,0,83,3,2,14,7.75,5.0,0,0.262021,1.725962,16
f320b19562dc5c88,32,0.256048,0,0,86,3,4,13,7.9375,4.871094,0,0.269803,3.052193,16
f5173e3d7a5647b1,32,0.237903,0,0,62,3,2,12,7.375,4.609375,0,0.225893,1.637646,16
fb36293112b48941,32,0.229839,0,0,57,3,3,12,7.125,4.234375,0,0.204113,2.277778,16
6ce59a497f377e52,32,0.292339,0,0,129,3,5,14,9.0625,5.933594,0,0.313381,3.411445,16
a16423f7a2b15b1a,32,0.245968,0,0,69,3,3,13,7.625,5.546875,0,0.247735,2.513657,16
f8fb67972beb6ef4,32,0.237903,0,0,61,3,3,12,7.375,3.921875,0,0.239881,2.51928,16
e410a4bcd254de46,32,0.254032,0,0,85,3,4,13,7.875,6.671875,0,0.271836,2.827634,16
6ca3f4a7d8260611,32,0.247984,0,0,63,3,4,13,7.6875,4.964844,0,0.208446,3.000907,16
203313566ff5ae95,32,0.27621,0,0,106,3,2,15,8.5625,7.308594,0,0.250309,1.687631,16
8321c85bd6e02661,32,0.241935,0,0,66,3,3,14,7.5,6.375,0,0.233638,2.524353,16
e463bbc21f14465c,32,0.300403,0,0,126,3,5,15,9.3125,6.027344,0,0.270063,3.877059,16
1ccaeacd24b9fd6a,32,0.225806,0,0,64,4,1,14,7.0,8.1875,0,0.23542,0.906733,16
77e163fb36335ba0,32,0.22379,0,0,47,3,3,13,6.9375,5.621094,0,0.20548,2.347908,16
95f16ba85dce9ff6,32,0.245968,0,0,69,3,3,11,7.625,4.609375,0,0.22491,2.294615,16
7e2d3f06ae033f49,32,0.282258,0,0,132,4,1,14,8.75,11.125,0,0.313784,0.89708,16
355b2941acd2c22c,32,0.225806,0,0,55,3,2,10,7.0,4.5,0,0.228323,1.703085,16
7504854e7e8a9ce2,32,0.245968,0,0,76,4,2,11,7.625,4.859375,0,0.22665,1.673926,16
375f3fab5dbe2afa,32,0.262097,0,0,99,3,3,12,8.125,6.234375,0,0.293854,2.481634,16
7d23cc8a0fa82ca2,32,0.258065,0,0,87,3,2,14,8.0,6.75,0,0.263777,1.815026,16
0b020b623faf46f5,32,0.22379,0,0,59,4,2,12,6.9375,5.683594,0,0.236226,1.623199,16
acb9bc424a80ad6e,32,0.237903,0,0,67,4,1,13,7.375,5.421875,0,0.231273,0.895776,16
e0d960e6f5bf920c,32,0.256048,0,0,83,3,1,12,7.9375,4.683594,0,0.243516,0.912832,16
d6d72898697cb931,32,0.256048,0,0,68,3,3,12,7.9375,5.121094,0,0.230939,2.449339,16
1ad757a329338934,32,0.274194,0,0,95,3,5,13,8.5,4.3125,0,0.259898,3.867773,16
d70d3f5d5247f9d1,32,0.252016,0,0,68,3,4,13,7.8125,5.277344,0,0.217856,2.616481,16
5df986e31e6690aa,32,0.235887,0,0,58,3,3,12,7.3125,3.839844,0,0.21176,2.536895,16
672d6fb7d144f7f7,32,0.282258,0,0,107,3,6,13,8.75,3.8125,0,0.278906,3.793184,16
4e4f56442ed85e0b,32,0.25,0,0,60,3,5,12,7.75,3.0,0,0.206182,3.129009,16
6873bd4a9d107738,32,0.245968,0,0,78,3,3,14,7.625,7.296875,0,0.265146,2.456364,16
c9506799cba5b673,32,0.22379,0,0,55,4,2,11,6.9375,4.308594,0,0.213639,1.323777,16
f96303fd4646ef27,32,0.239919,0,0,63,3,4,14,7.4375,3.996094,0,0.236393,2.800354,16
8cb892f6ed00a828,32,0.243952,0,0,59,3,3,11,7.5625,4.308594,0,0.196208,2.437273,16
42c889665d8017ac,32,0.243952,0,0,66,3,3,11,7.5625,3.933594,0,0.222367,2.257782,16
2f2089052d4f017d,32,0.245968,0,0,61,3,4,14,7.625,4.609375,0,0.204189,2.834018,16
9c72b177d1a639f3,32,0.245968,0,0,72,3,4,12,7.625,4.109375,0,0.260252,2.912115,16
71aeea20e48aec38,32,0.260081,0,0,80,3,4,12,8.0625,4.496094,0,0.245049,3.125176,16
8058e883d087b0c2,32,0.235887,0,0,67,3,3,12,7.3125,4.964844,0,0.238663,2.404863,16
452c91ba25d0581e,32,0.219758,0,0,53,3,3,12,6.8125,4.714844,0,0.212883,2.354067,16
a1fc26939e078436,32,0.27621,0,0,84,3,5,16,8.5625,4.996094,0,0.228234,3.745752,16
fee3a6452257e113,32,0.247984,0,0,72,3,3,12,7.6875,6.277344,0,0.251048,2.67812,16
8ecf0fcc65bc1115,32,0.229839,0,0,73,4,2,14,7.125,7.046875,0,0.263633,1.22515,16
3641abd7072bf15f,32,0.25,0,0,68,3,3,12,7.75,4.75,0,0.205612,2.395047,16
ed89ff3a30e51ee9,32,0.231855,0,0,64,4,3,14,7.1875,5.089844,0,0.230369,2.226686,16
24b122b58bdf4826,32,0.219758,0,0,54,3,1,11,6.8125,5.527344,0,0.212868,0.895664,16
95947bfd78684d10,32,0.199597,0,0,45,4,2,11,6.1875,5.777344,0,0.221528,0.955226,16
6f1974a75479a32e,32,0.258065,0,0,86,3,4,13,8.0,5.0625,0,0.260344,2.846504,16
9035a6a2d84b2630,32,0.229839,0,0,47,3,3,11,7.125,4.734375,0,0.194893,2.422441,16
377783bee5e0754f,32,0.233871,0,0,52,3,2,12,7.25,4.9375,0,0.18782,1.806627,16
cc5aa4ab852f7948,32,0.262097,0,0,90,3,3,15,8.125,7.109375,0,0.280425,2.356713,16
e19a06e437ab44ac,32,0.247984,0,0,68,3,3,12,7.6875,4.214844,0,0.238391,2.440292,16
9ab1d238965766ca,32,0.264113,0,0,94,3,4,12,8.1875,5.652344,0,0.279685,2.799838,16
55b5ffe9a592bfdf,32,0.239919,0,0,73,3,3,13,7.4375,5.933594,0,0.240592,2.494927,16
d619ce4c58e8c802,32,0.258065,0,0,101,3,3,15,8.0,7.375,0,0.324292,2.196655,16
4f112d50f9d8eec6,32,0.254032,0,0,79,3,4,11,7.875,3.671875,0,0.247019,3.122232,16
fd04d0367323a7a6,32,0.278226,0,0,108,3,5,16,8.625,6.234375,0,0.293282,3.751117,16
5e2f51d8fe6bb725,32,0.243952,0,0,77,3,2,12,7.5625,6.558594,0,0.293915,1.706794,16
ecfe85a06e5a07d5,32,0.25,0,0,76,3,3,13,7.75,4.9375,0,0.242758,2.320285,16
b0f5836b2a797233,32,0.260081,0,0,86,3,3,15,8.0625,7.808594,0,0.245245,2.439811,16
557f32f0b7a5210a,32,0.272177,0,0,101,3,5,13,8.4375,5.683594,0,0.286807,3.323251,16
a7f49c4789ba523f,32,0.241935,0,0,76,3,2,12,7.5,6.75,0,0.266008,1.758678,16
afa0cc96d2a20950,32,0.237903,0,0,71,4,1,12,7.375,5.734375,0,0.23573,0.841042,16
88e86a729ecd7c06,32,0.260081,0,0,85,3,4,12,8.0625,4.871094,0,0.244548,3.012538,16
cb37b209a3770fe6,32,0.272177,0,0,89,3,2,12,8.4375,5.433594,0,0.246483,1.653311,16
65964798267e23e2,32,0.27621,0,0,106,3,3,17,8.5625,7.246094,0,0.257042,2.516992,16
621b987b2803de7a,32,0.268145,0,0,93,3,5,14,8.3125,4.964844,0,0.271669,3.453661,16
da3296ab5a9cdc63,32,0.247984,0,0,71,3,3,13,7.6875,6.714844,0,0.256942,2.378383,16
04f9061a90782510,32,0.254032,0,0,76,3,4,13,7.875,4.546875,0,0.237422,3.06107,16
39dd6d6a472bbc0d,32,0.239919,0,0,77,3,3,11,7.4375,5.058594,0,0.299333,2.270572,16
1285d56c31457178,32,0.239919,0,0,64,3,3,13,7.4375,4.871094,0,0.236515,2.204506,16
2d06e1473c8268a8,32,0.231855,0,0,55,3,3,12,7.1875,3.839844,0,0.232393,2.460579,16
662f0e92c87ae137,32,0.245968,0,0,80,3,3,13,7.625,7.234375,0,0.280945,2.413221,16
4d4630ac3f40cfdb,32,0.262097,0,0,84,3,4,14,8.125,5.171875,0,0.253807,3.14564,16
5b58d71ccf83929d,32,0.270161,0,0,102,3,5,13,8.375,4.859375,0,0.264082,3.282826,16
d5d7dd1521dfdef2,32,0.298387,0,0,117,3,5,14,9.25,6.0625,0,0.26946,3.759007,16
9410c61dc3ae7c4e,32,0.21371,0,0,39,3,3,10,6.625,3.546875,0,0.173934,2.021661,16
856f364c35698df9,32,0.241935,0,0,78,3,2,14,7.5,8.4375,0,0.318019,1.710419,16
8f48037ab1e7f428,32,0.258065,0,0,73,3,3,13,8.0,5.6875,0,0.230653,2.519481,16
6aed4b7f5631c17d,32,0.239919,0,0,62,3,3,12,7.4375,3.933594,0,0.227336,2.219899,16
08abfad0b7108136,32,0.260081,0,0,79,3,3,15,8.0625,4.933594,0,0.247569,2.382845,16
778b6a07e8196177,32,0.245968,0,0,75,3,4,13,7.625,5.109375,0,0.266079,2.927488,16
f61351228e0da3de,32,0.227823,0,0,59,3,3,11,7.0625,4.871094,0,0.264534,2.483793,16
096f9fc0ec28cca3,32,0.256048,0,0,73,3,2,12,7.9375,4.496094,0,0.255864,1.812334,16
f8b62b8d33aa1e4c,32,0.254032,0,0,89,4,1,13,7.875,5.296875,0,0.285217,0.941792,16
19d63f2a0d0b6d48,32,0.243952,0,0,83,4,3,13,7.5625,5.433594,0,0.281739,2.084959,16
cd56ac4200e9d31c,32,0.241935,0,0,48,3,3,13,7.5,3.5625,0,0.18448,2.221852,16
8d288783bbdd8088,32,0.225806,0,0,61,4,2,12,7.0,6.3125,0,0.217235,1.639323,16
5231d7a1deddd093,32,0.25,0,0,89,3,4,13,7.75,5.9375,0,0.295581,2.54539,16
2f141b347b82068d,32,0.239919,0,0,58,3,3,10,7.4375,3.058594,0,0.207019,2.290313,16
695a7d84c2d888b2,32,0.254032,0,0,82,3,4,13,7.875,7.171875,0,0.244139,2.801869,16
3b5777ec0a2ed939,32,0.235887,0,0,60,3,4,11,7.3125,3.777344,0,0.226497,2.521555,16
c0a17697d199cdb8,32,0.274194,0,0,119,3,2,14,8.5,7.5,0,0.32126,1.706227,16
63ef190224ab25cb,32,0.258065,0,0,96,4,1,14,8.0,7.9375,0,0.279485,0.942029,16
fabd26cdb4b78d8b,32,0.266129,0,0,89,3,3,16,8.25,5.5625,0,0.252869,2.479625,16
b9250846cd54e358,32,0.27621,0,0,109,3,2,15,8.5625,6.121094,0,0.269724,1.737344,16
170ff3be6b6ceede,32,0.233871,0,0,59,3,3,12,7.25,4.5,0,0.22907,2.038688,16
cd2f56a5ca8db7af,32,0.268145,0,0,92,3,4,13,8.3125,5.339844,0,0.265351,3.025637,16
597dcd01d8e58229,32,0.247984,0,0,75,3,3,12,7.6875,4.089844,0,0.274003,2.406115,16
3dc9f8bfd5fab2b7,32,0.304435,0,0,125,3,5,15,9.4375,4.683594,0,0.263754,3.90514,16
9258d342b45e95ba,32,0.304435,0,0,126,3,6,12,9.4375,2.496094,0,0.288219,4.388159,16
1123f6bce209b6d1,32,0.318548,0,0,157,3,5,15,9.875,6.421875,0,0.317005,4.050275,16
1a23163815fe5e8a,32,0.294355,0,0,120,3,4,15,9.125,5.546875,0,0.263,3.142073,16
e9795266b551499b,32,0.326613,0,0,160,3,3,15,10.125,5.921875,0,0.300106,2.783434,16
51d9d2325eee42ef,32,0.27621,0,0,105,3,5,15,8.5625,5.621094,0,0.284459,3.324174,16
8ccba45354c1b6a5,32,0.272177,0,0,107,3,3,13,8.4375,7.433594,0,0.301574,2.561057,16
f7b93b418efb5663,32,0.324597,0,0,168,3,6,16,10.0625,5.933594,0,0.327272,4.64458,16
41c6064c8756c227,32,0.294355,0,0,129,3,4,15,9.125,6.546875,0,0.318752,3.291242,16
050ebd79601bd876,32,0.28629,0,0,118,3,6,14,8.875,4.296875,0,0.315934,4.086188,16
e626dd9558d85957,32,0.302419,0,0,137,3,4,15,9.375,6.984375,0,0.29318,3.415905,16
f979eb4829ee3efb,32,0.320565,0,0,169,3,5,14,9.9375,6.246094,0,0.346933,4.28419,16
9ad2beb1faf716cd,32,0.278226,0,0,106,3,4,13,8.625,5.609375,0,0.26817,3.318499,16
351724159502c667,32,0.288306,0,0,141,3,4,15,8.9375,9.808594,0,0.304489,2.936839,16
e667b1fb91010357,32,0.278226,0,0,127,3,3,16,8.625,8.171875,0,0.303513,2.589916,16
5718c395a3f23be4,32,0.288306,0,0,122,3,5,14,8.9375,4.433594,0,0.297758,3.464558,16
fd27960503181603,32,0.328629,0,0,194,3,5,19,10.1875,9.714844,0,0.344545,4.225935,16
45d252fb025576a0,32,0.308468,0,0,142,3,5,16,9.5625,6.246094,0,0.307796,4.350571,16
ad917c23fd536c91,32,0.306452,0,0,147,3,5,16,9.5,6.5,0,0.327155,3.53958,16
5942e93b40b5b630,32,0.272177,0,0,97,3,5,13,8.4375,3.871094,0,0.278743,3.160662,16
c189bb654b75d02a,32,0.296371,0,0,117,3,6,14,9.1875,4.652344,0,0.272112,4.091802,16
c590334452e3e825,32,0.320565,0,0,175,3,5,17,9.9375,6.808594,0,0.337837,4.340192,16
da38a4574842d659,32,0.268145,0,0,82,3,5,12,8.3125,4.214844,0,0.236972,3.287127,16
39d08974f129b707,32,0.272177,0,0,88,3,2,11,8.4375,3.808594,0,0.2421,1.841033,16
69b8ed49d91e6af8,32,0.322581,0,0,168,3,5,15,10.0,7.1875,0,0.333095,4.01552,16
c9116f81cb9a835c,32,0.284274,0,0,110,3,5,12,8.8125,3.839844,0,0.274905,3.498453,16
df0078b886cc553f,32,0.320565,0,0,167,3,5,15,9.9375,6.246094,0,0.322835,4.020694,16
349300522ad5692f,32,0.3125,0,0,133,3,6,14,9.6875,3.839844,0,0.286293,4.440806,16
0e4f6c23e74eb10e,32,0.292339,0,0,123,3,4,14,9.0625,6.058594,0,0.301082,3.153438,16
ce75e781b57b86a4,32,0.274194,0,0,98,3,3,13,8.5,5.4375,0,0.260401,2.689614,16
a11183f394664b7f,32,0.306452,0,0,133,3,4,14,9.5,6.125,0,0.292531,3.37522,16
84f0ce612520f5d8,32,0.322581,0,0,159,3,4,14,10.0,5.3125,0,0.30542,3.55489,16
b4c885d9ed5fb7d2,32,0.306452,0,0,154,3,5,17,9.5,7.9375,0,0.333133,4.067775,16
3d6551779a3cc6e2,32,0.308468,0,0,146,3,4,16,9.5625,6.121094,0,0.31593,3.452498,16
5fbeb31edb465352,32,0.233871,0,0,57,3,3,12,7.25,4.4375,0,0.230634,2.106182,16
0f1faef72cb176d0,32,0.294355,0,0,125,3,5,14,9.125,5.984375,0,0.28549,3.869396,16
66561820f81d176c,32,0.282258,0,0,98,3,5,14,8.75,3.9375,0,0.262049,3.715785,16
7f77b38db069e04b,32,0.316532,0,0,162,3,5,15,9.8125,7.839844,0,0.332606,3.817888,16
7bea4d4da00e02a4,32,0.304435,0,0,137,3,6,15,9.4375,5.808594,0,0.320426,3.767666,16
46e089103f5b3cfc,32,0.28629,0,0,119,3,4,15,8.875,7.171875,0,0.299922,3.012445,16
4082b3670a49b4c3,32,0.290323,0,0,127,3,3,14,9.0,9.125,0,0.300123,2.597644,16
48a665fd946994ed,32,0.284274,0,0,101,3,4,14,8.8125,4.777344,0,0.263783,3.174791,16
b9a985f69bf75182,32,0.280242,0,0,99,3,4,13,8.6875,5.089844,0,0.263478,3.262355,16
44a7cd17d084bc58,32,0.290323,0,0,129,3,4,13,9.0,6.1875,0,0.321767,3.195113,16
8b29d3085d2e2226,32,0.318548,0,0,173,3,4,18,9.875,7.984375,0,0.366614,3.529095,16
53bae6d9256a89d1,32,0.264113,0,0,78,3,5,15,8.1875,4.589844,0,0.238258,3.78847,16
1c69db106b3024fe,32,0.296371,0,0,121,3,5,14,9.1875,5.839844,0,0.288983,3.933198,16
39fe92fc32d1854e,32,0.296371,0,0,125,3,5,13,9.1875,4.277344,0,0.304638,3.887789,16
58321dda4a07f807,32,0.278226,0,0,98,3,4,12,8.625,4.546875,0,0.268204,3.301507,16
e1ba658586a94982,32,0.304435,0,0,129,3,4,13,9.4375,5.371094,0,0.285202,3.372705,16
6c0736b0555419a1,32,0.28629,0,0,109,3,3,15,8.875,6.171875,0,0.281842,2.645126,16
57b2625b266974bd,32,0.332661,0,0,192,3,3,16,10.3125,9.464844,0,0.343965,2.786497,16
7a92d50b1a47dcb8,32,0.304435,0,0,135,3,6,15,9.4375,6.496094,0,0.297206,4.26858,16
5310a30896bb8c49,32,0.326613,0,0,186,3,4,16,10.125,7.609375,0,0.342909,3.369479,16
329ec1d959ae9ef4,32,0.300403,0,0,140,3,4,15,9.3125,7.339844,0,0.312598,3.417388,16
0ac7c89ca497c98a,32,0.290323,0,0,120,3,4,13,9.0,6.5625,0,0.283512,3.146733,16
b75fecc6ec58bc5c,32,0.282258,0,0,102,3,5,15,8.75,6.1875,0,0.276092,3.436563,16
aac75275ada34fc6,32,0.316532,0,0,155,3,5,14,9.8125,6.277344,0,0.320429,4.289231,16
0f923713c5d77696,32,0.306452,0,0,140,3,5,17,9.5,6.0,0,0.312158,4.160408,16
db89c53d7a559532,32,0.302419,0,0,127,3,5,13,9.375,6.046875,0,0.279736,3.660968,16
4d43345993dff8db,32,0.280242,0,0,103,3,4,14,8.6875,4.652344,0,0.270912,3.44479,16
7a244f8bde070f50,32,0.268145,0,0,115,3,4,13,8.3125,6.839844,0,0.312263,2.561645,16
1466773be1195e61,32,0.294355,0,0,127,3,3,16,9.125,5.984375,0,0.297759,2.692698,16
fceede3231f3fd91,32,0.280242,0,0,92,3,4,12,8.6875,4.527344,0,0.265194,3.370037,16
732d6b672c0411cd,32,0.292339,0,0,112,3,6,15,9.0625,5.058594,0,0.261039,4.104873,16
7d8bf0be6348d6d5,32,0.304435,0,0,154,3,5,14,9.4375,6.746094,0,0.344435,3.696544,16
eb4d44cf39ea4af5,32,0.290323,0,0,116,3,5,15,9.0,4.4375,0,0.289342,3.603555,16
c33f19a4b973bb20,32,0.294355,0,0,104,3,5,14,9.125,5.609375,0,0.249724,3.945505,16
689758f195669f9f,32,0.300403,0,0,132,3,4,14,9.3125,6.464844,0,0.301118,3.169916,16
2c7314e76d46a062,32,0.3125,0,0,143,3,6,16,9.6875,5.214844,0,0.305804,4.684035,16
8d11ab8462b58d3f,32,0.330645,0,0,186,3,2,16,10.25,7.25,0,0.328405,1.758431,16
553a4cdb7ea15aa4,32,0.280242,0,0,99,3,5,14,8.6875,4.839844,0,0.263938,3.314186,16
05e9fc0988f9cd96,32,0.302419,0,0,127,3,4,16,9.375,6.609375,0,0.278611,3.396853,16
a3bff220855d8d15,32,0.316532,0,0,163,3,6,16,9.8125,7.214844,0,0.325105,4.300231,16
27fe8532f61f8c41,32,0.292339,0,0,126,3,4,14,9.0625,6.871094,0,0.297143,3.444892,16
a34404255d281c5c,32,0.300403,0,0,139,3,5,14,9.3125,6.214844,0,0.325967,4.154153,16
109a688d889c6eea,32,0.302419,0,0,125,3,6,14,9.375,4.734375,0,0.285021,3.939279,16
b87b12c3ee5b26e8,32,0.358871,0,0,221,3,7,15,11.125,5.734375,0,0.349503,5.054204,16
cdf442f70fb2a337,32,0.27621,0,0,112,3,4,15,8.5625,6.683594,0,0.291794,2.874658,16
89f9c056b6ed86c2,32,0.306452,0,0,140,3,5,16,9.5,5.1875,0,0.311526,4.08886,16
b965b15ab6b0720f,32,0.300403,0,0,145,3,3,15,9.3125,7.527344,0,0.301232,2.496721,16
6846fcd92732beac,32,0.308468,0,0,157,3,5,17,9.5625,8.933594,0,0.327826,3.410028,16
b86015d4887ad67c,32,0.270161,0,0,88,3,4,13,8.375,4.921875,0,0.258435,2.989608,16
c5ba2b4ed1da3c95,32,0.28629,0,0,106,3,5,13,8.875,4.296875,0,0.263556,4.021653,16
ecc5d78a9a480e2d,32,0.340726,0,0,189,3,7,17,10.5625,7.308594,0,0.328512,5.356746,16
e39b7d439b82007a,32,0.288306,0,0,131,3,3,13,8.9375,7.558594,0,0.318758,2.466322,16
28d87be3cbfc655e,32,0.318548,0,0,199,3,3,20,9.875,13.109375,0,0.374647,2.698325,16
7527fc9535b01b56,32,0.310484,0,0,147,3,5,15,9.625,6.671875,0,0.315433,4.010694,16
251b2342d6972373,32,0.326613,0,0,185,3,4,17,10.125,11.046875,0,0.339021,3.601784,16
c9f9f669c222d80d,32,0.322581,0,0,179,3,3,18,10.0,8.9375,0,0.351019,2.823321,16
6628fea571f8a1ee,32,0.292339,0,0,126,3,5,14,9.0625,6.058594,0,0.299963,3.913171,16
8099c72202358eb5,32,0.308468,0,0,122,3,6,15,9.5625,4.621094,0,0.259572,4.565684,16
34613bb9824d77c8,32,0.264113,0,0,90,3,3,12,8.1875,5.339844,0,0.264121,2.501393,16
bbc8e90601cf29fc,32,0.306452,0,0,158,3,4,15,9.5,6.9375,0,0.348005,3.110531,16
a7081f62c978a45a,32,0.280242,0,0,111,4,1,13,8.6875,6.339844,0,0.286548,0.773271,16
c450252230628279,32,0.3125,0,0,158,3,5,14,9.6875,4.902344,0,0.330232,3.928944,16
c55894769f80be38,32,0.318548,0,0,145,3,6,18,9.875,5.671875,0,0.293675,4.489094,16
16023e3ea98127fa,32,0.292339,0,0,128,3,4,17,9.0625,7.683594,0,0.306482,3.057367,16
6eb20416e957c885,32,0.306452,0,0,132,3,3,15,9.5,6.0,0,0.290071,2.708424,16
315b27f04be6cbcb,32,0.318548,0,0,147,3,6,16,9.875,4.984375,0,0.308236,4.24933,16
f7359015786fc07e,32,0.328629,0,0,179,3,4,15,10.1875,7.714844,0,0.34482,3.502143,16
f08268c114846359,32,0.364919,0,0,220,3,6,18,11.3125,5.714844,0,0.341121,5.005257,16
34c89c0b6f6ed224,32,0.332661,0,0,166,3,5,14,10.3125,4.714844,0,0.306781,4.223797,16
d43e1a8f73c07cca,32,0.364919,0,0,248,3,6,17,11.3125,8.402344,0,0.370423,4.85913,16
0352f5aae34d0553,32,0.372984,0,0,244,2,8,18,11.5625,4.933594,0,0.352622,6.179659,16
1f41141760cf5e8b,32,0.356855,0,0,233,3,4,16,11.0625,7.308594,0,0.376028,3.662792,16
9b0b7e066ce522a7,32,0.34879,0,0,205,3,6,17,10.8125,6.527344,0,0.354591,4.800937,16
f5f6dc8f63186046,32,0.370968,0,0,249,3,6,17,11.5,6.5,0,0.368144,5.048143,16
4ef115dceb5c0acf,32,0.379032,0,0,302,3,5,18,11.75,12.25,0,0.417481,4.069077,16
0cee0fba3b9d7548,32,0.370968,0,0,261,3,5,17,11.5,8.6875,0,0.375673,4.17715,16
49b69cb275c4a417,32,0.358871,0,0,247,3,7,18,11.125,10.296875,0,0.384704,5.208558,16
f79586e84c1dafa6,32,0.322581,0,0,173,3,5,17,10.0,6.75,0,0.323848,4.100313,16
6dc9f21ea5ad79f8,32,0.360887,0,0,247,3,5,17,11.1875,9.027344,0,0.385408,4.374036,16
a9947a1d1998230f,32,0.34879,0,0,203,3,5,17,10.8125,6.714844,0,0.337995,4.366651,16
ce9e8aa46b33ec9c,32,0.379032,0,0,272,3,7,18,11.75,5.9375,0,0.389583,5.650101,16
408abbc6ae772e33,32,0.377016,0,0,257,3,8,19,11.6875,7.339844,0,0.371205,5.570655,16
5984d8b080b8726a,32,0.322581,0,0,162,3,5,15,10.0,5.9375,0,0.323884,4.175128,16
edc20d143aced46e,32,0.360887,0,0,227,3,6,17,11.1875,7.464844,0,0.34957,5.052039,16
2a5e2b9d9253bafa,32,0.33871,0,0,194,3,6,15,10.5,3.625,0,0.356986,4.755892,16
f0805da899d04c05,32,0.377016,0,0,253,3,7,18,11.6875,5.902344,0,0.358672,5.756006,16
b016ba691f2ab7d1,32,0.334677,0,0,181,3,5,16,10.375,7.796875,0,0.329193,3.798667,16
ce01872280950e8c,32,0.340726,0,0,219,3,7,17,10.5625,7.808594,0,0.376188,4.676944,16
cdb9d39d9547a632,32,0.391129,0,0,310,2,7,18,12.125,7.296875,0,0.415915,6.061717,16
7f00795ebbb878ab,32,0.328629,0,0,183,3,5,18,10.1875,9.277344,0,0.335595,4.075402,16
55b4b55629457049,32,0.379032,0,0,266,3,6,16,11.75,7.0,0,0.372279,4.820492,16
c9af058221132e1d,32,0.34879,0,0,192,3,6,17,10.8125,8.152344,0,0.318188,5.091614,16
e705dcdba1e54cfb,32,0.360887,0,0,234,3,3,16,11.1875,8.027344,0,0.368626,2.782723,16
c5046ae998afccea,32,0.340726,0,0,198,3,6,14,10.5625,6.183594,0,0.346018,4.417123,16
9d613d92766337de,32,0.342742,0,0,204,3,6,16,10.625,8.109375,0,0.349291,4.560544,16
95b243ec3cd69710,32,0.370968,0,0,257,3,8,19,11.5,5.9375,0,0.3902,5.534068,16
1e0da3fb69cb7ce6,32,0.320565,0,0,163,3,5,14,9.9375,4.308594,0,0.330691,4.098196,16
f67e0d488bb6c62d,32,0.366935,0,0,232,3,7,15,11.375,4.484375,0,0.357298,5.479313,16
d154bdd72ea17e51,32,0.350806,0,0,230,3,5,15,10.875,7.734375,0,0.374371,4.085289,16
2e17416749cda79d,32,0.372984,0,0,259,3,7,18,11.5625,7.496094,0,0.378384,5.440478,16
bebfbed58c60809a,32,0.33871,0,0,195,3,4,17,10.5,6.875,0,0.347549,3.671234,16
ce5d32615e079321,32,0.316532,0,0,149,3,6,15,9.8125,4.402344,0,0.3067,4.751939,16
c14ecb1a08208c47,32,0.372984,0,0,260,3,7,20,11.5625,8.246094,0,0.390738,5.641731,16
72565c3ce20a81ec,32,0.328629,0,0,188,3,7,19,10.1875,7.089844,0,0.357827,4.879671,16
39b69ec1311aa9d6,32,0.362903,0,0,238,3,6,17,11.25,6.875,0,0.364572,4.913379,16
1248fc901234d4f7,32,0.320565,0,0,145,3,6,14,9.9375,5.183594,0,0.28783,4.702735,16
4b83c63a570c1731,32,0.366935,0,0,250,2,7,19,11.375,6.734375,0,0.374573,5.722177,16
cfbca75a35ab1739,32,0.366935,0,0,265,3,3,17,11.375,11.046875,0,0.403553,2.705838,16
1536f74c10a5ffe1,32,0.334677,0,0,178,3,6,15,10.375,5.296875,0,0.333221,4.48206,16
71059e8fed0f58b1,32,0.336694,0,0,178,3,5,15,10.4375,6.183594,0,0.330508,4.290829,16
e1b1daf076154877,32,0.354839,0,0,217,3,5,16,11.0,4.9375,0,0.364152,4.407369,16
2b60ff6cd16bac8f,32,0.350806,0,0,224,3,4,15,10.875,8.171875,0,0.36081,3.616281,16
41a17378825f827d,32,0.328629,0,0,185,3,5,16,10.1875,7.152344,0,0.332659,4.012328,16
4132ad670df4ca84,32,0.332661,0,0,179,3,5,17,10.3125,6.152344,0,0.322787,4.394598,16
41d05c5292ec27dc,32,0.364919,0,0,253,3,5,17,11.3125,9.152344,0,0.37859,4.247451,16
01560102dece04f3,32,0.332661,0,0,174,3,5,15,10.3125,6.152344,0,0.321937,4.319493,16
4d439ffb6d8cced6,32,0.364919,0,0,244,3,6,17,11.3125,5.902344,0,0.372868,5.069991,16
36e2f162d159422c,32,0.379032,0,0,260,3,6,15,11.75,3.9375,0,0.377203,5.217151,16
4ddad1b9dcaab00e,32,0.375,0,0,257,3,6,19,11.625,7.109375,0,0.374387,5.393797,16
75efe3c09f92d952,32,0.387097,0,0,279,3,6,17,12.0,5.5,0,0.376463,4.983341,16
92fb819ebd111894,32,0.336694,0,0,184,3,5,18,10.4375,8.121094,0,0.322593,4.435373,16
f75d8fb8d6114e45,32,0.356855,0,0,248,3,3,16,11.0625,9.371094,0,0.36615,2.654336,16
ebb0090f69c0f24d,32,0.370968,0,0,270,3,7,17,11.5,7.0,0,0.390583,4.912274,16
44f410289af2293b,32,0.340726,0,0,186,3,7,16,10.5625,5.058594,0,0.337503,5.201718,16
b86f68b357cff3c1,32,0.328629,0,0,173,3,4,18,10.1875,8.527344,0,0.337332,3.688803,16
2f65f87d15499728,32,0.368952,0,0,231,3,6,16,11.4375,5.746094,0,0.35067,5.217352,16
cbabf3f7386ea677,32,0.368952,0,0,247,3,5,17,11.4375,7.246094,0,0.361916,4.197385,16
74064fb4c0e1665f,32,0.306452,0,0,137,3,5,14,9.5,4.5,0,0.299166,4.186834,16
e5bb3f8283d10375,32,0.34879,0,0,205,3,6,17,10.8125,7.339844,0,0.34573,4.912139,16
41fe7bb55ba19596,32,0.302419,0,0,125,3,5,13,9.375,5.546875,0,0.277043,3.242346,16
416dae002c633128,32,0.354839,0,0,234,3,5,18,11.0,8.9375,0,0.367539,3.971802,16
029bb922490e9fb3,32,0.362903,0,0,230,3,7,18,11.25,6.5625,0,0.352905,5.300118,16
8de0da699feb6501,32,0.300403,0,0,129,3,5,14,9.3125,5.027344,0,0.282785,4.077572,16
94840060cb8ecec4,32,0.364919,0,0,243,3,6,15,11.3125,5.214844,0,0.377603,5.283714,16
9f5b0764ed3ff130,32,0.399194,0,0,313,3,6,18,12.375,6.671875,0,0.397802,5.253229,16
7384b8717541fc8d,32,0.298387,0,0,129,3,5,14,9.25,4.6875,0,0.304741,3.696222,16
b025ae07c495a8db,32,0.372984,0,0,242,3,7,16,11.5625,5.246094,0,0.355437,5.842626,16
d1b32cb0ba6f87c1,32,0.346774,0,0,207,3,5,16,10.75,6.6875,0,0.357622,4.583533,16
077c5c3040ed41d4,32,0.320565,0,0,175,3,5,15,9.9375,7.996094,0,0.37568,3.956838,16
b5f7f25811a0264e,32,0.358871,0,0,226,3,7,16,11.125,6.421875,0,0.360751,5.142525,16
aa3e46de4da3673a,32,0.356855,0,0,232,3,2,16,11.0625,8.371094,0,0.396242,1.837776,16
58426a228c2dfb56,32,0.350806,0,0,228,3,6,16,10.875,6.296875,0,0.381895,4.440866,16
c3ddd8e2a09525da,32,0.336694,0,0,208,3,4,16,10.4375,10.621094,0,0.373638,3.533576,16
7717604c4283f34a,32,0.336694,0,0,198,3,4,19,10.4375,8.121094,0,0.35602,3.624387,16
f8677919c29a217d,32,0.381048,0,0,240,3,9,15,11.8125,3.027344,0,0.346506,6.168861,16
db7a55bed39fd571,32,0.403226,0,0,330,3,7,22,12.5,7.75,0,0.416343,6.175774,16
8a02162c801b5cc1,32,0.362903,0,0,221,3,7,17,11.25,4.6875,0,0.348497,5.823661,16
183186f1d7b413e6,32,0.387097,0,0,281,3,7,18,12.0,6.5,0,0.385273,6.07574,16
a2fba46114f17464,32,0.28629,0,0,115,3,4,13,8.875,5.671875,0,0.289802,2.968153,16
6abd2023376fe907,32,0.3125,0,0,164,3,5,18,9.6875,9.589844,0,0.33722,4.034845,16
1fb266e877fbe376,32,0.385081,0,0,296,3,5,18,11.9375,10.996094,0,0.396983,4.639466,16
b055ef9e2bed24cd,32,0.344758,0,0,170,3,7,17,10.6875,3.652344,0,0.296704,5.667582,16
5eca54d6dea235b7,32,0.34879,0,0,204,3,6,16,10.8125,4.777344,0,0.345354,5.326285,16
765bfb6b0d0e318e,32,0.360887,0,0,217,3,7,15,11.1875,4.714844,0,0.339723,5.58706,16
3f93b6bea346c050,32,0.354839,0,0,213,3,7,16,11.0,6.375,0,0.348337,5.18246,16
a07640115538a23d,32,0.360887,0,0,234,3,4,17,11.1875,6.714844,0,0.361152,3.728394,16
5240bae9db494f0b,32,0.336694,0,0,191,3,6,18,10.4375,6.433594,0,0.349844,4.845782,16
e6ff0a39f42df63a,32,0.316532,0,0,143,3,3,16,9.8125,5.902344,0,0.285324,2.663046,16
ba2f87b827e8b7c6,32,0.340726,0,0,215,3,4,19,10.5625,8.871094,0,0.373013,3.549776,16
8713770fd218e036,32,0.354839,0,0,217,3,6,16,11.0,4.6875,0,0.356425,5.201899,16
63a61afeed304633,32,0.302419,0,0,129,3,6,13,9.375,4.734375,0,0.300998,4.359001,16
21cd834f55dcafe0,32,0.360887,0,0,223,2,7,16,11.1875,5.527344,0,0.351747,5.710108,16
c6440497ec20e5db,32,0.356855,0,0,231,3,6,19,11.0625,8.871094,0,0.370461,4.706006,16
16b38c4bceba92a9,32,0.385081,0,0,309,3,6,22,11.9375,12.496094,0,0.417066,5.180911,16
f0e529726ad6a443,32,0.33871,0,0,182,3,4,17,10.5,6.6875,0,0.325072,3.567381,16
2a7e6687165cb8d1,32,0.328629,0,0,182,3,4,17,10.1875,8.902344,0,0.340547,3.580532,16
3cc5552544851524,32,0.354839,0,0,207,3,7,17,11.0,5.25,0,0.340002,5.42712,16
9de0bd5fa10bf6e3,32,0.431452,0,0,395,2,7,18,13.375,7.546875,0,0.438158,6.3629,16
f6bb5d5968e59ccb,32,0.377016,0,0,254,3,8,19,11.6875,5.527344,0,0.362121,6.120411,16
c45bba056a863263,32,0.415323,0,0,360,3,7,19,12.875,7.171875,0,0.427674,6.330579,16
9b98178b08e02374,32,0.399194,0,0,329,3,5,17,12.375,8.671875,0,0.426376,4.390639,16
26a4c6c8231b952b,32,0.449597,0,0,421,2,11,19,13.9375,4.496094,0,0.427678,8.401466,16
3a47cfe509bbdb8c,32,0.425403,0,0,362,2,9,18,13.1875,4.839844,0,0.410744,7.13278,16
e5866dba414f041f,32,0.425403,0,0,383,3,8,17,13.1875,6.402344,0,0.431365,6.059717,16
15c7e8ff5d3647c7,32,0.41129,0,0,315,2,7,16,12.75,5.1875,0,0.387083,6.222889,16
4feb32f6132e35ed,32,0.4375,0,0,392,2,8,18,13.5625,5.558594,0,0.417905,7.250139,16
c398ea62dacbcb1a,32,0.403226,0,0,326,3,7,20,12.5,8.25,0,0.409682,5.436391,16
81fc609312a44199,32,0.391129,0,0,281,2,7,16,12.125,5.484375,0,0.3789,6.089455,16
202f37262d343615,32,0.407258,0,0,322,3,6,17,12.625,6.359375,0,0.394177,5.608092,16
c4e696a6c49c0976,32,0.40121,0,0,337,3,6,19,12.4375,9.621094,0,0.421548,5.054476,16
0658f3c2708016b6,32,0.387097,0,0,287,3,5,19,12.0,7.75,0,0.387188,4.518874,16
337388749590f888,32,0.383065,0,0,264,3,7,17,11.875,6.859375,0,0.365275,5.934811,16
9331ff637f5be838,32,0.445565,0,0,458,3,7,23,13.8125,9.777344,0,0.466478,6.003236,16
769acbddfaf65f90,32,0.405242,0,0,306,2,9,19,12.5625,4.996094,0,0.385851,6.673711,16
18409cd1fff9bef3,32,0.379032,0,0,262,2,8,17,11.75,6.5,0,0.379353,6.550045,16
6a725c3d1470803f,32,0.391129,0,0,292,3,8,18,12.125,7.734375,0,0.38484,6.112145,16
3651892b6635c5ee,32,0.417339,0,0,357,2,8,19,12.9375,7.683594,0,0.415631,7.0775,16
068cad3adf14c38e,32,0.405242,0,0,325,3,6,20,12.5625,8.496094,0,0.391746,5.054183,16
215515e1f824891d,32,0.381048,0,0,266,3,6,16,11.8125,6.839844,0,0.373592,5.054039,16
c824bae66f7f0518,32,0.4375,0,0,418,2,9,20,13.5625,7.808594,0,0.445634,7.54658,16
046b8535a12a1638,32,0.360887,0,0,235,3,5,17,11.1875,7.277344,0,0.352655,4.497723,16
fcc5d4a7917b6a4a,32,0.397177,0,0,309,3,8,19,12.3125,6.089844,0,0.400675,6.674644,16
e5bc6b0a59299ca2,32,0.425403,0,0,382,2,8,19,13.1875,8.027344,0,0.425983,7.127313,16
8f4a41846cd390a5,32,0.368952,0,0,260,3,5,16,11.4375,7.808594,0,0.387266,4.331854,16
a3f54ff0ce331e6f,32,0.425403,0,0,374,2,8,19,13.1875,6.589844,0,0.418344,6.949367,16
53ea394a8ee66676,32,0.413306,0,0,329,3,8,17,12.8125,5.402344,0,0.395043,6.687859,16
5580eab24a53e46d,32,0.397177,0,0,320,3,5,19,12.3125,9.464844,0,0.394901,4.509901,16
973f3df86d996330,32,0.352823,0,0,223,3,6,18,10.9375,8.746094,0,0.370628,4.617438,16
c71ba7ed857e597c,32,0.381048,0,0,285,3,6,19,11.8125,8.464844,0,0.405587,5.027527,16
1a6955369840686f,32,0.381048,0,0,276,3,5,16,11.8125,5.714844,0,0.394038,4.53886,16
9862421af35d728e,32,0.415323,0,0,354,2,8,17,12.875,5.984375,0,0.425103,6.668234,16
f90ed618447e1a88,32,0.409274,0,0,346,2,7,19,12.6875,6.527344,0,0.426323,6.36314,16
bc47323eaf4ef101,32,0.350806,0,0,209,3,7,18,10.875,6.046875,0,0.351726,5.140924,16
423c10d1f15a0e0c,32,0.417339,0,0,346,3,8,18,12.9375,8.058594,0,0.415559,6.586441,16
b586240957db3431,32,0.419355,0,0,346,2,7,20,13.0,7.9375,0,0.390179,6.458602,16
3183b150678b5dfd,32,0.393145,0,0,295,2,8,18,12.1875,5.214844,0,0.398066,6.625123,16
84b3ef429653634e,32,0.431452,0,0,387,3,7,19,13.375,6.234375,0,0.427333,6.342309,16
5bac5f3d4766b4bf,32,0.370968,0,0,254,3,6,17,11.5,6.875,0,0.36731,5.15521,16
4bd4a94a6c117b96,32,0.360887,0,0,231,3,6,18,11.1875,6.839844,0,0.366977,5.329605,16
c1b4713572293d8a,32,0.375,0,0,250,3,8,16,11.625,4.171875,0,0.362291,5.675822,16
fd3d14cf034ad4e7,32,0.455645,0,0,470,2,9,19,14.125,7.171875,0,0.468633,7.425566,16
929a00a2bea164ee,32,0.423387,0,0,381,2,8,19,13.125,9.234375,0,0.421087,6.680272,16
ec9f3865398a33d4,32,0.415323,0,0,347,3,8,19,12.875,7.171875,0,0.400234,6.623468,16
14803e5685335c90,32,0.413306,0,0,359,3,8,19,12.8125,6.714844,0,0.430568,6.292787,16
37b76a4224e120df,32,0.362903,0,0,200,2,8,16,11.25,3.625,0,0.321382,6.188425,16
39eb5e8ee6a6b116,32,0.387097,0,0,293,3,4,18,12.0,9.4375,0,0.388918,3.554788,16
834de26733b1a8e6,32,0.379032,0,0,276,3,6,20,11.75,9.5,0,0.383698,5.345304,16
799feb1693db5635,32,0.429435,0,0,415,2,8,20,13.3125,10.777344,0,0.450903,6.788954,16
be01ea7522ee75fb,32,0.397177,0,0,305,3,5,18,12.3125,6.527344,0,0.389135,4.529656,16
bfa3673d522a04c4,32,0.421371,0,0,355,2,9,18,13.0625,5.933594,0,0.409063,7.208453,16
1d78bbba96f9327c,32,0.405242,0,0,327,3,8,17,12.5625,7.371094,0,0.401878,6.647243,16
16531cba2ad65c58,32,0.375,0,0,270,3,6,19,11.625,9.234375,0,0.396203,5.412467,16
ac269a0beee9866e,32,0.397177,0,0,307,2,6,18,12.3125,6.839844,0,0.390547,5.275644,16
eb461dc4d0b244be,32,0.375,0,0,253,2,8,18,11.625,5.546875,0,0.367871,5.818305,16
af0a4fcf3958dcee,32,0.403226,0,0,314,2,8,18,12.5,6.6875,0,0.398118,6.732195,16
d8976f41e43a9d51,32,0.366935,0,0,223,3,7,16,11.375,5.859375,0,0.339431,5.238297,16
3c72b272dbbcb5a7,32,0.425403,0,0,393,3,6,19,13.1875,8.027344,0,0.432095,5.523254,16
56fdd9bc6ed3435f,32,0.395161,0,0,308,3,6,19,12.25,8.5,0,0.408847,5.336989,16
bc35d8a4b4cc961d,32,0.389113,0,0,288,3,8,17,12.0625,5.371094,0,0.398829,6.096745,16
7b6bfcbf53c9893a,32,0.314516,0,0,125,3,4,14,9.75,5.3125,0,0.264637,3.628715,16
9f839dc567f9963e,32,0.383065,0,0,274,3,6,20,11.875,6.921875,0,0.376294,5.257098,16
6dec427fc1b74b2d,32,0.381048,0,0,267,3,6,17,11.8125,5.777344,0,0.384751,4.925351,16
a63cc6228a7572db,32,0.399194,0,0,312,3,6,20,12.375,6.734375,0,0.400203,5.268097,16
53ab1dad8f4ca184,32,0.409274,0,0,351,2,7,19,12.6875,9.214844,0,0.426072,6.21327,16
08f8f92271c60e29,32,0.40121,0,0,315,2,7,17,12.4375,6.433594,0,0.396883,6.079239,16
14117c8dd3e2152e,32,0.421371,0,0,399,3,5,19,13.0625,12.496094,0,0.454351,4.628689,16
839e3a36e6b1fc30,32,0.370968,0,0,249,3,5,15,11.5,5.375,0,0.368126,4.591672,16
e8df131fe571d484,32,0.40121,0,0,314,2,8,18,12.4375,6.246094,0,0.393667,6.497175,16
17a34db0620b0792,32,0.385081,0,0,290,3,6,18,11.9375,7.433594,0,0.401204,5.375008,16
dce404a1b1d05c33,32,0.362903,0,0,235,3,7,18,11.25,4.875,0,0.366887,5.644908,16
df171ffbc930585f,32,0.431452,0,0,384,2,8,20,13.375,6.859375,0,0.421317,7.172895,16
dcb79bffba868e90,32,0.425403,0,0,380,3,7,19,13.1875,7.527344,0,0.428238,6.261928,16
0fd563dc0646fe45,32,0.417339,0,0,344,2,9,19,12.9375,6.933594,0,0.408212,6.809667,16
0f5f9d22580498a2,32,0.372984,0,0,233,2,8,18,11.5625,5.246094,0,0.340024,6.534469,16
1ec4af0315907d2c,32,0.389113,0,0,286,3,6,19,12.0625,7.058594,0,0.397065,5.293203,16
665ccc25a1290903,32,0.423387,0,0,370,2,8,19,13.125,7.171875,0,0.412362,6.647622,16
a80b1f7ab90a4293,32,0.453629,0,0,463,3,7,21,14.0625,8.558594,0,0.451114,6.44215,16
b95c69c7455e3129,32,0.433468,0,0,412,2,8,21,13.4375,10.308594,0,0.436625,7.129678,16
3f126d526fea2f38,32,0.407258,0,0,342,3,8,20,12.625,7.484375,0,0.424315,5.806354,16
c9948c7b27606579,32,0.409274,0,0,363,3,6,18,12.6875,9.214844,0,0.440019,5.294561,16
e0254170e990a31f,32,0.439516,0,0,416,2,10,20,13.625,5.484375,0,0.442785,8.071215,16
961b2a5ce74da4dd,32,0.41129,0,0,335,3,8,18,12.75,6.125,0,0.397396,6.698886,16
01a2483ddfef40d3,32,0.383065,0,0,279,3,7,16,11.875,4.359375,0,0.395144,5.992608,16
aa8bec5e535c8082,32,0.409274,0,0,314,2,8,19,12.6875,6.652344,0,0.391204,6.845758,16
bc72071115e2b286,32,0.405242,0,0,302,3,8,17,12.5625,5.683594,0,0.376083,6.798874,16
2258cb4362b12dc9,32,0.364919,0,0,256,3,4,18,11.3125,10.027344,0,0.397256,3.703168,16
0805e0691450db25,32,0.405242,0,0,314,2,9,17,12.5625,3.933594,0,0.395768,7.010849,16
cb159b61d8725893,32,0.435484,0,0,382,2,9,17,13.5,4.375,0,0.413282,7.90171,16
eadda5396f185a37,32,0.393145,0,0,304,3,7,18,12.1875,7.339844,0,0.397001,5.650905,16
d27d97559e93eeb1,32,0.403226,0,0,322,2,8,19,12.5,7.5,0,0.4009,6.921524,16
63aa757f2ec698b8,32,0.358871,0,0,218,3,6,16,11.125,6.671875,0,0.342705,5.11627,16
c4a78e9f64c77f6b,32,0.40121,0,0,319,3,8,17,12.4375,5.121094,0,0.404991,6.409811,16
8006e488cb315dd0,32,0.387097,0,0,300,3,5,17,12.0,8.0,0,0.39751,4.452189,16
16d91f051d5b160f,32,0.419355,0,0,344,3,8,17,13.0,4.0625,0,0.403498,6.665038,16
1da6633b8470857a,32,0.370968,0,0,236,3,6,16,11.5,6.375,0,0.353929,5.256491,16
b714af1ad41f6651,32,0.433468,0,0,420,2,8,20,13.4375,8.433594,0,0.444269,6.979672,16
cccfee8d86e818df,32,0.469758,0,0,499,2,9,19,14.5625,5.871094,0,0.464726,7.907118,16
53ea06e40ddab452,32,0.467742,0,0,506,2,8,20,14.5,7.75,0,0.473426,7.097608,16
80cb70276430400b,32,0.47379,0,0,526,2,9,20,14.6875,7.027344,0,0.475373,8.201989,16
b84d0d934f3957f5,32,0.459677,0,0,484,2,7,18,14.25,7.875,0,0.474579,6.287235,16
2ba7354bdef79dc4,32,0.429435,0,0,396,3,8,20,13.3125,9.339844,0,0.422311,6.862318,16
fd96a7eeb22a1d53,32,0.435484,0,0,395,3,8,18,13.5,6.4375,0,0.428852,6.961274,16
60fbdd00151882be,32,0.435484,0,0,423,2,7,20,13.5,8.875,0,0.456704,6.21337,16
37e17d6f1fd750ca,32,0.391129,0,0,284,2,7,17,12.125,5.296875,0,0.376061,5.735045,16
8d6351d1018d5bd2,32,0.459677,0,0,471,2,8,21,14.25,7.0,0,0.457362,7.205671,16
857220a4bb0e20c0,32,0.47379,0,0,533,2,9,19,14.6875,7.714844,0,0.471538,8.133083,16
a6656ec7543e22e9,32,0.4375,0,0,425,2,8,20,13.5625,9.183594,0,0.450434,6.962136,16
fad893b3e87b0dce,32,0.449597,0,0,427,2,8,19,13.9375,5.808594,0,0.432033,7.273958,16
104bd6bf532b1d38,32,0.481855,0,0,580,3,10,21,14.9375,8.183594,0,0.503285,7.720863,16
3303787aab5987fb,32,0.481855,0,0,537,2,10,23,14.9375,7.246094,0,0.474189,9.118138,16
4b841c21fd50a257,32,0.465726,0,0,504,2,10,20,14.4375,6.121094,0,0.472121,8.076869,16
e8c73dc6223b5675,32,0.465726,0,0,492,2,10,21,14.4375,7.558594,0,0.458169,8.228105,16
304bd9e9675583d3,32,0.397177,0,0,308,3,8,18,12.3125,7.902344,0,0.391262,6.516481,16
3a7217260d866673,32,0.443548,0,0,442,2,8,19,13.75,8.25,0,0.453611,7.231751,16
2bf6515f5dff0acd,32,0.457661,0,0,488,2,9,20,14.1875,7.652344,0,0.472882,8.0297,16
16ea0f3ad5d1ea67,32,0.443548,0,0,444,2,6,19,13.75,9.25,0,0.454954,5.546073,16
5fd77a0c0375267f,32,0.447581,0,0,412,2,10,19,13.875,5.109375,0,0.418438,8.701898,16
2321b9b5536d7271,32,0.417339,0,0,379,3,8,19,12.9375,7.996094,0,0.44911,6.388902,16
4686732acbd86d87,32,0.427419,0,0,386,3,6,19,13.25,7.875,0,0.426594,5.561981,16
de1c58c197bec4ea,32,0.471774,0,0,523,2,10,20,14.625,6.984375,0,0.484816,8.15047,16
f87d1b83e649ae69,32,0.445565,0,0,453,3,8,20,13.8125,8.714844,0,0.458847,6.835182,16
338894dfa42fbc12,32,0.487903,0,0,556,2,10,20,15.125,5.546875,0,0.476755,8.687001,16
cb8e2db41b517027,32,0.455645,0,0,442,3,10,19,14.125,5.734375,0,0.439926,8.035325,16
a0fbdaa4804d634b,32,0.433468,0,0,387,2,9,17,13.4375,5.683594,0,0.416082,7.588666,16
42304a65b2649a10,32,0.443548,0,0,444,2,7,20,13.75,9.9375,0,0.448173,6.334299,16
b505b23ba3b82887,32,0.487903,0,0,579,2,9,21,15.125,8.546875,0,0.495883,8.165596,16
8f5070d1b10f6a79,32,0.421371,0,0,359,2,9,18,13.0625,4.621094,0,0.419178,7.104151,16
6717f5ee2d6b1ab5,32,0.4375,0,0,422,2,7,21,13.5625,8.246094,0,0.447783,6.295562,16
a5b637ee2594c044,32,0.435484,0,0,399,3,8,19,13.5,6.5,0,0.429478,6.696799,16
5acff46709ade6cf,32,0.459677,0,0,472,2,10,21,14.25,7.9375,0,0.448295,8.218122,16
458fed245e8ce464,32,0.471774,0,0,519,2,9,19,14.625,6.046875,0,0.47421,8.057574,16
b8af92447b3da808,32,0.429435,0,0,403,3,7,20,13.3125,9.464844,0,0.436166,6.26562,16
191c35ef402d1bde,32,0.433468,0,0,415,2,9,19,13.4375,7.058594,0,0.451698,7.336234,16
59372fd0e0947380,32,0.4375,0,0,391,2,10,20,13.5625,4.621094,0,0.423207,8.116361,16
c67da0edfc2d7383,32,0.443548,0,0,430,2,9,22,13.75,8.6875,0,0.44204,7.524572,16
b371f0e20cf0b052,32,0.425403,0,0,367,3,9,20,13.1875,4.589844,0,0.413872,7.392859,16
8bce0d58f432590e,32,0.46371,0,0,469,2,9,22,14.375,6.171875,0,0.44121,7.986577,16
00cfb8b1bbaa5a56,32,0.461694,0,0,480,2,9,20,14.3125,6.277344,0,0.456512,8.047502,16
baa85c2419df495c,32,0.439516,0,0,430,2,8,20,13.625,8.359375,0,0.442896,6.842737,16
fc6b97853e583065,32,0.485887,0,0,555,2,9,19,15.0625,5.746094,0,0.475755,8.171786,16
8a277792fc7baf3d,32,0.471774,0,0,523,2,9,20,14.625,7.421875,0,0.474711,8.133218,16
4bfcefaecec6a36b,32,0.483871,0,0,541,2,10,20,15.0,6.875,0,0.465683,8.606627,16
b22689e0c71c9e20,32,0.40121,0,0,326,3,6,19,12.4375,8.871094,0,0.413997,5.173317,16
f12348e0bdfff2bd,32,0.455645,0,0,490,2,6,22,14.125,11.109375,0,0.464706,5.704878,16
aca87aa51cdef8c6,32,0.447581,0,0,439,2,6,18,13.875,6.296875,0,0.446954,5.543322,16
38baa37551b71c4c,32,0.435484,0,0,421,2,7,19,13.5,9.1875,0,0.45141,6.366183,16
27da4fff29b1a4ee,32,0.465726,0,0,471,2,12,19,14.4375,4.308594,0,0.44791,9.042712,16
be763fb2dbd421ab,32,0.441532,0,0,402,2,9,17,13.6875,4.464844,0,0.423919,7.696776,16
ab4ac78eac68dc9b,32,0.479839,0,0,574,3,10,22,14.875,9.921875,0,0.50584,8.273104,16
54fbee227b49f41b,32,0.467742,0,0,501,2,10,20,14.5,5.8125,0,0.468713,8.306134,16
21bb895741637479,32,0.4375,0,0,412,2,7,17,13.5625,5.558594,0,0.434324,6.35655,16
4c16d59c676c3cf2,32,0.415323,0,0,377,3,7,17,12.875,10.171875,0,0.438602,5.453155,16
01beb6daeaf21a49,32,0.475806,0,0,514,2,10,19,14.75,6.1875,0,0.464442,8.439186,16
0e5b366f91b13cd2,32,0.443548,0,0,448,3,7,19,13.75,7.25,0,0.460475,5.940903,16
7ceff0656b76d1cb,32,0.491935,0,0,585,2,9,23,15.25,7.8125,0,0.490054,8.178267,16
3a86248ecad446cd,32,0.481855,0,0,560,2,9,21,14.9375,8.871094,0,0.480293,7.720122,16
4a7282e6019e0e0e,32,0.451613,0,0,477,3,6,22,14.0,11.5,0,0.467377,5.482177,16
b439400c478418d8,32,0.449597,0,0,440,2,9,19,13.9375,6.683594,0,0.440015,7.343488,16
e5b73a044010aa3f,32,0.459677,0,0,485,2,8,22,14.25,9.125,0,0.469505,7.369959,16
af36684dd5c866e2,32,0.469758,0,0,519,2,7,20,14.5625,8.746094,0,0.474814,6.105226,16
ea6dae05287d5e0a,32,0.469758,0,0,513,2,8,20,14.5625,6.871094,0,0.474083,7.399254,16
8bd270377d8b6b39,32,0.471774,0,0,524,2,10,22,14.625,7.859375,0,0.475689,8.451408,16
4fdc0a183fb18165,32,0.445565,0,0,427,2,8,18,13.8125,6.464844,0,0.441853,7.272017,16
58aaafc6f42dcbdb,32,0.441532,0,0,421,2,8,19,13.6875,6.652344,0,0.440816,7.223807,16
f7eee700d45f03aa,32,0.47379,0,0,573,2,7,24,14.6875,11.839844,0,0.504197,6.401825,16
4c684d24d11e5835,32,0.483871,0,0,552,2,11,20,15.0,4.625,0,0.482189,8.66114,16
b0b9530f8d9b5efc,32,0.459677,0,0,465,2,9,19,14.25,5.0625,0,0.455047,7.906162,16
792a11342cbcb7bf,32,0.451613,0,0,456,3,6,20,14.0,9.5,0,0.445493,5.505668,16
8049e5062a5c5301,32,0.477823,0,0,566,2,10,23,14.8125,8.339844,0,0.503301,8.198749,16
d0e4267f886ead7d,32,0.449597,0,0,447,2,9,20,13.9375,6.308594,0,0.453189,8.024535,16
918cfb7e51345ff8,32,0.447581,0,0,454,2,9,22,13.875,7.734375,0,0.457358,7.76716,16
0a07c1dfdce605d3,32,0.461694,0,0,506,2,7,21,14.3125,9.589844,0,0.483482,6.391602,16
011e3e3ba6c1a23a,32,0.41129,0,0,344,3,8,18,12.75,7.6875,0,0.406666,6.425955,16
8f543c735bbdd1db,32,0.502016,0,0,641,3,6,22,15.5625,9.246094,0,0.515007,5.586911,16
cb3de9cbd1ce5030,32,0.447581,0,0,432,2,6,19,13.875,7.859375,0,0.429787,5.548238,16
db68dcde0e5d5aab,32,0.457661,0,0,468,2,10,20,14.1875,5.902344,0,0.450511,8.232265,16
a3b4c05a2a3611e8,32,0.465726,0,0,509,2,8,21,14.4375,8.433594,0,0.47074,7.063688,16
7db485ae558479bd,32,0.447581,0,0,440,2,8,22,13.875,8.484375,0,0.436348,7.058605,16
ab8225769355d27a,32,0.471774,0,0,532,2,10,20,14.625,9.046875,0,0.488587,7.936375,16
0e12caf739c4377c,32,0.47379,0,0,523,2,8,19,14.6875,6.839844,0,0.467693,7.360442,16
c2291b8b3d43fea4,32,0.465726,0,0,513,2,8,21,14.4375,8.496094,0,0.478282,7.199098,16
ce1d2ad03f754084,32,0.449597,0,0,412,2,9,18,13.9375,4.683594,0,0.417524,7.877445,16
232b7310ef94cab5,32,0.461694,0,0,490,3,9,20,14.3125,7.964844,0,0.463742,7.672721,16
c5bfca5bef3501c4,32,0.433468,0,0,393,2,7,18,13.4375,6.496094,0,0.425744,6.258076,16
592eb9933d5aa650,32,0.475806,0,0,562,3,4,22,14.75,13.5625,0,0.497993,3.809324,16
ec57e3a7d88ad88c,32,0.459677,0,0,492,2,7,19,14.25,7.5,0,0.465346,6.486166,16
1854e4b19042008e,32,0.459677,0,0,472,2,9,20,14.25,6.375,0,0.4495,8.17144,16
5e39b2e8e66f0a07,32,0.457661,0,0,456,2,9,19,14.1875,5.777344,0,0.444897,7.512742,16
8146887134415183,32,0.417339,0,0,364,3,5,19,12.9375,8.683594,0,0.403646,4.619915,16
71bd1c770c11c506,32,0.465726,0,0,503,2,8,21,14.4375,8.308594,0,0.471997,7.298675,16
0196227b0762a808,32,0.471774,0,0,517,2,9,22,14.625,9.296875,0,0.466877,7.934512,16
b3f073c3d105da98,32,0.495968,0,0,584,2,12,20,15.375,4.046875,0,0.490506,9.50342,16
43b9b720b3c74fb0,32,0.481855,0,0,560,2,8,23,14.9375,9.246094,0,0.481785,7.20292,16
7e2341ff90152103,32,0.389113,0,0,262,3,8,18,12.0625,5.121094,0,0.360777,6.330979,16
e33e465b5404262b,32,0.427419,0,0,396,3,8,19,13.25,6.625,0,0.449205,6.460001,16
782c17d4fcc1f20f,32,0.449597,0,0,410,2,10,17,13.9375,4.058594,0,0.414759,8.340702,16
6bc5c12d183ef77b,32,0.493952,0,0,572,2,11,19,15.3125,4.714844,0,0.482436,8.940175,16
1fd15c9988faed96,32,0.483871,0,0,576,2,9,20,15.0,6.6875,0,0.495635,8.070701,16
6e4d2a5026e143ce,32,0.508065,0,0,655,2,11,21,15.75,8.625,0,0.513376,9.00213,16
cad7e53928a291f8,32,0.493952,0,0,629,2,9,24,15.3125,12.527344,0,0.522811,8.011325,16
824e9e7c4eb49f78,32,0.508065,0,0,629,2,9,20,15.75,5.9375,0,0.489499,7.808262,16
3f50f68ec44ce562,32,0.475806,0,0,526,2,10,22,14.75,6.375,0,0.475155,8.609331,16
19c45fcde0cb780d,32,0.522177,0,0,702,2,11,21,16.1875,6.589844,0,0.525104,9.573437,16
f0c6c4cc277f747f,32,0.485887,0,0,550,2,11,19,15.0625,5.058594,0,0.478333,9.282708,16
85371d2d5257d8df,32,0.502016,0,0,624,2,10,22,15.5625,5.558594,0,0.50349,8.519198,16
c4537a2f5fea243a,32,0.443548,0,0,455,2,9,20,13.75,10.625,0,0.462612,6.93762,16
351a6dd50b76141e,32,0.5,0,0,593,2,12,22,15.5,7.9375,0,0.481446,9.918632,16
0240f1e82caae52c,32,0.52621,0,0,693,2,13,21,16.3125,3.714844,0,0.512127,10.937645,16
13ab44c72c413fc5,32,0.495968,0,0,576,2,11,19,15.375,4.734375,0,0.480652,9.755294,16
2ade943f0a5cdcce,32,0.548387,0,0,791,2,11,23,17.0,6.1875,0,0.533894,10.142823,16
b61db5baeb01b098,32,0.485887,0,0,576,2,9,22,15.0625,10.808594,0,0.48719,8.02578,16
6165d279033eac9c,32,0.471774,0,0,515,3,8,20,14.625,7.609375,0,0.465931,7.037202,16
d8dd4c0fbb245d00,32,0.475806,0,0,542,2,9,21,14.75,8.75,0,0.489017,7.562071,16
5eddf51362bc023f,32,0.518145,0,0,669,2,12,22,16.0625,5.371094,0,0.508999,10.384794,16
b58f220bbf1585d6,32,0.47379,0,0,537,2,9,20,14.6875,6.777344,0,0.486729,7.854799,16
8962980c156d0149,32,0.485887,0,0,554,2,10,20,15.0625,5.746094,0,0.477074,8.788657,16
88df352dbc8d93af,32,0.506048,0,0,609,2,12,20,15.6875,4.589844,0,0.483476,9.91257,16
47518ac07aa475e4,32,0.522177,0,0,705,2,8,23,16.1875,8.339844,0,0.522978,7.533651,16
b553933d533c87b5,32,0.514113,0,0,656,2,11,21,15.9375,6.246094,0,0.50005,9.756839,16
4be4a6d0b9c1e94a,32,0.508065,0,0,629,2,10,20,15.75,7.625,0,0.487937,9.10422,16
3a215f177b9d40f1,32,0.516129,0,0,677,2,11,21,16.0,5.9375,0,0.521621,9.122149,16
bfbd91e046483778,32,0.518145,0,0,700,2,12,24,16.0625,7.621094,0,0.529772,9.736,16
2dfa8d30d79c625b,32,0.518145,0,0,692,2,9,20,16.0625,7.746094,0,0.525403,8.236202,16
cded096774a87bd7,32,0.489919,0,0,557,2,11,21,15.1875,6.214844,0,0.476177,9.311365,16
94919f6a36420719,32,0.530242,0,0,723,2,11,22,16.4375,6.371094,0,0.51852,9.895076,16
017af8685c3192cc,32,0.506048,0,0,642,2,8,22,15.6875,7.652344,0,0.503324,7.58567,16
f8fe05d71923ef6a,32,0.510081,0,0,648,2,10,21,15.8125,6.214844,0,0.502588,9.144591,16
ff212182aba2baa9,32,0.508065,0,0,640,2,10,21,15.75,6.5,0,0.497638,8.978261,16
c007744274749bf2,32,0.495968,0,0,584,2,11,21,15.375,5.171875,0,0.483849,9.472729,16
80958d4c719d8ac3,32,0.497984,0,0,602,2,11,19,15.4375,5.621094,0,0.496579,8.920974,16
3c6e43b2e6adc47d,32,0.457661,0,0,459,2,9,20,14.1875,5.714844,0,0.444913,8.07346,16
80eb6a36237fe369,32,0.518145,0,0,680,2,10,21,16.0625,6.558594,0,0.517999,8.849921,16
635d0e87cc2cc5d6,32,0.52621,0,0,693,2,12,20,16.3125,4.339844,0,0.513635,10.300167,16
7aae5d358c76f825,32,0.491935,0,0,610,2,9,22,15.25,9.3125,0,0.509358,7.97579,16
cfa8a8732e75e9cb,32,0.532258,0,0,801,2,9,22,16.5,11.625,0,0.559375,7.737096,16
b940a9c39cf352dc,32,0.516129,0,0,671,2,11,22,16.0,6.875,0,0.508726,9.774058,16
9be98e063dd2c89c,32,0.489919,0,0,581,2,10,21,15.1875,6.464844,0,0.498818,8.822813,16
be157218f01ae6b8,32,0.514113,0,0,683,2,10,22,15.9375,8.121094,0,0.528388,9.056703,16
cc745f72e729c98d,32,0.481855,0,0,533,2,9,20,14.9375,6.371094,0,0.469738,8.276886,16
d001b007a6fad41a,32,0.518145,0,0,653,2,12,21,16.0625,5.058594,0,0.497456,10.184923,16
d2f5d47c049ffe92,32,0.493952,0,0,576,2,9,20,15.3125,5.527344,0,0.482548,8.246949,16
364826e7091ee8eb,32,0.516129,0,0,696,2,11,22,16.0,8.5625,0,0.528926,9.470494,16
0a5e26a625d26122,32,0.459677,0,0,493,2,7,19,14.25,8.75,0,0.47081,6.396214,16
74d6dfaa3d9c0477,32,0.5,0,0,619,2,11,22,15.5,7.0,0,0.507832,8.822512,16
7a6f36b9a89c3a9e,32,0.493952,0,0,574,2,11,22,15.3125,6.339844,0,0.478205,9.526791,16
3f0391a09f5a1669,32,0.5,0,0,627,2,7,21,15.5,8.75,0,0.508519,6.613163,16
f10f3853eaaaf63f,32,0.550403,0,0,834,2,12,22,17.0625,7.308594,0,0.560956,9.991938,16
a4a7ec8813da25e7,32,0.514113,0,0,689,2,10,24,15.9375,9.621094,0,0.52638,8.933557,16
4aa6ccce4796ab10,32,0.522177,0,0,697,2,10,21,16.1875,6.339844,0,0.523259,8.879632,16
8deec681929bbfa1,32,0.491935,0,0,621,2,9,23,15.25,11.25,0,0.516459,8.359456,16
1bcf8f35d08841ee,32,0.493952,0,0,588,3,9,22,15.3125,7.527344,0,0.484873,7.968202,16
1cab589ae52c01a4,32,0.477823,0,0,530,2,9,20,14.8125,6.339844,0,0.468116,8.179135,16
d05e099da5a8bc85,32,0.475806,0,0,530,2,9,22,14.75,7.4375,0,0.473522,8.028443,16
a039483f2f38b378,32,0.508065,0,0,619,2,11,23,15.75,6.0625,0,0.489959,9.975033,16
a6380fca0ebdd35d,32,0.506048,0,0,629,2,10,21,15.6875,8.277344,0,0.494573,9.160264,16
e4753880d01ca21e,32,0.457661,0,0,477,3,7,19,14.1875,8.339844,0,0.4665,6.429349,16
579f65e4d3b99fad,32,0.52621,0,0,700,2,9,21,16.3125,6.714844,0,0.502223,8.451363,16
6e45fa853f336a46,32,0.495968,0,0,633,2,9,22,15.375,11.734375,0,0.516478,7.82563,16
7ff245eab446dc5a,32,0.489919,0,0,552,3,11,20,15.1875,5.652344,0,0.468864,9.091065,16
26e9fc462568f2bd,32,0.447581,0,0,448,2,7,20,13.875,8.046875,0,0.448206,6.449929,16
f4654c89cf8ed8af,32,0.5,0,0,608,2,11,20,15.5,6.0625,0,0.49182,9.189881,16
e712dddfba7fe2c8,32,0.508065,0,0,630,2,11,21,15.75,5.6875,0,0.498631,9.467936,16
60e38838a59cef99,32,0.508065,0,0,632,2,11,21,15.75,5.25,0,0.498688,9.432269,16
b1726ea4dbee8308,32,0.497984,0,0,618,2,9,20,15.4375,7.433594,0,0.506085,8.25186,16
24d4d285819f0c0a,32,0.487903,0,0,595,2,10,21,15.125,8.296875,0,0.507937,8.288916,16
bd6addc9562b1586,32,0.502016,0,0,628,2,9,19,15.5625,8.871094,0,0.503546,7.921358,16
7ebaa356b3f65b13,32,0.508065,0,0,666,2,10,22,15.75,10.3125,0,0.512049,8.888474,16
aeedee48e359ab26,32,0.522177,0,0,669,2,12,19,16.1875,2.777344,0,0.504914,10.370272,16
27528352c4a494e4,32,0.417339,0,0,384,3,7,19,12.9375,8.996094,0,0.454331,5.581479,16
9a481e3e148e4299,32,0.46371,0,0,508,2,9,21,14.375,9.984375,0,0.479227,7.547906,16
b1c3536d9601571f,32,0.479839,0,0,564,2,11,23,14.875,7.984375,0,0.497842,8.570292,16
16da3c7af3af0991,32,0.483871,0,0,601,3,7,21,15.0,11.0,0,0.523998,6.233084,16
84770dd3e9a593ce,32,0.475806,0,0,535,2,8,22,14.75,7.8125,0,0.480427,6.990608,16
24722a90b36ff08d,32,0.493952,0,0,575,2,11,20,15.3125,4.464844,0,0.483156,9.430377,16
10b039acd37a60d0,32,0.485887,0,0,595,2,9,23,15.0625,11.433594,0,0.510599,7.991743,16
781a83a0ecbb9cf8,32,0.497984,0,0,639,2,9,24,15.4375,9.746094,0,0.523792,8.226033,16
aae809e97a6ecbb0,32,0.504032,0,0,633,2,11,21,15.625,7.171875,0,0.505612,9.12054,16
623c9020d92bfa1a,32,0.516129,0,0,715,2,9,23,16.0,12.125,0,0.537428,8.231314,16
be43535f210ddeab,32,0.461694,0,0,472,2,11,20,14.3125,5.839844,0,0.453289,8.957219,16
b4bd7557a0239561,32,0.493952,0,0,616,2,8,22,15.3125,10.277344,0,0.507427,7.255029,16
5299ca9bf791afea,32,0.524194,0,0,710,2,10,20,16.25,6.8125,0,0.523464,8.875692,16
0774cb70bee02e9c,32,0.479839,0,0,558,2,9,21,14.875,8.734375,0,0.493319,7.251669,16
478699a78eeefa2b,32,0.495968,0,0,629,2,10,22,15.375,8.671875,0,0.519406,8.500962,16
c063a0608f4fa97d,32,0.514113,0,0,680,2,10,22,15.9375,7.683594,0,0.522009,9.312196,16
594b77292dcba418,32,0.518145,0,0,663,2,11,22,16.0625,6.121094,0,0.501495,9.740506,16
dd4df7fb3ced0b06,32,0.487903,0,0,596,2,8,23,15.125,10.609375,0,0.509526,7.421638,16
57e0a976c9c8d54e,32,0.487903,0,0,569,2,11,19,15.125,5.484375,0,0.491194,8.443058,16
61586b8b9ba3bdff,32,0.502016,0,0,636,2,11,21,15.5625,6.496094,0,0.515757,9.142468,16
e4600732ba279e20,32,0.518145,0,0,678,2,9,23,16.0625,6.496094,0,0.51478,8.249655,16
6d198c8b379ada4e,32,0.497984,0,0,612,2,9,21,15.4375,7.371094,0,0.501039,8.159255,16
a9749fd2dbe2c8a0,32,0.459677,0,0,470,2,9,19,14.25,7.25,0,0.449931,7.771377,16
5cd0fdd753bbbc2b,32,0.475806,0,0,526,2,9,19,14.75,6.1875,0,0.474328,8.098377,16
c27992b7f38f5aac,32,0.453629,0,0,440,2,9,18,14.0625,5.871094,0,0.439655,7.991108,16
8eb42cb479faa2d3,32,0.455645,0,0,462,2,8,21,14.125,7.609375,0,0.455837,7.329704,16
3d68f4d1eb70c608,32,0.497984,0,0,592,2,9,20,15.4375,6.433594,0,0.493383,8.312066,16
f05ec61d6f538e89,32,0.530242,0,0,753,2,10,22,16.4375,9.058594,0,0.545451,9.134353,16
e99903b05eaedfbb,32,0.556452,0,0,865,2,9,23,17.25,10.375,0,0.560359,8.504699,16
27af0061c75647d5,32,0.58871,0,0,990,2,13,25,18.25,7.0625,0,0.580775,11.713714,16
a5180a1c4c1c52d8,32,0.502016,0,0,648,2,8,24,15.5625,9.496094,0,0.515533,7.205976,16
199e591490c33333,32,0.558468,0,0,873,2,10,23,17.3125,9.339844,0,0.562175,9.361854,16
6ae670386070422e,32,0.544355,0,0,787,2,12,22,16.875,7.171875,0,0.540485,10.304112,16
444762f22c651803,32,0.540323,0,0,782,2,12,22,16.75,6.625,0,0.543775,10.385545,16
b130a4ab596bfe0b,32,0.548387,0,0,822,2,10,22,17.0,8.125,0,0.551675,9.267927,16
a743cad2f38cd96b,32,0.584677,0,0,985,2,11,22,18.125,7.359375,0,0.581572,10.116547,16
ead3ba1947ddd670,32,0.540323,0,0,798,2,10,24,16.75,9.625,0,0.554127,8.721535,16
bcbd9e7d48fd686b,32,0.530242,0,0,726,2,11,22,16.4375,6.496094,0,0.522028,9.733243,16
6147a13583a6082d,32,0.556452,0,0,841,2,11,21,17.25,6.3125,0,0.551276,10.002398,16
d6bcc4a98f0e9b2d,32,0.497984,0,0,598,2,11,20,15.4375,6.683594,0,0.493222,9.071753,16
0e2bf23cde5671f2,32,0.58871,0,0,1015,2,12,23,18.25,7.375,0,0.593364,11.164053,16
089f2db8757a3808,32,0.548387,0,0,793,2,12,22,17.0,5.9375,0,0.538222,10.674696,16
f0bf7d9c1074a3cf,32,0.53629,0,0,743,2,11,21,16.625,6.484375,0,0.525109,9.848551,16
446614fd4104a872,32,0.550403,0,0,779,2,13,23,17.0625,3.746094,0,0.528498,11.703317,16
ccb129ef97edbebd,32,0.528226,0,0,743,3,8,22,16.375,7.734375,0,0.534079,7.459556,16
e533743010256e41,32,0.53629,0,0,789,2,9,22,16.625,10.171875,0,0.55459,8.381972,16
e941c094679d4d0d,32,0.514113,0,0,682,2,9,21,15.9375,7.433594,0,0.526427,8.384151,16
c8f2ef4b13723a28,32,0.542339,0,0,793,2,12,22,16.8125,7.589844,0,0.542558,10.245849,16
796a760615c38ccb,32,0.542339,0,0,782,2,13,22,16.8125,6.839844,0,0.541698,10.347821,16
a77f0338dde2a39b,32,0.556452,0,0,835,2,13,23,17.25,4.8125,0,0.550272,11.133062,16
e97fbdeac15c0f42,32,0.516129,0,0,664,2,10,23,16.0,7.0625,0,0.505513,8.953008,16
66d8af080d3db1de,32,0.552419,0,0,831,2,11,22,17.125,6.109375,0,0.554364,10.112203,16
48ce443ef04f5351,32,0.568548,0,0,896,2,14,24,17.625,5.796875,0,0.567347,12.064672,16
ff279321ad5f56ba,32,0.524194,0,0,694,2,12,22,16.25,5.0,0,0.51438,10.216197,16
aed88b7e86bbe398,32,0.512097,0,0,670,2,12,21,15.875,6.671875,0,0.521276,9.180798,16
d3d5e213f89f85c0,32,0.510081,0,0,671,2,9,23,15.8125,9.027344,0,0.520239,8.306341,16
7172ce04cf502004,32,0.556452,0,0,836,2,13,23,17.25,7.625,0,0.547144,11.188417,16
f99b017db85b28ba,32,0.542339,0,0,757,2,12,20,16.8125,3.652344,0,0.527073,10.770075,16
2e3ec0f1c46115a2,32,0.544355,0,0,785,2,12,21,16.875,4.859375,0,0.543437,10.556313,16
4dcc8a9d60ca344e,32,0.53629,0,0,763,2,11,22,16.625,6.171875,0,0.540376,10.23699,16
4aa48287c815e5ac,32,0.566532,0,0,906,2,11,23,17.5625,7.683594,0,0.568346,9.938712,16
0df7cdc3f58e9293,32,0.560484,0,0,895,2,12,25,17.375,9.796875,0,0.575763,10.351968,16
60b73a2458964238,32,0.586694,0,0,982,2,12,23,18.1875,5.464844,0,0.57834,11.044885,16
6622debac35495dd,32,0.5625,0,0,871,2,13,23,17.4375,6.683594,0,0.554576,11.132953,16
f97ab38497b8d667,32,0.542339,0,0,758,2,13,22,16.8125,5.152344,0,0.52609,11.085966,16
6657181203e35fe2,32,0.532258,0,0,758,2,11,21,16.5,7.5625,0,0.53692,10.057296,16
a0dbe8b868d17104,32,0.550403,0,0,798,2,13,22,17.0625,3.746094,0,0.541295,10.909776,16
3d1d8436d032e121,32,0.580645,0,0,963,2,13,24,18.0,8.0625,0,0.574347,11.109627,16
4fbef9e5a69de665,32,0.582661,0,0,974,2,12,23,18.0625,6.746094,0,0.578626,10.734193,16
d822d21f0c61972d,32,0.556452,0,0,869,2,12,24,17.25,7.9375,0,0.571792,10.477211,16
af5ce0a676ebaa92,32,0.534274,0,0,750,2,12,22,16.5625,4.933594,0,0.537503,10.223819,16
2301415990c72096,32,0.538306,0,0,803,2,7,22,16.6875,9.902344,0,0.557644,6.703482,16
c75879f7cced00ef,32,0.550403,0,0,842,2,9,22,17.0625,9.246094,0,0.552545,8.473804,16
1693d171ffd949b0,32,0.542339,0,0,773,2,13,22,16.8125,6.089844,0,0.536823,10.489179,16
89e11772995c6985,32,0.59879,0,0,1031,2,14,23,18.5625,4.433594,0,0.585327,12.414705,16
0137b3cca55c6d01,32,0.560484,0,0,861,2,12,23,17.375,4.984375,0,0.558135,10.956165,16
69664213ef196232,32,0.592742,0,0,1074,2,12,26,18.375,11.109375,0,0.614464,10.900381,16
1505f0c1532ab8d6,32,0.564516,0,0,870,2,14,23,17.5,5.3125,0,0.553511,12.235362,16
f417492ad1628699,32,0.586694,0,0,1039,2,10,24,18.1875,10.964844,0,0.602516,9.410119,16
87282776f2367762,32,0.512097,0,0,673,2,10,22,15.875,8.171875,0,0.517666,8.832242,16
5665170556ff0281,32,0.576613,0,0,930,2,12,22,17.875,5.734375,0,0.566977,11.163791,16
d2a97f12703c6509,32,0.558468,0,0,838,2,13,22,17.3125,3.839844,0,0.549002,11.413399,16
db8428b6ba0e3810,32,0.560484,0,0,872,2,13,23,17.375,7.984375,0,0.560456,11.123615,16
c7141baccc790fff,32,0.538306,0,0,764,2,13,22,16.6875,5.714844,0,0.534739,11.034618,16
dcc8fc47e25c289e,32,0.544355,0,0,792,2,12,21,16.875,6.921875,0,0.540749,10.197637,16
b5dd480ac61aee17,32,0.5625,0,0,880,2,10,23,17.4375,8.683594,0,0.556917,9.333088,16
b7321b7fe235bbfe,32,0.5625,0,0,864,2,13,22,17.4375,5.558594,0,0.558843,11.333986,16
c07b59224a624b79,32,0.542339,0,0,812,2,11,25,16.8125,9.589844,0,0.561109,9.081962,16
c413db90e7890171,32,0.540323,0,0,787,2,11,24,16.75,7.375,0,0.54624,10.007906,16
e62fb604c1b8956c,32,0.538306,0,0,817,2,9,22,16.6875,12.402344,0,0.561421,8.051724,16
ba73de64e91dd273,32,0.542339,0,0,773,2,12,24,16.8125,5.339844,0,0.532311,10.808521,16
52bad2576649f9fe,32,0.532258,0,0,745,2,11,21,16.5,8.0625,0,0.536832,9.989699,16
439ee6497128b1e3,32,0.556452,0,0,858,2,11,23,17.25,8.0,0,0.559187,10.13902,16
1bca00460b753073,32,0.564516,0,0,900,2,10,23,17.5,8.3125,0,0.571412,9.318101,16
1a6e210c4459d849,32,0.578629,0,0,991,2,9,24,17.9375,9.996094,0,0.595471,8.471599,16
93cd6b0d7ea0cbb4,32,0.544355,0,0,777,2,12,22,16.875,6.046875,0,0.529793,10.543007,16
11567c9863b44a0f,32,0.540323,0,0,775,2,11,23,16.75,6.0,0,0.541592,9.753483,16
4694164a5ad9a813,32,0.510081,0,0,657,2,10,23,15.8125,7.964844,0,0.514235,9.056203,16
ef0afefcd8f08a43,32,0.53629,0,0,777,2,10,24,16.625,10.296875,0,0.541156,8.956007,16
807e858d7a0cb1b2,32,0.538306,0,0,788,2,11,22,16.6875,9.214844,0,0.548921,9.373246,16
22b9cf9c7ff53075,32,0.530242,0,0,748,2,11,24,16.4375,8.433594,0,0.540786,9.511659,16
1ee3f1a496a73cf4,32,0.556452,0,0,831,2,10,21,17.25,4.6875,0,0.544429,9.396604,16
dc3304e694bc2003,32,0.558468,0,0,856,2,11,22,17.3125,7.902344,0,0.551952,10.074323,16
25cd9301f9f81fef,32,0.542339,0,0,774,2,10,23,16.8125,6.589844,0,0.532499,9.234029,16
6612a3621c1612f3,32,0.516129,0,0,675,2,12,21,16.0,6.6875,0,0.514959,9.839806,16
1e66d62d7dba1f73,32,0.59879,0,0,1087,2,10,25,18.5625,10.996094,0,0.600756,9.440511,16
b9a1654d89693461,32,0.552419,0,0,836,2,12,23,17.125,5.671875,0,0.557876,10.802446,16
188eb5860979f9c9,32,0.558468,0,0,843,2,12,22,17.3125,5.339844,0,0.551726,10.476096,16
22d6bc2c150c47a6,32,0.572581,0,0,943,2,11,25,17.75,8.0625,0,0.580797,10.350464,16
c6d73e7d65a11cc6,32,0.548387,0,0,808,2,12,22,17.0,6.4375,0,0.545513,10.529082,16
072eea08dbe50ce8,32,0.516129,0,0,687,2,10,22,16.0,7.875,0,0.511775,9.089967,16
019206b92956f84e,32,0.564516,0,0,857,2,13,23,17.5,4.9375,0,0.548417,11.411825,16
fd301d8fdaebe10a,32,0.530242,0,0,759,2,10,22,16.4375,9.058594,0,0.547201,8.33187,16
495d1828b117f6ac,32,0.554435,0,0,852,2,13,24,17.1875,7.464844,0,0.562071,10.818834,16
f86ab88923912ecf,32,0.566532,0,0,907,2,10,24,17.5625,9.058594,0,0.57476,9.195099,16
966c62e61b3c4446,32,0.53629,0,0,761,2,12,24,16.625,9.171875,0,0.537876,9.975795,16
e25f6ff248cd20d8,32,0.544355,0,0,788,2,11,24,16.875,7.984375,0,0.539384,9.780353,16
e148de2f6feef365,32,0.570565,0,0,941,2,10,25,17.6875,9.214844,0,0.583725,9.398214,16
2ffea5f1b4b2fb5c,32,0.532258,0,0,751,2,12,22,16.5,7.875,0,0.538982,10.128438,16
c844934677f22b11,32,0.556452,0,0,876,2,8,24,17.25,9.5,0,0.569198,7.55981,16
be42b892305dfd65,32,0.5625,0,0,869,2,11,22,17.4375,5.683594,0,0.561083,10.180538,16
5623d79afac9034f,32,0.538306,0,0,750,2,12,21,16.6875,4.652344,0,0.532031,10.846537,16
d0f4299d21b8a260,32,0.534274,0,0,724,2,10,21,16.5625,4.746094,0,0.518324,9.361972,16
177c65332614f7b1,32,0.59879,0,0,1039,2,13,23,18.5625,5.621094,0,0.58927,12.3678,16
f66a62d0db40e61a,32,0.532258,0,0,747,2,11,23,16.5,9.4375,0,0.528567,9.464889,16
52f74af1e55fd1ad,32,0.532258,0,0,721,2,11,20,16.5,5.0625,0,0.520447,9.844509,16
792329366d60748d,32,0.582661,0,0,962,2,14,23,18.0625,4.683594,0,0.578277,11.820432,16
47d7b99b0867e460,32,0.586694,0,0,976,2,14,22,18.1875,5.027344,0,0.574762,12.404537,16
5a08f4b8da093a8c,32,0.600806,0,0,1073,2,12,22,18.625,6.671875,0,0.601064,11.026876,16
019bdac1b1c5a169,32,0.576613,0,0,933,2,12,23,17.875,6.484375,0,0.566967,10.92265,16
ebe5900d69468b85,32,0.604839,0,0,1089,2,13,24,18.75,6.875,0,0.605518,11.753278,16
1e502e5d12345bcc,32,0.602823,0,0,1054,2,14,24,18.6875,5.652344,0,0.586816,12.756945,16
abc098e9bfcb7d54,32,0.606855,0,0,1149,2,13,25,18.8125,10.527344,0,0.624471,11.735185,16
22b2e8eb32294cc1,32,0.586694,0,0,999,2,13,24,18.1875,6.214844,0,0.590063,11.224659,16
f6fa94482b904f7c,32,0.574597,0,0,919,2,14,22,17.8125,4.902344,0,0.568085,11.856679,16
0caf7d2739f5a9cd,32,0.604839,0,0,1097,2,14,25,18.75,7.0,0,0.605507,12.259659,16
4ae63550eca017ff,32,0.602823,0,0,1070,2,12,23,18.6875,7.027344,0,0.595913,11.338481,16
e28ad3b33a9e7877,32,0.590726,0,0,1015,2,14,27,18.3125,6.839844,0,0.591868,12.079682,16
d0ae5bfd3944dec0,32,0.620968,0,0,1212,2,12,25,19.25,8.75,0,0.635803,11.072695,16
5e29346e0a8f82e2,32,0.586694,0,0,1001,2,13,23,18.1875,8.089844,0,0.588386,11.599722,16
92bd116f9cd35636,32,0.584677,0,0,995,2,10,24,18.125,8.671875,0,0.583856,9.513708,16
13bae70939ce321e,32,0.59879,0,0,1070,2,12,23,18.5625,7.808594,0,0.602153,10.882896,16
727cdfa3424d95bb,32,0.572581,0,0,904,2,13,23,17.75,4.0,0,0.561739,11.851926,16
89eca063add30386,32,0.580645,0,0,950,2,12,23,18.0,6.125,0,0.570742,11.171329,16
5041298da065bf3c,32,0.606855,0,0,1106,2,12,24,18.8125,7.402344,0,0.603701,10.910886,16
278943318aed08a8,32,0.596774,0,0,1063,2,10,25,18.5,8.375,0,0.599305,9.552026,16
c3bb523775c36dd1,32,0.586694,0,0,999,2,12,23,18.1875,7.339844,0,0.584876,10.702204,16
35ed1b601e68dc42,32,0.612903,0,0,1144,2,14,26,19.0,7.5625,0,0.616769,12.856074,16
978b320f37a0efd3,32,0.602823,0,0,1072,2,15,24,18.6875,5.589844,0,0.599764,13.151362,16
4f036b61e8daaf3a,32,0.614919,0,0,1110,2,16,23,19.0625,3.933594,0,0.596397,13.522237,16
fce3b2cdc242dd95,32,0.566532,0,0,876,2,12,23,17.5625,7.121094,0,0.553478,10.740497,16
89931043930b2327,32,0.620968,0,0,1184,2,13,25,19.25,7.0,0,0.618191,12.105607,16
7e62019cf6d6a0b6,32,0.58871,0,0,1004,2,13,26,18.25,6.8125,0,0.586311,11.9363,16
c7b2774d6c159ff7,32,0.612903,0,0,1115,2,15,25,19.0,4.8125,0,0.603448,13.100619,16
03b4cd664cba5c01,32,0.614919,0,0,1179,2,12,25,19.0625,8.558594,0,0.628718,11.260961,16
c92529367bd5bc5a,32,0.574597,0,0,904,2,11,22,17.8125,5.277344,0,0.558225,10.302216,16
70cc876f9d011390,32,0.600806,0,0,1059,2,15,24,18.625,4.984375,0,0.599538,12.660367,16
416bca1814fc57f1,32,0.635081,0,0,1290,2,12,28,19.6875,9.527344,0,0.64155,11.239662,16
5e4e5f3c03f3bee5,32,0.606855,0,0,1140,2,10,25,18.8125,10.589844,0,0.618568,9.431617,16
2307adc35472e666,32,0.564516,0,0,895,2,11,24,17.5,8.4375,0,0.566257,10.109117,16
aa0403a712a0017f,32,0.614919,0,0,1153,2,13,25,19.0625,6.496094,0,0.618982,11.963833,16
cd65d3913237692c,32,0.556452,0,0,856,2,11,23,17.25,9.0625,0,0.560791,9.896805,16
35501c96559b246c,32,0.618952,0,0,1177,2,13,24,19.1875,6.214844,0,0.618474,12.16499,16
fc9bd47c0f2ec2bd,32,0.633065,0,0,1221,2,15,24,19.625,4.234375,0,0.619645,13.163242,16
be436843352144bd,32,0.608871,0,0,1085,2,15,23,18.875,4.421875,0,0.595271,12.967683,16
24de0c03b32584d3,32,0.594758,0,0,1026,2,13,24,18.4375,6.371094,0,0.586833,12.007421,16
34f6107347ad69d0,32,0.570565,0,0,953,2,9,24,17.6875,10.714844,0,0.591217,8.509915,16
6a4bc6869a9b9a28,32,0.59879,0,0,1070,2,12,24,18.5625,8.996094,0,0.601902,11.073635,16
d753fde8cc7b8ec0,32,0.554435,0,0,843,2,12,23,17.1875,7.839844,0,0.556913,10.586341,16
018b3b803cce6735,32,0.586694,0,0,982,2,13,23,18.1875,6.214844,0,0.579323,11.594467,16
dbfd63ba2894a0f9,32,0.620968,0,0,1212,2,13,27,19.25,9.125,0,0.634152,11.949986,16
e35aaf1c3ceb7839,32,0.649194,0,0,1325,2,16,24,20.125,4.234375,0,0.638037,14.70086,16
6aadf13999437847,32,0.600806,0,0,1049,2,14,25,18.625,5.359375,0,0.591001,12.870608,16
00651ac7759684d9,32,0.594758,0,0,1045,2,13,26,18.4375,7.746094,0,0.596006,11.686796,16
3748e53abed0e1a5,32,0.59879,0,0,1034,2,14,23,18.5625,5.246094,0,0.586248,12.562155,16
139fbf1aa5bbafc2,32,0.550403,0,0,827,2,12,23,17.0625,6.433594,0,0.552665,10.228169,16
ac0eb13c8af8e732,32,0.627016,0,0,1217,2,14,24,19.4375,5.871094,0,0.629066,12.883867,16
7f9dd81c9072b01e,32,0.59879,0,0,1075,2,11,24,18.5625,7.871094,0,0.604061,10.398352,16
5e28e2653f8a064f,32,0.584677,0,0,978,2,13,24,18.125,6.234375,0,0.581327,11.340277,16
2a5094ec7a362320,32,0.602823,0,0,1109,2,12,23,18.6875,9.152344,0,0.616032,11.130771,16
7cfcc0b1d3abf7a1,32,0.586694,0,0,1014,2,13,25,18.1875,7.902344,0,0.59552,11.395714,16
17e5ae97c831585b,32,0.616935,0,0,1167,2,13,25,19.125,8.046875,0,0.618906,12.154592,16
686a6b39d9b97a59,32,0.608871,0,0,1138,2,8,24,18.875,8.171875,0,0.615426,7.646235,16
c26647a9ffa93e0a,32,0.5625,0,0,858,2,11,24,17.4375,5.308594,0,0.553734,10.299684,16
6ff51e00f4808d14,32,0.584677,0,0,984,2,13,23,18.125,6.609375,0,0.586428,11.572811,16
76e174a6de826b62,32,0.614919,0,0,1122,2,14,24,19.0625,4.996094,0,0.603251,12.813433,16
b8acadf8f80f5534,32,0.622984,0,0,1170,2,15,24,19.3125,5.714844,0,0.610623,13.500648,16
ef96a5f5119a09ec,32,0.612903,0,0,1130,2,14,23,19.0,5.5,0,0.61117,12.544447,16
87bffda334995028,32,0.572581,0,0,938,2,11,24,17.75,8.875,0,0.576899,10.118845,16
3ed191d0ae122a6f,32,0.5625,0,0,885,2,13,23,17.4375,6.621094,0,0.56933,11.243626,16
ec9ea3296d011dee,32,0.594758,0,0,1035,2,12,24,18.4375,5.871094,0,0.594127,11.224761,16
41949dd4a52604ee,32,0.606855,0,0,1090,2,13,23,18.8125,6.027344,0,0.596942,11.856772,16
738c4692bb0324be,32,0.564516,0,0,866,2,14,21,17.5,3.875,0,0.555774,11.478746,16
307add84d96f59de,32,0.633065,0,0,1259,2,14,25,19.625,7.171875,0,0.637153,12.562501,16
972f4199e22c5a21,32,0.631048,0,0,1257,2,13,25,19.5625,8.246094,0,0.637373,11.995741,16
c9339c28d81c5e46,32,0.602823,0,0,1079,2,14,25,18.6875,6.339844,0,0.598681,12.392724,16
2abea455aeec56c4,32,0.600806,0,0,1098,2,13,26,18.625,9.046875,0,0.613236,11.825837,16
96308332434339c9,32,0.566532,0,0,867,2,13,22,17.5625,4.058594,0,0.5496,11.582758,16
eb2d154b98b33c2d,32,0.616935,0,0,1158,2,14,23,19.125,5.796875,0,0.616939,12.282414,16
07a3b606aaee1134,32,0.574597,0,0,941,2,11,23,17.8125,7.902344,0,0.574816,10.273155,16
c28eba9c786ee3c8,32,0.582661,0,0,992,2,13,28,18.0625,8.058594,0,0.58883,11.557786,16
1621fa10bd72e9e1,32,0.592742,0,0,1001,2,15,24,18.375,5.671875,0,0.573924,12.878039,16
77bce427c6bbeaf7,32,0.590726,0,0,1029,2,9,22,18.3125,8.589844,0,0.593363,8.71161,16
9f51abb6a3f25157,32,0.528226,0,0,713,2,10,20,16.375,6.171875,0,0.517902,9.254622,16
5caaea3a4d2f05d3,32,0.600806,0,0,1089,2,14,25,18.625,8.921875,0,0.607294,11.816193,16
0fedccb876ba9a31,32,0.556452,0,0,872,2,11,25,17.25,9.8125,0,0.57139,9.604666,16
227713a53dca6ccb,32,0.600806,0,0,1090,2,13,23,18.625,7.609375,0,0.60671,11.80466,16
bd247c1f6accb1d1,32,0.590726,0,0,1007,2,14,23,18.3125,5.464844,0,0.59093,11.698248,16
13c3d6e54033c96c,32,0.600806,0,0,1081,2,12,24,18.625,7.796875,0,0.602642,10.936585,16
da7531509b8d2684,32,0.625,0,0,1216,2,14,24,19.375,8.171875,0,0.628504,12.43807,16
3a96138a492ac1d9,32,0.596774,0,0,1045,2,14,23,18.5,6.3125,0,0.594232,12.129529,16
91c8e7b40c72d74e,32,0.582661,0,0,994,2,13,24,18.0625,9.183594,0,0.582324,11.78495,16
58970c2b2adc4e13,32,0.612903,0,0,1113,2,12,23,19.0,5.625,0,0.603016,11.347016,16
34dcf4e66b998988,32,0.576613,0,0,939,2,13,22,17.875,5.796875,0,0.575974,11.340987,16
ffc93dcabbc415fd,32,0.574597,0,0,941,2,12,23,17.8125,7.339844,0,0.574679,10.988597,16
12cafc84f4078f70,32,0.602823,0,0,1110,2,11,25,18.6875,9.277344,0,0.617388,10.387055,16
d2fb132c1a308bb7,32,0.586694,0,0,1024,2,12,26,18.1875,10.839844,0,0.598178,11.099928,16
20bf355bfa7c4e93,32,0.594758,0,0,1046,2,13,23,18.4375,6.308594,0,0.601244,11.347942,16
81c04e2d4007295d,32,0.604839,0,0,1072,2,14,24,18.75,5.875,0,0.594162,12.348369,16
1b6e645034944c5d,32,0.582661,0,0,968,2,12,24,18.0625,6.808594,0,0.57966,10.740504,16
5d0b82e0d08d8a67,32,0.572581,0,0,923,2,13,23,17.75,6.8125,0,0.573325,10.878305,16
51f97517cc4b72c7,32,0.580645,0,0,994,2,12,24,18.0,9.1875,0,0.595507,10.96943,16
31d16b5d8a07b3ee,32,0.570565,0,0,913,2,14,23,17.6875,6.089844,0,0.569619,12.010488,16
4e5fe3a677bcf06f,32,0.586694,0,0,974,2,13,24,18.1875,4.339844,0,0.578095,11.671968,16
bfb900fa1e4df92f,32,0.568548,0,0,916,2,12,23,17.625,7.546875,0,0.575303,10.487495,16
3418bb5a2d7c84a9,32,0.606855,0,0,1090,2,13,24,18.8125,5.652344,0,0.600938,12.049274,16
ee6554f19a339b8c,32,0.556452,0,0,871,2,9,26,17.25,9.5,0,0.560775,8.497965,16
cefe6b582d775eaa,32,0.59879,0,0,1045,2,14,24,18.5625,5.871094,0,0.590577,12.551897,16
4ef515b7515824ae,32,0.631048,0,0,1271,2,14,27,19.5625,8.621094,0,0.643703,12.81463,16
90d22d34c68d89c1,32,0.671371,0,0,1478,2,17,25,20.8125,4.589844,0,0.666062,15.259485,16
248d6276bce8ce69,32,0.645161,0,0,1324,2,15,24,20.0,6.0625,0,0.645574,13.272455,16
8328888f2037c5c9,32,0.669355,0,0,1472,2,16,26,20.75,5.375,0,0.666556,14.59284,16
8040afae80a9b472,32,0.675403,0,0,1525,2,13,26,20.9375,5.996094,0,0.67423,12.478047,16
910aa554da6b31a3,32,0.673387,0,0,1536,2,15,27,20.875,8.609375,0,0.684251,13.386909,16
c15fefb9a15758d6,32,0.631048,0,0,1255,2,11,26,19.5625,7.558594,0,0.63639,10.54411,16
407e7c88e62ba744,32,0.663306,0,0,1422,2,17,26,20.5625,5.871094,0,0.655452,15.078792,16
a7d2a9d5dfb7c541,32,0.659274,0,0,1405,2,16,25,20.4375,5.371094,0,0.657129,14.772556,16
d8ac23f6d698a07a,32,0.647177,0,0,1333,2,15,25,20.0625,7.183594,0,0.643775,13.37646,16
6c1d169b76ab8dc9,32,0.691532,0,0,1663,2,16,26,21.4375,8.433594,0,0.700777,14.603526,16
8a31a1daa7eb704e,32,0.677419,0,0,1543,2,15,26,21.0,7.0625,0,0.680239,13.933129,16
b6c2bf8cb6c8036a,32,0.635081,0,0,1275,2,14,25,19.6875,7.777344,0,0.639286,13.224482,16
c15bc93921be47b7,32,0.647177,0,0,1339,2,15,25,20.0625,5.496094,0,0.648471,13.623169,16
26590618106af338,32,0.608871,0,0,1105,2,15,24,18.875,4.734375,0,0.606549,12.841863,16
ccb6ecffa1033eee,32,0.659274,0,0,1412,2,15,26,20.4375,7.246094,0,0.656834,13.762714,16
c72a4e234c968c13,32,0.649194,0,0,1338,2,16,25,20.125,5.734375,0,0.644635,13.83553,16
349a02e2705c6415,32,0.655242,0,0,1407,2,14,25,20.3125,8.777344,0,0.658683,13.104948,16
2dbb1cfde01af46e,32,0.683468,0,0,1614,2,14,27,21.1875,10.152344,0,0.69176,13.357682,16
6c46a206a130cb61,32,0.647177,0,0,1354,2,14,27,20.0625,7.371094,0,0.649508,13.15136,16
93784e1ff47f4a08,32,0.659274,0,0,1416,2,15,27,20.4375,7.058594,0,0.658401,13.888844,16
5b1b5c713169375b,32,0.647177,0,0,1323,2,16,26,20.0625,4.871094,0,0.641102,14.153973,16
3c1c87d7d4062d38,32,0.669355,0,0,1465,2,16,24,20.75,5.5625,0,0.665169,14.437651,16
7e24cd14604ee528,32,0.663306,0,0,1451,2,14,25,20.5625,7.058594,0,0.666327,13.035927,16
e335c382eaf4615b,32,0.685484,0,0,1590,2,18,27,21.25,6.25,0,0.684812,15.673259,16
ce6a9bba04ffd20c,32,0.643145,0,0,1311,2,14,25,19.9375,7.371094,0,0.639183,13.154652,16
79189ddb1584fd00,32,0.639113,0,0,1296,2,15,25,19.8125,6.714844,0,0.641744,13.088994,16
71c9d827873eef85,32,0.639113,0,0,1268,2,15,24,19.8125,4.152344,0,0.634019,13.687089,16
e440fd5b277b1895,32,0.649194,0,0,1352,2,14,26,20.125,6.859375,0,0.650597,13.020308,16
5d7c0055eb38d96b,32,0.627016,0,0,1211,2,13,25,19.4375,5.746094,0,0.625315,12.131007,16
d3c69a48f082f854,32,0.59879,0,0,1047,2,14,24,18.5625,6.308594,0,0.594314,12.034909,16
294be8d54b986cfc,32,0.627016,0,0,1204,2,14,23,19.4375,5.058594,0,0.619837,13.014992,16
ee522a19ef0c8351,32,0.629032,0,0,1237,2,11,23,19.5,6.375,0,0.631548,10.520958,16
2426fd5a57248ceb,32,0.627016,0,0,1194,2,16,26,19.4375,4.558594,0,0.617984,14.181086,16
0423e0daee19e603,32,0.618952,0,0,1178,2,11,24,19.1875,8.277344,0,0.622561,10.52664,16
f19211eb890794c1,32,0.629032,0,0,1262,2,12,26,19.5,10.6875,0,0.639903,11.454124,16
9c9f14d7f859042f,32,0.627016,0,0,1193,2,16,25,19.4375,5.121094,0,0.617475,13.561435,16
70a64ebf5c1770e8,32,0.675403,0,0,1555,2,15,26,20.9375,9.558594,0,0.683913,13.919671,16
fd853329a04005da,32,0.657258,0,0,1368,2,14,23,20.375,3.859375,0,0.644733,13.263828,16
6d768ad3956514cb,32,0.675403,0,0,1559,2,13,27,20.9375,9.371094,0,0.686541,12.537101,16
0a62d201545ad4ad,32,0.641129,0,0,1314,2,13,25,19.875,7.734375,0,0.641268,12.157031,16
8bf728281b91ed70,32,0.667339,0,0,1468,2,15,25,20.6875,5.714844,0,0.667594,14.043804,16
84fca3320972f213,32,0.633065,0,0,1257,2,13,25,19.625,8.234375,0,0.633593,12.236745,16
4bc7a87d85533c43,32,0.65121,0,0,1374,2,14,26,20.1875,7.589844,0,0.656032,12.986731,16
2b50d6a9489eeb68,32,0.679435,0,0,1542,2,17,27,21.0625,6.371094,0,0.676542,15.061001,16
b4d2647856bbd200,32,0.641129,0,0,1305,2,15,24,19.875,7.109375,0,0.64026,13.604691,16
a53075dc5d3c1785,32,0.66129,0,0,1459,2,13,25,20.5,8.6875,0,0.670079,12.401103,16
8c48889abf210045,32,0.645161,0,0,1337,2,13,25,20.0,7.25,0,0.647743,12.092238,16
4191382543424cc8,32,0.635081,0,0,1256,2,15,25,19.6875,5.277344,0,0.631013,13.778588,16
59dd9518f708bb95,32,0.608871,0,0,1130,2,13,26,18.875,8.859375,0,0.615713,12.090797,16
df61019f125aa1fb,32,0.659274,0,0,1439,2,15,29,20.4375,8.621094,0,0.669207,13.454784,16
2d7000f7188e3c8f,32,0.641129,0,0,1280,2,14,24,19.875,5.609375,0,0.630625,13.022207,16
cfb8bbd9c45ee67e,32,0.663306,0,0,1431,2,17,26,20.5625,5.121094,0,0.660387,14.743668,16
76f86f7fff17c199,32,0.639113,0,0,1263,2,15,25,19.8125,4.714844,0,0.626268,13.921076,16
e54d35c010821d58,32,0.655242,0,0,1382,2,15,26,20.3125,6.277344,0,0.652669,14.036512,16
c8fbb5d8dc652f23,32,0.669355,0,0,1452,2,16,25,20.75,4.625,0,0.657882,14.601391,16
6b2de86c95fc322e,32,0.653226,0,0,1380,2,13,26,20.25,6.375,0,0.655304,12.279996,16
de70cb1b6827788c,32,0.675403,0,0,1515,2,17,27,20.9375,5.621094,0,0.673397,15.399237,16
97e961e03f7e026e,32,0.653226,0,0,1361,2,17,26,20.25,5.3125,0,0.646212,14.996729,16
163ca8c9862956e5,32,0.65121,0,0,1341,2,15,26,20.1875,6.402344,0,0.640285,14.170695,16
b6157f5d2a75194d,32,0.671371,0,0,1473,2,15,24,20.8125,5.027344,0,0.662865,14.16574,16
92c1dcac305aa090,32,0.639113,0,0,1296,2,13,24,19.8125,6.464844,0,0.644143,12.042978,16
1f7933f7adb0c48f,32,0.667339,0,0,1472,2,16,27,20.6875,5.902344,0,0.669528,14.56565,16
9573c4e0a1cab6ab,32,0.66129,0,0,1395,2,17,25,20.5,4.1875,0,0.648518,15.019402,16
fbe8bff770fe6c72,32,0.639113,0,0,1288,2,15,26,19.8125,5.902344,0,0.640374,13.635324,16
d5811b808833c278,32,0.645161,0,0,1333,2,14,26,20.0,7.4375,0,0.647951,13.139281,16
50c89a06a508c8c0,32,0.663306,0,0,1416,2,16,26,20.5625,4.871094,0,0.652737,14.782123,16
5e4fb5b42871e13d,32,0.645161,0,0,1317,2,13,25,20.0,7.0625,0,0.638566,12.360644,16
f88fcd1436438e02,32,0.643145,0,0,1317,2,15,26,19.9375,7.683594,0,0.642726,13.649082,16
31aa8203a6b9bbd2,32,0.633065,0,0,1257,2,14,25,19.625,8.484375,0,0.63473,13.048634,16
7dc66e77df4c770f,32,0.66129,0,0,1408,2,16,25,20.5,5.1875,0,0.652229,14.665706,16
f52ce08e7051a78d,32,0.669355,0,0,1458,2,17,25,20.75,3.5625,0,0.662411,15.176385,16
4addb2028a8ddd5b,32,0.667339,0,0,1475,2,15,26,20.6875,7.277344,0,0.668991,13.964326,16
d523d8e8a7ca8383,32,0.622984,0,0,1214,2,13,24,19.3125,8.464844,0,0.631334,11.981831,16
b1ac07c552e242f1,32,0.695565,0,0,1677,2,15,26,21.5625,7.621094,0,0.701091,14.476059,16
fc1d4b3b16a3df89,32,0.629032,0,0,1242,2,14,25,19.5,6.3125,0,0.633223,13.095626,16
3cf8ee41f8054e33,32,0.667339,0,0,1439,2,17,26,20.6875,4.589844,0,0.656433,15.58162,16
e6361f088191967a,32,0.647177,0,0,1328,2,14,24,20.0625,5.058594,0,0.643095,13.013098,16
aefd8be99791cded,32,0.659274,0,0,1409,2,14,25,20.4375,6.308594,0,0.65775,13.133817,16
13a0b4f03479aa47,32,0.618952,0,0,1186,2,10,25,19.1875,8.089844,0,0.627868,9.596201,16
85aff3edd65fa293,32,0.675403,0,0,1524,2,16,26,20.9375,6.371094,0,0.675486,14.775407,16
95e95f549ab78a1f,32,0.643145,0,0,1325,2,14,26,19.9375,6.808594,0,0.649887,12.828174,16
7fbc2f1810865c72,32,0.667339,0,0,1475,2,14,26,20.6875,7.277344,0,0.667541,13.142554,16
e3f056fede949861,32,0.645161,0,0,1341,2,14,27,20.0,8.0,0,0.647056,12.65756,16
3c9873f25691d039,32,0.616935,0,0,1159,2,11,23,19.125,6.796875,0,0.615497,10.441668,16
48a9e00f26df98f3,32,0.620968,0,0,1165,2,13,24,19.25,4.875,0,0.612372,12.115135,16
8dded307016c9d1a,32,0.659274,0,0,1432,2,13,26,20.4375,7.496094,0,0.664168,12.315279,16
3efd19dac0ed5351,32,0.681452,0,0,1572,2,13,26,21.125,7.734375,0,0.679691,12.499223,16
9e8fde54a8e92a26,32,0.671371,0,0,1474,2,17,24,20.8125,3.964844,0,0.662665,15.274343,16
23ad7f2b73440be1,32,0.602823,0,0,1119,2,12,25,18.6875,10.464844,0,0.616511,11.207215,16
1033c9d7820a1776,32,0.667339,0,0,1477,2,16,26,20.6875,7.464844,0,0.670216,14.14755,16
877cc85bd087064d,32,0.679435,0,0,1542,2,16,25,21.0625,5.496094,0,0.675185,14.739527,16
9c2fe1fb12ad7217,32,0.647177,0,0,1330,2,15,26,20.0625,5.433594,0,0.645138,13.911857,16
f99a41fa388fc733,32,0.665323,0,0,1454,2,16,26,20.625,6.546875,0,0.664154,14.217327,16
98912086eab7d1d8,32,0.663306,0,0,1432,2,15,25,20.5625,5.746094,0,0.658066,13.722659,16
c3e5a7386935480f,32,0.673387,0,0,1514,2,16,27,20.875,7.359375,0,0.675715,14.485708,16
1b4eb44bbf029dae,32,0.669355,0,0,1483,2,16,26,20.75,6.8125,0,0.668203,14.605421,16
2a46cf4df0530d6d,32,0.663306,0,0,1453,2,14,26,20.5625,6.746094,0,0.669379,13.245286,16
b83e17e3593ca371,32,0.649194,0,0,1348,2,14,24,20.125,6.796875,0,0.644983,13.105,16
02ffea10d7045f33,32,0.66129,0,0,1418,2,15,25,20.5,6.5625,0,0.657138,13.678175,16
5b466f97e9f08be6,32,0.691532,0,0,1630,2,18,27,21.4375,5.496094,0,0.6892,15.924519,16
7f63aac08b0b9f93,32,0.729839,0,0,1916,2,18,27,22.625,5.046875,0,0.728777,16.365393,16
b7d7b9995f386b6b,32,0.695565,0,0,1675,2,16,26,21.5625,6.808594,0,0.698165,14.923129,16
082181a23dae00c2,32,0.727823,0,0,1879,2,19,27,22.5625,3.621094,0,0.719397,17.170072,16
f4f70de3c84ac976,32,0.663306,0,0,1405,2,17,25,20.5625,2.996094,0,0.650466,15.203757,16
1da4ea383cc91797,32,0.725806,0,0,1924,2,15,28,22.5,8.4375,0,0.734436,14.414049,16
23430ab0ea44e2ab,32,0.719758,0,0,1825,2,19,27,22.3125,3.964844,0,0.714268,16.922239,16
7711e089576c7976,32,0.685484,0,0,1604,2,15,25,21.25,6.9375,0,0.689215,13.686919,16
551f6fb3d19c2a63,32,0.703629,0,0,1722,2,17,27,21.8125,6.152344,0,0.702248,15.125664,16
2e4c95f2acb23a99,32,0.727823,0,0,1925,2,16,28,22.5625,7.246094,0,0.731516,15.123203,16
724080173c4520cf,32,0.669355,0,0,1448,2,16,25,20.75,4.8125,0,0.654399,14.643546,16
2b38c99c1093ff4b,32,0.681452,0,0,1559,2,17,25,21.125,4.359375,0,0.680236,15.185308,16
957b3490e7279c3d,32,0.693548,0,0,1629,2,17,26,21.5,3.75,0,0.686888,15.455287,16
80585568aee16706,32,0.695565,0,0,1668,2,16,27,21.5625,6.933594,0,0.695781,15.011923,16
e2d904ba5e71465b,32,0.721774,0,0,1869,2,17,27,22.375,5.796875,0,0.725466,15.801391,16
43f158435d13c266,32,0.683468,0,0,1565,2,17,26,21.1875,5.089844,0,0.679682,15.682867,16
652d36ab7d37babb,32,0.707661,0,0,1748,2,18,25,21.9375,4.871094,0,0.7062,16.004055,16
33f5eac5b50b0439,32,0.659274,0,0,1429,2,15,26,20.4375,7.058594,0,0.661314,13.992039,16
fcd3fa1fe35eefc3,32,0.721774,0,0,1849,2,17,28,22.375,5.234375,0,0.718492,15.928774,16
c9665472c5333702,32,0.727823,0,0,1920,2,17,29,22.5625,5.996094,0,0.732971,15.843142,16
a5d53bf6c090d0b5,32,0.703629,0,0,1746,2,16,26,21.8125,8.277344,0,0.710667,14.966535,16
81811e4519dd2061,32,0.745968,0,0,2051,2,18,28,23.125,5.046875,0,0.745738,16.687545,16
f7f35f4bed304a81,32,0.72379,0,0,1879,2,15,28,22.4375,6.058594,0,0.721846,14.489042,16
004c13d23cbae4af,32,0.705645,0,0,1714,2,17,26,21.875,4.671875,0,0.696791,15.968274,16
b44588e55afe57b5,32,0.699597,0,0,1687,2,18,28,21.6875,5.152344,0,0.696406,16.226482,16
48c97ecb7dbc93f9,32,0.71371,0,0,1784,2,19,28,22.125,4.734375,0,0.70937,16.803009,16
3d2c739048a866d5,32,0.703629,0,0,1728,2,15,26,21.8125,6.089844,0,0.70677,14.192801,16
6f0334e245720438,32,0.701613,0,0,1698,2,17,25,21.75,4.625,0,0.697818,15.577669,16
4bb0d0e6d9914eb9,32,0.729839,0,0,1912,2,18,27,22.625,4.859375,0,0.726153,16.470206,16
cd7b67604df984d3,32,0.657258,0,0,1435,2,12,26,20.375,8.734375,0,0.673811,11.038351,16
b7eff0a318bb4ae2,32,0.665323,0,0,1476,2,16,26,20.625,7.109375,0,0.673173,14.64597,16
ddc5c5f5451e9250,32,0.673387,0,0,1536,2,13,27,20.875,8.234375,0,0.685547,12.374719,16
283af1c81f5c24a4,32,0.6875,0,0,1586,2,17,25,21.3125,3.902344,0,0.682106,15.518314,16
0e84ec299a14b744,32,0.701613,0,0,1678,2,18,26,21.75,3.875,0,0.691778,16.137878,16
3bc9106cad95cb72,32,0.721774,0,0,1879,2,17,29,22.375,7.671875,0,0.728286,15.934685,16
26bc81d8ee020cac,32,0.72379,0,0,1855,2,16,26,22.4375,4.058594,0,0.716426,15.463099,16
9933325770c4aec6,32,0.697581,0,0,1690,2,16,27,21.625,6.984375,0,0.699083,15.091226,16
2d0813212a6d16c4,32,0.671371,0,0,1439,2,18,24,20.8125,2.277344,0,0.649511,16.084011,16
6d4bfb6d5c0f6f0c,32,0.657258,0,0,1417,2,14,26,20.375,8.234375,0,0.662548,12.775701,16
b029e92fbeedbc60,32,0.689516,0,0,1642,2,13,26,21.375,9.921875,0,0.691801,12.402794,16
b9f7bf9b463fd77b,32,0.679435,0,0,1541,2,17,25,21.0625,5.058594,0,0.676002,15.43962,16
6cd89f6938bad234,32,0.6875,0,0,1591,2,17,26,21.3125,5.277344,0,0.683472,14.987954,16
786c3b5ca5daa04d,32,0.731855,0,0,1982,2,16,28,22.6875,9.527344,0,0.743838,14.596196,16
cbe2089fcc1f436c,32,0.707661,0,0,1752,2,17,26,21.9375,6.121094,0,0.706824,15.50228,16
7bee1e16935dbc73,32,0.671371,0,0,1497,2,17,27,20.8125,6.527344,0,0.671867,14.822435,16
7174af93c9326d9d,32,0.677419,0,0,1543,2,14,26,21.0,6.375,0,0.680475,13.325547,16
b5f15d52be05f5e1,32,0.681452,0,0,1564,2,16,26,21.125,7.171875,0,0.678737,14.427149,16
1350a1abfea9084b,32,0.669355,0,0,1477,2,16,27,20.75,6.6875,0,0.668518,14.452741,16
d4412fb170de5fad,32,0.701613,0,0,1680,2,17,25,21.75,4.125,0,0.691178,15.838146,16
ba97c087ddd8549e,32,0.691532,0,0,1641,2,14,27,21.4375,8.058594,0,0.689857,13.493879,16
efe0153ce108f8c8,32,0.685484,0,0,1579,2,16,25,21.25,4.8125,0,0.681148,14.793626,16
f75cbf199934d235,32,0.71371,0,0,1808,2,17,27,22.125,5.859375,0,0.717584,15.798947,16
181388f82eece6cb,32,0.6875,0,0,1601,2,16,26,21.3125,5.839844,0,0.686806,14.939107,16
b92eaca1149aba3f,32,0.699597,0,0,1713,2,15,27,21.6875,8.277344,0,0.704029,14.215605,16
3f08eb0e4fb7b13a,32,0.693548,0,0,1621,2,18,27,21.5,4.0,0,0.684504,16.000914,16
dab867dcd22147e1,32,0.659274,0,0,1439,2,15,25,20.4375,8.246094,0,0.668047,13.712167,16
a132e9f5a2ee23c5,32,0.685484,0,0,1599,2,14,26,21.25,7.375,0,0.684737,13.044051,16
33f8b7f135397905,32,0.705645,0,0,1743,2,18,27,21.875,6.296875,0,0.706973,16.274234,16
348bbf88c6d42fb5,32,0.703629,0,0,1746,2,17,27,21.8125,8.464844,0,0.709897,15.443619,16
95c8341911428131,32,0.693548,0,0,1633,2,17,26,21.5,4.9375,0,0.68759,15.507208,16
98ee79147d44f9a5,32,0.685484,0,0,1577,2,16,24,21.25,3.8125,0,0.681149,14.675442,16
0c375ce1cc42afed,32,0.675403,0,0,1552,2,16,27,20.9375,9.496094,0,0.685442,13.7477,16
27e72cc50be5df76,32,0.733871,0,0,1966,2,18,28,22.75,5.9375,0,0.738712,16.446485,16
10095d3fbb11639d,32,0.693548,0,0,1664,2,17,27,21.5,7.625,0,0.697503,15.34389,16
55ed013239918d21,32,0.717742,0,0,1816,2,18,26,22.25,4.75,0,0.713451,16.47707,16
a4e635263f899d3e,32,0.709677,0,0,1764,2,18,26,22.0,4.9375,0,0.706336,16.02511,16
1a882b98a5e3a9a5,32,0.725806,0,0,1882,2,17,26,22.5,4.875,0,0.723523,15.818496,16
1cd337b942771da9,32,0.689516,0,0,1624,2,17,27,21.375,5.921875,0,0.690434,15.521174,16
40429e7f6cef427e,32,0.715726,0,0,1794,2,18,27,22.1875,4.339844,0,0.708045,16.383928,16
ab03f7fc7533da5e,32,0.715726,0,0,1813,2,16,27,22.1875,6.214844,0,0.713467,15.341211,16
ec13929a59300a72,32,0.729839,0,0,1927,2,18,28,22.625,6.421875,0,0.731919,16.574847,16
edbc39e97947b572,32,0.701613,0,0,1687,2,18,26,21.75,4.8125,0,0.69264,16.559345,16
9571fbb94361ac58,32,0.669355,0,0,1505,2,12,27,20.75,8.0625,0,0.676089,11.59538,16
72534cebc2fd8f1f,32,0.729839,0,0,1955,2,15,27,22.625,8.046875,0,0.739789,14.243688,16
db12820c1646480e,32,0.679435,0,0,1532,2,16,26,21.0625,4.371094,0,0.675693,14.471953,16
da34607b439b7866,32,0.719758,0,0,1864,2,18,27,22.3125,7.964844,0,0.723024,16.05817,16
e1eb99e620da0a7d,32,0.683468,0,0,1573,2,17,25,21.1875,5.464844,0,0.684042,14.877686,16
acf36054dc64751c,32,0.665323,0,0,1461,2,13,27,20.625,7.859375,0,0.66561,12.320091,16
a2bf5ff465ce880a,32,0.719758,0,0,1892,2,17,29,22.3125,9.027344,0,0.734964,15.272585,16
221b66ddfa762452,32,0.703629,0,0,1714,2,16,26,21.8125,6.027344,0,0.699195,15.026729,16
17bcf4d2a2c7c2a4,32,0.705645,0,0,1733,2,17,27,21.875,4.984375,0,0.704324,15.464412,16
9202dbf21e95e85d,32,0.717742,0,0,1827,2,17,26,22.25,5.0,0,0.718497,15.792672,16
dae929271e44dae1,32,0.679435,0,0,1549,2,17,27,21.0625,6.621094,0,0.676753,14.976098,16
12afc42c5015a157,32,0.739919,0,0,1994,2,19,28,22.9375,4.621094,0,0.735136,17.467288,16
21829608b8767b08,32,0.679435,0,0,1575,2,14,25,21.0625,7.746094,0,0.687547,13.296844,16
9457b889b51f53d5,32,0.683468,0,0,1570,2,17,26,21.1875,5.652344,0,0.679657,15.576556,16
2ed180531c5192a1,32,0.695565,0,0,1658,2,16,26,21.5625,6.121094,0,0.692353,14.682192,16
3f736d15f61f16a4,32,0.689516,0,0,1619,2,17,26,21.375,5.359375,0,0.68837,15.434449,16
0d040ca3d20459eb,32,0.683468,0,0,1578,2,15,28,21.1875,6.902344,0,0.682306,14.140961,16
ec676fd13a7e4160,32,0.703629,0,0,1731,2,14,28,21.8125,6.027344,0,0.709169,13.348683,16
f6b31dd455096c31,32,0.689516,0,0,1669,2,16,27,21.375,8.734375,0,0.70802,14.314643,16
77160e9cae6500e4,32,0.685484,0,0,1588,2,16,26,21.25,6.3125,0,0.683198,14.823863,16
a25e19e8961ae9c5,32,0.647177,0,0,1326,2,15,25,20.0625,5.871094,0,0.639557,14.092926,16
be1f30fa7ba21fc9,32,0.703629,0,0,1729,2,17,27,21.8125,7.214844,0,0.703839,15.813316,16
173efc0e8f64661c,32,0.693548,0,0,1658,2,16,27,21.5,7.0,0,0.696384,15.058523,16
44abce3771b48718,32,0.695565,0,0,1659,2,18,27,21.5625,5.996094,0,0.693579,15.522704,16
747da2be26db2be3,32,0.681452,0,0,1545,2,18,27,21.125,4.734375,0,0.675492,15.889309,16
2b16f10fe7bca8c4,32,0.707661,0,0,1765,2,14,27,21.9375,6.371094,0,0.712469,13.502739,16
3762fc7d4d4474cd,32,0.731855,0,0,1960,2,18,28,22.6875,6.527344,0,0.736452,16.259965,16
4a53b2f924e49887,32,0.731855,0,0,1944,2,19,29,22.6875,6.402344,0,0.733798,16.098854,16
44fd0965bae6510c,32,0.715726,0,0,1820,2,16,26,22.1875,6.464844,0,0.715674,15.230569,16
f25353aa3383ab85,32,0.71371,0,0,1867,2,13,28,22.125,11.359375,0,0.736016,12.609125,16
e0e9a8e654dfef49,32,0.754032,0,0,2117,2,20,28,23.375,4.484375,0,0.753272,18.134075,16
4d01ca5aee288edd,32,0.768145,0,0,2248,2,19,29,23.8125,5.089844,0,0.77013,17.636796,16
3026dfd5a890d0e5,32,0.75,0,0,2062,2,18,27,23.25,4.0,0,0.742305,16.93441,16
7b87b4b8d5abc223,32,0.747984,0,0,2101,2,18,29,23.1875,8.464844,0,0.755678,16.659524,16
52f8f53abdc6d832,32,0.774194,0,0,2290,2,20,28,24.0,4.8125,0,0.771845,18.665685,16
690bae5a810c212b,32,0.747984,0,0,2069,2,19,28,23.1875,5.214844,0,0.746653,17.65543,16
b9d81c3e456eaf53,32,0.735887,0,0,1960,2,17,29,22.8125,4.777344,0,0.731718,16.146418,16
0e379088a9391863,32,0.768145,0,0,2245,2,17,28,23.8125,5.089844,0,0.766366,16.570733,16
b942133ac258fe28,32,0.766129,0,0,2233,2,19,29,23.75,5.5,0,0.768034,17.738106,16
1b787cbceee72e17,32,0.739919,0,0,1992,2,19,28,22.9375,5.308594,0,0.734887,17.170947,16
29361c0efedfaad7,32,0.731855,0,0,1948,2,15,28,22.6875,6.089844,0,0.734452,14.560392,16
7c404ae811997ccd,32,0.772177,0,0,2279,2,19,29,23.9375,4.683594,0,0.770738,17.920365,16
5dc4cfa9f906ff5b,32,0.707661,0,0,1767,2,18,28,21.9375,6.933594,0,0.709923,16.063618,16
7ad1410584fe5e2d,32,0.782258,0,0,2358,2,21,28,24.25,4.0,0,0.779327,19.13622,16
dca37c3ea81b2e92,32,0.739919,0,0,1998,2,19,28,22.9375,4.683594,0,0.738526,17.097596,16
478f9a11c74a146a,32,0.790323,0,0,2438,2,19,28,24.5,4.5625,0,0.787934,18.130287,16
1d08cc166d5395aa,32,0.762097,0,0,2162,2,20,27,23.625,3.421875,0,0.754725,18.398178,16
5c431f6a9bae847f,32,0.727823,0,0,1897,2,18,26,22.5625,5.433594,0,0.724196,16.714813,16
cee57835d10c0c5a,32,0.766129,0,0,2206,2,20,28,23.75,4.4375,0,0.761664,18.662909,16
f148e25c4ea3d115,32,0.717742,0,0,1837,2,17,28,22.25,6.375,0,0.717078,15.721949,16
746136d19def48a8,32,0.705645,0,0,1728,2,17,27,21.875,5.359375,0,0.702543,16.174558,16
aa0ae422eb92b471,32,0.72379,0,0,1871,2,18,27,22.4375,4.808594,0,0.721995,16.570261,16
e25a7ac2a68bbd46,32,0.756048,0,0,2126,2,19,27,23.4375,4.371094,0,0.75321,17.890102,16
bfe9e905ce57ea84,32,0.764113,0,0,2204,2,19,29,23.6875,4.964844,0,0.764353,17.374735,16
c0a58f405cb59223,32,0.747984,0,0,2060,2,18,29,23.1875,5.277344,0,0.743681,17.126826,16
4d34d2964f02aa8d,32,0.741935,0,0,2008,2,18,29,23.0,4.1875,0,0.738532,16.726824,16
65d56f0ce24d7cdf,32,0.735887,0,0,1974,2,17,28,22.8125,6.464844,0,0.735197,16.22843,16
eeb6cbbdf7a1ae7f,32,0.747984,0,0,2045,2,19,27,23.1875,3.339844,0,0.740571,17.850302,16
9e8cc79f9fd0da1c,32,0.737903,0,0,2009,2,17,31,22.875,7.546875,0,0.745119,16.026046,16
0703989afedc3977,32,0.721774,0,0,1860,2,16,26,22.375,5.421875,0,0.720055,15.205897,16
2929edbd45ccead9,32,0.754032,0,0,2122,2,18,30,23.375,5.671875,0,0.752506,17.174978,16
7c50390c30fc29f4,32,0.762097,0,0,2165,2,20,27,23.625,3.171875,0,0.75542,18.598076,16
c3595b17376a3dff,32,0.711694,0,0,1772,2,18,26,22.0625,5.433594,0,0.709699,15.949831,16
2e15d9549fbcaf83,32,0.725806,0,0,1858,2,18,26,22.5,3.0625,0,0.716165,16.922061,16
ef9bcaca9656b07f,32,0.719758,0,0,1835,2,18,27,22.3125,4.777344,0,0.717186,16.528775,16
bc32c2af53a347f0,32,0.745968,0,0,2068,2,18,27,23.125,6.109375,0,0.75012,16.770285,16
a5e46c4c7b8512b8,32,0.747984,0,0,2067,2,18,28,23.1875,5.839844,0,0.745505,16.93952,16
b4d207cad813d928,32,0.770161,0,0,2245,2,19,27,23.875,4.046875,0,0.76419,18.299501,16
d5ca1b54805b892c,32,0.774194,0,0,2299,2,18,27,24.0,5.125,0,0.774985,17.079139,16
56545bb47e1484a0,32,0.745968,0,0,2067,2,17,28,23.125,5.796875,0,0.749562,16.019713,16
3bd18c14f141aab0,32,0.719758,0,0,1843,2,16,28,22.3125,6.652344,0,0.717286,15.427706,16
da3849a5e93946bf,32,0.729839,0,0,1920,2,18,28,22.625,6.484375,0,0.726989,16.723908,16
d5d435d37efe21af,32,0.743952,0,0,2024,2,19,27,23.0625,4.371094,0,0.740587,17.423988,16
c5f2a83ceb833937,32,0.745968,0,0,2035,2,18,26,23.125,3.859375,0,0.7405,17.007135,16
ad2085c1aa19ebcd,32,0.75,0,0,2099,2,18,28,23.25,6.4375,0,0.752869,17.030496,16
0737a1ddfd6af822,32,0.766129,0,0,2249,2,18,28,23.75,7.1875,0,0.773417,17.199378,16
a711d1ad649916f5,32,0.782258,0,0,2360,2,19,28,24.25,4.0625,0,0.780987,18.397833,16
6b8bc76ba21cdcb3,32,0.762097,0,0,2172,2,19,27,23.625,4.546875,0,0.75655,18.121186,16
c98a12518e2d072e,32,0.745968,0,0,2063,2,17,27,23.125,6.234375,0,0.748442,16.145856,16
62fadd1773a453ca,32,0.739919,0,0,2011,2,17,29,22.9375,5.246094,0,0.741476,16.004725,16
85775f52ddeb57a3,32,0.762097,0,0,2192,2,18,27,23.625,5.359375,0,0.760982,17.026329,16
583b6e3b8ac5666b,32,0.747984,0,0,2060,2,18,27,23.1875,4.527344,0,0.745799,17.05142,16
15b2dde78d0e27f4,32,0.733871,0,0,1959,2,13,27,22.75,6.125,0,0.733205,12.705905,16
a082b97f9d6793b0,32,0.762097,0,0,2179,2,20,28,23.625,4.046875,0,0.758757,18.585956,16
f48a9f507c1873e6,32,0.78629,0,0,2400,2,20,28,24.375,4.296875,0,0.783779,18.912412,16
825daf54439cd3ec,32,0.715726,0,0,1815,2,17,28,22.1875,5.777344,0,0.715247,15.981543,16
aab9f88919986611,32,0.760081,0,0,2148,2,20,27,23.5625,3.058594,0,0.753022,18.738129,16
5f7da5e64b459399,32,0.727823,0,0,1900,2,18,27,22.5625,5.183594,0,0.723879,16.800864,16
f0a57c17121bff50,32,0.743952,0,0,2035,2,18,27,23.0625,5.058594,0,0.743755,16.754042,16
276c16c414e8187b,32,0.741935,0,0,2069,2,15,28,23.0,8.625,0,0.75639,14.373762,16
d7747294d535366b,32,0.737903,0,0,1974,2,18,27,22.875,4.859375,0,0.733992,16.600239,16
f24b86c2af24bb19,32,0.731855,0,0,1946,2,19,27,22.6875,4.589844,0,0.73723,16.507154,16
968f537797575d5f,32,0.778226,0,0,2335,2,19,28,24.125,5.421875,0,0.776816,17.993827,16
fcd861c2bfa5274f,32,0.71371,0,0,1781,2,18,27,22.125,4.671875,0,0.70888,16.198582,16
f872b85231e3d08b,32,0.739919,0,0,1977,2,19,27,22.9375,4.433594,0,0.731421,17.421753,16
4093d1b3e67dde20,32,0.774194,0,0,2314,2,18,29,24.0,6.875,0,0.778822,17.309587,16
277557217641cd03,32,0.743952,0,0,2022,2,19,27,23.0625,4.496094,0,0.739311,17.345533,16
0c281a5c3754f145,32,0.719758,0,0,1834,2,18,27,22.3125,4.839844,0,0.717294,16.617146,16
e3762575e860b72d,32,0.72379,0,0,1895,2,18,28,22.4375,7.183594,0,0.730178,16.167263,16
923439c328b6c738,32,0.78629,0,0,2418,2,17,28,24.375,5.671875,0,0.788471,16.515066,16
8f5a3c8bab99b825,32,0.735887,0,0,1968,2,17,27,22.8125,4.964844,0,0.733946,16.132232,16
2d1b52f52be1e3e0,32,0.739919,0,0,2039,2,15,28,22.9375,8.121094,0,0.748774,14.471742,16
f55d077784c5d4f1,32,0.764113,0,0,2204,2,20,30,23.6875,4.839844,0,0.762612,18.627464,16
b3b125e420697f7b,32,0.75,0,0,2067,2,19,27,23.25,4.0,0,0.743857,17.367659,16
34b5d84a58e7f4ea,32,0.739919,0,0,2029,2,19,30,22.9375,8.308594,0,0.744973,17.287232,16
d4312724ec786855,32,0.764113,0,0,2224,2,18,29,23.6875,6.027344,0,0.769729,16.835851,16
edbd91b46347173c,32,0.739919,0,0,2012,2,18,28,22.9375,5.371094,0,0.743079,16.270065,16
611cf9ba6c3b60c2,32,0.727823,0,0,1911,2,17,27,22.5625,5.246094,0,0.729025,15.641226,16
400a4ad07a913b56,32,0.737903,0,0,1984,2,18,28,22.875,4.921875,0,0.736996,16.910754,16
ef3d613f10e49327,32,0.72379,0,0,1915,2,15,28,22.4375,9.871094,0,0.737384,14.467286,16
614913dc11c12f1b,32,0.731855,0,0,1932,2,18,26,22.6875,4.777344,0,0.730783,16.502715,16
7e4b93d09ad06527,32,0.729839,0,0,1932,2,17,28,22.625,6.921875,0,0.73021,15.642057,16
5a2747aa9c514ce5,32,0.756048,0,0,2165,2,18,29,23.4375,7.683594,0,0.763428,16.412091,16
4e88868eb6318308,32,0.729839,0,0,1902,2,18,26,22.625,3.234375,0,0.724546,16.939495,16
1fbc272c45c16d19,32,0.756048,0,0,2128,2,19,28,23.4375,4.183594,0,0.752711,17.902054,16
0bb5cf77114f8693,32,0.745968,0,0,2062,2,18,27,23.125,5.609375,0,0.747476,16.65942,16
702279be34cf268f,32,0.754032,0,0,2131,2,19,29,23.375,5.609375,0,0.755649,17.108332,16
e9bfab36329c32f0,32,0.754032,0,0,2104,2,20,27,23.375,3.359375,0,0.750383,17.994945,16
b6f952bbe22091de,32,0.760081,0,0,2165,2,17,28,23.5625,4.371094,0,0.757903,16.303506,16
13fd9b62decabc1a,32,0.741935,0,0,2016,2,18,28,23.0,4.875,0,0.740754,16.991219,16
204c3c64f93f8d99,32,0.711694,0,0,1762,2,17,26,22.0625,4.558594,0,0.70425,15.861722,16
6691593fdea314e9,32,0.721774,0,0,1840,2,18,27,22.375,4.234375,0,0.716545,16.456087,16
5b88b31cb4f69f51,32,0.737903,0,0,1980,2,18,28,22.875,4.546875,0,0.736559,16.788836,16
5cc2b4967eb85381,32,0.794355,0,0,2523,2,18,30,24.625,7.921875,0,0.804591,17.20214,16
e4df6b8bb04b1f8d,32,0.739919,0,0,2023,2,19,29,22.9375,7.433594,0,0.743472,17.050475,16
73b552f9868e18c3,32,0.739919,0,0,1995,2,17,27,22.9375,4.871094,0,0.73672,16.133348,16
487eba3c9eedf0a4,32,0.743952,0,0,2048,2,19,28,23.0625,6.183594,0,0.747762,17.050222,16
4ffcbc275d81a5f7,32,0.731855,0,0,1934,2,19,27,22.6875,5.214844,0,0.730076,17.266341,16
6536463143c9e964,32,0.790323,0,0,2450,2,20,29,24.5,5.0,0,0.792057,18.294951,16
1924e5f97fedca96,32,0.806452,0,0,2617,2,20,30,25.0,5.9375,0,0.809673,18.815145,16
74ec62f57333c73b,32,0.806452,0,0,2596,2,21,30,25.0,4.75,0,0.805742,19.967681,16
3418d272893419fb,32,0.8125,0,0,2655,2,20,29,25.1875,4.152344,0,0.811795,19.375237,16
baf3353913483d30,32,0.828629,0,0,2812,2,21,29,25.6875,3.589844,0,0.826915,20.27781,16
30f3e04a7c85ced0,32,0.826613,0,0,2779,2,23,30,25.625,2.859375,0,0.82269,21.231386,16
2dd8e1b81809795f,32,0.818548,0,0,2708,2,20,28,25.375,3.984375,0,0.81736,19.266469,16
0f64166cc66f5d66,32,0.802419,0,0,2565,2,21,29,24.875,5.171875,0,0.804354,19.444056,16
e7ab7fd7252345f7,32,0.806452,0,0,2613,2,20,30,25.0,5.125,0,0.810939,18.783185,16
12f402fa0b79450e,32,0.818548,0,0,2725,2,20,30,25.375,4.921875,0,0.820905,19.234446,16
ddd20741d918007e,32,0.782258,0,0,2378,2,20,29,24.25,4.9375,0,0.784705,18.3694,16
025bd021bab6ba0a,32,0.842742,0,0,2989,2,20,30,26.125,5.421875,0,0.848204,19.349751,16
a84fb1199902e2a4,32,0.733871,0,0,1959,2,17,27,22.75,5.9375,0,0.733664,16.179097,16
5471417fc72f2ce8,32,0.818548,0,0,2729,2,21,29,25.375,4.796875,0,0.821616,19.522653,16
a013fe454b93617d,32,0.806452,0,0,2574,2,22,28,25.0,2.25,0,0.801792,20.36043,16
fdee10b44dc5121a,32,0.824597,0,0,2776,2,21,29,25.5625,4.121094,0,0.824458,20.165472,16
ec1c9a6fe7bf1da7,32,0.760081,0,0,2159,2,18,28,23.5625,4.121094,0,0.755617,17.413999,16
573e35b46fdae872,32,0.8125,0,0,2647,2,21,30,25.1875,3.714844,0,0.810479,20.250368,16
26eb03d9180a9735,32,0.806452,0,0,2594,2,20,29,25.0,4.25,0,0.804634,19.090908,16
0d9705fe7f74711f,32,0.826613,0,0,2794,2,22,30,25.625,4.109375,0,0.825297,20.487359,16
16783aed0bf342af,32,0.820565,0,0,2747,2,20,29,25.4375,4.933594,0,0.822528,19.233358,16
4e68dd1dc3201bc1,32,0.806452,0,0,2565,2,23,29,25.0,2.0,0,0.798813,21.105129,16
550ad60ecff6c1dc,32,0.78629,0,0,2388,2,20,28,24.375,3.859375,0,0.7817,18.897081,16
e3ebe74abd4caaaa,32,0.798387,0,0,2526,2,20,30,24.75,5.3125,0,0.79974,18.968055,16
9bf97bd4cf3f7aff,32,0.804435,0,0,2573,2,19,29,24.9375,4.058594,0,0.803337,18.404949,16
cd8e4f6e7b36965b,32,0.784274,0,0,2391,2,20,29,24.3125,4.277344,0,0.786431,17.771034,16
40b12c73bebb640b,32,0.792339,0,0,2469,2,19,28,24.5625,5.433594,0,0.793553,18.15539,16
c7c8b1adbba40486,32,0.792339,0,0,2498,2,20,31,24.5625,7.308594,0,0.799895,18.342742,16
bc8c185627375162,32,0.808468,0,0,2619,2,20,29,25.0625,4.871094,0,0.808776,18.978204,16
a05ebd9c1116ea14,32,0.77621,0,0,2316,2,19,28,24.0625,5.621094,0,0.775854,18.232189,16
b8d8624504fd4c21,32,0.862903,0,0,3172,2,23,30,26.75,2.875,0,0.860258,22.149888,16
85d446ae5bd8508b,32,0.806452,0,0,2605,2,20,30,25.0,4.875,0,0.808443,19.248391,16
5dad5ab9ead24b6c,32,0.77621,0,0,2298,2,20,26,24.0625,3.558594,0,0.7722,18.45957,16
ff38eee6237c2c4f,32,0.806452,0,0,2598,2,21,29,25.0,4.625,0,0.80668,19.820779,16
5e4af78f4b05bfed,32,0.778226,0,0,2342,2,18,28,24.125,5.921875,0,0.781354,17.011887,16
4a62e98000d02b80,32,0.782258,0,0,2388,2,18,29,24.25,6.75,0,0.785608,17.477521,16
3fe6c1e5999e287f,32,0.796371,0,0,2494,2,20,30,24.6875,3.902344,0,0.794878,18.856331,16
ea49c5bed0ac85c0,32,0.766129,0,0,2219,2,20,28,23.75,4.0,0,0.764662,18.165413,16
127951147d96bc9c,32,0.824597,0,0,2784,2,21,30,25.5625,4.808594,0,0.826102,19.984486,16
5f5571779bb7eba1,32,0.788306,0,0,2420,2,19,29,24.4375,4.808594,0,0.78503,18.232431,16
a7f426873934ec7d,32,0.8125,0,0,2649,2,21,29,25.1875,3.464844,0,0.811678,19.339026,16
059fa24925673548,32,0.794355,0,0,2509,2,20,29,24.625,5.734375,0,0.802685,18.400563,16
73b672a61ff47ee2,32,0.804435,0,0,2565,2,19,28,24.9375,3.433594,0,0.801134,18.525124,16
2347f187c71f7c20,32,0.796371,0,0,2530,2,18,29,24.6875,7.027344,0,0.802626,17.31531,16
7cf6adfe33b90588,32,0.792339,0,0,2458,2,20,28,24.5625,4.058594,0,0.791476,18.915162,16
8ff67070c414ad31,32,0.798387,0,0,2532,2,20,29,24.75,5.9375,0,0.800367,18.880445,16
aacef198271bed90,32,0.784274,0,0,2390,2,19,29,24.3125,4.527344,0,0.785335,18.20829,16
f5120410ee61a614,32,0.824597,0,0,2765,2,22,29,25.5625,3.121094,0,0.821724,21.041735,16
e21a209a9f4af229,32,0.788306,0,0,2470,2,15,29,24.4375,7.871094,0,0.797078,14.682534,16
900d6bcf283b0148,32,0.782258,0,0,2373,2,20,30,24.25,4.3125,0,0.784757,18.578779,16
9da531d442c95794,32,0.840726,0,0,2930,2,23,30,26.0625,2.808594,0,0.838183,21.092016,16
01a7cf35a9288343,32,0.788306,0,0,2416,2,20,29,24.4375,4.308594,0,0.785911,18.75453,16
1b7c7f96f3a7fd1a,32,0.814516,0,0,2669,2,20,29,25.25,4.4375,0,0.813016,19.282727,16
d3a82d5883d2994e,32,0.780242,0,0,2332,2,21,29,24.1875,3.589844,0,0.774952,19.221705,16
19f141ae0978ab6d,32,0.77621,0,0,2315,2,20,29,24.0625,4.871094,0,0.775044,18.521264,16
a7aa06399a30d05d,32,0.766129,0,0,2237,2,18,27,23.75,6.4375,0,0.769245,17.013899,16
9d64184957f903a4,32,0.798387,0,0,2534,2,21,29,24.75,5.6875,0,0.800609,19.632478,16
0722111320e7c339,32,0.768145,0,0,2252,2,20,31,23.8125,5.027344,0,0.771218,18.055642,16
24613c744c2f299b,32,0.802419,0,0,2541,2,22,29,24.875,3.484375,0,0.797965,19.890879,16
b04adba0f0896292,32,0.788306,0,0,2468,2,18,31,24.4375,7.808594,0,0.799901,17.162866,16
0536f0f6abbff47b,32,0.802419,0,0,2544,2,19,28,24.875,4.046875,0,0.798395,18.298196,16
b49acb4828f17c54,32,0.792339,0,0,2472,2,16,29,24.5625,5.996094,0,0.79388,15.638078,16
e0d603cb2888c224,32,0.800403,0,0,2547,2,20,28,24.8125,4.839844,0,0.802825,19.124994,16
be056f3b267eae5a,32,0.78629,0,0,2414,2,20,29,24.375,4.984375,0,0.789597,17.949785,16
c9883b37f60ae609,32,0.788306,0,0,2405,2,20,27,24.4375,3.246094,0,0.784085,19.115943,16
ad8107116d90c3aa,32,0.816532,0,0,2710,2,18,29,25.3125,5.464844,0,0.819799,17.349717,16
a4a3a79e84754822,32,0.77621,0,0,2314,2,19,28,24.0625,4.996094,0,0.776075,17.972994,16
9cf59630854faa6f,32,0.760081,0,0,2197,2,16,29,23.5625,6.683594,0,0.767508,15.315483,16
afdb9ead92930b11,32,0.834677,0,0,2862,2,22,29,25.875,2.671875,0,0.829962,21.51435,16
02101c58bc4c42ce,32,0.808468,0,0,2604,2,19,28,25.0625,3.933594,0,0.804526,18.527013,16
b3c214db6ebdd3b7,32,0.802419,0,0,2534,2,21,29,24.875,2.734375,0,0.797054,19.726968,16
0a4cd6943f8566c0,32,0.796371,0,0,2514,2,19,29,24.6875,5.277344,0,0.799549,18.31375,16
991665e0cc04529f,32,0.78629,0,0,2392,2,21,29,24.375,3.671875,0,0.782858,18.841042,16
0899d3dab70fbe49,32,0.804435,0,0,2581,2,21,30,24.9375,4.996094,0,0.80546,19.480895,16
9aba946e51bd3605,32,0.790323,0,0,2442,2,18,28,24.5,4.5625,0,0.790262,17.398989,16
e3ad8e1eeef5481a,32,0.798387,0,0,2501,2,21,29,24.75,3.375,0,0.793733,19.826637,16
98eeae78bc6af8d6,32,0.832661,0,0,2878,2,22,31,25.8125,4.964844,0,0.836605,20.431807,16
ce57d761da1b6275,32,0.8125,0,0,2642,2,22,29,25.1875,3.089844,0,0.809687,20.059273,16
4502e4b203c6a1e7,32,0.804435,0,0,2596,2,17,28,24.9375,5.308594,0,0.80822,16.683526,16
f7c77845178cfdaa,32,0.794355,0,0,2491,2,21,29,24.625,5.421875,0,0.796497,19.359942,16
22ea371df4d1b115,32,0.802419,0,0,2577,2,20,29,24.875,5.796875,0,0.807356,18.598194,16
efb1643433070d52,32,0.822581,0,0,2744,2,21,29,25.5,2.9375,0,0.819911,20.131602,16
e24026009d9f7a98,32,0.806452,0,0,2573,2,22,28,25.0,2.6875,0,0.801042,20.031285,16
58193e0b202adb7d,32,0.806452,0,0,2627,2,19,29,25.0,6.5,0,0.813132,17.96931,16
e06e0804c48b5db7,32,0.784274,0,0,2393,2,21,29,24.3125,4.964844,0,0.785321,18.806341,16
b34088dcd7621eb9,32,0.788306,0,0,2413,2,21,30,24.4375,4.058594,0,0.784961,19.246225,16
e613e206f9fe8940,32,0.774194,0,0,2288,2,19,28,24.0,4.75,0,0.771205,18.023832,16
e12692764fe5e407,32,0.794355,0,0,2487,2,20,30,24.625,5.484375,0,0.794609,18.862959,16
4d5beb6ad663eb09,32,0.782258,0,0,2376,2,19,29,24.25,4.8125,0,0.784185,18.234565,16
eb52cebcef356cc5,32,0.800403,0,0,2537,2,19,29,24.8125,4.277344,0,0.800385,18.31346,16
ef9ac20f207be6f3,32,0.784274,0,0,2375,2,20,28,24.3125,4.089844,0,0.780362,19.171398,16
f1001a213275d99a,32,0.745968,0,0,2061,2,19,27,23.125,5.234375,0,0.747297,17.032967,16
3ed6e2a741f7b9cb,32,0.796371,0,0,2498,2,20,29,24.6875,5.527344,0,0.79611,18.68358,16
946ac45d81bd24fd,32,0.790323,0,0,2460,2,18,29,24.5,6.3125,0,0.793544,17.44681,16
44e1ab1936d21a78,32,0.78629,0,0,2438,2,19,29,24.375,6.609375,0,0.794528,17.983486,16
d37dd316831a3ca2,32,0.78629,0,0,2406,2,18,29,24.375,4.859375,0,0.785501,17.500288,16
e470e28d8310a81a,32,0.820565,0,0,2720,2,21,30,25.4375,3.496094,0,0.816489,19.962756,16
368fde9c0631a44f,32,0.826613,0,0,2837,2,17,29,25.625,6.359375,0,0.836757,16.606224,16
34bb53137038efee,32,0.792339,0,0,2459,2,19,29,24.5625,4.558594,0,0.791431,18.106973,16
6c160cf8c0fb2d52,32,0.810484,0,0,2617,2,21,29,25.125,3.234375,0,0.805753,19.91285,16
fa5e11ac0c634909,32,0.820565,0,0,2739,2,21,30,25.4375,4.433594,0,0.821185,20.133725,16
d6a664bff75660b1,32,0.852823,0,0,3076,2,21,30,26.4375,3.496094,0,0.85409,20.40464,16
cd013804dd05d80d,32,0.842742,0,0,2960,2,22,29,26.125,3.359375,0,0.841507,20.943023,16
7e88b390e322c865,32,0.860887,0,0,3162,2,22,30,26.6875,3.902344,0,0.861093,21.344475,16
5046120270c7bf23,32,0.860887,0,0,3167,2,23,30,26.6875,4.027344,0,0.861654,21.798632,16
8095f842e255881a,32,0.83871,0,0,2911,2,23,31,26.0,3.0,0,0.835562,21.644277,16
ab333779a10576bf,32,0.850806,0,0,3050,2,22,30,26.375,3.734375,0,0.850267,21.100774,16
91dc4468ac5db98d,32,0.830645,0,0,2848,2,21,29,25.75,4.4375,0,0.833069,20.176472,16
cd8394fd0470b3ec,32,0.866935,0,0,3252,2,22,30,26.875,4.796875,0,0.871405,20.929754,16
5f51b4686aa37584,32,0.84879,0,0,3041,2,21,30,26.3125,5.089844,0,0.850865,20.376733,16
be0306373db830a9,32,0.860887,0,0,3172,2,22,31,26.6875,3.902344,0,0.863268,20.945121,16
9e6022a69e0a1654,32,0.850806,0,0,3059,2,23,31,26.375,4.171875,0,0.852637,21.216968,16
deee46846c9d9a0b,32,0.868952,0,0,3247,2,24,30,26.9375,2.808594,0,0.868443,22.270796,16
1dcfdeefd3c6927b,32,0.846774,0,0,3001,2,22,30,26.25,3.5,0,0.844986,21.058047,16
2992d4fdf0446005,32,0.850806,0,0,3054,2,23,30,26.375,3.796875,0,0.851918,21.306006,16
884c2c80405e7cc0,32,0.868952,0,0,3249,2,24,31,26.9375,2.996094,0,0.86856,22.438277,16
81c44603ad886826,32,0.858871,0,0,3157,2,22,30,26.625,4.609375,0,0.863153,20.76176,16
c21949e8f495787d,32,0.860887,0,0,3179,2,23,31,26.6875,4.777344,0,0.864361,21.671698,16
6e085cdb34313bdb,32,0.83871,0,0,2947,2,21,29,26.0,5.75,0,0.844907,20.052226,16
aa8b5829e984f811,32,0.870968,0,0,3268,2,23,30,27.0,3.0,0,0.869995,21.783923,16
7feee985ab072205,32,0.836694,0,0,2895,2,21,30,25.9375,3.621094,0,0.834884,20.387813,16
c696dacab16d8ab0,32,0.883065,0,0,3410,2,24,30,27.375,2.796875,0,0.882676,22.509528,16
57201be66b922591,32,0.850806,0,0,3038,2,23,29,26.375,2.484375,0,0.848184,21.812583,16
e2bae820bc33c2ff,32,0.852823,0,0,3058,2,23,29,26.4375,2.433594,0,0.850042,21.620909,16
38a366dabdaf2f06,32,0.864919,0,0,3192,2,23,30,26.8125,2.464844,0,0.86191,22.000289,16
40a79b614ba4a348,32,0.832661,0,0,2845,2,22,30,25.8125,2.964844,0,0.829782,20.947135,16
40000b2df3815285,32,0.856855,0,0,3115,2,23,30,26.5625,3.496094,0,0.856011,21.850346,16
ce7c83425fe83520,32,0.858871,0,0,3171,2,20,31,26.625,5.359375,0,0.865323,19.484971,16
70618ce90161f01e,32,0.862903,0,0,3188,2,23,30,26.75,3.9375,0,0.863919,21.877319,16
099bd463c06bff0a,32,0.846774,0,0,3007,2,22,30,26.25,4.3125,0,0.845731,20.945891,16
4c8cdcd238969a9f,32,0.856855,0,0,3123,2,22,30,26.5625,3.871094,0,0.85749,21.315176,16
74fe116ceb0a7ecc,32,0.868952,0,0,3242,2,24,31,26.9375,2.871094,0,0.867187,22.881055,16
2ff732edc07803fc,32,0.810484,0,0,2635,2,22,29,25.125,3.796875,0,0.810451,20.15782,16
0ed2c359e9381032,32,0.846774,0,0,2990,2,23,29,26.25,2.4375,0,0.84266,21.976775,16
50f4d6174bd0037f,32,0.84879,0,0,3044,2,22,31,26.3125,4.839844,0,0.852004,20.730287,16
f5760e9edef2298f,32,0.844758,0,0,2976,2,23,29,26.1875,2.777344,0,0.843179,21.14847,16
4cb6ff0087f36bb7,32,0.844758,0,0,2986,2,22,30,26.1875,3.777344,0,0.844427,21.078357,16
9fba14407794fd04,32,0.866935,0,0,3224,2,22,29,26.875,2.921875,0,0.865706,21.236544,16
2a7516612939ce6e,32,0.852823,0,0,3063,2,23,31,26.4375,2.996094,0,0.850718,21.701224,16
7ee2d352a8b6cfdb,32,0.822581,0,0,2756,2,21,29,25.5,3.875,0,0.821863,19.99328,16
44fdebe9bf6e7391,32,0.860887,0,0,3179,2,21,31,26.6875,4.839844,0,0.865279,20.145927,16
260b7455b3ae1f50,32,0.883065,0,0,3411,2,23,30,27.375,2.921875,0,0.882667,22.382291,16
f2f9530bbea98147,32,0.850806,0,0,3061,2,22,30,26.375,4.609375,0,0.852586,20.753457,16
17ae48b8b9d370d1,32,0.850806,0,0,3059,2,22,29,26.375,4.296875,0,0.852616,21.086379,16
aa5c1430b9e00c24,32,0.846774,0,0,3019,2,21,30,26.25,4.4375,0,0.84875,20.161279,16
9efdd684fe7f864f,32,0.814516,0,0,2691,2,21,30,25.25,5.625,0,0.817713,19.701908,16
072f7c6d7f5b28a4,32,0.864919,0,0,3205,2,23,31,26.8125,3.402344,0,0.86411,22.354345,16
6b441769f3b5afaa,32,0.84879,0,0,3036,2,21,30,26.3125,3.902344,0,0.850148,20.542505,16
2bee6d9d4f9a6339,32,0.868952,0,0,3261,2,22,31,26.9375,3.808594,0,0.870947,21.120338,16
70522546149a8440,32,0.852823,0,0,3082,2,22,30,26.4375,4.433594,0,0.854143,21.094934,16
8a9ed780115b855d,32,0.824597,0,0,2768,2,22,28,25.5625,3.121094,0,0.822334,20.676876,16
4cd1322ca03dda26,32,0.828629,0,0,2806,2,22,28,25.6875,2.964844,0,0.825911,20.606683,16
3fb134b65d16b18c,32,0.830645,0,0,2837,2,21,29,25.75,3.625,0,0.830588,20.010218,16
b318425732ea258e,32,0.854839,0,0,3091,2,23,29,26.5,3.375,0,0.853418,21.70139,16
f63347f4c345e273,32,0.844758,0,0,2990,2,21,30,26.1875,4.089844,0,0.845841,20.398702,16
14858de9e611bc95,32,0.879032,0,0,3397,2,23,30,27.25,5.0,0,0.884978,21.831939,16
b73d7a030e03c773,32,0.862903,0,0,3186,2,23,31,26.75,3.3125,0,0.864158,22.099561,16
63e3f827efeff0e9,32,0.860887,0,0,3168,2,22,30,26.6875,3.839844,0,0.862729,21.294789,16
c76354f651f83d79,32,0.844758,0,0,2969,2,23,31,26.1875,2.714844,0,0.84111,21.607509,16
dff1ac7b7cbd7c10,32,0.852823,0,0,3068,2,23,30,26.4375,3.371094,0,0.851966,21.550485,16
a8b113cacf332744,32,0.856855,0,0,3112,2,22,30,26.5625,2.996094,0,0.856129,21.329147,16
3052756388a9371a,32,0.818548,0,0,2718,2,22,30,25.375,4.671875,0,0.819423,20.402044,16
d205a24f207dd739,32,0.83871,0,0,2917,2,23,30,26.0,3.3125,0,0.837202,21.631613,16
64fbdbc0f9933915,32,0.879032,0,0,3364,2,23,30,27.25,2.9375,0,0.878734,22.264749,16
c90fd7698ca76d4a,32,0.826613,0,0,2788,2,22,30,25.625,3.796875,0,0.823869,20.756671,16
d902369e640ebd17,32,0.854839,0,0,3088,2,23,30,26.5,3.0625,0,0.853172,21.788314,16
e0d07286e3dd2655,32,0.852823,0,0,3091,2,22,30,26.4375,4.933594,0,0.856627,21.141408,16
ba10334c34d689c8,32,0.864919,0,0,3209,2,23,30,26.8125,3.277344,0,0.86606,22.026066,16
85c348c0db7d8060,32,0.856855,0,0,3111,2,24,30,26.5625,3.246094,0,0.855259,21.96751,16
627fadea69d79a7f,32,0.846774,0,0,3044,2,22,31,26.25,6.625,0,0.855201,20.868896,16
f825d0543ba79b82,32,0.83871,0,0,2915,2,23,30,26.0,3.5,0,0.836624,21.771867,16
3378ecb12d20d114,32,0.893145,0,0,3536,2,24,31,27.6875,3.402344,0,0.893872,23.063703,16
e3c112d83e2bfe4e,32,0.862903,0,0,3175,2,24,30,26.75,2.875,0,0.861241,22.740823,16
0f95ead0f3656f78,32,0.860887,0,0,3175,2,19,30,26.6875,4.714844,0,0.86338,18.679107,16
e69a11a69d0b8f30,32,0.864919,0,0,3215,2,21,30,26.8125,3.714844,0,0.866445,20.455424,16
a6ae10be2e9789b9,32,0.858871,0,0,3153,2,23,30,26.625,4.421875,0,0.861801,21.525547,16
b027acbf958f9b68,32,0.842742,0,0,2950,2,23,30,26.125,2.359375,0,0.839764,21.688095,16
2fed796636dfaf08,32,0.84879,0,0,3034,2,21,29,26.3125,4.152344,0,0.849452,20.411278,16
118a04eee14db511,32,0.826613,0,0,2785,2,22,30,25.625,3.109375,0,0.823611,20.515577,16
09aaa4544f93f930,32,0.844758,0,0,2987,2,22,31,26.1875,3.714844,0,0.844804,20.917791,16
0dc334cba383f49d,32,0.856855,0,0,3121,2,23,30,26.5625,3.683594,0,0.858449,21.380663,16
5f5ab34ab6bac4e8,32,0.842742,0,0,2951,2,22,29,26.125,2.796875,0,0.83949,20.702695,16
4ba9b68f14dfc891,32,0.828629,0,0,2817,2,21,29,25.6875,3.777344,0,0.828101,20.460186,16
b5a2eb406544416c,32,0.858871,0,0,3115,2,24,29,26.625,2.046875,0,0.853863,22.389185,16
d98def34cb62c1fd,32,0.856855,0,0,3119,2,21,29,26.5625,4.121094,0,0.856757,20.498708,16
56e3c6deea04e3d1,32,0.850806,0,0,3025,2,24,29,26.375,1.609375,0,0.845373,22.602111,16
3f742913913de711,32,0.883065,0,0,3411,2,24,31,27.375,2.734375,0,0.882791,22.703744,16
a33af5b066956869,32,0.844758,0,0,2995,2,21,30,26.1875,4.214844,0,0.847361,19.869871,16
c75ed5b28951eac4,32,0.872984,0,0,3294,2,23,30,27.0625,2.871094,0,0.872721,22.001159,16
e0ab932e97d02e00,32,0.862903,0,0,3180,2,21,30,26.75,3.6875,0,0.861322,20.631791,16
71c3f3b138be87a8,32,0.830645,0,0,2848,2,20,30,25.75,4.5,0,0.833528,19.430112,16
229af4cf2043a0a9,32,0.854839,0,0,3097,2,23,30,26.5,3.625,0,0.855439,21.151467,16
0117530726a1f247,32,0.84879,0,0,3021,2,22,29,26.3125,2.902344,0,0.847284,21.069966,16
3fbaf9749ba2715e,32,0.816532,0,0,2709,2,21,30,25.3125,5.277344,0,0.818958,19.890458,16
b94c41cb16c61b8a,32,0.852823,0,0,3063,2,21,30,26.4375,3.121094,0,0.849953,20.614944,16
302b07e3f2f7623e,32,0.866935,0,0,3235,2,23,31,26.875,3.484375,0,0.868467,21.514408,16
c2324990bd2259a0,32,0.842742,0,0,2959,2,22,29,26.125,3.296875,0,0.841475,20.792984,16
be06d8db796c521a,32,0.796371,0,0,2493,2,21,30,24.6875,4.277344,0,0.79455,19.29499,16
0fb3bdd58b721359,32,0.864919,0,0,3198,2,24,30,26.8125,2.714844,0,0.863375,22.366911,16
52a5e22e3261a5a0,32,0.84879,0,0,3054,2,20,29,26.3125,5.277344,0,0.854118,19.496629,16
9bc7ebd660b77ecc,32,0.883065,0,0,3427,2,22,31,27.375,3.921875,0,0.885924,21.488556,16
7cf5d3c929bdbfe7,32,0.909274,0,0,3729,2,25,31,28.1875,2.402344,0,0.910294,23.676859,16
82ff6dbe2e9b5c86,32,0.913306,0,0,3779,2,25,31,28.3125,2.402344,0,0.913873,24.016591,16
d8c90cc2bef6e729,32,0.893145,0,0,3533,2,23,30,27.6875,2.839844,0,0.89352,22.438947,16
3ad6b52762255700,32,0.899194,0,0,3626,2,23,31,27.875,4.109375,0,0.903499,21.790969,16
5c44a72e07b36624,32,0.897177,0,0,3576,2,24,31,27.8125,2.402344,0,0.896383,23.304005,16
04c49d7474b08ac5,32,0.903226,0,0,3653,2,24,31,28.0,2.4375,0,0.903221,23.366673,16
d5cfb5db19e34ff2,32,0.895161,0,0,3549,2,23,30,27.75,2.4375,0,0.893909,22.516138,16
d8b830b0afea5fd4,32,0.875,0,0,3321,2,24,30,27.125,3.109375,0,0.875117,22.177334,16
dee4332333525bb6,32,0.915323,0,0,3799,2,25,31,28.375,2.046875,0,0.914921,24.394284,16
8047f85efa5799ae,32,0.909274,0,0,3725,2,25,31,28.1875,2.402344,0,0.908871,23.685384,16
3b90b4903dad6926,32,0.907258,0,0,3711,2,26,31,28.125,2.984375,0,0.909125,24.080537,16
99f32878971aa9bc,32,0.889113,0,0,3492,2,23,30,27.5625,3.433594,0,0.890926,22.210856,16
5348f1b77b6e0a00,32,0.905242,0,0,3680,2,25,31,28.0625,2.683594,0,0.905886,24.147683,16
8af5ba47efbfdc1f,32,0.905242,0,0,3683,2,25,31,28.0625,2.933594,0,0.906246,23.614559,16
7fb4765a6e9ec624,32,0.903226,0,0,3660,2,24,31,28.0,2.8125,0,0.905008,23.178722,16
34d8d0ddd30452d5,32,0.907258,0,0,3698,2,25,31,28.125,2.296875,0,0.906357,24.299483,16
ec7603c3465cea1c,32,0.893145,0,0,3526,2,25,31,27.6875,2.464844,0,0.892136,23.61441,16
bf41095c70bf60a3,32,0.891129,0,0,3522,2,24,30,27.625,3.609375,0,0.893891,22.588091,16
d273281fc0dd13be,32,0.875,0,0,3321,2,21,30,27.125,3.609375,0,0.875035,20.659107,16
8218eabd7f8c618b,32,0.929435,0,0,3976,2,26,31,28.8125,1.589844,0,0.928752,25.083532,16
6e66885e0c4f4d20,32,0.899194,0,0,3599,2,24,31,27.875,2.296875,0,0.898589,23.105712,16
8ec8e867d701dd35,32,0.905242,0,0,3687,2,24,31,28.0625,3.183594,0,0.907179,23.156945,16
429a7c9223aa2e1f,32,0.903226,0,0,3645,2,25,31,28.0,1.875,0,0.902008,23.874204,16
38ab000fdad8f565,32,0.897177,0,0,3582,2,23,31,27.8125,2.652344,0,0.897671,22.465284,16
5716c8c12c9b03e4,32,0.897177,0,0,3568,2,25,30,27.8125,2.089844,0,0.894966,23.97022,16
f43688f5f8f78562,32,0.919355,0,0,3855,2,25,31,28.5,2.4375,0,0.920067,24.343253,16
fd628574e078617f,32,0.893145,0,0,3524,2,24,31,27.6875,2.339844,0,0.891817,23.127212,16
5a3ed922df4b6966,32,0.91129,0,0,3747,2,26,31,28.25,2.125,0,0.910351,24.637562,16
3b4955afe3a5fe7e,32,0.905242,0,0,3695,2,24,31,28.0625,3.683594,0,0.908969,22.889781,16
378f0f247cb292c3,32,0.895161,0,0,3541,2,25,31,27.75,1.875,0,0.892379,24.257358,16
5d4fa9ec65356833,32,0.917339,0,0,3816,2,25,31,28.4375,1.558594,0,0.91537,24.711066,16
2c385cd0db22eb78,32,0.91129,0,0,3745,2,24,30,28.25,2.0,0,0.909666,23.66722,16
8f2a7230ed25b977,32,0.91129,0,0,3765,2,23,31,28.25,3.8125,0,0.91392,22.653746,16
9a15bf515b9dfb94,32,0.897177,0,0,3577,2,25,30,27.8125,2.464844,0,0.896664,23.610418,16
d99eb961da4a5bc0,32,0.907258,0,0,3702,2,24,31,28.125,2.359375,0,0.907536,23.443932,16
71b1d6c6de34a29c,32,0.885081,0,0,3431,2,24,30,27.4375,2.496094,0,0.884246,23.009456,16
be3102640ab1a294,32,0.90121,0,0,3629,2,24,30,27.9375,2.558594,0,0.901376,23.406164,16
754f7fc9dc87603b,32,0.858871,0,0,3127,2,23,29,26.625,2.671875,0,0.856729,21.578081,16
07c5f272f8f9749d,32,0.893145,0,0,3523,2,24,30,27.6875,2.589844,0,0.890928,23.207269,16
de8a456c6ac73126,32,0.897177,0,0,3568,2,24,30,27.8125,1.839844,0,0.895061,23.326085,16
db708be20b925f69,32,0.909274,0,0,3715,2,24,30,28.1875,1.589844,0,0.907265,23.479364,16
f2050c02ddd5c438,32,0.917339,0,0,3842,2,23,31,28.4375,3.121094,0,0.920087,22.73736,16
938d5e0220fd0002,32,0.893145,0,0,3532,2,25,31,27.6875,2.839844,0,0.893408,23.219816,16
22b2b274c9751d66,32,0.893145,0,0,3539,2,24,31,27.6875,3.277344,0,0.894693,22.831236,16
d0d32c846af8dc45,32,0.917339,0,0,3845,2,23,31,28.4375,3.496094,0,0.920951,22.482072,16
edc551d05836acf4,32,0.929435,0,0,3972,2,26,30,28.8125,1.277344,0,0.927881,25.757063,16
bcc9751e21a26d36,32,0.917339,0,0,3826,2,25,31,28.4375,2.246094,0,0.917278,23.958238,16
0474b5b636c88c6e,32,0.919355,0,0,3849,2,25,31,28.5,2.0,0,0.918865,24.466642,16
c12333f745f08f5b,32,0.887097,0,0,3449,2,23,30,27.5,2.1875,0,0.884572,22.620656,16
5ab3d63edb9760dc,32,0.919355,0,0,3851,2,25,31,28.5,2.125,0,0.918884,24.453432,16
9f3bf18652eac5b7,32,0.909274,0,0,3714,2,26,31,28.1875,1.589844,0,0.907038,24.91474,16
673c1c2a1aeea3a9,32,0.893145,0,0,3536,2,24,30,27.6875,2.839844,0,0.893868,23.01071,16
90ccbbcfca42ee7a,32,0.923387,0,0,3905,2,24,31,28.625,2.171875,0,0.923503,23.830343,16
77a253a371e2c4f7,32,0.909274,0,0,3729,2,23,31,28.1875,2.652344,0,0.909684,22.554561,16
7d7df395c4b6309b,32,0.889113,0,0,3487,2,24,31,27.5625,3.058594,0,0.88972,23.163666,16
d4aa98c548985fc0,32,0.917339,0,0,3821,2,25,31,28.4375,1.683594,0,0.916438,24.33874,16
d1e5da71f41a9b46,32,0.887097,0,0,3431,2,26,30,27.5,1.125,0,0.881306,24.501237,16
6b62ed0d43f7e888,32,0.919355,0,0,3865,2,24,31,28.5,3.0625,0,0.921468,23.195606,16
0537d8ca94284c97,32,0.885081,0,0,3419,2,25,30,27.4375,1.808594,0,0.881683,23.964141,16
138e1f9a8adef476,32,0.917339,0,0,3812,2,27,31,28.4375,1.183594,0,0.914757,25.616697,16
18d6c466be0d3bef,32,0.917339,0,0,3828,2,24,30,28.4375,2.371094,0,0.917029,23.743625,16
a40282f0f0c8577a,32,0.907258,0,0,3701,2,24,31,28.125,2.421875,0,0.906832,23.601205,16
394fc5fdf5edb270,32,0.893145,0,0,3521,2,25,31,27.6875,2.027344,0,0.89112,24.06367,16
9db3b994cff3f85d,32,0.90121,0,0,3624,2,25,31,27.9375,2.433594,0,0.90042,24.023695,16
de8326c5a6df340f,32,0.893145,0,0,3522,2,23,30,27.6875,2.277344,0,0.890679,22.611563,16
6d49d5b8c81f3c31,32,0.899194,0,0,3609,2,24,31,27.875,3.046875,0,0.900111,23.385036,16
12a176bedfbe31f0,32,0.891129,0,0,3510,2,24,31,27.625,3.109375,0,0.891765,23.027679,16
db38b622efa2fed4,32,0.891129,0,0,3514,2,23,31,27.625,3.171875,0,0.892562,22.215012,16
5a2940bc0f086dd0,32,0.90121,0,0,3613,2,25,30,27.9375,1.496094,0,0.898602,23.912866,16
6f2c877bcb3c87eb,32,0.915323,0,0,3801,2,25,31,28.375,2.171875,0,0.915185,24.205932,16
9545bcdc85747d62,32,0.895161,0,0,3553,2,23,30,27.75,2.75,0,0.8945,22.618665,16
0d7387b92de37baa,32,0.899194,0,0,3592,2,25,31,27.875,2.109375,0,0.896876,23.777236,16
843090e58a4fc71a,32,0.895161,0,0,3556,2,24,31,27.75,2.8125,0,0.89529,23.066552,16
5dc5b179e0522504,32,0.915323,0,0,3799,2,26,31,28.375,2.046875,0,0.914839,24.745914,16
e80ec206af533404,32,0.883065,0,0,3404,2,24,30,27.375,2.234375,0,0.881633,23.058658,16
8738ea9242c922f1,32,0.889113,0,0,3481,2,23,31,27.5625,2.683594,0,0.888654,22.47374,16
a557ed04054cb675,32,0.889113,0,0,3479,2,24,30,27.5625,2.496094,0,0.888252,23.161388,16
a8b1dd3bce704f42,32,0.91129,0,0,3739,2,26,31,28.25,1.75,0,0.908794,24.805116,16
5d1de15c33155ef2,32,0.891129,0,0,3523,2,21,30,27.625,4.109375,0,0.893458,20.39743,16
2d6657536ff0510e,32,0.905242,0,0,3673,2,24,31,28.0625,2.246094,0,0.904522,23.494617,16
e37f92e48740943c,32,0.895161,0,0,3544,2,24,31,27.75,2.0625,0,0.89291,23.550577,16
9eee8cce68681d79,32,0.907258,0,0,3700,2,25,31,28.125,2.359375,0,0.906931,24.456561,16
3120525c5967ff0c,32,0.866935,0,0,3224,2,23,30,26.875,2.984375,0,0.866176,21.771909,16
6ccebeae5e550e89,32,0.893145,0,0,3550,2,22,31,27.6875,3.902344,0,0.897438,21.451397,16
0c33ee207f3f55d1,32,0.905242,0,0,3674,2,24,31,28.0625,2.308594,0,0.904638,23.391413,16
bb5fb74d9ea0e53b,32,0.895161,0,0,3568,2,23,31,27.75,3.5625,0,0.897145,22.479057,16
115a8cb05cc12c14,32,0.885081,0,0,3458,2,24,31,27.4375,4.558594,0,0.889459,22.406455,16
57cd5ca366724c53,32,0.90121,0,0,3627,2,22,30,27.9375,2.433594,0,0.901172,21.725799,16
d4152978ab52e961,32,0.889113,0,0,3476,2,24,30,27.5625,2.371094,0,0.887608,23.24253,16
a0954d6161f87abf,32,0.907258,0,0,3693,2,25,31,28.125,1.921875,0,0.905231,24.320674,16
3e3b3fcfcf8048b4,32,0.889113,0,0,3490,2,23,30,27.5625,3.246094,0,0.890523,21.955302,16
bcaefb48d4073a2b,32,0.881048,0,0,3384,2,23,30,27.3125,2.464844,0,0.880466,22.11332,16
db2f37ca2fe7f1e8,32,0.893145,0,0,3535,2,23,30,27.6875,2.839844,0,0.893995,22.417954,16
25a814f2b35b2b39,32,0.907258,0,0,3691,2,26,30,28.125,1.859375,0,0.905146,24.754438,16
5fa480940e5f1354,32,0.905242,0,0,3677,2,24,31,28.0625,2.621094,0,0.905216,23.413398,16
2f04f97104dbf4a6,32,0.909274,0,0,3708,2,26,31,28.1875,1.277344,0,0.905879,25.177932,16
b8c206292401cb8e,32,0.91129,0,0,3784,2,23,31,28.25,4.5,0,0.917384,22.227096,16
ba7a952da509ea9c,32,0.905242,0,0,3689,2,24,31,28.0625,3.246094,0,0.907484,22.933862,16
f66d721b56aceef6,32,0.893145,0,0,3542,2,23,30,27.6875,3.402344,0,0.895049,22.429055,16
7fca3aa8b6154d02,32,0.949597,0,0,4252,2,26,31,29.4375,1.808594,0,0.950725,25.112971,16
0d09a264cd501c6e,32,0.959677,0,0,4387,2,26,31,29.75,1.4375,0,0.960379,25.718429,16
9276def0c5ef0b21,32,0.943548,0,0,4168,2,26,31,29.25,1.6875,0,0.94422,25.28049,16
b6fc755a6423b0dd,32,0.947581,0,0,4212,2,28,31,29.375,1.046875,0,0.946412,26.925929,16
1ecd336297fd502b,32,0.955645,0,0,4324,2,27,31,29.625,0.984375,0,0.954986,26.901746,16
5c309a499248369c,32,0.957661,0,0,4358,2,27,31,29.6875,1.339844,0,0.958192,26.262798,16
4b7066eb0c8011c3,32,0.953629,0,0,4298,2,28,31,29.5625,1.183594,0,0.953176,27.170309,16
818aa1e49d950189,32,0.961694,0,0,4405,2,28,31,29.8125,0.714844,0,0.960817,27.561717,16
355ace823a0a62b6,32,0.943548,0,0,4159,2,26,31,29.25,1.3125,0,0.942438,25.869612,16
ef714b6271d77d9f,32,0.96371,0,0,4442,2,27,31,29.875,1.234375,0,0.964379,26.438813,16
5d3f38aace65f2a6,32,0.961694,0,0,4402,2,28,31,29.8125,0.527344,0,0.960341,27.697224,16
294ca19533901cef,32,0.941532,0,0,4139,2,26,31,29.1875,1.839844,0,0.941577,25.578252,16
2a79a6a45110c28d,32,0.945565,0,0,4202,2,24,31,29.3125,2.152344,0,0.947212,23.68161,16
6b962999ae262aae,32,0.935484,0,0,4062,2,26,31,29.0,2.0625,0,0.935785,25.39524,16
b6628752e40275dd,32,0.96371,0,0,4437,2,27,31,29.875,0.921875,0,0.963457,26.818057,16
abcf5bd85c374adf,32,0.947581,0,0,4221,2,26,31,29.375,1.546875,0,0.947956,25.62159,16
94b0a3af9d96ee8b,32,0.955645,0,0,4322,2,28,31,29.625,0.859375,0,0.954752,27.208712,16
ffae852b74255b42,32,0.941532,0,0,4126,2,26,30,29.1875,0.839844,0,0.939363,25.841018,16
e0b99fb408bbbf76,32,0.939516,0,0,4106,2,27,31,29.125,1.296875,0,0.938522,26.133484,16
f31f9d6ee533db65,32,0.965726,0,0,4466,2,28,31,29.9375,0.933594,0,0.965681,27.561717,16
3c6f932da5f28ba1,32,0.961694,0,0,4409,2,27,31,29.8125,1.027344,0,0.961461,26.63867,16
3954d4682148ecb5,32,0.957661,0,0,4354,2,28,31,29.6875,1.152344,0,0.95741,27.309999,16
c366988833a9864a,32,0.941532,0,0,4136,2,26,31,29.1875,1.464844,0,0.941133,25.524355,16
8ec9371cb7539bf1,32,0.943548,0,0,4159,2,27,31,29.25,1.1875,0,0.942526,26.151089,16
3b6ecc71ffc7bad2,32,0.955645,0,0,4324,2,27,31,29.625,0.984375,0,0.954975,26.91387,16
cfb85b59d4fd672b,32,0.953629,0,0,4295,2,27,31,29.5625,0.933594,0,0.952796,26.252351,16
b34a8279f2fc8b85,32,0.945565,0,0,4195,2,26,31,29.3125,1.714844,0,0.946168,25.310032,16
7993a7dc13abdce6,32,0.943548,0,0,4155,2,27,31,29.25,0.875,0,0.941888,26.489111,16
af4f99761b406826,32,0.953629,0,0,4310,2,26,31,29.5625,1.871094,0,0.955473,25.175256,16
a590adfd3587a313,32,0.9375,0,0,4084,2,27,31,29.0625,1.621094,0,0.937315,25.791798,16
3f15c7a36ebc4e26,32,0.947581,0,0,4208,2,27,31,29.375,0.796875,0,0.945765,26.583673,16
82f843753050b602,32,0.941532,0,0,4134,2,26,31,29.1875,1.339844,0,0.94068,25.625801,16
25133de3cd1d71b9,32,0.965726,0,0,4469,2,28,31,29.9375,1.121094,0,0.966206,27.036957,16
da9af03f42c670c2,32,0.951613,0,0,4277,2,26,31,29.5,1.5625,0,0.952367,25.434546,16
d75c0f92f4637058,32,0.955645,0,0,4331,2,27,31,29.625,1.421875,0,0.956251,26.355266,16
79f33d5d15700ab9,32,0.961694,0,0,4414,2,27,31,29.8125,1.339844,0,0.962227,26.51497,16
154f805203f75d6a,32,0.935484,0,0,4049,2,27,31,29.0,1.0625,0,0.933835,26.083542,16
2b4f8d3a620a9d9a,32,0.959677,0,0,4381,2,27,31,29.75,1.0625,0,0.959382,26.578891,16
a1c596fcec27104f,32,0.953629,0,0,4293,2,28,31,29.5625,0.808594,0,0.952416,27.354276,16
4d6ed8a6648236ac,32,0.943548,0,0,4170,2,26,31,29.25,2.0,0,0.944294,25.362264,16
d3c330e7ae1f83cc,32,0.953629,0,0,4305,2,27,31,29.5625,1.558594,0,0.954483,26.291183,16
09d397195aa9383d,32,0.957661,0,0,4353,2,27,31,29.6875,1.027344,0,0.957382,26.504546,16
324c393a0366b1c4,32,0.953629,0,0,4307,2,25,31,29.5625,1.683594,0,0.954758,24.763692,16
8752fc49b369e61b,32,0.96371,0,0,4442,2,27,31,29.875,1.234375,0,0.964327,26.529363,16
403e9c459fc4bf62,32,0.953629,0,0,4300,2,27,31,29.5625,1.246094,0,0.953646,26.516193,16
15ba26bdc6f3a5dd,32,0.949597,0,0,4235,2,28,31,29.4375,0.683594,0,0.947825,27.343881,16
03cbcf2221ba70b7,32,0.951613,0,0,4279,2,25,31,29.5,1.75,0,0.952608,24.651091,16
9140b342c0b01f3b,32,0.957661,0,0,4369,2,24,31,29.6875,2.027344,0,0.960005,23.820555,16
0b39c7702782ab1a,32,0.947581,0,0,4215,2,27,31,29.375,1.296875,0,0.946776,26.429884,16
6f97d53452980bd1,32,0.949597,0,0,4243,2,27,31,29.4375,1.246094,0,0.949187,26.283871,16
694a0feed4619c89,32,0.961694,0,0,4415,2,27,31,29.8125,1.339844,0,0.962405,26.783668,16
a9bf925e0fdc5e04,32,0.949597,0,0,4248,2,27,31,29.4375,1.496094,0,0.949911,26.208636,16
58096ed4c598a41f,32,0.947581,0,0,4221,2,26,31,29.375,1.546875,0,0.948012,25.454815,16
dd0021987ec4368e,32,0.955645,0,0,4333,2,27,31,29.625,1.546875,0,0.956634,25.95926,16
d7d1410f5be7aa6c,32,0.939516,0,0,4112,2,26,31,29.125,1.734375,0,0.939344,25.670227,16
2fee4252080c8fb0,32,0.955645,0,0,4329,2,27,31,29.625,1.296875,0,0.955826,26.471958,16
417dc000e8c43c1b,32,0.96371,0,0,4437,2,27,31,29.875,0.921875,0,0.963469,26.91387,16
55506a2a83547088,32,0.967742,0,0,4490,2,28,31,30.0,0.625,0,0.96703,27.829914,16
d76b4562e84c4a0d,32,0.939516,0,0,4116,2,26,31,29.125,1.921875,0,0.940313,24.803308,16
e52dc585b1a96fe8,32,0.945565,0,0,4188,2,27,31,29.3125,1.277344,0,0.944881,25.966042,16
19aeeda803653033,32,0.935484,0,0,4059,2,26,31,29.0,1.75,0,0.935344,25.571646,16
d115b00ce9cae555,32,0.919355,0,0,3846,2,26,31,28.5,1.9375,0,0.918221,24.724218,16
7d4b190c244821a6,32,0.943548,0,0,4165,2,25,31,29.25,1.5625,0,0.943516,24.68741,16
be24e42bd8e666bf,32,0.953629,0,0,4302,2,26,31,29.5625,1.371094,0,0.953901,25.777641,16
19c7973cfa8f8b30,32,0.959677,0,0,4386,2,27,31,29.75,1.3125,0,0.960287,26.071804,16
6b332cccfa895a04,32,0.941532,0,0,4134,2,27,31,29.1875,1.277344,0,0.940867,26.241154,16
68def7406897c53f,32,0.953629,0,0,4297,2,27,31,29.5625,1.058594,0,0.953056,26.590481,16
9c7c1ff8cd39cf3e,32,0.961694,0,0,4410,2,28,31,29.8125,1.027344,0,0.961648,27.096612,16
26e0233145724f86,32,0.965726,0,0,4469,2,27,31,29.9375,1.121094,0,0.966178,26.6492,16
a9f80d609a444245,32,0.947581,0,0,4220,2,25,31,29.375,1.484375,0,0.947867,24.736588,16
89b287a1a1f085d8,32,0.9375,0,0,4082,2,26,31,29.0625,1.558594,0,0.936736,25.516005,16
c03e7cee1c52d57f,32,0.939516,0,0,4112,2,25,31,29.125,1.734375,0,0.939729,24.430279,16
7a2bc1d7c9ba40d3,32,0.949597,0,0,4240,2,27,31,29.4375,1.121094,0,0.948524,26.573885,16
1ac1f6a12fa7de23,32,0.957661,0,0,4352,2,27,31,29.6875,0.964844,0,0.957097,26.797495,16
60046ca4262dafcf,32,0.951613,0,0,4274,2,27,31,29.5,1.375,0,0.951846,26.219529,16
767994b1e09c006f,32,0.941532,0,0,4146,2,25,31,29.1875,2.152344,0,0.942809,24.748237,16
7323a1e14b89763f,32,0.951613,0,0,4269,2,28,31,29.5,1.0625,0,0.950986,26.889187,16
785bbe7d2f3295ed,32,0.959677,0,0,4383,2,27,31,29.75,1.125,0,0.959737,26.702769,16
682d6e6b122cf03f,32,0.965726,0,0,4469,2,27,31,29.9375,1.121094,0,0.966131,26.903493,16
c802508985040080,32,0.961694,0,0,4415,2,26,31,29.8125,1.339844,0,0.962414,25.807146,16
5f90dec6dabb9d29,32,0.941532,0,0,4132,2,26,31,29.1875,1.214844,0,0.940382,25.748873,16
63c0850185152efb,32,0.939516,0,0,4111,2,26,31,29.125,1.609375,0,0.93937,25.414576,16
1ebd469785a839d7,32,0.943548,0,0,4160,2,27,31,29.25,1.1875,0,0.942654,26.484025,16
1f56118b2fb72157,32,0.96371,0,0,4440,2,27,31,29.875,1.109375,0,0.964024,26.550109,16
f13176e47d4b4678,32,0.951613,0,0,4273,2,27,31,29.5,1.3125,0,0.951562,26.528585,16
1ab8e480cdbf9762,32,0.961694,0,0,4413,2,27,31,29.8125,1.214844,0,0.962088,26.606576,16
80c7d32c3b36da79,32,0.9375,0,0,4095,2,25,31,29.0625,2.371094,0,0.939205,24.312334,16
87a7c3a35255622b,32,0.941532,0,0,4138,2,26,31,29.1875,1.527344,0,0.941555,25.51573,16
061765822e901e8a,32,0.957661,0,0,4351,2,27,31,29.6875,0.964844,0,0.956937,26.609951,16
e22f9db1f6de4c68,32,0.957661,0,0,4352,2,27,31,29.6875,0.964844,0,0.957173,26.763932,16
a5655f362538bb98,32,0.955645,0,0,4335,2,26,31,29.625,1.671875,0,0.956844,25.831558,16
554441ad6a639ba8,32,0.947581,0,0,4213,2,27,31,29.375,1.046875,0,0.946692,26.475017,16
249c90b5459fb26c,32,0.953629,0,0,4302,2,27,31,29.5625,1.433594,0,0.953793,26.471082,16
882dfee5d0ceb343,32,0.951613,0,0,4271,2,27,31,29.5,1.25,0,0.951183,26.279547,16
faa5f61caac63fb5,32,0.9375,0,0,4081,2,27,31,29.0625,1.496094,0,0.93683,25.591799,16
70767ed94a85481e,32,0.955645,0,0,4327,2,27,31,29.625,1.234375,0,0.955454,26.578711,16
56e6bd88832a7b6b,32,0.951613,0,0,4271,2,27,31,29.5,1.25,0,0.951271,26.531032,16
ba7e454ecaebfbf1,32,0.953629,0,0,4302,2,26,31,29.5625,1.371094,0,0.95386,25.847417,16
5027e5db520e10a5,32,0.967742,0,0,4497,2,27,31,30.0,1.0625,0,0.968221,26.499832,16
ae4f57866cfbdedf,32,0.927419,0,0,3943,2,26,31,28.75,1.25,0,0.925226,25.475316,16
de67d9c57d06e79e,64,0.053075,0,0,3,8,1,8,3.34375,3.038086,0,0.013132,0.221039,32
1ca29c20139626ae,64,0.051091,0,0,3,8,1,7,3.21875,2.389648,0,0.01689,0.238991,31
f33c2c860c89a42e,64,0.049107,0,0,1,7,1,7,3.09375,1.897461,0,0.005729,0.224269,31
f8d01bc140b97aaa,64,0.05506,0,0,3,7,1,9,3.46875,2.686523,0,0.029601,0.318369,31
fa60de25b9c52e74,64,0.057044,0,0,6,8,1,8,3.59375,2.803711,0,0.036719,0.171854,32
2ca4a0eac1a566e6,64,0.049603,0,0,6,8,1,7,3.125,2.171875,0,0.038244,0.195183,31
c1cd3d76b8e867ae,64,0.062004,0,0,9,7,1,8,3.90625,3.834961,0,0.065476,0.22928,31
858a37e2624c82de,64,0.053075,0,0,7,8,1,10,3.34375,3.194336,0,0.048189,0.263438,31
9b00f1bf50920d60,64,0.057044,0,0,10,7,1,8,3.59375,3.334961,0,0.070499,0.359373,31
a323a302b746b2a9,64,0.053075,0,0,9,8,1,7,3.34375,2.600586,0,0.07314,0.227192,31
02518b9afe706d32,64,0.045635,0,0,3,10,1,6,2.875,1.859375,0,0.016667,0.140662,31
fc08b7c3374acbb9,64,0.058532,0,0,10,7,1,9,3.6875,2.933594,0,0.060392,0.299953,32
7393164ea5d86125,64,0.054563,0,0,9,7,1,8,3.4375,2.746094,0,0.099107,0.286868,32
737daad40da0e51d,64,0.052579,0,0,4,8,1,7,3.3125,2.871094,0,0.024107,0.28007,30
5b56e67deae70070,64,0.056052,0,0,5,7,1,10,3.53125,3.999023,0,0.037339,0.300646,31
7c9bb15109e14474,64,0.053571,0,0,3,7,1,8,3.375,2.390625,0,0.021391,0.380813,32
ac5d89ddd0a649a7,64,0.048611,0,0,3,8,1,7,3.0625,2.027344,0,0.03564,0.170906,31
942a2d4171b1b07f,64,0.053075,0,0,3,9,1,7,3.34375,2.413086,0,0.032292,0.144116,32
a7bc40ef4d0258dc,64,0.047619,0,0,5,9,1,7,3.0,2.625,0,0.025074,0.186628,31
428ebd5d530dd389,64,0.052579,0,0,6,8,1,7,3.3125,2.933594,0,0.063393,0.271785,31
1da7395734f77d91,64,0.056052,0,0,7,8,1,8,3.53125,3.186523,0,0.036682,0.268154,32
f885ace75fbdf28b,64,0.052579,0,0,0,7,1,10,3.3125,2.839844,0,0.0,0.282337,31
01d8704d2736570d,64,0.056052,0,0,4,8,1,9,3.53125,2.530273,0,0.023438,0.236835,31
7558b5a10032d66c,64,0.050595,0,0,5,8,1,7,3.1875,2.121094,0,0.028125,0.217023,32
1abab8537c9e3de0,64,0.049603,0,0,1,8,1,7,3.125,2.015625,0,0.006771,0.157331,32
f2fe7dd4b8014f4a,64,0.050595,0,0,2,7,1,8,3.1875,2.308594,0,0.012463,0.252175,31
de4376c7aec0f909,64,0.053571,0,0,2,7,1,7,3.375,1.984375,0,0.01689,0.245894,32
f0e854160bfadac1,64,0.050595,0,0,6,8,1,8,3.1875,2.402344,0,0.041257,0.13108,31
e92b08457280fdef,64,0.044643,0,0,4,9,1,7,2.8125,1.902344,0,0.071577,0.156857,31
f41cff7f3985372b,64,0.051587,0,0,4,9,1,8,3.25,2.96875,0,0.028683,0.23649,31
82c563aea6ef4a94,64,0.049107,0,0,1,7,1,8,3.09375,2.491211,0,0.005208,0.259561,32
c365d2bcd63a673d,64,0.048611,0,0,4,9,1,10,3.0625,2.902344,0,0.038591,0.19451,30
1ab0cc61f5454cf0,64,0.06002,0,0,7,8,1,9,3.78125,3.483398,0,0.045871,0.277274,32
adeb6e3611a4edc7,64,0.056052,0,0,5,7,1,8,3.53125,2.499023,0,0.026562,0.462901,32
2ca48d52f203828b,64,0.054067,0,0,6,9,1,7,3.40625,2.397461,0,0.035789,0.144437,32
5974955fa15cf583,64,0.058036,0,0,5,8,1,8,3.65625,2.881836,0,0.025298,0.235123,31
a5f8dad80d185280,64,0.051587,0,0,0,8,1,7,3.25,2.125,0,0.0,0.255827,31
f2619e201d12d1d4,64,0.056548,0,0,7,7,1,8,3.5625,1.902344,0,0.036012,0.361476,32
be3c0579187dd91a,64,0.054563,0,0,10,7,1,9,3.4375,2.871094,0,0.079427,0.275059,31
cfe5f0a88ac1ca9b,64,0.054067,0,0,13,8,1,8,3.40625,2.741211,0,0.100112,0.260766,31
98a9ec95cec30f47,64,0.050595,0,0,5,8,1,7,3.1875,2.277344,0,0.040104,0.211387,32
d1d2bab1d35d8888,64,0.050595,0,0,10,8,1,8,3.1875,2.339844,0,0.155506,0.205172,31
bf9227788e89c43c,64,0.054563,0,0,5,8,1,8,3.4375,2.433594,0,0.024442,0.193828,31
f039f96e3ddc45db,64,0.051091,0,0,2,8,1,9,3.21875,2.639648,0,0.01033,0.209567,31
7de94ffc8bb8ea55,64,0.059028,0,0,6,6,1,8,3.71875,3.077148,0,0.036161,0.435917,31
f84707991daf1c7e,64,0.050099,0,0,1,8,1,7,3.15625,1.944336,0,0.007812,0.245922,31
9a3dc6cccb2c6f9f,64,0.049107,0,0,3,8,1,7,3.09375,2.616211,0,0.024182,0.233767,29
fc8b021a623fff38,64,0.041667,0,0,1,10,1,6,2.625,1.671875,0,0.019271,0.113488,30
24071c4038ef0e2b,64,0.062996,0,0,11,6,1,11,3.96875,3.780273,0,0.062446,0.528777,32
f8b9c8a3e2b415a7,64,0.052083,0,0,3,7,1,6,3.28125,2.452148,0,0.014583,0.218993,31
b7e89f344b6a2e72,64,0.050099,0,0,2,8,1,6,3.15625,1.631836,0,0.015625,0.213954,32
2b09738e3f9abc5d,64,0.054067,0,0,5,9,1,8,3.40625,2.397461,0,0.029241,0.248849,32
533024ed343b5064,64,0.061012,0,0,10,6,1,9,3.84375,3.225586,0,0.040737,0.48817,31
721448895dae143c,64,0.05506,0,0,7,10,1,7,3.46875,2.155273,0,0.060342,0.156599,31
097f09209969a636,64,0.053075,0,0,12,9,1,9,3.34375,3.131836,0,0.105667,0.163862,32
1a83005b016fc955,64,0.052579,0,0,3,8,1,7,3.3125,2.402344,0,0.028571,0.238343,32
8b79f103ff0b79a3,64,0.051091,0,0,3,8,1,9,3.21875,4.014648,0,0.045784,0.216961,28
875d5fdec0202e73,64,0.049603,0,0,3,8,1,7,3.125,2.078125,0,0.040625,0.237004,31
29f3eadec3032392,64,0.049107,0,0,3,8,1,8,3.09375,2.897461,0,0.020871,0.188885,29
e9049bc84257d663,64,0.05506,0,0,6,8,1,10,3.46875,3.311523,0,0.040303,0.299669,32
6216a2cfc86232a8,64,0.053571,0,0,7,7,1,8,3.375,2.453125,0,0.041741,0.230607,31
04f9625460a51a51,64,0.052579,0,0,3,8,1,8,3.3125,2.746094,0,0.035937,0.146659,31
65173a9d90916d56,64,0.048611,0,0,10,9,1,7,3.0625,2.183594,0,0.105878,0.203155,30
b4702e192df178f8,64,0.053571,0,0,5,8,1,10,3.375,3.984375,0,0.044544,0.236903,31
80eda8aec1d6fdd5,64,0.053075,0,0,8,8,1,8,3.34375,2.538086,0,0.068378,0.164159,31
02dffe695e409995,64,0.062004,0,0,14,8,1,9,3.90625,4.116211,0,0.068428,0.298281,31
3faa48246521de23,64,0.054067,0,0,3,7,1,8,3.40625,2.772461,0,0.043192,0.33625,32
d92d384bb3b4dc8f,64,0.05754,0,0,7,7,1,8,3.625,2.421875,0,0.061496,0.301714,31
d2b51da37d75a832,64,0.050099,0,0,6,8,1,9,3.15625,3.069336,0,0.030134,0.130575,29
2a1a4d42e291e30e,64,0.048611,0,0,4,11,1,8,3.0625,3.027344,0,0.048177,0.124132,29
40f2f5642fa341d3,64,0.056548,0,0,9,8,1,8,3.5625,3.246094,0,0.040476,0.237072,31
3746b23fad7ad480,64,0.053571,0,0,2,8,1,7,3.375,2.234375,0,0.024702,0.291312,32
409e6b1a9e2cb480,64,0.052083,0,0,6,8,1,8,3.28125,2.670898,0,0.094308,0.255319,32
dcc8f4e4f4c0e6b6,64,0.056548,0,0,4,7,1,7,3.5625,2.683594,0,0.040327,0.398374,32
a9a3649298940e7b,64,0.049603,0,0,7,10,1,8,3.125,2.734375,0,0.066443,0.14778,30
3c57a85fe0eb04cb,64,0.054563,0,0,9,9,1,6,3.4375,2.089844,0,0.076042,0.157844,31
cbde49a83ed33fb9,64,0.05506,0,0,9,7,1,7,3.46875,2.686523,0,0.047545,0.352851,32
36d57fe4d8a88d85,64,0.049107,0,0,3,8,1,7,3.09375,1.991211,0,0.02314,0.266512,31
82a399eca186791b,64,0.05506,0,0,5,8,1,8,3.46875,2.749023,0,0.041704,0.202672,31
0fe048dfc9c80dea,64,0.047619,0,0,2,10,1,6,3.0,1.71875,0,0.016667,0.159158,31
0edc382d6c4bb2cf,64,0.060516,0,0,12,7,1,9,3.8125,3.402344,0,0.072222,0.210218,30
bc1980761e9b27a6,64,0.053571,0,0,4,8,1,7,3.375,2.453125,0,0.028348,0.242536,31
9c1413735b8357fb,64,0.05506,0,0,1,7,1,7,3.46875,2.436523,0,0.006771,0.309218,32
dd543fec227b123f,64,0.051091,0,0,3,7,1,9,3.21875,2.983398,0,0.012599,0.228972,30
182965b1a9dab729,64,0.056548,0,0,8,8,1,8,3.5625,2.714844,0,0.034896,0.228891,32
5d17dd8155b8a918,64,0.05506,0,0,6,8,1,7,3.46875,2.811523,0,0.032738,0.23835,31
dce5402a6b550902,64,0.059028,0,0,7,8,1,9,3.71875,3.108398,0,0.038467,0.259113,31
d3a4d7ac80cf4e3e,64,0.053571,0,0,8,7,1,9,3.375,3.921875,0,0.073723,0.283559,31
58380b89ad3796c7,64,0.05754,0,0,5,7,1,10,3.625,2.609375,0,0.037128,0.373367,32
de6507158c3e32ea,64,0.056052,0,0,3,8,1,8,3.53125,2.811523,0,0.021949,0.331024,31
5496f371ab7c4b22,64,0.048115,0,0,4,8,1,8,3.03125,2.749023,0,0.056696,0.218917,31
92971be4c078bf37,64,0.051091,0,0,5,8,1,8,3.21875,3.327148,0,0.045461,0.294879,30
7cea6f34232f859b,64,0.054067,0,0,8,8,1,8,3.40625,2.178711,0,0.06436,0.247805,32
fe9e237220534330,64,0.061012,0,0,15,7,1,9,3.84375,3.350586,0,0.086533,0.250679,32
a8dde3f67a2b2d48,64,0.056548,0,0,3,8,1,9,3.5625,3.527344,0,0.025595,0.229675,31
c9612e9ff76ebe7f,64,0.05506,0,0,9,8,1,8,3.46875,3.467773,0,0.038914,0.180744,32
b0988a0bfe84a998,64,0.057044,0,0,5,7,1,8,3.59375,2.522461,0,0.021503,0.28186,31
a0664a6356c967b5,64,0.048115,0,0,7,8,1,10,3.03125,2.905273,0,0.073661,0.202362,31
047c88382e28e483,64,0.052579,0,0,7,10,1,9,3.3125,2.902344,0,0.037674,0.104563,31
22827dfbd664b666,64,0.050595,0,0,4,9,1,9,3.1875,2.652344,0,0.039807,0.185428,31
ce6816c23def96f3,64,0.100694,0,0,56,4,2,12,6.34375,5.413086,0,0.134372,1.505155,32
7bed86a958f51199,64,0.097222,0,0,30,5,2,12,6.125,4.984375,0,0.079361,1.183148,32
a02ef3bc493d9338,64,0.109127,0,0,52,4,2,12,6.875,5.921875,0,0.102139,1.394241,32
eb3749da3e880928,64,0.109127,0,0,57,4,2,12,6.875,6.484375,0,0.108766,1.010326,32
843aa7aa9c14b926,64,0.09127,0,0,33,5,1,12,5.75,6.25,0,0.068177,0.600692,32
628d2e2284db39b5,64,0.097718,0,0,39,5,1,12,6.15625,5.756836,0,0.086588,0.770437,32
62dab6edfd529f3d,64,0.095238,0,0,32,5,1,11,6.0,5.3125,0,0.073711,0.758694,32
a7026f49f7247c50,64,0.104167,0,0,34,4,3,15,6.5625,4.652344,0,0.080333,1.809451,32
aa760dd50f2e1d7f,64,0.095734,0,0,34,4,2,12,6.03125,4.124023,0,0.085307,1.224772,32
e428d52164b42eaa,64,0.110615,0,0,51,4,2,13,6.96875,5.686523,0,0.097862,1.47443,32
f6096f0a2bf64e24,64,0.103175,0,0,41,4,2,10,6.5,4.59375,0,0.092001,1.461293,32
5f2d845785bfaa1c,64,0.091766,0,0,40,5,1,12,5.78125,5.202148,0,0.130175,0.81535,32
76fb9359ac8688e0,64,0.105655,0,0,54,5,2,15,6.65625,5.850586,0,0.110625,1.281074,32
6d0c78c114aeab4b,64,0.100198,0,0,34,4,3,12,6.3125,4.714844,0,0.077098,1.416218,32
3c3647662a334602,64,0.106647,0,0,45,4,3,15,6.71875,6.327148,0,0.104297,2.039475,32
4f456401a507dba8,64,0.108135,0,0,46,4,2,14,6.8125,6.777344,0,0.092469,1.599497,32
83ef3a290a5eee20,64,0.102679,0,0,45,4,2,14,6.46875,5.405273,0,0.11135,1.490094,32
f505749393392da7,64,0.087798,0,0,33,5,2,12,5.53125,5.186523,0,0.098543,1.159478,32
e7c5ecad6d2a55f2,64,0.107143,0,0,39,4,2,11,6.75,4.625,0,0.072052,1.684422,32
a029f90467c0f25f,64,0.10119,0,0,42,4,2,11,6.375,4.703125,0,0.117167,1.324599,32
f417aab497e9720d,64,0.115575,0,0,71,4,2,13,7.28125,5.358398,0,0.127368,1.710979,32
12ed0635c501202a,64,0.104663,0,0,38,4,1,11,6.59375,4.803711,0,0.090171,0.873062,32
4f47c38478144d45,64,0.09375,0,0,35,5,2,14,5.90625,5.522461,0,0.078912,1.099663,32
aafe0b0ce00e7096,64,0.107639,0,0,53,4,3,13,6.78125,5.858398,0,0.117936,1.88239,32
512fc83024f18254,64,0.098214,0,0,40,5,1,14,6.1875,6.246094,0,0.10577,0.718544,32
ce4f7a3b0010418b,64,0.09871,0,0,50,4,2,13,6.21875,6.108398,0,0.135195,1.259725,32
52befecdc1d713b1,64,0.099206,0,0,40,4,2,11,6.25,5.625,0,0.107253,1.403465,32
b2af80199067f14d,64,0.113095,0,0,73,4,2,16,7.125,8.421875,0,0.138496,1.456707,32
87a7206ea4b494ba,64,0.085813,0,0,27,6,1,11,5.40625,4.397461,0,0.091876,0.506861,32
d289e050c3608e0f,64,0.094246,0,0,29,5,2,11,5.9375,5.183594,0,0.079913,1.379363,32
7fdc2185b259bd73,64,0.09375,0,0,51,5,2,14,5.90625,5.553711,0,0.149352,1.218828,32
a99ac1efb603b31c,64,0.104167,0,0,40,5,2,12,6.5625,5.714844,0,0.091791,1.344249,32
130639707ea2ed52,64,0.098214,0,0,44,4,2,13,6.1875,6.777344,0,0.092309,1.307127,32
8e3f443d4026cff3,64,0.100694,0,0,32,4,2,11,6.34375,4.444336,0,0.071172,1.437673,32
bfa72687020acca4,64,0.093254,0,0,42,5,2,13,5.875,6.546875,0,0.116732,1.130772,32
01ead7dc4cf3eb1d,64,0.097222,0,0,34,4,2,12,6.125,4.046875,0,0.088653,1.512812,32
c93d4005f2e9a08b,64,0.103671,0,0,62,5,1,13,6.53125,7.092773,0,0.14859,0.640417,32
c81fee0284c8f253,64,0.100198,0,0,40,5,1,13,6.3125,6.058594,0,0.088002,0.808275,32
4eaafde54a5e65c3,64,0.092262,0,0,37,5,1,12,5.8125,6.308594,0,0.115396,0.72334,32
db284f78b18a779d,64,0.097222,0,0,39,5,1,12,6.125,4.609375,0,0.08606,0.771769,32
5f02309270c7b700,64,0.104167,0,0,53,5,1,14,6.5625,6.246094,0,0.113309,0.851945,32
b20411b5534b27a1,64,0.097718,0,0,44,4,3,13,6.15625,3.881836,0,0.119722,1.48594,32
51bae552662dd4ac,64,0.109127,0,0,53,4,2,13,6.875,6.859375,0,0.107417,1.426893,32
7b2e911c474db1bf,64,0.097222,0,0,41,4,1,11,6.125,4.828125,0,0.106106,0.872428,32
910328ac7abb1505,64,0.105159,0,0,36,4,1,13,6.625,5.015625,0,0.085866,0.852707,32
0b9e528297e49689,64,0.097718,0,0,45,4,2,15,6.15625,7.194336,0,0.125592,1.366038,32
3f679f80811560eb,64,0.103175,0,0,47,4,2,13,6.5,5.84375,0,0.110371,1.377321,32
771f0c49c8d7f98e,64,0.10119,0,0,48,4,2,11,6.375,6.265625,0,0.095925,1.272135,32
9eb57aab78f4064b,64,0.097222,0,0,37,4,2,10,6.125,4.296875,0,0.104663,1.224591,32
6a7c16492cf75a2b,64,0.108631,0,0,50,5,2,13,6.84375,5.163086,0,0.113675,1.207743,32
9b156cc55a8cb13d,64,0.100694,0,0,39,4,2,11,6.34375,4.538086,0,0.106977,1.551582,32
6bebe9b7494dbf81,64,0.112599,0,0,61,4,2,16,7.09375,6.178711,0,0.127256,1.703747,32
3dc81075b0d2cedc,64,0.098214,0,0,46,5,1,12,6.1875,6.183594,0,0.123318,0.859281,32
aa03fa8df8c55d68,64,0.094246,0,0,24,4,2,11,5.9375,4.214844,0,0.066051,1.370614,32
13ebd5e85967be0b,64,0.08879,0,0,31,5,1,12,5.59375,5.647461,0,0.075351,0.835974,32
2c7408903b4ac432,64,0.088294,0,0,18,5,1,12,5.5625,4.402344,0,0.080153,0.82029,32
68f225d8c6b3b53b,64,0.096726,0,0,48,5,2,14,6.09375,6.303711,0,0.115745,1.188119,32
a88b67a6b782ce47,64,0.104167,0,0,40,5,1,12,6.5625,6.027344,0,0.095246,0.806603,32
ffcbef8b5ae4ef9c,64,0.106151,0,0,49,4,2,15,6.6875,4.558594,0,0.102108,1.489436,32
a2c2f64609397a4d,64,0.099702,0,0,38,4,1,13,6.28125,4.920898,0,0.099742,0.825353,32
0dc54b22ed8cf0c0,64,0.101687,0,0,33,4,1,12,6.40625,5.241211,0,0.07255,0.86698,32
c975d47f24a46f4b,64,0.099206,0,0,38,5,1,12,6.25,4.6875,0,0.085543,0.840974,32
9a9d08bdd8f2a966,64,0.102183,0,0,40,4,2,11,6.4375,4.933594,0,0.094726,1.489403,32
4ce38c608bdc6244,64,0.085813,0,0,22,5,2,13,5.40625,4.866211,0,0.066423,1.147483,32
ec7d1228d53e6c3b,64,0.106647,0,0,45,4,3,12,6.71875,4.608398,0,0.097964,1.875855,32
f3bc12b220c93021,64,0.094742,0,0,37,4,2,12,5.96875,5.811523,0,0.102618,1.331787,32
bb270dfa50e59adf,64,0.099206,0,0,49,4,2,11,6.25,4.71875,0,0.130267,1.424995,32
045486d72312234e,64,0.097718,0,0,50,5,2,13,6.15625,6.600586,0,0.100104,1.157939,32
6061c451d60b33b5,64,0.111607,0,0,64,4,2,15,7.03125,8.405273,0,0.130829,1.610456,32
08e53093d48c0a4c,64,0.103671,0,0,52,5,2,12,6.53125,5.530273,0,0.112685,1.202042,32
1a86171062e92ab6,64,0.112103,0,0,52,4,1,14,7.0625,7.183594,0,0.080993,0.749653,32
294f58fbed1e1070,64,0.09127,0,0,31,5,2,10,5.75,4.125,0,0.10408,1.183803,32
596b7213f6ac4b0c,64,0.10119,0,0,35,4,1,11,6.375,4.296875,0,0.089252,0.845327,32
55ff2cb80805b3b0,64,0.099702,0,0,40,5,2,13,6.28125,5.327148,0,0.11005,1.420942,32
07b863dd35ec726c,64,0.103671,0,0,46,4,3,11,6.53125,3.749023,0,0.105305,1.967227,32
0a2e4c311ae4cc99,64,0.095734,0,0,42,5,1,12,6.03125,5.561523,0,0.09766,0.711647,32
a49cca33bd810a00,64,0.090278,0,0,31,5,1,12,5.6875,5.839844,0,0.101818,0.802239,32
e244220810041bb9,64,0.101687,0,0,53,4,2,12,6.40625,4.741211,0,0.138844,1.386795,32
f8248eae4450fd55,64,0.095734,0,0,34,5,2,11,6.03125,4.374023,0,0.097832,1.327683,32
d7752172c6277e59,64,0.095238,0,0,38,5,1,11,6.0,4.875,0,0.118086,0.824625,32
c9edd97164ce9728,64,0.100198,0,0,47,4,2,13,6.3125,6.558594,0,0.10124,1.437146,32
08e9a40341b582fc,64,0.10119,0,0,35,4,3,12,6.375,4.984375,0,0.076239,1.640116,32
0dc95e8d97a0ccfe,64,0.098214,0,0,27,4,2,13,6.1875,4.996094,0,0.061162,1.394182,32
816b48c90e49a9c6,64,0.104167,0,0,44,5,2,12,6.5625,5.808594,0,0.094208,1.191158,32
eacf953fd472105c,64,0.097718,0,0,32,4,2,11,6.15625,4.225586,0,0.076841,1.430161,32
91e0496ceb7a59ce,64,0.104663,0,0,32,4,2,12,6.59375,5.709961,0,0.070252,1.651959,32
53ca37dc9e25eef0,64,0.121032,0,0,64,4,3,13,7.625,6.671875,0,0.112902,1.680971,32
33c4e19eb37216ed,64,0.10119,0,0,47,5,2,12,6.375,6.203125,0,0.104401,1.314572,32
7c2dd9937f7117ed,64,0.109127,0,0,66,5,2,16,6.875,8.609375,0,0.152061,1.330136,32
0b04a81772ac005f,64,0.092262,0,0,37,5,2,14,5.8125,6.277344,0,0.122256,1.220403,32
3957407ea99840de,64,0.105655,0,0,45,4,2,13,6.65625,5.131836,0,0.100037,1.505199,32
6fc06ee1b388e6d7,64,0.10119,0,0,37,5,2,12,6.375,4.265625,0,0.092647,0.848106,32
5a3aafaf391bd5fd,64,0.105655,0,0,41,5,1,13,6.65625,5.975586,0,0.082099,0.784732,32
7a1315e38bf4f4da,64,0.115079,0,0,59,4,2,12,7.25,4.59375,0,0.106303,1.509373,32
529b39ca941cbee5,64,0.09871,0,0,41,4,1,13,6.21875,5.514648,0,0.093245,0.858192,32
8b3417429ab0510a,64,0.106647,0,0,40,4,2,14,6.71875,4.483398,0,0.100549,1.528944,32
f047ac96fb264f4f,64,0.108631,0,0,43,4,2,11,6.84375,4.288086,0,0.087904,1.445435,32
8db7ee3918dddcf1,64,0.109127,0,0,52,4,2,13,6.875,6.046875,0,0.098897,1.577455,32
c92442103fc0dd1f,64,0.107639,0,0,53,4,2,12,6.78125,4.420898,0,0.099413,1.511168,32
f0616ca4f0267d93,64,0.112599,0,0,55,4,3,13,7.09375,4.584961,0,0.116483,1.930178,32
39fdfd205c62f235,64,0.157242,0,0,164,3,4,19,9.90625,7.803711,0,0.152297,3.364803,32
f1fd5e76d9445d0d,64,0.136905,0,0,106,4,3,17,8.625,8.296875,0,0.132464,2.476819,32
fc3c4a2f2f23d288,64,0.145833,0,0,119,4,1,16,9.1875,10.589844,0,0.122529,0.916135,32
8d18724b520c764f,64,0.143849,0,0,130,4,3,15,9.0625,6.902344,0,0.149494,2.620574,32
1acd5ad8bd6c2097,64,0.14881,0,0,139,4,4,17,9.375,7.734375,0,0.160861,2.856278,32
1d1298345278a5c8,64,0.160218,0,0,170,4,2,18,10.09375,8.522461,0,0.159467,1.818901,32
80ee17e639b36060,64,0.154762,0,0,150,3,4,15,9.75,6.28125,0,0.157693,3.324387,32
637184dbd76a96ba,64,0.16369,0,0,172,3,4,17,10.3125,8.496094,0,0.153368,3.022134,32
68162eec1a4e861c,64,0.151786,0,0,156,3,3,15,9.5625,7.308594,0,0.171001,2.654849,32
7275f0d70a2a1b7e,64,0.144345,0,0,132,3,4,17,9.09375,7.116211,0,0.165967,3.258671,32
3f263c4e9424c98b,64,0.16121,0,0,169,3,6,16,10.15625,6.256836,0,0.163715,3.939653,32
10ee02c1a4210005,64,0.162202,0,0,176,3,4,17,10.21875,7.327148,0,0.162234,3.324443,32
a8834beafa81825d,64,0.147321,0,0,133,4,3,19,9.28125,9.014648,0,0.142489,2.48196,32
e8c66e95d012ceca,64,0.155258,0,0,148,4,4,17,9.78125,7.702148,0,0.136394,3.272869,32
89b18901624f8845,64,0.154762,0,0,153,3,4,17,9.75,7.09375,0,0.149169,3.370115,32
b8e133f8b7eed9ba,64,0.146329,0,0,122,4,4,15,9.21875,6.795898,0,0.137642,2.677021,32
6b7a5bee357a3d47,64,0.140873,0,0,116,4,4,16,8.875,7.609375,0,0.136488,2.481901,32
6dafd6ff6f7d6c3a,64,0.148313,0,0,132,3,4,17,9.34375,7.944336,0,0.144666,3.239824,32
49bf3e99f70cc4f9,64,0.140377,0,0,124,4,2,17,8.84375,11.694336,0,0.135948,1.681945,32
2219d83c9ccd6ac3,64,0.168155,0,0,211,3,3,19,10.59375,8.178711,0,0.184616,2.554225,32
915d767d53a302c0,64,0.16121,0,0,189,3,4,22,10.15625,9.631836,0,0.181935,3.426826,32
b748eb99da5cc685,64,0.16121,0,0,205,4,5,17,10.15625,9.475586,0,0.173838,3.549826,32
7b72cf0952596e61,64,0.154762,0,0,164,3,4,17,9.75,7.8125,0,0.168509,3.13439,32
c11e32d9ad72d81a,64,0.141865,0,0,112,4,2,15,8.9375,6.464844,0,0.134332,1.744677,32
15973cc4442de534,64,0.148313,0,0,143,3,3,16,9.34375,6.756836,0,0.155258,2.555302,32
17f2672f704dd443,64,0.151786,0,0,127,3,4,16,9.5625,5.839844,0,0.13655,3.296023,32
c3c80d86ffa7190e,64,0.145833,0,0,134,4,3,19,9.1875,9.558594,0,0.1442,2.328725,32
ec4d56246614754c,64,0.140873,0,0,121,4,4,17,8.875,7.265625,0,0.138524,2.841311,32
73c2b6bad9e450f2,64,0.148313,0,0,146,3,5,17,9.34375,7.288086,0,0.154754,3.336394,32
745b1ed59c60b9fc,64,0.145833,0,0,123,4,4,16,9.1875,6.683594,0,0.147755,2.877757,32
48efbe01a1c33d81,64,0.153274,0,0,133,4,3,15,9.65625,5.756836,0,0.142324,2.638253,32
5065b62ce5de1bfd,64,0.161706,0,0,167,4,3,17,10.1875,7.777344,0,0.159384,2.716881,32
35b001ded329ee11,64,0.14881,0,0,134,4,3,15,9.375,8.390625,0,0.144698,2.496514,32
5fd04acc50034f7f,64,0.141369,0,0,115,4,4,14,8.90625,7.866211,0,0.143161,2.91871,32
262af068f614a56c,64,0.14881,0,0,137,4,3,17,9.375,8.421875,0,0.136871,2.060833,32
1a8d797585911b05,64,0.154266,0,0,136,3,5,17,9.71875,4.452148,0,0.141976,3.513696,32
08f9b1719840470b,64,0.15377,0,0,149,3,4,17,9.6875,8.996094,0,0.148213,3.257576,32
17670d66f35694c3,64,0.167659,0,0,202,3,5,20,10.5625,7.933594,0,0.180796,4.12093,32
5563a2c74dbb870d,64,0.154266,0,0,168,4,4,19,9.71875,10.702148,0,0.166116,2.85142,32
13e16749e9d650af,64,0.151786,0,0,165,4,3,18,9.5625,10.371094,0,0.174026,2.495071,32
2aa73e9b495d455b,64,0.142361,0,0,126,4,3,17,8.96875,6.874023,0,0.159419,2.508678,32
ad122449b50921a5,64,0.149306,0,0,136,4,2,15,9.40625,6.709961,0,0.145882,1.811806,32
fd74704fc558a7b0,64,0.157242,0,0,185,3,4,19,9.90625,8.991211,0,0.179205,3.144898,32
01f20a0872dd06ff,64,0.150794,0,0,151,4,4,17,9.5,7.09375,0,0.160715,2.806003,32
484650a9856cb223,64,0.16121,0,0,162,3,4,16,10.15625,8.475586,0,0.154249,3.1484,32
1f39612ea31edf26,64,0.147817,0,0,119,3,3,16,9.3125,6.339844,0,0.131355,2.640809,32
0409412fbbb6abd5,64,0.146825,0,0,134,3,3,16,9.25,6.46875,0,0.15636,2.490242,32
c452ff4832387896,64,0.140873,0,0,127,4,3,15,8.875,6.328125,0,0.156422,2.497311,32
294a9270dbc81ea4,64,0.153274,0,0,158,4,2,17,9.65625,8.725586,0,0.160643,1.767405,32
f57df2a4e3d4f299,64,0.151786,0,0,147,3,4,17,9.5625,6.089844,0,0.157461,3.280397,32
5819adf1909afaef,64,0.159226,0,0,174,4,3,20,10.03125,9.530273,0,0.174045,2.565565,32
73ead1706b6b49d6,64,0.150298,0,0,140,4,4,17,9.46875,8.217773,0,0.148293,3.225681,32
c13a8cd2c169823d,64,0.158234,0,0,157,4,4,16,9.96875,6.374023,0,0.157955,3.233065,32
516ea88a815cde94,64,0.172123,0,0,191,3,5,19,10.84375,9.100586,0,0.152903,4.046051,32
e006ba4f4eaba1e3,64,0.138889,0,0,122,4,3,16,8.75,9.71875,0,0.147471,2.246733,32
00ac98d41c808dfb,64,0.155754,0,0,165,3,4,20,9.8125,10.558594,0,0.161372,2.950065,32
4e4efc6a0decef7a,64,0.152778,0,0,155,3,4,16,9.625,9.234375,0,0.158048,3.321356,32
0ebee90b7ee2fdb5,64,0.15129,0,0,130,3,4,17,9.53125,6.655273,0,0.134,3.268124,32
289b329c4767d2d3,64,0.155258,0,0,164,3,5,17,9.78125,7.014648,0,0.161931,3.455747,32
2e45809738fa1750,64,0.145337,0,0,120,3,4,15,9.15625,6.631836,0,0.135249,2.908144,32
1cf1851e1444bd1e,64,0.149306,0,0,142,4,4,15,9.40625,6.741211,0,0.155946,3.247609,32
f26aa9649bb40a5f,64,0.141369,0,0,102,4,3,15,8.90625,5.584961,0,0.12558,2.590601,32
9c409609ad5d879a,64,0.159226,0,0,179,3,3,19,10.03125,9.374023,0,0.163535,2.618101,32
b2e17fb6c18d323b,64,0.148313,0,0,152,4,1,17,9.34375,9.944336,0,0.157396,0.878504,32
051e7483274764f7,64,0.14881,0,0,119,4,2,15,9.375,7.109375,0,0.126409,1.6464,32
7816ca90df55bc6b,64,0.142361,0,0,127,3,3,15,8.96875,6.936523,0,0.162635,2.566868,32
13e0780dae22c845,64,0.138889,0,0,88,3,4,15,8.75,6.15625,0,0.108304,3.062681,32
65cb6edf45a39f21,64,0.16121,0,0,178,3,4,19,10.15625,11.413086,0,0.157225,3.367922,32
6eddaa3b9361ab21,64,0.15377,0,0,131,3,5,16,9.6875,6.527344,0,0.132016,3.453404,32
3246bbf6b6c8e7bf,64,0.147321,0,0,126,4,3,18,9.28125,8.420898,0,0.14108,2.589606,32
a2008b4332cd795f,64,0.157738,0,0,176,4,3,18,9.9375,9.996094,0,0.166674,2.566336,32
66e95c42c336d718,64,0.14881,0,0,141,4,2,14,9.375,8.265625,0,0.151768,1.812017,32
0e6c366992beee8e,64,0.144345,0,0,116,3,3,16,9.09375,7.084961,0,0.138278,2.538167,32
be2e11f385070041,64,0.140377,0,0,109,3,4,15,8.84375,6.881836,0,0.131586,3.059697,32
a180cf991db652cd,64,0.149802,0,0,132,4,4,18,9.4375,9.246094,0,0.134619,2.916942,32
6b1e487127b4b9c7,64,0.146329,0,0,147,4,3,17,9.21875,11.202148,0,0.17061,2.36584,32
adcf19708aba7111,64,0.146825,0,0,123,3,4,15,9.25,6.90625,0,0.145314,3.251038,32
c1372b4af547dbc4,64,0.155258,0,0,149,3,3,17,9.78125,8.452148,0,0.144085,2.614794,32
7402a2b2eada4e97,64,0.157242,0,0,152,3,3,16,9.90625,9.272461,0,0.151313,2.735243,32
a539c830d62a1f59,64,0.154762,0,0,148,3,4,17,9.75,7.125,0,0.145357,3.140171,32
70c0938ee2cb9c61,64,0.157738,0,0,149,3,6,16,9.9375,6.871094,0,0.148869,3.824737,32
ea38c376962c8041,64,0.143849,0,0,114,3,4,14,9.0625,5.902344,0,0.129526,3.208112,32
414ccce914507ff4,64,0.145337,0,0,127,3,4,16,9.15625,7.694336,0,0.158102,3.087719,32
764c5afdb4515488,64,0.145833,0,0,144,4,3,16,9.1875,7.308594,0,0.160902,1.97858,32
e5cda27927f5ff9b,64,0.15377,0,0,168,4,2,18,9.6875,8.964844,0,0.162991,1.474228,32
82dfca3cbf86afd0,64,0.15873,0,0,187,3,4,18,10.0,9.8125,0,0.17361,2.941204,32
d5be78f002ea60af,64,0.147817,0,0,137,5,1,17,9.3125,8.402344,0,0.140915,0.750381,32
9738f609170d02bd,64,0.14881,0,0,141,4,5,17,9.375,6.296875,0,0.156064,3.123503,32
b6ec3e36624e696d,64,0.157738,0,0,168,3,4,18,9.9375,8.652344,0,0.167228,3.22317,32
a95658444477cd25,64,0.149802,0,0,141,3,3,17,9.4375,8.527344,0,0.157356,2.644335,32
10989c3e7eb78e5b,64,0.157738,0,0,140,4,4,18,9.9375,7.527344,0,0.13005,3.093408,32
fbdba1050c899b42,64,0.163194,0,0,183,3,5,16,10.28125,7.920898,0,0.168789,3.341582,32
2b6a25bc4ffe44e6,64,0.153274,0,0,145,4,4,20,9.65625,8.538086,0,0.139169,3.208686,32
0fd95e4d147c18a2,64,0.141865,0,0,104,4,2,14,8.9375,5.402344,0,0.119072,1.782994,32
567469bc16710479,64,0.16121,0,0,157,3,4,16,10.15625,6.038086,0,0.153917,3.30997,32
077572f9ee89c56b,64,0.141369,0,0,132,4,4,15,8.90625,5.803711,0,0.156866,2.818629,32
0c63302f3808ecaa,64,0.148313,0,0,121,3,4,16,9.34375,6.944336,0,0.138057,3.230001,32
2d00918029e07af0,64,0.15873,0,0,170,3,5,16,10.0,7.28125,0,0.162857,3.710956,32
ae75b561b765c1c2,64,0.161706,0,0,183,4,4,19,10.1875,8.964844,0,0.155074,3.299534,32
f869c1506b8c3467,64,0.144841,0,0,152,4,2,16,9.125,8.078125,0,0.17136,1.793326,32
af2e0a89928d91c0,64,0.187996,0,0,274,3,4,20,11.84375,8.569336,0,0.191644,3.444783,32
7a38b74ca1c0daad,64,0.188492,0,0,284,3,6,18,11.875,9.671875,0,0.202264,4.984022,32
9cf6a38ba15910ab,64,0.203869,0,0,353,3,5,21,12.84375,10.819336,0,0.199861,4.357291,32
f6e4be64d08178bf,64,0.196429,0,0,312,3,6,24,12.375,11.890625,0,0.195155,5.012355,32
0918831cd823def3,64,0.190476,0,0,296,3,5,21,12.0,11.09375,0,0.196557,4.336379,32
f6b1f6c3670813f6,64,0.183532,0,0,244,3,6,18,11.5625,7.183594,0,0.174314,4.971494,32
4c7b6eddec032ee4,64,0.203869,0,0,368,3,6,18,12.84375,7.131836,0,0.217144,5.213908,32
e3584f37b0ae23a3,64,0.195933,0,0,312,3,6,21,12.34375,9.913086,0,0.197504,4.679048,32
137fd1c887d4a9cc,64,0.200893,0,0,329,3,5,19,12.65625,7.506836,0,0.198086,4.300665,32
ae139d024145213e,64,0.198413,0,0,290,3,8,17,12.5,5.03125,0,0.183539,6.133411,32
c88cb826a4127478,64,0.199901,0,0,337,3,5,18,12.59375,9.053711,0,0.199551,4.23273,32
c6d3c3962988c7e3,64,0.199901,0,0,335,3,7,20,12.59375,8.209961,0,0.20662,5.524317,32
671265b02717ac62,64,0.19494,0,0,319,3,4,21,12.28125,11.452148,0,0.197676,3.631406,32
4b97a098073af740,64,0.190972,0,0,270,3,7,21,12.03125,9.561523,0,0.177123,4.963586,32
b7e3beb5a8ebbe38,64,0.203373,0,0,383,3,5,21,12.8125,12.433594,0,0.228524,4.414807,32
6d2ec24d700a74c7,64,0.194444,0,0,306,3,7,18,12.25,7.375,0,0.193873,5.503404,32
13a569cf4a3e59a7,64,0.199901,0,0,359,3,4,23,12.59375,14.428711,0,0.208379,3.205581,32
6c9381261affde09,64,0.193452,0,0,313,3,6,19,12.1875,10.652344,0,0.19352,4.741659,32
352225dcafef2115,64,0.204861,0,0,354,3,7,20,12.90625,10.022461,0,0.203446,5.408259,32
30691d9edee95025,64,0.200893,0,0,344,3,5,22,12.65625,10.256836,0,0.206063,4.150388,32
aee2c5f3ebb92d8d,64,0.188492,0,0,263,3,5,19,11.875,7.578125,0,0.17546,4.372681,32
a559a94f165c148f,64,0.212302,0,0,399,3,6,19,13.375,10.671875,0,0.212221,4.724845,32
8460d267caca9c3a,64,0.190476,0,0,273,3,5,19,12.0,7.78125,0,0.190675,4.257593,32
13556be3864ba0ef,64,0.209821,0,0,372,3,4,21,13.21875,10.420898,0,0.205398,3.69358,32
0374c6b435b99891,64,0.215278,0,0,410,3,6,20,13.5625,9.214844,0,0.217543,5.389957,32
66c7200218a7a659,64,0.203373,0,0,350,3,7,21,12.8125,8.652344,0,0.206347,5.000645,32
bf5d18654e09d801,64,0.190476,0,0,287,3,6,19,12.0,7.15625,0,0.198771,4.900539,32
9caeb382cf569de4,64,0.210317,0,0,402,3,6,21,13.25,10.25,0,0.225883,5.278705,32
e4cce5d2c3afdd85,64,0.204861,0,0,337,3,7,22,12.90625,11.147461,0,0.195406,5.641537,32
644c6a2dc7d89e93,64,0.198413,0,0,315,3,6,21,12.5,10.28125,0,0.193263,4.790556,32
a1398db43d794829,64,0.195933,0,0,319,3,7,19,12.34375,8.913086,0,0.198305,5.088525,32
a361d5e7a8130611,64,0.210317,0,0,384,3,7,21,13.25,9.78125,0,0.206366,5.383184,32
c16d25f9e027a6a9,64,0.192956,0,0,303,3,6,20,12.15625,8.850586,0,0.193308,4.808192,32
e3b9003b4dfca1f4,64,0.212302,0,0,387,3,5,21,13.375,9.828125,0,0.206766,4.58935,32
67bec4ef2cec1d17,64,0.196429,0,0,339,3,6,20,12.375,13.671875,0,0.209351,4.760585,32
09c08909a23a893c,64,0.202877,0,0,373,3,5,22,12.78125,12.702148,0,0.223514,4.000593,32
90787c8cf70eacea,64,0.203869,0,0,376,3,5,21,12.84375,12.038086,0,0.219236,4.250688,32
7e3439665fbf308b,64,0.19494,0,0,333,3,5,21,12.28125,11.795898,0,0.211893,4.531828,32
01f28d5043021874,64,0.188492,0,0,296,3,4,19,11.875,12.671875,0,0.193599,3.567435,32
ff6778ad9ee38f2d,64,0.210317,0,0,431,3,6,22,13.25,10.53125,0,0.231454,5.366835,32
5fdfee2167a75684,64,0.203869,0,0,311,3,6,18,12.84375,7.788086,0,0.181866,5.296311,32
b36a22b0bee88a2c,64,0.208333,0,0,390,3,7,23,13.125,12.328125,0,0.214289,5.818885,32
f6bbfcec05d02ebe,64,0.21131,0,0,360,3,3,21,13.3125,8.027344,0,0.191127,2.774027,32
8dade51042c7dd48,64,0.21627,0,0,381,3,6,21,13.625,8.546875,0,0.200068,5.568906,32
099d4b6822afefa1,64,0.211806,0,0,380,3,7,20,13.34375,9.788086,0,0.208131,5.197223,32
10b3730bd6e865d0,64,0.201885,0,0,390,3,4,23,12.71875,13.639648,0,0.215533,3.701425,32
050b33240bb33593,64,0.196429,0,0,292,3,4,18,12.375,8.765625,0,0.185496,3.687887,32
6b6828defd8fcfc1,64,0.204365,0,0,337,3,7,20,12.875,9.234375,0,0.195133,5.627889,32
49466106d3332149,64,0.200397,0,0,352,3,5,20,12.625,10.578125,0,0.209435,4.386306,32
21ad60bc1b6be7de,64,0.208829,0,0,358,3,7,23,13.15625,9.881836,0,0.195262,5.923099,32
4e3025ccb044e58a,64,0.202877,0,0,356,3,7,20,12.78125,10.670898,0,0.216854,5.173437,32
41d3f64b092740af,64,0.19494,0,0,305,3,5,19,12.28125,8.264648,0,0.200841,4.269624,32
ac3d08d9ab5e1d96,64,0.21379,0,0,396,3,6,22,13.46875,11.249023,0,0.206021,5.50145,32
528df94fe3fb262a,64,0.202877,0,0,323,3,7,20,12.78125,8.014648,0,0.192091,5.681932,32
4d0e32ab9b39e50d,64,0.208829,0,0,377,3,5,19,13.15625,9.475586,0,0.216041,4.372051,32
efe4f9c734e86b6f,64,0.196925,0,0,332,3,4,19,12.40625,10.459961,0,0.211267,3.6279,32
6acfcadf1ffdee75,64,0.197917,0,0,330,3,4,22,12.46875,10.530273,0,0.205467,3.584057,32
be599c34ad6491f0,64,0.210317,0,0,364,3,6,20,13.25,8.1875,0,0.201182,5.341666,32
6b6f3b649ffdb498,64,0.197917,0,0,324,3,5,19,12.46875,9.655273,0,0.202439,4.392172,32
d23d360250eefc9a,64,0.224702,0,0,441,3,8,20,14.15625,8.256836,0,0.213762,6.747308,32
5e9a86742be55088,64,0.206845,0,0,393,3,7,22,13.03125,10.592773,0,0.222752,5.355202,32
486d16a524bfbe39,64,0.202381,0,0,346,3,6,20,12.75,8.28125,0,0.204961,5.07681,32
c9c6ed8e32c38b7d,64,0.196429,0,0,334,3,3,19,12.375,10.484375,0,0.21484,2.783127,32
77460a0f4a95448e,64,0.191964,0,0,300,3,6,19,12.09375,7.459961,0,0.195909,4.891317,32
b5dd0db1b0990ddb,64,0.184524,0,0,278,3,5,18,11.625,11.421875,0,0.192224,4.138238,32
a3157bda30a65ee5,64,0.19494,0,0,286,3,7,20,12.28125,5.827148,0,0.187128,5.522019,32
2cdea8a204845748,64,0.196429,0,0,270,3,6,18,12.375,6.203125,0,0.177846,5.064401,32
c8c1eb6d872e2fc9,64,0.204861,0,0,350,3,6,20,12.90625,12.459961,0,0.201701,5.218237,32
f2b60cc59831d423,64,0.190972,0,0,302,3,6,19,12.03125,10.624023,0,0.19558,5.031466,32
ba0cea467b298dc7,64,0.198413,0,0,302,3,6,20,12.5,8.6875,0,0.189221,5.263593,32
4f6d3f5dbc80a747,64,0.205357,0,0,314,3,5,19,12.9375,8.777344,0,0.178704,4.436389,32
f842a9280510bc53,64,0.204365,0,0,337,3,5,20,12.875,12.109375,0,0.194763,4.120922,32
f53d710834873551,64,0.188492,0,0,279,3,6,17,11.875,8.296875,0,0.185945,4.869464,32
df0bd90b3f793a1e,64,0.199901,0,0,323,3,7,20,12.59375,9.959961,0,0.190969,5.421049,32
7a12b5e9fd0a6297,64,0.196925,0,0,294,3,6,22,12.40625,9.678711,0,0.178717,4.799038,32
76a2584e3c631f20,64,0.197917,0,0,286,3,6,20,12.46875,8.061523,0,0.179941,5.051148,32
6dadbeafefbaadb2,64,0.200397,0,0,359,3,5,21,12.625,10.703125,0,0.218378,4.316011,32
fc05c5b86df2013d,64,0.203373,0,0,343,3,4,20,12.8125,11.339844,0,0.192008,3.549072,32
1dd8cc44a07c6d10,64,0.203373,0,0,354,3,6,18,12.8125,8.808594,0,0.20587,5.051769,32
d45712cdb0b84911,64,0.197917,0,0,322,3,5,20,12.46875,8.749023,0,0.195264,4.255779,32
05fc5903729ee576,64,0.196925,0,0,328,3,5,20,12.40625,10.209961,0,0.19666,4.310792,32
21e6ebff659e29ae,64,0.1875,0,0,241,3,6,18,11.8125,7.558594,0,0.164712,4.483918,32
9b64d547fcc0264d,64,0.188988,0,0,248,3,5,21,11.90625,10.647461,0,0.165486,4.372572,32
69e3f42f4d07c846,64,0.227183,0,0,481,3,8,21,14.3125,10.496094,0,0.222009,6.747509,32
df89f8380f51d4b5,64,0.185516,0,0,289,3,5,19,11.6875,10.558594,0,0.195334,4.225036,32
826846b50d14a015,64,0.192956,0,0,273,3,5,18,12.15625,8.475586,0,0.174943,4.197654,32
27cc9ada8d46cbdc,64,0.199405,0,0,345,3,4,19,12.5625,8.996094,0,0.213157,3.545547,32
a6247733219df387,64,0.202381,0,0,368,3,7,21,12.75,13.46875,0,0.214783,4.865011,32
e4a44461f830354e,64,0.208333,0,0,389,3,7,21,13.125,10.140625,0,0.216799,5.630252,32
0fd4c4c0daa67fef,64,0.198909,0,0,310,3,7,20,12.53125,7.467773,0,0.19167,5.525724,32
eaf190314dc3e943,64,0.192956,0,0,279,3,6,18,12.15625,6.131836,0,0.185064,5.312485,32
58f0ba5215f96b67,64,0.214782,0,0,412,3,5,22,13.53125,9.030273,0,0.216532,4.43487,32
fe5d0daf7429c4c5,64,0.187996,0,0,263,3,5,20,11.84375,7.975586,0,0.183386,4.35083,32
74160c0a966cf497,64,0.207837,0,0,377,3,6,19,13.09375,8.584961,0,0.212823,5.200793,32
79b2600bc6c66db5,64,0.204365,0,0,362,3,6,22,12.875,10.609375,0,0.203586,5.038949,32
1844dd6c669d4683,64,0.190972,0,0,294,4,2,19,12.03125,11.249023,0,0.203949,1.74529,32
0360e3564466241b,64,0.191964,0,0,297,3,6,24,12.09375,12.084961,0,0.196463,4.672224,32
b8c8c41768b0795d,64,0.209325,0,0,372,3,5,19,13.1875,9.183594,0,0.210175,4.554901,32
a6ad0f43b9ef311d,64,0.194444,0,0,298,3,5,20,12.25,8.75,0,0.194002,4.467821,32
1441dc8e3636831e,64,0.193948,0,0,298,3,6,20,12.21875,10.420898,0,0.192889,4.803807,32
8286181ea170442f,64,0.236607,0,0,533,3,8,22,14.90625,8.459961,0,0.231742,6.543001,32
1bb65bf33efeabf6,64,0.25,0,0,646,3,6,23,15.75,12.0,0,0.249302,5.522755,32
3adf9dbcd1b63eab,64,0.241071,0,0,595,3,7,24,15.1875,11.746094,0,0.241458,6.177439,32
3db9871beaba6f75,64,0.248512,0,0,598,3,11,23,15.65625,7.413086,0,0.240304,8.07513,32
b075e1dd5bb15bb5,64,0.250496,0,0,660,3,8,22,15.78125,12.452148,0,0.252954,7.070089,32
597562bfc678ac8d,64,0.256944,0,0,678,3,9,27,16.1875,8.714844,0,0.246942,7.965125,32
e3fbc1ff37925ed6,64,0.252976,0,0,641,3,9,22,15.9375,10.058594,0,0.245642,7.671357,32
79c8c4ec5591831d,64,0.252976,0,0,658,3,9,27,15.9375,12.589844,0,0.245484,7.745385,32
8d43787a914cb69f,64,0.241567,0,0,582,3,8,23,15.21875,10.952148,0,0.242282,6.950354,32
e6957aec907acebb,64,0.252976,0,0,656,3,9,24,15.9375,10.964844,0,0.24767,7.400221,32
9c615ab8ca82f1a5,64,0.24504,0,0,608,3,8,25,15.4375,13.652344,0,0.24541,7.078518,32
7dad1fa5dacd02fd,64,0.232143,0,0,536,3,7,24,14.625,12.578125,0,0.239579,5.91674,32
5b348081d9240479,64,0.243056,0,0,600,3,8,26,15.3125,12.996094,0,0.240861,6.730844,32
4b43135eaf5aee66,64,0.247024,0,0,644,3,10,25,15.5625,10.621094,0,0.256466,8.006946,32
86391966102d44d8,64,0.235615,0,0,556,3,7,22,14.84375,11.725586,0,0.241907,5.899839,32
5664c659fdaf068d,64,0.265377,0,0,761,3,11,25,16.71875,12.545898,0,0.263144,8.747544,32
765ad88b110f8214,64,0.256448,0,0,672,3,9,25,16.15625,10.069336,0,0.248107,7.550014,32
0d82f71252d9bd35,64,0.25,0,0,638,3,8,23,15.75,9.34375,0,0.248499,6.834281,32
a93c070aa8652fb8,64,0.25744,0,0,719,3,9,25,16.21875,11.858398,0,0.262676,7.419924,32
1335f048893b6a6f,64,0.266865,0,0,793,3,9,26,16.8125,14.621094,0,0.265954,8.043263,32
5e5d526bcce770ec,64,0.235615,0,0,541,3,5,25,14.84375,12.413086,0,0.239539,4.685331,32
4d956732f48856c0,64,0.254464,0,0,655,3,11,26,16.03125,9.030273,0,0.245952,8.33372,32
aff30411da5e06db,64,0.250496,0,0,655,3,3,22,15.78125,12.389648,0,0.249548,2.783463,32
6c261fcf1925ee57,64,0.241567,0,0,576,3,8,21,15.21875,9.483398,0,0.237757,6.854227,32
5273aef9f5aa65d0,64,0.245536,0,0,651,3,8,25,15.46875,13.374023,0,0.261355,6.902464,32
a5185e2c43bda240,64,0.261409,0,0,717,3,9,23,16.46875,9.155273,0,0.252802,8.019147,32
46e9775ff41cc6b6,64,0.233135,0,0,511,3,8,22,14.6875,9.777344,0,0.231572,6.907505,32
34e998b874700c6f,64,0.245536,0,0,596,3,8,23,15.46875,10.717773,0,0.236279,7.055018,32
2cd674d49fdd07a9,64,0.24256,0,0,612,3,8,23,15.28125,10.233398,0,0.251834,7.130116,32
83be0fa2fdcc4366,64,0.25,0,0,634,3,9,24,15.75,12.125,0,0.243036,7.84339,32
5a0d3da8cbd0b913,64,0.248016,0,0,579,3,7,24,15.625,10.171875,0,0.229451,6.341403,32
8edc62cdaa875738,64,0.24752,0,0,599,3,9,21,15.59375,9.459961,0,0.236828,7.710895,32
503dddbc10dacadc,64,0.24752,0,0,603,3,10,23,15.59375,9.459961,0,0.237395,7.921397,32
e1fe0e5da9f7b2a1,64,0.247024,0,0,629,3,8,26,15.5625,12.246094,0,0.249271,7.206255,32
3673f07764fc0590,64,0.253472,0,0,652,3,10,24,15.96875,9.061523,0,0.248858,8.10358,32
7813e4e01b14e915,64,0.250992,0,0,700,3,7,25,15.8125,11.777344,0,0.268766,6.203149,32
c37d5b084e869779,64,0.258433,0,0,721,3,8,26,16.28125,12.983398,0,0.256503,7.232121,32
8a9ab048c5f34696,64,0.244048,0,0,599,3,3,23,15.375,11.140625,0,0.236571,2.820141,32
71d72bef7df9c2e0,64,0.251984,0,0,647,3,6,25,15.875,13.671875,0,0.242372,5.405183,32
2c32523957ac4bbe,64,0.243056,0,0,602,3,7,24,15.3125,10.496094,0,0.247913,6.486403,32
713917d86707ba08,64,0.255456,0,0,693,3,9,26,16.09375,10.553711,0,0.26053,7.638566,32
0957cf3c4b89fc9a,64,0.266865,0,0,778,3,10,25,16.8125,11.464844,0,0.261447,8.650669,32
031743d62646d403,64,0.236607,0,0,565,3,7,25,14.90625,13.584961,0,0.246594,6.293656,32
95bfd62444664b9b,64,0.242063,0,0,596,3,7,23,15.25,13.90625,0,0.246171,6.143735,32
cbb007de917b193b,64,0.256944,0,0,720,3,9,26,16.1875,11.652344,0,0.25807,7.156679,32
a83ea872f54dca15,64,0.238095,0,0,574,3,9,22,15.0,11.28125,0,0.244429,7.322663,32
1b48cb2bc1192d6d,64,0.253472,0,0,695,3,8,25,15.96875,13.155273,0,0.262076,6.453648,32
217eb0e1f8f73a01,64,0.250496,0,0,657,3,7,25,15.78125,13.952148,0,0.252218,6.367556,32
0b49df4f2f2dc9b3,64,0.248016,0,0,625,3,9,26,15.625,11.296875,0,0.239955,7.706735,32
1b22b9a31fd57091,64,0.240079,0,0,576,3,9,25,15.125,11.390625,0,0.241368,7.009501,32
d62f2ddf43f90324,64,0.278274,0,0,931,3,10,27,17.53125,12.905273,0,0.291959,8.653436,32
f680802c29c8505c,64,0.249008,0,0,609,3,8,24,15.6875,11.714844,0,0.23548,7.132766,32
01923f495feb63d8,64,0.259921,0,0,750,3,7,24,16.375,14.140625,0,0.269059,6.528176,32
117f97d13e1af398,64,0.257937,0,0,727,3,10,26,16.25,12.8125,0,0.261856,8.460616,32
b14645d6ed404ff5,64,0.259921,0,0,740,3,8,24,16.375,12.453125,0,0.260966,7.247353,32
ff9c4d1b49ef341f,64,0.255456,0,0,733,3,7,25,16.09375,13.522461,0,0.27121,6.459192,32
94afd6321e0d014c,64,0.249504,0,0,622,3,6,23,15.71875,14.045898,0,0.237119,5.406802,32
0f1768a82454803f,64,0.230159,0,0,539,3,5,23,14.5,13.25,0,0.244482,4.498453,32
fd9444eccc0c0246,64,0.24752,0,0,620,3,5,23,15.59375,12.022461,0,0.243256,4.664279,32
0517a894928bebe2,64,0.255456,0,0,680,3,7,24,16.09375,11.616211,0,0.256292,6.433854,32
79222f3c14a6e1a2,64,0.238095,0,0,596,3,8,24,15.0,12.03125,0,0.252694,6.55052,32
04ad54de1ed44a77,64,0.227183,0,0,470,3,7,22,14.3125,9.839844,0,0.217488,6.02324,32
56cf574cfb7e1582,64,0.260417,0,0,755,3,8,28,16.40625,15.397461,0,0.266669,6.980191,32
74e0ce85b3cf83bc,64,0.242063,0,0,601,3,7,23,15.25,10.90625,0,0.244363,6.26283,32
ba943e765146e06f,64,0.264385,0,0,767,3,7,26,16.65625,12.506836,0,0.26738,6.3965,32
1327ccceb6384012,64,0.248512,0,0,620,3,8,23,15.65625,10.881836,0,0.243984,6.969809,32
bfeeb3212d3d5d5f,64,0.258433,0,0,705,3,8,25,16.28125,13.514648,0,0.252623,6.840385,32
b5648a52f8bb3559,64,0.25,0,0,670,3,5,25,15.75,14.125,0,0.258908,4.524851,32
a91541ccc168af1d,64,0.235615,0,0,535,3,8,22,14.84375,10.569336,0,0.237131,6.682957,32
f6bbbe8b46c1217b,64,0.236111,0,0,536,3,8,22,14.875,11.015625,0,0.233696,7.014356,32
ab4acdc57f6dbc2d,64,0.235119,0,0,516,3,7,24,14.8125,9.527344,0,0.225765,5.817807,32
dd67fce1ff2c691c,64,0.255456,0,0,692,3,9,23,16.09375,10.616211,0,0.25635,7.787392,32
0b3769603abd854d,64,0.239087,0,0,569,3,8,23,15.0625,10.714844,0,0.241792,6.843422,32
d15a71c29693f5bb,64,0.225694,0,0,500,3,7,21,14.21875,11.139648,0,0.236541,5.96301,32
4b537d1b806d4f0e,64,0.262401,0,0,735,3,9,25,16.53125,11.092773,0,0.259106,7.941959,32
f465a4b1763608e7,64,0.253968,0,0,703,3,6,23,16.0,12.21875,0,0.260109,5.529141,32
803d3d645e74315c,64,0.251984,0,0,647,3,8,24,15.875,11.671875,0,0.241717,7.057281,32
0f0a0d03696e2cfa,64,0.253472,0,0,678,3,9,23,15.96875,10.780273,0,0.253824,7.799921,32
cabee449a838d9db,64,0.251488,0,0,648,3,10,25,15.84375,11.600586,0,0.248376,7.749888,32
ceb273c03b34cdba,64,0.259425,0,0,723,3,8,26,16.34375,10.381836,0,0.259374,6.871532,32
bc0a32e10018e73d,64,0.266865,0,0,803,3,8,28,16.8125,11.214844,0,0.270694,7.056762,32
6a1f931140bb7c9e,64,0.239087,0,0,568,3,5,23,15.0625,13.714844,0,0.241212,4.590875,32
c383aac662654656,64,0.24504,0,0,597,3,6,22,15.4375,9.027344,0,0.24175,5.395652,32
7cdf1187f09ff17a,64,0.258433,0,0,718,3,9,25,16.28125,13.014648,0,0.257093,7.848234,32
aa26f1936c6f9ef0,64,0.251488,0,0,674,3,8,23,15.84375,12.850586,0,0.251413,7.012415,32
bcbc3238e328cb27,64,0.245536,0,0,603,3,8,24,15.46875,10.624023,0,0.242043,6.933574,32
cea6013b72c95926,64,0.260417,0,0,714,3,10,24,16.40625,11.522461,0,0.252685,7.893966,32
ebeaa9381e0b42f0,64,0.24504,0,0,565,3,8,23,15.4375,8.996094,0,0.233189,6.780648,32
8486e24f3c581fb8,64,0.254464,0,0,684,3,9,22,16.03125,9.092773,0,0.258263,7.466784,32
0298c7131678f9bc,64,0.241567,0,0,573,3,10,21,15.21875,8.108398,0,0.241566,7.881639,32
1e303d8f1e832230,64,0.261409,0,0,695,3,7,24,16.46875,11.311523,0,0.249247,6.413112,32
5ed907d669ce26da,64,0.246528,0,0,597,3,9,23,15.53125,10.905273,0,0.234327,7.748204,32
7e0fd0e216da50eb,64,0.260417,0,0,774,3,9,26,16.40625,14.991211,0,0.27631,7.871463,32
69e116cbf8e7b341,64,0.24752,0,0,589,3,7,24,15.59375,8.741211,0,0.234064,6.009712,32
f846414d3cfad128,64,0.231647,0,0,510,3,6,21,14.59375,10.616211,0,0.229398,5.399874,32
15676787652c25cc,64,0.262401,0,0,694,3,10,25,16.53125,8.436523,0,0.245581,8.482912,32
f34461a13543ee4c,64,0.250992,0,0,661,3,9,25,15.8125,12.964844,0,0.252235,7.758917,32
96b1320df4b26d79,64,0.241567,0,0,591,3,9,23,15.21875,11.983398,0,0.242082,7.013316,32
1c5e91736dbc40b4,64,0.241567,0,0,571,3,9,24,15.21875,9.358398,0,0.237936,7.531187,32
487b268f11b66c15,64,0.266865,0,0,812,3,10,24,16.8125,12.777344,0,0.271757,8.201737,32
2b1bf7d2b0d1c498,64,0.31002,0,0,1209,3,11,28,19.53125,9.499023,0,0.307202,9.856885,32
061bdda2f6208fe2,64,0.313988,0,0,1263,3,13,28,19.78125,10.045898,0,0.311788,11.07409,32
fb5653e0886c1615,64,0.298115,0,0,1109,3,12,28,18.78125,11.358398,0,0.299162,10.185868,32
c3ebd3135b87d83c,64,0.286706,0,0,958,3,10,26,18.0625,13.308594,0,0.279969,9.001365,32
3e623d62921c092e,64,0.312004,0,0,1283,3,10,28,19.65625,14.069336,0,0.31592,9.05503,32
a67c0d03b3e18b79,64,0.322421,0,0,1369,3,10,26,20.3125,9.746094,0,0.31761,9.347095,32
4b7af923e52b66de,64,0.298115,0,0,1076,3,12,25,18.78125,11.702148,0,0.294404,10.168081,32
51709e69cd0a89af,64,0.319444,0,0,1319,3,13,32,20.125,13.203125,0,0.311551,11.294641,32
e89b692958341c22,64,0.298115,0,0,1075,3,12,27,18.78125,12.983398,0,0.290049,9.753666,32
9173b8dd256b1287,64,0.28621,0,0,1004,3,11,27,18.03125,14.249023,0,0.294868,8.622259,32
dca71d2229bab4ea,64,0.291171,0,0,968,3,12,26,18.34375,9.881836,0,0.278393,9.862693,32
b4f2d65c650a3959,64,0.302083,0,0,1157,3,12,28,19.03125,14.905273,0,0.301816,10.329253,32
d382e0ab2aa81fee,64,0.309524,0,0,1156,3,13,25,19.5,9.90625,0,0.29097,10.791734,32
90c936a5cd1d93a7,64,0.28621,0,0,1011,3,11,28,18.03125,15.530273,0,0.295058,9.095938,32
41ede52022f1e6a4,64,0.305556,0,0,1164,2,12,28,19.25,12.375,0,0.300343,10.397577,32
02372a3dff047c2c,64,0.304563,0,0,1191,3,11,29,19.1875,13.714844,0,0.309141,9.963446,32
9a5d8b232b943dc0,64,0.304563,0,0,1186,3,8,27,19.1875,13.871094,0,0.304962,7.491762,32
668816417417b2d1,64,0.290179,0,0,1027,3,10,28,18.28125,14.202148,0,0.290712,8.809705,32
f53f309a9c403f07,64,0.302083,0,0,1124,3,11,29,19.03125,10.967773,0,0.300634,9.685597,32
f2df604dec553727,64,0.317956,0,0,1310,2,11,27,20.03125,12.405273,0,0.310884,10.127461,32
c0f546b26e5074ec,64,0.290179,0,0,1033,3,8,26,18.28125,11.983398,0,0.296824,7.290021,32
75cc465db0a521eb,64,0.294147,0,0,1118,3,9,29,18.53125,17.280273,0,0.308929,7.9441,32
5ab23dd1a037cad4,64,0.281746,0,0,942,3,9,26,17.75,13.21875,0,0.287936,7.753723,32
ce15e207e5a30e8c,64,0.302579,0,0,1178,3,11,28,19.0625,14.777344,0,0.305756,9.292756,32
281066d32b14f920,64,0.311012,0,0,1182,3,11,27,19.59375,10.584961,0,0.297418,10.022675,32
7e26c859a988c082,64,0.282738,0,0,926,3,10,25,17.8125,10.777344,0,0.278973,8.753748,32
eb87709da71502a7,64,0.289683,0,0,995,3,11,27,18.25,12.65625,0,0.281729,9.03307,32
e11dfd03212e7eab,64,0.301587,0,0,1073,3,11,27,19.0,11.59375,0,0.283892,9.963187,32
7306477fe013168d,64,0.312996,0,0,1223,3,12,31,19.71875,12.108398,0,0.302169,10.897649,32
3c5e05805103fd28,64,0.285714,0,0,967,3,11,26,18.0,11.53125,0,0.290858,9.580557,32
6a903c59668090c0,64,0.286706,0,0,975,3,11,26,18.0625,11.121094,0,0.287277,9.392132,32
69866691fd688272,64,0.290675,0,0,1018,3,11,25,18.3125,13.808594,0,0.286338,9.545808,32
67fda8924b9263d6,64,0.295139,0,0,1043,3,8,27,18.59375,9.647461,0,0.293258,7.364052,32
32451aba94a70f9e,64,0.285714,0,0,979,3,11,30,18.0,12.1875,0,0.289732,9.216176,32
ff02e9536fb35ed5,64,0.313988,0,0,1302,3,12,28,19.78125,13.827148,0,0.313819,10.460815,32
78e93b9c10ecbbb3,64,0.306052,0,0,1203,3,12,27,19.28125,15.795898,0,0.303888,10.548304,32
08039d8fe99a3cbb,64,0.313988,0,0,1291,3,12,30,19.78125,16.670898,0,0.313589,10.466924,32
1ac3c1afd1c77541,64,0.295635,0,0,1099,3,10,27,18.625,15.234375,0,0.302853,8.829756,32
9004304d6b36aad5,64,0.306052,0,0,1178,3,12,29,19.28125,13.233398,0,0.302326,10.286186,32
dbf290903e00b981,64,0.292659,0,0,1042,3,12,26,18.4375,12.683594,0,0.292287,9.619463,32
37dfacd3ff14f087,64,0.284722,0,0,987,3,11,28,17.9375,12.464844,0,0.295485,9.19129,32
ca6ec14f859a8d87,64,0.301587,0,0,1121,3,14,30,19.0,11.78125,0,0.297794,10.777943,32
8555fb410dab9a21,64,0.304563,0,0,1127,3,11,30,19.1875,12.339844,0,0.293469,10.156294,32
94242449576e7e7f,64,0.314484,0,0,1352,2,11,29,19.8125,15.089844,0,0.328665,9.755511,32
1b2db7bf47119a84,64,0.293651,0,0,1063,3,10,25,18.5,13.0,0,0.294925,9.058471,32
aa462fff967b1c48,64,0.300099,0,0,1117,3,9,28,18.90625,12.209961,0,0.301863,8.069783,32
3dff2b58f38a216d,64,0.306052,0,0,1162,3,10,30,19.28125,15.452148,0,0.296662,9.120098,32
9fc6e945946ce017,64,0.300595,0,0,1126,3,12,29,18.9375,14.996094,0,0.299,10.583046,32
48fe664fee58e2dd,64,0.297123,0,0,1138,3,9,26,18.71875,14.545898,0,0.309597,8.189319,32
22e4998af623ff96,64,0.293155,0,0,1045,3,12,31,18.46875,13.186523,0,0.292002,10.238253,32
a5e2025d65c5daf4,64,0.3125,0,0,1220,3,11,27,19.6875,9.714844,0,0.299947,10.113734,32
041ac38d14390246,64,0.326885,0,0,1462,3,13,29,20.59375,13.678711,0,0.328401,11.322145,32
e243fe01f5ad4c43,64,0.312004,0,0,1290,3,13,29,19.65625,14.506836,0,0.318789,10.953466,32
8b9b38cf7c0d6f42,64,0.326389,0,0,1432,2,14,29,20.5625,13.371094,0,0.32478,11.513405,32
703850fa8ed526e4,64,0.301091,0,0,1162,3,9,26,18.96875,15.624023,0,0.309813,8.269954,32
9d298f36aa1a0f39,64,0.301587,0,0,1139,3,13,31,19.0,14.25,0,0.302725,10.401765,32
2e198d372be1446a,64,0.297619,0,0,1112,3,12,26,18.75,10.21875,0,0.304851,10.255967,32
1873ffe46ed6b069,64,0.312004,0,0,1254,3,12,29,19.65625,14.694336,0,0.307466,10.138663,32
b092e8c16bccd66a,64,0.289187,0,0,1038,3,11,27,18.21875,14.452148,0,0.296266,9.042357,32
9da5393fe4164189,64,0.3125,0,0,1290,3,14,29,19.6875,10.183594,0,0.319901,11.449509,32
2948acaec45c98f3,64,0.286706,0,0,1015,3,9,25,18.0625,15.277344,0,0.295365,7.833918,32
908948fd2a956fa3,64,0.297123,0,0,1110,3,11,26,18.71875,13.014648,0,0.299195,9.042399,32
dce39c028b063f27,64,0.303571,0,0,1123,3,13,27,19.125,10.359375,0,0.294939,10.89064,32
03076a9b1e1e931c,64,0.291171,0,0,1015,3,11,28,18.34375,12.381836,0,0.289195,9.234555,32
6f57a4b3067bed33,64,0.298611,0,0,1128,3,9,29,18.8125,18.246094,0,0.298206,8.297171,32
b98039921caa6054,64,0.297619,0,0,1097,3,9,27,18.75,14.09375,0,0.296095,8.255334,32
b1614babae4c69d4,64,0.304563,0,0,1141,3,9,26,19.1875,12.589844,0,0.294993,8.465223,32
ede223c0b64aac22,64,0.311012,0,0,1239,3,11,28,19.59375,14.334961,0,0.308571,10.123674,32
adfd211184e07888,64,0.287202,0,0,980,3,11,26,18.09375,12.334961,0,0.285317,9.455919,32
92fef00dcf1d6f0c,64,0.303075,0,0,1202,3,9,31,19.09375,16.428711,0,0.312048,8.243502,32
a94f2da8bd8838cf,64,0.318452,0,0,1344,3,11,29,20.0625,13.464844,0,0.318602,9.94257,32
a11607f29f78b872,64,0.28869,0,0,929,3,11,27,18.1875,8.371094,0,0.269633,9.29682,32
8efe77429b870e38,64,0.288194,0,0,1020,3,9,29,18.15625,12.163086,0,0.299556,8.269696,32
f9c7104955e0a63f,64,0.298115,0,0,1084,2,11,27,18.78125,11.452148,0,0.294722,9.675075,32
35b006470e2e469c,64,0.301091,0,0,1148,3,10,27,18.96875,12.936523,0,0.305169,8.836012,32
7ab101d6350eccdb,64,0.289187,0,0,961,3,10,26,18.21875,9.795898,0,0.280398,8.901716,32
62cc8fe2a54076b6,64,0.299107,0,0,1087,3,8,26,18.84375,11.569336,0,0.291932,7.450221,32
d2a11d755e095cc8,64,0.291171,0,0,1014,3,10,25,18.34375,13.006836,0,0.284763,8.819981,32
16232541977df542,64,0.309028,0,0,1236,3,13,33,19.46875,13.592773,0,0.311488,11.170095,32
9be6f49458353367,64,0.291171,0,0,1055,3,10,28,18.34375,14.381836,0,0.300487,8.757994,32
6e3bb626ffa0aef6,64,0.287202,0,0,976,3,10,30,18.09375,12.397461,0,0.282505,9.05458,32
0c7dcacb319fd0ff,64,0.301587,0,0,1097,3,10,26,19.0,9.125,0,0.294375,9.154516,32
4264d2bba7d2a9c0,64,0.28125,0,0,902,3,10,26,17.71875,11.233398,0,0.27453,9.145069,32
6d85c25c4d58f847,64,0.317956,0,0,1292,2,11,26,20.03125,11.467773,0,0.308449,10.108873,32
0bf9451515655bc7,64,0.303075,0,0,1134,3,12,27,19.09375,11.366211,0,0.299189,10.163929,32
477b925ba1adf8de,64,0.299107,0,0,1127,3,12,27,18.84375,14.663086,0,0.301792,9.50527,32
3289c490788e5378,64,0.303571,0,0,1156,3,13,27,19.125,9.546875,0,0.30461,10.673613,32
bba8f8b6303ae9f3,64,0.291667,0,0,1033,3,9,28,18.375,12.546875,0,0.292468,8.022147,32
23205f7025afc724,64,0.288194,0,0,995,3,11,32,18.15625,17.131836,0,0.282756,9.582644,32
8187f7f7be7e8be4,64,0.301587,0,0,1091,3,12,28,19.0,13.625,0,0.288496,10.143727,32
fe709fe4c5a3de42,64,0.291171,0,0,1053,3,12,30,18.34375,15.100586,0,0.299149,9.795927,32
a5a5b86f61c968c6,64,0.291667,0,0,1041,3,8,25,18.375,12.609375,0,0.296519,7.251309,32
eee6ac34bbf78634,64,0.276786,0,0,856,3,8,26,17.4375,10.183594,0,0.27246,7.169869,32
b23f8a70aaab5596,64,0.285714,0,0,931,3,6,25,18.0,12.375,0,0.274245,5.705041,32
ffe5806342354afd,64,0.296131,0,0,1088,3,9,29,18.65625,15.038086,0,0.294423,8.235704,32
6ea66eb2a7f226a2,64,0.287202,0,0,955,3,8,23,18.09375,12.397461,0,0.2788,7.481266,32
ef0879fe6cb28141,64,0.31746,0,0,1334,2,13,34,20.0,12.84375,0,0.316563,11.094601,32
a31f8bfc3fa26d1c,64,0.305556,0,0,1191,3,10,30,19.25,12.625,0,0.306514,8.965496,32
8ef88d2157bb5984,64,0.28373,0,0,959,3,9,25,17.875,14.265625,0,0.286291,8.304407,32
22edd3f61a6922c0,64,0.307044,0,0,1252,3,10,30,19.34375,18.413086,0,0.318221,9.25612,32
e2ef935dca512df9,64,0.352183,0,0,1803,2,15,32,22.1875,12.183594,0,0.348825,13.149432,32
88c9b2cfe88811ba,64,0.351687,0,0,1795,2,14,30,22.15625,11.725586,0,0.35373,12.521326,32
37d91ac65bc6bfda,64,0.338294,0,0,1597,3,16,32,21.3125,11.339844,0,0.337708,12.767026,32
d1ef77e84764ebe2,64,0.345734,0,0,1699,2,14,32,21.78125,13.483398,0,0.342412,12.544622,32
a7a7b25e57952945,64,0.334325,0,0,1583,3,13,30,21.0625,14.839844,0,0.339427,11.706017,32
6843b0013674e570,64,0.349702,0,0,1780,2,13,31,22.03125,15.811523,0,0.347531,11.593025,32
e8bd8cdff6872d9c,64,0.345238,0,0,1738,2,13,31,21.75,15.625,0,0.349872,11.796702,32
8d100943eef01b1b,64,0.354167,0,0,1842,2,13,31,22.3125,12.964844,0,0.357274,11.906204,32
401dcb5c851efb40,64,0.352679,0,0,1803,2,14,31,22.21875,13.420898,0,0.350942,12.587108,32
9e84b2e364c8b4e6,64,0.354167,0,0,1806,3,16,31,22.3125,12.058594,0,0.349428,13.92352,32
c986a4cf0ba0f74e,64,0.350694,0,0,1860,2,12,33,22.09375,18.428711,0,0.363556,11.234243,32
1a4e471645e2208b,64,0.333333,0,0,1468,2,9,28,21.0,9.4375,0,0.320661,8.571366,32
7c03adbf78deed65,64,0.357639,0,0,1935,2,16,34,22.53125,18.155273,0,0.359612,13.610112,32
5724c2b0dc19c0dd,64,0.358135,0,0,1926,2,14,31,22.5625,12.714844,0,0.363344,12.662437,32
809db264caa87974,64,0.345734,0,0,1700,2,15,30,21.78125,10.264648,0,0.345879,13.152741,32
b9e4ef283a125537,64,0.354167,0,0,1874,3,14,34,22.3125,16.214844,0,0.358856,12.324996,32
a284cb4155ba489b,64,0.359127,0,0,1894,3,14,31,22.625,11.046875,0,0.354816,12.36054,32
4d8f87e2ecdd7612,64,0.354663,0,0,1888,2,14,32,22.34375,16.756836,0,0.362047,12.614358,32
9fd353e1724a593f,64,0.359127,0,0,1939,2,13,31,22.625,16.109375,0,0.36012,11.777411,32
da11abd9fe47ac9d,64,0.324901,0,0,1390,2,14,29,20.46875,8.655273,0,0.319836,11.810392,32
0a93513cd9bccbad,64,0.349206,0,0,1791,2,12,31,22.0,15.65625,0,0.353864,10.785514,32
21c026e976a32d20,64,0.361607,0,0,2000,2,15,30,22.78125,15.920898,0,0.366539,12.674085,32
132959c0ff6002e4,64,0.360119,0,0,1894,3,15,29,22.6875,9.464844,0,0.354015,13.1117,32
da87af1fefa69c99,64,0.352679,0,0,1873,2,9,31,22.21875,16.795898,0,0.359381,8.513742,32
4acb33e807b2a7ee,64,0.357639,0,0,1875,2,14,32,22.53125,14.467773,0,0.352869,12.918765,32
2d90b5701388b3d1,64,0.337798,0,0,1605,3,12,29,21.28125,12.202148,0,0.341395,11.056735,32
e55dad4acf353b92,64,0.361607,0,0,1956,2,11,31,22.78125,13.577148,0,0.360396,10.386939,32
e8c931f0e7242cc5,64,0.342262,0,0,1740,3,10,32,21.5625,20.308594,0,0.351574,9.368844,32
2e1965801cea0bce,64,0.353671,0,0,1832,2,14,30,22.28125,14.952148,0,0.350788,12.612047,32
84f492aced6beefa,64,0.33879,0,0,1638,2,13,34,21.34375,14.975586,0,0.341404,11.603306,32
5462a328941cda09,64,0.334325,0,0,1564,2,13,31,21.0625,13.964844,0,0.338263,11.607061,32
6aa8633c1ead7cff,64,0.363591,0,0,1969,2,15,30,22.90625,12.178711,0,0.355884,13.597591,32
021ffa633acfb505,64,0.350694,0,0,1772,2,14,34,22.09375,14.272461,0,0.347525,12.606659,32
0322107c9523bee1,64,0.342758,0,0,1676,2,14,29,21.59375,13.709961,0,0.341948,12.506746,32
d7c6da02c97ed87e,64,0.361607,0,0,1916,2,14,32,22.78125,10.420898,0,0.354511,12.950952,32
374f1d8223179e8b,64,0.352679,0,0,1801,3,9,29,22.21875,13.389648,0,0.351611,8.613323,32
bf9c69a2af8b89e5,64,0.337302,0,0,1653,2,8,31,21.25,18.46875,0,0.345745,7.561912,32
2e6b19328cc6a169,64,0.348214,0,0,1733,2,13,29,21.9375,12.683594,0,0.346118,12.063011,32
1a87d84a0fbe08e8,64,0.339782,0,0,1634,3,13,31,21.40625,14.709961,0,0.338476,11.651428,32
515a7d015d7023da,64,0.366071,0,0,2089,3,14,32,23.0625,15.621094,0,0.37457,12.566193,32
17e174d112d0878f,64,0.360615,0,0,1979,3,14,32,22.71875,17.077148,0,0.363879,12.565525,32
b97a5beb6fbc35de,64,0.353671,0,0,1828,3,12,30,22.28125,13.264648,0,0.352238,11.0803,32
0696e3095433a946,64,0.342758,0,0,1665,2,13,32,21.59375,11.959961,0,0.337009,11.817404,32
f8ef423dfa5f42ad,64,0.347718,0,0,1724,2,14,30,21.90625,12.178711,0,0.340701,12.16615,32
6a3fde02f9c1b875,64,0.343254,0,0,1694,2,12,34,21.625,16.546875,0,0.342675,11.014218,32
cf9a1f32f7ac80e0,64,0.350694,0,0,1733,2,15,31,22.09375,12.803711,0,0.338986,13.306276,32
1a058a5837c21da9,64,0.357143,0,0,1879,2,14,30,22.5,13.59375,0,0.355909,12.236245,32
979af425c74160bd,64,0.352679,0,0,1839,3,13,32,22.21875,17.420898,0,0.356329,11.890542,32
85273429ddd15e48,64,0.349702,0,0,1780,2,13,34,22.03125,14.967773,0,0.349071,11.504904,32
fd6ef6526d649cb9,64,0.33631,0,0,1625,3,12,30,21.1875,15.464844,0,0.344011,10.952534,32
d6543d6b5888b196,64,0.339782,0,0,1631,2,13,28,21.40625,10.928711,0,0.341171,11.678509,32
fd74289162f7427e,64,0.366567,0,0,2078,2,13,35,23.09375,16.741211,0,0.372446,12.09297,32
a8bc0aa8d04b1153,64,0.37748,0,0,2230,2,17,35,23.78125,16.889648,0,0.375752,14.6713,32
1a6b27654c9ff2a0,64,0.358135,0,0,1917,2,13,31,22.5625,13.027344,0,0.360601,12.135207,32
f06fddb77bc5fa88,64,0.33879,0,0,1599,2,13,32,21.34375,13.444336,0,0.33518,11.917588,32
6306f17385abf8e3,64,0.334821,0,0,1498,2,12,26,21.09375,9.584961,0,0.324747,11.038467,32
5ec0af53464d62e0,64,0.376488,0,0,2214,3,13,32,23.71875,15.764648,0,0.374227,12.220589,32
2f21e08ad6947b8e,64,0.361111,0,0,1991,3,13,32,22.75,16.8125,0,0.367975,11.676219,32
514909061e9afb56,64,0.363095,0,0,2050,2,14,31,22.875,16.953125,0,0.374821,12.771083,32
bc3eadb85a3a6f54,64,0.355159,0,0,1855,2,14,29,22.375,12.703125,0,0.357468,12.859096,32
7ae7567a56418d37,64,0.35119,0,0,1827,2,14,32,22.125,16.234375,0,0.353731,12.222652,32
2d7d7da60c5bbb95,64,0.360119,0,0,1912,3,17,30,22.6875,9.058594,0,0.357056,14.394957,32
95dce7660176abaf,64,0.357639,0,0,1855,2,14,30,22.53125,13.155273,0,0.349478,12.83447,32
f9f50c0868022ab3,64,0.354663,0,0,1896,3,15,29,22.34375,12.538086,0,0.364518,12.818092,32
43346f2ce1c07aa0,64,0.342758,0,0,1648,2,14,29,21.59375,11.834961,0,0.339109,12.408029,32
e639359b5825cd4a,64,0.354663,0,0,1773,2,16,28,22.34375,8.850586,0,0.343596,13.710202,32
2164919ed7a4bfbc,64,0.368552,0,0,2030,2,17,30,23.21875,10.014648,0,0.360435,14.240212,32
c2d8cd208cf8baf6,64,0.348214,0,0,1773,3,13,29,21.9375,14.277344,0,0.351733,11.487154,32
538a635319d903f0,64,0.355159,0,0,1897,3,15,31,22.375,15.390625,0,0.364479,12.696148,32
eecbc17a0730018b,64,0.346726,0,0,1677,2,14,29,21.84375,10.788086,0,0.338686,12.748824,32
3be0cc659b1bbf0e,64,0.337302,0,0,1575,2,15,28,21.25,9.625,0,0.336914,12.268926,32
42cc4448b0d34b0c,64,0.355159,0,0,1883,2,14,31,22.375,14.640625,0,0.35948,12.247427,32
3f4524e4c7c19532,64,0.360119,0,0,1919,3,13,30,22.6875,13.027344,0,0.356809,11.909875,32
6e1f24c7b8ca2f40,64,0.342262,0,0,1634,2,13,30,21.5625,11.808594,0,0.336566,11.458627,32
1ce1bc3fc5abbad8,64,0.330357,0,0,1530,3,10,30,20.8125,12.746094,0,0.338255,9.136293,32
70006fd9797604f3,64,0.344742,0,0,1714,2,12,29,21.71875,12.764648,0,0.348766,10.963687,32
3b8683385b5b58cb,64,0.335317,0,0,1648,2,13,32,21.125,19.609375,0,0.34848,11.142867,32
d8d9f2e1922eb4c3,64,0.371528,0,0,2083,2,15,31,23.40625,12.491211,0,0.362406,13.502871,32
ae5e614ef8c23e88,64,0.344246,0,0,1702,2,14,33,21.6875,15.621094,0,0.344197,12.470745,32
f27c8e0f86ca2b2a,64,0.336806,0,0,1533,2,14,29,21.21875,10.452148,0,0.328411,12.551093,32
b32c0b7ad53a6a0f,64,0.353671,0,0,1818,2,15,29,22.28125,12.264648,0,0.349497,13.191003,32
92a7011019b88b33,64,0.349702,0,0,1779,2,14,31,22.03125,13.124023,0,0.353291,12.55971,32
48bddb67b1688fbe,64,0.331349,0,0,1483,3,16,31,20.875,10.296875,0,0.330158,12.859732,32
d9f14384de6408f7,64,0.366071,0,0,2013,2,15,34,23.0625,12.121094,0,0.361724,13.523067,32
5a2e4b8d39fc40fa,64,0.349206,0,0,1768,2,13,29,22.0,12.8125,0,0.349724,11.812536,32
c660b3d6aca8e583,64,0.33879,0,0,1614,2,13,33,21.34375,15.413086,0,0.341332,11.507447,32
7c197bd9a6bd2941,64,0.352183,0,0,1814,2,14,33,22.1875,13.746094,0,0.353679,12.935117,32
ac8a6af5f2359e51,64,0.345734,0,0,1736,3,13,29,21.78125,11.764648,0,0.349919,11.875383,32
21806fc9af74473d,64,0.356647,0,0,1894,3,10,31,22.46875,13.842773,0,0.35658,9.262705,32
1c76890d862a96a6,64,0.347222,0,0,1750,2,14,31,21.875,14.109375,0,0.347857,11.956653,32
d9256b4960fb5e5d,64,0.351687,0,0,1819,2,14,32,22.15625,16.131836,0,0.351656,12.711871,32
aa82e277d8dd0b06,64,0.357639,0,0,1901,2,15,34,22.53125,12.749023,0,0.358221,13.341789,32
ee3a98891ee63540,64,0.340278,0,0,1605,2,11,31,21.4375,13.746094,0,0.334257,10.170221,32
6a959cabc1ee2424,64,0.347222,0,0,1727,2,14,32,21.875,13.890625,0,0.347072,12.437236,32
d2837d020c188896,64,0.345238,0,0,1827,2,12,35,21.75,20.84375,0,0.363087,10.667473,32
c018aa4194eb3eb3,64,0.359127,0,0,1905,2,14,30,22.625,11.140625,0,0.358874,12.340239,32
6d1019c1201b840e,64,0.335813,0,0,1575,2,11,28,21.15625,12.131836,0,0.336346,10.215922,32
e8d64591bd93434f,64,0.348214,0,0,1780,3,11,32,21.9375,15.777344,0,0.351032,10.07267,32
f5a3b830a404db97,64,0.347222,0,0,1788,2,11,34,21.875,16.890625,0,0.356336,9.949405,32
36a1247d3b80da3e,64,0.357639,0,0,1836,2,16,31,22.53125,12.780273,0,0.344415,13.817917,32
8c226e2fea429ac1,64,0.399802,0,0,2650,2,18,35,25.1875,13.871094,0,0.398352,16.214103,32
0a0c6ac516e4f812,64,0.404762,0,0,2706,2,17,32,25.5,9.9375,0,0.399371,15.552175,32
828e3be1704225be,64,0.409226,0,0,2819,2,18,36,25.78125,12.889648,0,0.404971,16.243608,32
861ec2924e18b13f,64,0.386409,0,0,2441,2,16,36,24.34375,16.975586,0,0.392626,14.157521,32
540e99495dc24b42,64,0.390873,0,0,2458,2,17,35,24.625,11.515625,0,0.389114,15.242078,32
729a3de80d48438d,64,0.41121,0,0,2869,2,15,35,25.90625,15.334961,0,0.408514,13.914623,32
dd194d04da56b463,64,0.394841,0,0,2504,2,17,32,24.875,9.203125,0,0.389373,15.138885,32
ccaaa98dd70e3c7a,64,0.408234,0,0,2831,2,16,32,25.71875,13.202148,0,0.409563,14.865638,32
d25a7ed9906e55ec,64,0.416667,0,0,3050,2,18,35,26.25,16.09375,0,0.420104,15.671378,32
802b1d9246263afd,64,0.408234,0,0,2875,2,16,35,25.71875,17.233398,0,0.415069,14.853845,32
d27aad6e27d4b1f5,64,0.40625,0,0,2727,2,15,33,25.59375,12.022461,0,0.398919,14.057721,32
fc1d31dea2154643,64,0.400794,0,0,2657,2,19,33,25.25,12.4375,0,0.397997,16.110801,32
ca2a8f29b21ccd15,64,0.391865,0,0,2471,2,16,34,24.6875,13.933594,0,0.388699,14.220031,32
23bf68c42dd25c90,64,0.396329,0,0,2573,2,18,34,24.96875,11.405273,0,0.396932,15.821131,32
9e198613ca6ab639,64,0.416667,0,0,2969,2,19,35,26.25,13.59375,0,0.41272,16.796791,32
e5746629347b445f,64,0.410218,0,0,2854,2,19,35,25.84375,14.475586,0,0.407411,16.286494,32
a6088bec6254059b,64,0.393849,0,0,2516,2,17,37,24.8125,14.464844,0,0.391708,15.396671,32
758870b1aa886ede,64,0.417163,0,0,3015,2,17,35,26.28125,13.045898,0,0.416381,15.559626,32
4f45be3959d4dbea,64,0.418651,0,0,2979,2,19,38,26.375,10.703125,0,0.411167,17.191269,32
5b5ee43bf8dcd6a4,64,0.397817,0,0,2605,2,16,35,25.0625,14.058594,0,0.396302,14.639404,32
7a0619f1e684cf22,64,0.388393,0,0,2486,2,13,35,24.46875,15.717773,0,0.397029,12.198458,32
87eaff737b8aa697,64,0.40129,0,0,2666,2,16,35,25.28125,13.014648,0,0.400066,14.816534,32
7c36b9bedb6df036,64,0.399306,0,0,2677,2,18,33,25.15625,13.850586,0,0.406579,15.733613,32
d0b9ffbe6ac5cdcf,64,0.420635,0,0,3109,2,18,38,26.5,17.125,0,0.421447,16.282497,32
a6839479b1669c7a,64,0.396825,0,0,2609,2,17,34,25.0,14.71875,0,0.399457,15.444359,32
b8e95aa6bd93ca03,64,0.410714,0,0,2898,2,18,40,25.875,16.078125,0,0.411429,16.163549,32
5195c80149b38183,64,0.414683,0,0,2963,2,17,35,26.125,14.359375,0,0.415842,15.727782,32
f24aaaa892777794,64,0.388393,0,0,2443,2,17,35,24.46875,16.905273,0,0.386689,15.213366,32
d59911b6282d4605,64,0.40873,0,0,2791,2,19,33,25.75,12.46875,0,0.40283,16.455829,32
71b716882ddd35dc,64,0.392361,0,0,2525,2,16,34,24.71875,16.858398,0,0.393818,14.405591,32
8648e92a463c5bd1,64,0.388889,0,0,2433,2,16,34,24.5,13.59375,0,0.387276,14.770756,32
59590f4d00eb5f3d,64,0.412698,0,0,2961,2,18,39,26.0,16.34375,0,0.418103,16.483694,32
b82cacc773115403,64,0.405258,0,0,2720,2,18,33,25.53125,13.999023,0,0.399049,15.560086,32
95ced7532b227a1e,64,0.400298,0,0,2634,2,20,34,25.21875,8.952148,0,0.398689,16.911484,32
317efbf5c85572f8,64,0.406746,0,0,2814,2,17,37,25.625,17.140625,0,0.40859,15.365805,32
f5af080350999a9f,64,0.401786,0,0,2736,2,15,34,25.3125,16.777344,0,0.40734,13.77308,32
5f735ac33711bdf9,64,0.426587,0,0,3221,2,17,35,26.875,14.328125,0,0.424714,15.907196,32
ba31e5d81e63f01f,64,0.422619,0,0,3192,2,18,35,26.625,16.640625,0,0.427551,16.311673,32
bfa0c5f8ae015c19,64,0.394841,0,0,2586,2,15,37,24.875,21.296875,0,0.392692,13.837184,32
b7b0a408f1116b69,64,0.38244,0,0,2297,3,14,32,24.09375,13.584961,0,0.378441,13.048541,32
77e6ec9095b27394,64,0.40625,0,0,2759,2,17,35,25.59375,13.553711,0,0.402114,15.560342,32
465f3f46f19c4c0c,64,0.381448,0,0,2313,2,16,35,24.03125,15.624023,0,0.382855,14.24215,32
99904f2000cff94c,64,0.41121,0,0,2828,2,18,35,25.90625,12.022461,0,0.404704,16.11444,32
d129c13005390149,64,0.394841,0,0,2565,2,17,35,24.875,15.890625,0,0.392305,15.075385,32
4e1d17546407e921,64,0.407242,0,0,2834,2,17,36,25.65625,17.069336,0,0.411319,15.710706,32
dbd438b4d2fac9f9,64,0.413194,0,0,2968,2,15,33,26.03125,16.624023,0,0.41765,14.09616,32
d51a59daeead01d0,64,0.397321,0,0,2564,2,17,34,25.03125,12.405273,0,0.392117,15.351962,32
c03cfdab309985c2,64,0.390377,0,0,2424,2,18,31,24.59375,10.834961,0,0.38471,15.463035,32
95080d65609d29e4,64,0.419147,0,0,3107,2,19,36,26.40625,17.053711,0,0.42599,16.681949,32
fa7ff9510b05510d,64,0.397817,0,0,2551,2,18,32,25.0625,9.527344,0,0.392014,16.01168,32
69e9f70514b15a3d,64,0.380952,0,0,2298,2,18,31,24.0,11.9375,0,0.382646,15.036322,32
6e91e5c4cf95e869,64,0.414683,0,0,3034,2,17,35,26.125,17.859375,0,0.424106,15.600588,32
2212ae54481f9528,64,0.40625,0,0,2802,2,18,38,25.59375,17.991211,0,0.409179,15.865835,32
fac82c8102c94dff,64,0.394841,0,0,2594,2,17,36,24.875,16.640625,0,0.399331,15.069512,32
c0e6dd36f8af1528,64,0.407242,0,0,2746,2,16,35,25.65625,12.819336,0,0.399517,14.853596,32
a2f9a8aba0993be5,64,0.389881,0,0,2454,2,17,37,24.5625,12.152344,0,0.392346,15.467123,32
a0017afbee6d1723,64,0.413194,0,0,2940,2,18,32,26.03125,13.061523,0,0.413675,16.064158,32
c1dcc9f36e8d5337,64,0.378472,0,0,2310,2,14,34,23.84375,13.725586,0,0.388702,13.111957,32
6636dd9a289b4fdd,64,0.397817,0,0,2581,2,17,33,25.0625,13.652344,0,0.393038,15.588456,32
1d5d11b5c1721f24,64,0.388889,0,0,2427,2,16,32,24.5,12.90625,0,0.388011,14.374012,32
e23e32e8b274b253,64,0.394841,0,0,2486,2,16,33,24.875,11.515625,0,0.386715,14.062823,32
e75e58e05ac0dcc3,64,0.390873,0,0,2460,2,17,32,24.625,12.015625,0,0.387304,15.257511,32
45a2ed2b58003e1d,64,0.401786,0,0,2706,2,18,37,25.3125,15.183594,0,0.401275,16.1797,32
443479405b522b5f,64,0.396329,0,0,2640,2,14,34,24.96875,16.280273,0,0.403182,13.040555,32
fa5e739b0f02af3b,64,0.417659,0,0,2969,2,20,35,26.3125,11.558594,0,0.411085,17.839275,32
0891eea9d461e0e0,64,0.416667,0,0,3000,2,17,34,26.25,12.3125,0,0.415165,15.128942,32
f71b95f7df275ab5,64,0.397817,0,0,2623,2,15,34,25.0625,14.777344,0,0.398661,13.980888,32
a01776065d8ba910,64,0.402778,0,0,2737,2,16,34,25.375,14.171875,0,0.406132,14.80394,32
d7fa3ac4fa5bed75,64,0.399802,0,0,2655,2,17,34,25.1875,15.121094,0,0.398205,15.693767,32
6f34ce97cb3d2a1c,64,0.420139,0,0,3061,2,14,35,26.46875,15.936523,0,0.417287,13.383611,32
cdd37a34799290cf,64,0.40625,0,0,2830,2,15,37,25.59375,16.584961,0,0.411313,13.995307,32
3c2f4739a6915f4d,64,0.40625,0,0,2748,2,19,35,25.59375,11.366211,0,0.403883,15.958178,32
c69c1a2233a9b95b,64,0.397817,0,0,2513,2,12,31,25.0625,9.777344,0,0.384617,11.391189,32
753f1d88a7b203bf,64,0.415675,0,0,2920,2,18,33,26.1875,11.246094,0,0.409818,16.484356,32
158aa67b90b88bff,64,0.400298,0,0,2655,2,17,33,25.21875,14.202148,0,0.399295,15.289359,32
a8058a18df929e48,64,0.400794,0,0,2655,2,19,33,25.25,13.59375,0,0.398847,15.808392,32
88bbdf62626294fc,64,0.391369,0,0,2574,3,16,34,24.65625,16.194336,0,0.402781,14.188338,32
9187a60cba7fe780,64,0.40625,0,0,2817,2,17,36,25.59375,15.084961,0,0.411986,15.476239,32
a9aa2b7dc873bd12,64,0.418155,0,0,3065,2,18,35,26.34375,15.506836,0,0.422965,16.077155,32
882300766d917cbb,64,0.405258,0,0,2767,2,18,38,25.53125,15.561523,0,0.406812,16.276122,32
43d08e56e787f942,64,0.400794,0,0,2709,2,11,34,25.25,16.03125,0,0.404077,10.582934,32
600c1d8f061126cb,64,0.399802,0,0,2646,2,13,33,25.1875,12.402344,0,0.399169,12.347062,32
93e47ff6d28f29f1,64,0.385913,0,0,2401,3,13,34,24.3125,13.464844,0,0.389506,11.964467,32
deae71bab2bd861d,64,0.386905,0,0,2417,2,14,36,24.375,16.984375,0,0.386886,13.143594,32
e9cf755efee87d5b,64,0.397321,0,0,2578,2,11,34,25.03125,13.749023,0,0.39303,10.50541,32
e41ecd4623eff461,64,0.410714,0,0,2909,2,16,36,25.875,14.171875,0,0.415086,14.685635,32
c7212f4c0ffb0a5e,64,0.415675,0,0,3000,2,16,35,26.1875,15.277344,0,0.415772,15.005202,32
e631c70a477ab718,64,0.385417,0,0,2403,2,16,37,24.28125,14.202148,0,0.38674,14.385791,32
98de2d542e71ad96,64,0.40625,0,0,2740,2,18,34,25.59375,12.084961,0,0.401028,16.528307,32
53343a299aafa43f,64,0.420139,0,0,3088,2,20,34,26.46875,13.280273,0,0.422718,17.170208,32
a8f2f07d61a52a8f,64,0.409722,0,0,2849,2,14,36,25.8125,15.496094,0,0.408225,13.303834,32
79661cf7cb88779a,64,0.402282,0,0,2794,2,17,36,25.34375,18.819336,0,0.411948,14.556414,32
34de06c1a33ba02a,64,0.415675,0,0,2913,2,19,35,26.1875,11.871094,0,0.407779,17.218215,32
1c1ef6c7b6b1987d,64,0.400794,0,0,2700,2,16,33,25.25,17.0625,0,0.402539,14.755744,32
91b8aacdf5f7f92c,64,0.392857,0,0,2553,2,14,33,24.75,15.78125,0,0.397819,13.203639,32
2ae4f8730c180a91,64,0.396825,0,0,2624,2,15,36,25.0,16.75,0,0.398588,13.685846,32
f9b1530bb9f0459b,64,0.400794,0,0,2667,2,17,33,25.25,15.1875,0,0.398495,14.943464,32
1133124e6142d092,64,0.399802,0,0,2660,2,17,32,25.1875,15.027344,0,0.398792,15.553318,32
dfa4ec38cf5fb934,64,0.381448,0,0,2308,2,16,34,24.03125,13.499023,0,0.379662,14.741227,32
f3c5e56958d6a155,64,0.394841,0,0,2520,2,16,36,24.875,14.359375,0,0.390718,14.70017,32
96b541960b922909,64,0.442956,0,0,3605,2,20,36,27.90625,13.584961,0,0.443023,18.322006,32
f9086c083ecc403d,64,0.46627,0,0,4150,2,22,37,29.375,11.171875,0,0.4614,20.23442,32
394b5ac262f0e104,64,0.472222,0,0,4373,2,23,38,29.75,14.28125,0,0.47018,20.316317,32
d2be33d6c0bdc6d5,64,0.456349,0,0,3935,2,21,37,28.75,14.6875,0,0.45262,19.01845,32
f37db9c720d0f598,64,0.453869,0,0,3921,2,19,40,28.59375,15.147461,0,0.45736,17.753225,32
a622a12de018a0a9,64,0.458829,0,0,4011,2,20,39,28.90625,15.616211,0,0.457171,18.701915,32
372812727398459d,64,0.454861,0,0,3852,2,21,35,28.65625,12.663086,0,0.448896,18.828077,32
fe7aaba4893ec947,64,0.417659,0,0,3011,2,19,39,26.3125,14.246094,0,0.41565,17.241544,32
58ef496bc2564a68,64,0.442956,0,0,3565,2,18,37,27.90625,13.272461,0,0.4383,16.954749,32
efc4f35f6c78bc2d,64,0.462798,0,0,4111,2,19,38,29.15625,14.163086,0,0.462124,18.023088,32
78beb3e457755b06,64,0.447917,0,0,3735,2,21,38,28.21875,15.702148,0,0.44681,18.667975,32
5a1a60db4ef2d802,64,0.447917,0,0,3650,2,19,35,28.21875,10.889648,0,0.439303,17.58597,32
b9c386ad77153585,64,0.455853,0,0,3951,2,20,38,28.71875,16.983398,0,0.454779,18.409355,32
c082a371ec56634e,64,0.451885,0,0,3784,2,19,37,28.46875,13.749023,0,0.44629,17.749566,32
415b222f52947f73,64,0.453373,0,0,3919,2,20,40,28.5625,15.871094,0,0.457696,18.162936,32
2e720465d59a2858,64,0.457341,0,0,4007,2,21,38,28.8125,15.589844,0,0.460337,18.777223,32
139cf82730fa89a1,64,0.456349,0,0,4023,2,20,40,28.75,17.71875,0,0.462181,18.514406,32
a2fdf051dba9e1e1,64,0.448909,0,0,3695,2,22,36,28.28125,11.514648,0,0.443643,19.046003,32
67b182f5d54f70d7,64,0.449901,0,0,3781,2,21,38,28.34375,14.506836,0,0.450413,18.984549,32
02e7fea8f6c8af94,64,0.440476,0,0,3505,2,20,35,27.75,12.90625,0,0.435182,18.263471,32
abcad6f76b48d0f0,64,0.456845,0,0,3972,2,17,38,28.78125,15.858398,0,0.454928,15.986014,32
e584d2dec3b3e446,64,0.461806,0,0,4087,2,20,38,29.09375,14.803711,0,0.462293,18.668144,32
bb6fd7a6f0659f8a,64,0.46131,0,0,4066,2,16,36,29.0625,15.558594,0,0.458514,15.351021,32
1df7a710b230d076,64,0.441964,0,0,3544,2,20,36,27.84375,11.069336,0,0.437837,18.270961,32
c31f0c0f10be32f4,64,0.448413,0,0,3738,2,22,37,28.25,13.125,0,0.448502,18.742076,32
bb28acafe02f7ce1,64,0.450397,0,0,3802,2,20,39,28.375,13.796875,0,0.451529,17.95669,32
0bff803108c6528d,64,0.448909,0,0,3764,2,19,37,28.28125,15.733398,0,0.449571,17.760535,32
f2a32b0c7cd72443,64,0.4375,0,0,3445,2,20,33,27.5625,9.527344,0,0.436059,17.81806,32
9f38db3a59966af6,64,0.437996,0,0,3493,2,20,39,27.59375,16.772461,0,0.437217,17.766249,32
bd57d6eef4558c7c,64,0.440972,0,0,3588,2,19,36,27.78125,16.670898,0,0.444006,17.355486,32
75c31344a4b835c4,64,0.437004,0,0,3465,2,16,34,27.53125,13.374023,0,0.436045,15.285981,32
d99315ca88ce678b,64,0.456349,0,0,3978,2,20,38,28.75,17.71875,0,0.458601,18.225289,32
8bac9da90dbd94e0,64,0.452877,0,0,3858,2,16,37,28.53125,15.905273,0,0.452682,15.197923,32
4b306bc81006239e,64,0.444444,0,0,3632,2,19,37,28.0,13.8125,0,0.440797,17.543382,32
afea56d6674b9a9d,64,0.437004,0,0,3479,2,18,35,27.53125,15.999023,0,0.439313,16.740969,32
182048888742c37b,64,0.449405,0,0,3694,2,20,35,28.3125,11.933594,0,0.442157,18.66914,32
b23ec714aaa51c69,64,0.438988,0,0,3518,2,19,34,27.65625,13.694336,0,0.43865,17.589939,32
0ec06241ba84724c,64,0.456349,0,0,3937,2,22,38,28.75,15.84375,0,0.455576,18.984866,32
f0cc8e88802b430d,64,0.456349,0,0,3966,2,19,39,28.75,15.1875,0,0.457014,17.792608,32
931843b761ec8888,64,0.448909,0,0,3783,2,19,39,28.28125,14.577148,0,0.451976,17.128615,32
925320516c6524c0,64,0.453869,0,0,3936,2,17,36,28.59375,18.241211,0,0.458103,15.504091,32
0be9d790ad39d5f8,64,0.459325,0,0,3934,2,22,40,28.9375,10.402344,0,0.450777,19.6771,32
bcbd3af4b3b43553,64,0.433532,0,0,3387,2,17,35,27.3125,15.402344,0,0.432312,16.033182,32
a8b9a67b070a7a58,64,0.468254,0,0,4258,2,18,39,29.5,15.78125,0,0.466221,17.125271,32
d0bc43915139dd0f,64,0.436508,0,0,3477,2,19,35,27.5,14.78125,0,0.43907,16.945029,32
37b062b3a8b3aec0,64,0.4375,0,0,3498,2,21,36,27.5625,16.277344,0,0.43803,18.103249,32
6962b1a842871a8a,64,0.454365,0,0,3957,2,17,37,28.625,16.171875,0,0.460373,15.825769,32
f8d192ae070f04cb,64,0.450397,0,0,3794,2,21,38,28.375,15.765625,0,0.447814,18.784289,32
7e17ccd2420f8a6b,64,0.430556,0,0,3270,2,20,36,27.125,12.046875,0,0.42413,17.623185,32
fa6e658e13b32b59,64,0.461806,0,0,4143,2,20,38,29.09375,16.834961,0,0.467047,17.756044,32
a8b99cad79ddeb85,64,0.446925,0,0,3734,2,17,36,28.15625,16.069336,0,0.448724,16.111726,32
0c063d1901f2f176,64,0.455357,0,0,3939,2,16,40,28.6875,19.121094,0,0.452956,15.215231,32
1fc5c48e168dc3ef,64,0.460813,0,0,4029,2,18,36,29.03125,15.530273,0,0.45503,17.143584,32
c03d4f3622e52de4,64,0.464782,0,0,4213,2,17,38,29.28125,19.014648,0,0.465191,16.006653,32
9d1d06370010852b,64,0.457341,0,0,3947,2,19,36,28.8125,15.496094,0,0.455166,17.942958,32
9c56327578ed8d81,64,0.450893,0,0,3813,2,19,38,28.40625,14.178711,0,0.451784,17.694595,32
1640e7622aba6c3a,64,0.443948,0,0,3610,2,18,37,27.96875,13.936523,0,0.441365,17.028251,32
5fb6b69e3166692b,64,0.458333,0,0,3990,2,22,36,28.875,12.671875,0,0.456998,19.441581,32
47007988d512143b,64,0.455853,0,0,3932,2,20,37,28.71875,15.108398,0,0.456023,18.507761,32
2abc4998edf32d97,64,0.450893,0,0,3763,2,18,36,28.40625,14.397461,0,0.446544,16.943463,32
4cb665dad31940bb,64,0.456845,0,0,4017,2,18,36,28.78125,21.764648,0,0.458313,16.842892,32
dae3c53a826a9d64,64,0.441964,0,0,3583,2,20,39,27.84375,16.006836,0,0.440712,17.30906,32
5ab5d21ad538af1c,64,0.428571,0,0,3228,2,20,36,27.0,12.53125,0,0.422179,16.836533,32
2994f7be10a28a5d,64,0.451885,0,0,3781,2,21,37,28.46875,11.499023,0,0.446813,19.028338,32
619571b1a4cb6422,64,0.461806,0,0,4153,2,20,38,29.09375,18.491211,0,0.467133,18.157529,32
6fa5cd36376e8398,64,0.445933,0,0,3684,2,20,37,28.09375,13.709961,0,0.445761,18.192588,32
7d9f05821d1d08ce,64,0.443452,0,0,3734,2,18,37,27.9375,21.621094,0,0.453025,16.714621,32
212932f1a6c1dc21,64,0.440972,0,0,3571,2,18,39,27.78125,16.358398,0,0.441325,16.536719,32
962d82d885f3e109,64,0.434028,0,0,3384,2,19,35,27.34375,13.381836,0,0.430701,17.190557,32
c8dbd8c762f913ba,64,0.440476,0,0,3568,2,19,38,27.75,14.78125,0,0.441403,16.981713,32
3fd488294cfac76f,64,0.448909,0,0,3752,2,16,37,28.28125,14.514648,0,0.44663,15.159794,32
b7deca302d803e30,64,0.437004,0,0,3475,2,20,40,27.53125,17.561523,0,0.437414,17.679004,32
94cc14620f15067d,64,0.455357,0,0,3862,2,21,38,28.6875,12.277344,0,0.449507,19.524582,32
d8bed306ed61eac1,64,0.441468,0,0,3603,2,18,37,27.8125,16.183594,0,0.444599,16.789133,32
d9c3a37d20c8a9f1,64,0.445437,0,0,3607,2,22,36,28.0625,9.558594,0,0.440824,19.350215,32
ba7b49f5363e38af,64,0.461806,0,0,4088,2,22,40,29.09375,15.022461,0,0.46174,19.771032,32
a85ced6dc170724d,64,0.439484,0,0,3549,2,16,37,27.6875,15.121094,0,0.442391,15.090082,32
9be9ef528096632b,64,0.460813,0,0,4026,2,22,38,29.03125,13.499023,0,0.457644,19.956468,32
08d9f0aa6157230d,64,0.434524,0,0,3423,2,19,38,27.375,15.015625,0,0.434646,17.156442,32
0653f31834609d2a,64,0.451885,0,0,3882,2,19,36,28.46875,17.467773,0,0.455717,17.474451,32
693348ca5eb5c6c5,64,0.44246,0,0,3605,2,18,37,27.875,13.921875,0,0.444269,16.652235,32
069af916260681d3,64,0.445933,0,0,3705,2,20,38,28.09375,15.647461,0,0.449029,18.109142,32
d1835cfb583cc47c,64,0.445437,0,0,3678,2,17,35,28.0625,16.558594,0,0.444774,16.090292,32
ef088d38281ab082,64,0.469742,0,0,4306,2,21,39,29.59375,12.991211,0,0.469667,18.963616,32
bee7aa347ccfd5f5,64,0.458829,0,0,4114,2,18,40,28.90625,20.647461,0,0.469304,16.913909,32
8396b08c03d23a53,64,0.430556,0,0,3352,2,19,37,27.125,13.828125,0,0.433883,17.653144,32
9a2751f799b29e58,64,0.448909,0,0,3737,2,20,37,28.28125,13.452148,0,0.445455,18.183412,32
6650d2ee2cd85624,64,0.459325,0,0,3940,2,22,39,28.9375,11.464844,0,0.450994,19.754388,32
e6ce1bcc043f98d7,64,0.452381,0,0,3865,2,20,38,28.5,13.65625,0,0.455354,18.141459,32
0574540bb6663515,64,0.46131,0,0,4101,2,22,41,29.0625,15.121094,0,0.464197,19.118068,32
72fca0f680b28740,64,0.447917,0,0,3668,2,22,36,28.21875,11.733398,0,0.441448,19.291068,32
84ea15c267e6313e,64,0.46379,0,0,4177,2,17,37,29.21875,17.077148,0,0.466348,16.160124,32
8c6ebaccf6e36f54,64,0.426091,0,0,3312,2,17,37,26.84375,18.163086,0,0.436317,15.470256,32
acb1587d78d13f56,64,0.433036,0,0,3427,2,17,35,27.28125,15.233398,0,0.438251,16.089983,32
5c8dad3bcc025e47,64,0.451885,0,0,3781,2,20,36,28.46875,12.530273,0,0.447219,18.154467,32
de7e7658641a3a45,64,0.447917,0,0,3778,2,19,40,28.21875,19.452148,0,0.453031,17.398818,32
d991838e09127872,64,0.456349,0,0,3994,2,19,38,28.75,17.4375,0,0.460452,17.684479,32
43ddd48480140a5b,64,0.443452,0,0,3643,2,19,36,27.9375,14.652344,0,0.447263,17.345581,32
dcdb1de038b4c2a2,64,0.445437,0,0,3685,2,16,37,28.0625,13.902344,0,0.447435,15.062975,32
e7c25c1e4051550a,64,0.445437,0,0,3721,2,20,37,28.0625,18.714844,0,0.44801,17.817012,32
a8df5d61f5b1abc8,64,0.491567,0,0,4975,2,22,41,30.96875,17.342773,0,0.494519,20.49586,32
e2ab2ea669669c9d,64,0.5,0,0,5170,2,24,40,31.5,13.6875,0,0.497267,21.850942,32
3d18b10c5a6d21fe,64,0.493056,0,0,4986,2,23,42,31.0625,15.996094,0,0.493308,21.127157,32
220265375be9f75f,64,0.498016,0,0,5047,2,21,40,31.375,14.078125,0,0.489857,19.884379,32
8e60b652fa2314c5,64,0.505456,0,0,5423,2,23,40,31.84375,18.444336,0,0.507638,21.186796,32
3ce270122adf3c14,64,0.496528,0,0,5157,2,22,39,31.28125,17.327148,0,0.501147,19.81622,32
39079124562a92f5,64,0.484623,0,0,4811,2,19,44,30.53125,17.592773,0,0.490188,18.093518,32
c78ac52a5c37d411,64,0.498016,0,0,5226,2,21,40,31.375,19.671875,0,0.504333,19.21349,32
78ab3ba3290b1a69,64,0.504464,0,0,5316,2,24,40,31.78125,14.389648,0,0.502523,21.30256,32
bc2e907ef46c267f,64,0.501984,0,0,5266,2,23,41,31.625,14.921875,0,0.501989,21.337498,32
10bea314cff498d2,64,0.49752,0,0,5181,2,20,45,31.34375,17.819336,0,0.500403,18.999663,32
556616ef7a04dadf,64,0.519841,0,0,5798,2,25,42,32.75,12.59375,0,0.516757,22.893132,32
7866948c235c35dd,64,0.500496,0,0,5163,2,24,43,31.53125,14.749023,0,0.496463,21.695995,32
cae1d553b6ebd92e,64,0.497024,0,0,5036,2,24,38,31.3125,8.464844,0,0.494295,22.251447,32
16c288b7a72ae87d,64,0.499504,0,0,5183,2,23,41,31.46875,15.092773,0,0.499261,21.066939,32
f2e34a0af27dcb15,64,0.49256,0,0,5016,2,23,39,31.03125,16.061523,0,0.496617,20.710747,32
9ba712b86bcf8acf,64,0.503968,0,0,5341,2,22,40,31.75,15.59375,0,0.505971,20.579898,32
73e1f68f752a1ac8,64,0.501984,0,0,5215,2,24,41,31.625,13.484375,0,0.49836,21.653594,32
899308e5254cb051,64,0.488095,0,0,4927,2,20,40,30.75,18.53125,0,0.494981,18.794404,32
565735747204e07a,64,0.528274,0,0,6102,2,23,42,33.28125,13.764648,0,0.525989,21.740561,32
06db5fa0ee754804,64,0.49752,0,0,5068,2,23,38,31.34375,12.350586,0,0.494897,20.992412,32
366116789c486638,64,0.503472,0,0,5329,2,23,41,31.71875,19.952148,0,0.502967,20.806523,32
18991eba549a2e55,64,0.50744,0,0,5491,2,23,41,31.96875,17.342773,0,0.510778,20.803869,32
8ead7c9da5082a50,64,0.516369,0,0,5703,2,26,41,32.53125,11.374023,0,0.516485,22.626514,32
9938f39a469ab6a0,64,0.500992,0,0,5231,2,22,39,31.5625,15.527344,0,0.500369,20.069965,32
1183e796f4e9f1a0,64,0.509425,0,0,5492,2,21,44,32.09375,17.522461,0,0.506878,19.923582,32
68eb447b48856c37,64,0.494048,0,0,5031,2,19,38,31.125,16.171875,0,0.494641,18.169274,32
473322e910d94de5,64,0.493552,0,0,5040,2,22,40,31.09375,20.272461,0,0.494067,19.883399,32
2a2918ea35bd9b27,64,0.500992,0,0,5260,2,22,39,31.5625,16.027344,0,0.502899,20.311781,32
1882d01bd87b544c,64,0.499008,0,0,5122,2,21,39,31.4375,12.246094,0,0.496115,19.843781,32
cfaae3356755e073,64,0.498016,0,0,5161,2,24,40,31.375,15.203125,0,0.499432,21.488084,32
c2f4d9a0ca9824bd,64,0.504464,0,0,5331,2,24,39,31.78125,11.764648,0,0.50619,21.961636,32
fb1e564de7e1f3dd,64,0.500992,0,0,5253,2,23,41,31.5625,19.652344,0,0.500275,20.787674,32
fc07f3c2f0164d3e,64,0.492063,0,0,4963,2,24,41,31.0,15.15625,0,0.492884,21.299583,32
863f94a8fa35acbb,64,0.491567,0,0,4860,2,23,41,30.96875,13.092773,0,0.484914,20.949335,32
7f9848e0b07c814d,64,0.491567,0,0,4976,2,21,43,30.96875,18.967773,0,0.492985,19.610965,32
c39dd953d25dd034,64,0.510417,0,0,5625,2,22,45,32.15625,22.569336,0,0.515236,20.462924,32
e250d68c04891441,64,0.507937,0,0,5504,2,23,43,32.0,20.59375,0,0.509616,21.193357,32
68dff5860c9062b4,64,0.510913,0,0,5611,2,23,41,32.1875,19.214844,0,0.514647,21.241818,32
fd46e1500eb2bb49,64,0.493552,0,0,4963,2,21,41,31.09375,15.584961,0,0.489925,19.915397,32
afc8e6c20b5b0dc0,64,0.490079,0,0,4850,2,21,40,30.875,13.046875,0,0.486175,19.607064,32
fc78fadeacc64a5b,64,0.498512,0,0,5067,2,24,39,31.40625,11.928711,0,0.491943,21.906722,32
072d959fdfbf9253,64,0.500496,0,0,5202,2,23,42,31.53125,14.186523,0,0.50053,21.256437,32
690d2006be04f64c,64,0.499504,0,0,5279,2,20,40,31.46875,18.999023,0,0.507749,19.025921,32
532e15f8e26c677c,64,0.507937,0,0,5475,2,23,42,32.0,17.125,0,0.510292,21.098823,32
63d747f0303c68db,64,0.495536,0,0,5070,2,20,39,31.21875,13.952148,0,0.496608,19.00538,32
bad385e98d774953,64,0.50496,0,0,5333,2,23,40,31.8125,14.964844,0,0.504668,21.183965,32
f4d28c42f4322308,64,0.523313,0,0,5985,2,24,42,32.96875,14.530273,0,0.525544,22.070381,32
ff36796c909ce1c7,64,0.501488,0,0,5278,2,24,42,31.59375,16.678711,0,0.503099,21.617748,32
92085c20b684213e,64,0.505456,0,0,5374,2,25,44,31.84375,14.225586,0,0.505187,22.722965,32
3bf0e85fd9c94007,64,0.501984,0,0,5357,2,22,40,31.625,18.609375,0,0.507887,20.053788,32
adbeecd3147d0ee2,64,0.480655,0,0,4631,2,22,40,30.28125,15.577148,0,0.481513,20.016794,32
82eaf092809bea12,64,0.487599,0,0,4810,2,21,39,30.71875,16.670898,0,0.485883,19.953424,32
19722061826e0ad3,64,0.476687,0,0,4501,2,20,39,30.03125,15.967773,0,0.474888,18.561067,32
f66a748edd7d2a07,64,0.500496,0,0,5180,2,24,43,31.53125,14.780273,0,0.497362,21.840774,32
5fd730e7c2c13e4f,64,0.504464,0,0,5289,2,26,44,31.78125,13.702148,0,0.500519,22.912366,32
66f149f90ee4cb12,64,0.511409,0,0,5580,2,24,41,32.21875,17.545898,0,0.513599,22.175838,32
c4f5387f92d53d2e,64,0.503472,0,0,5287,2,24,40,31.71875,12.295898,0,0.502489,21.491404,32
510ea89f7c1f5c00,64,0.494048,0,0,4992,2,21,40,31.125,15.734375,0,0.491519,19.718727,32
33acabb8978647d1,64,0.510913,0,0,5518,2,24,42,32.1875,14.652344,0,0.507944,22.159146,32
4f04eebd99c54d51,64,0.490575,0,0,4967,2,19,39,30.90625,18.803711,0,0.494964,18.085648,32
5a6eb7ebcd710d53,64,0.499504,0,0,5190,2,23,41,31.46875,17.124023,0,0.499125,20.891322,32
4b2ca47f813c6597,64,0.489087,0,0,4866,2,22,41,30.8125,14.558594,0,0.488893,20.589099,32
674fee8206bdcd26,64,0.509425,0,0,5547,2,21,42,32.09375,17.428711,0,0.511951,19.66527,32
0efe4d41cac9ba5a,64,0.508433,0,0,5443,2,21,39,32.03125,13.217773,0,0.507557,20.15972,32
4734e5efd4015d72,64,0.498016,0,0,5151,2,22,41,31.375,15.828125,0,0.497946,20.442886,32
c237d6f60911660a,64,0.495536,0,0,4987,2,23,41,31.21875,13.483398,0,0.488481,21.309032,32
dd49a8d9b3e764e9,64,0.488095,0,0,4835,2,21,39,30.75,14.9375,0,0.488035,19.543401,32
483cb6fb0cbf23ae,64,0.505456,0,0,5344,2,23,39,31.84375,9.694336,0,0.505163,21.344651,32
519d756d77848045,64,0.499008,0,0,5200,2,21,43,31.4375,16.777344,0,0.500303,19.936134,32
bb8808b7029a0478,64,0.494544,0,0,4939,2,24,38,31.15625,9.819336,0,0.48735,21.892265,32
69e03b2edd613d41,64,0.499504,0,0,5216,2,21,43,31.46875,15.280273,0,0.503249,19.89594,32
1990a4d24a655a5d,64,0.513393,0,0,5603,2,24,41,32.34375,12.475586,0,0.510349,22.152129,32
30df2d8ffc704366,64,0.500496,0,0,5187,2,21,42,31.53125,15.936523,0,0.498208,19.797279,32
bdd8ba1dabde2ef0,64,0.513889,0,0,5682,2,23,42,32.375,16.578125,0,0.515704,21.478635,32
7906f8ff49cd1cc9,64,0.5,0,0,5139,2,23,40,31.5,14.03125,0,0.494772,21.412504,32
31dd3c75aad588de,64,0.499504,0,0,5120,2,24,40,31.46875,13.561523,0,0.492924,21.828599,32
6d8d6dcac37ffaeb,64,0.486111,0,0,4776,2,22,39,30.625,14.046875,0,0.486447,20.345111,32
3e2858e3eb6bc2c3,64,0.486111,0,0,4841,2,20,38,30.625,17.921875,0,0.489868,18.854489,32
d5b5584973d00d19,64,0.5,0,0,5156,2,21,43,31.5,14.53125,0,0.496152,19.858636,32
e8c0421368c334a0,64,0.479663,0,0,4676,2,22,41,30.21875,20.202148,0,0.486823,19.549453,32
a1356ab3c7281067,64,0.483135,0,0,4651,2,22,39,30.4375,12.433594,0,0.479737,20.402447,32
a6bf05b535a2276c,64,0.500992,0,0,5171,2,22,37,31.5625,11.777344,0,0.496172,20.664255,32
1e5558bae1b4b7b5,64,0.508929,0,0,5599,2,22,42,32.0625,21.433594,0,0.516531,20.305171,32
7e90312836196657,64,0.494544,0,0,5043,2,20,42,31.15625,19.538086,0,0.493462,19.042379,32
2c8783e842c9260f,64,0.495536,0,0,5039,2,23,41,31.21875,13.108398,0,0.493594,20.939767,32
ea2c4465e6c00f88,64,0.496528,0,0,5164,2,21,44,31.28125,18.795898,0,0.501623,19.840777,32
5ba67efcc998caaa,64,0.520337,0,0,5931,2,23,44,32.78125,21.077148,0,0.525012,21.340146,32
2e1644123c532e64,64,0.503472,0,0,5344,2,25,42,31.71875,15.952148,0,0.507044,21.85539,32
93d345a03de52250,64,0.499504,0,0,5116,2,24,39,31.46875,12.186523,0,0.49558,21.679498,32
accea2e83b8776a2,64,0.484127,0,0,4721,2,21,37,30.5,16.75,0,0.482552,19.600796,32
8259940609c929a1,64,0.508929,0,0,5642,2,23,46,32.0625,23.183594,0,0.516937,20.98016,32
714e47d597dda21b,64,0.503472,0,0,5375,2,24,39,31.71875,18.827148,0,0.506933,21.364241,32
e1aef8923143dba5,64,0.476687,0,0,4535,2,22,39,30.03125,16.311523,0,0.480513,20.298701,32
79496004899db34e,64,0.518353,0,0,5803,2,26,45,32.65625,16.975586,0,0.516982,23.18725,32
a5921cab70ef557d,64,0.500496,0,0,5128,2,26,38,31.53125,8.811523,0,0.495536,22.690102,32
c9d0bcdc809e186f,64,0.513889,0,0,5525,2,21,39,32.375,10.921875,0,0.504341,20.04786,32
a3e085327e35ccfa,64,0.482639,0,0,4721,2,21,40,30.40625,18.366211,0,0.48742,19.639072,32
d5de57c942b40465,64,0.500992,0,0,5270,2,21,42,31.5625,17.152344,0,0.502625,19.739704,32
f86fa2e05b646bff,64,0.493056,0,0,4982,2,22,42,31.0625,12.902344,0,0.493366,20.429679,32
da8e545199e62d79,64,0.527282,0,0,6147,2,20,45,33.21875,17.764648,0,0.530627,19.196058,32
f8be0b4051e1c672,64,0.539683,0,0,6415,2,28,43,34.0,9.625,0,0.53154,25.223999,32
f50fda1ce9d76ee3,64,0.56002,0,0,7315,2,23,44,35.28125,13.420898,0,0.561489,22.112797,32
864182f519725b9c,64,0.540675,0,0,6529,2,26,43,34.0625,12.933594,0,0.53829,24.049167,32
06eee22ec052a11f,64,0.558532,0,0,7250,2,26,45,35.1875,17.089844,0,0.557498,24.337974,32
609f1a371098db4b,64,0.563988,0,0,7411,2,26,42,35.53125,12.217773,0,0.561339,24.547377,32
b1994a75f7eab305,64,0.537698,0,0,6392,2,25,42,33.875,11.015625,0,0.533253,23.433016,32
b10b7493d5f80938,64,0.535218,0,0,6390,2,25,43,33.71875,14.014648,0,0.536067,23.455816,32
612aa961c6d9b2d8,64,0.563988,0,0,7408,2,29,42,35.53125,10.717773,0,0.562027,26.251636,32
e837c3216f93c147,64,0.547619,0,0,6793,2,24,44,34.5,16.53125,0,0.544034,22.797076,32
40303e448050d885,64,0.573413,0,0,7924,2,26,48,36.125,18.078125,0,0.57789,24.232743,32
ee1149f572460829,64,0.537202,0,0,6483,2,24,42,33.84375,15.256836,0,0.540375,22.601295,32
5a169ae612fbd1c5,64,0.532242,0,0,6271,2,23,41,33.53125,14.280273,0,0.532826,21.864185,32
db470a3c843a71f1,64,0.546131,0,0,6788,2,27,44,34.40625,13.897461,0,0.547541,24.323897,32
10bea28dc5f63cf0,64,0.539187,0,0,6643,2,23,44,33.96875,21.749023,0,0.546813,21.952381,32
ada96480fa31b744,64,0.553571,0,0,7179,2,24,46,34.875,21.296875,0,0.561142,22.90418,32
bf4eaa37320b0148,64,0.538194,0,0,6446,2,27,40,33.90625,10.928711,0,0.537064,24.611098,32
9670951fb888f6cd,64,0.550099,0,0,6886,2,25,43,34.65625,12.725586,0,0.547762,23.850209,32
16de56fc2e89b471,64,0.559028,0,0,7297,2,24,42,35.21875,13.827148,0,0.561536,22.855588,32
dbe95689a64ad294,64,0.556052,0,0,7270,2,21,44,35.03125,20.405273,0,0.564342,20.3303,32
7f24cf577ee85178,64,0.549603,0,0,6882,2,28,45,34.625,14.890625,0,0.548581,25.014548,32
1455dc5a54dc7a81,64,0.539187,0,0,6474,2,27,42,33.96875,13.092773,0,0.536861,24.298462,32
47ffc6e971dbbf36,64,0.551091,0,0,7026,2,25,46,34.71875,18.827148,0,0.554315,23.574627,32
7caf938f16fbbc97,64,0.521825,0,0,5873,2,26,41,32.875,12.078125,0,0.520443,23.495519,32
b0610c0b28adbc2e,64,0.56994,0,0,7714,2,27,47,35.90625,16.428711,0,0.569269,25.165624,32
75dd343475f7a70d,64,0.550595,0,0,6946,2,23,46,34.6875,14.933594,0,0.550013,22.11897,32
b7831b2458c73ea8,64,0.592758,0,0,8603,2,32,46,37.34375,11.569336,0,0.58932,28.193107,32
f2c4837b24906094,64,0.561012,0,0,7385,2,27,46,35.34375,18.538086,0,0.562553,24.791822,32
5a7ce981fe08cf2d,64,0.563492,0,0,7447,2,28,45,35.5,13.8125,0,0.564162,25.532915,32
6fd9bd535901793b,64,0.562004,0,0,7408,2,24,44,35.40625,17.241211,0,0.562854,22.666683,32
36fea0acbdc2f8c8,64,0.542163,0,0,6710,2,26,43,34.15625,17.225586,0,0.548221,23.589522,32
b7c92d9356b8b1b5,64,0.534226,0,0,6374,2,26,45,33.65625,15.319336,0,0.537005,22.938102,32
5b12020c09528245,64,0.546131,0,0,6738,2,26,43,34.40625,13.741211,0,0.544318,24.175089,32
bc2bf8c9d58de721,64,0.555556,0,0,7070,2,27,43,35.0,12.0625,0,0.55164,25.312278,32
43a9e008a225bc3c,64,0.565972,0,0,7598,2,24,45,35.65625,19.163086,0,0.56853,22.874949,32
5f142b8f466db072,64,0.570437,0,0,7788,2,29,44,35.9375,17.652344,0,0.574567,25.545448,32
5a9c5bba6a8c3193,64,0.56002,0,0,7320,2,24,44,35.28125,15.202148,0,0.560598,22.988186,32
86036ec5ff20c091,64,0.549107,0,0,6936,2,26,44,34.59375,17.928711,0,0.552819,23.516238,32
74de69e043a41adf,64,0.53869,0,0,6478,2,25,42,33.9375,13.152344,0,0.537399,23.270929,32
3ba19d0838778389,64,0.554067,0,0,7042,2,27,42,34.90625,12.366211,0,0.552128,25.038475,32
3ffc980b91607b58,64,0.542659,0,0,6640,2,26,43,34.1875,13.027344,0,0.543122,23.974609,32
f3665c9a4b2d1360,64,0.547619,0,0,6961,2,22,47,34.5,22.3125,0,0.554804,21.022743,32
d58a596a21590a89,64,0.541667,0,0,6614,2,21,43,34.125,17.671875,0,0.541089,20.285015,32
20c30c1b4f8f3eb2,64,0.554067,0,0,6968,2,29,43,34.90625,11.709961,0,0.547004,26.327622,32
8bdc07da89ace8d1,64,0.539683,0,0,6408,2,26,41,34.0,8.75,0,0.531766,24.528971,32
a54c376dd098db40,64,0.55506,0,0,7122,2,26,44,34.96875,14.499023,0,0.555959,23.561765,32
2691ac1d17602bd7,64,0.532242,0,0,6175,2,27,41,33.53125,10.467773,0,0.5257,24.327172,32
7cca3cbffeab8165,64,0.559028,0,0,7328,2,23,47,35.21875,17.014648,0,0.561384,21.96967,32
c0a1685fe2e225eb,64,0.550099,0,0,6972,2,26,45,34.65625,19.413086,0,0.552673,23.782796,32
908e257d13af7a1b,64,0.55506,0,0,7133,2,24,45,34.96875,16.124023,0,0.555186,22.948375,32
484c42f033759d31,64,0.531746,0,0,6192,2,26,41,33.5,12.75,0,0.526336,23.716166,32
2aceaafed9ddafca,64,0.556548,0,0,7153,2,27,43,35.0625,12.996094,0,0.555771,24.96215,32
238f2cd33d830dda,64,0.541667,0,0,6605,2,26,41,34.125,13.671875,0,0.542094,24.212821,32
aafd8f82657af069,64,0.553571,0,0,7006,2,28,41,34.875,11.296875,0,0.550602,25.430473,32
d87fc2767f2c72fb,64,0.5625,0,0,7410,2,27,45,35.4375,14.214844,0,0.562957,25.415682,32
29748e38a67460af,64,0.543155,0,0,6692,2,26,43,34.21875,17.952148,0,0.544648,23.922333,32
71f9b65a7de16662,64,0.543155,0,0,6689,2,27,44,34.21875,13.608398,0,0.544917,24.840037,32
dd55fb06c8ce7054,64,0.540179,0,0,6425,2,27,40,34.03125,8.999023,0,0.531544,24.656964,32
3239ffb21c5877f4,64,0.544147,0,0,6736,2,24,43,34.28125,14.858398,0,0.546063,22.693613,32
9f773aae3a6b8d37,64,0.562996,0,0,7394,2,27,45,35.46875,13.249023,0,0.562134,25.008229,32
c87042b04b29daed,64,0.55506,0,0,7085,2,26,44,34.96875,13.342773,0,0.553584,24.480815,32
4ead5a13531cb99f,64,0.563988,0,0,7534,2,24,44,35.53125,19.530273,0,0.567287,22.661185,32
733041de7bc18c0c,64,0.529266,0,0,6149,2,20,42,33.34375,15.944336,0,0.527175,19.247635,32
d2954e88643c8bc0,64,0.542163,0,0,6667,2,23,43,34.15625,18.413086,0,0.543732,21.673467,32
81ae5f8d0e864659,64,0.544147,0,0,6727,2,26,43,34.28125,14.827148,0,0.545199,23.499748,32
bbe29088ff2c203c,64,0.572917,0,0,7760,2,28,44,36.09375,12.303711,0,0.569666,26.324482,32
12c2298b259f90f8,64,0.55506,0,0,7102,2,27,46,34.96875,14.030273,0,0.554658,24.8637,32
80cda107dce42bfc,64,0.552083,0,0,6937,2,27,44,34.78125,11.483398,0,0.547948,24.966743,32
4884d85c33794fd9,64,0.562996,0,0,7452,2,25,45,35.46875,17.249023,0,0.563622,23.591344,32
69357f35998058e9,64,0.53869,0,0,6520,2,24,42,33.9375,16.496094,0,0.539742,22.425112,32
b397d11465f99c6a,64,0.561012,0,0,7425,2,21,45,35.34375,17.256836,0,0.564603,20.302752,32
f81e97879a957998,64,0.550595,0,0,6974,2,25,43,34.6875,16.058594,0,0.552336,23.636372,32
ca0b84193fed35a8,64,0.546627,0,0,6751,2,28,44,34.4375,13.871094,0,0.543781,24.753984,32
e835b6f1555e6219,64,0.551091,0,0,6956,2,24,43,34.71875,12.827148,0,0.550177,22.84226,32
5fd3a3049854fb7b,64,0.573909,0,0,7885,2,28,45,36.15625,16.506836,0,0.57463,25.583221,32
34d8bec8b52aec75,64,0.545139,0,0,6674,2,26,43,34.34375,12.944336,0,0.541089,23.733689,32
c542bb8e7018ed88,64,0.549107,0,0,6903,2,27,43,34.59375,13.397461,0,0.550164,24.726339,32
7e97026124c7db10,64,0.575893,0,0,7907,2,29,49,36.28125,14.108398,0,0.572443,26.865558,32
4e0756078d25f015,64,0.572917,0,0,7764,2,26,45,36.09375,12.866211,0,0.569979,24.677591,32
1b47a5192921031e,64,0.558036,0,0,7328,2,27,48,35.15625,18.038086,0,0.564305,24.514572,32
1b1232570a965016,64,0.541667,0,0,6546,2,25,40,34.125,12.046875,0,0.536937,23.572412,32
cc253eb5bb5f34d4,64,0.558532,0,0,7170,2,27,41,35.1875,10.933594,0,0.553772,25.39059,32
774741a5c1057565,64,0.548115,0,0,6851,2,26,43,34.53125,15.561523,0,0.54654,24.304153,32
6fa9d369b2e4621f,64,0.540675,0,0,6539,2,27,42,34.0625,10.933594,0,0.539138,24.482097,32
d78e4ba2a5dba4d5,64,0.546627,0,0,6803,2,24,42,34.4375,15.183594,0,0.546796,22.588171,32
16cd631f4d31feca,64,0.563988,0,0,7441,2,26,44,35.53125,14.217773,0,0.563569,24.256828,32
570fba2c1cc7983d,64,0.543155,0,0,6688,2,24,41,34.21875,15.202148,0,0.544503,22.751319,32
a0a01638f80291a2,64,0.550595,0,0,6990,2,23,44,34.6875,17.433594,0,0.553219,21.956545,32
f486204954a2d7e7,64,0.541667,0,0,6588,2,26,42,34.125,13.140625,0,0.539701,23.760437,32
396af071cc4dd2e4,64,0.553571,0,0,7020,2,25,41,34.875,10.828125,0,0.551842,23.67988,32
c0542c7eec9ca27b,64,0.556548,0,0,7114,2,26,43,35.0625,12.058594,0,0.553057,24.340988,32
754cb8f1379cbe5e,64,0.535218,0,0,6378,2,25,46,33.71875,14.545898,0,0.534587,23.484274,32
928bd5adec7bcd41,64,0.522817,0,0,5979,2,23,44,32.9375,16.496094,0,0.52475,21.437606,32
798cbb27e96578df,64,0.540675,0,0,6538,2,24,41,34.0625,13.246094,0,0.538088,22.797561,32
4c47e805b5d06896,64,0.568452,0,0,7611,2,24,42,35.8125,11.402344,0,0.566923,22.972841,32
f8e3bb824193213f,64,0.543651,0,0,6661,2,22,43,34.25,15.53125,0,0.542451,21.104255,32
e3302ea5aa8b512b,64,0.552579,0,0,6983,2,27,45,34.8125,15.183594,0,0.550048,25.042631,32
ef42cc416c4ca86f,64,0.561012,0,0,7337,2,26,43,35.34375,14.975586,0,0.559898,24.328133,32
cb4dbd863024fbd5,64,0.554563,0,0,7177,2,25,45,34.9375,19.308594,0,0.559554,22.872629,32
9c6bd132cecea6aa,64,0.537698,0,0,6464,2,23,41,33.875,15.046875,0,0.537065,21.637164,32
58c1d20039c0b65d,64,0.59127,0,0,8715,2,26,47,37.25,23.0625,0,0.597755,24.65817,32
6dac0022ade3f712,64,0.60119,0,0,9011,2,30,47,37.875,13.328125,0,0.599929,28.06726,32
ebe58ddf02212d29,64,0.609127,0,0,9430,2,28,50,38.375,15.109375,0,0.610222,26.879632,32
864b295d07c903ac,64,0.624008,0,0,10105,2,32,48,39.3125,14.277344,0,0.62373,29.005432,32
8f79b349fdb0bff0,64,0.603671,0,0,9122,2,30,46,38.03125,12.436523,0,0.60219,28.490483,32
8fa31b0b290cbd9f,64,0.604167,0,0,9227,2,26,47,38.0625,17.121094,0,0.606164,25.026255,32
e5c1fbacf2e15a86,64,0.610119,0,0,9495,2,25,47,38.4375,17.964844,0,0.611382,24.188505,32
9e2ef22440550a8f,64,0.593254,0,0,8704,2,24,44,37.375,13.453125,0,0.59464,23.184264,32
d9588a19f40257e3,64,0.590774,0,0,8530,2,28,46,37.21875,12.077148,0,0.588505,26.396355,32
8bd337f2e763f63e,64,0.599206,0,0,8933,2,28,48,37.75,13.78125,0,0.598087,26.011341,32
880edb6616a45c4c,64,0.583829,0,0,8302,2,28,47,36.78125,15.889648,0,0.584974,26.284708,32
1a1ccf2ce63119ee,64,0.595238,0,0,8681,2,30,45,37.5,9.78125,0,0.591038,28.00673,32
600d1f94b723f616,64,0.610119,0,0,9518,2,29,47,38.4375,18.152344,0,0.612832,27.303506,32
82c3f1559e62e460,64,0.608631,0,0,9382,2,27,49,38.34375,15.569336,0,0.608279,26.027184,32
d9e3d300175fd774,64,0.591766,0,0,8663,2,29,46,37.28125,17.827148,0,0.59448,26.948963,32
c77075e11f19e9f2,64,0.616567,0,0,9781,2,27,49,38.84375,15.944336,0,0.617516,26.053166,32
80a888f6e560bfca,64,0.59623,0,0,8754,2,29,50,37.5625,12.746094,0,0.592865,27.481392,32
124e83309603f524,64,0.606647,0,0,9304,2,29,47,38.21875,14.920898,0,0.607644,27.518493,32
81c19aafe58e39fa,64,0.611111,0,0,9448,2,31,48,38.5,12.28125,0,0.608689,28.97158,32
e4e6689d19d0c69e,64,0.599702,0,0,8948,2,31,48,37.78125,12.764648,0,0.599042,28.583415,32
e0d927f0d10393a8,64,0.597718,0,0,8856,2,30,47,37.65625,12.913086,0,0.596459,28.077121,32
850b3099233da22b,64,0.614087,0,0,9619,2,31,48,38.6875,14.152344,0,0.612801,29.002926,32
c383d2de083497eb,64,0.582837,0,0,8164,2,29,44,36.71875,13.170898,0,0.57844,26.783513,32
57683106856ca4ca,64,0.592758,0,0,8616,2,29,44,37.34375,12.350586,0,0.589278,27.009679,32
0ac298822d9763dc,64,0.587302,0,0,8433,2,29,46,37.0,15.1875,0,0.587097,26.151032,32
41e0054c389a4634,64,0.605159,0,0,9149,2,31,44,38.125,12.078125,0,0.601679,28.526962,32
e0d9508b1d2f62a9,64,0.610119,0,0,9518,2,29,45,38.4375,17.027344,0,0.613296,27.245916,32
06c1d9e67e2de1e8,64,0.597718,0,0,8881,2,30,48,37.65625,16.006836,0,0.597275,27.684653,32
0cbc91901e90b9b7,64,0.603671,0,0,9176,2,28,46,38.03125,14.874023,0,0.605163,26.831069,32
2babca408fff7ad9,64,0.59127,0,0,8581,2,28,46,37.25,14.25,0,0.589798,26.60057,32
c1c0d3b629c1f492,64,0.604167,0,0,9156,2,25,45,38.0625,13.152344,0,0.603116,24.212411,32
9556dee9934fc051,64,0.617063,0,0,9828,2,30,48,38.875,16.015625,0,0.619204,27.994941,32
2f65813fd2ea9dd4,64,0.59127,0,0,8592,2,25,45,37.25,15.125,0,0.589907,24.088655,32
bc10e39f7c2af776,64,0.60119,0,0,9068,2,28,47,37.875,15.328125,0,0.6028,26.517586,32
bb551f21a9523034,64,0.621032,0,0,10015,2,29,47,39.125,17.703125,0,0.622696,27.436934,32
7a6f1e5ce5bf1cf4,64,0.606647,0,0,9251,2,31,44,38.21875,12.139648,0,0.605626,28.581731,32
e38ab1cbc8de0d58,64,0.583333,0,0,8344,2,28,48,36.75,17.0625,0,0.588684,26.252795,32
08829969f7841cae,64,0.58879,0,0,8576,2,26,48,37.09375,17.397461,0,0.5924,25.04233,32
5461f019b1acd4bb,64,0.608135,0,0,9263,2,30,46,38.3125,10.871094,0,0.603791,27.982518,32
57cd85b6925f3f54,64,0.616071,0,0,9794,2,31,51,38.8125,16.621094,0,0.619806,28.701179,32
1f9c7b28513b52a5,64,0.616567,0,0,9746,2,30,49,38.84375,14.413086,0,0.61564,28.592637,32
9c75202757226815,64,0.605159,0,0,9273,2,30,50,38.125,17.921875,0,0.607763,27.627356,32
9b0ba4bc29883fe1,64,0.601687,0,0,9056,2,31,46,37.90625,13.428711,0,0.602222,27.372888,32
a9687dcc421aa929,64,0.597222,0,0,8830,2,30,47,37.625,12.203125,0,0.594977,28.197617,32
810a80369a2e48ac,64,0.585813,0,0,8328,2,27,44,36.90625,14.116211,0,0.582715,25.628563,32
57f912dbcc722c8e,64,0.594246,0,0,8787,2,27,45,37.4375,14.621094,0,0.596848,25.916989,32
40a122726fb9700b,64,0.594742,0,0,8845,2,30,46,37.46875,15.780273,0,0.599475,27.258542,32
9f794fba0a7debb6,64,0.637401,0,0,10744,2,33,51,40.15625,15.006836,0,0.635074,30.171634,32
55d6c3e2237f2fae,64,0.606151,0,0,9321,2,30,46,38.1875,15.964844,0,0.608557,27.645662,32
c5ffc625cf2f99d7,64,0.601687,0,0,9112,2,26,46,37.90625,17.147461,0,0.604062,25.126292,32
1420a889e866ed56,64,0.603671,0,0,9240,2,25,50,38.03125,18.186523,0,0.607838,24.108616,32
2c4dab8281907fdc,64,0.620536,0,0,9958,2,29,48,39.09375,14.834961,0,0.621368,27.553736,32
41c8f8b1105f3f28,64,0.595734,0,0,8777,2,27,44,37.53125,13.592773,0,0.594122,25.893992,32
7eb77bfe13eb756b,64,0.595238,0,0,8787,2,24,46,37.5,15.125,0,0.595392,23.216925,32
3d45658efb4c97bd,64,0.59127,0,0,8559,2,28,47,37.25,12.46875,0,0.588793,26.525719,32
32cc0da4b1f795d0,64,0.604663,0,0,9209,2,29,50,38.09375,14.647461,0,0.605128,27.579219,32
a3026ab1d269f770,64,0.600198,0,0,9033,2,31,46,37.8125,13.933594,0,0.6032,28.2047,32
b7d745260ebe6c26,64,0.607143,0,0,9340,2,30,46,38.25,15.28125,0,0.608118,28.019878,32
0d4a465e04cec303,64,0.609623,0,0,9457,2,30,48,38.40625,14.991211,0,0.610156,28.298412,32
96758ef289ddb47e,64,0.606647,0,0,9339,2,25,46,38.21875,17.139648,0,0.609365,24.278655,32
eb911105bb1d0464,64,0.588294,0,0,8365,2,29,45,37.0625,8.621094,0,0.583298,26.968589,32
73caf2242ce38703,64,0.609623,0,0,9360,2,30,47,38.40625,11.803711,0,0.606466,27.701867,32
1df3b701f81e8449,64,0.613095,0,0,9607,2,27,48,38.625,14.828125,0,0.613704,25.833059,32
9d40607b4ae1a055,64,0.596726,0,0,8819,2,27,46,37.59375,12.928711,0,0.595073,25.849879,32
bb3a7635d74d2471,64,0.603671,0,0,9138,2,29,45,38.03125,14.530273,0,0.602333,27.536243,32
b6d347f60c287374,64,0.603175,0,0,9108,2,29,46,38.0,13.15625,0,0.601853,27.439598,32
e8dc61e51e5499a4,64,0.581349,0,0,8204,2,26,45,36.625,15.265625,0,0.582972,24.829834,32
7cc3dc64cb98a9ec,64,0.598214,0,0,8952,2,27,47,37.6875,16.777344,0,0.600069,25.479135,32
d59593391dc6dca9,64,0.594246,0,0,8703,2,31,47,37.4375,13.496094,0,0.592124,28.137887,32
689b6349eb193684,64,0.589782,0,0,8521,2,29,46,37.15625,14.163086,0,0.589234,26.680273,32
f349019c9b2761df,64,0.617063,0,0,9761,2,29,48,38.875,15.171875,0,0.614784,27.754225,32
4914dbbf1a5453b2,64,0.600694,0,0,9070,2,29,47,37.84375,16.881836,0,0.603216,26.947441,32
bb7251236c6f2b76,64,0.609127,0,0,9355,2,30,45,38.375,11.203125,0,0.606707,28.532049,32
0b7ffc03bb505028,64,0.583333,0,0,8255,2,27,49,36.75,16.78125,0,0.582135,25.64366,32
4c05f3cd47b93baf,64,0.608135,0,0,9292,2,32,46,38.3125,9.839844,0,0.60526,29.208666,32
10ef6d775fc31c44,64,0.603671,0,0,9192,2,28,46,38.03125,16.311523,0,0.606053,26.67519,32
b1e1b551e84bbd27,64,0.593254,0,0,8828,2,25,50,37.375,19.390625,0,0.6018,23.953198,32
72f1fabc1918526e,64,0.614583,0,0,9658,2,27,47,38.71875,14.483398,0,0.613407,26.133408,32
b4e3379894febaa4,64,0.607143,0,0,9333,2,26,45,38.25,14.71875,0,0.609054,25.125256,32
35f93ce45067e6ba,64,0.602183,0,0,9033,2,29,45,37.9375,12.152344,0,0.599704,27.258339,32
793cbd43650a56f0,64,0.601687,0,0,9039,2,29,48,37.90625,14.022461,0,0.600618,26.73777,32
eccf705c61986b9a,64,0.61756,0,0,9877,2,30,47,38.90625,16.866211,0,0.62082,27.795829,32
b3d664ab7a325c42,64,0.574901,0,0,7886,2,26,43,36.21875,14.295898,0,0.573543,24.587612,32
2f2687aa3bc54793,64,0.600694,0,0,8964,2,32,50,37.84375,13.006836,0,0.59845,28.864732,32
88c54cbe1884466b,64,0.597222,0,0,8867,2,31,47,37.625,14.703125,0,0.598117,27.803863,32
3b03ceffd64fcc22,64,0.618056,0,0,9751,2,31,51,38.9375,12.652344,0,0.61431,29.123232,32
ee4cd82eda7cb2e6,64,0.600694,0,0,9057,2,24,47,37.84375,16.444336,0,0.603101,23.275027,32
28f3bcf662779b45,64,0.60119,0,0,8994,2,29,45,37.875,11.921875,0,0.599333,27.399582,32
7deefe799decb004,64,0.581349,0,0,8184,2,28,47,36.625,14.296875,0,0.582476,26.352192,32
14f4d3424581f3d4,64,0.595734,0,0,8795,2,28,46,37.53125,17.624023,0,0.594816,26.004224,32
c9c87a7c80c79b3b,64,0.607143,0,0,9335,2,23,48,38.25,15.59375,0,0.60831,22.436225,32
2c45557ef25cd900,64,0.613591,0,0,9676,2,28,47,38.65625,16.256836,0,0.615853,26.369561,32
fb01093a18706a5d,64,0.625,0,0,10205,2,29,47,39.375,17.359375,0,0.627029,27.678124,32
9872f0448a5dd6a8,64,0.603175,0,0,9134,2,29,47,38.0,16.3125,0,0.602494,27.054649,32
5deeed73667e258b,64,0.602183,0,0,9094,2,28,45,37.9375,14.996094,0,0.602669,26.557545,32
dcfcbfeffc4242c6,64,0.610615,0,0,9483,2,29,46,38.46875,14.374023,0,0.611295,27.53011,32
5ed076b9a30f9f03,64,0.600694,0,0,9000,2,29,51,37.84375,12.819336,0,0.600482,27.083695,32
665e220ea803eb35,64,0.618056,0,0,9823,2,26,48,38.9375,16.183594,0,0.617416,25.269718,32
a80e662bb05a1ac3,64,0.606647,0,0,9232,2,30,48,38.21875,13.045898,0,0.602917,28.093775,32
f2cc844eae10bb2b,64,0.59375,0,0,8643,2,27,46,37.40625,10.522461,0,0.590175,25.788197,32
42def89f9129973c,64,0.650794,0,0,11527,2,33,52,41.0,16.5625,0,0.6528,30.715584,32
671728f06e26b21e,64,0.645337,0,0,11196,2,34,49,40.65625,13.038086,0,0.646262,30.983951,32
85dc9bab6045a7a6,64,0.64881,0,0,11448,2,28,51,40.875,16.703125,0,0.652466,27.154995,32
453fab58117225dd,64,0.652282,0,0,11524,2,34,49,41.09375,12.397461,0,0.65079,31.089914,32
ce782fceb7d09f96,64,0.654762,0,0,11792,2,32,53,41.25,17.75,0,0.658905,30.445948,32
923aee43e0abb3a6,64,0.639881,0,0,11032,2,29,51,40.3125,19.871094,0,0.645156,27.687621,32
ddc1af569d5df300,64,0.658234,0,0,11940,2,32,53,41.46875,17.811523,0,0.660511,30.628891,32
de889c445441df12,64,0.648313,0,0,11299,2,34,49,40.84375,10.256836,0,0.64714,31.381678,32
364b9c95f8e095fc,64,0.661706,0,0,12018,2,32,50,41.6875,12.152344,0,0.660522,30.673994,32
dc882f64b135c5a3,64,0.657738,0,0,11788,2,35,50,41.4375,9.433594,0,0.65609,32.040977,32
a5d5d54e4f5beb63,64,0.656746,0,0,11768,2,30,49,41.375,12.796875,0,0.655635,29.022936,32
81a970a40472fa4a,64,0.675099,0,0,12793,2,34,49,42.53125,11.780273,0,0.674587,31.752418,32
4753a4ff46072715,64,0.652282,0,0,11628,2,31,51,41.09375,14.803711,0,0.65567,29.761816,32
d3e103d8154fed23,64,0.636409,0,0,10778,2,30,49,40.09375,15.459961,0,0.639032,28.515749,32
e2ad552938f548f6,64,0.650298,0,0,11374,2,33,51,40.96875,10.374023,0,0.647632,31.224408,32
d43f37167e2bd2ae,64,0.673611,0,0,12807,2,32,52,42.4375,17.339844,0,0.676094,30.744441,32
05735d607ff1eb6e,64,0.666667,0,0,12263,2,34,50,42.0,10.21875,0,0.663346,32.202075,32
149a47e6e206ef1c,64,0.642857,0,0,10989,2,33,51,40.5,12.40625,0,0.639625,31.503725,32
4110c398ee55d2e6,64,0.637897,0,0,10912,2,27,48,40.1875,17.871094,0,0.643219,26.099325,32
e13976069df66d7b,64,0.667659,0,0,12322,2,32,49,42.0625,10.714844,0,0.665224,30.782574,32
d2eb0e923608b442,64,0.657242,0,0,11821,2,31,49,41.40625,13.741211,0,0.657539,29.624384,32
1b3460832fece3fc,64,0.645833,0,0,11163,2,33,50,40.6875,12.683594,0,0.643209,31.03256,32
2f9de2ff20f180f8,64,0.644841,0,0,11158,2,33,49,40.625,13.703125,0,0.644135,30.87331,32
c99b4eff57c86031,64,0.646825,0,0,11312,2,32,51,40.75,15.34375,0,0.649102,30.425989,32
85ed9e9620692823,64,0.651786,0,0,11631,2,31,52,41.0625,20.214844,0,0.655475,29.715909,32
23f9011858b4863b,64,0.634425,0,0,10624,2,31,47,39.96875,13.936523,0,0.633658,29.558186,32
38ad769210ade797,64,0.644345,0,0,11074,2,32,47,40.59375,11.741211,0,0.641671,30.299087,32
c456cb45e71ccef1,64,0.644841,0,0,11151,2,30,49,40.625,13.828125,0,0.644714,28.635521,32
94c1b4688855344c,64,0.640873,0,0,10969,2,28,48,40.375,14.609375,0,0.641524,27.031915,32
39562f2f77aefbc0,64,0.636905,0,0,10757,2,31,48,40.125,14.953125,0,0.636899,29.574441,32
dd412effbf6627be,64,0.661706,0,0,12021,2,34,49,41.6875,12.058594,0,0.659689,32.144968,32
f21d308f056d1018,64,0.640873,0,0,10839,2,32,47,40.375,8.765625,0,0.635578,30.66238,32
9c74c1c0876147f3,64,0.65377,0,0,11589,2,35,48,41.1875,11.464844,0,0.65173,32.003504,32
aff9b5b9e287876c,64,0.643849,0,0,11127,2,32,49,40.5625,15.089844,0,0.644795,29.957386,32
818973ba57158d88,64,0.664187,0,0,12174,2,31,49,41.84375,12.850586,0,0.664154,29.860264,32
309ff4f47d9bdac8,64,0.62252,0,0,10071,2,31,46,39.21875,15.139648,0,0.624209,29.106,32
bb942bd43fc87f28,64,0.650298,0,0,11429,2,34,49,40.96875,11.592773,0,0.650008,31.233572,32
daae10de2d9b16e0,64,0.657242,0,0,11770,2,33,50,41.40625,11.334961,0,0.655582,31.519873,32
968221b05ad998c2,64,0.639881,0,0,10891,2,31,49,40.3125,13.152344,0,0.639591,29.080178,32
d9d7f49648b62c48,64,0.625992,0,0,10228,2,29,50,39.4375,16.621094,0,0.626309,27.572559,32
2355f8521cf6de26,64,0.637401,0,0,10674,2,33,47,40.15625,9.944336,0,0.632753,30.711817,32
432b9c22609d9aad,64,0.657738,0,0,11893,2,33,51,41.4375,16.496094,0,0.658975,31.441766,32
e10881ce68733791,64,0.667163,0,0,12322,2,33,49,42.03125,11.092773,0,0.665822,31.607904,32
bbce775b6dd5ff2f,64,0.654762,0,0,11663,2,33,50,41.25,13.25,0,0.653562,30.913628,32
f790b4ac847b6a24,64,0.657242,0,0,11771,2,32,51,41.40625,11.147461,0,0.655066,30.749268,32
38b9e06743adc9ab,64,0.649802,0,0,11486,2,31,49,40.9375,17.339844,0,0.652126,29.780421,32
e943c265bf111ceb,64,0.65129,0,0,11591,2,31,51,41.03125,17.624023,0,0.655117,29.622694,32
45c7a6b5d446058c,64,0.652778,0,0,11500,2,31,48,41.125,10.453125,0,0.649868,29.764567,32
7a0f8c940c4ee64f,64,0.637401,0,0,10762,2,32,51,40.15625,13.319336,0,0.636169,30.223983,32
6baaeba8a1c67016,64,0.640873,0,0,10950,2,32,49,40.375,12.671875,0,0.640618,30.350823,32
b0093e46950df3cf,64,0.646825,0,0,11226,2,34,49,40.75,13.15625,0,0.644403,31.245251,32
96582d956c1f0344,64,0.657738,0,0,11834,2,33,49,41.4375,13.558594,0,0.656427,31.392577,32
0edc4b4d05350f10,64,0.658234,0,0,11842,2,34,52,41.46875,13.749023,0,0.656556,31.774542,32
6c66af8f86667d03,64,0.644345,0,0,11151,2,33,49,40.59375,15.022461,0,0.644444,30.255355,32
b387c3e35b9a7cfb,64,0.636905,0,0,10701,2,34,49,40.125,10.484375,0,0.635101,31.01063,32
963fcdf02590d1c5,64,0.660218,0,0,11988,2,34,54,41.59375,13.991211,0,0.660531,31.856999,32
18c7837eb8701e1b,64,0.662202,0,0,12101,2,33,51,41.71875,15.764648,0,0.661877,31.610855,32
7018d2b6b59e6485,64,0.660714,0,0,12034,2,31,50,41.625,14.046875,0,0.66157,29.570523,32
9ed5c7b1950ea291,64,0.655754,0,0,11797,2,33,51,41.3125,15.871094,0,0.657905,31.080761,32
60609fc15f3e6274,64,0.674603,0,0,12815,2,32,51,42.5,16.59375,0,0.67515,30.949308,32
b42d3e598904b47c,64,0.654266,0,0,11710,2,29,51,41.21875,17.108398,0,0.6562,28.120449,32
baf3ae1e9374f0a8,64,0.642361,0,0,10970,2,31,48,40.46875,13.186523,0,0.639119,29.71739,32
b2b4da3e5b097930,64,0.645337,0,0,11072,2,33,46,40.65625,9.788086,0,0.639763,30.552206,32
41459005891a62fd,64,0.65873,0,0,11738,2,36,47,41.5,8.5625,0,0.651094,33.434378,32
4d7b0d3e361fa9f4,64,0.637401,0,0,10759,2,32,49,40.15625,13.006836,0,0.637155,30.139373,32
b0ca009afbd700ba,64,0.652778,0,0,11573,2,33,49,41.125,12.984375,0,0.652548,30.736269,32
79b696006f4e7755,64,0.646825,0,0,11171,2,32,48,40.75,11.03125,0,0.642695,30.322582,32
f753a7322f996bbe,64,0.652778,0,0,11637,2,29,51,41.125,16.890625,0,0.655212,27.975645,32
e5a89587c9f7ad1e,64,0.665675,0,0,12211,2,33,50,41.9375,12.308594,0,0.662488,31.546907,32
e589fd7d71d70b7d,64,0.641865,0,0,10943,2,33,48,40.4375,9.839844,0,0.639605,30.809545,32
cf9dcbebf467aec7,64,0.654762,0,0,11742,2,34,50,41.25,15.25,0,0.658248,30.773215,32
88e150caad4c7110,64,0.657738,0,0,11876,2,29,53,41.4375,16.652344,0,0.659273,28.175159,32
b442b875ed9f47de,64,0.649306,0,0,11308,2,34,47,40.90625,12.084961,0,0.645499,30.801651,32
ce50e16cd09b3428,64,0.638889,0,0,10774,2,33,47,40.25,9.03125,0,0.635691,30.828609,32
bc9b586ed2b35771,64,0.650298,0,0,11586,2,27,52,40.96875,20.717773,0,0.655331,26.310352,32
0b0804ff761f37e6,64,0.647321,0,0,11242,2,34,48,40.78125,11.514648,0,0.645643,31.725022,32
3556cd2707807e52,64,0.63244,0,0,10503,2,33,49,39.84375,13.069336,0,0.631213,30.469783,32
95b47837ad622a28,64,0.62996,0,0,10465,2,27,48,39.6875,16.527344,0,0.632196,26.137475,32
6e0cf7482dcdcfdb,64,0.635417,0,0,10816,2,32,50,40.03125,19.936523,0,0.641407,29.666821,32
96051471cd990ac2,64,0.65129,0,0,11557,2,31,50,41.03125,17.280273,0,0.653881,29.591247,32
9fa350a5f51e1861,64,0.650794,0,0,11477,2,31,48,41.0,12.65625,0,0.651708,29.435064,32
b38399ed53577742,64,0.659722,0,0,11955,2,34,50,41.5625,14.308594,0,0.659241,31.483087,32
2c84f196ec2497e1,64,0.660714,0,0,12088,2,33,54,41.625,16.984375,0,0.663977,31.396632,32
f31fe8c395480286,64,0.636905,0,0,10794,2,32,47,40.125,14.109375,0,0.639838,29.962859,32
281238f9d0154289,64,0.677083,0,0,12933,2,34,51,42.65625,13.600586,0,0.676945,32.160408,32
a419f7f2e335be40,64,0.650794,0,0,11388,2,32,48,41.0,11.96875,0,0.646258,30.678334,32
e4063c3191fc7770,64,0.641865,0,0,11017,2,30,48,40.4375,14.214844,0,0.64263,28.920346,32
f3fadaa199c8239b,64,0.640377,0,0,10918,2,33,53,40.34375,13.725586,0,0.639955,30.57715,32
dd5fed5987b7ca35,64,0.652778,0,0,11530,2,34,49,41.125,11.078125,0,0.651117,31.548276,32
59dd4ebb5c33bc88,64,0.658234,0,0,11844,2,33,50,41.46875,13.405273,0,0.656342,31.46796,32
424eb3d25ff06ca4,64,0.644345,0,0,11195,2,31,49,40.59375,16.459961,0,0.646623,28.864814,32
6b5c517873d18ae6,64,0.638889,0,0,10850,2,32,48,40.25,13.34375,0,0.638363,29.656498,32
864c98a3cc92686a,64,0.650298,0,0,11520,2,33,50,40.96875,16.499023,0,0.653728,30.869855,32
e1496a6090d56bc3,64,0.638393,0,0,10757,2,32,47,40.21875,11.295898,0,0.634503,30.417753,32
88f076e955b9e730,64,0.635913,0,0,10678,2,30,50,40.0625,12.714844,0,0.634348,28.828153,32
ebe8d75a54084c10,64,0.650298,0,0,11469,2,31,49,40.96875,13.530273,0,0.651612,29.620563,32
b13841381b3341fb,64,0.648313,0,0,11364,2,33,51,40.84375,14.194336,0,0.6492,30.54464,32
7acf7620dc028ef9,64,0.649802,0,0,11523,2,31,51,40.9375,17.152344,0,0.655096,29.368607,32
32d7561faf0d5062,64,0.655754,0,0,11689,2,34,51,41.3125,11.339844,0,0.653932,31.741494,32
eadb4691cd1e8a50,64,0.610119,0,0,9557,2,29,47,38.4375,17.402344,0,0.614811,27.428635,32
1216f4e7a40b8be3,64,0.712302,0,0,15086,2,37,53,44.875,13.296875,0,0.714459,35.021537,32
6f7a16504273879a,64,0.69246,0,0,13974,2,32,52,43.625,18.765625,0,0.697905,30.768786,32
cce9ed7ad2d13df2,64,0.699901,0,0,14255,2,34,51,44.09375,11.616211,0,0.699212,32.575185,32
c84a1ccba90a920c,64,0.683036,0,0,13307,2,34,52,43.03125,13.217773,0,0.685032,32.533368,32
80b8433e870ed788,64,0.703869,0,0,14526,2,38,51,44.34375,11.413086,0,0.704275,35.277159,32
cae76f8ff07784e6,64,0.690476,0,0,13667,2,34,51,43.5,11.15625,0,0.689146,32.65457,32
b742700125f4053a,64,0.700893,0,0,14348,2,35,53,44.15625,12.725586,0,0.701788,33.786571,32
7f55360491032962,64,0.703373,0,0,14438,2,37,54,44.3125,10.183594,0,0.70221,34.900704,32
43b1ce3cea3acb8a,64,0.695933,0,0,14044,2,37,54,43.84375,12.881836,0,0.696461,34.285456,32
66d684778127ff0e,64,0.698909,0,0,14261,2,37,53,44.03125,14.499023,0,0.70056,34.307851,32
f672967b04e1df73,64,0.708829,0,0,14892,2,31,52,44.65625,15.569336,0,0.711238,30.287776,32
0018dfd1c68556d7,64,0.69246,0,0,13868,2,32,52,43.625,16.359375,0,0.693691,30.940241,32
7b01eac931c48989,64,0.701885,0,0,14313,2,38,54,44.21875,8.952148,0,0.699377,35.804466,32
873e47614ccc289b,64,0.712302,0,0,15051,2,34,52,44.875,14.109375,0,0.711661,32.849542,32
8fdc094278138ce3,64,0.700893,0,0,14409,2,37,53,44.15625,16.006836,0,0.703492,34.633884,32
f5c919ee682a8fc3,64,0.705357,0,0,14562,2,37,52,44.4375,11.246094,0,0.703165,34.995401,32
b5078cf43ae32bd3,64,0.688988,0,0,13638,2,34,51,43.40625,12.272461,0,0.690324,32.605487,32
0c16f10f8ae99eea,64,0.691964,0,0,13787,2,36,50,43.59375,13.334961,0,0.691593,33.895095,32
874a80264938b906,64,0.691468,0,0,13805,2,32,50,43.5625,15.089844,0,0.692185,31.197243,32
471a8941e256fba3,64,0.692956,0,0,13879,2,35,51,43.65625,14.881836,0,0.693367,33.583358,32
cac9494ea167e2e7,64,0.696429,0,0,14054,2,31,52,43.875,12.765625,0,0.69652,30.188727,32
6ca11cb46dfd2550,64,0.693948,0,0,13824,2,36,51,43.71875,9.170898,0,0.691095,34.435586,32
1d7517c970b07806,64,0.698413,0,0,14208,2,36,53,44.0,14.84375,0,0.698453,34.195777,32
60d85c7db6f6ac33,64,0.709325,0,0,14762,2,38,54,44.6875,9.527344,0,0.705356,35.787166,32
d0614fe29e0298e1,64,0.720238,0,0,15623,2,38,54,45.375,14.765625,0,0.722109,35.849248,32
13e676188780cefe,64,0.691468,0,0,13731,2,37,52,43.5625,9.902344,0,0.690788,33.993295,32
307469ac30fad800,64,0.714782,0,0,15119,2,38,53,45.03125,9.155273,0,0.712002,36.073596,32
af1adfcb5461d7cb,64,0.709821,0,0,14779,2,39,50,44.71875,7.889648,0,0.706117,36.615712,32
cf5d493da216febd,64,0.692956,0,0,13920,2,37,52,43.65625,14.538086,0,0.69527,34.45991,32
638d81e77739a7b3,64,0.695437,0,0,13928,2,36,52,43.8125,10.621094,0,0.692095,33.696256,32
2178ab67109ec78b,64,0.69494,0,0,14054,2,36,51,43.78125,15.608398,0,0.698166,33.604897,32
85a4f6627a397ef2,64,0.69494,0,0,13954,2,34,51,43.78125,13.108398,0,0.693489,32.626483,32
2b505dd9436533b4,64,0.712302,0,0,15030,2,35,53,44.875,12.203125,0,0.711522,33.925402,32
c1845a9030c3c390,64,0.700397,0,0,14254,2,36,50,44.125,10.421875,0,0.698509,34.409197,32
e4edd103804d7e89,64,0.704365,0,0,14572,2,36,53,44.375,13.578125,0,0.704503,34.002231,32
2f7ab302f869f004,64,0.706845,0,0,14702,2,35,55,44.53125,10.842773,0,0.707311,33.626944,32
4e77a34435143029,64,0.693948,0,0,13975,2,33,51,43.71875,17.233398,0,0.695579,31.760904,32
20422e919c6c90ce,64,0.700397,0,0,14336,2,37,52,44.125,13.265625,0,0.701896,34.794295,32
edb895129199f6dd,64,0.699901,0,0,14250,2,35,52,44.09375,13.459961,0,0.698454,33.488322,32
494a9847d7ad76e7,64,0.710813,0,0,15005,2,35,54,44.78125,13.733398,0,0.712793,33.560336,32
b2b009ca5c47d447,64,0.695437,0,0,14035,2,35,51,43.8125,14.402344,0,0.696434,33.187852,32
15bfe16b022c54cc,64,0.690972,0,0,13709,2,37,54,43.53125,12.561523,0,0.689642,34.410479,32
6f10da6f01340ddb,64,0.695933,0,0,14002,2,37,52,43.84375,11.381836,0,0.694713,34.06527,32
20643075262df710,64,0.716766,0,0,15294,2,38,54,45.15625,12.131836,0,0.714865,36.475504,32
a39f3fab89dddc0f,64,0.695933,0,0,14090,2,32,52,43.84375,15.225586,0,0.697323,31.146789,32
93052702bb367bcb,64,0.699405,0,0,14261,2,37,52,44.0625,13.933594,0,0.69954,34.885311,32
1b12078c0913bb25,64,0.715774,0,0,15247,2,38,54,45.09375,11.678711,0,0.714584,35.805769,32
b9e6dd2be9999ed8,64,0.710813,0,0,14975,2,37,52,44.78125,12.577148,0,0.711491,35.141693,32
efefea8a0162d994,64,0.699405,0,0,14203,2,37,52,44.0625,12.214844,0,0.697631,35.298091,32
e5446b5598811bea,64,0.714782,0,0,15233,2,37,55,45.03125,13.561523,0,0.71603,34.962358,32
6f7a1c3f9cf6d59d,64,0.688492,0,0,13660,2,32,51,43.375,16.265625,0,0.690767,30.703748,32
4749fa3cdebcc961,64,0.694444,0,0,13895,2,37,52,43.75,11.375,0,0.69254,34.591358,32
4dbee0e18a70d261,64,0.68502,0,0,13330,2,35,51,43.15625,11.944336,0,0.682639,32.861213,32
10d09a616c91348d,64,0.696925,0,0,14113,2,35,56,43.90625,13.491211,0,0.697237,33.614684,32
b45e2c85f9afed15,64,0.68502,0,0,13368,2,34,52,43.15625,12.131836,0,0.684017,32.788661,32
b8817eaee7170277,64,0.701885,0,0,14412,2,36,53,44.21875,12.858398,0,0.702619,34.35967,32
e7b6ed90ebadcfd6,64,0.691468,0,0,13836,2,35,52,43.5625,14.714844,0,0.694725,32.605544,32
5d4cc85afc57695e,64,0.702381,0,0,14465,2,35,52,44.25,15.34375,0,0.703379,33.610195,32
fa47bccb42e192ee,64,0.709325,0,0,14827,2,37,53,44.6875,11.527344,0,0.707943,35.323267,32
79b7bd1d998797ad,64,0.687996,0,0,13588,2,34,51,43.34375,15.225586,0,0.689292,32.599116,32
76a47145ecfebb4d,64,0.704861,0,0,14667,2,33,52,44.40625,15.741211,0,0.70809,31.948137,32
fc9a337604eae45a,64,0.69246,0,0,13800,2,34,51,43.625,11.390625,0,0.691669,32.901447,32
b759e0030989d27e,64,0.693948,0,0,14009,2,33,53,43.71875,17.389648,0,0.696911,31.895855,32
f80f91938fc20dec,64,0.718254,0,0,15431,2,38,53,45.25,12.34375,0,0.718273,35.360033,32
932459d9f2b9592d,64,0.690476,0,0,13673,2,33,51,43.5,11.34375,0,0.688995,31.815918,32
7d5cc916f9c08a7d,64,0.69494,0,0,14009,2,37,51,43.78125,14.202148,0,0.696118,34.411818,32
94ecb8691530ad4e,64,0.697917,0,0,14156,2,33,52,43.96875,13.561523,0,0.697635,31.876937,32
7100fe08e66b325c,64,0.713294,0,0,15218,2,35,54,44.9375,17.402344,0,0.71768,33.293712,32
89043e348a93cc34,64,0.684028,0,0,13337,2,35,53,43.09375,12.991211,0,0.684628,33.489249,32
e89bfc940ba53e12,64,0.696925,0,0,14067,2,36,51,43.90625,12.209961,0,0.696364,34.096424,32
cfa965d6fdfb6b88,64,0.697421,0,0,14146,2,35,51,43.9375,13.871094,0,0.69809,33.361886,32
5d865700f7cb7036,64,0.72619,0,0,15885,2,39,54,45.75,11.0625,0,0.723498,36.489962,32
c3bc2a4e1ecf7b86,64,0.705853,0,0,14766,2,35,54,44.46875,16.592773,0,0.710625,33.437986,32
28963f730541d504,64,0.702381,0,0,14399,2,36,52,44.25,10.84375,0,0.702004,34.184587,32
9f1d56e1f70f5d62,64,0.691964,0,0,13743,2,35,51,43.59375,10.991211,0,0.689878,33.639906,32
12b76b512c5964c3,64,0.695933,0,0,14165,2,36,55,43.84375,16.944336,0,0.70102,33.871974,32
e2239b8064791ffb,64,0.695437,0,0,13927,2,35,50,43.8125,10.402344,0,0.692469,33.531843,32
4261487fae4843ee,64,0.69246,0,0,13754,2,34,50,43.625,11.390625,0,0.689218,32.552665,32
bae63a2b4d89ac2e,64,0.708333,0,0,14867,2,37,55,44.625,14.515625,0,0.710945,34.35731,32
ded428092fa3a46f,64,0.702381,0,0,14525,2,32,53,44.25,16.59375,0,0.705813,30.899282,32
f228190dbdef9fe6,64,0.700397,0,0,14393,2,35,52,44.125,16.515625,0,0.702675,33.508508,32
301802ce7f763220,64,0.719246,0,0,15381,2,38,50,45.3125,8.308594,0,0.715185,36.148197,32
434f192b945a3aed,64,0.712302,0,0,15044,2,37,53,44.875,12.171875,0,0.71151,35.504634,32
d9d22a7c6a1b04a3,64,0.703869,0,0,14463,2,35,50,44.34375,9.663086,0,0.70206,33.769354,32
c6b9f273d44ea94b,64,0.690476,0,0,13679,2,34,51,43.5,12.90625,0,0.688921,32.756854,32
2a2e6fc64532b8f1,64,0.701885,0,0,14370,2,35,51,44.21875,12.202148,0,0.700529,33.710286,32
54dc240adddf230f,64,0.71627,0,0,15330,2,36,53,45.125,13.453125,0,0.716988,34.565922,32
cd3cea51e06cc1c2,64,0.710813,0,0,14990,2,35,55,44.78125,13.577148,0,0.712355,33.63859,32
dde28a49a5a4cd9e,64,0.702381,0,0,14442,2,34,52,44.25,13.21875,0,0.703469,32.716523,32
d2f6da4f2f1c002e,64,0.708333,0,0,14837,2,35,52,44.625,15.828125,0,0.709275,33.638465,32
795cf9058eaa6543,64,0.715774,0,0,15235,2,39,53,45.09375,9.147461,0,0.714991,36.690447,32
87683e61d8588cb1,64,0.695437,0,0,13994,2,35,51,43.8125,13.433594,0,0.695128,33.32179,32
4bcbb0cee4ea6e01,64,0.687004,0,0,13372,2,38,53,43.28125,8.889648,0,0.681827,35.576025,32
2451fef7a3747fa1,64,0.68998,0,0,13655,2,35,51,43.46875,12.155273,0,0.688806,33.728301,32
3197e4b7d8beb2a0,64,0.686012,0,0,13395,2,35,50,43.21875,10.889648,0,0.684282,33.269923,32
55acc9e1165fff19,64,0.695437,0,0,14083,2,34,55,43.8125,16.589844,0,0.697937,32.756808,32
1187d62866bbf392,64,0.690972,0,0,13728,2,34,50,43.53125,12.655273,0,0.690669,32.669457,32
5ee3cc9321d8e045,64,0.695933,0,0,13957,2,38,53,43.84375,8.538086,0,0.693733,35.416224,32
7aff8de51c0d8ce5,64,0.698413,0,0,14206,2,35,51,44.0,13.25,0,0.699479,33.802193,32
63d7970f94bf0a4d,64,0.713294,0,0,15192,2,36,55,44.9375,14.808594,0,0.716489,34.122677,32
899ab32f45198ba1,64,0.751488,0,0,17695,2,40,54,47.34375,11.475586,0,0.752831,38.065596,32
ffa5426702a4b68c,64,0.75,0,0,17587,2,36,55,47.25,12.875,0,0.750123,35.10442,32
6c1a0c3ba5077e4c,64,0.758433,0,0,18202,2,41,59,47.78125,12.295898,0,0.759532,38.771357,32
9951ad59bf3e660d,64,0.756448,0,0,18022,2,39,55,47.65625,11.225586,0,0.756236,37.54011,32
a8e2571bd270783b,64,0.763393,0,0,18463,2,40,53,48.09375,8.616211,0,0.761495,38.509388,32
998ae32ecc4dca3b,64,0.737103,0,0,16683,2,39,59,46.4375,12.558594,0,0.73708,37.124492,32
2418571ba48dd0fe,64,0.746528,0,0,17238,2,41,53,47.03125,8.811523,0,0.743487,38.474685,32
823ebdad40f5ecc3,64,0.763393,0,0,18558,2,37,54,48.09375,11.772461,0,0.764465,36.034466,32
ccda3b35bf4cc4b7,64,0.757937,0,0,18151,2,40,56,47.75,10.96875,0,0.75889,37.824407,32
a8b68c6126e5f832,64,0.756944,0,0,18023,2,40,55,47.6875,10.683594,0,0.755313,38.29934,32
5e0e6490d31c2c75,64,0.765873,0,0,18613,2,43,53,48.25,6.84375,0,0.763279,39.828224,32
e65c1c80fd6bd1be,64,0.736111,0,0,16680,2,37,55,46.375,14.921875,0,0.73822,35.626778,32
800b201105a19c29,64,0.756944,0,0,17978,2,41,56,47.6875,7.089844,0,0.754739,39.299376,32
5734039995c2e8d6,64,0.756448,0,0,17935,2,41,53,47.65625,8.381836,0,0.753498,38.59786,32
1b7c56d64ab0f4dd,64,0.751488,0,0,17680,2,39,54,47.34375,12.350586,0,0.751253,37.530101,32
3ab5c732b9ccdf60,64,0.74256,0,0,17116,2,40,55,46.78125,14.045898,0,0.744225,37.289709,32
819b216cbd1c0342,64,0.739583,0,0,16837,2,38,54,46.59375,10.772461,0,0.739584,36.22614,32
0855b830ad7a7bb3,64,0.741567,0,0,17007,2,39,56,46.71875,11.952148,0,0.742175,36.895757,32
a7c24c5d978800aa,64,0.755952,0,0,18007,2,38,56,47.625,12.203125,0,0.756485,36.965839,32
c1537fa27e4339a2,64,0.756448,0,0,18028,2,39,54,47.65625,11.538086,0,0.756486,37.696401,32
4e752d4a6e5b2a2a,64,0.746032,0,0,17300,2,38,55,47.0,13.25,0,0.746048,36.442016,32
7af6d2a44435d8d7,64,0.751488,0,0,17633,2,40,54,47.34375,9.913086,0,0.750093,37.994897,32
d0b4307c57ecd97b,64,0.756944,0,0,18120,2,38,55,47.6875,12.589844,0,0.758648,36.979676,32
c88f5ee237e71736,64,0.760913,0,0,18327,2,40,54,47.9375,11.089844,0,0.760203,38.40198,32
5a8000ec4807a9d8,64,0.77381,0,0,19286,2,42,56,48.75,10.6875,0,0.773434,40.277244,32
f77ea2338fe17fb5,64,0.750992,0,0,17631,2,39,53,47.3125,10.777344,0,0.751177,36.834763,32
f3a9b1c2bf738553,64,0.727679,0,0,16009,2,38,52,45.84375,9.881836,0,0.726853,35.792987,32
049ff2be9399386b,64,0.737599,0,0,16708,2,40,54,46.46875,11.749023,0,0.737434,37.054528,32
18c02964406f89f4,64,0.765377,0,0,18617,2,41,56,48.21875,9.264648,0,0.763485,39.544081,32
55c0b8da4f5df216,64,0.74256,0,0,17033,2,38,57,46.78125,11.358398,0,0.741751,36.50653,32
672655aea767bcc3,64,0.753968,0,0,17742,2,41,52,47.5,7.78125,0,0.750546,38.813598,32
9a480cc96a2c7a31,64,0.756448,0,0,17961,2,41,54,47.65625,8.725586,0,0.754578,39.148423,32
3f15f13834ad4a4d,64,0.75248,0,0,17786,2,39,57,47.40625,12.303711,0,0.754104,37.200854,32
7f94573317f7f781,64,0.755952,0,0,17956,2,40,54,47.625,10.359375,0,0.754603,38.716183,32
ee038d525445cb30,64,0.75,0,0,17555,2,40,55,47.25,10.34375,0,0.74989,38.171505,32
d02689cbdd843fb3,64,0.746032,0,0,17343,2,36,55,47.0,13.4375,0,0.747868,34.812323,32
0eeb7afbb98e2149,64,0.748016,0,0,17434,2,41,56,47.125,11.265625,0,0.748379,38.296102,32
28673892e0497e1c,64,0.746032,0,0,17291,2,37,58,47.0,11.625,0,0.745649,36.079025,32
1383177fd64ebb03,64,0.760913,0,0,18306,2,41,54,47.9375,8.996094,0,0.759807,39.324985,32
d04e85eecc249595,64,0.762401,0,0,18447,2,38,55,48.03125,10.874023,0,0.762356,36.81276,32
8be8833c618b7ac5,64,0.744544,0,0,17172,2,37,55,46.90625,11.522461,0,0.744055,35.682051,32
78267ff7b20fd68c,64,0.749008,0,0,17532,2,40,55,47.1875,12.433594,0,0.750193,37.759318,32
a55afe1ef7ff814b,64,0.738095,0,0,16629,2,40,52,46.5,6.71875,0,0.734552,38.030868,32
9acad03bc4df722e,64,0.744048,0,0,17173,2,38,56,46.875,13.859375,0,0.744169,36.459894,32
cb3e1df05f4be77c,64,0.750992,0,0,17640,2,40,54,47.3125,10.808594,0,0.750994,38.035984,32
cfecf616712aa1f1,64,0.739583,0,0,16856,2,39,55,46.59375,11.834961,0,0.739861,37.359199,32
2b4d7da06a7e1581,64,0.771825,0,0,19143,2,43,55,48.625,10.109375,0,0.771537,40.626288,32
9a726a8366f7a0b8,64,0.730655,0,0,16319,2,37,54,46.03125,14.249023,0,0.734054,35.413547,32
ca070087f34fa520,64,0.744544,0,0,17175,2,38,53,46.90625,11.303711,0,0.744075,36.930756,32
7cf74acecaf22e51,64,0.759425,0,0,18175,2,39,56,47.84375,9.881836,0,0.757359,37.849354,32
c63b0565145ccdd6,64,0.762897,0,0,18501,2,39,55,48.0625,11.371094,0,0.76314,37.660433,32
ccad4c112ceee38b,64,0.74752,0,0,17389,2,41,54,47.09375,11.366211,0,0.747634,38.642812,32
781739870c950ab1,64,0.755456,0,0,17889,2,40,53,47.59375,9.522461,0,0.753098,38.151058,32
8f70997f0bbdc696,64,0.754464,0,0,17918,2,38,55,47.53125,13.092773,0,0.755425,36.612056,32
5f834250ec9fa8ee,64,0.733631,0,0,16524,2,37,59,46.21875,14.452148,0,0.736773,35.623769,32
e06f6ffcc3d5b1e6,64,0.752976,0,0,17765,2,41,56,47.4375,10.527344,0,0.752906,38.025052,32
700679d170f21065,64,0.75,0,0,17588,2,38,57,47.25,13.09375,0,0.75016,36.922417,32
14a2c2ca64e3e215,64,0.74504,0,0,17187,2,39,54,46.9375,10.558594,0,0.743648,37.418061,32
f90e7ae04a1a40da,64,0.74256,0,0,17024,2,39,54,46.78125,9.889648,0,0.74169,37.568882,32
e2f8538897107a40,64,0.761905,0,0,18399,2,39,54,48.0,11.4375,0,0.761076,37.940913,32
20f0a2577a00e6e4,64,0.748512,0,0,17463,2,37,55,47.15625,11.475586,0,0.748131,35.87908,32
2a058765f677a0d8,64,0.741071,0,0,16978,2,40,55,46.6875,12.808594,0,0.74184,37.360247,32
38d334fc0d7d98ee,64,0.753968,0,0,18021,2,37,57,47.5,18.5,0,0.759313,35.746371,32
6dda5d0a3b019655,64,0.761905,0,0,18434,2,38,55,48.0,12.90625,0,0.762124,37.084789,32
a42e87305cd9907b,64,0.744048,0,0,17174,2,38,55,46.875,13.390625,0,0.744194,36.498263,32
9c00585aa04b6fea,64,0.768353,0,0,18814,2,41,54,48.40625,8.022461,0,0.766234,39.400956,32
1c8f0463b24bd626,64,0.735615,0,0,16558,2,39,54,46.34375,10.506836,0,0.735041,37.18201,32
33e79154ccfbf92e,64,0.743056,0,0,17026,2,34,52,46.8125,8.496094,0,0.74146,33.233258,32
3cfc88b6ee0cadb2,64,0.755952,0,0,18087,2,39,54,47.625,16.015625,0,0.758054,37.260614,32
f51a85e98c393a6b,64,0.766865,0,0,18754,2,40,56,48.3125,10.246094,0,0.765885,38.347761,32
439740cf5addeabd,64,0.737599,0,0,16733,2,39,54,46.46875,11.280273,0,0.738732,36.847337,32
ddbfb927239010ec,64,0.750992,0,0,17611,2,38,55,47.3125,11.214844,0,0.749793,36.539108,32
359d4a6de8a68272,64,0.780754,0,0,19766,2,42,58,49.1875,8.714844,0,0.779151,40.41387,32
3891ddbca6652b07,64,0.740575,0,0,16983,2,37,55,46.65625,13.788086,0,0.743158,35.857078,32
6de3dd8581590375,64,0.748016,0,0,17473,2,39,53,47.125,12.328125,0,0.749302,36.65422,32
d297ad0db4024f0d,64,0.778274,0,0,19577,2,42,58,49.03125,9.311523,0,0.776344,40.525476,32
b4fec6e591962264,64,0.761905,0,0,18403,2,41,55,48.0,9.90625,0,0.761622,39.278652,32
767b5528ac81a394,64,0.758433,0,0,18161,2,41,56,47.78125,11.389648,0,0.757904,39.132643,32
7a1ad06455b34974,64,0.724206,0,0,15790,2,40,52,45.625,10.234375,0,0.723781,36.837368,32
e852fe07402bf17c,64,0.729663,0,0,16117,2,38,53,45.96875,9.405273,0,0.727805,36.499942,32
09c476efd6bcaeed,64,0.765873,0,0,18720,2,36,58,48.25,11.8125,0,0.765938,35.331322,32
0a5430299d8dd75d,64,0.734127,0,0,16373,2,41,53,46.25,8.78125,0,0.730672,38.268513,32
950bd9f3f1e9fdcb,64,0.750496,0,0,17640,2,36,58,47.28125,14.358398,0,0.751094,34.890728,32
61416713ea67008e,64,0.75496,0,0,17947,2,38,54,47.5625,12.746094,0,0.755653,37.05537,32
16970e2957281b35,64,0.75,0,0,17637,2,34,55,47.25,13.1875,0,0.752486,33.283527,32
e0054b2282d43f3a,64,0.750992,0,0,17673,2,37,54,47.3125,12.464844,0,0.752187,35.789102,32
4bc3a23457fde668,64,0.744544,0,0,17151,2,36,53,46.90625,10.678711,0,0.743298,35.115181,32
d114a4816835c840,64,0.74504,0,0,17253,2,39,55,46.9375,12.246094,0,0.746584,37.106714,32
fb143a440ee677b8,64,0.75,0,0,17614,2,37,54,47.25,13.75,0,0.75141,35.551538,32
c6abfae62260ed1a,64,0.751488,0,0,17728,2,39,57,47.34375,11.881836,0,0.753587,37.419594,32
331a6c78fe2beea3,64,0.738095,0,0,16693,2,36,54,46.5,10.25,0,0.736634,34.489236,32
136f012da345989c,64,0.747024,0,0,17448,2,39,57,47.0625,13.746094,0,0.750256,37.424867,32
6cf15ebf4d818ca1,64,0.75496,0,0,17978,2,37,57,47.5625,12.964844,0,0.757034,36.045327,32
2a1687b20e82cd2d,64,0.745536,0,0,17372,2,35,55,46.96875,16.749023,0,0.749805,33.977829,32
8c349338e71f4ee8,64,0.760417,0,0,18268,2,41,54,47.90625,9.616211,0,0.759099,39.244168,32
d3ae4dda9c0fd460,64,0.767361,0,0,18789,2,42,55,48.34375,9.381836,0,0.766654,40.341849,32
1777da34c0459d26,64,0.742063,0,0,16964,2,39,53,46.75,10.25,0,0.740087,37.322021,32
fc8874e15be78979,64,0.741567,0,0,16951,2,40,54,46.71875,10.077148,0,0.740735,37.805762,32
f201fd28867ed07a,64,0.767857,0,0,18986,2,41,56,48.375,14.890625,0,0.772254,38.570388,32
975967e6a0c27185,64,0.765873,0,0,18626,2,40,55,48.25,7.6875,0,0.763597,38.943333,32
c17d94ea44dfa82d,64,0.796627,0,0,21164,2,42,57,50.1875,13.558594,0,0.79949,40.254374,32
bed08f3ed3d3d2ba,64,0.793155,0,0,20812,2,42,57,49.96875,11.811523,0,0.793695,40.449105,32
cd5e1e4e98a24b12,64,0.802083,0,0,21486,2,44,58,50.53125,8.967773,0,0.802132,42.355105,32
28bcb425e3946499,64,0.80506,0,0,21766,2,44,59,50.71875,11.358398,0,0.805855,41.65853,32
ac9dc4f20dc14b3c,64,0.788194,0,0,20343,2,43,56,49.65625,9.569336,0,0.786115,41.107455,32
9ee99a27bbae0b24,64,0.803571,0,0,21608,2,44,57,50.625,8.578125,0,0.803976,41.841594,32
78a361f97684900c,64,0.800595,0,0,21318,2,44,56,50.4375,7.464844,0,0.799245,42.697691,32
69230f98bced94bb,64,0.816964,0,0,22746,2,44,59,51.46875,10.530273,0,0.818084,42.70202,32
8fab190f1bdfa82b,64,0.812996,0,0,22388,2,45,60,51.21875,9.358398,0,0.813272,42.493651,32
227632cbd282e455,64,0.801091,0,0,21302,2,45,55,50.46875,5.561523,0,0.797989,42.704083,32
0964d3b829ec5539,64,0.8125,0,0,22321,2,45,57,51.1875,8.152344,0,0.812171,42.945687,32
055c39e245318abe,64,0.806052,0,0,21724,2,45,57,50.78125,6.514648,0,0.803516,42.590786,32
b5eedbc186bb092a,64,0.808532,0,0,22027,2,44,58,50.9375,10.246094,0,0.809131,41.91404,32
76943b6a01a7e37c,64,0.797123,0,0,21185,2,39,59,50.21875,13.702148,0,0.799398,38.167765,32
7321aec892450f30,64,0.801587,0,0,21465,2,43,56,50.5,10.09375,0,0.802134,41.19163,32
75f908b5cad067db,64,0.790179,0,0,20579,2,41,56,49.78125,11.045898,0,0.790844,39.674396,32
f68bd87e99d241c9,64,0.80506,0,0,21682,2,44,58,50.71875,8.702148,0,0.803671,42.246434,32
c0e460d0c71a1c19,64,0.811508,0,0,22332,2,43,58,51.125,10.671875,0,0.81408,41.65567,32
fa11d48c48820f81,64,0.81002,0,0,22209,2,44,60,51.03125,11.124023,0,0.812297,41.998555,32
38d1f0237f0048c2,64,0.807044,0,0,21893,2,44,58,50.84375,9.444336,0,0.807327,41.48392,32
44b03255497fab06,64,0.790675,0,0,20594,2,42,56,49.8125,9.933594,0,0.791118,40.595721,32
73fe2cc56cc61e61,64,0.803075,0,0,21522,2,43,56,50.59375,7.991211,0,0.801719,41.699261,32
5bf7c86bfc6c0457,64,0.801091,0,0,21447,2,43,59,50.46875,10.936523,0,0.80196,41.379121,32
6550984fef0f656a,64,0.800099,0,0,21274,2,44,56,50.40625,8.491211,0,0.798353,42.038635,32
1f2db31a91d6ae37,64,0.798611,0,0,21258,2,41,58,50.3125,11.558594,0,0.799878,39.985268,32
453d2751d8400e05,64,0.802083,0,0,21408,2,43,58,50.53125,7.561523,0,0.799409,41.782364,32
7a9ae78cc4956bbe,64,0.802579,0,0,21550,2,44,63,50.5625,9.996094,0,0.803111,42.174434,32
10e2238fbbdd1248,64,0.797123,0,0,21108,2,41,57,50.21875,11.045898,0,0.797208,40.064255,32
fcf887abaa08140f,64,0.797123,0,0,21010,2,46,55,50.21875,6.639648,0,0.794959,42.942946,32
e18c082eca57c72b,64,0.779762,0,0,19733,2,43,57,49.125,10.265625,0,0.779192,40.626756,32
2f38aee3b771a1aa,64,0.784722,0,0,20102,2,38,55,49.4375,8.652344,0,0.784013,37.340003,32
50141279cc32b2bb,64,0.802579,0,0,21538,2,41,56,50.5625,10.246094,0,0.802572,40.242292,32
ab3800b1945597c6,64,0.796131,0,0,20992,2,43,58,50.15625,8.319336,0,0.795562,41.16717,32
8097d6970cef9501,64,0.801587,0,0,21497,2,38,58,50.5,12.65625,0,0.802727,37.359346,32
ac52312e2f6c6729,64,0.798611,0,0,21239,2,43,58,50.3125,10.589844,0,0.799598,41.328343,32
ceb7e88aa4167416,64,0.810516,0,0,22193,2,42,59,51.0625,10.277344,0,0.810618,40.981649,32
8d94d90fcd305bf4,64,0.794147,0,0,20868,2,40,55,50.03125,9.405273,0,0.794758,39.149322,32
f7234d417ce3078a,64,0.800099,0,0,21319,2,43,58,50.40625,8.928711,0,0.799853,41.590411,32
c6b7ee159f41f97e,64,0.807044,0,0,21925,2,43,57,50.84375,10.475586,0,0.808071,41.309981,32
6b4efdd7ce712f1d,64,0.783234,0,0,19989,2,43,56,49.34375,10.163086,0,0.782577,39.978474,32
58eeca156856ac6b,64,0.818948,0,0,22862,2,44,58,51.59375,9.178711,0,0.818382,42.818058,32
88161d9462619df0,64,0.78621,0,0,20197,2,43,56,49.53125,8.561523,0,0.785127,41.284262,32
e6f48e6e16856b2f,64,0.784722,0,0,20073,2,41,58,49.4375,9.496094,0,0.783061,39.789503,32
43354991fd6d14f1,64,0.785218,0,0,20138,2,43,56,49.46875,10.374023,0,0.784082,40.547452,32
ce25fca28de3fd66,64,0.799603,0,0,21299,2,42,57,50.375,9.890625,0,0.799804,40.568128,32
c405066d350eb24d,64,0.805556,0,0,21796,2,42,60,50.75,11.78125,0,0.805904,40.804728,32
b4e95c5774bf38b1,64,0.797123,0,0,21066,2,44,56,50.21875,9.295898,0,0.796251,42.055983,32
d6924458dcd94fd1,64,0.805556,0,0,21755,2,44,56,50.75,8.40625,0,0.805371,42.333572,32
38a6240d6799ac03,64,0.791171,0,0,20578,2,44,56,49.84375,7.975586,0,0.790104,42.007779,32
0ca634ffee5a50ab,64,0.804067,0,0,21606,2,45,58,50.65625,7.694336,0,0.803118,43.051001,32
c47e09bb86f5bdeb,64,0.812004,0,0,22308,2,45,59,51.15625,9.381836,0,0.812599,42.930081,32
7afa5c352813a5bf,64,0.800099,0,0,21268,2,43,58,50.40625,7.334961,0,0.79846,41.561373,32
ae2994616c4154d7,64,0.812004,0,0,22349,2,39,59,51.15625,10.444336,0,0.813645,38.294774,32
496e439090f81647,64,0.801587,0,0,21466,2,44,58,50.5,9.8125,0,0.802059,42.15758,32
eaf16ea582414703,64,0.777282,0,0,19466,2,43,54,48.96875,6.811523,0,0.774808,41.195492,32
c7f895c6b5ff5b86,64,0.804563,0,0,21750,2,43,59,50.6875,10.558594,0,0.806626,41.725227,32
09f531a762765d30,64,0.797123,0,0,21081,2,43,56,50.21875,9.358398,0,0.796804,41.037484,32
59cfc1691cadedab,64,0.799107,0,0,21233,2,42,56,50.34375,9.444336,0,0.798449,40.306436,32
4fc2f072153b717f,64,0.796131,0,0,21061,2,37,57,50.15625,11.131836,0,0.797364,36.413524,32
192c5e02d788823b,64,0.803075,0,0,21572,2,44,58,50.59375,8.678711,0,0.803476,41.90399,32
99a3a67919fa8024,64,0.794147,0,0,20892,2,43,60,50.03125,11.842773,0,0.794742,41.84487,32
f187c84f480630e1,64,0.803075,0,0,21588,2,43,57,50.59375,10.178711,0,0.80332,41.460581,32
97e4b8c2291d7d04,64,0.802579,0,0,21550,2,43,57,50.5625,9.933594,0,0.803078,41.721305,32
f97cef6dc5861395,64,0.813988,0,0,22471,2,44,58,51.28125,8.764648,0,0.81451,42.541117,32
2a9816c4fd6e1652,64,0.81002,0,0,22078,2,44,57,51.03125,7.467773,0,0.80834,42.347839,32
85db662acbadcc44,64,0.801091,0,0,21492,2,43,60,50.46875,12.092773,0,0.80357,41.342069,32
9e4331f0bdb6369c,64,0.798611,0,0,21198,2,42,57,50.3125,10.152344,0,0.798071,40.679949,32
33cb4920dc6ec267,64,0.799603,0,0,21403,2,39,58,50.375,13.953125,0,0.802515,38.192388,32
ca24afdae7abf282,64,0.790179,0,0,20569,2,43,57,49.78125,10.764648,0,0.790736,41.317033,32
5e662a93f0f2d922,64,0.805556,0,0,21746,2,43,57,50.75,8.6875,0,0.804902,41.660945,32
55e852c497fdb3a7,64,0.795635,0,0,20897,2,42,58,50.125,8.171875,0,0.793115,40.823926,32
7c744f65d0c00513,64,0.791171,0,0,20570,2,44,56,49.84375,7.663086,0,0.789921,42.004346,32
ce9972d9280a4601,64,0.81994,0,0,22896,2,46,57,51.65625,6.600586,0,0.818423,43.889286,32
d15b0c1da6da79f5,64,0.795139,0,0,20918,2,41,57,50.09375,9.084961,0,0.794702,39.953355,32
f2d5d32f327ebea1,64,0.791667,0,0,20580,2,44,56,49.875,7.078125,0,0.789496,41.939528,32
b40af1159ffb6c4c,64,0.798115,0,0,21133,2,41,55,50.28125,8.139648,0,0.796802,40.067535,32
d1c90e2293ec8c93,64,0.780754,0,0,19926,2,40,57,49.1875,14.652344,0,0.783559,38.705952,32
9a8d40a1e898484f,64,0.80506,0,0,21812,2,43,57,50.71875,12.733398,0,0.807116,41.109464,32
f1a6175d0c169278,64,0.78621,0,0,20355,2,41,56,49.53125,14.749023,0,0.790007,39.414422,32
0511c06fa8a0549e,64,0.799603,0,0,21198,2,45,57,50.375,6.765625,0,0.797007,42.785525,32
7dbb78ecf216087d,64,0.810516,0,0,22149,2,44,57,51.0625,8.433594,0,0.809698,42.627719,32
d4064621e57ad58e,64,0.799603,0,0,21305,2,42,57,50.375,10.109375,0,0.800098,40.846633,32
fad1d2ad2ab0fa32,64,0.815476,0,0,22613,2,45,58,51.375,9.765625,0,0.816299,43.00624,32
d787808c8921f441,64,0.798611,0,0,21295,2,41,59,50.3125,13.433594,0,0.800567,39.944844,32
369f3c96e51f1807,64,0.802083,0,0,21476,2,41,57,50.53125,9.030273,0,0.801895,40.089691,32
330405f34f72e0ba,64,0.798115,0,0,21117,2,44,56,50.28125,7.983398,0,0.796343,41.892642,32
3b0df4dbb8de6ff7,64,0.799107,0,0,21192,2,43,55,50.34375,7.631836,0,0.797541,41.078878,32
84b6ddea0cbd4e72,64,0.806052,0,0,21823,2,44,58,50.78125,9.045898,0,0.806519,42.442146,32
7bbe9b99a1c4739b,64,0.791667,0,0,20636,2,42,58,49.875,8.546875,0,0.790839,40.692828,32
148e5a1d2df9ebb7,64,0.788194,0,0,20421,2,43,56,49.65625,11.319336,0,0.788795,41.053736,32
c552582afa86e145,64,0.791171,0,0,20691,2,43,61,49.84375,12.538086,0,0.792744,40.825682,32
3954a081c5932bee,64,0.797123,0,0,21109,2,42,60,50.21875,10.327148,0,0.797495,40.749125,32
6857b170870a26c5,64,0.777778,0,0,19677,2,41,57,49.0,13.65625,0,0.780018,39.692749,32
00e01dad2785934b,64,0.820437,0,0,23006,2,45,59,51.6875,8.996094,0,0.820586,43.174303,32
150e3cbc56438791,64,0.796627,0,0,21129,2,42,58,50.1875,12.589844,0,0.798791,40.296345,32
eb646b80b35198d9,64,0.801091,0,0,21415,2,42,58,50.46875,9.967773,0,0.801069,40.850933,32
25446161ba4e9ea5,64,0.799603,0,0,21293,2,42,56,50.375,9.765625,0,0.799718,40.634599,32
5fa59872dfbde301,64,0.80754,0,0,21985,2,44,58,50.875,11.328125,0,0.808927,41.63861,32
e755b9eb57dedde0,64,0.8125,0,0,22392,2,45,60,51.1875,10.746094,0,0.813804,43.135131,32
526528fa7081d82d,64,0.795635,0,0,20954,2,43,59,50.125,9.921875,0,0.795101,41.291346,32
a887b9276639320c,64,0.843254,0,0,24997,2,42,58,53.125,8.921875,0,0.843703,41.437667,32
f08a86130f8f7d82,64,0.846726,0,0,25324,2,44,61,53.34375,8.631836,0,0.847749,43.101716,32
2327fda285da3a0a,64,0.847222,0,0,25396,2,46,60,53.375,10.265625,0,0.848856,44.708779,32
06aee1714d35d4b0,64,0.83631,0,0,24339,2,46,60,52.6875,8.183594,0,0.835665,44.55984,32
1a538d38ba346e21,64,0.85119,0,0,25674,2,48,59,53.625,6.671875,0,0.850953,46.176504,32
4dbf0555ed8c4c84,64,0.843254,0,0,24927,2,48,59,53.125,6.484375,0,0.842024,46.105197,32
0626883dca33b4ae,64,0.859623,0,0,26429,2,48,60,54.15625,6.381836,0,0.85888,46.76965,32
fdc6033b5d00d804,64,0.848214,0,0,25378,2,45,58,53.4375,6.839844,0,0.847151,44.027873,32
6faf7b33c14a702e,64,0.844742,0,0,25167,2,44,61,53.21875,10.108398,0,0.846328,42.870854,32
4731f7bdc33854a9,64,0.843254,0,0,24970,2,45,59,53.125,8.296875,0,0.843166,43.885623,32
87587d61e7adc864,64,0.857143,0,0,26229,2,48,61,54.0,7.34375,0,0.857169,46.713418,32
3b1aef53cfb8b131,64,0.83879,0,0,24614,2,42,61,52.84375,9.569336,0,0.839536,41.386924,32
820309892473cfd3,64,0.842262,0,0,24860,2,47,60,53.0625,6.902344,0,0.841692,45.541596,32
d693c00f84703506,64,0.856151,0,0,26108,2,47,59,53.9375,5.777344,0,0.855678,45.579412,32
8cb34cbaed2ff161,64,0.854167,0,0,26011,2,47,60,53.8125,9.246094,0,0.855627,45.721412,32
c1ac503f4f53220f,64,0.846726,0,0,25327,2,44,60,53.34375,9.569336,0,0.847531,42.675008,32
3d53e284f3773d37,64,0.848214,0,0,25466,2,42,60,53.4375,9.464844,0,0.849393,41.331398,32
5d66c57fcb21f595,64,0.83879,0,0,24620,2,45,59,52.84375,9.225586,0,0.839833,43.899124,32
f919cb1f8898ebde,64,0.84127,0,0,24792,2,47,61,53.0,7.8125,0,0.841068,45.141675,32
7e4d481a9cd42d7e,64,0.846726,0,0,25301,2,47,58,53.34375,7.975586,0,0.847166,45.306591,32
47c8a9d62aded2cc,64,0.840278,0,0,24680,2,46,60,52.9375,7.277344,0,0.83957,44.721562,32
0eaf02e4a48c8def,64,0.855159,0,0,26014,2,49,59,53.875,5.671875,0,0.854606,47.047919,32
f934950f2acceee8,64,0.837798,0,0,24506,2,45,60,52.78125,8.639648,0,0.838188,43.981488,32
1bfdbb7bcc045c28,64,0.839286,0,0,24570,2,48,59,52.875,6.203125,0,0.837981,45.80424,32
ff86d21de68e52e4,64,0.861111,0,0,26584,2,48,60,54.25,6.3125,0,0.860798,46.712605,32
516de8ec137dba3e,64,0.844742,0,0,25090,2,46,59,53.21875,7.639648,0,0.844193,44.652607,32
58d8de6a9af62eae,64,0.842758,0,0,24989,2,46,61,53.09375,10.022461,0,0.84437,44.575513,32
b73ffd6c42587130,64,0.850198,0,0,25562,2,48,60,53.5625,6.527344,0,0.849223,46.626509,32
b7222f74a9265ecb,64,0.849206,0,0,25475,2,47,58,53.5,6.34375,0,0.848524,45.447725,32
e790a659e7b91b26,64,0.845238,0,0,25200,2,45,59,53.25,10.1875,0,0.846493,43.769017,32
15dc37e818207376,64,0.850198,0,0,25615,2,46,60,53.5625,8.558594,0,0.850492,44.912389,32
5c75c1b7776b7587,64,0.850198,0,0,25556,2,48,59,53.5625,6.464844,0,0.849189,46.245739,32
2b24181d772a5746,64,0.85119,0,0,25700,2,45,61,53.625,8.296875,0,0.851465,44.190274,32
b870341338a36c81,64,0.850198,0,0,25568,2,49,59,53.5625,6.808594,0,0.849534,46.175373,32
c29c920aa4cd738a,64,0.847718,0,0,25367,2,47,59,53.40625,7.866211,0,0.847421,45.498583,32
a9764eedff0e1591,64,0.852679,0,0,25888,2,47,60,53.71875,9.764648,0,0.854423,45.386155,32
4d576b53b5e7fabe,64,0.854167,0,0,25928,2,45,59,53.8125,6.402344,0,0.85348,44.202826,32
fdd2a3eedc5e26f6,64,0.861111,0,0,26596,2,49,61,54.25,7.5625,0,0.860952,46.832569,32
aa826e4c408a2c6a,64,0.852679,0,0,25754,2,48,59,53.71875,5.077148,0,0.851057,46.680323,32
19b1fa0557f83c28,64,0.847222,0,0,25295,2,46,59,53.375,6.828125,0,0.846387,44.968334,32
c8848a56a8600f0f,64,0.827381,0,0,23627,2,42,59,52.125,10.015625,0,0.828184,41.282286,32
512e883d0d5e2982,64,0.851687,0,0,25702,2,48,60,53.65625,6.913086,0,0.850836,46.074471,32
04d42b571dca46da,64,0.85119,0,0,25690,2,47,59,53.625,7.484375,0,0.851158,45.407445,32
752dbf3f0cf8ed8d,64,0.861607,0,0,26717,2,46,61,54.28125,10.702148,0,0.863351,44.944488,32
f7e989669e3e0856,64,0.847718,0,0,25317,2,49,58,53.40625,5.459961,0,0.846534,46.600277,32
aa014cb042a0b586,64,0.853175,0,0,25900,2,47,60,53.75,8.875,0,0.853908,45.052642,32
1df70caa0d14d051,64,0.837798,0,0,24537,2,44,59,52.78125,9.639648,0,0.838779,42.698767,32
fea5027e33826f03,64,0.855655,0,0,26094,2,47,59,53.90625,7.647461,0,0.855697,45.427752,32
efd6fcc102c95332,64,0.862599,0,0,26756,2,48,59,54.34375,7.663086,0,0.863197,46.448521,32
fd6e730b77f15a17,64,0.846726,0,0,25397,2,44,60,53.34375,12.131836,0,0.849301,43.1125,32
d5356ff0c24491f3,64,0.853671,0,0,25915,2,46,59,53.78125,8.389648,0,0.853692,44.845677,32
297f37042dba6454,64,0.844742,0,0,25144,2,46,60,53.21875,8.889648,0,0.845549,44.428908,32
1ad3afa96a3d0311,64,0.83879,0,0,24532,2,48,60,52.84375,6.506836,0,0.837585,46.072623,32
d0b2e191b2b0bd6f,64,0.84375,0,0,25002,2,47,58,53.15625,7.069336,0,0.84344,44.94212,32
2f190491e851bebc,64,0.856647,0,0,26185,2,48,61,53.96875,7.467773,0,0.856622,46.852305,32
8e43790cb1e0d504,64,0.859127,0,0,26432,2,46,59,54.125,7.578125,0,0.859614,45.108091,32
0de4bcc1785eca64,64,0.838294,0,0,24597,2,45,62,52.8125,10.277344,0,0.839867,43.740399,32
170bf7dbe9fbbfbf,64,0.839286,0,0,24661,2,46,59,52.875,9.765625,0,0.840325,43.94641,32
c76171302b9913d5,64,0.858135,0,0,26304,2,48,60,54.0625,6.527344,0,0.857827,46.474281,32
274a3f09d337324b,64,0.850694,0,0,25675,2,44,61,53.59375,8.647461,0,0.851676,42.690114,32
f8b9d92bddee555c,64,0.850694,0,0,25652,2,46,59,53.59375,7.991211,0,0.850865,44.948055,32
112f19ea972a6d2c,64,0.850694,0,0,25683,2,45,61,53.59375,9.491211,0,0.851553,43.877585,32
968ebc09d5aeb2fe,64,0.845238,0,0,25155,2,47,59,53.25,8.71875,0,0.845021,45.156324,32
47fe8e8e2a479eed,64,0.848214,0,0,25412,2,47,58,53.4375,7.277344,0,0.848155,45.323822,32
9f9c0e673f0b406d,64,0.850694,0,0,25679,2,44,60,53.59375,9.053711,0,0.851412,43.317502,32
5bebbb9075d5874e,64,0.855655,0,0,26055,2,48,59,53.90625,6.397461,0,0.854612,46.618757,32
97a233acf204e638,64,0.853175,0,0,25880,2,43,59,53.75,7.8125,0,0.853376,42.51438,32
ab3702f2ab73d8cf,64,0.852183,0,0,25833,2,44,61,53.6875,9.589844,0,0.85336,43.253318,32
72cc8d650aa10867,64,0.853671,0,0,25953,2,46,60,53.78125,8.920898,0,0.854692,44.733835,32
a0a09811306d2fc0,64,0.842758,0,0,24952,2,44,59,53.09375,8.741211,0,0.843155,42.993059,32
bd7cd6bb646a4a75,64,0.843254,0,0,25011,2,47,59,53.125,9.765625,0,0.84402,45.028403,32
4fb36be8d72171c1,64,0.844246,0,0,25093,2,45,59,53.1875,9.621094,0,0.844579,43.683601,32
9e2d9d73abed3074,64,0.852679,0,0,25857,2,45,59,53.71875,8.827148,0,0.853677,43.982565,32
d5e17fe8e0e9e6e5,64,0.844246,0,0,25092,2,47,59,53.1875,9.058594,0,0.844874,45.074531,32
81e9fa39f730b901,64,0.839782,0,0,24623,2,47,59,52.90625,5.897461,0,0.838928,45.169509,32
2ced509b2780699e,64,0.852183,0,0,25728,2,48,58,53.6875,5.839844,0,0.851075,46.003685,32
4d409c04efbd5eda,64,0.842262,0,0,24930,2,46,59,53.0625,9.027344,0,0.843367,44.210083,32
87f7e7f4e39fd77e,64,0.844742,0,0,25102,2,45,60,53.21875,7.764648,0,0.844642,43.814948,32
761e8896bb0ce677,64,0.845734,0,0,25224,2,46,60,53.28125,8.983398,0,0.846332,44.589869,32
27c5a0aeaf0baddd,64,0.854167,0,0,25931,2,47,60,53.8125,6.902344,0,0.853522,45.88797,32
9a98c09a38685654,64,0.851687,0,0,25730,2,47,59,53.65625,7.881836,0,0.851595,45.005291,32
fe276bf100e728ab,64,0.837302,0,0,24464,2,46,58,52.75,8.59375,0,0.837853,43.611541,32
5221da3f7c13612a,64,0.846726,0,0,25220,2,49,59,53.34375,5.381836,0,0.845255,46.768863,32
0710b40ad30bcf97,64,0.83631,0,0,24370,2,46,59,52.6875,9.089844,0,0.836236,44.657273,32
ce38c4ce545c34da,64,0.861111,0,0,26677,2,46,60,54.25,10.3125,0,0.862952,45.134425,32
5a9244492f18e49d,64,0.842758,0,0,24987,2,44,60,53.09375,9.772461,0,0.84423,42.962846,32
d63f63549bbb9923,64,0.869544,0,0,27350,2,48,60,54.78125,5.702148,0,0.868754,47.117818,32
16557034c421769c,64,0.858135,0,0,26269,2,47,59,54.0625,6.089844,0,0.856739,45.986587,32
44dff7663bd4f679,64,0.862599,0,0,26735,2,47,59,54.34375,7.288086,0,0.862586,45.889966,32
28dddca7417fa5c0,64,0.845238,0,0,25150,2,48,59,53.25,8.21875,0,0.845213,45.967978,32
c6233d291fe0d2f9,64,0.846726,0,0,25301,2,47,59,53.34375,8.381836,0,0.847123,45.515993,32
f8f58e9a2976ed78,64,0.84871,0,0,25484,2,45,59,53.46875,8.717773,0,0.848934,44.002097,32
8d4d895b9e48f15b,64,0.855159,0,0,26006,2,49,59,53.875,5.953125,0,0.854139,46.739787,32
f0f5e2c92c34716d,64,0.842758,0,0,24927,2,46,59,53.09375,7.897461,0,0.842612,44.739927,32
df7d191e746c8574,64,0.837798,0,0,24513,2,45,60,52.78125,8.952148,0,0.838245,43.748117,32
a86c9bfa96fb4e62,64,0.852679,0,0,25795,2,46,60,53.71875,6.827148,0,0.851998,44.935337,32
81fd51d90f97f3df,64,0.848214,0,0,25475,2,46,59,53.4375,9.589844,0,0.849692,44.612723,32
afa7e425bd907f1d,64,0.853175,0,0,25817,2,48,60,53.75,6.15625,0,0.851793,46.053076,32
c46fa8356e8b9216,64,0.84623,0,0,25276,2,46,59,53.3125,8.683594,0,0.847307,44.853686,32
a8449b1b6ebf225b,64,0.85119,0,0,25659,2,44,59,53.625,7.421875,0,0.850309,43.294241,32
b76894d9563dd472,64,0.907738,0,0,31182,2,50,62,57.1875,5.839844,0,0.908186,49.162222,32
779901129808a856,64,0.903274,0,0,30671,2,53,62,56.90625,4.147461,0,0.902672,51.508988,32
23cbb6fd0c71382e,64,0.922123,0,0,32632,2,54,63,58.09375,3.334961,0,0.92144,52.836777,32
13e6841ec0bddf39,64,0.895833,0,0,29914,2,51,61,56.4375,4.589844,0,0.895052,49.726954,32
0c805a8d2e65874d,64,0.908234,0,0,31220,2,51,63,57.21875,5.420898,0,0.908516,49.614992,32
17289b380de14430,64,0.912202,0,0,31652,2,50,62,57.46875,5.936523,0,0.912938,49.23326,32
1850e0cfa33beb62,64,0.889385,0,0,29312,2,51,61,56.03125,6.342773,0,0.889527,49.104989,32
d7cf7d2396c5b5fb,64,0.89881,0,0,30227,2,51,61,56.625,4.796875,0,0.898355,49.90649,32
a95362d6fca0801a,64,0.904266,0,0,30836,2,50,63,56.96875,6.405273,0,0.904994,49.139131,32
7dce060571ced830,64,0.899306,0,0,30333,2,47,60,56.65625,6.694336,0,0.899898,46.45424,32
8cefae1f79fdd132,64,0.892857,0,0,29681,2,50,62,56.25,6.71875,0,0.893592,48.50637,32
aa33767f24110d4e,64,0.899306,0,0,30359,2,50,62,56.65625,7.694336,0,0.900623,48.229942,32
aa359275657574be,64,0.911706,0,0,31583,2,51,63,57.4375,5.433594,0,0.911993,50.223912,32
e1bef60f1396b8ec,64,0.904762,0,0,30845,2,50,62,57.0,5.125,0,0.904498,49.256072,32
b9dd3404d207fe3e,64,0.899306,0,0,30335,2,48,63,56.65625,7.131836,0,0.900081,47.463507,32
10c6b009e9df4056,64,0.913194,0,0,31718,2,51,63,57.53125,4.655273,0,0.912998,50.329937,32
cd5830b99c04e4ac,64,0.907738,0,0,31197,2,50,62,57.1875,6.527344,0,0.908508,49.204941,32
6a241f6ae6471961,64,0.893849,0,0,29730,2,50,61,56.3125,5.089844,0,0.893446,48.974034,32
12a090ca3447c471,64,0.897817,0,0,30146,2,52,61,56.5625,5.621094,0,0.897696,50.5452,32
b67605ba0633ae83,64,0.892361,0,0,29650,2,50,61,56.21875,7.389648,0,0.893411,48.503491,32
93d75eacb4ec722a,64,0.902282,0,0,30626,2,50,62,56.84375,6.131836,0,0.902926,48.930493,32
829530baa0511e68,64,0.900794,0,0,30448,2,52,62,56.75,5.3125,0,0.900825,50.543626,32
d3c0fbce447b4412,64,0.895833,0,0,29882,2,52,61,56.4375,3.527344,0,0.894382,50.624636,32
14659b2b61407985,64,0.883433,0,0,28738,2,47,60,55.65625,6.756836,0,0.883901,46.286841,32
3bb2a1930ea10dbe,64,0.905258,0,0,30909,2,52,62,57.03125,5.561523,0,0.905337,50.433236,32
abb710ef012cda34,64,0.903274,0,0,30734,2,50,62,56.90625,6.334961,0,0.903977,49.076075,32
234e8d5ab255af59,64,0.905754,0,0,30928,2,52,61,57.0625,4.027344,0,0.905316,50.745125,32
5b13988ed9d43f83,64,0.909722,0,0,31356,2,53,62,57.3125,4.589844,0,0.909618,51.237401,32
d9b0d498d44d4e5e,64,0.905258,0,0,30897,2,52,62,57.03125,4.780273,0,0.905223,50.344736,32
e03171bc7e1f3521,64,0.894841,0,0,29884,2,47,61,56.375,7.296875,0,0.895642,46.351835,32
438a5a6986aa1d41,64,0.900794,0,0,30465,2,51,62,56.75,5.84375,0,0.901198,49.526738,32
0e402bc386376288,64,0.891865,0,0,29571,2,50,61,56.1875,6.214844,0,0.892424,48.228179,32
5f9f5b6381711626,64,0.90625,0,0,30996,2,51,61,57.09375,4.834961,0,0.906054,49.836451,32
53010fd3064cd951,64,0.905258,0,0,30904,2,51,62,57.03125,4.936523,0,0.90533,50.188413,32
860710ddf65ee3f4,64,0.899802,0,0,30355,2,51,61,56.6875,5.714844,0,0.899931,49.371606,32
361014a3b799c945,64,0.891369,0,0,29484,2,51,61,56.15625,5.381836,0,0.890906,49.749724,32
67ee11278ab2119a,64,0.898313,0,0,30241,2,49,61,56.59375,6.866211,0,0.899244,47.924646,32
1ff2ead050b4bb02,64,0.902282,0,0,30560,2,52,61,56.84375,3.975586,0,0.901497,50.954102,32
c98982302c812acd,64,0.881448,0,0,28581,2,49,61,55.53125,8.686523,0,0.882696,47.21436,32
f31a3db15090dff3,64,0.90129,0,0,30477,2,52,61,56.78125,4.452148,0,0.900883,50.278041,32
95bda2b259cd5e31,64,0.908234,0,0,31222,2,49,62,57.21875,5.545898,0,0.908477,48.387118,32
dbabb6ef2c0a3734,64,0.891369,0,0,29475,2,50,61,56.15625,4.975586,0,0.890778,48.890984,32
b262a644fae181ad,64,0.91121,0,0,31515,2,51,61,57.40625,4.959961,0,0.911054,50.416227,32
6ca9b789985162fe,64,0.889881,0,0,29361,2,50,61,56.0625,6.371094,0,0.889927,48.928719,32
bcc38946d4fad2a6,64,0.900298,0,0,30361,2,52,61,56.71875,4.327148,0,0.899499,50.562832,32
473600c2271bbf5d,64,0.894345,0,0,29796,2,50,62,56.34375,5.725586,0,0.894326,48.985958,32
c1909befdf2bd777,64,0.894345,0,0,29823,2,51,62,56.34375,6.288086,0,0.894866,49.518922,32
1b31b8964e240816,64,0.891369,0,0,29503,2,50,62,56.15625,6.256836,0,0.891289,48.771287,32
aafbfb03cb1c744d,64,0.90129,0,0,30480,2,51,61,56.78125,4.452148,0,0.900972,49.720924,32
5d3753dbeabdb043,64,0.90625,0,0,31027,2,48,63,57.09375,5.866211,0,0.906769,47.343599,32
9f622922313db821,64,0.907738,0,0,31167,2,50,62,57.1875,5.402344,0,0.907942,49.216288,32
b4e26f904d9860c6,64,0.916171,0,0,32069,2,52,62,57.71875,5.733398,0,0.916923,50.80106,32
eac85483fce85add,64,0.895833,0,0,29973,2,50,62,56.4375,6.371094,0,0.896339,48.87421,32
4280e91791813527,64,0.900794,0,0,30474,2,51,63,56.75,6.34375,0,0.901256,49.383997,32
29ef0db1e14e05ca,64,0.907738,0,0,31149,2,51,62,57.1875,5.058594,0,0.907444,50.094216,32
eb05d074ef8fca1b,64,0.902778,0,0,30647,2,52,62,56.875,5.421875,0,0.902623,50.606152,32
6127e7d243c945f1,64,0.898313,0,0,30164,2,51,61,56.59375,4.334961,0,0.89761,49.924645,32
e4359661ec450563,64,0.903274,0,0,30704,2,52,61,56.90625,5.084961,0,0.903465,50.252419,32
0d428d3328e1cb12,64,0.915675,0,0,31938,2,52,62,57.6875,3.339844,0,0.914743,50.971569,32
85577b30d9c3c783,64,0.889881,0,0,29380,2,50,60,56.0625,6.621094,0,0.890485,48.681285,32
c1f118e71856609e,64,0.888889,0,0,29258,2,49,61,56.0,5.96875,0,0.888949,48.073516,32
dc0d2404c5c1a954,64,0.907738,0,0,31111,2,53,62,57.1875,3.464844,0,0.906741,51.446974,32
bcde49ebe7e6a7ec,64,0.902778,0,0,30656,2,50,62,56.875,5.765625,0,0.902852,49.089763,32
7639d5f3c7bd407c,64,0.899306,0,0,30282,2,52,61,56.65625,5.100586,0,0.898969,50.644615,32
ba546acbbe101b6f,64,0.904266,0,0,30839,2,51,62,56.96875,6.686523,0,0.904971,49.5805,32
8acdbd9602d3f66a,64,0.911706,0,0,31528,2,51,61,57.4375,3.652344,0,0.910843,50.114284,32
f42f47595d8e7667,64,0.899306,0,0,30276,2,51,61,56.65625,4.725586,0,0.898891,49.341898,32
1ce5217f9b4015a5,64,0.898313,0,0,30256,2,50,62,56.59375,7.522461,0,0.899635,48.536962,32
a41df49f902d60dd,64,0.90625,0,0,31031,2,51,62,57.09375,6.303711,0,0.906762,49.884621,32
becbfd9d32bb375b,64,0.895833,0,0,29973,2,49,62,56.4375,6.402344,0,0.896317,48.289472,32
33b71c09c6e60593,64,0.900298,0,0,30410,2,50,62,56.71875,5.608398,0,0.900536,49.133526,32
03e5697cc37e3376,64,0.90625,0,0,31035,2,52,62,57.09375,6.334961,0,0.906802,50.784811,32
717f1a7df96a629a,64,0.898313,0,0,30214,2,48,61,56.59375,6.241211,0,0.898595,47.482021,32
981546e322203d0f,64,0.907738,0,0,31138,2,51,63,57.1875,4.371094,0,0.907275,50.365827,32
f26b594f61b85dc4,64,0.891865,0,0,29554,2,49,61,56.1875,6.277344,0,0.891839,48.183385,32
10fc8463fd307f4c,64,0.903274,0,0,30668,2,52,61,56.90625,4.303711,0,0.902573,50.719401,32
91d73ebffe8de5e2,64,0.899802,0,0,30361,2,51,61,56.6875,5.714844,0,0.900229,49.591254,32
ac45b55e471b6238,64,0.904266,0,0,30801,2,51,61,56.96875,5.061523,0,0.904248,50.003191,32
50090011da505e13,64,0.899802,0,0,30332,2,51,61,56.6875,4.808594,0,0.899454,50.154774,32
69d8059a9184d147,64,0.90377,0,0,30722,2,52,61,56.9375,4.433594,0,0.903196,50.563034,32
ac4c53a5f71231ed,64,0.899802,0,0,30350,2,52,62,56.6875,5.433594,0,0.89985,50.419169,32
5724190d290871f2,64,0.907242,0,0,31100,2,52,62,57.15625,4.819336,0,0.907177,50.323986,32
1f6491dd90fa5112,64,0.90377,0,0,30771,2,51,62,56.9375,5.933594,0,0.904159,49.343497,32
7950a563778c47bb,64,0.899802,0,0,30369,2,51,62,56.6875,6.214844,0,0.900168,49.547932,32
1a717b4a44ce49c4,64,0.899306,0,0,30287,2,52,62,56.65625,4.788086,0,0.899138,50.181546,32
b967aa869f4ad003,64,0.908234,0,0,31242,2,52,63,57.21875,6.358398,0,0.908843,50.355324,32
e3a6a7a5c2f252fa,64,0.889881,0,0,29342,2,51,60,56.0625,5.527344,0,0.889684,48.694448,32
70e9bacc2aa75a3e,64,0.897817,0,0,30127,2,53,61,56.5625,4.746094,0,0.89749,50.665554,32
34ff3127e1c72d98,64,0.913194,0,0,31714,2,53,62,57.53125,4.780273,0,0.91289,51.574862,32
342acbcf0dedabab,64,0.907242,0,0,31114,2,51,62,57.15625,5.506836,0,0.907361,50.177649,32
7f60616c28919cca,64,0.896825,0,0,30027,2,50,60,56.5,4.84375,0,0.896417,49.024302,32
79d865d15767f216,64,0.896329,0,0,30036,2,49,63,56.46875,6.874023,0,0.897182,48.15889,32
ae560d0a3be1aca4,64,0.90625,0,0,31010,2,52,61,57.09375,5.459961,0,0.90627,50.560476,32
228d56cb89572cfc,64,0.887897,0,0,29144,2,49,62,55.9375,5.777344,0,0.887539,47.903785,32
0706fa52e0a3280b,64,0.907242,0,0,31150,2,51,63,57.15625,6.694336,0,0.908112,49.881868,32
7cee94f1f9e3f93a,64,0.905754,0,0,30974,2,52,63,57.0625,5.777344,0,0.906141,50.701667,32
1de83fb0266cf770,64,0.903274,0,0,30701,2,51,60,56.90625,5.272461,0,0.9033,49.837026,32
18e53e8ff6869ddb,64,0.892361,0,0,29618,2,49,61,56.21875,6.170898,0,0.892713,48.00966,32
52234ee2e06f04cb,64,0.898313,0,0,30163,2,51,61,56.59375,4.334961,0,0.897628,49.873475,32
24e7ce7487d1b963,64,0.899306,0,0,30351,2,50,62,56.65625,7.225586,0,0.900417,48.962551,32
620edf2aa3e755c8,64,0.956845,0,0,36485,2,57,63,60.28125,2.202148,0,0.956622,55.998944,32
f9f0112ba465d256,64,0.949901,0,0,35701,2,55,63,59.84375,2.631836,0,0.949764,54.488682,32
8d9aaa37047b8061,64,0.953373,0,0,36084,2,56,63,60.0625,2.089844,0,0.953071,55.200742,32
7885fbaba2398004,64,0.957341,0,0,36554,2,56,63,60.3125,2.402344,0,0.957365,55.282312,32
85a59819101cc331,64,0.948413,0,0,35520,2,57,63,59.75,2.40625,0,0.948012,55.56538,32
07ae6fc03667cb14,64,0.951389,0,0,35884,2,56,63,59.9375,3.058594,0,0.951542,55.057499,32
e0b6f159a58be4d2,64,0.945437,0,0,35214,2,55,63,59.5625,3.339844,0,0.945588,54.030382,32
a383c9fe6834fd7f,64,0.952877,0,0,36060,2,53,63,60.03125,3.280273,0,0.953143,52.715844,32
9c32a5d141e42958,64,0.954365,0,0,36196,2,56,63,60.125,2.078125,0,0.954011,55.379119,32
6558bc9af663458f,64,0.946429,0,0,35335,2,55,63,59.625,3.703125,0,0.94675,54.143407,32
3269d66d7aee1ec8,64,0.948909,0,0,35594,2,56,62,59.78125,2.952148,0,0.948862,54.848061,32
76569856bcc8e05c,64,0.950397,0,0,35749,2,56,63,59.875,2.484375,0,0.950084,55.436135,32
821c0710b832bee1,64,0.950893,0,0,35794,2,57,63,59.90625,2.053711,0,0.950395,55.868567,32
25952270ccff32ab,64,0.945933,0,0,35291,2,54,63,59.59375,4.209961,0,0.946488,53.168945,32
015d39a1532b61e6,64,0.951885,0,0,35946,2,55,63,59.96875,3.249023,0,0.952146,53.723435,32
ef6b382edbea9fd5,64,0.947421,0,0,35412,2,56,63,59.6875,2.527344,0,0.947098,54.795219,32
568d29fc734762d6,64,0.947421,0,0,35441,2,53,63,59.6875,3.527344,0,0.947613,52.593012,32
383d9f4a35f487f7,64,0.953373,0,0,36098,2,56,63,60.0625,2.621094,0,0.953304,55.511165,32
b5eaaddadbecee3b,64,0.94494,0,0,35152,2,55,63,59.53125,3.249023,0,0.944974,53.890037,32
52ce3c513ccdc11c,64,0.960317,0,0,36900,2,56,63,60.5,2.40625,0,0.960409,55.210543,32
9ec5b502be5f26ef,64,0.957837,0,0,36583,2,56,62,60.34375,1.538086,0,0.957338,55.570577,32
ef09024542409827,64,0.953869,0,0,36152,2,55,63,60.09375,2.709961,0,0.953731,54.447571,32
9b3f15a28a0fef79,64,0.94246,0,0,34843,2,55,62,59.375,2.171875,0,0.941877,54.255542,32
80cf655d8721d99e,64,0.943452,0,0,34965,2,56,62,59.4375,2.589844,0,0.943074,54.625673,32
40d5b24769832fcc,64,0.946429,0,0,35316,2,55,62,59.625,2.984375,0,0.946422,54.054282,32
07909b075ddccb7a,64,0.941468,0,0,34804,2,53,63,59.3125,4.621094,0,0.942233,52.3035,32
3dde16934fa95fbd,64,0.952381,0,0,35987,2,56,63,60.0,2.78125,0,0.952326,54.804142,32
81e79dc3fd63c46b,64,0.955357,0,0,36317,2,56,63,60.1875,2.308594,0,0.955162,55.376433,32
0ee26809c3c1b67d,64,0.947421,0,0,35426,2,56,63,59.6875,2.964844,0,0.947357,54.72642,32
ae6e2dc3fe486c2d,64,0.952877,0,0,36043,2,56,63,60.03125,2.717773,0,0.952867,55.088397,32
9f98dc682ec5072c,64,0.940972,0,0,34691,2,55,63,59.28125,2.827148,0,0.94057,54.509694,32
cc45dea1a4df88f9,64,0.950397,0,0,35782,2,54,63,59.875,3.546875,0,0.950724,53.360346,32
6ba911e78c0ed16d,64,0.952877,0,0,36057,2,56,63,60.03125,3.061523,0,0.953154,54.216261,32
6fd67e39c65be090,64,0.949901,0,0,35710,2,55,63,59.84375,2.913086,0,0.949977,54.177526,32
810155e54785f7e5,64,0.946925,0,0,35369,2,55,63,59.65625,2.850586,0,0.946864,54.180014,32
f9c39deaecaab9af,64,0.949405,0,0,35649,2,56,63,59.8125,2.871094,0,0.94935,54.638833,32
31b4d55a8a4d278c,64,0.9375,0,0,34321,2,55,63,59.0625,3.496094,0,0.937339,54.003308,32
2eca67d5fb802c5a,64,0.955357,0,0,36315,2,55,63,60.1875,2.214844,0,0.955117,54.643071,32
542bb241c57092f5,64,0.960317,0,0,36908,2,54,63,60.5,2.6875,0,0.960579,53.501183,32
ca94a57781d1f44a,64,0.941964,0,0,34838,2,53,63,59.34375,4.131836,0,0.942286,52.214937,32
51a337559eb0ce66,64,0.959325,0,0,36795,2,56,63,60.4375,2.933594,0,0.959549,55.190809,32
1a9679d0a1f98517,64,0.948909,0,0,35595,2,54,63,59.78125,2.858398,0,0.948903,53.631432,32
63c45b524751f893,64,0.942956,0,0,34923,2,55,63,59.40625,2.991211,0,0.942837,54.219948,32
278335800f678a89,64,0.959325,0,0,36771,2,57,63,60.4375,2.027344,0,0.959129,55.831297,32
075653727837f452,64,0.950397,0,0,35749,2,55,63,59.875,2.359375,0,0.950125,54.579021,32
58285712a5142d87,64,0.956845,0,0,36522,2,55,63,60.28125,3.233398,0,0.957338,53.934637,32
1bc307e13155e65d,64,0.94494,0,0,35158,2,55,63,59.53125,3.530273,0,0.944998,54.248269,32
add1347797dfff27,64,0.955853,0,0,36373,2,55,63,60.21875,2.264648,0,0.955637,54.635155,32
696f28f4e25edbe9,64,0.948909,0,0,35591,2,54,63,59.78125,2.764648,0,0.948839,53.394762,32
9ffff66bb96fbd43,64,0.955853,0,0,36387,2,55,63,60.21875,2.670898,0,0.955929,54.541492,32
4500cb6cc732f0c5,64,0.953869,0,0,36144,2,56,63,60.09375,2.241211,0,0.95361,55.310714,32
6616cc5c7dbfb064,64,0.943452,0,0,35009,2,55,62,59.4375,4.089844,0,0.943934,53.290793,32
34fce536c7b2f32a,64,0.953869,0,0,36167,2,56,63,60.09375,2.897461,0,0.954069,55.251974,32
4da4498f57e3096f,64,0.942956,0,0,34969,2,51,63,59.40625,4.678711,0,0.943695,50.670319,32
0df1978a4fc3c353,64,0.951885,0,0,35927,2,56,63,59.96875,2.624023,0,0.95181,55.249763,32
4b577fd340be0860,64,0.96131,0,0,37015,2,57,63,60.5625,2.433594,0,0.96139,56.111625,32
a436635ec00bf01d,64,0.945933,0,0,35263,2,55,63,59.59375,3.116211,0,0.94597,54.38682,32
5248afa1922ff683,64,0.945933,0,0,35230,2,55,63,59.59375,2.084961,0,0.945353,54.270521,32
c043902826b8dd74,64,0.952381,0,0,35983,2,56,63,60.0,2.5,0,0.952307,55.05105,32
eb117dd34530bcdd,64,0.946925,0,0,35356,2,56,63,59.65625,2.506836,0,0.946588,54.969127,32
53de52ab1202868a,64,0.953373,0,0,36123,2,53,63,60.0625,3.402344,0,0.95381,52.405446,32
fac91b8edd1231fb,64,0.950893,0,0,35824,2,55,63,59.90625,2.991211,0,0.950998,54.363399,32
0983154c276c7a1f,64,0.960317,0,0,36889,2,57,63,60.5,2.125,0,0.960179,56.210037,32
d88f6a30137dedf3,64,0.947421,0,0,35423,2,54,63,59.6875,2.839844,0,0.9473,53.447177,32
4bc058de49a6a8dc,64,0.954365,0,0,36196,2,57,63,60.125,2.078125,0,0.954036,55.945533,32
026ebac0adb06632,64,0.949405,0,0,35673,2,55,63,59.8125,3.558594,0,0.949843,53.896134,32
12051cd9dc8216bc,64,0.948909,0,0,35584,2,56,62,59.78125,2.514648,0,0.948691,54.584668,32
8722563602043e37,64,0.951389,0,0,35878,2,55,63,59.9375,2.839844,0,0.951421,54.606067,32
315647d2f9ecf033,64,0.945933,0,0,35260,2,54,63,59.59375,3.053711,0,0.945921,53.180946,32
e8710aa6284848fc,64,0.949901,0,0,35746,2,54,63,59.84375,4.163086,0,0.950626,53.643558,32
2a767bbcd27ac157,64,0.954365,0,0,36219,2,55,63,60.125,2.828125,0,0.954465,54.639275,32
b2d1ecaa821e3863,64,0.951885,0,0,35933,2,56,63,59.96875,2.811523,0,0.951913,54.945807,32
e1fc177369084030,64,0.944444,0,0,35103,2,55,63,59.5,3.375,0,0.94462,53.673313,32
b0dcec4ba8c7d5fa,64,0.956845,0,0,36505,2,56,63,60.28125,2.733398,0,0.95701,55.15061,32
f09355a4d97406f3,64,0.960813,0,0,36942,2,56,63,60.53125,1.936523,0,0.960633,55.133434,32
6ab461e2d697ff02,64,0.956349,0,0,36456,2,53,63,60.25,3.03125,0,0.956634,52.639722,32
24771995d6d9a9cd,64,0.943452,0,0,34990,2,55,63,59.4375,3.621094,0,0.943469,53.714326,32
314f914600ffd5f9,64,0.956845,0,0,36494,2,57,63,60.28125,2.452148,0,0.956793,55.959919,32
256cdd8304cc4152,64,0.956845,0,0,36505,2,56,63,60.28125,2.702148,0,0.957017,54.910386,32
e17e3d72b1fe01df,64,0.947421,0,0,35427,2,55,63,59.6875,2.902344,0,0.947401,54.468187,32
d0e6d75111a902db,64,0.947917,0,0,35495,2,55,63,59.71875,3.452148,0,0.948135,53.920183,32
9781b13975aa8d16,64,0.953373,0,0,36111,2,55,63,60.0625,3.058594,0,0.95358,54.166495,32
92fae4119469b7dd,64,0.948909,0,0,35620,2,55,63,59.78125,3.764648,0,0.94938,53.51131,32
43beb98bd0a7f3e2,64,0.950893,0,0,35842,2,55,63,59.90625,3.428711,0,0.951351,53.8802,32
0675f65f39dc7f57,64,0.954365,0,0,36198,2,57,63,60.125,2.265625,0,0.954047,56.197917,32
7f0d33bf95dac45c,64,0.946925,0,0,35367,2,55,62,59.65625,2.944336,0,0.94681,53.845652,32
53c085fbfdf8f465,64,0.953373,0,0,36090,2,57,63,60.0625,2.339844,0,0.953177,55.531603,32
b701974f74007777,64,0.954861,0,0,36293,2,56,63,60.15625,3.319336,0,0.955318,54.899443,32
ffa4749a898ab358,64,0.950893,0,0,35824,2,56,63,59.90625,3.022461,0,0.950984,54.754879,32
f7ff6527cf70a09c,64,0.938988,0,0,34497,2,55,63,59.15625,3.631836,0,0.939102,53.622748,32
8965e4da7c0c8945,64,0.945933,0,0,35252,2,55,63,59.59375,2.772461,0,0.945769,54.300637,32
69bdc32d9cf42c9e,64,0.949901,0,0,35702,2,56,63,59.84375,2.694336,0,0.94979,54.954237,32
2f9132bc03c9b2f1,64,0.954365,0,0,36204,2,56,63,60.125,2.359375,0,0.954182,55.352877,32
5d55fee4aac05bba,64,0.956845,0,0,36484,2,56,63,60.28125,2.108398,0,0.956589,55.604498,32
d07b4b06c463d9cb,64,0.947421,0,0,35417,2,55,63,59.6875,2.714844,0,0.947175,54.481116,32
b8005bc224d2ec6f,64,0.952877,0,0,36028,2,56,63,60.03125,2.280273,0,0.952546,55.662597,32
0b9da70acedc182c,64,0.946429,0,0,35316,2,54,63,59.625,2.984375,0,0.946405,53.525586,32
9fa709557456db69,64,0.951389,0,0,35844,2,57,62,59.9375,1.839844,0,0.950773,56.084139,32
a2723706cb8c6756,64,0.938988,0,0,34506,2,54,63,59.15625,3.944336,0,0.93929,53.380495,32
97bc18e6dc2b070b,64,0.956349,0,0,36428,2,55,63,60.25,2.09375,0,0.95615,54.531209,32
e0709b40846b16a3,128,0.048474,0,0,36,5,1,14,6.15625,6.022461,0,0.042159,0.823454,64
fa70186645f4fd11,128,0.04909,0,0,22,5,2,12,6.234375,4.210693,0,0.026412,1.104371,64
6264c7a29e7086cf,128,0.050443,0,0,43,6,1,13,6.40625,6.084961,0,0.047082,0.647683,64
2bb5beae7ab4fb64,128,0.048474,0,0,47,5,1,14,6.15625,5.428711,0,0.05272,0.82527,64
bce2d569d4156659,128,0.053273,0,0,52,5,2,17,6.765625,6.038818,0,0.053911,1.343586,64
3a56f6576490fd44,128,0.047736,0,0,37,5,1,12,6.0625,5.058594,0,0.051217,0.763814,64
340e48fed9ee5a6c,128,0.048474,0,0,33,5,2,12,6.15625,5.256836,0,0.035023,1.061702,64
2a804a10e8f1e030,128,0.049336,0,0,45,5,2,12,6.265625,5.507568,0,0.060137,1.249098,64
8e7bb01ee2050ce2,128,0.050812,0,0,39,5,2,15,6.453125,6.591553,0,0.038905,1.259703,64
95e22a004bbd2941,128,0.047244,0,0,39,5,2,12,6.0,4.859375,0,0.053605,1.264527,64
0a04f99c44bd2b89,128,0.050689,0,0,47,5,2,14,6.4375,7.449219,0,0.048699,1.224573,64
bb422661d5dec6a2,128,0.052781,0,0,48,5,2,12,6.703125,5.08374,0,0.048462,1.481624,64
3c0b1bd7cb8572b1,128,0.051304,0,0,44,6,1,12,6.515625,6.359131,0,0.046392,0.708429,64
cdc6b2b44abbb29a,128,0.05315,0,0,55,5,3,15,6.75,5.578125,0,0.05666,1.683773,64
fbaeba9d9ab146dc,128,0.049705,0,0,34,5,2,13,6.3125,5.199219,0,0.037866,1.130164,64
2e789c858e25b9d9,128,0.050689,0,0,47,5,1,15,6.4375,4.964844,0,0.058719,0.720091,64
0b17e111ad5c34ed,128,0.050443,0,0,44,5,2,14,6.40625,4.975586,0,0.049003,1.271252,64
04108541754ff83c,128,0.054011,0,0,52,5,2,14,6.859375,6.042725,0,0.054871,1.150542,64
08251e035d5cf8ca,128,0.052288,0,0,44,5,1,13,6.640625,6.167725,0,0.040908,0.827032,64
4b79b5845f4c395f,128,0.049705,0,0,35,6,1,15,6.3125,5.433594,0,0.046262,0.535993,64
d79ce84d23d74b9e,128,0.047244,0,0,32,6,1,15,6.0,6.75,0,0.038082,0.515603,64
5b1e46b815506686,128,0.048474,0,0,43,6,1,12,6.15625,5.616211,0,0.059079,0.781069,64
2f2e60679b814447,128,0.046629,0,0,39,5,2,14,5.921875,5.290771,0,0.045571,1.191073,64
2311355ce4796699,128,0.051796,0,0,44,5,1,17,6.578125,6.447021,0,0.044942,0.829243,64
9a03d20eabe02f78,128,0.052288,0,0,45,5,2,15,6.640625,7.5896,0,0.044613,1.292712,64
a30ae06546c3a870,128,0.050566,0,0,37,5,1,14,6.421875,4.712646,0,0.047692,0.823929,64
36e66b696e28373c,128,0.047367,0,0,36,5,2,13,6.015625,5.499756,0,0.052119,1.154378,64
3ae2c8f44949c850,128,0.04909,0,0,50,5,1,12,6.234375,6.445068,0,0.057928,0.837858,64
78e8f14498376730,128,0.05032,0,0,47,5,1,14,6.390625,6.191162,0,0.058285,0.791793,64
3e00380b972ae05d,128,0.05155,0,0,59,5,1,13,6.546875,5.950928,0,0.072368,0.865331,64
b9c28a0835e1dd0d,128,0.047859,0,0,30,5,1,12,6.078125,5.493896,0,0.039775,0.807519,64
5d199df602694cf4,128,0.048228,0,0,29,6,1,13,6.125,4.984375,0,0.036727,0.669124,64
f039a4c4716c8908,128,0.052657,0,0,37,6,1,12,6.6875,5.449219,0,0.033776,0.779308,64
fc6f4cb0ea5bdde0,128,0.055241,0,0,52,5,2,14,7.015625,5.999756,0,0.045861,1.199286,64
d4f55f05b101d4ce,128,0.047736,0,0,41,5,2,12,6.0625,6.121094,0,0.05028,1.105897,64
314154d278f7951b,128,0.05032,0,0,55,5,1,14,6.390625,6.956787,0,0.069942,0.71872,64
7cfd6a8166607d63,128,0.049459,0,0,42,5,2,13,6.28125,4.827148,0,0.04797,1.32037,64
e8c41fac26996b5f,128,0.049705,0,0,41,5,2,13,6.3125,5.105469,0,0.046998,1.523312,64
2730ad04cba7e1c3,128,0.050074,0,0,36,5,1,12,6.359375,4.5271,0,0.041509,0.848888,64
9b0c5aead694cd50,128,0.04909,0,0,34,5,1,12,6.234375,5.054443,0,0.043929,0.701277,64
abd44c38ee7d4bb2,128,0.046014,0,0,43,6,1,16,5.84375,6.256836,0,0.056731,0.708315,64
c96b0337d6922d9b,128,0.048228,0,0,35,6,1,13,6.125,5.734375,0,0.044393,0.5655,64
f916cbe8677198ed,128,0.050197,0,0,51,6,1,13,6.375,6.75,0,0.053173,0.551236,64
e185cb780a58a932,128,0.047736,0,0,42,7,1,12,6.0625,6.324219,0,0.051115,0.257951,64
83852127ec49f2d8,128,0.052411,0,0,50,5,2,16,6.65625,7.413086,0,0.054959,1.164036,64
654ba536d2cb32fb,128,0.052165,0,0,44,5,2,15,6.625,5.828125,0,0.044355,1.559429,64
69631290ee7d7e34,128,0.05315,0,0,51,5,2,13,6.75,6.015625,0,0.0624,1.41371,64
c967bc2e4675f2ed,128,0.047244,0,0,48,6,1,13,6.0,6.515625,0,0.057605,0.638586,63
a3ec8fd68a66d7aa,128,0.050074,0,0,50,5,1,13,6.359375,6.761475,0,0.056503,0.548406,64
96a3157c75ca168b,128,0.049213,0,0,42,5,1,12,6.25,5.171875,0,0.055029,0.853629,64
78db8749400e49c6,128,0.054134,0,0,50,5,1,16,6.875,6.5,0,0.04711,0.81256,64
2c2af70ad264ddc7,128,0.05438,0,0,55,5,1,13,6.90625,6.241211,0,0.05553,0.7771,64
df0b15d79b708306,128,0.04749,0,0,37,5,1,11,6.03125,4.811523,0,0.045342,0.858489,64
1c2d3234ae50cd87,128,0.054872,0,0,49,5,1,17,6.96875,7.014648,0,0.043652,0.856963,64
cbc568491e1579ee,128,0.048351,0,0,33,6,1,18,6.140625,7.230225,0,0.042193,0.737273,64
a9761978f0c3b01c,128,0.04872,0,0,47,6,1,12,6.1875,6.433594,0,0.067807,0.695892,64
64f878221e740f0f,128,0.051427,0,0,37,5,1,14,6.53125,7.217773,0,0.042025,0.644238,64
0d8daf975d93d12b,128,0.055487,0,0,55,5,1,15,7.046875,6.935303,0,0.059185,0.875902,64
377c30a15edd479c,128,0.051058,0,0,43,5,1,11,6.484375,5.734131,0,0.048063,0.715686,64
bea8b998f1558489,128,0.050074,0,0,32,5,1,14,6.359375,5.99585,0,0.040007,0.894887,64
7330c5c5bba940ae,128,0.052781,0,0,51,5,1,15,6.703125,6.05249,0,0.049679,0.919036,64
b767546163bc7697,128,0.049951,0,0,52,5,1,15,6.34375,5.663086,0,0.06761,0.760458,64
3be13ecfe0e3dc07,128,0.051796,0,0,48,5,1,13,6.578125,6.431396,0,0.05031,0.766059,64
d233e2fd3f1a6b33,128,0.050689,0,0,42,5,1,13,6.4375,6.136719,0,0.045481,0.799955,64
12d251d8ef091140,128,0.052781,0,0,42,6,1,15,6.703125,5.599365,0,0.04358,0.707817,64
c56a6f70b5003c6f,128,0.048105,0,0,39,6,1,12,6.109375,6.159912,0,0.054489,0.526166,64
619b5da4b6225a18,128,0.04909,0,0,45,6,1,13,6.234375,5.523193,0,0.052924,0.718805,64
a5374d1c4dbe38d5,128,0.044906,0,0,38,6,1,12,5.703125,6.318115,0,0.061602,0.572871,64
a62909c0b9c91e7c,128,0.046998,0,0,36,6,1,12,5.96875,5.608398,0,0.046975,0.735825,64
2a31fec3357d1f25,128,0.050689,0,0,45,5,1,12,6.4375,5.058594,0,0.056919,0.774239,64
e98df0bf5f440f4d,128,0.048228,0,0,43,6,1,11,6.125,5.625,0,0.046207,0.64377,64
fa29c305468c59e7,128,0.050689,0,0,54,5,2,14,6.4375,6.886719,0,0.053639,1.356118,64
948e5a003b26f886,128,0.05155,0,0,46,5,2,15,6.546875,6.841553,0,0.048254,1.176915,64
ca2b0d0a3f3c844a,128,0.047859,0,0,33,6,1,15,6.078125,7.087646,0,0.043439,0.740535,64
5d7122aa7d386650,128,0.054749,0,0,52,5,2,13,6.953125,5.075928,0,0.054466,1.554826,64
aed7770b106d9168,128,0.050812,0,0,55,6,1,18,6.453125,8.169678,0,0.051549,0.779628,64
0a75704d2bd48273,128,0.051796,0,0,51,5,2,13,6.578125,6.697021,0,0.0512,1.162395,64
c69d47ad17e81669,128,0.046752,0,0,32,5,1,14,5.9375,5.464844,0,0.039171,0.805204,64
a2f33f12b7600741,128,0.04749,0,0,37,5,1,15,6.03125,5.749023,0,0.046762,0.713087,64
b9b4a6d8185c62da,128,0.049459,0,0,39,6,1,13,6.28125,5.624023,0,0.054166,0.626553,64
f44945af649ace53,128,0.049705,0,0,44,5,1,15,6.3125,6.746094,0,0.053127,0.715434,64
f60d4a566610a9a9,128,0.052534,0,0,53,5,1,14,6.671875,6.751709,0,0.05665,0.835004,64
b75ca7f71d988811,128,0.04626,0,0,30,6,1,11,5.875,4.671875,0,0.044906,0.679505,64
8e8a163ba4ae63fc,128,0.052781,0,0,46,5,3,13,6.703125,4.724365,0,0.052351,1.681462,64
68c62986a9af2192,128,0.049951,0,0,50,5,2,14,6.34375,6.256836,0,0.060439,1.075609,64
a6e70a25760cd427,128,0.051181,0,0,35,7,1,13,6.5,5.90625,0,0.040727,0.536453,64
b6ab9664bed87df6,128,0.048105,0,0,37,6,1,12,6.109375,4.956787,0,0.055416,0.718835,64
c322fe0847a1307e,128,0.047121,0,0,39,5,1,15,5.984375,6.343506,0,0.046626,0.769281,64
4e1b3fb0fa2d4005,128,0.047367,0,0,41,5,1,11,6.015625,4.952881,0,0.048082,0.796197,64
f28ca44a77268814,128,0.049582,0,0,24,5,1,12,6.296875,4.30249,0,0.033861,0.856021,64
4cf57ce1cddf528f,128,0.050812,0,0,54,5,2,13,6.453125,5.060303,0,0.064769,1.195927,64
b1fadb9dc3ca9671,128,0.049705,0,0,49,5,1,14,6.3125,6.574219,0,0.0488,0.788588,64
cab427b7bb148867,128,0.050074,0,0,48,6,1,13,6.359375,7.4021,0,0.047328,0.723123,64
5d4f16ba7f48dc98,128,0.050935,0,0,37,5,2,13,6.46875,5.030273,0,0.038372,1.183929,64
be1c1782c4073c48,128,0.050197,0,0,48,5,2,12,6.375,6.03125,0,0.059828,1.437196,64
aa99552b58efba55,128,0.048967,0,0,52,5,2,13,6.21875,5.905273,0,0.06762,1.09448,64
0039e2b82491a048,128,0.048474,0,0,43,6,1,13,6.15625,6.053711,0,0.05017,0.747354,64
c687260363ddf525,128,0.049828,0,0,42,5,2,12,6.328125,4.470459,0,0.049037,1.39856,64
a2b122a7d072fef6,128,0.052288,0,0,63,5,1,15,6.640625,6.636475,0,0.064228,0.780466,64
99c9db5608625905,128,0.051673,0,0,43,5,1,13,6.5625,4.730469,0,0.052225,0.823443,64
c8d6b3b5750f6d0e,128,0.095472,0,0,306,4,5,19,12.125,10.5,0,0.098908,4.232825,64
069db46d418bffe8,128,0.099409,0,0,326,4,4,22,12.625,9.546875,0,0.099132,3.629539,64
874fac9138b98ec7,128,0.103716,0,0,368,3,5,24,13.171875,9.720459,0,0.104165,4.384685,64
157f8a1a84f3de67,128,0.100517,0,0,358,4,5,25,12.765625,13.460693,0,0.103894,3.573521,64
c1af07be2158a945,128,0.101624,0,0,368,3,5,23,12.90625,12.850586,0,0.104119,4.44302,64
3f0aa45da5c09664,128,0.097195,0,0,314,4,3,22,12.34375,12.178711,0,0.095101,2.731504,64
c398afeaca5bc65b,128,0.098794,0,0,310,4,4,23,12.546875,10.497803,0,0.093541,3.539174,64
f2efbc2c5b9d5ef7,128,0.098671,0,0,349,4,4,25,12.53125,12.764648,0,0.100899,3.05697,64
da15bc514ac39e5a,128,0.099286,0,0,358,4,5,22,12.609375,12.441162,0,0.104109,3.987412,64
a7466fb22603571c,128,0.097564,0,0,355,4,4,21,12.390625,11.925537,0,0.112285,3.496073,64
078aa0d40b9111c6,128,0.099902,0,0,298,3,6,21,12.6875,9.574219,0,0.088391,4.702263,64
e8a1ef920277b0ac,128,0.098548,0,0,334,3,5,25,12.515625,10.671631,0,0.101531,4.343519,64
7630226f7068e7aa,128,0.101747,0,0,343,3,6,21,12.921875,8.150146,0,0.098515,4.92315,64
a6271721ac1e208b,128,0.099656,0,0,322,4,3,23,12.65625,10.756836,0,0.092469,2.739514,64
ee5bae60219b4154,128,0.103716,0,0,384,3,6,22,13.171875,12.079834,0,0.101162,4.846481,64
5203ff8d0c70f8bc,128,0.104823,0,0,388,3,6,23,13.3125,11.371094,0,0.103652,5.209002,64
98f0c348f06f94bf,128,0.101624,0,0,339,3,6,22,12.90625,10.209961,0,0.095531,5.069622,64
058f42ad446237cb,128,0.104208,0,0,379,3,7,24,13.234375,11.913818,0,0.097052,5.337069,64
4d4632db0345dd9d,128,0.097687,0,0,309,3,5,23,12.40625,12.819336,0,0.09603,4.180975,64
5a9810864f3c371d,128,0.094734,0,0,287,4,4,19,12.03125,9.639648,0,0.093751,3.562338,64
26e0eac752f869e0,128,0.098179,0,0,334,4,1,23,12.46875,13.905273,0,0.097402,0.852794,64
9eb118750354fb96,128,0.100148,0,0,360,4,4,25,12.71875,14.452148,0,0.104896,3.329565,64
e968f3e912e31be6,128,0.098179,0,0,310,4,3,21,12.46875,11.624023,0,0.095608,2.710935,64
4486a9dcc4f3ca97,128,0.097195,0,0,286,3,5,20,12.34375,10.084961,0,0.087303,4.176903,64
6c863a19d14ef146,128,0.098794,0,0,319,4,4,21,12.546875,9.841553,0,0.09699,3.433229,64
da2f8ef4334a60cb,128,0.096949,0,0,298,3,5,21,12.3125,10.777344,0,0.095396,4.437132,64
791f5e1abb2e3719,128,0.100148,0,0,340,3,6,22,12.71875,12.311523,0,0.101991,4.706528,64
a46d90ef9f1e771f,128,0.103593,0,0,362,4,5,23,13.15625,11.319336,0,0.101436,3.868479,64
6ef4e9a6f081e958,128,0.096457,0,0,293,4,4,21,12.25,12.546875,0,0.08678,3.479986,64
997493b6119be557,128,0.094488,0,0,302,3,5,24,12.0,11.9375,0,0.097313,4.202207,64
123b88060df4f848,128,0.098179,0,0,350,4,5,20,12.46875,12.452148,0,0.10518,3.853605,64
20df7873e4379882,128,0.099163,0,0,349,4,5,20,12.59375,12.413086,0,0.102256,4.117647,64
be562874385d6412,128,0.104454,0,0,345,3,5,24,13.265625,9.663818,0,0.096027,4.269945,64
208a0db102e606d7,128,0.099409,0,0,334,4,5,24,12.625,12.921875,0,0.097726,4.246464,64
3246141aa3f9c29c,128,0.098917,0,0,346,4,4,26,12.5625,11.121094,0,0.103145,3.638976,64
d927df684b55a4f0,128,0.100271,0,0,355,3,6,20,12.734375,9.460693,0,0.107666,4.900071,64
c06fe5e3aaa49bef,128,0.09658,0,0,281,3,4,19,12.265625,8.882568,0,0.088862,3.60734,64
21619ae158d5cb7d,128,0.101993,0,0,353,4,5,20,12.953125,10.247803,0,0.103742,4.3431,64
a93dfc45519f0883,128,0.098794,0,0,314,4,6,20,12.546875,8.810303,0,0.095302,4.775174,64
45143d83ef56904b,128,0.099409,0,0,334,3,6,21,12.625,8.796875,0,0.101451,4.371286,64
a16ccd7241e5c29b,128,0.105684,0,0,382,3,7,28,13.421875,13.056396,0,0.101068,5.407347,64
cbbbd31914bcbfb5,128,0.098425,0,0,347,4,4,21,12.5,12.671875,0,0.105876,3.629826,64
fab5c6640baa2f66,128,0.097933,0,0,326,4,4,21,12.4375,11.871094,0,0.103194,3.521729,64
373afe714de09afd,128,0.097933,0,0,299,3,6,23,12.4375,9.777344,0,0.092766,4.687529,64
7c7b47bd362c07d4,128,0.100148,0,0,339,4,3,21,12.71875,12.030273,0,0.095549,2.589007,64
59a67ba880ec4c79,128,0.097933,0,0,323,3,6,21,12.4375,8.292969,0,0.10175,4.900733,64
a0d23e740e0c7cea,128,0.101993,0,0,352,3,5,20,12.953125,10.513428,0,0.103158,4.484299,64
32640a10abe12e98,128,0.10064,0,0,330,4,4,21,12.78125,12.311523,0,0.094239,3.665317,64
be6f1b822d0e4f39,128,0.09781,0,0,295,3,6,22,12.421875,10.134521,0,0.089345,4.988975,64
f81127c3caabd76d,128,0.105438,0,0,388,3,5,24,13.390625,11.597412,0,0.101566,4.23232,64
f3321b46359e83ae,128,0.102731,0,0,374,4,5,23,13.046875,10.966553,0,0.103065,4.156305,64
c66ecdbb0715cb13,128,0.092889,0,0,293,4,5,23,11.796875,11.55249,0,0.09954,3.939805,64
a694467c0eb91b11,128,0.099409,0,0,321,3,6,21,12.625,11.546875,0,0.094638,4.678272,64
c42c947bc744e9cc,128,0.092766,0,0,296,4,5,23,11.78125,10.811523,0,0.103544,4.246657,64
2932a16288f1bb53,128,0.1031,0,0,354,4,5,22,13.09375,12.788086,0,0.097018,4.26909,64
1565ed18fbf6e57e,128,0.101378,0,0,324,3,6,21,12.875,9.734375,0,0.094447,5.055903,64
c74ef3c5179ddbc3,128,0.103716,0,0,382,4,5,24,13.171875,11.611084,0,0.106092,4.190803,64
475b14e01303fa72,128,0.102608,0,0,347,4,2,21,13.03125,10.983398,0,0.095491,1.862635,64
3033514a0b3072fb,128,0.094242,0,0,296,4,3,22,11.96875,10.327148,0,0.099816,2.692061,64
6d0acc591037fd94,128,0.097933,0,0,306,3,6,22,12.4375,10.746094,0,0.092228,4.742693,64
7546584aa52f9c6b,128,0.105069,0,0,376,3,7,23,13.34375,11.006836,0,0.102097,5.244945,64
ad40332f4f6aed4c,128,0.106791,0,0,380,4,6,22,13.5625,11.058594,0,0.101,5.081515,64
e55373c98353fa9c,128,0.100394,0,0,355,4,3,21,12.75,14.09375,0,0.101262,2.681237,64
529fc948e626fc92,128,0.094242,0,0,270,4,4,22,11.96875,10.514648,0,0.089254,3.425478,64
d0bfd85d10dd41f1,128,0.099163,0,0,323,4,4,23,12.59375,12.913086,0,0.092263,3.458368,64
4b86c74c0c165829,128,0.103346,0,0,364,4,5,22,13.125,10.53125,0,0.100727,4.261443,64
b00209d22edf2126,128,0.097195,0,0,303,3,6,25,12.34375,10.834961,0,0.093113,4.747096,64
454a1fe51db29a28,128,0.09781,0,0,292,3,5,20,12.421875,8.884521,0,0.089849,4.091951,64
35c45edb3cd383da,128,0.098794,0,0,361,4,4,22,12.546875,11.466553,0,0.111371,3.544992,64
e19d6c7edcce6597,128,0.100394,0,0,344,4,3,21,12.75,11.734375,0,0.100115,2.718652,64
4f8db4ca3ff1f3e5,128,0.106791,0,0,458,3,5,24,13.5625,14.839844,0,0.115365,4.468289,64
f0b31b1b21c8f47b,128,0.098671,0,0,336,4,6,20,12.53125,8.764648,0,0.103122,4.792785,64
8474e36ef5930c6c,128,0.106914,0,0,437,3,7,28,13.578125,12.212646,0,0.113882,5.538719,64
8fce376e71a8cfe2,128,0.09781,0,0,323,4,4,20,12.421875,10.634521,0,0.103167,3.396676,64
00feaa41c1fe2ab6,128,0.10064,0,0,350,4,6,22,12.78125,11.795898,0,0.10397,4.728189,64
66b943e054ad7a55,128,0.101624,0,0,359,3,6,21,12.90625,11.022461,0,0.102046,4.913751,64
b407208e649da5c2,128,0.091535,0,0,269,4,4,21,11.625,12.015625,0,0.090764,3.547282,64
1db50b0839327b25,128,0.097687,0,0,341,4,1,22,12.40625,10.475586,0,0.102124,0.917552,64
86b88264121a982b,128,0.098056,0,0,311,3,5,24,12.453125,10.341553,0,0.092452,4.348722,64
1f7097eec49c557d,128,0.100148,0,0,366,4,4,22,12.71875,12.311523,0,0.106258,3.524229,64
ee7e53d650dfe0e9,128,0.095965,0,0,273,4,5,23,12.1875,9.574219,0,0.083919,4.184962,64
22fd64a00063447e,128,0.099532,0,0,323,3,6,22,12.640625,11.0271,0,0.096448,4.791904,64
bc53b071f5dd5ac6,128,0.1047,0,0,388,3,6,22,13.296875,9.974365,0,0.10479,4.846313,64
daf78a5bff4faba6,128,0.092889,0,0,249,4,5,18,11.796875,8.39624,0,0.086809,4.248947,64
895221c375a7e569,128,0.100517,0,0,341,3,5,22,12.765625,10.054443,0,0.099479,4.385453,64
134207dbf6db51cc,128,0.098302,0,0,338,4,2,22,12.484375,11.906006,0,0.10089,1.814522,64
7b2794b80a54a1df,128,0.099409,0,0,341,4,6,23,12.625,10.140625,0,0.099624,4.976594,64
c7dac430cb25b55c,128,0.101747,0,0,382,4,2,23,12.921875,12.118896,0,0.105078,1.888895,64
e42695844a8b45b6,128,0.104208,0,0,373,3,5,22,13.234375,11.132568,0,0.103492,4.449771,64
48c44b1143d6bb24,128,0.102977,0,0,375,3,6,23,13.078125,13.165771,0,0.106047,4.816794,64
808244a82fcdc05f,128,0.102608,0,0,362,4,4,20,13.03125,10.311523,0,0.100701,3.330609,64
dc9c433d4960dfc4,128,0.10064,0,0,347,4,4,24,12.78125,10.842773,0,0.100672,3.435784,64
0a98a86e677f9983,128,0.101993,0,0,334,4,3,22,12.953125,11.622803,0,0.091695,2.580316,64
696fe40830c3ca6f,128,0.098302,0,0,320,4,5,24,12.484375,10.937256,0,0.095555,4.060941,64
020db87dde838f13,128,0.099656,0,0,328,4,4,22,12.65625,12.444336,0,0.093603,3.352002,64
257889481d6312cc,128,0.107406,0,0,432,3,6,26,13.640625,12.511475,0,0.107737,5.103048,64
46da3f4f319a01a6,128,0.095965,0,0,312,4,4,24,12.1875,11.121094,0,0.102561,3.578008,64
efbfa5943a84ee3d,128,0.100394,0,0,314,3,6,23,12.75,9.234375,0,0.095272,5.199028,64
a0fb32b3b5949690,128,0.099656,0,0,328,4,3,21,12.65625,11.116211,0,0.100097,2.493358,64
77198bc30cac20ce,128,0.100271,0,0,338,3,6,21,12.734375,10.820068,0,0.098686,4.820673,64
742a3d6b7eaeaf66,128,0.148253,0,0,1156,3,9,27,18.828125,14.454834,0,0.154289,8.051229,64
1161743d2534ebf0,128,0.147761,0,0,1118,3,11,30,18.765625,13.226318,0,0.152388,9.387637,64
3855fa640b053754,128,0.1469,0,0,1082,3,10,30,18.65625,14.444336,0,0.148122,8.707228,64
e63bacae58dba634,128,0.151206,0,0,1226,3,9,31,19.203125,16.36499,0,0.157155,7.339392,64
1d017157c74d956e,128,0.151452,0,0,1177,3,10,32,19.234375,14.773193,0,0.150494,8.783949,64
eeef7d55444c529a,128,0.146407,0,0,1030,3,10,26,18.59375,13.022461,0,0.142467,8.632371,64
7df0d1710508f3fe,128,0.141732,0,0,974,3,8,31,18.0,13.59375,0,0.143365,7.045382,64
554a852d58ef10fc,128,0.15096,0,0,1192,3,6,29,19.171875,21.157959,0,0.154024,5.576386,64
603f5d549bc7752d,128,0.156988,0,0,1343,3,8,32,19.9375,17.277344,0,0.160465,7.430592,64
2173579a50a5e650,128,0.141855,0,0,959,3,10,28,18.015625,13.843506,0,0.140408,8.388157,64
4e2665545d2fed58,128,0.144685,0,0,1006,3,10,29,18.375,17.359375,0,0.140153,8.328756,64
fe6081455e05efbd,128,0.150468,0,0,1190,3,9,36,19.109375,16.909912,0,0.155115,8.060044,64
87d60c9428d1ed02,128,0.15502,0,0,1200,3,9,29,19.6875,14.777344,0,0.147907,8.347172,64
dc30fd38f0f32967,128,0.155512,0,0,1275,3,10,29,19.75,14.875,0,0.156618,8.828057,64
cef77ce764b52fa8,128,0.15219,0,0,1225,3,9,29,19.328125,14.673584,0,0.155901,8.243106,64
fdc02d1022fd8ad2,128,0.144808,0,0,1012,3,8,31,18.390625,15.800537,0,0.143295,7.405289,64
1456d8918b05b756,128,0.15096,0,0,1209,3,9,30,19.171875,17.939209,0,0.155059,7.303222,64
b20d83a32c70d782,128,0.149237,0,0,1127,3,11,31,18.953125,15.997803,0,0.147193,8.938445,64
dadceb9aa5758302,128,0.147392,0,0,1064,3,8,31,18.71875,15.717773,0,0.143881,7.237609,64
99f3df320da80d8d,128,0.153912,0,0,1237,3,11,29,19.546875,14.247803,0,0.155946,9.224236,64
595a7eb51bad45c8,128,0.143947,0,0,1025,3,8,28,18.28125,14.124023,0,0.145019,6.868454,64
d61db8ac3323c7a4,128,0.151206,0,0,1121,3,9,31,19.203125,15.14624,0,0.144316,7.997886,64
72515ae79339e69e,128,0.152559,0,0,1283,3,8,34,19.375,23.4375,0,0.159301,7.243063,64
3fed3a39e6b133d6,128,0.152313,0,0,1135,3,10,28,19.34375,12.959961,0,0.144507,9.120421,64
89258cf058c7ce40,128,0.148991,0,0,1177,3,8,31,18.921875,19.665771,0,0.150963,7.318628,64
97200e64b1461389,128,0.152928,0,0,1256,3,7,28,19.421875,18.478271,0,0.157248,6.556409,64
c6152f0fe98ad922,128,0.144439,0,0,1008,3,10,31,18.34375,15.428711,0,0.139815,8.598897,64
6262a99778664535,128,0.151944,0,0,1248,3,5,30,19.296875,18.224365,0,0.158915,4.650526,64
1e5fc6c87cdf9acc,128,0.150591,0,0,1165,3,10,35,19.125,19.5625,0,0.149893,8.898636,64
99b9407f36ffb876,128,0.151206,0,0,1179,3,11,31,19.203125,16.536865,0,0.151397,9.36983,64
20c5376d9b0c7a0a,128,0.152559,0,0,1185,3,11,28,19.375,14.3125,0,0.149496,9.422813,64
afcada0a6d3e4ed9,128,0.147884,0,0,1167,3,7,31,18.78125,18.702148,0,0.155752,6.46819,64
ae80131a196c2871,128,0.150098,0,0,1150,3,9,30,19.0625,16.792969,0,0.14933,8.104602,64
495bde0a6d6a57fc,128,0.152559,0,0,1178,3,9,31,19.375,17.265625,0,0.147801,8.06833,64
22eb710e1f7e97b2,128,0.149852,0,0,1175,3,12,30,19.03125,12.280273,0,0.156189,9.724129,64
949d87ec046f1d45,128,0.150468,0,0,1128,3,10,29,19.109375,14.300537,0,0.146382,8.811409,64
8ba509207edd878d,128,0.14247,0,0,978,3,8,28,18.09375,13.022461,0,0.14245,7.29592,64
7a5af88651cb60c3,128,0.144439,0,0,977,3,10,28,18.34375,14.522461,0,0.138853,8.671035,64
eaf99ad35cf8af45,128,0.141363,0,0,915,3,8,27,17.953125,13.169678,0,0.134078,7.059263,64
39ec20d4e62c2762,128,0.148991,0,0,1104,3,10,30,18.921875,13.915771,0,0.146946,8.646423,64
e5baa506d66b6e4c,128,0.151821,0,0,1179,3,7,28,19.28125,14.936523,0,0.149818,6.518661,64
7df3e0bf3ce7eb99,128,0.149729,0,0,1225,3,9,31,19.015625,22.171631,0,0.159233,7.844791,64
9a96fabc0cf356c0,128,0.1469,0,0,1046,3,7,30,18.65625,16.756836,0,0.142337,6.355444,64
a9d8b457071273d6,128,0.150221,0,0,1087,3,11,33,19.078125,14.884521,0,0.140724,9.358305,64
8220a1eb95e766dd,128,0.148253,0,0,1066,3,12,29,18.828125,13.064209,0,0.144851,9.649434,64
8e4176352eb7cf38,128,0.155758,0,0,1243,3,11,28,19.78125,13.577148,0,0.152241,9.454393,64
c42bc265c3e9f9fc,128,0.146777,0,0,1094,3,9,28,18.640625,16.12085,0,0.148577,7.915951,64
67b9a29ef2b71f4b,128,0.151083,0,0,1129,3,9,27,19.1875,15.855469,0,0.146511,8.129902,64
5b35db06f904861d,128,0.156496,0,0,1347,3,11,32,19.875,18.484375,0,0.161431,9.128321,64
49d0ab91a0669d99,128,0.145054,0,0,1074,3,10,27,18.421875,15.462646,0,0.15044,8.570848,64
6e872a22ebfd9fb6,128,0.148253,0,0,1155,3,9,30,18.828125,18.486084,0,0.151493,7.786318,64
d8e5d8a02b0a0d6d,128,0.146531,0,0,1091,3,10,29,18.609375,13.144287,0,0.149511,8.625135,64
a3cf4aab02eb8f04,128,0.160925,0,0,1406,3,10,30,20.4375,14.152344,0,0.159972,8.880415,64
756cfa93c7ffcb9d,128,0.148745,0,0,1133,3,11,30,18.890625,12.894287,0,0.151807,9.234778,64
2e9cf1245e7044ca,128,0.144685,0,0,1066,3,11,28,18.375,15.046875,0,0.148428,8.898302,64
9acc631f73fbadf8,128,0.147515,0,0,1121,3,6,31,18.734375,16.445068,0,0.152078,5.528929,64
90a28c69f7343ad7,128,0.150714,0,0,1178,3,10,31,19.140625,17.93335,0,0.151782,8.423023,64
7c5167cd52568894,128,0.15219,0,0,1227,3,9,34,19.328125,20.220459,0,0.154064,7.878397,64
7df10afbee0a8ded,128,0.154651,0,0,1299,3,9,31,19.640625,18.605225,0,0.158771,8.029018,64
4b61b76018123519,128,0.146654,0,0,1057,3,7,33,18.625,19.1875,0,0.142971,6.383535,64
9f97813b73ea0211,128,0.146531,0,0,1088,3,10,31,18.609375,17.456787,0,0.147197,8.335543,64
d1bf02f41569a903,128,0.146531,0,0,1072,3,10,28,18.609375,17.488037,0,0.146051,8.498586,64
d5798eda4ba434ce,128,0.140133,0,0,917,3,9,27,17.796875,15.55249,0,0.137976,7.602823,64
025f9e60c92c58e2,128,0.147146,0,0,1093,3,8,29,18.6875,13.933594,0,0.149073,7.401341,64
c8bae7c483b518f2,128,0.151083,0,0,1241,3,11,35,19.1875,17.402344,0,0.158959,9.114262,64
ec12e3803f690be5,128,0.146777,0,0,1120,3,10,35,18.640625,18.7771,0,0.15079,8.281482,64
c717fb8af4d032c0,128,0.146654,0,0,1115,3,8,35,18.625,19.921875,0,0.148636,7.127336,64
930f5a43eab9db2b,128,0.149852,0,0,1139,3,11,31,19.03125,15.420898,0,0.14961,9.29927,64
cf8978f1bc9a95d4,128,0.149606,0,0,1153,3,10,32,19.0,16.390625,0,0.151448,8.533306,64
cfe76871d205c2a1,128,0.144562,0,0,1011,3,10,33,18.359375,15.761475,0,0.139129,8.561459,64
8c7b04b6c15f5869,128,0.149483,0,0,1146,3,11,29,18.984375,14.734131,0,0.150389,9.355904,64
0aa95c635e4aaff7,128,0.145792,0,0,1052,3,9,32,18.515625,14.437256,0,0.146237,8.06961,64
b0273828b6e8bad1,128,0.153051,0,0,1209,3,10,29,19.4375,14.777344,0,0.15067,9.144722,64
2120dba795523c29,128,0.151821,0,0,1252,3,8,37,19.28125,19.077148,0,0.157697,7.380382,64
9d55d9050ef26d6b,128,0.149729,0,0,1179,3,10,30,19.015625,14.249756,0,0.156128,8.426625,64
ae223a6ca2fc4942,128,0.144685,0,0,988,3,10,28,18.375,14.4375,0,0.138243,8.906531,64
4b7a0fa3c95b6bbc,128,0.154158,0,0,1214,3,12,33,19.578125,14.556396,0,0.151276,9.991069,64
53ea3dd2bb8c524c,128,0.148745,0,0,1033,3,11,29,18.890625,11.847412,0,0.138989,9.618753,64
8727e01d45b1bffd,128,0.156004,0,0,1227,3,11,29,19.8125,13.808594,0,0.148305,9.704988,64
556ebb2bb425d6ab,128,0.151452,0,0,1182,3,11,29,19.234375,15.429443,0,0.151754,9.152349,64
ea5e95f5ac7c7c2f,128,0.148253,0,0,1135,3,8,32,18.828125,16.282959,0,0.150013,7.118213,64
ced55dbf93561e55,128,0.155635,0,0,1298,3,8,31,19.765625,16.476318,0,0.157577,7.136203,64
dfd6381b3ee0511b,128,0.139641,0,0,942,3,8,27,17.734375,16.491943,0,0.14114,7.180217,64
33701314fa0a54bb,128,0.155758,0,0,1288,3,11,31,19.78125,18.389648,0,0.15414,9.27955,64
298cfefc3df26e45,128,0.146531,0,0,1097,3,8,31,18.609375,18.284912,0,0.150156,7.336911,64
2c7d4c8b3115dfc0,128,0.149483,0,0,1124,3,10,30,18.984375,14.218506,0,0.147836,8.966293,64
cc323fbc8aadb91f,128,0.153543,0,0,1265,3,11,28,19.5,11.78125,0,0.15966,9.762506,64
fc7ffd52b3a866b3,128,0.156988,0,0,1277,3,11,29,19.9375,13.183594,0,0.153283,9.529549,64
1d4f0923d0ccfb9c,128,0.144316,0,0,1001,3,9,30,18.328125,16.673584,0,0.142624,7.391415,64
c09a14d5afcfd0d3,128,0.145177,0,0,1072,3,9,30,18.4375,16.449219,0,0.147758,8.027201,64
ae29baf251bb925d,128,0.149975,0,0,1164,3,10,30,19.046875,14.029053,0,0.15231,8.924614,64
195f65370da384e0,128,0.145669,0,0,1015,3,10,29,18.5,12.578125,0,0.141992,8.87348,64
e2372d8a23d89fb6,128,0.147146,0,0,1082,3,8,29,18.6875,16.511719,0,0.146308,7.29976,64
3e9f092de2daa485,128,0.148868,0,0,1171,3,6,32,18.90625,15.272461,0,0.153952,5.524156,64
44764c0af18f8618,128,0.148499,0,0,1165,3,8,29,18.859375,15.636475,0,0.156378,7.354894,64
4804f8920e21607d,128,0.149483,0,0,1127,3,9,29,18.984375,14.609131,0,0.149595,8.048461,64
3d8290f58880198b,128,0.150591,0,0,1149,3,9,31,19.125,15.421875,0,0.147865,8.079291,64
81d7e48249e0f08f,128,0.1469,0,0,1098,3,10,29,18.65625,12.850586,0,0.148852,8.611313,64
20553b8fcb3c9f5b,128,0.161909,0,0,1405,3,10,33,20.5625,15.574219,0,0.157404,9.058377,64
4d5d5f4b03863826,128,0.14936,0,0,1166,3,9,32,18.96875,18.124023,0,0.150149,7.971566,64
98a647b5d115e8fd,128,0.205832,0,0,3007,3,15,38,26.140625,22.511475,0,0.209046,13.360044,64
4c5dbc252849c05a,128,0.197343,0,0,2549,3,16,37,25.0625,19.074219,0,0.191671,14.108535,64
289e560e8a4b55af,128,0.205217,0,0,2914,3,17,39,26.0625,21.683594,0,0.202249,14.527144,64
ce9d70a47e65c3ea,128,0.20497,0,0,2845,3,14,37,26.03125,18.733398,0,0.198312,13.015606,64
18acd65458cd4698,128,0.20251,0,0,2729,3,18,36,25.71875,17.920898,0,0.195438,14.813232,64
8bac4b644d392ff6,128,0.19968,0,0,2729,3,14,38,25.359375,21.636475,0,0.200505,12.774586,64
771ff07d7588da5f,128,0.203494,0,0,2923,3,13,40,25.84375,21.741211,0,0.207284,12.117503,64
c5a71e07bf492840,128,0.194513,0,0,2496,3,13,34,24.703125,17.255615,0,0.194853,11.942569,64
70a56710750a42ae,128,0.208661,0,0,3115,3,13,43,26.5,21.4375,0,0.211022,12.210601,64
59a7d7f702438c14,128,0.192052,0,0,2351,3,14,34,24.390625,18.488037,0,0.186822,12.362316,64
083411ea557d4fad,128,0.203863,0,0,2859,3,15,36,25.890625,19.019287,0,0.20215,13.37075,64
1331e4ea03f31a28,128,0.206816,0,0,2989,3,13,42,26.265625,23.398193,0,0.205288,12.102427,64
25184feb84b4a6e1,128,0.208538,0,0,3128,3,16,39,26.484375,22.859131,0,0.210497,14.552153,64
2ff2203f15a33055,128,0.202387,0,0,2764,3,15,33,25.703125,15.974365,0,0.199357,13.501395,64
b1ff78486715e619,128,0.204232,0,0,2875,3,17,39,25.9375,19.792969,0,0.203463,14.805308,64
a79424c8990ba717,128,0.203617,0,0,2850,3,17,37,25.859375,17.4021,0,0.202519,14.625874,64
75565be532551f9b,128,0.200541,0,0,2770,3,15,39,25.46875,21.170898,0,0.202939,13.35238,64
37e9eda9e76aa875,128,0.201772,0,0,2805,3,13,40,25.625,21.53125,0,0.202034,12.024544,64
55723617774c16c1,128,0.200172,0,0,2784,3,13,40,25.421875,20.790771,0,0.203019,12.050935,64
7c169d4b2740dc21,128,0.205955,0,0,2965,3,15,37,26.15625,21.319336,0,0.205195,13.80146,64
298b35cb05218d00,128,0.203986,0,0,2978,3,12,48,25.90625,27.631836,0,0.207642,11.050035,64
bc3d550724079e18,128,0.189099,0,0,2205,3,15,34,24.015625,15.077881,0,0.181799,13.007296,64
271d4617f1d4cf2e,128,0.203986,0,0,2967,3,14,39,25.90625,24.272461,0,0.207984,12.924457,64
a551ef48d49e6d79,128,0.188976,0,0,2292,3,16,39,24.0,19.59375,0,0.191451,13.392008,64
3bd1270d67a1506f,128,0.193775,0,0,2441,3,15,36,24.609375,19.394287,0,0.189845,13.064358,64
3fc5183dec57a95c,128,0.191314,0,0,2432,3,9,36,24.296875,22.77124,0,0.192894,8.457653,64
644da01139f7e39c,128,0.19845,0,0,2696,3,15,38,25.203125,20.036865,0,0.201022,13.487863,64
832f309c9de525b8,128,0.203986,0,0,2977,3,14,40,25.90625,25.381836,0,0.208749,13.034121,64
5e5f347528cc8781,128,0.19685,0,0,2561,3,14,37,25.0,21.140625,0,0.19319,12.603676,64
865b77517605bc2a,128,0.20091,0,0,2745,3,14,36,25.515625,20.671631,0,0.200415,12.828992,64
188e176cb32b23dc,128,0.19562,0,0,2569,3,13,38,24.84375,21.756836,0,0.19729,11.96936,64
a961fb4b52660f44,128,0.202633,0,0,2880,3,14,36,25.734375,19.632568,0,0.207556,12.79494,64
4b78eab6b8e9bf88,128,0.205955,0,0,2995,3,14,38,26.15625,20.631836,0,0.208197,12.956202,64
abaab4f8b33869bb,128,0.20091,0,0,2716,3,15,40,25.515625,19.343506,0,0.198907,13.696922,64
ca130ac8f3df92ef,128,0.196727,0,0,2571,3,16,35,24.984375,15.765381,0,0.195696,13.881132,64
dcd89498624da1af,128,0.207308,0,0,3089,3,15,37,26.328125,19.579834,0,0.211349,13.720994,64
d0507f1f99d63aa0,128,0.202264,0,0,2787,3,14,36,25.6875,20.730469,0,0.20005,12.850353,64
3be2b52749da613b,128,0.196235,0,0,2579,3,11,38,24.921875,23.290771,0,0.194001,10.366891,64
6b570527ceab84dc,128,0.196973,0,0,2595,3,16,36,25.015625,19.234131,0,0.195051,13.622282,64
ebe89411dbb605f5,128,0.189715,0,0,2359,3,13,36,24.09375,18.194336,0,0.193962,11.892663,64
eff13abeadaab0ca,128,0.200541,0,0,2817,3,15,39,25.46875,23.217773,0,0.204208,13.528782,64
2690d9966301e637,128,0.190699,0,0,2368,3,15,37,24.21875,18.249023,0,0.191318,13.198601,64
f0b83da9ca251389,128,0.193898,0,0,2486,3,14,35,24.625,17.109375,0,0.194406,12.499691,64
e29460385d34d370,128,0.197466,0,0,2633,3,14,35,25.078125,19.540771,0,0.197619,12.67661,64
8e8961639fe06353,128,0.197589,0,0,2615,3,15,40,25.09375,18.209961,0,0.197978,13.462635,64
1c3266118f9c9158,128,0.203125,0,0,2802,3,16,36,25.796875,19.099365,0,0.19955,14.340705,64
f688b9e3996d0d9f,128,0.201156,0,0,2771,3,17,37,25.546875,18.404053,0,0.201129,14.703627,64
9d584b33936554fd,128,0.200418,0,0,2743,3,14,38,25.453125,19.497803,0,0.200962,13.027175,64
fa22c9ac2f86343a,128,0.195989,0,0,2637,3,12,37,24.890625,21.425537,0,0.200444,11.157941,64
3b3d4c7971b88ebd,128,0.195497,0,0,2504,3,15,36,24.828125,18.439209,0,0.191929,13.280279,64
4a926a349aa8e2b1,128,0.198942,0,0,2690,3,15,37,25.265625,19.835693,0,0.199778,13.676941,64
de3a0b96975f518a,128,0.194513,0,0,2542,3,12,36,24.703125,20.474365,0,0.196321,11.225726,64
6dd49ff693bdcd4e,128,0.192421,0,0,2480,3,15,36,24.4375,19.730469,0,0.194947,12.90605,64
37742289cf3b44a3,128,0.20091,0,0,2763,3,13,37,25.515625,19.234131,0,0.200238,12.181076,64
395fa11a332428b4,128,0.192175,0,0,2470,3,13,38,24.40625,22.647461,0,0.196612,11.734345,64
cc4d01124a20aaca,128,0.19685,0,0,2541,3,14,38,25.0,20.921875,0,0.192592,12.472993,64
eef9c58a738a8f60,128,0.211245,0,0,3137,3,16,39,26.828125,19.501709,0,0.206623,14.214228,64
c6520fefce684a13,128,0.196112,0,0,2587,3,15,37,24.90625,18.928711,0,0.197684,13.617829,64
d17c4ef83602e12f,128,0.204847,0,0,2972,3,17,38,26.015625,21.156006,0,0.20672,14.964183,64
f701b0aa5e43da08,128,0.195251,0,0,2538,3,14,38,24.796875,19.33374,0,0.195792,12.558848,64
b7f5b48a76f95ffd,128,0.190207,0,0,2370,3,14,35,24.15625,19.881836,0,0.192277,12.61017,64
a5da5deadde386fc,128,0.203863,0,0,2898,3,17,38,25.890625,19.675537,0,0.204182,14.971836,64
07fe7eccb4be2633,128,0.198327,0,0,2704,3,15,37,25.1875,20.996094,0,0.200002,13.262744,64
be110f53e17fb664,128,0.200541,0,0,2793,3,17,43,25.46875,22.717773,0,0.204397,14.182567,64
317944b58b0a39bb,128,0.198327,0,0,2630,3,16,38,25.1875,21.261719,0,0.194824,14.038539,64
ebc8f869035de994,128,0.201156,0,0,2799,3,14,37,25.546875,21.279053,0,0.202611,12.964137,64
bd1e2473a1c7a355,128,0.206324,0,0,3077,3,14,45,26.203125,22.505615,0,0.209918,12.853039,64
29b7503d43d9d9ba,128,0.201895,0,0,2857,3,15,37,25.640625,20.605225,0,0.204345,13.673902,64
24113c25c02ddf6f,128,0.190822,0,0,2439,3,14,37,24.234375,17.710693,0,0.197897,12.462418,64
55d54dccf9c84994,128,0.198081,0,0,2637,3,15,38,25.15625,19.131836,0,0.198314,13.666378,64
eefb9f0b129bae0f,128,0.199557,0,0,2705,3,16,39,25.34375,19.881836,0,0.199321,13.641517,64
a82b1595b5706b4b,128,0.199311,0,0,2681,3,11,35,25.3125,16.730469,0,0.199767,10.392555,64
90c8cb43818d54df,128,0.199803,0,0,2745,3,11,38,25.375,21.453125,0,0.201927,10.409591,64
a4d0208f7675fec3,128,0.198573,0,0,2734,3,13,38,25.21875,19.936523,0,0.201648,11.681296,64
46913fd790033c62,128,0.20128,0,0,2864,3,15,38,25.5625,21.042969,0,0.207595,13.628507,64
58bb603b77d447ed,128,0.198081,0,0,2658,3,13,38,25.15625,17.069336,0,0.200034,11.990725,64
3471ad9f54905f0c,128,0.201895,0,0,2806,3,15,40,25.640625,18.24585,0,0.202403,13.647722,64
a00f2b7185507c36,128,0.199434,0,0,2616,3,18,34,25.328125,15.829834,0,0.193479,14.777007,64
760d2b1dd4f87ccd,128,0.197343,0,0,2631,3,16,38,25.0625,20.496094,0,0.198186,14.007595,64
a7b8455ba6803c3e,128,0.197096,0,0,2680,3,14,38,25.03125,23.092773,0,0.201045,12.710584,64
7ac6f455b670892b,128,0.202879,0,0,2874,3,11,37,25.765625,22.445068,0,0.205054,10.368636,64
03aaa8e64ccfa401,128,0.198327,0,0,2694,3,14,34,25.1875,20.917969,0,0.199598,12.760378,64
acf9b2ddf409d964,128,0.196358,0,0,2615,3,13,38,24.9375,25.542969,0,0.195548,11.79573,64
e9a6641fbd245e38,128,0.197589,0,0,2623,3,16,36,25.09375,20.538086,0,0.19681,13.794642,64
8b5ff393be703460,128,0.204232,0,0,2942,3,16,41,25.9375,20.746094,0,0.208342,13.814914,64
a0da96524b98e2b1,128,0.20128,0,0,2767,3,14,38,25.5625,19.386719,0,0.200287,12.853208,64
9166a3f556343041,128,0.191929,0,0,2401,3,15,35,24.375,13.09375,0,0.193403,13.265583,64
7849e714622caec5,128,0.193898,0,0,2441,3,17,35,24.625,17.40625,0,0.191979,13.92711,64
d4592410afc8d04e,128,0.19845,0,0,2528,3,16,32,25.203125,13.64624,0,0.190079,14.191748,64
b323c06a46c62d39,128,0.197835,0,0,2632,3,14,36,25.125,17.96875,0,0.196464,12.870219,64
2b9ac8214896fd89,128,0.19685,0,0,2633,3,14,39,25.0,21.984375,0,0.197843,12.915655,64
715a09727a6a9044,128,0.206447,0,0,3015,3,13,38,26.21875,20.827148,0,0.206098,12.127186,64
e7e704ebdb98c3fd,128,0.197589,0,0,2698,3,14,38,25.09375,22.538086,0,0.200223,12.808065,64
c1bd542054cda353,128,0.200049,0,0,2791,3,17,38,25.40625,21.881836,0,0.203888,14.240112,64
7be5af1a08290493,128,0.201403,0,0,2810,3,16,35,25.578125,18.900146,0,0.201968,14.17907,64
ce3f9c8aba364ee9,128,0.199065,0,0,2619,3,15,39,25.28125,18.295898,0,0.194867,13.445915,64
7ec7311f051e83ba,128,0.200664,0,0,2840,3,13,39,25.484375,23.562256,0,0.204643,12.194727,64
fadb9ec2e144584e,128,0.202264,0,0,2859,3,14,37,25.6875,22.855469,0,0.204317,12.348215,64
23ba3295525465f6,128,0.205217,0,0,2898,3,15,36,26.0625,17.199219,0,0.202486,13.799957,64
a2572e81b25667d3,128,0.203125,0,0,2884,3,16,38,25.796875,19.568115,0,0.20503,14.239485,64
a313531d25b353cd,128,0.249385,0,0,5341,3,18,43,31.671875,20.782959,0,0.25341,16.981005,64
287bd12728f337de,128,0.257628,0,0,5836,3,18,48,32.71875,24.733398,0,0.257837,16.970588,64
399c5f75ffb7ac67,128,0.250246,0,0,5262,3,21,43,31.78125,22.983398,0,0.247319,19.302768,64
a3992ff0badde367,128,0.243233,0,0,4860,3,19,41,30.890625,21.972412,0,0.241087,17.573339,64
dc93e2abfabe08f6,128,0.260212,0,0,5988,2,20,43,33.046875,22.107178,0,0.259163,18.579401,64
41fe81281b6df613,128,0.243848,0,0,4961,2,19,42,30.96875,20.655273,0,0.245707,17.320189,64
c7b054659e255c37,128,0.250861,0,0,5448,3,21,45,31.859375,26.511475,0,0.253494,18.890175,64
181871965fca1469,128,0.240527,0,0,4655,2,18,44,30.546875,23.060303,0,0.235147,16.710908,64
dfbc637789c687dc,128,0.25123,0,0,5390,3,21,48,31.90625,25.225586,0,0.25023,18.573203,64
189584bf8977cb8d,128,0.252461,0,0,5540,2,21,45,32.0625,26.933594,0,0.253774,18.915585,64
607e6e2844afc357,128,0.257013,0,0,5849,3,22,45,32.640625,27.3396,0,0.26049,19.300151,64
a467aaa6d34562f2,128,0.249016,0,0,5270,3,17,46,31.625,28.0625,0,0.247876,16.183425,64
54803720aee29762,128,0.251353,0,0,5476,2,20,43,31.921875,23.962646,0,0.254038,18.10814,64
25fdbc68ee5f106d,128,0.255906,0,0,5793,3,23,51,32.5,29.71875,0,0.258935,19.930318,64
a2a9be570d71bebb,128,0.250984,0,0,5391,2,20,41,31.875,22.3125,0,0.251575,18.393941,64
11599516a85ec004,128,0.255536,0,0,5677,3,18,42,32.453125,23.763428,0,0.254167,16.925185,64
7f7d7244f2528879,128,0.245694,0,0,5127,3,18,43,31.203125,29.943115,0,0.246556,16.622794,64
e4c0a62ebb1a49cd,128,0.24594,0,0,5024,3,17,44,31.234375,24.070068,0,0.243379,15.859478,64
36185f3db84a012a,128,0.254306,0,0,5725,3,21,45,32.296875,29.83374,0,0.258045,18.893982,64
7c1e47648d76411a,128,0.245079,0,0,5132,3,21,49,31.125,27.8125,0,0.247938,18.386234,64
fcde5aaabf610a34,128,0.255044,0,0,5637,2,21,44,32.390625,22.144287,0,0.254943,18.774701,64
436a396acfa1de50,128,0.242249,0,0,4816,3,17,43,30.765625,22.929443,0,0.241471,15.821615,64
6b30104853bd3c04,128,0.247662,0,0,5120,3,18,41,31.453125,23.044678,0,0.243164,16.7678,64
c0d6328f59db134d,128,0.252461,0,0,5476,3,22,43,32.0625,20.886719,0,0.252335,19.602904,64
1fe22f083ddf8228,128,0.244094,0,0,4957,2,21,42,31.0,23.75,0,0.243675,18.765686,64
8600887756da8455,128,0.249877,0,0,5316,3,20,46,31.734375,20.304443,0,0.251472,18.444372,64
4a628f64ec3ed501,128,0.25406,0,0,5624,3,20,44,32.265625,23.288818,0,0.255447,18.580531,64
6e640cd82a2265ed,128,0.24594,0,0,5113,3,18,44,31.234375,25.554443,0,0.246663,16.757946,64
f9e2f65df4d61932,128,0.243233,0,0,4962,3,20,44,30.890625,25.925537,0,0.245091,17.292147,64
ef35eaa34d59e870,128,0.248401,0,0,5144,3,21,46,31.546875,21.232178,0,0.244516,18.567811,64
26c1695faf6357ea,128,0.250246,0,0,5380,2,22,44,31.78125,23.655273,0,0.252599,19.371083,64
3d261f6d91bcbbe8,128,0.259719,0,0,5975,3,21,46,32.984375,21.671631,0,0.261101,19.463794,64
848a42bf84b63fd7,128,0.244218,0,0,5078,3,19,49,31.015625,26.249756,0,0.249252,17.432422,64
a886816e0aebf64a,128,0.243479,0,0,4923,3,20,45,30.921875,22.259521,0,0.2438,18.415128,64
af66f8d70172973f,128,0.247662,0,0,5253,2,15,44,31.453125,25.372803,0,0.250673,14.352588,64
6953b8a9289c65eb,128,0.238558,0,0,4708,3,20,44,30.296875,24.224365,0,0.242929,18.098289,64
fcef1454eeb6ff06,128,0.252215,0,0,5443,3,17,44,32.03125,22.342773,0,0.251427,15.985519,64
b589860bc1f307eb,128,0.248401,0,0,5294,2,21,45,31.546875,27.638428,0,0.249839,18.885697,64
95417c3015f466e3,128,0.246309,0,0,5176,3,20,43,31.28125,25.358398,0,0.249542,18.086897,64
821370a463d05bf6,128,0.248524,0,0,5322,3,21,53,31.5625,25.402344,0,0.251997,19.137882,64
16f2fdfe1478ec15,128,0.244587,0,0,4984,3,17,41,31.0625,21.417969,0,0.244639,16.050074,64
5554141c2df85b89,128,0.247662,0,0,5087,3,19,42,31.453125,24.513428,0,0.24328,17.629883,64
bf72e5d120cbdfe2,128,0.242372,0,0,4905,3,20,42,30.78125,23.545898,0,0.245014,17.390426,64
0f3efbc85b291680,128,0.246924,0,0,5090,3,19,42,31.359375,19.9021,0,0.245759,17.432692,64
75d70aa9416a4a1c,128,0.251599,0,0,5457,3,17,44,31.953125,23.575928,0,0.252406,16.076131,64
269315c6b9377c66,128,0.26095,0,0,6073,2,19,44,33.140625,27.542725,0,0.259895,17.832351,64
399a78d247520b28,128,0.244956,0,0,5049,3,20,47,31.109375,25.972412,0,0.246124,17.689685,64
b7d56d45b0eb7d9a,128,0.248647,0,0,5186,2,19,47,31.578125,20.275146,0,0.246094,17.648554,64
a9cbbeabeae539f4,128,0.255044,0,0,5630,3,20,45,32.390625,21.878662,0,0.254452,18.491122,64
504d448d74a47fa4,128,0.257628,0,0,5828,3,20,46,32.71875,22.483398,0,0.257712,18.50358,64
c25687dbc4a75ff9,128,0.256767,0,0,5822,3,19,46,32.609375,24.644287,0,0.258914,17.823804,64
8d35cbbecdbecf95,128,0.253199,0,0,5601,2,20,43,32.15625,22.397461,0,0.256602,18.782464,64
41a98a7b761e00dd,128,0.258612,0,0,5960,3,20,46,32.84375,27.272461,0,0.260312,18.428829,64
696840aab2242f1c,128,0.251353,0,0,5294,2,23,46,31.921875,18.431396,0,0.2481,20.410267,64
f8dd80a01581b0fa,128,0.247416,0,0,5148,3,20,43,31.421875,20.743896,0,0.246813,18.2966,64
bbe4b5960cbeea04,128,0.257874,0,0,5933,3,21,44,32.75,22.734375,0,0.261967,19.090608,64
bab97bda96af9f6a,128,0.246555,0,0,5164,3,17,45,31.3125,27.714844,0,0.2472,15.918729,64
f6f4ca410076fce5,128,0.246801,0,0,5148,3,16,46,31.34375,23.288086,0,0.24647,15.072822,64
ffe04fa98466faff,128,0.241388,0,0,4833,3,18,50,30.65625,23.100586,0,0.242282,16.816112,64
426b3d14b9c859b5,128,0.253814,0,0,5602,3,22,47,32.234375,24.366943,0,0.25508,19.665387,64
cc0518b643eca9bc,128,0.251845,0,0,5511,3,19,46,31.984375,27.765381,0,0.253991,17.802624,64
452bfdd5f8412f33,128,0.25283,0,0,5596,3,14,48,32.109375,28.894287,0,0.254633,13.361511,64
75c4afdf540a4127,128,0.247293,0,0,5144,2,20,44,31.40625,20.116211,0,0.247654,18.292363,64
4f45ff240c2bb2e5,128,0.249262,0,0,5300,3,21,49,31.65625,25.709961,0,0.249929,19.114433,64
2a233999e3e5d04d,128,0.253076,0,0,5564,2,20,45,32.140625,24.8396,0,0.25366,18.623724,64
56a38987bd8d532a,128,0.241265,0,0,4971,3,21,44,30.640625,29.698975,0,0.248714,18.31737,64
91e3dd97f1559997,128,0.246924,0,0,5230,3,18,43,31.359375,26.917725,0,0.251042,16.934337,64
dd70cae61e7ea3c2,128,0.243725,0,0,4925,3,19,42,30.953125,20.372803,0,0.243557,17.620971,64
ba4f32650e24c395,128,0.243971,0,0,4895,3,19,41,30.984375,21.937256,0,0.241957,17.511661,64
8277b5712b3b77c9,128,0.245448,0,0,5030,2,18,45,31.171875,25.095459,0,0.245706,16.904596,64
6e4625aa342151a9,128,0.256029,0,0,5800,3,19,49,32.515625,25.624756,0,0.259127,17.381479,64
54a298d67931a566,128,0.247293,0,0,5151,2,20,48,31.40625,23.288086,0,0.246984,18.010181,64
6995890e7f8576b5,128,0.247416,0,0,5186,3,16,42,31.421875,22.868896,0,0.24926,15.151867,64
7b6218bfd325564b,128,0.259104,0,0,5859,2,21,48,32.90625,19.100586,0,0.257545,19.445874,64
2aab769c66ff2847,128,0.243602,0,0,4937,2,20,45,30.9375,22.542969,0,0.244444,17.982841,64
9d935d7d212c12fe,128,0.256767,0,0,5790,3,22,48,32.609375,21.597412,0,0.258517,19.97673,64
139a82635d2a03d0,128,0.252092,0,0,5521,3,17,43,32.015625,25.671631,0,0.255861,16.000159,64
c398adb31b1407fd,128,0.245325,0,0,4961,3,21,41,31.15625,22.928711,0,0.241253,18.722414,64
403f04270d9c4a13,128,0.252092,0,0,5527,3,18,42,32.015625,22.890381,0,0.25509,16.818945,64
cb62ca33f038d1f6,128,0.247539,0,0,5191,3,17,45,31.4375,24.214844,0,0.247495,16.170972,64
fd3f1d9df9c4bb36,128,0.247908,0,0,5275,3,18,46,31.484375,27.687256,0,0.250747,16.498798,64
e0942df0bae5c63a,128,0.255659,0,0,5655,3,22,44,32.46875,21.108398,0,0.254919,19.388016,64
5b0782c7c53d2def,128,0.252338,0,0,5396,2,19,43,32.046875,22.091553,0,0.248549,17.841346,64
bd7b24ea4568fb7e,128,0.260704,0,0,6248,2,19,48,33.109375,30.800537,0,0.268667,17.883515,64
70aabbff5e03f663,128,0.247785,0,0,5199,3,19,41,31.46875,21.655273,0,0.248894,17.40859,64
251d0397c001d8fb,128,0.246309,0,0,5163,3,16,44,31.28125,28.045898,0,0.247647,14.995008,64
8f234ded3231056f,128,0.24311,0,0,4855,3,20,44,30.875,19.953125,0,0.241802,18.423711,64
58b8b04717e8f50f,128,0.24188,0,0,4712,3,19,44,30.71875,20.420898,0,0.236334,17.504565,64
5793cf6b81b54a4f,128,0.246432,0,0,5129,2,22,47,31.296875,22.70874,0,0.247724,19.477753,64
89289b40dfe31247,128,0.247416,0,0,5071,2,22,44,31.421875,20.368896,0,0.243939,19.418202,64
16388ec738abdcb6,128,0.251845,0,0,5480,3,19,46,31.984375,24.968506,0,0.252755,17.793499,64
fbc6df02fcc41db9,128,0.257628,0,0,5869,3,22,43,32.71875,19.530273,0,0.260183,19.740416,64
ef6b4e9dc7f71370,128,0.239911,0,0,4780,3,16,47,30.46875,26.561523,0,0.241804,14.939273,64
5ee12bb7b5d52c7c,128,0.242618,0,0,4974,3,18,46,30.8125,28.074219,0,0.246241,16.372813,64
8a1a25dda8e4147e,128,0.24594,0,0,5081,3,21,43,31.234375,26.007568,0,0.246056,19.02548,64
ae0eab7d7faab764,128,0.247908,0,0,5305,3,19,44,31.484375,26.265381,0,0.252162,17.002982,64
a96ba408f73bfc84,128,0.255536,0,0,5645,3,20,45,32.453125,23.279053,0,0.253906,18.481064,64
4e176d454ebe4751,128,0.247047,0,0,5085,3,18,44,31.375,21.1875,0,0.244985,16.750723,64
4d8b76e3e0d3b6db,128,0.249877,0,0,5274,3,18,43,31.734375,23.523193,0,0.247208,16.954483,64
ae0cc6082dfc8795,128,0.249262,0,0,5323,2,21,46,31.65625,24.194336,0,0.251583,18.983238,64
082be048f408b3e1,128,0.304995,0,0,9688,2,19,49,38.734375,27.773193,0,0.305892,18.24743,64
dfc29d95bed052b1,128,0.295645,0,0,8726,2,26,48,37.546875,20.810303,0,0.293433,23.787511,64
f2ea14943c285d37,128,0.299951,0,0,9234,2,25,49,38.09375,24.538086,0,0.301445,23.170501,64
0646d07044de37a9,128,0.30561,0,0,9660,2,29,53,38.8125,25.589844,0,0.303542,26.197949,64
12f5f6dd025e0165,128,0.292569,0,0,8578,2,26,49,37.15625,24.803711,0,0.294497,22.651614,64
2c9594a6a11d8b88,128,0.300197,0,0,9248,2,21,51,38.125,28.453125,0,0.299633,20.027158,64
af3fa0f6d7658e55,128,0.302904,0,0,9493,2,26,50,38.46875,28.389648,0,0.303062,23.70878,64
16252d766329f548,128,0.29343,0,0,8648,2,26,52,37.265625,25.382568,0,0.293746,24.064014,64
77937451fc11791a,128,0.299951,0,0,9164,2,25,53,38.09375,24.709961,0,0.299282,23.307362,64
e27305605575be17,128,0.289001,0,0,8248,2,23,50,36.703125,26.64624,0,0.290142,21.174486,64
3488a61c7a79bc39,128,0.301181,0,0,9355,2,20,54,38.25,27.28125,0,0.302607,19.245495,64
7cd369712fb20d85,128,0.300812,0,0,9306,2,25,52,38.203125,27.55249,0,0.300451,23.66304,64
6a1ad02c200659ca,128,0.308071,0,0,10062,2,27,52,39.125,31.421875,0,0.309617,24.308655,64
7dba2b0ccc20e06c,128,0.29872,0,0,9178,2,25,50,37.9375,27.121094,0,0.300916,23.537018,64
63b0213a01158062,128,0.298967,0,0,9131,2,26,49,37.96875,25.842773,0,0.300389,23.77358,64
4db4bf8976ec8668,128,0.291831,0,0,8525,2,22,49,37.0625,26.636719,0,0.293063,20.796388,64
668302480a8fcbc5,128,0.298844,0,0,9062,2,27,50,37.953125,23.154053,0,0.298318,24.53471,64
41e838c526aab284,128,0.297859,0,0,8956,2,28,50,37.828125,22.439209,0,0.296852,25.044466,64
a6f4588f85b02f18,128,0.309055,0,0,10208,2,27,54,39.25,29.734375,0,0.312145,24.708034,64
7e86077516c78cfd,128,0.30315,0,0,9445,2,26,49,38.5,22.296875,0,0.302328,24.283577,64
6072f62f4ffe2d98,128,0.298228,0,0,8998,2,25,55,37.875,25.46875,0,0.296002,23.359168,64
e7fe3dc512c479e2,128,0.300689,0,0,9211,2,27,51,38.1875,24.746094,0,0.298572,24.753743,64
2a9af2a3b551a3f3,128,0.305241,0,0,9595,2,25,49,38.765625,22.585693,0,0.302288,23.470402,64
599b9f2166c9e2c7,128,0.304749,0,0,9736,2,25,54,38.703125,30.286865,0,0.306478,23.398019,64
a8b0ae8809b6cf07,128,0.298474,0,0,9130,2,23,51,37.90625,27.819336,0,0.299657,21.546892,64
884d28587bc06c59,128,0.306841,0,0,9780,2,27,51,38.96875,22.702148,0,0.304736,25.074939,64
e9035d1063eba631,128,0.293799,0,0,8590,2,25,50,37.3125,22.152344,0,0.292137,23.287872,64
0fd78278a3822e19,128,0.306471,0,0,9758,2,27,55,38.921875,26.775146,0,0.304968,24.69983,64
78c2bbaf1f44037c,128,0.288263,0,0,8076,2,26,48,36.609375,23.222412,0,0.285201,23.515849,64
b77a5e5d874c696f,128,0.30315,0,0,9516,2,26,51,38.5,27.953125,0,0.303225,24.230849,64
684c1944da83d000,128,0.29909,0,0,9118,2,25,47,37.984375,23.968506,0,0.299596,23.056745,64
bc6f608fe53bfcf6,128,0.304134,0,0,9527,2,26,53,38.625,29.515625,0,0.300644,24.285302,64
14d565a7970ab012,128,0.30844,0,0,9996,2,27,53,39.171875,28.376709,0,0.307422,25.354979,64
876f3ced5aedf093,128,0.303273,0,0,9393,2,27,51,38.515625,22.062256,0,0.300241,25.119035,64
ae46911a87ffbffe,128,0.295399,0,0,8876,2,26,56,37.515625,27.906006,0,0.297331,23.867,64
ba5f2bebc18c6f98,128,0.297859,0,0,8974,2,27,53,37.828125,27.001709,0,0.296724,23.916176,64
9b5eb8be0ea1ba23,128,0.299336,0,0,9236,2,26,51,38.015625,29.156006,0,0.301615,23.80545,64
2ab85c5b673311d3,128,0.296752,0,0,8888,2,23,50,37.6875,26.105469,0,0.295345,21.564594,64
97ec9a2fb716ad93,128,0.290108,0,0,8326,2,25,50,36.84375,27.538086,0,0.289526,22.849203,64
6683ec888bea68ee,128,0.300566,0,0,9193,2,28,56,38.171875,21.704834,0,0.298642,25.657303,64
0a9729bce9764ef6,128,0.313115,0,0,10516,2,29,56,39.765625,27.788818,0,0.314473,26.28145,64
38a241c44ecb89fe,128,0.30561,0,0,9908,2,26,50,38.8125,29.058594,0,0.310444,23.748395,64
3165d4f99920eb23,128,0.295891,0,0,8836,2,24,56,37.578125,30.759521,0,0.294815,22.678209,64
38547bd4d06d8c79,128,0.297244,0,0,9077,2,20,54,37.75,28.75,0,0.301148,19.009471,64
6f3a58d808f08dcd,128,0.300197,0,0,9173,2,25,50,38.125,24.5625,0,0.297632,23.194319,64
a790a12f4e553780,128,0.29872,0,0,9149,2,25,55,37.9375,27.167969,0,0.300441,23.264311,64
f910bb363716be56,128,0.295645,0,0,8739,2,25,48,37.546875,21.232178,0,0.293919,23.270561,64
37b6eb3dbe475f21,128,0.297613,0,0,9041,2,26,55,37.796875,29.255615,0,0.298551,23.845966,64
b36328fe2396ba35,128,0.299459,0,0,9177,2,24,49,38.03125,27.999023,0,0.300671,22.412925,64
bc8c04679c5827e6,128,0.296629,0,0,8858,2,24,50,37.671875,23.876709,0,0.296348,22.786938,64
0371332a5c27910f,128,0.300443,0,0,9069,2,23,51,38.15625,23.975586,0,0.29542,21.996749,64
dcd61e0214bbc2ee,128,0.295768,0,0,8847,2,25,51,37.5625,27.011719,0,0.296783,23.353238,64
d6fda39b1f7db6c0,128,0.300443,0,0,9206,2,27,50,38.15625,21.475586,0,0.299888,24.404599,64
a72894254a1e88c7,128,0.299336,0,0,9097,2,27,50,38.015625,24.484131,0,0.297561,24.103332,64
309296da80bd6729,128,0.302288,0,0,9451,2,26,53,38.390625,27.081787,0,0.303042,23.860112,64
ccc7ffdaf03102da,128,0.31127,0,0,10201,2,27,54,39.53125,23.436523,0,0.308884,25.33383,64
a9916f081a434ab2,128,0.297367,0,0,8986,2,24,52,37.765625,26.898193,0,0.298117,22.477618,64
76100f2aea670c7a,128,0.306964,0,0,9754,2,28,53,38.984375,23.765381,0,0.303809,25.716759,64
2bbcf4b8014a3de2,128,0.304257,0,0,9573,2,27,52,38.640625,25.30835,0,0.303054,24.119905,64
38b5a9161c86a9ed,128,0.304503,0,0,9509,2,29,51,38.671875,23.486084,0,0.301028,25.967123,64
6cde8795b793886b,128,0.29909,0,0,9174,2,23,50,37.984375,28.281006,0,0.300301,21.668235,64
66ac3447261cdd19,128,0.294414,0,0,8712,2,21,50,37.390625,28.081787,0,0.294202,19.958682,64
36bf11dc0fec3289,128,0.301058,0,0,9268,2,23,57,38.234375,30.054443,0,0.298809,21.803525,64
7b40012f8d8742e1,128,0.307948,0,0,10010,2,26,55,39.109375,28.019287,0,0.309054,24.24867,64
aab938ea636597a9,128,0.296875,0,0,8990,2,23,51,37.703125,28.036865,0,0.298482,21.708153,64
7f6d794da36533ee,128,0.302534,0,0,9271,2,28,50,38.421875,21.056396,0,0.298244,25.540451,64
103a32c6e5878ee4,128,0.295153,0,0,8792,2,22,48,37.484375,27.265381,0,0.296053,20.778369,64
93c633034aef1d1c,128,0.299828,0,0,9286,2,25,54,38.078125,29.103271,0,0.302123,23.109635,64
0810ddd657b6e1da,128,0.30155,0,0,9492,2,24,51,38.296875,30.83374,0,0.303733,22.246604,64
7aa4d0843d95a507,128,0.300443,0,0,9072,2,26,49,38.15625,18.022461,0,0.296916,24.567368,64
6e656abe40b8c747,128,0.300197,0,0,9289,2,22,50,38.125,27.25,0,0.302112,20.777062,64
7eba8924d49559ef,128,0.297121,0,0,9165,2,22,50,37.734375,29.429443,0,0.303299,20.845525,64
391e71b9c7afabab,128,0.30561,0,0,9568,2,28,49,38.8125,21.261719,0,0.300561,25.57297,64
9ede742e6cef8dcd,128,0.298597,0,0,9117,2,25,54,37.921875,26.743896,0,0.300824,23.392857,64
d1fb49ae0c14b761,128,0.307579,0,0,9808,2,30,54,39.0625,24.777344,0,0.304182,26.03997,64
6fda21a2828a0e52,128,0.29749,0,0,8995,2,25,54,37.78125,23.342773,0,0.298935,23.442759,64
2d83e0b4882e4b6a,128,0.303396,0,0,9638,2,27,51,38.53125,31.311523,0,0.306285,24.189899,64
7ffff5cd7cc3e6ed,128,0.300443,0,0,9147,2,25,50,38.15625,22.991211,0,0.298008,23.44905,64
0d8a3a01af122782,128,0.29872,0,0,9022,2,25,50,37.9375,21.386719,0,0.297579,23.461374,64
18200c9564f0a73c,128,0.306718,0,0,9793,2,29,54,38.953125,27.029053,0,0.305718,25.689455,64
134ca17f443ec1be,128,0.296383,0,0,8898,2,24,49,37.640625,26.3396,0,0.296502,22.577043,64
5df432925daccff1,128,0.296875,0,0,8912,2,24,53,37.703125,26.48999,0,0.296162,22.358109,64
54bed583a0bb708d,128,0.308809,0,0,10101,2,29,55,39.21875,30.999023,0,0.310011,26.108752,64
14922e50eba5a9b3,128,0.301058,0,0,9235,2,26,49,38.234375,24.945068,0,0.299231,24.207367,64
2bf363d8b5e52f8c,128,0.289985,0,0,8215,2,26,48,36.828125,19.236084,0,0.287517,23.686925,64
b8897e871f671ab3,128,0.309424,0,0,9995,2,27,51,39.296875,22.95874,0,0.306661,25.267913,64
4425535018a1b669,128,0.295768,0,0,8835,2,26,52,37.5625,25.042969,0,0.297005,23.837562,64
f694b0aa23dda03a,128,0.29872,0,0,9095,2,26,51,37.9375,25.511719,0,0.299543,23.701882,64
167f1e87e1e72d02,128,0.298351,0,0,9226,2,24,54,37.890625,34.566162,0,0.303422,22.726459,64
d180804000ffe940,128,0.294045,0,0,8734,2,23,49,37.34375,24.866211,0,0.296663,21.504639,64
615d1559badc59ff,128,0.302534,0,0,9459,2,25,51,38.421875,27.915771,0,0.302056,23.276154,64
0cd9c426fd8df221,128,0.30155,0,0,9387,2,22,51,38.296875,24.693115,0,0.302788,20.897778,64
44c5542eaa522d92,128,0.297121,0,0,8949,2,28,53,37.734375,26.804443,0,0.297609,25.009633,64
e9c6fc43842908f6,128,0.298967,0,0,9115,2,26,57,37.96875,25.952148,0,0.298948,24.30325,64
9a3b3367ed54fd50,128,0.301919,0,0,9189,2,26,52,38.34375,21.319336,0,0.297014,24.121058,64
921d4498eaaf288c,128,0.302165,0,0,9427,2,25,49,38.375,23.328125,0,0.303647,23.112804,64
5e8ff987db3567ff,128,0.289739,0,0,8227,2,26,51,36.796875,21.193115,0,0.288703,23.714756,64
7425fb290e991cf5,128,0.293184,0,0,8708,2,25,52,37.234375,30.038818,0,0.296399,23.266939,64
9b02b161fa73ef35,128,0.297859,0,0,8898,2,25,50,37.828125,21.767334,0,0.295328,23.567721,64
4acad8294e5c79e6,128,0.302288,0,0,9606,2,24,50,38.390625,30.113037,0,0.308036,22.581878,64
081412631afbaad4,128,0.353223,0,0,15121,2,28,59,44.859375,35.042725,0,0.354562,26.665161,64
4aac978db0143153,128,0.359375,0,0,15646,2,33,60,45.640625,25.480225,0,0.355986,30.542809,64
98d73dd519e929f6,128,0.349779,0,0,14615,2,32,57,44.421875,31.962646,0,0.349391,29.713928,64
f370ce4c373406a2,128,0.346457,0,0,14206,2,30,57,44.0,25.5,0,0.347575,28.344228,64
951d09fccc9c8145,128,0.359375,0,0,15759,2,31,59,45.640625,24.886475,0,0.358435,29.254586,64
2eaf148a485ec885,128,0.345719,0,0,14134,2,27,57,43.90625,28.163086,0,0.346917,25.79786,64
fef98137a35b369f,128,0.345595,0,0,14009,2,29,62,43.890625,27.347412,0,0.343367,27.62826,64
a115fd87f5c5a0a8,128,0.345103,0,0,14025,2,32,58,43.828125,26.611084,0,0.345483,29.438189,64
891939920626271a,128,0.359375,0,0,15872,2,31,60,45.640625,29.5896,0,0.360161,29.359804,64
d597c4a41dc4edf4,128,0.359621,0,0,15828,2,28,59,45.671875,30.407959,0,0.358778,26.995596,64
bb0046640a5053b8,128,0.353962,0,0,15003,2,33,59,44.953125,26.560303,0,0.350827,30.560772,64
c2dc8f57ff8ba68d,128,0.345595,0,0,14163,2,22,56,43.890625,29.456787,0,0.346851,21.360858,64
73f3266b19fc3c01,128,0.350517,0,0,14531,2,32,57,44.515625,23.812256,0,0.347744,30.029911,64
7c04112ce43ee4bc,128,0.35064,0,0,14633,2,34,57,44.53125,24.202148,0,0.349622,31.497921,64
682e90d9a0d1e881,128,0.350886,0,0,14997,2,31,58,44.5625,39.074219,0,0.354254,28.823099,64
59944c4dc456a18d,128,0.348917,0,0,14490,2,32,57,44.3125,23.964844,0,0.349568,29.561713,64
63b297315aa925c0,128,0.344119,0,0,13815,2,32,54,43.703125,24.005615,0,0.342678,29.677794,64
dd06dd76ba0385f8,128,0.345472,0,0,14234,2,27,57,43.875,36.234375,0,0.347501,25.820641,64
f5ac047517c32e4b,128,0.351009,0,0,14630,2,29,59,44.578125,26.431396,0,0.347994,27.605199,64
4ed943d318a7090d,128,0.352977,0,0,14934,2,33,58,44.828125,25.470459,0,0.352364,30.650032,64
e2806c80aeb65e7d,128,0.356791,0,0,15470,2,33,58,45.3125,25.902344,0,0.356878,30.100459,64
1ad10654eaa1bebe,128,0.347441,0,0,14284,2,28,58,44.125,28.28125,0,0.346859,26.891986,64
38a96334331fe6f0,128,0.341535,0,0,13875,2,30,60,43.375,38.734375,0,0.347735,27.861151,64
14f94de2be60ea88,128,0.350271,0,0,14685,2,34,56,44.484375,25.984131,0,0.351665,30.502549,64
69eb8ac08e581b0a,128,0.348548,0,0,14422,2,30,55,44.265625,23.366943,0,0.34873,28.559902,64
5c3fa194d8de1b7a,128,0.35753,0,0,15634,2,33,58,45.40625,26.991211,0,0.358878,30.425156,64
359747b9869a9d79,128,0.345472,0,0,14084,2,30,58,43.875,29.03125,0,0.346024,28.379544,64
ea04cb3d6d405c85,128,0.363066,0,0,16287,2,35,62,46.109375,26.425537,0,0.362148,31.826368,64
96e93d9798035f19,128,0.352608,0,0,14888,2,27,57,44.78125,29.061523,0,0.350978,25.890474,64
664686b8df603ca8,128,0.350148,0,0,14608,2,29,58,44.46875,24.124023,0,0.349428,27.770142,64
fef2f5ae9e24ca8f,128,0.35999,0,0,16040,2,34,60,45.71875,31.389648,0,0.362905,31.478674,64
5aac7184cbc7dd17,128,0.349656,0,0,14576,2,30,58,44.40625,29.319336,0,0.349128,28.293714,64
2dcf64bc758406db,128,0.340797,0,0,13414,2,32,55,43.28125,24.327148,0,0.339013,29.530301,64
19297f359d024830,128,0.347072,0,0,14218,2,33,59,44.078125,27.243896,0,0.346132,29.653137,64
54020adde1b12a13,128,0.343996,0,0,13895,2,30,58,43.6875,26.339844,0,0.344509,27.97233,64
c99abc4400553402,128,0.348179,0,0,14290,2,33,57,44.21875,24.967773,0,0.346001,30.380524,64
ebc9e4fd7a4ebaaf,128,0.351132,0,0,15005,2,31,60,44.59375,36.788086,0,0.35499,28.77349,64
90e302e971668a04,128,0.345965,0,0,14210,2,32,57,43.9375,28.949219,0,0.347416,29.045227,64
ff512f1fa200e592,128,0.341166,0,0,13710,2,27,59,43.328125,33.923584,0,0.34354,25.481547,64
0436cf8df36286fc,128,0.354577,0,0,15212,2,33,60,45.03125,29.764648,0,0.354587,30.414078,64
cd7da3f4e306671c,128,0.344734,0,0,14045,2,31,55,43.78125,31.733398,0,0.346223,28.760028,64
4a32d3b139c956b0,128,0.352977,0,0,15057,2,32,60,44.828125,27.361084,0,0.355603,29.876385,64
f9bf82a5719415b7,128,0.345595,0,0,14077,2,33,57,43.890625,33.566162,0,0.345231,29.594404,64
6b283f33de0e3f8b,128,0.352977,0,0,15029,2,33,60,44.828125,29.564209,0,0.353996,30.370431,64
8f7e4c622f3b31e4,128,0.349286,0,0,14439,2,33,56,44.359375,24.636475,0,0.347432,30.357299,64
a4345ffdb766a6a7,128,0.34658,0,0,14154,2,32,58,44.015625,27.702881,0,0.345706,29.702487,64
a2371797ad2a081b,128,0.342028,0,0,13676,2,27,54,43.4375,28.042969,0,0.34242,25.718072,64
7476fe9040955213,128,0.352362,0,0,14975,2,32,56,44.75,27.359375,0,0.353672,29.521842,64
da87d1bd0dfd9e66,128,0.352116,0,0,14725,2,31,66,44.71875,29.139648,0,0.348192,28.789086,64
2d4bc27447ceeb6f,128,0.350517,0,0,14621,2,31,57,44.515625,25.374756,0,0.349849,29.199484,64
247391b1520459c5,128,0.3531,0,0,15027,2,32,58,44.84375,28.366211,0,0.353888,29.768856,64
1a4cc28c13835b53,128,0.347318,0,0,14054,2,34,56,44.109375,20.238037,0,0.342978,30.755663,64
0991a1f6653f04be,128,0.339444,0,0,13226,2,30,56,43.109375,27.050537,0,0.33649,28.173661,64
9c0cc7f129cbde06,128,0.347195,0,0,14327,2,31,56,44.09375,28.413086,0,0.348472,29.004234,64
ab047fa168f2c430,128,0.350517,0,0,14823,2,31,62,44.515625,30.937256,0,0.3534,29.292731,64
59d86b8fb67d0a19,128,0.346826,0,0,14318,2,32,58,44.046875,30.982178,0,0.348319,29.219753,64
b24394b0d6f4f81e,128,0.345842,0,0,14230,2,29,60,43.921875,34.556396,0,0.348437,27.208664,64
4bccba9a86876d69,128,0.346334,0,0,14272,2,25,57,43.984375,30.812256,0,0.348993,24.070136,64
fb786aeca2fee729,128,0.348302,0,0,14412,2,31,61,44.234375,29.148193,0,0.347931,28.683632,64
ccca7750ce7b5727,128,0.34092,0,0,13451,2,31,59,43.296875,28.474365,0,0.339814,28.636739,64
db7848ef3f3b23b0,128,0.354454,0,0,15321,2,34,64,45.015625,33.984131,0,0.357131,31.206227,64
a309c1acbb029bf8,128,0.359252,0,0,16040,2,26,62,45.625,36.625,0,0.363185,25.159183,64
1e616c81c5d5f05d,128,0.350394,0,0,14644,2,31,59,44.5,28.390625,0,0.349769,29.09625,64
c11667600ab389cf,128,0.34498,0,0,14064,2,31,56,43.8125,27.339844,0,0.346515,28.928816,64
ebe9830fdfa81724,128,0.345842,0,0,14100,2,32,55,43.921875,24.775146,0,0.345907,29.527877,64
13f0f5d14632b7d8,128,0.343627,0,0,13717,2,29,53,43.640625,22.667725,0,0.341632,27.529122,64
b8f5333dd483b22d,128,0.349532,0,0,14511,2,31,60,44.390625,24.878662,0,0.348893,29.370803,64
b785127a5b38e3dd,128,0.347564,0,0,14174,2,30,57,44.140625,25.761475,0,0.344666,28.221471,64
ea4c550581012519,128,0.349532,0,0,14652,2,29,59,44.390625,31.659912,0,0.351368,27.374342,64
740b13d93526eb4c,128,0.349779,0,0,14747,2,31,57,44.421875,30.947021,0,0.352824,28.832291,64
50650fde0fbebc8e,128,0.349532,0,0,14645,2,30,60,44.390625,28.597412,0,0.350781,28.369568,64
8cb61d9df25a7283,128,0.345103,0,0,14090,2,33,58,43.828125,28.220459,0,0.346926,29.081394,64
c7d7ed4ed30e1d1f,128,0.346211,0,0,14411,2,29,59,43.96875,38.374023,0,0.350622,26.805548,64
31e7906b27b5e124,128,0.360728,0,0,15876,2,31,61,45.8125,28.386719,0,0.357492,29.349094,64
658343b349b6169b,128,0.354085,0,0,15183,2,33,57,44.96875,29.452148,0,0.354938,30.499241,64
21532327fb0c63fa,128,0.346826,0,0,14180,2,27,56,44.046875,28.138428,0,0.345389,25.742395,64
597e128134486100,128,0.340059,0,0,13306,2,30,57,43.1875,24.964844,0,0.337911,28.507172,64
7f2f9d0266e3b8bc,128,0.357653,0,0,15573,2,33,61,45.421875,25.947021,0,0.357301,30.411249,64
3fae13864aeee5c2,128,0.351378,0,0,14981,2,26,60,44.625,34.96875,0,0.354816,24.961226,64
ba720dd10e7d1cd0,128,0.347072,0,0,14438,2,28,56,44.078125,32.275146,0,0.350508,26.39043,64
aff4f22d537e2c1f,128,0.347072,0,0,14246,2,33,56,44.078125,27.165771,0,0.346462,30.294075,64
8566a3217095fb5d,128,0.36282,0,0,16297,2,35,59,46.078125,27.181396,0,0.363371,32.143986,64
9253ac00d702c0d2,128,0.353469,0,0,15115,2,31,64,44.890625,36.175537,0,0.353577,29.280409,64
ac871d1cde617abc,128,0.347441,0,0,14275,2,30,57,44.125,27.046875,0,0.34695,28.254468,64
673e6045c31ac57f,128,0.352608,0,0,15086,2,30,58,44.78125,34.420898,0,0.354473,28.234689,64
9e96435dd40cf504,128,0.347564,0,0,14292,2,30,57,44.140625,26.105225,0,0.347127,27.970393,64
9a8a20e42a70846d,128,0.349286,0,0,14550,2,30,60,44.359375,28.49585,0,0.349601,28.375265,64
41fcdfe2c151629d,128,0.346088,0,0,14026,2,31,56,43.953125,25.482178,0,0.343617,29.035344,64
ddb4674cf447f44d,128,0.343996,0,0,13942,2,30,59,43.6875,29.886719,0,0.345111,28.047088,64
25445207d20cb7ed,128,0.352362,0,0,14943,2,33,57,44.75,28.53125,0,0.353215,30.203673,64
85408bb73d014827,128,0.350148,0,0,14475,2,34,59,44.46875,25.264648,0,0.34656,30.602845,64
d10c58f8667afcb9,128,0.343627,0,0,13918,2,26,62,43.640625,35.43335,0,0.344708,24.985602,64
3d9afe7b5defbf83,128,0.348056,0,0,14531,2,31,61,44.203125,31.05249,0,0.351917,28.424033,64
a155e38ab13cce74,128,0.350394,0,0,14760,2,33,60,44.5,29.78125,0,0.352067,30.517775,64
45340007714fb296,128,0.347072,0,0,14229,2,30,56,44.078125,23.087646,0,0.34669,28.210065,64
bd0124df51ffc644,128,0.351747,0,0,14809,2,31,58,44.671875,27.532959,0,0.351035,29.442341,64
6e0c83d741e98463,128,0.346703,0,0,14378,2,30,61,44.03125,34.342773,0,0.34916,28.225339,64
90dc6013bfb0632a,128,0.352116,0,0,14801,2,28,59,44.71875,26.936523,0,0.35032,26.794629,64
f7a92113f80fccd9,128,0.350886,0,0,14862,2,32,58,44.5625,28.152344,0,0.354806,29.401691,64
0fe38c29237765af,128,0.344734,0,0,13678,2,33,55,43.78125,22.749023,0,0.338259,30.288495,64
b8f3fb11fd1a8f4c,128,0.402682,0,0,22141,2,38,64,51.140625,25.730225,0,0.400203,35.709977,64
0adc22dd30b556d7,128,0.395423,0,0,21065,2,35,66,50.21875,28.139648,0,0.394762,33.493672,64
5cb629f69d8ff577,128,0.407111,0,0,22877,2,41,67,51.703125,27.099365,0,0.405309,37.795132,64
de462907ad8f2e28,128,0.403174,0,0,22410,2,37,67,51.203125,29.39624,0,0.404149,35.453714,64
d182f695f6f74883,128,0.400837,0,0,22220,2,34,68,50.90625,39.381836,0,0.403625,32.643664,64
afd2df9926d10d7c,128,0.399729,0,0,21948,2,36,69,50.765625,39.554443,0,0.401015,34.252342,64
ac7ec49c1b350b67,128,0.404281,0,0,22601,2,32,67,51.34375,31.053711,0,0.405546,30.979066,64
ea9660e4086f17e4,128,0.397023,0,0,21331,2,37,63,50.421875,25.306396,0,0.397393,34.992412,64
40e981bc7fa29dfc,128,0.396407,0,0,21428,2,35,62,50.34375,33.397461,0,0.399274,33.082001,64
40c7f974d39b13c3,128,0.403297,0,0,22227,2,39,65,51.21875,23.249023,0,0.401499,36.645539,64
3ae4124b259736c2,128,0.399114,0,0,21635,2,38,66,50.6875,28.980469,0,0.398115,35.652899,64
dc66a1f51eaeb5a3,128,0.394316,0,0,20800,2,34,62,50.078125,26.540771,0,0.392861,32.725179,64
1f40115d111df4fd,128,0.393209,0,0,20635,2,36,62,49.9375,29.933594,0,0.391113,33.471759,64
e8918caec92225f7,128,0.398868,0,0,21595,2,39,62,50.65625,28.163086,0,0.39761,36.114203,64
61e9a4e0fc13e1e6,128,0.396407,0,0,21369,2,33,61,50.34375,35.163086,0,0.397683,31.632763,64
339412f64f816977,128,0.393455,0,0,20757,2,36,60,49.96875,29.295898,0,0.393131,34.086569,64
f75cb8ce80b960f6,128,0.401944,0,0,22024,2,39,63,51.046875,27.810303,0,0.399882,36.28951,64
e38e4ff9ea5d81f5,128,0.399852,0,0,21778,2,34,65,50.78125,30.545898,0,0.398983,32.687488,64
4c81289a6ed8c63c,128,0.406988,0,0,23125,2,37,66,51.6875,32.339844,0,0.408861,35.20295,64
9ac8bf272f60f64b,128,0.405266,0,0,22609,2,38,64,51.46875,29.092773,0,0.403367,35.910173,64
ff5da1ebd860498c,128,0.381275,0,0,18797,2,38,62,48.421875,26.368896,0,0.379257,35.078,64
f7af88c7378f5eff,128,0.400837,0,0,21803,2,37,64,50.90625,24.897461,0,0.398268,35.138545,64
f672b72fd68a7bc2,128,0.397638,0,0,21432,2,38,64,50.5,28.5,0,0.397154,35.529468,64
760171b3f376b36d,128,0.404897,0,0,22693,2,38,70,51.421875,31.462646,0,0.405324,35.919395,64
275c751e6ef45cf4,128,0.401698,0,0,21851,2,38,66,51.015625,22.187256,0,0.398235,35.881132,64
2fe8fd73c9f035b2,128,0.400221,0,0,21687,2,37,63,50.828125,22.204834,0,0.397871,35.265462,64
0af433ea7326afc1,128,0.394685,0,0,20928,2,37,64,50.125,28.828125,0,0.394064,34.880168,64
585ff853fc865258,128,0.391732,0,0,20546,2,34,63,49.75,32.390625,0,0.392177,32.468975,64
d91837b37dcd6c2c,128,0.397761,0,0,21324,2,37,65,50.515625,23.296631,0,0.395712,34.889397,64
d3d316ed23bbbbc4,128,0.400591,0,0,21942,2,32,63,50.875,30.484375,0,0.40046,30.949541,64
b5187ffea2c6b074,128,0.401452,0,0,22024,2,42,67,50.984375,25.171631,0,0.401377,37.256678,64
6466971566f77429,128,0.391732,0,0,20552,2,35,64,49.75,32.78125,0,0.391978,33.100111,64
d2372df903b103bd,128,0.406373,0,0,22839,2,39,69,51.609375,31.034912,0,0.405492,36.387482,64
b51d2a6c74a8d8ee,128,0.394439,0,0,20917,2,35,68,50.09375,29.022461,0,0.394149,33.343286,64
3d316a9bda8d97ef,128,0.396038,0,0,21018,2,39,64,50.296875,26.77124,0,0.393401,35.723847,64
758cf3f6a176dbf4,128,0.406742,0,0,23034,2,37,65,51.65625,35.928711,0,0.407448,35.193952,64
18c204a38c004792,128,0.401575,0,0,22073,2,38,61,51.0,25.03125,0,0.401868,35.409079,64
10289ee35972e502,128,0.390133,0,0,20395,2,34,67,49.546875,32.450928,0,0.392244,31.939639,64
4ed821cc7ea6b807,128,0.403543,0,0,22386,2,33,62,51.25,28.625,0,0.403358,31.830024,64
ea85b3b4a2f69e71,128,0.399975,0,0,21955,2,35,69,50.796875,36.193115,0,0.401555,33.356519,64
8ea7c855e16cd231,128,0.3953,0,0,20911,2,39,65,50.203125,25.67749,0,0.393035,36.490297,64
9b430d865d7f2211,128,0.39936,0,0,21646,2,37,67,50.71875,28.077148,0,0.398344,34.706972,64
ed4d1937ab195569,128,0.392224,0,0,20556,2,36,65,49.8125,29.855469,0,0.391608,34.007007,64
6e1b40819d493300,128,0.402805,0,0,22331,2,36,66,51.15625,29.834961,0,0.40337,34.30909,64
63f4b2714b6de69c,128,0.407972,0,0,23121,2,36,62,51.8125,30.699219,0,0.407483,34.35028,64
767402521812e586,128,0.407234,0,0,23113,2,37,68,51.71875,33.436523,0,0.408141,35.306679,64
1b34f20802d9f529,128,0.404651,0,0,22699,2,39,70,51.390625,32.503662,0,0.40621,36.314679,64
ffbb9043ced43a34,128,0.398868,0,0,21843,2,38,67,50.65625,33.209961,0,0.401895,35.655988,64
20a654343a4cdf0d,128,0.406865,0,0,22932,2,38,66,51.671875,31.861084,0,0.406185,36.045429,64
570b6aba7ab74a63,128,0.405512,0,0,22845,2,36,66,51.5,33.890625,0,0.407153,34.30818,64
3a593e477d5f5d18,128,0.403789,0,0,22440,2,37,63,51.28125,27.811523,0,0.403513,34.864107,64
ab0011415eb8d0b0,128,0.406988,0,0,23169,2,38,67,51.6875,35.246094,0,0.409028,35.848,64
6e3e8984ff04c6e1,128,0.399237,0,0,21791,2,34,62,50.703125,31.73999,0,0.399967,32.322543,64
bd2803731c23737b,128,0.398007,0,0,21630,2,33,65,50.546875,34.263428,0,0.399334,31.599545,64
cd3d5c978b230f04,128,0.41031,0,0,23446,2,40,64,52.109375,27.534912,0,0.408898,37.600643,64
49c32e3aaf5baabb,128,0.404774,0,0,22739,2,34,65,51.40625,31.756836,0,0.40674,32.753052,64
e5dbb390ffd4c04d,128,0.394439,0,0,20897,2,33,65,50.09375,30.319336,0,0.393808,31.765895,64
958079d9e3c15cb2,128,0.398499,0,0,21565,2,34,63,50.609375,24.425537,0,0.398453,32.591629,64
3664496d0bf22739,128,0.397023,0,0,21139,2,39,61,50.421875,20.540771,0,0.394813,36.646219,64
a05c1b652e77176f,128,0.40096,0,0,21952,2,36,65,50.921875,30.572021,0,0.400048,34.383788,64
a512535732bf5d52,128,0.401329,0,0,22205,2,35,71,50.96875,34.702148,0,0.403762,33.648665,64
f6c383bf3930fe13,128,0.40748,0,0,23150,2,38,65,51.75,33.09375,0,0.407641,35.820759,64
979acf195b1468b5,128,0.402436,0,0,22146,2,36,64,51.109375,27.472412,0,0.400706,34.391661,64
7ac30c4719674224,128,0.397023,0,0,21241,2,41,67,50.421875,25.306396,0,0.395262,37.019458,64
0ecdea04b62282aa,128,0.408342,0,0,23080,2,39,65,51.859375,24.761475,0,0.406385,36.231199,64
f356ce4d5b3d64d1,128,0.399483,0,0,21841,2,37,63,50.734375,32.585693,0,0.400945,34.926309,64
73ec872e01c2291f,128,0.401206,0,0,21943,2,40,64,50.953125,27.904053,0,0.39951,36.421856,64
a00efd1b018465fa,128,0.398868,0,0,21564,2,39,66,50.65625,30.975586,0,0.397551,35.987831,64
1282f32c4202092d,128,0.407111,0,0,23022,2,39,64,51.703125,25.17749,0,0.407499,36.369741,64
6d3c32471a888870,128,0.409818,0,0,23435,2,35,64,52.046875,29.169678,0,0.409392,33.492124,64
d52201368209ed77,128,0.398499,0,0,21296,2,39,63,50.609375,24.284912,0,0.393848,36.587078,64
e364788157c8dc39,128,0.394316,0,0,20914,2,32,62,50.078125,28.915771,0,0.394082,30.719733,64
0b62892837ad87f1,128,0.394562,0,0,20809,2,39,63,50.109375,25.784912,0,0.392129,36.156456,64
3fc91b19269cab62,128,0.396407,0,0,21391,2,35,70,50.34375,33.194336,0,0.398514,33.556596,64
5322fe3d8284c264,128,0.397146,0,0,21372,2,38,64,50.4375,30.277344,0,0.396866,34.739316,64
683a58ee6acc55c5,128,0.40342,0,0,22362,2,40,64,51.234375,31.351318,0,0.402421,36.759775,64
bb1c7751af4f0b0d,128,0.397146,0,0,21276,2,36,62,50.4375,23.496094,0,0.396024,34.167453,64
aeb0307b79f6c119,128,0.387057,0,0,20001,2,33,62,49.15625,32.725586,0,0.391158,31.528901,64
d440260d769ff97d,128,0.409695,0,0,23440,2,36,62,52.03125,26.077148,0,0.410062,34.495376,64
11a7c6fffb7227fd,128,0.400714,0,0,21800,2,40,65,50.890625,29.034912,0,0.397315,36.830632,64
3be8af23ad01e144,128,0.391363,0,0,20606,2,37,63,49.703125,29.20874,0,0.394206,34.616314,64
1c53c75c97c46606,128,0.401206,0,0,22060,2,35,64,50.953125,33.497803,0,0.401453,33.218278,64
55911c459f014501,128,0.396284,0,0,21071,2,38,63,50.328125,25.736084,0,0.394088,35.297621,64
496959a25f8f2aaf,128,0.397515,0,0,21564,2,39,67,50.484375,35.468506,0,0.399815,35.800455,64
951b395e89bc03d8,128,0.401821,0,0,22233,2,38,65,51.03125,32.108398,0,0.403078,34.671179,64
ea3c17f3ccf88f04,128,0.410433,0,0,23485,2,40,68,52.125,27.890625,0,0.409167,37.126005,64
2566e22255c6a8eb,128,0.405635,0,0,22811,2,38,66,51.515625,31.374756,0,0.406217,35.679714,64
e5b635348f00ed0a,128,0.402682,0,0,22185,2,37,68,51.140625,28.511475,0,0.401194,34.812112,64
9b02fb31f8df89c1,128,0.403789,0,0,22656,2,38,71,51.28125,35.827148,0,0.40651,35.138751,64
b11f45a6ecd003a6,128,0.409203,0,0,23377,2,37,65,51.96875,27.608398,0,0.40921,35.27208,64
6f7e20bbaef304a5,128,0.403051,0,0,22526,2,31,64,51.1875,30.949219,0,0.406163,30.000056,64
df2c88bf9a723847,128,0.396284,0,0,21036,2,38,65,50.328125,24.173584,0,0.393402,35.398011,64
f5c7725018cbd50a,128,0.391855,0,0,20616,2,36,64,49.765625,29.663818,0,0.393431,33.839952,64
2659c25d5083876f,128,0.398499,0,0,21747,2,38,68,50.609375,34.566162,0,0.400944,35.346983,64
db120eab1de6cda3,128,0.403543,0,0,22371,2,39,67,51.25,26.953125,0,0.403109,36.858137,64
61418c6acfc2e1d6,128,0.406988,0,0,23023,2,32,67,51.6875,29.558594,0,0.407505,31.036883,64
3c8ac21953034c90,128,0.394808,0,0,20844,2,38,62,50.140625,25.698975,0,0.392527,35.506318,64
d4cb4ffbaf190b29,128,0.401083,0,0,21888,2,38,66,50.9375,28.464844,0,0.398891,35.878458,64
047c65b47eeeb567,128,0.406988,0,0,22925,2,40,65,51.6875,28.949219,0,0.405611,37.414839,64
ad35a1698830261e,128,0.404158,0,0,22585,2,37,70,51.328125,33.814209,0,0.404711,35.064128,64
fdb3a9b89abf5a00,128,0.444267,0,0,29973,2,35,68,56.421875,32.212646,0,0.444788,33.940708,64
c938a71afd93b759,128,0.440576,0,0,29383,2,43,75,55.953125,32.825928,0,0.443359,39.908909,64
2e126f5be9912892,128,0.448696,0,0,31024,2,40,73,56.984375,36.421631,0,0.45058,38.470585,64
cf41bb3944323e4d,128,0.448696,0,0,30645,2,41,70,56.984375,24.968506,0,0.446877,39.013825,64
79c3f04dbfdb6adb,128,0.444513,0,0,29913,2,43,69,56.453125,26.122803,0,0.444275,40.873493,64
530d707e5e7e6cd4,128,0.448819,0,0,31093,2,44,72,57.0,34.734375,0,0.452312,41.292862,64
ece8b803f952bef7,128,0.451895,0,0,31625,2,36,69,57.390625,35.425537,0,0.453591,34.989663,64
2f70e1c7a030482a,128,0.442913,0,0,29815,2,42,72,56.25,32.390625,0,0.44489,39.943182,64
a7e26f45df26776d,128,0.44279,0,0,29627,2,39,77,56.234375,32.695068,0,0.442669,37.460927,64
80ba321447edaa71,128,0.444636,0,0,30101,2,42,71,56.46875,34.124023,0,0.446038,39.397494,64
852cab9df65746f7,128,0.447219,0,0,30504,2,45,69,56.796875,30.92749,0,0.446854,41.85262,64
f78cf7279ee58cd7,128,0.454109,0,0,32013,2,41,70,57.671875,30.907959,0,0.455294,39.571804,64
00fccd3a096923b6,128,0.450418,0,0,31134,2,41,73,57.203125,28.974365,0,0.450169,39.441927,64
343f23e13ec112d2,128,0.456939,0,0,32691,2,46,76,58.03125,36.858398,0,0.45805,41.78663,64
af81ca7db3996963,128,0.45374,0,0,31788,2,45,71,57.625,29.03125,0,0.452263,42.467299,64
ea69f04f4ac30779,128,0.4578,0,0,32760,2,43,72,58.140625,33.230225,0,0.457606,40.723058,64
73d483ef701468b5,128,0.443775,0,0,29605,2,47,68,56.359375,21.948975,0,0.441493,43.678669,64
891584e99bdc1bfb,128,0.453125,0,0,31898,2,42,74,57.546875,38.200928,0,0.454549,40.09386,64
03108644219541f9,128,0.451033,0,0,31205,2,44,75,57.28125,32.014648,0,0.449621,41.709533,64
508b1292d5232610,128,0.451156,0,0,31280,2,45,71,57.296875,27.64624,0,0.450924,42.297487,64
f52a42ea9c0e9169,128,0.443406,0,0,29735,2,41,71,56.3125,29.152344,0,0.443109,39.182808,64
c85764d627d5d59b,128,0.456201,0,0,32502,2,41,74,57.9375,34.917969,0,0.457569,39.323968,64
9718a68c1947df5f,128,0.44562,0,0,30214,2,44,69,56.59375,27.928711,0,0.446331,41.722371,64
7d6e55561ea1bb20,128,0.455094,0,0,32283,2,44,73,57.796875,35.92749,0,0.456361,41.687481,64
fbc9558b2af8bc31,128,0.449926,0,0,31008,2,45,72,57.140625,29.5271,0,0.44921,42.192486,64
2469c24616d2e9ed,128,0.450541,0,0,31269,2,37,72,57.21875,32.999023,0,0.451316,36.023891,64
e327b2b139b4339e,128,0.460507,0,0,33385,2,42,77,58.484375,33.171631,0,0.46107,40.28593,64
7a78344d95cecce9,128,0.437992,0,0,28485,2,42,70,55.625,23.375,0,0.4359,40.103355,64
85e23774a91fad64,128,0.460138,0,0,33436,2,45,71,58.4375,31.058594,0,0.462856,41.936993,64
0952fb4917b5cce0,128,0.44685,0,0,30627,2,44,72,56.75,32.765625,0,0.449511,41.449874,64
1233f3dc9f53db16,128,0.453863,0,0,31815,2,44,71,57.640625,31.917725,0,0.45233,41.589106,64
8547c1c5ae0c1695,128,0.449188,0,0,30735,2,40,68,57.046875,26.029053,0,0.447008,38.465412,64
117292a1adffd458,128,0.439345,0,0,28773,2,44,67,55.796875,22.30249,0,0.43794,40.849695,64
5255693aac01aef3,128,0.445989,0,0,30025,2,46,67,56.640625,24.636475,0,0.443267,42.897233,64
570ce2f63fe1f149,128,0.456693,0,0,32616,2,43,75,58.0,36.375,0,0.457483,41.268742,64
c7292a98547baffd,128,0.450295,0,0,31155,2,43,72,57.1875,31.449219,0,0.450433,40.50694,64
21fe202fc558cb43,128,0.447466,0,0,30606,2,40,71,56.828125,32.845459,0,0.448037,38.4805,64
66d76a6e3d9f1a7b,128,0.457923,0,0,32714,2,43,78,58.15625,29.756836,0,0.457618,41.197589,64
cf5e93bc42d701d5,128,0.454109,0,0,31978,2,44,74,57.671875,32.204834,0,0.454509,41.527129,64
8151f14cb350b635,128,0.452018,0,0,31696,2,45,74,57.40625,35.725586,0,0.454572,41.798742,64
403dd77014ae9219,128,0.439469,0,0,28976,2,43,71,55.8125,28.667969,0,0.439892,39.732361,64
a56a88f34daf609e,128,0.443406,0,0,29549,2,41,68,56.3125,22.292969,0,0.441792,39.38557,64
71046864c8aa9c4e,128,0.447096,0,0,30418,2,44,72,56.78125,30.061523,0,0.445673,41.721329,64
70a666cdceaf1e04,128,0.452879,0,0,31773,2,42,74,57.515625,30.859131,0,0.453763,40.209486,64
dcb16b429c5c2c83,128,0.445743,0,0,30143,2,42,67,56.609375,28.644287,0,0.445194,39.679324,64
c16bc5dc7f8c8455,128,0.451649,0,0,31659,2,41,77,57.359375,35.18335,0,0.453788,39.389378,64
bec06f8f3c428d9e,128,0.446973,0,0,30417,2,40,73,56.765625,28.226318,0,0.446849,38.528635,64
7962c39a6c353bf9,128,0.450664,0,0,31297,2,45,76,57.234375,29.429443,0,0.451326,42.476717,64
b73a2ffe6f4aa411,128,0.446112,0,0,30284,2,42,68,56.65625,29.069336,0,0.445909,40.066761,64
f686cc83a57a3bdc,128,0.456939,0,0,32528,2,42,72,58.03125,33.311523,0,0.456654,40.13441,64
2bb3117002814958,128,0.443775,0,0,29730,2,42,71,56.359375,32.2146,0,0.442348,39.506549,64
2e3ce9c3063089e4,128,0.449557,0,0,31120,2,43,73,57.09375,32.522461,0,0.45142,40.564845,64
c9543da1f3517e43,128,0.448696,0,0,30765,2,41,69,56.984375,26.062256,0,0.448675,39.295921,64
5d7fc783f0efb89b,128,0.450664,0,0,31256,2,44,69,57.234375,31.445068,0,0.450885,41.500032,64
bb8b1b000a24e943,128,0.446481,0,0,30294,2,42,70,56.703125,27.818115,0,0.44564,40.045641,64
b5a37f98d9afe236,128,0.454355,0,0,32183,2,44,73,57.703125,38.255615,0,0.4562,41.500368,64
6b315bfcee687953,128,0.455832,0,0,32381,2,44,75,57.890625,31.206787,0,0.456765,42.126675,64
f04ab6ebe34fe337,128,0.456324,0,0,32331,2,47,74,57.953125,28.341553,0,0.455779,43.165193,64
ef2a17a5df8d2040,128,0.450664,0,0,31280,2,45,70,57.234375,29.929443,0,0.451002,42.405357,64
ffacb781fcee48fc,128,0.457431,0,0,32663,2,46,71,58.09375,32.178711,0,0.457182,42.752972,64
f69bd592cc54e18b,128,0.454601,0,0,32153,2,41,71,57.734375,31.491943,0,0.456151,39.436943,64
273b21fe901ec0d1,128,0.454847,0,0,31944,2,45,71,57.765625,27.023193,0,0.453254,42.250188,64
0debce4223c051ab,128,0.451895,0,0,31453,2,45,70,57.390625,30.675537,0,0.45125,41.75912,64
0e4d7a0df036c1a3,128,0.448327,0,0,30779,2,43,76,56.9375,31.105469,0,0.448609,40.537941,64
2895ae1887f3b1a0,128,0.451895,0,0,31533,2,42,68,57.390625,31.144287,0,0.452243,39.877686,64
ea70da409e2d22cd,128,0.444636,0,0,30080,2,43,72,56.46875,37.483398,0,0.445317,40.935099,64
45836bb9e3e14610,128,0.448081,0,0,30683,2,44,70,56.90625,30.850586,0,0.447779,41.0558,64
7db59d909ce431b6,128,0.439469,0,0,28871,2,35,68,55.8125,30.261719,0,0.43802,34.101827,64
9a46b2a534178a3b,128,0.454355,0,0,31844,2,48,71,57.703125,25.036865,0,0.452617,43.985069,64
ff8d49d753ef3d12,128,0.450787,0,0,31181,2,46,70,57.25,27.375,0,0.450554,42.329653,64
1309f4f32b80a9c7,128,0.44685,0,0,30411,2,45,72,56.75,27.546875,0,0.446824,42.249158,64
0f9718c68c80a981,128,0.446604,0,0,30386,2,44,70,56.71875,29.327148,0,0.446624,40.720167,64
ec7e798667c20a77,128,0.448081,0,0,30468,2,44,70,56.90625,27.256836,0,0.445462,41.777246,64
6ec419c3b5865dcc,128,0.439469,0,0,29030,2,37,74,55.8125,31.980469,0,0.440493,35.76745,64
a034305df50f9dbd,128,0.442421,0,0,29618,2,45,73,56.1875,33.230469,0,0.443342,41.571169,64
846c325e58895c89,128,0.452387,0,0,31463,2,44,73,57.453125,28.810303,0,0.450753,41.667671,64
3d826faaa498d9cb,128,0.450541,0,0,31000,2,44,75,57.21875,26.249023,0,0.447674,41.862426,64
4378209f4eba027f,128,0.457308,0,0,32606,2,45,74,58.078125,26.572021,0,0.457629,42.144876,64
6e6496d1e6e21589,128,0.453248,0,0,31880,2,44,72,57.5625,32.777344,0,0.454661,41.271518,64
f1da845338c9fce5,128,0.448573,0,0,31092,2,43,76,56.96875,37.061523,0,0.452444,40.704796,64
5c9f77d9bcd0605e,128,0.453494,0,0,31769,2,41,75,57.59375,28.881836,0,0.452975,39.652571,64
251d4b091ef286df,128,0.452018,0,0,31363,2,43,68,57.40625,25.975586,0,0.450422,40.931893,64
6561b68cca5d972d,128,0.456324,0,0,32210,2,44,72,57.953125,26.669678,0,0.453752,41.861146,64
e2055db816933a41,128,0.443529,0,0,29803,2,44,74,56.328125,30.579834,0,0.443847,41.095039,64
8e4b17e2dc31ac74,128,0.459277,0,0,32982,2,45,76,58.328125,33.298584,0,0.457894,42.128654,64
d342c9c782fd8a7d,128,0.440576,0,0,29399,2,39,72,55.953125,39.091553,0,0.442958,37.177896,64
5ceb1a3fdc382478,128,0.45091,0,0,31093,2,41,68,57.265625,26.601318,0,0.448752,39.385098,64
a9ecd96d31abdc4a,128,0.459031,0,0,32954,2,45,70,58.296875,29.86499,0,0.458201,42.084337,64
d5f4dffd52f1d06d,128,0.443036,0,0,29626,2,42,70,56.265625,32.085693,0,0.442839,39.826297,64
f881cd5f1a0fe70f,128,0.452633,0,0,31808,2,41,70,57.484375,34.874756,0,0.454846,39.395151,64
95b0ad507e32c871,128,0.44845,0,0,30858,2,42,71,56.953125,31.794678,0,0.449434,39.842084,64
6863795ea0a9c9bc,128,0.444267,0,0,29752,2,43,70,56.421875,27.306396,0,0.442227,40.775577,64
71752f839d2b3c71,128,0.464321,0,0,33935,2,43,70,58.96875,24.827148,0,0.462448,41.049245,64
168cd1c7dc03762f,128,0.455217,0,0,32031,2,40,70,57.8125,31.105469,0,0.452633,38.533662,64
31611a0ddf16ea45,128,0.452264,0,0,31624,2,43,73,57.4375,32.933594,0,0.453194,40.864222,64
6b28f8fbf51a32ee,128,0.437992,0,0,28592,2,43,72,55.625,29.59375,0,0.436528,40.340779,64
6d855d8de7162ced,128,0.443529,0,0,29680,2,44,68,56.328125,28.829834,0,0.442774,40.920238,64
24ccda4e0c6ca2cd,128,0.451156,0,0,31468,2,44,73,57.296875,35.30249,0,0.45192,41.143268,64
a9f00d52af70fef9,128,0.453125,0,0,31604,2,46,71,57.546875,25.966553,0,0.451799,43.115243,64
7ea5df740d70c9a1,128,0.449311,0,0,30916,2,43,75,57.0625,30.871094,0,0.448632,40.414812,64
21f5345c238f05ea,128,0.500246,0,0,42624,2,51,74,63.53125,27.264648,0,0.499468,47.878568,64
ee4f2be34c489be8,128,0.489542,0,0,40011,2,49,76,62.171875,29.532959,0,0.489751,46.200716,64
afa197f8f6f7e8d9,128,0.492618,0,0,40713,2,44,77,62.5625,31.855469,0,0.491724,42.677489,64
09b9cb9c40fea4f0,128,0.504675,0,0,43887,2,49,80,64.09375,33.100586,0,0.504505,47.031941,64
b8154485813db6b9,128,0.500861,0,0,42966,2,48,81,63.609375,32.503662,0,0.50169,46.221596,64
93d0401ad97e269d,128,0.494956,0,0,41444,2,49,80,62.859375,31.49585,0,0.495864,46.839116,64
4ea6d8dcf7c335f3,128,0.497047,0,0,42186,2,50,82,63.125,38.71875,0,0.499977,47.250564,64
0173da75b2b25725,128,0.50529,0,0,43848,2,46,76,64.171875,27.548584,0,0.503507,44.641532,64
a8283354007f8a9b,128,0.495079,0,0,41335,2,47,75,62.875,24.90625,0,0.495097,45.398929,64
17b58a3b83dd7b40,128,0.502953,0,0,43234,2,49,78,63.875,25.328125,0,0.501552,46.681639,64
4362b7445cf5373c,128,0.50406,0,0,43664,2,48,77,64.015625,29.859131,0,0.503862,46.179309,64
c767fc98d51a304e,128,0.494587,0,0,41326,2,49,77,62.8125,32.058594,0,0.495183,46.718354,64
40fadb9331d029be,128,0.491388,0,0,40485,2,46,74,62.40625,29.881836,0,0.491461,44.262944,64
60c00647ce0fa30f,128,0.499631,0,0,42689,2,44,74,63.453125,34.435303,0,0.500716,42.800525,64
196ef65fa848a1f0,128,0.50406,0,0,43869,2,48,78,64.015625,37.781006,0,0.50528,45.829477,64
30e98ac697d57a0f,128,0.492249,0,0,40674,2,50,78,62.515625,30.577881,0,0.491983,47.351547,64
4ef7581bb57fd5ef,128,0.49594,0,0,41457,2,50,77,62.984375,26.171631,0,0.494774,47.429374,64
144ef535458751c0,128,0.497416,0,0,41952,2,49,75,63.171875,29.532959,0,0.497025,46.638245,64
dcf66cf568ad4b30,128,0.502215,0,0,43377,2,50,79,63.78125,35.827148,0,0.503541,47.631171,64
5c2bf22c4fcf86ec,128,0.500492,0,0,42888,2,49,80,63.5625,32.636719,0,0.501393,46.993526,64
1bf15aa5de495e54,128,0.505659,0,0,44387,2,46,78,64.21875,36.061523,0,0.50803,44.494319,64
bc11c8b7d4884747,128,0.502584,0,0,43272,2,49,82,63.828125,34.986084,0,0.501572,46.460341,64
5b2a794218aacb72,128,0.501599,0,0,43313,2,45,78,63.703125,36.130615,0,0.50365,43.436645,64
533aba7bc92822f7,128,0.496309,0,0,41954,2,49,78,63.03125,34.936523,0,0.49883,46.463528,64
a4e1b1278f55818e,128,0.510089,0,0,45209,2,51,79,64.78125,29.358398,0,0.509442,48.520539,64
f91448b6feee178b,128,0.506521,0,0,44191,2,52,75,64.328125,25.470459,0,0.505301,49.360994,64
f84b9b8a881487c5,128,0.491511,0,0,40469,2,47,74,62.421875,28.431396,0,0.491355,45.205305,64
bd58f47c1126514c,128,0.5,0,0,42382,2,50,79,63.5,24.4375,0,0.497702,47.917309,64
263ed4fe590d08f1,128,0.504183,0,0,43763,2,49,78,64.03125,31.014648,0,0.504546,46.805335,64
2d8738bbc2d2956b,128,0.490773,0,0,40304,2,47,81,62.328125,30.157959,0,0.490529,45.05604,64
78702dc45ff158f5,128,0.49594,0,0,41489,2,48,76,62.984375,29.093506,0,0.494256,45.799301,64
585fc67515b4fba3,128,0.501722,0,0,42791,2,53,76,63.71875,23.374023,0,0.498814,49.613806,64
99c8c36bda0cfc70,128,0.499262,0,0,42537,2,49,76,63.40625,32.428711,0,0.500022,46.925457,64
64051caa09d73206,128,0.501969,0,0,43057,2,45,76,63.75,33.171875,0,0.500517,43.717409,64
8054c2fef46b6490,128,0.503076,0,0,43481,2,50,78,63.890625,32.238037,0,0.50335,47.525886,64
f2cce93d2c3e6486,128,0.491019,0,0,40501,2,46,76,62.359375,35.18335,0,0.492057,44.050191,64
134dc6cb7176185c,128,0.501353,0,0,42925,2,52,80,63.671875,29.329834,0,0.500882,48.816238,64
04abcf33b874e201,128,0.506029,0,0,44356,2,49,80,64.265625,37.913818,0,0.506785,46.775862,64
8013855dbcd8c7f9,128,0.497539,0,0,41965,2,50,77,63.1875,28.917969,0,0.496954,47.475297,64
10c0c3090e820960,128,0.500861,0,0,42645,2,50,76,63.609375,24.472412,0,0.498982,47.751997,64
e4980d1570cb73c6,128,0.488435,0,0,39738,2,43,74,62.03125,29.717773,0,0.488104,41.837264,64
af94ef09c0dc2b8f,128,0.503937,0,0,43793,2,48,77,64.0,37.75,0,0.5046,46.116523,64
8257b8e30dd11394,128,0.494833,0,0,41110,2,50,77,62.84375,26.522461,0,0.492545,47.797424,64
8b97c000d02ac490,128,0.506521,0,0,44405,2,48,79,64.328125,33.986084,0,0.506996,46.347905,64
c53ae2efe2b56c7f,128,0.499139,0,0,42261,2,49,77,63.390625,27.206787,0,0.497762,46.724974,64
8189547edc65d66e,128,0.504552,0,0,43715,2,53,78,64.078125,27.259521,0,0.503472,49.718672,64
973e9071b8eb7c78,128,0.511688,0,0,45577,2,50,76,64.984375,26.281006,0,0.510407,48.07801,64
aa7d5cb89865ee1d,128,0.508612,0,0,45010,2,50,80,64.59375,32.584961,0,0.509798,47.954095,64
bd9e56895689419a,128,0.506275,0,0,44242,2,52,79,64.296875,32.443115,0,0.505967,48.939039,64
67345a1344753490,128,0.490527,0,0,40245,2,46,74,62.296875,28.64624,0,0.49066,44.273732,64
ec487764129d09ff,128,0.500123,0,0,42715,2,47,77,63.515625,28.202881,0,0.500752,45.442021,64
4dc4b28425d64403,128,0.507382,0,0,44298,2,52,78,64.4375,29.449219,0,0.50421,49.139929,64
c22c11262a39c115,128,0.496801,0,0,41684,2,48,76,63.09375,25.631836,0,0.495661,46.20864,64
c751d1c7e35b5004,128,0.500492,0,0,42956,2,51,78,63.5625,34.652344,0,0.50214,47.591059,64
442552f5118b9eea,128,0.500246,0,0,42793,2,51,75,63.53125,30.499023,0,0.501283,48.181557,64
e8555fb660bd4545,128,0.498401,0,0,42284,2,50,76,63.296875,32.55249,0,0.49851,47.334696,64
10548f25adc12fda,128,0.496678,0,0,41861,2,50,78,63.078125,34.759521,0,0.496628,47.395577,64
312b826f987b9ca0,128,0.493725,0,0,41158,2,48,77,62.703125,36.099365,0,0.494181,45.674296,64
ffb558d77cb43efd,128,0.501969,0,0,43272,2,44,79,63.75,33.4375,0,0.503033,42.838247,64
0b0c28abea9ee0a0,128,0.497908,0,0,41902,2,52,80,63.234375,29.523193,0,0.495282,48.163791,64
16043fe922158f42,128,0.502584,0,0,43479,2,49,84,63.828125,34.376709,0,0.504075,47.184207,64
35b61906c152f820,128,0.507136,0,0,44517,2,48,82,64.40625,30.756836,0,0.507493,46.128096,64
f7cfb0337038204e,128,0.498031,0,0,42454,2,43,79,63.25,38.765625,0,0.50062,41.853442,64
9d161e878d1eed1f,128,0.503937,0,0,43777,2,50,79,64.0,33.59375,0,0.5049,47.872417,64
ea4d18ac05922588,128,0.502338,0,0,43364,2,46,79,63.796875,35.05249,0,0.502823,44.616605,64
32cb91b605d8375f,128,0.499385,0,0,42631,2,50,78,63.421875,31.806396,0,0.500779,47.21619,64
2fbe99bd763b78ef,128,0.498031,0,0,42077,2,50,77,63.25,27.546875,0,0.497367,47.436739,64
4d6398e4da84ba7e,128,0.502215,0,0,43143,2,52,79,63.78125,31.045898,0,0.501168,48.55774,64
04541378c8a61ad2,128,0.505536,0,0,44085,2,50,79,64.203125,32.39624,0,0.505095,47.697033,64
31b06b1577121594,128,0.504429,0,0,43615,2,52,79,64.0625,25.574219,0,0.503126,48.998694,64
cdd82675727a855d,128,0.494956,0,0,41141,2,53,76,62.859375,22.417725,0,0.492923,48.820298,64
5f150661ca9c802c,128,0.500861,0,0,42756,2,52,79,63.609375,29.972412,0,0.499576,48.829778,64
c2b4659866f235af,128,0.485359,0,0,38984,2,48,74,61.640625,31.6521,0,0.484791,45.562578,64
9c6fd71659e8d3cd,128,0.49717,0,0,42034,2,44,76,63.140625,33.8396,0,0.498077,42.605389,64
35c12efc3cc05df1,128,0.492987,0,0,40996,2,48,76,62.609375,33.863037,0,0.494021,45.623177,64
8460d59d0cc66c84,128,0.503814,0,0,43549,2,47,80,63.984375,28.452881,0,0.503015,45.036097,64
0be44b228d672911,128,0.503937,0,0,43704,2,49,78,64.0,34.515625,0,0.503973,47.03572,64
097c7af9b2599205,128,0.496309,0,0,41664,2,46,77,63.03125,30.155273,0,0.496452,44.407686,64
d284539055faca83,128,0.492618,0,0,40852,2,47,79,62.5625,35.277344,0,0.492445,45.061789,64
7a36de40c5a2cb4c,128,0.501476,0,0,43013,2,52,77,63.6875,30.777344,0,0.501318,48.455975,64
022edc692c2e8d35,128,0.493725,0,0,41119,2,50,81,62.703125,32.58374,0,0.493984,47.257165,64
07c5a639341b8db6,128,0.492741,0,0,40697,2,49,74,62.578125,29.009521,0,0.491651,46.452165,64
7c80f3bac255fa50,128,0.507505,0,0,44504,2,54,79,64.453125,30.919678,0,0.506515,49.903368,64
599c20745c91a082,128,0.498278,0,0,42132,2,46,79,63.28125,31.405273,0,0.497445,44.574088,64
dedc781d0ccd12c4,128,0.50935,0,0,45331,2,48,77,64.6875,37.714844,0,0.510943,46.163308,64
1007fd20573e7771,128,0.499385,0,0,42202,2,50,76,63.421875,27.650146,0,0.496301,47.164619,64
63a968e5efa2e699,128,0.503568,0,0,43648,2,50,84,63.953125,31.372803,0,0.504404,47.665071,64
20b1797219244b24,128,0.499385,0,0,42732,2,48,79,63.421875,33.431396,0,0.502051,46.123694,64
f27785a32fe9062f,128,0.498893,0,0,42493,2,48,77,63.359375,32.9021,0,0.500558,45.889024,64
a95b57b2e1634e5b,128,0.501845,0,0,42924,2,50,79,63.734375,25.882568,0,0.499998,47.903553,64
0103596070699d56,128,0.500984,0,0,43200,2,47,77,63.625,35.9375,0,0.503839,45.253607,64
d3b14b686a6f4b38,128,0.504798,0,0,43812,2,53,81,64.109375,29.206787,0,0.504096,49.085329,64
3758a0ebecd978e1,128,0.496801,0,0,41544,2,43,74,63.09375,23.975586,0,0.494182,41.954534,64
98187c5f09c304f0,128,0.508366,0,0,44766,2,51,81,64.5625,31.074219,0,0.507716,48.865455,64
16d5cff14ece6d43,128,0.496432,0,0,41606,2,49,80,63.046875,27.482178,0,0.495139,47.037158,64
75d1269fc0518c5c,128,0.495079,0,0,41246,2,49,76,62.875,26.25,0,0.493427,46.546681,64
eda715ee82a4f735,128,0.503445,0,0,43623,2,51,81,63.9375,35.589844,0,0.504277,48.270511,64
6e57d7ad2477bfc4,128,0.503076,0,0,43340,2,52,78,63.890625,30.222412,0,0.502106,48.825892,64
fff8ad98d2d1822a,128,0.492864,0,0,40949,2,47,81,62.59375,32.897461,0,0.493957,45.111947,64
3128af07a0c5f910,128,0.505044,0,0,43907,2,45,84,64.140625,31.0896,0,0.504371,43.563959,64
d49aa79e81bfa036,128,0.537894,0,0,53011,2,51,81,68.3125,26.808594,0,0.537175,49.497247,64
0343e9d3d455d8d4,128,0.554872,0,0,58500,2,51,82,70.46875,31.842773,0,0.556796,49.808153,64
c4b183c896f8b309,128,0.556718,0,0,58762,2,57,82,70.703125,30.23999,0,0.555634,54.530222,64
5ac8249cf7b12e7e,128,0.546629,0,0,55697,2,57,81,69.421875,25.900146,0,0.546798,53.460071,64
2ae9b39d896b8e09,128,0.544414,0,0,55082,2,48,85,69.140625,34.12085,0,0.544202,46.889114,64
d794bb605732d36b,128,0.559301,0,0,59819,2,56,85,71.03125,32.874023,0,0.560256,54.12521,64
367d7155fd03f478,128,0.552904,0,0,57714,2,53,85,70.21875,31.436523,0,0.553076,51.432146,64
cdd228b881718dad,128,0.547613,0,0,55831,2,55,83,69.546875,27.654053,0,0.54626,52.918105,64
66997d6d47a8e456,128,0.548844,0,0,56410,2,57,86,69.703125,30.974365,0,0.548652,54.457942,64
691875d4e2d6f23c,128,0.543676,0,0,54774,2,55,83,69.046875,29.794678,0,0.54314,52.96883,64
53a0f968d4c31985,128,0.558071,0,0,59453,2,59,84,70.875,34.125,0,0.558771,56.108768,64
2bb3f6ad2689f218,128,0.555979,0,0,58863,2,55,88,70.609375,37.113037,0,0.557438,53.085915,64
d1f12415df0faac1,128,0.550689,0,0,56929,2,55,85,69.9375,29.871094,0,0.550411,52.606754,64
7724618fc01936b9,128,0.553273,0,0,58041,2,55,85,70.265625,36.616943,0,0.555103,52.814631,64
e0f8877ed8a22b54,128,0.555364,0,0,58590,2,57,85,70.53125,32.858398,0,0.556095,54.306554,64
d4853a0930437ce4,128,0.549213,0,0,56548,2,56,91,69.75,32.5625,0,0.549378,53.261277,64
3acc2f368060fbb4,128,0.554257,0,0,58129,2,57,86,70.390625,31.191162,0,0.554414,54.029079,64
56a8802f09b2b26f,128,0.54872,0,0,56394,2,57,83,69.6875,30.605469,0,0.548922,54.384565,64
238c68b6a8ca08c2,128,0.550689,0,0,56858,2,57,82,69.9375,28.230469,0,0.549693,54.495421,64
6d39123a2b2753f4,128,0.560531,0,0,60361,2,57,85,71.1875,37.839844,0,0.562328,53.571257,64
6b10a0b0794b49a8,128,0.549951,0,0,56771,2,57,85,69.84375,30.288086,0,0.550182,54.236504,64
1d2c7c1c6d0f627a,128,0.556225,0,0,58714,2,56,85,70.640625,32.855225,0,0.556003,53.905089,64
819cdc414365e0c9,128,0.559178,0,0,59761,2,53,84,71.015625,31.468506,0,0.560179,51.480941,64
9cd712f9a9f262b3,128,0.552534,0,0,57537,2,54,86,70.171875,28.861084,0,0.55226,52.232596,64
fd1326926d92a615,128,0.552165,0,0,57362,2,57,83,70.125,27.9375,0,0.551686,54.190803,64
eb24bb8636c8446f,128,0.555241,0,0,58291,2,58,91,70.515625,27.296631,0,0.554206,55.581136,64
5b53f2e88ff1e3fd,128,0.5406,0,0,54079,2,53,83,68.65625,35.788086,0,0.541617,50.892147,64
815462c1e73a7d7e,128,0.548967,0,0,56479,2,58,83,69.71875,30.983398,0,0.549203,54.488353,64
72d763a3be63ef65,128,0.559547,0,0,59735,2,58,84,71.0625,30.402344,0,0.559,55.300912,64
fcaa8312b863ea11,128,0.542569,0,0,54560,2,54,84,68.90625,29.397461,0,0.543436,51.838817,64
2fa9db15e342c657,128,0.550812,0,0,57125,2,56,84,69.953125,34.560303,0,0.551546,53.160916,64
84c7a704b76eb94f,128,0.560162,0,0,59948,2,58,85,71.140625,32.042725,0,0.559599,55.182486,64
656b2f0b4a509902,128,0.552411,0,0,57782,2,53,86,70.15625,35.444336,0,0.554264,50.92727,64
2e14265401d8fdf1,128,0.54909,0,0,56548,2,58,83,69.734375,30.835693,0,0.549458,54.173009,64
58b14d3894d19594,128,0.560531,0,0,60183,2,53,84,71.1875,32.871094,0,0.561007,51.527786,64
05abb39dfc6b9ebb,128,0.552904,0,0,57753,2,58,87,70.21875,30.045898,0,0.553887,54.630205,64
d94948f5b361b4cf,128,0.550197,0,0,56898,2,54,82,69.875,29.875,0,0.550889,51.739667,64
36db68b149d65f5f,128,0.552165,0,0,57419,2,54,86,70.125,31.65625,0,0.551852,52.344792,64
9f024e2122a21627,128,0.556102,0,0,58692,2,59,87,70.625,30.375,0,0.55665,55.343997,64
ec54d7d195124566,128,0.54749,0,0,55674,2,56,81,69.53125,24.077148,0,0.545067,53.47453,64
0907b8d6d051ee0e,128,0.546506,0,0,55690,2,54,85,69.40625,28.834961,0,0.546402,51.977272,64
7b43433c0845bdcb,128,0.55315,0,0,57769,2,51,86,70.25,30.09375,0,0.553021,49.763464,64
1fc14149a512f304,128,0.548351,0,0,56095,2,58,86,69.640625,26.042725,0,0.547302,54.733629,64
066be3273bd0d9e9,128,0.541462,0,0,54164,2,46,79,68.765625,30.413818,0,0.541398,44.943896,64
4e87c35f36ca8272,128,0.541093,0,0,53958,2,56,80,68.71875,27.374023,0,0.540615,52.994496,64
f2ac8bb06874148a,128,0.551304,0,0,57243,2,55,83,70.015625,30.656006,0,0.551823,52.755414,64
47cd31bd7f81fc64,128,0.545891,0,0,55590,2,55,84,69.328125,32.376709,0,0.546409,52.620331,64
76b57309ed1eb12e,128,0.54626,0,0,55440,2,56,84,69.375,28.234375,0,0.544671,53.26314,64
6d1e2eae530d21ed,128,0.54466,0,0,55053,2,57,85,69.171875,30.486084,0,0.54405,54.352771,64
94d8fb88cbccf89f,128,0.549336,0,0,56514,2,53,82,69.765625,29.195068,0,0.548862,50.963571,64
ea8cf199748ea2c5,128,0.546752,0,0,55790,2,57,84,69.4375,31.996094,0,0.546514,53.136973,64
162b587a7c7dcc15,128,0.554872,0,0,58238,2,58,86,70.46875,29.467773,0,0.554299,55.381845,64
850fae0f67c202b6,128,0.552657,0,0,57496,2,56,85,70.1875,28.761719,0,0.551805,53.924473,64
8d2f94ad4ad6dcea,128,0.55032,0,0,56701,2,57,86,69.890625,24.956787,0,0.549212,54.727886,64
b7d77398bf56c848,128,0.563115,0,0,61173,2,56,88,71.515625,36.234131,0,0.564696,54.004328,64
0553c376ab70d743,128,0.555979,0,0,58475,2,60,89,70.609375,25.597412,0,0.554873,56.444915,64
cd519cf0d42154b1,128,0.542692,0,0,54280,2,58,81,68.921875,23.947021,0,0.540984,54.543575,64
324038c7ed0dba45,128,0.546752,0,0,55611,2,58,82,69.4375,23.261719,0,0.545779,54.734508,64
6991b8ab6459fb8f,128,0.541831,0,0,54082,2,57,83,68.8125,26.511719,0,0.540342,53.763448,64
82721c36a23e2f46,128,0.547982,0,0,56068,2,52,83,69.59375,29.616211,0,0.547166,50.086354,64
44db6942608996ee,128,0.549951,0,0,56727,2,57,82,69.84375,28.944336,0,0.549675,53.861826,64
626743c64f0e5eef,128,0.552042,0,0,57332,2,56,85,70.109375,28.175537,0,0.551477,54.066317,64
7179bda81156ca34,128,0.543061,0,0,54816,2,56,84,68.96875,33.827148,0,0.544204,53.281799,64
3a7a4394ee87e99c,128,0.564099,0,0,61276,2,54,86,71.640625,33.105225,0,0.56392,52.173298,64
442975135712c816,128,0.555733,0,0,58965,2,58,91,70.578125,37.072021,0,0.558723,54.635328,64
799b82987f8339ce,128,0.554749,0,0,58376,2,54,87,70.453125,32.388428,0,0.555482,52.41269,64
7a98515e2f142d14,128,0.551427,0,0,57036,2,54,82,70.03125,27.795898,0,0.549678,52.329611,64
4bbb440f72058bd4,128,0.549951,0,0,56901,2,56,90,69.84375,34.663086,0,0.551081,53.347505,64
ac1c28aa85232cf5,128,0.546875,0,0,55602,2,59,83,69.453125,23.279053,0,0.545688,54.742675,64
3e323200740444a1,128,0.554503,0,0,58283,2,57,92,70.421875,34.384521,0,0.55479,54.644186,64
7c8b41a99008ac0d,128,0.558809,0,0,59391,2,57,84,70.96875,27.342773,0,0.557725,54.761705,64
f33deca1b1084516,128,0.540723,0,0,53925,2,57,87,68.671875,31.454834,0,0.540427,53.71174,64
6692b0813fec8c3c,128,0.550935,0,0,57066,2,53,83,69.96875,29.639648,0,0.551034,51.207897,64
465f19a458ab79c4,128,0.544414,0,0,54988,2,56,83,69.140625,28.4646,0,0.543987,52.784022,64
fc2b9ef3cb07707d,128,0.543799,0,0,55097,2,51,84,69.0625,35.308594,0,0.545285,49.502804,64
a4db8fbdbbbe42af,128,0.549336,0,0,56600,2,56,85,69.765625,31.882568,0,0.549531,53.456498,64
c44d406686f88313,128,0.554503,0,0,58228,2,58,83,70.421875,29.947021,0,0.555163,54.917167,64
52c69f4cd7b6a7df,128,0.549336,0,0,56390,2,56,80,69.765625,25.429443,0,0.548377,54.004698,64
7bf7776b054c4590,128,0.548105,0,0,56165,2,53,83,69.609375,29.847412,0,0.548166,51.408511,64
aacee2abd61c0acc,128,0.55032,0,0,56878,2,56,87,69.890625,29.456787,0,0.550199,53.624228,64
63bdfe7cfe19aa35,128,0.54466,0,0,55278,2,54,86,69.171875,35.314209,0,0.545618,51.9646,64
a48cf8692bf62639,128,0.552781,0,0,57541,2,52,82,70.203125,25.755615,0,0.55215,50.597416,64
b7b60061fb57d4e2,128,0.556102,0,0,58527,2,56,84,70.625,29.625,0,0.554406,53.922232,64
277921f1e5eb3fbc,128,0.540969,0,0,53872,2,54,84,68.703125,27.349365,0,0.539784,52.008854,64
7074b4ebdcde000f,128,0.557087,0,0,58953,2,58,85,70.75,30.75,0,0.556591,55.502671,64
aa5a9bf690de8d87,128,0.540723,0,0,53876,2,55,83,68.671875,27.751709,0,0.540406,52.315666,64
2848d0c6e8c3686b,128,0.560285,0,0,60062,2,62,86,71.15625,27.850586,0,0.560905,57.495045,64
b918715c6bc67a02,128,0.542077,0,0,54354,2,54,83,68.84375,32.631836,0,0.541682,52.020637,64
7c1e34c0ad245173,128,0.558686,0,0,59398,2,60,86,70.953125,27.372803,0,0.558044,56.548081,64
00aabc085eae875f,128,0.544414,0,0,55064,2,56,82,69.140625,29.49585,0,0.544669,53.489198,64
f5b52f936139c38f,128,0.546875,0,0,55741,2,57,83,69.453125,27.247803,0,0.546417,54.292336,64
68dbfd2793df70a7,128,0.534203,0,0,52043,2,54,83,67.84375,31.569336,0,0.534161,51.278115,64
04c1efd8cac858c1,128,0.562131,0,0,60462,2,59,84,71.390625,26.941162,0,0.561146,55.927055,64
ca8111c99a03d2ed,128,0.550689,0,0,57095,2,56,83,69.9375,33.683594,0,0.551262,53.782048,64
8028c4634f513f8c,128,0.558563,0,0,59245,2,61,92,70.9375,24.652344,0,0.556988,57.195281,64
97843d5bc5cfed38,128,0.552781,0,0,57608,2,56,83,70.203125,28.161865,0,0.552946,53.782495,64
fb0e95fc53763694,128,0.550074,0,0,56971,2,56,85,69.859375,38.948975,0,0.550639,52.981209,64
a2b0e6e5674aab79,128,0.559424,0,0,59656,2,57,86,71.046875,25.435303,0,0.559298,54.471027,64
fb7b111450cda645,128,0.556348,0,0,58891,2,58,84,70.65625,33.631836,0,0.557371,54.627782,64
5617f760a90cb4ae,128,0.551673,0,0,57281,2,55,82,70.0625,28.230469,0,0.551827,53.093133,64
2eaf6a1e0284c056,128,0.605438,0,0,75628,2,64,89,76.890625,26.081787,0,0.604831,61.046525,64
f02d5741a7383939,128,0.598302,0,0,72870,2,63,93,75.984375,23.984131,0,0.59733,60.773858,64
1096a4d59f28d46d,128,0.598302,0,0,73007,2,63,91,75.984375,31.156006,0,0.597416,60.480027,64
d1df973008b38da8,128,0.606053,0,0,76062,2,64,94,76.96875,34.170898,0,0.606342,61.274619,64
3f2509aff0193508,128,0.601624,0,0,74182,2,60,91,76.40625,29.616211,0,0.600505,58.383741,64
eb31783c7d18632c,128,0.608883,0,0,77077,2,62,89,77.328125,30.267334,0,0.608919,60.144665,64
6e408bd15d0d5518,128,0.612451,0,0,78145,2,66,91,77.78125,19.967773,0,0.611388,62.538481,64
a9e431bd1b7ddc11,128,0.600886,0,0,74036,2,63,89,76.3125,28.652344,0,0.600836,60.323773,64
052595b77ee71e3f,128,0.592151,0,0,70743,2,61,90,75.203125,26.224365,0,0.591368,58.946231,64
17ae3adc014bd51c,128,0.604085,0,0,75270,2,59,91,76.71875,30.452148,0,0.604456,57.466623,64
86661dbbb1bf82b1,128,0.598917,0,0,73288,2,62,94,76.0625,27.792969,0,0.598891,59.863512,64
52cf5a4d80edf844,128,0.597318,0,0,72589,2,63,89,75.859375,28.93335,0,0.596227,60.023334,64
1e7559e3b09faff2,128,0.602854,0,0,74881,2,62,92,76.5625,32.027344,0,0.603084,59.995698,64
222c416ad21335a5,128,0.598179,0,0,72972,2,64,88,75.96875,27.936523,0,0.597838,60.857569,64
123bab183458235f,128,0.599409,0,0,73414,2,61,87,76.125,29.5625,0,0.598659,59.389674,64
5eff300ef6eefe87,128,0.592274,0,0,70969,2,59,91,75.21875,32.827148,0,0.592691,56.954955,64
f7a059f74bbfad11,128,0.601501,0,0,74286,2,61,90,76.390625,32.956787,0,0.601205,58.917544,64
e55bab1bb65e013c,128,0.609006,0,0,77139,2,63,88,77.34375,30.413086,0,0.609267,60.949492,64
a2278aba82fa9ae1,128,0.594488,0,0,71673,2,61,90,75.5,29.515625,0,0.594269,58.802875,64
5ead0b19051c2bd2,128,0.595595,0,0,72017,2,62,92,75.640625,25.87085,0,0.595268,59.385352,64
6a4788ea4c6ea74d,128,0.598425,0,0,73060,2,63,90,76.0,27.90625,0,0.598072,59.933128,64
32d352827e133227,128,0.602854,0,0,74669,2,63,88,76.5625,24.808594,0,0.602545,60.606599,64
cc477b278e834e5b,128,0.611467,0,0,77848,2,63,89,77.65625,24.553711,0,0.610488,61.087908,64
49707533c6f3d5ae,128,0.604454,0,0,75127,2,66,92,76.765625,26.116943,0,0.602739,62.245251,64
e68381fe7bbe6c50,128,0.601255,0,0,74021,2,63,90,76.359375,23.43335,0,0.600682,60.389493,64
8d300050a9f6ca9c,128,0.591289,0,0,70358,2,57,88,75.09375,26.381836,0,0.590009,55.359291,64
5c007697c70e3f7d,128,0.601132,0,0,74012,2,63,94,76.34375,26.553711,0,0.600299,60.976081,64
e854b741275e677e,128,0.594119,0,0,71364,2,61,93,75.453125,26.279053,0,0.592781,58.918908,64
83e525ce8484bd5c,128,0.611836,0,0,78199,2,63,91,77.703125,28.505615,0,0.612037,60.810811,64
239ca6c30f158329,128,0.603593,0,0,75122,2,65,95,76.65625,30.959961,0,0.604279,61.976438,64
5cb7ac0bc2d16531,128,0.598917,0,0,73301,2,64,90,76.0625,29.371094,0,0.598835,60.092548,64
5f07215d322412af,128,0.598056,0,0,72860,2,65,92,75.953125,26.279053,0,0.597248,61.450801,64
f0034af45ce1bc4f,128,0.597441,0,0,72649,2,62,93,75.875,28.3125,0,0.596625,59.602389,64
958b5839c84eefe5,128,0.593012,0,0,71292,2,62,89,75.3125,32.605469,0,0.593611,59.251989,64
d24233f0d93ab421,128,0.600025,0,0,73971,2,60,91,76.203125,34.89624,0,0.601499,57.980159,64
bd76f7a38e5c7621,128,0.602116,0,0,74622,2,63,88,76.46875,29.749023,0,0.603259,60.711622,64
4ac7edb1d4477564,128,0.600271,0,0,73854,2,62,91,76.234375,29.788818,0,0.60065,59.779976,64
50ba6de5b72cf85b,128,0.590305,0,0,70284,2,60,88,74.96875,30.436523,0,0.590984,57.735838,64
7a8a3b912bcb9414,128,0.604823,0,0,75454,2,55,90,76.8125,28.042969,0,0.604524,53.946611,64
ac8339035cb6a2e3,128,0.602239,0,0,74523,2,64,92,76.484375,30.531006,0,0.602053,60.912539,64
ad476e0c27f9e1a0,128,0.599163,0,0,73290,2,64,87,76.09375,26.600586,0,0.598405,60.912922,64
438332a246a37567,128,0.608268,0,0,76902,2,65,94,77.25,30.265625,0,0.608991,61.918412,64
1b1f51d3c7af93c9,128,0.601501,0,0,74702,2,59,94,76.390625,38.378662,0,0.604223,57.055089,64
079d828d9d7a15cd,128,0.6031,0,0,75040,2,58,92,76.59375,31.147461,0,0.604407,56.52315,64
f5635d1fabcb67e4,128,0.608514,0,0,76916,2,62,92,77.28125,30.905273,0,0.60852,60.105211,64
ba63cb1539091047,128,0.604085,0,0,75228,2,62,92,76.71875,29.452148,0,0.604083,59.687592,64
aff3f45230920fe6,128,0.60064,0,0,73958,2,61,92,76.28125,32.702148,0,0.600387,59.027768,64
3045cbe30b42386c,128,0.602239,0,0,74465,2,62,89,76.484375,29.859131,0,0.6016,59.561455,64
e75f1e0b479e2329,128,0.606914,0,0,76351,2,63,90,77.078125,29.290771,0,0.607368,60.840674,64
b83ef041e8da3f2d,128,0.602977,0,0,74911,2,60,92,76.578125,32.118896,0,0.603436,58.326262,64
c8a6fbc4dc498668,128,0.592643,0,0,70849,2,62,88,75.265625,28.898193,0,0.591175,59.257825,64
0dcc19183f299712,128,0.591166,0,0,70874,2,60,88,75.078125,36.759521,0,0.593323,57.70742,64
a5cf68567e5c69f6,128,0.600025,0,0,73669,2,59,90,76.203125,28.099365,0,0.599969,57.334238,64
dd414af6199a8d4c,128,0.600271,0,0,73772,2,66,89,76.234375,29.116943,0,0.600033,61.844393,64
9eeabb4366c427c4,128,0.60716,0,0,76435,2,60,92,77.109375,31.206787,0,0.607294,58.403241,64
cd4dcb45d68a55f7,128,0.594365,0,0,71920,2,59,93,75.484375,33.656006,0,0.59633,57.084653,64
faf40b3a49e6b7e8,128,0.601255,0,0,74130,2,61,90,76.359375,31.292725,0,0.600801,59.21137,64
eb2f6d9b9b87038e,128,0.601993,0,0,74306,2,58,87,76.453125,24.888428,0,0.60116,56.618749,64
19b30356b38f6501,128,0.595965,0,0,72368,2,60,91,75.6875,35.511719,0,0.59649,57.753574,64
1cfa62edc6d64dc4,128,0.596211,0,0,72322,2,64,90,75.71875,31.655273,0,0.596182,60.659835,64
e8adc1ebde2dca9f,128,0.606053,0,0,75589,2,64,87,76.96875,20.952148,0,0.603946,61.212676,64
d88c9fe326e371c5,128,0.602731,0,0,74640,2,63,90,76.546875,28.435303,0,0.602266,60.509557,64
ea5cf2994e948305,128,0.599532,0,0,73343,2,65,87,76.140625,25.87085,0,0.598432,61.245751,64
b20c9840136ccf4b,128,0.606914,0,0,76310,2,62,90,77.078125,30.712646,0,0.606933,60.136256,64
dc5dc7118362a9ad,128,0.600886,0,0,74142,2,63,91,76.3125,31.824219,0,0.601629,60.443398,64
8cdeb954f0442ad3,128,0.591905,0,0,70982,2,62,88,75.171875,34.220459,0,0.593324,58.660357,64
12c38ecb15a4e704,128,0.606299,0,0,75944,2,63,87,77.0,24.609375,0,0.605842,60.9341,64
0f280f2163fa1640,128,0.6031,0,0,74928,2,65,90,76.59375,30.288086,0,0.603516,61.952111,64
e58bae1f1e3ac247,128,0.598917,0,0,73460,2,61,94,76.0625,31.917969,0,0.59978,59.176004,64
64edfeb186b5fcb6,128,0.597933,0,0,72904,2,60,89,75.9375,29.214844,0,0.597656,57.74414,64
77a29d4924f21c8c,128,0.599779,0,0,73568,2,65,91,76.171875,29.095459,0,0.599356,61.533592,64
ef9a14483901699b,128,0.595226,0,0,72291,2,61,93,75.59375,37.303711,0,0.596846,58.47874,64
dd09f309c2810d77,128,0.606422,0,0,75981,2,65,90,77.015625,27.999756,0,0.605367,62.013928,64
f8165730c515abdd,128,0.601624,0,0,74747,2,63,91,76.40625,44.084961,0,0.60405,60.007448,64
99975fcdac3683f0,128,0.602977,0,0,74902,2,63,92,76.578125,30.259521,0,0.603671,60.549216,64
9becb306a81a8105,128,0.585753,0,0,68394,2,61,85,74.390625,25.456787,0,0.584646,58.42663,64
653183f9cd80ee3d,128,0.602362,0,0,74552,2,65,89,76.5,27.296875,0,0.60211,61.522775,64
d4c64e6d7172c0ff,128,0.600886,0,0,73772,2,61,93,76.3125,25.667969,0,0.598972,59.0532,64
2675d52243f7d8f9,128,0.594734,0,0,71543,2,62,87,75.53125,22.420898,0,0.593463,59.672881,64
8f6019b2143502ac,128,0.602485,0,0,74551,2,62,91,76.515625,27.327881,0,0.60199,59.837185,64
0059883f07eaab46,128,0.595349,0,0,72098,2,56,94,75.609375,35.347412,0,0.595278,54.681094,64
ce58e9c75ca0abf3,128,0.598425,0,0,73040,2,62,90,76.0,30.140625,0,0.597591,59.764105,64
1517cf413f16ff59,128,0.600025,0,0,73852,2,61,90,76.203125,35.42749,0,0.600354,58.79668,64
9ac928082b18558f,128,0.600517,0,0,74069,2,62,92,76.265625,34.132568,0,0.601559,59.832412,64
1672b0360c877088,128,0.591412,0,0,70552,2,63,88,75.109375,29.831787,0,0.590959,60.144797,64
2d2a663833f32dbf,128,0.599902,0,0,73445,2,63,88,76.1875,23.199219,0,0.598649,60.702086,64
bd3b1a811a266a11,128,0.600148,0,0,73473,2,63,91,76.21875,27.670898,0,0.597894,60.459552,64
0e58b31fc2c18bd7,128,0.608145,0,0,76660,2,62,97,77.234375,25.413818,0,0.60778,59.825642,64
13358663bad34fc9,128,0.606545,0,0,76245,2,65,91,77.03125,32.577148,0,0.606978,61.343771,64
a0597a682e603470,128,0.594242,0,0,71486,2,61,86,75.46875,26.139648,0,0.593437,58.651336,64
d49eeb651cceb4d7,128,0.606668,0,0,76397,2,61,89,77.046875,34.794678,0,0.607598,59.113429,64
4338eb0d2019cbb0,128,0.595103,0,0,72007,2,59,89,75.578125,34.681396,0,0.595656,57.295484,64
322d3c00644580e0,128,0.599779,0,0,73658,2,61,90,76.171875,29.376709,0,0.600084,59.117756,64
eb5a199dbd358d29,128,0.587721,0,0,69255,2,64,87,74.640625,26.573975,0,0.588127,60.146142,64
dc2dde5eb89627c8,128,0.598794,0,0,73186,2,63,87,76.046875,26.216553,0,0.598423,60.525588,64
bb78c5aa3305e101,128,0.60753,0,0,76284,2,64,89,77.15625,24.225586,0,0.606011,61.71109,64
ed53706d3774d62b,128,0.595103,0,0,71704,2,63,87,75.578125,23.962646,0,0.593909,59.905142,64
a5234798031dc7b6,128,0.598302,0,0,73566,2,63,95,75.984375,40.609131,0,0.601375,60.190246,64
7df39e8ec2aefda6,128,0.595965,0,0,72121,2,64,88,75.6875,25.917969,0,0.595504,60.799852,64
7cd9196e21bf0269,128,0.594119,0,0,71543,2,61,94,75.453125,26.747803,0,0.594197,58.912285,64
5a927ee1f24ff657,128,0.650468,0,0,94098,2,69,96,82.609375,33.066162,0,0.651192,66.438031,64
e10b6e43213b2d08,128,0.640871,0,0,89920,2,65,96,81.390625,31.269287,0,0.641291,63.095479,64
d079caea37de12d6,128,0.648868,0,0,93236,2,64,95,82.40625,25.553711,0,0.64911,62.610733,64
589ddfe38cf62057,128,0.652559,0,0,94669,2,66,96,82.875,24.390625,0,0.651635,64.43357,64
96c14dd86adbd162,128,0.659818,0,0,97862,2,67,96,83.796875,24.161865,0,0.658888,65.564392,64
18acb8ec085e87af,128,0.646531,0,0,92003,2,68,94,82.109375,24.269287,0,0.645146,66.003593,64
9a997b30373ca6f3,128,0.653666,0,0,95183,2,68,97,83.015625,27.249756,0,0.652777,66.23479,64
e68ebd60f35f8995,128,0.649237,0,0,93438,2,72,98,82.453125,28.669678,0,0.649507,68.338247,64
a82850fd0cbcdb02,128,0.661294,0,0,98648,2,72,98,83.984375,28.499756,0,0.660864,69.093925,64
1af7ac0c23de09eb,128,0.640133,0,0,89581,2,65,94,81.296875,31.630615,0,0.640265,63.248092,64
c2ef55874ccac0ef,128,0.655143,0,0,95706,2,71,97,83.203125,25.255615,0,0.653593,68.181639,64
80bcd3816d0ba8d8,128,0.651944,0,0,94730,2,68,96,82.796875,31.849365,0,0.652735,66.078792,64
b5a4cf9e38fd5af6,128,0.64407,0,0,91242,2,69,93,81.796875,27.693115,0,0.644519,65.989884,64
1fd3da64d8db2da0,128,0.651206,0,0,93987,2,70,95,82.703125,22.89624,0,0.649715,67.228976,64
233fe3e6cf6cad0e,128,0.654405,0,0,95803,2,71,97,83.109375,32.284912,0,0.655149,68.073325,64
1f74de3357710e6b,128,0.65342,0,0,95068,2,70,99,82.984375,28.577881,0,0.652269,67.638413,64
6206fdb02ae004de,128,0.647761,0,0,92700,2,65,93,82.265625,26.445068,0,0.64759,63.487917,64
efa34a8a5d3c1ac0,128,0.648499,0,0,93089,2,67,93,82.359375,28.980225,0,0.648425,65.122641,64
bd4a277918996534,128,0.651821,0,0,94407,2,67,95,82.78125,26.733398,0,0.651076,65.368729,64
4f183e4e86312d6d,128,0.6469,0,0,92529,2,69,98,82.15625,30.881836,0,0.64754,66.575611,64
6e328b939803d077,128,0.656004,0,0,96167,2,72,96,83.3125,25.386719,0,0.65489,69.194435,64
db0a47ce6d126e6d,128,0.650344,0,0,93611,2,69,96,82.59375,24.413086,0,0.648838,66.530144,64
34dd2eadc0301962,128,0.646038,0,0,91833,2,72,99,82.046875,24.404053,0,0.645121,68.489428,64
1ae1e776acd20621,128,0.647884,0,0,92903,2,67,97,82.28125,28.749023,0,0.64826,65.014363,64
efae3e375f861e9e,128,0.665477,0,0,100425,2,74,96,84.515625,23.437256,0,0.664758,70.790837,64
fd9355950f229300,128,0.65096,0,0,93733,2,71,93,82.671875,20.986084,0,0.64873,68.247612,64
8f3861ff912dd825,128,0.647638,0,0,92748,2,66,95,82.25,28.5,0,0.647703,64.361698,64
94158a3d6b69fbeb,128,0.652436,0,0,94633,2,69,97,82.859375,26.18335,0,0.651444,67.21358,64
0933719823aafccf,128,0.65502,0,0,96027,2,70,98,83.1875,31.386719,0,0.655615,66.64262,64
fe53e32b8ef0afc4,128,0.646407,0,0,92078,2,70,98,82.09375,28.522461,0,0.645638,67.65827,64
131114336efae543,128,0.654035,0,0,95248,2,71,93,83.0625,22.636719,0,0.65291,68.266144,64
2a5412c5450ff9df,128,0.656742,0,0,96864,2,67,100,83.40625,33.600586,0,0.657589,65.402942,64
7275354399075659,128,0.648745,0,0,93208,2,66,97,82.390625,26.284912,0,0.649096,64.246123,64
0c1063e81cf681d3,128,0.647269,0,0,92457,2,67,97,82.203125,26.70874,0,0.646689,64.87725,64
4348ec4eebebcf4a,128,0.651944,0,0,94551,2,68,95,82.796875,27.568115,0,0.65169,66.078916,64
171ccc0567176177,128,0.647146,0,0,92684,2,67,95,82.1875,32.277344,0,0.648126,64.919573,64
d65444bb49051879,128,0.642717,0,0,90766,2,69,97,81.625,31.375,0,0.643504,66.031071,64
947973d8388cd295,128,0.650591,0,0,93825,2,69,96,82.625,22.65625,0,0.650153,66.725064,64
e399adca6ac5e126,128,0.64407,0,0,91207,2,69,95,81.796875,26.349365,0,0.644106,66.482242,64
adfa54fad504a7a4,128,0.644562,0,0,91158,2,64,94,81.859375,24.698975,0,0.643212,62.630978,64
827aab09f51af18f,128,0.651944,0,0,94649,2,69,96,82.796875,30.36499,0,0.652317,66.787301,64
61f24227feef75ec,128,0.653051,0,0,94893,2,70,98,82.9375,25.105469,0,0.652283,67.915259,64
0b28d4673e969575,128,0.649729,0,0,93541,2,67,96,82.515625,25.437256,0,0.649484,65.301931,64
a54358864f933d36,128,0.644808,0,0,91372,2,69,94,81.890625,26.925537,0,0.644041,66.616758,64
0743ce2642f33d8c,128,0.644193,0,0,91142,2,68,95,81.8125,28.824219,0,0.643576,65.462896,64
256337460b084e96,128,0.649606,0,0,93677,2,68,96,82.5,31.15625,0,0.650167,65.712218,64
1a32414cca01898f,128,0.657849,0,0,96936,2,73,95,83.546875,23.575928,0,0.656774,69.353627,64
eb45486464aa39b4,128,0.655881,0,0,96479,2,71,98,83.296875,33.411865,0,0.65658,68.204986,64
69072ce3117402ca,128,0.643701,0,0,91091,2,67,98,81.75,27.875,0,0.644088,64.911464,64
2839ec545fa97e54,128,0.649975,0,0,93743,2,66,97,82.546875,29.404053,0,0.650171,64.229407,64
94a1a0ae39e89208,128,0.658095,0,0,97437,2,70,97,83.578125,30.509521,0,0.658801,67.693047,64
c9266c704d53d9a5,128,0.649237,0,0,93379,2,70,94,82.453125,26.779053,0,0.649175,67.451763,64
f31d3e54dfcffdbb,128,0.660556,0,0,98294,2,69,96,83.890625,28.488037,0,0.659989,67.200582,64
1d9e5c3b0c7dfef9,128,0.648499,0,0,93122,2,69,97,82.359375,25.99585,0,0.649027,66.71509,64
45cdc1c5b843c23d,128,0.648745,0,0,93015,2,70,96,82.390625,24.706787,0,0.647951,67.480716,64
55435e77130d862d,128,0.650714,0,0,94178,2,70,96,82.640625,31.5271,0,0.651464,67.067155,64
c96935c363e8bda0,128,0.658588,0,0,97674,2,71,99,83.640625,30.12085,0,0.659634,68.333997,64
06e4ea78a9b440b5,128,0.648622,0,0,93172,2,67,102,82.375,30.765625,0,0.64867,65.191949,64
0f36617af92533a3,128,0.637918,0,0,88772,2,66,98,81.015625,32.515381,0,0.639007,64.08783,64
31ef64a8e024287b,128,0.650591,0,0,94309,2,66,98,82.625,37.234375,0,0.651969,64.057217,64
2a18337aad20ab8d,128,0.656004,0,0,96552,2,70,98,83.3125,30.433594,0,0.657017,67.561548,64
958c489f2310a5eb,128,0.644439,0,0,91442,2,67,96,81.84375,31.366211,0,0.645004,64.818207,64
6e7ae8c0e8574855,128,0.646284,0,0,92183,2,63,93,82.078125,28.806396,0,0.646703,61.766875,64
aa6576fa5888db09,128,0.65625,0,0,96511,2,72,93,83.34375,26.069336,0,0.656777,68.775453,64
25769d3cea1c339b,128,0.657111,0,0,96953,2,73,100,83.453125,30.263428,0,0.657663,69.384298,64
c283e6022366e8cb,128,0.642717,0,0,90428,2,67,95,81.625,21.4375,0,0.642069,65.154099,64
a58574fedf651b83,128,0.658711,0,0,97449,2,73,95,83.65625,23.709961,0,0.658488,69.703279,64
4aaa8cb9f7f5369a,128,0.651944,0,0,94539,2,69,96,82.796875,27.20874,0,0.651839,66.473562,64
ac4fa5b97964b614,128,0.650591,0,0,94234,2,68,99,82.625,33.859375,0,0.651576,65.507468,64
0a118ce07f55935c,128,0.651944,0,0,94680,2,68,99,82.796875,31.630615,0,0.65225,66.086667,64
a85796de0fdafad9,128,0.654405,0,0,95874,2,65,96,83.109375,30.581787,0,0.655923,63.518928,64
84fc620ad5baa007,128,0.651329,0,0,94477,2,71,98,82.71875,30.920898,0,0.652244,67.043125,64
bc6f92f64ffe54f9,128,0.658834,0,0,97854,2,70,97,83.671875,33.126709,0,0.660018,67.637788,64
1519c4d96e828904,128,0.645423,0,0,91840,2,69,95,81.96875,29.186523,0,0.645968,66.081617,64
2d5e3e743a9bd5c9,128,0.640379,0,0,89407,2,64,94,81.328125,27.439209,0,0.638892,62.443786,64
433e2d442722d776,128,0.651698,0,0,94371,2,70,99,82.765625,26.726318,0,0.651329,67.444127,64
87ee24caf31b807c,128,0.657111,0,0,96750,2,68,97,83.453125,24.825928,0,0.656672,66.179701,64
2892e667fe048558,128,0.652805,0,0,95129,2,66,97,82.90625,32.819336,0,0.653723,64.261033,64
a9fd0ccf54a6b7f1,128,0.643701,0,0,90767,2,71,96,81.75,22.921875,0,0.642335,67.755834,64
6cbd7df8a977f6c2,128,0.661663,0,0,99020,2,68,98,84.03125,32.624023,0,0.662429,66.251235,64
b626a8a4c5f559c9,128,0.652682,0,0,94769,2,70,94,82.890625,25.331787,0,0.652007,67.106506,64
0e14b20fb662251f,128,0.653912,0,0,95452,2,71,97,83.046875,28.872803,0,0.6541,68.123597,64
b66600f3261b282f,128,0.653543,0,0,95376,2,66,96,83.0,32.15625,0,0.653864,64.438033,64
a73b98f5f1d40670,128,0.647269,0,0,92188,2,67,96,82.203125,22.693115,0,0.645318,65.35649,64
c49aa16abd232611,128,0.647146,0,0,92454,2,67,96,82.1875,28.167969,0,0.646799,65.302382,64
021e30252a20b534,128,0.652928,0,0,94872,2,72,94,82.921875,22.603271,0,0.652482,68.709044,64
d7b50bbf52e16715,128,0.640994,0,0,90102,2,66,94,81.40625,33.772461,0,0.641986,63.62707,64
2e2cd305e6fecd43,128,0.65096,0,0,94003,2,69,98,82.671875,25.892334,0,0.650119,66.799225,64
b1da075c95194bde,128,0.645792,0,0,91933,2,68,95,82.015625,30.390381,0,0.645754,65.420478,64
582a4cdb0f4a7cc4,128,0.650221,0,0,94095,2,70,100,82.578125,33.337646,0,0.651566,67.493106,64
8afabdc03a9ebc49,128,0.654281,0,0,95710,2,63,94,83.09375,29.913086,0,0.654912,61.877279,64
d297e0d6b5b4cb2d,128,0.651944,0,0,94461,2,72,95,82.796875,25.068115,0,0.651558,68.606972,64
7ccedc2a6e8dbcd4,128,0.651821,0,0,94441,2,70,95,82.78125,26.827148,0,0.651394,67.610547,64
c49f571b9bc34be1,128,0.661048,0,0,98417,2,71,95,83.953125,24.950928,0,0.66019,68.554806,64
45f4d636d28c33b2,128,0.647638,0,0,92791,2,70,97,82.25,30.546875,0,0.648061,67.145301,64
d50faeebf6b49877,128,0.644316,0,0,91467,2,68,94,81.828125,31.001709,0,0.645413,65.216497,64
f631447f2581cc3d,128,0.661171,0,0,98545,2,72,94,83.96875,24.170898,0,0.660765,69.348438,64
aedd3ca1318bf6be,128,0.65219,0,0,94642,2,70,99,82.828125,28.970459,0,0.651901,67.502058,64
dc227cd7c778a051,128,0.647638,0,0,92669,2,66,95,82.25,28.296875,0,0.64734,64.194679,64
1ed37f13276720c3,128,0.63718,0,0,88342,2,62,92,80.921875,27.431396,0,0.637499,60.663962,64
6d0d3270a92872c3,128,0.696235,0,0,115259,2,78,99,88.421875,26.618896,0,0.696628,73.946147,64
9af7885bb76d18e3,128,0.703125,0,0,118752,2,74,102,89.296875,26.86499,0,0.703682,72.109273,64
019cc1a93faee3d5,128,0.700664,0,0,117187,2,77,103,88.984375,23.499756,0,0.69958,74.314314,64
e278acd0503f425e,128,0.688976,0,0,111683,2,74,100,87.5,30.03125,0,0.689057,71.788865,64
2806ae13c3a476c2,128,0.696973,0,0,115406,2,75,102,88.515625,21.687256,0,0.696383,72.909442,64
1a8dfec6f960de2d,128,0.708169,0,0,121185,2,78,103,89.9375,23.949219,0,0.708051,75.360176,64
b0a996c89b356284,128,0.699557,0,0,116880,2,75,101,88.84375,25.631836,0,0.699741,72.630289,64
e005919fcbbbf1f9,128,0.695989,0,0,114986,2,73,99,88.390625,23.441162,0,0.695645,71.326394,64
73395331766ffdb7,128,0.693529,0,0,113711,2,76,100,88.078125,21.915771,0,0.692998,73.624842,64
8a32238cac9d160d,128,0.708907,0,0,121361,2,78,101,90.03125,21.436523,0,0.707819,75.668668,64
b47a5bdf5a377e23,128,0.695497,0,0,114945,2,72,100,88.328125,28.829834,0,0.695884,70.466446,64
1fbfd6cf17064fb9,128,0.704601,0,0,119459,2,77,105,89.484375,27.796631,0,0.704697,74.452246,64
318973851067c982,128,0.696973,0,0,115713,2,75,100,88.515625,27.531006,0,0.697957,72.5236,64
ee4b531a81c2188c,128,0.707431,0,0,120778,2,78,102,89.84375,24.178711,0,0.707188,75.363627,64
c49e0d099e8055b4,128,0.701526,0,0,117814,2,73,100,89.09375,25.163086,0,0.701458,71.490004,64
8c7e45c54a104b51,128,0.697219,0,0,115660,2,77,101,88.546875,26.247803,0,0.697242,73.853679,64
05f2474a42c4f1c6,128,0.704478,0,0,119354,2,72,101,89.46875,25.311523,0,0.704627,70.508465,64
c5c24424e53a1760,128,0.705217,0,0,119687,2,79,105,89.5625,24.167969,0,0.705254,75.580876,64
1c1cf7a435322d82,128,0.70128,0,0,117627,2,79,102,89.0625,24.214844,0,0.70103,75.10639,64
6677d7f2bdb47214,128,0.711245,0,0,122706,2,78,100,90.328125,23.907959,0,0.7109,74.947648,64
d4eef6a3bfa272bb,128,0.692913,0,0,113452,2,72,100,88.0,24.15625,0,0.69256,70.428195,64
ee964aa771da1705,128,0.698081,0,0,116023,2,71,98,88.65625,22.381836,0,0.697901,69.808813,64
cb2d6dd7f033c510,128,0.700664,0,0,117449,2,77,101,88.984375,27.484131,0,0.700772,73.834872,64
2477dcaf9d81aecf,128,0.700418,0,0,117633,2,73,102,88.953125,33.263428,0,0.701871,71.219155,64
7aa7725a94d72341,128,0.704355,0,0,119368,2,72,102,89.453125,26.372803,0,0.704965,70.648561,64
cf78c98051cc2d41,128,0.702018,0,0,118097,2,72,104,89.15625,24.678711,0,0.702278,70.543953,64
caf267d29c1be45b,128,0.697466,0,0,115681,2,77,106,88.578125,24.728271,0,0.696869,74.268281,64
add682d038016730,128,0.689592,0,0,111768,2,75,97,87.578125,24.478271,0,0.688759,72.864748,64
6e53cbaa59897f61,128,0.700541,0,0,117462,2,76,102,88.96875,26.999023,0,0.701198,73.588927,64
e8ad90b56505bfd8,128,0.69845,0,0,116230,2,74,106,88.703125,26.880615,0,0.698071,71.776862,64
6f2c45dbf7308013,128,0.699188,0,0,116704,2,75,102,88.796875,27.443115,0,0.699368,72.601709,64
185a396b2a81946a,128,0.69562,0,0,114895,2,74,102,88.34375,26.413086,0,0.695711,71.305103,64
d7c9117f9fc1ea7a,128,0.695251,0,0,114597,2,77,98,88.296875,22.568115,0,0.694882,73.962357,64
d2e2ceea4a923901,128,0.695989,0,0,115089,2,77,106,88.390625,28.800537,0,0.695917,73.986473,64
fe980b4d3ff597b4,128,0.704478,0,0,119478,2,77,102,89.46875,27.311523,0,0.705188,73.841815,64
288ca439da4ec893,128,0.700541,0,0,117294,2,76,104,88.96875,26.311523,0,0.700386,73.231273,64
d504045fa58bc609,128,0.707923,0,0,120967,2,77,103,89.90625,23.381836,0,0.707401,74.931322,64
ee91b304bbab7587,128,0.704109,0,0,119021,2,78,106,89.421875,25.181396,0,0.703311,75.147997,64
6b420abe498ee703,128,0.700172,0,0,117478,2,72,103,88.921875,33.134521,0,0.701469,70.530145,64
bf0de2ea4c6c73f3,128,0.703371,0,0,118606,2,78,101,89.328125,24.329834,0,0.702549,74.636367,64
ed51a6703be361aa,128,0.701403,0,0,117737,2,78,102,89.078125,25.025146,0,0.701261,75.39102,64
53270be8b85a856f,128,0.69439,0,0,114346,2,76,101,88.1875,26.230469,0,0.694887,73.290019,64
a7bbf4b36b5ee48e,128,0.702633,0,0,118944,2,75,104,89.234375,38.210693,0,0.704755,72.422607,64
fe6ecc56b0bd23c8,128,0.704724,0,0,119623,2,71,101,89.5,29.828125,0,0.705384,69.648769,64
2f900d835435dc65,128,0.703371,0,0,118699,2,75,100,89.328125,23.782959,0,0.703068,73.322164,64
b130f52d8fbc878e,128,0.699065,0,0,116504,2,77,102,88.78125,25.811523,0,0.698343,74.270981,64
13a49240622898aa,128,0.707185,0,0,120949,2,73,104,89.8125,30.371094,0,0.708127,71.497448,64
fa912d6e9ba53f00,128,0.706939,0,0,120677,2,75,104,89.78125,27.327148,0,0.707369,73.146643,64
f295aa0563215d1e,128,0.693898,0,0,114085,2,71,103,88.125,27.171875,0,0.693968,69.586937,64
ba00df4547c719cf,128,0.702633,0,0,118374,2,72,100,89.234375,25.913818,0,0.702514,70.736106,64
10e0cbe17d1905dd,128,0.692421,0,0,113186,2,74,99,87.9375,26.402344,0,0.691589,71.894609,64
271e474e83a9391b,128,0.697096,0,0,115750,2,76,105,88.53125,28.733398,0,0.697639,73.414964,64
5eafc2ae496c298f,128,0.697958,0,0,115916,2,78,98,88.640625,23.1521,0,0.697406,74.559585,64
298da1f8ad5c1a7d,128,0.699188,0,0,116641,2,72,101,88.796875,24.786865,0,0.699158,70.455449,64
c699b32f7ae9a226,128,0.691806,0,0,112976,2,75,103,87.859375,25.698975,0,0.691676,72.86323,64
0555cfeb9cc3396e,128,0.703002,0,0,118656,2,73,101,89.28125,28.217773,0,0.703226,70.977422,64
83b1b4c283a84a36,128,0.696235,0,0,115132,2,77,103,88.421875,23.197021,0,0.696073,74.24625,64
5c34369950c94624,128,0.703986,0,0,119054,2,76,101,89.40625,23.538086,0,0.703985,74.004672,64
952395872643b758,128,0.692298,0,0,113259,2,73,103,87.921875,26.572021,0,0.692241,71.258112,64
23ce4f359580b9ba,128,0.703371,0,0,118750,2,74,99,89.328125,23.001709,0,0.703478,72.087121,64
87ccd7e1daa5de41,128,0.711491,0,0,123278,2,77,103,90.359375,31.230225,0,0.713039,74.611024,64
c0032b3aab611e45,128,0.700295,0,0,117461,2,77,103,88.9375,32.074219,0,0.701163,74.549915,64
b44df0eea32aa1aa,128,0.702264,0,0,118271,2,77,104,89.1875,26.855469,0,0.702555,74.163409,64
5d3c616b304ce5b7,128,0.700172,0,0,116899,2,78,101,88.921875,20.790771,0,0.699011,75.454502,64
95bdd033ba2f91b4,128,0.698819,0,0,116603,2,73,102,88.75,27.546875,0,0.699429,71.438812,64
bc5a419c37080e6a,128,0.700664,0,0,117690,2,69,102,88.984375,32.077881,0,0.701854,67.771354,64
67f5fffdc6b55ab7,128,0.702756,0,0,118298,2,79,100,89.25,21.8125,0,0.702134,74.815057,64
f0792fddc99a5d1b,128,0.70251,0,0,118407,2,75,103,89.21875,28.967773,0,0.702642,73.242332,64
79d6a2339878928a,128,0.702387,0,0,118262,2,74,101,89.203125,26.568115,0,0.702296,72.488178,64
c2bcfa880578b17a,128,0.698081,0,0,116118,2,70,103,88.65625,26.819336,0,0.69801,68.72617,64
4c90540ca255d7da,128,0.698204,0,0,116126,2,75,99,88.671875,23.876709,0,0.698158,73.074635,64
df9b2f45c82654f8,128,0.702264,0,0,118355,2,75,103,89.1875,29.808594,0,0.702815,73.27513,64
fcbe239f2348d417,128,0.700664,0,0,117371,2,74,102,88.984375,27.124756,0,0.700285,72.401867,64
9caf491c3a1dc36f,128,0.700541,0,0,117243,2,76,101,88.96875,24.436523,0,0.70004,73.723445,64
86b2371c0ad9eb86,128,0.69845,0,0,116287,2,75,100,88.703125,22.70874,0,0.698715,73.145571,64
02b5b62ec30531a0,128,0.711983,0,0,123406,2,76,103,90.421875,30.493896,0,0.712923,73.916157,64
d7cbeb298dceb75e,128,0.69562,0,0,114945,2,65,102,88.34375,28.288086,0,0.695977,64.131523,64
60d51bb8299f5229,128,0.701156,0,0,117676,2,76,108,89.046875,27.325928,0,0.701206,73.795186,64
2c861ff0165e69aa,128,0.698696,0,0,116273,2,79,101,88.734375,23.616943,0,0.698095,75.354418,64
1365939621fd5ca4,128,0.691683,0,0,112832,2,76,101,87.84375,25.256836,0,0.69112,73.246483,64
38bf8169afccf323,128,0.69685,0,0,115453,2,75,100,88.5,26.65625,0,0.696564,72.216408,64
62b00d39762c93d9,128,0.698573,0,0,116347,2,76,103,88.71875,27.092773,0,0.698516,73.384421,64
79f2794637fe9efa,128,0.686885,0,0,110771,2,73,99,87.234375,29.273193,0,0.687758,70.679193,64
504543a1068ae3f9,128,0.703248,0,0,118542,2,75,102,89.3125,21.527344,0,0.702657,73.091085,64
304f9e95154147e8,128,0.700295,0,0,117211,2,74,101,88.9375,24.527344,0,0.700432,71.983921,64
157e81d53602089b,128,0.700787,0,0,117509,2,76,103,89.0,25.734375,0,0.701067,73.893189,64
60728d90223d289e,128,0.692913,0,0,113498,2,74,99,88.0,25.5625,0,0.692649,71.400851,64
945c85795c44fd86,128,0.692175,0,0,113214,2,71,102,87.90625,27.444336,0,0.69218,69.457973,64
ac6686731c78f596,128,0.692052,0,0,113201,2,74,105,87.890625,29.300537,0,0.692166,71.337501,64
2da1fe22b63a9d91,128,0.698696,0,0,116595,2,76,108,88.734375,28.820068,0,0.699431,73.617575,64
9b21cd4e89450ca9,128,0.693282,0,0,113519,2,76,101,88.046875,25.075928,0,0.69196,73.882836,64
e6c95eb3781d6329,128,0.688484,0,0,111252,2,73,99,87.4375,24.746094,0,0.687852,71.015833,64
1803ca0a165f305a,128,0.704355,0,0,119274,2,74,100,89.453125,26.450928,0,0.704438,72.299126,64
4b0bf5d1d7acc02a,128,0.696604,0,0,115310,2,75,100,88.46875,25.608398,0,0.696227,72.548954,64
c6cdc59e6d52f980,128,0.695128,0,0,114678,2,76,100,88.28125,27.889648,0,0.695241,73.363308,64
8c677bab61f48516,128,0.703986,0,0,119102,2,73,105,89.40625,25.209961,0,0.704191,71.488234,64
b31c818b183d5581,128,0.696112,0,0,115124,2,69,100,88.40625,25.522461,0,0.696009,67.814674,64
6f046bba99026bca,128,0.704232,0,0,119449,2,74,106,89.4375,30.902344,0,0.705107,72.255685,64
e968aeb825e6f2bd,128,0.692913,0,0,113337,2,74,97,88.0,21.9375,0,0.692,71.847934,64
4d1609e18e5c4551,128,0.694021,0,0,113998,2,74,100,88.140625,25.4021,0,0.693409,72.04803,64
198689b97fc52b06,128,0.757259,0,0,148038,2,86,109,96.171875,17.517334,0,0.756777,83.290333,64
b8125cf0d4b3815b,128,0.753322,0,0,145928,2,85,111,95.671875,23.892334,0,0.753356,82.741207,64
af685a2170fe2ec8,128,0.757628,0,0,148370,2,84,106,96.21875,20.295898,0,0.757495,81.815146,64
7bf7840d556c7c98,128,0.749877,0,0,143846,2,82,108,95.234375,21.320068,0,0.749638,79.899718,64
cf2c1469502531ab,128,0.752707,0,0,145613,2,82,108,95.59375,23.178711,0,0.752869,80.280619,64
bc04f08f5fc72958,128,0.739911,0,0,138201,2,82,107,93.96875,20.670898,0,0.739911,79.472331,64
f453bdfa582b8224,128,0.75812,0,0,148873,2,82,108,96.28125,27.264648,0,0.758565,80.472929,64
9dab0949ab89e6c1,128,0.753445,0,0,145884,2,84,107,95.6875,20.121094,0,0.75304,81.876064,64
eb109e1e0e244551,128,0.750123,0,0,144171,2,80,105,95.265625,24.320068,0,0.750549,78.360771,64
bd3a543f84335189,128,0.752953,0,0,145845,2,83,107,95.625,27.71875,0,0.753286,80.728712,64
15324a62995c919a,128,0.751107,0,0,144618,2,82,105,95.390625,24.363037,0,0.750941,79.86776,64
53ed1abde571c2a9,128,0.755167,0,0,147098,2,84,108,95.90625,26.084961,0,0.755452,81.627976,64
c6d5658c806e667f,128,0.749631,0,0,143787,2,81,105,95.203125,23.86499,0,0.749708,79.288553,64
84473e9e9bab1b2d,128,0.749508,0,0,143905,2,82,115,95.1875,28.542969,0,0.750201,80.175046,64
e9982c051b5339c6,128,0.756521,0,0,147688,2,84,106,96.078125,20.775146,0,0.756185,81.91972,64
3808e810d3ba022b,128,0.755536,0,0,147123,2,81,108,95.953125,21.013428,0,0.755259,79.602817,64
a705904163f2ce9d,128,0.750492,0,0,144359,2,82,107,95.3125,24.902344,0,0.750704,79.720642,64
fe004b028fe2b2d3,128,0.759227,0,0,149109,2,85,107,96.421875,18.243896,0,0.758181,82.669605,64
6f6a802477cec627,128,0.763533,0,0,151880,2,85,110,96.96875,21.233398,0,0.76332,82.518006,64
41402c70a09a2d9c,128,0.753322,0,0,146026,2,84,109,95.671875,25.111084,0,0.753693,81.668984,64
9ab1e55322b80dbe,128,0.743848,0,0,140622,2,85,107,94.46875,26.436523,0,0.744366,80.939943,64
081993e530ec67c8,128,0.750369,0,0,144275,2,84,106,95.296875,23.380615,0,0.750741,81.61377,64
3dd9d82af701dfb3,128,0.742987,0,0,140099,2,82,106,94.359375,24.68335,0,0.74349,79.698768,64
1cea2f031aed3824,128,0.750123,0,0,144081,2,83,109,95.265625,23.804443,0,0.750029,80.859602,64
e8665e1328bfc932,128,0.752092,0,0,145359,2,79,106,95.515625,26.156006,0,0.752654,77.649691,64
8c446b9d130460d5,128,0.753445,0,0,146216,2,84,109,95.6875,26.683594,0,0.754369,81.331176,64
5752b00f6a0073a2,128,0.739665,0,0,138324,2,80,105,93.9375,25.027344,0,0.740749,77.793652,64
6c8b934161b52d68,128,0.755413,0,0,147167,2,86,108,95.9375,23.496094,0,0.755485,82.289024,64
bf3d17e40932594a,128,0.751722,0,0,145219,2,86,110,95.46875,28.749023,0,0.752437,82.148754,64
622ca6f085464f3c,128,0.747662,0,0,142818,2,83,109,94.953125,26.122803,0,0.748241,80.541909,64
6b318077b3dfa8dd,128,0.753691,0,0,145952,2,87,108,95.71875,19.155273,0,0.753093,82.8353,64
c266f28d12f29dd3,128,0.750615,0,0,144151,2,83,103,95.328125,18.454834,0,0.749988,80.239652,64
b00dc42299ef6b8b,128,0.749877,0,0,143685,2,83,105,95.234375,18.663818,0,0.748948,80.201211,64
f4cd7499ab6d8ab2,128,0.753322,0,0,145886,2,85,106,95.671875,22.454834,0,0.753256,81.547495,64
4315ba0541e00ffe,128,0.744218,0,0,140597,2,82,105,94.515625,22.265381,0,0.743846,79.445046,64
fdbfbda924a0f37d,128,0.75123,0,0,144790,2,83,110,95.40625,26.006836,0,0.751424,80.625022,64
f314c7dd6ec282ce,128,0.749754,0,0,143678,2,82,106,95.21875,19.905273,0,0.749046,80.323547,64
f106cfb70ef0a212,128,0.754798,0,0,146724,2,83,110,95.859375,22.480225,0,0.754534,80.912656,64
025fe425634cf826,128,0.755659,0,0,147095,2,85,105,95.96875,22.217773,0,0.754718,82.610473,64
6a6433fc6a64e9ad,128,0.750369,0,0,144154,2,82,109,95.296875,21.693115,0,0.750184,80.165172,64
8817a7f332491627,128,0.754429,0,0,146413,2,86,110,95.8125,20.261719,0,0.753806,82.844471,64
43323a43a9db2abd,128,0.751969,0,0,145288,2,80,107,95.5,25.84375,0,0.752585,78.502927,64
b9e3247e0a2a5915,128,0.746801,0,0,142313,2,80,106,94.84375,26.381836,0,0.747426,78.384856,64
bcddbddaa39fb759,128,0.75529,0,0,146732,2,86,107,95.921875,18.353271,0,0.754001,82.913125,64
38ab2690521c6cfe,128,0.747785,0,0,142773,2,83,108,94.96875,25.920898,0,0.747753,80.872281,64
c2aae1e314ba72c1,128,0.752707,0,0,145565,2,81,108,95.59375,22.225586,0,0.752793,79.392747,64
2f833ccc9222c15e,128,0.755536,0,0,147125,2,85,108,95.953125,21.716553,0,0.755287,82.272315,64
6bcb9ca8aa58613c,128,0.755044,0,0,147186,2,84,110,95.890625,27.191162,0,0.75607,81.671326,64
025ca087549f2139,128,0.737082,0,0,136865,2,81,108,93.609375,27.659912,0,0.737812,78.516132,64
396638945d71d977,128,0.761442,0,0,150875,2,82,111,96.703125,27.23999,0,0.761963,80.217944,64
435367875122a888,128,0.75123,0,0,144700,2,85,109,95.40625,24.116211,0,0.751087,82.431647,64
f3a3428165607a99,128,0.750615,0,0,144422,2,82,106,95.328125,23.970459,0,0.750905,79.530901,64
0886d3c82214fadb,128,0.752092,0,0,145363,2,80,109,95.515625,26.890381,0,0.752519,78.322175,64
55e837086c94d03c,128,0.738927,0,0,137670,2,80,107,93.84375,24.928711,0,0.73854,78.16354,64
6d2f85dc857dad2c,128,0.753445,0,0,145970,2,83,108,95.6875,23.605469,0,0.753329,80.960097,64
2388c4de16457288,128,0.748278,0,0,143047,2,82,109,95.03125,24.530273,0,0.748351,79.739217,64
0c9c2853d0f3f848,128,0.747416,0,0,142404,2,77,107,94.921875,21.665771,0,0.747007,75.891418,64
5e70c538925b06c7,128,0.753937,0,0,146289,2,86,108,95.75,23.609375,0,0.753947,82.013099,64
a022c7a2c5b46f39,128,0.750246,0,0,144074,2,80,107,95.28125,22.389648,0,0.750041,78.53003,64
6b0a2dcfce170b30,128,0.744341,0,0,140616,2,84,107,94.53125,19.936523,0,0.743857,81.343495,64
6e565d94bb66b103,128,0.752092,0,0,145218,2,84,105,95.515625,23.702881,0,0.752119,81.480942,64
50eea31552a8ca43,128,0.757628,0,0,148520,2,77,110,96.21875,23.811523,0,0.757974,75.954529,64
3000203f06d5d2d0,128,0.74188,0,0,139460,2,82,108,94.21875,25.420898,0,0.742266,79.632745,64
4f7606e731da2ae8,128,0.751353,0,0,144725,2,81,106,95.421875,22.165771,0,0.751214,79.319485,64
66e4c5db81dc9a04,128,0.745202,0,0,141240,2,79,106,94.640625,24.042725,0,0.744968,77.714529,64
687bee416a3f74a8,128,0.74877,0,0,143171,2,85,105,95.09375,21.881836,0,0.748246,82.024847,64
362a2be260d7f797,128,0.749508,0,0,143665,2,82,111,95.1875,21.433594,0,0.749413,79.891585,64
0d16697764d473d7,128,0.747539,0,0,142565,2,83,110,94.9375,22.480469,0,0.747453,80.557947,64
806076adb44814c6,128,0.749877,0,0,143914,2,84,110,95.234375,22.976318,0,0.749882,81.416666,64
94403f2d998b6125,128,0.754429,0,0,146499,2,85,107,95.8125,22.074219,0,0.754213,82.382449,64
6bbc66bb493b626c,128,0.749631,0,0,143671,2,84,110,95.203125,23.036865,0,0.749118,81.352709,64
5f80e518f25134bd,128,0.749139,0,0,143529,2,84,108,95.140625,23.042725,0,0.749318,80.554013,64
2cfbfffbcee5f996,128,0.760089,0,0,149707,2,85,106,96.53125,19.389648,0,0.759398,82.819818,64
6413ee79d7805bf7,128,0.760704,0,0,150376,2,80,108,96.609375,23.675537,0,0.761292,78.688029,64
7eed91866cfe20f6,128,0.750984,0,0,144528,2,86,107,95.375,22.34375,0,0.750832,82.572855,64
002c2762bbeac9ce,128,0.746924,0,0,142335,2,82,106,94.859375,24.49585,0,0.747413,79.92977,64
c4d4a2d32ff3c529,128,0.748278,0,0,142963,2,85,110,95.03125,22.217773,0,0.74815,81.726031,64
8e2b99a385152e1f,128,0.750615,0,0,144321,2,82,106,95.328125,22.048584,0,0.750509,80.121591,64
daa205cac2e67966,128,0.749508,0,0,143735,2,81,104,95.1875,23.011719,0,0.749575,79.304016,64
b3e7607d93e93a45,128,0.743848,0,0,140656,2,75,105,94.46875,27.108398,0,0.744485,73.831724,64
7bc3f0e46a98502e,128,0.74877,0,0,143133,2,84,104,95.09375,21.491211,0,0.748097,81.537473,64
0619d29331af8fdc,128,0.746555,0,0,141923,2,85,106,94.8125,18.746094,0,0.746451,81.836873,64
4fc3b104ea5a83e0,128,0.755659,0,0,147395,2,82,110,95.96875,26.077148,0,0.755941,79.384945,64
bde79665841f058d,128,0.750123,0,0,144107,2,85,108,95.265625,25.773193,0,0.750196,81.457838,64
695d0ee4a976589c,128,0.751845,0,0,145249,2,82,108,95.484375,25.859131,0,0.752616,80.030334,64
e1382b3a04684acc,128,0.75812,0,0,148845,2,84,108,96.28125,25.499023,0,0.758578,81.219709,64
056273ed929f3358,128,0.742495,0,0,139767,2,79,106,94.296875,25.255615,0,0.742571,77.450315,64
7eed13018be7d2d0,128,0.744587,0,0,140936,2,83,106,94.5625,25.761719,0,0.744517,80.126067,64
550f3365528e04cd,128,0.738312,0,0,137345,2,83,107,93.765625,22.960693,0,0.738334,80.409052,64
ece4af62af447b82,128,0.756398,0,0,147842,2,80,107,96.0625,24.121094,0,0.756915,78.700743,64
0932c9f161d985ef,128,0.749754,0,0,144081,2,79,105,95.21875,27.952148,0,0.750641,77.164177,64
783f1fc8e2a04dca,128,0.747539,0,0,142303,2,85,104,94.9375,16.886719,0,0.746562,82.373398,64
84f56ddf555c1f71,128,0.747785,0,0,142715,2,80,108,94.96875,23.170898,0,0.747833,78.349258,64
db07bfd3ae8ad106,128,0.751722,0,0,145179,2,82,109,95.46875,26.280273,0,0.752457,79.66891,64
e628c750524f45b7,128,0.756398,0,0,147726,2,85,107,96.0625,23.621094,0,0.756399,82.526454,64
9a35e9039cacf48e,128,0.745202,0,0,141190,2,83,106,94.640625,21.6521,0,0.744997,80.923362,64
e2dbb8a082af7c13,128,0.746678,0,0,141868,2,84,105,94.828125,18.111084,0,0.745988,81.563764,64
cfa63dfb0ec5aca5,128,0.750615,0,0,144216,2,85,108,95.328125,19.501709,0,0.750253,81.429673,64
e7484db46a3afcff,128,0.755413,0,0,147101,2,86,113,95.9375,22.714844,0,0.755239,82.881743,64
e3ba32edb433339b,128,0.747662,0,0,142462,2,84,105,94.953125,18.388428,0,0.747007,81.180057,64
68779ea699c8d4f2,128,0.800689,0,0,175280,2,91,113,101.6875,22.574219,0,0.800769,88.586021,64
2178517ca6b74979,128,0.802288,0,0,176224,2,91,113,101.890625,20.566162,0,0.802008,88.731541,64
d636e1e8e5a5e00b,128,0.797859,0,0,173399,2,89,112,101.328125,19.954834,0,0.798017,87.024631,64
dd1bc741be12ca7f,128,0.796506,0,0,172522,2,86,113,101.15625,21.616211,0,0.796648,84.679217,64
39fbbce47c09bb21,128,0.802781,0,0,176487,2,90,113,101.953125,18.169678,0,0.802398,87.934441,64
306ff6b7b285bbac,128,0.792323,0,0,169854,2,88,112,100.625,22.328125,0,0.792451,86.033261,64
740a9b035c1477e1,128,0.800197,0,0,174738,2,90,111,101.625,16.3125,0,0.799716,88.040472,64
ebaecc2f5b7f4f4e,128,0.800935,0,0,175298,2,89,112,101.71875,17.905273,0,0.800685,87.264357,64
7eb06b2e6fe918b4,128,0.799582,0,0,174439,2,91,112,101.546875,18.950928,0,0.7994,88.427364,64
43a710c3cf4bd50d,128,0.792815,0,0,170208,2,92,114,100.6875,22.417969,0,0.793197,88.332089,64
0488cc984a86d4e7,128,0.797736,0,0,173467,2,91,112,101.3125,22.121094,0,0.798382,88.043917,64
0f628175a87fb33e,128,0.790723,0,0,168927,2,88,111,100.421875,24.634521,0,0.791209,86.07525,64
270f4c357685e749,128,0.795399,0,0,171716,2,86,113,101.015625,20.702881,0,0.795113,84.622035,64
3ec4cf32fff8251c,128,0.804503,0,0,177685,2,91,112,102.171875,19.032959,0,0.804314,88.897635,64
86171c895fec7512,128,0.79909,0,0,174148,2,89,113,101.484375,20.265381,0,0.798916,87.027719,64
7f2d4fc60c6007a2,128,0.799951,0,0,174553,2,90,111,101.59375,15.350586,0,0.799475,88.354688,64
36dcb612b2fb367e,128,0.795276,0,0,171582,2,90,112,101.0,17.140625,0,0.795018,87.876064,64
101e159339722585,128,0.796629,0,0,172688,2,89,111,101.171875,22.720459,0,0.796969,86.590481,64
0be75cb47b7aaf12,128,0.797367,0,0,173114,2,89,113,101.265625,22.132568,0,0.797503,86.455811,64
ea1b5d019748acf5,128,0.804872,0,0,177721,2,89,114,102.21875,16.202148,0,0.803961,87.362255,64
ad8eec41da0e06ce,128,0.800443,0,0,174926,2,91,113,101.65625,16.834961,0,0.800078,88.948262,64
eeab9cf556d7af0a,128,0.803396,0,0,176857,2,92,113,102.03125,16.155273,0,0.802994,89.342066,64
16b447d62422329d,128,0.799951,0,0,174993,2,89,116,101.59375,24.959961,0,0.800761,87.26406,64
15c6a3a0876f2b4e,128,0.806594,0,0,179347,2,90,114,102.4375,23.714844,0,0.807272,88.107007,64
6dabd89a7e9c2e57,128,0.803273,0,0,176917,2,88,113,102.015625,19.312256,0,0.803238,86.593267,64
b61c36e87841af64,128,0.799213,0,0,174158,2,89,110,101.5,18.140625,0,0.798967,86.979155,64
1ff066edc45f6454,128,0.800566,0,0,174873,2,93,112,101.671875,15.626709,0,0.799672,90.518406,64
d9c657524654a897,128,0.802657,0,0,176682,2,89,114,101.9375,23.308594,0,0.803124,86.599775,64
e5da1afd2a7d73d3,128,0.801058,0,0,175546,2,91,115,101.734375,21.038818,0,0.801364,88.775817,64
593d09948fbc1c2c,128,0.783957,0,0,164632,2,85,109,99.5625,24.152344,0,0.784462,83.064396,64
ad1d3c36a23e17e5,128,0.798105,0,0,173452,2,92,113,101.359375,18.480225,0,0.797847,89.250019,64
023ff70ae113853a,128,0.804503,0,0,177731,2,91,112,102.171875,20.001709,0,0.80444,88.796936,64
fe422a2b6c704faf,128,0.807948,0,0,180088,2,87,118,102.609375,19.831787,0,0.808162,85.691137,64
05cd8068c18e8525,128,0.798967,0,0,173953,2,90,114,101.46875,17.764648,0,0.798481,87.929495,64
2739b81b901ce5e3,128,0.802781,0,0,176638,2,89,114,101.953125,21.372803,0,0.802896,87.292265,64
24af59f5f53695a0,128,0.797982,0,0,173506,2,86,113,101.34375,20.569336,0,0.798176,84.737394,64
a4d73d484bf737db,128,0.80438,0,0,177346,2,93,112,102.15625,13.725586,0,0.80342,90.457472,64
c44f9c78be89c32c,128,0.800935,0,0,175194,2,91,113,101.71875,16.905273,0,0.800343,88.564018,64
8e41d85f50857f47,128,0.800443,0,0,174957,2,90,115,101.65625,18.178711,0,0.800065,87.912415,64
6a60abce55dcfd34,128,0.799951,0,0,174687,2,89,110,101.59375,18.569336,0,0.799808,86.806077,64
4668227e5e7f8e9a,128,0.80315,0,0,176811,2,90,112,102.0,19.28125,0,0.803054,87.869186,64
e9e0d235e48346b3,128,0.805241,0,0,178143,2,92,113,102.265625,17.695068,0,0.804994,89.500148,64
88ab635e0668d475,128,0.801304,0,0,175752,2,85,113,101.765625,21.866943,0,0.801825,83.845689,64
5ae86d2c6f9e2cb5,128,0.792569,0,0,169875,2,90,112,100.65625,19.256836,0,0.792343,87.293345,64
666d1904e3a3caaa,128,0.79872,0,0,173929,2,91,113,101.4375,19.746094,0,0.798721,88.750712,64
6d3a93fc25fc2979,128,0.794168,0,0,171224,2,85,112,100.859375,25.3396,0,0.79495,83.72729,64
9a2e17ad58f28a2b,128,0.803519,0,0,176980,2,92,113,102.046875,17.763428,0,0.803147,89.802784,64
70fd116ac6edb5b7,128,0.807825,0,0,180107,2,87,115,102.59375,22.100586,0,0.808357,85.660408,64
52cbbc1a7dcf33ce,128,0.790108,0,0,168386,2,88,112,100.34375,20.944336,0,0.790133,86.295247,64
310cfa206e607167,128,0.7922,0,0,169869,2,90,115,100.609375,24.003662,0,0.792743,87.266144,64
f39ddd81ce26c1be,128,0.80155,0,0,175704,2,88,111,101.796875,19.42749,0,0.801193,86.460981,64
1986bb728969d89f,128,0.791216,0,0,169118,2,90,113,100.484375,21.890381,0,0.791345,86.8176,64
a06861c2235524d9,128,0.804257,0,0,177495,2,89,114,102.140625,18.2771,0,0.803978,87.356031,64
7dbedc351a1a5007,128,0.799828,0,0,174659,2,92,113,101.578125,20.306396,0,0.799804,89.429459,64
f5af58d4658be4cc,128,0.79626,0,0,172495,2,88,111,101.125,23.859375,0,0.796812,86.368716,64
2ce179e29e40ff29,128,0.810039,0,0,181577,2,86,116,102.875,23.046875,0,0.810386,84.822055,64
e0546fc80768147f,128,0.80561,0,0,178433,2,88,112,102.3125,19.261719,0,0.805507,86.379859,64
8cc3594db442261d,128,0.79626,0,0,172218,2,87,111,101.125,16.765625,0,0.796047,85.479213,64
7f4b65ac1fdefa5c,128,0.804134,0,0,177578,2,91,113,102.125,21.09375,0,0.80445,88.797003,64
3a7c11870cb1e337,128,0.802534,0,0,176560,2,89,113,101.921875,22.275146,0,0.802958,87.490067,64
d3d05e83d493513e,128,0.796752,0,0,172619,2,90,110,101.1875,20.308594,0,0.796617,87.26076,64
4bd153f51eb84c23,128,0.796629,0,0,172669,2,88,111,101.171875,21.689209,0,0.796978,86.40784,64
7ce1854b6ae84c51,128,0.79909,0,0,174269,2,85,112,101.484375,20.921631,0,0.799538,83.803623,64
ab9f91a2929955f9,128,0.794537,0,0,171234,2,91,111,100.90625,20.022461,0,0.79465,87.974574,64
dae2885278a2998d,128,0.803027,0,0,176730,2,90,115,101.984375,19.156006,0,0.802944,88.414181,64
6d0aafdde987a19f,128,0.803273,0,0,176671,2,92,113,102.015625,15.406006,0,0.80244,89.693442,64
7f70789852a9f8ba,128,0.796998,0,0,172657,2,90,111,101.21875,18.108398,0,0.796468,88.140563,64
9ba4259c719df421,128,0.803642,0,0,176974,2,91,115,102.0625,17.277344,0,0.80291,89.083289,64
43b5468415ccb000,128,0.807333,0,0,179659,2,86,112,102.53125,19.717773,0,0.807548,84.809841,64
cc74a681bb2105c4,128,0.79503,0,0,171585,2,90,112,100.96875,21.889648,0,0.795161,87.854808,64
af1b49e3e7ac7128,128,0.802781,0,0,176644,2,92,114,101.953125,19.825928,0,0.802977,89.131362,64
0bd3737eee91728a,128,0.804995,0,0,178297,2,90,116,102.234375,24.554443,0,0.805703,88.046297,64
77bf9b46d6df3e86,128,0.795891,0,0,171939,2,89,112,101.078125,17.400146,0,0.795439,86.89387,64
d5ef7ccb6cab5e4d,128,0.797859,0,0,173558,2,87,111,101.328125,24.032959,0,0.798499,85.345635,64
f8c48219994fb655,128,0.797367,0,0,173350,2,88,116,101.265625,26.507568,0,0.798314,85.985446,64
5ebaa7837945e2c8,128,0.801304,0,0,175643,2,91,115,101.765625,20.085693,0,0.801369,88.442029,64
fac8b2864de49fee,128,0.806841,0,0,179366,2,88,113,102.46875,20.608398,0,0.807104,86.581116,64
617fc27f79fa1051,128,0.796629,0,0,172756,2,86,112,101.171875,24.111084,0,0.797162,84.496828,64
23465c9fc1662c38,128,0.795399,0,0,172021,2,87,115,101.015625,24.640381,0,0.7963,85.444531,64
bc84709f5a8408b6,128,0.79626,0,0,172329,2,88,112,101.125,20.46875,0,0.796268,86.31207,64
9c16ff226dda61cd,128,0.797367,0,0,172970,2,90,112,101.265625,19.491943,0,0.797101,87.855544,64
2b19db10621d9bd9,128,0.801058,0,0,175490,2,87,114,101.734375,20.210693,0,0.801223,85.609556,64
2007b29476829a0c,128,0.803273,0,0,176784,2,91,112,102.015625,17.921631,0,0.802755,88.875619,64
a3b5cab9e78b9d64,128,0.796998,0,0,172852,2,89,112,101.21875,21.749023,0,0.797111,86.954346,64
3bc4fd50b3776eba,128,0.790231,0,0,168476,2,89,110,100.359375,21.136475,0,0.790384,85.898695,64
740ecaa3ab5de237,128,0.791462,0,0,169065,2,90,111,100.515625,16.296631,0,0.790982,87.559562,64
38c9f69198fbe16a,128,0.803765,0,0,177330,2,89,112,102.078125,22.806396,0,0.803975,87.281756,64
3d545c16e0d7372e,128,0.797736,0,0,173374,2,89,111,101.3125,21.574219,0,0.798035,87.093269,64
ae42cde37110b5ec,128,0.800812,0,0,175163,2,88,115,101.703125,18.61499,0,0.800316,86.599564,64
46f8978210c0db51,128,0.802411,0,0,176175,2,90,113,101.90625,16.834961,0,0.801821,88.439599,64
66acae7144cee1ad,128,0.803396,0,0,176950,2,87,113,102.03125,18.249023,0,0.803235,85.711454,64
fbfb1da44c2a5a5b,128,0.796752,0,0,172686,2,87,111,101.1875,21.558594,0,0.796823,85.165205,64
f24a0fd48079b1d7,128,0.805856,0,0,178624,2,92,113,102.34375,20.209961,0,0.805758,89.219928,64
e4c7980b7276796f,128,0.792938,0,0,170276,2,87,111,100.703125,19.005615,0,0.793479,85.194561,64
0a8b57541b8a8686,128,0.80032,0,0,175067,2,89,113,101.640625,21.18335,0,0.800574,87.424745,64
64f0b91b6b58efa5,128,0.80155,0,0,175864,2,89,115,101.796875,21.755615,0,0.801759,87.051271,64
89cdd9acc54467c6,128,0.803765,0,0,177450,2,90,114,102.078125,23.962646,0,0.804308,88.363852,64
25c7c9676afe5539,128,0.801058,0,0,175495,2,91,112,101.734375,20.898193,0,0.801177,88.875212,64
6767280a38c3d3fc,128,0.797244,0,0,173020,2,88,115,101.25,20.78125,0,0.797436,86.619075,64
2ff32df7f5638655,128,0.799459,0,0,174387,2,89,112,101.53125,19.374023,0,0.799374,87.015312,64
20bcff0df83b01df,128,0.848671,0,0,208841,2,96,118,107.78125,20.061523,0,0.84921,94.276469,64
14ea56f5ac64360f,128,0.846457,0,0,206949,2,98,120,107.5,15.078125,0,0.846229,95.971582,64
72e86e0c5c82c898,128,0.846334,0,0,206716,2,95,115,107.484375,12.843506,0,0.845679,93.617159,64
d530512fadf378a2,128,0.849286,0,0,209054,2,99,118,107.859375,14.80835,0,0.849179,96.162022,64
dac3415f8bbb3db4,128,0.851255,0,0,210603,2,95,118,108.109375,15.347412,0,0.851472,93.689467,64
58187ede515d25c2,128,0.843012,0,0,204541,2,96,117,107.0625,17.011719,0,0.843126,93.914808,64
af63799a96af7304,128,0.854577,0,0,212975,2,101,118,108.53125,13.999023,0,0.854408,98.349727,64
4c86acecde6049c7,128,0.852977,0,0,211749,2,99,116,108.328125,14.095459,0,0.852696,96.800123,64
a5abd51dddb6046a,128,0.851993,0,0,211178,2,99,121,108.203125,16.505615,0,0.852175,96.610294,64
ed998d8bdb515797,128,0.856545,0,0,214637,2,97,117,108.78125,18.155273,0,0.856832,95.79787,64
e2bd4b6fabff1d0a,128,0.854085,0,0,212773,2,97,117,108.46875,17.374023,0,0.854406,95.042043,64
6851ab144193dddf,128,0.854331,0,0,212882,2,100,117,108.5,15.75,0,0.854417,97.572202,64
fcc2e3332949d87f,128,0.846334,0,0,206738,2,95,115,107.484375,12.890381,0,0.845761,93.731229,64
85af87464a7f6fa6,128,0.852239,0,0,211140,2,101,116,108.234375,14.132568,0,0.85172,97.561447,64
f2563398a951d7fd,128,0.851501,0,0,210693,2,98,117,108.140625,13.9021,0,0.85143,95.873958,64
c00d20ab1ae56a36,128,0.8531,0,0,211990,2,97,118,108.34375,16.413086,0,0.853262,95.720755,64
68f670e1ab7a0d4e,128,0.843012,0,0,204542,2,93,118,107.0625,17.636719,0,0.843123,91.838722,64
8a6f775b161647e9,128,0.854208,0,0,212822,2,98,117,108.484375,16.859131,0,0.854321,95.770902,64
d29832fca064a4d3,128,0.854946,0,0,213269,2,99,118,108.578125,15.212646,0,0.854774,96.625155,64
bca57d90eed215bc,128,0.854331,0,0,213006,2,91,118,108.5,17.78125,0,0.854726,90.161627,64
30e11f1566d0c80d,128,0.847195,0,0,207559,2,96,118,107.59375,16.147461,0,0.847165,94.287977,64
f9928a451acbd80c,128,0.853839,0,0,212601,2,96,117,108.4375,17.386719,0,0.854173,94.439832,64
f7d835f77b5514a8,128,0.851624,0,0,210849,2,96,117,108.15625,16.256836,0,0.851643,94.361806,64
bc126195d790caf3,128,0.850763,0,0,210283,2,97,117,108.046875,17.435303,0,0.85101,95.112031,64
f607588365fe0184,128,0.851501,0,0,210866,2,97,120,108.140625,19.0271,0,0.851756,95.389067,64
e888483109dd5f50,128,0.844488,0,0,205534,2,95,116,107.25,15.984375,0,0.844351,93.532191,64
2c32b5cfcb3215f3,128,0.852854,0,0,212027,2,96,120,108.3125,20.433594,0,0.853612,94.355387,64
cc4e528d35e09a8e,128,0.845472,0,0,206355,2,97,116,107.375,17.28125,0,0.845625,95.069505,64
c24403faff9ac45b,128,0.851993,0,0,211185,2,97,120,108.203125,16.474365,0,0.852282,95.325059,64
c270c113c334300a,128,0.840059,0,0,202412,2,97,117,106.6875,18.121094,0,0.840151,94.654966,64
30437a81289580fd,128,0.851624,0,0,210914,2,99,116,108.15625,16.038086,0,0.851905,96.243023,64
8102aa46805d8308,128,0.847564,0,0,207907,2,98,119,107.640625,17.042725,0,0.847772,95.740078,64
77dc7a785cde60be,128,0.849409,0,0,209043,2,96,115,107.875,12.796875,0,0.849008,94.344832,64
3b6a4b73b6cf7499,128,0.843135,0,0,204534,2,97,115,107.078125,15.603271,0,0.842915,94.564639,64
a3d174e92227c681,128,0.845472,0,0,206295,2,92,117,107.375,17.234375,0,0.845351,91.082668,64
3d1d1273112a3ce2,128,0.855438,0,0,213701,2,97,117,108.640625,15.355225,0,0.855467,95.106446,64
4ef3fea63cfff98e,128,0.852608,0,0,211557,2,97,118,108.28125,15.499023,0,0.852568,95.531056,64
274a5f878eca60ab,128,0.849656,0,0,209338,2,98,118,107.90625,14.194336,0,0.849572,95.872067,64
65f65bb3e070f52a,128,0.850148,0,0,209751,2,95,117,107.96875,15.530273,0,0.850232,93.093054,64
17d90a825cfb2345,128,0.848917,0,0,208952,2,96,120,107.8125,18.652344,0,0.849258,94.031598,64
c2f190d248f42cf6,128,0.852977,0,0,211760,2,98,116,108.328125,14.470459,0,0.852742,96.243617,64
90872c6239db6864,128,0.848671,0,0,208724,2,98,117,107.78125,17.764648,0,0.848841,95.240189,64
87c469d75488f3ac,128,0.846457,0,0,206801,2,97,116,107.5,13.40625,0,0.845726,94.999177,64
43f58da947b76f60,128,0.852608,0,0,211522,2,98,117,108.28125,14.045898,0,0.852555,96.303589,64
c3fd6e0ceb63328c,128,0.847687,0,0,207899,2,99,117,107.65625,14.834961,0,0.847685,95.877724,64
8d407c173ad9a685,128,0.850394,0,0,209599,2,101,117,108.0,10.40625,0,0.849441,97.850772,64
d3be310064386b3d,128,0.8531,0,0,211700,2,101,115,108.34375,11.084961,0,0.852454,98.514291,64
4eb5c949a4387382,128,0.845349,0,0,206191,2,97,117,107.359375,15.886475,0,0.845302,95.216243,64
caf0dbce59fef2b0,128,0.846211,0,0,207067,2,94,118,107.46875,20.170898,0,0.846852,92.645729,64
99067e1dd1a88176,128,0.851624,0,0,210729,2,98,118,108.15625,13.569336,0,0.851354,96.00022,64
e5ebce0d3d094e52,128,0.848302,0,0,208259,2,96,117,107.734375,14.851318,0,0.847879,94.445692,64
c6a75f256d5ff173,128,0.854577,0,0,213135,2,97,118,108.53125,16.483398,0,0.854906,95.55143,64
d1bdb09e62c1bda5,128,0.844857,0,0,205954,2,94,118,107.296875,18.61499,0,0.845116,92.682182,64
06fc5d74eea2696d,128,0.846334,0,0,206688,2,99,116,107.484375,12.343506,0,0.845631,96.343624,64
2e5a8170f9b35c37,128,0.850394,0,0,209995,2,97,118,108.0,17.09375,0,0.850581,95.363242,64
101c48dfda9b42b8,128,0.850025,0,0,209542,2,95,118,107.953125,14.341553,0,0.849627,93.936358,64
4172e1f6ac1db6f9,128,0.848671,0,0,208723,2,96,117,107.78125,17.139648,0,0.848859,94.241094,64
9cebcc6329215c16,128,0.848302,0,0,208441,2,96,121,107.734375,17.148193,0,0.848473,94.044086,64
723b238018532a97,128,0.852239,0,0,211433,2,97,118,108.234375,17.976318,0,0.852642,94.821486,64
37d0ef701b4fd529,128,0.853223,0,0,212165,2,98,119,108.359375,18.05835,0,0.853581,95.94922,64
35159eb7da52fdec,128,0.851255,0,0,210681,2,95,117,108.109375,18.113037,0,0.851598,93.662962,64
5303718956d5abc4,128,0.854331,0,0,212830,2,95,117,108.5,15.0,0,0.85426,93.916074,64
0b61a30192cc0adf,128,0.850394,0,0,209933,2,95,117,108.0,16.046875,0,0.850382,93.689725,64
a11d4952d99fd08c,128,0.845719,0,0,206468,2,98,118,107.40625,15.694336,0,0.845694,95.653424,64
7377bfde0e071782,128,0.852362,0,0,211426,2,96,117,108.25,16.953125,0,0.852436,94.823545,64
df48111eb3f74799,128,0.859498,0,0,216817,2,97,117,109.15625,16.444336,0,0.859684,95.583167,64
6b2f97559870fdf3,128,0.847441,0,0,207781,2,96,117,107.625,17.53125,0,0.847484,94.350576,64
40f161d202c81e0b,128,0.847195,0,0,207669,2,93,117,107.59375,18.694336,0,0.847467,91.944239,64
dfbf0612be8b2195,128,0.851624,0,0,210759,2,96,118,108.15625,14.881836,0,0.851348,94.547349,64
94f783fbe96be40c,128,0.859129,0,0,216480,2,97,120,109.109375,15.206787,0,0.859133,95.694407,64
9d955ad6f66780d1,128,0.845349,0,0,206287,2,98,119,107.359375,17.698975,0,0.845581,95.479242,64
e07eb0df78e8bb1f,128,0.847687,0,0,208137,2,96,118,107.65625,19.225586,0,0.848383,94.443079,64
99406d5e0608a647,128,0.840551,0,0,202780,2,93,116,106.75,17.5,0,0.840723,91.701346,64
cbfd21f7392c4cee,128,0.849409,0,0,209308,2,97,118,107.875,17.640625,0,0.849699,95.492082,64
e5b002ef213345d5,128,0.848056,0,0,208279,2,96,117,107.703125,17.89624,0,0.848273,94.398355,64
c2660541589c6c4c,128,0.8531,0,0,211923,2,97,119,108.34375,15.366211,0,0.853056,95.604863,64
7a83d0b1085401e6,128,0.843996,0,0,205131,2,97,117,107.1875,15.105469,0,0.843708,94.754056,64
9c1527e3c1b2ae58,128,0.843258,0,0,204567,2,99,116,107.09375,14.475586,0,0.842943,95.607023,64
4bc1ca353e21bd11,128,0.853469,0,0,212027,2,100,118,108.390625,12.394287,0,0.852949,97.864403,64
1deeea8bc94217be,128,0.85187,0,0,210983,2,95,118,108.1875,15.933594,0,0.851697,93.728415,64
3d9ba7031a36517e,128,0.856176,0,0,214164,2,97,118,108.734375,14.398193,0,0.855934,95.681509,64
4028d1a15fd1deec,128,0.847933,0,0,207978,2,99,117,107.6875,14.667969,0,0.847532,95.977075,64
648fecbdda20aae9,128,0.847072,0,0,207459,2,95,116,107.578125,15.915771,0,0.847009,93.486158,64
c9ac38b7cccc5a89,128,0.851009,0,0,210570,2,98,118,108.078125,19.150146,0,0.851575,95.90938,64
6c9e115f5a9da767,128,0.845103,0,0,206035,2,99,117,107.328125,15.376709,0,0.845214,96.013322,64
b991bb25d497c696,128,0.85593,0,0,214027,2,98,121,108.703125,15.068115,0,0.855844,96.026265,64
d53cc2cfeb9e08c2,128,0.853346,0,0,212178,2,98,117,108.375,17.0625,0,0.853437,96.24097,64
2bcbf6668136ba51,128,0.850148,0,0,209702,2,97,118,107.96875,14.608398,0,0.850051,95.043666,64
c5fb9d28a2a3f55b,128,0.848917,0,0,208729,2,98,117,107.8125,13.730469,0,0.848659,95.926534,64
9a2b6b6e6c5d8a13,128,0.848671,0,0,208616,2,99,117,107.78125,15.249023,0,0.848586,96.637212,64
14a9c7c299603b4e,128,0.847687,0,0,207836,2,95,118,107.65625,13.772461,0,0.847439,93.683432,64
31f4c4fc4fb4abab,128,0.853839,0,0,212586,2,99,118,108.4375,17.933594,0,0.854077,96.326793,64
2296e26f8142e5e3,128,0.85187,0,0,211072,2,97,117,108.1875,15.527344,0,0.852105,95.203592,64
b6c78cdc08aebd30,128,0.848548,0,0,208665,2,92,116,107.765625,17.413818,0,0.848876,91.037813,64
09cb4ec0c471f5a1,128,0.846334,0,0,206769,2,95,117,107.484375,13.468506,0,0.845878,93.609602,64
70a0621794bd3a2b,128,0.854331,0,0,212937,2,99,120,108.5,17.578125,0,0.854522,96.834973,64
550744cf8815e6b2,128,0.857653,0,0,215304,2,95,118,108.921875,14.712646,0,0.857509,93.894024,64
f686cb6880cd1645,128,0.853223,0,0,211871,2,98,117,108.359375,12.6521,0,0.852772,96.353826,64
52931e12b8b0b71f,128,0.855315,0,0,213641,2,96,117,108.625,16.53125,0,0.855464,94.691099,64
d46275dbfbdb5e9d,128,0.841781,0,0,203829,2,96,119,106.90625,19.944336,0,0.842489,94.083221,64
0a1128878efafc89,128,0.896161,0,0,245724,2,105,121,113.8125,12.214844,0,0.896263,103.634962,64
be236f19a378b753,128,0.901698,0,0,250259,2,105,122,114.515625,11.093506,0,0.9017,103.334868,64
7d5b964f5b1fca19,128,0.901083,0,0,249690,2,106,122,114.4375,10.105469,0,0.900917,104.455584,64
37bcbf88abc9c162,128,0.899606,0,0,248481,2,105,125,114.25,10.390625,0,0.899515,103.301718,64
70aba4883a328c18,128,0.904528,0,0,252698,2,107,124,114.875,12.109375,0,0.904684,105.614661,64
fe5d3c83bc9d95fd,128,0.903051,0,0,251291,2,105,120,114.6875,9.292969,0,0.902791,103.690744,64
fc1ee8a752b36d65,128,0.902067,0,0,250500,2,103,122,114.5625,10.121094,0,0.90186,102.117116,64
1f026e2f9dcd8a7b,128,0.899114,0,0,248020,2,105,121,114.1875,9.308594,0,0.89889,103.423809,64
b2462d84d235a826,128,0.898991,0,0,247965,2,104,121,114.171875,10.532959,0,0.898856,102.862406,64
85f3e8e520bcb47f,128,0.906742,0,0,254460,2,106,122,115.15625,10.147461,0,0.90666,104.73627,64
7cace86ab85dabea,128,0.905266,0,0,253368,2,105,123,114.96875,12.577148,0,0.905575,103.707328,64
16981e389106a5d5,128,0.901452,0,0,250104,2,106,122,114.484375,11.546631,0,0.90157,104.286301,64
044e5b9c8e7f1f92,128,0.902928,0,0,251218,2,107,121,114.671875,9.392334,0,0.902775,105.033846,64
c0608d5e21f658a2,128,0.90502,0,0,253147,2,105,123,114.9375,12.839844,0,0.90529,103.353591,64
8d423f42bb4313f8,128,0.905389,0,0,253326,2,107,123,114.984375,10.343506,0,0.905335,105.511574,64
cefbff80bb200eb1,128,0.896777,0,0,246091,2,107,122,113.890625,9.847412,0,0.896525,104.623782,64
e7eb99edaa007735,128,0.898622,0,0,247802,2,104,122,114.125,13.21875,0,0.898854,102.453791,64
2f50d3562a337599,128,0.901452,0,0,249978,2,107,121,114.484375,9.327881,0,0.901277,104.71557,64
5a6b15ae2a64f63e,128,0.909695,0,0,256982,2,107,123,115.53125,10.467773,0,0.909665,105.585171,64
3ac849524bc80c65,128,0.898253,0,0,247523,2,105,123,114.078125,13.212646,0,0.898558,103.173906,64
a177f6cda8c55af4,128,0.899975,0,0,248826,2,104,121,114.296875,10.70874,0,0.899987,102.80533,64
dbdf305ef61fa768,128,0.898499,0,0,247739,2,102,123,114.109375,13.519287,0,0.898838,100.890276,64
6578f1ca1e309f3d,128,0.897146,0,0,246447,2,106,121,113.9375,10.730469,0,0.897029,103.690632,64
100a93e1371f1379,128,0.900221,0,0,249131,2,100,124,114.328125,12.392334,0,0.9005,99.227985,64
a30586007a8b7c8c,128,0.896161,0,0,245722,2,105,120,113.8125,12.980469,0,0.896233,102.446413,64
e8e0d0fc0af612b4,128,0.900468,0,0,249310,2,103,122,114.359375,12.18335,0,0.900621,101.967918,64
fea94941d0e2cfb2,128,0.900468,0,0,249238,2,104,123,114.359375,10.917725,0,0.900472,102.973546,64
9aba09c1f0e39dad,128,0.898991,0,0,248091,2,103,124,114.171875,12.095459,0,0.8992,102.03737,64
c57c5d34ef322281,128,0.902067,0,0,250533,2,105,122,114.5625,10.808594,0,0.901963,103.686665,64
1ab26ea1216b078c,128,0.901083,0,0,249777,2,104,121,114.4375,11.496094,0,0.901153,102.275204,64
ebaaaa18be2821c1,128,0.900221,0,0,249130,2,103,122,114.328125,13.048584,0,0.900466,102.054759,64
9cee01d9351621f7,128,0.897515,0,0,246708,2,104,121,113.984375,10.531006,0,0.897249,102.803011,64
431da753cc7187bd,128,0.901206,0,0,249870,2,106,122,114.453125,11.622803,0,0.901212,104.011376,64
1b1b0449a06f1c90,128,0.898745,0,0,247686,2,107,121,114.140625,9.24585,0,0.898421,104.751804,64
e86309846435b02c,128,0.903666,0,0,251867,2,103,122,114.765625,9.804443,0,0.9036,102.049083,64
f0dc5b3d1ce5f5bd,128,0.897884,0,0,247194,2,102,121,114.03125,13.389648,0,0.898103,100.845918,64
4ed39b5499e4f917,128,0.902436,0,0,250850,2,107,122,114.609375,10.425537,0,0.902372,105.106083,64
700ccd107839e1e1,128,0.899483,0,0,248480,2,100,122,114.234375,12.288818,0,0.899627,99.11056,64
c1ab4b128116ebe4,128,0.904528,0,0,252480,2,107,122,114.875,8.515625,0,0.904145,105.616521,64
a95d22d93648d75c,128,0.905635,0,0,253406,2,107,122,115.015625,8.015381,0,0.905267,105.482098,64
ca597d128485d2e9,128,0.904281,0,0,252452,2,106,121,114.84375,11.819336,0,0.904313,103.949006,64
7a33e9903dff3640,128,0.901083,0,0,249678,2,104,121,114.4375,10.527344,0,0.900861,103.132488,64
3f502ba4e41a8e50,128,0.902682,0,0,251062,2,106,123,114.640625,10.542725,0,0.902636,104.55413,64
f93b52a42e120eaa,128,0.905512,0,0,253479,2,106,123,115.0,11.125,0,0.905593,104.666611,64
be533f74cbd360b0,128,0.897638,0,0,246923,2,101,121,114.0,11.375,0,0.897732,100.090866,64
2dfe0faad683d9cd,128,0.905635,0,0,253443,2,106,121,115.015625,8.921631,0,0.905322,104.677657,64
de6e11286c17b1ec,128,0.900591,0,0,249190,2,106,122,114.375,9.046875,0,0.90018,104.730743,64
ab84def400173f1d,128,0.905635,0,0,253555,2,107,123,115.015625,10.796631,0,0.905641,104.721025,64
40eed7060885998b,128,0.902682,0,0,251120,2,107,123,114.640625,11.3396,0,0.902783,104.880233,64
b91169ad2978c38a,128,0.899606,0,0,248607,2,104,121,114.25,13.0625,0,0.899807,102.303061,64
af9ebb3fa8d39a43,128,0.901575,0,0,250167,2,106,123,114.5,11.640625,0,0.90156,104.206262,64
4fbed863aca0d981,128,0.901944,0,0,250388,2,106,124,114.546875,9.247803,0,0.90177,104.069491,64
f48e2000601eca46,128,0.897269,0,0,246751,2,104,123,113.953125,14.669678,0,0.89762,102.564256,64
0ce87950149f2f76,128,0.89813,0,0,247308,2,105,123,114.0625,11.558594,0,0.898133,103.649651,64
1454bda2793635c9,128,0.896038,0,0,245530,2,105,120,113.796875,11.130615,0,0.895894,102.861942,64
2f67f504f25f4f09,128,0.903666,0,0,251905,2,106,122,114.765625,10.632568,0,0.903667,104.557775,64
491d8bd1ac2bf8d5,128,0.905266,0,0,253426,2,105,124,114.96875,13.295898,0,0.905742,103.624311,64
6ee0ec0aba2fa106,128,0.907603,0,0,255191,2,106,123,115.265625,10.523193,0,0.907521,104.586075,64
170df1910dffe705,128,0.895177,0,0,244876,2,105,121,113.6875,11.605469,0,0.89519,103.056734,64
243068a0a9420776,128,0.899852,0,0,248689,2,106,124,114.28125,10.842773,0,0.899742,104.25797,64
4d3a6752b8c25644,128,0.903174,0,0,251612,2,106,121,114.703125,13.17749,0,0.903459,104.268974,64
817d172e1ca33644,128,0.900468,0,0,249263,2,107,122,114.359375,11.886475,0,0.900503,104.491656,64
66f6e6e5adb3f9b9,128,0.895423,0,0,245082,2,103,121,113.71875,11.374023,0,0.895451,101.753964,64
5ff807db7884d395,128,0.900837,0,0,249538,2,106,121,114.40625,10.553711,0,0.900853,104.117871,64
5192cf77aaad6d56,128,0.895669,0,0,245227,2,104,122,113.75,11.0625,0,0.895497,102.879187,64
25ecfcdcdb8fd250,128,0.89813,0,0,247235,2,107,122,114.0625,9.855469,0,0.897988,104.92093,64
5394fc612605eb3c,128,0.898622,0,0,247848,2,105,122,114.125,13.703125,0,0.898989,103.472883,64
3c977e6c666af4f6,128,0.898007,0,0,247122,2,104,123,114.046875,10.029053,0,0.897806,102.683787,64
53c90721fa139c1a,128,0.898007,0,0,247125,2,103,121,114.046875,10.669678,0,0.897792,101.965759,64
662848964f3d85bc,128,0.899483,0,0,248526,2,105,123,114.234375,13.210693,0,0.899739,103.4195,64
4432f259d278281a,128,0.900468,0,0,249150,2,106,121,114.359375,9.698975,0,0.900241,104.487985,64
5ee20ab8013cc7a8,128,0.897146,0,0,246480,2,102,122,113.9375,11.121094,0,0.897141,100.760444,64
eeb5ab7d2535c64d,128,0.89936,0,0,248278,2,106,123,114.21875,9.952148,0,0.899286,104.357655,64
524c1bc6a0836291,128,0.889395,0,0,240155,2,106,122,112.953125,12.060303,0,0.889393,102.883498,64
56f9604e86cc0ab6,128,0.897515,0,0,246684,2,105,121,113.984375,9.671631,0,0.897222,103.552215,64
23686f1dba7b1342,128,0.900468,0,0,249145,2,107,122,114.359375,9.4646,0,0.900224,104.941517,64
2ce64298094abad0,128,0.896531,0,0,245914,2,105,122,113.859375,10.761475,0,0.896324,103.043582,64
bb542b5299ecb652,128,0.901206,0,0,249710,2,105,121,114.453125,8.654053,0,0.900855,103.881709,64
c802cc9af53084a7,128,0.897269,0,0,246572,2,105,122,113.953125,11.107178,0,0.897212,103.552442,64
57f5d5e5feb54ee0,128,0.901821,0,0,250369,2,106,123,114.53125,11.014648,0,0.901824,104.49895,64
36709cec17c567b7,128,0.898253,0,0,247485,2,104,123,114.078125,12.775146,0,0.898459,102.512036,64
1cdb714c777b6b37,128,0.904897,0,0,252875,2,107,123,114.921875,9.759521,0,0.904746,105.090429,64
795e47f24ce65dcf,128,0.903543,0,0,251941,2,106,122,114.75,13.046875,0,0.903886,104.018473,64
2058d00c473d7f1e,128,0.898622,0,0,247850,2,104,125,114.125,14.171875,0,0.898963,102.507009,64
99850928762a5ea6,128,0.899237,0,0,248306,2,102,123,114.203125,13.02124,0,0.899424,101.134102,64
995748b327854646,128,0.901821,0,0,250448,2,105,123,114.53125,12.264648,0,0.902036,103.302533,64
6943b64fae09a286,128,0.907603,0,0,255170,2,106,122,115.265625,9.679443,0,0.907506,104.785178,64
b55d4ea903e77248,128,0.902682,0,0,250979,2,106,123,114.640625,9.448975,0,0.902412,104.463213,64
24ac1caa44276bf0,128,0.900837,0,0,249586,2,106,121,114.40625,12.006836,0,0.900921,103.840304,64
9e59a67aaa7d4016,128,0.902928,0,0,251352,2,104,124,114.671875,11.892334,0,0.903086,102.896004,64
04441c6ec6789637,128,0.899237,0,0,248111,2,107,122,114.203125,9.505615,0,0.898952,105.01954,64
269a062ff9b4c85b,128,0.902682,0,0,250990,2,105,123,114.640625,9.2771,0,0.902464,103.70626,64
c49d0cf4c8421359,128,0.900591,0,0,249409,2,106,123,114.375,12.484375,0,0.900731,104.463906,64
3245094a9a4bc8de,128,0.895054,0,0,244887,2,103,122,113.671875,14.095459,0,0.895285,102.01747,64
39a44f2d987a7381,128,0.898622,0,0,247780,2,103,123,114.125,13.0,0,0.898775,101.97664,64
b945bb2f6d22748a,128,0.893701,0,0,243602,2,105,122,113.5,10.65625,0,0.893547,102.579115,64
0c52421aedd9648f,128,0.894439,0,0,244235,2,103,123,113.59375,11.006836,0,0.894394,101.77407,64
734751549ce12f14,128,0.900591,0,0,249322,2,103,122,114.375,11.125,0,0.900534,101.878078,64
b332ea3d77c5153a,128,0.904035,0,0,252175,2,106,122,114.8125,10.042969,0,0.903923,104.562836,64
6b0db007b8368827,128,0.904528,0,0,252590,2,107,123,114.875,10.078125,0,0.90444,105.238435,64
8ac22f24bbdca629,128,0.95251,0,0,294959,2,114,125,120.96875,4.749023,0,0.95241,112.785368,64
52d697795c03bb7b,128,0.950172,0,0,292788,2,114,127,120.671875,5.064209,0,0.950056,113.118103,64
e70d6043a463b3a3,128,0.952264,0,0,294808,2,115,127,120.9375,6.261719,0,0.95232,113.065198,64
99a8256f5adf5dfb,128,0.952264,0,0,294878,2,113,127,120.9375,7.230469,0,0.952484,112.138456,64
fbd580c07a2be440,128,0.949065,0,0,291879,2,112,126,120.53125,7.108398,0,0.949192,111.321766,64
f3c01c523665f3ad,128,0.952879,0,0,295360,2,115,126,121.015625,5.546631,0,0.952915,113.399006,64
3a161474cde54315,128,0.950418,0,0,293118,2,114,126,120.703125,6.724365,0,0.950528,112.846656,64
265e1e8a7c8561e7,128,0.95128,0,0,294011,2,112,126,120.8125,8.277344,0,0.951603,110.526063,64
99ba1a69f75df84a,128,0.948081,0,0,290904,2,114,125,120.40625,5.975586,0,0.948073,112.240668,64
0635271ac72ebc2e,128,0.947712,0,0,290538,2,114,126,120.359375,5.636475,0,0.947632,112.890918,64
0ffd0058d85cb1bf,128,0.951526,0,0,294162,2,114,126,120.84375,6.788086,0,0.951678,113.002171,64
57aa5905f1fd5102,128,0.948942,0,0,291746,2,113,126,120.515625,6.718506,0,0.94904,111.726006,64
d67da8c429e2fcc6,128,0.950664,0,0,293242,2,115,125,120.734375,5.054443,0,0.950539,113.924081,64
5facc634b78e7951,128,0.947835,0,0,290778,2,111,126,120.375,7.84375,0,0.948048,110.056353,64
4cfd22fdce73bcd1,128,0.950172,0,0,292853,2,114,126,120.671875,6.267334,0,0.950188,112.781487,64
ee3bf98d398b7f3c,128,0.947343,0,0,290218,2,112,126,120.3125,5.886719,0,0.947321,111.037678,64
aab8c401d154cb23,128,0.947835,0,0,290596,2,116,126,120.375,4.703125,0,0.947642,113.792372,64
39a8ee28f95fa0ee,128,0.946973,0,0,290012,2,112,127,120.265625,8.288818,0,0.947235,111.210095,64
c4bc2a39d0ba0279,128,0.950418,0,0,293068,2,115,127,120.703125,5.943115,0,0.95042,113.434291,64
91a18e6fbaebce52,128,0.949065,0,0,291848,2,113,125,120.53125,6.499023,0,0.949133,111.95914,64
1f0a0145c5e5b3e5,128,0.949557,0,0,292279,2,115,127,120.59375,6.194336,0,0.94957,112.783667,64
3016458b9c53ef9e,128,0.947712,0,0,290580,2,113,127,120.359375,6.417725,0,0.947724,111.764886,64
96b8cbc2eb9d56bf,128,0.95091,0,0,293456,2,114,127,120.765625,4.570068,0,0.95077,113.113427,64
9338d25c0346b9ae,128,0.947712,0,0,290553,2,113,127,120.359375,6.042725,0,0.947665,111.916052,64
d0ecd2ba13df112e,128,0.955955,0,0,298200,2,114,126,121.40625,5.006836,0,0.955902,113.394369,64
9701ccb044856c3a,128,0.948942,0,0,291676,2,114,127,120.515625,5.624756,0,0.94888,112.681383,64
a4841b1de9114205,128,0.952264,0,0,294847,2,113,126,120.9375,6.855469,0,0.952415,112.011803,64
0819e0a07dde4256,128,0.951895,0,0,294395,2,115,126,120.890625,5.144287,0,0.95179,113.754337,64
a0d7eadc338c8542,128,0.948819,0,0,291658,2,113,126,120.5,7.109375,0,0.948976,111.937028,64
4afcec8ab101a2a4,128,0.949065,0,0,291815,2,114,126,120.53125,5.905273,0,0.949061,112.967352,64
06b9d2606ea8f2f6,128,0.948819,0,0,291637,2,110,125,120.5,6.875,0,0.948917,109.335425,64
4ead2a144c801edd,128,0.95251,0,0,295026,2,113,126,120.96875,6.155273,0,0.952535,112.007977,64
fffdc1239c51672d,128,0.951526,0,0,294042,2,115,126,120.84375,4.788086,0,0.951415,113.692804,64
5ca832f28f4def70,128,0.948204,0,0,291072,2,113,126,120.421875,6.993896,0,0.948303,111.771091,64
2f62a79b027e605c,128,0.947958,0,0,290878,2,113,126,120.390625,7.456787,0,0.948147,111.606996,64
f8489eb58cdc7100,128,0.945866,0,0,288813,2,114,127,120.125,5.609375,0,0.945712,112.257028,64
aef2dc897e0c43d7,128,0.95374,0,0,296134,2,114,126,121.125,5.296875,0,0.953698,113.334246,64
e1821e03ab50219a,128,0.950049,0,0,292671,2,113,126,120.65625,4.928711,0,0.949928,112.162483,64
5b693ce5fb407d38,128,0.94845,0,0,291299,2,112,126,120.453125,7.044678,0,0.948553,110.921786,64
75b8db2eff53e12d,128,0.953248,0,0,295666,2,115,127,121.0625,5.089844,0,0.953184,113.858718,64
5fa6ec6515acd55f,128,0.95091,0,0,293527,2,114,127,120.765625,5.679443,0,0.950927,112.892966,64
9b1b9fc7259e87af,128,0.950172,0,0,292825,2,114,126,120.671875,5.876709,0,0.950122,112.961866,64
c9394a2a83a46d1c,128,0.944144,0,0,287321,2,110,125,119.90625,7.022461,0,0.944181,109.159164,64
9dfad1d58d092271,128,0.947219,0,0,290129,2,113,126,120.296875,6.599365,0,0.947222,111.929303,64
6194c6bccbb06188,128,0.950664,0,0,293348,2,114,126,120.734375,6.726318,0,0.950779,112.588938,64
97e643221620cd2b,128,0.945743,0,0,288729,2,113,126,120.109375,5.972412,0,0.945658,111.882769,64
4b3e4bca8bb6ba97,128,0.950418,0,0,293061,2,113,126,120.703125,5.943115,0,0.950392,111.464723,64
3ff74d675fe8ceb2,128,0.950664,0,0,293272,2,113,126,120.734375,5.491943,0,0.950599,112.302754,64
da6c7f3dad96ab43,128,0.946727,0,0,289729,2,109,126,120.234375,7.257568,0,0.946861,108.640381,64
275c12e7c08792ff,128,0.94968,0,0,292435,2,110,126,120.609375,6.847412,0,0.949785,109.47055,64
9016ac1fe32b7e3a,128,0.948573,0,0,291432,2,113,126,120.46875,7.280273,0,0.948722,111.947419,64
c351d343ea6bcd61,128,0.947835,0,0,290711,2,114,126,120.375,6.796875,0,0.94789,112.149654,64
dc63ebc2bb998be6,128,0.950664,0,0,293189,2,116,126,120.734375,4.101318,0,0.950424,114.521365,64
aa649b295789fffb,128,0.950295,0,0,293020,2,112,126,120.6875,6.980469,0,0.950444,111.057203,64
19e0a4a02441997e,128,0.946604,0,0,289574,2,114,125,120.21875,6.780273,0,0.946639,112.606534,64
bcccaad2d7bff089,128,0.947589,0,0,290493,2,113,126,120.34375,6.834961,0,0.947664,111.853008,64
4bde6b03e87f3e8f,128,0.946604,0,0,289537,2,111,126,120.21875,6.249023,0,0.946556,110.241346,64
87193a242fd3c93d,128,0.95251,0,0,294942,2,116,126,120.96875,4.561523,0,0.952362,114.343241,64
83705e3a21cae126,128,0.954601,0,0,296953,2,112,126,121.234375,5.351318,0,0.954595,111.431137,64
8028bde7ebc39be8,128,0.944513,0,0,287630,2,111,125,119.953125,6.435303,0,0.944488,110.377892,64
14206dcadeec2405,128,0.951895,0,0,294516,2,109,126,120.890625,7.081787,0,0.952067,108.451226,64
0855663a06b22a75,128,0.945128,0,0,288226,2,112,125,120.03125,6.811523,0,0.945188,110.482396,64
f0cc12fad559a238,128,0.953494,0,0,295936,2,116,126,121.09375,5.834961,0,0.953519,113.628741,64
e623d06773cec180,128,0.95091,0,0,293506,2,112,125,120.765625,5.648193,0,0.950862,111.313357,64
fac54253e7ac2e1c,128,0.951649,0,0,294211,2,114,126,120.859375,5.7146,0,0.951662,112.950073,64
3770a29f8d61201f,128,0.94845,0,0,291272,2,110,125,120.453125,6.388428,0,0.948496,109.352131,64
6dd7e45cf6195551,128,0.951403,0,0,294071,2,112,126,120.828125,7.267334,0,0.951606,111.151247,64
7bd742605a4d21ec,128,0.950418,0,0,293012,2,115,126,120.703125,4.98999,0,0.950293,113.549793,64
3b1250819b247e41,128,0.951772,0,0,294329,2,112,126,120.875,5.9375,0,0.95179,111.486778,64
284c4d1e1bb0a924,128,0.95128,0,0,293862,2,113,126,120.8125,5.839844,0,0.951266,112.375846,64
92afe686877c8e5e,128,0.951156,0,0,293802,2,113,126,120.796875,6.67749,0,0.951263,112.117547,64
2a400ef3da06cf2c,128,0.95534,0,0,297648,2,115,126,121.328125,5.251709,0,0.955355,114.091981,64
ed79f839262b68e9,128,0.947835,0,0,290712,2,113,126,120.375,6.75,0,0.947897,111.748318,64
f2e4a1dca7520e80,128,0.949557,0,0,292274,2,115,127,120.59375,6.038086,0,0.949555,113.233312,64
6e5a0ffbcefd9d6e,128,0.955094,0,0,297418,2,111,126,121.296875,5.411865,0,0.955099,110.48963,64
64875eb8d005e4ce,128,0.950664,0,0,293268,2,115,126,120.734375,5.335693,0,0.950606,113.494674,64
e67f3672c38ad7a2,128,0.94968,0,0,292451,2,114,126,120.609375,7.081787,0,0.949818,112.706321,64
e6c1a6a8d0f0d0c9,128,0.946973,0,0,289883,2,114,126,120.265625,6.179443,0,0.946945,112.610561,64
b9d818f635ead9bd,128,0.945374,0,0,288475,2,114,125,120.0625,7.324219,0,0.945486,112.134016,64
730203eced2b8405,128,0.94968,0,0,292342,2,113,126,120.609375,5.316162,0,0.949572,112.1306,64
aa18a6e365f25af6,128,0.952018,0,0,294502,2,116,125,120.90625,4.788086,0,0.95192,114.138561,64
a2d8b09315dce462,128,0.951156,0,0,293700,2,115,127,120.796875,5.05249,0,0.951033,113.795831,64
9586c05a0d4472e8,128,0.950049,0,0,292773,2,114,126,120.65625,6.663086,0,0.950145,112.261594,64
ba9396c5b4b78dc9,128,0.949803,0,0,292571,2,114,127,120.625,7.21875,0,0.949962,112.780726,64
6b2097abad1d2ba2,128,0.949434,0,0,292158,2,113,126,120.578125,5.743896,0,0.949442,112.232041,64
1e514e2340b1a711,128,0.948696,0,0,291538,2,112,126,120.484375,7.124756,0,0.948834,110.923153,64
91634c3deb068a92,128,0.950418,0,0,293126,2,114,126,120.703125,6.98999,0,0.950538,111.576424,64
f2f404b4307f2115,128,0.952633,0,0,295218,2,114,127,120.984375,7.202881,0,0.952846,112.645348,64
a5ac56d524c23deb,128,0.950172,0,0,292816,2,113,125,120.671875,5.439209,0,0.950129,112.019013,64
280644f0774bc2e1,128,0.946235,0,0,289204,2,115,125,120.171875,6.236084,0,0.9462,113.167619,64
0ca76e24b26cf3cf,128,0.94562,0,0,288615,2,113,125,120.09375,5.866211,0,0.945529,112.2643,64
43e3e44a86cbe882,128,0.948327,0,0,291141,2,113,126,120.4375,6.089844,0,0.948345,111.809949,64
2c0866d2e5f5a803,128,0.953248,0,0,295729,2,113,126,121.0625,6.136719,0,0.953326,112.10814,64
7dac2104a17e1347,128,0.948819,0,0,291624,2,114,125,120.5,6.609375,0,0.948888,112.607414,64
818f3d3ea7cc0fc8,128,0.946112,0,0,289120,2,110,126,120.15625,6.756836,0,0.946141,109.473437,64
9e2d21822904d345,128,0.949926,0,0,292717,2,113,126,120.640625,7.5896,0,0.950164,111.748371,64
80a3ed15c0c93a23,128,0.945866,0,0,288864,2,115,125,120.125,6.125,0,0.94584,112.80724,64
b86745333f8322bc,128,0.94968,0,0,292456,2,113,126,120.609375,7.097412,0,0.949838,111.845766,64
890c9c2763884884,128,0.950049,0,0,292844,2,111,126,120.65625,7.803711,0,0.950318,110.285084,64
25cc7dc8f7452034,128,0.950295,0,0,292875,2,115,127,120.6875,4.746094,0,0.950111,113.752502,64
f63a5ef03f349cdd,256,0.049755,0,0,312,4,3,25,12.6875,12.847656,0,0.045686,2.822969,128
3ae2d8bdb75f4750,256,0.050582,0,0,366,4,5,23,12.898438,11.19281,0,0.051114,4.166692,128
80c685035b5f5d1e,256,0.050858,0,0,375,4,6,23,12.96875,12.374023,0,0.053563,4.465469,128
4e24ca8c5236a606,256,0.050031,0,0,340,4,3,23,12.757812,11.621033,0,0.049616,2.68695,128
7ca3dffaed9d38f0,256,0.048162,0,0,280,4,5,22,12.28125,11.967773,0,0.042474,4.176717,128
32908d1ba1dce91d,256,0.048897,0,0,324,4,5,22,12.46875,11.256836,0,0.049082,3.989566,128
7fff505dae892eec,256,0.052665,0,0,409,4,4,23,13.429688,13.026306,0,0.051571,3.570955,128
97bbdd286944c2ad,256,0.050521,0,0,363,4,4,29,12.882812,13.915955,0,0.052784,3.457921,128
7fc2fd6099c9efb4,256,0.051317,0,0,358,4,6,23,13.085938,12.03949,0,0.049252,4.603383,128
b7652e4c9aa7acb0,256,0.049939,0,0,341,4,4,22,12.734375,12.062256,0,0.049516,3.463793,128
3083e2d6300ad5b9,256,0.048468,0,0,316,4,4,27,12.359375,12.511475,0,0.048397,3.410778,128
b4e86c91aa0915f3,256,0.049112,0,0,312,4,4,22,12.523438,11.874451,0,0.048511,3.549495,128
e93727f006f99319,256,0.051624,0,0,377,4,5,22,13.164062,10.949646,0,0.050379,4.293173,128
b150a02076b240d5,256,0.050766,0,0,375,4,5,24,12.945312,11.918884,0,0.053741,4.122622,128
85be9b38baf483b6,256,0.050888,0,0,380,4,4,24,12.976562,11.671326,0,0.052313,3.285492,128
8a9250795a2d276e,256,0.05095,0,0,394,4,5,26,12.992188,11.554626,0,0.05443,4.204894,128
839da1a234f163ee,256,0.049418,0,0,355,4,5,24,12.601562,14.31781,0,0.052088,3.891878,128
068814a5d19944b4,256,0.049663,0,0,325,4,3,25,12.664062,13.621521,0,0.047649,2.573146,128
3311eb73effc3b09,256,0.048376,0,0,316,4,3,22,12.335938,11.512146,0,0.048995,2.781825,128
f5a63889aad3b3a1,256,0.049663,0,0,320,4,4,23,12.664062,10.652771,0,0.047843,3.506396,128
6237ce5c1849ddb2,256,0.048039,0,0,284,4,3,22,12.25,12.164062,0,0.044504,2.596823,128
3736838e9546a2d5,256,0.049357,0,0,320,4,2,21,12.585938,11.594177,0,0.048398,1.618354,128
d3c3dd08f309c5eb,256,0.05095,0,0,362,4,2,23,12.992188,11.367126,0,0.049133,1.803408,128
3887f1c942d89d63,256,0.050337,0,0,357,4,4,24,12.835938,13.371521,0,0.050739,3.571878,128
5336b5d46996ac1c,256,0.047978,0,0,329,4,3,25,12.234375,11.773193,0,0.052723,2.508525,128
e0f3865f883225a1,256,0.049326,0,0,304,4,4,24,12.578125,10.134521,0,0.045067,3.348612,128
c778152ad36c7602,256,0.050582,0,0,389,4,4,22,12.898438,12.247498,0,0.057046,3.44932,128
5cfd6691dcc1d8fa,256,0.05049,0,0,355,4,2,21,12.875,11.21875,0,0.049008,1.684992,128
024439dbf8b8f56d,256,0.049602,0,0,334,4,4,24,12.648438,11.962341,0,0.048497,3.419231,128
ec3a4e8109568b04,256,0.050337,0,0,376,4,3,27,12.835938,13.644958,0,0.052581,2.525072,128
af8ea92777740583,256,0.04902,0,0,341,4,5,25,12.5,12.179688,0,0.050453,3.878782,128
8152af95c5ee4f16,256,0.051654,0,0,407,4,4,23,13.171875,14.400146,0,0.05497,3.512861,128
f46a601f72f532f9,256,0.050276,0,0,351,4,4,27,12.820312,11.498962,0,0.051766,3.431006,128
c2de73380fc53c15,256,0.052022,0,0,394,4,6,27,13.265625,14.499756,0,0.052223,4.450854,128
85f21c4a23d0fd84,256,0.053431,0,0,429,4,5,27,13.625,15.320312,0,0.054871,4.440683,128
b6ed16c71e132e35,256,0.050184,0,0,350,4,4,25,12.796875,11.169678,0,0.051582,3.659506,128
cbd99189b22270af,256,0.049908,0,0,364,4,5,22,12.726562,12.104919,0,0.052904,3.737594,128
c52b7b58c460a4f1,256,0.05046,0,0,363,4,4,28,12.867188,14.568298,0,0.049454,3.501239,128
235335476f087ef7,256,0.049234,0,0,345,4,5,22,12.554688,11.489197,0,0.04972,4.176317,128
09b1d4dcf9223f8c,256,0.047243,0,0,278,4,4,22,12.046875,11.11499,0,0.043018,3.229439,128
7d605ba9b4143464,256,0.050031,0,0,338,4,5,24,12.757812,11.558533,0,0.050228,4.130779,128
8162e3ab28ac2956,256,0.049602,0,0,349,4,3,21,12.648438,12.196716,0,0.054036,2.712393,128
45f77e9620bbd450,256,0.049081,0,0,321,4,2,22,12.515625,11.781006,0,0.048647,1.763066,128
b4f494176d53fcfd,256,0.048591,0,0,326,4,3,22,12.390625,12.073975,0,0.049826,2.662808,128
c15e614fcddf9367,256,0.048744,0,0,289,4,4,24,12.429688,10.901306,0,0.045349,3.481713,128
b4b1bd8f8a9b900d,256,0.050613,0,0,355,4,5,21,12.90625,10.608398,0,0.050107,4.263209,128
8b017a206ca8ed64,256,0.049295,0,0,321,4,4,21,12.570312,10.627869,0,0.048663,3.573067,128
3b6130c8e8286f99,256,0.050306,0,0,399,4,4,24,12.828125,13.126709,0,0.055761,3.473224,128
d93607f2cf7799c2,256,0.048897,0,0,328,4,2,26,12.46875,11.741211,0,0.049243,1.849845,128
b3b721e89b161f16,256,0.050184,0,0,354,4,5,24,12.796875,11.529053,0,0.052217,3.643046,128
2a3cd348173d27c1,256,0.048683,0,0,329,4,4,23,12.414062,14.375427,0,0.049666,3.593225,128
40e53fdd53a26dde,256,0.052696,0,0,382,4,5,23,13.4375,12.527344,0,0.050529,4.204401,128
0c076f36c3dd33bb,256,0.05193,0,0,360,4,6,25,13.242188,11.496033,0,0.050184,4.728102,128
63f172dfc9bb8b5d,256,0.049939,0,0,334,4,3,23,12.734375,11.702881,0,0.04773,2.664605,128
44e9afd478a11dbf,256,0.051287,0,0,383,4,5,27,13.078125,11.314209,0,0.053469,4.06625,128
fca9592bf5c3667e,256,0.050337,0,0,372,4,3,22,12.835938,13.066833,0,0.052018,2.68816,128
b210cff544f523f4,256,0.052328,0,0,389,4,5,25,13.34375,12.233398,0,0.051633,4.386914,128
283d96dc9edfe41a,256,0.051072,0,0,346,4,4,24,13.023438,14.015076,0,0.046055,3.540188,128
eadd69c6dde46f83,256,0.050551,0,0,371,4,5,24,12.890625,13.5896,0,0.051503,4.186954,128
bf0ff4333c3fd052,256,0.049908,0,0,328,4,5,25,12.726562,11.604919,0,0.047109,4.361951,128
bfd90b14c403bad3,256,0.049816,0,0,351,4,5,22,12.703125,11.92749,0,0.050895,4.372108,128
392ca6370d046314,256,0.051103,0,0,370,4,2,24,13.03125,14.178711,0,0.050413,1.851602,128
67c2a5183431fa58,256,0.049939,0,0,359,4,4,21,12.734375,12.171631,0,0.052597,3.188388,128
cf3bded29a662117,256,0.049265,0,0,331,4,5,22,12.5625,11.988281,0,0.050467,4.243283,128
b9ec8a4f8bb6bc5d,256,0.052114,0,0,397,4,4,25,13.289062,14.53363,0,0.053447,3.547612,128
1a87648118f0ceca,256,0.052022,0,0,390,4,5,24,13.265625,12.945068,0,0.053421,4.226268,128
4d28be14c8047b95,256,0.047917,0,0,331,4,4,23,12.21875,11.428711,0,0.052865,3.447376,128
29c9079f12b6b1f7,256,0.050613,0,0,339,4,4,22,12.90625,11.170898,0,0.047972,3.577364,128
43b7412e4bf69e7f,256,0.052175,0,0,385,4,6,23,13.304688,11.454041,0,0.053299,4.837162,128
78beba9cd10496e8,256,0.049203,0,0,323,4,4,25,12.546875,11.39624,0,0.04742,3.573711,128
056f5e334bc54da3,256,0.049295,0,0,316,4,6,22,12.570312,9.713806,0,0.048165,4.811646,128
4c18818e7c04e7d2,256,0.048376,0,0,299,4,4,22,12.335938,10.707458,0,0.048037,3.577697,128
c1ee23d994784372,256,0.049602,0,0,332,4,5,23,12.648438,11.321716,0,0.048059,4.267654,128
7e78714d570d6e20,256,0.050827,0,0,358,4,5,23,12.960938,12.092224,0,0.049428,4.2254,128
8287ede062ae981a,256,0.050797,0,0,344,4,4,23,12.953125,13.130615,0,0.046578,3.322986,128
89b8ec85db3d6697,256,0.049173,0,0,305,4,5,23,12.539062,10.998474,0,0.045796,4.277434,128
610b755b15212daf,256,0.051134,0,0,374,4,5,23,13.039062,11.639099,0,0.051868,4.399982,128
b6ab8d43abd27d57,256,0.052237,0,0,413,4,4,24,13.320312,13.8349,0,0.055023,3.604824,128
16863830bae86ca9,256,0.052175,0,0,389,4,3,26,13.304688,12.586853,0,0.049641,2.63238,128
42473ef126425fc2,256,0.048131,0,0,329,4,3,23,12.273438,10.815857,0,0.053586,2.619836,128
9a7424b31b78d48a,256,0.0481,0,0,311,4,4,24,12.265625,10.460693,0,0.05001,3.493712,128
0753fb428b7f962a,256,0.048928,0,0,340,4,5,23,12.476562,12.171326,0,0.053102,3.943492,128
a7ff6cbfe1a3681c,256,0.050827,0,0,359,4,4,22,12.960938,12.865662,0,0.051624,3.57419,128
7738aa2223dc8478,256,0.052114,0,0,386,4,4,22,13.289062,11.541443,0,0.052647,3.609629,128
45c6c15e078674dd,256,0.051379,0,0,365,4,3,25,13.101562,12.052185,0,0.049384,2.623398,128
efc85aebbf8757f8,256,0.049357,0,0,332,4,4,26,12.585938,11.437927,0,0.051131,3.257369,128
b33fe3d70b53958f,256,0.049387,0,0,325,4,4,22,12.59375,11.772461,0,0.048734,3.348772,128
a1c7f9663bd25cfd,256,0.051317,0,0,405,4,4,23,13.085938,12.211365,0,0.055633,3.601779,128
ec41b61e873dac87,256,0.051256,0,0,389,4,4,23,13.070312,12.284119,0,0.051797,3.280205,128
b5b8905e69cd588f,256,0.050306,0,0,359,4,4,24,12.828125,15.025146,0,0.05043,3.479868,128
8e2961ec6548da94,256,0.049418,0,0,351,4,4,23,12.601562,14.302185,0,0.05141,3.433179,128
5f86a3f1758a617d,256,0.050551,0,0,367,4,5,22,12.890625,11.456787,0,0.050802,3.823092,128
ac1db8c8da9433fd,256,0.049479,0,0,340,4,5,24,12.617188,11.58783,0,0.050042,3.879759,128
75fcb527dcd9b74e,256,0.049877,0,0,336,4,3,22,12.71875,11.459961,0,0.048046,2.689376,128
20e049d3ae83a8ec,256,0.049969,0,0,329,4,3,28,12.742188,11.597595,0,0.047226,2.650515,128
7e263345285f62fb,256,0.053094,0,0,432,4,3,23,13.539062,11.881287,0,0.055699,2.616594,128
5ccaab8a7fd10f3b,256,0.051808,0,0,377,4,3,25,13.210938,12.861755,0,0.051346,2.700182,128
8c72ddf283524b6b,256,0.052298,0,0,373,4,6,25,13.335938,12.746521,0,0.050122,4.976633,128
445cf6d884368dcc,256,0.049081,0,0,318,4,3,23,12.515625,10.702881,0,0.04737,2.654263,128
f66e5c1af8e7df2e,256,0.049694,0,0,340,4,2,21,12.671875,12.642334,0,0.049025,1.809421,128
2afee9ad7826a2b3,256,0.100643,0,0,2865,3,13,40,25.664062,25.668396,0,0.102324,12.027815,128
e810d69fe3e27497,256,0.099908,0,0,2746,3,14,37,25.476562,19.257263,0,0.100918,12.727308,128
1652c7d7e3b6565a,256,0.099663,0,0,2717,3,14,44,25.414062,21.69574,0,0.099544,12.303796,128
988af934711875e7,256,0.100153,0,0,2730,3,15,39,25.539062,21.732849,0,0.098489,13.328327,128
b85dea4f121f9e2c,256,0.099786,0,0,2846,3,11,44,25.445312,26.278259,0,0.102854,10.177142,128
c67055cc2e6bfbd2,256,0.100551,0,0,2835,3,10,39,25.640625,20.93335,0,0.101856,9.309048,128
6250cda92af8479a,256,0.097947,0,0,2582,3,12,37,24.976562,22.616638,0,0.097934,10.814286,128
e9f026ba7562c19a,256,0.101808,0,0,2970,3,14,41,25.960938,26.435974,0,0.102801,12.778774,128
25afa165b65d3b65,256,0.101287,0,0,2915,3,13,42,25.828125,28.064209,0,0.101782,11.767501,128
7d92688fbb8f8e4e,256,0.102941,0,0,3051,3,14,40,26.25,22.914062,0,0.104444,12.701782,128
53603d2f3e353081,256,0.100735,0,0,2800,3,13,41,25.6875,20.371094,0,0.100428,11.828893,128
9b2246fce441aa68,256,0.099142,0,0,2740,3,15,42,25.28125,22.928711,0,0.101424,12.667394,128
2c64d54b32eb3f19,256,0.098713,0,0,2732,3,13,42,25.171875,24.665771,0,0.100892,11.601544,128
21d6cf374b68c785,256,0.100613,0,0,2914,3,14,41,25.65625,24.959961,0,0.103658,12.027513,128
000d9845751115e0,256,0.098958,0,0,2607,3,15,39,25.234375,20.015381,0,0.096979,13.11492,128
c822876791370b78,256,0.100582,0,0,2788,3,14,38,25.648438,21.884216,0,0.099518,12.687633,128
03233b4a95ea8379,256,0.099969,0,0,2737,3,12,38,25.492188,20.617126,0,0.09986,11.199325,128
ddffcedd519342f3,256,0.102543,0,0,2965,3,12,40,26.148438,23.446716,0,0.102601,11.21681,128
231a4c5f3fc56c11,256,0.098039,0,0,2681,3,13,41,25.0,26.078125,0,0.100007,11.549694,128
78f6836801b96c5a,256,0.099418,0,0,2683,3,13,41,25.351562,24.720154,0,0.098326,11.532014,128
3544815725b3ba55,256,0.098836,0,0,2704,3,12,38,25.203125,22.39624,0,0.100699,10.957105,128
4ce2e4e7e4633ff5,256,0.09951,0,0,2662,3,12,38,25.375,22.234375,0,0.097626,10.958924,128
7f82ac6e6e185d83,256,0.096538,0,0,2586,3,13,42,24.617188,25.040955,0,0.099972,11.487857,128
51b17823f1958567,256,0.100674,0,0,2798,3,13,40,25.671875,25.048584,0,0.101191,11.842956,128
139f7380674c2ed2,256,0.100214,0,0,2803,3,15,39,25.554688,22.411072,0,0.101073,13.230794,128
96453069d026c6bc,256,0.099479,0,0,2843,3,12,44,25.367188,24.193298,0,0.104197,11.076656,128
f9e5214f3fc2b2d7,256,0.099969,0,0,2775,3,12,41,25.492188,27.382751,0,0.099153,10.815107,128
a827a6ec4f017906,256,0.098315,0,0,2605,3,13,40,25.070312,23.393494,0,0.09811,11.551846,128
dbfe5e1daf75c290,256,0.100521,0,0,2784,3,15,40,25.632812,23.294861,0,0.099434,13.017871,128
0201bdfd523fa64f,256,0.099755,0,0,2779,3,14,42,25.4375,23.316406,0,0.100811,12.590316,128
8d6a6d276d2d5d87,256,0.100521,0,0,2847,3,12,40,25.632812,23.974548,0,0.101808,11.094755,128
8583dba23495fdff,256,0.101195,0,0,2790,3,14,38,25.804688,22.829041,0,0.099012,12.654404,128
649ce25add0b7551,256,0.099969,0,0,2746,3,12,39,25.492188,23.015564,0,0.099041,11.123752,128
e6b7f00ab8650a9f,256,0.104228,0,0,3062,3,15,40,26.578125,18.900146,0,0.102563,13.54099,128
35cf32a4cb1c5960,256,0.10046,0,0,2807,3,14,39,25.617188,22.033142,0,0.10051,12.506275,128
6560bc6d01c7ca23,256,0.099755,0,0,2673,3,15,40,25.4375,22.496094,0,0.097304,12.983533,128
f640ff4f3e93e6ea,256,0.10046,0,0,2739,3,12,38,25.617188,18.845642,0,0.099089,10.937838,128
bd1519e2a4f8536e,256,0.09568,0,0,2401,3,8,39,24.398438,19.677185,0,0.095656,7.547322,128
f9aeff98dd656b32,256,0.100398,0,0,2858,3,13,37,25.601562,22.575623,0,0.102613,11.879566,128
265b863e728c3f78,256,0.101777,0,0,2972,3,12,41,25.953125,25.818115,0,0.102701,10.94759,128
068760d850107198,256,0.099326,0,0,2730,3,14,38,25.328125,23.462646,0,0.099996,12.441381,128
c5294dc0bb272431,256,0.100368,0,0,2748,3,13,40,25.59375,25.295898,0,0.098796,11.910267,128
dc4b52b259bf8db2,256,0.102819,0,0,2944,3,13,37,26.21875,21.124023,0,0.101207,12.088016,128
00c4ca5926aa2c3b,256,0.100919,0,0,2855,3,9,47,25.734375,24.281006,0,0.101484,8.4482,128
de66c5cae03b137e,256,0.100858,0,0,2947,3,13,40,25.71875,22.413086,0,0.104226,11.672348,128
f5ea883c1c836335,256,0.100153,0,0,2746,3,12,37,25.539062,23.553162,0,0.098981,10.991325,128
e21c9f890ca8ef53,256,0.100123,0,0,2853,3,11,41,25.53125,27.397461,0,0.102546,10.134977,128
1e15fb8ecd3d10b8,256,0.100858,0,0,2873,3,12,42,25.71875,22.358398,0,0.102502,11.211845,128
60e5c468f3629525,256,0.097641,0,0,2568,3,16,42,24.898438,17.841248,0,0.09799,13.667047,128
347c87ba0a9c69ea,256,0.100368,0,0,2796,3,14,42,25.59375,24.577148,0,0.100398,12.604957,128
990bc5112a060689,256,0.099234,0,0,2692,3,13,43,25.304688,24.258728,0,0.099122,11.95566,128
8ac53b605dbc4af9,256,0.102359,0,0,2935,3,15,39,26.101562,23.263123,0,0.101465,13.144108,128
462c35c21eb31e70,256,0.099908,0,0,2709,3,13,39,25.476562,23.757263,0,0.097181,11.771657,128
23e09a2d37d723af,256,0.099663,0,0,2728,3,10,41,25.414062,23.016052,0,0.098874,9.4472,128
cabf95d2ab406852,256,0.100674,0,0,2824,3,12,40,25.671875,24.134521,0,0.100757,10.975575,128
a94272365cc00485,256,0.104841,0,0,3168,3,15,40,26.734375,19.304443,0,0.105019,13.422618,128
45a71d1bfef39eba,256,0.102604,0,0,2932,3,14,38,26.164062,19.582458,0,0.101775,12.882526,128
28f957bd8b97bd53,256,0.098775,0,0,2631,3,12,39,25.1875,20.582031,0,0.098229,11.152478,128
65e9b02576102c3f,256,0.101317,0,0,2884,3,16,43,25.835938,22.027771,0,0.101893,13.794351,128
188414b1b067edf7,256,0.103064,0,0,3050,3,12,39,26.28125,26.936523,0,0.102453,11.148245,128
89c2e729d42f9950,256,0.100858,0,0,2868,3,14,39,25.71875,24.139648,0,0.102426,12.914028,128
b289922bb299c77d,256,0.100245,0,0,2845,3,13,40,25.5625,24.769531,0,0.102074,11.835216,128
74f281b8f6027e14,256,0.098805,0,0,2678,3,15,39,25.195312,19.711853,0,0.100158,12.974191,128
067e52227c8513e0,256,0.102359,0,0,2979,3,15,44,26.101562,22.091248,0,0.102926,13.507737,128
d259138978fa7741,256,0.101532,0,0,2881,3,13,40,25.890625,26.628662,0,0.101119,11.816649,128
0734a6237f5a51fc,256,0.100398,0,0,2770,3,15,41,25.601562,22.427185,0,0.099344,13.369461,128
72261b2e5157c89c,256,0.103952,0,0,3075,3,14,42,26.507812,21.749939,0,0.103257,12.743886,128
022d2a33a7c80612,256,0.100674,0,0,2817,3,14,37,25.671875,21.470459,0,0.10081,12.835048,128
967d42e0dc5f279d,256,0.097763,0,0,2463,3,14,39,24.929688,21.393494,0,0.093496,12.496507,128
28fb6bbba35438e3,256,0.100705,0,0,2829,3,14,39,25.679688,23.998962,0,0.101476,12.691967,128
d909d169ec4f013a,256,0.097457,0,0,2491,3,14,39,24.851562,19.977966,0,0.095156,12.147012,128
3a4d7b766bffd6b7,256,0.100797,0,0,2719,3,13,39,25.703125,20.61499,0,0.097409,11.87649,128
3aa80ad6182b98cf,256,0.103186,0,0,3028,3,12,45,26.3125,21.511719,0,0.103066,11.063664,128
048555c3d9472497,256,0.098958,0,0,2728,3,14,40,25.234375,22.171631,0,0.101579,12.406748,128
0319bd8d4b960c03,256,0.100398,0,0,2787,3,13,40,25.601562,22.00531,0,0.099668,11.793281,128
1106548345d79efa,256,0.09905,0,0,2614,3,12,39,25.257812,20.23822,0,0.096523,11.059638,128
3fe1111b7a6f9791,256,0.100092,0,0,2866,3,13,41,25.523438,25.515076,0,0.103924,11.698364,128
3973da3f5163484e,256,0.101256,0,0,2779,3,16,36,25.820312,18.694275,0,0.098713,13.500467,128
fc126a1a2445312b,256,0.098192,0,0,2617,3,13,36,25.039062,19.896912,0,0.09933,11.719828,128
e5106c7f2cce4268,256,0.101042,0,0,2804,3,12,37,25.765625,23.632568,0,0.099982,10.91368,128
1f4158b2964d30db,256,0.10144,0,0,2761,3,16,37,25.867188,18.927673,0,0.097415,13.845461,128
c2005c462435a7d1,256,0.099724,0,0,2767,3,12,40,25.429688,24.346619,0,0.101008,11.040339,128
8d54100cd074016a,256,0.099142,0,0,2740,3,13,38,25.28125,24.053711,0,0.100964,12.04074,128
385cfce37eab1a91,256,0.100521,0,0,2813,3,12,38,25.632812,22.107361,0,0.100729,11.124559,128
a2455c440f0dea10,256,0.099112,0,0,2538,3,12,40,25.273438,18.979919,0,0.094517,11.054182,128
0766338f1c9ee723,256,0.103768,0,0,3068,3,15,38,26.460938,22.975037,0,0.103888,13.574606,128
64aeeb587e918dd1,256,0.101317,0,0,2915,3,14,39,25.835938,24.418396,0,0.102474,12.349226,128
22bbffdd7ef72b57,256,0.099081,0,0,2683,3,14,39,25.265625,21.585693,0,0.099174,12.486142,128
506c29946fa77ce9,256,0.101685,0,0,2918,3,12,37,25.929688,23.112244,0,0.103129,11.013363,128
8c76b4c4a6d1840a,256,0.100123,0,0,2712,3,14,41,25.53125,21.491211,0,0.098119,12.564035,128
2c4066087419c808,256,0.101072,0,0,2876,3,12,43,25.773438,23.393982,0,0.101706,11.030053,128
da2ef4c75e78e2b7,256,0.1,0,0,2705,3,13,38,25.5,21.632812,0,0.098533,11.642415,128
9f37d69e654f0ffd,256,0.098836,0,0,2627,3,14,38,25.203125,20.724365,0,0.098021,12.491277,128
e0159b72f0c93543,256,0.102083,0,0,2898,3,15,41,26.03125,23.475586,0,0.101077,13.440472,128
f9315cd1effc9d51,256,0.099847,0,0,2761,3,13,41,25.460938,25.678162,0,0.098991,12.072732,128
fa245deda92a7c92,256,0.099694,0,0,2787,3,14,40,25.421875,23.673584,0,0.100903,12.605052,128
cad82a0404084135,256,0.098897,0,0,2707,3,14,39,25.21875,22.983398,0,0.100139,12.432215,128
b322e007cbc7ebd5,256,0.100766,0,0,2814,3,14,39,25.695312,22.039978,0,0.100285,12.502437,128
a4efcffc65b8c0e0,256,0.098836,0,0,2631,3,13,39,25.203125,21.466553,0,0.097581,11.666091,128
3732e2ba0800d619,256,0.102574,0,0,2980,3,14,40,26.15625,22.342773,0,0.103058,12.693853,128
b20c3ddabf466937,256,0.150735,0,0,9565,3,24,55,38.4375,34.292969,0,0.152063,22.497949,128
5229c58f75627820,256,0.151808,0,0,9734,3,21,58,38.710938,32.68988,0,0.152674,19.899224,128
7d5810608eb4a5ee,256,0.155331,0,0,10521,3,20,56,39.609375,36.691162,0,0.157014,18.779883,128
aaa57050b20a3957,256,0.14905,0,0,9160,3,25,56,38.007812,34.296814,0,0.149183,22.383726,128
d74a8ef36ef74215,256,0.152665,0,0,9846,3,24,57,38.929688,34.534119,0,0.152924,22.319671,128
fd6ca2d760b43aac,256,0.154657,0,0,10052,3,27,55,39.4375,28.183594,0,0.152688,24.322715,128
3ab4a63bed48a5d4,256,0.148836,0,0,9182,3,20,55,37.953125,33.654053,0,0.1505,18.990361,128
2ef3809d4fe0c461,256,0.151225,0,0,9639,3,23,55,38.5625,37.019531,0,0.15191,21.405736,128
2ae5293d5dfacba8,256,0.147733,0,0,8922,3,22,55,37.671875,32.642334,0,0.147826,20.75636,128
dffcc1c27f7123ee,256,0.149816,0,0,9224,3,24,55,38.203125,30.17749,0,0.14957,22.464602,128
3900972cc04f0413,256,0.147396,0,0,8892,3,20,57,37.585938,35.430115,0,0.147695,18.905282,128
be17feba18bba478,256,0.148775,0,0,9029,3,21,58,37.9375,29.652344,0,0.147807,19.779893,128
2e4e85136ea7d09c,256,0.150337,0,0,9181,3,26,57,38.335938,24.769958,0,0.147514,23.409151,128
5d2ba45245a08bf6,256,0.148621,0,0,8979,3,24,50,37.898438,31.66156,0,0.147186,22.248981,128
28250935f86f85a0,256,0.146906,0,0,8657,3,19,52,37.460938,30.678162,0,0.145567,18.022036,128
f130ac7a6bd2d81c,256,0.152757,0,0,9803,3,24,54,38.953125,33.685303,0,0.15179,22.305394,128
df6f7021f534b7f2,256,0.149877,0,0,9464,3,21,54,38.21875,35.272461,0,0.152378,19.57184,128
15505e38dd70889e,256,0.152696,0,0,9823,3,26,64,38.9375,36.261719,0,0.152103,23.788816,128
c73077183ed93a91,256,0.15049,0,0,9400,3,26,54,38.375,28.085938,0,0.150695,23.522319,128
745954417df0628b,256,0.149081,0,0,9142,3,24,53,38.015625,33.499756,0,0.148932,21.783762,128
38b30e20ccfe261f,256,0.149479,0,0,9227,3,24,55,38.117188,34.564392,0,0.149501,22.143452,128
0984f0c832510cc0,256,0.148468,0,0,8821,3,23,58,37.859375,32.730225,0,0.145258,21.315943,128
9a01fe353b80d6b8,256,0.152022,0,0,9626,3,23,57,38.765625,34.429443,0,0.150647,21.282742,128
39c4725a403c93bc,256,0.150337,0,0,9307,3,24,52,38.335938,29.191833,0,0.149723,22.274382,128
84fa8683882b2a95,256,0.150705,0,0,9529,3,22,53,38.429688,34.471619,0,0.151553,20.811781,128
73c490578745696e,256,0.150245,0,0,9357,3,25,57,38.3125,31.550781,0,0.150311,23.061343,128
2fc820f9641ce4a7,256,0.150735,0,0,9570,3,24,57,38.4375,36.527344,0,0.152042,21.875666,128
2374456297025641,256,0.151103,0,0,9566,3,25,55,38.53125,32.772461,0,0.152016,23.125447,128
04400f4321dad055,256,0.151011,0,0,9472,3,25,56,38.507812,30.023376,0,0.150706,22.639989,128
72cab5dc53ad2c44,256,0.151532,0,0,9539,3,22,59,38.640625,31.894287,0,0.150507,20.713514,128
3c01757d8fce79ba,256,0.152206,0,0,9722,3,25,55,38.8125,32.714844,0,0.151533,22.872643,128
019c7c52cc4d0341,256,0.147426,0,0,8960,3,22,60,37.59375,38.514648,0,0.148786,20.35215,128
6728a36173fbb366,256,0.148958,0,0,9174,3,26,57,37.984375,32.593506,0,0.149685,22.916168,128
ee36634544d41abc,256,0.149786,0,0,9331,3,22,55,38.195312,33.579041,0,0.150516,20.295034,128
af1afd30fa214de0,256,0.147672,0,0,8974,3,21,54,37.65625,33.756836,0,0.148835,19.774383,128
6a404601f3d3d926,256,0.151317,0,0,9646,3,23,55,38.585938,32.82074,0,0.152053,21.341631,128
599e22667eec9daa,256,0.148744,0,0,9039,3,23,54,37.929688,28.799744,0,0.148271,20.922353,128
e3ef3e85fcfc9404,256,0.150276,0,0,9378,3,23,53,38.320312,32.108337,0,0.14984,21.518276,128
a91a29b86b348d2b,256,0.151287,0,0,9724,3,21,56,38.578125,38.306396,0,0.153461,19.900125,128
7245f7e5e2470aac,256,0.147702,0,0,9026,3,21,54,37.664062,37.613708,0,0.149184,19.990308,128
5f882dff2d803d37,256,0.149387,0,0,9371,3,25,59,38.09375,34.733398,0,0.152123,22.594371,128
b263885074432178,256,0.150919,0,0,9338,3,24,57,38.484375,26.382568,0,0.148882,22.183377,128
4b93cc99f1d1d059,256,0.152083,0,0,9850,3,21,55,38.78125,37.772461,0,0.153679,20.00663,128
8b1578993dda26fc,256,0.151195,0,0,9546,3,20,52,38.554688,30.832947,0,0.15201,18.914778,128
d7bf7e0da7ea008d,256,0.151838,0,0,9630,3,23,57,38.71875,36.014648,0,0.150454,21.586946,128
bc376de1bc1b5b8b,256,0.153768,0,0,9976,3,26,54,39.210938,32.932068,0,0.152747,23.833069,128
6fb4c6f64ee0f75f,256,0.14902,0,0,9162,3,25,55,38.0,30.515625,0,0.149313,22.131038,128
d55f963306053207,256,0.150061,0,0,9261,3,21,53,38.265625,32.398193,0,0.149555,19.8842,128
4d025dd7e93fb52b,256,0.149295,0,0,9266,3,23,58,38.070312,32.799744,0,0.150513,21.53044,128
63130ff591564adb,256,0.150827,0,0,9405,3,24,57,38.460938,26.553162,0,0.150064,22.081684,128
a201f0bd254bab54,256,0.150153,0,0,9232,3,24,55,38.289062,31.299255,0,0.148516,21.966224,128
3d42fbeb7a211f03,256,0.150551,0,0,9479,3,21,52,38.390625,31.230225,0,0.151522,19.817528,128
b58a3beb2180caff,256,0.148284,0,0,9039,3,24,59,37.8125,32.761719,0,0.148979,21.902942,128
dbce699bec8a6d60,256,0.14954,0,0,9199,3,21,55,38.132812,32.880798,0,0.149043,19.947079,128
2cdc1030911ea122,256,0.149449,0,0,9260,3,20,52,38.109375,34.105225,0,0.150256,19.061523,128
4eacc0d089add232,256,0.147702,0,0,9010,3,24,53,37.664062,33.660583,0,0.149793,21.806652,128
1f03ce78e44c0e63,256,0.149203,0,0,9416,3,23,57,38.046875,36.388428,0,0.152661,21.672348,128
e2f5dabb83499b6b,256,0.149326,0,0,9136,3,18,52,38.078125,30.243896,0,0.148379,17.257801,128
ad1aec976980eb2b,256,0.149449,0,0,9180,3,23,55,38.109375,33.503662,0,0.14863,21.378022,128
406e3f8a7768fb5e,256,0.145006,0,0,8305,3,21,55,36.976562,27.522888,0,0.143319,19.720763,128
4cf3d46b2c0be997,256,0.154075,0,0,10104,3,27,55,39.289062,32.025818,0,0.153845,23.659471,128
82155d5eac52da0a,256,0.15,0,0,9275,3,26,55,38.25,30.5,0,0.149675,23.604479,128
802d0a0c362deec9,256,0.145987,0,0,8644,3,20,53,37.226562,37.112732,0,0.146135,18.784406,128
4732ab287f8c7da7,256,0.148591,0,0,8862,3,23,56,37.890625,30.706787,0,0.145355,21.661422,128
281b3f700b95e165,256,0.151685,0,0,9544,3,24,55,38.679688,30.975525,0,0.150371,22.35954,128
02ef9a66e91d0e8a,256,0.154136,0,0,10062,3,26,54,39.304688,33.430603,0,0.15357,23.945855,128
2c64cd9fe9c8cf36,256,0.150123,0,0,9429,3,24,54,38.28125,32.397461,0,0.151488,22.109193,128
c2f6aa8fb9e973c2,256,0.148989,0,0,9043,3,21,56,37.992188,29.265564,0,0.147539,19.734607,128
950cedd291b77847,256,0.15098,0,0,9768,3,22,62,38.5,39.101562,0,0.154417,20.79742,128
1b2da69f93e61294,256,0.149724,0,0,9259,3,23,54,38.179688,32.74115,0,0.14924,21.34115,128
f7285b5fd23f0a72,256,0.149632,0,0,9043,3,22,51,38.15625,27.467773,0,0.146559,20.599387,128
99e691fd60eee7e7,256,0.150888,0,0,9417,3,24,53,38.476562,30.358826,0,0.15045,22.407009,128
6858862ca40081b0,256,0.151072,0,0,9547,3,25,54,38.523438,33.601013,0,0.151097,22.984601,128
bef5a01c88f76eca,256,0.149908,0,0,9189,3,27,53,38.226562,29.558044,0,0.148566,23.814426,128
93f2ffe93c3939e8,256,0.150123,0,0,9444,3,20,61,38.28125,35.491211,0,0.151681,18.924864,128
8cbab04ed3f998dd,256,0.153156,0,0,9907,3,26,57,39.054688,32.200134,0,0.153391,23.609289,128
55f8e9e24987a0f3,256,0.147947,0,0,8943,3,22,55,37.726562,29.011169,0,0.147893,20.546632,128
13fa585417c13e6f,256,0.148346,0,0,9072,3,20,55,37.828125,28.243896,0,0.149218,18.779273,128
c7535130155ea44e,256,0.147181,0,0,8951,3,22,54,37.53125,34.741211,0,0.149949,20.620566,128
a7472269af7eae78,256,0.150858,0,0,9426,3,26,51,38.46875,27.061523,0,0.15067,23.583413,128
486c90efcbf68424,256,0.148039,0,0,9047,3,25,54,37.75,33.132812,0,0.149453,22.391176,128
fc18391655971d35,256,0.150705,0,0,9382,3,22,53,38.429688,29.971619,0,0.149154,20.497976,128
309ecb6675e5d6ef,256,0.147151,0,0,8896,3,23,54,37.523438,29.429138,0,0.148819,21.469433,128
f1d728a521c67c4b,256,0.148039,0,0,9079,3,21,52,37.75,34.273438,0,0.149951,19.619945,128
d54cb48a213aeb6f,256,0.150613,0,0,9569,3,26,53,38.40625,32.233398,0,0.153146,23.228645,128
61106cfb0e1d531c,256,0.145558,0,0,8643,3,20,53,37.117188,32.540955,0,0.147428,18.629381,128
092e463449daf8dc,256,0.147641,0,0,8808,3,20,57,37.648438,29.610779,0,0.146731,18.864124,128
86b229cef6e26eaf,256,0.150061,0,0,9541,3,22,56,38.265625,37.921631,0,0.152813,20.558078,128
1642c42384efb519,256,0.151777,0,0,9737,3,20,57,38.703125,35.810303,0,0.15272,19.04214,128
ae205a300dfd9777,256,0.151011,0,0,9551,3,24,59,38.507812,33.976501,0,0.151403,22.520751,128
1d3087fcac4c0afe,256,0.151011,0,0,9556,3,24,54,38.507812,30.890564,0,0.152048,22.265279,128
efc5bf304c57980c,256,0.147855,0,0,8778,3,23,62,37.703125,30.786865,0,0.145625,20.995798,128
7cd48be23c193419,256,0.147917,0,0,8907,3,21,50,37.71875,31.452148,0,0.146887,19.765997,128
8549eb3b2bb89718,256,0.148805,0,0,9020,3,20,58,37.945312,34.114197,0,0.146639,18.89017,128
259e9ae884c63c36,256,0.147794,0,0,8985,3,22,52,37.6875,32.246094,0,0.148382,20.520664,128
3a7b4ab3d419964b,256,0.147855,0,0,8863,3,21,51,37.703125,30.193115,0,0.147075,19.805512,128
232af5c1591c93f2,256,0.153952,0,0,9940,3,24,61,39.257812,31.878845,0,0.151837,22.273708,128
064320f312d1a98d,256,0.149234,0,0,9215,3,23,54,38.054688,36.059509,0,0.149493,21.402622,128
47e6bdec44bf2e1b,256,0.151624,0,0,9606,3,25,57,38.664062,32.059021,0,0.15152,23.171331,128
b074ff4536a37d9b,256,0.151409,0,0,9614,3,23,55,38.609375,31.347412,0,0.151846,21.341193,128
ea711580339faae9,256,0.20049,0,0,22322,2,29,73,51.125,42.078125,0,0.200919,27.795839,128
c512cb5e39aa2aad,256,0.196078,0,0,20826,3,33,65,50.0,37.289062,0,0.196568,31.172891,128
f69b80b6f37f1971,256,0.20046,0,0,22422,2,34,67,51.117188,46.21283,0,0.201681,31.922467,128
e11b61872aeaa07c,256,0.196814,0,0,21060,3,33,70,50.1875,39.589844,0,0.196876,30.956665,128
8623b5aea3468874,256,0.198131,0,0,21685,3,35,68,50.523438,44.710388,0,0.199421,32.558664,128
10b3bdc5cebeeb27,256,0.201991,0,0,23170,2,27,74,51.507812,43.484314,0,0.205683,26.078911,128
22ce0c3d21724546,256,0.201317,0,0,22676,3,36,71,51.335938,44.410583,0,0.202471,33.79796,128
49875c2f43b3f127,256,0.200551,0,0,22236,3,36,67,51.140625,37.800537,0,0.200514,33.368664,128
58cf42a31679737c,256,0.204534,0,0,23778,2,36,71,52.15625,45.475586,0,0.205503,33.355399,128
05899273d1616919,256,0.201256,0,0,22406,2,36,67,51.320312,32.8349,0,0.201079,33.854544,128
dae7b9e06b33eb97,256,0.198376,0,0,21600,3,28,69,50.585938,40.359802,0,0.198505,26.974224,128
d3dfa911af49a746,256,0.198928,0,0,21817,2,32,66,50.726562,41.628357,0,0.199208,30.29197,128
32610ab26db5edae,256,0.201256,0,0,22538,2,35,71,51.320312,44.4599,0,0.201079,32.447172,128
c4420195c7a9c1c6,256,0.197917,0,0,21129,3,33,65,50.46875,33.717773,0,0.195645,31.298641,128
c5c4c64bcc089fcc,256,0.201103,0,0,22631,3,34,70,51.28125,46.733398,0,0.201811,31.646093,128
7b4788ee9eceffca,256,0.196477,0,0,20970,2,28,67,50.101562,37.528748,0,0.196573,26.882873,128
7679160445368695,256,0.202696,0,0,22953,3,36,72,51.6875,39.003906,0,0.202176,33.370479,128
b55551302b5d32d1,256,0.197335,0,0,21216,2,34,69,50.320312,39.881775,0,0.197264,31.545913,128
0ac13e1846e8a24f,256,0.202849,0,0,22977,2,35,71,51.726562,37.878357,0,0.202314,32.992673,128
6d704806e202ef62,256,0.198652,0,0,21741,3,28,72,50.65625,38.553711,0,0.199182,26.966532,128
28e8ec284473c64f,256,0.203217,0,0,23268,2,32,73,51.820312,44.350525,0,0.203617,30.4591,128
494f2abd9f945d17,256,0.201808,0,0,22621,2,32,67,51.460938,41.998474,0,0.200734,30.514708,128
933b7078e0ac70f4,256,0.199847,0,0,22390,3,33,67,50.960938,47.443787,0,0.202323,31.1815,128
7b9ec401b96f869d,256,0.199234,0,0,21840,3,35,71,50.804688,37.711853,0,0.199058,32.585947,128
667f30c8dfdcd1d2,256,0.200429,0,0,22450,3,30,74,51.109375,45.738037,0,0.202093,28.683276,128
5f2fcfd78ea87460,256,0.200888,0,0,22503,2,35,70,51.226562,44.925232,0,0.201448,32.570234,128
343b920bab3f3f95,256,0.199632,0,0,21794,2,31,66,50.90625,36.741211,0,0.198034,29.676636,128
9c4777581a4647c8,256,0.200123,0,0,22021,3,36,68,51.03125,34.061523,0,0.199718,33.43087,128
da2b29c4942b9036,256,0.20095,0,0,22658,3,34,72,51.242188,44.621033,0,0.202682,32.078639,128
a09971ae6e124346,256,0.195956,0,0,20663,2,34,69,49.96875,37.077148,0,0.194899,31.758664,128
03d1d015c03355c7,256,0.200429,0,0,22351,2,34,74,51.109375,43.1521,0,0.201706,31.850895,128
68d81d099d7fe6fe,256,0.200214,0,0,22138,2,31,72,51.054688,40.020447,0,0.199731,29.725285,128
d39687499871e5eb,256,0.201317,0,0,22847,3,32,70,51.335938,46.793396,0,0.203649,30.505364,128
60187e390c1d9a18,256,0.194577,0,0,20259,3,34,64,49.617188,35.642517,0,0.193943,31.333481,128
c8dd6ea58935ab59,256,0.203462,0,0,23293,3,35,73,51.882812,40.189392,0,0.203814,33.153309,128
b9f45de45ca7f4e8,256,0.19954,0,0,22201,3,33,70,50.882812,40.798767,0,0.201662,31.435882,128
823ec91f619df3a8,256,0.198775,0,0,21993,3,28,70,50.6875,42.902344,0,0.201349,26.857508,128
1c2f9ea17e5205fd,256,0.202022,0,0,22604,2,34,71,51.515625,38.085693,0,0.200448,31.88377,128
08e1cb4d1186f1e0,256,0.20046,0,0,22060,3,36,67,51.117188,39.189392,0,0.198775,33.736214,128
f331adb18f1ab0cb,256,0.199908,0,0,22004,3,37,73,50.976562,37.577576,0,0.199651,33.784289,128
7812020b863a4b46,256,0.192862,0,0,19659,3,31,71,49.179688,38.795837,0,0.191282,29.415724,128
cd52ec0bc58ae3d9,256,0.202696,0,0,22893,3,37,69,51.6875,33.074219,0,0.201954,34.037504,128
5e4848c4ca7e527f,256,0.202696,0,0,22924,2,34,69,51.6875,44.089844,0,0.202132,32.142968,128
ef9b2f075fcf5239,256,0.202298,0,0,22911,2,34,70,51.585938,43.53949,0,0.202606,31.961051,128
0f505e3cc6f71fc2,256,0.198529,0,0,21788,2,30,67,50.625,44.1875,0,0.199815,28.228503,128
eaf11dfc046a4298,256,0.199112,0,0,21993,2,35,68,50.773438,41.956482,0,0.200462,32.502804,128
360216960fb729d1,256,0.20098,0,0,22475,2,35,71,51.25,44.664062,0,0.201251,32.249366,128
3b82b0471a225fa1,256,0.19951,0,0,21872,2,29,70,50.875,38.554688,0,0.199047,27.817652,128
05776a8414af64ac,256,0.205668,0,0,23938,2,39,73,52.445312,40.473572,0,0.205395,35.710849,128
00e41be1321d29e8,256,0.20193,0,0,22665,3,37,70,51.492188,35.632751,0,0.201424,34.016286,128
b5d94d9789419ed5,256,0.201164,0,0,22241,2,32,68,51.296875,37.786865,0,0.199106,30.395421,128
181d6067e9ac4805,256,0.205484,0,0,24058,2,34,73,52.398438,45.403748,0,0.205886,32.202253,128
596e2235bbf45369,256,0.197304,0,0,21496,3,33,69,50.3125,40.519531,0,0.1998,30.984182,128
589cf9cfb25d9bf2,256,0.197304,0,0,21193,2,32,75,50.3125,42.308594,0,0.197042,30.348861,128
1065b2d033e231d1,256,0.199479,0,0,21869,3,31,70,50.867188,40.654236,0,0.198733,29.71904,128
0b6001702381d4f8,256,0.198162,0,0,21209,3,37,66,50.53125,33.725586,0,0.196379,33.823949,128
900b15bc3c136542,256,0.2019,0,0,22805,3,37,70,51.484375,41.906006,0,0.202782,34.131968,128
fcfa66f720305cd2,256,0.202083,0,0,22698,3,35,68,51.53125,34.827148,0,0.201731,32.997657,128
c7e1348a46f7d744,256,0.197947,0,0,21220,2,31,73,50.476562,39.936951,0,0.195993,29.620096,128
99bc41c76599b8b1,256,0.200827,0,0,22183,3,35,70,51.210938,38.119568,0,0.1992,32.775015,128
d0cd7f302f697b8b,256,0.199571,0,0,22055,3,36,73,50.890625,44.573975,0,0.200301,33.300991,128
e407a1d6904dba2c,256,0.198775,0,0,21851,2,36,68,50.6875,41.761719,0,0.199963,33.192549,128
a2c035562daf6851,256,0.199203,0,0,21786,3,34,66,50.796875,37.200928,0,0.198842,31.95642,128
fee35649d388a4af,256,0.201409,0,0,22607,3,35,70,51.359375,41.300537,0,0.201577,32.266626,128
3d9d2548d1b5ad1d,256,0.199418,0,0,21794,2,31,67,50.851562,40.079529,0,0.198067,29.649847,128
995b59d59d6887ae,256,0.195864,0,0,20736,3,34,73,49.945312,38.372009,0,0.195666,31.278877,128
0d8b25f3079f5eca,256,0.199847,0,0,21989,2,32,71,50.960938,40.607849,0,0.199318,30.6581,128
63c61d9da6ef2cbe,256,0.197641,0,0,21414,2,34,67,50.398438,38.38031,0,0.198799,32.353975,128
26d04a58c4408d89,256,0.201195,0,0,22364,3,35,70,51.304688,40.164978,0,0.200044,32.927712,128
f99c29026a0dca72,256,0.199969,0,0,22160,3,34,70,50.992188,44.781189,0,0.200333,32.312996,128
81857959461a0124,256,0.196354,0,0,20881,3,35,73,50.070312,39.151306,0,0.195874,32.815768,128
81cc09ce27765a6e,256,0.20435,0,0,23358,3,34,70,52.109375,37.144287,0,0.202547,32.436943,128
8407402b82d047d5,256,0.202972,0,0,23191,2,34,70,51.757812,44.128845,0,0.203511,32.110888,128
64e62dae0256c7c2,256,0.201195,0,0,22536,2,30,71,51.304688,40.219666,0,0.201569,28.826902,128
03f62332dca723c6,256,0.200306,0,0,22103,3,31,70,51.078125,41.392334,0,0.199275,29.620032,128
29b264d6f741e549,256,0.202053,0,0,22591,3,38,73,51.523438,38.171326,0,0.200421,34.608941,128
9f14d5ae10180045,256,0.201624,0,0,22489,3,35,69,51.414062,38.336365,0,0.199953,32.757475,128
98189fb3b8b656d9,256,0.201011,0,0,22299,2,35,69,51.257812,39.722595,0,0.199498,32.944178,128
0cca087d6444d525,256,0.198713,0,0,21599,3,32,69,50.671875,41.400146,0,0.197839,30.372086,128
9a7d4edb72f55377,256,0.199816,0,0,22109,3,35,68,50.953125,38.42749,0,0.20068,32.899236,128
6774060698c060cc,256,0.201256,0,0,22749,3,33,71,51.320312,48.202087,0,0.202389,30.948988,128
73ef41b8d0723fcb,256,0.198192,0,0,21553,2,29,70,50.539062,44.318787,0,0.198271,27.761447,128
ba0313537f6c573a,256,0.206219,0,0,24472,2,34,71,52.585938,45.562927,0,0.207662,32.227126,128
c981dda8e8e17dce,256,0.203064,0,0,22790,2,36,71,51.78125,35.334961,0,0.200231,33.377532,128
8d21fe957940ad78,256,0.201685,0,0,22504,3,31,69,51.429688,40.549744,0,0.200632,29.612415,128
fce8a07b8b74ef69,256,0.195895,0,0,20799,2,35,68,49.953125,40.880615,0,0.196186,32.351948,128
f1620b93caf8c0b9,256,0.197733,0,0,21368,2,36,77,50.421875,44.900146,0,0.197017,32.982817,128
25780aa17b1129e8,256,0.198223,0,0,21585,2,32,71,50.546875,43.466553,0,0.198512,30.41424,128
d495b60bcd82ce11,256,0.201838,0,0,22914,3,37,70,51.46875,44.108398,0,0.203201,34.161269,128
a985a9559f3adc0e,256,0.200674,0,0,22267,2,36,68,51.171875,40.728271,0,0.199783,33.277838,128
9cf3875494a46453,256,0.20049,0,0,22347,2,32,71,51.125,42.320312,0,0.20128,30.312933,128
873becb443741515,256,0.201195,0,0,22523,2,36,69,51.304688,39.883728,0,0.201196,33.445446,128
1b5cb6d8eb40e958,256,0.1981,0,0,21446,2,32,67,50.515625,37.460693,0,0.197823,30.507011,128
b01567d3203c7e10,256,0.197518,0,0,21048,2,35,67,50.367188,34.802673,0,0.195575,32.841155,128
490787c00621a4ea,256,0.204504,0,0,23829,3,35,69,52.148438,44.001404,0,0.205834,32.982263,128
e2dcb4f4d9d8f7c3,256,0.197212,0,0,21118,3,33,68,50.289062,39.869568,0,0.196585,31.338455,128
b7cf0e4ba864dae3,256,0.20144,0,0,22385,2,35,74,51.367188,37.724548,0,0.199986,32.833868,128
28b624572582c03c,256,0.199939,0,0,21921,3,37,73,50.984375,36.671631,0,0.198679,34.274798,128
e31452c42a74673f,256,0.19807,0,0,21371,3,35,68,50.507812,40.484314,0,0.197367,32.454032,128
09632a07d9d21139,256,0.198192,0,0,21568,3,32,68,50.539062,41.607849,0,0.198263,30.446666,128
236b70b8cd225920,256,0.250092,0,0,43179,2,47,80,63.773438,38.558044,0,0.250208,44.35952,128
a9f085f9e82c37a1,256,0.253094,0,0,45011,2,48,81,64.539062,46.693787,0,0.254143,45.131168,128
ce94232656f6db62,256,0.249969,0,0,43232,2,49,84,63.742188,56.292908,0,0.249837,44.908032,128
e4f9a2c1f3d3af5b,256,0.247365,0,0,41594,2,41,83,63.078125,48.173584,0,0.246092,39.510917,128
1d706dba72f62639,256,0.253033,0,0,44888,2,47,93,64.523438,52.538513,0,0.25372,44.610336,128
f64aa9fc32bfed1a,256,0.249387,0,0,42918,2,46,85,63.59375,48.249023,0,0.249582,43.470602,128
4553bc07ab958e3c,256,0.247181,0,0,41691,2,46,81,63.03125,47.905273,0,0.246765,43.041293,128
ff625fb5f7c37c67,256,0.25144,0,0,43887,2,47,85,64.117188,44.470642,0,0.251463,44.668136,128
1f78715cbc111065,256,0.249786,0,0,42848,2,46,81,63.695312,44.672791,0,0.248836,43.615679,128
20ad495cc69eeeb0,256,0.252451,0,0,44848,2,47,86,64.375,49.664062,0,0.254367,44.108943,128
7cdff7c376a6c8f6,256,0.250582,0,0,43513,2,45,80,63.898438,46.25531,0,0.250728,42.851396,128
f1d7ddc10bc0d14f,256,0.250858,0,0,43551,2,45,84,63.96875,48.991211,0,0.250458,43.001152,128
547ce7a9cc80e0ec,256,0.251134,0,0,43781,2,47,81,64.039062,47.842224,0,0.251059,44.181098,128
2454ad942da13306,256,0.251072,0,0,43770,2,47,83,64.023438,45.351013,0,0.251455,44.256594,128
171bfc750180f7de,256,0.253125,0,0,44597,2,49,84,64.546875,45.20874,0,0.25218,45.016751,128
a118a45b547b95c8,256,0.246998,0,0,41596,2,46,83,62.984375,43.984131,0,0.246701,43.220465,128
6724ab2955c7fc41,256,0.254044,0,0,45101,2,48,83,64.78125,40.772461,0,0.253305,45.464506,128
2a2b44a352dca7a2,256,0.249663,0,0,43200,2,44,85,63.664062,44.738708,0,0.250872,42.067878,128
6c6e0b89f04928ad,256,0.24807,0,0,41832,2,47,82,63.257812,43.636658,0,0.24617,44.064697,128
c9a5b09cd9e5de8f,256,0.249939,0,0,42950,2,42,85,63.734375,46.866943,0,0.249043,40.477958,128
11d26f1d9c2dcd27,256,0.249694,0,0,43058,2,44,81,63.671875,50.626709,0,0.249725,41.940357,128
b27df8bad3303137,256,0.251164,0,0,43639,2,44,85,64.046875,48.70874,0,0.250475,42.042076,128
f4ca29461ae3c95b,256,0.248805,0,0,42462,2,44,83,63.445312,46.364197,0,0.248365,41.8657,128
cea848514a0f1d27,256,0.251563,0,0,44097,2,47,81,64.148438,47.915466,0,0.252169,44.335358,128
de4cb39687e25e66,256,0.252757,0,0,44597,2,44,84,64.453125,42.607178,0,0.252935,42.24076,128
11796edbf5bd6d21,256,0.25144,0,0,44101,2,43,91,64.117188,53.009705,0,0.252512,41.288339,128
2a3756098fc47607,256,0.248407,0,0,42449,2,46,84,63.34375,50.272461,0,0.248882,43.294109,128
a81681ef7a3749f1,256,0.249877,0,0,43361,2,45,83,63.71875,52.584961,0,0.250923,42.626961,128
a9c923ac7d453b58,256,0.253248,0,0,44827,2,47,86,64.578125,47.197021,0,0.252846,44.500659,128
1d388687b729f263,256,0.252512,0,0,44392,2,42,83,64.390625,45.167725,0,0.252239,40.373571,128
5896e11ed5164ad8,256,0.250031,0,0,43163,2,47,81,63.757812,47.785095,0,0.249902,44.056356,128
660a54d2d9a78e36,256,0.249112,0,0,42758,2,46,88,63.523438,49.593201,0,0.249496,43.627914,128
0e47de69abc0db59,256,0.249847,0,0,43320,2,43,83,63.710938,53.932068,0,0.25069,41.150268,128
821bb37c96f679a8,256,0.252022,0,0,44436,2,46,84,64.265625,51.398193,0,0.253161,43.351049,128
52d865e6e84bd579,256,0.256618,0,0,46842,2,45,86,65.4375,50.746094,0,0.257139,43.145883,128
615e9d1f864afda6,256,0.250031,0,0,43428,2,46,81,63.757812,47.847595,0,0.25153,43.479324,128
8312a77ff7dd7023,256,0.252819,0,0,44399,2,43,90,64.46875,47.131836,0,0.251485,41.394262,128
75a2df0481d13a55,256,0.252022,0,0,44094,2,46,82,64.265625,44.406006,0,0.251492,43.293088,128
64ee15a281424866,256,0.24954,0,0,42705,2,45,87,63.632812,43.990173,0,0.248586,42.857823,128
ae575d9ed25e0088,256,0.252665,0,0,44424,2,44,80,64.429688,43.120056,0,0.252248,41.969763,128
ae230964a59cd10b,256,0.250888,0,0,43658,2,44,90,63.976562,50.452576,0,0.251052,41.764016,128
ff477a8d873d6842,256,0.246752,0,0,41161,2,46,82,62.921875,39.548584,0,0.245077,42.847504,128
5abea7525b959cf1,256,0.247549,0,0,41677,2,46,83,63.125,43.484375,0,0.246417,43.047439,128
8f9749d98ee509be,256,0.249877,0,0,42970,2,48,84,63.71875,42.131836,0,0.249131,45.042579,128
810a124d6a34a646,256,0.243995,0,0,40131,2,45,81,62.21875,43.858398,0,0.24409,42.647336,128
43eb72ed18b4adea,256,0.247855,0,0,42020,2,45,90,63.203125,52.685303,0,0.247038,42.778952,128
775ffdbb14797311,256,0.253738,0,0,44864,2,45,84,64.703125,47.849365,0,0.252467,43.151089,128
127f1aeea96b3d3b,256,0.25049,0,0,43429,2,42,86,63.875,51.203125,0,0.250295,40.286359,128
426c3dd4bf666ea8,256,0.24905,0,0,42736,2,44,86,63.507812,47.242126,0,0.249401,42.146424,128
f47145c782bb8c51,256,0.247549,0,0,41881,2,45,82,63.125,42.359375,0,0.247519,42.578872,128
270d1e937de8ab50,256,0.250306,0,0,43374,2,46,86,63.828125,47.868896,0,0.250645,43.880253,128
afa1c2f558159d69,256,0.247641,0,0,42003,2,46,82,63.148438,48.915466,0,0.247989,43.056186,128
a5efa24c91f804a3,256,0.249479,0,0,42751,2,47,79,63.617188,40.080017,0,0.249057,44.66874,128
43d4ffa3010b1af6,256,0.253217,0,0,44934,2,45,88,64.570312,48.073181,0,0.254033,42.870192,128
983eba31251e7ce9,256,0.248897,0,0,42613,2,44,84,63.46875,50.163086,0,0.248714,42.057924,128
2edc2c2b62318193,256,0.252206,0,0,44164,2,47,87,64.3125,45.441406,0,0.251597,44.497092,128
16356925153131ee,256,0.25098,0,0,43849,2,42,85,64.0,51.039062,0,0.251767,40.449561,128
98c25da6e1b20617,256,0.247917,0,0,42197,2,45,82,63.21875,47.420898,0,0.24878,42.894564,128
b6b3d4451d4af6f2,256,0.248866,0,0,42428,2,44,85,63.460938,50.475037,0,0.247753,42.057436,128
563fd20737431b58,256,0.249142,0,0,42594,2,48,85,63.53125,46.249023,0,0.248572,44.343139,128
d1192cb21728c2bd,256,0.250551,0,0,43615,2,42,94,63.890625,55.534912,0,0.251149,40.161089,128
44a42df1e7beb043,256,0.247855,0,0,41885,2,45,85,63.203125,45.536865,0,0.246688,42.659757,128
eca2bc21d9722491,256,0.250766,0,0,43713,2,47,86,63.945312,43.426697,0,0.252174,44.464527,128
cb3309791d954749,256,0.254167,0,0,45222,2,46,82,64.8125,45.550781,0,0.253378,43.714597,128
61d7c8a4d0bce66c,256,0.24905,0,0,42550,2,44,81,63.507812,46.601501,0,0.248079,41.949919,128
092e98c93e4306a6,256,0.252114,0,0,44196,2,49,83,64.289062,45.65863,0,0.251993,45.646739,128
97c97556565688cf,256,0.255484,0,0,45833,2,47,87,65.148438,45.696716,0,0.254283,43.966263,128
bb441a4da79d1ea6,256,0.248284,0,0,42205,2,44,81,63.3125,45.230469,0,0.247902,42.073062,128
6f968695fa386e0e,256,0.247089,0,0,41950,2,45,82,63.007812,54.398376,0,0.248256,42.654833,128
5b6d88a01c1462a3,256,0.249786,0,0,43127,2,39,86,63.695312,50.360291,0,0.249776,37.760411,128
9a054a50aeb62f64,256,0.251195,0,0,43585,2,42,86,64.054688,45.965759,0,0.250487,40.367204,128
afa8433a2f2e03ba,256,0.252482,0,0,44687,2,42,82,64.382812,49.892517,0,0.253728,40.35808,128
daba2f27d357e17a,256,0.246998,0,0,41566,2,47,81,62.984375,48.007568,0,0.24652,44.128962,128
88ac604166b9d974,256,0.250398,0,0,43450,2,46,85,63.851562,44.321716,0,0.251184,43.530864,128
662e4508de0b9255,256,0.251011,0,0,43773,2,45,85,64.007812,44.828064,0,0.251396,42.838375,128
ee68a363f1c29093,256,0.254688,0,0,45585,2,47,84,64.945312,46.942322,0,0.254164,44.465327,128
f3958635dbef0781,256,0.251563,0,0,43661,2,45,84,64.148438,45.610779,0,0.249863,42.758447,128
a73675fdf820beec,256,0.251501,0,0,43666,2,45,83,64.132812,43.583923,0,0.250082,43.04524,128
0286ee8689753c45,256,0.247733,0,0,41975,2,48,84,63.171875,52.197021,0,0.247191,44.440986,128
3f0400d38894eb53,256,0.250766,0,0,43362,2,42,79,63.945312,46.457947,0,0.249519,40.324868,128
ea496cf128700598,256,0.250245,0,0,42989,2,46,85,63.8125,41.878906,0,0.248687,43.32636,128
e59bfe97f7b10834,256,0.249632,0,0,43023,2,44,81,63.65625,50.819336,0,0.249596,41.818371,128
1e9844814e01b15a,256,0.248192,0,0,42358,2,45,80,63.289062,49.12738,0,0.248537,42.430325,128
3dd2d6adfbb0c9cd,256,0.24761,0,0,41860,2,47,81,63.140625,44.909912,0,0.247408,43.967106,128
a7b79f84e3ab3145,256,0.248683,0,0,42426,2,44,81,63.414062,48.047302,0,0.248367,41.43093,128
87a972cb12cb92ef,256,0.253033,0,0,44857,2,46,92,64.523438,56.640076,0,0.253118,43.813935,128
234683aae31d8dd7,256,0.248744,0,0,42616,2,44,82,63.429688,44.307556,0,0.249637,42.069657,128
2d541543d8375cd5,256,0.247917,0,0,41733,2,44,86,63.21875,42.225586,0,0.245992,42.053229,128
63698f5a5f35fff1,256,0.250613,0,0,43604,2,46,82,63.90625,45.803711,0,0.251618,43.780402,128
6f2b42cb6635b629,256,0.250919,0,0,44067,2,42,85,63.984375,51.413818,0,0.253335,40.434151,128
59658f2a24738714,256,0.252972,0,0,44494,2,46,84,64.507812,50.632751,0,0.251696,43.6605,128
311d6217961fc49a,256,0.250797,0,0,43380,2,47,81,63.953125,40.857178,0,0.25004,44.092421,128
91651f94918bf48f,256,0.250521,0,0,43460,2,46,86,63.882812,44.947205,0,0.251008,43.794261,128
6050f6ad5617ed14,256,0.248652,0,0,42536,2,48,85,63.40625,49.428711,0,0.248997,44.273772,128
dedf92aaf8415f0d,256,0.248866,0,0,42540,2,48,82,63.460938,46.271912,0,0.24878,45.026979,128
4f3b17239d1b52f1,256,0.247488,0,0,42074,2,47,82,63.109375,46.956787,0,0.248593,43.695331,128
57ae8b425a1d523c,256,0.249234,0,0,42817,2,45,87,63.554688,48.747009,0,0.249438,42.870643,128
d3dc8aff2643aca4,256,0.249173,0,0,42433,2,42,80,63.539062,40.920349,0,0.247963,40.185052,128
233a293153c29ff8,256,0.245772,0,0,41211,2,44,90,62.671875,52.618896,0,0.246357,41.706416,128
8e8a4ea14ed4d05c,256,0.246569,0,0,41543,2,48,87,62.875,44.773438,0,0.247339,44.212467,128
5f849b0dd5389865,256,0.299602,0,0,74482,2,57,97,76.398438,59.450623,0,0.300022,54.517107,128
13f24cb070a3bf67,256,0.300061,0,0,74570,2,59,96,76.515625,56.695068,0,0.299511,55.045742,128
7ea1d949e8b9b063,256,0.297855,0,0,72922,2,58,99,75.953125,54.966553,0,0.29734,55.04542,128
7d07e757a99e0664,256,0.300888,0,0,74714,2,61,95,76.726562,44.417419,0,0.299152,57.153862,128
471abb02d6f2d894,256,0.302665,0,0,76682,2,50,100,77.179688,60.42865,0,0.302763,48.656274,128
e095417861c14f54,256,0.298744,0,0,73678,2,54,98,76.179688,51.7099,0,0.298842,52.030089,128
b2f060e2c8d7105e,256,0.29951,0,0,74137,2,59,94,76.375,48.585938,0,0.299323,55.960497,128
8ce79f9ca217bfe2,256,0.30046,0,0,75106,2,55,96,76.617188,52.947205,0,0.30127,52.889914,128
fd1ec678e315f1cb,256,0.298836,0,0,73617,2,58,93,76.203125,50.224365,0,0.298483,55.211657,128
bd5c8dd4dfd4cd25,256,0.300888,0,0,75255,2,56,102,76.726562,56.651794,0,0.300666,53.720264,128
41a99add7b1783f0,256,0.299969,0,0,74464,2,57,104,76.492188,55.203064,0,0.299386,54.38161,128
290eff9f3ddb1f35,256,0.302696,0,0,76495,2,56,95,77.1875,50.394531,0,0.302206,53.610884,128
e055f7d0a5a7664c,256,0.300123,0,0,74578,2,58,98,76.53125,51.108398,0,0.299515,54.874882,128
e02880cbd6749e11,256,0.299755,0,0,74456,2,54,97,76.4375,51.636719,0,0.300033,52.15156,128
6c3e333586f7f27b,256,0.298928,0,0,73628,2,56,98,76.226562,52.229919,0,0.298391,53.686219,128
f0bcfb9569312393,256,0.298989,0,0,74259,2,53,93,76.242188,59.277283,0,0.300417,50.989423,128
87ff16d8f8d4a230,256,0.300061,0,0,74794,2,52,94,76.515625,55.015381,0,0.300663,50.365835,128
685597f2b9485898,256,0.296722,0,0,72145,2,53,96,75.664062,53.473083,0,0.296458,51.005979,128
2bb9960e8261332d,256,0.297702,0,0,73092,2,56,103,75.914062,60.062927,0,0.298111,53.864339,128
729375c3dde01800,256,0.298376,0,0,73540,2,52,95,76.085938,53.500427,0,0.299081,50.162197,128
702fed4cd05c68ab,256,0.295558,0,0,71174,2,55,99,75.367188,56.271423,0,0.294577,52.38684,128
9da013b31da04502,256,0.296722,0,0,72389,2,52,97,75.664062,56.879333,0,0.297489,50.188565,128
918567eee4508c26,256,0.299724,0,0,74358,2,55,98,76.429688,54.260681,0,0.299435,52.974986,128
69530fad781037d8,256,0.302451,0,0,76759,2,58,101,77.125,60.492188,0,0.303177,54.661205,128
f58e7609bc604e98,256,0.296017,0,0,71941,2,54,102,75.484375,63.273193,0,0.296353,51.990162,128
7f147f610f4f0367,256,0.300521,0,0,75186,2,54,99,76.632812,59.443298,0,0.301029,52.079094,128
a5a26e2a0997ee53,256,0.302175,0,0,76145,2,58,94,77.054688,48.231384,0,0.302034,55.217134,128
a7623207665948ab,256,0.300368,0,0,74883,2,57,102,76.59375,55.928711,0,0.300153,54.250444,128
7b1f6a0e2eb617f2,256,0.301011,0,0,75142,2,61,99,76.757812,49.589783,0,0.300359,57.238558,128
a1df8982208aab5f,256,0.302972,0,0,77188,2,57,98,77.257812,57.433533,0,0.304066,54.703716,128
26abcb67b4a58b10,256,0.301808,0,0,76060,2,57,102,76.960938,59.506287,0,0.3019,54.421039,128
26daea901a0b39d0,256,0.299449,0,0,74158,2,56,99,76.359375,50.113037,0,0.299872,53.796487,128
2e03501541174657,256,0.302359,0,0,76703,2,57,99,77.101562,54.559998,0,0.303444,54.68437,128
022ebd59cafeb2e2,256,0.301103,0,0,75196,2,58,94,76.78125,42.178711,0,0.300722,55.588408,128
56b6b7a86074a80b,256,0.303983,0,0,77573,2,55,96,77.515625,51.913818,0,0.303962,52.79009,128
b101b2a885d2c76f,256,0.298192,0,0,73149,2,59,93,76.039062,49.178162,0,0.298017,55.85102,128
434d2c3e4ce3e084,256,0.298407,0,0,73361,2,61,99,76.09375,49.303711,0,0.298309,56.578521,128
f7568bb084308ce7,256,0.298744,0,0,73595,2,57,107,76.179688,49.420837,0,0.298691,54.024209,128
415972586ced120b,256,0.3019,0,0,76146,2,57,99,76.984375,54.765381,0,0.302449,54.425228,128
51118db819e6671b,256,0.30242,0,0,76560,2,58,102,77.117188,51.876892,0,0.303206,55.465844,128
b21b01ba28063830,256,0.297426,0,0,72803,2,50,98,75.84375,55.866211,0,0.297607,48.466597,128
2364f156f2cc074a,256,0.301501,0,0,75433,2,57,98,76.882812,44.126892,0,0.300772,54.569317,128
de9084730fe1c001,256,0.298928,0,0,73239,2,57,96,76.226562,42.573669,0,0.297068,54.77821,128
df1ea39b33b6e9a4,256,0.299694,0,0,74549,2,56,95,76.421875,52.017334,0,0.300405,53.862748,128
14e152f9388da0b2,256,0.299602,0,0,74363,2,58,100,76.398438,53.864685,0,0.299678,54.874897,128
7f4fd10042efdc50,256,0.298958,0,0,73993,2,56,98,76.234375,58.163818,0,0.29953,52.611102,128
de19238657dec843,256,0.301164,0,0,75524,2,57,98,76.796875,58.138428,0,0.301382,54.20315,128
43bd234e1bc97734,256,0.295588,0,0,71214,2,53,94,75.375,54.148438,0,0.29485,51.281876,128
9e036676d7fa6c45,256,0.299112,0,0,74318,2,54,97,76.273438,58.425232,0,0.300145,51.915172,128
761321a12342b4a3,256,0.302175,0,0,76297,2,59,99,77.054688,55.840759,0,0.302248,56.174525,128
96fade667dd1b58e,256,0.300827,0,0,75663,2,54,107,76.710938,59.150818,0,0.302466,52.121781,128
edc452ed4327df5d,256,0.29614,0,0,72006,2,58,99,75.515625,52.007568,0,0.297187,54.743901,128
b92d09b63fe3d7de,256,0.301991,0,0,75809,2,60,96,77.007812,51.515564,0,0.300784,56.338171,128
87a27b7e84ad53dc,256,0.301256,0,0,75533,2,57,102,76.820312,52.592712,0,0.301365,54.76789,128
c87b4b781f58a819,256,0.300214,0,0,74700,2,59,103,76.554688,57.332947,0,0.299822,55.791794,128
c18d2ec35e39d0a0,256,0.296998,0,0,72304,2,55,95,75.734375,50.359131,0,0.296948,52.568974,128
ba85075429c9e945,256,0.304013,0,0,77374,2,54,96,77.523438,51.335388,0,0.303097,52.384894,128
09b47818188f87e9,256,0.299387,0,0,73988,2,54,98,76.34375,50.428711,0,0.29892,52.091951,128
89339044d2bd80b3,256,0.299449,0,0,74133,2,60,100,76.359375,53.878662,0,0.299384,56.460328,128
a7ea8f7cb47b343a,256,0.300276,0,0,75046,2,50,99,76.570312,61.377869,0,0.300881,48.64863,128
20eed2ebb243e81b,256,0.29902,0,0,74123,2,58,95,76.25,58.117188,0,0.300005,54.411594,128
18d8d1a7f39d66a1,256,0.30242,0,0,76493,2,58,104,77.117188,58.423767,0,0.302509,55.471521,128
8bd380b6e61a796d,256,0.300031,0,0,74370,2,58,95,76.507812,44.406189,0,0.299319,55.462754,128
cb58a873ed60618e,256,0.299142,0,0,73625,2,56,95,76.28125,51.702148,0,0.297957,53.407911,128
3b15daa9f4927dcb,256,0.298499,0,0,73475,2,55,101,76.117188,54.259705,0,0.298432,52.495408,128
2a226251fb9bf548,256,0.300368,0,0,75178,2,55,102,76.59375,59.959961,0,0.301335,52.677196,128
7a0a0af1c39cfec2,256,0.29856,0,0,73435,2,54,96,76.132812,54.568298,0,0.298024,51.823098,128
72ae10b544c270ed,256,0.299816,0,0,74985,2,52,100,76.453125,59.700928,0,0.301761,50.307085,128
68a3ad25ba382e31,256,0.297794,0,0,72689,2,59,98,75.9375,46.964844,0,0.29693,55.592047,128
59a6ac4f7e318a09,256,0.297733,0,0,72802,2,54,95,75.921875,53.118896,0,0.297351,52.03572,128
da947e1d1880868b,256,0.301317,0,0,75713,2,57,96,76.835938,55.418396,0,0.301628,54.345786,128
ff8f9dacb38eda1e,256,0.301471,0,0,75183,2,54,96,76.875,45.554688,0,0.299748,52.201453,128
f90bba9280e64ecb,256,0.298192,0,0,73156,2,57,101,76.039062,51.654724,0,0.298032,54.572257,128
7188b599bb1471f2,256,0.300888,0,0,75565,2,59,101,76.726562,57.472107,0,0.301981,55.76808,128
40aa145f3e66e7aa,256,0.300306,0,0,74708,2,54,96,76.578125,47.572021,0,0.30016,52.063156,128
5d3478ebafffe59d,256,0.299479,0,0,74202,2,60,98,76.367188,53.466736,0,0.299619,56.341495,128
6d8a7bacdcc7844e,256,0.294516,0,0,70592,2,56,94,75.101562,48.78656,0,0.294701,52.958309,128
7d123042a4973ab5,256,0.299173,0,0,73974,2,60,96,76.289062,53.072693,0,0.299284,55.907455,128
d7840cab883d05b2,256,0.299571,0,0,74021,2,56,96,76.390625,48.43335,0,0.298708,53.769352,128
717adaf594c78ca0,256,0.295159,0,0,71002,2,59,97,75.265625,50.241943,0,0.294996,54.912951,128
27a78a5953286daa,256,0.298162,0,0,73130,2,56,96,76.03125,52.303711,0,0.297756,53.458564,128
d3a2f20c388bbdb9,256,0.297855,0,0,72735,2,57,98,75.953125,47.630615,0,0.296858,54.333824,128
41c26fe27a1ae974,256,0.301777,0,0,76088,2,57,97,76.953125,58.794678,0,0.30206,54.145773,128
8b7d8ce2ea1908d2,256,0.298744,0,0,73955,2,56,96,76.179688,57.452087,0,0.299525,53.819695,128
f4524fd92d698971,256,0.3019,0,0,75454,2,59,98,76.984375,46.202881,0,0.299875,56.027502,128
5b1be09fcf096264,256,0.297825,0,0,72833,2,59,97,75.945312,56.067322,0,0.297034,55.277296,128
4d3d07c7c9192e4d,256,0.299877,0,0,74763,2,56,96,76.46875,53.413086,0,0.301011,53.750026,128
e5f84d1a2c9e27ac,256,0.300245,0,0,74949,2,55,96,76.5625,54.378906,0,0.300762,53.085628,128
0860f42802690583,256,0.297947,0,0,72746,2,57,92,75.976562,45.702576,0,0.296894,54.731498,128
d7962430952168f8,256,0.293199,0,0,69580,2,59,101,74.765625,54.124756,0,0.29287,54.663346,128
fc21a86a34db0d5e,256,0.302175,0,0,76196,2,55,96,77.054688,51.950134,0,0.302115,52.987759,128
7e669d8800ecefb6,256,0.299694,0,0,74711,2,57,100,76.421875,57.400146,0,0.300865,54.343724,128
6dfc162fb3701ae4,256,0.302911,0,0,76437,2,53,100,77.242188,49.51947,0,0.301654,51.268853,128
6fbb08073b1ee7a9,256,0.299203,0,0,73720,2,57,98,76.296875,49.372803,0,0.298062,54.582914,128
f479254f2946f29e,256,0.298621,0,0,73391,2,49,95,76.148438,49.392029,0,0.297998,47.756258,128
c4cbcb45888994fc,256,0.30239,0,0,76654,2,57,97,77.109375,53.99585,0,0.303195,54.855647,128
c95fceee8ab5bec9,256,0.299877,0,0,74720,2,54,98,76.46875,60.241211,0,0.300717,51.940212,128
5be8481722fed66c,256,0.302482,0,0,76184,2,56,97,77.132812,55.833923,0,0.301164,53.635208,128
f86f3751db740645,256,0.297518,0,0,73089,2,56,96,75.867188,57.974548,0,0.298527,53.058017,128
ad78fbd9651a39cd,256,0.302114,0,0,75966,2,59,97,77.039062,50.396912,0,0.301341,56.189484,128
43034221d99b4964,256,0.350398,0,0,118632,2,71,112,89.351562,58.524841,0,0.349599,67.069854,128
07c111e920ad8619,256,0.350888,0,0,119035,2,68,117,89.476562,54.694763,0,0.350122,65.398128,128
eb89e78aefc04a56,256,0.350551,0,0,119005,2,68,112,89.390625,59.105225,0,0.350544,65.496392,128
feaa8d3fbd491b14,256,0.348621,0,0,117123,2,65,111,88.898438,58.638123,0,0.348848,63.016543,128
c87e2e08f9b378d9,256,0.348376,0,0,116779,2,67,109,88.835938,52.207458,0,0.348374,64.409704,128
eb8526aabbe00b5f,256,0.348499,0,0,117149,2,63,109,88.867188,61.662048,0,0.348996,61.333237,128
cdf82af160e7e3b7,256,0.350674,0,0,118848,2,65,109,89.421875,55.259521,0,0.349936,63.1653,128
72f7c14e32dcedb7,256,0.347488,0,0,115514,2,67,109,88.609375,48.894287,0,0.346457,64.608973,128
93c9f9924b454712,256,0.346967,0,0,115082,2,66,108,88.476562,54.999451,0,0.346037,63.54437,128
ef323541d1bfa6fb,256,0.354994,0,0,123851,2,67,112,90.523438,64.811951,0,0.355671,64.850086,128
8a0d160b1663d7a2,256,0.348346,0,0,116367,2,70,108,88.828125,54.212646,0,0.347258,67.120303,128
5daedd3788ebb6b3,256,0.350092,0,0,118488,2,71,114,89.273438,57.276794,0,0.349896,67.384701,128
64674c6525e05dfa,256,0.34951,0,0,117497,2,67,114,89.125,58.34375,0,0.34819,64.746851,128
787d9e3201dd9a17,256,0.353125,0,0,122321,2,69,110,90.046875,66.255615,0,0.354612,66.222706,128
131b75d29ecd470e,256,0.349265,0,0,117602,2,64,107,89.0625,53.433594,0,0.34923,61.952546,128
883e91092a9398f5,256,0.348775,0,0,117835,2,64,109,88.9375,64.753906,0,0.350335,62.154785,128
810c719992aa90a6,256,0.353339,0,0,121987,2,69,113,90.101562,61.497498,0,0.35351,66.427781,128
7cc0d6c94d672607,256,0.353217,0,0,121558,2,72,111,90.070312,60.549744,0,0.352567,68.520089,128
a2887c0431da5f10,256,0.351471,0,0,120084,2,56,108,89.625,59.523438,0,0.351645,54.818808,128
acf211f99fa8ec7c,256,0.352114,0,0,120065,2,72,116,89.789062,52.057068,0,0.350681,68.571877,128
4aa08f2860342c97,256,0.351011,0,0,119234,2,70,111,89.507812,53.382751,0,0.350523,66.477492,128
8b5ea8c73c75cc08,256,0.349479,0,0,117529,2,71,109,89.117188,53.267517,0,0.348371,68.032537,128
2be0d8eb0d921b87,256,0.346998,0,0,115155,2,69,107,88.484375,56.679443,0,0.346157,65.86182,128
ed6daa97b863795e,256,0.349449,0,0,117775,2,71,108,89.109375,54.573975,0,0.349265,67.020543,128
c50a31c49bc84933,256,0.349694,0,0,118099,2,68,114,89.171875,55.517334,0,0.34953,64.782024,128
49bb2f2d62dd0eab,256,0.349357,0,0,117833,2,68,109,89.085938,56.844177,0,0.349423,65.390833,128
f713e040e2a6ab16,256,0.35625,0,0,125376,2,73,111,90.84375,59.780273,0,0.357496,68.673768,128
8bf5ddd070089d43,256,0.3481,0,0,116664,2,67,113,88.765625,60.499756,0,0.348404,64.33945,128
3684441918e13d70,256,0.349387,0,0,117943,2,69,114,89.09375,56.959961,0,0.349729,66.266857,128
84e168ede3f87d87,256,0.346783,0,0,115183,2,67,112,88.429688,60.159119,0,0.346514,64.54147,128
c3af62ed64e6b31e,256,0.351746,0,0,119675,2,65,113,89.695312,47.336853,0,0.350559,63.171885,128
275c0d73a7a45ef3,256,0.348223,0,0,116320,2,67,108,88.796875,57.575928,0,0.347205,64.09733,128
698ae6997bfa36d4,256,0.351195,0,0,119876,2,69,115,89.554688,59.817322,0,0.351564,66.099762,128
875fd0c7ea2ee379,256,0.348039,0,0,116163,2,70,111,88.75,51.679688,0,0.34741,66.835783,128
a9f1d9d1aa1d9361,256,0.349786,0,0,118146,2,71,111,89.195312,57.000916,0,0.349224,67.849136,128
3f68ee973255b085,256,0.350766,0,0,118682,2,70,112,89.445312,53.762634,0,0.349233,66.585272,128
6e0c916f12fbd5ea,256,0.347243,0,0,115662,2,68,111,88.546875,58.068115,0,0.34719,65.56205,128
4d913d96f4e18c29,256,0.346262,0,0,114926,2,67,109,88.296875,55.27124,0,0.347004,64.504866,128
42fa453c5788e78a,256,0.350153,0,0,118491,2,69,111,89.289062,54.736755,0,0.349928,66.168796,128
1ff077acac2e134f,256,0.347028,0,0,115329,2,70,115,88.492188,57.796814,0,0.346553,67.10296,128
bf006171dbd52ae0,256,0.351624,0,0,119933,2,68,113,89.664062,58.426208,0,0.350929,65.548234,128
5ce1021e64c578bc,256,0.351072,0,0,119176,2,70,109,89.523438,48.702576,0,0.350339,67.168325,128
19a527207c6163af,256,0.352145,0,0,120726,2,69,109,89.796875,58.716553,0,0.352385,66.183722,128
0554bb08f402f180,256,0.349081,0,0,117400,2,66,108,89.015625,57.796631,0,0.348483,63.896072,128
a94ced789073c994,256,0.346109,0,0,114219,2,65,108,88.257812,52.67572,0,0.345176,62.929778,128
ec51c43e50cc4892,256,0.348897,0,0,117139,2,69,106,88.96875,50.983398,0,0.348698,66.424806,128
d104ab96ec2b939e,256,0.355668,0,0,124716,2,67,110,90.695312,58.407166,0,0.356854,64.927892,128
98033bb8d78f585e,256,0.350705,0,0,119385,2,63,112,89.429688,64.815369,0,0.350881,61.12256,128
5e6c666f239e6704,256,0.346661,0,0,115542,2,63,112,88.398438,63.145935,0,0.347499,61.21168,128
88580bf57bce4adb,256,0.347089,0,0,115665,2,71,107,88.507812,59.585876,0,0.347408,67.484561,128
a8918647debd4986,256,0.346324,0,0,115032,2,67,112,88.3125,63.644531,0,0.346816,64.474572,128
fee2fe9fcbe3c652,256,0.3481,0,0,116469,2,63,107,88.765625,50.952881,0,0.348076,61.283752,128
670e57629adcf29e,256,0.353585,0,0,122132,2,68,107,90.164062,55.410583,0,0.353741,65.552509,128
6c909aa7425b1b71,256,0.347702,0,0,115917,2,65,108,88.664062,53.590271,0,0.347168,63.007738,128
04455b2e9cc86160,256,0.351869,0,0,119759,2,64,107,89.726562,49.753357,0,0.35041,62.24873,128
c5615d96f15df82f,256,0.350858,0,0,119330,2,68,110,89.46875,57.803711,0,0.350979,65.585971,128
580107592516cac2,256,0.352206,0,0,120730,2,68,109,89.8125,59.808594,0,0.352182,65.642965,128
e050363ae3a1ea4e,256,0.346262,0,0,114679,2,69,114,88.296875,60.122803,0,0.346119,65.331246,128
d163cf8c55058f6b,256,0.351409,0,0,119914,2,66,114,89.609375,60.980225,0,0.351539,63.896625,128
27dc98d00fe4a8d0,256,0.346967,0,0,115548,2,70,111,88.476562,56.835388,0,0.347306,66.439345,128
48f8085f51fd0bb2,256,0.350521,0,0,118698,2,73,108,89.382812,53.072205,0,0.349742,68.511578,128
71a28510e0da3ae5,256,0.348713,0,0,117353,2,71,113,88.921875,56.947021,0,0.34931,67.231059,128
5839ae23e6844de7,256,0.353462,0,0,121887,2,66,109,90.132812,57.810486,0,0.353061,64.016886,128
c7682f3394e7e25c,256,0.350306,0,0,118917,2,73,114,89.328125,53.462646,0,0.350864,68.821642,128
8b9e2f221122b823,256,0.344332,0,0,112843,2,67,109,87.804688,56.852478,0,0.344692,64.523645,128
72ef217c3845c7ad,256,0.352022,0,0,120750,2,64,122,89.765625,67.843506,0,0.352273,62.165407,128
5bf5656880653736,256,0.35193,0,0,120273,2,67,112,89.742188,57.433533,0,0.351443,64.938979,128
93babd43c9a0559a,256,0.350705,0,0,119376,2,68,107,89.429688,61.752869,0,0.351045,64.718657,128
8cb66cf7db6e58dc,256,0.353248,0,0,121869,2,70,112,90.078125,62.900146,0,0.353288,67.289643,128
1ebf48a2b0f40bbc,256,0.348131,0,0,116508,2,67,113,88.773438,54.550232,0,0.347954,64.715828,128
6c1568cb6294384b,256,0.35193,0,0,120868,2,72,113,89.742188,54.58197,0,0.353306,67.645146,128
bcf6b2e115e49b78,256,0.348897,0,0,117578,2,63,108,88.96875,56.163086,0,0.34944,60.940772,128
3593fed2198ba4e0,256,0.350797,0,0,119609,2,69,111,89.453125,65.122803,0,0.351373,66.250368,128
9d30c28021fd9ab6,256,0.354013,0,0,122788,2,71,114,90.273438,62.456482,0,0.354345,67.441353,128
3844e6fc8a8a308e,256,0.351961,0,0,120512,2,68,111,89.75,51.601562,0,0.352513,65.602202,128
24d34eb77e09e4c0,256,0.351501,0,0,120248,2,67,108,89.632812,57.763611,0,0.352252,64.804519,128
42c132200c448eda,256,0.352574,0,0,120776,2,63,111,89.90625,56.780273,0,0.3518,61.257525,128
35dd850d2707cc8a,256,0.351838,0,0,120875,2,72,116,89.71875,66.538086,0,0.352993,67.830998,128
c6f408c93f984d21,256,0.352757,0,0,120747,2,72,109,89.953125,47.380615,0,0.351487,68.772772,128
b2fad885920885dd,256,0.352298,0,0,121720,2,65,108,89.835938,71.723083,0,0.35443,62.981455,128
697190b2d764a2cf,256,0.354442,0,0,123013,2,63,115,90.382812,58.580017,0,0.354285,61.378079,128
edf987f5806e0871,256,0.346752,0,0,114942,2,68,110,88.421875,54.150146,0,0.346083,65.363213,128
b65d708f8f7a7edc,256,0.34807,0,0,116759,2,66,117,88.757812,64.61322,0,0.348547,63.717192,128
5a5148a50d2f924d,256,0.355331,0,0,124298,2,66,112,90.609375,71.816162,0,0.355947,63.68241,128
a5524dc0c35e9836,256,0.35239,0,0,121321,2,67,112,89.859375,68.74585,0,0.353239,64.558412,128
99adeb4ed5f09ad6,256,0.347059,0,0,115471,2,65,114,88.5,63.976562,0,0.346804,62.772395,128
b4cf95b8b10cb3c6,256,0.353891,0,0,122018,2,66,108,90.242188,52.136658,0,0.352806,63.876185,128
75da6ef422e8f343,256,0.348254,0,0,116162,2,66,110,88.804688,48.954041,0,0.346955,63.888952,128
f5427e78d0a65d85,256,0.353064,0,0,121339,2,64,109,90.03125,51.741211,0,0.352503,62.299256,128
d49efd259f3fc3d8,256,0.349357,0,0,117839,2,72,115,89.085938,63.031677,0,0.349161,68.225692,128
401221799518ae0e,256,0.349112,0,0,117358,2,65,112,89.023438,51.944763,0,0.348862,63.132618,128
575bec84d8b0ffaa,256,0.344761,0,0,113225,2,71,112,87.914062,58.00824,0,0.344777,67.118283,128
68d5ad015bbe79c4,256,0.351348,0,0,119798,2,72,112,89.59375,57.639648,0,0.35116,68.366391,128
ed7e8e487b49ee60,256,0.350766,0,0,118985,2,67,113,89.445312,56.278259,0,0.350005,64.675602,128
a963861199a15606,256,0.350613,0,0,118878,2,69,112,89.40625,55.280273,0,0.350151,66.078985,128
c162f912a5adbe44,256,0.35435,0,0,122936,2,70,119,90.359375,58.706787,0,0.354206,66.776086,128
2d82ea1d4a47af73,256,0.34807,0,0,116141,2,72,110,88.757812,54.67572,0,0.346973,68.075818,128
8fc0916c7b30140a,256,0.351471,0,0,120457,2,64,112,89.625,69.023438,0,0.35258,62.172058,128
4413034a36937f03,256,0.350214,0,0,118964,2,69,112,89.304688,59.797791,0,0.350966,66.047222,128
4146f79f2a89001a,256,0.348039,0,0,116513,2,69,110,88.75,59.304688,0,0.348003,65.136273,128
6603fb2fe3bd7f3f,256,0.396998,0,0,172809,2,82,126,101.234375,59.406006,0,0.39687,78.89487,128
35d76396c3c0c7a8,256,0.393658,0,0,168326,2,79,124,100.382812,56.658142,0,0.393359,76.503497,128
9440713c108aabfe,256,0.40046,0,0,177451,2,82,129,102.117188,60.43158,0,0.400397,78.593703,128
9c804f866494f059,256,0.398407,0,0,175308,2,80,124,101.59375,68.522461,0,0.399337,77.105546,128
bf5e0724e83c211d,256,0.396844,0,0,172658,2,82,128,101.195312,58.891541,0,0.396854,78.871555,128
eeebf255a26b2de4,256,0.398775,0,0,175333,2,79,122,101.6875,61.738281,0,0.39913,76.882191,128
082f0b0daee3f971,256,0.395619,0,0,170995,2,81,126,100.882812,59.126892,0,0.395493,77.72665,128
0c5eadff0094660e,256,0.403125,0,0,181051,2,80,123,102.796875,60.950928,0,0.403191,77.397695,128
d6370b1f10eb63a0,256,0.399969,0,0,177063,2,78,123,101.992188,65.687439,0,0.400364,75.7905,128
3c421ee4fc8b5c26,256,0.400582,0,0,177685,2,78,124,102.148438,63.071716,0,0.400675,75.714793,128
abf66eeeb984c90c,256,0.40046,0,0,177099,2,80,129,102.117188,58.595642,0,0.399763,77.441753,128
eb8a8ba71ed800e8,256,0.399295,0,0,175816,2,84,123,101.820312,55.17865,0,0.39933,80.446096,128
c07b951beb95a83c,256,0.400153,0,0,177396,2,84,129,102.039062,59.725037,0,0.40097,80.235014,128
c3a5d6099b632795,256,0.398744,0,0,175640,2,78,128,101.679688,72.2724,0,0.399371,75.757946,128
a726d2d97ad1b34c,256,0.396415,0,0,171740,2,81,121,101.085938,50.805115,0,0.395899,78.130584,128
edf7a58c583fa288,256,0.397488,0,0,173323,2,82,120,101.359375,54.230225,0,0.39728,79.244074,128
93285d1bc04296af,256,0.400306,0,0,176868,2,80,120,102.078125,54.103271,0,0.399623,77.412144,128
8a9e6987ae4fc7cc,256,0.402451,0,0,179681,2,83,122,102.625,54.609375,0,0.401688,79.618505,128
87d3e823d92ee711,256,0.407874,0,0,187078,2,83,124,104.007812,57.460876,0,0.407184,80.162827,128
18e845a8f2369720,256,0.396599,0,0,172132,2,84,128,101.132812,58.216736,0,0.396121,79.51116,128
775401a1e02735bf,256,0.405116,0,0,184250,2,80,134,103.304688,72.719666,0,0.405863,77.691525,128
e35f940ba6550ae8,256,0.402604,0,0,179784,2,86,122,102.664062,56.613708,0,0.401677,81.488511,128
3772235e667da0d2,256,0.401685,0,0,179063,2,79,125,102.429688,61.330994,0,0.401578,76.778173,128
01130f861cc246d2,256,0.40481,0,0,183866,2,83,125,103.226562,66.933044,0,0.405814,79.74889,128
0847432f0193ca03,256,0.399173,0,0,176295,2,80,126,101.789062,73.822693,0,0.400063,76.881106,128
6876378c306b936d,256,0.404044,0,0,182333,2,81,125,103.03125,63.077148,0,0.404052,78.169097,128
af8b340977989415,256,0.404657,0,0,182630,2,86,122,103.1875,55.542969,0,0.403905,81.811648,128
865231f82fa946f1,256,0.396569,0,0,172369,2,78,123,101.125,64.1875,0,0.396534,75.649307,128
1bf68de1e5dcb1eb,256,0.401103,0,0,178329,2,82,127,102.28125,64.584961,0,0.401067,79.102779,128
abb930d34d7d3e06,256,0.39421,0,0,169997,2,80,123,100.523438,75.476013,0,0.395197,76.820511,128
d2435b8dd1b86fbc,256,0.398775,0,0,175277,2,81,124,101.6875,66.230469,0,0.3986,77.241528,128
bf77fc4c4940a6ff,256,0.4,0,0,177120,2,83,124,102.0,63.179688,0,0.400462,79.242465,128
cc2ec3f80b98f23e,256,0.398438,0,0,174919,2,82,124,101.601562,61.583435,0,0.398638,78.671868,128
d3d0f8b8747ffcb3,256,0.402175,0,0,179978,2,83,129,102.554688,61.153259,0,0.40273,79.846689,128
eb1d92819eb5f1d4,256,0.398989,0,0,175219,2,85,127,101.742188,60.160095,0,0.398433,80.826548,128
cb43053381ad865c,256,0.40383,0,0,181631,2,85,122,102.976562,56.811951,0,0.403201,80.872181,128
1b419be671dbd9f4,256,0.399449,0,0,176998,2,80,126,101.859375,70.534912,0,0.40118,77.220399,128
48be3fcae2d32fd9,256,0.400184,0,0,177779,2,82,124,102.046875,65.036865,0,0.401375,78.637083,128
7af6d1b34a117baf,256,0.398131,0,0,174760,2,76,120,101.523438,58.897888,0,0.399152,73.921235,128
06f980dcceb8eb8c,256,0.400735,0,0,178125,2,77,123,102.1875,64.136719,0,0.401221,74.753113,128
df05fd0f1c49bf26,256,0.400705,0,0,177717,2,78,129,102.179688,61.077087,0,0.400563,75.69192,128
5a433750a9f0e80a,256,0.397978,0,0,174371,2,78,121,101.484375,59.866943,0,0.39852,75.845807,128
d46e78d65c7c722c,256,0.399173,0,0,175951,2,76,125,101.789062,63.869568,0,0.399453,73.959346,128
03c5e490806a5b39,256,0.399969,0,0,176777,2,81,130,101.992188,60.304626,0,0.399853,78.194801,128
54dfb2c5d23a3a12,256,0.399877,0,0,176603,2,81,127,101.96875,57.303711,0,0.399848,78.344747,128
d5e6a931f2f26ff5,256,0.399387,0,0,176216,2,81,122,101.84375,62.350586,0,0.399762,77.044562,128
f4193972c4a943fa,256,0.396048,0,0,171152,2,82,123,100.992188,52.695251,0,0.395192,78.940827,128
22fe151a2d0c5310,256,0.402114,0,0,179770,2,73,130,102.539062,62.334412,0,0.402238,71.354552,128
8bae2d68efbcceeb,256,0.396109,0,0,171959,2,74,124,101.007812,60.773376,0,0.396745,72.152186,128
53f75fe1a93fb8df,256,0.396507,0,0,172159,2,78,126,101.109375,58.909912,0,0.396421,75.444099,128
72a3f249ede600f1,256,0.403156,0,0,180796,2,84,125,102.804688,53.321228,0,0.402752,80.625121,128
12406b57daed88cb,256,0.402849,0,0,180371,2,84,132,102.726562,56.261169,0,0.402391,80.6691,128
a330f6ecf9d38c88,256,0.395404,0,0,170363,2,81,121,100.828125,50.540771,0,0.394663,77.717636,128
201ab54dbd720ba1,256,0.399418,0,0,176025,2,83,131,101.851562,62.696716,0,0.399258,79.24371,128
f31ec88cceee7324,256,0.402237,0,0,179007,2,86,124,102.570312,45.971619,0,0.40101,82.123853,128
23f30d549c1dfb08,256,0.396446,0,0,172154,2,83,126,101.09375,69.764648,0,0.396076,78.582729,128
d9c54f94b39f42ad,256,0.403646,0,0,182046,2,81,126,102.929688,66.362244,0,0.404082,78.103533,128
0a2e74d146008752,256,0.399663,0,0,176693,2,83,127,101.914062,66.172302,0,0.400307,79.164315,128
5ca1ab43308ca62f,256,0.402328,0,0,179416,2,84,122,102.59375,56.889648,0,0.401251,80.616543,128
27ee2221e6f9d5c4,256,0.401624,0,0,179116,2,84,120,102.414062,60.66449,0,0.401992,79.361362,128
548821bb7f277a2e,256,0.402114,0,0,179396,2,82,129,102.539062,60.459412,0,0.401488,78.876474,128
44c8f58b39c5f8ab,256,0.394271,0,0,168989,2,80,118,100.539062,56.271912,0,0.393688,77.178361,128
b16fd4da0df18d1d,256,0.398315,0,0,175024,2,82,127,101.570312,63.549744,0,0.399093,78.48313,128
0aa9d4e8650c72d7,256,0.397549,0,0,173867,2,81,128,101.375,68.195312,0,0.397833,77.3865,128
b659922cb989ff9c,256,0.403646,0,0,181699,2,81,124,102.929688,59.838806,0,0.403636,77.674195,128
b541d38ec990db0b,256,0.396722,0,0,172326,2,79,123,101.164062,61.035583,0,0.396339,76.094518,128
5bf5f0b9736e58f6,256,0.396722,0,0,172157,2,79,124,101.164062,54.371521,0,0.396175,76.474575,128
f246330f102b1076,256,0.396998,0,0,172711,2,82,124,101.234375,52.452881,0,0.396955,78.686602,128
0b216c3ccfd7a7ab,256,0.3981,0,0,174085,2,80,123,101.515625,52.304443,0,0.397909,77.142093,128
5d3257e201dbc391,256,0.401501,0,0,177967,2,85,124,102.382812,46.915955,0,0.400152,81.21878,128
db2071c773a9df60,256,0.401471,0,0,179106,2,81,125,102.375,62.539062,0,0.40207,77.862288,128
2268fd0e1bd04bc1,256,0.398621,0,0,174803,2,82,124,101.648438,58.001404,0,0.398374,79.217231,128
a583e9679d09a23f,256,0.39856,0,0,174913,2,80,122,101.632812,56.505798,0,0.398676,77.188498,128
fc24d3cabed62b9d,256,0.40144,0,0,178292,2,83,122,102.367188,52.662048,0,0.4007,79.992413,128
215ad3ccf940aab3,256,0.39951,0,0,176453,2,79,125,101.875,69.140625,0,0.399714,76.542147,128
b32e304bb918cb89,256,0.402788,0,0,180863,2,78,123,102.710938,64.072693,0,0.403319,75.795153,128
9263dc6f9adb7573,256,0.404841,0,0,183845,2,83,129,103.234375,71.538818,0,0.405644,79.965251,128
fe4765e5dbda42ea,256,0.396017,0,0,171664,2,82,124,100.984375,57.773193,0,0.396187,78.80755,128
8513ecca07e299b3,256,0.39856,0,0,175020,2,84,122,101.632812,58.708923,0,0.398825,79.357902,128
38d7f49f11af3ee2,256,0.399173,0,0,175844,2,83,123,101.789062,72.03363,0,0.399109,79.024544,128
a569dd252a145876,256,0.401808,0,0,179503,2,78,124,102.460938,64.170349,0,0.402089,75.5149,128
eb639547299ef5b4,256,0.396906,0,0,172606,2,82,132,101.210938,58.09613,0,0.396671,78.255977,128
27534da87be475aa,256,0.39758,0,0,173160,2,82,126,101.382812,55.36908,0,0.396752,78.145591,128
1b3ba50137d261a0,256,0.402022,0,0,179535,2,80,125,102.515625,64.437256,0,0.40184,77.341547,128
52db2a054bd70c6c,256,0.401991,0,0,179576,2,83,127,102.507812,55.539001,0,0.402551,79.798507,128
b625d41a7fdf5213,256,0.404167,0,0,182329,2,81,125,103.0625,56.910156,0,0.404164,78.284586,128
e961e26e969d51fd,256,0.400888,0,0,178000,2,83,123,102.226562,62.940857,0,0.400806,79.521787,128
b548fd3e9f40c26e,256,0.403646,0,0,181866,2,78,129,102.929688,66.518494,0,0.403713,76.029625,128
b15cdb544c33e609,256,0.399326,0,0,175987,2,81,128,101.828125,63.142334,0,0.39916,78.238196,128
7fb4c559b89fff77,256,0.39902,0,0,175501,2,77,123,101.75,59.984375,0,0.398973,74.857504,128
26cdefcdd01a6701,256,0.40144,0,0,179397,2,77,134,102.367188,70.833923,0,0.402604,74.72069,128
e6521bd940e89bcb,256,0.394516,0,0,170184,2,81,125,100.601562,66.528748,0,0.395362,77.018025,128
1eb84207fcfa2d6d,256,0.402022,0,0,179667,2,82,126,102.515625,62.749756,0,0.402407,78.876244,128
70a984f6b43dd9e7,256,0.402022,0,0,180138,2,70,123,102.515625,70.538818,0,0.402981,68.643427,128
19db2612ffa4a48d,256,0.400919,0,0,178619,2,83,124,102.234375,64.499756,0,0.402098,79.370623,128
1b6e1eedd549cef9,256,0.394884,0,0,170332,2,79,124,100.695312,61.086853,0,0.395356,76.15399,128
e44cc237145b9879,256,0.399939,0,0,176811,2,85,128,101.984375,56.468506,0,0.40025,81.060548,128
b0a38b661da606b1,256,0.398621,0,0,174267,2,79,121,101.648438,51.149841,0,0.397249,76.726974,128
993f78e13bff6e83,256,0.401103,0,0,178116,2,80,125,102.28125,62.467773,0,0.400706,77.266229,128
72636328c4894ea4,256,0.398713,0,0,174567,2,80,122,101.671875,52.407959,0,0.397683,77.560109,128
4597e2191ec3b2c1,256,0.448805,0,0,249253,2,86,139,114.445312,57.840759,0,0.448008,84.248415,128
9f12a6073c153b62,256,0.450245,0,0,252409,2,93,136,114.8125,61.816406,0,0.450596,90.138495,128
87739a226ee33969,256,0.446661,0,0,245969,2,87,136,113.898438,61.270935,0,0.446251,84.904687,128
3d65acf8471167cc,256,0.452359,0,0,256082,2,94,136,115.351562,67.665466,0,0.452782,90.886013,128
9e047d32d1f88842,256,0.452298,0,0,255787,2,96,144,115.335938,65.574646,0,0.452342,91.954891,128
759de74809ed25a6,256,0.448958,0,0,249298,2,93,132,114.484375,52.226318,0,0.447885,89.981319,128
59dc6c329a95639a,256,0.453952,0,0,258511,2,95,139,115.757812,64.36322,0,0.453961,92.105374,128
0ea7681bdb3dd0d9,256,0.451409,0,0,253814,2,94,134,115.109375,62.05835,0,0.450813,90.553567,128
d8eeb7fccd258cd7,256,0.448376,0,0,248557,2,92,139,114.335938,51.644958,0,0.447822,89.099177,128
0979868be0698b1b,256,0.451532,0,0,254225,2,96,142,115.140625,56.3396,0,0.451502,92.23397,128
2ea2abce88a738c0,256,0.451716,0,0,254698,2,93,138,115.1875,64.183594,0,0.451845,90.242691,128
3c6ed351e34806e0,256,0.455086,0,0,260116,2,93,143,116.046875,56.005615,0,0.454827,90.6208,128
05cb651834d6dfd0,256,0.451961,0,0,255586,2,92,134,115.25,69.5625,0,0.4526,89.578254,128
0f394788442f70e5,256,0.450245,0,0,252911,2,89,144,114.8125,76.230469,0,0.451054,86.935557,128
03587966424e700a,256,0.451961,0,0,255219,2,97,135,115.25,58.085938,0,0.452388,92.401743,128
02904caf98debc40,256,0.451869,0,0,254629,2,96,143,115.226562,56.714294,0,0.451491,92.365791,128
cab01b725645dbfd,256,0.448836,0,0,249631,2,96,136,114.453125,61.997803,0,0.448506,91.901962,128
ed36a7fa6f5e2f15,256,0.448591,0,0,249553,2,89,137,114.390625,65.378662,0,0.448788,86.616471,128
e099587272fb0887,256,0.453983,0,0,258286,2,97,136,115.765625,57.234131,0,0.453771,92.275791,128
6ff19d17df164b55,256,0.448437,0,0,249452,2,92,135,114.351562,61.204529,0,0.448917,89.093677,128
b6c7ae4da4c4934f,256,0.447151,0,0,247478,2,91,135,114.023438,71.132263,0,0.447596,87.904247,128
16920d1e795ad301,256,0.452819,0,0,257037,2,96,141,115.46875,71.647461,0,0.453324,92.482548,128
5ff3e64f48d8fc45,256,0.45144,0,0,253878,2,96,139,115.117188,57.580017,0,0.450959,92.591345,128
eddaa58fdd078101,256,0.45625,0,0,262587,2,91,142,116.34375,65.116211,0,0.456391,88.865912,128
0108dc1a85c324e1,256,0.446936,0,0,246854,2,94,134,113.96875,64.100586,0,0.447074,90.474587,128
e174c4df502f089e,256,0.447855,0,0,248212,2,92,141,114.203125,66.974365,0,0.447773,89.084803,128
727d4c9b436c51ab,256,0.448836,0,0,249738,2,93,139,114.453125,63.661865,0,0.44863,90.070274,128
46725490535f93c1,256,0.448376,0,0,248960,2,96,133,114.335938,56.832458,0,0.44839,92.153567,128
791b4f698b0dc767,256,0.447855,0,0,248248,2,94,134,114.203125,60.482178,0,0.447904,90.747709,128
76349f7daf7e806d,256,0.449326,0,0,250729,2,93,132,114.578125,61.712646,0,0.449471,90.070417,128
fbcf82e1b0b89bcd,256,0.452819,0,0,256580,2,90,138,115.46875,57.897461,0,0.45298,87.786151,128
4054ed41385e667e,256,0.44761,0,0,247947,2,93,132,114.140625,67.503662,0,0.447733,89.731455,128
bc93d6064450f0a0,256,0.453646,0,0,258158,2,95,143,115.679688,67.561462,0,0.453828,91.105525,128
8f16e112bdd81f6e,256,0.450092,0,0,252295,2,92,135,114.773438,65.761169,0,0.450548,89.374523,128
240d42e29ab456c1,256,0.450643,0,0,252511,2,96,135,114.914062,58.992615,0,0.450048,92.183227,128
ca3bece98910029b,256,0.450337,0,0,251567,2,96,135,114.835938,53.496521,0,0.449178,91.944517,128
1f7ba049968707d1,256,0.447304,0,0,246908,2,96,136,114.0625,59.214844,0,0.446752,91.534634,128
7e48cb55e76091f4,256,0.446569,0,0,246086,2,92,137,113.875,67.125,0,0.446416,89.04128,128
71c0ae0d40c6cff3,256,0.448652,0,0,249393,2,96,136,114.40625,61.288086,0,0.448438,91.901205,128
8c4b09de88eeeaef,256,0.448775,0,0,250507,2,89,142,114.4375,74.097656,0,0.449813,86.667698,128
bdcb616162891342,256,0.446538,0,0,246528,2,90,136,113.867188,69.326111,0,0.447164,87.171388,128
7b6b3acdeadbd7b2,256,0.452175,0,0,254904,2,96,138,115.304688,56.391541,0,0.451396,92.545502,128
7d0588f44ff8a476,256,0.453891,0,0,258297,2,92,139,115.742188,61.027283,0,0.453738,89.614723,128
f52a497c92e2b4b4,256,0.453585,0,0,257221,2,96,137,115.664062,60.309021,0,0.452455,92.917397,128
39b23a77776f081e,256,0.444761,0,0,243722,2,88,137,113.414062,67.117615,0,0.445678,85.742932,128
664a2378e5201a2f,256,0.453033,0,0,257363,2,91,142,115.523438,64.827576,0,0.453768,88.574414,128
e39d99c7b699b1cc,256,0.451654,0,0,254869,2,91,137,115.171875,66.665771,0,0.451993,88.541757,128
64687a642a6ea088,256,0.450184,0,0,252471,2,92,134,114.796875,67.380615,0,0.450601,89.523894,128
f4cab851b331670f,256,0.448836,0,0,249548,2,97,133,114.453125,55.474365,0,0.448586,92.946704,128
bfd4b9ff47a69924,256,0.449571,0,0,250724,2,98,134,114.640625,56.050537,0,0.449171,93.374184,128
0b360563dc8538d8,256,0.446967,0,0,247020,2,88,135,113.976562,67.022888,0,0.447294,85.801482,128
8f42da45fe3313c4,256,0.450184,0,0,251955,2,95,137,114.796875,60.279053,0,0.449986,91.654967,128
25cd9d8049a82c86,256,0.449234,0,0,250755,2,92,132,114.554688,57.168884,0,0.449826,88.735343,128
4692094de818d424,256,0.454259,0,0,258962,2,93,139,115.835938,64.246521,0,0.454118,90.068556,128
b295c943c68aae77,256,0.455484,0,0,261032,2,95,143,116.148438,66.134216,0,0.455289,91.75569,128
912326f488ee47d3,256,0.450184,0,0,252181,2,94,139,114.796875,57.857178,0,0.450464,90.288923,128
92e2c4c6f96366ae,256,0.453186,0,0,257456,2,93,137,115.5625,63.292969,0,0.453544,90.236419,128
fef96a272ef0be70,256,0.452911,0,0,256281,2,94,141,115.492188,55.523376,0,0.452297,91.15831,128
0ebcd3d944de1ca1,256,0.449602,0,0,250963,2,96,136,114.648438,63.345154,0,0.449351,91.580643,128
489509ee8d262ed8,256,0.447488,0,0,247963,2,94,138,114.109375,64.659912,0,0.448249,90.607042,128
ebbbffcf28ab084c,256,0.451593,0,0,253966,2,94,138,115.15625,59.405273,0,0.450833,91.097089,128
e46190db4357471a,256,0.449724,0,0,250254,2,96,134,114.679688,55.139587,0,0.448043,92.255071,128
e6bc4418478123b4,256,0.44905,0,0,250104,2,94,140,114.507812,59.992126,0,0.448951,91.090975,128
3c3c0c126e653735,256,0.447886,0,0,248068,2,93,139,114.210938,57.775818,0,0.447749,90.166662,128
e4acaf4e9f421e71,256,0.452972,0,0,256325,2,94,137,115.507812,54.999939,0,0.452288,91.257706,128
586efdafaf6fb8c6,256,0.450123,0,0,251827,2,87,135,114.78125,64.350586,0,0.449734,84.987266,128
ccc90e000c745d4d,256,0.453217,0,0,258109,2,95,141,115.570312,70.659119,0,0.454519,91.984533,128
8f46dd54f23c8ddd,256,0.449694,0,0,251336,2,94,132,114.671875,66.689209,0,0.44974,90.579005,128
ce5659b77b92a549,256,0.45193,0,0,255026,2,95,134,115.242188,64.89447,0,0.45185,91.019632,128
94cd57908b41c63f,256,0.450184,0,0,252410,2,94,136,114.796875,62.27124,0,0.450798,90.979591,128
f0d061402f3eb2ad,256,0.448775,0,0,249683,2,92,134,114.4375,65.847656,0,0.448544,89.329587,128
a8902c43306c578a,256,0.454013,0,0,258437,2,92,133,115.773438,61.706482,0,0.45374,89.440505,128
b86c0d227c325e52,256,0.446078,0,0,245155,2,86,134,113.75,58.0625,0,0.446063,84.082705,128
ab97661845666c3c,256,0.453707,0,0,257933,2,96,140,115.695312,64.180603,0,0.453394,92.542845,128
18f10b3a026825c6,256,0.45481,0,0,259858,2,96,132,115.976562,59.616638,0,0.454738,92.63572,128
fdb8397819685bc1,256,0.452114,0,0,255888,2,84,138,115.289062,70.22113,0,0.452845,82.39999,128
b5167761ee2ec465,256,0.446998,0,0,246961,2,88,134,113.984375,63.101318,0,0.447344,85.933542,128
ad8296011295d93e,256,0.448897,0,0,249976,2,92,139,114.46875,67.553711,0,0.448934,89.242446,128
01010b89ae2ba3b5,256,0.448744,0,0,250015,2,93,134,114.429688,72.299744,0,0.448999,89.597723,128
9391dbdfef3c0195,256,0.450551,0,0,252463,2,91,137,114.890625,62.847412,0,0.450171,88.547549,128
7bbde9a668912f67,256,0.449112,0,0,250205,2,94,134,114.523438,56.601013,0,0.449158,90.976924,128
53634d71aea9b2e3,256,0.451225,0,0,253516,2,94,142,115.0625,58.753906,0,0.450744,90.899038,128
8205b218b3c6f1ef,256,0.452512,0,0,256559,2,96,141,115.390625,67.659912,0,0.453343,92.53168,128
73c03aedea0004a3,256,0.44807,0,0,248729,2,91,138,114.257812,64.20697,0,0.44834,88.529036,128
36bae99e1d6bd44b,256,0.450858,0,0,252853,2,91,134,114.96875,56.350586,0,0.450305,88.654306,128
f2c53194d432d3a6,256,0.449877,0,0,251421,2,96,135,114.71875,62.608398,0,0.449568,92.100906,128
e5f684251e4dfa90,256,0.454473,0,0,259332,2,91,135,115.890625,63.222412,0,0.454374,88.668413,128
56213a2c24cd3ea9,256,0.448621,0,0,249376,2,93,144,114.398438,61.294373,0,0.448476,90.053942,128
a35c53eae2425d3c,256,0.445282,0,0,243999,2,93,134,113.546875,60.77124,0,0.445507,88.839568,128
e2f25e12373cd8df,256,0.45095,0,0,254387,2,86,141,114.992188,77.007751,0,0.452141,84.075305,128
ecb9d020fc68d8bf,256,0.45242,0,0,255599,2,94,136,115.367188,61.427673,0,0.451982,90.880913,128
e0d6d50c9b979f0f,256,0.444914,0,0,243028,2,93,136,113.453125,58.02124,0,0.444497,89.595422,128
674470d8082a7ffd,256,0.448958,0,0,250321,2,91,137,114.484375,65.484131,0,0.449311,87.809697,128
f5184f127d28ded9,256,0.448315,0,0,249457,2,94,136,114.320312,68.280212,0,0.448993,90.651955,128
4f2f4aa37a492adc,256,0.45049,0,0,252959,2,92,144,114.875,64.15625,0,0.451005,89.247194,128
3a834f646df27042,256,0.445864,0,0,244959,2,88,131,113.695312,67.977478,0,0.445683,85.553845,128
0ee7e071a39c02fb,256,0.45046,0,0,252577,2,95,131,114.867188,55.685486,0,0.450827,91.662258,128
fbf9f7cfc736c52b,256,0.448192,0,0,249061,2,93,140,114.289062,69.900818,0,0.448419,89.812157,128
d2062110fc191228,256,0.446814,0,0,246436,2,95,131,113.9375,57.347656,0,0.446952,90.453932,128
a2e848175c4d9fa4,256,0.4481,0,0,248280,2,89,133,114.265625,54.109131,0,0.447824,86.688482,128
f748648f93c0fd99,256,0.493811,0,0,332770,2,99,147,125.921875,67.072021,0,0.493694,96.919724,128
2e9b560ed440e7f8,256,0.497794,0,0,340150,2,108,150,126.9375,55.660156,0,0.496995,103.943316,128
50a886f9b48c975a,256,0.497488,0,0,340195,2,99,152,126.859375,66.917725,0,0.49732,96.944558,128
b558638782451336,256,0.4981,0,0,341954,2,104,148,127.015625,72.374756,0,0.498517,101.231128,128
bf1ce9972d0cf533,256,0.497794,0,0,340639,2,106,147,126.9375,57.402344,0,0.497638,103.012721,128
b7c45cef6482c225,256,0.502696,0,0,350616,2,95,150,128.1875,61.597656,0,0.502171,93.523841,128
8ea6094899c5fb57,256,0.497396,0,0,339880,2,108,147,126.835938,60.262146,0,0.497291,103.819081,128
76b122614525e8ff,256,0.50337,0,0,352239,2,100,151,128.359375,62.5271,0,0.503007,97.997012,128
9f70b96e6c151f37,256,0.497488,0,0,339559,2,110,149,126.859375,55.37085,0,0.496739,105.213872,128
8bea0569d370e331,256,0.502175,0,0,349600,2,109,151,128.054688,56.692322,0,0.5019,104.789979,128
5e909d023d270f5f,256,0.501624,0,0,348468,2,105,148,127.914062,57.82074,0,0.501323,102.399405,128
bbec35c2efcd8e0f,256,0.498958,0,0,342900,2,104,147,127.234375,54.968506,0,0.498726,101.204567,128
06db8d03e82ec255,256,0.504044,0,0,353287,2,107,152,128.53125,55.499023,0,0.503548,104.112686,128
8a7e429f53cfa34b,256,0.502053,0,0,349302,2,106,149,128.023438,55.843201,0,0.501678,103.090335,128
ff0e5a8d4e088902,256,0.491023,0,0,326817,2,105,149,125.210938,57.494568,0,0.490717,101.750655,128
0529910eafeaa635,256,0.499632,0,0,344770,2,107,146,127.40625,61.999023,0,0.499855,103.372154,128
e7f039472a021bcf,256,0.501348,0,0,347699,2,108,154,127.84375,57.928711,0,0.500779,104.62236,128
995f2e1d32c7f16b,256,0.504779,0,0,355326,2,111,154,128.71875,60.288086,0,0.504767,106.676994,128
c27d46948bf2b7f9,256,0.502022,0,0,349162,2,100,160,128.015625,58.187256,0,0.501589,98.233308,128
fd29464084237900,256,0.497855,0,0,340979,2,101,149,126.953125,67.349365,0,0.497802,98.812746,128
27d5437273e199bf,256,0.501869,0,0,349327,2,106,152,127.976562,62.202576,0,0.501985,103.237276,128
2775851b16b7c88a,256,0.502053,0,0,349732,2,105,152,128.023438,60.280701,0,0.502181,102.104546,128
8c753131acf60f84,256,0.50337,0,0,352822,2,105,148,128.359375,69.050537,0,0.50375,101.904562,128
886afd046b468da3,256,0.50193,0,0,349726,2,107,148,127.992188,66.156189,0,0.502326,103.314324,128
744c24db99567907,256,0.503339,0,0,352658,2,106,156,128.351562,68.165466,0,0.503598,103.12309,128
8b5298b11f5891bb,256,0.497212,0,0,339716,2,108,155,126.789062,61.775818,0,0.497265,103.87492,128
c4ec7bed662a5eb8,256,0.500858,0,0,347320,2,107,145,127.71875,59.881836,0,0.501099,103.973169,128
db3c484c17c7ae4e,256,0.500766,0,0,347859,2,107,153,127.695312,78.446228,0,0.501555,103.385759,128
463772194e1adece,256,0.499112,0,0,343227,2,108,149,127.273438,59.753357,0,0.49872,104.399729,128
85472dda7a9dae8b,256,0.502604,0,0,350321,2,109,146,128.164062,58.473083,0,0.502064,105.145592,128
2f83fb215dc6908b,256,0.495558,0,0,336001,2,106,152,126.367188,62.779236,0,0.49515,102.827507,128
6693a338cae25d3f,256,0.501164,0,0,347265,2,106,148,127.796875,60.411865,0,0.500407,103.196425,128
a96d0b4a99d70c01,256,0.499694,0,0,345239,2,106,150,127.421875,62.697021,0,0.500324,102.884899,128
ac1b7f98a8af178c,256,0.501838,0,0,349198,2,105,151,127.96875,64.725586,0,0.501738,102.287068,128
4bb48d8c71f1269d,256,0.500919,0,0,346839,2,107,149,127.734375,56.929443,0,0.500467,103.490391,128
cbe987ce69bc89ba,256,0.496906,0,0,338875,2,105,149,126.710938,58.518005,0,0.496833,102.316819,128
d4ac20a7dbe9faca,256,0.503125,0,0,352252,2,103,151,128.296875,66.138428,0,0.503463,100.662704,128
0c1a074739922c46,256,0.5,0,0,345414,2,104,146,127.5,62.835938,0,0.499995,101.443052,128
d41d4b48fc6ccb4a,256,0.504013,0,0,353695,2,103,148,128.523438,65.218201,0,0.503805,100.761099,128
04858b67d33d1ea4,256,0.499265,0,0,344239,2,106,153,127.3125,71.511719,0,0.499589,102.891019,128
2a9b04d2f935a4a9,256,0.500674,0,0,346863,2,109,149,127.671875,61.884521,0,0.500793,104.395637,128
4464b58110d9bf17,256,0.49712,0,0,339060,2,103,145,126.765625,59.687256,0,0.496612,100.364482,128
b35479465db5c7e0,256,0.497212,0,0,339466,2,105,148,126.789062,61.53363,0,0.496967,101.554685,128
0f88afac4a4eb843,256,0.504718,0,0,354779,2,103,149,128.703125,57.654053,0,0.504201,100.883168,128
2c6c361898280c6f,256,0.503554,0,0,352390,2,107,153,128.40625,57.756836,0,0.503155,103.553503,128
6575f2efbec6b7c1,256,0.499969,0,0,345577,2,102,151,127.492188,69.781189,0,0.500117,99.787588,128
c0248d53089c7030,256,0.50432,0,0,354373,2,106,150,128.601562,61.356873,0,0.504315,103.010552,128
f1c4b020f2fcc10e,256,0.499847,0,0,344843,2,107,147,127.460938,59.654724,0,0.499604,103.741074,128
3175a1790dc6aa9c,256,0.501195,0,0,347474,2,109,146,127.804688,63.071228,0,0.500645,104.41885,128
a6f33a870f6c4ceb,256,0.500337,0,0,345948,2,106,146,127.585938,62.97699,0,0.5001,102.952783,128
8ac8a8f5b55dd767,256,0.500429,0,0,346782,2,106,151,127.609375,70.792725,0,0.500877,102.979202,128
90eafeed7ef06a7a,256,0.501256,0,0,347765,2,104,151,127.820312,58.0849,0,0.501112,101.433732,128
9e3f16103f9220e6,256,0.499969,0,0,345680,2,104,158,127.492188,68.320251,0,0.500243,100.308561,128
aa42843b6bad8783,256,0.494884,0,0,335497,2,107,149,126.195312,65.438416,0,0.495647,102.884762,128
4533512effb79fb5,256,0.497733,0,0,340517,2,106,150,126.921875,58.548584,0,0.497499,102.747236,128
6524f1bd3a7223e1,256,0.499663,0,0,344523,2,104,153,127.414062,59.047302,0,0.499503,101.226713,128
4fb242439808d5f4,256,0.499632,0,0,344609,2,107,151,127.40625,62.749023,0,0.499487,103.719688,128
31b543c911de78ee,256,0.499786,0,0,345363,2,99,149,127.445312,65.739197,0,0.500349,97.106803,128
c286de14467a17d8,256,0.499295,0,0,344260,2,107,150,127.320312,66.592712,0,0.499614,103.407632,128
36504291e68e4d02,256,0.497273,0,0,340344,2,108,150,126.804688,76.860291,0,0.497715,103.51565,128
1ab3a29d5cf68f8d,256,0.502298,0,0,350211,2,105,149,128.085938,65.305115,0,0.502282,102.211797,128
33abee28bfdc5de9,256,0.497641,0,0,340804,2,105,152,126.898438,64.638123,0,0.497813,101.946988,128
8089fa1c8726356c,256,0.497089,0,0,339535,2,102,144,126.757812,66.433533,0,0.497136,99.204625,128
c79105484e4c37f1,256,0.499877,0,0,344866,2,101,148,127.46875,62.249023,0,0.49947,98.672026,128
6494069ee68e4067,256,0.499571,0,0,344468,2,102,152,127.390625,64.456787,0,0.499471,99.727676,128
a5be1f93fc471482,256,0.501195,0,0,348242,2,101,150,127.804688,71.813416,0,0.501481,98.831571,128
e0ac78edf9a5ccd7,256,0.50288,0,0,351574,2,104,151,128.234375,64.171631,0,0.503059,100.861979,128
82aa2a60b9959267,256,0.496324,0,0,338067,2,109,149,126.5625,63.144531,0,0.496632,103.835562,128
9b9ea7d7c31331d4,256,0.496354,0,0,338182,2,106,149,126.570312,66.698181,0,0.496607,101.975782,128
32775391f47d0d80,256,0.500398,0,0,345920,2,104,151,127.601562,57.802185,0,0.500051,101.441342,128
d84dd57b220dd63c,256,0.507567,0,0,361687,2,109,153,129.429688,66.838806,0,0.507976,105.269546,128
59ea4174c1962e48,256,0.50432,0,0,353466,2,107,146,128.601562,53.56781,0,0.503259,103.903969,128
914ec3c95d1642e7,256,0.5019,0,0,348768,2,109,155,127.984375,57.351318,0,0.501215,104.764884,128
4003e3c2d0f788ab,256,0.496262,0,0,337898,2,102,150,126.546875,67.919678,0,0.496312,99.572433,128
8aae401ae121e4ca,256,0.50769,0,0,362391,2,105,147,129.460938,75.740662,0,0.50839,101.858197,128
bd345eed934e5c3c,256,0.499602,0,0,344642,2,109,148,127.398438,65.739685,0,0.49968,104.620186,128
b1a43195222cfd8a,256,0.494271,0,0,334009,2,104,154,126.039062,67.076599,0,0.494593,100.852241,128
335333ba25c34eb0,256,0.49954,0,0,344282,2,104,148,127.382812,58.228455,0,0.499474,101.362661,128
e79b496ecfb33849,256,0.505821,0,0,358421,2,107,149,128.984375,73.866943,0,0.506523,103.28611,128
888962fbec9593f5,256,0.497733,0,0,340960,2,104,147,126.921875,65.572021,0,0.498059,101.406835,128
9d05e238191219e6,256,0.497794,0,0,341038,2,102,156,126.9375,62.433594,0,0.498082,99.655148,128
1e46b066e118a51c,256,0.50144,0,0,349117,2,103,159,127.867188,76.810486,0,0.502085,100.57123,128
64e8220bb20fc601,256,0.503217,0,0,353283,2,102,154,128.320312,77.80365,0,0.50442,99.514679,128
eb79d86b8e30bdcc,256,0.497733,0,0,340675,2,102,149,126.921875,63.782959,0,0.497612,99.572026,128
f487a6436870a95c,256,0.502665,0,0,350697,2,109,149,128.179688,59.05365,0,0.502405,105.171883,128
a8b1b611fbb77370,256,0.500827,0,0,346798,2,105,147,127.710938,60.197693,0,0.500452,101.90244,128
6866d50e71bf6239,256,0.499602,0,0,344562,2,106,154,127.398438,64.520935,0,0.499572,103.261803,128
f6dd63c0562106ae,256,0.502574,0,0,350795,2,107,150,128.15625,61.452148,0,0.50264,103.921412,128
4f0393d4158c8494,256,0.502911,0,0,351510,2,106,151,128.242188,59.605408,0,0.50304,103.169262,128
fba2dd64a207417d,256,0.502911,0,0,351422,2,105,149,128.242188,64.589783,0,0.502855,102.211565,128
f43e4a68975e080c,256,0.502022,0,0,349523,2,106,155,128.015625,62.406006,0,0.501947,103.116316,128
1f6d643698247030,256,0.501379,0,0,348219,2,105,147,127.851562,65.446716,0,0.501278,102.348882,128
bc3cddc03d6fb1f5,256,0.498039,0,0,341074,2,103,146,127.0,58.664062,0,0.497829,100.591428,128
64332ebf67ce6a18,256,0.501011,0,0,346978,2,104,149,127.757812,57.902283,0,0.500443,101.579973,128
4b4ea22f40e86058,256,0.499632,0,0,345322,2,107,151,127.40625,71.733398,0,0.500401,103.1621,128
005639f149614096,256,0.50049,0,0,346325,2,106,146,127.625,58.898438,0,0.500538,102.92513,128
8647ce4f95712184,256,0.495037,0,0,335392,2,106,148,126.234375,66.179443,0,0.495218,102.683698,128
8fa1d8dd34d7186a,256,0.501011,0,0,347038,2,108,152,127.757812,60.51947,0,0.500352,103.988859,128
f22ed8a6b3d727d5,256,0.499969,0,0,345182,2,107,152,127.492188,63.585876,0,0.499737,103.722851,128
4d246377d07f67c5,256,0.497488,0,0,340408,2,109,149,126.859375,59.74585,0,0.497844,104.628046,128
22d2086d86e2a58c,256,0.550858,0,0,462422,2,115,161,140.46875,70.584961,0,0.551235,112.553359,128
d564715b47f5ba2b,256,0.547335,0,0,452880,2,116,157,139.570312,61.838806,0,0.547089,112.814096,128
ce63fd665f4a5c5a,256,0.55144,0,0,462744,2,114,162,140.617188,58.158142,0,0.550801,111.963835,128
09b64dfc3501de5a,256,0.549112,0,0,458045,2,120,161,140.023438,64.624451,0,0.549712,115.833209,128
6c80b1dd56b91a0e,256,0.552757,0,0,466829,2,111,165,140.953125,66.33374,0,0.552762,109.185123,128
1c6f3479ae1e4f42,256,0.551379,0,0,463013,2,117,167,140.601562,61.395935,0,0.551195,114.485192,128
badc4fb606ef4c0d,256,0.549755,0,0,458760,2,121,160,140.1875,58.800781,0,0.549407,117.003478,128
8bed15cee8107036,256,0.552451,0,0,466215,2,119,162,140.875,63.773438,0,0.552772,115.840032,128
043d8cf033aee378,256,0.546477,0,0,451196,2,115,162,139.351562,67.071716,0,0.546604,112.533819,128
740d02d47856c447,256,0.550398,0,0,461142,2,119,161,140.351562,66.321716,0,0.550812,115.872172,128
cd86d0bfbac9e756,256,0.549112,0,0,457996,2,117,163,140.023438,69.194763,0,0.549522,113.771896,128
49197c560e84a5e5,256,0.551256,0,0,462884,2,112,166,140.570312,64.401306,0,0.551243,110.18147,128
618007111eb8f01a,256,0.549847,0,0,459113,2,119,167,140.210938,62.93988,0,0.549592,115.484545,128
8b1c4ee41fead3df,256,0.551409,0,0,463250,2,119,161,140.609375,63.316162,0,0.551398,115.825324,128
e630daf570c4c560,256,0.541422,0,0,438345,2,115,158,138.0625,56.613281,0,0.541298,112.545037,128
71c15ef03403082c,256,0.548346,0,0,455853,2,114,167,139.828125,65.751709,0,0.548581,111.651807,128
70f97fdb52b5d170,256,0.550092,0,0,460185,2,117,163,140.273438,64.987732,0,0.550275,114.300358,128
b3b5301e2262ed2a,256,0.550368,0,0,460179,2,115,163,140.34375,57.061523,0,0.549994,112.652532,128
e03edfecb46fb217,256,0.548621,0,0,456256,2,118,169,139.898438,63.458435,0,0.548578,115.128737,128
31c2eeafddd37fc9,256,0.551103,0,0,462404,2,123,162,140.53125,61.491211,0,0.550998,118.379373,128
ce6d273db744ec02,256,0.547825,0,0,454742,2,118,162,139.695312,68.789978,0,0.548192,114.784165,128
faff1b63747d2df0,256,0.545282,0,0,447416,2,118,160,139.046875,50.818115,0,0.544892,114.396605,128
5e3c2491f325d397,256,0.547365,0,0,452966,2,114,159,139.578125,60.306396,0,0.547171,111.784705,128
aaf42657ad233cac,256,0.55383,0,0,470072,2,111,163,141.226562,68.237732,0,0.554477,109.18677,128
68d6afc3623fae15,256,0.551103,0,0,462268,2,120,162,140.53125,58.092773,0,0.55091,116.715136,128
58d7b4a2acca6455,256,0.550582,0,0,461182,2,121,162,140.398438,65.16156,0,0.550457,117.130336,128
be8d407b75db3329,256,0.555178,0,0,472595,2,120,163,141.570312,56.932556,0,0.555022,116.81346,128
4fc914f12b4ca434,256,0.547181,0,0,452851,2,121,159,139.53125,61.163086,0,0.547406,116.766059,128
20a2e38cca89b842,256,0.548162,0,0,455904,2,118,163,139.78125,72.889648,0,0.548837,114.738614,128
f20b4746e9ac3cb9,256,0.54712,0,0,452124,2,119,158,139.515625,55.257568,0,0.546797,114.866102,128
0ed37933bb489765,256,0.540349,0,0,435968,2,114,157,137.789062,62.143005,0,0.540343,111.234724,128
fa0e0db845733ba6,256,0.550153,0,0,459394,2,120,161,140.289062,54.135193,0,0.549465,116.510969,128
baca9246c05e949e,256,0.549816,0,0,459318,2,120,166,140.203125,64.591553,0,0.549785,116.425179,128
6a39106c3d14632c,256,0.551287,0,0,462949,2,113,163,140.578125,65.048584,0,0.551203,110.891906,128
966ef2d00166706d,256,0.549786,0,0,458563,2,121,159,140.195312,53.500916,0,0.549294,117.43612,128
b35fc57d37c6519a,256,0.550276,0,0,459710,2,114,161,140.320312,56.663025,0,0.549593,111.854527,128
492689ec692c5121,256,0.552911,0,0,467298,2,122,174,140.992188,64.859314,0,0.553099,117.712762,128
3008368d4cb35382,256,0.547335,0,0,453081,2,121,159,139.570312,59.862244,0,0.547367,116.495101,128
77568c33a15dbe2c,256,0.552819,0,0,467068,2,115,163,140.96875,65.163086,0,0.55297,112.704001,128
e98169c821a34892,256,0.55144,0,0,463406,2,117,162,140.617188,62.533142,0,0.55148,114.272755,128
fc58ae6a579bfe65,256,0.548438,0,0,455741,2,117,164,139.851562,60.806091,0,0.548378,114.008744,128
900215df48714637,256,0.553707,0,0,468930,2,122,163,141.195312,64.633728,0,0.553425,118.184325,128
6b8d727202faae4f,256,0.547488,0,0,454264,2,117,166,139.609375,73.698975,0,0.548167,113.874829,128
547805e906b05849,256,0.551532,0,0,463064,2,114,162,140.640625,56.769287,0,0.551065,111.801764,128
26fd8335d78e2e96,256,0.545803,0,0,448393,2,121,157,139.179688,53.983337,0,0.544953,117.102075,128
3510e1aec992944c,256,0.548192,0,0,455395,2,116,160,139.789062,67.385193,0,0.548296,113.359565,128
c205b8e9b4fa1664,256,0.554749,0,0,472116,2,121,166,141.460938,66.951599,0,0.555136,117.596456,128
8f50da9893a70316,256,0.553554,0,0,468567,2,120,162,141.15625,59.038086,0,0.553499,116.996256,128
8036bd2d14996506,256,0.553646,0,0,468860,2,121,166,141.179688,62.49115,0,0.55348,117.627897,128
b53f1a96ef8ea577,256,0.552574,0,0,466257,2,116,161,140.90625,62.233398,0,0.552636,113.69209,128
3937f89cc6d5c88a,256,0.552727,0,0,466929,2,118,161,140.945312,67.786072,0,0.552889,115.246465,128
29a4c9ef728d9deb,256,0.554504,0,0,471048,2,117,163,141.398438,60.69281,0,0.554477,114.578739,128
97ec6e03e57b305f,256,0.5519,0,0,464799,2,120,162,140.734375,64.702881,0,0.552135,116.280483,128
489bc9496b088a96,256,0.549694,0,0,458449,2,120,163,140.171875,56.822021,0,0.549221,116.714847,128
d066e54c82ba7f60,256,0.546936,0,0,451691,2,114,159,139.46875,58.428711,0,0.546542,111.719698,128
882ce1c4ea593683,256,0.546017,0,0,449686,2,117,162,139.234375,56.320068,0,0.54601,114.093501,128
ac9f7d6fc8a17732,256,0.545833,0,0,449177,2,115,164,139.1875,59.785156,0,0.545678,112.563329,128
4ac2198952f4f521,256,0.550184,0,0,460212,2,116,159,140.296875,61.029053,0,0.550207,113.565775,128
df249a054be0da2c,256,0.551777,0,0,465216,2,116,169,140.703125,76.154053,0,0.552629,113.143014,128
93de8474adffe652,256,0.544608,0,0,446278,2,117,161,138.875,64.476562,0,0.544483,113.725016,128
71a783982e92d2ce,256,0.549877,0,0,459379,2,119,163,140.21875,63.069336,0,0.549845,115.825517,128
6f819de7050b692d,256,0.545711,0,0,449541,2,117,169,139.15625,68.178711,0,0.546091,114.194751,128
459034275888c080,256,0.548009,0,0,454975,2,116,163,139.742188,66.26947,0,0.548166,113.143401,128
ca8ea65c4af77f59,256,0.5519,0,0,464512,2,119,162,140.734375,64.320068,0,0.55184,115.673836,128
3a6be62242dc2a59,256,0.553615,0,0,469337,2,122,164,141.171875,67.212646,0,0.554076,117.062286,128
1f551bf65a4cf374,256,0.546722,0,0,451845,2,113,159,139.414062,63.586365,0,0.547014,110.777443,128
efffb6038eaea9c4,256,0.552451,0,0,465716,2,117,162,140.875,58.125,0,0.552293,114.613206,128
41c0b7da53a4dfa0,256,0.54617,0,0,450942,2,110,170,139.273438,75.151794,0,0.546717,108.036524,128
6143dc7896183210,256,0.553186,0,0,467238,2,118,160,141.0625,55.363281,0,0.552739,115.301258,128
b44c22da19ace0e9,256,0.55,0,0,459742,2,122,164,140.25,61.992188,0,0.550051,117.868069,128
7a3249fc140abbc4,256,0.552451,0,0,465507,2,119,165,140.875,59.476562,0,0.552057,115.744041,128
cdb373016258649f,256,0.549939,0,0,459859,2,118,165,140.234375,70.679443,0,0.550112,114.957808,128
874ebbb85a48407a,256,0.549449,0,0,457765,2,123,159,140.109375,53.74585,0,0.548981,118.35821,128
40676734696453f8,256,0.543689,0,0,444611,2,117,163,138.640625,67.159912,0,0.544187,113.868467,128
83dc07695e430945,256,0.552328,0,0,465371,2,121,162,140.84375,62.491211,0,0.55206,117.331918,128
5021fe7625bbb96b,256,0.545098,0,0,447773,2,116,165,139.0,65.1875,0,0.545272,113.347308,128
958604899023837c,256,0.553646,0,0,468879,2,124,163,141.179688,61.131775,0,0.553617,119.427275,128
8fd939ef12e8648b,256,0.550613,0,0,461619,2,117,163,140.40625,69.217773,0,0.550873,114.06614,128
43a02ae73f9ecd1a,256,0.54951,0,0,458523,2,116,163,140.125,62.6875,0,0.549541,113.366966,128
7bd2cbda3168c3d9,256,0.555147,0,0,472321,2,122,162,141.5625,60.011719,0,0.554645,118.651382,128
dc2e5d265745e18f,256,0.54758,0,0,452955,2,115,162,139.632812,55.732361,0,0.546821,112.636605,128
96fb7d3c139961de,256,0.552911,0,0,467699,2,115,163,140.992188,67.515564,0,0.553421,112.717516,128
e155c76edd9f20ce,256,0.553186,0,0,468010,2,115,161,141.0625,66.980469,0,0.553289,112.705235,128
e9beb8e0c2beb1a5,256,0.549755,0,0,459209,2,121,162,140.1875,60.910156,0,0.549878,117.237068,128
d03554b8f2f62274,256,0.551072,0,0,462509,2,117,162,140.523438,65.265076,0,0.551167,114.131246,128
b8f800942ef39320,256,0.554412,0,0,470717,2,123,162,141.375,60.859375,0,0.554274,118.778851,128
75ebf2d10c5cba71,256,0.546599,0,0,451397,2,119,163,139.382812,63.33783,0,0.546714,115.371141,128
158134d927d4c1f5,256,0.553431,0,0,468160,2,120,162,141.125,59.429688,0,0.55322,117.012562,128
ac19348e4b80d229,256,0.550521,0,0,461733,2,121,168,140.382812,71.064392,0,0.551075,116.376615,128
9d42c5df7cc260a2,256,0.546814,0,0,451634,2,120,158,139.4375,54.214844,0,0.546887,116.300647,128
97a611b850c7150b,256,0.551471,0,0,463198,2,118,163,140.625,57.203125,0,0.551321,115.15869,128
a4d92749827806a0,256,0.548713,0,0,456007,2,116,158,139.921875,52.720459,0,0.548413,113.673164,128
84fb9f276205add2,256,0.549234,0,0,457727,2,119,159,140.054688,60.801697,0,0.549161,115.929289,128
1a796d70a0a5fa1b,256,0.549786,0,0,458599,2,120,159,140.195312,57.516541,0,0.549148,116.586289,128
a59c00516f2defd7,256,0.549479,0,0,457998,2,120,163,140.117188,61.80658,0,0.548955,116.361879,128
167b508015618951,256,0.547212,0,0,452764,2,117,163,139.539062,61.498474,0,0.547234,114.220952,128
d1a1ef97c351afb5,256,0.54902,0,0,456978,2,113,158,140.0,59.945312,0,0.54866,110.910116,128
aec9ee0f1476d123,256,0.551746,0,0,463860,2,113,159,140.695312,55.985291,0,0.551592,110.931643,128
4126c9605ca6977c,256,0.550245,0,0,460683,2,119,165,140.3125,68.449219,0,0.550467,115.676807,128
720873afd1d35f4f,256,0.54856,0,0,456099,2,116,161,139.882812,63.33783,0,0.548441,113.143434,128
1b9031137cc3e847,256,0.59856,0,0,591991,2,128,170,152.632812,54.763611,0,0.598126,125.683376,128
fb258ebb7d42e984,256,0.602788,0,0,605381,2,132,176,153.710938,62.728943,0,0.602899,128.853636,128
db9e12fc1fb6c370,256,0.601562,0,0,602339,2,132,174,153.398438,63.794373,0,0.602278,128.311022,128
2b1fd33fddaa522e,256,0.599663,0,0,595283,2,135,175,152.914062,48.609802,0,0.599352,130.881676,128
4e5901d12ea3f04e,256,0.607322,0,0,618552,2,132,174,154.867188,53.193298,0,0.607042,129.58803,128
37cb204db67b56b7,256,0.599265,0,0,595261,2,126,173,152.8125,67.464844,0,0.59966,123.889001,128
bc0f04e93f901324,256,0.604534,0,0,609877,2,129,174,154.15625,54.124023,0,0.604077,126.731056,128
7363614c54430acd,256,0.601716,0,0,601794,2,132,177,153.4375,56.160156,0,0.601646,129.229379,128
6fb9de84f8d57e10,256,0.603554,0,0,607248,2,129,178,153.90625,57.303711,0,0.603372,126.465842,128
c8f880d26b443369,256,0.597365,0,0,589573,2,132,173,152.328125,66.814209,0,0.5978,128.185258,128
e947cfb99ac213c7,256,0.600092,0,0,597131,2,131,173,153.023438,57.671326,0,0.600126,128.069919,128
4d7cd9f4a6593e09,256,0.599112,0,0,593694,2,134,176,152.773438,57.393982,0,0.598677,130.114151,128
0566f5daa7db3c99,256,0.605116,0,0,612544,2,131,175,154.304688,68.368103,0,0.605127,128.100506,128
d7ef90331ce1ac59,256,0.592892,0,0,576012,2,129,176,151.1875,61.121094,0,0.593001,126.083909,128
a4a90efa8bdcfb84,256,0.600306,0,0,597292,2,135,182,153.078125,54.720459,0,0.599941,130.586111,128
07ebe3d9d50a0131,256,0.604473,0,0,610323,2,131,175,154.140625,57.823975,0,0.604491,128.155126,128
1061f595a75711d5,256,0.600827,0,0,600144,2,125,178,153.210938,68.682068,0,0.601433,123.097502,128
9578825c7d92d6e9,256,0.596048,0,0,585538,2,135,176,151.992188,65.445251,0,0.596325,130.073718,128
b6e4cd8e622b7d6f,256,0.597273,0,0,588241,2,132,171,152.304688,60.219666,0,0.596773,127.912095,128
4b95b9f0add48f4e,256,0.601287,0,0,600466,2,134,174,153.328125,57.704834,0,0.601094,130.826613,128
65000d39a8fccaa7,256,0.603431,0,0,607063,2,126,175,153.875,62.03125,0,0.603231,124.009061,128
a3c04d1b6fc2f94e,256,0.601624,0,0,601511,2,134,172,153.414062,54.10199,0,0.601609,130.2262,128
6d363279d08004f9,256,0.603646,0,0,607999,2,133,175,153.929688,59.682556,0,0.60378,129.911743,128
19cf6ef0853dad9b,256,0.598009,0,0,591027,2,127,173,152.492188,60.804626,0,0.598073,124.843491,128
b8c7dad2b3904eaa,256,0.597151,0,0,588850,2,128,172,152.273438,64.651794,0,0.597463,125.351018,128
557e32bfb062b45c,256,0.604565,0,0,611129,2,133,182,154.164062,66.457458,0,0.604894,129.260902,128
dbf5e2a10a366133,256,0.60144,0,0,601649,2,132,175,153.367188,65.044861,0,0.601777,128.959103,128
7045b501a1c52e44,256,0.596783,0,0,587370,2,134,172,152.179688,54.327087,0,0.596975,130.062032,128
ec6e0b1f2ab6e04c,256,0.600184,0,0,597302,2,129,174,153.046875,60.67749,0,0.600058,126.213669,128
8df5692d94f514ba,256,0.603033,0,0,606073,2,133,182,153.773438,62.183044,0,0.603079,129.378283,128
5f05bd239dea0737,256,0.603738,0,0,608196,2,132,171,153.953125,60.591553,0,0.603873,128.891329,128
d7b5227edac47b0f,256,0.6,0,0,597458,2,127,180,153.0,69.265625,0,0.600374,124.823644,128
d8a135a53e371d78,256,0.601256,0,0,600702,2,134,173,153.320312,63.873962,0,0.601275,130.519007,128
68ff62ad7afd2b91,256,0.600582,0,0,597869,2,131,174,153.148438,52.985779,0,0.600028,128.431115,128
39f0dd2b93ae0649,256,0.598866,0,0,592751,2,129,174,152.710938,53.705505,0,0.598279,126.542203,128
e06ee66400690a30,256,0.603248,0,0,606767,2,134,174,153.828125,63.423584,0,0.603359,130.422973,128
f738b535502b347c,256,0.602911,0,0,605278,2,124,172,153.742188,56.355408,0,0.602638,122.216287,128
b5536c16f169c4a5,256,0.597702,0,0,589130,2,132,170,152.414062,47.82074,0,0.597091,128.847722,128
f7c12bfb6f0fda23,256,0.600398,0,0,597745,2,132,177,153.101562,54.583435,0,0.600233,128.643544,128
7cb4af91a2f6b52b,256,0.599112,0,0,594424,2,129,172,152.773438,58.558044,0,0.599362,126.271422,128
db82d2ff9311d437,256,0.596906,0,0,587930,2,136,173,152.210938,60.213318,0,0.597149,130.625766,128
91e81b2f9b9eaf68,256,0.595803,0,0,584549,2,132,179,151.929688,69.705994,0,0.595732,128.035264,128
423819059f6b0d5b,256,0.600674,0,0,599180,2,130,182,153.171875,62.556396,0,0.600906,127.313062,128
152279a2c9cc8db1,256,0.597089,0,0,589339,2,133,178,152.257812,71.160095,0,0.597847,129.201542,128
86f70ea9e9f61858,256,0.598529,0,0,592135,2,132,172,152.625,57.03125,0,0.598232,128.478333,128
68efcd485d8dd4a2,256,0.601808,0,0,601700,2,131,171,153.460938,51.506287,0,0.601476,128.165839,128
5698401c881e1355,256,0.599449,0,0,594889,2,133,176,152.859375,58.847412,0,0.59913,129.395328,128
28d64bd22d1bb36d,256,0.600398,0,0,599612,2,128,177,153.101562,84.333435,0,0.601387,125.285847,128
4a9c95cb7d4b9f92,256,0.600429,0,0,598092,2,132,171,153.109375,63.253662,0,0.600287,128.561061,128
2f7246bc0b7fafeb,256,0.599112,0,0,594190,2,128,175,152.773438,61.104919,0,0.59901,125.810183,128
bdf10b4cec1a0f3f,256,0.598591,0,0,592636,2,123,171,152.640625,58.0896,0,0.598568,121.269494,128
838594570fde1092,256,0.60579,0,0,613842,2,135,172,154.476562,51.765076,0,0.605535,131.684911,128
2744a00a44f905bf,256,0.602083,0,0,602823,2,131,171,153.53125,56.545898,0,0.60192,128.288664,128
9c11f3ffa9fd8c81,256,0.59424,0,0,579356,2,128,176,151.53125,54.874023,0,0.593952,125.450367,128
066cefcb8305de17,256,0.60288,0,0,605652,2,131,176,153.734375,59.804443,0,0.602965,128.297222,128
0f5cd5c9d051c121,256,0.601164,0,0,599172,2,134,174,153.296875,50.568115,0,0.600244,130.391475,128
3f950eb8986be1b9,256,0.599112,0,0,594219,2,136,178,152.773438,62.901794,0,0.59899,131.051029,128
86d383957b2c1ec8,256,0.599265,0,0,594635,2,125,173,152.8125,63.746094,0,0.599169,123.024301,128
f6e4355f77c1da24,256,0.601654,0,0,601442,2,130,175,153.421875,58.532959,0,0.601357,127.529492,128
381f326e286dfd01,256,0.598284,0,0,591686,2,129,174,152.5625,61.925781,0,0.598161,126.403841,128
5467569ea7b5a777,256,0.601532,0,0,601382,2,129,172,153.390625,59.800537,0,0.60153,126.730478,128
e3fdd3d34ff667df,256,0.601562,0,0,601355,2,131,176,153.398438,59.950623,0,0.601368,128.381784,128
86fc05bdb11491ba,256,0.599449,0,0,594554,2,132,171,152.859375,48.691162,0,0.599058,129.153827,128
fc924ee2d1f68bdc,256,0.599326,0,0,594297,2,134,170,152.828125,53.720459,0,0.598951,129.901389,128
119cadce2f8199aa,256,0.600919,0,0,599140,2,130,174,153.234375,52.038818,0,0.600678,127.44268,128
8cc4696daeeede5e,256,0.596906,0,0,587862,2,127,181,152.210938,65.838318,0,0.596935,124.721617,128
84ef8cd910aef4d2,256,0.601072,0,0,600267,2,132,179,153.273438,67.183044,0,0.601082,128.963907,128
b776188d9cf93c39,256,0.602237,0,0,603792,2,130,180,153.570312,58.846619,0,0.602525,127.27904,128
4ceaf32176e7c9cc,256,0.601961,0,0,602507,2,136,173,153.5,61.742188,0,0.601697,131.154317,128
b65f31d741893318,256,0.597151,0,0,589099,2,128,174,152.273438,65.104919,0,0.597694,125.607267,128
f37a04ab64165f64,256,0.598805,0,0,593134,2,128,173,152.695312,64.180603,0,0.598519,125.558658,128
c9536cce49e220e6,256,0.602543,0,0,604758,2,132,176,153.648438,62.063904,0,0.602763,128.820361,128
e130ffe5209770ca,256,0.599081,0,0,594594,2,132,172,152.765625,65.929443,0,0.599423,127.945126,128
e7a510aaec5f5a2a,256,0.60383,0,0,608266,2,133,176,153.976562,58.202576,0,0.60373,129.983687,128
3ed4b496c3f73a4a,256,0.599112,0,0,593486,2,132,172,152.773438,53.534607,0,0.598517,128.897565,128
8241454898677cac,256,0.59856,0,0,592905,2,130,172,152.632812,63.466736,0,0.598768,127.204233,128
1aa8591f87fbbb82,256,0.59761,0,0,589423,2,133,170,152.390625,54.55835,0,0.597425,129.351862,128
9dcbacc93037dcde,256,0.600521,0,0,598442,2,130,172,153.132812,57.935486,0,0.600574,126.979731,128
602174699cb88a89,256,0.602482,0,0,604633,2,131,171,153.632812,68.115173,0,0.602613,127.657482,128
6bffbc9d72a5557a,256,0.601746,0,0,601615,2,136,173,153.445312,53.653259,0,0.601435,131.734297,128
85a7e93368ed0f72,256,0.599418,0,0,594474,2,124,171,152.851562,57.767029,0,0.598794,122.106824,128
64984eabf85b6f49,256,0.602665,0,0,604834,2,129,179,153.679688,64.405212,0,0.60253,126.515945,128
3e203f20ee82c6d5,256,0.598591,0,0,592446,2,132,185,152.640625,58.753662,0,0.598425,128.377809,128
8619b49dfed7df6b,256,0.600214,0,0,597208,2,132,174,153.054688,55.442322,0,0.600033,128.504332,128
7f3888018ff9a803,256,0.599694,0,0,596285,2,133,176,152.921875,65.892334,0,0.599877,129.420172,128
da866f8b27c7baa1,256,0.59905,0,0,594609,2,135,172,152.757812,64.089783,0,0.599579,129.76133,128
3aeabf1818800e1d,256,0.599786,0,0,596096,2,130,173,152.945312,59.059509,0,0.599657,127.180405,128
c2d3a1fffcd18303,256,0.603615,0,0,608478,2,134,176,153.921875,66.923584,0,0.604156,129.744585,128
20c5cbadf405d38c,256,0.596477,0,0,586579,2,131,175,152.101562,64.294373,0,0.596587,127.7211,128
151c1b808ed90175,256,0.602819,0,0,604712,2,135,171,153.71875,54.217773,0,0.602358,130.689217,128
9971cec865f1986c,256,0.600214,0,0,597731,2,131,173,153.054688,64.059509,0,0.600365,127.675704,128
6754361b76e53d0d,256,0.598866,0,0,593181,2,133,174,152.710938,56.541443,0,0.598676,129.539766,128
79a04e7ef0eb492f,256,0.59761,0,0,589760,2,135,176,152.390625,58.503662,0,0.597697,130.095564,128
19222c4881fb7e31,256,0.601471,0,0,601096,2,125,175,153.375,62.203125,0,0.601227,123.138079,128
73892c2bc151e674,256,0.604626,0,0,610789,2,132,178,154.179688,59.80365,0,0.60469,128.528112,128
81592ac9744ca816,256,0.600766,0,0,599958,2,131,175,153.195312,72.383728,0,0.601238,127.725034,128
bee22fb884112f57,256,0.599724,0,0,597119,2,128,178,152.929688,73.565369,0,0.600504,125.124411,128
a601b687fab43fb7,256,0.6,0,0,596136,2,135,170,153.0,47.226562,0,0.599567,130.83608,128
8cda2acad974412a,256,0.599847,0,0,596186,2,124,176,152.960938,60.521912,0,0.599645,122.024889,128
72d41385d0f9db48,256,0.60674,0,0,616824,2,135,176,154.71875,53.366211,0,0.606542,131.819316,128
da59b46c1e81ccf1,256,0.654596,0,0,775364,2,141,189,166.921875,58.822021,0,0.654786,138.889821,128
61f7dd31079e2065,256,0.653585,0,0,771728,2,145,188,166.664062,59.824646,0,0.65369,142.296644,128
afe338ae998be3cb,256,0.649847,0,0,758029,2,141,185,165.710938,53.22113,0,0.649678,138.639577,128
bf124fb46f4b9813,256,0.650153,0,0,760198,2,134,188,165.789062,66.588318,0,0.650612,132.390674,128
66614842654f266c,256,0.649265,0,0,755893,2,145,182,165.5625,53.832031,0,0.648945,142.216428,128
1a8b4010e8ae7420,256,0.649418,0,0,756628,2,142,189,165.601562,58.708435,0,0.649168,139.411194,128
f8c3d29758fec600,256,0.652175,0,0,765904,2,147,185,166.304688,54.375916,0,0.651684,143.83517,128
6724a5299633d56a,256,0.651164,0,0,764211,2,139,187,166.046875,71.70874,0,0.65188,136.551187,128
7715beccba35daf1,256,0.649449,0,0,757118,2,145,186,165.609375,60.331787,0,0.649534,141.862108,128
0d9e9eebe7d12709,256,0.647549,0,0,750157,2,145,186,165.125,52.851562,0,0.647539,141.82218,128
d1b18f021869cf3a,256,0.650735,0,0,761119,2,144,188,165.9375,55.675781,0,0.650486,141.243956,128
f92d7327cea4196e,256,0.647733,0,0,751408,2,145,182,165.171875,63.290771,0,0.648024,141.900824,128
8b954041b2805cad,256,0.648591,0,0,753782,2,145,188,165.390625,57.269287,0,0.648467,141.39349,128
aa5a299edf31f99d,256,0.651991,0,0,766464,2,144,181,166.257812,61.355408,0,0.652397,141.330353,128
c0e48217832e7c19,256,0.653615,0,0,772505,2,137,188,166.671875,69.353271,0,0.654091,135.167782,128
17a65fa5340cd069,256,0.650429,0,0,760087,2,141,185,165.859375,57.066162,0,0.650157,138.89212,128
73b541737907783a,256,0.649387,0,0,756846,2,147,190,165.59375,59.514648,0,0.649432,143.02648,128
85aa8c9e3c5b0292,256,0.647978,0,0,751451,2,145,187,165.234375,51.038818,0,0.647773,141.688686,128
b1b7c05784b08806,256,0.652757,0,0,768290,2,146,189,166.453125,54.693115,0,0.652557,143.002671,128
8bb262fa04c778c6,256,0.649816,0,0,758050,2,146,191,165.703125,57.974365,0,0.649653,142.739103,128
f2f0ffed8fbc141e,256,0.648928,0,0,756309,2,140,189,165.476562,71.288513,0,0.649593,137.765469,128
f9a557bd04aaa3a5,256,0.64614,0,0,745830,2,140,184,164.765625,61.304443,0,0.646374,137.617131,128
e5705aad1cc33695,256,0.649816,0,0,758006,2,144,185,165.703125,56.98999,0,0.649574,141.250075,128
53aa42f0b4c5ad13,256,0.649142,0,0,755490,2,143,191,165.53125,55.694336,0,0.6488,140.275263,128
8746589cc670fbef,256,0.653248,0,0,771054,2,146,187,166.578125,66.595459,0,0.653603,142.780487,128
eb2f3546948cd20c,256,0.653952,0,0,772713,2,141,187,166.757812,60.066345,0,0.65381,138.821562,128
dcc38946f870ab0e,256,0.645619,0,0,743762,2,140,184,164.632812,60.107361,0,0.645651,137.605777,128
2134b39c0f71d3df,256,0.650613,0,0,761763,2,142,189,165.90625,65.959961,0,0.651028,138.938899,128
f14a55cfdd8ad029,256,0.655331,0,0,779216,2,142,188,167.109375,72.644287,0,0.656216,139.609632,128
42ed51bd335af9f2,256,0.644087,0,0,737564,2,144,183,164.242188,53.01947,0,0.643527,141.045948,128
b0ff56b69e128434,256,0.647243,0,0,749691,2,144,187,165.046875,57.497803,0,0.647605,141.236903,128
b9bd3386771b589c,256,0.654841,0,0,775602,2,143,185,166.984375,51.484131,0,0.654635,140.543647,128
f94fbafb882b849f,256,0.647457,0,0,750122,2,143,188,165.101562,58.731873,0,0.647506,140.051351,128
8ab19eee3321e6c4,256,0.650092,0,0,758525,2,139,181,165.773438,50.089294,0,0.649677,136.961689,128
dd284118dcfe4a2e,256,0.64902,0,0,754835,2,144,187,165.5,51.34375,0,0.648645,140.993866,128
4d59941197728ab4,256,0.645588,0,0,742893,2,143,183,164.625,50.804688,0,0.645208,140.36217,128
d5dec8e93ed3adc1,256,0.649847,0,0,758301,2,139,190,165.710938,58.807068,0,0.649784,136.891715,128
e41917f73eaee373,256,0.653707,0,0,772249,2,149,192,166.695312,59.454041,0,0.653933,144.835473,128
24f1795acde2f9ea,256,0.648162,0,0,753337,2,142,188,165.28125,68.295898,0,0.648681,139.010348,128
356ca06e9f086326,256,0.653033,0,0,769279,2,144,184,166.523438,51.757263,0,0.65291,141.226324,128
4aeac8e9c5f46b07,256,0.649173,0,0,755373,2,145,187,165.539062,49.193787,0,0.648827,142.035143,128
dd755d2264f77fbf,256,0.648775,0,0,754660,2,135,191,165.4375,57.207031,0,0.648777,133.33181,128
d8e58c9719bb6db3,256,0.648958,0,0,755354,2,144,184,165.484375,58.929443,0,0.649062,141.023167,128
13c728d6cbe675d9,256,0.652022,0,0,766714,2,145,186,166.265625,63.304443,0,0.652469,142.135925,128
574843bf0ceee867,256,0.649479,0,0,757293,2,148,187,165.617188,56.611267,0,0.649716,143.524644,128
09642b221c6a2c5c,256,0.650674,0,0,760829,2,142,187,165.921875,56.681396,0,0.650345,139.681136,128
42b45aafabe8f4b7,256,0.644975,0,0,741698,2,146,189,164.46875,58.366211,0,0.645209,142.092367,128
9a35c0c58207e8d4,256,0.64954,0,0,757553,2,144,188,165.632812,60.802673,0,0.649683,141.183259,128
ea16d128c363b709,256,0.649847,0,0,758258,2,148,186,165.710938,54.057068,0,0.649827,144.240936,128
9b0e10226000a129,256,0.649755,0,0,757507,2,149,187,165.6875,54.074219,0,0.649416,144.275648,128
55bb3ccb4ae478ad,256,0.651501,0,0,763836,2,147,187,166.132812,55.755798,0,0.651277,143.203624,128
b3800ea98e174c62,256,0.652114,0,0,766833,2,143,190,166.289062,62.330505,0,0.65247,140.330523,128
c3e2b97242ffb80d,256,0.649418,0,0,756801,2,141,186,165.601562,55.200623,0,0.649415,138.665776,128
2839ede64661ef3b,256,0.649908,0,0,758637,2,149,185,165.726562,54.808044,0,0.650015,144.561825,128
049d09516c19494d,256,0.650888,0,0,761842,2,144,190,165.976562,56.390076,0,0.650748,141.178925,128
224d6f221708f32d,256,0.648254,0,0,752538,2,147,187,165.304688,56.610291,0,0.648055,142.97116,128
3f0399f5e25ffb5d,256,0.653309,0,0,770656,2,147,189,166.59375,54.491211,0,0.653472,144.036888,128
7567bb5ef4df3a15,256,0.652145,0,0,766092,2,138,184,166.296875,53.607178,0,0.651935,136.061389,128
339aaeffdbb1353e,256,0.650643,0,0,760824,2,144,186,165.914062,51.82074,0,0.650475,141.367368,128
9be523708fe42091,256,0.65288,0,0,769324,2,146,202,166.484375,64.437256,0,0.653022,142.672288,128
61ba25b546ed44ae,256,0.648315,0,0,753049,2,143,193,165.320312,58.30365,0,0.648321,140.227123,128
506d70d6a1ecef27,256,0.653891,0,0,773448,2,141,188,166.742188,64.785095,0,0.654397,138.74339,128
0a600a91febf4cb1,256,0.649295,0,0,756078,2,146,184,165.570312,53.963806,0,0.6491,142.671008,128
4cfc518931a0c186,256,0.648499,0,0,754172,2,144,185,165.367188,62.599548,0,0.648833,140.892215,128
8ab718958b24d651,256,0.645037,0,0,742153,2,141,183,164.484375,64.320068,0,0.645359,138.406997,128
8dabd96ec88703e3,256,0.654289,0,0,774184,2,142,185,166.84375,59.959961,0,0.654346,139.394001,128
b8fecd411f39ee5e,256,0.653799,0,0,772299,2,145,185,166.71875,55.881836,0,0.653862,142.064085,128
d26b1a9d28c6c75a,256,0.650705,0,0,761694,2,141,187,165.929688,58.924744,0,0.650975,138.674634,128
3245d7eeb17210f2,256,0.654136,0,0,773887,2,143,185,166.804688,61.868103,0,0.654368,140.367596,128
09c1013db52a81e3,256,0.649479,0,0,757165,2,145,186,165.617188,58.251892,0,0.649545,141.913329,128
d26c8409aa7828c8,256,0.651777,0,0,764832,2,149,187,166.203125,52.622803,0,0.651689,144.28975,128
f58ed0edb9009104,256,0.642984,0,0,734339,2,142,187,163.960938,52.771912,0,0.642884,139.263179,128
96618336b24876f3,256,0.652819,0,0,769359,2,147,189,166.46875,61.584961,0,0.653199,143.125353,128
094c0bbc881cc07e,256,0.649877,0,0,758702,2,136,185,165.71875,59.499023,0,0.650085,134.165992,128
d64ced4ff1bd49ce,256,0.651777,0,0,765072,2,145,188,166.203125,52.73999,0,0.65182,142.166153,128
e431c6590e2e19c0,256,0.6481,0,0,752024,2,147,182,165.265625,55.445068,0,0.647943,143.287264,128
164e1fe3af538f66,256,0.649663,0,0,757108,2,145,184,165.664062,53.207458,0,0.649267,142.18664,128
10ac6f26c7074ec5,256,0.648499,0,0,753576,2,146,184,165.367188,59.060486,0,0.648429,142.693659,128
deb59fe3ad5745ee,256,0.651654,0,0,764849,2,138,188,166.171875,58.892334,0,0.65175,136.201514,128
4f078e52ecf53eeb,256,0.64761,0,0,750153,2,144,183,165.140625,50.5271,0,0.647463,141.268792,128
6de1540919167f2d,256,0.652543,0,0,767662,2,144,187,166.398438,57.606873,0,0.652439,141.058724,128
9f56b88e93a929dd,256,0.652911,0,0,769101,2,144,187,166.492188,55.687439,0,0.652933,141.355492,128
bdad7d6a0b690458,256,0.656526,0,0,781836,2,149,192,167.414062,50.578552,0,0.656571,145.612303,128
a21feeacd56ab1cc,256,0.649142,0,0,755401,2,144,185,165.53125,54.467773,0,0.648733,141.385031,128
b071c164a7ab61a9,256,0.646661,0,0,747003,2,145,186,164.898438,58.239685,0,0.646435,141.780548,128
76bcb5dd5f19d7ac,256,0.651991,0,0,766040,2,146,185,166.257812,57.746033,0,0.652137,142.837557,128
120f8f2691f77d49,256,0.646048,0,0,744756,2,147,185,164.742188,55.660095,0,0.645779,142.491213,128
ae9985c1c78f5842,256,0.651011,0,0,762550,2,148,185,166.007812,55.749939,0,0.651177,143.173212,128
fd3f6ebf0f1312b1,256,0.649265,0,0,756925,2,142,190,165.5625,63.511719,0,0.649615,139.440395,128
a6309cec54c8bbbe,256,0.647335,0,0,750245,2,142,184,165.070312,61.870056,0,0.647812,139.236933,128
2a7aeb72d3b5f01d,256,0.647886,0,0,750868,2,144,186,165.210938,49.182068,0,0.647542,141.066982,128
f1bb12680d326baf,256,0.647733,0,0,750610,2,143,189,165.171875,52.728271,0,0.647553,140.281974,128
6e8382be1d5fb752,256,0.646354,0,0,747058,2,145,187,164.820312,66.139587,0,0.646917,141.301424,128
694705ff836e9f9e,256,0.655055,0,0,776752,2,144,187,167.039062,57.373474,0,0.65506,141.389629,128
9bf8634736c2bc31,256,0.650919,0,0,762195,2,147,182,165.984375,54.991943,0,0.65103,143.367394,128
6fcada0067eb3e5d,256,0.645741,0,0,744172,2,141,187,164.664062,58.379333,0,0.645809,138.527204,128
2fd6dffde4ecfd90,256,0.654657,0,0,774431,2,149,186,166.9375,46.519531,0,0.654128,145.318901,128
4268367548dc5c0e,256,0.649203,0,0,756204,2,143,191,165.546875,57.294678,0,0.649315,140.279666,128
fa2d703222c69255,256,0.649449,0,0,757142,2,147,185,165.609375,57.800537,0,0.649609,142.907628,128
69a0fad1f9db9332,256,0.651808,0,0,764846,2,144,187,166.210938,53.37738,0,0.651588,141.142089,128
10516dc55de95239,256,0.700398,0,0,949975,2,156,204,178.601562,56.809998,0,0.700694,153.679952,128
ac7d06cd894da4ca,256,0.699265,0,0,944788,2,160,199,178.3125,50.714844,0,0.699267,156.568746,128
8c791429b1ca4286,256,0.700368,0,0,949258,2,159,195,178.59375,52.967773,0,0.700314,155.139749,128
c4ee5294d1536615,256,0.6947,0,0,926435,2,157,193,177.148438,52.032654,0,0.694686,153.698505,128
392480d41ca71ef6,256,0.696875,0,0,935548,2,156,196,177.703125,57.732178,0,0.69703,153.298754,128
9029c6fa4ce8e451,256,0.698683,0,0,942101,2,160,200,178.164062,49.269958,0,0.698451,155.7733,128
fd950869a6cc041c,256,0.707138,0,0,977001,2,156,202,180.320312,50.569275,0,0.707047,153.881768,128
3bf8b415232f490f,256,0.704504,0,0,965596,2,159,198,179.648438,46.142029,0,0.704141,155.896852,128
2eeff9c070bbf87e,256,0.698192,0,0,940040,2,148,197,178.039062,46.685974,0,0.697969,146.45498,128
748e75f341b21ca3,256,0.7019,0,0,955917,2,157,200,178.984375,56.702881,0,0.70208,154.264468,128
8ba12eaa728fa5a5,256,0.702696,0,0,958646,2,158,200,179.1875,51.511719,0,0.702594,155.274611,128
5d83ed5e14ed2ab8,256,0.6981,0,0,939556,2,159,195,178.015625,48.062256,0,0.697789,155.775889,128
81890e0dfa508b6a,256,0.697181,0,0,935968,2,157,197,177.78125,46.889648,0,0.696941,154.211997,128
01abcfe1dc989c18,256,0.697978,0,0,938869,2,158,196,177.984375,47.781006,0,0.697508,155.152293,128
dcf20bec2a32f3c4,256,0.698683,0,0,942722,2,156,194,178.164062,55.910583,0,0.698794,153.496375,128
e45b757ad075d5cd,256,0.697335,0,0,936690,2,153,203,177.820312,49.131775,0,0.697155,150.773345,128
1a6605d0a56c1ff2,256,0.697181,0,0,936437,2,155,197,177.78125,54.795898,0,0.697164,152.711933,128
b45b7e37cd0761da,256,0.698315,0,0,941602,2,150,204,178.070312,62.424744,0,0.698542,148.211084,128
879e9cd9a4940b8c,256,0.69761,0,0,938148,2,155,202,177.890625,53.042725,0,0.69759,152.518319,128
cfcb89e9d8c2c153,256,0.699173,0,0,944517,2,161,200,178.289062,49.674255,0,0.699265,157.703805,128
63bb036ba7a0a557,256,0.705116,0,0,968176,2,159,198,179.804688,48.696228,0,0.704748,156.460237,128
aaf8d714496adf53,256,0.696691,0,0,934886,2,158,202,177.65625,59.342773,0,0.696845,154.905557,128
f987376ca75fc0eb,256,0.700613,0,0,950264,2,159,197,178.65625,54.694336,0,0.700508,155.783114,128
888a4acff9fdceb6,256,0.701624,0,0,954599,2,160,201,178.914062,54.594177,0,0.70172,156.723666,128
312d7feabc95de62,256,0.702757,0,0,958764,2,155,196,179.203125,51.575928,0,0.702543,152.818425,128
94cc39988071dbf4,256,0.700337,0,0,949785,2,159,199,178.585938,60.086365,0,0.700578,155.592967,128
6ae8031d1ed2a6aa,256,0.698775,0,0,942341,2,161,197,178.1875,48.019531,0,0.698479,157.337023,128
d881e15a3f6f0896,256,0.699387,0,0,946252,2,150,199,178.34375,60.803711,0,0.699914,148.274821,128
6143d561ed85000f,256,0.69807,0,0,939946,2,152,198,178.007812,50.820251,0,0.698073,150.030709,128
3203189a525fd32d,256,0.69807,0,0,940953,2,155,202,178.007812,62.109314,0,0.698538,152.106108,128
fd1420e88a32b78b,256,0.7,0,0,948054,2,157,197,178.5,55.757812,0,0.700103,153.758155,128
97637e6928477489,256,0.698713,0,0,943039,2,152,200,178.171875,59.212646,0,0.698883,149.957528,128
ad718eb162b34d2d,256,0.703339,0,0,961065,2,158,196,179.351562,47.587341,0,0.703159,155.254721,128
ad31c38a913ea02d,256,0.700674,0,0,950347,2,155,197,178.671875,52.048584,0,0.700523,152.770356,128
1359af307d148446,256,0.696569,0,0,933857,2,158,198,177.625,48.351562,0,0.696611,154.850852,128
1080452bb4878cf4,256,0.704994,0,0,968953,2,158,200,179.773438,60.768982,0,0.705348,155.065018,128
aeef53d9e1926c63,256,0.698039,0,0,939949,2,158,201,178.0,54.273438,0,0.698031,154.327934,128
66f7ab1f56032936,256,0.699295,0,0,944601,2,156,200,178.320312,49.436462,0,0.699122,153.513761,128
3c7c1a067b2a7107,256,0.702267,0,0,957163,2,160,197,179.078125,51.751709,0,0.702367,156.834845,128
782c1fbdbf45bad8,256,0.698989,0,0,943525,2,160,198,178.242188,51.347595,0,0.698844,156.06501,128
1d9d8993ffe26c0c,256,0.70046,0,0,950418,2,158,204,178.617188,57.939392,0,0.700858,154.782131,128
d2ed0c42e5d12353,256,0.7019,0,0,955599,2,156,201,178.984375,52.374756,0,0.701919,153.653324,128
ec7082518f6be0cb,256,0.700582,0,0,950397,2,157,200,178.648438,53.993591,0,0.700677,154.43201,128
279096fcc242f26b,256,0.700613,0,0,949634,2,157,199,178.65625,46.358398,0,0.700238,154.529936,128
7117289992fee1a3,256,0.701164,0,0,952500,2,155,198,178.796875,52.70874,0,0.70111,152.336981,128
3c32a0df76755fc4,256,0.696262,0,0,933411,2,159,197,177.546875,56.185303,0,0.696706,155.345214,128
7c4f966ddb5140ed,256,0.702819,0,0,959045,2,156,199,179.21875,48.874023,0,0.702674,153.482137,128
add701a9ebce364c,256,0.697059,0,0,935550,2,158,197,177.75,48.5625,0,0.696865,155.207686,128
8e92c89d3678329d,256,0.698621,0,0,941974,2,160,195,178.148438,48.774841,0,0.69849,156.061116,128
7f48e53f838ed7f0,256,0.699173,0,0,944998,2,160,197,178.289062,59.400818,0,0.699438,156.248399,128
dec7f13559e1e3e9,256,0.699786,0,0,946819,2,159,205,178.445312,49.832947,0,0.699735,156.064264,128
88d3c2a1a543b94b,256,0.699602,0,0,946487,2,154,201,178.398438,55.606873,0,0.699747,151.692693,128
f0a2fb26a0f2d1d3,256,0.69761,0,0,937274,2,161,197,177.890625,43.480225,0,0.697146,156.810714,128
3267af19423a953d,256,0.69856,0,0,941105,2,162,197,178.132812,42.997986,0,0.698115,157.736645,128
7b458b8cfcd31d62,256,0.697794,0,0,939020,2,155,197,177.9375,55.160156,0,0.697837,152.281673,128
c4eb8a65d0f1dfc8,256,0.703033,0,0,960578,2,160,199,179.273438,57.847107,0,0.703194,156.570156,128
6a9a84233dc6267a,256,0.704963,0,0,968375,2,160,208,179.765625,53.687256,0,0.705082,156.984432,128
ecfeeb9133761314,256,0.701746,0,0,955328,2,158,198,178.945312,53.653259,0,0.702025,155.326775,128
ebb0b3b410c42cb2,256,0.698284,0,0,940112,2,161,193,178.0625,42.714844,0,0.697918,157.068001,128
2b4aeccd87c06737,256,0.700153,0,0,949404,2,162,199,178.539062,65.498474,0,0.700572,157.822867,128
2770fcdb5f1dc823,256,0.70239,0,0,957688,2,154,201,179.109375,50.753662,0,0.702515,151.915897,128
939caf755f73fe76,256,0.700735,0,0,950119,2,162,195,178.6875,46.183594,0,0.700353,157.592195,128
4b82daef1c068cde,256,0.702941,0,0,959856,2,153,198,179.25,51.882812,0,0.702957,151.077308,128
5e621e0d3bf561c6,256,0.699663,0,0,946912,2,158,198,178.414062,60.969177,0,0.699803,155.07154,128
c9b2d958b9277c94,256,0.702635,0,0,958654,2,156,197,179.171875,52.220459,0,0.702706,153.632359,128
6f0cf89fc04f50ce,256,0.698009,0,0,940090,2,160,196,177.992188,57.617126,0,0.698148,155.334527,128
72c90deda0ac0bb7,256,0.701287,0,0,953082,2,155,196,178.828125,53.095459,0,0.701277,152.750301,128
0316f5d722a76225,256,0.695098,0,0,927620,2,156,196,177.25,50.921875,0,0.694777,153.219703,128
9632e6955a632310,256,0.69568,0,0,930684,2,158,197,177.398438,56.028748,0,0.69583,154.502151,128
cbd9309ae00669a5,256,0.695895,0,0,930995,2,157,199,177.453125,52.786865,0,0.695696,153.66188,128
497d83c1261e7972,256,0.696078,0,0,932403,2,154,201,177.5,57.523438,0,0.696283,151.16924,128
4108e14a7d4b3c18,256,0.705331,0,0,969627,2,155,201,179.859375,54.034912,0,0.705285,152.802894,128
5f3f60f2e4b5ef64,256,0.695037,0,0,927876,2,158,199,177.234375,52.984131,0,0.695081,154.836048,128
c70440bd45b1f1a2,256,0.699908,0,0,947142,2,154,196,178.476562,52.890076,0,0.699653,151.861234,128
d8a784db7f79968e,256,0.698284,0,0,940774,2,159,196,178.0625,49.816406,0,0.69827,155.101506,128
066e99216529e0d3,256,0.702451,0,0,957772,2,156,197,179.125,47.898438,0,0.702524,153.764674,128
498c41c53978e5ab,256,0.700705,0,0,950483,2,156,201,178.679688,49.819275,0,0.700619,153.567481,128
85b55a67eddbf74a,256,0.702083,0,0,956767,2,155,202,179.03125,55.952148,0,0.702338,152.342868,128
12d5145a8a2c61ba,256,0.703186,0,0,960540,2,152,198,179.3125,49.136719,0,0.70302,150.180703,128
953221374857af20,256,0.70193,0,0,955363,2,155,202,178.992188,50.648376,0,0.701717,152.851091,128
a17459b4c5e428d4,256,0.700245,0,0,949079,2,155,197,178.5625,55.957031,0,0.700387,152.706341,128
391b11de31819ff6,256,0.699112,0,0,944006,2,159,196,178.273438,48.534607,0,0.699037,155.276589,128
618f23184e54b1eb,256,0.704044,0,0,964662,2,155,197,179.53125,56.280273,0,0.704176,152.834693,128
1b056339e027b927,256,0.701501,0,0,953566,2,155,199,178.882812,48.009705,0,0.701318,152.719632,128
2b511d5c8dd4ebfb,256,0.706066,0,0,973276,2,156,199,180.046875,57.841553,0,0.706369,153.756327,128
e539fa21d1a72eb5,256,0.698713,0,0,942913,2,151,200,178.171875,54.993896,0,0.698891,149.127032,128
0ac60ae1676c44d3,256,0.702022,0,0,956012,2,159,198,179.015625,54.031006,0,0.701946,155.488567,128
6d3b3ac01aae5023,256,0.698897,0,0,942955,2,154,199,178.21875,47.967773,0,0.698728,151.819016,128
371b649d6dd4be53,256,0.700582,0,0,950301,2,159,196,178.648438,55.142029,0,0.700595,155.079561,128
7f2cb72194fd695e,256,0.699755,0,0,946390,2,155,198,178.4375,48.496094,0,0.699513,152.539582,128
87cf1a01fd93f95b,256,0.701471,0,0,954465,2,154,203,178.875,58.507812,0,0.701834,152.012089,128
860ad3b7b14a307b,256,0.702788,0,0,959129,2,160,199,179.210938,52.06488,0,0.702736,157.072656,128
dbe981ad0d7dc883,256,0.697641,0,0,938147,2,157,198,177.898438,51.583435,0,0.697561,154.335194,128
328e2104887c757a,256,0.699357,0,0,945228,2,159,202,178.335938,55.402771,0,0.699309,155.373043,128
9cc9410a4127c428,256,0.70193,0,0,956027,2,158,206,178.992188,59.242126,0,0.702009,155.358597,128
5ae8e932b05a6fe5,256,0.69712,0,0,936155,2,153,199,177.765625,50.906006,0,0.697105,150.877289,128
458368e3bac2aa7b,256,0.700858,0,0,951112,2,157,206,178.71875,51.608398,0,0.700711,154.584733,128
f129fd4e844d275c,256,0.697794,0,0,938841,2,160,200,177.9375,51.167969,0,0.697782,156.597575,128
356ed53e879b8ebd,256,0.705025,0,0,968643,2,160,201,179.78125,54.178711,0,0.705193,157.066534,128
1af76564aee06e99,256,0.701225,0,0,953152,2,155,200,178.8125,57.074219,0,0.701357,152.838561,128
05ea03ffc93945a7,256,0.752053,0,0,1175193,2,174,209,191.773438,45.940857,0,0.751916,170.880181,128
36797f3d8b01cdd8,256,0.751011,0,0,1170829,2,171,212,191.507812,52.453064,0,0.751074,168.63261,128
117f7514af173a20,256,0.748254,0,0,1157601,2,167,210,190.804688,48.571228,0,0.748166,165.036961,128
010af13c3f694f04,256,0.752819,0,0,1178592,2,174,207,191.96875,41.678711,0,0.752626,171.020676,128
0f91bc08f30dbff6,256,0.748591,0,0,1159437,2,168,209,190.890625,47.894287,0,0.748697,165.763926,128
5c99bf4e7bd4e16b,256,0.751593,0,0,1173189,2,173,211,191.65625,46.303711,0,0.751543,169.917142,128
29298cb40a55a433,256,0.75,0,0,1165582,2,173,207,191.25,44.53125,0,0.74992,169.471526,128
d0b8be1d8754db1e,256,0.74902,0,0,1161717,2,170,208,191.0,52.21875,0,0.749253,167.651119,128
28dfb57d3307bb22,256,0.75144,0,0,1171927,2,175,208,191.617188,41.36908,0,0.75116,171.291824,128
4eac5732331a535c,256,0.750184,0,0,1166935,2,172,210,191.296875,50.247803,0,0.750312,169.384663,128
5d62876d28a229b0,256,0.749724,0,0,1163740,2,173,206,191.179688,39.7724,0,0.749357,170.386102,128
1f329260eabe9fca,256,0.747733,0,0,1155540,2,172,208,190.671875,49.447021,0,0.747891,168.857321,128
3276970417f09f26,256,0.745803,0,0,1146164,2,168,208,190.179688,46.717712,0,0.745699,165.783229,128
9b3604da9a703717,256,0.755637,0,0,1192497,2,170,210,192.6875,49.449219,0,0.755707,167.818786,128
d7c95bf755d96ed2,256,0.750735,0,0,1169758,2,171,213,191.4375,53.792969,0,0.750927,168.241044,128
28270f5d74b8ee3c,256,0.751654,0,0,1173378,2,177,208,191.671875,42.540771,0,0.75164,172.515005,128
d4d6acfe2b2cc582,256,0.749847,0,0,1165904,2,172,210,191.210938,52.643005,0,0.75027,168.823403,128
e6b255feeba607ac,256,0.752941,0,0,1180114,2,174,215,192.0,50.75,0,0.753203,170.402545,128
978184941b628233,256,0.748529,0,0,1158308,2,173,210,190.875,41.828125,0,0.748195,169.908507,128
1fb820ef91ca3811,256,0.750153,0,0,1166657,2,173,213,191.289062,47.87738,0,0.750255,169.473361,128
c8a19733c0705e58,256,0.750306,0,0,1166862,2,174,209,191.328125,44.243896,0,0.750118,169.985676,128
26d6486b1f1e7e38,256,0.750184,0,0,1166578,2,172,209,191.296875,46.904053,0,0.750138,169.034708,128
aac9eca2f0e0ab93,256,0.748989,0,0,1160985,2,171,212,190.992188,45.453064,0,0.748986,167.781588,128
5d69ce20bd928464,256,0.753309,0,0,1180697,2,174,207,192.09375,41.952148,0,0.753006,171.218313,128
917c09fef456cfa4,256,0.757782,0,0,1202366,2,174,209,193.234375,46.218506,0,0.757723,171.406924,128
2e6c7c1c60ca2d67,256,0.750306,0,0,1167733,2,171,210,191.328125,51.579834,0,0.750529,167.777356,128
f0bffdba047097e1,256,0.752083,0,0,1175739,2,168,211,191.78125,49.256836,0,0.752132,166.018651,128
a5c7a0de955f314d,256,0.746783,0,0,1150858,2,175,207,190.429688,43.088806,0,0.746868,170.72901,128
f75889c4c88bcff4,256,0.750214,0,0,1167703,2,170,209,191.304688,54.024353,0,0.750641,167.319438,128
bcdf86f7882fdb8a,256,0.753707,0,0,1183572,2,170,210,192.195312,51.860291,0,0.753862,167.707997,128
72cc157cd13ee9e3,256,0.747151,0,0,1152231,2,168,206,190.523438,44.436951,0,0.746961,165.807319,128
382225b2a42db0ab,256,0.747917,0,0,1156219,2,170,208,190.71875,48.209961,0,0.747956,167.293463,128
9c42aa968161f5ef,256,0.750735,0,0,1169793,2,170,209,191.4375,49.042969,0,0.751042,167.361109,128
62e630dce3e2cf40,256,0.754167,0,0,1185249,2,173,210,192.3125,45.371094,0,0.754118,169.421375,128
8b4e9d047720ef9b,256,0.7519,0,0,1174912,2,169,217,191.734375,48.851318,0,0.75198,167.028597,128
bbda50db9dc5c579,256,0.749265,0,0,1162592,2,172,208,191.0625,47.558594,0,0.749386,169.376478,128
db502cb883a0dc31,256,0.748437,0,0,1158468,2,169,210,190.851562,46.696716,0,0.748386,166.887515,128
5091b24a2a926197,256,0.748499,0,0,1159190,2,169,215,190.867188,52.193298,0,0.748635,166.492356,128
0dc15c18128b6dc7,256,0.750735,0,0,1169499,2,170,208,191.4375,50.660156,0,0.750814,167.571964,128
7a558a28bea19c6b,256,0.753891,0,0,1183636,2,174,208,192.242188,41.496033,0,0.753729,171.120809,128
3534b58000e6a4cd,256,0.752083,0,0,1176772,2,169,211,191.78125,56.999023,0,0.75265,166.593023,128
d4a2e8433dda5053,256,0.752512,0,0,1177930,2,174,210,191.890625,51.0271,0,0.75268,171.108845,128
c11f5906f9610f7b,256,0.751808,0,0,1174744,2,173,214,191.710938,49.572693,0,0.752062,169.895799,128
ecf7f3733e40f047,256,0.750797,0,0,1169304,2,172,206,191.453125,44.33374,0,0.750702,169.183819,128
045eead8ef3c71de,256,0.749908,0,0,1165436,2,171,212,191.226562,47.909607,0,0.749921,168.541823,128
148845a0f99faf88,256,0.753983,0,0,1184175,2,173,208,192.265625,43.351318,0,0.753854,169.989431,128
2eb25e03bf1fd991,256,0.751409,0,0,1172870,2,173,209,191.609375,49.691162,0,0.751646,170.258738,128
1b6d3bc369c35cec,256,0.748437,0,0,1158157,2,166,208,190.851562,43.087341,0,0.748272,164.055844,128
2de4a43c14986770,256,0.746324,0,0,1148586,2,174,208,190.3125,47.957031,0,0.746197,170.38812,128
12b5a7b85cfcb5dd,256,0.746354,0,0,1149846,2,170,208,190.320312,56.55365,0,0.746775,167.469108,128
3f15a48a3ad92c87,256,0.74856,0,0,1158604,2,173,205,190.882812,41.705017,0,0.74834,169.685384,128
d5d30eb08a682500,256,0.749877,0,0,1165727,2,173,214,191.21875,50.928711,0,0.750123,169.378101,128
ebb62fe8983e62f2,256,0.754933,0,0,1188723,2,174,211,192.507812,43.570251,0,0.754851,170.998059,128
340e72d192cec6d3,256,0.753186,0,0,1180360,2,169,205,192.0625,43.464844,0,0.752997,166.884185,128
afc10de21e28fbac,256,0.746998,0,0,1151611,2,171,210,190.484375,44.062256,0,0.746894,168.227555,128
50c0ec3286c8b3b2,256,0.752574,0,0,1177998,2,172,213,191.90625,48.827148,0,0.752638,169.448811,128
e2c564430f500ccc,256,0.746691,0,0,1150684,2,169,209,190.40625,50.499023,0,0.746807,166.458932,128
64e39a1b98766e56,256,0.749939,0,0,1165915,2,170,210,191.234375,53.640381,0,0.750053,167.402789,128
e771d34969038e0b,256,0.748836,0,0,1160249,2,174,210,190.953125,46.86499,0,0.748761,170.488399,128
d286007c6a7630bd,256,0.745803,0,0,1146214,2,169,213,190.179688,47.373962,0,0.745736,166.606649,128
42bf9c9e4003d092,256,0.749632,0,0,1164296,2,169,209,191.15625,50.569336,0,0.749702,166.764028,128
0a163a2f93ac9be9,256,0.747396,0,0,1153828,2,165,215,190.585938,49.117615,0,0.747444,163.032133,128
fc20b87a65f833f9,256,0.753217,0,0,1180962,2,176,209,192.070312,46.682556,0,0.753264,171.86868,128
f41dcf0d9046f68b,256,0.753309,0,0,1180564,2,173,210,192.09375,38.928711,0,0.75298,170.322536,128
239efd0e8b8525c6,256,0.749847,0,0,1165283,2,170,211,191.210938,46.838318,0,0.749984,167.698543,128
d7720df0189ef071,256,0.752145,0,0,1175863,2,170,210,191.796875,48.685303,0,0.752115,167.426468,128
d1c007d9ce484c8d,256,0.745466,0,0,1145700,2,165,208,190.09375,57.717773,0,0.745858,163.131347,128
735b40c2396b9b95,256,0.746477,0,0,1149464,2,174,211,190.351562,48.477966,0,0.746458,170.201358,128
34bd3b19af368eb8,256,0.749295,0,0,1162624,2,171,210,191.070312,48.338806,0,0.749337,168.090998,128
b85cdcb999246ea2,256,0.752574,0,0,1178313,2,173,211,191.90625,49.569336,0,0.752796,169.988156,128
866801d2c20582c4,256,0.754565,0,0,1187184,2,173,211,192.414062,46.875427,0,0.754544,170.07594,128
ee2ee0ed0d26b46c,256,0.749326,0,0,1162334,2,174,217,191.078125,45.306396,0,0.749139,170.310541,128
3e5f3a2d79959223,256,0.749939,0,0,1165447,2,172,209,191.234375,47.210693,0,0.749874,169.377349,128
54115ff9c28b3fde,256,0.749479,0,0,1163875,2,172,218,191.117188,52.501892,0,0.749676,169.14498,128
08f0a95167df48ed,256,0.752022,0,0,1174853,2,175,207,191.765625,43.062256,0,0.751826,171.139034,128
ba2013568c1297e5,256,0.751471,0,0,1172808,2,174,210,191.625,49.140625,0,0.751519,170.503615,128
d0d1203202322d5a,256,0.750551,0,0,1168496,2,173,211,191.390625,49.925537,0,0.750573,169.535975,128
3220b99d60b988ff,256,0.75144,0,0,1172911,2,168,211,191.617188,49.236267,0,0.751648,165.970432,128
ac06a3fa4d60bf84,256,0.7447,0,0,1140969,2,170,212,189.898438,44.739685,0,0.744565,167.373905,128
c7810d15d3bfd8b1,256,0.751501,0,0,1173511,2,171,213,191.632812,51.872986,0,0.75183,168.400486,128
c488d4351b13bed3,256,0.744087,0,0,1138113,2,167,207,189.742188,45.691345,0,0.743931,164.357707,128
d5cc182f5f525ab1,256,0.747151,0,0,1153694,2,167,212,190.523438,56.804138,0,0.747681,164.804897,128
025ad2f5736556a9,256,0.748621,0,0,1159746,2,170,214,190.898438,49.934998,0,0.748797,167.499205,128
9d67f9049932772b,256,0.749694,0,0,1165011,2,173,208,191.171875,51.634521,0,0.750015,169.705788,128
eaafe99d5983815e,256,0.75579,0,0,1193163,2,174,208,192.726562,47.831482,0,0.755846,171.333464,128
2f629add858a5e14,256,0.750919,0,0,1170277,2,173,212,191.484375,48.859131,0,0.750981,170.268182,128
acb442adebfa053d,256,0.750827,0,0,1169807,2,167,210,191.460938,47.592224,0,0.750903,165.106391,128
096057a6f4c8c67c,256,0.749724,0,0,1164155,2,172,212,191.179688,44.327087,0,0.749544,169.128205,128
ca3b7407f2e16566,256,0.750858,0,0,1169562,2,172,210,191.46875,45.444336,0,0.750743,168.594988,128
82051fadf7338440,256,0.749908,0,0,1165013,2,173,209,191.226562,43.581482,0,0.749723,169.43674,128
75a8fcf04d5aab0b,256,0.747825,0,0,1157108,2,166,209,190.695312,60.336853,0,0.748461,164.136554,128
b37614cd710047c4,256,0.748499,0,0,1158766,2,169,211,190.867188,47.997986,0,0.748458,166.473788,128
8d1a8060382973e5,256,0.753707,0,0,1182780,2,172,210,192.195312,42.579041,0,0.75353,169.247483,128
f47d63e873b366c0,256,0.748009,0,0,1156142,2,173,207,190.742188,42.73822,0,0.747829,169.734127,128
641a8205ee756630,256,0.745343,0,0,1143633,2,173,207,190.0625,42.402344,0,0.745058,169.315395,128
eeaaf41b916e8c6a,256,0.747855,0,0,1155219,2,174,208,190.703125,43.17749,0,0.747543,169.840971,128
c7457d640969a645,256,0.749663,0,0,1164056,2,168,208,191.164062,44.027771,0,0.749602,165.932829,128
9536e5bb0973f95f,256,0.750184,0,0,1166288,2,174,209,191.296875,44.716553,0,0.749979,170.81452,128
7bd71b68f53fc849,256,0.745803,0,0,1146079,2,174,206,190.179688,44.717712,0,0.745684,170.494801,128
124d690daee6d773,256,0.749786,0,0,1165006,2,171,210,191.195312,49.524353,0,0.749866,167.951329,128
3d094396670423ec,256,0.800735,0,0,1419612,2,180,222,204.1875,48.363281,0,0.801025,178.324991,128
5cf353b4f3dbfe3e,256,0.796967,0,0,1398788,2,185,219,203.226562,41.081482,0,0.79692,182.073217,128
3cc0644f4e0d46e4,256,0.797243,0,0,1399701,2,186,222,203.296875,35.443115,0,0.796983,183.369042,128
750240077036a93c,256,0.798683,0,0,1408017,2,185,218,203.664062,42.715271,0,0.798708,182.47225,128
7abe16ab753949bc,256,0.799816,0,0,1413411,2,186,223,203.953125,35.005615,0,0.799635,183.424929,128
7fecfb16f4776059,256,0.797518,0,0,1401376,2,181,218,203.367188,38.833923,0,0.797354,179.172625,128
a8c7b14ead8131ec,256,0.80098,0,0,1420029,2,186,220,204.25,38.523438,0,0.800988,183.293191,128
2fafe10f4d1b2c3c,256,0.799081,0,0,1410104,2,183,221,203.765625,40.023193,0,0.79915,180.596784,128
0116c97849f81161,256,0.799724,0,0,1413176,2,187,220,203.929688,37.362244,0,0.799641,184.158509,128
2c75012d1cc569d8,256,0.801501,0,0,1422912,2,182,225,204.382812,41.697205,0,0.801506,179.615712,128
43a3d23fa6b48dc2,256,0.799418,0,0,1411942,2,184,221,203.851562,41.931091,0,0.799475,181.34128,128
a32420ea0d1ae8e3,256,0.802175,0,0,1425958,2,191,221,204.554688,35.262634,0,0.801974,187.159161,128
86dd5ab3efe0ee77,256,0.798897,0,0,1409320,2,182,223,203.71875,43.530273,0,0.798994,180.059206,128
541368f72fbf6dd3,256,0.799234,0,0,1410391,2,183,222,203.804688,36.164978,0,0.799066,181.117139,128
46acb59dcbd324c4,256,0.800429,0,0,1416865,2,187,222,204.109375,37.448975,0,0.800307,184.26344,128
e8ff7559ec4a25a0,256,0.8019,0,0,1424881,2,185,224,204.484375,38.038818,0,0.80189,182.746468,128
b7b24e4083981915,256,0.797702,0,0,1402780,2,185,220,203.414062,39.891052,0,0.797745,182.477677,128
2d34332841c1e949,256,0.795466,0,0,1390945,2,186,220,202.84375,41.209961,0,0.795461,183.028265,128
7acd2311405666a1,256,0.796967,0,0,1398769,2,185,221,203.226562,38.909607,0,0.796957,182.424701,128
a45ff543650b3add,256,0.803646,0,0,1434193,2,183,219,204.929688,40.080994,0,0.803569,180.89012,128
995765e2b6a09f37,256,0.80337,0,0,1433230,2,187,225,204.859375,44.12085,0,0.803505,184.131395,128
a21c6540300ac5cf,256,0.799602,0,0,1412688,2,182,222,203.898438,38.981873,0,0.799584,180.166024,128
3d65b11fc85ddce7,256,0.803738,0,0,1434304,2,189,221,204.953125,32.716553,0,0.80358,186.013626,128
7b65a17c8cac63bf,256,0.797947,0,0,1404065,2,184,219,203.476562,41.694763,0,0.797959,181.674779,128
b964c7a03d27b721,256,0.80242,0,0,1428438,2,184,225,204.617188,47.27533,0,0.802646,181.945996,128
18d68439a5adb252,256,0.797672,0,0,1402064,2,188,220,203.40625,36.733398,0,0.797456,184.447689,128
7be95638afb55ada,256,0.803676,0,0,1434005,2,186,222,204.9375,35.160156,0,0.80348,183.623554,128
1d8d6804e48c4ab9,256,0.799632,0,0,1413322,2,184,220,203.90625,45.334961,0,0.799748,181.385428,128
f5778123b6a34f8d,256,0.801746,0,0,1424194,2,183,223,204.445312,40.379822,0,0.80176,180.983488,128
d5b6d527166c9c2c,256,0.7947,0,0,1386813,2,185,220,202.648438,38.462341,0,0.794676,182.43714,128
740b8d9d4c1aeef5,256,0.795588,0,0,1391944,2,183,219,202.875,45.039062,0,0.795685,180.778782,128
6d82aa52fa821036,256,0.802604,0,0,1428633,2,188,221,204.664062,40.738708,0,0.802513,184.912681,128
af8d3a0e452fb5b2,256,0.799571,0,0,1412930,2,183,224,203.890625,44.081787,0,0.799687,180.933007,128
6f36f623eaba83eb,256,0.795006,0,0,1388326,2,185,222,202.726562,40.393982,0,0.794897,181.97144,128
6a81da3ee5be6377,256,0.796936,0,0,1398545,2,182,219,203.21875,40.631836,0,0.796866,179.619012,128
335baa5f68b82d30,256,0.800551,0,0,1417376,2,188,219,204.140625,33.823975,0,0.800424,185.056626,128
abc22410748d1fb3,256,0.80144,0,0,1421897,2,188,217,204.367188,32.810486,0,0.801214,185.243219,128
7f99f7d1fbc9b728,256,0.794914,0,0,1388043,2,183,222,202.703125,41.67749,0,0.794887,180.590509,128
226b424582e584b3,256,0.803217,0,0,1431580,2,190,222,204.820312,35.295837,0,0.803065,185.977299,128
3df8c2f291cb1a81,256,0.798162,0,0,1405153,2,184,221,203.53125,40.655273,0,0.79817,181.187605,128
ccb68ca2c6f17fea,256,0.799449,0,0,1411952,2,185,219,203.859375,40.24585,0,0.799433,182.620632,128
32b30d1f9967da86,256,0.799908,0,0,1414467,2,185,218,203.976562,41.960388,0,0.799925,182.310267,128
eea2be7fa517c043,256,0.801654,0,0,1423256,2,188,222,204.421875,35.025146,0,0.801508,185.192064,128
0aae7c7e88ee3fbf,256,0.798989,0,0,1410143,2,181,221,203.742188,48.074158,0,0.79919,179.125467,128
c3bc5557ed25e9d4,256,0.803401,0,0,1432821,2,185,222,204.867188,38.919861,0,0.803312,182.712516,128
2ac68b703f17c82c,256,0.79807,0,0,1404816,2,184,220,203.507812,40.710876,0,0.798145,181.887013,128
085a5f139a97efaf,256,0.796569,0,0,1397518,2,181,225,203.125,46.898438,0,0.796891,178.798483,128
f4196c246a1fd821,256,0.796936,0,0,1398351,2,184,225,203.21875,37.522461,0,0.796818,181.736846,128
8c341506616600a2,256,0.801716,0,0,1423856,2,185,222,204.4375,39.832031,0,0.801635,182.720049,128
285433788c9e68d3,256,0.799602,0,0,1412658,2,185,226,203.898438,39.997498,0,0.799527,182.656009,128
663c4b2ec35618a3,256,0.798683,0,0,1408050,2,186,219,203.664062,41.066833,0,0.798742,183.321387,128
7e16c2700ad28a35,256,0.803125,0,0,1431955,2,185,221,204.796875,45.325928,0,0.803246,183.045339,128
d0806bc965806eed,256,0.800643,0,0,1417777,2,189,219,204.164062,35.559021,0,0.800443,185.334745,128
5db05ce1acf15c7f,256,0.802727,0,0,1429615,2,188,222,204.695312,40.485291,0,0.802824,185.020812,128
214c8e5cef4a4116,256,0.79902,0,0,1409473,2,181,221,203.75,38.015625,0,0.798946,179.139526,128
010a6a450df93a23,256,0.799112,0,0,1410294,2,185,223,203.773438,42.722107,0,0.799137,181.902857,128
021d81c4217747d6,256,0.799479,0,0,1412182,2,185,221,203.867188,40.474548,0,0.799513,182.594679,128
6e8a8aeebf6f04fe,256,0.800613,0,0,1417582,2,192,225,204.15625,34.475586,0,0.800407,187.139272,128
fe83a63b2b8892f4,256,0.803309,0,0,1432067,2,187,218,204.84375,34.639648,0,0.803147,184.447328,128
90b515b93a5134e6,256,0.80049,0,0,1417441,2,189,225,204.125,40.585938,0,0.800449,185.339102,128
a296257a53a695fe,256,0.79954,0,0,1412424,2,187,219,203.882812,40.048767,0,0.799529,184.296811,128
e189740ec3095da5,256,0.796232,0,0,1394910,2,184,220,203.039062,39.357849,0,0.796227,181.527796,128
2aae83dbf72f01e9,256,0.796722,0,0,1397579,2,181,219,203.164062,39.894958,0,0.796744,178.823229,128
05269623c0b9cf30,256,0.796691,0,0,1397318,2,184,221,203.15625,38.881836,0,0.796679,181.711725,128
3931aa02a391e460,256,0.799786,0,0,1413655,2,184,219,203.945312,40.176697,0,0.799737,181.452345,128
4d3104e50d1b93e6,256,0.801777,0,0,1424368,2,188,222,204.453125,40.560303,0,0.801788,184.8547,128
e3a513384cef222d,256,0.802757,0,0,1430103,2,182,220,204.703125,45.42749,0,0.802942,179.89246,128
2877b0e1855395e3,256,0.800245,0,0,1415654,2,189,224,204.0625,36.183594,0,0.800033,184.733153,128
c0d53a8385b2fc25,256,0.803217,0,0,1432294,2,184,223,204.820312,41.7724,0,0.803327,182.038339,128
db0abcdb32fedc58,256,0.800643,0,0,1418999,2,179,222,204.164062,47.168396,0,0.800903,177.338092,128
5031c9cd5b547a88,256,0.802635,0,0,1428886,2,189,230,204.671875,40.532959,0,0.802608,185.321904,128
db1bcc037294fb82,256,0.800827,0,0,1419344,2,186,217,204.210938,42.010193,0,0.800848,183.411751,128
88f4ac14356c18dd,256,0.801593,0,0,1423276,2,185,221,204.40625,39.217773,0,0.801549,182.955265,128
6ffd765bfb135be5,256,0.797641,0,0,1402747,2,183,224,203.398438,43.427185,0,0.797775,180.694807,128
a8c2eb82daa29d37,256,0.801011,0,0,1420473,2,185,222,204.257812,42.011658,0,0.801109,182.592966,128
0a96bff5b7c82200,256,0.79663,0,0,1397156,2,186,223,203.140625,42.292725,0,0.796635,182.778978,128
dbdb12bd1efaf8ee,256,0.7947,0,0,1386735,2,184,221,202.648438,38.470154,0,0.794622,181.64434,128
4ecee42170a7f8d1,256,0.80386,0,0,1435854,2,186,224,204.984375,45.554443,0,0.803975,183.659363,128
207de16966f5cbad,256,0.798805,0,0,1409203,2,183,229,203.695312,46.633728,0,0.799065,180.697429,128
05ecc0b904728c5c,256,0.797978,0,0,1404500,2,186,220,203.484375,44.366943,0,0.798092,183.073041,128
ffc5297e222de7cd,256,0.800368,0,0,1416861,2,187,221,204.09375,39.647461,0,0.800376,184.116949,128
b53ce4af3b8ae2f2,256,0.79856,0,0,1406760,2,189,220,203.632812,35.326111,0,0.798368,185.475123,128
d6e6e4749129e921,256,0.802267,0,0,1426401,2,186,219,204.578125,35.337646,0,0.802048,183.666231,128
588f4e34a3d6c8f1,256,0.800184,0,0,1415965,2,179,223,204.046875,44.450928,0,0.800187,177.42181,128
0c7a6d632c046556,256,0.804136,0,0,1437182,2,187,222,205.054688,41.825134,0,0.804218,184.352454,128
a83e1bfc680c2637,256,0.793536,0,0,1381396,2,183,218,202.351562,46.438904,0,0.793758,180.435285,128
d20e408754dd8788,256,0.800613,0,0,1418402,2,184,221,204.15625,43.295898,0,0.800702,181.877881,128
4dec83dc0bc6578b,256,0.796967,0,0,1398881,2,184,226,203.226562,42.097107,0,0.796952,181.56612,128
3c003281b32553e2,256,0.805055,0,0,1441951,2,181,221,205.289062,41.416443,0,0.805047,179.463807,128
ab095461249d6855,256,0.795221,0,0,1389459,2,186,220,202.78125,36.975586,0,0.795177,183.217726,128
48893cc7d56c7e58,256,0.804259,0,0,1437331,2,187,220,205.085938,38.375427,0,0.80414,184.152385,128
8118d892babcd799,256,0.801011,0,0,1420477,2,188,222,204.257812,43.003845,0,0.801078,184.255833,128
aecc348aa858bc27,256,0.800827,0,0,1419920,2,179,223,204.210938,45.416443,0,0.801083,177.287464,128
694d834aa5bcc4d1,256,0.799173,0,0,1410638,2,177,219,203.789062,41.963318,0,0.799222,175.6323,128
4c0659d70397eace,256,0.802512,0,0,1428139,2,185,225,204.640625,40.238037,0,0.802443,182.705569,128
539b34ba407afcec,256,0.801103,0,0,1421252,2,183,226,204.28125,46.483398,0,0.80127,181.068366,128
7d340facd0a34f12,256,0.801593,0,0,1423613,2,185,219,204.40625,40.499023,0,0.801723,182.588659,128
596b1766ca3efa02,256,0.803646,0,0,1434471,2,185,220,204.929688,41.104431,0,0.80371,182.847131,128
06be635101c99e0b,256,0.796783,0,0,1397071,2,188,218,203.179688,33.077087,0,0.796464,184.937935,128
2070992fa4a0472f,256,0.797426,0,0,1400853,2,185,219,203.34375,37.475586,0,0.797242,182.070321,128
97e2ce53f60239e4,256,0.850123,0,0,1697811,2,199,232,216.78125,31.249023,0,0.850113,197.136536,128
bf72da8b7284d222,256,0.850153,0,0,1698040,2,202,231,216.789062,32.338318,0,0.850149,199.458916,128
55214b0d345756ac,256,0.848039,0,0,1685239,2,199,230,216.25,31.835938,0,0.847966,196.958192,128
dcec8afac5ed956b,256,0.847151,0,0,1680122,2,201,231,216.023438,32.460388,0,0.847172,198.002037,128
6ce6fe87727a1dc9,256,0.846232,0,0,1674659,2,200,231,215.789062,33.025818,0,0.846233,197.05562,128
394a415636dc8f61,256,0.850061,0,0,1697501,2,200,229,216.765625,31.968506,0,0.850074,197.944191,128
c0ad377c6b3f23a5,256,0.846844,0,0,1678313,2,198,232,215.945312,32.153259,0,0.846866,196.097681,128
dab246a0b5fd07e8,256,0.851225,0,0,1704256,2,200,233,217.0625,29.832031,0,0.851155,197.879377,128
80d782e0ef5597d1,256,0.851869,0,0,1708463,2,202,231,217.226562,32.729919,0,0.851922,199.493973,128
59da44430ecdab0b,256,0.846078,0,0,1673236,2,202,230,215.75,28.851562,0,0.845896,198.461958,128
e27366c0acbe051a,256,0.848958,0,0,1691099,2,202,235,216.484375,34.335693,0,0.849017,198.807819,128
70da9cc02d60fea0,256,0.850551,0,0,1700506,2,202,230,216.890625,31.7771,0,0.850597,199.339361,128
52b6f9e0b55b5c31,256,0.851777,0,0,1707280,2,202,229,217.203125,26.58374,0,0.851617,199.640849,128
86f27988de0c35aa,256,0.850919,0,0,1702743,2,198,233,216.984375,32.812256,0,0.850966,196.029749,128
e7dfc37119037fc3,256,0.849571,0,0,1694793,2,199,232,216.640625,33.566162,0,0.84967,197.01531,128
91e1a94cf44a0aca,256,0.850705,0,0,1701668,2,202,233,216.929688,35.573181,0,0.850805,199.385906,128
74ab810e708a2071,256,0.848836,0,0,1690218,2,203,230,216.453125,32.591553,0,0.848867,199.624369,128
c190a1d93a1067ef,256,0.850306,0,0,1699254,2,201,230,216.828125,34.189209,0,0.850415,198.57666,128
5f8e8a33ded51840,256,0.851869,0,0,1708202,2,199,233,217.226562,29.862732,0,0.851836,197.256566,128
5c8e0790d7658859,256,0.850368,0,0,1699178,2,199,231,216.84375,29.709961,0,0.850348,196.983793,128
0d5b9ae859aedcc1,256,0.845527,0,0,1670294,2,198,229,215.609375,30.43335,0,0.845484,196.109965,128
a41522896da766c3,256,0.849418,0,0,1693858,2,200,234,216.601562,35.091248,0,0.849487,197.700973,128
5b42aa7da39354de,256,0.850705,0,0,1700982,2,203,231,216.929688,29.080994,0,0.850583,200.215416,128
d008c67b9bfbe7f4,256,0.851134,0,0,1704224,2,199,231,217.039062,34.865662,0,0.851236,196.985432,128
51f9c6941f0e7f4c,256,0.850797,0,0,1702042,2,200,234,216.953125,33.872803,0,0.85083,197.709506,128
ed53148673a8c66d,256,0.851225,0,0,1704516,2,202,231,217.0625,31.675781,0,0.851253,198.891052,128
1884e1cd31abc93d,256,0.851532,0,0,1706545,2,198,234,217.140625,34.698975,0,0.851608,195.932975,128
3648d64e8f720cdd,256,0.854442,0,0,1723623,2,202,233,217.882812,30.11908,0,0.854353,199.587014,128
95dded5bcedbdf54,256,0.850123,0,0,1698270,2,198,231,216.78125,36.170898,0,0.850263,195.979752,128
01d58e04e7f1d842,256,0.850827,0,0,1701802,2,200,231,216.960938,30.295349,0,0.850705,197.781638,128
83d4032747a7d071,256,0.853033,0,0,1714943,2,200,231,217.523438,29.054138,0,0.852873,197.941584,128
f48480a3e8fbb5bf,256,0.852022,0,0,1709626,2,196,232,217.265625,34.671631,0,0.852156,194.472419,128
4853ae86053f69d3,256,0.85049,0,0,1700690,2,200,232,216.875,37.632812,0,0.850713,197.500338,128
67f9c5abc710fbd4,256,0.850858,0,0,1702253,2,201,231,216.96875,32.163086,0,0.850854,198.038025,128
49263e43d624a9c5,256,0.84905,0,0,1691041,2,200,232,216.507812,30.648376,0,0.848876,197.609148,128
fe8a87475892a398,256,0.850031,0,0,1696760,2,203,232,216.757812,27.386658,0,0.849844,200.2804,128
6f5038bfc48ee50d,256,0.847365,0,0,1681622,2,197,231,216.078125,34.767334,0,0.847447,195.076977,128
dde62bf8bc62f5e2,256,0.854688,0,0,1725191,2,201,235,217.945312,30.153259,0,0.854631,199.07002,128
66fa12f4c3ef1383,256,0.848652,0,0,1688688,2,199,232,216.40625,29.170898,0,0.848525,196.716545,128
122cc593e51e0f20,256,0.850551,0,0,1700720,2,201,234,216.890625,36.003662,0,0.850634,198.353893,128
38b9d5778bc60cb7,256,0.847825,0,0,1684195,2,200,232,216.195312,33.188416,0,0.847846,197.539029,128
2dadccf8cde9129f,256,0.850797,0,0,1701324,2,202,235,216.953125,27.857178,0,0.850582,199.42775,128
7e701b3a4b00e311,256,0.849234,0,0,1692344,2,203,230,216.554688,32.012634,0,0.849145,199.909628,128
7cddd9f1aab1b026,256,0.849081,0,0,1691233,2,198,235,216.515625,29.913818,0,0.848932,196.180595,128
bd814205498d03e6,256,0.84807,0,0,1685337,2,202,230,216.257812,29.128845,0,0.848013,199.156879,128
bc9c73ef75791d50,256,0.848958,0,0,1690466,2,201,230,216.484375,27.898193,0,0.848826,198.406374,128
49dfcbb6527ed7c3,256,0.848346,0,0,1686769,2,200,229,216.328125,29.767334,0,0.848163,197.523032,128
43102569937050f7,256,0.852972,0,0,1714912,2,199,232,217.507812,31.648376,0,0.852937,197.120449,128
9fd15cca6456e84a,256,0.848437,0,0,1687060,2,203,234,216.351562,25.642029,0,0.848204,199.612468,128
1c9aeb7acde6dd68,256,0.854136,0,0,1722096,2,200,236,217.804688,31.602478,0,0.85418,198.099001,128
4f261738cd4ca02c,256,0.852819,0,0,1714268,2,195,233,217.46875,32.491211,0,0.85291,193.648329,128
777eac911898521e,256,0.848192,0,0,1686004,2,198,231,216.289062,29.010193,0,0.848103,195.873626,128
f36c80f0626cee2a,256,0.849418,0,0,1693736,2,190,233,216.601562,34.434998,0,0.849423,188.895057,128
ade16f82903fc7d3,256,0.848836,0,0,1690228,2,200,231,216.453125,33.61499,0,0.848843,197.798441,128
045322d96f4240f2,256,0.848744,0,0,1689311,2,197,231,216.429688,30.940369,0,0.84861,195.398368,128
ff4f2b25e2933a54,256,0.848713,0,0,1689472,2,201,234,216.421875,32.126709,0,0.84874,198.476887,128
f5903fd2cbf0e271,256,0.851225,0,0,1704474,2,201,233,217.0625,32.449219,0,0.851215,198.264096,128
a99c37d63a85b422,256,0.851225,0,0,1704493,2,202,232,217.0625,32.613281,0,0.85123,199.632352,128
2662f6b2bb51cfb7,256,0.85095,0,0,1702181,2,202,229,216.992188,24.906189,0,0.850771,199.125043,128
52dce40d41781193,256,0.852328,0,0,1711297,2,198,231,217.34375,33.959961,0,0.852386,195.979589,128
342e48eb4c8bf3c9,256,0.847978,0,0,1685126,2,202,233,216.234375,32.452881,0,0.848035,198.276466,128
4d730852980b73e7,256,0.847917,0,0,1684880,2,195,232,216.21875,33.413086,0,0.848015,193.324181,128
9e79e455598ef604,256,0.851164,0,0,1704367,2,198,231,217.046875,34.732178,0,0.851251,195.999719,128
556fff16eea93c88,256,0.851164,0,0,1703888,2,198,232,217.046875,30.013428,0,0.851092,196.268366,128
61d08e744f356b22,256,0.851072,0,0,1703343,2,199,230,217.023438,29.757263,0,0.85101,197.106786,128
2e020eceb9a2d5cb,256,0.846967,0,0,1679534,2,197,232,215.976562,37.686951,0,0.847142,195.051674,128
c58af08281b94f0d,256,0.853554,0,0,1718704,2,201,235,217.65625,33.444336,0,0.853622,198.585221,128
f96e64f506cdd97d,256,0.849694,0,0,1694595,2,197,231,216.671875,25.970459,0,0.84946,195.395429,128
6c61c541a92dfbe8,256,0.847733,0,0,1683842,2,200,231,216.171875,35.165771,0,0.847828,197.285641,128
47bf1dd0a5a7b143,256,0.850827,0,0,1702527,2,201,234,216.960938,35.646912,0,0.850989,198.188513,128
23e8c8b83e1438ed,256,0.84902,0,0,1691447,2,199,234,216.5,33.796875,0,0.849106,196.561066,128
ee7334a8a5c9ad7e,256,0.849755,0,0,1696037,2,201,232,216.6875,35.027344,0,0.8499,198.505029,128
17353ff7b45ff6d8,256,0.845496,0,0,1669944,2,199,233,215.601562,30.778748,0,0.845364,196.801457,128
1085b9a2dc136311,256,0.852665,0,0,1713299,2,198,230,217.429688,32.916931,0,0.852719,196.318184,128
3dd6210a1d67c18f,256,0.850061,0,0,1697436,2,202,229,216.765625,32.554443,0,0.850026,198.623088,128
67b3af4c32d598f4,256,0.852451,0,0,1711623,2,201,231,217.375,29.226562,0,0.852389,199.000005,128
e8c639e379653c65,256,0.850368,0,0,1699266,2,195,228,216.84375,29.975586,0,0.850381,193.553638,128
2b31573aa05b6a96,256,0.849908,0,0,1696960,2,202,235,216.726562,36.073669,0,0.85004,199.110067,128
b86bc1fc870346a1,256,0.847947,0,0,1684866,2,201,232,216.226562,32.034607,0,0.847973,198.286325,128
12f7a4d237813076,256,0.847518,0,0,1682360,2,199,229,216.117188,33.673767,0,0.847534,196.646052,128
51093ffe0c14ea79,256,0.849786,0,0,1695826,2,200,230,216.695312,31.657166,0,0.849802,197.828834,128
46a5b30a4e5a9ff4,256,0.84905,0,0,1691594,2,202,238,216.507812,33.593689,0,0.849105,198.656895,128
89e813f89b982ca4,256,0.849847,0,0,1696264,2,194,229,216.710938,33.103943,0,0.849863,192.633565,128
6dc241051c601544,256,0.85288,0,0,1714471,2,204,232,217.484375,32.093506,0,0.852895,200.559508,128
23325add4278e20d,256,0.849816,0,0,1695472,2,203,231,216.703125,28.27124,0,0.849605,200.457354,128
c81762760d512a9e,256,0.848254,0,0,1686832,2,200,231,216.304688,33.977478,0,0.848307,196.997303,128
75c6cdb37de5cc80,256,0.849449,0,0,1694048,2,200,234,216.609375,33.12085,0,0.849551,197.736069,128
4c84e10a43e17470,256,0.84905,0,0,1691336,2,204,232,216.507812,31.398376,0,0.849013,199.682423,128
3f815b68ae74d92d,256,0.848744,0,0,1689959,2,200,233,216.429688,36.338806,0,0.84886,197.749231,128
ec7bbb78dac77af0,256,0.845496,0,0,1670524,2,198,236,215.601562,35.169373,0,0.845577,195.630433,128
86525cc7476ca6e1,256,0.849295,0,0,1692967,2,203,230,216.570312,32.682556,0,0.849306,199.391167,128
c165894fc25d4e88,256,0.852083,0,0,1709784,2,202,231,217.28125,34.108398,0,0.852128,198.817077,128
72e31aa4f154962e,256,0.853309,0,0,1717796,2,201,232,217.59375,37.858398,0,0.853594,198.672158,128
98beca38f207c898,256,0.8481,0,0,1685705,2,199,230,216.265625,31.601318,0,0.848084,196.740921,128
4827d559914c487e,256,0.850214,0,0,1698426,2,201,232,216.804688,32.352478,0,0.850213,199.025796,128
f1f61b87a148c4bf,256,0.849357,0,0,1693344,2,199,232,216.585938,32.648865,0,0.849392,196.933367,128
c6ceb9f946e4ed93,256,0.849694,0,0,1695048,2,200,231,216.671875,28.603271,0,0.849643,197.754348,128
d0b9623734585af8,256,0.847212,0,0,1679774,2,202,232,216.039062,27.451599,0,0.846955,198.880913,128
9a36d87478d86248,256,0.851746,0,0,1707572,2,199,232,217.195312,30.289978,0,0.851757,196.883183,128
08ec4a36e7e0c09b,256,0.850398,0,0,1699393,2,199,230,216.851562,30.329529,0,0.850376,197.058801,128
e83397bf4e8b6261,256,0.902972,0,0,2034645,2,218,242,230.257812,22.527283,0,0.902981,215.645967,128
5484b8303909f926,256,0.897733,0,0,1999670,2,215,243,228.921875,25.572021,0,0.897823,212.811441,128
853c8cba67bfe231,256,0.900643,0,0,2019023,2,215,241,229.664062,23.723083,0,0.900677,213.36532,128
ca93dec8fecc119a,256,0.897457,0,0,1997324,2,217,238,228.851562,21.454529,0,0.897382,214.421986,128
9386721e54fbee0c,256,0.900827,0,0,2020093,2,217,240,229.710938,22.666443,0,0.9008,214.770785,128
3b35bf0cd9bcaa87,256,0.901164,0,0,2022352,2,217,244,229.796875,21.544678,0,0.901156,214.662967,128
1e0ad990b24944dc,256,0.900429,0,0,2017320,2,217,244,229.609375,21.534912,0,0.900382,214.510857,128
7f5cfe44e66f2fa3,256,0.898836,0,0,2006424,2,215,242,229.203125,20.86499,0,0.898712,212.98163,128
d9b6b44eccf97165,256,0.899112,0,0,2008680,2,214,241,229.273438,22.878357,0,0.899132,212.062382,128
a2110b1bb6bf1b64,256,0.899969,0,0,2014041,2,220,241,229.492188,20.351501,0,0.899862,216.277224,128
74fe025a31fb57ab,256,0.901685,0,0,2026154,2,214,243,229.929688,24.479431,0,0.901755,212.355801,128
24e88d9e0b7452dd,256,0.900521,0,0,2017926,2,218,240,229.632812,21.326111,0,0.900471,214.807196,128
8f69e17bbeb62276,256,0.903799,0,0,2040076,2,217,243,230.46875,21.624023,0,0.903751,214.771972,128
62d400e0501e9c4e,256,0.895221,0,0,1982538,2,212,240,228.28125,22.397461,0,0.895183,210.522344,128
2c2031af7617693e,256,0.899694,0,0,2012932,2,215,244,229.421875,26.970459,0,0.899807,212.896456,128
0fdf56f911c82622,256,0.900521,0,0,2018013,2,217,242,229.632812,21.958923,0,0.900502,214.353804,128
429f65c2794ada86,256,0.90098,0,0,2021079,2,219,241,229.75,21.546875,0,0.900956,215.654839,128
7b7c44ce107d5f5e,256,0.901317,0,0,2023342,2,216,242,229.835938,22.098083,0,0.901277,214.016608,128
9c88d64b05f56c48,256,0.901072,0,0,2021964,2,215,246,229.773438,24.339294,0,0.901117,213.125021,128
be84b60130f3412d,256,0.894026,0,0,1974634,2,213,244,227.976562,23.233826,0,0.893995,211.211083,128
e824291e8cd57ef5,256,0.897702,0,0,1998906,2,216,243,228.914062,20.875427,0,0.897612,213.771029,128
5c95ef0f1cc6fdf4,256,0.900551,0,0,2018313,2,216,242,229.640625,22.761475,0,0.900558,213.954195,128
3ea273b98c33bbf6,256,0.902635,0,0,2032046,2,217,241,230.171875,20.017334,0,0.902548,215.167478,128
e6f9f0441032dead,256,0.900858,0,0,2020141,2,211,240,229.71875,21.342773,0,0.90078,209.925394,128
9e3847a84894b377,256,0.901654,0,0,2025712,2,217,240,229.921875,21.486084,0,0.90167,214.45877,128
8d1766b553bb8d63,256,0.899877,0,0,2013964,2,214,245,229.46875,24.569336,0,0.899939,212.454231,128
4ba52bc64cf9c889,256,0.89902,0,0,2008118,2,210,242,229.25,24.195312,0,0.899045,208.874092,128
56e1bd79b9b9a843,256,0.89954,0,0,2011597,2,216,239,229.382812,23.564392,0,0.899573,213.576435,128
85bb27f036cf3af4,256,0.899877,0,0,2014353,2,211,242,229.46875,27.397461,0,0.900062,209.772264,128
80be714eaeb97999,256,0.896538,0,0,1991454,2,216,245,228.617188,23.822205,0,0.896542,212.749025,128
9c5c74bd50db1304,256,0.899663,0,0,2012147,2,218,242,229.414062,21.336365,0,0.89961,215.400496,128
dcf300f77be9a16b,256,0.897825,0,0,2000083,2,212,240,228.945312,23.153259,0,0.897851,210.599301,128
ba69b973046c2e99,256,0.900123,0,0,2015427,2,216,241,229.53125,22.991211,0,0.900126,213.978505,128
c09bd6272b3073a7,256,0.89905,0,0,2008360,2,216,245,229.257812,23.777283,0,0.899098,213.772232,128
43bedba62a18c063,256,0.89951,0,0,2011344,2,218,243,229.375,24.109375,0,0.89951,215.120538,128
9d2f677711247398,256,0.903033,0,0,2035194,2,215,243,230.273438,23.456482,0,0.903092,213.177478,128
fd68faa893d8065d,256,0.897059,0,0,1995171,2,215,243,228.75,25.414062,0,0.897146,212.023012,128
6b4fb4e3f1ca8d84,256,0.89758,0,0,1998424,2,216,240,228.882812,23.259705,0,0.897607,213.665937,128
d067883a2c76b927,256,0.9019,0,0,2027749,2,217,245,229.984375,25.624756,0,0.902014,214.534582,128
83fb76ae182d9533,256,0.89902,0,0,2007781,2,216,240,229.25,20.851562,0,0.898947,214.157247,128
c1f8716497494cdd,256,0.900888,0,0,2020459,2,217,241,229.726562,21.667419,0,0.900859,214.43664,128
697ce4656fcfc420,256,0.901409,0,0,2023904,2,218,242,229.859375,21.2771,0,0.901354,215.558564,128
267ef3d1f352b842,256,0.899755,0,0,2012833,2,215,241,229.4375,21.949219,0,0.899719,213.20451,128
d0ea369ed269357a,256,0.900582,0,0,2018251,2,218,241,229.648438,20.313904,0,0.900512,215.656968,128
6ac486deaedabbd3,256,0.901225,0,0,2023213,2,215,243,229.8125,26.089844,0,0.901334,213.241258,128
e85428e4d80f5fba,256,0.900858,0,0,2020396,2,216,245,229.71875,22.624023,0,0.900871,213.91828,128
0d6856467bffcaca,256,0.90095,0,0,2021081,2,217,242,229.742188,23.441345,0,0.900982,214.585204,128
ac82893dfb527c75,256,0.899479,0,0,2010929,2,219,243,229.367188,20.732361,0,0.899443,216.276283,128
7df8b9fbf3e6b686,256,0.897059,0,0,1994810,2,214,242,228.75,22.992188,0,0.897026,212.264546,128
7a177c8d97c68b54,256,0.901287,0,0,2023239,2,217,242,229.828125,21.970459,0,0.901299,214.7021,128
36c8812627ce8051,256,0.898989,0,0,2007869,2,215,241,229.242188,23.433533,0,0.899011,212.969983,128
1b6fbd4afbfd8eab,256,0.900368,0,0,2017307,2,212,242,229.59375,25.264648,0,0.900441,210.481885,128
fe358e29a5888282,256,0.903248,0,0,2036076,2,219,243,230.328125,18.579834,0,0.903131,216.136595,128
aaece011e9e8bb49,256,0.902237,0,0,2029602,2,216,241,230.070312,22.096619,0,0.902219,213.605592,128
dddda027b3eb0008,256,0.902727,0,0,2032282,2,215,244,230.195312,17.118103,0,0.902513,213.617499,128
b1ab1cd5d26722b6,256,0.89954,0,0,2011303,2,218,240,229.382812,21.017517,0,0.899484,214.955471,128
2cc418b53989cd51,256,0.89905,0,0,2008192,2,216,243,229.257812,23.074158,0,0.899037,213.059056,128
dd817409298cac12,256,0.899571,0,0,2011548,2,216,241,229.390625,22.222412,0,0.899511,214.018699,128
cad2988620d7ac47,256,0.896538,0,0,1991174,2,208,239,228.617188,21.751892,0,0.896457,206.921477,128
96c90def5f62e8a5,256,0.898866,0,0,2006865,2,215,241,229.210938,21.744568,0,0.89883,213.216857,128
f804c21e275bb242,256,0.900705,0,0,2019382,2,214,240,229.679688,23.288025,0,0.90072,212.419073,128
d11f55af3a1f15c2,256,0.899326,0,0,2009976,2,216,242,229.328125,22.587646,0,0.899291,213.858081,128
156ca11232a9d56a,256,0.901164,0,0,2022145,2,218,243,229.796875,20.349365,0,0.901081,215.695551,128
1d7892f46c196c2e,256,0.900766,0,0,2019880,2,216,243,229.695312,24.008728,0,0.900809,213.714216,128
67a76f88930c92e5,256,0.900613,0,0,2018582,2,213,244,229.65625,21.303711,0,0.90058,211.583624,128
1b6f004a6c402f2b,256,0.901624,0,0,2025429,2,216,242,229.914062,21.75824,0,0.901599,214.203549,128
3686f1537e59233e,256,0.898162,0,0,2002155,2,217,240,229.03125,21.694336,0,0.898139,214.563209,128
927c6fc19ad37ac9,256,0.900123,0,0,2015609,2,213,242,229.53125,23.405273,0,0.900203,211.265219,128
671e82ebe8a58387,256,0.899203,0,0,2008920,2,215,244,229.296875,20.763428,0,0.899098,213.294421,128
29cd28f830ce1089,256,0.900735,0,0,2019601,2,213,242,229.6875,23.113281,0,0.900755,211.603451,128
80429bb502005f65,256,0.898468,0,0,2004347,2,213,245,229.109375,23.636475,0,0.898471,211.151607,128
6912d7a2bc0dcec2,256,0.897855,0,0,2000016,2,214,240,228.953125,20.974365,0,0.897801,212.406645,128
a1e6c876c507c819,256,0.899142,0,0,2008724,2,219,241,229.28125,21.756836,0,0.899109,215.649463,128
e114f581a251282e,256,0.898223,0,0,2002867,2,213,243,229.046875,24.818115,0,0.898279,211.431935,128
363b05d8b2436518,256,0.899265,0,0,2009656,2,213,241,229.3125,23.300781,0,0.899264,211.542794,128
5b0f628c1b2c8a68,256,0.897733,0,0,1999558,2,214,242,228.921875,24.564209,0,0.897779,212.10449,128
d06d636e2fba403f,256,0.899755,0,0,2013114,2,213,242,229.4375,24.191406,0,0.899808,211.462533,128
a97eab2beee550b5,256,0.896936,0,0,1993933,2,219,241,228.71875,22.084961,0,0.896895,215.27214,128
8c9514fb8facc600,256,0.898407,0,0,2003866,2,217,246,229.09375,23.256836,0,0.898385,213.988067,128
cacf2ffc969f6b00,256,0.898162,0,0,2002206,2,212,240,229.03125,21.764648,0,0.898159,210.487667,128
d3a2e41ec0a3ef3c,256,0.900214,0,0,2015869,2,213,242,229.554688,21.161072,0,0.900175,211.440453,128
f0111aeece335e77,256,0.902849,0,0,2034089,2,211,243,230.226562,24.698669,0,0.902944,209.769068,128
58b98ea205102967,256,0.902512,0,0,2031533,2,215,245,230.140625,22.144287,0,0.902528,213.281253,128
77f78101c2596590,256,0.897181,0,0,1996173,2,211,242,228.78125,27.358398,0,0.897316,209.51494,128
832955339f76ce44,256,0.900919,0,0,2020877,2,213,243,229.734375,23.882568,0,0.900946,211.707678,128
b73fefb2821cf366,256,0.900858,0,0,2020337,2,213,242,229.71875,22.764648,0,0.900849,211.450885,128
82532a1d50997941,256,0.899632,0,0,2012012,2,218,247,229.40625,21.803711,0,0.899603,215.680459,128
0c2f55abf9e86a61,256,0.900888,0,0,2020470,2,213,241,229.726562,21.987732,0,0.900858,211.578549,128
74dd6359f6ce9e62,256,0.897426,0,0,1997458,2,215,240,228.84375,24.170898,0,0.897461,212.757996,128
2877d42bacde9057,256,0.897028,0,0,1994567,2,215,240,228.742188,22.511658,0,0.896983,212.966482,128
cc0fe8671572527d,256,0.903462,0,0,2038055,2,217,242,230.382812,22.908142,0,0.903509,214.37702,128
b827910c4b48d0b5,256,0.90095,0,0,2020947,2,216,241,229.742188,22.55072,0,0.900942,213.597453,128
400940cf2469786b,256,0.897794,0,0,1999648,2,213,244,228.9375,21.933594,0,0.897741,211.345855,128
3def34dc31f8a069,256,0.898499,0,0,2004603,2,216,240,229.117188,24.009705,0,0.898521,213.581362,128
e3a008ff1d92a35c,256,0.900061,0,0,2015064,2,215,242,229.515625,22.765381,0,0.90009,213.183512,128
635013d6f4ca8582,256,0.897978,0,0,2001282,2,216,240,228.984375,25.070068,0,0.898051,213.709483,128
05527ff53a52c89a,256,0.900092,0,0,2015543,2,215,242,229.523438,25.249451,0,0.900202,212.94929,128
0b2fc094d1376182,256,0.898254,0,0,2003256,2,213,240,229.054688,26.645447,0,0.898365,211.155512,128
53ba8f24b1b4bc51,256,0.898131,0,0,2001771,2,218,242,229.023438,20.210388,0,0.898054,214.781415,128
1fde58faab7220c2,256,0.90144,0,0,2024295,2,217,242,229.867188,22.505798,0,0.901453,214.254319,128
4ed47c652d27a82f,256,0.949908,0,0,2368586,2,232,251,242.226562,11.268982,0,0.949885,230.463664,128
7924ea58c28da70e,256,0.950429,0,0,2372702,2,233,251,242.359375,12.7771,0,0.950467,231.256512,128
9b83363973ec685a,256,0.94902,0,0,2361963,2,232,250,242.0,11.523438,0,0.949003,230.116338,128
9cf0a5098000b03d,256,0.950337,0,0,2372015,2,229,251,242.335938,13.098083,0,0.950371,227.587291,128
0be9841e61263405,256,0.949663,0,0,2366677,2,233,249,242.164062,10.793396,0,0.949617,230.881752,128
a1c277a8e798b538,256,0.949755,0,0,2367450,2,233,251,242.1875,11.566406,0,0.949731,230.698551,128
356632968adc489b,256,0.951562,0,0,2380869,2,232,251,242.648438,10.017029,0,0.951507,230.646277,128
43870e6683470f6c,256,0.948836,0,0,2360595,2,231,251,241.953125,11.83374,0,0.948815,229.628395,128
2efd7f2865062ee5,256,0.949816,0,0,2368044,2,230,250,242.203125,12.450928,0,0.949833,228.81892,128
1129a9e2e6f59345,256,0.949969,0,0,2368922,2,234,250,242.242188,10.285095,0,0.949912,232.243684,128
724b5409d0ea5ee3,256,0.949724,0,0,2367080,2,233,251,242.179688,10.2099,0,0.949665,231.56884,128
abdcf4977b62a88f,256,0.949877,0,0,2368506,2,232,251,242.21875,12.561523,0,0.949894,229.924972,128
2c35f0b9c600bbdb,256,0.951654,0,0,2381875,2,231,252,242.671875,12.736084,0,0.951682,229.326184,128
0287ae9b2e96d9d3,256,0.95095,0,0,2376612,2,233,251,242.492188,12.828064,0,0.950989,231.218446,128
b23d8332ddffc599,256,0.951011,0,0,2377039,2,232,252,242.507812,12.664001,0,0.95104,230.555196,128
79bd4fc3b2351be2,256,0.948836,0,0,2360698,2,232,252,241.953125,12.294678,0,0.948851,230.506893,128
edf55ffc57ec0e49,256,0.948989,0,0,2361958,2,232,251,241.992188,13.531189,0,0.949029,229.858604,128
87553c6e50f696b0,256,0.950368,0,0,2372164,2,232,252,242.34375,12.045898,0,0.950387,230.492176,128
bfaadfda081584d4,256,0.949694,0,0,2367030,2,233,250,242.171875,11.822021,0,0.949682,231.128322,128
13eecd798d695f03,256,0.951256,0,0,2378720,2,233,251,242.570312,11.330994,0,0.951241,231.368126,128
25365077ea9f3f0f,256,0.949847,0,0,2368329,2,232,250,242.210938,12.838318,0,0.949881,230.52199,128
7157d992697cc697,256,0.951654,0,0,2381749,2,232,252,242.671875,11.829834,0,0.951647,230.567551,128
ba5591bc98646bde,256,0.951011,0,0,2376959,2,233,253,242.507812,11.945251,0,0.951018,231.241217,128
67e93fb38b0265c9,256,0.951991,0,0,2384428,2,233,253,242.757812,12.464783,0,0.952031,231.377584,128
baa341e2e7054b73,256,0.950061,0,0,2369659,2,234,252,242.265625,10.804443,0,0.950015,231.736363,128
a7ae085ad9f300b3,256,0.949724,0,0,2367310,2,233,252,242.179688,11.936462,0,0.94973,231.085441,128
b9299e62e73c7da5,256,0.949234,0,0,2363648,2,233,250,242.054688,12.293884,0,0.949238,231.084507,128
dd2bcb7d5a59cfd2,256,0.952359,0,0,2387356,2,232,251,242.851562,14.032654,0,0.952439,230.412188,128
7609a7eca157dd84,256,0.950398,0,0,2372413,2,233,251,242.351562,12.415466,0,0.950421,231.085542,128
0937deafadf23af6,256,0.951225,0,0,2378550,2,231,252,242.5625,11.832031,0,0.951226,229.800591,128
8b394078e24483c6,256,0.949295,0,0,2363813,2,233,249,242.070312,10.065369,0,0.949218,231.442301,128
30d2477beb7797c0,256,0.950766,0,0,2375170,2,232,250,242.445312,12.286072,0,0.950787,230.741511,128
feb930dd81472ca5,256,0.95,0,0,2369407,2,231,251,242.25,12.609375,0,0.950009,229.762325,128
272d3e209f74c429,256,0.951287,0,0,2379071,2,234,253,242.578125,12.095459,0,0.951309,231.40542,128
6b9ccf680538f6ad,256,0.94905,0,0,2362360,2,230,251,242.007812,13.164001,0,0.949073,228.949261,128
3d4adc217ab0b073,256,0.95095,0,0,2376471,2,232,253,242.492188,11.531189,0,0.950952,230.347266,128
fdc56834a9a912e6,256,0.950674,0,0,2374348,2,233,250,242.421875,11.376709,0,0.950655,231.509256,128
61e8e53363f607fe,256,0.949908,0,0,2368547,2,232,252,242.226562,10.940857,0,0.949875,230.292736,128
99f5edb6c6b674d8,256,0.949357,0,0,2364515,2,233,253,242.085938,11.805115,0,0.949349,231.285417,128
e5652e1754370327,256,0.950797,0,0,2375285,2,233,252,242.453125,11.513428,0,0.950785,231.273566,128
97fe708d45136a1d,256,0.949326,0,0,2364099,2,233,251,242.078125,10.345459,0,0.949265,231.343393,128
f1ddc7e1ec1d32bd,256,0.946752,0,0,2345241,2,229,253,241.421875,13.564209,0,0.946781,227.667672,128
96d4994a8d04a472,256,0.950582,0,0,2373721,2,231,252,242.398438,11.895935,0,0.950581,229.616603,128
ceb6efca47ba9b3c,256,0.94902,0,0,2361919,2,233,251,242.0,11.195312,0,0.948991,230.907955,128
539984ec5168fa56,256,0.948713,0,0,2359914,2,230,252,241.921875,13.462646,0,0.948762,228.701138,128
759dc32a5d16f79a,256,0.95049,0,0,2373064,2,233,250,242.375,12.21875,0,0.950497,230.891223,128
e26089c7892ce64d,256,0.94954,0,0,2366046,2,233,252,242.132812,13.138611,0,0.949572,230.640742,128
fcb303b1cafbe220,256,0.947641,0,0,2351690,2,231,250,241.648438,11.892029,0,0.947626,229.515185,128
bc95759af1736106,256,0.952727,0,0,2389688,2,232,250,242.945312,10.356384,0,0.952689,230.803246,128
1cbaf4c2a4867161,256,0.949724,0,0,2367346,2,234,250,242.179688,12.295837,0,0.94974,231.760475,128
c0dbbb1f9db3053a,256,0.949234,0,0,2363672,2,230,250,242.054688,12.653259,0,0.949243,228.679085,128
57c6b10435d8ec56,256,0.950276,0,0,2371279,2,233,252,242.320312,10.952087,0,0.950234,231.337792,128
a9efce0f16d1efcc,256,0.950674,0,0,2374364,2,232,251,242.421875,11.611084,0,0.95066,230.651593,128
5f1aa3b4480488e5,256,0.950888,0,0,2375895,2,230,250,242.476562,10.976013,0,0.95085,229.226446,128
bf80a5a6bd94672c,256,0.949724,0,0,2367041,2,233,250,242.179688,9.795837,0,0.949657,231.657514,128
06c269a331259f61,256,0.951532,0,0,2380698,2,233,251,242.640625,10.605225,0,0.951491,231.410332,128
bfa2de0993c04929,256,0.948866,0,0,2361141,2,231,251,241.960938,14.115662,0,0.948937,229.832239,128
99a96352f4cde7ee,256,0.950153,0,0,2370566,2,229,250,242.289062,12.416443,0,0.950168,227.918999,128
677069537abbf29b,256,0.949969,0,0,2368993,2,234,250,242.242188,10.98822,0,0.949931,231.820154,128
4776395089fa2221,256,0.951501,0,0,2380654,2,232,251,242.632812,11.833923,0,0.951517,230.771608,128
41b338fc1a51019c,256,0.948836,0,0,2360862,2,230,251,241.953125,14.091553,0,0.948889,228.735399,128
cb7a1380e417e8f4,256,0.948744,0,0,2359953,2,232,251,241.929688,12.010681,0,0.948739,230.365727,128
62897d552c5460b4,256,0.950184,0,0,2370737,2,232,251,242.296875,12.099365,0,0.95018,230.629265,128
8ac5b23ae9bf5de7,256,0.951042,0,0,2377125,2,229,253,242.515625,11.827881,0,0.951024,228.147186,128
cebb17178e40a384,256,0.950827,0,0,2375684,2,232,253,242.460938,12.873474,0,0.950863,230.437568,128
987129c4e5ba61d5,256,0.948254,0,0,2356060,2,233,249,241.804688,10.289978,0,0.948181,230.969332,128
03148b292e6ed3a0,256,0.949387,0,0,2364788,2,231,253,242.09375,12.280273,0,0.949389,229.721701,128
de6531d024aa4a5c,256,0.950123,0,0,2370137,2,232,251,242.28125,10.663086,0,0.950087,230.722811,128
b68041d925d4f765,256,0.951042,0,0,2377159,2,232,251,242.515625,11.734131,0,0.95104,230.546716,128
00496dcf9765b104,256,0.950368,0,0,2371963,2,230,250,242.34375,10.655273,0,0.950326,229.15281,128
77f193c0f7180355,256,0.951164,0,0,2378133,2,232,252,242.546875,12.263428,0,0.951176,230.842929,128
60c1e66fd5b14847,256,0.948866,0,0,2360886,2,232,250,241.960938,12.631287,0,0.948858,230.567009,128
9f6f08c0366f38bf,256,0.950123,0,0,2370466,2,229,251,242.28125,13.663086,0,0.95017,227.712647,128
8865c00f57a6239c,256,0.950827,0,0,2375624,2,231,250,242.460938,12.475037,0,0.950843,229.734162,128
af8013f7550a0de1,256,0.951225,0,0,2378470,2,232,250,242.5625,11.167969,0,0.951205,230.820879,128
a43fd58d307faf30,256,0.950123,0,0,2370242,2,232,251,242.28125,11.624023,0,0.950114,230.508523,128
c0d6a9d3aa3e23dc,256,0.950521,0,0,2373230,2,231,251,242.382812,11.83783,0,0.95051,229.501871,128
b9b17325cb096480,256,0.95046,0,0,2372709,2,234,250,242.367188,11.060486,0,0.950436,231.41857,128
1069d4e6fb03ccb7,256,0.950092,0,0,2370044,2,227,252,242.273438,12.018982,0,0.950089,226.192729,128
d6966ebd4bbc0650,256,0.949939,0,0,2369047,2,231,251,242.234375,13.218506,0,0.949978,229.725176,128
9572374f1559f177,256,0.948897,0,0,2361162,2,232,251,241.96875,12.639648,0,0.948909,230.19873,128
380104f87977de88,256,0.948989,0,0,2361798,2,231,250,241.992188,12.437439,0,0.948984,229.426554,128
90ef9bca0b4a090a,256,0.950429,0,0,2372781,2,232,251,242.359375,13.738037,0,0.950482,230.245717,128
6cc93f65266b2c49,256,0.948897,0,0,2360955,2,233,251,241.96875,11.006836,0,0.94885,231.49207,128
0ecf4ffc8e19182b,256,0.950398,0,0,2372180,2,230,252,242.351562,10.579529,0,0.950353,229.041382,128
015c6ac2f705d344,256,0.950674,0,0,2374442,2,230,250,242.421875,12.111084,0,0.950683,228.844738,128
99d4ee97f4e6a930,256,0.949877,0,0,2368722,2,230,251,242.21875,14.639648,0,0.949948,228.66888,128
3c2b95213e255297,256,0.950031,0,0,2369714,2,232,252,242.257812,13.08197,0,0.950063,230.427483,128
618d96e9e4c12ca5,256,0.948866,0,0,2360966,2,232,251,241.960938,12.967224,0,0.948886,230.164853,128
542b283c35c31b28,256,0.950061,0,0,2369756,2,233,252,242.265625,11.273193,0,0.950048,231.069768,128
ecbd644cb007a924,256,0.950368,0,0,2372031,2,233,250,242.34375,11.569336,0,0.95034,231.284309,128
190caf4a4240bd6a,256,0.951256,0,0,2378684,2,228,252,242.570312,10.823181,0,0.951235,227.080023,128
a2453f0b3e05a098,256,0.949939,0,0,2369129,2,231,252,242.234375,13.960693,0,0.949998,229.70771,128
922b8774c15bc023,256,0.948254,0,0,2356347,2,230,250,241.804688,12.719666,0,0.94826,228.904185,128
ff040ab5e67b7cf3,256,0.950674,0,0,2374600,2,233,252,242.421875,13.361084,0,0.950727,231.206172,128
34b903a781667687,256,0.949755,0,0,2367622,2,228,249,242.1875,12.824219,0,0.949782,226.658811,128
55b7f2f233babef0,256,0.95098,0,0,2376649,2,234,251,242.5,11.476562,0,0.950962,232.120713,128
889360e6627d0a14,256,0.94902,0,0,2362151,2,231,251,242.0,13.078125,0,0.949055,229.499002,128
8a4092f5d9750357,256,0.947702,0,0,2352077,2,233,252,241.664062,11.551208,0,0.947664,230.767163,128
34de660d6b8ed54e,256,0.951654,0,0,2381776,2,233,253,242.671875,11.603271,0,0.951661,231.352509,128
9f09f16c7ceddd59,512,0.050399,0,0,2987,3,12,42,25.753906,25.892563,0,0.053243,10.799374,256
9148dfdc6af3d735,512,0.051225,0,0,2929,3,13,41,26.175781,23.63707,0,0.050578,11.605103,256
7b5e2a15c29ced91,512,0.050338,0,0,2848,3,14,44,25.722656,26.520737,0,0.050106,12.131414,256
2990082e2abc6056,512,0.05043,0,0,2835,3,12,46,25.769531,24.759384,0,0.049666,11.090041,256
02ab2e5b4b228678,512,0.049757,0,0,2768,3,12,42,25.425781,27.010117,0,0.049663,10.663225,256
7e13b3d942e94db4,512,0.100752,0,0,22628,3,31,79,51.484375,42.413818,0,0.100323,29.37666,256
9dae5eda142d45e9,512,0.099881,0,0,22210,3,32,71,51.039062,41.603943,0,0.100186,30.174469,256
b33280c25cb4eef0,512,0.100875,0,0,22841,3,33,77,51.546875,47.404053,0,0.100757,30.90842,256
393fe121d4f1628f,512,0.099346,0,0,21789,3,31,71,50.765625,46.609131,0,0.099171,29.273007,256
be1b82c562d422b5,512,0.09904,0,0,21400,3,32,76,50.609375,42.765381,0,0.098284,30.162517,256
1cd563f262d1d577,512,0.15028,0,0,75633,3,53,101,76.792969,69.019638,0,0.150524,50.717741,256
6622fef343fd53b3,512,0.152787,0,0,79750,2,57,99,78.074219,72.127304,0,0.153491,54.194264,256
d70b0e0d5a76e9f1,512,0.149485,0,0,74270,3,53,98,76.386719,58.729355,0,0.149682,50.585822,256
9e30b3336713822d,512,0.150012,0,0,74603,3,54,104,76.65625,59.295898,0,0.149101,51.672865,256
4135a83fd123c413,512,0.14989,0,0,74787,3,54,100,76.59375,64.745117,0,0.14957,51.613235,256
a6fc8edd8666b75b,512,0.199288,0,0,175790,2,72,129,101.835938,87.059021,0,0.198933,69.81554,256
e52fd7d991ca1541,512,0.19996,0,0,178031,2,79,135,102.179688,82.405212,0,0.20022,75.563775,256
54f4090a18abc55a,512,0.200258,0,0,178344,2,75,129,102.332031,75.924911,0,0.200197,72.445155,256
ba9c93139b5be86c,512,0.200235,0,0,179198,2,75,132,102.320312,86.405212,0,0.200947,72.504112,256
f6b1ea38457c47d6,512,0.199693,0,0,177629,2,74,133,102.042969,85.166122,0,0.200178,71.377897,256
eb8a842a3078d653,512,0.251147,0,0,351783,2,102,158,128.335938,94.363708,0,0.250815,98.616787,256
f099b7ba784552f9,512,0.249495,0,0,346210,2,100,169,127.492188,92.199158,0,0.250131,96.879576,256
02d0afc4e6ee5ddb,512,0.248005,0,0,340186,2,94,158,126.730469,108.048447,0,0.248486,91.417339,256
b8db708437d44948,512,0.249786,0,0,346834,2,93,159,127.640625,102.249756,0,0.24992,90.763322,256
3f18b390dd3d476d,512,0.250046,0,0,348087,2,104,149,127.773438,94.815857,0,0.250359,99.379852,256
b6fde395e6ac7754,512,0.301293,0,0,609321,2,126,186,153.960938,114.873474,0,0.301735,121.016034,256
7410d4905a4a1968,512,0.300368,0,0,602004,2,123,187,153.488281,106.449081,0,0.300095,119.556323,256
ab88272f253d7a3e,512,0.299061,0,0,594806,2,123,188,152.820312,113.561462,0,0.29894,119.493681,256
6d773844b215b40a,512,0.299314,0,0,596125,2,118,185,152.949219,103.923203,0,0.299226,115.198184,256
84d36faf89b1b705,512,0.299879,0,0,599150,2,122,189,153.238281,107.806503,0,0.2996,118.749584,256
44e412b959095271,512,0.351792,0,0,969481,2,148,216,179.765625,125.8396,0,0.352159,144.137386,256
381e76221f03b118,512,0.35128,0,0,962114,2,152,217,179.503906,106.347641,0,0.350728,147.125597,256
bcc99e17da1d4133,512,0.349843,0,0,951370,2,141,206,178.769531,102.005478,0,0.349722,138.47864,256
5f4375ec5a18b25f,512,0.350416,0,0,955885,2,143,210,179.0625,110.316406,0,0.350124,140.162094,256
c309fd80818f6c80,512,0.350469,0,0,958060,2,150,217,179.089844,115.441147,0,0.350786,146.009207,256
68ec8a2ea44c994f,512,0.398476,0,0,1405864,2,168,237,203.621094,118.086899,0,0.398189,164.754815,256
2eeaa8a8a8688c30,512,0.399385,0,0,1416213,2,171,242,204.085938,118.836365,0,0.399288,167.478884,256
60937328aaabe186,512,0.401855,0,0,1444727,2,169,252,205.347656,137.45726,0,0.402173,165.692831,256
7ec19f5ef34e42ae,512,0.40294,0,0,1454605,2,168,249,205.902344,125.580307,0,0.40286,164.485092,256
2e3b4da5b654ab2e,512,0.398529,0,0,1406980,2,172,236,203.648438,118.00531,0,0.398374,168.018148,256
0ed52681ef15ec54,512,0.450167,0,0,2027278,2,195,260,230.035156,117.326889,0,0.449931,191.704012,256
78a29ee556008354,512,0.447705,0,0,1996588,2,195,266,228.777344,142.313705,0,0.447819,190.857933,256
63a7c9b9ccae62a1,512,0.449196,0,0,2012752,2,201,265,229.539062,109.90863,0,0.448681,195.81954,256
d51c371e7cb47851,512,0.450954,0,0,2039471,2,201,270,230.4375,120.988281,0,0.451039,195.918172,256
d2dec8bd52f3534c,512,0.451374,0,0,2045382,2,188,264,230.652344,132.843979,0,0.451386,185.25095,256
1db27bb21eeb57f5,512,0.500978,0,0,2796883,2,221,288,256.0,131.011719,0,0.501104,217.292469,256
c5292c6f638c255d,512,0.500176,0,0,2783285,2,225,288,255.589844,127.476303,0,0.50025,220.350042,256
c44a7504475e64d8,512,0.49896,0,0,2763369,2,224,289,254.96875,134.09668,0,0.499047,219.123643,256
fa07f5172fa0a4d5,512,0.499281,0,0,2767105,2,225,284,255.132812,122.591736,0,0.49919,220.32698,256
57c4a15cdd14a309,512,0.498058,0,0,2748520,2,223,289,254.507812,128.08197,0,0.498237,218.437388,256
8eee57d564095479,512,0.550621,0,0,3711819,2,253,317,281.367188,116.115173,0,0.550611,247.255545,256
d81115314d3028ab,512,0.545782,0,0,3613543,2,251,307,278.894531,118.418564,0,0.545552,245.582243,256
2010766337b9b9da,512,0.549367,0,0,3686439,2,242,318,280.726562,122.167419,0,0.549287,238.879136,256
155447e67516988e,512,0.54884,0,0,3677755,2,252,317,280.457031,134.84581,0,0.548964,246.328493,256
91acfd667b32e8a7,512,0.548251,0,0,3662066,2,246,311,280.15625,114.229492,0,0.547953,242.053297,256
967c076e9d585b0e,512,0.601035,0,0,4828536,2,272,345,307.128906,124.237289,0,0.601035,268.353427,256
118b09c3c14fed1b,512,0.597748,0,0,4747494,2,279,338,305.449219,113.516953,0,0.597534,273.375255,256
68294f7887d262e5,512,0.600339,0,0,4810175,2,268,339,306.773438,112.624451,0,0.600212,264.962032,256
f6637f44d7c4ae82,512,0.600966,0,0,4826213,2,270,340,307.09375,122.69043,0,0.600906,266.503487,256
661f43c4a9595e74,512,0.5992,0,0,4785104,2,277,342,306.191406,129.486801,0,0.599266,272.201565,256
60ecc5ad3d25fa76,512,0.648858,0,0,6074595,2,303,364,331.566406,113.155746,0,0.648813,297.886614,256
92470bfbcb2e3159,512,0.650142,0,0,6111703,2,305,367,332.222656,115.680893,0,0.650205,299.398249,256
bf7e0a89377e40a0,512,0.649515,0,0,6091174,2,302,370,331.902344,103.146713,0,0.649332,297.422124,256
669f418e94da3546,512,0.647314,0,0,6030603,2,297,361,330.777344,107.98558,0,0.647231,293.291273,256
9536358c5e5776a8,512,0.647948,0,0,6051124,2,296,362,331.101562,122.813904,0,0.648075,292.532471,256
8a0ff54a0356f678,512,0.698003,0,0,7561541,2,330,388,356.679688,98.342712,0,0.697954,324.75232,256
2273d7971915b2c0,512,0.701749,0,0,7685117,2,329,386,358.59375,107.842773,0,0.701739,324.667875,256
c1d410aa163a12f5,512,0.699991,0,0,7628189,2,326,393,357.695312,107.364197,0,0.700045,322.124566,256
78104b7d28866335,512,0.697965,0,0,7563809,2,324,387,356.660156,116.075912,0,0.698132,320.078709,256
e7f9c75e99c0fed1,512,0.699593,0,0,7613143,2,332,392,357.492188,101.328064,0,0.699496,327.014867,256
0f16b1147a85c26d,512,0.74971,0,0,9368188,2,356,406,383.101562,82.540466,0,0.74955,351.70265,256
47d8d339aa876311,512,0.74893,0,0,9339696,2,354,410,382.703125,84.275146,0,0.748822,350.050623,256
dd1e9e385b7c6655,512,0.749289,0,0,9355667,2,350,410,382.886719,101.170761,0,0.749292,346.731196,256
62537f54ce633e1a,512,0.748104,0,0,9309984,2,352,412,382.28125,92.463867,0,0.748044,348.603371,256
529bce62f8fa97d0,512,0.749411,0,0,9359769,2,344,410,382.949219,96.25914,0,0.749398,341.629739,256
f13bb7083a7e4c43,512,0.79858,0,0,11326193,2,382,431,408.074219,84.498398,0,0.798606,378.428567,256
13ac8f0aadd89645,512,0.799153,0,0,11350252,2,378,434,408.367188,81.404236,0,0.799169,375.238854,256
b39f0c6f77655572,512,0.800109,0,0,11391776,2,385,437,408.855469,87.400986,0,0.800148,380.240403,256
6aa4590447bee2fc,512,0.800514,0,0,11408339,2,383,432,409.0625,80.441406,0,0.800534,378.871632,256
d0850943d27ec828,512,0.79952,0,0,11364722,2,379,436,408.554688,78.422791,0,0.799467,376.000764,256
9c0e3e012fa3fa20,512,0.850271,0,0,13671198,2,406,460,434.488281,68.081894,0,0.850308,403.583261,256
f02e1b471478d272,512,0.850324,0,0,13672726,2,410,459,434.515625,63.68335,0,0.850316,406.437636,256
60058efb86455cc8,512,0.850347,0,0,13673935,2,408,460,434.527344,64.007065,0,0.850342,405.366653,256
32b7e19bae83468b,512,0.849162,0,0,13616796,2,411,458,433.921875,64.493896,0,0.84915,407.251859,256
9705f109bf5ea708,512,0.849736,0,0,13644112,2,415,455,434.214844,63.199936,0,0.849718,410.00377,256
ab88725f3984059a,512,0.899072,0,0,16162244,2,442,477,459.425781,47.377304,0,0.899086,437.809504,256
cb36abfddef68da6,512,0.899645,0,0,16192535,2,437,482,459.71875,45.350586,0,0.899633,434.782809,256
e674f92ca741cc98,512,0.900249,0,0,16224639,2,440,475,460.027344,41.475815,0,0.900221,436.887612,256
f8dc105e2ce53efa,512,0.900257,0,0,16226107,2,442,481,460.03125,47.432617,0,0.900264,438.451528,256
5e440a71e536e865,512,0.901029,0,0,16267172,2,440,482,460.425781,43.467148,0,0.901009,437.607322,256
f4961a00f1cef6f9,512,0.95048,0,0,19096166,2,470,498,485.695312,25.375916,0,0.950491,468.07256,256
df1ad4d20695f18d,512,0.950388,0,0,19090787,2,470,498,485.648438,25.970154,0,0.950405,468.211654,256
cfe33c0ea40c2bd6,512,0.949188,0,0,19017808,2,469,498,485.035156,24.014389,0,0.949178,466.729701,256
714d5fb8546120a7,512,0.950136,0,0,19074550,2,471,499,485.519531,22.151962,0,0.950117,468.975344,256
c3caef616c741e25,512,0.94993,0,0,19062375,2,471,497,485.414062,22.879333,0,0.94992,468.899857,256
87e3425fa62f3c16,1024,0.050224,0,0,22510,3,26,74,51.378906,46.090805,0,0.050165,24.904558,512
bf723ae7f013f544,1024,0.050233,0,0,22538,3,30,75,51.388672,48.751278,0,0.050011,28.473457,512
e08307f47d1312f6,1024,0.050155,0,0,22393,3,31,72,51.308594,46.260239,0,0.049935,29.37529,512
e93f656a5862b1be,1024,0.049766,0,0,22132,3,30,76,50.910156,47.515366,0,0.050023,28.465871,512
21d9bf5f88f98bb8,1024,0.050136,0,0,22472,3,32,77,51.289062,51.719177,0,0.050064,30.130105,512
7ccb4aa75f4cc8dc,1024,0.100593,0,0,181503,3,73,134,102.90625,97.139648,0,0.100509,70.407034,512
c93998575c0dbd15,1024,0.100117,0,0,178735,3,78,132,102.419922,92.710384,0,0.099934,73.945649,512
81a0bec413cfd0ec,1024,0.099735,0,0,177103,3,71,133,102.029297,94.837032,0,0.099705,68.841554,512
dbffd3ed9a8e0256,1024,0.099396,0,0,175618,3,68,134,101.681641,97.824429,0,0.0996,66.016055,512
74d0d32cd529ac26,1024,0.101016,0,0,183972,3,73,133,103.339844,90.634506,0,0.10106,70.225642,512
e2ef2793fe41588a,1024,0.149178,0,0,592649,2,120,197,152.609375,125.812256,0,0.149271,116.427301,512
bc438d1f5c803ea3,1024,0.149075,0,0,592213,2,116,186,152.503906,133.769516,0,0.149353,112.545977,512
8e3240f8686e0e8c,1024,0.149932,0,0,600109,2,119,193,153.380859,127.112759,0,0.149634,115.827321,512
03c373bc58b0ebb4,1024,0.150837,0,0,613014,2,111,187,154.306641,134.937222,0,0.150972,108.714762,512
59dba220727ddc14,1024,0.150318,0,0,606297,2,120,187,153.775391,129.010098,0,0.150378,116.117735,512
99dd01152aff6f2f,1024,0.1991,0,0,1409996,2,167,244,203.679688,165.112244,0,0.199307,162.438128,512
9b7237c23962763c,1024,0.200803,0,0,1445122,2,159,246,205.421875,165.398193,0,0.20086,156.197551,512
2cf6da9f14574627,1024,0.199467,0,0,1417026,2,163,243,204.054688,168.502869,0,0.199565,158.892403,512
1ab6bda37dfd11dd,1024,0.200236,0,0,1432303,2,162,242,204.841797,162.635128,0,0.200226,158.752877,512
d642262fe404dd3f,1024,0.199927,0,0,1425947,2,163,243,204.525391,162.151699,0,0.199937,159.488883,512
476d942496a9ade9,1024,0.249994,0,0,2787994,2,217,299,255.744141,190.475552,0,0.25002,211.861916,512
05841490a0088590,1024,0.249477,0,0,2772290,2,212,300,255.214844,201.951889,0,0.249593,207.799154,512
3f42d2f5ec3de542,1024,0.249658,0,0,2775723,2,209,314,255.400391,193.079922,0,0.249585,205.125068,512
38a9f263d5af7868,1024,0.249601,0,0,2775157,2,215,310,255.341797,195.504269,0,0.249624,210.203974,512
9894d6374e4f25f0,1024,0.250044,0,0,2787487,2,213,297,255.794922,171.690365,0,0.249949,208.792173,512
f9f8cfcbc8797204,1024,0.300384,0,0,4836641,2,260,353,307.292969,218.484482,0,0.3004,255.419485,512
a4b49fbdf12df292,1024,0.299582,0,0,4800642,2,265,359,306.472656,235.630112,0,0.299722,259.026764,512
41ddb29bf2aeb7a5,1024,0.299414,0,0,4789681,2,264,357,306.300781,215.673203,0,0.299421,258.791001,512
6bb7862a1581b7e0,1024,0.298914,0,0,4765205,2,265,351,305.789062,197.78363,0,0.298946,259.51757,512
333d977bd81e268f,1024,0.300243,0,0,4829892,2,261,360,307.148438,216.292419,0,0.300269,256.224508,512
30ef1bdca5d78e10,1024,0.350736,0,0,7701136,2,310,415,358.802734,252.691555,0,0.350806,305.132803,512
9d833bdd7fe22a5c,1024,0.348943,0,0,7584858,2,301,408,356.96875,249.680664,0,0.349073,297.086655,512
52d085783af65ac5,1024,0.350255,0,0,7667605,2,314,411,358.310547,232.333248,0,0.350279,308.508191,512
6bb7b44159e127cd,1024,0.349275,0,0,7603112,2,312,407,357.308594,231.68602,0,0.349291,305.903687,512
7a329f7885f5ad56,1024,0.351708,0,0,7764020,2,301,411,359.796875,245.1521,0,0.351722,297.378463,512
9045b49eb9883357,1024,0.401036,0,0,11510178,2,361,460,410.259766,245.118069,0,0.401096,355.838548,512
faf8aa448c8d120f,1024,0.400589,0,0,11468283,2,365,455,409.802734,226.060696,0,0.400569,359.386781,512
0f9bedfbd9c8fe20,1024,0.400146,0,0,11429671,2,354,455,409.349609,236.993008,0,0.400077,349.475054,512
b9e1ac901724514b,1024,0.399868,0,0,11406518,2,363,459,409.064453,241.327877,0,0.399822,357.228611,512
3e1be1c1d7b76edf,1024,0.399041,0,0,11337470,2,342,456,408.21875,245.389648,0,0.399031,338.736096,512
cf12d1ba5d6af329,1024,0.44986,0,0,16246212,2,397,511,460.207031,268.023544,0,0.449884,393.216639,512
1dfa93d7288b6a85,1024,0.44996,0,0,16255385,2,413,509,460.308594,249.889145,0,0.449968,407.521902,512
7ced53552a6b76b4,1024,0.44941,0,0,16196791,2,411,507,459.746094,253.826157,0,0.449442,405.405048,512
2b544eb562a244cb,1024,0.449853,0,0,16245470,2,401,516,460.199219,260.741562,0,0.449888,396.837222,512
0a2a610075f7cf06,1024,0.449793,0,0,16237442,2,410,518,460.138672,247.810848,0,0.449812,404.826824,512
ed5c44fd7eeb0f1e,1024,0.499303,0,0,22217662,2,464,564,510.787109,278.794521,0,0.499407,457.8001,512
ec44df6dee6676dc,1024,0.499651,0,0,22263838,2,455,560,511.142578,283.235531,0,0.499745,450.473769,512
71e160506a5d7a24,1024,0.500048,0,0,22310889,2,456,564,511.548828,257.450741,0,0.500057,451.230485,512
66480d27d60fee53,1024,0.500116,0,0,22317231,2,464,553,511.619141,248.765102,0,0.500078,457.855492,512
b1f30571bd4c1185,1024,0.500002,0,0,22301939,2,452,562,511.501953,252.136715,0,0.499954,447.857181,512
091c93264f4e71ed,1024,0.550061,0,0,29693756,2,515,614,562.712891,243.821865,0,0.550025,509.023224,512
2c58c1ec49e4271d,1024,0.549032,0,0,29530610,2,509,606,561.660156,249.159897,0,0.549046,504.064728,512
1e7b10a2796f6aa4,1024,0.550237,0,0,29724411,2,513,611,562.892578,248.709164,0,0.550232,507.55349,512
e97f3a97ad973fe6,1024,0.548788,0,0,29489811,2,517,614,561.410156,240.120834,0,0.548788,510.465892,512
9d8612610f22fae0,1024,0.550543,0,0,29769567,2,514,613,563.205078,240.930599,0,0.550474,508.435151,512
71d9e68b97a7807d,1024,0.598878,0,0,38319029,2,563,671,612.652344,233.133041,0,0.598796,557.74209,512
d239d0d1a9533ac7,1024,0.600789,0,0,38694548,2,568,659,614.607422,246.96307,0,0.600802,562.075458,512
a4a473af451c0c6f,1024,0.59997,0,0,38533423,2,566,660,613.769531,243.849228,0,0.599939,560.170857,512
ce45c6e98ad44ce3,1024,0.600787,0,0,38697418,2,561,665,614.605469,255.127548,0,0.60083,556.20829,512
562a8ba3d0c8d985,1024,0.598683,0,0,38288990,2,568,662,612.453125,249.761475,0,0.59869,561.528259,512
621b1fd069dfdbbd,1024,0.650545,0,0,49131836,2,616,715,665.507812,242.872986,0,0.650612,610.728041,512
2b24741bcc542744,1024,0.648816,0,0,48742232,2,616,714,663.738281,249.599472,0,0.648897,610.598178,512
ff3bb2cc12e0acd1,1024,0.65054,0,0,49118840,2,620,714,665.501953,219.177731,0,0.650487,614.188809,512
f0c7ce5b208b069e,1024,0.650534,0,0,49120461,2,617,709,665.496094,227.416,0,0.650509,611.73532,512
2205d7bf01a96172,1024,0.650125,0,0,49032472,2,615,712,665.078125,244.111084,0,0.650135,610.053643,512
ee58875d88103aab,1024,0.699992,0,0,61205110,2,668,766,716.091797,225.610714,0,0.700031,663.269369,512
aae75b273b6acd75,1024,0.700095,0,0,61229137,2,667,761,716.197266,219.904446,0,0.700109,662.215438,512
98cab0cca66d3a78,1024,0.699549,0,0,61080165,2,673,758,715.638672,205.394833,0,0.699515,666.515969,512
1395f243f9948152,1024,0.7002,0,0,61252406,2,671,765,716.304688,205.784119,0,0.700182,665.481138,512
781cbdc26c99c242,1024,0.700721,0,0,61390877,2,675,769,716.837891,210.526455,0,0.700717,668.723372,512
c71b722d72777c4a,1024,0.749418,0,0,75098005,2,717,809,766.654297,187.761349,0,0.749392,712.927571,512
8c7992a9b77ad093,1024,0.749668,0,0,75174349,2,721,812,766.910156,192.284897,0,0.749647,716.014604,512
47cc8a30b6d7e04e,1024,0.749851,0,0,75227335,2,717,819,767.097656,177.27562,0,0.749829,712.955892,512
0e35f4a5e2e3a630,1024,0.749866,0,0,75236895,2,721,812,767.113281,188.567245,0,0.749879,716.311168,512
5b34f490711632f7,1024,0.749683,0,0,75179496,2,722,805,766.925781,190.133163,0,0.74967,717.284782,512
65239a2f048a7d8a,1024,0.800566,0,0,91551632,2,778,855,818.978516,165.171413,0,0.800565,773.749042,512
b24720b017941377,1024,0.800422,0,0,91501601,2,778,858,818.832031,158.022568,0,0.800422,773.462263,512
a10f9aaa32b49534,1024,0.800019,0,0,91364490,2,776,854,818.419922,162.429134,0,0.800023,771.741099,512
52de99e03c2d445a,1024,0.800252,0,0,91441867,2,777,860,818.658203,157.094112,0,0.80024,772.641353,512
bec9701d796f598e,1024,0.799695,0,0,91252661,2,779,861,818.087891,162.365322,0,0.799692,774.406449,512
d2a8dbd839a4c341,1024,0.849525,0,0,109395681,2,833,900,869.064453,130.698971,0,0.849518,828.695174,512
519197375774c2c7,1024,0.849905,0,0,109543269,2,835,905,869.453125,129.544678,0,0.849905,830.359625,512
5b869a5573db6196,1024,0.850486,0,0,109770012,2,822,905,870.046875,134.656006,0,0.850496,819.304288,512
3298e2cc5fe20fee,1024,0.851108,0,0,110009600,2,831,905,870.683594,129.62645,0,0.851111,827.478957,512
eca99d751355dc71,1024,0.849109,0,0,109239710,2,826,908,868.638672,140.178036,0,0.849128,822.597045,512
b667f5475e036b7e,1024,0.90015,0,0,130141559,2,885,950,920.853516,87.441433,0,0.900147,882.145792,512
48c3022d4ce94ab6,1024,0.899776,0,0,129979726,2,890,948,920.470703,91.137814,0,0.899772,886.268948,512
e26447ff14e9852c,1024,0.899572,0,0,129889541,2,892,945,920.261719,86.917831,0,0.89956,887.848602,512
1e0002d762e7d75e,1024,0.899732,0,0,129963504,2,890,952,920.425781,95.435898,0,0.899743,886.233725,512
b4da283887704a0f,1024,0.899818,0,0,129998626,2,883,949,920.513672,91.103329,0,0.899819,880.395375,512
a4c9bad0bbc02bd9,1024,0.94999,0,0,152977611,2,948,996,971.839844,45.044662,0,0.949984,945.594034,512
3f07bc357e940079,1024,0.949952,0,0,152960332,2,949,991,971.800781,47.585312,0,0.94995,945.751384,512
f6d85cf65a89b101,1024,0.949837,0,0,152903093,2,945,993,971.683594,43.772934,0,0.949828,942.913673,512
9a40377d1b539ba0,1024,0.949982,0,0,152975481,2,952,992,971.832031,48.78038,0,0.949982,948.735022,512
188e501e3d6c772c,1024,0.949828,0,0,152899896,2,951,992,971.673828,46.749081,0,0.949824,947.883877,512
