source_corpus,graph_id,n_vertices,cx_matching,cx_pauli,depth_matching,depth_pauli,delta_cx,delta_depth,labeling_time
structured,aeedd632561e042f,8,23,24,41,42,1,1,0.027
structured,f88846446f486966,8,6,10,12,17,4,5,0.021
er,128642428020b50e,8,8,13,16,23,5,7,0.025
structured,ed7004682b3d41a7,8,15,16,26,31,1,5,0.023
structured,8386a9d4a2095d4d,8,16,17,28,32,1,4,0.03
structured,6ca6896aadeefa9b,8,12,17,23,32,5,9,0.026
er,fe3d79be007fbd2c,8,17,20,31,37,3,6,0.03
structured,e1190f2cf49a251c,8,19,24,34,43,5,9,0.024
structured,0a42afb09770eb29,8,22,24,39,43,2,4,0.027
structured,32c1c54fd73a1935,8,17,20,31,37,3,6,0.027
structured,2a3506f394e76bde,8,22,24,37,43,2,6,0.026
structured,15d523afa878f744,8,7,9,15,19,2,4,0.026
structured,f8fc5c589a9e0314,8,13,15,24,28,2,4,0.026
er,cf809a5a33d7b9d8,8,21,22,35,40,1,5,0.028
er,1afc3beb36385c05,8,21,22,37,41,1,4,0.022
structured,3bcb0eac2935598b,8,14,17,26,29,3,3,0.025
structured,6297833c833453ff,8,19,20,34,37,1,3,0.025
structured,43a6cb3cd500ce2c,8,20,24,35,43,4,8,0.026
structured,4d6e25653220e48a,8,20,23,34,41,3,7,0.026
er,08c4c39eba8a83a4,8,19,20,34,37,1,3,0.023
structured,dcd66c56a1bd54cd,8,6,9,12,17,3,5,0.022
structured,bf1cf4223fe1555c,8,14,21,25,38,7,13,0.029
er,ded58ff55345ac2b,8,24,25,41,46,1,5,0.023
structured,caf5feb92c1ec274,8,16,17,29,32,1,3,0.023
structured,95891a7413526258,8,22,24,37,43,2,6,0.024
structured,ad4bdd9bb4cf20de,8,12,16,23,30,4,7,0.022
er,04aac30c4ff83c5c,8,15,18,27,34,3,7,0.026
structured,b0f199fe513abc4a,8,15,20,29,35,5,6,0.024
structured,e866e9242e2acc49,8,20,23,35,41,3,6,0.034
structured,2c90d8e66432c9b8,8,15,17,27,30,2,3,0.029
structured,b71e44c8c698c111,8,13,20,25,35,7,10,0.022
structured,f54ae0b5ba284ad4,8,20,23,34,41,3,7,0.027
structured,ac0ad3aae53becea,8,17,20,32,35,3,3,0.025
structured,2029d27b3ad2b8a9,8,19,21,33,38,2,5,0.024
structured,7880ef99d62f63d4,8,16,17,29,31,1,2,0.023
structured,a07bd25331f7aab8,8,13,15,24,29,2,5,0.026
er,16f968b9bd290401,8,25,26,43,45,1,2,0.029
structured,74fedb710cc5eb70,8,14,20,25,36,6,11,0.025
structured,5f97a6aefbfe2ed2,8,11,17,21,31,6,10,0.024
structured,970e4159df21ab44,8,14,17,27,33,3,6,0.029
er,a9377d816d3934bf,8,13,15,24,29,2,5,0.023
structured,c6b61c34f216c573,8,11,17,21,31,6,10,0.025
structured,a249c84ccd3e62f1,8,22,23,37,43,1,6,0.025
structured,4caffdecf1b7ccdf,8,13,16,23,29,3,6,0.021
er,771e793ad0173dcb,8,26,29,47,53,3,6,0.025
er,653fb0e96951b3f3,8,25,26,43,46,1,3,0.03
er,6e746d59072da384,8,19,23,35,43,4,8,0.029
structured,54d6b8abc4697359,8,7,14,15,23,7,8,0.022
structured,33944dba80c2cb77,8,7,12,14,20,5,6,0.036
er,7085a1073f92caff,8,18,20,33,36,2,3,0.022
structured,9413c6b9ac4a7aba,8,22,24,38,43,2,5,0.025
structured,4cf8be8228a1c985,8,15,18,28,32,3,4,0.025
er,58751b0f2095a552,8,18,22,32,40,4,8,0.029
structured,fce29f1feceb8828,8,7,11,15,20,4,5,0.024
structured,caffc89f484c283d,8,14,15,26,29,1,3,0.027
structured,e696227261399869,8,21,27,38,47,6,9,0.028
er,8fe676a6df8b40cb,8,25,26,44,47,1,3,0.03
structured,9515bff5a8127545,8,6,10,11,16,4,5,0.022
structured,0c44d3708aa7782d,8,18,23,32,41,5,9,0.052
structured,8159b7f79688e8f0,8,17,20,32,37,3,5,0.023
er,98cdbc187db55b8b,8,17,18,31,33,1,2,0.027
structured,dce3bcee41582044,8,14,15,24,26,1,2,0.024
structured,6d878849f61b22fb,8,15,21,28,35,6,7,0.026
structured,4148699fdefe8aa8,8,8,10,16,19,2,3,0.021
structured,a45b97742aed2bef,8,14,16,25,30,2,5,0.026
structured,96ab19173fc92e34,8,21,27,38,47,6,9,0.026
structured,60ab047e6b79bdc8,8,15,16,28,29,1,1,0.025
structured,46ae974b6aea3f2d,8,15,19,28,32,4,4,0.034
er,bfeede34ebdef91c,8,23,24,40,43,1,3,0.03
structured,967a71b7fd84c634,8,19,20,30,37,1,7,0.024
er,8a8346bd168f31b5,8,13,17,23,30,4,7,0.028
structured,3337009d9ad6909d,8,6,9,12,17,3,5,0.023
structured,2f2f33b4dfa0cbac,8,14,16,25,30,2,5,0.026
structured,9d2070568a916593,8,12,14,23,28,2,5,0.026
structured,b0ce15b41fe2dc91,8,8,10,16,20,2,4,0.025
structured,ec1287eb5c65dc85,8,16,17,29,31,1,2,0.029
structured,bb2cbb4181fa2f35,8,12,16,21,29,4,8,0.055
structured,1f143a8c1155de66,8,7,14,14,23,7,9,0.023
structured,76aebf1d99aaff4d,8,22,24,39,43,2,4,0.024
structured,cb69dffa47fb7623,8,19,24,34,43,5,9,0.023
structured,7a948f96832b7020,8,21,24,36,43,3,7,0.027
structured,f07e29a13cb11ecb,8,17,20,32,36,3,4,0.026
structured,c153c2aa2ac51c25,8,12,16,21,29,4,8,0.025
structured,1bcfbebd2051f7af,8,8,10,16,18,2,2,0.021
structured,d598c6c8d404d25e,8,14,15,24,26,1,2,0.03
structured,70a2c656558f9e42,8,13,16,23,29,3,6,0.025
structured,a73dc964e8dd0ee4,8,23,24,41,42,1,1,0.026
er,657d9921efea1c32,8,15,17,27,32,2,5,0.029
structured,44d9285f938120d2,8,13,15,22,26,2,4,0.025
structured,adbf9617474c829b,8,13,17,25,31,4,6,0.026
structured,ffd8070b094e9ca0,8,6,10,13,17,4,4,0.022
structured,a8beb68129d06ba0,8,18,24,33,43,6,10,0.025
structured,c1f3b126c6bd2711,8,11,17,21,31,6,10,0.039
er,75403111a8489db5,8,22,26,38,45,4,7,0.026
structured,8a5a81ec9030d977,8,18,20,32,37,2,5,0.025
structured,971e38d54d85308c,8,8,11,16,20,3,4,0.027
structured,8f8ceeef3ca689b4,8,14,15,25,26,1,1,0.026
structured,9ad1960e1e7cd723,8,17,18,29,32,1,3,0.023
structured,200ac1ed484a8317,8,15,18,28,32,3,4,0.023
er,6fbb0b6138dd600a,8,31,17,50,34,-14,-16,0.028
structured,de5f0881a5414853,8,29,21,49,40,-8,-9,0.041
er,0ca833375b6295cc,8,59,25,98,49,-34,-49,0.033
er,bf1ce467135ec8d9,8,36,20,60,37,-16,-23,0.03
er,ec42e28e00e5a236,8,47,19,76,38,-28,-38,0.025
er,ca39cde72b04b3a3,8,46,24,79,43,-22,-36,0.03
er,41aaf1a49b2551f7,8,64,29,103,56,-35,-47,0.033
structured,4c6865fd6ef2fb1d,8,34,23,58,44,-11,-14,0.027
er,ce128aecf46bbf7d,8,41,23,70,42,-18,-28,0.026
er,89d32f263ec30cf1,8,39,26,63,49,-13,-14,0.026
structured,22dfbcaf0082c4c1,8,30,25,51,46,-5,-5,0.027
structured,082df96a8f9954b9,8,46,24,75,46,-22,-29,0.066
er,7806da780af7fd28,8,56,29,94,55,-27,-39,0.035
er,6b6077fe8e49fd7e,8,42,27,71,51,-15,-20,0.032
structured,3ee3f27319942d6f,8,33,25,56,47,-8,-9,0.031
er,a31a4f8573e77b97,8,59,27,97,51,-32,-46,0.031
er,aea03df6e8e2c726,8,52,28,88,54,-24,-34,0.033
structured,aa834f0069959d35,8,32,24,54,46,-8,-8,0.03
er,1e8f59c0288cf960,8,53,28,89,54,-25,-35,0.027
er,139c3e1ac20798f2,8,37,14,62,29,-23,-33,0.03
structured,37fb688398abc380,8,36,22,59,43,-14,-16,0.059
er,d249574e4b183953,8,49,27,83,51,-22,-32,0.032
structured,248ff379d44e1375,8,28,21,45,38,-7,-7,0.025
er,11b274f2a497b615,8,64,30,103,58,-34,-45,0.03
er,c95d5c3363203951,8,38,20,65,39,-18,-26,0.029
er,de20682a4fcddb33,8,39,26,66,51,-13,-15,0.03
er,e4a72d45f6c63e51,8,41,26,68,48,-15,-20,0.033
er,c3268afb9465649d,8,42,24,70,46,-18,-24,0.032
structured,3123971f22a80bfc,8,46,27,74,51,-19,-23,0.048
er,e3497e796031b65a,8,37,29,63,52,-8,-11,0.031
structured,99aded6ed43b3ae5,8,45,23,73,44,-22,-29,0.026
er,f72cffe165689604,8,59,28,98,55,-31,-43,0.03
structured,e256a0a17b8d95aa,8,30,24,51,43,-6,-8,0.031
er,7425e1c24fc197c2,8,35,25,62,49,-10,-13,0.027
er,3cb134f08dc49cda,8,54,23,89,42,-31,-47,0.024
er,7d4fbbcf8ced980d,8,28,21,48,40,-7,-8,0.027
er,ca0ead2dfda736e0,8,50,21,80,40,-29,-40,0.059
er,0d2bba2179a6cbd8,8,46,28,77,54,-18,-23,0.03
er,096faab26a0baf79,8,60,27,98,52,-33,-46,0.027
structured,eedf60e2fe8e13df,8,32,27,55,50,-5,-5,0.028
er,92ccb8f90407f86f,8,19,17,34,32,-2,-2,0.023
er,8220d969a36fdc49,8,34,27,56,50,-7,-6,0.058
er,c9a2d1529684e978,8,67,23,111,43,-44,-68,0.031
er,fafca9dffa288566,8,23,20,41,38,-3,-3,0.025
structured,d962bfc7d86845e7,8,40,27,69,51,-13,-18,0.031
er,33b8d8677c36481a,8,48,24,79,47,-24,-32,0.032
er,eb0eeeccce94cdcf,8,44,19,73,33,-25,-40,0.027
er,5fb52ef559216402,8,44,30,73,56,-14,-17,0.03
er,c3103b69154ebb9e,8,47,21,75,39,-26,-36,0.03
er,8c16c57875b2e3ef,8,37,26,64,50,-11,-14,0.025
structured,750aa3fd93fb68d3,8,31,21,52,40,-10,-12,0.027
er,1a51ef0e63d92d62,8,70,29,113,55,-41,-58,0.032
er,8cae2c7dd281841e,8,55,24,93,46,-31,-47,0.028
structured,ec34f9319380de8a,8,22,16,37,31,-6,-6,0.024
er,bc53c91f163a32b8,8,56,30,91,56,-26,-35,0.031
er,22f0a8c81d68b97c,8,24,21,40,39,-3,-1,0.029
er,3fa193357df3ea0d,8,32,18,54,33,-14,-21,0.025
structured,8634012e3ba4ae89,8,38,18,62,35,-20,-27,0.024
structured,f37336e0f921d761,8,27,25,46,46,-2,0,0.029
structured,b1bda905d497e95b,8,46,24,74,45,-22,-29,0.029
structured,07470a3d11cb928f,8,31,24,51,44,-7,-7,0.027
structured,18a7d5055aea2164,8,30,21,51,40,-9,-11,0.03
structured,7fa679ba9c1d7b58,8,22,20,37,36,-2,-1,0.054
structured,16f0d5ee7e071036,8,29,23,47,43,-6,-4,0.028
er,a79a48e35f95bc43,8,54,24,87,44,-30,-43,0.026
er,86eea95e1debff2e,8,51,19,85,38,-32,-47,0.029
structured,e162bd068342fcb8,8,25,16,42,31,-9,-11,0.046
er,521241a731920de9,8,50,27,85,52,-23,-33,0.03
er,d0fca2d5de6d707d,8,69,29,112,55,-40,-57,0.034
er,fc194a0ad270e7e9,8,58,28,93,54,-30,-39,0.031
er,e43e98054582f655,8,66,23,107,45,-43,-62,0.028
er,cd8e7bddeec3cd6a,8,48,24,80,46,-24,-34,0.03
er,fca14b579988a505,8,45,23,74,43,-22,-31,0.03
er,d0687544b6c343e4,8,46,23,79,45,-23,-34,0.029
er,d319509e759ef886,8,40,25,68,48,-15,-20,0.032
er,89c75c97bc514fb6,8,34,24,57,43,-10,-14,0.032
er,159fb3a004189538,8,59,26,99,50,-33,-49,0.035
er,4961654e1d1fece6,8,29,24,48,45,-5,-3,0.03
er,65527a0c19f0c5ce,8,40,26,69,48,-14,-21,0.03
er,bba100ac285b8e62,8,60,30,100,58,-30,-42,0.033
er,657241d90ec4714e,8,34,23,57,40,-11,-17,0.025
er,a96a80363b143401,8,25,21,45,40,-4,-5,0.023
er,9a00a0d4e0924891,8,28,23,47,41,-5,-6,0.025
er,e024b99b0acece05,8,44,29,75,54,-15,-21,0.036
er,1b0e1a7291d95465,8,41,24,69,47,-17,-22,0.032
structured,4a2a6f0df3f45221,8,31,27,52,49,-4,-3,0.026
structured,a62f5b85d0f79dbb,8,47,27,77,52,-20,-25,0.032
er,44c4e6bf849b8f1a,8,45,21,74,41,-24,-33,0.03
structured,600c2254471fea09,8,29,20,47,38,-9,-9,0.062
er,45bf9f59778744fd,8,62,23,102,44,-39,-58,0.03
er,fa1a9bb0ed3e7044,8,49,30,80,57,-19,-23,0.03
er,95a6d8db28e68b42,8,48,30,80,56,-18,-24,0.034
er,2a4bcb6c10afb960,8,40,26,66,46,-14,-20,0.059
structured,9fc6d29479428bb4,8,26,20,46,38,-6,-8,0.054
er,afe51d55c43dd781,8,59,24,96,45,-35,-51,0.041
er,df98a7b21e3f0992,8,36,22,61,43,-14,-18,0.026
structured,9c08e498245dff3c,8,28,25,44,45,-3,1,0.029
er,824e079409f7ae35,8,52,18,84,35,-34,-49,0.031
er,022445a04cb9237d,8,43,30,73,56,-13,-17,0.03
structured,f4745b539cff5504,16,79,82,119,140,3,21,0.042
structured,c041df006e44fce5,16,79,82,119,140,3,21,0.05
structured,008b839ed256012a,16,79,88,118,150,9,32,0.057
structured,d4bc8e0c835b7d00,16,46,58,72,98,12,26,0.04
structured,cbcb6ed6f88f03a9,16,98,101,147,171,3,24,0.057
structured,b465b00054b4e481,16,67,71,102,119,4,17,0.049
structured,9bc10940ae84f0b8,16,80,86,121,145,6,24,0.045
structured,02d599d3ad6327bf,16,54,60,84,95,6,11,0.041
structured,1103fdf90e7ccd81,16,66,78,102,133,12,31,0.071
structured,279e1d80084ded51,16,84,95,123,159,11,36,0.042
structured,eff0d2d953c12841,16,78,97,119,154,19,35,0.04
structured,251203285cc8ffb3,16,81,88,122,147,7,25,0.044
structured,6da38d228cebf1da,16,67,77,103,127,10,24,0.039
structured,c019201439934449,16,81,91,121,145,10,24,0.046
structured,dc23e467869c2e60,16,78,89,117,152,11,35,0.044
structured,87f5d6ab5b45cae0,16,78,79,116,132,1,16,0.079
structured,68febeee25847c27,16,77,81,113,134,4,21,0.047
structured,257c534b64d6427e,16,74,77,113,131,3,18,0.041
structured,4acc8c868e9d0269,16,43,61,69,103,18,34,0.04
structured,05b2b705b50aba9a,16,99,101,146,171,2,25,0.052
structured,037e1122773069f6,16,76,81,113,134,5,21,0.048
structured,1eafcaa16fa48fa7,16,61,67,89,113,6,24,0.038
structured,b5fab576eff3b30f,16,68,74,104,120,6,16,0.038
structured,417625ac07df5e63,16,82,86,124,147,4,23,0.06
structured,e9683a6f0d564c13,16,78,85,114,138,7,24,0.048
structured,b49ea19b9f609186,16,80,86,122,145,6,23,0.043
structured,07e08a82b2a6ae35,16,42,48,63,80,6,17,0.048
structured,2f5a203d8701f9c1,16,98,105,146,167,7,21,0.046
structured,bb5dfb5307e1eb8f,16,56,62,83,105,6,22,0.048
structured,6f43d11186d4a7fb,16,45,54,68,93,9,25,0.041
structured,48b7fefc53ba8d0b,16,57,73,88,121,16,33,0.039
structured,7bb3c5358c132958,16,77,88,115,140,11,25,0.042
structured,0534d4e2eba2e808,16,65,67,97,110,2,13,0.044
structured,605d317eefc252a8,16,65,70,99,117,5,18,0.043
structured,82f0c24e349348ad,16,79,85,118,138,6,20,0.046
structured,fc9dd65d6fbf348d,16,62,78,95,125,16,30,0.042
structured,7d9445f290c7d91e,16,53,57,80,98,4,18,0.055
structured,3c86f66958f0e14f,16,79,97,118,161,18,43,0.05
structured,3e1f87a923e60367,16,67,84,103,140,17,37,0.042
structured,8de6ef51f89d55d4,16,77,85,114,141,8,27,0.047
structured,74bf9019cf0b1874,16,88,93,133,158,5,25,0.045
structured,d028f112d2f3ab46,16,60,68,90,115,8,25,0.042
structured,259944ab9fe3ce8f,16,77,88,116,140,11,24,0.053
structured,73a5122e3a7ff1fd,16,66,73,95,124,7,29,0.048
structured,4df7999cff9f02c8,16,44,54,69,92,10,23,0.051
structured,509f9dc6642ee6cf,16,44,49,68,82,5,14,0.038
structured,4afeaba2fd20e96d,16,79,85,116,138,6,22,0.076
structured,5e9e417b9ddb314c,16,47,54,73,93,7,20,0.035
structured,e2021cd6a2484f88,16,85,101,126,168,16,42,0.044
structured,fce0e8b28f7408b7,16,63,74,96,120,11,24,0.041
structured,db0ef124ee9de2d9,16,78,92,118,152,14,34,0.05
structured,417ab4f279c05535,16,57,58,86,101,1,15,0.042
structured,418d073f4be812ad,16,78,95,117,159,17,42,0.048
structured,7b73a2308dfcafe6,16,77,84,115,136,7,21,0.04
structured,f1c53effbc24e3d9,16,80,92,118,152,12,34,0.042
structured,d7846812a30742d1,16,77,79,111,133,2,22,0.044
structured,7d82bc9f8c1fbd94,16,56,78,85,131,22,46,0.079
structured,124cb2ca4988897b,16,58,61,88,106,3,18,0.045
structured,bd37c8e47843db82,16,75,79,112,133,4,21,0.041
structured,19386e75b4093f09,16,66,67,101,114,1,13,0.04
structured,fe188d14ecc5b20b,16,79,82,118,138,3,20,0.053
structured,675b0c2c2cfa01a9,16,77,79,116,132,2,16,0.042
structured,a56677d71878da4d,16,65,75,99,127,10,28,0.041
structured,80124058857db7dd,16,66,83,101,137,17,36,0.043
structured,1e20a3976290c184,16,59,65,87,110,6,23,0.041
structured,93a29c28fddf22a8,16,78,93,118,147,15,29,0.051
structured,8632c0c21f2349cd,16,76,81,114,134,5,20,0.047
structured,af89a630c36d6a70,16,25,38,41,61,13,20,0.036
structured,45dcf644a4fb1a17,16,79,82,119,140,3,21,0.053
structured,675e6fd8aed3a29b,16,59,78,91,131,19,40,0.051
structured,78e1b260a7eba178,16,77,88,116,140,11,24,0.045
structured,decd3b440794eedf,16,56,74,87,117,18,30,0.043
structured,013f5f06b12e25c8,16,90,97,135,165,7,30,0.046
structured,f148a867b37d1198,16,78,97,117,161,19,44,0.052
structured,1386753e12590da6,16,77,81,115,134,4,19,0.039
structured,615910b1727e0e9e,16,76,92,114,152,16,38,0.04
structured,03d81d0f24579c9c,16,80,81,122,137,1,15,0.043
structured,eead53f90c5372dd,16,44,54,68,95,10,27,0.043
structured,f85664e0fe75e803,16,99,103,146,166,4,20,0.043
structured,60725180d0db8ce0,16,59,78,90,131,19,41,0.049
structured,bceb267a36a4d1f8,16,56,75,87,125,19,38,0.057
structured,3560b91aeb2c1c21,16,75,82,114,133,7,19,0.045
structured,6b02b608ba43a88f,16,70,73,104,120,3,16,0.039
structured,e43dfa7b58e85c3b,16,66,67,100,115,1,15,0.055
structured,916771115894a166,16,44,55,69,89,11,20,0.043
structured,b2ee96d03c75f2bc,16,79,82,117,138,3,21,0.045
structured,d1d1d3d6938e07c4,16,79,82,117,138,3,21,0.053
structured,f2912db7caa9d63c,16,55,62,86,105,7,19,0.04
structured,6b4677c632870a5f,16,59,65,87,110,6,23,0.04
structured,f4fdd887edcb6849,16,78,85,115,138,7,23,0.045
structured,b5c6ee7b01b859d7,16,57,64,84,107,7,23,0.05
structured,69cb5bf588319fe5,16,82,86,125,147,4,22,0.046
structured,e3035dfef3a10a89,16,100,109,146,179,9,33,0.046
structured,2c29b87a51086e60,16,74,85,108,141,11,33,0.042
structured,09e59ea957f53310,16,80,81,121,137,1,16,0.049
structured,27d95e89fb3ce3b9,16,58,61,89,106,3,17,0.04
structured,16d36d5a01924bf1,16,78,97,119,154,19,35,0.055
structured,219d2a444d5e1c8a,16,78,92,117,152,14,35,0.044
structured,a5d01f4281b84c96,16,101,103,149,175,2,26,0.041
structured,06e4b68b9621e29d,16,96,114,143,182,18,39,0.05
structured,8d0548a3a9f630f4,16,75,77,113,131,2,18,0.042
structured,35dfcd990bd77868,16,76,81,112,134,5,22,0.055
structured,2a8b0d5581e930bd,16,66,76,102,128,10,26,0.052
structured,d4a846ac1fb97614,16,77,84,115,136,7,21,0.042
structured,023bb0a94dbcbc3f,16,47,65,73,107,18,34,0.048
structured,ecae958add7eec4d,16,77,81,112,134,4,22,0.044
structured,c93b371c3b0b83d7,16,68,75,103,126,7,23,0.045
structured,6d8fe1475fe7bb5f,16,45,47,69,79,2,10,0.036
structured,141ff3b6e8a5e716,16,77,97,116,161,20,45,0.044
structured,4bd5e06f2ec9ff9b,16,45,47,69,79,2,10,0.044
structured,79a2ea321253b35a,16,92,95,138,162,3,24,0.043
structured,0bb258f3eef8766c,16,67,69,102,118,2,16,0.043
structured,f53ed48deb74fa15,16,62,72,96,125,10,29,0.049
structured,6c65bc7b077a9aac,16,75,88,113,146,13,33,0.063
structured,40b875aa38aab449,16,56,64,85,107,8,22,0.041
structured,4cc03b1cac2c432a,16,75,79,113,133,4,20,0.052
structured,fb6b2ff40087e5e9,16,98,105,146,167,7,21,0.071
structured,926fa769bba0e651,16,45,47,69,79,2,10,0.035
structured,25b520705932d27f,16,77,93,117,147,16,30,0.045
structured,f95aa9eaac1978c7,16,44,52,68,89,8,21,0.046
structured,6e5878f0f6a057a2,16,78,92,118,152,14,34,0.046
structured,fbb02940f1a0e2e9,16,77,88,115,140,11,25,0.044
structured,f8d1ff799672a34c,16,82,86,123,147,4,24,0.054
structured,1375ad7008569de8,16,45,52,71,83,7,12,0.055
structured,5bd644ad662fe390,16,76,77,115,131,1,16,0.039
structured,adacdbe4a874e2bb,16,77,84,115,136,7,21,0.042
structured,24f1e53453702d4f,16,78,81,115,134,3,19,0.04
structured,7409fc6c40e241a7,16,78,81,119,137,3,18,0.046
structured,909374798912b5fc,16,74,75,113,129,1,16,0.043
structured,81bcc38a48e3e8c1,16,80,81,122,137,1,15,0.05
structured,da12d03e1bd1f548,16,86,90,125,147,4,22,0.042
structured,5c566d7c036c3025,16,62,68,97,115,6,18,0.038
structured,d71dccf5cea57781,16,80,82,121,133,2,12,0.04
structured,1ae3107520fd2ed1,16,77,81,112,134,4,22,0.046
structured,b8ff34aac6926416,16,81,89,122,152,8,30,0.049
structured,fc8d0530d07e32d7,16,24,38,40,61,14,21,0.034
structured,cda6ec5e9b2b2725,16,77,84,115,136,7,21,0.043
structured,79e7e27536be7ba6,16,80,82,121,141,2,20,0.044
structured,7890cb1d90dd1095,16,76,81,112,134,5,22,0.044
structured,dbdf7739612a4eb7,16,77,79,116,132,2,16,0.043
structured,3505189b1f10337f,16,77,85,113,141,8,28,0.041
structured,19de62c775474357,16,77,88,116,140,11,24,0.069
structured,8a3b833053be95e4,16,100,101,142,171,1,29,0.05
structured,31236ce1bedd9f1f,16,56,69,86,115,13,29,0.042
structured,941ecbd1bc56f101,16,56,69,86,115,13,29,0.047
structured,356aa1591b37e8c3,16,76,82,116,138,6,22,0.044
structured,8a18c7b7a924fd31,16,77,85,115,141,8,26,0.047
structured,653c3bdcdd1af753,16,96,99,145,161,3,16,0.052
structured,1403dc85c26caf7e,16,78,80,117,139,2,22,0.042
structured,63a0f1b23e1981c7,16,66,70,101,112,4,11,0.046
structured,20184bced03a468c,16,64,73,99,122,9,23,0.066
structured,416595d3228cae8e,16,96,97,138,159,1,21,0.043
structured,bb73b1145501eeda,16,94,105,140,170,11,30,0.047
structured,b3ffb45f75621b80,16,66,75,101,123,9,22,0.045
structured,084d9aba12659c41,16,55,67,84,113,12,29,0.044
structured,6b00dd9424ec9d68,16,77,88,116,140,11,24,0.048
structured,289aed1432e46368,16,58,74,88,117,16,29,0.043
structured,13cc17b8cd740b65,16,55,62,83,105,7,22,0.041
structured,2a9bd18f31d10952,16,44,65,70,107,21,37,0.04
structured,a10291ce7f7c1261,16,87,92,129,151,5,22,0.055
structured,cab35edfe1ddda2f,16,80,97,121,161,17,40,0.044
structured,6033bcd9aec070d5,16,54,66,83,103,12,20,0.039
structured,2e99786f97000321,16,80,82,120,133,2,13,0.041
structured,6e832c5903ab1749,16,77,88,116,140,11,24,0.04
structured,77e622d73f3f1c99,16,67,70,102,117,3,15,0.045
structured,05fe61aa82f2551f,16,64,66,98,113,2,15,0.041
structured,7aca247a3b342b0d,16,79,88,117,150,9,33,0.051
structured,e5791db71ce7854f,16,68,73,104,123,5,19,0.068
structured,d3b19ddffd92b7b3,16,78,82,116,140,4,24,0.041
structured,52d80dcf0c504cad,16,66,67,98,116,1,18,0.039
structured,87b8d94c92183cf7,16,79,88,117,150,9,33,0.041
structured,1339857d0370433b,16,84,95,124,159,11,35,0.056
structured,f8ce3ac0b4e86f6b,16,87,88,129,150,1,21,0.041
structured,20e13e5933ce5f51,16,56,74,86,117,18,31,0.075
structured,41793770a6d7ec36,16,56,58,86,98,2,12,0.039
structured,6c6094698150493e,16,68,71,102,121,3,19,0.078
structured,0953d9aa7fe5de1a,16,76,88,112,150,12,38,0.049
structured,a5125a1fa6d02621,16,67,82,100,135,15,35,0.046
structured,155630bcb364da2f,16,57,65,88,110,8,22,0.059
structured,eb9c7ab7c64bd907,16,78,81,115,134,3,19,0.04
structured,0c06d2b99276a014,16,79,86,120,145,7,25,0.04
structured,d2043070dd71582c,16,78,84,114,140,6,26,0.041
structured,e8046cec044d73f0,16,81,82,122,138,1,16,0.043
structured,a6f4d84c06a4a6e8,16,67,82,99,136,15,37,0.042
structured,8780a79846aa08ff,16,43,54,68,93,11,25,0.036
structured,ebdb91411e3f4f36,16,57,69,87,115,12,28,0.058
structured,425f3f33c5a263ac,16,44,49,68,82,5,14,0.049
structured,17547dd4d34ea2ac,16,96,103,144,166,7,22,0.048
structured,431b6973fef7bd04,16,79,82,118,138,3,20,0.056
structured,2e48f73ba4051ce6,16,78,84,114,140,6,26,0.053
structured,b530e778c3d7cfa6,16,78,93,118,147,15,29,0.048
structured,7714b2d0ae0a9b5d,16,95,101,143,163,6,20,0.068
structured,2c74b1372173d010,16,67,72,104,113,5,9,0.072
structured,b878ddb0aedb90b3,16,79,84,118,140,5,22,0.051
structured,906e350273204285,16,79,84,118,140,5,22,0.042
structured,e25fb2821611327d,16,67,75,102,124,8,22,0.047
structured,d49ff0301799afbb,16,77,82,116,138,5,22,0.042
structured,b6774e95b5e1d936,16,65,78,100,124,13,24,0.042
structured,d5801966c9b26718,16,80,97,121,161,17,40,0.045
structured,34a0baed495d90e7,16,78,84,114,140,6,26,0.048
structured,fb8aceb1c6763e8c,16,56,60,84,104,4,20,0.103
structured,b0a887c797a67b6e,16,67,74,101,127,7,26,0.043
structured,37f4a9ce2e7d4ca4,16,55,58,84,101,3,17,0.045
structured,d5b6e740f3dd6f14,16,79,88,116,150,9,34,0.046
structured,1bf0b1b16893a8da,16,78,93,118,147,15,29,0.042
structured,3ec50c7a5e6af8ae,16,85,88,128,147,3,19,0.046
structured,86acdddd7aafee42,16,79,82,117,138,3,21,0.043
structured,88fbc0864e4ae544,16,37,50,57,85,13,28,0.065
structured,6927f60518f42e82,16,25,33,41,57,8,16,0.037
structured,2e5577c17d88afa2,16,59,65,87,110,6,23,0.04
structured,66366a4982a3dbe4,16,64,70,98,112,6,14,0.043
structured,8228e8f7902513a7,16,75,82,114,133,7,19,0.047
structured,b088f23931ba799f,16,58,61,88,106,3,18,0.044
structured,91a5085457d4e7e3,16,62,78,95,129,16,34,0.076
structured,88073e01636f1d6b,16,76,81,116,137,5,21,0.044
structured,ecfd74b2b44fa1e9,16,57,64,84,107,7,23,0.041
structured,cedaaf80961f1910,16,57,69,87,115,12,28,0.042
structured,0991d7c0d772d681,16,66,67,101,115,1,14,0.041
structured,a5c4f51bd6446186,16,68,78,103,135,10,32,0.05
structured,397a2c43cfff2aef,16,61,78,90,131,17,41,0.04
structured,709fadf585caf958,16,79,86,120,145,7,25,0.04
structured,e44e263f4b872fc3,16,76,82,115,133,6,18,0.045
structured,098f22e634731718,16,66,71,101,119,5,18,0.043
structured,b23958682ea59663,16,76,79,112,133,3,21,0.061
structured,d3d37620a69a49e7,16,57,58,86,101,1,15,0.04
structured,4e05e07ac7bceabc,16,88,93,134,160,5,26,0.041
structured,7a745e52fe06c583,16,66,74,101,123,8,22,0.046
structured,30cfa001f2e20670,16,75,90,112,149,15,37,0.041
structured,e43def7b984b124a,16,100,101,151,171,1,20,0.045
structured,f2ada45ed966fd4d,16,78,93,118,147,15,29,0.043
structured,74cec492c0f656d8,16,102,109,152,183,7,31,0.046
structured,ee2351484967c768,16,88,89,132,151,1,19,0.047
structured,3eca0cdb537bde2c,16,65,76,99,123,11,24,0.068
structured,f34abf4ebe9b1494,16,57,60,85,104,3,19,0.04
structured,6f087e62e39aad07,16,76,81,112,134,5,22,0.039
structured,a8ff9e82505106cb,16,87,88,127,146,1,19,0.048
structured,eaa1aee93e8a9eea,16,77,88,115,140,11,25,0.054
structured,f9f39115c6d5ddfa,16,77,79,116,132,2,16,0.042
structured,755f3980c013f224,16,78,88,119,146,10,27,0.042
structured,4da5fe168fda05d6,16,43,56,67,93,13,26,0.041
structured,e0afe82b7e851068,16,23,33,38,57,10,19,0.038
structured,0c64acb6dfb9ea2e,16,80,86,121,145,6,24,0.051
structured,083a976536b6589a,16,75,82,109,140,7,31,0.044
structured,ca42cafa7e0cec95,16,78,97,119,154,19,35,0.043
structured,c26316354e669901,16,76,82,116,138,6,22,0.049
structured,3a0b646548f322da,16,75,79,111,133,4,22,0.047
structured,c31a16bea81c8b99,16,68,69,106,118,1,12,0.04
structured,cecdf83471904617,16,44,62,70,99,18,29,0.044
structured,8795da4ba4adf853,16,76,79,112,133,3,21,0.042
structured,89d68e2df398a886,16,45,50,71,87,5,16,0.037
structured,ff50703dfc0913b8,16,64,71,98,122,7,24,0.041
structured,6bd284ca7f6efb9f,16,78,80,116,139,2,23,0.04
structured,ceef98d2283d21c6,16,100,103,150,176,3,26,0.051
structured,c82078af514a18a8,16,79,82,117,138,3,21,0.043
structured,0a8ae1849ff81140,16,55,68,85,111,13,26,0.039
structured,b11fbebc27e2aeb3,16,78,95,119,159,17,40,0.039
structured,8c8f535192f0f363,16,79,88,118,150,9,32,0.069
structured,5f1ae9d88a527a31,16,57,64,84,107,7,23,0.061
structured,671a15c05a127c85,16,80,97,121,161,17,40,0.045
structured,54ff58b6ef90eb97,16,99,114,149,182,15,33,0.056
structured,2721d2bf30878690,16,100,105,148,174,5,26,0.046
structured,57cd1f04a6d7557f,16,85,96,129,155,11,26,0.054
structured,5139186ce00acf5f,16,74,75,113,129,1,16,0.063
structured,bcc68cbe9a8a0b6c,16,79,86,118,147,7,29,0.04
structured,dfbe0e6b725afe0a,16,76,81,112,134,5,22,0.048
structured,640a8ebb8e4afc52,16,60,67,90,113,7,23,0.054
structured,0a2950c05d04a84f,16,62,73,97,123,11,26,0.047
structured,a817b5ecb87bf7a2,16,77,81,116,134,4,18,0.045
structured,6ccba32152633181,16,79,82,120,140,3,20,0.043
structured,55cdbc99842231ea,16,77,91,115,145,14,30,0.046
structured,db925673f2ca4187,16,78,95,116,159,17,43,0.04
structured,f43d1f3348841fbf,16,44,60,70,93,16,23,0.05
structured,a2e809370e9c30cf,16,70,71,105,121,1,16,0.042
structured,8654b564b7af7e35,16,80,82,118,141,2,23,0.043
structured,7aae82f784686bd3,16,93,98,140,165,5,25,0.05
structured,18b0ef7e092aa919,16,64,65,99,112,1,13,0.046
structured,c662c33560be8c7d,16,77,90,117,149,13,32,0.046
structured,e61a7a7842470994,16,79,80,120,139,1,19,0.074
structured,8587dd3547bd6712,16,78,80,118,139,2,21,0.051
structured,67ed8e4b7a171613,16,76,88,112,150,12,38,0.049
structured,8bf59631668363b4,16,69,80,103,137,11,34,0.055
structured,91ca83ef13a32496,16,98,99,145,161,1,16,0.047
structured,c003879d1055d165,16,78,93,118,147,15,29,0.039
structured,5efd133a17852f18,16,76,79,109,133,3,24,0.04
structured,733530fec54bf1a1,16,77,82,116,141,5,25,0.04
structured,3563e764110d3f04,16,99,101,144,171,2,27,0.046
structured,0052b98bd5aa91f6,16,100,109,150,179,9,29,0.054
structured,8515d81aba9e1a8d,16,77,86,116,145,9,29,0.042
structured,80acece6cb980b29,16,58,74,87,117,16,30,0.043
structured,48c55f720222f64f,16,42,64,67,108,22,41,0.041
structured,ebb45409e748620f,16,78,92,118,152,14,34,0.05
structured,62564e2aee35812a,16,79,82,118,138,3,20,0.043
structured,41d93712259572dd,16,75,82,114,133,7,19,0.041
structured,a28a99aa94c5f76c,16,78,86,119,147,8,28,0.057
structured,222a6c839ee5b398,16,56,60,84,104,4,20,0.039
structured,cdc638157b4eee74,16,43,47,66,79,4,13,0.053
structured,9a1deba60e5f929c,16,98,99,146,169,1,23,0.053
structured,97b5480f6584dd26,16,75,86,114,145,11,31,0.041
structured,1e7a5d13ead41c13,16,74,77,113,131,3,18,0.044
structured,d6ed1de8200a2ad6,16,79,82,118,138,3,20,0.05
structured,2118925a4d44a594,16,78,84,115,140,6,25,0.043
structured,bebd379f06e8d35b,16,79,82,118,138,3,20,0.048
structured,a585d2e352344260,16,79,88,117,150,9,33,0.047
structured,1ac1960282258164,16,77,81,111,134,4,23,0.055
structured,93040aba3f285a1b,16,79,82,118,138,3,20,0.067
structured,ecfaaf4074c07492,16,58,73,87,121,15,34,0.041
structured,ee9421ec996753d1,16,45,50,70,81,5,11,0.038
structured,f6fae6761e7a1752,16,77,79,116,132,2,16,0.04
structured,cfe400ccb19c664f,16,67,69,101,119,2,18,0.053
structured,9c2dbe60ff6844ca,16,76,82,114,140,6,26,0.043
structured,7bcc9a1707363297,16,79,84,118,140,5,22,0.051
structured,be5a105b245b3145,16,43,45,63,77,2,14,0.046
structured,f69fdccb91b86e5a,16,66,69,103,118,3,15,0.046
structured,907d1f312b7fd170,16,46,57,73,91,11,18,0.042
structured,d07023b716f98c82,16,56,62,84,105,6,21,0.046
structured,4def9042a7a075fa,16,102,103,152,175,1,23,0.046
structured,c058ca12f282d570,16,33,42,52,69,9,17,0.034
structured,cbac89577a28e73c,16,46,51,72,87,5,15,0.04
structured,4882571c515b2cc6,16,46,48,70,80,2,10,0.038
structured,ca79932165b455e5,16,63,68,99,118,5,19,0.044
structured,4a4746c2c52ef1ac,16,76,82,113,138,6,25,0.045
structured,ff44c777958313aa,16,77,88,115,140,11,25,0.043
structured,ddd06b417c2c3334,16,80,97,122,161,17,39,0.053
structured,93e82fa993f35e85,16,85,93,132,155,8,23,0.044
structured,2803f5994468b4a3,16,64,73,97,114,9,17,0.045
structured,a774d6f8b4d13028,16,56,60,84,104,4,20,0.041
structured,497d9cf30e411ff2,16,77,82,113,140,5,27,0.057
structured,0aef94affdf5bfb4,16,76,82,113,140,6,27,0.047
structured,0c2cb220ef7a37eb,16,78,82,116,138,4,22,0.04
structured,ec76ee91b5907fce,16,80,60,119,109,-20,-10,0.041
er,decec0541dc569e6,16,334,116,488,210,-218,-278,0.063
er,d57e268721970dee,16,229,104,341,190,-125,-151,0.076
er,308a01e617f45089,16,621,131,901,246,-490,-655,0.088
er,f2c851ad654f5276,16,456,144,666,266,-312,-400,0.076
structured,6968cb25968f86ab,16,79,65,119,115,-14,-4,0.051
structured,5c9bf855c3058694,16,119,76,177,130,-43,-47,0.044
er,6195c5d1a9abe1d1,16,608,133,888,248,-475,-640,0.099
er,301a125313a30293,16,456,132,666,245,-324,-421,0.078
structured,0fe820f589f7c747,16,78,68,117,122,-10,5,0.044
er,6c9ddbf98716d6d8,16,555,141,813,255,-414,-558,0.124
er,aa08db1449891c6b,16,586,131,847,241,-455,-606,0.089
structured,5fe29800a2d3b732,16,125,80,185,138,-45,-47,0.045
er,f599a12a9a95e708,16,127,84,185,143,-43,-42,0.072
er,227348ad273403ff,16,264,118,402,211,-146,-191,0.104
er,9db13a3e50e9bc85,16,392,129,555,233,-263,-322,0.068
er,ae4bd9610f7b47e9,16,477,139,687,253,-338,-434,0.07
structured,f46e0d8def0dd93d,16,82,58,124,105,-24,-19,0.044
er,45195431a07f36d4,16,497,126,727,236,-371,-491,0.109
er,0567e79129ea9389,16,393,139,570,256,-254,-314,0.07
structured,5da4a63dbf4db893,16,77,68,115,116,-9,1,0.042
structured,65d5c4935cbf151c,16,79,72,119,128,-7,9,0.094
er,504165a75a904879,16,397,136,562,251,-261,-311,0.067
structured,ed664db6b2df40e5,16,121,105,178,183,-16,5,0.046
er,9b7787e15ba08918,16,365,133,543,234,-232,-309,0.083
er,c2ad04125bab05fa,16,359,122,526,228,-237,-298,0.104
er,d90677374175f1d2,16,390,146,573,264,-244,-309,0.071
er,3a52cfe4813a51b5,16,395,125,578,227,-270,-351,0.081
structured,8b5e463251911d55,16,81,69,123,120,-12,-3,0.043
er,aa728470de2e89bc,16,286,127,412,239,-159,-173,0.059
structured,09ed3055fbb003d5,16,99,80,143,141,-19,-2,0.044
structured,ebebbc414e170e09,16,76,55,113,93,-21,-20,0.04
er,c1f2c5d548ed188e,16,452,112,667,201,-340,-466,0.085
er,e708610867d11d67,16,651,143,948,268,-508,-680,0.093
structured,58fd05b4a24530dd,16,98,94,143,160,-4,17,0.054
structured,b3ca5ffe0ae5464b,16,98,82,143,144,-16,1,0.046
er,13f93b18edff1fa9,16,644,130,934,245,-514,-689,0.113
structured,7377652b2a5b214e,16,97,80,139,136,-17,-3,0.046
er,203f1abd46dc0999,16,300,86,435,158,-214,-277,0.056
structured,d6303928ae1735f0,16,106,95,156,164,-11,8,0.045
structured,01411e6321084227,16,78,61,118,111,-17,-7,0.045
structured,e92a84323e1b6c08,16,126,99,183,174,-27,-9,0.047
structured,e98a7c4fdb867e1a,16,78,75,113,129,-3,16,0.041
er,23ff035010adc13e,16,615,139,902,260,-476,-642,0.089
er,cba09fe592d0df84,16,492,147,722,270,-345,-452,0.082
er,f91dff6dbc21f875,16,343,111,496,201,-232,-295,0.06
structured,7d8fad1f3bee6697,16,86,78,130,133,-8,3,0.049
er,c6f830fa9ee6a1c7,16,379,135,542,251,-244,-291,0.066
structured,38d3c5286265b104,16,99,88,147,155,-11,8,0.055
structured,d381f48f8405f624,16,86,82,125,143,-4,18,0.05
structured,a0459d6cbd74c261,16,78,73,117,125,-5,8,0.047
structured,95b40f9a74591083,16,122,72,182,136,-50,-46,0.06
er,6e08f099108075b6,16,504,127,741,236,-377,-505,0.085
er,403e7eecb3fee6a3,16,548,134,808,253,-414,-555,0.097
structured,c8cf3d3e388d24b6,16,119,90,178,159,-29,-19,0.05
er,721571debc29a0ba,16,356,143,506,266,-213,-240,0.07
er,cb2dfce6926607d7,16,304,147,442,272,-157,-170,0.065
structured,2b2c9f74b9a4dbd2,16,82,58,124,105,-24,-19,0.048
structured,57ded5054088854d,16,101,81,148,141,-20,-7,0.05
er,2ec331d6ffd74b4c,16,442,141,633,264,-301,-369,0.078
er,f63ceb06355d491a,16,379,138,559,253,-241,-306,0.083
er,9b67a60baaf86f96,16,474,138,690,253,-336,-437,0.078
structured,c103d97d20b6c72e,16,124,69,184,124,-55,-60,0.041
structured,7e10de0636b8b20f,16,120,92,176,159,-28,-17,0.055
structured,2dcdfe7e454adc3c,16,89,82,134,139,-7,5,0.044
structured,6303dc7ca18fa93c,16,124,94,183,163,-30,-20,0.047
er,95645f9786b73f00,16,454,133,669,235,-321,-434,0.087
er,74aba0c72c722ddb,16,304,132,433,233,-172,-200,0.059
er,1f761bc2824376d4,16,557,143,812,264,-414,-548,0.103
structured,984cf96082023a27,16,99,72,148,131,-27,-17,0.045
structured,2fb6234440836743,16,121,90,177,157,-31,-20,0.045
er,2600903f9030db6a,16,475,133,701,240,-342,-461,0.124
er,29bbfdf1f055429b,16,680,135,983,251,-545,-732,0.091
structured,48c4a84811774902,16,121,107,178,183,-14,5,0.048
er,d75199b1aecc46bd,16,331,119,481,218,-212,-263,0.086
er,66097a6142e81a93,16,498,140,740,255,-358,-485,0.09
er,6baf1f1dfad30cec,16,339,118,488,207,-221,-281,0.062
er,f4a60ec4c4be3808,16,477,134,713,251,-343,-462,0.123
er,82c755593d679b3d,16,401,130,583,244,-271,-339,0.069
structured,41f80a8e78e5d9c9,16,79,72,118,128,-7,10,0.04
structured,fbe03b5e3e5d0883,16,78,65,117,115,-13,-2,0.045
er,fc4e98de7dd84f7d,16,572,116,845,212,-456,-633,0.092
er,dceeeac57e96d5bf,16,508,126,747,233,-382,-514,0.094
structured,e2ed3621ab3d2d26,16,101,79,149,137,-22,-12,0.05
er,b30441ee367e7497,16,709,143,1031,263,-566,-768,0.097
structured,a1318530d53a792b,16,126,78,183,132,-48,-51,0.056
er,cb4e7156aff9ac3b,16,383,123,553,233,-260,-320,0.067
er,36f7a021d15492ba,16,319,127,464,234,-192,-230,0.065
structured,24b87ffd983214a7,16,122,74,178,124,-48,-54,0.043
structured,92f563ee73b86c54,16,90,88,135,147,-2,12,0.045
structured,e0185246ae0c8c5e,16,100,83,145,143,-17,-2,0.054
structured,31112f28b422195e,16,121,90,176,146,-31,-30,0.056
er,fd322a026664c741,16,282,116,426,207,-166,-219,0.079
structured,dee029c3997a6dbc,16,79,64,119,112,-15,-7,0.039
er,de58437f0b530a36,16,527,124,779,235,-403,-544,0.095
structured,2269765c9c3cccd0,16,120,89,179,146,-31,-33,0.053
er,5a6cc6c17536ad73,16,429,132,633,241,-297,-392,0.103
er,25a4a8216eefda3d,16,488,120,707,221,-368,-486,0.07
er,e109d369ad73cc03,16,444,137,643,255,-307,-388,0.073
structured,93aca41f998d062c,16,92,79,138,132,-13,-6,0.053
er,76fc159cf894cbf8,16,435,131,643,241,-304,-402,0.106
structured,1bb7d60cae70ba0f,16,96,88,140,146,-8,6,0.049
structured,f71fe3ec4fb3644b,16,65,56,98,96,-9,-2,0.047
structured,586351edde236a3b,16,102,77,152,135,-25,-17,0.043
structured,cdf8c22ffca31730,16,104,71,153,127,-33,-26,0.043
er,b428656de9bbd38f,16,707,144,1040,267,-563,-773,0.101
structured,aaabef138bdda018,16,118,99,173,168,-19,-5,0.051
er,99c9766f23e92990,16,747,141,1079,259,-606,-820,0.113
structured,811b6cf70452f59a,16,121,73,180,120,-48,-60,0.055
er,e3edd3fd3c8f0ab9,16,250,115,366,217,-135,-149,0.059
structured,49dc4124174fca31,16,101,85,146,146,-16,0,0.048
structured,4a7d7538efebd3c5,16,101,96,150,168,-5,18,0.049
er,5ba9ce7e4220467b,16,493,136,723,249,-357,-474,0.107
er,aeae8168c5bb6da1,16,501,120,748,225,-381,-523,0.096
er,cd0df9071fe5d88c,16,618,137,895,250,-481,-645,0.104
er,8a02284d7c9c40ef,16,359,136,524,247,-223,-277,0.07
er,a49eff4896700a54,16,503,134,729,250,-369,-479,0.08
structured,47832eaf9d220ed2,16,76,72,112,124,-4,12,0.046
structured,23d053abe08757b7,16,121,76,175,128,-45,-47,0.069
structured,71e84d6246b03c3e,16,88,85,131,134,-3,3,0.052
structured,503bd6bf08c5fd6b,16,86,74,127,124,-12,-3,0.043
structured,7b5381fdabc615d8,16,88,68,128,121,-20,-7,0.053
structured,7fa033f2ff46992d,16,95,78,142,125,-17,-17,0.046
structured,2f2d974ef849e82c,16,102,92,149,157,-10,8,0.043
er,516a4804c13e9842,16,299,128,441,232,-171,-209,0.093
structured,ca8ca8e5ca6c7e8f,16,79,64,118,108,-15,-10,0.041
structured,c255cd623c58a386,16,118,77,171,134,-41,-37,0.044
er,070cc58eb73925b8,16,501,131,737,236,-370,-501,0.089
structured,9b07e67dc3878db8,16,101,77,150,134,-24,-16,0.05
structured,b8964b7bff9d753c,16,118,97,175,163,-21,-12,0.066
er,db5582ff4b645397,16,189,93,281,159,-96,-122,0.072
er,3df4451b3dc57109,16,422,118,618,217,-304,-401,0.103
er,52494baafcbadaf9,16,575,128,842,236,-447,-606,0.082
er,c66ebde506b5bf62,16,608,132,881,245,-476,-636,0.092
er,e413f69b8f4ea06c,16,434,133,646,248,-301,-398,0.104
structured,70e7c7812b5f9a4c,16,80,59,121,101,-21,-20,0.044
er,cdd18d05657cd19a,16,385,131,559,239,-254,-320,0.067
structured,150fb6a8df54cc43,16,91,73,132,125,-18,-7,0.048
er,e25c1316eb4351e7,16,359,110,511,196,-249,-315,0.063
structured,e93fe516a316fa1b,16,101,56,147,99,-45,-48,0.044
er,ff3ae46f646c3883,16,479,128,715,235,-351,-480,0.096
structured,c674a7e29965b153,16,119,69,175,122,-50,-53,0.044
er,7adbe64868b7887b,16,696,140,1012,254,-556,-758,0.092
er,22682f319bb00742,16,646,139,946,256,-507,-690,0.093
structured,86df30e54cd15ed9,16,98,83,144,147,-15,3,0.052
er,5912c98081a92d4d,16,305,141,436,254,-164,-182,0.064
structured,3bff2d4462d32d6c,16,88,85,132,146,-3,14,0.048
structured,4283041bb2f1210d,16,102,62,150,109,-40,-41,0.04
er,66394f1852639892,16,364,123,534,222,-241,-312,0.083
er,8f87b1e88573dbf8,16,546,123,786,228,-423,-558,0.121
structured,1eacee239de7021f,16,91,82,136,141,-9,5,0.048
structured,22c7ea8c996c6d3c,16,77,73,110,125,-4,15,0.045
er,90a09b17d525458c,16,350,127,522,229,-223,-293,0.088
er,dbb97cfebe2d3213,16,370,129,534,245,-241,-289,0.073
er,35d7681148e87d08,16,235,137,343,239,-98,-104,0.062
er,424b1d00f3def08e,16,307,132,446,238,-175,-208,0.066
structured,ed04e36d2d9bdb73,16,103,82,151,143,-21,-8,0.042
structured,9fed5bc81a260e0d,16,84,82,129,138,-2,9,0.049
structured,4794cac79fac5e55,16,119,84,175,152,-35,-23,0.045
structured,d596af19c11a09ad,16,80,69,121,120,-11,-1,0.053
er,4e540462ae5752c4,16,376,103,555,194,-273,-361,0.081
structured,d4a5228f41139b3f,16,118,84,175,151,-34,-24,0.05
structured,20bc9b9a59654e93,16,76,73,115,125,-3,10,0.051
structured,ee07778d1c0b56a6,16,99,92,148,157,-7,9,0.044
er,7158810bb08c0429,16,538,134,777,244,-404,-533,0.081
structured,9a9eb8369e227b88,16,56,55,89,100,-1,11,0.046
structured,c3dfbbad8e9da506,16,123,96,182,169,-27,-13,0.05
er,7efdea1e599b6738,16,231,123,345,210,-108,-135,0.075
er,b4e10bd21c0808f3,16,288,118,433,216,-170,-217,0.078
structured,6575d63bafbc6b01,16,65,56,100,98,-9,-2,0.05
er,70b12f1daf146ae5,16,442,126,662,227,-316,-435,0.084
structured,8b3b54c6b187b35a,16,102,71,149,129,-31,-20,0.052
structured,302a8cac3792f909,16,101,82,150,143,-19,-7,0.045
er,3efd890912f5e313,16,665,127,974,234,-538,-740,0.093
structured,e08a85c77b24ec35,16,79,72,117,123,-7,6,0.047
structured,800830076fb6d3d2,16,122,62,182,112,-60,-70,0.048
er,0a2fd6989c929a1c,16,637,142,923,259,-495,-664,0.087
er,6d94d9d7e447c0bf,16,228,101,332,180,-127,-152,0.075
structured,6b32a369da434390,16,96,88,139,146,-8,7,0.051
er,0a3edf5cfceac696,16,461,135,688,243,-326,-445,0.083
er,3d109eec01c73dd7,16,476,143,693,265,-333,-428,0.08
er,0539054e05f4da37,16,445,133,639,249,-312,-390,0.071
er,66223ed5ca0397a4,16,242,76,356,136,-166,-220,0.073
er,eb0e9e3f6fb0da78,16,504,147,733,274,-357,-459,0.079
structured,e641ef88da1448f5,16,90,75,136,131,-15,-5,0.046
er,7f108a23ce975c29,16,307,121,441,220,-186,-221,0.06
structured,97a0ae1b90be7fee,16,87,86,129,148,-1,19,0.086
er,be94a8a2eea5d35f,16,325,131,467,231,-194,-236,0.06
er,c904bd7217a90842,16,678,140,995,258,-538,-737,0.094
structured,b41e991b3c2e5646,16,79,65,117,115,-14,-2,0.048
er,2b6f59bd23fb7d1a,16,307,126,434,228,-181,-206,0.06
structured,7c9689868fd589ef,16,80,54,122,100,-26,-22,0.041
structured,c8d2497c02cdb24f,16,118,97,174,153,-21,-21,0.046
er,4cd64af9d4b46c4d,16,308,129,457,233,-179,-224,0.109
structured,cb7ca6fa13fc4691,16,98,73,145,130,-25,-15,0.042
structured,b8e346473b9d0605,16,101,95,150,155,-6,5,0.066
er,366370c0a4e1bc0c,16,328,131,477,236,-197,-241,0.061
structured,965a2ccd1c8e98cb,16,113,93,165,157,-20,-8,0.046
er,ff2c85727562391b,16,435,134,627,252,-301,-375,0.073
er,0de250ce4377276f,16,579,120,847,227,-459,-620,0.094
er,48fac4cb8659668e,16,471,133,694,245,-338,-449,0.094
er,4276e05a6a8fda04,16,463,138,686,253,-325,-433,0.09
er,6befe19c678039d6,16,571,135,844,246,-436,-598,0.098
structured,71318918a8c5d92a,16,123,98,177,167,-25,-10,0.051
er,56a51c08aa5b555a,16,466,144,668,268,-322,-400,0.074
er,cc088ca4b23ab508,16,406,135,607,252,-271,-355,0.109
structured,2231e7630e2b641d,16,92,88,139,149,-4,10,0.041
structured,2c420cee850c1a0c,16,76,58,116,104,-18,-12,0.04
structured,9d7b1afc6f06c45a,16,99,90,149,156,-9,7,0.056
structured,f23a2be25ca9b8c1,16,84,67,126,118,-17,-8,0.043
er,222a92de9c3da49d,16,665,131,971,245,-534,-726,0.092
er,d975c11c34a7028c,16,188,79,277,144,-109,-133,0.072
structured,2aaeaf3c210b54ff,16,81,48,118,80,-33,-38,0.044
er,036104995fd4935f,16,282,111,412,205,-171,-207,0.057
er,846f6f70d56ac8a9,16,249,106,362,189,-143,-173,0.074
structured,fd56c1cb2d2d572b,16,122,71,177,126,-51,-51,0.047
structured,2abaf6adc3eb5038,16,80,79,116,133,-1,17,0.043
er,3d128a5a4753afe6,16,567,127,825,231,-440,-594,0.084
er,356a5cf505758f9b,16,597,129,857,232,-468,-625,0.108
er,597aaa4a70c2dd88,16,303,123,436,223,-180,-213,0.06
structured,9bacd90ba18e5f3a,16,76,69,114,121,-7,7,0.05
er,2d212a2683a28b30,16,460,145,668,262,-315,-406,0.077
er,77bbb080ad7a10cd,16,350,121,503,214,-229,-289,0.085
structured,f9b9911c137ff93f,16,100,77,149,137,-23,-12,0.043
er,eca4d0af977fa585,16,512,135,760,252,-377,-508,0.108
structured,22d636ff9c2d4e7e,16,100,96,149,164,-4,15,0.055
structured,9b144a6a4e519fa0,16,56,50,84,90,-6,6,0.04
er,e6a4712f53eacbda,16,312,114,466,201,-198,-265,0.121
er,67e4e5663874462a,16,445,118,658,220,-327,-438,0.086
er,0edebe011ab9b0d1,16,351,131,520,243,-220,-277,0.087
er,72fd32f5d3a50901,16,304,133,436,244,-171,-192,0.064
er,c313a7128eb7749f,16,415,140,602,259,-275,-343,0.076
er,7df07fa6e0a58484,16,187,85,283,149,-102,-134,0.068
structured,a88a356e6e654c88,16,87,79,132,138,-8,6,0.052
structured,07a62c4d2d401096,16,91,76,137,136,-15,-1,0.045
er,af545473a6420dea,16,570,136,832,251,-434,-581,0.086
er,057888bc893b7315,16,434,118,632,214,-316,-418,0.073
structured,3ece8373752f6b26,16,120,107,176,185,-13,9,0.052
structured,74bf39982f620d1a,16,98,85,146,144,-13,-2,0.062
structured,09fdedd4c95f308c,16,102,88,152,151,-14,-1,0.051
structured,f6ea08af404635db,16,75,70,112,121,-5,9,0.049
er,2e069b9f30a12a27,16,345,113,500,193,-232,-307,0.062
er,daad459bf43359a6,16,604,124,885,232,-480,-653,0.095
er,e3a89da37f2938dd,16,627,125,913,240,-502,-673,0.155
structured,319e31ae1e6235cc,16,103,79,150,138,-24,-12,0.046
er,9fecb4d06eae57af,16,624,139,918,256,-485,-662,0.122
structured,021e8362993fdc79,16,97,62,145,110,-35,-35,0.048
er,9f6a6abef6e4fff4,16,570,131,837,247,-439,-590,0.105
er,47ef901772e2b481,16,375,113,551,205,-262,-346,0.105
structured,8a385fc800bba2af,16,100,88,147,145,-12,-2,0.047
er,6d0d711351034f02,16,419,132,616,246,-287,-370,0.088
er,8e87f98f40ef0f37,16,671,145,969,267,-526,-702,0.095
er,06bc53ad283e5f42,16,323,132,471,237,-191,-234,0.066
structured,7dfa6fffd27fe30c,16,117,69,170,113,-48,-57,0.04
structured,6e64349972b5a3e7,16,97,83,143,144,-14,1,0.048
er,9ebab68694c07a54,16,477,139,701,257,-338,-444,0.081
structured,399b65bae5479ee4,16,89,77,136,136,-12,0,0.046
er,7d8546362df7592d,16,496,130,721,244,-366,-477,0.083
er,ddb711c49bfefb44,16,595,133,879,245,-462,-634,0.091
structured,3f822517f23e6cdd,16,96,85,138,145,-11,7,0.048
structured,7774de075e9358bc,16,122,101,179,177,-21,-2,0.051
structured,6553887a5d839678,16,97,81,145,141,-16,-4,0.047
er,2e23aac6db8334e7,16,212,89,313,163,-123,-150,0.088
structured,b3fc1bc075cf550e,16,90,78,130,130,-12,0,0.05
structured,e2aa45ceda5071ec,16,125,97,186,172,-28,-14,0.072
er,064510be761cd3dd,16,505,129,742,235,-376,-507,0.085
er,f041ea46ca39faba,16,457,146,669,270,-311,-399,0.077
structured,0a8d9e186778f88e,16,76,69,114,121,-7,7,0.042
er,414af337102b4d2c,16,555,141,818,259,-414,-559,0.086
structured,af3eed68d14140e2,16,100,83,148,145,-17,-3,0.045
er,8ec7e1be79d5c5d0,16,619,134,908,246,-485,-662,0.093
structured,85d7d83cb55f0723,16,99,83,147,147,-16,0,0.055
er,94feafa95912c447,16,297,96,438,174,-201,-264,0.075
er,2ba7db5e6324953b,16,560,144,814,265,-416,-549,0.087
er,a4ba9fc9f29dfab8,16,528,126,773,232,-402,-541,0.084
er,e4fb657d85170de2,16,439,139,647,255,-300,-392,0.117
er,ed315ac6fba3e309,16,364,113,531,200,-251,-331,0.065
structured,6c08076c78790eb1,16,79,73,119,124,-6,5,0.044
structured,ceb5a224c0d714a9,16,121,71,175,126,-50,-49,0.046
structured,871624be4e3d1f36,16,62,38,95,61,-24,-34,0.037
er,b8a75d64fab3b470,16,559,126,808,230,-433,-578,0.079
structured,21c51f4e0810188a,16,123,120,183,196,-3,13,0.051
er,25850f9c949636de,16,288,113,428,201,-175,-227,0.075
er,b2ad90b09bd2243c,16,345,126,504,229,-219,-275,0.08
er,1273811e8daf13ad,16,495,130,718,241,-365,-477,0.075
structured,59832971cc6d5dd5,16,121,84,181,139,-37,-42,0.047
structured,b5203b30ebbc9b00,16,88,78,131,133,-10,2,0.049
structured,ddc8d20f35b3c14a,16,88,84,132,139,-4,7,0.045
structured,57ffb441f1a889a1,16,123,113,180,189,-10,9,0.087
structured,917b1a0430635906,16,78,64,116,113,-14,-3,0.044
er,19af30881cb013bf,16,443,137,653,260,-306,-393,0.11
er,c0872a87be550672,16,555,117,819,215,-438,-604,0.117
er,391526ea6200db07,16,820,141,1188,259,-679,-929,0.123
structured,e396c922356e74df,16,119,93,174,161,-26,-13,0.064
er,c6c910fa98b17e34,16,498,125,725,226,-373,-499,0.09
er,21efff1ce1f0a3ac,16,615,126,896,236,-489,-660,0.088
structured,2742cd5836c0cfc5,16,101,75,148,133,-26,-15,0.049
structured,559d3881d8baeb5b,16,120,98,175,167,-22,-8,0.044
structured,89664bf6a899390b,16,102,70,152,125,-32,-27,0.045
structured,460f9fa1466eec4e,16,120,97,177,164,-23,-13,0.049
structured,8618483d639d2712,16,100,83,143,144,-17,1,0.047
structured,2537508c53b5c479,16,78,75,117,129,-3,12,0.049
er,efddb4ad3d1ec734,16,319,117,473,215,-202,-258,0.106
er,4802c1376c74df85,16,367,125,534,226,-242,-308,0.066
er,55d862db2011b2e4,16,502,147,721,267,-355,-454,0.077
er,9f3c0362bd1632d2,16,432,130,629,232,-302,-397,0.073
structured,6af879ff85245786,16,121,91,176,162,-30,-14,0.049
er,b479fa3b639f89b6,16,375,108,555,195,-267,-360,0.084
er,2525f58dc0403165,16,423,132,634,245,-291,-389,0.088
er,fe83d6f0712117b3,16,482,131,707,241,-351,-466,0.125
er,5f9c15d4e6d03c13,16,353,132,514,241,-221,-273,0.061
structured,7a01560ddeefb3aa,16,102,86,149,148,-16,-1,0.041
er,baf1bf14c079ad9e,16,573,136,838,252,-437,-586,0.089
er,44eedb8168512ffe,16,516,130,765,237,-386,-528,0.086
er,a3835b15d5cc71d1,16,513,128,748,236,-385,-512,0.082
structured,788311a1b20b6e1e,16,76,73,110,126,-3,16,0.074
er,806ddfd8133450e9,16,526,130,779,244,-396,-535,0.091
er,bb0221e5e07a1c10,16,182,103,267,177,-79,-90,0.072
er,4a5f6996ac6be04f,16,336,142,490,252,-194,-238,0.068
er,983c9985a4c83f02,16,420,130,610,236,-290,-374,0.067
structured,2bfdcbf3500ff7be,16,88,54,133,100,-34,-33,0.044
structured,70397667eaa171b7,16,116,104,171,180,-12,9,0.054
er,6d4ed3198b6a1807,16,298,80,436,145,-218,-291,0.083
er,f48178f539bf680e,16,491,141,728,257,-350,-471,0.089
structured,a4126651968ba787,16,124,103,183,181,-21,-2,0.058
er,da34c4b6905b44af,16,224,110,332,195,-114,-137,0.055
structured,0707d51d2036eaf3,16,80,69,119,122,-11,3,0.043
structured,254ca3fb1dfe84ac,16,80,76,119,131,-4,12,0.045
er,bf439fba76fb5836,16,605,127,872,238,-478,-634,0.086
structured,57adf171df01542b,32,180,240,247,375,60,128,0.097
structured,b0dc7c763bb1ea57,32,119,237,171,384,118,213,0.116
structured,f9f06e9484d68839,32,152,157,213,274,5,61,0.104
structured,6bc67169fa3c85c7,32,91,112,130,191,21,61,0.089
structured,60c241325fabe650,32,143,218,199,377,75,178,0.119
structured,0c8842236c30c5de,32,119,185,168,312,66,144,0.093
structured,45f92a441a383279,32,143,234,205,379,91,174,0.1
structured,908db429cbf18d48,32,141,233,204,390,92,186,0.1
structured,7d3c2a4ccf4d4ae6,32,117,182,168,308,65,140,0.247
structured,6b3316236f4ae943,32,145,271,205,432,126,227,0.111
structured,7819f79703137e02,32,169,266,239,434,97,195,0.103
structured,7105e08874b703f9,32,143,241,200,397,98,197,0.098
structured,8a01d291402f6238,32,145,203,203,343,58,140,0.101
structured,5b45287708a69fc2,32,145,147,204,251,2,47,0.093
structured,ae4a2275f14d6ddd,32,153,209,214,343,56,129,0.098
structured,bf5cfdf7bfbe4792,32,223,358,314,567,135,253,0.106
structured,1201d9f1b27836d5,32,121,196,170,321,75,151,0.242
structured,c4b07f1552c2efdd,32,175,326,243,516,151,273,0.105
structured,421ba033e94cf745,32,117,231,165,351,114,186,0.113
structured,951dcfeca0bb8d4d,32,117,191,166,323,74,157,0.109
structured,f247169b38cc26af,32,145,212,204,341,67,137,0.112
structured,b55c5bd939b97b6d,32,171,289,238,474,118,236,0.106
structured,aa9fb32246dcce03,32,171,293,238,477,122,239,0.105
structured,5589a50a23891adc,32,119,211,171,346,92,175,0.092
structured,045336dc52b5b066,32,142,229,201,372,87,171,0.115
structured,a63c25dbcf12bd58,32,175,227,242,390,52,148,0.109
structured,755732e919cc1507,32,147,215,205,346,68,141,0.097
structured,ea75baa7923c5546,32,120,181,169,301,61,132,0.104
structured,6c939b4e3904f8d7,32,90,161,128,265,71,137,0.088
structured,b84b94465991a778,32,119,203,169,338,84,169,0.097
structured,d83bedc0d91cafbb,32,150,222,209,372,72,163,0.106
structured,82ac66fbfacc885d,32,117,173,168,295,56,127,0.109
structured,b18fbc633476d900,32,115,156,164,258,41,94,0.094
structured,457e98f22d1fbcf5,32,147,284,206,445,137,239,0.101
structured,1c760fd3640a8564,32,166,264,235,440,98,205,0.104
structured,7b6dd9b407f740ac,32,167,251,237,419,84,182,0.122
structured,8bbe2ac68b244a76,32,171,322,241,513,151,272,0.103
structured,ec842875cbe90e96,32,117,218,168,358,101,190,0.099
structured,9566cfda7ec77acd,32,147,278,205,448,131,243,0.114
structured,b98f3b8163e71093,32,145,208,204,342,63,138,0.099
structured,f2c69153b2c5aca9,32,119,220,169,364,101,195,0.107
structured,4ebbb51de19a948b,32,117,191,167,323,74,156,0.101
structured,6bfbf7c5e4aaf8e6,32,171,271,242,451,100,209,0.106
structured,0e41f51fc20f673c,32,171,192,236,317,21,81,0.104
structured,f02217c1201e172e,32,145,153,202,256,8,54,0.097
structured,49c2b0eb0ef248fb,32,117,200,168,332,83,164,0.096
structured,68990c81f218dd4a,32,117,204,168,333,87,165,0.1
structured,904e60aef0792590,32,178,260,248,434,82,186,0.11
structured,dff03a147cad25e3,32,121,180,169,287,59,118,0.095
structured,66b24a23ca5c4a85,32,93,132,132,224,39,92,0.09
structured,e03f691fdb97761e,32,148,255,204,425,107,221,0.106
structured,e0497abb255b9931,32,143,251,202,386,108,184,0.238
structured,47f578c324da6810,32,177,273,246,439,96,193,0.107
structured,59c17ec4a64e6d8d,32,169,279,237,460,110,223,0.114
structured,779bb25287350d78,32,143,217,204,364,74,160,0.106
structured,7017fef7af4dc20c,32,171,268,240,443,97,203,0.242
structured,bdc261c2709b14ee,32,166,239,231,411,73,180,0.105
structured,ee2956206cdab75a,32,137,220,196,351,83,155,0.1
structured,c741a7b01b4d50be,32,171,234,238,400,63,162,0.106
structured,8cc6763171ca38f9,32,171,200,240,334,29,94,0.107
structured,2d0dd7364b0baeb1,32,149,209,208,341,60,133,0.103
structured,b8236e8791f3e041,32,167,278,237,447,111,210,0.124
structured,065b00dfb6d08289,32,137,199,198,340,62,142,0.114
structured,b5087be03ab48fc2,32,119,218,169,358,99,189,0.094
structured,21e1bf3c3c1cf47b,32,153,212,214,361,59,147,0.101
structured,e46fbfb8a4a3327f,32,149,187,210,308,38,98,0.253
structured,6dfa1bec6be82616,32,137,207,198,347,70,149,0.104
structured,9d2e3dd6fc69ebee,32,175,254,243,432,79,189,0.106
structured,f553127c6e495354,32,173,262,242,413,89,171,0.11
structured,a714ed2a0231bb41,32,145,217,200,361,72,161,0.096
structured,370ab01cff792c2e,32,145,223,201,375,78,174,0.115
structured,16c53ace6e25f164,32,179,250,248,425,71,177,0.15
structured,74148bfed6f955e0,32,121,231,170,371,110,201,0.096
structured,42f98401b39b3cce,32,143,237,202,393,94,191,0.111
structured,2785f56d466d9f63,32,143,249,200,405,106,205,0.106
structured,638fda925c92b9ef,32,121,211,171,350,90,179,0.096
structured,9c7f4a74df82a3d3,32,177,258,244,403,81,159,0.102
structured,2f04b934f18b5ed2,32,118,176,169,295,58,126,0.092
structured,7df0eec4ee30e289,32,119,177,167,297,58,130,0.098
structured,bc3f58af764a4924,32,119,163,170,283,44,113,0.094
structured,85c5586da13917fb,32,173,273,238,444,100,206,0.108
structured,5a00c1013a62b884,32,171,227,241,384,56,143,0.103
structured,d4d5a4c894eb25f6,32,119,214,168,341,95,173,0.115
structured,c3add9df2b647a62,32,171,266,242,436,95,194,0.105
structured,ccfe1a3cda12d4f1,32,115,191,165,323,76,158,0.099
structured,cd7be3324b0b287b,32,141,227,198,376,86,178,0.094
structured,0e8998e0b7507787,32,167,270,237,440,103,203,0.106
structured,7d1e0ab35e6892e8,32,113,227,161,353,114,192,0.099
structured,16e340a264a28353,32,141,212,199,352,71,153,0.1
structured,8ed558704d72a327,32,152,252,213,408,100,195,0.108
structured,69773948ccc455b4,32,123,155,173,231,32,58,0.093
structured,096238a94381a898,32,173,244,245,402,71,157,0.102
structured,a54a2469df405f57,32,169,194,237,326,25,89,0.129
structured,006dfb9b28f7e16a,32,117,235,168,365,118,197,0.094
structured,87544155aa0d38b4,32,175,247,246,415,72,169,0.106
structured,718a2205b50079cd,32,147,248,206,417,101,211,0.116
structured,7626ff799faa706a,32,115,191,163,311,76,148,0.092
structured,8357f6a423ff0656,32,165,260,235,423,95,188,0.109
structured,acaf0fc80898ab74,32,117,148,165,247,31,82,0.094
structured,73f6501d03454627,32,167,228,237,384,61,147,0.115
structured,6a96a38645d9d317,32,115,160,166,273,45,107,0.12
structured,a48301026e28c927,32,115,184,164,304,69,140,0.106
structured,7610d850b504dce7,32,143,212,201,337,69,136,0.097
structured,25381f71377802c8,32,145,217,205,366,72,161,0.104
structured,e838b78985ff048e,32,117,188,164,319,71,155,0.14
structured,a99830e78850fde1,32,171,235,237,377,64,140,0.117
structured,6557b6ff016796ef,32,174,193,242,316,19,74,0.142
structured,36be7df8b45b6e44,32,115,172,165,293,57,128,0.105
structured,b1b9bfa4c31cb789,32,173,190,243,321,17,78,0.1
structured,79cfbdeddcf4db84,32,175,226,242,379,51,137,0.116
structured,7eb9cbf075ff1105,32,165,259,233,427,94,194,0.103
structured,a056eaab6d9f037b,32,119,231,169,371,112,202,0.096
structured,c5afe3ef6c9ab4ba,32,169,244,239,409,75,170,0.146
structured,14c3e767d097a53a,32,121,238,170,387,117,217,0.101
structured,4c5f3212f29e78a4,32,117,221,168,356,104,188,0.094
structured,f5a079d5ea19eb10,32,177,298,245,488,121,243,0.113
structured,0524cbbe5bb41dd7,32,144,272,202,443,128,241,0.099
structured,d6232a1753d20dfa,32,147,265,206,428,118,222,0.097
structured,48a0022649175e54,32,119,243,167,376,124,209,0.112
structured,ef44ccd0e6782f6b,32,117,217,167,350,100,183,0.1
structured,7e6b4712b845995b,32,169,234,237,398,65,161,0.106
structured,5db91f5a3540b1ad,32,167,224,235,375,57,140,0.127
structured,1e818f7bea96aaa0,32,119,171,171,295,52,124,0.12
structured,995f7e4460e041f9,32,96,161,135,265,65,130,0.091
structured,7530707469712abb,32,153,248,214,417,95,203,0.104
structured,d39e50e23d138777,32,119,132,165,236,13,71,0.223
structured,65e02bcebe1af10f,32,175,265,246,445,90,199,0.282
structured,56f3155c9c76dd5c,32,115,216,166,331,101,165,0.097
structured,034c876b0de4d058,32,115,176,162,300,61,138,0.092
structured,a0c7018ce7591752,32,116,192,165,315,76,150,0.109
structured,541849e70db32c07,32,173,255,243,414,82,171,0.105
structured,9c43094ba2963a78,32,153,301,214,491,148,277,0.105
structured,e5ea19dfdf592b43,32,123,132,172,236,9,64,0.112
structured,17236171d9e2d8d1,32,173,293,244,466,120,222,0.116
structured,70a76b4658f40b39,32,175,316,245,519,141,274,0.128
structured,6e9e5d3125b57cb9,32,145,251,201,410,106,209,0.183
structured,8c7a581d84a1fa62,32,139,202,197,344,63,147,0.11
structured,113b8a8174a5a5ba,32,171,253,242,423,82,181,0.188
structured,3337aaf2d1479f42,32,113,144,159,241,31,82,0.099
structured,5daf2fdc329eae00,32,169,238,238,404,69,166,0.103
structured,22713d02c2c1b046,32,120,219,169,341,99,172,0.097
structured,7a809dcc64c8ce6d,32,173,179,246,319,6,73,0.114
structured,d3e0e53b8c69cc6e,32,146,221,203,375,75,172,0.102
structured,4db7d6217e91dda3,32,143,187,202,302,44,100,0.107
structured,8449d8a9e8e0f219,32,167,257,237,421,90,184,0.129
structured,bee4bf5349529d67,32,124,225,173,362,101,189,0.109
structured,cfbdec349d121909,32,175,267,243,433,92,190,0.107
structured,e2060a95bd2316c8,32,119,243,169,397,124,228,0.102
structured,4f5b4f2dc0449b68,32,92,162,130,267,70,137,0.092
structured,98f504bde0870dc1,32,143,222,201,374,79,173,0.106
structured,d243f8825bf5ca66,32,149,249,205,405,100,200,0.096
structured,03bd4d3bef5c94f5,32,177,238,249,406,61,157,0.109
structured,46924488a35222d2,32,145,267,204,436,122,232,0.102
structured,8208e8719a22aa6e,32,121,221,173,361,100,188,0.095
structured,f6dbec54a28530f2,32,115,227,165,347,112,182,0.096
structured,65da4baf76579bf0,32,175,297,244,484,122,240,0.146
structured,af7f39757860008b,32,139,214,200,359,75,159,0.12
structured,17b6f3e1f0dca2f8,32,138,203,193,314,65,121,0.096
structured,acd2bdb53f84c34d,32,87,136,125,227,49,102,0.182
structured,fa1168a8a396f4c0,32,145,251,202,395,106,193,0.115
structured,bffc736b74d131b1,32,171,272,239,447,101,208,0.104
structured,ad33917605c98743,32,86,128,124,209,42,85,0.089
structured,2bf78de17cbe3fbe,32,175,246,246,415,71,169,0.113
structured,c8c70f80021f0001,32,138,232,198,368,94,170,0.114
structured,abf97bdabd972437,32,173,227,240,365,54,125,0.104
structured,58f500dfa08750fb,32,125,152,176,251,27,75,0.098
structured,5b7fbdbe3b191dfb,32,175,285,244,450,110,206,0.116
structured,f1724883d837c302,32,145,196,203,330,51,127,0.111
structured,736f68dade728cfc,32,147,196,204,317,49,113,0.099
structured,497f941d5ffff834,32,93,154,133,259,61,126,0.095
structured,c1d3f06f09fc64a6,32,177,217,242,363,40,121,0.105
structured,0b6a944e17f26eb5,32,119,223,167,361,104,194,0.097
structured,f773b9396a129753,32,117,208,166,327,91,161,0.102
structured,5b419e40328f4b54,32,139,232,199,392,93,193,0.137
structured,1d90025b5bbf8aa0,32,143,180,202,311,37,109,0.098
structured,d104cf2541a54813,32,143,241,203,400,98,197,0.108
structured,73a63211ed28ef47,32,141,242,199,388,101,189,0.114
structured,f5929bd74d88f8b3,32,89,144,131,231,55,100,0.088
structured,79768e4b7a7469e4,32,173,227,244,374,54,130,0.104
structured,8fb3da1456a25d82,32,143,239,201,398,96,197,0.099
structured,46dad26b2934cf2f,32,119,172,167,285,53,118,0.099
structured,e3ca5f0ed11aab38,32,171,244,240,405,73,165,0.121
structured,7f0e4edc5c9d86d4,32,143,236,202,386,93,184,0.265
structured,5e212549c8cc263f,32,141,159,202,276,18,74,0.1
structured,53a4124c4bb9b272,32,119,205,170,336,86,166,0.124
structured,c8f3713d22e88708,32,147,217,204,367,70,163,0.102
structured,5634e3fe83e66713,32,181,253,250,424,72,174,0.116
structured,f32d4d2ce6d7b246,32,123,217,172,362,94,190,0.127
structured,41c14e99bfd1c853,32,145,263,206,422,118,216,0.099
structured,c99fb959ccc138c5,32,173,231,242,390,58,148,0.109
structured,e6c892ca1fb6a492,32,143,261,202,417,118,215,0.104
structured,0f0dd48fbf40f247,32,119,187,169,315,68,146,0.099
structured,33b4460f5841d913,32,147,260,207,425,113,218,0.145
structured,7950be0b0866f744,32,153,169,212,278,16,66,0.093
structured,79018dd198431534,32,143,224,203,376,81,173,0.134
structured,d216fe169bd47642,32,115,215,166,352,100,186,0.094
structured,deef6aeb62c6a913,32,173,283,243,466,110,223,0.123
structured,e7358e95870189aa,32,171,287,241,448,116,207,0.117
structured,fd1bed76b54ba192,32,142,203,200,326,61,126,0.105
structured,b8cf68ca4f4b9e93,32,171,295,240,472,124,232,0.113
structured,3ce5932ef7bcdc27,32,114,180,163,293,66,130,0.102
structured,619c97dd14273b33,32,141,262,199,409,121,210,0.101
structured,172cb8a300861baf,32,117,190,166,317,73,151,0.103
structured,d5b11288abbe6c9b,32,169,267,237,443,98,206,0.26
structured,bfd25cf5cd1b1529,32,89,160,129,259,71,130,0.094
structured,b13473c292e5b3c1,32,163,197,231,321,34,90,0.113
structured,c439e3c510a488b5,32,143,239,204,399,96,195,0.098
structured,ab75010371ac4b1b,32,169,247,237,407,78,170,0.112
structured,ab2b0f25f52c3443,32,169,248,236,412,79,176,0.111
structured,03dfefc7ef6d3a55,32,149,180,208,306,31,98,0.113
structured,9765234b096d8608,32,117,190,167,313,73,146,0.108
structured,27c579e32cacd878,32,153,218,212,346,65,134,0.096
structured,7f9b3528467f8fe3,32,119,185,170,312,66,142,0.101
structured,7f57c1f1621c1a51,32,145,215,204,350,70,146,0.108
structured,f06a6c0e5c5b5bb8,32,117,208,166,342,91,176,0.228
structured,94930acf175ffe06,32,177,264,245,432,87,187,0.102
structured,30bcdf99fd830990,32,169,191,233,324,22,91,0.105
structured,2c4942899b05cc45,32,147,260,206,432,113,226,0.1
structured,cd0a92afd8f2680e,32,143,144,201,243,1,42,0.095
structured,95aae644e2eb9c45,32,117,204,166,321,87,155,0.108
structured,fe4e4baa52f75145,32,165,259,237,418,94,181,0.102
structured,bd78b7c47b48c4f8,32,115,200,164,320,85,156,0.093
structured,77c8eb8a45c043a3,32,171,264,239,435,93,196,0.111
structured,ba189f5283212a9a,32,175,315,246,512,140,266,0.105
structured,20fbb408133538d3,32,172,308,240,504,136,264,0.108
structured,e7cde3bdf41d9c05,32,165,249,235,411,84,176,0.105
structured,cf22342cafa2d7f9,32,145,264,205,425,119,220,0.101
structured,fd558e0475dea9ca,32,147,249,207,399,102,192,0.108
structured,64adb06680bfe652,32,113,187,164,307,74,143,0.096
structured,bc2883d35bfb3715,32,177,267,244,445,90,201,0.133
structured,2930eedb10fabc87,32,143,250,203,411,107,208,0.11
structured,c310af360f68b55f,32,143,228,202,379,85,177,0.158
structured,39e7007cbf8e38de,32,171,303,237,477,132,240,0.112
structured,e89e15e65eae32a3,32,145,240,206,393,95,187,0.098
structured,4248f5b410fd1deb,32,141,202,203,337,61,134,0.121
structured,0e2437ca23744c26,32,143,186,199,299,43,100,0.102
structured,876cccbfc381a34d,32,171,238,239,405,67,166,0.105
structured,7bb7bb06366024a2,32,176,201,245,349,25,104,0.105
structured,6ee1d5e4fde6ee7b,32,143,211,205,350,68,145,0.26
structured,57ce8ccd1bb87ad0,32,115,202,165,327,87,162,0.309
structured,2943a4222ec6d10e,32,176,218,246,358,42,112,0.234
structured,075d7b8ec2a610b9,32,143,247,201,410,104,209,0.097
structured,26e152da760ce76f,32,143,195,205,331,52,126,0.107
structured,1fd0fb583efe4ec8,32,145,284,203,461,139,258,0.106
structured,0b1e40c2ccd784c2,32,125,217,176,357,92,181,0.106
structured,99b83398628271c2,32,143,183,201,316,40,115,0.1
structured,1656462d77b76ed8,32,165,234,234,393,69,159,0.106
structured,273a7cd0f46bc0ef,32,173,234,242,398,61,156,0.138
structured,1dc7835b68ec5762,32,173,259,241,421,86,180,0.102
structured,9ad702d6cd9d7d37,32,89,152,129,252,63,123,0.099
structured,a30e7f379f180210,32,119,231,170,367,112,197,0.094
structured,ad7a57d79ce189bc,32,175,251,244,412,76,168,0.117
structured,903e2b9e85963ab9,32,149,265,211,428,116,217,0.099
structured,5517979d9f2c8cb2,32,115,152,163,242,37,79,0.237
structured,6e4e1e9ea944148f,32,139,258,194,418,119,224,0.095
structured,127dd33a13db2fee,32,147,244,206,411,97,205,0.1
structured,4f8653a3fc695d36,32,175,292,245,485,117,240,0.116
structured,3a8e84051eef776b,32,121,196,170,321,75,151,0.095
structured,61b7dbcf00bd9e89,32,167,266,239,430,99,191,0.144
structured,a6b5265ec8bc4d28,32,95,180,136,297,85,161,0.093
structured,bf2e11febcddbfe1,32,115,180,163,293,65,130,0.144
structured,f064b6e1afb771d7,32,145,234,207,393,89,186,0.098
structured,87380e3c058dcd43,32,147,201,208,345,54,137,0.104
structured,1c5f4773a18acd95,32,175,257,242,422,82,180,0.143
structured,81c9ef4adb3564d4,32,147,235,204,385,88,181,0.111
structured,1589974dc46a8efc,32,121,170,171,287,49,116,0.094
structured,80be94c461734d33,32,147,243,207,406,96,199,0.108
structured,1946dac6b3f2a6f3,32,175,259,247,432,84,185,0.104
structured,c203075c6be26e97,32,117,203,165,318,86,153,0.096
structured,1d7dd9931d5fe301,32,149,233,210,369,84,159,0.114
structured,895bccb95fcfdf67,32,116,196,165,319,80,154,0.127
structured,6443bb510dea0aa4,32,139,224,201,365,85,164,0.098
structured,71d33212c2e632a3,32,145,245,204,383,100,179,0.1
structured,daed2e6f83842e88,32,119,182,169,309,63,140,0.112
structured,6055cfbe74fbf88f,32,147,217,208,351,70,143,0.102
structured,2391d32d45b3c248,32,146,197,206,336,51,130,0.103
structured,f88563475fd319b3,32,116,181,165,299,65,134,0.108
structured,cc7e357019c95231,32,145,235,203,387,90,184,0.226
structured,34e55767ae34bc99,32,147,208,207,345,61,138,0.111
structured,eae3edc12ecf32f7,32,143,240,203,383,97,180,0.103
structured,06f27281d3fb3eeb,32,115,176,165,297,61,132,0.098
structured,3fd43aa694138f5a,32,145,248,205,395,103,190,0.104
structured,cd5a4ad579234c13,32,123,172,173,283,49,110,0.106
structured,48608a6315156032,32,147,203,208,336,56,128,0.097
structured,a2a9b901ab11d259,32,177,265,245,437,88,192,0.102
structured,4cb823f795988413,32,121,140,169,245,19,76,0.248
structured,e8990a8dce94a4aa,32,89,152,129,252,63,123,0.101
structured,d950346889df72cc,32,123,127,173,208,4,35,0.215
structured,7c678a3dec5c25b7,32,160,236,225,399,76,174,0.124
structured,e6ecae0653c80728,32,148,243,203,386,95,183,0.111
structured,fcfa54dd2893cb24,32,120,187,170,310,67,140,0.094
structured,8c9e26ec32b75895,32,147,184,205,301,37,96,0.118
structured,c78a9d4be9048d3a,32,175,225,244,379,50,135,0.106
structured,318045725d27ecf4,32,115,192,165,313,77,148,0.107
structured,518b5b9cbfb55eea,32,171,303,241,478,132,237,0.109
structured,e33b4dde50843ca2,32,119,219,170,353,100,183,0.102
structured,33bdb531c55a26ca,32,171,271,241,438,100,197,0.249
structured,a0ff2be2f79c91fa,32,171,260,240,416,89,176,0.3
structured,37a56f5e15d3cfb4,32,140,190,200,322,50,122,0.261
structured,9698e16b9e89ab7d,32,145,243,205,396,98,191,0.098
structured,9022f1dd5d74483b,32,143,264,200,421,121,221,0.112
structured,89445d8b2a6f4e55,32,121,139,172,233,18,61,0.088
structured,f2b92a81a7f3ac82,32,119,245,167,389,126,222,0.097
structured,f9b03e3d7236a77d,32,114,202,163,327,88,164,0.103
structured,98371a0c7b2f78bc,32,169,260,239,421,91,182,0.109
structured,772f9dd2a8a6bb1c,32,141,212,202,337,71,135,0.094
structured,d4a3f8748fc46c6c,32,173,237,243,408,64,165,0.117
structured,44a7e3c388923d52,32,141,188,201,300,47,99,0.099
structured,157a22de0daa3361,32,117,144,166,237,27,71,0.098
structured,6b38260a512de359,32,119,163,170,277,44,107,0.094
structured,bbdd63a5f59de7a2,32,93,154,133,259,61,126,0.09
structured,42351a14c3a60933,32,169,247,237,405,78,168,0.108
structured,a1d9164548237a3a,32,169,260,236,422,91,186,0.106
structured,4af92fe4169c4ab8,32,145,229,204,374,84,170,0.097
structured,579d317c84b52da1,32,139,223,197,367,84,170,0.108
structured,0fdb2835d5151aee,32,149,222,211,377,73,166,0.28
structured,6c9037bae5e13a3b,32,143,246,203,409,103,206,0.112
structured,053a794474975f2b,32,138,216,196,355,78,159,0.101
structured,edff033f3204ae7d,32,119,180,169,306,61,137,0.096
structured,832444c734b36d88,32,171,277,240,455,106,215,0.103
structured,89b73bb3d6b018ea,32,145,203,206,336,58,130,0.1
structured,8a133d09971eaec3,32,135,199,193,328,64,135,0.118
structured,ed38d2552125b995,32,166,297,237,475,131,238,0.117
structured,cfa6d3bb79535076,32,138,231,197,366,93,169,0.107
structured,f955414b322896f6,32,169,320,241,501,151,260,0.103
structured,6bd24a7d295012d8,32,169,238,240,397,69,157,0.266
structured,bbe5ea6e58d26351,32,135,218,193,364,83,171,0.095
structured,b486a7cb6668e2f9,32,171,286,240,470,115,230,0.111
structured,0b246e519380e099,32,91,129,130,209,38,79,0.235
structured,f44b1e556ab9bec5,32,169,246,237,412,77,175,0.131
structured,2ad23c8af7843ec7,32,171,319,241,519,148,278,0.114
structured,674bab7d9087bf50,32,123,217,172,362,94,190,0.101
structured,b8b8745caef6288c,32,169,272,240,450,103,210,0.106
structured,bb5a82b62b535d56,32,119,184,169,301,65,132,0.097
structured,58a176f55e75f544,32,123,204,174,334,81,160,0.113
structured,3db9070782951e95,32,147,216,208,354,69,146,0.257
structured,96eb9669d5f8674d,32,154,184,216,302,30,86,0.094
structured,45c0a850ba9b3d32,32,94,154,132,259,60,127,0.098
structured,06c0e592411ac087,32,173,244,241,404,71,163,0.105
structured,31fbe903ba1019f4,32,112,181,163,293,69,130,0.095
structured,c0443078a0fd2c30,32,173,247,241,415,74,174,0.287
structured,328e4f4d38ef51de,32,119,196,167,329,77,162,0.218
structured,cdb86052375e5af3,32,177,188,244,320,11,76,0.101
structured,03ec90b865468875,32,145,228,203,391,83,188,0.118
structured,acc697495d3fc284,32,177,221,243,380,44,137,0.108
structured,a31595baa348d4e4,32,117,160,168,259,43,91,0.093
structured,90a4f82391d8480c,32,151,303,212,483,152,271,0.098
structured,b68d2f8b980341c7,32,173,278,243,465,105,222,0.172
structured,6260875611e84933,32,123,165,173,279,42,106,0.102
structured,bb02e56a33537b82,32,173,285,238,468,112,230,0.113
structured,f3fa3c1966bda54d,32,147,278,208,445,131,237,0.117
structured,ecbbc69a8cc99acd,32,143,244,199,412,101,213,0.109
structured,fec8ae734b1dab56,32,137,243,199,402,106,203,0.128
structured,5f7160e2ad005008,32,145,175,202,276,30,74,0.097
structured,3d71f71d60d35b7b,32,149,204,209,354,55,145,0.118
structured,651ef44b2d2d0cb3,32,141,234,198,382,93,184,0.104
structured,a284527f22d26176,32,166,209,234,338,43,104,0.109
structured,6635d524c0a0e16f,32,123,193,173,321,70,148,0.097
structured,97c58363652313fe,32,121,213,169,349,92,180,0.099
structured,59da615698f045bd,32,146,247,204,417,101,213,0.113
structured,48394fdaeb0e9348,32,119,189,169,311,70,142,0.099
structured,e90a24efc81d5056,32,116,171,167,269,55,102,0.112
structured,73b3c1fa1469405f,32,175,199,245,319,24,74,0.107
structured,2e3d60e4e3551877,32,173,244,241,415,71,174,0.103
structured,7f64644dee59c7ff,32,112,192,157,309,80,152,0.095
structured,1065cdd12f50d2b5,32,121,216,169,359,95,190,0.092
structured,24825294e570b997,32,149,194,208,310,45,102,0.096
structured,f514dbb22f71119f,32,121,140,171,218,19,47,0.104
structured,657259b9ae2f1663,32,167,199,233,333,32,100,0.102
structured,621fbf5f6f531f6f,32,142,178,204,311,36,107,0.098
structured,8385a8696c433969,32,149,212,207,333,63,126,0.092
structured,4de1fa8ded668a22,32,176,212,247,368,36,121,0.121
structured,f2e0ec4f1668044b,32,174,279,243,463,105,220,0.105
structured,e474f4f006e738eb,32,117,218,168,358,101,190,0.121
structured,db4b59440982359d,32,173,280,244,461,107,217,0.284
structured,dfc86de1deaf62dd,32,119,204,169,337,85,168,0.096
structured,7cf8a89cdfcebaf5,32,145,272,207,441,127,234,0.101
structured,f58b026ea3f483eb,32,147,254,207,409,107,202,0.108
structured,f29ba7101e1a5f6c,32,119,243,168,376,124,208,0.098
structured,bd854d360a889930,32,141,259,199,397,118,198,0.16
structured,bb80df188ac18201,32,169,286,238,462,117,224,0.106
structured,3afa6bf210007ccb,32,121,175,168,289,54,121,0.098
structured,3890d9bfd1cbd816,32,143,220,203,371,77,168,0.103
structured,b44f59e0cf26399c,32,169,213,237,365,44,128,0.106
structured,980bc54535cb481a,32,119,229,169,360,110,191,0.092
structured,e01efd0dcdfb64a9,32,141,180,198,295,39,97,0.096
structured,84767208925916ea,32,171,246,240,401,75,161,0.114
structured,9793b0407181bbd1,32,141,268,203,411,127,208,0.098
structured,5d33d100c5e5efff,32,141,191,199,325,50,126,0.113
structured,0567305792ed5364,32,173,307,245,481,134,236,0.112
structured,e951759ee9b59e4e,32,119,160,170,269,41,99,0.107
structured,fd3c0a2e09124d77,32,121,251,171,402,130,231,0.109
structured,6b48b9612daf17f9,32,121,209,172,331,88,159,0.092
structured,1bf8140c7681b1c7,32,171,246,242,418,75,176,0.123
structured,7dc5b98902072085,32,116,215,165,340,99,175,0.096
structured,1d783803c32b0349,32,141,239,199,379,98,180,0.272
structured,a9252e6d0127aea6,32,121,180,170,298,59,128,0.101
structured,aaa785828f13bf54,32,95,124,135,215,29,80,0.096
structured,8ae8ab9ab9038994,32,121,136,171,211,15,40,0.086
structured,50a489d425bf7e59,32,115,176,165,295,61,130,0.097
structured,13e21beec9d27c76,32,120,170,167,286,50,119,0.097
structured,007981f27520c08a,32,141,208,201,355,67,154,0.235
structured,5000ee833e218cf5,32,143,234,203,383,91,180,0.108
structured,868d8ac0f6fa15d4,32,173,206,244,352,33,108,0.107
structured,ded350ea2d32690a,32,119,216,166,355,97,189,0.099
structured,12b1bf32e1c1e99a,32,169,211,236,335,42,99,0.107
structured,9ddd012ac8fcdcce,32,117,156,167,268,39,101,0.097
structured,47aac9697cb79f15,32,137,197,196,340,60,144,0.129
structured,82ea7da5820806cc,32,115,213,165,332,98,167,0.097
structured,c7e9255cf141d32b,32,147,217,208,370,70,162,0.243
structured,5a4b517872e5ff4c,32,117,199,165,322,82,157,0.104
structured,cf898edf03ccac0e,32,97,100,138,157,3,19,0.086
structured,694af8ea98970f5a,32,90,149,129,252,59,123,0.087
structured,19ae0a66c62d867d,32,142,282,204,451,140,247,0.132
structured,bc21217a521ed63c,32,113,179,164,301,66,137,0.116
structured,d671dcaa528d1e3d,32,141,244,199,402,103,203,0.109
structured,a41d2c95c20e777a,32,175,286,246,465,111,219,0.102
structured,ba4db674e020ce16,32,151,205,211,354,54,143,0.1
structured,1fbd909da500e38d,32,171,238,241,396,67,155,0.109
structured,216596d5087e7ab4,32,143,195,202,336,52,134,0.113
structured,fde7b4715dbe19dd,32,119,236,169,377,117,208,0.125
structured,561eac6d4b64a267,32,145,206,205,352,61,147,0.116
structured,05382636962bc8af,32,169,217,241,373,48,132,0.124
structured,61aac18c2cdc1a09,32,121,162,171,277,41,106,0.091
structured,d270ff70249c4b11,32,121,184,170,311,63,141,0.107
structured,d1b0dcd68aa5e6c7,32,143,223,204,363,80,159,0.115
structured,7028182fe7aa2eab,32,119,222,168,365,103,197,0.194
structured,3f1f62d2a700c1c2,32,119,191,168,317,72,149,0.102
structured,14ec141f38a97cca,32,143,179,204,311,36,107,0.101
structured,efb81486607dd877,32,121,225,169,357,104,188,0.096
structured,43e10f919258d112,32,169,216,235,376,47,141,0.103
structured,13cec5ca16f61bdb,32,125,217,176,357,92,181,0.146
structured,6c60e6eb1b77107e,32,117,224,167,355,107,188,0.098
structured,ac270715640b8d40,32,179,245,248,413,66,165,0.119
structured,742a75158a4cf7aa,32,167,263,236,445,96,209,0.114
structured,2b13be94f764ea3e,32,179,293,249,485,114,236,0.107
structured,901c18e2773420aa,32,165,208,232,352,43,120,0.109
structured,eea744f5f1052260,32,167,283,236,450,116,214,0.129
structured,1b1c61766963052b,32,141,196,200,333,55,133,0.103
structured,7797a7dcdc15f2f4,32,167,262,235,424,95,189,0.102
structured,86d8fd3f71ae41ac,32,169,280,239,454,111,215,0.129
structured,ece37da986c0b1e6,32,118,213,166,335,95,169,0.125
structured,1dd3afb4e756857c,32,141,238,202,398,97,196,0.111
structured,903f9e8bd8c8dc4f,32,117,192,168,319,75,151,0.096
structured,f1c3a10ed16be984,32,175,251,247,413,76,166,0.106
structured,651332e006f60291,32,171,270,241,444,99,203,0.112
structured,e1641e7014246b45,32,119,164,167,276,45,109,0.1
structured,df3bbb9bc77a3d25,32,145,253,205,418,108,213,0.099
structured,937e102143f4dbea,32,158,165,219,273,7,54,0.091
structured,eac4fae149eb5ab4,32,139,215,200,343,76,143,0.104
structured,f2f5b1384d0a6460,32,141,247,199,395,106,196,0.097
structured,56f180d6a37f96f3,32,111,213,161,332,102,171,0.097
structured,14a944c61a1b6884,32,171,290,239,474,119,235,0.11
structured,ce818692773ad450,32,163,263,232,422,100,190,0.245
structured,0d52e8d46d9bb1fd,32,121,162,170,277,41,107,0.101
structured,2a05afe95e3cc51a,32,92,164,130,266,72,136,0.094
structured,c8990baba93da81f,32,173,238,240,395,65,155,0.105
structured,842ec94ad1ae3c07,32,169,291,241,473,122,232,0.107
structured,10c68514f1b65138,32,171,303,242,478,132,236,0.118
structured,e18406f5b7b962e6,32,145,181,204,292,36,88,0.092
structured,b6bd5b8d9eb85293,32,143,196,205,335,53,130,0.103
structured,85dd00f8dfeb15da,32,173,239,243,407,66,164,0.107
structured,91fc89acf7e583c3,32,123,196,174,329,73,155,0.096
structured,c09760bc4bbf16df,32,171,310,239,517,139,278,0.124
structured,c41f6348942c8a87,32,147,204,208,341,57,133,0.1
structured,06690436e2e9623c,32,121,180,170,287,59,117,0.271
structured,cd5684bbf0875e81,32,167,265,238,424,98,186,0.103
structured,b91316ce75bff4ab,32,122,198,170,333,76,163,0.096
structured,ec4126cf96341c22,32,154,193,213,289,39,76,0.092
structured,cfaf5400e6c5c098,32,147,169,209,294,22,85,0.103
structured,192933be2d5b1880,32,143,252,200,393,109,193,0.137
structured,ee29b5e1ac5f5099,32,114,146,163,243,32,80,0.095
structured,0681237cb627c5fa,32,143,224,201,378,81,177,0.123
structured,fe0b18a459eb51a9,32,169,237,240,385,68,145,0.125
structured,bf958ca1df9a379e,32,149,205,208,340,56,132,0.098
structured,aece1ab99f04e524,32,151,303,211,481,152,270,0.167
structured,48f2383c5ca10857,32,123,180,173,308,57,135,0.104
structured,7109ae6c58eaf083,32,121,156,172,229,35,57,0.102
structured,b08c62de098ffb68,32,149,260,209,413,111,204,0.098
structured,b68038d53e9f9c00,32,92,155,130,258,63,128,0.099
structured,f1e4059f2b592994,32,147,266,209,431,119,222,0.11
structured,aca73b10639ab163,32,175,199,248,314,24,66,0.103
structured,a5cc6b451170f9d9,32,147,274,207,431,127,224,0.1
structured,14230a6e122ab396,32,165,247,237,418,82,181,0.117
structured,4435cfcf73832502,32,113,220,163,345,107,182,0.107
structured,363b6f54ac23590d,32,117,235,167,351,118,184,0.1
structured,687fe8f297f3c013,32,119,162,170,277,43,107,0.097
structured,059601465fc5389c,32,93,172,134,273,79,139,0.091
structured,3734f2a198a3336e,32,119,167,166,283,48,117,0.123
structured,ed82eaa6327af06c,32,141,239,199,386,98,187,0.108
structured,761006ec54b2222e,32,145,272,204,428,127,224,0.292
structured,e6675d80a1136bc8,32,145,222,202,379,77,177,0.109
structured,d73b363035c66832,32,119,235,170,365,116,195,0.093
structured,aa8989d9c1d4659c,32,121,221,172,351,100,179,0.112
structured,680a566b6a02881f,32,147,173,207,270,26,63,0.095
structured,3ee1c1e9579789eb,32,167,237,235,402,70,167,0.106
structured,c25ecf2245e04463,32,147,211,206,349,64,143,0.246
structured,588f03914683e8b7,32,119,247,170,389,128,219,0.094
structured,0f30c8d3b76d376b,32,119,219,169,350,100,181,0.093
structured,f9faa0aa5d1b30b3,32,117,229,166,375,112,209,0.097
structured,9e89a4541e27836c,32,143,179,204,311,36,107,0.103
structured,c3cbbbe98aa5ac15,32,125,163,176,257,38,81,0.099
structured,d49756c56091fb6d,32,165,237,233,363,72,130,0.102
structured,e55a16e8bf2e62f1,32,143,217,201,354,74,153,0.102
structured,328f28fbf981cda7,32,117,200,166,320,83,154,0.097
structured,afe594d3c4d12b6a,32,173,267,241,444,94,203,0.12
structured,f63cc8e318d8d76b,32,145,208,206,342,63,136,0.106
structured,e4c394097bc36169,32,169,262,241,428,93,187,0.108
structured,9d465ca881a5e645,32,147,244,207,403,97,196,0.102
structured,d25de3863319ca77,32,145,237,206,399,92,193,0.113
structured,45cb777d93aea2e6,32,139,155,198,258,16,60,0.108
structured,277b8d0636f37620,32,115,187,165,310,72,145,0.094
structured,e3539caa77f8ad27,32,117,206,166,332,89,166,0.099
structured,0816993ae63dab9e,32,171,249,239,430,78,191,0.105
structured,f5cefa350bf655e0,32,171,232,243,373,61,130,0.11
structured,0bcb51829f30bd4e,32,147,190,206,327,43,121,0.129
structured,9cc5ad106f9bf419,32,119,177,168,301,58,133,0.094
structured,2476ead4012ecd67,32,146,212,206,355,66,149,0.098
structured,c68e66ccf2781265,32,141,213,202,353,72,151,0.099
structured,e673f3d91ead48dd,32,141,247,202,386,106,184,0.106
structured,e3b75c2bba274c6d,32,139,204,198,336,65,138,0.097
structured,b006b9c623f6d7a5,32,171,289,238,479,118,241,0.103
structured,2cf2cdbda1f11ddc,32,149,303,210,480,154,270,0.114
structured,f77f7b187d7eda18,32,93,149,134,252,56,118,0.097
structured,98567fcf351de8f8,32,141,236,202,380,95,178,0.106
structured,dbaf12b57a1ef9fd,32,143,265,202,403,122,201,0.109
structured,9a05057355cc758a,32,145,239,206,388,94,182,0.106
structured,f2f0cd7d294ca879,32,143,229,198,377,86,179,0.266
structured,55d2423753895876,32,119,210,168,331,91,163,0.1
structured,dccd01a6bce52ed0,32,143,225,203,361,82,158,0.289
structured,f7a6f1caa10db983,32,178,219,245,374,41,129,0.111
structured,74adf4dab9dad975,32,121,196,171,309,75,138,0.099
structured,916aabb2d0085996,32,113,143,162,233,30,71,0.126
structured,979a4c2665ae38b6,32,145,276,203,419,131,216,0.103
structured,06a791e36b0d3eec,32,119,222,168,370,103,202,0.101
structured,1126d0eb7380f290,32,123,221,173,361,98,188,0.097
structured,b22f0a9ab5950d11,32,121,128,171,206,7,35,0.104
structured,c8e2af6028f8e0f8,32,119,167,169,283,48,114,0.096
structured,8def0bd00329433c,32,141,176,198,291,35,93,0.095
structured,7be1b27a809b3c86,32,165,271,234,458,106,224,0.272
structured,3a77a11a8b08213a,32,93,187,134,305,94,171,0.097
structured,aa9eea728fd35fe1,32,175,185,245,313,10,68,0.149
structured,80e6046bee330458,32,152,196,213,323,44,110,0.099
structured,169b891388fca121,32,137,216,197,348,79,151,0.102
structured,b18f5e96c181a862,32,119,212,168,334,93,166,0.103
structured,4e97fa83a614b575,32,167,251,236,422,84,186,0.104
structured,21adbacdf785102c,32,119,176,171,291,57,120,0.12
structured,3a890750bd702b1f,32,171,236,240,399,65,159,0.109
structured,312916bbf0461377,32,115,139,163,230,24,67,0.094
structured,efd49e626d872459,32,141,231,201,374,90,173,0.103
structured,de1bb341b366a1f7,32,175,224,247,387,49,140,0.103
structured,3a2d830dcea086d7,32,173,290,244,466,117,222,0.12
structured,da6583904b344ac3,32,177,268,248,400,91,152,0.102
structured,ae7bd42e2d48f8bc,32,93,177,132,289,84,157,0.091
structured,ba3fd9648982aacd,32,163,250,231,425,87,194,0.103
structured,688ac33b3c65456a,32,145,261,206,418,116,212,0.101
structured,4c45a368c4b0bf63,32,143,202,201,313,59,112,0.099
structured,2ec3493ae9fe7a0d,32,117,177,166,299,60,133,0.095
structured,3dc64a43d7117c80,32,166,214,240,350,48,110,0.24
structured,ed35423761a02707,32,115,214,163,341,99,178,0.099
structured,07741f38b0c9957f,32,176,187,249,314,11,65,0.107
structured,a662c4ed6190617b,32,149,165,208,290,16,82,0.108
structured,4e8b16848e12b4ed,32,144,249,205,391,105,186,0.103
structured,0ecf1e8baa0fad34,32,147,227,207,376,80,169,0.099
structured,7691a94edc5d6e62,32,115,202,164,327,87,163,0.101
structured,06474615a5fee073,32,178,221,249,356,43,107,0.098
structured,e366271d8463e8e7,32,145,206,204,345,61,141,0.105
structured,badacc8346541c95,32,121,248,172,407,127,235,0.096
structured,27989d6055bbf4b5,32,171,289,239,472,118,233,0.108
structured,1ac9c978bc0cb2f8,32,117,199,166,325,82,159,0.096
structured,39ade84eaada1873,32,117,187,166,310,70,144,0.1
structured,869652b9c501da24,32,143,229,203,374,86,171,0.105
structured,fe27954b9317ad78,32,149,199,209,338,50,129,0.098
structured,48d581402bef21b2,32,117,165,165,280,48,115,0.124
structured,32bec60d8b8f092d,32,143,241,202,394,98,192,0.118
structured,6c15a639e3e08cc6,32,145,244,203,397,99,194,0.11
structured,2bd3d42a2aa5b4d3,32,145,284,206,461,139,255,0.098
structured,aa95dc05afe82280,32,145,186,205,322,41,117,0.112
structured,408e4734348f20b9,32,143,287,202,468,144,266,0.1
structured,ae40360c2a737b45,32,169,240,240,385,71,145,0.103
structured,8666af0cec897ae1,32,119,160,171,269,41,98,0.103
structured,bad4f9f12c6edba7,32,158,194,227,323,36,96,0.111
structured,7909fd80eb032d42,32,167,223,234,365,56,131,0.119
structured,773ce89d17de68d3,32,113,208,165,341,95,176,0.114
structured,7c69fcb68439d49e,32,174,256,240,427,82,187,0.11
structured,e6f46556f30111aa,32,149,253,210,410,104,200,0.104
structured,3c3ca167bf285f59,32,95,180,134,297,85,163,0.095
structured,bbde461aeeed4469,32,141,203,200,343,62,143,0.104
structured,c8bf20334e21e5a4,32,148,255,206,426,107,220,0.102
structured,0247a8d9da9452b6,32,177,263,248,449,86,201,0.116
structured,65f1b62e8304f272,32,141,227,202,372,86,170,0.105
structured,a986cf94f90cb764,32,143,235,204,390,92,186,0.099
structured,53164ce3bb380435,32,119,216,168,345,97,177,0.138
structured,2facc6cc52e14ff9,32,143,207,203,353,64,150,0.1
structured,a85c9bb13ee03a1c,32,177,232,248,394,55,146,0.118
structured,93fcb933078d64de,32,170,251,240,394,81,154,0.098
structured,e8fd5d8b474f68c7,32,167,247,234,414,80,180,0.108
structured,0f3281aa79892711,32,117,182,167,308,65,141,0.093
structured,0e22b8371849a2c4,32,145,198,202,340,53,138,0.104
structured,a4b9199907c888e5,32,145,267,203,419,122,216,0.304
structured,006a1279c2c910fe,32,118,185,168,299,67,131,0.092
structured,df561974f262324e,32,115,202,165,327,87,162,0.097
structured,d1cccfc83c85b3a6,32,169,243,239,413,74,174,0.103
structured,c89c24604b28c285,32,177,292,245,479,115,234,0.107
structured,93ed66a8c87834e5,32,147,221,208,357,74,149,0.103
structured,1a80d281f5830a68,32,171,205,240,357,34,117,0.113
structured,550c43cb0bad3f20,32,169,260,239,433,91,194,0.123
structured,12127c747b18d1ad,32,171,286,237,477,115,240,0.102
structured,1b42fbe97379dfd2,32,147,240,207,379,93,172,0.107
structured,4edaa992125613e7,32,139,196,200,331,57,131,0.096
structured,ce5a9dcfa9cea724,32,117,190,166,317,73,151,0.104
structured,6ab7ed6ee1ca986c,32,167,191,234,325,24,91,0.123
structured,b3d2f730976ee2d4,32,179,196,250,319,17,69,0.11
structured,162422ef3fa5bddd,32,113,161,163,263,48,100,0.1
structured,e58d78b37b927b99,32,119,155,169,266,36,97,0.241
structured,08c84a07192b483a,32,113,175,164,297,62,133,0.095
structured,7f15c37461a6df0b,32,177,279,247,457,102,210,0.115
structured,84876b0f3a962170,32,171,270,240,457,99,217,0.117
structured,9ee584cd56bd4626,32,145,226,204,358,81,154,0.097
structured,b667ae57619d0c46,32,143,252,204,409,109,205,0.101
structured,c8963662329226e2,32,85,114,125,192,29,67,0.226
structured,2129f42ca41689df,32,169,260,237,430,91,193,0.107
structured,15c5e5bb65f96dfb,32,147,222,205,360,75,155,0.099
structured,1ed44b977ac895d5,32,167,224,235,387,57,152,0.105
structured,1ee44929c3397eb5,32,167,287,235,457,120,222,0.104
structured,ac2f83f16c868608,32,169,295,240,467,126,227,0.118
structured,08ef550a4797d57d,32,168,226,237,390,58,153,0.122
structured,c33a3a0253683bd9,32,145,192,206,325,47,119,0.111
structured,99798cbd85dd7ccc,32,121,196,168,321,75,153,0.099
structured,ff6ed7674dba3bb1,32,171,293,239,483,122,244,0.112
structured,7d0b8fc781c0f0b0,32,117,188,164,312,71,148,0.107
structured,e715f137c5294a0d,32,169,271,238,446,102,208,0.105
structured,bbed9ef7f21c22ae,32,141,236,203,380,95,177,0.098
structured,fa19a513dce03986,32,115,207,165,326,92,161,0.096
structured,e09945c4c1b7ed62,32,145,208,205,349,63,144,0.101
structured,ba98a9cf5ffd2195,32,143,244,202,401,101,199,0.123
structured,6d7ed31a53307917,32,115,193,165,320,78,155,0.112
structured,f25465e32f6aeded,32,167,252,236,426,85,190,0.11
structured,339df191e14252e0,32,139,213,200,356,74,156,0.099
structured,bed48165e7a4690e,32,146,177,203,291,31,88,0.108
structured,93dbeff47bbf5509,32,173,265,243,450,92,207,0.112
structured,30fcc2d7851431f7,32,145,234,202,384,89,182,0.125
structured,299ca3d8e78dda20,32,121,128,170,204,7,34,0.103
structured,8fdaacc1a86594d4,32,143,197,203,304,54,101,0.102
structured,74c61dca153240dd,32,117,198,167,329,81,162,0.092
structured,8bc1cec5097751df,32,173,247,243,417,74,174,0.105
structured,c325046a07671bb5,32,145,259,204,407,114,203,0.11
structured,539bf234a7d20886,32,145,211,205,337,66,132,0.12
structured,fcdf1be996beb7b6,32,117,173,168,295,56,127,0.092
structured,97dd91d132e4bf03,32,145,262,205,425,117,220,0.102
structured,1c67d345d893c6bc,32,139,212,201,358,73,157,0.294
structured,384f0ac21288a5d2,32,113,212,161,337,99,176,0.099
structured,33f00a70eed2b83a,32,115,199,166,321,84,155,0.093
structured,6a8899da73772122,32,166,243,233,403,77,170,0.107
structured,2ebd87331713c28a,32,119,192,167,310,73,143,0.1
structured,c5a5a87d12f578ef,32,147,195,203,319,48,116,0.102
structured,20750c98a34975cd,32,143,164,198,264,21,66,0.117
structured,09f3dff005e19f51,32,146,200,206,337,54,131,0.127
structured,664a595a97791885,32,120,231,166,371,111,205,0.1
structured,cbc0b136f213c599,32,121,178,171,299,57,128,0.197
structured,d639ee6dc49e2a44,32,149,187,209,291,38,82,0.108
structured,a6d77a92d14ee535,32,177,277,247,463,100,216,0.104
structured,c5a8b674a1e5becf,32,141,219,197,365,78,168,0.104
structured,c5dee21eab35920b,32,169,214,235,365,45,130,0.107
structured,c20e80517ea1144b,32,169,208,240,344,39,104,0.119
structured,1d936f1fa45f07de,32,143,244,201,395,101,194,0.114
structured,32477f94ea98a889,32,115,160,166,271,45,105,0.107
structured,5aefebe4ccac795b,32,119,217,167,350,98,183,0.092
structured,8bd1af89efc90be1,32,167,230,235,364,63,129,0.1
structured,ac9d4366a16ab554,32,115,189,162,311,74,149,0.109
structured,72b7a767e92b5cea,32,119,140,167,244,21,77,0.093
structured,298f34396a3bab8d,32,173,271,241,454,98,213,0.108
structured,80524e0ca52e8e4d,32,171,291,240,458,120,218,0.108
structured,d021e0488257755b,32,143,272,204,441,129,237,0.106
structured,d47510e2a67bbdad,32,173,266,243,449,93,206,0.11
structured,bfa3d527d954d2a8,32,178,242,246,398,64,152,0.102
structured,bf60ab58a7e9d969,32,170,233,233,397,63,164,0.103
structured,22ddae5fb1aa0639,32,151,225,211,376,74,165,0.098
structured,ca717e9d45c422d3,32,140,194,197,323,54,126,0.108
structured,c356b5223a4cdb82,32,143,222,199,362,79,163,0.14
structured,5a57367b91e01fc3,32,147,261,206,422,114,216,0.099
structured,995bab608c4e5091,32,115,195,167,324,80,157,0.094
structured,fc2afb1ec13ad86e,32,141,215,201,359,74,158,0.111
structured,90859d00df054c10,32,169,214,240,373,45,133,0.106
structured,cf559b0feb5aa7ca,32,119,241,169,386,122,217,0.106
structured,94176fe9ddc6e6e5,32,175,332,245,527,157,282,0.108
structured,b1d351e3a362d960,32,117,198,167,324,81,157,0.096
structured,9c313c5bea6ddad2,32,145,269,204,408,124,204,0.29
structured,9d0da7a36af453e9,32,175,303,247,465,128,218,0.153
structured,bcf07a179d0666ce,32,137,247,195,384,110,189,0.104
structured,00f5e3089838972c,32,113,184,164,302,71,138,0.101
structured,ce31ec8422af6c14,32,139,212,198,356,73,158,0.097
structured,5e02d37c278d2ed4,32,149,208,206,349,59,143,0.106
structured,88a9d557440fabc5,32,175,288,244,483,113,239,0.104
structured,d360a66284ab83e0,32,109,155,159,254,46,95,0.1
structured,7bdd76a47b3261bd,32,175,282,246,461,107,215,0.109
structured,d49f397360ee128c,32,115,215,165,352,100,187,0.095
structured,b90fdb571acde4ef,32,88,124,128,210,36,82,0.093
structured,dfacb62400b42c4d,32,117,239,166,376,122,210,0.109
structured,aeec04c50efa6cb3,32,149,263,210,429,114,219,0.108
structured,4302a3ebdb3e0a82,32,176,253,246,429,77,183,0.105
structured,8288c56092edf50b,32,145,209,205,331,64,126,0.102
structured,f3ffbce5aedca576,32,146,204,204,348,58,144,0.104
structured,c954519cfcb86275,32,137,236,195,380,99,185,0.258
structured,75b157e93021c7d7,32,145,210,206,342,65,136,0.102
structured,932dcbdaa8b6f8e7,32,89,164,126,254,75,128,0.094
structured,aab855860229343f,32,91,154,131,249,63,118,0.09
structured,82f8bb582571a7d9,32,117,206,166,333,89,167,0.092
structured,c3e17ce75cdd0348,32,167,277,237,443,110,206,0.207
structured,53c359668e8d513a,32,115,156,163,245,41,82,0.09
structured,2dcd5e82d17fbe10,32,145,192,202,333,47,131,0.102
structured,cf515b8f74e0bd46,32,115,237,165,375,122,210,0.099
structured,06991cc8d2d801d3,32,177,247,249,419,70,170,0.111
structured,e749ec5d922638ed,32,145,268,204,428,123,224,0.112
structured,1db5210e6835d223,32,175,311,244,508,136,264,0.105
structured,8b456ec7f4c9d4f0,32,149,277,211,445,128,234,0.098
structured,6900e781fc6613cf,32,147,212,209,322,65,113,0.096
structured,c7e93afb434dffc9,32,119,204,169,337,85,168,0.105
structured,ae33c5f85386e7d1,32,127,168,179,267,41,88,0.098
structured,03c09228b198cf9f,32,147,281,209,447,134,238,0.103
structured,2286027e464bc464,32,147,233,207,391,86,184,0.108
structured,bf5cd4492658c5cc,32,121,180,170,307,59,137,0.101
structured,981fee594227f5dc,32,117,217,168,357,100,189,0.102
structured,a564e58e40387cfc,32,145,212,203,361,67,158,0.112
structured,2432e987e3f1cb15,32,167,246,234,415,79,181,0.103
structured,406fc95f45e9e49a,32,169,281,239,451,112,212,0.115
structured,5ee8a7fbef7a0f5b,32,173,237,241,410,64,169,0.106
structured,2f5eb616a6036741,32,147,175,206,274,28,68,0.108
structured,4009a7184b7374cc,32,145,198,206,334,53,128,0.101
structured,5fa7e93a2c0a22aa,32,169,275,238,439,106,201,0.103
structured,7fc5b027d964cc0f,32,169,265,236,432,96,196,0.108
structured,8961969ef856abe4,32,119,203,168,335,84,167,0.093
structured,faafe81b151a6539,32,93,154,133,259,61,126,0.104
structured,27ae3e9ae5f9c09a,32,93,149,133,252,56,119,0.09
structured,03c0e59efbc125a9,32,145,228,206,379,83,173,0.113
structured,53bcf16946629795,32,169,291,237,450,122,213,0.106
structured,94eda93b1a45820c,32,143,247,200,395,104,195,0.099
structured,f87b4704d44b287e,32,171,277,237,448,106,211,0.109
structured,db88b0572363a53f,32,145,217,205,353,72,148,0.099
structured,fc33b2219ea5622e,32,143,235,204,378,92,174,0.255
structured,e012c1c54b5feb00,32,179,265,249,444,86,195,0.11
structured,c5243e6e0db5bd76,32,143,210,203,336,67,133,0.098
structured,e918da0eb6ce8857,32,173,208,240,360,35,120,0.105
structured,0844971066708f26,32,119,168,169,289,49,120,0.096
structured,04598c0b9d64c2cd,32,147,263,206,432,116,226,0.097
structured,2129ee34dcb202ff,32,117,206,166,333,89,167,0.117
structured,9322cb35b04680be,32,147,216,207,361,69,154,0.265
structured,32d38c9c7afa9a83,32,119,235,170,371,116,201,0.097
structured,b34a1ac736164768,32,143,237,201,380,94,179,0.097
structured,c83b9a3748ecdf20,32,171,249,238,404,78,166,0.112
structured,82632f8f6ba6eef4,32,169,243,234,414,74,180,0.114
structured,e8716dc59bb793b5,32,143,239,202,382,96,180,0.098
structured,2e21ca5d0f24b5fb,32,166,239,237,399,73,162,0.101
structured,5097d36626c3ec37,32,149,225,210,372,76,162,0.258
structured,39e27f46c463f079,32,149,214,209,356,65,147,0.099
structured,3808e9f5c8dd87b6,32,173,261,243,425,88,182,0.131
structured,98e2fd85c8014ef1,32,119,220,169,362,101,193,0.095
structured,c0ceb5e4195c9455,32,147,163,207,262,16,55,0.093
structured,24e36cbb8a4134dc,32,117,235,166,351,118,185,0.099
structured,e2edfb49be719ade,32,167,241,238,402,74,164,0.1
structured,75a782abccde2049,32,151,229,211,381,78,170,0.11
structured,8135484448906f25,32,140,269,198,440,129,242,0.11
structured,2f4a7284072e56e0,32,173,198,243,344,25,101,0.135
structured,c7b04767b3536e05,32,147,193,206,329,46,123,0.1
structured,af9f02a452c5c244,32,143,184,201,317,41,116,0.112
structured,3434c3a2e773d120,32,117,218,166,339,101,173,0.106
structured,1cca9df20961aff3,32,149,259,211,429,110,218,0.109
structured,8cd7585f903e4e39,32,143,225,200,371,82,171,0.109
structured,b19333e9358f0258,32,175,259,243,435,84,192,0.103
structured,e67c6b2bb0a2b1df,32,171,288,243,477,117,234,0.111
structured,1c0d5ce49802a07a,32,171,259,240,414,88,174,0.109
structured,b01ea5ef35ac037e,32,117,214,166,341,97,175,0.137
structured,cadc9712ea313c7d,32,177,284,247,455,107,208,0.106
structured,f63c798e8481e78f,32,143,243,204,386,100,182,0.138
structured,e45bae0ab1047e30,32,123,240,174,383,117,209,0.23
structured,0890ec54a9e3998d,32,143,168,202,275,25,73,0.094
structured,a18f77c387ce9141,32,121,215,170,356,94,186,0.254
structured,1375b05d545d4141,32,147,252,207,401,105,194,0.11
structured,8f5df7226c5278fe,32,119,216,170,351,97,181,0.111
structured,10961fb8ddb539c2,32,149,216,207,333,67,126,0.099
structured,f39b518ed9ac805f,32,91,175,129,279,84,150,0.088
structured,c4103ff9b3f0388e,32,142,212,196,353,70,157,0.121
structured,8d3f696d12533eef,32,147,285,208,465,138,257,0.098
structured,787efecc9cd004e6,32,117,174,164,297,57,133,0.114
structured,099d99b7f69b27ec,32,145,197,206,331,52,125,0.107
structured,f5cbaa72538d96c5,32,141,207,199,353,66,154,0.229
structured,5918fc35a45f9391,32,139,163,199,278,24,79,0.096
structured,2feeb8b589ac1617,32,116,189,167,311,73,144,0.094
structured,9bcb501192e175f1,32,95,124,135,215,29,80,0.095
structured,9c82b19734e1a425,32,145,179,206,274,34,68,0.11
structured,72d88066947d9dd9,32,145,221,206,368,76,162,0.109
structured,0b6c289f670d4365,32,165,299,239,489,134,250,0.104
structured,7fb6f65a2c596305,32,173,328,242,514,155,272,0.107
structured,d98e57653896b8a7,32,145,259,203,409,114,206,0.101
structured,c37addd4c8f1b5af,32,123,172,173,283,49,110,0.095
structured,2c3a2ca0625458c8,32,148,256,209,415,108,206,0.099
structured,0cf3d97f7b52ae97,32,115,216,166,331,101,165,0.251
structured,b1495b36c3ab2221,32,172,314,240,515,142,275,0.108
structured,c701e7b89ba5b264,32,167,260,237,424,93,187,0.107
structured,5b8e467180f02452,32,121,195,172,324,74,152,0.11
structured,173c83254f2fae26,32,175,253,243,425,78,182,0.115
structured,5291e3e41c239db1,32,119,207,170,333,88,163,0.102
structured,d9cf4fcca5040751,32,89,160,130,259,71,129,0.231
structured,814efb0e23d87479,32,143,228,199,380,85,181,0.096
structured,2146c7855ea5afe7,32,175,289,243,464,114,221,0.113
structured,b12ecfe19d60a7b4,32,113,176,164,295,63,131,0.104
structured,06dda122c1256910,32,171,267,238,436,96,198,0.102
structured,52d03fb8f1beb764,32,141,237,201,389,96,188,0.268
structured,53ae163ea5faa0cf,32,179,266,250,446,87,196,0.109
structured,14a1bc09ed075dfb,32,85,152,121,251,67,130,0.087
structured,2c0e444d95d7df97,32,175,243,245,403,68,158,0.112
structured,3af72593e4054711,32,91,175,130,279,84,149,0.106
structured,961ad411715e3ce0,32,150,303,209,482,153,273,0.104
structured,041c1d78de069316,32,171,189,238,319,18,81,0.098
structured,a089b12984a287bb,32,171,254,242,419,83,177,0.103
structured,1df0a4b4eed67ff9,32,171,272,237,457,101,220,0.102
structured,66d4f017510d7642,32,91,148,131,248,57,117,0.091
structured,04ffa56ec187578f,32,145,185,203,319,40,116,0.097
structured,c5f2ab2150e00e68,32,151,269,210,441,118,231,0.127
structured,f9e9cb65b7ebc303,32,169,229,235,373,60,138,0.095
structured,0c9c86f1aacee7c7,32,119,219,170,350,100,180,0.094
structured,a549e7c88407c611,32,173,215,245,371,42,126,0.111
structured,8e3ce9a3f2714b9c,32,147,179,207,278,32,71,0.094
structured,537e818db73eeb7e,32,143,251,203,397,108,194,0.108
structured,2e954a063d4f87ba,32,171,275,243,450,104,207,0.11
structured,62ed65d473f5c48a,32,173,224,240,383,51,143,0.101
structured,e05b667f5a32379d,32,117,182,168,308,65,140,0.1
structured,e9abc9bd9640392b,32,115,183,165,307,68,142,0.107
structured,bc9c2cff7aa4c889,32,121,195,170,323,74,153,0.117
structured,53d456be5cbf08ea,32,113,187,165,307,74,142,0.113
structured,69057f98428f2757,32,177,203,246,317,26,71,0.106
structured,1f67785efdb96a5b,32,91,147,130,247,56,117,0.09
structured,77b223b22b64069c,32,168,273,233,440,105,207,0.154
structured,36299ecc4183b9e9,32,141,207,198,348,66,150,0.134
structured,104311f4d1b0e8af,32,140,258,201,409,118,208,0.102
structured,fb3e4ea2671bb86c,32,165,272,232,430,107,198,0.104
structured,99ca3424e40686fc,32,145,247,204,406,102,202,0.118
structured,794be240a691808a,32,171,283,240,453,112,213,0.106
structured,c745e925df136f98,32,165,263,233,424,98,191,0.104
structured,2c6877a5b9a97833,32,140,194,199,325,54,126,0.095
structured,d25afc5f19f492e2,32,145,232,207,383,87,176,0.138
structured,33d3a97a44cddf7e,32,143,213,202,329,70,127,0.109
structured,9f1a92e1a4b0cae4,32,143,204,197,341,61,144,0.112
structured,e35ec8b84d126418,32,147,278,205,443,131,238,0.107
structured,c6551d323b9e8102,32,139,228,198,365,89,167,0.1
structured,bec540a54a28abc0,32,169,294,237,480,125,243,0.107
structured,96e011990770f5c3,32,115,176,165,296,61,131,0.096
structured,0f5dfa5c07cb00b3,32,151,165,214,291,14,77,0.105
structured,3a14942acfd6dd56,32,119,195,169,317,76,148,0.109
structured,f68cb21dbb0e1c20,32,119,216,167,355,97,188,0.127
structured,5f51b9fd58c68a08,32,123,165,172,284,42,112,0.095
structured,0ba0a92ebfe7bf63,32,175,196,243,335,21,92,0.123
structured,6a7955721cbe4bad,32,169,273,238,432,104,194,0.101
structured,9ccf199d3fd0f4c7,32,176,241,245,380,65,135,0.107
structured,1c219f6ee110826f,32,145,220,206,369,75,163,0.101
structured,3a1991864423cab0,32,173,192,241,342,19,101,0.107
structured,126a591e6f0ef192,32,147,201,203,342,54,139,0.103
structured,da6f1c36fff12194,32,147,273,206,444,126,238,0.129
structured,6f63190ae6bbe444,32,143,181,200,293,38,93,0.092
structured,fba03676f7002ba6,32,144,225,204,376,81,172,0.119
structured,db2f223c293cba8b,32,115,181,164,304,66,140,0.153
structured,fc632a0b2e40d82e,32,141,211,201,362,70,161,0.113
structured,4eeace50cbd1a8e2,32,141,239,200,384,98,184,0.105
structured,25424a6d7c885084,32,139,265,200,405,126,205,0.106
structured,c76e991ab742bee8,32,143,203,204,339,60,135,0.101
structured,d7bdf19c6b2770ac,32,143,221,198,356,78,158,0.095
structured,1e201654851049b0,32,174,224,245,384,50,139,0.11
structured,c79fee2bc48d6fa9,32,119,195,171,323,76,152,0.11
structured,0c19abbc1a2c7944,32,169,210,236,347,41,111,0.099
structured,55f91ab7c12f1cae,32,115,184,162,307,69,145,0.092
structured,4c70818aa7054d0b,32,171,250,243,415,79,172,0.282
structured,a0cf463cabd6ceb3,32,147,265,205,419,118,214,0.111
structured,f250dc0ddd00b485,32,89,160,130,259,71,129,0.098
structured,03b8125dc37ee8da,32,120,178,168,299,58,131,0.101
structured,e20480f6481f30e9,32,173,276,241,463,103,222,0.105
structured,99f5e2916bab2f90,32,115,187,165,315,72,150,0.097
structured,c88592a3e322db5f,32,147,271,206,432,124,226,0.101
structured,88c7e6d63094de7b,32,115,182,163,308,67,145,0.095
structured,bf7d2ec0711a172d,32,91,159,131,264,68,133,0.097
structured,dbb497422140f8d1,32,175,272,243,442,97,199,0.106
structured,d51b35c497070667,32,147,209,203,319,62,116,0.104
structured,34464e3aff141497,32,167,168,240,289,1,49,0.258
structured,e8aafade5c666bf0,32,91,162,130,267,71,137,0.089
structured,799d4548998bec9d,32,169,255,239,424,86,185,0.106
structured,33790077c41021b5,32,169,264,238,412,95,174,0.116
structured,92ee2bb78299840b,32,137,237,195,378,100,183,0.129
structured,a069474896c2442e,32,169,259,236,424,90,188,0.112
structured,e8a540fc16809541,32,145,247,204,406,102,202,0.115
structured,f05ffa16cf12bf85,32,165,259,236,418,94,182,0.107
structured,bfa778402a2f36e2,32,119,168,169,284,49,115,0.092
structured,242ae9f476d136bb,32,165,256,232,426,91,194,0.104
structured,25b409c929ad8af1,32,96,140,135,237,44,102,0.134
structured,6836fcc0db0e717e,32,139,179,199,292,40,93,0.097
structured,4edf7bdf8ac8a7db,32,165,241,233,410,76,177,0.11
structured,a9f578e05921ad54,32,144,224,203,375,80,172,0.104
structured,1cdd5eb767d96fcd,32,93,172,132,273,79,141,0.098
structured,58bb7361c9c6316e,32,121,146,171,241,25,70,0.115
structured,dea00d12d3aa5463,32,113,187,164,307,74,143,0.115
structured,31205eae963b4e0f,32,143,220,202,374,77,172,0.155
structured,6f17a981c0f65786,32,119,220,169,361,101,192,0.094
structured,1107dfeb5b49547c,32,88,124,129,210,36,81,0.086
structured,68511aa65b7f2f6c,32,171,264,242,434,93,192,0.105
structured,41c258b05e2e01be,32,110,204,158,333,94,175,0.095
structured,9b6b69cf4c47ebd5,32,147,175,208,307,28,99,0.13
structured,d3c5231046079d65,32,117,248,168,406,131,238,0.1
structured,3814863be0961724,32,117,183,164,307,66,143,0.102
structured,28d21d4b97d3ad0e,32,119,179,169,306,60,137,0.094
structured,c5dbd1aeef6ddb4a,32,91,148,131,248,57,117,0.089
structured,6f64f6affea623d1,32,117,192,165,321,75,156,0.105
structured,b8a6dc92384b6ae7,32,149,179,207,274,30,67,0.124
structured,c3357e7c1fa43357,32,148,237,208,380,89,172,0.097
structured,23b5ff15f6808c7b,32,115,215,166,352,100,186,0.103
structured,2476a94138b41e80,32,177,217,247,331,40,84,0.132
structured,0e09e0513a86f39d,32,177,217,249,361,40,112,0.109
structured,7fb493e09ab41a77,32,145,186,206,319,41,113,0.113
structured,174a0ed1dac4b373,32,170,234,238,397,64,159,0.106
structured,2d189ede0efcf70e,32,174,236,242,404,62,162,0.104
structured,2e99119ad28057e3,32,121,195,170,323,74,153,0.092
structured,3710e7ac22fb3150,32,141,239,200,381,98,181,0.101
structured,11b28aa9ae0f3843,32,147,204,206,341,57,135,0.122
structured,585f75ab1ab492bf,32,119,226,167,364,107,197,0.099
structured,31c3a665e8007810,32,147,264,207,427,117,220,0.124
structured,7ca7901c7725ca69,32,117,208,168,327,91,159,0.097
structured,4a1d0a7f52358297,32,171,231,242,365,60,123,0.11
structured,b7d65826bd99316c,32,117,208,169,327,91,158,0.122
structured,e64307f041105e88,32,118,219,165,353,101,188,0.099
structured,84c3c75f1992a933,32,171,287,239,473,116,234,0.112
structured,141f9b903da3ebe7,32,144,197,200,340,53,140,0.101
structured,34aee071e72b6562,32,146,156,205,260,10,55,0.095
structured,8ca99d84ee43c319,32,143,189,204,318,46,114,0.28
structured,f355d549fd791b26,32,95,124,135,215,29,80,0.122
structured,f99ee07c6065d08c,32,147,229,207,382,82,175,0.102
structured,1f3b4d4e066a2c0b,32,121,215,171,357,94,186,0.094
structured,6105fa308f98bf3a,32,121,216,171,347,95,176,0.116
structured,af405043efc6b239,32,117,229,164,366,112,202,0.11
structured,1e916dff1c6f3375,32,143,235,204,378,92,174,0.097
structured,4a2a417ba3dff18c,32,180,208,252,338,28,86,0.107
structured,236b820a6938db23,32,149,232,211,382,83,171,0.101
structured,614a501a0080f502,32,175,289,244,481,114,237,0.106
structured,8e37f4418e5459c1,32,171,256,241,417,85,176,0.126
structured,077610829613bd49,32,115,202,164,327,87,163,0.096
structured,e186357b277ba538,32,170,256,235,417,86,182,0.107
structured,63e9e2830253a4e5,32,119,187,168,315,68,147,0.094
structured,e84a042049a24df7,32,145,203,204,336,58,132,0.115
structured,bc1334724ddc3e62,32,173,279,242,459,106,217,0.108
structured,9a4fd4e4ae9b9dd4,32,145,247,204,400,102,196,0.131
structured,509a61834e423828,32,210,268,291,450,58,159,0.103
structured,6e75176514aba8d3,32,173,239,246,410,66,164,0.137
structured,666fa821ee832e8f,32,168,227,234,388,59,154,0.11
structured,40a65b78cb5985c0,32,145,296,205,473,151,268,0.131
structured,2f27d5d0b8f44ac7,32,173,270,241,438,97,197,0.103
structured,f51388838eeea6c8,32,117,195,166,315,78,149,0.125
structured,44cb5d6a976f6390,32,119,223,168,353,104,185,0.1
structured,657304bc548dc91b,32,150,277,211,441,127,230,0.101
structured,69cdc40a8e053a86,32,169,238,237,375,69,138,0.107
structured,47e4c0795fa7d65e,32,167,285,237,452,118,215,0.104
structured,4f92e445c3b2ac25,32,171,239,239,377,68,138,0.108
structured,96920519f661ff2f,32,145,265,205,415,120,210,0.153
structured,4bbfdcf3b41cfbd1,32,143,244,205,387,101,182,0.113
structured,96bd0742a4d7d94d,32,113,171,161,288,58,127,0.133
structured,03b6e62a538e973d,32,174,247,243,424,73,181,0.105
structured,523c5b9add1f53f0,32,113,187,164,307,74,143,0.098
structured,a0fe765232ee7add,32,111,133,161,224,22,63,0.089
structured,8d11afb2bfe5faf2,32,145,235,204,397,90,193,0.106
structured,6728d61115336cae,32,206,308,283,505,102,222,0.307
structured,bbda408d879a94dc,32,145,261,203,416,116,213,0.126
structured,3035c760686f64bc,32,117,213,166,335,96,169,0.109
structured,52787aefa69bf7fa,32,117,223,165,353,106,188,0.1
structured,27e38330313e62e2,32,117,160,167,273,43,106,0.105
structured,4d433e209db3b458,32,142,168,198,273,26,75,0.136
structured,5eb01fa743e9c709,32,148,244,205,411,96,206,0.105
structured,32dc04b99c771924,32,143,219,201,357,76,156,0.117
structured,40583289005dc87f,32,117,235,166,351,118,185,0.116
structured,5f3350a257fbedba,32,175,199,244,325,24,81,0.221
structured,d311b2743218848a,32,171,259,243,436,88,193,0.112
structured,cc89a36a2203fd61,32,149,265,210,430,116,220,0.103
structured,11de72d0481c391a,32,143,206,203,350,63,147,0.108
structured,0687eea303a6c9b0,32,143,252,201,408,109,207,0.094
structured,bac6d4bd78f86a02,32,125,129,174,209,4,35,0.093
structured,7f64ec6d1b5c2bf3,32,169,255,240,423,86,183,0.128
structured,043f177582844c16,32,151,215,210,367,64,157,0.101
structured,e63eff39fc7d6c23,32,173,323,243,524,150,281,0.26
structured,b84587d81e2e588e,32,141,220,203,365,79,162,0.105
structured,11fe6cdc439aec3f,32,117,188,167,316,71,149,0.1
structured,7512ca9e16d3fdb4,32,121,180,168,287,59,119,0.101
structured,7290288f6bcacc1e,32,123,255,174,415,132,241,0.254
structured,b2d4e955a3c4f5a1,32,143,211,201,361,68,160,0.101
structured,9f8b70a9c94a091a,32,172,237,242,389,65,147,0.107
structured,118038371f5cfd80,32,145,244,205,398,99,193,0.103
structured,c4eacd956c5a6784,32,119,162,168,277,43,109,0.096
structured,94a1e4728948c277,32,119,214,169,341,95,172,0.095
structured,f18370466fdcd7ff,32,176,335,246,544,159,298,0.118
structured,dc247d1265d87183,32,119,223,170,347,104,177,0.096
structured,5adeedab46b6a929,32,88,160,126,259,72,133,0.094
structured,04e24f9648cf7a97,32,123,149,175,262,26,87,0.096
structured,302f31b338752720,32,147,238,205,395,91,190,0.12
structured,2dc0e1626c7144a2,32,175,236,246,407,61,161,0.106
structured,52425e76402d4d9d,32,145,299,205,468,154,263,0.168
structured,f1b55331db4b1b52,32,121,155,172,268,34,96,0.109
structured,5ed1a910dca7338c,32,117,211,167,348,94,181,0.094
structured,364298ca513b76f9,32,145,213,203,351,68,148,0.103
structured,7b7bf005d90735d8,32,141,231,202,380,90,178,0.105
structured,59f7da1cb857cd2e,32,147,215,204,357,68,153,0.112
structured,8491e6f158dc4ac5,32,121,185,169,308,64,139,0.119
structured,10ff12335fd4f6b5,32,169,256,238,430,87,192,0.16
structured,8ad68e7cf63d9b46,32,169,241,238,404,72,166,0.133
structured,14960b26b0e10082,32,143,240,204,395,97,191,0.101
structured,66a3cd424e6f3104,32,91,181,130,292,90,162,0.241
structured,7b01cbe7169e79da,32,117,182,166,309,65,143,0.106
structured,2ec31379f2bfb6f6,32,110,126,157,223,16,66,0.125
structured,e33782eb68f31778,32,138,207,198,346,69,148,0.102
structured,0050171162b857a4,32,147,221,206,341,74,135,0.115
structured,b09ca36add43e5e2,32,141,204,202,338,63,136,0.103
structured,06b25dcdc7f01608,32,177,225,247,360,48,113,0.108
structured,a686ecca961f88ef,32,123,149,173,262,26,89,0.098
structured,897e0cb20368c5cc,32,151,247,213,403,96,190,0.1
structured,b815af485d45943a,32,143,203,202,335,60,133,0.106
structured,9e79cb873af9780b,32,171,240,237,417,69,180,0.105
structured,b18472c1a5610b69,32,168,253,239,414,85,175,0.11
structured,28f6fdef9c8e5a7b,32,147,225,206,375,78,169,0.111
structured,4f7fb21e7312d586,32,151,178,210,307,27,97,0.098
structured,f57c81c9c3844786,32,175,312,243,516,137,273,0.112
structured,4ce9dfb03113e486,32,149,180,209,315,31,106,0.103
structured,c00c1b695ddd7856,32,147,233,204,392,86,188,0.102
structured,185e278e688066e9,32,143,251,201,406,108,205,0.097
structured,2bff071fdb73fb3c,32,200,292,282,480,92,198,0.11
structured,ef449f8ed8d23467,32,147,208,207,355,61,148,0.102
structured,7db3736c8af7a1d4,32,175,289,247,470,114,223,0.11
structured,e5c4eaf57e1930c6,32,121,216,170,347,95,177,0.097
structured,e5bc992635139c8a,32,119,148,169,258,29,89,0.095
structured,5d815c695621f8b3,32,115,181,164,301,66,137,0.1
structured,a0da75264691d655,32,119,189,167,312,70,145,0.099
structured,e9abd6fc46ad0d6a,32,145,228,203,378,83,175,0.111
structured,0ba54fc0f654c7c3,32,114,180,164,293,66,129,0.094
structured,aeb44786b697802f,32,145,232,204,382,87,178,0.237
structured,9e019b47658f9406,32,120,188,170,305,68,135,0.095
structured,404323c3ea66b32e,32,177,283,248,459,106,211,0.102
structured,0047fe5c37ebfc56,32,121,163,169,279,42,110,0.096
structured,fdf8ae85703c32dc,32,145,195,206,329,50,123,0.098
structured,3671b186e2c75e6e,32,175,217,246,377,42,131,0.247
structured,ef9a645a86dedfac,32,121,170,170,287,49,117,0.112
structured,80b2a103a4fa4e38,32,125,229,177,375,104,198,0.093
structured,6c7fffcc17f509c4,32,169,263,237,440,94,203,0.111
structured,21e60f2112a64ad6,32,121,221,172,353,100,181,0.098
structured,6269d09f8636b878,32,175,224,244,384,49,140,0.108
structured,3a40eac84bb48447,32,145,264,205,423,119,218,0.1
structured,4db2e9f4a5c95a67,32,171,242,240,409,71,169,0.105
structured,d429454f7bdf8a6e,32,168,268,237,431,100,194,0.107
structured,0ca85d6ba110b3d6,32,122,154,172,267,32,95,0.096
structured,616372db41e67931,32,115,181,164,304,66,140,0.104
structured,2ee2f94327f0a5c4,32,149,189,209,322,40,113,0.114
structured,f2ad36c5889a982c,32,171,260,243,416,89,173,0.123
structured,5190f0d3bd9d4c99,32,143,191,201,327,48,126,0.109
structured,040ed6a251a353b6,32,115,187,163,310,72,147,0.11
structured,0366df68453214ac,32,91,159,131,264,68,133,0.091
structured,d87991ae6266655f,32,147,237,207,372,90,165,0.102
structured,7d170c6724052c3f,32,147,253,207,405,106,198,0.237
structured,f46de0ea8a6b975f,32,119,185,169,312,66,143,0.125
structured,d1324c055097739b,32,141,213,201,353,72,152,0.098
structured,91dd17fe9e7f1759,32,149,217,209,367,68,158,0.099
structured,78d12aea8b63f90c,32,175,284,245,472,109,227,0.118
structured,1bee62e58acbacd0,32,147,239,207,388,92,181,0.133
structured,abcc961505fd275b,32,175,189,245,311,14,66,0.097
structured,eefdfe8981818d14,32,171,207,237,317,36,80,0.099
structured,1599a5c80f859a33,32,115,193,163,315,78,152,0.11
structured,c32f9a6578b055c5,32,141,223,202,374,82,172,0.1
structured,2800309754396804,32,167,252,232,416,85,184,0.136
structured,36e73807deb24a1f,32,143,203,198,328,60,130,0.094
structured,7bc89022c3f28eb7,32,151,263,210,421,112,211,0.116
structured,477893ac59dd6392,32,145,254,204,396,109,192,0.109
structured,707199719966e50f,32,169,265,239,438,96,199,0.107
structured,d5b45d743bb27130,32,145,178,202,306,33,104,0.104
structured,e99a82094b6d13a9,32,115,176,167,296,61,129,0.091
structured,c4c9fc15e95a264d,32,151,278,209,462,127,253,0.101
structured,5bb0f79d8093365f,32,121,231,172,371,110,199,0.103
structured,2c2280304e1d55f8,32,119,219,168,350,100,182,0.095
structured,54c23559b393b1ed,32,143,219,203,354,76,151,0.1
structured,d5ca6a6e5b70a4dd,32,177,233,248,384,56,136,0.107
structured,ef86592ca11b788e,32,163,277,231,444,114,213,0.111
structured,100e5f09084fc659,32,119,240,169,381,121,212,0.278
structured,d5092bfc1c1cefce,32,150,252,208,412,102,204,0.118
structured,47a25ec471a15eb5,32,142,264,203,433,122,230,0.108
structured,b77466c6b9613c3e,32,143,203,203,343,60,140,0.111
structured,178c5e5231f22497,32,86,157,125,244,71,119,0.083
structured,6f5123f3ea7a7a57,32,171,277,240,439,106,199,0.105
structured,bc35cda2edae7f7f,32,151,204,210,341,53,131,0.103
structured,d50db46b017ee50d,32,117,195,166,315,78,149,0.093
structured,c749e99fa16272ab,32,119,214,167,358,95,191,0.102
structured,6df65f7aa552f5ca,32,147,251,207,416,104,209,0.104
structured,91519b6f3f11faaf,32,123,255,174,415,132,241,0.109
structured,4fd30efcfa8ebd80,32,167,245,236,416,78,180,0.109
structured,5ac57fa00e6ee6ca,32,117,189,166,311,72,145,0.096
structured,1cfd4508846e3925,32,139,161,196,272,22,76,0.094
structured,6ee9aa4e2f3e122a,32,139,237,196,380,98,184,0.098
structured,6ffed669e0f72c32,32,115,182,165,308,67,143,0.095
structured,e88bef169eb0d77f,32,121,222,172,369,101,197,0.11
structured,738704d632dc445d,32,91,147,130,247,56,117,0.097
structured,ac74a39956f1fede,32,143,232,202,381,89,179,0.112
structured,aaa0f4fc1a487a4e,32,173,246,241,416,73,175,0.117
structured,99b841ed002ee764,32,149,239,209,386,90,177,0.113
structured,29aa737cda129683,32,175,265,242,427,90,185,0.23
structured,4452996f81829ca5,32,143,212,204,357,69,153,0.145
structured,4c2f6119eb3d784a,32,177,317,248,522,140,274,0.111
structured,e11259f63f44855c,32,171,240,241,404,69,163,0.105
structured,f3ed3e3944034bb1,32,149,263,208,434,114,226,0.115
structured,bad08828c0d9c0bc,32,141,208,201,361,67,160,0.146
structured,1d959c179cf601c0,32,174,238,241,400,64,159,0.104
structured,14f05c6e3c6864a1,32,121,147,171,257,26,86,0.099
structured,7d217490bbd91e7d,32,119,243,169,376,124,207,0.095
structured,8738616f75298cfc,32,117,208,165,345,91,180,0.094
structured,085505363418d8e5,32,175,268,243,453,93,210,0.106
structured,d5b1bbeda17c95d1,32,175,284,244,456,109,212,0.102
structured,bce1970b91f08165,32,143,248,204,389,105,185,0.099
structured,8c0f9034f45d401e,32,115,189,163,312,74,149,0.109
structured,6e2ef4d905908f6c,32,115,193,165,320,78,155,0.213
structured,64b3d38a39d6af33,32,141,260,203,404,119,201,0.097
structured,2391e208e77814a4,32,142,164,202,284,22,82,0.1
structured,c089d830d5c1e50e,32,119,194,169,320,75,151,0.097
structured,65011f2467f7c154,32,143,256,202,412,113,210,0.232
structured,8e79e8225e770464,32,173,255,246,427,82,181,0.104
structured,86e2948a0166f4ad,32,121,162,171,277,41,106,0.123
structured,f428d1df14ee7ffc,32,167,224,237,380,57,143,0.103
structured,bf9893f9eff22a87,32,121,162,170,277,41,107,0.097
structured,a8b598fd454c5444,32,116,192,163,310,76,147,0.117
structured,122faa514b738f53,32,145,255,202,410,110,208,0.098
structured,c21ff05cb3d4ef3e,32,123,208,175,347,85,172,0.161
structured,9238f51f12fd13d9,32,92,162,129,267,70,138,0.091
structured,f739764ad4e38028,32,169,250,237,426,81,189,0.105
structured,767b37067f69d5ec,32,145,226,206,369,81,163,0.271
structured,51943362890dc63b,32,89,152,130,252,63,122,0.09
structured,e53dcea67df8e7ee,32,139,205,199,342,66,143,0.112
structured,5f85ead5c0531f4f,32,169,221,237,372,52,135,0.113
structured,0d1304c6692216da,32,147,263,206,421,116,215,0.099
structured,883758f73766f98a,32,167,247,234,419,80,185,0.127
structured,bd85f592b45572b5,32,125,248,176,407,123,231,0.099
structured,0d795ae8483457c7,32,147,219,207,377,72,170,0.108
structured,1c4173fba5d28cec,32,143,229,202,381,86,179,0.1
structured,b09d88d1b0e7b762,32,121,197,170,320,76,150,0.1
structured,250656fcbcf4bcba,32,141,197,201,333,56,132,0.104
structured,ca20a15a5b6ed9d1,32,148,226,209,359,78,150,0.125
structured,f7133548b6737699,32,113,180,162,298,67,136,0.099
structured,64f3687b4d980d8b,32,139,216,201,358,77,157,0.112
structured,ee29cd65e2afcef6,32,167,283,231,453,116,222,0.289
structured,afb527fd6749522d,32,173,271,244,434,98,190,0.111
structured,bf83180eb5386adc,32,149,212,209,363,63,154,0.1
structured,bce8abc26e266c5c,32,119,164,169,280,45,111,0.096
structured,eb4a4c3f483e6245,32,147,268,209,432,121,223,0.107
structured,917ce8bdd316db66,32,119,195,167,324,76,157,0.102
structured,50ebaed5f1c7f864,32,146,272,201,442,126,241,0.099
structured,580c06aa198113a8,32,147,260,207,426,113,219,0.11
structured,c513fc65e99fadae,32,150,217,208,367,67,159,0.123
structured,4e520fc20de4daf7,32,164,257,236,425,93,189,0.109
structured,731b293414aa8d18,32,167,253,240,423,86,183,0.105
structured,f46285ab0271e601,32,139,203,199,334,64,135,0.121
structured,779c5e1c6a151814,32,119,171,167,290,52,123,0.107
structured,545b13cf562a66d5,32,173,225,241,381,52,140,0.128
structured,5f3013d024e7e09e,32,177,207,249,334,30,85,0.1
structured,3805a99ae75eccec,32,117,179,166,302,62,136,0.097
structured,181efe408bc3e142,32,143,239,205,382,96,177,0.099
structured,7c714ea585f68d39,32,95,140,134,237,45,103,0.097
structured,cb214f82f8676a8d,32,113,208,162,331,95,169,0.115
structured,cb19c1fcc330205f,32,91,147,130,247,56,117,0.104
structured,da592ef14072a012,32,141,237,201,393,96,192,0.117
structured,b5120bbf9c92da44,32,139,253,200,411,114,211,0.287
structured,6d000861fcdf895a,32,89,152,128,252,63,124,0.091
structured,5ef3a7b8f1726fb3,32,119,152,171,264,33,93,0.094
structured,c674407e016eb4cc,32,117,196,167,325,79,158,0.104
structured,c4c695b71639d08f,32,141,223,201,374,82,173,0.196
structured,d7375bd5fe28313a,32,145,172,207,286,27,79,0.094
structured,abd5ecbce6a061fa,32,121,175,170,289,54,119,0.094
structured,62bea159183cda76,32,147,229,206,359,82,153,0.11
structured,c9d20477bc7d7c48,32,89,165,128,269,76,141,0.091
structured,9adee49867bf14c2,32,171,301,241,483,130,242,0.107
structured,47143a73d9779f72,32,119,168,168,284,49,116,0.124
structured,525ccbf1c06ad037,32,115,203,165,322,88,157,0.098
structured,3da370ea9112363c,32,119,219,166,353,100,187,0.366
structured,4bc306a703c89adf,32,145,239,207,388,94,181,0.099
structured,5a09929c3be687b3,32,121,122,171,201,1,30,0.094
structured,aedf4a8d066eb2bb,32,145,227,205,372,82,167,0.202
structured,dfc1478cef2d5864,32,115,156,161,245,41,84,0.093
structured,40595adc2d7afb53,32,145,232,205,367,87,162,0.101
structured,4480b18b89f09e1c,32,145,258,205,400,113,195,0.108
structured,468c287062c19ca2,32,119,230,168,361,111,193,0.268
structured,9227f6ae778fd650,32,167,214,236,369,47,133,0.108
structured,d3759100fc922000,32,167,265,234,435,98,201,0.102
structured,4c336bd85c73292e,32,143,224,202,359,81,157,0.098
structured,f225fc5d9ca4a310,32,145,197,206,331,52,125,0.231
structured,c78216a3a634916c,32,141,228,203,379,87,176,0.126
structured,66724b1cb69a461e,32,143,259,206,407,116,201,0.103
structured,5e6c0b0338f2f151,32,171,280,238,465,109,227,0.147
structured,872f1e515c51083c,32,119,210,166,331,91,165,0.106
structured,94943ad5845331ce,32,119,191,169,321,72,152,0.102
structured,5b55f02c4bd55d58,32,175,276,245,455,101,210,0.103
structured,038b6d06d1764ea6,32,169,259,235,427,90,192,0.103
structured,468667485eb13534,32,147,255,209,423,108,214,0.272
structured,959592c1bb1eaf3d,32,141,238,200,381,97,181,0.103
structured,a2a4fc9d381e55ae,32,145,256,205,410,111,205,0.104
structured,045a52e4cfe9836d,32,141,173,199,289,32,90,0.094
structured,490b53c1aada4015,32,151,259,214,429,108,215,0.109
structured,c1fa6278b67ab863,32,117,216,164,351,99,187,0.093
structured,895fb80cf7258426,32,121,247,173,391,126,218,0.094
structured,065ec3aaca5ea6d5,32,143,267,202,416,124,214,0.103
structured,c68d54e253e86acd,32,119,192,169,321,73,152,0.097
structured,b49dd1452cf6a404,32,175,207,243,326,32,83,0.101
structured,b3713de787d495c9,32,93,172,134,273,79,139,0.102
structured,f820d8e74d59dbcd,32,175,185,242,328,10,86,0.115
structured,fed46b13d01905d8,32,119,232,168,359,113,191,0.093
structured,9c030a77a44892ea,32,123,221,173,351,98,178,0.271
structured,3c040f6d8a4c0a43,32,171,239,235,408,68,173,0.106
structured,561e5d24e0f029fc,32,125,145,175,233,20,58,0.209
structured,eeccf8a360b3d45a,32,119,197,169,318,78,149,0.092
structured,5f1d4f7dfb107e2b,32,217,290,306,478,73,172,0.123
structured,61af4b8b157f5fec,32,186,226,258,380,40,122,0.127
structured,01cd7e43ff772f2d,32,121,216,170,359,95,189,0.108
structured,f4dc1a7fb787224e,32,133,196,188,322,63,134,0.114
structured,b1d4c4784188c2d5,32,87,152,125,240,65,115,0.104
structured,117ebc7b865d7b27,32,116,233,168,381,117,213,0.093
structured,114e03f27ed53d7d,32,115,173,165,292,58,127,0.094
structured,52307fc34eafbec4,32,179,248,249,402,69,153,0.115
structured,04db303e08e605a3,32,169,181,238,307,12,69,0.108
structured,dc32c94f601c06ec,32,119,188,170,319,69,149,0.103
structured,f4c6a0074d504257,32,171,268,241,423,97,182,0.112
structured,29c63d4da853d4be,32,93,188,134,302,95,168,0.089
structured,74250630a3d2f7a2,32,169,270,237,457,101,220,0.103
structured,11e3e05c82667d74,32,145,270,203,422,125,219,0.112
structured,42bd24b9fe0720be,32,120,187,169,315,67,146,0.105
structured,62e2c1c6bf8757a3,32,206,241,289,407,35,118,0.148
structured,52ca75d4a7ea2ef3,32,119,233,168,381,114,213,0.105
structured,0faba87fdc18b339,32,115,196,165,319,81,154,0.115
structured,6f209841bac611d5,32,161,209,231,339,48,108,0.112
structured,632aadd952d70d26,32,208,268,287,428,60,141,0.105
structured,d79230d69c5c999d,32,147,177,209,296,30,87,0.194
structured,e0b524f4e0392c9d,32,171,211,243,350,40,107,0.17
structured,df0fb4c20571a964,32,121,229,171,366,108,195,0.098
structured,6ae1f782110a2920,32,143,243,202,393,100,191,0.11
structured,19e0b2bf3bf5d226,32,121,231,172,379,110,207,0.095
structured,6597b6202d24f144,32,121,241,169,386,120,217,0.105
structured,41f1fcd6276abf5d,32,143,183,204,317,40,113,0.107
structured,4464e3ec8ab7a2c2,32,165,261,237,431,96,194,0.317
structured,50c9024a441aed5f,32,172,215,242,371,43,129,0.238
structured,1a741062e4f3f96f,32,117,212,168,337,95,169,0.095
structured,ac334789c95a023e,32,151,265,211,434,114,223,0.111
structured,fa41df5f6654b9d2,32,177,208,247,345,31,98,0.098
structured,286f1ca4ce41a0c3,32,173,290,243,488,117,245,0.165
structured,6fc3bef52ecbe395,32,154,188,216,295,34,79,0.093
structured,10aff291bc4ab70b,32,174,254,242,416,80,174,0.118
structured,cbbd5ef297fb7d3c,32,117,175,166,297,58,131,0.137
structured,b141ba6b5b394e0e,32,138,242,195,386,104,191,0.102
structured,329012d44b85a081,32,175,298,244,483,123,239,0.113
structured,b953eb57bc83dd49,32,163,202,234,332,39,98,0.102
structured,bb09af5cebd989d2,32,151,235,212,381,84,169,0.11
structured,c764258c62b8f7cc,32,175,176,246,299,1,53,0.101
structured,7b94bef39afd0514,32,179,240,249,390,61,141,0.106
structured,7703cbe16545ad2e,32,119,189,169,312,70,143,0.111
structured,6117af7a9368354e,32,143,246,199,409,103,210,0.114
structured,1efc45e31058776d,32,139,218,199,364,79,165,0.111
structured,7fffcdb0d2a0f55c,32,143,250,204,395,107,191,0.113
structured,a8c77d941414cd48,32,171,230,241,373,59,132,0.127
structured,db542ed9c995a4a9,32,123,255,174,415,132,241,0.099
structured,39fdc10fc8a3a952,32,177,240,247,391,63,144,0.126
structured,902bad9b0d286d56,32,119,228,168,369,109,201,0.109
structured,5d1cf54932d9fd7e,32,145,269,207,432,124,225,0.102
structured,eb551e7c8084d2eb,32,167,219,234,372,52,138,0.243
structured,36e5f6ac90278887,32,121,218,170,359,97,189,0.107
structured,c54abf3bee6a4712,32,175,283,243,465,108,222,0.127
structured,9bee8a0b12fe4d3d,32,177,225,247,365,48,118,0.139
structured,7bfac75d658a380b,32,167,246,235,412,79,177,0.113
structured,f656f375d25196d6,32,151,185,211,285,34,74,0.108
structured,94dc73278792cd15,32,119,164,167,280,45,113,0.095
structured,474c8c6dbe410f5f,32,219,277,304,441,58,137,0.132
structured,89a8ad2ae782ec89,32,147,241,205,381,94,176,0.097
structured,afdf88c6fe40632b,32,121,157,172,271,36,99,0.101
structured,92c7632298cdd159,32,139,182,199,312,43,113,0.098
structured,34cc4db75d06e2dc,32,118,200,165,322,82,157,0.098
structured,066470b32608aa9d,32,173,228,244,376,55,132,0.1
structured,f0d454218729e1aa,32,171,314,240,492,143,252,0.28
structured,b874ce0693693dc8,32,139,170,196,288,31,92,0.097
structured,5ec8e1b3afd5bdc1,32,145,241,206,394,96,188,0.099
structured,84ca5156b7cf5072,32,169,200,240,333,31,93,0.133
structured,d81a29b42d5c844b,32,165,262,234,436,97,202,0.258
structured,a66853095a9bcc98,32,121,144,171,231,23,60,0.09
structured,3fb6947c05c6f6f2,32,171,290,241,451,119,210,0.104
structured,df88d120c9c10c9a,32,143,226,205,377,83,172,0.295
structured,c44ac39ea423b50f,32,177,327,250,538,150,288,0.11
structured,e536dec4fdbd44a0,32,121,180,168,298,59,130,0.093
structured,8eb94483f6971996,32,145,269,207,424,124,217,0.1
structured,bbb55ba8e26cbcf7,32,171,229,243,384,58,141,0.108
structured,84715ddfe4b7b5b8,32,143,208,203,355,65,152,0.101
structured,e439394716698e2c,32,169,236,237,399,67,162,0.107
structured,8b604ebc246e07b9,32,169,235,237,395,66,158,0.273
structured,883c179e865a4096,32,167,219,235,371,52,136,0.101
structured,20ba5655281eadaf,32,117,231,165,351,114,186,0.093
structured,86c350e72453ae31,32,147,227,205,371,80,166,0.274
structured,8076d9889c8fcf29,32,141,187,199,317,46,118,0.134
structured,dd01a99b1ae6879f,32,146,235,203,382,89,179,0.107
structured,ec0612fed97c99c4,32,117,215,165,340,98,175,0.096
structured,eb6430efa00a23c4,32,169,213,239,360,44,121,0.105
structured,d808c07e38264d3b,32,156,201,220,314,45,94,0.097
structured,ac1225970b0cff5f,32,175,249,243,427,74,184,0.109
structured,4af4882626f2fbd2,32,147,212,207,356,65,149,0.109
structured,f7a64f2128c90b8f,32,143,263,201,420,120,219,0.101
structured,c4bf0baf09e06f12,32,173,225,245,385,52,140,0.104
structured,8393968da216cc01,32,167,209,237,360,42,123,0.103
structured,7ed80e752b7431fb,32,141,185,200,296,44,96,0.094
structured,b26f72036ee550a2,32,147,240,207,387,93,180,0.098
structured,be9f87941e2fbb47,32,149,241,207,406,92,199,0.102
structured,1fe6361c538f5219,32,141,209,198,352,68,154,0.103
structured,b30554c8c0af9598,32,165,232,234,390,67,156,0.105
structured,cc576b34b773e95f,32,140,201,200,327,61,127,0.113
structured,ec0dd7d2248fcfa6,32,89,161,128,265,72,137,0.089
structured,080376d0e1ea5503,32,168,215,237,363,47,126,0.108
structured,21c3ebac9d09b229,32,145,240,206,387,95,181,0.108
structured,26a2068d258dc36e,32,171,221,245,355,50,110,0.096
structured,cbb05c210981d269,32,119,255,171,415,136,244,0.099
structured,fe9ef60d3215a254,32,145,216,204,361,71,157,0.256
structured,cb1f1b4336304d53,32,109,181,155,292,72,137,0.095
structured,3aa533aab9db42a9,32,117,144,166,239,27,73,0.09
structured,9b2813bef0e0bd75,32,117,160,168,273,43,105,0.094
structured,721c5cb635defae6,32,87,123,126,202,36,76,0.095
structured,a681772f3932c5a5,32,143,216,200,349,73,149,0.113
structured,8b4e52575ddfbe84,32,175,284,246,462,109,216,0.104
structured,d2bcb1fb7b0711d3,32,113,168,160,284,55,124,0.104
structured,2a05a5a5e582120d,32,163,237,229,378,74,149,0.107
structured,c9f41de44826cbdb,32,115,183,163,294,68,131,0.107
structured,f3e6f0209cf8614b,32,115,207,165,333,92,168,0.104
structured,8eb64374faf0227f,32,119,233,166,360,114,194,0.11
structured,f8e1b5b9a6ea2799,32,143,204,206,343,61,137,0.103
structured,6ee65a19efe4ffbf,32,169,251,240,420,82,180,0.109
structured,91d6318a6f5fa197,32,146,240,209,393,94,184,0.14
structured,cd6d7aabbbc3751d,32,143,252,202,409,109,207,0.1
structured,b651aa3786b67495,32,121,208,171,347,87,176,0.098
structured,538dc2f7ebfd994c,32,118,189,169,312,71,143,0.092
structured,78d27b680c3db84e,32,162,248,235,412,86,177,0.108
structured,06bc0aa3f4778938,32,171,311,241,512,140,271,0.114
structured,6c5a0da338730ad4,32,165,216,232,350,51,118,0.114
structured,27e4273c80ffd933,32,115,181,166,299,66,133,0.105
structured,67df34e1086c07fb,32,171,273,242,450,102,208,0.104
structured,17afac8c3428bc96,32,117,192,167,325,75,158,0.096
structured,60451bec39896cff,32,139,212,196,356,73,160,0.102
structured,157b4ecb47febcdd,32,117,196,165,321,79,156,0.106
structured,d266492200da4af2,32,167,332,239,527,165,288,0.105
structured,4c85d4c76f7471d5,32,115,228,163,345,113,182,0.11
structured,0c1ce3dd9e60e4d0,32,147,216,209,354,69,145,0.102
structured,1783559f5751004b,32,151,240,212,391,89,179,0.099
structured,34a62fc4a18a08c9,32,146,259,202,416,113,214,0.105
structured,ffe6d7d56c16adf2,32,115,205,164,336,90,172,0.094
structured,d1b07f0ecb3414f3,32,112,200,161,307,88,146,0.107
structured,0c326d59bfcc0372,32,107,173,154,273,66,119,0.089
structured,e211a5cd8d9a8aed,32,145,156,203,253,11,50,0.217
structured,2aec748c45628898,32,167,260,236,418,93,182,0.108
structured,f4f24d240ffe2eae,32,143,156,200,264,13,64,0.248
structured,f4c7898aa35557c4,32,169,204,237,345,35,108,0.107
structured,9db2ead9cbd6416a,32,93,132,132,224,39,92,0.101
structured,e8049cca0dc0c153,32,174,256,243,425,82,182,0.108
structured,63db8ffc68bd362e,32,171,271,238,444,100,206,0.111
structured,7d55d7fa0276031f,32,165,249,235,418,84,183,0.108
structured,bc0e179a7cb4c87a,32,145,247,204,403,102,199,0.117
structured,6b44630d79fa0484,32,171,266,242,434,95,192,0.1
structured,47710c8698d92407,32,147,274,206,435,127,229,0.119
structured,0470730db1341fb3,32,147,171,210,276,24,66,0.092
structured,77db5d64c0b9d123,32,171,255,237,436,84,199,0.102
structured,ba93b7684b750a76,32,141,236,203,392,95,189,0.1
structured,ec97d85505751982,32,173,209,243,346,36,103,0.105
structured,92ec2f4d6fa4a657,32,117,189,166,312,72,146,0.107
structured,25eac07848947a3a,32,165,256,235,418,91,183,0.11
structured,bf0b641bc9b6433d,32,145,229,203,377,84,174,0.1
structured,cc4327abfb568547,32,154,164,217,263,10,46,0.092
structured,4348145baaeefb6c,32,170,250,237,419,80,182,0.108
structured,d420d7c0af016ff2,32,89,152,128,252,63,124,0.094
structured,bf0176e2afe8c5ea,32,165,202,235,330,37,95,0.101
structured,64b16032d964d7f9,32,119,189,170,318,70,148,0.097
structured,41bdb1776ae0357c,32,147,251,207,394,104,187,0.107
structured,ceef2c2e05964ca5,32,119,248,170,406,129,236,0.095
structured,7540eb38ef004205,32,170,253,242,433,83,191,0.109
structured,708d7f4217220e4e,32,173,305,242,485,132,243,0.107
structured,f320ca03da62f534,32,117,182,167,309,65,142,0.092
structured,873f4aeebb26c15d,32,119,164,170,276,45,106,0.099
structured,fa30f47b1b8f0bbf,32,145,185,206,320,40,114,0.288
structured,656c1be26e7d9297,32,119,208,170,344,89,174,0.105
structured,ee2b8cdb30d16daf,32,91,148,130,248,57,118,0.088
structured,ab0baf84cf117d14,32,163,200,230,331,37,101,0.302
structured,267441701d1ef46f,32,147,275,208,434,128,226,0.1
structured,cc235f7f580fcec4,32,175,187,247,317,12,70,0.106
structured,f7af019677a92ff5,32,147,233,208,376,86,168,0.102
structured,1ddba849dfc89a34,32,145,238,201,385,93,184,0.097
structured,95e25a717a321954,32,117,202,167,328,85,161,0.105
structured,8bd217d241e5673b,32,173,255,241,436,82,195,0.108
structured,a927b29ecb5a80b0,32,143,216,204,363,73,159,0.251
structured,ad06c98d526e4561,32,119,222,169,365,103,196,0.107
structured,3f6fa37d568723da,32,175,221,244,378,46,134,0.246
structured,c79bf430d77684ca,32,56,87,84,145,31,61,0.083
structured,82da32da45a79ade,32,173,333,244,533,160,289,0.106
structured,da517fff94dea04a,32,178,313,247,512,135,265,0.117
structured,e30bc7f216f94e1e,32,119,227,168,347,108,179,0.094
structured,0f95f286f0815dea,32,115,215,165,352,100,187,0.092
structured,cffba095886b0507,32,119,152,169,262,33,93,0.266
structured,b4d91480b1b181ff,32,119,221,168,340,102,172,0.096
structured,7df6f08a44ef209c,32,117,182,168,306,65,138,0.104
structured,3e899d184af4f6ea,32,115,229,163,360,114,197,0.109
structured,5a051aaff54b8f41,32,177,276,246,459,99,213,0.12
structured,04cd72d4063694a0,32,176,254,245,429,78,184,0.109
structured,e9c950cd81e11c20,32,143,236,205,377,93,172,0.101
structured,5a095338cf70a6f0,32,146,292,203,470,146,267,0.1
structured,f45a55fce46dd06f,32,117,206,167,332,89,165,0.281
structured,3fd84658590535a7,32,167,210,235,344,43,109,0.286
structured,01c5adcfa4bf2e13,32,119,235,169,365,116,196,0.092
structured,df5b4f21fd0e9dcd,32,171,302,240,464,131,224,0.109
structured,4e073ade27e296fa,32,143,228,199,389,85,190,0.102
structured,b77e04990fcf145e,32,143,250,202,414,107,212,0.098
structured,7530d9046e27e058,32,119,196,169,321,77,152,0.095
structured,729cf1524c3ab180,32,117,172,165,286,55,121,0.097
structured,cac8fa77625d9d24,32,143,302,204,476,159,272,0.105
structured,6ea86326d7e36a26,32,143,248,199,400,105,201,0.117
structured,e9c4814f4342fc44,32,117,196,167,317,79,150,0.098
structured,793e01514ad3dbef,32,169,268,238,452,99,214,0.106
structured,f099676446aeb7aa,32,115,191,165,317,76,152,0.223
structured,40c6643c4727b990,32,141,224,201,365,83,164,0.105
structured,bdfa0ea6b663d0c0,32,121,229,169,366,108,197,0.096
structured,0a509855764258bd,32,89,141,130,221,52,91,0.084
structured,79dc71abab11784b,32,173,178,243,302,5,59,0.109
structured,9a71ad855c4a649c,32,92,181,131,292,89,161,0.126
structured,77f7755354f41ba0,32,147,263,205,433,116,228,0.101
structured,0cd4ac236b52e9f7,32,151,191,208,305,40,97,0.261
structured,6aef0f146250fd06,32,171,262,240,419,91,179,0.105
structured,b8096a608f125006,32,141,229,201,379,88,178,0.108
structured,858bc25964048d29,32,117,151,164,242,34,78,0.092
structured,0c8e8eca1fa522e1,32,117,188,164,319,71,155,0.197
structured,900d93baeab45e83,32,145,256,204,413,111,209,0.253
structured,8d7b8db3b1a3320f,32,178,232,249,397,54,148,0.269
structured,c9862b7ac5d74629,32,171,251,242,399,80,157,0.103
structured,4d03e7850042d11a,32,177,309,247,496,132,249,0.118
structured,7f2de23bc49e44b8,32,146,231,202,381,85,179,0.12
structured,bd0c231a803c8f16,32,140,214,198,355,74,157,0.1
structured,a7fafde0e85a318a,32,122,144,172,231,22,59,0.089
structured,fc93fb25e15faf26,32,121,221,172,361,100,189,0.104
structured,fd14bceb61ca3042,32,149,285,209,465,136,256,0.131
structured,ead994f4fba2a16e,32,178,272,247,459,94,212,0.119
structured,129820121c917802,32,169,255,242,416,86,174,0.103
structured,ce554f5314bcc816,32,165,223,236,382,58,146,0.259
structured,e7a148b13f556db0,32,145,230,202,383,85,181,0.104
structured,f5b8328966412be7,32,167,270,235,433,103,198,0.103
structured,d207a78f1bafbca6,32,143,253,205,409,110,204,0.108
structured,3378defceb5ca726,32,117,212,168,337,95,169,0.108
structured,6c1db30dc7e73916,32,151,220,208,357,69,149,0.108
structured,3aea5c1cecb75b21,32,143,199,202,333,56,131,0.098
structured,d72a58a9fe722bc6,32,177,264,247,447,87,200,0.145
structured,8e8a9f952211264e,32,165,284,232,458,119,226,0.12
structured,8cdf6031a0306a02,32,87,140,126,230,53,104,0.095
structured,3582f5ede4590b92,32,167,258,239,423,91,184,0.236
structured,b41f5f85dc7b11ce,32,118,152,167,262,34,95,0.095
structured,3b5972f6e3f86f70,32,121,207,170,343,86,173,0.095
structured,ed29d5f4c9995a0d,32,179,205,250,337,26,87,0.099
structured,1095a5d535cb8af7,32,205,316,288,507,111,219,0.118
structured,a6c054e8c8a0bb56,32,139,255,201,412,116,211,0.104
structured,8333354aad16aa75,32,121,193,171,326,72,155,0.111
structured,f7c3fa800a25e53f,32,170,256,236,428,86,192,0.127
structured,6d5017d9fab5d343,32,169,216,238,341,47,103,0.113
structured,cd3a572cd82e2168,32,149,269,209,431,120,222,0.098
structured,859d043b1564c242,32,117,218,167,339,101,172,0.104
structured,589f4b9b4b80f408,32,115,200,164,320,85,156,0.106
structured,18c418b9d595a8ed,32,145,206,205,348,61,143,0.1
structured,156ade0fe1bfcf23,32,171,215,240,366,44,126,0.118
structured,aeeea5d56c310a05,32,89,165,129,269,76,140,0.093
structured,26e19c9cf19e89a4,32,149,233,207,377,84,170,0.107
structured,f369f376e0304a77,32,171,231,240,396,60,156,0.298
structured,1c88249abdc4db31,32,181,199,253,328,18,75,0.11
structured,7a663d2e321c598d,32,66,124,95,205,58,110,0.087
structured,133cc32fa0ef3da6,32,95,140,136,237,45,101,0.09
structured,d3bee93b0636cdce,32,194,240,279,393,46,114,0.1
structured,783fbf6df0a33b4f,32,121,128,171,204,7,33,0.09
structured,aef86e61e73c003b,32,171,252,243,420,81,177,0.103
structured,061e52c93745c327,32,171,303,240,479,132,239,0.14
structured,f674f6a31d76403d,32,147,237,206,385,90,179,0.101
structured,ccfeadbbea15d94b,32,115,148,166,249,33,83,0.129
structured,e0d3ba06e20f3af4,32,147,203,206,339,56,133,0.27
structured,6f7acbbb831807ed,32,171,291,241,462,120,221,0.11
structured,13d90e830432e46e,32,171,223,240,371,52,131,0.239
structured,841f1a9cd0da3811,32,115,198,165,324,83,159,0.099
structured,9f4f68847438fb84,32,169,277,237,461,108,224,0.112
structured,7b441b5845cf8a0a,32,119,188,166,305,69,139,0.184
structured,52c4be7c69d49512,32,121,157,172,271,36,99,0.096
structured,1bae7d16ae7a91be,32,143,251,202,400,108,198,0.101
structured,b829022b7362129c,32,141,226,198,370,85,172,0.13
structured,8c801f127f33eee9,32,169,224,239,371,55,132,0.111
structured,81266327aeb4ade0,32,117,204,167,333,87,166,0.097
structured,2a4f7d8ab2802b3f,32,123,248,174,406,125,232,0.099
structured,c51e49d7d89a65f2,32,143,208,199,355,65,156,0.114
structured,4181312377cf071c,32,119,196,170,322,77,152,0.097
structured,8835072c483b82cf,32,115,196,166,319,81,153,0.099
structured,cd8502075c6f3198,32,175,254,243,413,79,170,0.108
structured,3c3449fcf372fba9,32,121,216,170,359,95,189,0.098
structured,383ed82610b4f10d,32,121,180,170,287,59,117,0.092
structured,85932d1b0e0fa6be,32,141,177,198,304,36,106,0.1
structured,8af3da44564a89a7,32,117,190,168,313,73,145,0.093
structured,c22e58a79ac3bc40,32,121,192,171,325,71,154,0.101
structured,329c386bad1327d8,32,115,203,165,322,88,157,0.094
structured,e01980c67f0c89e5,32,169,251,242,410,82,168,0.109
structured,631b22e8909b1bf2,32,145,192,203,311,47,108,0.093
structured,40e13423466420e1,32,119,235,170,365,116,195,0.107
structured,576b972f048c7375,32,143,181,202,301,38,99,0.097
structured,168bba5c328335d6,32,117,193,165,320,76,155,0.122
structured,951e651d43d26a05,32,121,197,171,324,76,153,0.099
structured,e831240d97a9fcd9,32,167,243,235,412,76,177,0.109
structured,10281dfe36959157,32,149,195,207,336,46,129,0.108
structured,43c61a3ed9fb4397,32,123,188,174,305,65,131,0.097
structured,a002e4d24838cbfd,32,179,236,250,402,57,152,0.115
structured,cd3429ab114af57c,32,143,242,202,403,99,201,0.11
structured,2f3e9af1e35046ce,32,165,228,233,368,63,135,0.1
structured,2a40c6bbdf0ea8b2,32,210,292,289,462,82,173,0.133
structured,7acfa3b0db4c4350,32,167,224,234,388,57,154,0.108
structured,13e53fda465b4d8a,32,115,198,165,326,83,161,0.096
structured,3bc05d15ae98085e,32,119,208,169,344,89,175,0.109
structured,2c013f165eba02da,32,165,253,232,414,88,182,0.105
structured,b9879579bae1337d,32,141,237,201,380,96,179,0.116
structured,13582104385dced9,32,120,220,170,358,100,188,0.096
structured,87be1e1140c3e0b7,32,171,271,240,444,100,204,0.112
structured,525ba7d1bd909b39,32,173,252,242,431,79,189,0.11
structured,03d8052159e03c21,32,167,274,236,439,107,203,0.114
structured,e36777041c913227,32,143,238,205,395,95,190,0.129
structured,820ec1347cc01573,32,169,217,236,376,48,140,0.111
structured,b74873c7ca1b2dd9,32,145,219,206,358,74,152,0.099
structured,95fe40f56f7e526c,32,121,144,169,231,23,62,0.088
structured,bd37f8700909f482,32,114,175,165,285,61,120,0.09
structured,d54bc3076da0b0d2,32,171,248,238,428,77,190,0.116
structured,37075a3e100c29fc,32,145,182,205,318,37,113,0.108
structured,e98ef0a2c89429b3,32,119,240,170,383,121,213,0.099
structured,81a2cbdec62541e8,32,175,195,243,342,20,99,0.103
structured,37e227ece8cac3af,32,171,242,241,410,71,169,0.117
structured,dc3b1b1c69e1e416,32,171,270,243,454,99,211,0.105
structured,4ada92611dc9c6db,32,169,259,240,434,90,194,0.114
structured,5e98e4c3f3d19cc2,32,118,208,166,327,90,161,0.114
structured,433dfc50e15dc31e,32,116,140,160,244,24,84,0.107
structured,f9813d6d2cf6b8b0,32,145,270,204,433,125,229,0.099
structured,a7e66effe6b6eeb3,32,143,254,204,401,111,197,0.106
structured,145a468ef9d120d5,32,119,155,168,266,36,98,0.258
structured,1465631d4f74e36c,32,123,177,172,299,54,127,0.106
structured,413f943f9fa90cff,32,171,279,240,466,108,226,0.119
structured,77ccfe21e59f6d22,32,167,276,236,442,109,206,0.103
structured,7e8ff4a52f09dcfd,32,117,182,166,306,65,140,0.233
structured,f47e480e2e65106c,32,117,235,167,351,118,184,0.122
structured,da178c3e4df2d7a8,32,143,238,203,395,95,192,0.103
structured,8022a82549ff0a42,32,119,188,167,314,69,147,0.103
structured,e1230bfffbedea84,32,181,205,252,332,24,80,0.111
structured,342330c437699fa0,32,113,205,165,335,92,170,0.098
structured,77c64613faf5245d,32,171,241,241,401,70,160,0.105
structured,8b5340695106f97a,32,143,220,200,372,77,172,0.099
structured,cf41b92c1c808e91,32,175,291,243,476,116,233,0.11
structured,5cfa024aea5c2bbe,32,169,227,238,394,58,156,0.116
structured,93771865ae796b49,32,121,243,170,389,122,219,0.121
structured,9df71b16371d82e6,32,119,220,167,358,101,191,0.099
structured,e3f3dd8a31cd1903,32,169,290,239,456,121,217,0.131
structured,18e38b3027f1ef1c,32,118,189,167,312,71,145,0.092
structured,6a7f4bb756a168d9,32,119,216,170,345,97,175,0.117
structured,9dde1badfb22e1cd,32,169,235,234,373,66,139,0.104
structured,17bf708b51471721,32,119,167,169,283,48,114,0.103
structured,744af7bb7c037952,32,169,282,239,453,113,214,0.127
structured,39faab1d43bc2978,32,143,211,204,353,68,149,0.103
structured,07235a439e59b8e9,32,144,201,203,339,57,136,0.101
structured,72af2d0de41bbb3e,32,145,239,207,397,94,190,0.122
structured,d1c7a764678c28f5,32,119,173,169,295,54,126,0.093
structured,ffd8c3ebce63b763,32,143,240,205,395,97,190,0.275
structured,f6b22b0297dc555d,32,117,187,165,308,70,143,0.098
structured,ebe163712b242bc9,32,151,303,212,483,152,271,0.113
structured,e8759fe4c1afa7da,32,117,160,165,273,43,108,0.105
structured,48755cdcdd6ce1ac,32,147,219,210,363,72,153,0.099
structured,235f4ef4a68f1677,32,119,223,168,361,104,193,0.096
structured,3ffbd641fb2cd6cb,32,115,205,165,336,90,171,0.129
structured,001ab5ef21d2b7b8,32,166,282,233,464,116,231,0.12
structured,417c48828b51b7e5,32,173,215,244,368,42,124,0.105
structured,c28ba21c11c8fbfb,32,173,273,241,449,100,208,0.121
structured,260f62ecec6495cc,32,92,179,131,279,87,148,0.091
structured,5fff5685d2d39e84,32,179,226,250,386,47,136,0.187
structured,7b92d78c2b0f763b,32,147,277,208,441,130,233,0.101
structured,e8cc758fb662c8ff,32,175,276,244,443,101,199,0.118
structured,3850ae8605db6417,32,117,195,165,323,78,158,0.105
structured,dbb16e9b4b41338a,32,175,237,247,389,62,142,0.118
structured,6763fffe7969fd27,32,143,184,198,306,41,108,0.1
structured,3b50b4e71c33d291,32,145,204,206,338,59,132,0.115
structured,850056e2c6cbe92f,32,173,208,240,360,35,120,0.105
structured,fe2f9073bea4833f,32,120,188,169,319,68,150,0.093
structured,2dab35ddd90766a1,32,149,211,209,359,62,150,0.098
structured,da286e975f5d5bfa,32,175,245,243,395,70,152,0.251
structured,cd708a2cb819e8c4,32,147,247,206,417,100,211,0.101
structured,9be54306219242cb,32,143,203,204,339,60,135,0.129
structured,1dca990f0ad4107b,32,171,230,243,391,59,148,0.102
structured,2ff96df2a4d33ae8,32,145,237,205,391,92,186,0.109
structured,6916c708823bc9b6,32,173,242,240,413,69,173,0.248
structured,9d7f6edc4ff66eb1,32,143,207,202,342,64,140,0.147
structured,ddb5438a1812a436,32,169,252,239,414,83,175,0.119
structured,c66aea31dde56729,32,167,247,230,416,80,186,0.107
structured,6a4a5e2fd8ea1bf1,32,147,203,206,336,56,130,0.112
structured,05816f67aa269c4e,32,109,160,158,259,51,101,0.101
structured,8884419ba3592c51,32,119,177,168,301,58,133,0.235
structured,e718fefd5c58e97e,32,139,210,198,351,71,153,0.346
structured,e403f3fcd38107ea,32,171,246,240,379,75,139,0.1
structured,e51c00ac6b68067c,32,143,284,203,459,141,256,0.117
structured,64a2c367b23aa73d,32,176,330,245,518,154,273,0.144
structured,c1e6849847f4c26b,32,171,258,241,437,87,196,0.105
structured,3e4ddf490199745a,32,117,216,166,349,99,183,0.124
structured,eb8583678fca222a,32,175,285,247,474,110,227,0.108
structured,65ac0b868c67003c,32,115,202,164,327,87,163,0.095
structured,4883e431c23d63c9,32,215,261,307,440,46,133,0.107
structured,48afc9b486227f48,32,141,210,197,349,69,152,0.098
structured,a1de3a680507ea7a,32,149,230,210,387,81,177,0.141
structured,587bcbf19abdb490,32,145,251,207,409,106,202,0.276
structured,f7d9a1f2f39fa268,32,147,247,206,383,100,177,0.11
structured,131a89c86a29356e,32,121,163,171,279,42,108,0.103
structured,2678b2c8bb207896,32,143,257,202,409,114,207,0.102
structured,cbcab546ca1e4eb2,32,143,251,201,408,108,207,0.11
structured,ed8cc47a734dc0e5,32,91,159,130,264,68,134,0.122
structured,fb2f945486a8bf76,32,141,223,201,375,82,174,0.234
structured,dcb5bb8cbd6fa718,32,143,222,200,379,79,179,0.103
structured,22ece42cbf59fad6,32,120,184,169,305,64,136,0.108
structured,e0aae65e10742452,32,143,230,203,374,87,171,0.111
structured,5094e40c254887e5,32,117,202,166,328,85,162,0.1
structured,76fc9277365f0710,32,175,279,243,454,104,211,0.147
structured,80fc3ad3d9bb2476,32,141,244,199,384,103,185,0.102
structured,1579b6ec66395ad2,32,138,195,196,324,57,128,0.095
structured,e7792f4ddf7f3563,32,119,219,169,353,100,184,0.096
structured,862210cdeae0e93a,32,175,267,245,439,92,194,0.109
structured,af00ba17d24d0ae2,32,140,219,201,369,79,168,0.115
structured,83dfba2326bba4dd,32,168,273,234,441,105,207,0.115
structured,4e4193450b2903c9,32,175,198,244,348,23,104,0.117
structured,33711d5cbf109718,32,149,259,211,421,110,210,0.127
structured,61c256b1bc9d84a5,32,141,229,203,372,88,169,0.099
structured,9b00954adf8a8189,32,167,252,236,410,85,174,0.299
structured,738f0319a16346c7,32,117,200,168,332,83,164,0.097
structured,fae03cd926fc7ce2,32,173,211,243,357,38,114,0.102
structured,3dc6c93aecb07f79,32,147,203,208,339,56,131,0.106
structured,8d245be2f05cfcc5,32,173,299,246,487,126,241,0.11
structured,cbc4cdf90d5e78f8,32,119,167,169,283,48,114,0.108
structured,1958c7078d115fbb,32,148,216,205,361,68,156,0.1
structured,f53c51b3820a2c06,32,171,291,240,439,120,199,0.158
structured,ed9a1b5a95d1243a,32,125,180,175,307,55,132,0.142
structured,10c2cb784fbe21ac,32,119,160,170,269,41,99,0.094
structured,d1785bbc3c9f481a,32,114,220,164,357,106,193,0.098
structured,2c3e3d454d54fe89,32,175,193,243,317,18,74,0.11
structured,d9aa0eaf6fe6b817,32,165,259,234,422,94,188,0.228
structured,e4d30475a4227c5c,32,149,199,210,325,50,115,0.091
structured,a2dd1b0515cd7bd6,32,139,245,198,383,106,185,0.101
structured,d3fb07dad95ce596,32,145,212,205,354,67,149,0.118
structured,af0535cdaf7159ba,32,124,188,173,305,64,132,0.096
structured,868dada529483bd1,32,149,237,210,394,88,184,0.103
structured,689dd6586e1f6136,32,169,264,239,437,95,198,0.104
structured,8c3dbd1eab734883,32,147,242,206,400,95,194,0.121
structured,7fe4784bc3344e16,32,139,187,201,299,48,98,0.097
structured,59fdebfa43b64eaa,32,115,165,164,277,50,113,0.095
structured,15636f7c4b2acd22,32,176,241,243,401,65,158,0.12
structured,3502185becccc107,32,167,216,238,369,49,131,0.117
structured,c590cfa1705d6a8a,32,143,256,203,405,113,202,0.103
structured,b13a2c53368bb6da,32,169,226,238,373,57,135,0.101
structured,77d572edb41fe2d3,32,149,235,208,382,86,174,0.101
structured,c74947d09b5d438f,32,173,189,242,330,16,88,0.111
structured,7aaa114e1a269395,32,123,191,173,319,68,146,0.095
structured,6860ddad5f19eb9d,32,123,165,172,284,42,112,0.097
structured,bda6815790caa991,32,173,291,245,488,118,243,0.106
structured,6e4a6677c49fb4db,32,145,208,204,345,63,141,0.108
structured,2bef6825aa232e08,32,119,220,170,361,101,191,0.099
structured,062309e3b384dad6,32,175,260,247,428,85,181,0.108
structured,a778b1324ec40f73,32,115,199,168,321,84,153,0.091
structured,08bdb607058292bc,32,165,292,236,467,127,231,0.112
structured,0cbfc5da5613faed,32,165,181,234,306,16,72,0.127
structured,e5dc1cf6e0b994f1,32,171,243,239,396,72,157,0.105
structured,ab7637316e2edc07,32,167,212,235,346,45,111,0.109
structured,2c777e87ec9d80c8,32,145,269,202,432,124,230,0.1
structured,b1fb4d554d79dba9,32,141,171,202,290,30,88,0.098
structured,93f78c486fd5274d,32,119,221,168,363,102,195,0.119
structured,b32f0b832ee253ab,32,167,230,235,389,63,154,0.108
structured,9f165d3ad25fffa6,32,119,164,168,276,45,108,0.106
structured,816f72ff45af838d,32,149,289,209,452,140,243,0.106
structured,309170497d535d41,32,117,193,168,315,76,147,0.097
structured,f2445491de16a52d,32,145,219,203,370,74,167,0.11
structured,9415645e6979b8b6,32,116,200,165,320,84,155,0.093
structured,2adabea4a3497111,32,137,222,196,366,85,170,0.102
structured,dc0b5e392bd800d6,32,145,286,205,455,141,250,0.109
structured,a2885c0d5e4ba7ef,32,117,208,164,345,91,181,0.1
structured,aa82ebd892979d10,32,121,216,172,347,95,175,0.281
structured,f1372db884f8aeb3,32,167,216,235,374,49,139,0.101
structured,a7b67a32f02c75ce,32,147,208,208,355,61,147,0.206
structured,00396832670b4a56,32,143,216,202,352,73,150,0.105
structured,f5a8ed581c7a3339,32,141,239,201,385,98,184,0.103
structured,66fc6f4be649a6d1,32,117,172,165,286,55,121,0.094
structured,a221ab75c33c50db,32,145,185,205,300,40,95,0.093
structured,06f3fb24a388d16d,32,91,162,131,267,71,136,0.094
structured,b70974e2330d04cb,32,95,180,136,297,85,161,0.125
structured,e01364a80c2b5675,32,143,212,204,355,69,151,0.108
structured,20981f495fa45c1a,32,143,202,203,341,59,138,0.221
structured,bb30330267356e63,32,173,254,242,428,81,186,0.204
structured,4c79e44fc9db9771,32,137,207,190,343,70,153,0.106
structured,1f1c092e7e2b7a55,32,143,239,199,390,96,191,0.103
structured,06aabecc312cf8c8,32,169,288,240,476,119,236,0.117
structured,5c8b02ed84edd6b3,32,114,191,162,312,77,150,0.095
structured,ce210f854e463460,32,168,294,236,486,126,250,0.112
structured,270a11b44e7dd498,32,167,279,238,456,112,218,0.109
structured,437077de3d8785ce,32,169,269,239,423,100,184,0.109
structured,b87fc067c741cc13,32,173,319,243,512,146,269,0.118
structured,ffded5e2ca67f6b6,32,171,244,240,397,73,157,0.126
structured,e471f06f5b4cb03e,32,117,204,163,333,87,170,0.232
structured,2b0797247351a2be,32,145,176,206,272,31,66,0.095
structured,1951dc9ab6e2f967,32,171,223,241,373,52,132,0.103
structured,cfa05cccc40c55d4,32,121,196,171,309,75,138,0.102
structured,42aa390660a4ec4c,32,149,255,205,414,106,209,0.098
structured,2bc5112804aee04d,32,84,141,124,221,57,97,0.096
structured,958c8a9a37c310ad,32,169,240,235,407,71,172,0.106
structured,260a7af0da192910,32,143,185,201,303,42,102,0.096
structured,c30f5221632c65e5,32,169,207,239,359,38,120,0.286
structured,ed383be11e333ba8,32,145,173,204,274,28,70,0.091
structured,8c616bf6756a2cd2,32,176,209,249,334,33,85,0.106
structured,c29f790b21ce90a4,32,119,228,168,369,109,201,0.106
structured,11cc3479d1463831,32,177,237,243,403,60,160,0.103
structured,e234455f14df5592,32,113,217,162,337,104,175,0.108
structured,af4cdbd83d3f224f,32,147,251,206,407,104,201,0.235
structured,e86368680c160f47,32,117,220,168,345,103,177,0.121
structured,ea5e6741f3211574,32,117,196,167,325,79,158,0.104
structured,9bf4deaabd1859be,32,145,240,204,393,95,189,0.102
structured,d70d446801de4b61,32,143,191,205,325,48,120,0.099
structured,d0830ff8954607f1,32,115,205,165,336,90,171,0.093
structured,9a7ac066518e3085,32,145,165,204,272,20,68,0.105
structured,574292ead49c1a43,32,117,178,167,301,61,134,0.099
structured,ff2452027140e94d,32,179,263,248,443,84,195,0.22
structured,06c4db72496fb122,32,151,258,213,405,107,192,0.101
structured,d82e4805c0f406e5,32,169,266,238,418,97,180,0.12
structured,658f8ef95383f4fa,32,89,165,128,269,76,141,0.089
structured,53d3913698297fec,32,151,233,212,395,82,183,0.099
structured,51110f3b006f7179,32,175,284,245,462,109,217,0.263
structured,ac17602a42247eae,32,173,286,244,453,113,209,0.103
structured,149ef9e34ed27d2d,32,139,231,200,371,92,171,0.099
structured,6993c3a62daa69d9,32,173,294,239,482,121,243,0.234
structured,a4e750b297298a13,32,173,242,239,405,69,166,0.292
structured,03685494dedd8620,32,145,228,205,372,83,167,0.111
structured,d6cd10c642bbe874,32,143,248,199,397,105,198,0.117
structured,94f52e76885a367d,32,175,251,240,413,76,173,0.107
structured,06595d719c7559f0,32,115,223,162,347,108,185,0.097
structured,3dcdd69a60afbc35,32,93,149,133,252,56,119,0.119
structured,2c177a687b1934e9,32,123,168,174,289,45,115,0.096
structured,49054456e4a812cf,32,115,187,166,310,72,144,0.093
structured,cf9b97ca7ab191e5,32,173,284,243,440,111,197,0.105
structured,48ce84d723767c4b,32,173,204,243,351,31,108,0.247
structured,8940d861613f94ab,32,145,209,207,345,64,138,0.13
structured,60e8644d06fcb3cc,32,145,267,204,420,122,216,0.121
structured,376b9f36e2eaf6e6,32,179,183,247,300,4,53,0.107
structured,35784d2965a1dba9,32,121,193,171,326,72,155,0.094
structured,efd31457cb1ae1f3,32,175,312,245,513,137,268,0.104
structured,f55441f847d5bda6,32,175,333,244,534,158,290,0.121
structured,8fd2d19c31a06a3c,32,163,274,230,437,111,207,0.116
structured,94b9dfa7f5c479ff,32,119,214,168,341,95,173,0.107
structured,26d557d50e542b60,32,141,210,203,352,69,149,0.099
structured,08547f9c3d968528,32,167,273,237,451,106,214,0.114
structured,142ad090dc76851d,32,173,202,241,333,29,92,0.097
structured,87b190eecc6ce9a0,32,115,188,165,312,73,147,0.099
structured,9ab714282cd41fb0,32,119,221,167,363,102,196,0.098
structured,389a34fb98ec7672,32,143,226,203,373,83,170,0.1
structured,bd7153cfc9505633,32,144,203,201,331,59,130,0.097
structured,1b796e659aa63644,32,121,128,170,218,7,48,0.091
structured,7456730a501c5c00,32,145,222,203,369,77,166,0.105
er,c007744274749bf2,32,3985,582,5514,1069,-3403,-4445,0.381
er,1ab8e480cdbf9762,32,899,338,1263,580,-561,-683,0.293
er,d6a664bff75660b1,32,3070,553,4322,1012,-2517,-3310,0.391
er,ba97c087ddd8549e,32,4141,576,5751,1053,-3565,-4698,0.417
er,8ea6d79cf813ca4e,32,904,487,1248,894,-417,-354,0.209
er,5a2940bc0f086dd0,32,2442,571,3461,1040,-1871,-2421,0.378
er,f5f6dc8f63186046,32,3322,579,4606,1068,-2743,-3538,0.375
er,3183b150678b5dfd,32,3351,598,4643,1086,-2753,-3557,0.332
er,c0a7f11d258eb24e,32,1068,571,1460,1020,-497,-440,0.205
er,31d16b5d8a07b3ee,32,4219,546,5849,1002,-3673,-4847,0.444
er,5041298da065bf3c,32,4578,579,6324,1061,-3999,-5263,0.46
er,a5e46c4c7b8512b8,32,3976,572,5563,1056,-3404,-4507,0.475
er,74064fb4c0e1665f,32,2846,604,3887,1114,-2242,-2773,0.31
er,968f537797575d5f,32,3366,571,4707,1046,-2795,-3661,0.418
er,2523c4ef00333499,32,1073,529,1474,931,-544,-543,0.21
er,029bb922490e9fb3,32,3356,597,4632,1100,-2759,-3532,0.337
er,16ea0f3ad5d1ea67,32,3807,580,5235,1059,-3227,-4176,0.402
er,cbe2089fcc1f436c,32,4139,582,5760,1066,-3557,-4694,0.412
er,22b2e8eb32294cc1,32,4139,577,5740,1065,-3562,-4675,0.441
er,a6380fca0ebdd35d,32,4032,601,5567,1104,-3431,-4463,0.387
er,5e4af78f4b05bfed,32,3316,561,4645,1026,-2755,-3619,0.395
er,546e146d3a7eeabb,32,1209,574,1666,1044,-635,-622,0.209
er,a1fc26939e078436,32,2541,591,3503,1080,-1950,-2423,0.315
er,0d7387b92de37baa,32,2186,536,3100,960,-1650,-2140,0.378
er,280c78b5a55aece9,32,1264,510,1730,922,-754,-808,0.215
er,4e88868eb6318308,32,4441,583,6179,1081,-3858,-5098,0.501
er,c6440497ec20e5db,32,3221,584,4432,1073,-2637,-3359,0.326
er,406d2861312e9116,32,1197,550,1649,1010,-647,-639,0.215
er,6628fea571f8a1ee,32,2801,577,3862,1069,-2224,-2793,0.338
er,1a6e210c4459d849,32,4303,569,5954,1055,-3734,-4899,0.416
er,495d1828b117f6ac,32,4184,598,5798,1097,-3586,-4701,0.414
er,56bd74fd252a94e7,32,1482,542,2039,992,-940,-1047,0.258
er,bc32c2af53a347f0,32,3656,552,5102,1013,-3104,-4089,0.506
er,50c89a06a508c8c0,32,4249,587,5895,1078,-3662,-4817,0.416
er,88df352dbc8d93af,32,4070,612,5616,1128,-3458,-4488,0.409
er,2a7516612939ce6e,32,2621,501,3692,898,-2120,-2794,0.355
er,f32c78c375a77803,32,1767,589,2427,1085,-1178,-1342,0.239
er,45f46482899507c5,32,1918,568,2622,1031,-1350,-1591,0.256
er,4e4f56442ed85e0b,32,2360,586,3233,1062,-1774,-2171,0.275
er,87bffda334995028,32,4296,585,5946,1076,-3711,-4870,0.445
er,c413db90e7890171,32,4206,612,5818,1122,-3594,-4696,0.402
er,4686732acbd86d87,32,3313,594,4589,1097,-2719,-3492,0.359
er,9457b889b51f53d5,32,4284,584,5941,1081,-3700,-4860,0.471
er,785bbe7d2f3295ed,32,1198,427,1703,743,-771,-960,0.286
er,5e57d668fb1976f6,32,1085,559,1493,1021,-526,-472,0.209
er,6e4d2a5026e143ce,32,3900,592,5393,1091,-3308,-4302,0.388
er,40b12c73bebb640b,32,3512,526,4914,971,-2986,-3943,0.394
er,3bd8450edbcc5538,32,1342,513,1829,924,-829,-905,0.23
er,b0dd20df265c8e52,32,2184,607,3006,1118,-1577,-1888,0.284
er,2463426e941179a9,32,1542,569,2130,1042,-973,-1088,0.228
er,7c50390c30fc29f4,32,4259,574,5922,1060,-3685,-4862,0.5
er,e463bbc21f14465c,32,2695,604,3712,1108,-2091,-2604,0.336
er,1cd337b942771da9,32,4402,575,6097,1062,-3827,-5035,0.475
er,ceae2ddc6429ae45,32,2405,568,3300,1035,-1837,-2265,0.281
er,097842acc519db9f,32,1142,572,1577,1052,-570,-525,0.217
er,517788022c925b1a,32,1615,588,2221,1074,-1027,-1147,0.244
er,9be98e063dd2c89c,32,3716,581,5124,1069,-3135,-4055,0.386
er,c71ba7ed857e597c,32,3429,603,4724,1112,-2826,-3612,0.346
er,ac0eb13c8af8e732,32,4287,591,5951,1094,-3696,-4857,0.449
er,f19211eb890794c1,32,4426,558,6137,1033,-3868,-5104,0.413
er,36e2f162d159422c,32,3461,586,4779,1079,-2875,-3700,0.355
er,c45bba056a863263,32,3397,597,4706,1104,-2800,-3602,0.355
er,a5180a1c4c1c52d8,32,3800,597,5270,1099,-3203,-4171,0.395
er,3b90b4903dad6926,32,1964,557,2784,1003,-1407,-1781,0.342
er,afdb9ead92930b11,32,2940,577,4119,1054,-2363,-3065,0.416
er,e9fbed387d83f921,32,1466,576,2027,1051,-890,-976,0.226
er,ef5d1c6cc6dfcf9d,32,2355,570,3229,1045,-1785,-2184,0.314
er,e5bb3f8283d10375,32,3171,559,4387,1031,-2612,-3356,0.316
er,eb52cebcef356cc5,32,3155,552,4443,1020,-2603,-3423,0.423
er,834de26733b1a8e6,32,3102,585,4301,1079,-2517,-3222,0.329
er,15b2dde78d0e27f4,32,4374,601,6078,1108,-3773,-4970,0.44
er,84770dd3e9a593ce,32,3970,585,5472,1082,-3385,-4390,0.381
er,7b87b4b8d5abc223,32,4103,596,5707,1093,-3507,-4614,0.43
er,76a0eb86cfaea256,32,1899,580,2611,1061,-1319,-1550,0.255
er,2ff732edc07803fc,32,3487,556,4883,1021,-2931,-3862,0.394
er,5eca54d6dea235b7,32,3263,582,4489,1066,-2681,-3423,0.366
er,068cad3adf14c38e,32,3466,602,4818,1101,-2864,-3717,0.349
er,ee6554f19a339b8c,32,4334,599,6002,1112,-3735,-4890,0.426
er,3762fc7d4d4474cd,32,4170,579,5832,1053,-3591,-4779,0.45
er,7f9dd81c9072b01e,32,4258,591,5925,1076,-3667,-4849,0.4
er,1f56118b2fb72157,32,1086,413,1544,751,-673,-793,0.283
er,39fe92fc32d1854e,32,2705,597,3743,1098,-2108,-2645,0.394
er,1285d56c31457178,32,2252,593,3101,1084,-1659,-2017,0.289
er,ba10334c34d689c8,32,2569,553,3639,1018,-2016,-2621,0.373
er,856f364c35698df9,32,2376,563,3271,1032,-1813,-2239,0.313
er,8d6351d1018d5bd2,32,3742,599,5178,1100,-3143,-4078,0.365
er,aca87aa51cdef8c6,32,3791,562,5246,1030,-3229,-4216,0.451
er,18409cd1fff9bef3,32,3350,550,4637,1021,-2800,-3616,0.341
er,7711e089576c7976,32,4040,579,5632,1066,-3461,-4566,0.441
er,16783aed0bf342af,32,3470,551,4870,997,-2919,-3873,0.393
er,248d6276bce8ce69,32,4479,586,6213,1080,-3893,-5133,0.446
er,2b4f8d3a620a9d9a,32,1223,451,1722,790,-772,-932,0.292
er,2347f187c71f7c20,32,3200,571,4486,1041,-2629,-3445,0.426
er,f75cbf199934d235,32,4340,585,6068,1083,-3755,-4985,0.47
er,9140b342c0b01f3b,32,1092,463,1544,823,-629,-721,0.282
er,8f7a8d339f30f953,32,1926,597,2658,1094,-1329,-1564,0.268
er,b9a1654d89693461,32,4273,596,5940,1095,-3677,-4845,0.394
er,2321b9b5536d7271,32,3753,595,5195,1089,-3158,-4106,0.364
er,c5f2a83ceb833937,32,3832,583,5344,1081,-3249,-4263,0.419
er,58aaafc6f42dcbdb,32,3686,568,5099,1041,-3118,-4058,0.349
er,325c91149ad6e7d4,32,1542,536,2108,977,-1006,-1131,0.222
er,8047f85efa5799ae,32,2236,549,3162,1013,-1687,-2149,0.355
er,7ad1410584fe5e2d,32,3669,572,5110,1052,-3097,-4058,0.404
er,e6ff0a39f42df63a,32,3025,568,4169,1047,-2457,-3122,0.318
er,4b841c21fd50a257,32,3818,571,5257,1063,-3247,-4194,0.374
er,de8326c5a6df340f,32,1876,547,2661,995,-1329,-1666,0.331
er,b1c3536d9601571f,32,3800,593,5244,1089,-3207,-4155,0.384
er,f44c38f01820c76c,32,884,529,1218,940,-355,-278,0.173
er,ec7603c3465cea1c,32,2542,565,3612,1020,-1977,-2592,0.417
er,294ca19533901cef,32,1830,540,2590,981,-1290,-1609,0.33
er,5f7da5e64b459399,32,3748,557,5225,1025,-3191,-4200,0.397
er,70522546149a8440,32,2719,601,3851,1111,-2118,-2740,0.39
er,d3d5e213f89f85c0,32,4009,592,5585,1100,-3417,-4485,0.382
er,d115b00ce9cae555,32,1935,576,2726,1028,-1359,-1698,0.398
er,ccb6ecffa1033eee,32,4490,580,6214,1063,-3910,-5151,0.492
er,9e8cc79f9fd0da1c,32,4230,585,5912,1073,-3645,-4839,0.466
er,3c1c87d7d4062d38,32,4260,589,5931,1079,-3671,-4852,0.42
er,3f50f68ec44ce562,32,3857,598,5314,1098,-3259,-4216,0.386
er,f621eb492d87e531,32,2232,577,3073,1044,-1655,-2029,0.277
er,349a02e2705c6415,32,4419,568,6137,1040,-3851,-5097,0.413
er,9de0bd5fa10bf6e3,32,3631,600,5010,1110,-3031,-3900,0.401
er,02ffea10d7045f33,32,4110,602,5715,1108,-3508,-4607,0.41
er,fad893b3e87b0dce,32,3786,593,5255,1090,-3193,-4165,0.367
er,cce559ed788b5ed0,32,1048,510,1436,923,-538,-513,0.227
er,52a5e22e3261a5a0,32,2881,601,4056,1092,-2280,-2964,0.417
er,f61351228e0da3de,32,2231,558,3084,1018,-1673,-2066,0.263
er,c450252230628279,32,2951,577,4069,1061,-2374,-3008,0.38
er,735458962dc0e49a,32,852,557,1163,998,-295,-165,0.182
er,1a882b98a5e3a9a5,32,4296,573,5980,1055,-3723,-4925,0.441
er,0537d8ca94284c97,32,2418,490,3397,876,-1928,-2521,0.384
er,4a62e98000d02b80,32,3818,591,5340,1072,-3227,-4268,0.448
er,6cd89f6938bad234,32,3812,596,5301,1091,-3216,-4210,0.409
er,0ed2c359e9381032,32,2629,585,3716,1069,-2044,-2647,0.378
er,665ccc25a1290903,32,3660,596,5041,1088,-3064,-3953,0.356
er,b86f68b357cff3c1,32,2908,583,4037,1058,-2325,-2979,0.308
er,77a253a371e2c4f7,32,2081,541,2943,977,-1540,-1966,0.415
er,e7c16ef9ebb67cc1,32,1344,575,1854,1064,-769,-790,0.314
er,614913dc11c12f1b,32,4129,569,5751,1040,-3560,-4711,0.458
er,7dc66e77df4c770f,32,4369,567,6055,1040,-3802,-5015,0.469
er,85c348c0db7d8060,32,2815,561,3951,1029,-2254,-2922,0.377
er,0f95ead0f3656f78,32,2714,558,3827,1018,-2156,-2809,0.383
er,be1f30fa7ba21fc9,32,4318,564,5997,1040,-3754,-4957,0.427
er,d791ed07dbd87e1a,32,1890,568,2586,1039,-1322,-1547,0.291
er,c063a0608f4fa97d,32,3765,593,5217,1088,-3172,-4129,0.41
er,2301415990c72096,32,4356,601,6032,1103,-3755,-4929,0.451
er,a5655f362538bb98,32,1143,422,1617,719,-721,-898,0.272
er,b5f7f25811a0264e,32,3210,581,4418,1058,-2629,-3360,0.322
er,2fb08a9ef6a04885,32,1705,586,2348,1084,-1119,-1264,0.247
er,e25a7ac2a68bbd46,32,3796,560,5306,1033,-3236,-4273,0.409
er,782c17d4fcc1f20f,32,3701,587,5115,1088,-3114,-4027,0.393
er,351a6dd50b76141e,32,3835,592,5327,1091,-3243,-4236,0.41
er,db8428b6ba0e3810,32,4337,577,6035,1068,-3760,-4967,0.404
er,89f9c056b6ed86c2,32,2695,580,3721,1070,-2115,-2651,0.309
er,fd628574e078617f,32,2240,546,3177,992,-1694,-2185,0.348
er,f63347f4c345e273,32,2721,517,3826,935,-2204,-2891,0.446
er,f2f9530bbea98147,32,2794,550,3938,1005,-2244,-2933,0.378
er,dec2f49269a0df8a,32,2119,570,2910,1054,-1549,-1856,0.3
er,c9af058221132e1d,32,3097,593,4295,1090,-2504,-3205,0.332
er,440a27dbd5bfa3e7,32,1635,559,2260,1029,-1076,-1231,0.268
er,53bae6d9256a89d1,32,2422,568,3346,1041,-1854,-2305,0.276
er,59f2935434124b7e,32,1890,564,2614,1039,-1326,-1575,0.248
er,4b83c63a570c1731,32,3254,588,4505,1079,-2666,-3426,0.366
er,70d5a7c85ad103a4,32,1571,577,2165,1058,-994,-1107,0.271
er,4fbef9e5a69de665,32,4318,572,5967,1052,-3746,-4915,0.426
er,52f8f53abdc6d832,32,3883,584,5456,1076,-3299,-4380,0.463
er,2f04f97104dbf4a6,32,2227,512,3151,914,-1715,-2237,0.351
er,acf36054dc64751c,32,4515,568,6276,1039,-3947,-5237,0.428
er,3efd19dac0ed5351,32,4300,594,5984,1099,-3706,-4885,0.427
er,ecfe85a06e5a07d5,32,2325,576,3204,1049,-1749,-2155,0.279
er,2288acaf7123bf93,32,2069,579,2865,1040,-1490,-1825,0.262
structured,01be7665bde838bf,32,97,92,138,149,-5,11,0.094
er,bfe9e905ce57ea84,32,3791,592,5306,1078,-3199,-4228,0.466
er,b1726ea4dbee8308,32,3974,575,5492,1049,-3399,-4443,0.406
er,5ab3d63edb9760dc,32,1773,455,2501,812,-1318,-1689,0.35
er,fd04d0367323a7a6,32,2676,583,3686,1077,-2093,-2609,0.297
er,5dc5b179e0522504,32,1966,531,2761,955,-1435,-1806,0.322
er,27da4fff29b1a4ee,32,3704,562,5126,1027,-3142,-4099,0.407
er,98eeae78bc6af8d6,32,2846,574,4002,1050,-2272,-2952,0.405
er,85d446ae5bd8508b,32,3073,548,4316,1008,-2525,-3308,0.387
er,5cd0fdd753bbbc2b,32,3742,600,5175,1099,-3142,-4076,0.389
er,672d6fb7d144f7f7,32,2429,598,3359,1096,-1831,-2263,0.332
er,ab03f7fc7533da5e,32,4102,584,5710,1077,-3518,-4633,0.421
er,f75d8fb8d6114e45,32,3217,561,4446,1031,-2656,-3415,0.321
er,7bee1e16935dbc73,32,4379,589,6090,1090,-3790,-5000,0.432
er,b6157f5d2a75194d,32,4171,568,5773,1050,-3603,-4723,0.431
er,6d768ad3956514cb,32,3932,560,5475,1027,-3372,-4448,0.412
er,08624aace3040f92,32,2041,562,2806,1035,-1479,-1771,0.252
er,429a7c9223aa2e1f,32,2291,570,3244,1046,-1721,-2198,0.353
er,9f51abb6a3f25157,32,4056,584,5635,1080,-3472,-4555,0.398
er,5a3ed922df4b6966,32,2156,547,3043,1011,-1609,-2032,0.346
er,bd9ba15cf1745ed7,32,1944,597,2678,1102,-1347,-1576,0.304
er,0c375ce1cc42afed,32,4448,579,6197,1071,-3869,-5126,0.446
er,1a23163815fe5e8a,32,2726,600,3751,1109,-2126,-2642,0.382
er,99f32878971aa9bc,32,2563,565,3614,1026,-1998,-2588,0.373
er,204c3c64f93f8d99,32,4394,577,6124,1050,-3817,-5074,0.505
er,4545d00fbc6deea3,32,2020,602,2775,1101,-1418,-1674,0.265
er,d751a66f4a5f4a39,32,1682,577,2296,1045,-1105,-1251,0.268
er,f12348e0bdfff2bd,32,3786,576,5234,1064,-3210,-4170,0.533
er,be157218f01ae6b8,32,3942,561,5462,1049,-3381,-4413,0.388
er,93cd6b0d7ea0cbb4,32,4261,596,5894,1092,-3665,-4802,0.41
er,5eb86e705585726c,32,1050,501,1448,913,-549,-535,0.199
er,be763fb2dbd421ab,32,3945,594,5451,1097,-3351,-4354,0.461
er,da9dcd8ab7a5a736,32,1388,542,1898,962,-846,-936,0.261
er,ead3ba1947ddd670,32,3910,575,5426,1067,-3335,-4359,0.441
er,4aa48287c815e5ac,32,4279,593,5921,1088,-3686,-4833,0.403
er,29361c0efedfaad7,32,3847,523,5379,960,-3324,-4419,0.421
er,e589f55d5abd3e53,32,1121,563,1533,1021,-558,-512,0.228
er,857220a4bb0e20c0,32,3729,584,5185,1080,-3145,-4105,0.442
er,a53075dc5d3c1785,32,4101,580,5703,1058,-3521,-4645,0.453
er,69b8ed49d91e6af8,32,3025,586,4176,1074,-2439,-3102,0.353
er,4e653d5154aaba7d,32,1099,553,1497,1002,-546,-495,0.197
er,2abea455aeec56c4,32,4105,560,5697,1027,-3545,-4670,0.402
er,ed89ff3a30e51ee9,32,2279,564,3155,1031,-1715,-2124,0.292
er,dc3304e694bc2003,32,3764,576,5216,1067,-3188,-4149,0.388
er,cbbe7f8042c96bf2,32,1689,576,2319,1061,-1113,-1258,0.249
er,7ebaa356b3f65b13,32,4260,589,5886,1073,-3671,-4813,0.393
er,fa5e11ac0c634909,32,3183,548,4463,1008,-2635,-3455,0.432
er,6b962999ae262aae,32,1592,403,2242,720,-1189,-1522,0.312
er,6c0736b0555419a1,32,2693,552,3726,1016,-2141,-2710,0.288
er,4082b3670a49b4c3,32,2721,574,3751,1054,-2147,-2697,0.306
er,2fee4252080c8fb0,32,1182,454,1674,785,-728,-889,0.366
er,3f93b6bea346c050,32,3326,583,4611,1068,-2743,-3543,0.328
er,f8fb67972beb6ef4,32,2249,571,3097,1040,-1678,-2057,0.279
er,416dae002c633128,32,3103,583,4276,1063,-2520,-3213,0.368
er,a8b1dd3bce704f42,32,2144,572,3034,1029,-1572,-2005,0.361
er,154f805203f75d6a,32,1273,517,1825,907,-756,-918,0.299
er,229af4cf2043a0a9,32,2567,605,3626,1097,-1962,-2529,0.391
er,3bc9106cad95cb72,32,4301,567,5963,1031,-3734,-4932,0.417
er,cccfee8d86e818df,32,3938,579,5441,1074,-3359,-4367,0.37
er,da555023d1798871,32,1788,549,2461,1006,-1239,-1455,0.294
er,71aeea20e48aec38,32,2606,608,3590,1122,-1998,-2468,0.353
er,56e6bd88832a7b6b,32,1615,529,2293,945,-1086,-1348,0.344
er,e3762575e860b72d,32,4080,571,5681,1055,-3509,-4626,0.438
er,9862421af35d728e,32,3560,610,4895,1118,-2950,-3777,0.381
er,c576b29a6945b8c0,32,971,526,1339,926,-445,-413,0.23
er,bc8c185627375162,32,2789,565,3930,1036,-2224,-2894,0.417
er,378f0f247cb292c3,32,1856,502,2645,903,-1354,-1742,0.324
er,e12692764fe5e407,32,3179,523,4443,954,-2656,-3489,0.38
er,6b3148da3a3cfea6,32,1498,531,2059,977,-967,-1082,0.231
er,65d56f0ce24d7cdf,32,4022,577,5597,1060,-3445,-4537,0.466
er,0fb3bdd58b721359,32,2467,536,3489,970,-1931,-2519,0.378
er,b7d7b9995f386b6b,32,3735,577,5182,1056,-3158,-4126,0.392
er,059fa24925673548,32,3257,582,4560,1080,-2675,-3480,0.395
er,b94c41cb16c61b8a,32,2604,587,3665,1065,-2017,-2600,0.411
er,a7d2a9d5dfb7c541,32,4226,573,5865,1065,-3653,-4800,0.434
er,1c87ead573f8940e,32,2081,586,2874,1065,-1495,-1809,0.254
er,c4a78e9f64c77f6b,32,3499,583,4830,1065,-2916,-3765,0.38
er,1350a1abfea9084b,32,4401,582,6145,1066,-3819,-5079,0.421
er,ce57d761da1b6275,32,3553,551,4995,1002,-3002,-3993,0.402
er,d0d32c846af8dc45,32,1838,563,2608,999,-1275,-1609,0.337
er,a25e19e8961ae9c5,32,4102,608,5704,1120,-3494,-4584,0.422
er,7fbc2f1810865c72,32,3747,607,5215,1104,-3140,-4111,0.405
er,fc1d4b3b16a3df89,32,4253,581,5905,1075,-3672,-4830,0.412
er,95b243ec3cd69710,32,3257,596,4501,1097,-2661,-3404,0.336
er,15c710d93648a12e,32,1171,517,1623,941,-654,-682,0.212
er,6691593fdea314e9,32,3877,589,5396,1085,-3288,-4311,0.412
er,4f112d50f9d8eec6,32,2407,596,3329,1102,-1811,-2227,0.331
er,63ef190224ab25cb,32,2548,583,3489,1081,-1965,-2408,0.303
er,7f00795ebbb878ab,32,2881,579,3979,1067,-2302,-2912,0.323
er,95c8341911428131,32,4390,550,6099,1010,-3840,-5089,0.424
er,eb2d154b98b33c2d,32,4211,594,5828,1095,-3617,-4733,0.453
er,e4df6b8bb04b1f8d,32,3507,613,4935,1119,-2894,-3816,0.412
er,e8df131fe571d484,32,3479,563,4811,1036,-2916,-3775,0.356
er,6b62ed0d43f7e888,32,1928,502,2734,898,-1426,-1836,0.324
er,effee3ef17563e40,32,1210,559,1671,1004,-651,-667,0.2
er,522fb0d7ead7ec06,32,2175,583,2989,1064,-1592,-1925,0.305
structured,91dbccd7c20f6144,32,177,161,242,249,-16,7,0.1
er,9ab1d238965766ca,32,2629,575,3613,1064,-2054,-2549,0.315
er,dca37c3ea81b2e92,32,3819,592,5342,1096,-3227,-4246,0.412
er,e5b73a044010aa3f,32,3797,587,5229,1077,-3210,-4152,0.4
er,03009183fee92566,32,2213,596,3048,1095,-1617,-1953,0.278
er,63c0850185152efb,32,1584,535,2243,957,-1049,-1286,0.332
er,b6628752e40275dd,32,1156,404,1631,722,-752,-909,0.269
er,c1b4713572293d8a,32,3381,596,4658,1102,-2785,-3556,0.346
er,0dc334cba383f49d,32,2650,589,3733,1071,-2061,-2662,0.367
er,b940a9c39cf352dc,32,3531,597,4904,1090,-2934,-3814,0.437
er,43113a6c89d597d4,32,1303,588,1781,1068,-715,-713,0.256
er,db2f37ca2fe7f1e8,32,2626,535,3686,974,-2091,-2712,0.363
er,79a621bedb700d29,32,1624,557,2243,1019,-1067,-1224,0.23
er,aefd8be99791cded,32,4700,582,6498,1068,-4118,-5430,0.44
er,341172a6088921ba,32,2041,584,2806,1071,-1457,-1735,0.304
er,a3e84c109d8bf1fd,32,1707,579,2334,1049,-1128,-1285,0.519
er,a05ebd9c1116ea14,32,3231,569,4536,1032,-2662,-3504,0.382
er,74d6dfaa3d9c0477,32,4076,573,5656,1061,-3503,-4595,0.431
er,edbd91b46347173c,32,4147,591,5774,1078,-3556,-4696,0.441
er,39dd6d6a472bbc0d,32,2403,586,3333,1067,-1817,-2266,0.296
er,19f141ae0978ab6d,32,3382,588,4729,1073,-2794,-3656,0.391
er,1b4eb44bbf029dae,32,4015,569,5593,1034,-3446,-4559,0.422
er,17bcf4d2a2c7c2a4,32,4228,589,5860,1081,-3639,-4779,0.422
er,3954d4682148ecb5,32,1182,414,1668,719,-768,-949,0.29
er,0899d3dab70fbe49,32,3644,553,5110,1016,-3091,-4094,0.406
er,2a5094ec7a362320,32,4075,585,5658,1068,-3490,-4590,0.443
er,64fbdbc0f9933915,32,2732,590,3847,1083,-2142,-2764,0.371
er,3554810557056cfd,32,1856,569,2549,1048,-1287,-1501,0.248
er,5942e93b40b5b630,32,2667,594,3658,1091,-2073,-2567,0.36
er,8d11ab8462b58d3f,32,3096,569,4290,1050,-2527,-3240,0.353
er,938d5e0220fd0002,32,2504,560,3539,1018,-1944,-2521,0.367
er,db89c53d7a559532,32,2858,588,3943,1083,-2270,-2860,0.541
er,b318425732ea258e,32,3016,557,4270,1024,-2459,-3246,0.377
er,4d4630ac3f40cfdb,32,2472,569,3421,1042,-1903,-2379,0.279
er,ae4f57866cfbdedf,32,1900,489,2679,876,-1411,-1803,0.378
er,c189bb654b75d02a,32,2915,570,4008,1043,-2345,-2965,0.31
er,13ab44c72c413fc5,32,4120,580,5691,1061,-3540,-4630,0.404
er,e50d53b8e2b7aef1,32,1185,544,1622,974,-641,-648,0.201
er,12a176bedfbe31f0,32,2100,537,2974,988,-1563,-1986,0.384
er,8f084afa3cd83e8d,32,1234,524,1689,957,-710,-732,0.204
er,2c7314e76d46a062,32,2965,574,4071,1056,-2391,-3015,0.332
er,5240bae9db494f0b,32,3003,572,4140,1061,-2431,-3079,0.375
er,da3849a5e93946bf,32,4040,591,5607,1089,-3449,-4518,0.436
er,307add84d96f59de,32,4168,585,5796,1076,-3583,-4720,0.413
er,0899aa5be7549527,32,1066,583,1464,1048,-483,-416,0.245
er,85aff3edd65fa293,32,4323,596,5996,1092,-3727,-4904,0.432
er,d98def34cb62c1fd,32,2750,590,3876,1091,-2160,-2785,0.388
er,3fe6c1e5999e287f,32,3246,583,4566,1076,-2663,-3490,0.398
er,f0c6c4cc277f747f,32,3861,591,5351,1090,-3270,-4261,0.393
er,79beb9aaf965eaef,32,1943,571,2662,1035,-1372,-1627,0.29
er,1ad51998193aec11,32,1875,571,2573,1035,-1304,-1538,0.286
er,b34088dcd7621eb9,32,3146,579,4404,1057,-2567,-3347,0.426
er,6e338be4ac88da8d,32,1723,523,2385,947,-1200,-1438,0.229
er,8ec8e867d701dd35,32,2140,529,3034,936,-1611,-2098,0.33
er,a9947a1d1998230f,32,3120,597,4310,1088,-2523,-3222,0.326
er,d1b32cb0ba6f87c1,32,3068,610,4228,1110,-2458,-3118,0.405
er,fcd3fa1fe35eefc3,32,4331,587,5997,1079,-3744,-4918,0.432
er,b92eaca1149aba3f,32,4179,586,5811,1079,-3593,-4732,0.424
er,74ec62f57333c73b,32,3465,563,4854,1032,-2902,-3822,0.394
er,5d4fa9ec65356833,32,1902,528,2699,946,-1374,-1753,0.377
er,8f543c735bbdd1db,32,4158,580,5764,1074,-3578,-4690,0.396
er,f080c9b14d33b197,32,1888,562,2600,1026,-1326,-1574,0.249
er,8de0da699feb6501,32,2983,598,4101,1096,-2385,-3005,0.311
er,d001b007a6fad41a,32,4060,587,5606,1083,-3473,-4523,0.415
er,249f308bf796c4ce,32,1845,554,2531,1013,-1291,-1518,0.242
er,26bc81d8ee020cac,32,4161,591,5778,1091,-3570,-4687,0.427
er,59dd9518f708bb95,32,4286,596,5950,1095,-3690,-4855,0.517
er,dd178a972d5bf466,32,1797,558,2466,1033,-1239,-1433,0.262
er,0cee0fba3b9d7548,32,3285,578,4525,1070,-2707,-3455,0.35
er,5623d79afac9034f,32,4114,608,5714,1126,-3506,-4588,0.39
er,8146887134415183,32,3626,592,5021,1091,-3034,-3930,0.442
er,20bf355bfa7c4e93,32,4053,574,5640,1059,-3479,-4581,0.401
er,6c46a206a130cb61,32,4112,593,5705,1091,-3519,-4614,0.411
er,c7b2774d6c159ff7,32,4492,593,6215,1100,-3899,-5115,0.411
er,53ea394a8ee66676,32,3682,600,5083,1106,-3082,-3977,0.388
er,973f3df86d996330,32,3147,600,4353,1091,-2547,-3262,0.318
er,e24026009d9f7a98,32,3568,548,5006,1004,-3020,-4002,0.435
er,95947bfd78684d10,32,1963,586,2705,1059,-1377,-1646,0.324
er,9efdd684fe7f864f,32,3413,586,4778,1071,-2827,-3707,0.396
er,c21949e8f495787d,32,2669,524,3766,952,-2145,-2814,0.38
er,4c16d59c676c3cf2,32,3373,589,4651,1092,-2784,-3559,0.359
er,e3f056fede949861,32,4137,568,5730,1043,-3569,-4687,0.465
er,077c5c3040ed41d4,32,2892,582,3979,1073,-2310,-2906,0.312
er,e1eb99e620da0a7d,32,4320,587,6041,1082,-3733,-4959,0.422
er,0f5f9d22580498a2,32,3213,602,4452,1108,-2611,-3344,0.382
er,569c7465b4eec1f9,32,2058,574,2833,1036,-1484,-1797,0.262
structured,36be13ed63ad6a0e,32,121,114,169,188,-7,19,0.088
er,139fbf1aa5bbafc2,32,4011,602,5571,1110,-3409,-4461,0.396
er,d60c6f7be1879a12,32,1014,555,1382,1000,-459,-382,0.183
er,c07b59224a624b79,32,4045,610,5597,1124,-3435,-4473,0.391
er,f8fe05d71923ef6a,32,3966,594,5482,1092,-3372,-4390,0.437
er,aa3e46de4da3673a,32,3081,605,4255,1105,-2476,-3150,0.321
er,127951147d96bc9c,32,3491,575,4884,1044,-2916,-3840,0.403
er,40000b2df3815285,32,3000,594,4223,1077,-2406,-3146,0.388
er,7174af93c9326d9d,32,4058,580,5647,1069,-3478,-4578,0.445
er,a71d6522812c0f8e,32,1850,563,2560,1024,-1287,-1536,0.245
structured,24374e9c96c1a518,32,123,115,171,191,-8,20,0.093
er,5e28e2653f8a064f,32,4601,596,6349,1102,-4005,-5247,0.444
er,16720a6493ab2110,32,1896,575,2596,1053,-1321,-1543,0.261
er,f417492ad1628699,32,3953,613,5497,1123,-3340,-4374,0.394
er,d27d97559e93eeb1,32,3623,578,4996,1068,-3045,-3928,0.36
er,fee4e5a871464ec8,32,2220,584,3049,1074,-1636,-1975,0.276
er,8a9ed780115b855d,32,3027,555,4276,1015,-2472,-3261,0.374
er,0117530726a1f247,32,2953,588,4160,1073,-2365,-3087,0.418
er,199e591490c33333,32,4076,579,5630,1068,-3497,-4562,0.398
er,0ff231f8e001dafe,32,1231,550,1696,996,-681,-700,0.224
er,0240f1e82caae52c,32,4040,588,5603,1088,-3452,-4515,0.437
er,48ce443ef04f5351,32,4539,592,6237,1088,-3947,-5149,0.434
er,3748e53abed0e1a5,32,4124,564,5712,1033,-3560,-4679,0.399
er,1da6633b8470857a,32,3466,589,4797,1089,-2877,-3708,0.346
er,6dc9f21ea5ad79f8,32,3179,557,4406,1016,-2622,-3390,0.329
er,2d6657536ff0510e,32,1926,530,2734,967,-1396,-1767,0.338
er,7cfcc0b1d3abf7a1,32,4273,594,5909,1095,-3679,-4814,0.414
er,573e35b46fdae872,32,3034,574,4276,1057,-2460,-3219,0.439
er,0fd563dc0646fe45,32,3385,585,4702,1073,-2800,-3629,0.341
er,2d354cec7c4584c0,32,1193,562,1643,1019,-631,-624,0.204
er,a686b5493a72af41,32,1811,561,2486,1019,-1250,-1467,0.275
er,ff212182aba2baa9,32,4023,597,5582,1089,-3426,-4493,0.413
er,1bca00460b753073,32,4170,567,5782,1036,-3603,-4746,0.435
er,a8b113cacf332744,32,2805,531,3961,964,-2274,-2997,0.366
er,3b4955afe3a5fe7e,32,2621,522,3684,947,-2099,-2737,0.365
er,9cf59630854faa6f,32,3540,577,4964,1064,-2963,-3900,0.421
er,0ac7c89ca497c98a,32,2832,541,3884,1004,-2291,-2880,0.34
er,5d7c0055eb38d96b,32,4309,610,5993,1121,-3699,-4872,0.436
er,6d49d5b8c81f3c31,32,2375,559,3354,1018,-1816,-2336,0.359
er,9331ff637f5be838,32,3601,582,4958,1070,-3019,-3888,0.358
er,b7e0debb509a9d17,32,1374,565,1891,1034,-809,-857,0.231
er,26590618106af338,32,4382,610,6071,1122,-3772,-4949,0.429
er,018b3b803cce6735,32,4270,571,5909,1057,-3699,-4852,0.444
er,4dcc8a9d60ca344e,32,3956,577,5501,1066,-3379,-4435,0.393
er,44e1ab1936d21a78,32,3784,563,5293,1038,-3221,-4255,0.41
er,792097eac71c79da,32,872,519,1193,931,-353,-262,0.176
er,15ba26bdc6f3a5dd,32,1574,470,2230,867,-1104,-1363,0.304
er,de8a456c6ac73126,32,2271,550,3219,988,-1721,-2231,0.394
er,01beb6daeaf21a49,32,3869,590,5324,1089,-3279,-4235,0.471
er,188eb5860979f9c9,32,4462,585,6180,1078,-3877,-5102,0.433
er,1e66d62d7dba1f73,32,4378,569,6039,1059,-3809,-4980,0.455
er,277557217641cd03,32,3812,566,5321,1046,-3246,-4275,0.418
er,58426a228c2dfb56,32,3285,601,4545,1095,-2684,-3450,0.394
er,deee46846c9d9a0b,32,3004,541,4234,981,-2463,-3253,0.425
er,dad8dce5e6637923,32,1513,563,2073,1014,-950,-1059,0.233
er,b850c842ee945244,32,1839,583,2520,1074,-1256,-1446,0.256
er,f31f9d6ee533db65,32,1010,341,1445,606,-669,-839,0.269
er,2d0813212a6d16c4,32,4269,609,5924,1123,-3660,-4801,0.445
er,3120525c5967ff0c,32,2781,552,3944,1011,-2229,-2933,0.365
er,2929edbd45ccead9,32,3926,576,5460,1064,-3350,-4396,0.497
er,8f5a3c8bab99b825,32,4267,568,5921,1041,-3699,-4880,0.432
er,e7ab7fd7252345f7,32,3684,553,5169,1010,-3131,-4159,0.429
er,41d05c5292ec27dc,32,3216,601,4419,1102,-2615,-3317,0.348
er,ce01872280950e8c,32,3095,594,4280,1092,-2501,-3188,0.329
structured,231f942e481b6d21,32,169,148,235,258,-21,23,0.1
er,5f90dec6dabb9d29,32,1404,422,1989,764,-982,-1225,0.3
er,f3830b4ea1812cf4,32,1248,570,1723,1051,-678,-672,0.214
er,40573014f0a05e2b,32,1466,578,2005,1044,-888,-961,0.256
er,ef9bcaca9656b07f,32,3795,582,5313,1064,-3213,-4249,0.46
er,b439400c478418d8,32,3836,572,5332,1040,-3264,-4292,0.374
er,e0254170e990a31f,32,3750,585,5206,1080,-3165,-4126,0.4
er,0d040ca3d20459eb,32,4606,572,6402,1045,-4034,-5357,0.435
er,b6c2bf8cb6c8036a,32,4159,564,5775,1032,-3595,-4743,0.472
er,b3b09f41416247e6,32,1914,598,2626,1081,-1316,-1545,0.248
er,8dded307016c9d1a,32,4254,566,5928,1041,-3688,-4887,0.409
er,de1c58c197bec4ea,32,3813,601,5288,1106,-3212,-4182,0.435
er,9b0b7e066ce522a7,32,3062,601,4213,1110,-2461,-3103,0.353
er,7cf5d3c929bdbfe7,32,2021,542,2847,987,-1479,-1860,0.346
er,03cbcf2221ba70b7,32,1346,447,1908,788,-899,-1120,0.29
er,1ebd469785a839d7,32,1621,556,2311,1009,-1065,-1302,0.336
er,6846fcd92732beac,32,3004,582,4127,1076,-2422,-3051,0.312
er,7e62019cf6d6a0b6,32,4171,578,5780,1076,-3593,-4704,0.414
er,8fe3207f6faf921d,32,1307,574,1808,1028,-733,-780,0.217
er,9571fbb94361ac58,32,4406,594,6113,1087,-3812,-5026,0.462
er,b965b15ab6b0720f,32,2737,585,3789,1078,-2152,-2711,0.341
er,d8c90cc2bef6e729,32,2091,510,2949,905,-1581,-2044,0.353
er,78ef9cb9aa2b639b,32,1228,569,1690,1026,-659,-664,0.206
er,557f32f0b7a5210a,32,2670,586,3683,1078,-2084,-2605,0.303
er,01560102dece04f3,32,2899,574,4006,1055,-2325,-2951,0.352
er,c98a12518e2d072e,32,4022,579,5620,1064,-3443,-4556,0.484
er,754f7fc9dc87603b,32,2454,563,3466,1033,-1891,-2433,0.361
er,1123f6bce209b6d1,32,3050,560,4225,1025,-2490,-3200,0.326
er,5b466f97e9f08be6,32,3946,601,5507,1109,-3345,-4398,0.418
er,f6b31dd455096c31,32,3974,596,5544,1083,-3378,-4461,0.454
er,14858de9e611bc95,32,2449,568,3478,1051,-1881,-2427,0.363
er,97e961e03f7e026e,32,3946,579,5512,1061,-3367,-4451,0.446
er,cded096774a87bd7,32,3877,598,5358,1105,-3279,-4253,0.488
er,e6abfdf8f10ef81d,32,1118,559,1526,979,-559,-547,0.185
er,d4152978ab52e961,32,2138,579,3022,1051,-1559,-1971,0.355
er,18d6c466be0d3bef,32,2108,495,2999,911,-1613,-2088,0.34
er,00cfb8b1bbaa5a56,32,3768,584,5215,1081,-3184,-4134,0.445
er,686a6b39d9b97a59,32,4465,579,6165,1066,-3886,-5099,0.465
er,2e3ec0f1c46115a2,32,4017,590,5587,1085,-3427,-4502,0.433
er,f96303fd4646ef27,32,2230,606,3096,1107,-1624,-1989,0.317
er,004c13d23cbae4af,32,4665,603,6499,1108,-4062,-5391,0.459
er,31a61e2a2fe49004,32,1582,565,2186,1035,-1017,-1151,0.243
er,1da4ea383cc91797,32,4168,576,5821,1060,-3592,-4761,0.435
er,fd301d8fdaebe10a,32,3890,581,5374,1075,-3309,-4299,0.397
er,1dce9a498c9cc162,32,1504,564,2074,1023,-940,-1051,0.236
er,3026dfd5a890d0e5,32,3778,580,5279,1068,-3198,-4211,0.397
er,6b332cccfa895a04,32,1505,557,2137,978,-948,-1159,0.336
er,635d0e87cc2cc5d6,32,4005,578,5531,1081,-3427,-4450,0.459
er,c03e7cee1c52d57f,32,1535,518,2182,927,-1017,-1255,0.346
er,90e9ebf52fcd6fd1,32,2025,565,2794,1036,-1460,-1758,0.3
er,b714af1ad41f6651,32,3561,569,4932,1044,-2992,-3888,0.387
er,13fd9b62decabc1a,32,3844,591,5391,1082,-3253,-4309,0.46
er,af4f99761b406826,32,1341,492,1910,893,-849,-1017,0.31
er,aacef198271bed90,32,3499,605,4889,1102,-2894,-3787,0.443
er,b6b1946a59931417,32,1662,522,2278,945,-1140,-1333,0.244
er,4aa6ccce4796ab10,32,3906,597,5431,1095,-3309,-4336,0.461
er,751e337dd3584504,32,1853,614,2537,1125,-1239,-1412,0.404
er,24613c744c2f299b,32,3388,567,4775,1051,-2821,-3724,0.392
er,12cafc84f4078f70,32,4517,578,6239,1064,-3939,-5175,0.46
er,59372fd0e0947380,32,3656,591,5051,1089,-3065,-3962,0.368
er,397daf8cfaf05135,32,1189,505,1632,914,-684,-718,0.192
er,a590adfd3587a313,32,1660,448,2351,793,-1212,-1558,0.309
er,6f2c877bcb3c87eb,32,1968,515,2781,909,-1453,-1872,0.327
er,af3a2be4c4a7d1cb,32,1995,583,2739,1065,-1412,-1674,0.261
er,0bb5cf77114f8693,32,3615,563,5044,1036,-3052,-4008,0.407
er,9c7c1ff8cd39cf3e,32,1114,461,1582,780,-653,-802,0.289
er,ce0d608cb8b17411,32,1185,547,1615,963,-638,-652,0.198
er,8049e5062a5c5301,32,3779,595,5233,1097,-3184,-4136,0.431
er,10095d3fbb11639d,32,4042,595,5611,1093,-3447,-4518,0.427
er,0774cb70bee02e9c,32,4012,592,5546,1092,-3420,-4454,0.543
er,8343af1a9d4cca4d,32,1076,560,1483,1022,-516,-461,0.222
er,251b2342d6972373,32,2991,588,4141,1077,-2403,-3064,0.324
er,4bb0d0e6d9914eb9,32,3977,597,5563,1092,-3380,-4471,0.405
er,e440fd5b277b1895,32,4471,575,6191,1059,-3896,-5132,0.435
er,f99b017db85b28ba,32,4192,584,5779,1071,-3608,-4708,0.414
er,611cf9ba6c3b60c2,32,4379,588,6084,1078,-3791,-5006,0.473
er,f06d2f903d531d52,32,1023,528,1414,949,-495,-465,0.211
er,b5f15d52be05f5e1,32,4463,595,6211,1092,-3868,-5119,0.433
er,b8d8624504fd4c21,32,2680,514,3793,944,-2166,-2849,0.357
er,aa8bec5e535c8082,32,3409,612,4708,1128,-2797,-3580,0.39
er,cb159b61d8725893,32,3581,565,4951,1042,-3016,-3909,0.407
er,b83e17e3593ca371,32,4015,566,5588,1037,-3449,-4551,0.439
er,2258cb4362b12dc9,32,3191,588,4396,1081,-2603,-3315,0.342
er,0e5b366f91b13cd2,32,3679,603,5072,1110,-3076,-3962,0.355
er,03c5cd8ae42cdbd7,32,1310,547,1804,992,-763,-812,0.247
er,35501c96559b246c,32,4239,600,5876,1104,-3639,-4772,0.429
er,d273281fc0dd13be,32,2676,590,3781,1069,-2086,-2712,0.405
er,dd0021987ec4368e,32,963,386,1379,693,-577,-686,0.286
er,9aba946e51bd3605,32,3144,587,4423,1070,-2557,-3353,0.387
er,e470e28d8310a81a,32,3268,587,4596,1067,-2681,-3529,0.404
er,fb57bd9d869f8876,32,1726,537,2392,993,-1189,-1399,0.247
er,90d22d34c68d89c1,32,3910,560,5477,1036,-3350,-4441,0.398
er,be01ea7522ee75fb,32,3475,581,4801,1070,-2894,-3731,0.401
er,fcc5d4a7917b6a4a,32,3511,559,4837,1020,-2952,-3817,0.334
er,5d0b82e0d08d8a67,32,4350,569,6028,1047,-3781,-4981,0.436
er,cad7e53928a291f8,32,3936,600,5436,1101,-3336,-4335,0.413
er,2982bf20651a79fc,32,1224,553,1672,1014,-671,-658,0.201
er,3ed6e2a741f7b9cb,32,3365,569,4719,1061,-2796,-3658,0.404
er,eb1742d3ca4168e3,32,2356,552,3242,1013,-1804,-2229,0.304
er,efb1643433070d52,32,3011,584,4256,1077,-2427,-3179,0.386
er,e1b1daf076154877,32,3165,591,4367,1089,-2574,-3278,0.381
er,e626dd9558d85957,32,2948,597,4058,1091,-2351,-2967,0.318
er,9545bcdc85747d62,32,2215,537,3147,978,-1678,-2169,0.347
er,a6656ec7543e22e9,32,3776,565,5207,1047,-3211,-4160,0.369
er,b553933d533c87b5,32,4237,617,5880,1128,-3620,-4752,0.448
er,7db485ae558479bd,32,3625,600,5040,1108,-3025,-3932,0.414
er,4a44ca976e3ad29b,32,1112,569,1518,1049,-543,-469,0.209
er,9e6022a69e0a1654,32,2786,580,3934,1067,-2206,-2867,0.422
er,bb0b3858307e6927,32,1555,566,2159,1036,-989,-1123,0.262
er,c67da0edfc2d7383,32,3852,612,5324,1117,-3240,-4207,0.364
er,0b39c7702782ab1a,32,1348,446,1920,806,-902,-1114,0.295
er,c9339c28d81c5e46,32,4526,608,6272,1106,-3918,-5166,0.428
er,a63cc6228a7572db,32,3550,587,4903,1083,-2963,-3820,0.359
er,419e140b73659898,32,1316,538,1797,984,-778,-813,0.209
er,85775f52ddeb57a3,32,4060,589,5662,1086,-3471,-4576,0.462
er,7d4b190c244821a6,32,1663,498,2368,900,-1165,-1468,0.324
er,9eee8cce68681d79,32,2249,584,3209,1057,-1665,-2152,0.349
er,6e66885e0c4f4d20,32,2393,560,3398,1021,-1833,-2377,0.404
er,7cf6adfe33b90588,32,3797,572,5318,1038,-3225,-4280,0.408
er,c259394c2580e51b,32,1905,590,2628,1071,-1315,-1557,0.253
er,260b7455b3ae1f50,32,2434,535,3441,977,-1899,-2464,0.359
er,19c7973cfa8f8b30,32,1079,410,1531,723,-669,-808,0.324
er,0e84ec299a14b744,32,4129,564,5766,1043,-3565,-4723,0.495
er,e99903b05eaedfbb,32,4281,575,5890,1054,-3706,-4836,0.406
er,b016ba691f2ab7d1,32,2985,587,4133,1077,-2398,-3056,0.336
er,03611852ea0bf533,32,2101,578,2896,1069,-1523,-1827,0.331
er,a35c4397141b6d2b,32,2109,584,2906,1069,-1525,-1837,0.261
er,553a4cdb7ea15aa4,32,2654,604,3652,1105,-2050,-2547,0.376
er,394fc5fdf5edb270,32,2269,607,3198,1107,-1662,-2091,0.345
er,ce9e8aa46b33ec9c,32,3349,602,4631,1110,-2747,-3521,0.356
er,b6f952bbe22091de,32,3774,588,5268,1066,-3186,-4202,0.415
er,44abce3771b48718,32,4175,590,5821,1080,-3585,-4741,0.432
er,a9f80d609a444245,32,1366,366,1940,660,-1000,-1280,0.299
er,04c49d7474b08ac5,32,2145,548,3044,995,-1597,-2049,0.352
er,355b2941acd2c22c,32,2178,552,2991,1004,-1626,-1987,0.262
er,dae929271e44dae1,32,4371,588,6067,1085,-3783,-4982,0.489
er,7a6f36b9a89c3a9e,32,3368,554,4643,1029,-2814,-3614,0.361
er,0df7cdc3f58e9293,32,4423,615,6145,1130,-3808,-5015,0.451
er,af36684dd5c866e2,32,3657,601,5062,1108,-3056,-3954,0.366
er,082181a23dae00c2,32,4237,576,5890,1058,-3661,-4832,0.432
er,5df986e31e6690aa,32,2427,574,3347,1040,-1853,-2307,0.276
er,c844934677f22b11,32,3949,597,5472,1098,-3352,-4374,0.392
er,5caaea3a4d2f05d3,32,4340,582,6004,1069,-3758,-4935,0.452
er,b371f0e20cf0b052,32,3548,573,4912,1050,-2975,-3862,0.356
er,796a760615c38ccb,32,4191,603,5815,1114,-3588,-4701,0.407
er,c75ed5b28951eac4,32,2545,533,3596,969,-2012,-2627,0.396
er,8c4b55d65ae9e2d0,32,1735,588,2387,1077,-1147,-1310,0.259
er,d76b4562e84c4a0d,32,1550,515,2196,909,-1035,-1287,0.348
er,aab9f88919986611,32,4003,584,5590,1073,-3419,-4517,0.436
er,5a08f4b8da093a8c,32,4501,612,6220,1128,-3889,-5092,0.449
er,621b987b2803de7a,32,2533,562,3507,1037,-1971,-2470,0.288
er,e25f6ff248cd20d8,32,4056,584,5616,1075,-3472,-4541,0.414
er,55506a2a83547088,32,1005,371,1406,621,-634,-785,0.26
er,4d439ffb6d8cced6,32,3210,585,4433,1078,-2625,-3355,0.335
er,1e0da3fb69cb7ce6,32,3075,553,4250,1013,-2522,-3237,0.328
er,cdf442f70fb2a337,32,2594,590,3569,1087,-2004,-2482,0.293
er,a3ff26ac48fdaccc,32,1461,554,2011,1020,-907,-991,0.279
er,294be8d54b986cfc,32,4254,593,5907,1090,-3661,-4817,0.454
er,87a7c3a35255622b,32,1284,462,1825,838,-822,-987,0.293
er,98912086eab7d1d8,32,3702,558,5146,1018,-3144,-4128,0.429
er,a2fba46114f17464,32,2649,608,3661,1111,-2041,-2550,0.293
er,6a4bc6869a9b9a28,32,4266,587,5909,1077,-3679,-4832,0.413
er,f52ce08e7051a78d,32,4079,591,5649,1077,-3488,-4572,0.418
er,416bca1814fc57f1,32,4265,590,5906,1085,-3675,-4821,0.464
er,d43e1a8f73c07cca,32,3173,582,4387,1059,-2591,-3328,0.369
er,0caf7d2739f5a9cd,32,4526,580,6260,1056,-3946,-5204,0.444
er,07a3b606aaee1134,32,4209,593,5853,1092,-3616,-4761,0.427
er,43eee99a74924bf8,32,1487,537,2062,964,-950,-1098,0.258
er,a1c596fcec27104f,32,1323,549,1879,959,-774,-920,0.334
er,10b039acd37a60d0,32,4102,605,5721,1108,-3497,-4613,0.444
er,af60cca149fdb88b,32,1096,564,1502,1025,-532,-477,0.264
er,58f6362d12940144,32,1962,595,2692,1080,-1367,-1612,0.256
er,41949dd4a52604ee,32,4265,576,5921,1070,-3689,-4851,0.482
er,17ae48b8b9d370d1,32,2574,534,3640,965,-2040,-2675,0.395
er,55488d8673750288,32,1277,529,1745,947,-748,-798,0.254
er,5b58d71ccf83929d,32,2611,575,3597,1049,-2036,-2548,0.288
er,a7f426873934ec7d,32,3332,574,4669,1054,-2758,-3615,0.392
er,af0a4fcf3958dcee,32,3592,613,4963,1129,-2979,-3834,0.361
er,4d6ed8a6648236ac,32,1480,466,2103,821,-1014,-1282,0.3
er,38ab000fdad8f565,32,2157,566,3050,1012,-1591,-2038,0.347
er,eb461dc4d0b244be,32,3341,595,4608,1094,-2746,-3514,0.331
er,80585568aee16706,32,4163,580,5791,1074,-3583,-4717,0.462
er,e5859f86ea8e548d,32,1533,581,2119,1064,-952,-1055,0.238
er,68def7406897c53f,32,1168,464,1658,835,-704,-823,0.298
er,cd8394fd0470b3ec,32,2946,561,4137,1020,-2385,-3117,0.374
er,ddc5c5f5451e9250,32,4239,588,5894,1074,-3651,-4820,0.424
er,ef0afefcd8f08a43,32,4150,579,5765,1065,-3571,-4700,0.391
er,c2d61e61baeff3ce,32,1080,524,1486,953,-556,-533,0.195
er,659225215a96e409,32,1908,550,2627,1011,-1358,-1616,0.286
er,4ffcbc275d81a5f7,32,3534,598,4951,1098,-2936,-3853,0.393
er,cef8d0b9733f63e7,32,1575,562,2173,1017,-1013,-1156,0.227
er,9f5b0764ed3ff130,32,3416,599,4715,1100,-2817,-3615,0.351
er,42c889665d8017ac,32,2421,570,3350,1052,-1851,-2298,0.28
er,302b07e3f2f7623e,32,2603,566,3689,1052,-2037,-2637,0.413
er,de70cb1b6827788c,32,4232,584,5894,1077,-3648,-4817,0.42
er,63a61afeed304633,32,2762,601,3813,1100,-2161,-2713,0.347
er,d99066636da692fc,32,1310,567,1791,1050,-743,-741,0.22
er,52f74af1e55fd1ad,32,4120,610,5698,1126,-3510,-4572,0.403
er,3ff59aec29b01970,32,1260,573,1747,1010,-687,-737,0.218
er,faf6308514da2c87,32,1634,609,2253,1097,-1025,-1156,0.281
er,3a47cfe509bbdb8c,32,3433,588,4741,1083,-2845,-3658,0.34
er,22b2b274c9751d66,32,2224,530,3145,980,-1694,-2165,0.389
er,1b7c7f96f3a7fd1a,32,3473,577,4884,1069,-2896,-3815,0.468
er,2ffea5f1b4b2fb5c,32,4309,583,5942,1074,-3726,-4868,0.402
er,b02b8ded3cab15e4,32,1607,566,2220,1050,-1041,-1170,0.243
er,c398ea62dacbcb1a,32,3480,599,4831,1100,-2881,-3731,0.349
er,a7f49c4789ba523f,32,2108,566,2905,1029,-1542,-1876,0.261
er,a557ed04054cb675,32,2300,544,3249,991,-1756,-2258,0.344
er,3fbaf9749ba2715e,32,3636,580,5070,1053,-3056,-4017,0.41
er,b62486e4f06522aa,32,1990,559,2739,1010,-1431,-1729,0.288
er,f86ab88923912ecf,32,4288,578,5943,1072,-3710,-4871,0.462
er,3052756388a9371a,32,2992,547,4221,1007,-2445,-3214,0.417
er,aae809e97a6ecbb0,32,4184,584,5776,1074,-3600,-4702,0.404
er,1621fa10bd72e9e1,32,4479,586,6202,1070,-3893,-5132,0.455
er,f8677919c29a217d,32,3343,563,4629,1043,-2780,-3586,0.336
er,1cab589ae52c01a4,32,4017,596,5537,1104,-3421,-4433,0.453
er,d154bdd72ea17e51,32,3094,580,4269,1074,-2514,-3195,0.339
er,da38a4574842d659,32,2491,599,3436,1100,-1892,-2336,0.301
er,50f4d6174bd0037f,32,2937,573,4153,1049,-2364,-3104,0.376
er,70a64ebf5c1770e8,32,4430,578,6166,1067,-3852,-5099,0.469
er,53ab1dad8f4ca184,32,3768,565,5204,1045,-3203,-4159,0.411
er,4132ad670df4ca84,32,2917,591,4031,1091,-2326,-2940,0.315
er,33f8b7f135397905,32,4185,592,5828,1083,-3593,-4745,0.483
er,3c6e43b2e6adc47d,32,3813,562,5253,1043,-3251,-4210,0.37
er,7e88b390e322c865,32,2694,602,3797,1107,-2092,-2690,0.382
er,c696dacab16d8ab0,32,2630,559,3713,1006,-2071,-2707,0.372
er,15c7e8ff5d3647c7,32,3652,592,5054,1094,-3060,-3960,0.405
er,2a79a6a45110c28d,32,1571,424,2219,763,-1147,-1456,0.339
er,554441ad6a639ba8,32,1192,467,1691,804,-725,-887,0.287
er,c366988833a9864a,32,1633,529,2319,933,-1104,-1386,0.314
er,44f410289af2293b,32,3118,583,4296,1069,-2535,-3227,0.324
er,2e4c95f2acb23a99,32,4470,574,6227,1060,-3896,-5167,0.469
er,57cd5ca366724c53,32,1892,515,2687,948,-1377,-1739,0.374
er,0e12caf739c4377c,32,3941,593,5465,1092,-3348,-4373,0.645
er,ce774f084e67162c,32,1687,551,2328,1008,-1136,-1320,0.246
structured,8de5c4cfa4c44d2c,32,172,154,244,242,-18,-2,0.104
er,bebfbed58c60809a,32,3121,578,4310,1060,-2543,-3250,0.627
er,f7db7f35d5106458,32,1227,557,1688,1015,-670,-673,0.202
er,c7c8b1adbba40486,32,3444,571,4823,1057,-2873,-3766,0.413
er,d523d8e8a7ca8383,32,4372,557,6055,1028,-3815,-5027,0.462
er,48a9e00f26df98f3,32,4439,584,6151,1073,-3855,-5078,0.462
er,5fe5420c35108869,32,1621,565,2241,1023,-1056,-1218,0.267
er,81811e4519dd2061,32,3885,592,5420,1089,-3293,-4331,0.428
er,e0d603cb2888c224,32,3921,558,5449,1014,-3363,-4435,0.454
er,a33af5b066956869,32,2983,570,4175,1042,-2413,-3133,0.381
er,3d2c739048a866d5,32,4108,581,5733,1064,-3527,-4669,0.455
er,3eab2754e6d89f85,32,1479,568,2031,1037,-911,-994,0.237
er,c17d4428a1021fdb,32,1139,517,1579,939,-622,-640,0.202
er,96308332434339c9,32,4391,567,6073,1047,-3824,-5026,0.415
er,492d8c06b01d36b7,32,1351,545,1864,987,-806,-877,0.206
er,4b72aaeca1d63e04,32,2135,586,2952,1069,-1549,-1883,0.264
er,d3c69a48f082f854,32,4180,570,5809,1042,-3610,-4767,0.421
er,ce6a9bba04ffd20c,32,4071,593,5656,1087,-3478,-4569,0.452
er,3303787aab5987fb,32,4040,596,5580,1090,-3444,-4490,0.377
er,60046ca4262dafcf,32,1460,468,2069,831,-992,-1238,0.326
er,5d8b052a112d0f1d,32,854,512,1177,922,-342,-255,0.186
er,d6d72898697cb931,32,2471,582,3434,1069,-1889,-2365,0.293
er,1536f74c10a5ffe1,32,3022,603,4181,1113,-2419,-3068,0.353
er,40429e7f6cef427e,32,4426,609,6142,1116,-3817,-5026,0.434
er,f0e529726ad6a443,32,3143,595,4319,1093,-2548,-3226,0.359
er,b49acb4828f17c54,32,3498,582,4915,1061,-2916,-3854,0.439
er,e28ad3b33a9e7877,32,4607,595,6361,1084,-4012,-5277,0.429
er,011e3e3ba6c1a23a,32,3658,590,5063,1094,-3068,-3969,0.357
er,9a481e3e148e4299,32,3880,579,5359,1057,-3301,-4302,0.395
er,7d7df395c4b6309b,32,2569,549,3613,999,-2020,-2614,0.357
er,bf41095c70bf60a3,32,2672,528,3767,952,-2144,-2815,0.357
er,abc098e9bfcb7d54,32,4339,594,6022,1104,-3745,-4918,0.42
er,e80ec206af533404,32,2479,596,3511,1089,-1883,-2422,0.371
er,a9e7f27f6cd579b2,32,998,490,1372,873,-508,-499,0.198
er,db708be20b925f69,32,1754,518,2496,934,-1236,-1562,0.314
er,627fadea69d79a7f,32,2996,557,4234,1017,-2439,-3217,0.392
er,f43688f5f8f78562,32,1869,523,2668,955,-1346,-1713,0.408
er,ff279321ad5f56ba,32,4280,584,5902,1070,-3696,-4832,0.398
er,792329366d60748d,32,4390,562,6091,1038,-3828,-5053,0.452
er,d7d1410f5be7aa6c,32,1527,511,2172,904,-1016,-1268,0.317
er,c9883b37f60ae609,32,4122,561,5754,1020,-3561,-4734,0.42
er,4d34d2964f02aa8d,32,4198,566,5863,1039,-3632,-4824,0.422
er,a3f54ff0ce331e6f,32,3705,597,5130,1101,-3108,-4029,0.374
er,81c44603ad886826,32,2742,578,3890,1049,-2164,-2841,0.416
er,edc20d143aced46e,32,3293,574,4547,1052,-2719,-3495,0.332
er,623c9020d92bfa1a,32,3913,590,5420,1084,-3323,-4336,0.386
er,d5d7dd1521dfdef2,32,2958,591,4068,1101,-2367,-2967,0.333
er,695a7d84c2d888b2,32,2486,578,3435,1067,-1908,-2368,0.336
er,e62fb604c1b8956c,32,4004,592,5544,1088,-3412,-4456,0.427
er,7ceff0656b76d1cb,32,3835,573,5308,1059,-3262,-4249,0.376
er,e19a06e437ab44ac,32,2246,574,3095,1053,-1672,-2042,0.35
er,cfbca75a35ab1739,32,3295,570,4567,1050,-2725,-3517,0.434
er,c15fefb9a15758d6,32,4443,608,6165,1121,-3835,-5044,0.468
er,b86015d4887ad67c,32,2748,567,3775,1044,-2181,-2731,0.307
er,8ff67070c414ad31,32,3146,526,4403,960,-2620,-3443,0.379
er,ebe5900d69468b85,32,4344,578,6036,1057,-3766,-4979,0.411
er,b9f7bf9b463fd77b,32,4135,563,5745,1041,-3572,-4704,0.442
er,c12333f745f08f5b,32,2410,498,3406,890,-1912,-2516,0.346
structured,f9448f5cb4df965d,32,154,143,217,246,-11,29,0.129
er,d4312724ec786855,32,3808,572,5342,1049,-3236,-4293,0.422
er,7ff245eab446dc5a,32,4039,592,5588,1088,-3447,-4500,0.416
er,54fbd6ad7f5e2cd2,32,1907,544,2627,1000,-1363,-1627,0.257
er,315b27f04be6cbcb,32,2795,566,3876,1040,-2229,-2836,0.336
er,7f2d2a9f659a6736,32,1954,531,2682,974,-1423,-1708,0.28
er,ba7a952da509ea9c,32,2161,485,3042,844,-1676,-2198,0.328
er,84f0ce612520f5d8,32,2939,570,4053,1047,-2369,-3006,0.336
er,1ee3f1a496a73cf4,32,4253,606,5869,1115,-3647,-4754,0.45
er,e52dc585b1a96fe8,32,1520,534,2153,951,-986,-1202,0.31
er,e22f9db1f6de4c68,32,1326,469,1880,826,-857,-1054,0.297
er,db12820c1646480e,32,4231,600,5881,1100,-3631,-4781,0.449
er,3a7217260d866673,32,3539,587,4891,1080,-2952,-3811,0.349
er,cd65d3913237692c,32,4097,589,5671,1079,-3508,-4592,0.405
er,a07640115538a23d,32,3204,585,4432,1077,-2619,-3355,0.324
structured,e3cbe16c09529363,32,179,168,250,259,-11,9,0.124
er,de23a8fc2cedd36a,32,1421,578,1936,1042,-843,-894,0.214
er,63aa757f2ec698b8,32,3211,596,4440,1098,-2615,-3342,0.35
er,6c160cf8c0fb2d52,32,3138,560,4393,1026,-2578,-3367,0.394
er,ec676fd13a7e4160,32,3807,579,5322,1066,-3228,-4256,0.442
er,9258d342b45e95ba,32,2746,610,3771,1118,-2136,-2653,0.316
er,1505f0c1532ab8d6,32,4316,608,5977,1120,-3708,-4857,0.466
er,be0306373db830a9,32,2787,585,3948,1082,-2202,-2866,0.392
er,f48a9f507c1873e6,32,3377,563,4733,1031,-2814,-3702,0.411
er,f1001a213275d99a,32,3970,585,5523,1076,-3385,-4447,0.443
er,ce5d32615e079321,32,2928,587,4049,1083,-2341,-2966,0.358
er,900d6bcf283b0148,32,3794,554,5289,1016,-3240,-4273,0.461
er,3f742913913de711,32,2310,492,3263,890,-1818,-2373,0.441
er,26eb03d9180a9735,32,3119,566,4393,1030,-2553,-3363,0.41
er,e22a05c3309e3f32,32,2202,595,3034,1086,-1607,-1948,0.272
er,1e502e5d12345bcc,32,4147,586,5763,1086,-3561,-4677,0.407
er,349f120595a1d91d,32,1458,574,2002,1047,-884,-955,0.221
er,6d198c8b379ada4e,32,4057,602,5588,1112,-3455,-4476,0.425
er,24697204b1374706,32,2081,548,2865,1007,-1533,-1858,0.254
er,7ee2d352a8b6cfdb,32,2876,578,4044,1043,-2298,-3001,0.423
er,09d397195aa9383d,32,1286,525,1837,930,-761,-907,0.303
er,d5ca1b54805b892c,32,3282,576,4595,1059,-2706,-3536,0.406
er,8ed42d0596033330,32,1330,581,1815,1065,-749,-750,0.219
er,71059e8fed0f58b1,32,3035,559,4182,1032,-2476,-3150,0.325
er,65964798267e23e2,32,2650,596,3656,1105,-2054,-2551,0.315
er,48c97ecb7dbc93f9,32,3795,582,5295,1067,-3213,-4228,0.446
er,b9250846cd54e358,32,2664,584,3683,1076,-2080,-2607,0.367
er,70767ed94a85481e,32,1354,489,1927,861,-865,-1066,0.3
er,961b2a5ce74da4dd,32,3604,561,4959,1032,-3043,-3927,0.343
er,4d445addfd9548b3,32,1270,539,1744,974,-731,-770,0.205
er,e4600732ba279e20,32,4082,598,5628,1096,-3484,-4532,0.391
er,b0b9530f8d9b5efc,32,3888,584,5368,1083,-3304,-4285,0.376
er,8a02162c801b5cc1,32,3381,590,4638,1090,-2791,-3548,0.401
er,c5046ae998afccea,32,2912,586,4025,1088,-2326,-2937,0.317
er,edc551d05836acf4,32,1737,472,2464,859,-1265,-1605,0.316
er,b4d2647856bbd200,32,4371,577,6073,1068,-3794,-5005,0.425
er,61586b8b9ba3bdff,32,4092,603,5667,1100,-3489,-4567,0.441
er,01a2483ddfef40d3,32,3349,554,4628,1022,-2795,-3606,0.331
er,13c3d6e54033c96c,32,4041,590,5603,1085,-3451,-4518,0.397
er,82f843753050b602,32,1565,489,2219,878,-1076,-1341,0.318
er,a5b637ee2594c044,32,3754,573,5200,1060,-3181,-4140,0.358
er,17a34db0620b0792,32,3481,568,4781,1050,-2913,-3731,0.34
er,550ad60ecff6c1dc,32,3567,545,5001,1002,-3022,-3999,0.386
er,45d252fb025576a0,32,2836,576,3918,1060,-2260,-2858,0.309
er,12afc42c5015a157,32,4158,589,5777,1077,-3569,-4700,0.43
er,7717604c4283f34a,32,2945,587,4056,1079,-2358,-2977,0.324
er,f7ab450c7907eb1f,32,1430,580,1960,1052,-850,-908,0.227
er,dcc8fc47e25c289e,32,4275,580,5916,1069,-3695,-4847,0.433
er,c0d098433aa5becb,32,1335,512,1848,922,-823,-926,0.229
er,7995ac78a2d4e07b,32,1244,576,1718,1066,-668,-652,0.249
er,84b3ef429653634e,32,3889,580,5359,1067,-3309,-4292,0.367
er,232b7310ef94cab5,32,3879,559,5381,1019,-3320,-4362,0.451
er,f88fcd1436438e02,32,4334,597,6034,1092,-3737,-4942,0.454
er,e661f963a1624664,32,1859,586,2562,1063,-1273,-1499,0.249
er,dc51676332147ee4,32,1796,580,2476,1069,-1216,-1407,0.257
er,4c684d24d11e5835,32,4156,582,5727,1062,-3574,-4665,0.387
er,f55d077784c5d4f1,32,3313,600,4638,1103,-2713,-3535,0.415
er,c4e696a6c49c0976,32,3468,594,4772,1090,-2874,-3682,0.351
er,7c404ae811997ccd,32,3976,585,5566,1079,-3391,-4487,0.476
er,d8b830b0afea5fd4,32,2826,556,3994,1029,-2270,-2965,0.427
er,ecc5d78a9a480e2d,32,3080,603,4218,1103,-2477,-3115,0.328
er,13a0b4f03479aa47,32,4063,582,5655,1064,-3481,-4591,0.402
er,478699a78eeefa2b,32,3994,589,5543,1084,-3405,-4459,0.397
er,0e379088a9391863,32,3699,587,5187,1080,-3112,-4107,0.449
er,0c33ee207f3f55d1,32,2074,586,2942,1063,-1488,-1879,0.391
er,0b020b623faf46f5,32,2277,577,3121,1072,-1700,-2049,0.297
er,fd3d14cf034ad4e7,32,3831,572,5311,1046,-3259,-4265,0.38
er,94840060cb8ecec4,32,3328,578,4600,1062,-2750,-3538,0.377
er,fc9bd47c0f2ec2bd,32,4530,598,6290,1105,-3932,-5185,0.497
er,74fe116ceb0a7ecc,32,2475,544,3492,990,-1931,-2502,0.406
er,2d7000f7188e3c8f,32,4219,582,5868,1065,-3637,-4803,0.42
er,a0723b4486054af0,32,2015,583,2784,1070,-1432,-1714,0.278
er,8328888f2037c5c9,32,4275,593,5968,1092,-3682,-4876,0.476
er,6d4bfb6d5c0f6f0c,32,3990,577,5564,1060,-3413,-4504,0.445
er,cb37b209a3770fe6,32,2623,595,3619,1086,-2028,-2533,0.333
er,a450850d83aa737f,32,2124,591,2919,1072,-1533,-1847,0.262
er,5f51b4686aa37584,32,2409,538,3412,980,-1871,-2432,0.346
er,6d141f6902855ad6,32,2160,582,2958,1065,-1578,-1893,0.27
er,c15bc93921be47b7,32,3945,584,5500,1073,-3361,-4427,0.409
er,ec13929a59300a72,32,4178,575,5849,1065,-3603,-4784,0.429
er,f320b19562dc5c88,32,2605,597,3580,1099,-2008,-2481,0.336
er,bfbd91e046483778,32,4387,587,6080,1086,-3800,-4994,0.455
er,30b66d77cd94eb0f,32,1182,541,1615,969,-641,-646,0.239
er,eadda5396f185a37,32,3604,571,4981,1040,-3033,-3941,0.353
er,bab8dee176ad6be8,32,1834,590,2505,1071,-1244,-1434,0.241
er,df171ffbc930585f,32,3738,596,5156,1096,-3142,-4060,0.407
er,34dcf4e66b998988,32,4415,576,6105,1060,-3839,-5045,0.406
er,946ac45d81bd24fd,32,3395,578,4768,1065,-2817,-3703,0.438
er,5231d7a1deddd093,32,2477,588,3409,1080,-1889,-2329,0.3
er,5e4fb5b42871e13d,32,4717,615,6540,1131,-4102,-5409,0.485
er,b44588e55afe57b5,32,4647,583,6468,1066,-4064,-5402,0.523
er,acb9bc424a80ad6e,32,2340,564,3231,1025,-1776,-2206,0.28
er,aa0ae422eb92b471,32,3586,585,4998,1076,-3001,-3922,0.391
er,9f839dc567f9963e,32,3553,576,4899,1055,-2977,-3844,0.405
er,f08268c114846359,32,3159,604,4372,1102,-2555,-3270,0.363
er,6446022dfabcda83,32,847,478,1161,856,-369,-305,0.183
er,8040afae80a9b472,32,4503,584,6247,1075,-3919,-5172,0.46
er,dee4332333525bb6,32,2251,552,3176,986,-1699,-2190,0.357
er,f7b93b418efb5663,32,2949,574,4080,1048,-2375,-3032,0.389
er,6622debac35495dd,32,4196,592,5823,1087,-3604,-4736,0.4
er,56545bb47e1484a0,32,3712,595,5183,1096,-3117,-4087,0.459
er,b025ae07c495a8db,32,3194,578,4418,1053,-2616,-3365,0.325
er,db6fb1a3e9ac933f,32,1105,513,1518,913,-592,-605,0.204
er,16023e3ea98127fa,32,2806,590,3829,1081,-2216,-2748,0.304
er,f79586e84c1dafa6,32,2845,589,3938,1077,-2256,-2861,0.35
er,278943318aed08a8,32,4367,603,6068,1106,-3764,-4962,0.443
er,60e38838a59cef99,32,4012,608,5538,1114,-3404,-4424,0.421
er,39eb5e8ee6a6b116,32,3368,561,4663,1040,-2807,-3623,0.333
er,487eba3c9eedf0a4,32,4050,557,5644,1034,-3493,-4610,0.486
er,7fca3aa8b6154d02,32,1616,490,2289,881,-1126,-1408,0.306
er,d75c0f92f4637058,32,1023,388,1447,657,-635,-790,0.269
er,807e858d7a0cb1b2,32,4221,571,5843,1052,-3650,-4791,0.431
er,c26647a9ffa93e0a,32,4351,581,6035,1079,-3770,-4956,0.41
er,1033c9d7820a1776,32,4384,571,6107,1048,-3813,-5059,0.421
er,e0ab932e97d02e00,32,2389,469,3350,839,-1920,-2511,0.343
er,d5d435d37efe21af,32,3867,577,5375,1045,-3290,-4330,0.453
er,d2a97f12703c6509,32,4173,605,5789,1109,-3568,-4680,0.396
er,d026536777f6e3e7,32,1715,559,2355,1022,-1156,-1333,0.274
er,b3c7d521098f3f61,32,1472,562,2016,1043,-910,-973,0.228
er,16b38c4bceba92a9,32,3384,586,4676,1079,-2798,-3597,0.345
er,2d1b52f52be1e3e0,32,4162,596,5809,1093,-3566,-4716,0.511
er,e0b7a4d5001d6d25,32,1155,584,1591,1041,-571,-550,0.228
er,58321dda4a07f807,32,2551,592,3525,1086,-1959,-2439,0.302
er,7fb4765a6e9ec624,32,2014,514,2850,933,-1500,-1917,0.344
er,efe0153ce108f8c8,32,3933,611,5478,1119,-3322,-4359,0.426
er,3738b9da341b1d69,32,1273,581,1745,1058,-692,-687,0.239
er,c28116080afec0a4,32,1134,544,1549,984,-590,-565,0.235
er,36cc6abb8798ad3e,32,1299,574,1785,1041,-725,-744,0.206
er,87282776f2367762,32,3809,602,5266,1110,-3207,-4156,0.381
er,f05ec61d6f538e89,32,4171,563,5780,1036,-3608,-4744,0.409
er,3bd18c14f141aab0,32,4233,585,5889,1072,-3648,-4817,0.436
er,f90ed618447e1a88,32,3618,589,4998,1089,-3029,-3909,0.347
er,966c62e61b3c4446,32,4302,586,5957,1076,-3716,-4881,0.427
er,1dcfdeefd3c6927b,32,2744,558,3856,1007,-2186,-2849,0.367
er,2b38c99c1093ff4b,32,4199,577,5861,1058,-3622,-4803,0.418
er,5e39b2e8e66f0a07,32,3708,586,5141,1072,-3122,-4069,0.451
er,202f37262d343615,32,3492,593,4813,1074,-2899,-3739,0.388
er,4d5beb6ad663eb09,32,3227,544,4518,992,-2683,-3526,0.415
er,fd853329a04005da,32,4264,587,5900,1073,-3677,-4827,0.438
er,ec9f3865398a33d4,32,3599,592,4982,1094,-3007,-3888,0.351
er,364826e7091ee8eb,32,4129,607,5703,1115,-3522,-4588,0.511
er,4fdc0a183fb18165,32,3721,602,5120,1102,-3119,-4018,0.365
er,4d01ca5aee288edd,32,3369,568,4738,1037,-2801,-3701,0.437
er,2bee6d9d4f9a6339,32,2893,546,4079,1001,-2347,-3078,0.383
er,5d1de15c33155ef2,32,1895,484,2688,878,-1411,-1810,0.345
er,1f41141760cf5e8b,32,3242,600,4483,1099,-2642,-3384,0.322
er,769acbddfaf65f90,32,3611,591,4997,1084,-3020,-3913,0.369
er,44a7cd17d084bc58,32,2616,589,3601,1085,-2027,-2516,0.307
er,6e20a76ec8464c8c,32,2184,584,2999,1074,-1600,-1925,0.268
er,bc35d8a4b4cc961d,32,3477,605,4836,1112,-2872,-3724,0.348
er,f825d0543ba79b82,32,3282,545,4633,989,-2737,-3644,0.441
er,c76354f651f83d79,32,2929,576,4090,1058,-2353,-3032,0.422
er,2dd8e1b81809795f,32,2982,553,4203,1017,-2429,-3186,0.39
er,73b552f9868e18c3,32,3712,587,5194,1073,-3125,-4121,0.42
er,6eb20416e957c885,32,2845,589,3923,1073,-2256,-2850,0.322
er,8006e488cb315dd0,32,3677,578,5074,1064,-3099,-4010,0.344
er,a0fbdaa4804d634b,32,3700,578,5134,1069,-3122,-4065,0.371
er,9fba14407794fd04,32,2660,548,3753,1009,-2112,-2744,0.374
er,d2fb132c1a308bb7,32,3930,595,5470,1095,-3335,-4375,0.41
er,08f8f92271c60e29,32,3607,586,4976,1078,-3021,-3898,0.345
er,0a5e26a625d26122,32,3646,596,5034,1099,-3050,-3935,0.418
er,5718c395a3f23be4,32,2715,582,3730,1076,-2133,-2654,0.368
er,4b7066eb0c8011c3,32,1253,506,1787,907,-747,-880,0.363
er,77cf1a37ccc44819,32,1493,569,2059,1033,-924,-1026,0.238
er,3cc5552544851524,32,3304,590,4560,1079,-2714,-3481,0.35
er,be3102640ab1a294,32,2319,568,3274,1019,-1751,-2255,0.37
er,6ae670386070422e,32,4134,593,5723,1080,-3541,-4643,0.411
er,ad917c23fd536c91,32,2926,593,4045,1096,-2333,-2949,0.324
er,54fbee227b49f41b,32,4057,568,5584,1049,-3489,-4535,0.413
er,ae28efd2b4f76a58,32,1262,547,1736,994,-715,-742,0.206
er,4f036b61e8daaf3a,32,4316,594,5957,1087,-3722,-4870,0.405
er,53ea06e40ddab452,32,3968,592,5488,1087,-3376,-4401,0.382
er,76f86f7fff17c199,32,4054,588,5626,1068,-3466,-4558,0.407
er,22ea371df4d1b115,32,3928,570,5513,1059,-3358,-4454,0.423
er,3ed1c1fe6b98b09c,32,1936,552,2662,1007,-1384,-1655,0.284
er,1ecd336297fd502b,32,1096,515,1564,906,-581,-658,0.288
er,60fbdd00151882be,32,3753,582,5198,1071,-3171,-4127,0.361
er,7a93a3bae2e07c0c,32,1928,574,2657,1042,-1354,-1615,0.291
er,98b33ec82a120634,32,1646,562,2256,1044,-1084,-1212,0.24
er,324c393a0366b1c4,32,1304,462,1851,809,-842,-1042,0.3
er,901440847f1c1995,32,1629,552,2240,1018,-1077,-1222,0.235
er,b9a985f69bf75182,32,2619,578,3610,1060,-2041,-2550,0.308
er,ce75e781b57b86a4,32,2766,581,3798,1076,-2185,-2722,0.297
er,3f15c7a36ebc4e26,32,1565,511,2206,901,-1054,-1305,0.335
er,34d8d0ddd30452d5,32,2245,535,3164,950,-1710,-2214,0.342
er,d70d3f5d5247f9d1,32,2305,566,3177,1050,-1739,-2127,0.269
er,d205a24f207dd739,32,3128,593,4410,1095,-2535,-3315,0.456
er,e613e206f9fe8940,32,3623,596,5057,1089,-3027,-3968,0.404
er,58970c2b2adc4e13,32,4212,586,5834,1088,-3626,-4746,0.454
er,a77f0338dde2a39b,32,4143,583,5758,1070,-3560,-4688,0.435
er,aa5c1430b9e00c24,32,2832,570,3981,1036,-2262,-2945,0.384
er,aa8b5829e984f811,32,2737,576,3843,1049,-2161,-2794,0.44
er,400a4ad07a913b56,32,3987,567,5577,1040,-3420,-4537,0.443
er,5027e5db520e10a5,32,1164,374,1649,656,-790,-993,0.284
er,b055ef9e2bed24cd,32,3009,604,4151,1102,-2405,-3049,0.319
er,8256528b64c09090,32,1126,572,1533,1028,-554,-505,0.204
er,ec9ea3296d011dee,32,4113,593,5693,1097,-3520,-4596,0.396
er,b8c206292401cb8e,32,2166,553,3066,1004,-1613,-2062,0.348
er,a11183f394664b7f,32,2956,583,4077,1081,-2373,-2996,0.318
er,1854e4b19042008e,32,3781,578,5237,1070,-3203,-4167,0.435
er,6a725c3d1470803f,32,3396,585,4693,1071,-2811,-3622,0.38
er,597dcd01d8e58229,32,2428,580,3347,1064,-1848,-2283,0.353
er,f4175530ae31a865,32,1231,567,1672,1035,-664,-637,0.209
er,2b60ff6cd16bac8f,32,3236,575,4468,1056,-2661,-3412,0.355
structured,bb1def0a981185d7,32,108,107,157,179,-1,22,0.086
er,b4bd7557a0239561,32,4089,591,5673,1095,-3498,-4578,0.388
er,ef714b6271d77d9f,32,1117,441,1585,769,-676,-816,0.286
er,337388749590f888,32,3195,597,4416,1099,-2598,-3317,0.368
er,7feee985ab072205,32,2830,560,4008,1034,-2270,-2974,0.391
er,b9d81c3e456eaf53,32,4002,595,5563,1091,-3407,-4472,0.419
er,592eb9933d5aa650,32,3875,581,5361,1070,-3294,-4291,0.5
er,f7c77845178cfdaa,32,3247,588,4590,1070,-2659,-3520,0.43
er,8962980c156d0149,32,3663,573,5077,1052,-3090,-4025,0.375
er,b7321b7fe235bbfe,32,4382,589,6053,1083,-3793,-4970,0.457
er,62fadd1773a453ca,32,3805,594,5326,1086,-3211,-4240,0.421
er,4bf0f1b047e54600,32,1075,520,1480,929,-555,-551,0.23
er,c88f88fe9018ca4f,32,1581,578,2172,1058,-1003,-1114,0.272
er,172306f318580419,32,1424,544,1957,968,-880,-989,0.212
er,1a6955369840686f,32,3595,534,4952,968,-3061,-3984,0.378
er,4a2b4ff670d54825,32,1337,564,1834,1034,-773,-800,0.212
er,23ad7f2b73440be1,32,4250,602,5924,1105,-3648,-4819,0.42
er,55ed013239918d21,32,4149,578,5795,1070,-3571,-4725,0.467
er,43f158435d13c266,32,4026,602,5587,1111,-3424,-4476,0.418
er,ea6dae05287d5e0a,32,3768,583,5231,1066,-3185,-4165,0.359
er,7b6bfcbf53c9893a,32,2930,564,4032,1035,-2366,-2997,0.304
er,21c3819318ee8755,32,958,522,1318,946,-436,-372,0.194
er,9573c4e0a1cab6ab,32,4511,569,6243,1051,-3942,-5192,0.467
structured,4c7e554a76131173,32,175,162,241,279,-13,38,0.24
er,778b6a07e8196177,32,2433,593,3345,1083,-1840,-2262,0.324
er,f0bf7d9c1074a3cf,32,3891,589,5395,1075,-3302,-4320,0.38
er,4e68dd1dc3201bc1,32,3310,609,4644,1119,-2701,-3525,0.47
er,57b2625b266974bd,32,2932,599,4034,1098,-2333,-2936,0.357
er,1b6e645034944c5d,32,4149,575,5750,1059,-3574,-4691,0.462
er,be436843352144bd,32,4213,594,5876,1083,-3619,-4793,0.414
er,e941c094679d4d0d,32,4057,589,5640,1076,-3468,-4564,0.436
er,249c90b5459fb26c,32,1264,478,1793,852,-786,-941,0.347
er,71c3f3b138be87a8,32,2842,565,4000,1019,-2277,-2981,0.376
er,551f6fb3d19c2a63,32,4055,572,5657,1054,-3483,-4603,0.411
er,c2811df6e07dca6e,32,1935,578,2687,1063,-1357,-1624,0.261
er,be6d1d0519a8b863,32,2398,592,3303,1077,-1806,-2226,0.296
er,7bea4d4da00e02a4,32,2912,584,4017,1073,-2328,-2944,0.313
er,25cd9301f9f81fef,32,4214,592,5822,1089,-3622,-4733,0.415
er,089f2db8757a3808,32,4011,608,5567,1114,-3403,-4453,0.405
er,9ad2beb1faf716cd,32,2613,589,3604,1092,-2024,-2512,0.298
er,338894dfa42fbc12,32,4091,606,5652,1112,-3485,-4540,0.423
er,db7a55bed39fd571,32,3448,575,4758,1054,-2873,-3704,0.381
er,95bc7a169709cb03,32,1620,561,2230,1001,-1059,-1229,0.236
er,1fbc272c45c16d19,32,3520,583,4919,1075,-2937,-3844,0.401
er,aed88b7e86bbe398,32,3758,598,5213,1107,-3160,-4106,0.462
er,329ec1d959ae9ef4,32,2827,576,3888,1050,-2251,-2838,0.303
er,d0f4299d21b8a260,32,4386,583,6040,1070,-3803,-4970,0.4
er,ec1c9a6fe7bf1da7,32,3459,580,4860,1059,-2879,-3801,0.403
er,e9795266b551499b,32,2939,608,4053,1116,-2331,-2937,0.337
er,be056f3b267eae5a,32,3738,573,5237,1056,-3165,-4181,0.409
er,e97fbdeac15c0f42,32,3901,574,5387,1054,-3327,-4333,0.377
er,d5811b808833c278,32,4001,566,5555,1040,-3435,-4515,0.405
er,a4e635263f899d3e,32,3975,581,5541,1070,-3394,-4471,0.407
er,a7aa06399a30d05d,32,3839,587,5326,1064,-3252,-4262,0.446
er,f4f70de3c84ac976,32,4524,580,6270,1073,-3944,-5197,0.424
er,918cfb7e51345ff8,32,3489,578,4852,1070,-2911,-3782,0.373
er,5e2f51d8fe6bb725,32,2359,605,3258,1114,-1754,-2144,0.282
er,4ef115dceb5c0acf,32,3289,568,4554,1048,-2721,-3506,0.332
er,dbfd63ba2894a0f9,32,4145,587,5752,1071,-3558,-4681,0.51
er,21bb895741637479,32,3872,597,5381,1098,-3275,-4283,0.399
er,6e45fa853f336a46,32,3819,586,5294,1071,-3233,-4223,0.379
er,0a62d201545ad4ad,32,4258,576,5895,1071,-3682,-4824,0.467
er,5e2bcff139c8742b,32,2023,552,2770,1018,-1471,-1752,0.364
er,221b66ddfa762452,32,4073,570,5674,1055,-3503,-4619,0.435
er,170ff3be6b6ceede,32,2333,582,3222,1076,-1751,-2146,0.286
er,227713a53dca6ccb,32,4321,579,5979,1064,-3742,-4915,0.462
er,f7359015786fc07e,32,2977,592,4117,1080,-2385,-3037,0.332
er,9276def0c5ef0b21,32,1448,437,2034,754,-1011,-1280,0.326
er,db38b622efa2fed4,32,2364,522,3346,954,-1842,-2392,0.381
er,9410c61dc3ae7c4e,32,2140,591,2943,1074,-1549,-1869,0.27
er,0e2bf23cde5671f2,32,4326,585,6009,1069,-3741,-4940,0.43
er,a15378d65e1021ac,32,1600,566,2196,1037,-1034,-1159,0.231
er,a6ae10be2e9789b9,32,2731,534,3848,977,-2197,-2871,0.36
er,877cc85bd087064d,32,4132,562,5730,1025,-3570,-4705,0.464
er,97effc10b319f5d5,32,1025,471,1392,869,-554,-523,0.193
er,f24b86c2af24bb19,32,4173,604,5827,1103,-3569,-4724,0.46
er,0536f0f6abbff47b,32,3625,564,5080,1033,-3061,-4047,0.402
er,52bad2576649f9fe,32,4282,583,5923,1074,-3699,-4849,0.401
er,7e2341ff90152103,32,3461,576,4780,1060,-2885,-3720,0.404
er,8f48037ab1e7f428,32,2467,595,3417,1098,-1872,-2319,0.287
er,cb3de9cbd1ce5030,32,3582,594,4940,1094,-2988,-3846,0.392
er,d0e4267f886ead7d,32,3639,581,5029,1065,-3058,-3964,0.354
er,0703989afedc3977,32,3793,587,5271,1078,-3206,-4193,0.491
er,8218eabd7f8c618b,32,1869,512,2653,910,-1357,-1743,0.325
er,e335c382eaf4615b,32,4120,569,5715,1052,-3551,-4663,0.417
er,6873bd4a9d107738,32,2421,598,3345,1091,-1823,-2254,0.287
er,6717f5ee2d6b1ab5,32,3748,572,5175,1053,-3176,-4122,0.365
er,96ba3a03150f9f4b,32,1461,584,2013,1055,-877,-958,0.262
er,5665170556ff0281,32,4256,594,5915,1089,-3662,-4826,0.463
er,765bfb6b0d0e318e,32,3195,579,4388,1069,-2616,-3319,0.346
er,26a4c6c8231b952b,32,3845,587,5338,1081,-3258,-4257,0.405
er,ddd20741d918007e,32,4122,596,5757,1096,-3526,-4661,0.481
er,6aadf13999437847,32,4591,584,6360,1074,-4007,-5286,0.423
er,2f2089052d4f017d,32,2325,578,3202,1057,-1747,-2145,0.278
er,fd96a7eeb22a1d53,32,3519,575,4858,1050,-2944,-3808,0.382
er,5d3f38aace65f2a6,32,849,355,1212,620,-494,-592,0.255
er,b5dd480ac61aee17,32,4106,593,5698,1082,-3513,-4616,0.42
er,6bc5c12d183ef77b,32,3968,594,5485,1091,-3374,-4394,0.412
er,2f141b347b82068d,32,2224,571,3070,1039,-1653,-2031,0.279
er,0d09a264cd501c6e,32,1349,422,1902,746,-927,-1156,0.289
er,70cc876f9d011390,32,4267,564,5962,1039,-3703,-4923,0.455
er,35066749c2b2e599,32,1956,598,2677,1092,-1358,-1585,0.257
er,3f736d15f61f16a4,32,4174,599,5783,1093,-3575,-4690,0.534
er,882dfee5d0ceb343,32,1365,485,1938,850,-880,-1088,0.29
er,2f65f87d15499728,32,3347,599,4621,1102,-2748,-3519,0.339
er,5580eab24a53e46d,32,3484,612,4794,1120,-2872,-3674,0.385
er,da9af03f42c670c2,32,1362,525,1942,940,-837,-1002,0.315
er,0196227b0762a808,32,3966,572,5460,1048,-3394,-4412,0.443
er,48ad13828e4ef3c4,32,1762,585,2412,1054,-1177,-1358,0.297
er,608032cf5e624a5a,32,1707,538,2343,982,-1169,-1361,0.227
er,94b0a3af9d96ee8b,32,1282,510,1816,901,-772,-915,0.286
er,f67e0d488bb6c62d,32,3300,616,4555,1128,-2684,-3427,0.386
er,583b6e3b8ac5666b,32,3842,581,5396,1072,-3261,-4324,0.463
er,839e3a36e6b1fc30,32,3304,583,4556,1070,-2721,-3486,0.369
er,03b4cd664cba5c01,32,4270,583,5911,1060,-3687,-4851,0.511
er,8f2a7230ed25b977,32,2103,518,2960,933,-1585,-2027,0.351
er,d5cfb5db19e34ff2,32,2572,538,3631,969,-2034,-2662,0.358
er,3fb134b65d16b18c,32,3337,553,4685,1006,-2784,-3679,0.398
er,cd7b67604df984d3,32,4549,589,6296,1098,-3960,-5198,0.435
er,9c72b177d1a639f3,32,2430,575,3351,1063,-1855,-2288,0.292
er,71b1d6c6de34a29c,32,2404,552,3401,1011,-1852,-2390,0.344
er,2ed180531c5192a1,32,4120,603,5741,1106,-3517,-4635,0.425
er,95e95f549ab78a1f,32,4059,599,5632,1098,-3460,-4534,0.405
er,baf3353913483d30,32,3036,565,4269,1029,-2471,-3240,0.417
er,14803e5685335c90,32,3543,597,4925,1096,-2946,-3829,0.35
er,84fca3320972f213,32,4222,563,5866,1046,-3659,-4820,0.409
er,8095f842e255881a,32,3009,561,4234,1030,-2448,-3204,0.379
er,4a53b2f924e49887,32,4316,579,6029,1057,-3737,-4972,0.519
er,9ac453934851cadb,32,1736,576,2393,1050,-1160,-1343,0.239
er,f872b85231e3d08b,32,4054,566,5659,1027,-3488,-4632,0.446
er,7f63aac08b0b9f93,32,4064,571,5666,1053,-3493,-4613,0.455
er,98b41f10a85e9647,32,1469,547,2041,998,-922,-1043,0.225
er,884c2c80405e7cc0,32,2739,565,3870,1025,-2174,-2845,0.368
er,4c8cdcd238969a9f,32,2621,547,3707,981,-2074,-2726,0.365
er,5299ca9bf791afea,32,4069,586,5627,1074,-3483,-4553,0.405
er,9e8fde54a8e92a26,32,4676,571,6491,1049,-4105,-5442,0.497
er,fb36293112b48941,32,2219,584,3042,1070,-1635,-1972,0.294
er,fcd861c2bfa5274f,32,4249,595,5896,1097,-3654,-4799,0.419
er,cbabf3f7386ea677,32,3363,606,4634,1118,-2757,-3516,0.377
er,05e9fc0988f9cd96,32,2815,595,3871,1090,-2220,-2781,0.315
er,40a79b614ba4a348,32,2911,581,4108,1060,-2330,-3048,0.373
er,bb5fb74d9ea0e53b,32,2433,550,3439,1003,-1883,-2436,0.367
er,3651892b6635c5ee,32,3561,586,4926,1077,-2975,-3849,0.358
er,b04adba0f0896292,32,3648,572,5093,1046,-3076,-4047,0.446
er,4ef515b7515824ae,32,4386,577,6105,1062,-3809,-5043,0.476
er,24722a90b36ff08d,32,3689,589,5112,1077,-3100,-4035,0.366
er,47518ac07aa475e4,32,4107,586,5704,1076,-3521,-4628,0.438
er,3a215f177b9d40f1,32,4003,589,5513,1075,-3414,-4438,0.474
er,74a73b31aca6f20d,32,1863,590,2556,1069,-1273,-1487,0.258
er,c3595b17376a3dff,32,4074,567,5680,1039,-3507,-4641,0.533
er,534b9ea999770752,32,1854,554,2558,1026,-1300,-1532,0.258
er,5dad5ab9ead24b6c,32,3654,592,5089,1087,-3062,-4002,0.474
er,1842197e90e09b27,32,1985,564,2715,1025,-1421,-1690,0.249
er,3914df216dfe27dc,32,2061,580,2828,1070,-1481,-1758,0.269
er,78e3dd1d94b0cba9,32,1103,590,1532,1070,-513,-462,0.248
er,a43fcc872f44e1a9,32,1717,568,2347,1022,-1149,-1325,0.265
er,21cd834f55dcafe0,32,3240,593,4457,1086,-2647,-3371,0.327
er,1c62f6acb3dfb902,32,1196,579,1637,1040,-617,-597,0.249
er,f87d1b83e649ae69,32,3787,590,5246,1076,-3197,-4170,0.372
er,d3a82d5883d2994e,32,4236,592,5898,1091,-3644,-4807,0.428
er,3f08eb0e4fb7b13a,32,4325,571,6014,1031,-3754,-4983,0.478
er,a0dbe8b868d17104,32,3844,596,5323,1093,-3248,-4230,0.394
er,c2c807f4699fca0f,32,1919,585,2648,1074,-1334,-1574,0.271
er,594b77292dcba418,32,4030,587,5587,1070,-3443,-4517,0.422
er,8bd270377d8b6b39,32,3894,596,5382,1095,-3298,-4287,0.416
er,be43535f210ddeab,32,3670,557,5068,1019,-3113,-4049,0.39
er,bcc9751e21a26d36,32,1959,489,2778,882,-1470,-1896,0.333
er,2c385cd0db22eb78,32,2167,576,3080,1039,-1591,-2041,0.354
er,3d68f4d1eb70c608,32,3983,587,5516,1079,-3396,-4437,0.441
er,56080a92980aeded,32,2232,556,3062,1010,-1676,-2052,0.265
er,4637415bd4707aa6,32,1240,577,1714,1043,-663,-671,0.211
er,41fe7bb55ba19596,32,2836,596,3904,1097,-2240,-2807,0.309
er,6ca3f4a7d8260611,32,2449,575,3350,1058,-1874,-2292,0.301
er,cd2f56a5ca8db7af,32,2590,598,3563,1102,-1992,-2461,0.297
er,f35303e7dd98e3e0,32,1737,561,2390,1039,-1176,-1351,0.246
er,025bd021bab6ba0a,32,3199,568,4516,1046,-2631,-3470,0.393
er,71bd1c770c11c506,32,3919,591,5420,1088,-3328,-4332,0.444
er,cd31dce062889a49,32,1827,577,2513,1056,-1250,-1457,0.241
er,4bd4a94a6c117b96,32,2956,598,4091,1101,-2358,-2990,0.339
er,b8acadf8f80f5534,32,4586,584,6328,1084,-4002,-5244,0.439
er,db68dcde0e5d5aab,32,3876,602,5380,1107,-3274,-4273,0.379
er,978b320f37a0efd3,32,4171,578,5779,1063,-3593,-4716,0.444
er,cd013804dd05d80d,32,2734,593,3872,1081,-2141,-2791,0.368
er,203313566ff5ae95,32,2780,569,3851,1062,-2211,-2789,0.371
er,6165d279033eac9c,32,3900,601,5411,1105,-3299,-4306,0.378
er,ab8225769355d27a,32,3838,596,5298,1090,-3242,-4208,0.777
er,9a68f03880c42eca,32,1420,609,1943,1107,-811,-836,0.267
er,3c9873f25691d039,32,4486,592,6221,1093,-3894,-5128,0.433
er,3b6ecc71ffc7bad2,32,1157,457,1651,811,-700,-840,0.319
er,050ebd79601bd876,32,2782,586,3838,1076,-2196,-2762,0.309
er,26e0233145724f86,32,1138,445,1604,771,-693,-833,0.29
er,e2a3e7f7492a89bc,32,1688,591,2320,1083,-1097,-1237,0.317
er,a206c31292813097,32,1001,505,1368,909,-496,-459,0.181
er,0f1faef72cb176d0,32,2781,570,3860,1049,-2211,-2811,0.34
er,26539c7c9b44f7a8,32,1210,570,1663,1018,-640,-645,0.216
er,c0a58f405cb59223,32,3974,598,5545,1101,-3376,-4444,0.438
er,972f4199e22c5a21,32,4183,557,5792,1019,-3626,-4773,0.458
er,77160e9cae6500e4,32,4243,571,5901,1045,-3672,-4856,0.41
er,a013fe454b93617d,32,3332,565,4655,1036,-2767,-3619,0.467
er,39d08974f129b707,32,2513,557,3465,1014,-1956,-2451,0.331
er,c27992b7f38f5aac,32,3785,565,5224,1043,-3220,-4181,0.361
er,c9506799cba5b673,32,2171,573,2989,1048,-1598,-1941,0.266
er,0fedccb876ba9a31,32,4356,607,6006,1116,-3749,-4890,0.41
er,5f5ab34ab6bac4e8,32,2902,554,4096,1019,-2348,-3077,0.421
er,fd338e92bf5726ff,32,1803,593,2494,1083,-1210,-1411,0.571
er,27af0061c75647d5,32,4110,592,5712,1089,-3518,-4623,0.461
er,34ce0f62b934af08,32,1132,549,1555,992,-583,-563,0.202
er,34bb53137038efee,32,3683,587,5145,1071,-3096,-4074,0.421
er,b505b23ba3b82887,32,3829,603,5319,1104,-3226,-4215,0.392
er,7e24cd14604ee528,32,4239,570,5882,1047,-3669,-4835,0.422
er,44fdebe9bf6e7391,32,2800,583,3934,1060,-2217,-2874,0.376
er,a1475388c3758225,32,2016,577,2794,1064,-1439,-1730,0.262
er,95844345b47a8291,32,1978,554,2719,1024,-1424,-1695,0.258
er,c33f19a4b973bb20,32,2727,572,3766,1058,-2155,-2708,0.366
er,478f9a11c74a146a,32,3100,582,4373,1071,-2518,-3302,0.395
er,16da3c7af3af0991,32,3960,597,5470,1094,-3363,-4376,0.454
er,55b5ffe9a592bfdf,32,2286,581,3149,1076,-1705,-2073,0.289
er,e33e465b5404262b,32,3612,587,4975,1084,-3025,-3891,0.389
er,80958d4c719d8ac3,32,3973,595,5482,1096,-3378,-4386,0.447
er,8bce0d58f432590e,32,3660,611,5069,1124,-3049,-3945,0.404
er,b3f073c3d105da98,32,4060,597,5591,1090,-3463,-4501,0.396
er,3f0391a09f5a1669,32,3904,596,5394,1091,-3308,-4303,0.454
er,163ca8c9862956e5,32,4484,551,6226,1020,-3933,-5206,0.428
er,746136d19def48a8,32,3696,572,5151,1054,-3124,-4097,0.457
er,818aa1e49d950189,32,999,446,1420,778,-553,-642,0.265
er,37e17d6f1fd750ca,32,3507,610,4828,1113,-2897,-3715,0.381
er,14117c8dd3e2152e,32,3398,605,4684,1104,-2793,-3580,0.359
er,7e2d3f06ae033f49,32,2622,587,3609,1075,-2035,-2534,0.298
er,92fb819ebd111894,32,3094,585,4276,1072,-2509,-3204,0.321
er,d619ce4c58e8c802,32,2504,607,3449,1123,-1897,-2326,0.298
er,c3e5a7386935480f,32,4281,584,5941,1075,-3697,-4866,0.451
er,dab867dcd22147e1,32,4388,591,6103,1086,-3797,-5017,0.428
er,bcbd9e7d48fd686b,32,4016,606,5549,1104,-3410,-4445,0.457
er,11567c9863b44a0f,32,4483,600,6191,1111,-3883,-5080,0.466
er,24d4d285819f0c0a,32,3699,559,5125,1033,-3140,-4092,0.428
er,724080173c4520cf,32,4211,586,5862,1082,-3625,-4780,0.413
er,0a07c1dfdce605d3,32,3948,584,5451,1070,-3364,-4381,0.41
er,348bbf88c6d42fb5,32,4084,577,5687,1067,-3507,-4620,0.414
er,75efe3c09f92d952,32,3515,596,4843,1096,-2919,-3747,0.396
er,d6bcc4a98f0e9b2d,32,4061,602,5609,1107,-3459,-4502,0.457
er,c3ddd8e2a09525da,32,3189,591,4414,1087,-2598,-3327,0.346
er,375f3fab5dbe2afa,32,2526,566,3495,1046,-1960,-2449,0.355
er,b586240957db3431,32,3608,604,4976,1117,-3004,-3859,0.356
er,1fb266e877fbe376,32,3385,589,4666,1091,-2796,-3575,0.339
er,2d06e1473c8268a8,32,2308,561,3176,1022,-1747,-2154,0.275
er,8321c85bd6e02661,32,2476,595,3415,1084,-1881,-2331,0.292
er,e9cdbc2ee762fb77,32,1578,536,2173,969,-1042,-1204,0.229
er,940f021c316fae34,32,2163,585,2962,1074,-1578,-1888,0.301
er,104bd6bf532b1d38,32,3991,555,5521,1021,-3436,-4500,0.44
er,a16423f7a2b15b1a,32,2412,592,3328,1087,-1820,-2241,0.354
er,7a92d50b1a47dcb8,32,2826,612,3916,1124,-2214,-2792,0.309
er,f0805da899d04c05,32,3364,584,4640,1062,-2780,-3578,0.382
er,6612a3621c1612f3,32,4079,591,5639,1085,-3488,-4554,0.409
er,e0e9a8e654dfef49,32,3679,581,5150,1054,-3098,-4096,0.408
er,8713770fd218e036,32,3240,592,4470,1068,-2648,-3402,0.369
er,ba73de64e91dd273,32,4258,592,5915,1092,-3666,-4823,0.406
er,7172ce04cf502004,32,3913,550,5419,1017,-3363,-4402,0.389
er,824e9e7c4eb49f78,32,4113,601,5679,1100,-3512,-4579,0.442
er,6b441769f3b5afaa,32,2566,567,3652,1023,-1999,-2629,0.397
er,c590334452e3e825,32,3040,518,4200,944,-2522,-3256,0.337
er,377783bee5e0754f,32,2350,581,3218,1080,-1769,-2138,0.313
er,8ccba45354c1b6a5,32,2606,592,3589,1093,-2014,-2496,0.341
er,f5760e9edef2298f,32,2962,568,4170,1045,-2394,-3125,0.428
er,a40282f0f0c8577a,32,2172,527,3065,954,-1645,-2111,0.339
er,4f7db458a1d0efbe,32,1300,524,1782,956,-776,-826,0.25
er,dbe3fcb150fd76fd,32,2020,578,2776,1059,-1442,-1717,0.261
er,253c452bb8793bf9,32,1537,554,2103,1020,-983,-1083,0.22
er,26e9fc462568f2bd,32,3768,578,5208,1065,-3190,-4143,0.367
er,0d6e5a03395b054d,32,1497,577,2070,1048,-920,-1022,0.232
er,c8fbb5d8dc652f23,32,4190,533,5839,987,-3657,-4852,0.477
er,ebb0090f69c0f24d,32,3240,607,4459,1108,-2633,-3351,0.365
er,5fbeb31edb465352,32,2305,600,3182,1087,-1705,-2095,0.271
er,88e86a729ecd7c06,32,2416,571,3317,1046,-1845,-2271,0.294
er,c7141baccc790fff,32,4191,586,5800,1080,-3605,-4720,0.441
er,4093d1b3e67dde20,32,3646,602,5116,1110,-3044,-4006,0.425
er,ba7e454ecaebfbf1,32,1261,464,1781,799,-797,-982,0.284
er,d05e099da5a8bc85,32,3605,584,4999,1070,-3021,-3929,0.415
er,ac269a0beee9866e,32,3529,585,4870,1070,-2944,-3800,0.382
er,0e4f6c23e74eb10e,32,2816,592,3891,1084,-2224,-2807,0.316
er,1b4fa55b4fe21adc,32,2009,593,2762,1088,-1416,-1674,0.279
er,f10f3853eaaaf63f,32,4302,581,5934,1075,-3721,-4859,0.435
er,4986a032ecb8a5c6,32,1207,553,1655,999,-654,-656,0.223
er,2dfa8d30d79c625b,32,4220,586,5827,1068,-3634,-4759,0.4
er,2a7e6687165cb8d1,32,3139,570,4325,1050,-2569,-3275,0.318
er,edbc39e97947b572,32,4250,576,5922,1066,-3674,-4856,0.423
er,138e1f9a8adef476,32,2242,521,3161,929,-1721,-2232,0.335
er,7098dc1f702eb61b,32,1240,571,1714,1049,-669,-665,0.232
er,e2d904ba5e71465b,32,4049,596,5641,1097,-3453,-4544,0.434
er,2966ac2746fb1d32,32,1159,544,1596,956,-615,-640,0.193
er,d0ae5bfd3944dec0,32,4460,583,6182,1069,-3877,-5113,0.476
er,7f77b38db069e04b,32,3024,595,4160,1098,-2429,-3062,0.313
er,b7eff0a318bb4ae2,32,4185,585,5815,1072,-3600,-4743,0.451
er,f7eee700d45f03aa,32,4106,605,5662,1113,-3501,-4549,0.425
er,bd6addc9562b1586,32,3853,593,5337,1085,-3260,-4252,0.394
er,04f9061a90782510,32,2318,598,3188,1098,-1720,-2090,0.329
er,6aed4b7f5631c17d,32,2326,568,3209,1034,-1758,-2175,0.268
er,118a04eee14db511,32,3319,570,4659,1025,-2749,-3634,0.398
er,5716c8c12c9b03e4,32,2547,579,3584,1060,-1968,-2524,0.37
er,3ac796fb9d9a7c5e,32,1849,582,2545,1069,-1267,-1476,0.256
er,c2d8d02f5a5b97af,32,830,502,1142,904,-328,-238,0.203
er,f0a57c17121bff50,32,4345,595,6036,1094,-3750,-4942,0.475
er,417dc000e8c43c1b,32,958,483,1363,820,-475,-543,0.281
er,0bf8c1e23b973cb6,32,1546,565,2143,1037,-981,-1106,0.232
er,2b50d6a9489eeb68,32,4064,581,5663,1071,-3483,-4592,0.425
er,56e3c6deea04e3d1,32,2907,556,4123,1031,-2351,-3092,0.375
er,dff1ac7b7cbd7c10,32,2830,507,3972,934,-2323,-3038,0.361
er,9933325770c4aec6,32,4521,576,6305,1054,-3945,-5251,0.49
er,b3c214db6ebdd3b7,32,3622,583,5044,1071,-3039,-3973,0.419
er,f148e25c4ea3d115,32,3535,584,4964,1081,-2951,-3883,0.391
er,799feb1693db5635,32,3807,595,5266,1083,-3212,-4183,0.386
er,5c44a72e07b36624,32,1921,556,2730,1015,-1365,-1715,0.329
er,c9948c7b27606579,32,3632,583,5018,1064,-3049,-3954,0.353
er,f4654c89cf8ed8af,32,4172,587,5783,1085,-3585,-4698,0.389
er,3a96138a492ac1d9,32,4415,585,6111,1080,-3830,-5031,0.405
er,e06e0804c48b5db7,32,3425,589,4806,1080,-2836,-3726,0.393
er,7d23cc8a0fa82ca2,32,2633,578,3624,1051,-2055,-2573,0.302
er,923439c328b6c738,32,3386,602,4740,1094,-2784,-3646,0.404
er,be06d8db796c521a,32,3328,568,4655,1039,-2760,-3616,0.395
er,b58f220bbf1585d6,32,3818,584,5262,1066,-3234,-4196,0.417
er,1c917c76a9168901,32,1179,550,1621,1000,-629,-621,0.207
er,3378ecb12d20d114,32,2497,571,3521,1043,-1926,-2478,0.354
er,c90fd7698ca76d4a,32,3226,570,4520,1036,-2656,-3484,0.404
er,e3ebe74abd4caaaa,32,3360,571,4712,1049,-2789,-3663,0.394
er,c75879f7cced00ef,32,4028,589,5579,1076,-3439,-4503,0.388
er,23430ab0ea44e2ab,32,4369,580,6066,1063,-3789,-5003,0.523
er,ffc93dcabbc415fd,32,4104,596,5674,1093,-3508,-4581,0.427
er,9c1be6ea59cd11ee,32,1133,527,1554,951,-606,-603,0.231
er,81fc609312a44199,32,3555,564,4873,1038,-2991,-3835,0.367
er,4191382543424cc8,32,4337,596,6036,1096,-3741,-4940,0.421
er,3d1d8436d032e121,32,4502,553,6237,1036,-3949,-5201,0.451
er,3f126d526fea2f38,32,3590,585,4960,1073,-3005,-3887,0.36
er,ad2085c1aa19ebcd,32,4095,543,5716,996,-3552,-4720,0.443
er,173efc0e8f64661c,32,4062,592,5663,1095,-3470,-4568,0.463
er,da885131a62673d7,32,1103,542,1524,989,-561,-535,0.196
er,cd56ac4200e9d31c,32,2402,547,3307,1013,-1855,-2294,0.33
er,9bc7ebd660b77ecc,32,2372,549,3346,1011,-1823,-2335,0.35
er,27e72cc50be5df76,32,3643,572,5081,1058,-3071,-4023,0.427
er,d2f5d47c049ffe92,32,3709,573,5122,1056,-3136,-4066,0.462
er,c8f2ef4b13723a28,32,4438,605,6127,1108,-3833,-5019,0.414
er,2426fd5a57248ceb,32,4041,595,5621,1090,-3446,-4531,0.446
er,e148de2f6feef365,32,4330,602,6000,1106,-3728,-4894,0.461
er,7ffdac9b3daba5a9,32,1341,547,1845,986,-794,-859,0.207
er,33f5eac5b50b0439,32,4206,569,5857,1047,-3637,-4810,0.422
er,96bdb49af88497be,32,1209,531,1659,943,-678,-716,0.212
er,690fca7dabac41d1,32,1846,527,2534,964,-1319,-1570,0.27
er,f5120410ee61a614,32,3176,580,4450,1075,-2596,-3375,0.385
er,ea49c5bed0ac85c0,32,4024,582,5630,1069,-3442,-4561,0.538
er,e3ad8e1eeef5481a,32,3431,596,4833,1087,-2835,-3746,0.441
er,0a4cd6943f8566c0,32,3402,558,4751,1018,-2844,-3733,0.397
er,d8ac23f6d698a07a,32,4370,567,6060,1039,-3803,-5021,0.46
er,5c309a499248369c,32,1193,429,1694,766,-764,-928,0.289
er,cc5aa4ab852f7948,32,2502,589,3459,1074,-1913,-2385,0.311
er,27528352c4a494e4,32,3739,577,5167,1069,-3162,-4098,0.362
er,4fa41c03c3910cd4,32,1630,617,2252,1130,-1013,-1122,0.281
structured,bdd043abc00ace2a,32,140,139,198,236,-1,38,0.101
er,baa85c2419df495c,32,3658,588,5080,1077,-3070,-4003,0.382
er,c3bb523775c36dd1,32,3919,586,5443,1076,-3333,-4367,0.386
er,b027acbf958f9b68,32,3135,588,4414,1078,-2547,-3336,0.428
er,3e3b3fcfcf8048b4,32,2375,540,3364,1000,-1835,-2364,0.359
er,423c10d1f15a0e0c,32,3573,582,4925,1074,-2991,-3851,0.379
er,cc745f72e729c98d,32,4062,573,5607,1051,-3489,-4556,0.434
er,8deec681929bbfa1,32,3839,586,5345,1068,-3253,-4277,0.457
er,3a86248ecad446cd,32,3869,596,5340,1098,-3273,-4242,0.413
er,304bd9e9675583d3,32,3493,602,4845,1095,-2891,-3750,0.383
er,21829608b8767b08,32,3882,596,5427,1103,-3286,-4324,0.489
er,fc6b97853e583065,32,3925,591,5419,1086,-3334,-4333,0.564
er,5fa480940e5f1354,32,1852,511,2619,908,-1341,-1711,0.378
er,a039483f2f38b378,32,3858,591,5345,1088,-3267,-4257,0.39
er,b130a4ab596bfe0b,32,4225,592,5845,1083,-3633,-4762,0.421
er,2a46cf4df0530d6d,32,4445,596,6154,1101,-3849,-5053,0.452
er,19d63f2a0d0b6d48,32,2434,590,3341,1076,-1844,-2265,0.28
er,7993a7dc13abdce6,32,1203,465,1717,819,-738,-898,0.298
er,6ccebeae5e550e89,32,2033,544,2893,987,-1489,-1906,0.355
er,25a814f2b35b2b39,32,1937,554,2765,1015,-1383,-1750,0.348
er,46062a5ce4ff55d5,32,1077,484,1486,870,-593,-616,0.215
er,e0d07286e3dd2655,32,2776,562,3901,1040,-2214,-2861,0.422
er,d8976f41e43a9d51,32,3297,594,4572,1087,-2703,-3485,0.327
er,8f5070d1b10f6a79,32,3707,607,5134,1109,-3100,-4025,0.407
er,3e6f0cf8d1918fe8,32,1399,554,1925,994,-845,-931,0.215
er,b3eedb2167762d37,32,1814,584,2514,1065,-1230,-1449,0.254
er,2b16f10fe7bca8c4,32,4080,575,5679,1065,-3505,-4614,0.466
er,38a366dabdaf2f06,32,2561,544,3619,1000,-2017,-2619,0.359
er,17e5ae97c831585b,32,4328,598,5976,1106,-3730,-4870,0.427
er,5bac5f3d4766b4bf,32,3475,526,4795,970,-2949,-3825,0.426
er,cee57835d10c0c5a,32,3977,572,5541,1054,-3405,-4487,0.431
er,89931043930b2327,32,4005,603,5544,1104,-3402,-4440,0.435
er,929a00a2bea164ee,32,3556,585,4910,1083,-2971,-3827,0.396
er,79f33d5d15700ab9,32,1097,385,1555,688,-712,-867,0.268
er,446614fd4104a872,32,4052,594,5628,1098,-3458,-4530,0.456
er,d7747294d535366b,32,3947,583,5526,1070,-3364,-4456,0.411
er,8f4a41846cd390a5,32,3224,593,4466,1087,-2631,-3379,0.332
er,3ad6b52762255700,32,2330,575,3296,1051,-1755,-2245,0.388
er,e0b99fb408bbbf76,32,1548,487,2187,855,-1061,-1332,0.35
er,df0078b886cc553f,32,2992,579,4135,1067,-2413,-3068,0.316
er,8b29d3085d2e2226,32,2927,599,4048,1101,-2328,-2947,0.344
er,c72a4e234c968c13,32,4245,574,5905,1057,-3671,-4848,0.417
er,6536463143c9e964,32,3418,574,4786,1045,-2844,-3741,0.396
er,732d6b672c0411cd,32,2794,556,3843,1023,-2238,-2820,0.368
er,215515e1f824891d,32,3247,606,4502,1115,-2641,-3387,0.376
er,5b88b31cb4f69f51,32,4490,552,6256,1010,-3938,-5246,0.423
er,bc72071115e2b286,32,3539,599,4890,1095,-2940,-3795,0.348
er,652d36ab7d37babb,32,4040,581,5629,1069,-3459,-4560,0.473
er,72565c3ce20a81ec,32,3077,587,4227,1081,-2490,-3146,0.413
er,bc47323eaf4ef101,32,3292,575,4556,1052,-2717,-3504,0.325
er,12dc2de92a2a3065,32,1601,556,2189,1007,-1045,-1182,0.235
er,e4753880d01ca21e,32,3833,577,5291,1063,-3256,-4228,0.418
er,ccb129ef97edbebd,32,4107,564,5654,1038,-3543,-4616,0.404
er,a3b4c05a2a3611e8,32,3836,577,5309,1058,-3259,-4251,0.364
er,2ce64e629abfc23b,32,766,540,1050,954,-226,-96,0.231
er,c802508985040080,32,1306,496,1846,877,-810,-969,0.294
er,51d9d2325eee42ef,32,2644,545,3646,1000,-2099,-2646,0.308
er,ba2f87b827e8b7c6,32,3044,591,4203,1082,-2453,-3121,0.419
er,6c1d169b76ab8dc9,32,4489,586,6238,1079,-3903,-5159,0.43
er,452c91ba25d0581e,32,2070,597,2857,1093,-1473,-1764,0.29
er,7a244f8bde070f50,32,2568,570,3539,1043,-1998,-2496,0.321
er,767994b1e09c006f,32,1548,427,2191,765,-1121,-1426,0.304
er,80cb70276430400b,32,4100,566,5677,1047,-3534,-4630,0.422
er,5c431f6a9bae847f,32,4150,589,5765,1085,-3561,-4680,0.534
er,39b69ec1311aa9d6,32,3221,601,4441,1096,-2620,-3345,0.358
er,991665e0cc04529f,32,3611,579,5055,1065,-3032,-3990,0.439
er,a0954d6161f87abf,32,1900,525,2692,948,-1375,-1744,0.37
er,e667b1fb91010357,32,2541,589,3518,1079,-1952,-2439,0.295
er,e705dcdba1e54cfb,32,3307,562,4574,1050,-2745,-3524,0.376
er,2e17416749cda79d,32,3559,569,4922,1052,-2990,-3870,0.349
er,e37f92e48740943c,32,2416,565,3426,1031,-1851,-2395,0.395
er,72534cebc2fd8f1f,32,4027,572,5638,1050,-3455,-4588,0.415
er,8fdff1b831698cdc,32,1221,541,1669,971,-680,-698,0.194
er,f2050c02ddd5c438,32,1760,483,2482,868,-1277,-1614,0.33
er,0737a1ddfd6af822,32,3831,572,5350,1049,-3259,-4301,0.45
er,f7ef89b1779e1405,32,1689,575,2319,1053,-1114,-1266,0.244
er,a9bf925e0fdc5e04,32,1308,435,1858,791,-873,-1067,0.335
er,b61db5baeb01b098,32,3872,596,5342,1092,-3276,-4250,0.45
er,b6fc755a6423b0dd,32,1516,547,2146,975,-969,-1171,0.32
er,8a31a1daa7eb704e,32,4127,568,5730,1055,-3559,-4675,0.413
er,c2324990bd2259a0,32,2679,567,3784,1033,-2112,-2751,0.366
er,6dec427fc1b74b2d,32,3124,603,4310,1105,-2521,-3205,0.327
er,3641abd7072bf15f,32,2335,572,3216,1052,-1763,-2164,0.3
er,d68a973d2a6cb4af,32,1350,576,1845,1056,-774,-789,0.226
er,9f3bf18652eac5b7,32,2402,539,3385,984,-1863,-2401,0.355
er,d4412fb170de5fad,32,3764,573,5260,1053,-3191,-4207,0.447
er,8738ea9242c922f1,32,2002,549,2838,1000,-1453,-1838,0.374
er,2ba7354bdef79dc4,32,3820,558,5253,1030,-3262,-4223,0.386
er,b73d7a030e03c773,32,2549,569,3602,1034,-1980,-2568,0.365
er,34b5d84a58e7f4ea,32,4028,600,5608,1106,-3428,-4502,0.522
er,85371d2d5257d8df,32,4053,603,5619,1103,-3450,-4516,0.464
er,25bd0d03329f97a6,32,1923,564,2652,1037,-1359,-1615,0.286
er,8cb892f6ed00a828,32,2386,568,3265,1051,-1818,-2214,0.279
er,c824bae66f7f0518,32,3889,585,5388,1076,-3304,-4312,0.395
er,c749cf3be81d8185,32,2116,552,2933,1002,-1564,-1931,0.365
er,1d08cc166d5395aa,32,3742,562,5220,1034,-3180,-4186,0.411
er,94919f6a36420719,32,3967,576,5480,1057,-3391,-4423,0.399
er,2ade943f0a5cdcce,32,4273,595,5924,1096,-3678,-4828,0.445
er,c0a17697d199cdb8,32,2675,572,3685,1049,-2103,-2636,0.303
er,fb71f94f009fe3c3,32,2101,589,2897,1076,-1512,-1821,0.304
er,6147a13583a6082d,32,4134,588,5732,1083,-3546,-4649,0.414
er,8af5ba47efbfdc1f,32,1827,536,2580,969,-1291,-1611,0.349
er,0722111320e7c339,32,3993,581,5589,1057,-3412,-4532,0.42
er,1ad757a329338934,32,2603,559,3597,1035,-2044,-2562,0.287
er,981d4a1ad7c5d07f,32,1892,540,2601,990,-1352,-1611,0.245
er,5984d8b080b8726a,32,2793,613,3863,1126,-2180,-2737,0.307
er,e1ba658586a94982,32,2917,553,4022,1015,-2364,-3007,0.297
er,bd247c1f6accb1d1,32,4241,599,5878,1091,-3642,-4787,0.42
er,9035a6a2d84b2630,32,2382,565,3267,1048,-1817,-2219,0.306
er,99a90dad5d9d0bbb,32,1012,537,1391,972,-475,-419,0.235
er,6f1974a75479a32e,32,2487,598,3411,1098,-1889,-2313,0.328
er,c2291b8b3d43fea4,32,3774,598,5194,1093,-3176,-4101,0.591
er,c9f9f669c222d80d,32,2984,579,4119,1063,-2405,-3056,0.322
er,a04092cccba534fa,32,2434,586,3351,1076,-1848,-2275,0.289
er,e033fa08ce9120a5,32,1751,572,2406,1049,-1179,-1357,0.245
er,cae398aa2b6dc423,32,886,486,1220,870,-400,-350,0.202
er,109a688d889c6eea,32,2818,590,3879,1087,-2228,-2792,0.356
er,019bdac1b1c5a169,32,4436,571,6125,1040,-3865,-5085,0.45
er,f66a62d0db40e61a,32,3928,579,5454,1066,-3349,-4388,0.383
er,786c3b5ca5daa04d,32,3442,584,4830,1074,-2858,-3756,0.431
er,8099c72202358eb5,32,2915,590,4019,1077,-2325,-2942,0.376
er,9db3b994cff3f85d,32,1918,486,2715,884,-1432,-1831,0.325
er,5046120270c7bf23,32,2562,557,3617,1009,-2005,-2608,0.403
er,682d6e6b122cf03f,32,1061,465,1515,836,-596,-679,0.321
er,c4537a2f5fea243a,32,3934,586,5411,1083,-3348,-4328,0.403
er,b95c69c7455e3129,32,3540,606,4895,1113,-2934,-3782,0.409
er,a082b97f9d6793b0,32,3862,575,5410,1059,-3287,-4351,0.421
er,35ed1b601e68dc42,32,4204,605,5807,1114,-3599,-4693,0.405
er,c5ba2b4ed1da3c95,32,2586,624,3550,1147,-1962,-2403,0.338
er,072f7c6d7f5b28a4,32,2636,587,3725,1068,-2049,-2657,0.365
er,30f3e04a7c85ced0,32,2876,551,4055,1011,-2325,-3044,0.366
er,061765822e901e8a,32,1176,349,1664,601,-827,-1063,0.286
er,3ed191d0ae122a6f,32,4316,576,5961,1068,-3740,-4893,0.41
er,cd8e4f6e7b36965b,32,3530,565,4917,1025,-2965,-3892,0.399
er,3d6551779a3cc6e2,32,2939,587,4063,1069,-2352,-2994,0.336
er,000f14c617bdd17c,32,1685,557,2302,1007,-1128,-1295,0.251
structured,b005a22e4b2a75e7,32,178,164,250,274,-14,24,0.103
er,6657181203e35fe2,32,4315,592,5964,1095,-3723,-4869,0.43
er,a7081f62c978a45a,32,2589,598,3563,1093,-1991,-2470,0.297
er,7d8bf0be6348d6d5,32,2886,573,3964,1063,-2313,-2901,0.35
er,e712dddfba7fe2c8,32,4237,588,5843,1082,-3649,-4761,0.448
er,d1e5da71f41a9b46,32,2332,567,3315,1046,-1765,-2269,0.378
er,42304a65b2649a10,32,3769,564,5184,1037,-3205,-4147,0.373
er,df61019f125aa1fb,32,4157,595,5800,1092,-3562,-4708,0.426
er,da34607b439b7866,32,3768,582,5238,1070,-3186,-4168,0.444
er,f66d721b56aceef6,32,2290,536,3231,972,-1754,-2259,0.389
er,aeedee48e359ab26,32,4004,589,5543,1086,-3415,-4457,0.437
er,a4a3a79e84754822,32,3633,592,5095,1086,-3041,-4009,0.418
er,16531cba2ad65c58,32,3365,597,4659,1098,-2768,-3561,0.347
er,099bd463c06bff0a,32,2690,557,3791,1021,-2133,-2770,0.373
er,a34404255d281c5c,32,2726,583,3763,1065,-2143,-2698,0.299
er,1b787cbceee72e17,32,3789,576,5288,1061,-3213,-4227,0.423
er,e5bc6b0a59299ca2,32,3608,567,4991,1044,-3041,-3947,0.398
er,38baa37551b71c4c,32,3784,557,5230,1021,-3227,-4209,0.501
er,57367400adf45ee2,32,1546,556,2130,1017,-990,-1113,0.226
er,5eddf51362bc023f,32,4062,603,5633,1113,-3459,-4520,0.443
er,8eb42cb479faa2d3,32,3900,580,5364,1064,-3320,-4300,0.406
er,3e1757d41cd5ee3a,32,1288,565,1768,1017,-723,-751,0.239
er,191c35ef402d1bde,32,3412,589,4721,1075,-2823,-3646,0.383
er,4bfcefaecec6a36b,32,4193,600,5810,1102,-3593,-4708,0.472
er,b84d0d934f3957f5,32,3668,589,5068,1088,-3079,-3980,0.359
er,c25746db91920d01,32,1978,547,2724,1008,-1431,-1716,0.305
er,177c65332614f7b1,32,3996,566,5559,1035,-3430,-4524,0.419
er,57201be66b922591,32,2488,556,3510,1020,-1932,-2490,0.374
er,24de0c03b32584d3,32,4336,590,6017,1090,-3746,-4927,0.419
er,41c6064c8756c227,32,2685,598,3714,1094,-2087,-2620,0.308
er,fce3b2cdc242dd95,32,4120,575,5706,1069,-3545,-4637,0.405
er,faa5f61caac63fb5,32,1656,491,2345,885,-1165,-1460,0.317
er,8bf728281b91ed70,32,4170,605,5777,1115,-3565,-4662,0.419
er,fabd26cdb4b78d8b,32,2200,563,3041,1026,-1637,-2015,0.296
er,6ff51e00f4808d14,32,4318,565,6001,1036,-3753,-4965,0.416
er,27fe8532f61f8c41,32,2661,574,3687,1048,-2087,-2639,0.295
er,1693d171ffd949b0,32,4177,574,5787,1064,-3603,-4723,0.395
er,fceede3231f3fd91,32,2904,554,4007,1016,-2350,-2991,0.417
er,1d78bbba96f9327c,32,3321,588,4616,1080,-2733,-3536,0.333
er,ab333779a10576bf,32,2781,593,3937,1092,-2188,-2845,0.38
er,8d288783bbdd8088,32,2214,593,3024,1084,-1621,-1940,0.306
er,c9116f81cb9a835c,32,2643,602,3631,1104,-2041,-2527,0.309
er,77bce427c6bbeaf7,32,4223,569,5828,1047,-3654,-4781,0.395
er,4d43345993dff8db,32,2771,576,3828,1055,-2195,-2773,0.393
er,1732cdde0709b659,32,1838,566,2536,1038,-1272,-1498,0.239
er,b0f5836b2a797233,32,2550,580,3526,1053,-1970,-2473,0.339
er,25133de3cd1d71b9,32,867,393,1235,661,-474,-574,0.263
er,f302d003fe28789a,32,1093,547,1513,1009,-546,-504,0.24
er,b24dc92731d9121b,32,1784,567,2465,1034,-1217,-1431,0.24
er,1248fc901234d4f7,32,2906,599,3992,1096,-2307,-2896,0.389
er,f97ab38497b8d667,32,4277,597,5922,1100,-3680,-4822,0.45
er,1c69db106b3024fe,32,2971,546,4081,1005,-2425,-3076,0.297
er,22b9cf9c7ff53075,32,4112,595,5673,1098,-3517,-4575,0.397
er,351724159502c667,32,2538,581,3531,1062,-1957,-2469,0.321
er,3c6f932da5f28ba1,32,1197,446,1694,775,-751,-919,0.282
er,09aaa4544f93f930,32,2853,552,4019,998,-2301,-3021,0.377
er,89b287a1a1f085d8,32,1519,525,2149,929,-994,-1220,0.305
er,e45c5ccb48de086a,32,1090,576,1504,1050,-514,-454,0.21
er,ffae852b74255b42,32,1312,475,1872,844,-837,-1028,0.299
er,89eca063add30386,32,4268,582,5901,1072,-3686,-4829,0.399
er,8752fc49b369e61b,32,1132,479,1584,834,-653,-750,0.279
er,702279be34cf268f,32,3742,573,5214,1051,-3169,-4163,0.451
er,4addb2028a8ddd5b,32,4417,598,6134,1104,-3819,-5030,0.422
er,da55080708a6133d,32,1598,530,2213,963,-1068,-1250,0.226
er,95f16ba85dce9ff6,32,2334,590,3219,1084,-1744,-2135,0.277
er,276c16c414e8187b,32,3805,580,5306,1067,-3225,-4239,0.407
er,3dc9f8bfd5fab2b7,32,2867,598,3957,1096,-2269,-2861,0.353
er,131d3762a40eefd9,32,1253,540,1717,1001,-713,-716,0.23
er,81c04e2d4007295d,32,4275,591,5913,1086,-3684,-4827,0.413
er,98ee79147d44f9a5,32,4720,588,6543,1084,-4132,-5459,0.494
er,1ccaeacd24b9fd6a,32,2064,562,2856,1006,-1502,-1850,0.277
er,be24e42bd8e666bf,32,1115,460,1582,830,-655,-752,0.324
er,690bae5a810c212b,32,4196,593,5879,1095,-3603,-4784,0.421
er,22d6bc2c150c47a6,32,3946,548,5502,1016,-3398,-4486,0.423
er,a84fb1199902e2a4,32,4515,573,6257,1058,-3942,-5199,0.436
er,3c72b272dbbcb5a7,32,3689,568,5084,1062,-3121,-4022,0.396
er,019206b92956f84e,32,4198,597,5807,1103,-3601,-4704,0.44
er,dfc8fa9c4f773cd4,32,1030,524,1418,955,-506,-463,0.195
er,0ecc7b74acec5f2c,32,984,530,1352,969,-454,-383,0.201
er,34f6107347ad69d0,32,4638,594,6407,1095,-4044,-5312,0.463
er,f6bb5d5968e59ccb,32,3535,593,4895,1088,-2942,-3807,0.344
er,c55894769f80be38,32,2931,593,4058,1082,-2338,-2976,0.353
er,aa0403a712a0017f,32,4359,573,6030,1056,-3786,-4974,0.472
er,47d7b99b0867e460,32,4102,609,5695,1116,-3493,-4579,0.41
er,121c7c0f53f95fff,32,1725,561,2384,1024,-1164,-1360,0.247
er,8058e883d087b0c2,32,2303,587,3180,1063,-1716,-2117,0.304
er,280f5602727efe2f,32,933,548,1277,999,-385,-278,0.189
er,5f37490e5df8bedf,32,1939,577,2657,1052,-1362,-1605,0.253
er,e8c73dc6223b5675,32,3721,602,5153,1110,-3119,-4043,0.372
er,c9a8d32d93c6c9b9,32,1230,528,1685,965,-702,-720,0.211
er,9d64184957f903a4,32,3413,599,4782,1095,-2814,-3687,0.396
er,afa0cc96d2a20950,32,2299,576,3161,1062,-1723,-2099,0.27
er,19aeeda803653033,32,1806,525,2561,944,-1281,-1617,0.367
er,7c71aa767a07f663,32,1770,571,2424,1049,-1199,-1375,0.261
er,1f7933f7adb0c48f,32,4430,581,6161,1071,-3849,-5090,0.475
er,910aa554da6b31a3,32,4309,575,6008,1063,-3734,-4945,0.443
er,283af1c81f5c24a4,32,4522,596,6269,1097,-3926,-5172,0.431
er,cfb8bbd9c45ee67e,32,4527,592,6290,1091,-3935,-5199,0.477
er,5fd77a0c0375267f,32,3910,604,5405,1103,-3306,-4302,0.368
er,b942133ac258fe28,32,3748,569,5235,1034,-3179,-4201,0.403
er,0d9705fe7f74711f,32,3089,566,4363,1032,-2523,-3331,0.408
er,ad8107116d90c3aa,32,3430,553,4783,998,-2877,-3785,0.419
er,d99eb961da4a5bc0,32,2022,503,2847,911,-1519,-1936,0.334
er,5e29346e0a8f82e2,32,4557,578,6290,1063,-3979,-5227,0.438
er,99ee8ea960a96854,32,1764,533,2426,977,-1231,-1449,0.233
er,5cc2b4967eb85381,32,3586,575,5051,1064,-3011,-3987,0.478
er,7323a1e14b89763f,32,1309,443,1843,781,-866,-1062,0.294
er,7a2bc1d7c9ba40d3,32,1207,402,1722,712,-805,-1010,0.278
er,3418bb5a2d7c84a9,32,4197,573,5843,1060,-3624,-4783,0.462
er,c39dfca801aea244,32,1581,581,2183,1041,-1000,-1142,0.232
er,fbe8bff770fe6c72,32,4174,590,5796,1070,-3584,-4726,0.53
er,39e9736c6e3851be,32,2206,564,3027,1035,-1642,-1992,0.261
er,f6fa94482b904f7c,32,4527,579,6255,1068,-3948,-5187,0.446
er,49b69cb275c4a417,32,3352,583,4626,1075,-2769,-3551,0.379
er,ef3d613f10e49327,32,4129,587,5786,1065,-3542,-4721,0.428
er,50629ae3d6c2876b,32,1996,561,2758,1035,-1435,-1723,0.267
er,b3bda42b1f9ca3b5,32,1033,543,1419,991,-490,-428,0.196
er,f979eb4829ee3efb,32,2863,585,3949,1076,-2278,-2873,0.353
er,b87b12c3ee5b26e8,32,3094,593,4255,1092,-2501,-3163,0.331
er,02101c58bc4c42ce,32,3427,537,4797,996,-2890,-3801,0.395
er,9c2fe1fb12ad7217,32,4097,589,5706,1081,-3508,-4625,0.404
er,b4d207cad813d928,32,3491,585,4885,1072,-2906,-3813,0.424
er,82ff6dbe2e9b5c86,32,2000,482,2832,857,-1518,-1975,0.33
er,c9665472c5333702,32,4076,577,5685,1064,-3499,-4621,0.463
er,4a7282e6019e0e0e,32,3932,599,5442,1101,-3333,-4341,0.381
er,662f0e92c87ae137,32,2442,571,3368,1048,-1871,-2320,0.322
er,fd27960503181603,32,3039,576,4199,1050,-2463,-3149,0.322
er,cfb85b59d4fd672b,32,1490,480,2106,858,-1010,-1248,0.297
er,bbc8e90601cf29fc,32,2977,594,4091,1092,-2383,-2999,0.33
er,c92529367bd5bc5a,32,4094,587,5664,1079,-3507,-4585,0.49
er,ab6cf80fa81503d4,32,1204,572,1664,1045,-632,-619,0.269
er,eb4d44cf39ea4af5,32,2781,568,3843,1046,-2213,-2797,0.319
er,60b73a2458964238,32,4365,577,6034,1069,-3788,-4965,0.422
er,4feb32f6132e35ed,32,3979,574,5457,1047,-3405,-4410,0.381
er,0e70c593a9d9b7e8,32,1784,551,2451,1017,-1233,-1434,0.301
er,6f4a56df15f011d0,32,1224,569,1694,1046,-655,-648,0.21
er,9da531d442c95794,32,3242,593,4569,1089,-2649,-3480,0.39
er,2c0243111cee8bc9,32,1959,555,2697,1016,-1404,-1681,0.276
er,6e085cdb34313bdb,32,3186,566,4478,1030,-2620,-3448,0.402
er,12f402fa0b79450e,32,3438,592,4822,1087,-2846,-3735,0.4
er,5348f1b77b6e0a00,32,2212,516,3119,931,-1696,-2188,0.368
er,2c176a21ee798925,32,914,537,1260,982,-377,-278,0.192
er,a711d1ad649916f5,32,3592,565,5045,1039,-3027,-4006,0.418
er,31aa8203a6b9bbd2,32,4438,565,6139,1040,-3873,-5099,0.423
er,046b8535a12a1638,32,3260,556,4507,1033,-2704,-3474,0.339
er,e6361f088191967a,32,4621,592,6412,1088,-4029,-5324,0.506
er,825daf54439cd3ec,32,4475,562,6220,1046,-3913,-5174,0.508
er,4e5fe3a677bcf06f,32,4154,599,5764,1108,-3555,-4656,0.407
structured,03ca61d8a90c0cb3,32,158,137,223,240,-21,17,0.102
er,c6d73e7d65a11cc6,32,4119,607,5702,1109,-3512,-4593,0.383
er,0c281a5c3754f145,32,4364,560,6054,1020,-3804,-5034,0.466
er,79189ddb1584fd00,32,4594,595,6361,1089,-3999,-5272,0.43
er,34613bb9824d77c8,32,2516,609,3476,1120,-1907,-2356,0.313
er,da3296ab5a9cdc63,32,2361,594,3247,1095,-1767,-2152,0.288
er,01a7cf35a9288343,32,3746,596,5239,1093,-3150,-4146,0.405
er,4cd1322ca03dda26,32,3251,569,4568,1043,-2682,-3525,0.435
er,cefe6b582d775eaa,32,4158,595,5780,1105,-3563,-4675,0.406
er,a15a461385c95e35,32,1793,584,2464,1087,-1209,-1377,0.339
er,1bcf8f35d08841ee,32,3717,601,5172,1112,-3116,-4060,0.387
er,b5a2eb406544416c,32,3225,548,4518,997,-2677,-3521,0.394
er,603cb7a35b0bf497,32,1726,568,2385,1039,-1158,-1346,0.237
er,63e3f827efeff0e9,32,2594,508,3644,914,-2086,-2730,0.352
er,d8dd4c0fbb245d00,32,3849,595,5341,1088,-3254,-4253,0.402
er,46e089103f5b3cfc,32,2721,591,3756,1081,-2130,-2675,0.349
er,10732a3ff788bc44,32,1530,598,2093,1085,-932,-1008,0.314
er,507dd16611b44e2d,32,1366,594,1891,1088,-772,-803,0.236
er,ab4ac78eac68dc9b,32,3863,598,5349,1089,-3265,-4260,0.477
er,7e4b93d09ad06527,32,3891,583,5419,1077,-3308,-4342,0.411
er,0474b5b636c88c6e,32,1771,533,2514,956,-1238,-1558,0.322
structured,cd09c6eb1697d6e1,32,121,110,168,188,-11,20,0.143
er,c66c3b3d399a8c80,32,1323,568,1823,1045,-755,-778,0.222
er,5dc4cfa9f906ff5b,32,3764,561,5245,1029,-3203,-4216,0.395
er,f0ea884d26ce6735,32,1115,523,1541,942,-592,-599,0.205
er,407e7c88e62ba744,32,3995,604,5572,1109,-3391,-4463,0.412
er,d3c330e7ae1f83cc,32,1207,482,1720,858,-725,-862,0.31
er,c2b1e1cdec59f493,32,1999,586,2725,1071,-1413,-1654,0.247
er,c5bfca5bef3501c4,32,3693,588,5087,1086,-3105,-4001,0.452
er,a80b1f7ab90a4293,32,3943,597,5440,1108,-3346,-4332,0.385
er,4ae63550eca017ff,32,4142,569,5750,1048,-3573,-4702,0.403
er,13bae70939ce321e,32,4380,589,6041,1074,-3791,-4967,0.42
er,4be4a6d0b9c1e94a,32,4145,590,5733,1087,-3555,-4646,0.398
er,d822d21f0c61972d,32,4216,596,5833,1091,-3620,-4742,0.412
er,e8a55b40d5f5371f,32,1441,560,1971,1019,-881,-952,0.225
er,1e4d34a23bc1369e,32,1349,579,1854,1039,-770,-815,0.249
er,9d613d92766337de,32,3008,576,4156,1071,-2432,-3085,0.326
er,738c4692bb0324be,32,4202,578,5868,1067,-3624,-4801,0.401
er,408abbc6ae772e33,32,3472,594,4789,1094,-2878,-3695,0.391
er,d4aa98c548985fc0,32,2095,561,2957,1018,-1534,-1939,0.365
er,0658f3c2708016b6,32,3457,580,4774,1071,-2877,-3703,0.348
er,579f65e4d3b99fad,32,3930,585,5445,1070,-3345,-4375,0.385
er,a238c4254be37a46,32,1747,592,2394,1071,-1155,-1323,0.238
er,ee0c06ea905ec11e,32,1565,571,2172,1039,-994,-1133,0.238
er,5b6456e5bd2f540b,32,1191,545,1638,970,-646,-668,0.204
er,76e174a6de826b62,32,4162,566,5769,1044,-3596,-4725,0.458
er,e39b7d439b82007a,32,2822,578,3903,1064,-2244,-2839,0.314
er,2992d4fdf0446005,32,2557,560,3619,1037,-1997,-2582,0.372
er,9202dbf21e95e85d,32,4263,589,5926,1077,-3674,-4849,0.46
er,186149fbe4f54718,32,1583,563,2188,1037,-1020,-1151,0.281
er,5a2747aa9c514ce5,32,3619,563,5056,1049,-3056,-4007,0.42
er,6b2de86c95fc322e,32,4283,601,5941,1105,-3682,-4836,0.426
er,af5ce0a676ebaa92,32,4195,587,5795,1075,-3608,-4720,0.389
er,a3bff220855d8d15,32,3062,585,4235,1081,-2477,-3154,0.321
er,2307adc35472e666,32,3961,576,5496,1058,-3385,-4438,0.391
er,5e4e5f3c03f3bee5,32,4678,583,6482,1072,-4095,-5410,0.422
er,4502e4b203c6a1e7,32,3368,569,4712,1046,-2799,-3666,0.391
er,91dc4468ac5db98d,32,2671,563,3782,1017,-2108,-2765,0.395
er,66561820f81d176c,32,2587,565,3562,1039,-2022,-2523,0.284
er,bfa3673d522a04c4,32,3637,589,5013,1078,-3048,-3935,0.35
er,6f0334e245720438,32,4402,607,6122,1116,-3795,-5006,0.496
er,e10c838a2fc81c89,32,1209,577,1658,1052,-632,-606,0.224
er,4694164a5ad9a813,32,4197,602,5813,1109,-3595,-4704,0.387
er,7bfca8433636f91a,32,1623,556,2242,1019,-1067,-1223,0.281
er,aed1c761d5068540,32,1164,527,1606,960,-637,-646,0.212
er,3418d272893419fb,32,3490,576,4888,1050,-2914,-3838,0.396
er,41a17378825f827d,32,2912,593,4017,1077,-2319,-2940,0.298
er,e533743010256e41,32,4366,602,6052,1106,-3764,-4946,0.479
er,792a11342cbcb7bf,32,3476,583,4793,1061,-2893,-3732,0.346
er,8c48889abf210045,32,4592,568,6376,1045,-4024,-5331,0.428
er,f99a41fa388fc733,32,4186,585,5814,1071,-3601,-4743,0.424
er,f25353aa3383ab85,32,3961,571,5534,1062,-3390,-4472,0.427
er,c28eba9c786ee3c8,32,4359,590,6026,1079,-3769,-4947,0.452
er,cdb9d39d9547a632,32,3431,584,4720,1075,-2847,-3645,0.384
er,bcaefb48d4073a2b,32,2814,567,3960,1039,-2247,-2921,0.376
er,16d91f051d5b160f,32,3883,585,5345,1076,-3298,-4269,0.371
er,6ce59a497f377e52,32,2658,550,3658,1009,-2108,-2649,0.324
er,56a06583c6087087,32,2005,593,2771,1086,-1412,-1685,0.264
er,349300522ad5692f,32,3095,590,4250,1090,-2505,-3160,0.411
er,be42b892305dfd65,32,4415,572,6110,1055,-3843,-5055,0.446
er,1fd15c9988faed96,32,3840,586,5314,1080,-3254,-4234,0.433
er,458fed245e8ce464,32,4124,591,5697,1088,-3533,-4609,0.424
er,7aae5d358c76f825,32,3937,562,5451,1029,-3375,-4422,0.385
er,747da2be26db2be3,32,4193,579,5831,1073,-3614,-4758,0.428
er,cb8e2db41b517027,32,3816,595,5258,1089,-3221,-4169,0.432
er,44fd0965bae6510c,32,4000,599,5561,1101,-3401,-4460,0.47
er,d753fde8cc7b8ec0,32,4215,592,5814,1095,-3623,-4719,0.409
er,20bc69b7b2d964b8,32,1592,591,2194,1093,-1001,-1101,0.243
er,4bc7a87d85533c43,32,4604,578,6400,1061,-4026,-5339,0.493
er,6f97d53452980bd1,32,1440,464,2037,813,-976,-1224,0.306
er,29ea3de10bb1bc9c,32,1025,543,1409,982,-482,-427,0.203
er,77e163fb36335ba0,32,2188,598,2998,1086,-1590,-1912,0.324
er,fdee10b44dc5121a,32,3233,537,4546,993,-2696,-3553,0.397
er,2dbb1cfde01af46e,32,4605,555,6385,1007,-4050,-5378,0.46
er,0ac03dcc975699e8,32,1514,543,2078,988,-971,-1090,0.239
er,c14ecb1a08208c47,32,3402,591,4684,1098,-2811,-3586,0.451
er,017af8685c3192cc,32,4124,599,5721,1096,-3525,-4625,0.4
er,07c5f272f8f9749d,32,2390,537,3378,982,-1853,-2396,0.36
er,b1ac07c552e242f1,32,4364,578,6056,1059,-3786,-4997,0.415
er,aac75275ada34fc6,32,3058,567,4196,1042,-2491,-3154,0.702
er,6b8bc76ba21cdcb3,32,3321,549,4642,1003,-2772,-3639,0.403
er,a37d4c5dff8dbc58,32,2028,594,2794,1090,-1434,-1704,0.262
er,b8af92447b3da808,32,3631,591,5020,1079,-3040,-3941,0.361
er,ef96a5f5119a09ec,32,4039,585,5625,1070,-3454,-4555,0.416
er,4fbc4b57fd16ae6a,32,1508,552,2061,1005,-956,-1056,0.216
er,e21a209a9f4af229,32,3221,558,4534,1023,-2663,-3511,0.378
er,d37dd316831a3ca2,32,3296,595,4636,1090,-2701,-3546,0.389
er,1924e5f97fedca96,32,3053,542,4282,994,-2511,-3288,0.443
er,37b76a4224e120df,32,3138,610,4343,1124,-2528,-3219,0.37
er,4cb6ff0087f36bb7,32,2833,556,4002,1010,-2277,-2992,0.379
er,73b672a61ff47ee2,32,3653,544,5130,996,-3109,-4134,0.417
er,6020662683768324,32,1445,545,2004,999,-900,-1005,0.219
er,463fb6c7dad54c78,32,2185,589,3001,1076,-1596,-1925,0.265
er,1ec4af0315907d2c,32,3535,601,4861,1109,-2934,-3752,0.359
er,ce7c83425fe83520,32,2884,577,4064,1051,-2307,-3013,0.43
er,0137b3cca55c6d01,32,4287,593,5952,1084,-3694,-4868,0.4
er,403e9c459fc4bf62,32,1293,474,1827,844,-819,-983,0.324
er,a5d53bf6c090d0b5,32,4202,583,5842,1068,-3619,-4774,0.42
er,439ee6497128b1e3,32,4131,579,5733,1081,-3552,-4652,0.441
er,fee3a6452257e113,32,2334,564,3220,1042,-1770,-2178,0.345
er,66d8af080d3db1de,32,4222,605,5853,1107,-3617,-4746,0.507
er,70618ce90161f01e,32,2664,570,3757,1044,-2094,-2713,0.383
er,2a5e2b9d9253bafa,32,3108,602,4280,1082,-2506,-3198,0.318
er,1466773be1195e61,32,2775,581,3845,1076,-2194,-2769,0.364
er,8a277792fc7baf3d,32,3921,590,5413,1091,-3331,-4322,0.539
er,ce1d2ad03f754084,32,3810,573,5267,1059,-3237,-4208,0.44
er,a2bf5ff465ce880a,32,4563,582,6346,1078,-3981,-5268,0.482
er,19c45fcde0cb780d,32,4050,594,5601,1093,-3456,-4508,0.424
er,181388f82eece6cb,32,4107,605,5722,1118,-3502,-4604,0.419
er,781a83a0ecbb9cf8,32,4031,582,5557,1069,-3449,-4488,0.403
er,84da1361c14e8645,32,1266,560,1736,1010,-706,-726,0.236
er,9d46a9f78713798e,32,1153,519,1605,945,-634,-660,0.243
er,0805e0691450db25,32,3522,571,4875,1060,-2951,-3815,0.346
er,8ecf0fcc65bc1115,32,2249,591,3090,1081,-1658,-2009,0.293
er,56fdd9bc6ed3435f,32,3491,585,4826,1080,-2906,-3746,0.346
er,43b9b720b3c74fb0,32,3932,598,5433,1104,-3334,-4329,0.404
er,f13176e47d4b4678,32,1274,480,1796,856,-794,-940,0.299
er,f5173e3d7a5647b1,32,2354,598,3227,1107,-1756,-2120,0.35
er,dce404a1b1d05c33,32,3066,592,4248,1082,-2474,-3166,0.33
er,957b3490e7279c3d,32,4202,579,5837,1061,-3623,-4776,0.433
er,368fde9c0631a44f,32,3618,578,5080,1052,-3040,-4028,0.44
er,7527fc9535b01b56,32,2745,591,3775,1085,-2154,-2690,0.355
er,81ee0872d7948797,32,2101,584,2883,1070,-1517,-1813,0.332
er,80eb6a36237fe369,32,4274,596,5930,1091,-3678,-4839,0.427
er,48a665fd946994ed,32,2608,568,3593,1054,-2040,-2539,0.314
er,34c89c0b6f6ed224,32,3060,585,4220,1073,-2475,-3147,0.325
er,7abbff34378d6ead,32,1922,568,2640,1021,-1354,-1619,0.247
er,1ac1f6a12fa7de23,32,1330,488,1880,849,-842,-1031,0.295
er,f7f35f4bed304a81,32,4098,593,5731,1089,-3505,-4642,0.492
er,f8b62b8d33aa1e4c,32,2444,605,3401,1117,-1839,-2284,0.291
er,4ba9b68f14dfc891,32,3304,565,4639,1043,-2739,-3596,0.419
er,2186eecbea38d713,32,1773,555,2435,1020,-1218,-1415,0.243
er,e69a11a69d0b8f30,32,3136,550,4410,1000,-2586,-3410,0.424
er,7504854e7e8a9ce2,32,2301,577,3208,1062,-1724,-2146,0.281
er,46e2bc65d08a23bd,32,2234,586,3090,1076,-1648,-2014,0.272
er,b75fecc6ec58bc5c,32,2573,539,3555,995,-2034,-2560,0.282
er,213438dd50417446,32,2079,561,2848,1030,-1518,-1818,0.252
er,2e15d9549fbcaf83,32,4209,595,5866,1094,-3614,-4772,0.496
er,93784e1ff47f4a08,32,3866,587,5398,1078,-3279,-4320,0.421
er,b4c885d9ed5fb7d2,32,2749,589,3780,1075,-2160,-2705,0.369
er,5acff46709ade6cf,32,3723,591,5169,1091,-3132,-4078,0.465
er,2c3142cbe01de1a7,32,1533,532,2114,991,-1001,-1123,0.303
er,7384b8717541fc8d,32,2742,558,3780,1018,-2184,-2762,0.3
er,0f923713c5d77696,32,2804,554,3852,1022,-2250,-2830,0.552
er,08abfad0b7108136,32,2544,588,3501,1084,-1956,-2417,0.305
er,8ec9371cb7539bf1,32,1504,461,2127,824,-1043,-1303,0.306
er,fcc4b4340c5b8254,32,1091,519,1511,937,-572,-574,0.224
er,e9bfab36329c32f0,32,3631,547,5077,1008,-3084,-4069,0.405
er,9c9f14d7f859042f,32,4402,594,6104,1104,-3808,-5000,0.464
er,115a8cb05cc12c14,32,2296,521,3250,950,-1775,-2300,0.347
er,0423e0daee19e603,32,3946,596,5513,1105,-3350,-4408,0.396
er,cfa8a8732e75e9cb,32,3957,578,5479,1072,-3379,-4407,0.401
er,0352f5aae34d0553,32,3080,575,4257,1055,-2505,-3202,0.322
er,2fed796636dfaf08,32,2657,538,3753,967,-2119,-2786,0.397
er,a1f8f45e3a17170f,32,2417,582,3314,1069,-1835,-2245,0.286
er,75e92d296107905b,32,2211,574,3026,1064,-1637,-1962,0.271
er,a743cad2f38cd96b,32,4334,594,6008,1087,-3740,-4921,0.503
er,0d8b648a788d94b8,32,1615,557,2235,1018,-1058,-1217,0.251
er,b22689e0c71c9e20,32,3451,592,4775,1085,-2859,-3690,0.602
er,694a0feed4619c89,32,1309,494,1840,876,-815,-964,0.292
er,e5866dba414f041f,32,3500,592,4837,1092,-2908,-3745,0.399
er,d7a4b5fa43195199,32,2162,581,2975,1070,-1581,-1905,0.263
er,80c7d32c3b36da79,32,1596,504,2258,899,-1092,-1359,0.374
er,d0e06513ae949b9b,32,1468,548,2016,994,-920,-1022,0.331
er,5310a30896bb8c49,32,3039,584,4194,1064,-2455,-3130,0.31
er,689758f195669f9f,32,2827,552,3891,1018,-2275,-2873,0.331
er,ff38eee6237c2c4f,32,2924,572,4118,1044,-2352,-3074,0.381
er,843090e58a4fc71a,32,2237,571,3150,1031,-1666,-2119,0.341
er,668f99883de4204c,32,2034,577,2800,1058,-1457,-1742,0.281
structured,4fbea0cb3ebf0f03,64,281,603,408,947,322,539,0.792
structured,61e5fc616d830652,64,277,585,404,935,308,531,1.013
structured,9630442d55b2110e,64,281,583,407,938,302,531,0.692
structured,c389eae3ec3e87f8,64,283,684,407,1058,401,651,0.767
structured,5aca62c3863aca8f,64,281,649,393,1057,368,664,0.79
structured,4f3b87696d16a3a4,64,245,566,348,917,321,569,0.748
structured,4d896078fb1a7fbc,64,289,611,416,949,322,533,0.722
structured,b933bc8877f704af,64,285,569,409,937,284,528,0.958
structured,3d4c2cfc4a16c341,64,237,511,343,840,274,497,0.837
structured,c0549bec7953501c,64,283,637,409,1006,354,597,0.752
structured,5ce917db13a539e7,64,287,587,416,952,300,536,1.281
structured,fd0d433cfd028119,64,197,395,286,652,198,366,0.766
structured,b73845c9fda20d7f,64,239,598,343,899,359,556,0.697
structured,a677bea07b1844aa,64,241,506,348,840,265,492,0.86
structured,4a4dbf04b5ebdcac,64,155,371,221,584,216,363,0.925
structured,c1951a170f17264a,64,245,589,353,917,344,564,0.666
structured,78849c72cf27f67f,64,239,529,346,823,290,477,0.813
structured,4833b8b86fb8926b,64,151,379,218,591,228,373,0.774
structured,7e2aab0140425435,64,275,472,381,799,197,418,0.688
structured,d64bec405d30f2b8,64,197,568,283,861,371,578,0.772
structured,6b77456b385f6f6e,64,287,626,414,1011,339,597,0.737
structured,94b42425551c1d05,64,241,523,352,828,282,476,0.726
structured,4ac094f23c02c993,64,199,538,287,814,339,527,0.773
structured,aa25c9e0b5e9a41a,64,235,513,344,810,278,466,0.777
structured,c526a8d76f0ae2c8,64,231,393,323,618,162,295,0.935
structured,a244a895a06d6177,64,241,609,340,932,368,592,0.865
structured,6c3f8583b6426790,64,283,553,395,888,270,493,0.774
structured,97764cb5672fbe8d,64,191,489,270,766,298,496,0.754
structured,fc2db69e5792b6fd,64,245,554,352,891,309,539,0.809
structured,134cecb40edc9921,64,281,578,408,959,297,551,0.799
structured,a6fbb211979e327c,64,247,427,350,707,180,357,0.759
structured,8afd2741fd347bff,64,239,561,346,851,322,505,0.83
structured,b2e589710915e81c,64,283,764,409,1184,481,775,1.08
structured,57d26fd15686d8a5,64,241,453,349,759,212,410,0.779
structured,003313c9efafcae4,64,283,634,413,1047,351,634,0.787
structured,07e69ade528186d5,64,243,530,351,835,287,484,1.08
structured,f0cb008724b3263d,64,287,637,416,993,350,577,0.766
structured,b53f96aeb589de71,64,202,527,291,817,325,526,0.669
structured,09427e4c2d765648,64,283,596,402,955,313,553,0.707
structured,328fdc2ae0ca8420,64,287,521,416,872,234,456,0.678
structured,0acbfd2a25b36a33,64,243,670,352,996,427,644,0.813
structured,fdcbcaf4b5beffa5,64,287,766,412,1168,479,756,0.93
structured,cc798a3d4ae0af57,64,287,691,417,1052,404,635,0.751
structured,c279a43f0b3b9d5a,64,279,683,410,1021,404,611,0.775
structured,922a944dbe6481d3,64,243,519,350,830,276,480,0.795
structured,2fb482732d54990f,64,185,499,265,766,314,501,0.686
structured,eb6e7bdc93da102b,64,285,564,406,932,279,526,1.101
structured,b8a509f18660cd6f,64,281,503,404,838,222,434,0.767
structured,e5e696c067018e6d,64,281,541,407,877,260,470,0.797
structured,53fac18453f0b7b0,64,181,463,260,705,282,445,0.766
structured,792c06a81456490a,64,239,398,345,676,159,331,0.731
structured,8e5554b587afbabe,64,285,674,406,1048,389,642,0.821
structured,3225b1cd5b379360,64,281,651,413,1021,370,608,1.217
structured,b06153a1b999caff,64,191,436,279,674,245,395,0.76
structured,4e1a57eef2d79be8,64,285,668,412,1084,383,672,0.831
structured,81164f740534843c,64,283,721,413,1097,438,684,0.775
structured,fcdec9944665cd31,64,283,651,411,1042,368,631,0.8
structured,4bb66eb9b516bd9c,64,195,554,281,839,359,558,0.665
structured,349dc9a50dbcbce8,64,239,515,348,850,276,502,1.008
structured,83e484155ba01a94,64,273,627,393,940,354,547,0.818
structured,e3337a1ece5f23a3,64,197,481,283,727,284,444,0.691
structured,b3dc254eddc5a68a,64,283,662,406,1079,379,673,0.683
structured,7f39c1afb1ac2f34,64,283,685,414,1057,402,643,0.696
structured,21dae816f63c5f0d,64,239,605,348,927,366,579,0.807
structured,76c66976b49d2509,64,283,631,404,1008,348,604,0.747
structured,22eef76f070587b6,64,441,725,630,1100,284,470,0.696
structured,270e933365c4fc3a,64,197,475,282,747,278,465,0.715
structured,e6532c55b4b90303,64,283,680,411,1050,397,639,0.688
structured,469d706f132c86e1,64,237,594,338,913,357,575,0.806
structured,0f590d05dc94c20e,64,239,557,349,871,318,522,0.818
structured,d27fd2af109cce9d,64,287,619,415,966,332,551,0.914
structured,a0d02d9cb3299da6,64,199,566,287,869,367,582,0.859
structured,ffa4491f89405e88,64,241,562,350,884,321,534,0.706
structured,db6ffead3c2320d6,64,245,475,351,767,230,416,0.697
structured,cd42ff0c83d1edfa,64,287,674,416,1068,387,652,0.776
structured,1661c4cf897a2a09,64,287,631,413,1004,344,591,0.846
structured,a49bb0a2a1557fed,64,195,452,285,726,257,441,0.772
structured,5e059d7eb97a95af,64,237,580,349,881,343,532,0.779
structured,df33e18d19c7f58c,64,289,604,413,962,315,549,0.823
structured,9ac090b2aef708fc,64,245,525,354,827,280,473,0.696
structured,4d78a36c2fa1b5ea,64,199,518,289,811,319,522,0.802
structured,a9e035de095f015b,64,237,439,336,733,202,397,0.682
structured,6a229cd2ac96ccc9,64,237,539,346,882,302,536,0.698
structured,29f88e99ace7fb62,64,229,564,325,846,335,521,0.735
structured,390a07786dd1a398,64,235,523,338,825,288,487,0.805
structured,37a599fb31facf3e,64,243,570,349,896,327,547,0.833
structured,18b5034bc31e2bc3,64,249,607,358,959,358,601,0.808
structured,bcb12f29cf72bfbc,64,285,714,412,1110,429,698,1.473
structured,f01f92ba925b292c,64,289,635,416,1027,346,611,0.828
structured,3538e482135cf0c5,64,289,573,413,926,284,513,0.93
structured,96e6d79f77e98908,64,285,682,416,1046,397,630,0.884
structured,565710bb4dae7941,64,247,430,349,697,183,348,0.767
structured,298d4e53397e51b1,64,191,340,279,574,149,295,0.809
structured,685d60d7b3439592,64,256,507,362,835,251,473,0.834
structured,318a03fef93d3a62,64,283,589,412,885,306,473,0.883
structured,612c374a20165609,64,281,575,408,929,294,521,0.896
structured,6737caa80c0329b0,64,195,480,284,743,285,459,0.787
structured,acc49558b0e52387,64,275,544,392,866,269,474,0.811
structured,301e254faf81805d,64,235,424,335,658,189,323,0.728
structured,8d8287d33ad7238e,64,277,711,401,1109,434,708,0.797
structured,f04867620d9edea1,64,285,707,409,1107,422,698,0.889
structured,8a6552c119ed1b77,64,246,632,354,982,386,628,0.875
structured,ad6e2037b5160bf2,64,293,583,422,939,290,517,0.843
structured,92258fb0ab027ae1,64,241,543,348,857,302,509,0.777
structured,67efc6cb3ed9275a,64,235,463,332,765,228,433,0.849
structured,9fe1f4e6a9d9621c,64,287,607,414,1003,320,589,0.707
structured,6ce0ee870e15db47,64,241,623,347,945,382,598,0.798
structured,799ff82cb52afec5,64,283,641,412,1009,358,597,0.718
structured,e631e2693c0ff7e8,64,289,618,416,970,329,554,0.789
structured,a8ce2569b892b2ec,64,243,621,350,946,378,596,0.889
structured,ccef6ade66d34fd9,64,245,671,353,1036,426,683,1.171
structured,dba6537aebf91567,64,243,621,350,965,378,615,0.801
structured,31b82e3dfc3861fa,64,245,387,354,601,142,247,0.807
structured,c9412a9849f6d3b0,64,193,457,283,706,264,423,0.769
structured,09a22195162f4c6c,64,283,679,412,1075,396,663,0.798
structured,87c4a89ac5b25fef,64,289,622,412,1009,333,597,0.681
structured,e57c08bb31c931ac,64,289,657,415,1031,368,616,0.738
structured,889f2ff418a9f8fa,64,281,615,398,982,334,584,0.693
structured,12190e03d0458590,64,239,481,343,783,242,440,0.79
structured,cac1d1147a685bf6,64,201,538,291,791,337,500,0.786
structured,016a0141fa6e18b7,64,181,421,257,633,240,376,0.812
structured,65406bae3592a82c,64,277,629,402,1023,352,621,0.844
structured,62e8a0c8b82e9a54,64,281,654,411,1037,373,626,0.883
structured,84459a4f8bd01dc8,64,157,427,225,657,270,432,0.657
structured,b876862489efcfc7,64,281,534,402,890,253,488,0.953
structured,03dae53464986239,64,285,524,414,877,239,463,1.414
structured,f9eeec2c0a16f380,64,291,718,422,1127,427,705,0.805
structured,0476b509ac7cea3b,64,151,222,209,341,71,132,0.784
structured,c66894e71822596a,64,243,547,352,855,304,503,0.784
structured,71deee2bb093bd13,64,287,671,417,1056,384,639,0.795
structured,81107348164eff53,64,277,536,394,836,259,442,0.742
structured,3a7573386c221c35,64,201,447,288,710,246,422,0.788
structured,6b2cd37b2e532064,64,239,593,337,922,354,585,0.932
structured,07594f0a26aa20f6,64,239,569,350,869,330,519,1.295
structured,37bc692dd51fa305,64,235,535,346,851,300,505,0.711
structured,ed0eeec81c3afcbe,64,279,597,400,953,318,553,0.81
structured,7bd822e093f8ce91,64,197,499,286,782,302,496,0.872
structured,5c65cfc5f4f5a3bc,64,239,501,350,818,262,468,0.686
structured,f5fc5194724526c8,64,291,554,417,929,263,512,0.814
structured,f4694c784a25f642,64,241,546,347,855,305,508,0.88
structured,ce9a36b370971b66,64,245,549,353,903,304,550,0.767
structured,b6fd06a1123c72ae,64,239,443,346,740,204,394,0.659
structured,8e6fda321e8d600a,64,197,517,284,794,320,510,0.677
structured,be6d92fdb99cb908,64,281,644,410,1021,363,611,0.688
structured,2c75c3b64f547653,64,153,379,221,591,226,370,0.769
structured,af624d57e73ee8db,64,237,527,334,848,290,514,0.713
structured,7b89b8fc3de456dd,64,237,500,335,789,263,454,0.817
structured,43199c1452cb06d7,64,241,456,346,771,215,425,0.811
structured,3464b3ef9cade5bd,64,241,593,352,895,352,543,0.737
structured,27a4e9557a2e97d5,64,241,529,349,862,288,513,0.731
structured,0f9b535b216380a2,64,237,529,347,856,292,509,0.817
structured,34d525fcba9114d8,64,237,573,345,867,336,522,0.816
structured,c2e0125598b64e08,64,235,556,330,885,321,555,0.742
structured,296242005c7b0a3d,64,277,601,405,967,324,562,0.894
structured,3ed9133d164879e8,64,281,590,408,952,309,544,0.711
structured,a1def2b689091883,64,235,590,333,930,355,597,0.789
structured,f1addfe180f88b4f,64,151,344,220,560,193,340,0.671
structured,d827f1b389442b8a,64,289,600,415,992,311,577,0.775
structured,11ce524388e1f5b6,64,197,488,287,770,291,483,0.807
structured,a549df8c4ab509b7,64,289,711,416,1095,422,679,0.768
structured,4c71d8eab2ca34c9,64,283,753,409,1129,470,720,0.694
structured,991737b0aa124d20,64,283,490,414,790,207,376,0.747
structured,dffbec0718bac33f,64,199,511,288,780,312,492,0.74
structured,91db7a4e5c924e3c,64,245,602,353,923,357,570,1.485
structured,359e89216e7ee24e,64,191,325,271,511,134,240,0.783
structured,a2affea2006a64d0,64,239,571,349,893,332,544,1.652
structured,c04c9536e121b201,64,289,639,409,997,350,588,0.787
structured,67792bc61fd6a4b3,64,239,433,347,725,194,378,0.763
structured,b28082afefc61e01,64,201,562,289,862,361,573,0.761
structured,49733e4420c54362,64,239,526,344,838,287,494,0.738
structured,319ef4a8b8b73ab7,64,241,589,349,898,348,549,1.106
structured,7d0508a210bcbe28,64,241,462,346,762,221,416,0.686
structured,34dccfc2677152c5,64,231,367,332,605,136,273,0.798
structured,7a75cf6e7b0365e0,64,198,504,280,774,306,494,0.728
structured,7fe0a83c08ece299,64,235,612,341,955,377,614,0.796
structured,2e400f73008e6a0e,64,281,642,402,1013,361,611,0.709
structured,d1fd301df85f130c,64,199,419,286,680,220,394,0.775
structured,3fcd545ea5196f9b,64,283,634,410,1001,351,591,0.79
structured,8dcf50d5cd85c0fa,64,243,699,350,1057,456,707,0.799
structured,c3f68e0f1242cda1,64,195,433,279,711,238,432,0.663
structured,c32c9c9eadb91376,64,245,620,354,963,375,609,0.723
structured,5d5da091112d910d,64,285,625,415,965,340,550,0.698
structured,ce2212960295e963,64,287,593,413,964,306,551,0.832
structured,24bdd985715bcbea,64,219,511,317,770,292,453,0.789
structured,d98a5e859d3267bc,64,181,458,265,676,277,411,0.742
structured,08d9863ee13f41ee,64,241,587,349,902,346,553,0.828
structured,b85a62d069c2bdd0,64,249,437,352,711,188,359,0.727
structured,6839473f53f73b88,64,281,561,395,928,280,533,0.769
structured,b5105ed606684cf0,64,283,594,404,983,311,579,0.784
structured,32130f959d3a6d2e,64,195,429,282,678,234,396,0.762
structured,e5ae29946ede5800,64,239,597,347,927,358,580,0.791
structured,b8d0773410a98677,64,191,320,270,498,129,228,0.699
structured,1eea71cae9e553f0,64,287,520,411,869,233,458,0.686
structured,80258a79b1dbbbf6,64,191,487,278,758,296,480,0.823
structured,c8643b5aa96da911,64,195,451,282,706,256,424,0.796
structured,6903471d801e875c,64,243,451,350,751,208,401,0.781
structured,d135a45ccb620488,64,281,593,407,966,312,559,0.698
structured,cc4e7bb6f7ea1499,64,231,449,325,745,218,420,0.752
structured,1981f01bf2b5e971,64,239,521,346,849,282,503,0.815
structured,b0ac85a68e85fee9,64,241,527,349,845,286,496,0.812
structured,5df7b825a0fce0d0,64,287,639,413,1014,352,601,0.768
structured,6f1381c288eed95e,64,277,582,403,924,305,521,0.801
structured,1c6603432e86e418,64,289,593,415,967,304,552,0.775
structured,fd96c3ba9baf54f7,64,239,589,344,910,350,566,0.798
structured,85a3747704fb574d,64,237,528,345,829,291,484,0.764
structured,52ac58101220daad,64,283,518,406,856,235,450,0.74
structured,212d05e3d184be40,64,197,392,285,638,195,353,0.689
structured,d7cf0733293c86cf,64,281,687,407,1079,406,672,0.745
structured,cb9de0e022a6846a,64,245,577,341,911,332,570,0.727
structured,a42c639e9e98efdc,64,287,665,416,1057,378,641,0.818
structured,340abaa6e14b8170,64,239,555,347,895,316,548,0.769
structured,c29895b3bf788d1a,64,241,456,347,753,215,406,0.809
structured,6dfa0ad029ade767,64,195,517,286,762,322,476,0.871
structured,62ad3e9306c0f5ea,64,237,490,348,783,253,435,0.699
structured,821ee40627ba4523,64,296,471,424,796,175,372,1.037
structured,3141bbcfd72d8181,64,241,604,340,921,363,581,0.712
structured,baf5d9fef4b021be,64,249,594,355,935,345,580,0.843
structured,2e57601d65cdccae,64,285,689,413,1073,404,660,0.807
structured,401a85d6aa968364,64,287,704,416,1098,417,682,0.776
structured,124aaf84a2bdca85,64,347,581,488,953,234,465,0.753
structured,f7e8e56bcb949c4d,64,251,523,358,868,272,510,0.772
structured,7fca176013d8004c,64,243,647,351,994,404,643,0.766
structured,23694de147488925,64,281,616,411,952,335,541,0.709
structured,4353a23eeb6bfc8c,64,283,579,414,927,296,513,1.019
structured,d8dd841d722f144c,64,281,716,399,1071,435,672,0.795
structured,e846db01ddb15386,64,233,496,340,791,263,451,0.862
structured,f6aaf0db5c6c51d9,64,243,660,352,1008,417,656,0.68
structured,a6a1216e44cdd1fc,64,247,644,355,991,397,636,0.936
structured,437d13f420c12db1,64,245,611,351,942,366,591,0.706
structured,418365eb9e578a82,64,245,601,353,927,356,574,0.8
structured,d6402c135beb1df5,64,287,583,414,955,296,541,0.794
structured,c6b0fdaaf4e35636,64,197,533,286,807,336,521,0.803
structured,547f9bc2ab8168ba,64,289,677,407,1109,388,702,0.721
structured,c3122492e338cdf4,64,243,596,352,924,353,572,0.781
structured,2ea03f3498ece0f9,64,245,654,352,987,409,635,0.792
structured,8731affa7f92b01e,64,205,398,290,641,193,351,0.815
structured,53243c9ac39f6dab,64,225,492,328,740,267,412,0.784
structured,891e6a9bd5224f9b,64,243,558,354,891,315,537,0.773
structured,3a68d8deda4d7698,64,247,603,353,955,356,602,0.67
structured,f4f8ee94303a2d64,64,281,548,408,887,267,479,0.711
structured,0bc2d5115df576d6,64,283,552,405,911,269,506,0.977
structured,31ec8fe9aa467f54,64,239,526,347,827,287,480,0.793
structured,f2b3acb175b20db9,64,281,521,410,836,240,426,0.76
structured,f82fb70a5b9b52ab,64,289,609,418,996,320,578,0.897
structured,02fb631238241564,64,285,692,413,1047,407,634,0.805
structured,c8b00adf5fb45ad7,64,283,570,407,942,287,535,0.849
structured,0bf2757e01c6c690,64,197,476,284,750,279,466,0.721
structured,ac4a1d00628bf39d,64,277,665,398,1020,388,622,0.793
structured,96743a3aaad643d1,64,195,485,283,737,290,454,0.907
structured,e141b53b800001b9,64,233,517,334,799,284,465,0.808
structured,fbc782ad4e682bc7,64,291,570,419,942,279,523,0.723
structured,14a15f6d3df39a0e,64,237,519,339,845,282,506,0.757
structured,c416430e54d3972c,64,293,568,423,878,275,455,0.686
structured,a7e1eb7b694030ae,64,243,488,351,812,245,461,0.699
structured,83253200beb9a86d,64,285,560,413,913,275,500,0.75
structured,288e2172c267bfaf,64,285,709,413,1124,424,711,0.867
structured,0ee02a5637bd75a2,64,195,411,283,668,216,385,0.672
structured,49571efa2e660bcb,64,241,530,352,841,289,489,0.862
structured,e4ab05323b991305,64,203,542,292,827,339,535,0.764
structured,91f7def5878db7c4,64,244,484,354,804,240,450,0.853
structured,b8b9e416164d3b33,64,239,521,351,848,282,497,0.675
structured,f3c4cb33e759f435,64,237,581,343,885,344,542,0.861
structured,f51b9c143d37389e,64,237,501,342,824,264,482,0.679
structured,563f2c22fd8eccf9,64,285,481,412,775,196,363,1.101
structured,a5706d0a06a0532a,64,279,586,403,927,307,524,0.815
structured,f4475c027fbb20a4,64,243,584,353,924,341,571,0.996
structured,723f9215293f3269,64,283,716,405,1112,433,707,0.684
structured,a17ff939cd17aca8,64,197,569,284,858,372,574,0.767
structured,cb87912426922e75,64,289,751,416,1151,462,735,0.809
structured,730d284bee49f212,64,239,568,345,869,329,524,0.742
structured,8b34a548c04cf33a,64,245,535,352,879,290,527,0.761
structured,90768591e14ae084,64,241,503,349,835,262,486,0.851
structured,d9ff8e15d0564c21,64,237,469,341,774,232,433,0.763
structured,296a1ea5e0519628,64,193,497,278,775,304,497,0.697
structured,411a5f6c3d429a0b,64,243,490,348,819,247,471,0.809
structured,7bc8dfaf2d480ae8,64,243,641,351,987,398,636,0.844
structured,13a8087d4d97dc15,64,202,481,289,747,279,458,0.743
structured,d310b8fcb473bc90,64,283,503,407,830,220,423,0.826
structured,23e102c6530993fd,64,273,505,402,846,232,444,0.683
structured,dda237e1520a40cb,64,285,448,401,739,163,338,0.83
structured,08bde770d37277f5,64,199,432,284,685,233,401,0.799
structured,26b5f816933ebfd8,64,233,476,344,770,243,426,0.915
structured,60d8482f7d6ee460,64,243,567,352,891,324,539,0.764
structured,cffc9c896d5bd454,64,201,524,289,809,323,520,0.881
structured,ed31e4e07db78177,64,239,633,348,949,394,601,0.695
structured,f6d178de6861d13c,64,193,485,281,736,292,455,0.763
structured,721b169b51d5a81e,64,243,539,351,878,296,527,0.67
structured,b8d5da097f02dfc0,64,287,594,414,973,307,559,0.739
structured,4641f96a90ac2a1b,64,239,465,345,785,226,440,0.749
structured,d119833a8182ab5a,64,193,495,275,761,302,486,0.757
structured,3fe9206f1158377c,64,241,543,349,869,302,520,0.689
structured,bbfc45964bfc3245,64,289,642,417,1041,353,624,0.764
structured,5625b33be362c530,64,235,496,335,799,261,464,0.672
structured,1092bdfe2383a40b,64,283,659,412,1065,376,653,0.862
structured,27ef3800b3ccf71b,64,285,619,415,989,334,574,0.686
structured,8b1bd851c95984e2,64,245,633,353,986,388,633,0.732
structured,f8f61cc68b2bcd65,64,313,516,455,818,203,363,0.878
structured,45af58c13df5a7de,64,239,593,349,919,354,570,0.891
structured,8c4ca050c3b63e2a,64,227,544,324,836,317,512,0.763
structured,a723474caf8d07c3,64,281,595,407,944,314,537,0.75
structured,1db198ea9551eb24,64,287,725,415,1166,438,751,1.054
structured,ded9258ec8fbe788,64,252,528,360,827,276,467,0.758
structured,a9033808c1aa5841,64,283,745,412,1131,462,719,0.86
structured,94e83d36ac32b361,64,289,611,410,971,322,561,0.821
structured,e6929b73961c39c2,64,281,577,412,894,296,482,0.866
structured,a1e27739ea89ad04,64,239,626,347,959,387,612,0.773
structured,8ff5d49372e9cfd8,64,151,338,218,557,187,339,0.745
structured,5a8f31572502af75,64,279,441,390,699,162,309,0.845
structured,1ddab2d1e464ba29,64,285,613,411,1001,328,590,0.797
structured,5b49c690514761d7,64,241,526,350,859,285,509,0.904
structured,fee7c6f8413d71d9,64,283,656,408,1054,373,646,0.792
structured,f217070bd1655f93,64,285,568,406,936,283,530,0.815
structured,990ab076a5a3ecc1,64,444,754,637,1167,310,530,0.878
structured,2a53600ce4c9ea75,64,277,650,403,992,373,589,0.814
structured,d7cb04c38ad6e738,64,283,614,400,1013,331,613,0.708
structured,3d104b2cd0e933f8,64,281,627,408,1007,346,599,0.761
structured,46cce217e61096ae,64,283,572,410,918,289,508,0.695
structured,d967015b566978e0,64,199,419,289,682,220,393,0.709
structured,6e5b8288e8ec9dfc,64,197,444,283,722,247,439,0.806
structured,eb825a41203401db,64,289,515,410,862,226,452,0.791
structured,972bbaa629b670b0,64,251,590,357,917,339,560,0.799
structured,f46db27e63b66be8,64,237,459,338,739,222,401,0.758
structured,ca64262c3f6db3af,64,243,467,351,764,224,413,0.83
structured,f67bda8b73f7c9fe,64,287,483,405,817,196,412,0.766
structured,42cdeadc5b01d00e,64,281,608,409,963,327,554,0.794
structured,cc7400121135c824,64,281,548,409,895,267,486,0.866
structured,83e50d1277a954ad,64,285,541,410,881,256,471,0.78
structured,0571e55a48428e2f,64,285,711,410,1120,426,710,0.802
structured,2efcfbc6b20255df,64,233,444,331,727,211,396,0.763
structured,bf33c6311bafaed2,64,277,607,397,964,330,567,0.986
structured,5e8603390cd21077,64,243,552,348,868,309,520,0.917
structured,0342543657abdd7f,64,251,562,355,901,311,546,0.676
structured,a305229e143dbaef,64,243,531,350,844,288,494,0.669
structured,7db7d67fbb42c0ec,64,235,595,342,942,360,600,1.335
structured,37cd576d6a0bad6f,64,283,536,408,905,253,497,0.803
structured,8307913e0f616a8f,64,289,657,405,1081,368,676,0.768
structured,3877ba5dbfc0969a,64,249,662,360,1011,413,651,0.702
structured,4f9f71ba341e5e98,64,235,444,338,741,209,403,0.712
structured,275891a54554a06b,64,285,621,414,1006,336,592,0.782
structured,b95b5506646b2bd2,64,279,743,396,1179,464,783,0.723
structured,25211ee54a5cbc69,64,241,602,349,958,361,609,0.817
structured,e8e469507cb08b2e,64,241,632,347,955,391,608,0.843
structured,b29b423e8856d768,64,195,515,284,769,320,485,0.751
structured,1e4fbbaab78cd2f2,64,193,408,278,655,215,377,0.784
structured,5aee83900cb68805,64,235,485,342,792,250,450,0.777
structured,588c9b132982384d,64,239,579,352,907,340,555,0.74
structured,41235e0bb2529593,64,241,623,346,979,382,633,0.787
structured,45cc870e82e2b462,64,289,773,418,1190,484,772,0.822
structured,afe5f05073f37147,64,241,588,348,891,347,543,0.672
structured,60c34b0dffcbce86,64,249,650,360,1008,401,648,0.852
structured,1a1965b873c803d9,64,281,608,407,943,327,536,0.775
structured,8de08b3d3716e011,64,199,456,287,723,257,436,0.735
structured,73d40a7b191f231f,64,283,678,412,1062,395,650,0.818
structured,c4d803658e6b13a4,64,296,694,424,1096,398,672,0.805
structured,397cfdf151650e72,64,289,685,412,1073,396,661,1.372
structured,50b47ecfec37c440,64,362,597,522,967,235,445,0.931
structured,9cfcec7cbbb71952,64,283,665,413,1040,382,627,0.791
structured,4add13b997f6676a,64,283,638,409,1022,355,613,0.708
structured,7fe12309c8d7265b,64,295,631,424,1016,336,592,0.775
structured,943be9943b841104,64,243,609,348,952,366,604,0.804
structured,dcab8f9c84fc9f62,64,285,658,413,1050,373,637,0.79
structured,64a78dbd79b00c86,64,237,522,348,808,285,460,0.808
structured,dc07169bccc40e93,64,151,344,220,560,193,340,0.869
structured,afa41c0cebc8758c,64,283,643,413,1037,360,624,0.855
structured,c2fd905817ccb277,64,281,610,403,941,329,538,0.882
structured,df2f3ac8cbef158b,64,283,676,406,1068,393,662,0.811
structured,7b8da5768badeedb,64,283,563,407,922,280,515,0.794
structured,6f9890a709aca893,64,291,592,422,898,301,476,0.741
structured,772de55e7f5c1a6e,64,197,500,281,771,303,490,0.992
structured,c0867f7c72e3e000,64,243,612,351,921,369,570,0.794
structured,f88ee1206a08e57e,64,193,437,284,689,244,405,1.184
structured,428a8a6812e37c80,64,239,481,341,782,242,441,0.765
structured,deb7197fe43023d5,64,195,427,282,683,232,401,0.731
structured,6ddf81dfd8dd918b,64,291,752,424,1189,461,765,0.683
structured,36a364a341c50eec,64,285,623,414,1016,338,602,0.802
structured,cb14f1ed3c81ac0a,64,197,407,285,647,210,362,0.795
structured,3c04b4dc3cf4ac10,64,279,533,393,889,254,496,0.817
structured,1ed0844477400f07,64,235,547,340,839,312,499,0.817
structured,e2a2ed7543ba2828,64,289,591,415,972,302,557,0.808
structured,69c622dd4bb090cc,64,239,553,348,871,314,523,0.841
structured,3298087d05e8f724,64,197,466,284,723,269,439,0.658
structured,30d56be074666eaf,64,151,403,218,613,252,395,0.671
structured,e4b3f2427cc472ec,64,291,763,420,1222,472,802,0.685
structured,662edd858dc98765,64,287,535,412,848,248,436,0.85
structured,100311fdf8e46ea9,64,239,519,344,824,280,480,0.798
structured,f3fe5066ecda74dc,64,237,543,346,852,306,506,0.757
structured,7da6df54bcd48b31,64,289,707,417,1106,418,689,0.778
structured,9556d328600a5e67,64,287,694,411,1048,407,637,0.853
structured,b848a83e4edca696,64,287,536,415,886,249,471,0.755
structured,5500a324bfcc4204,64,241,483,341,799,242,458,0.809
structured,a3f6d56ab34bcb8f,64,245,518,350,824,273,474,0.73
structured,1b50b7fd2782b668,64,237,546,343,845,309,502,0.796
structured,ae116e081ba3ab0f,64,287,612,409,1013,325,604,0.692
structured,5e04b96aea002657,64,285,598,403,918,313,515,0.784
structured,bdb19301bc55e4fe,64,279,764,401,1186,485,785,0.796
structured,a185bfd2d446a4ea,64,197,448,282,714,251,432,0.767
structured,30c7c8721170e806,64,239,591,344,927,352,583,0.688
structured,2d33d5e3b4ae050a,64,237,525,341,870,288,529,0.793
structured,76bc7a878b6ffdd8,64,291,671,420,1025,380,605,0.756
structured,bbe0c77db0fd7d9d,64,243,643,350,996,400,646,0.774
structured,5ea73d383defd281,64,281,540,398,888,259,490,0.841
structured,013be06bbcad2d47,64,289,695,415,1074,406,659,0.835
structured,95b21948881877ea,64,285,744,409,1141,459,732,1.112
structured,428f0bf867cf80cf,64,235,633,336,921,398,585,0.746
structured,9faf9adb48649fb6,64,243,525,352,830,282,478,0.76
structured,00882c143fb6d6e6,64,283,692,410,1059,409,649,0.741
structured,5a7d3c25f58630a6,64,239,580,344,901,341,557,0.831
structured,1717142a7e8028f8,64,243,582,352,895,339,543,0.784
structured,93afff8912bec12b,64,287,487,413,768,200,355,0.754
structured,058fa994aaf7aabd,64,293,579,423,942,286,519,0.942
structured,596d99ca0cfaa60c,64,279,709,406,1072,430,666,0.742
structured,be276a597dd90b31,64,241,554,352,849,313,497,0.706
structured,316ffe9991358fa9,64,235,531,334,833,296,499,0.853
structured,eb511d164f285f16,64,233,556,345,836,323,491,1.047
structured,91ed49cfe2d8ed98,64,203,318,291,487,115,196,0.683
structured,86e797c90a8a5fed,64,235,402,340,629,167,289,0.717
structured,3d959a7c37a19440,64,239,556,344,854,317,510,0.692
structured,45da9bbf520b6ea2,64,237,528,344,824,291,480,0.811
structured,9959e3a6f5117dfc,64,277,669,398,1094,392,696,0.81
structured,4085255daa2e4740,64,237,533,344,868,296,524,0.824
structured,3ffb6465bc94e8ce,64,279,686,399,1036,407,637,0.79
structured,9ebd13d795e143a0,64,281,593,411,966,312,555,0.86
structured,2743ccffd9a54e82,64,239,692,339,1033,453,694,0.706
structured,101e35ff7a52c1a1,64,235,562,337,882,327,545,0.779
structured,bb9dcb0277c9f33b,64,197,376,282,612,179,330,0.735
structured,ce9f74b05c813565,64,287,605,415,970,318,555,0.712
structured,2491e1b1d3ac522d,64,281,559,407,926,278,519,0.798
structured,75205a4200b083fc,64,283,574,410,929,291,519,0.759
structured,bbc0d0e498dff4f5,64,239,592,345,895,353,550,0.796
structured,f090d57f9d72a77e,64,290,700,419,1094,410,675,0.846
structured,1ee619554a0c80b6,64,277,441,402,706,164,304,0.785
structured,9cf35f77b9d8b16c,64,283,668,410,1020,385,610,0.821
structured,f72d45540455ff65,64,293,535,419,901,242,482,0.713
structured,01110790551fd7c1,64,283,560,404,852,277,448,0.699
structured,da9202e631b4cdcb,64,291,675,415,1081,384,666,0.693
structured,6a39c391b1e959d3,64,251,437,353,735,186,382,0.733
structured,a786fa0d86aa77a5,64,283,466,408,732,183,324,0.789
structured,8d9b46e59f8d3bdc,64,279,649,397,1039,370,642,0.696
structured,0340cca084a71a78,64,241,492,346,789,251,443,0.691
structured,2c937aa4a3e7504a,64,199,338,286,573,139,287,0.825
structured,95fd2651bf888c13,64,199,468,287,733,269,446,0.694
structured,76abfa615a0ddc8e,64,289,573,415,924,284,509,0.79
structured,eeb281317ac9598f,64,243,523,352,834,280,482,0.663
structured,34cfcfdbe741ba55,64,285,646,409,1051,361,642,0.772
structured,4f29741d1e81f55a,64,237,501,345,796,264,451,0.804
structured,886267fe9865dd09,64,241,576,345,908,335,563,0.731
structured,b7b68dfbf1269a8c,64,245,476,348,779,231,431,0.701
structured,0cea0b68a5c97b42,64,289,764,418,1186,475,768,0.72
structured,2477f4d1a4b49775,64,241,511,350,794,270,444,0.8
structured,f8a4ab8f7daad56a,64,289,789,416,1213,500,797,0.894
structured,4096c1e2640ac8f7,64,247,597,357,970,350,613,0.828
structured,eddbab8b8bf80455,64,153,379,221,591,226,370,0.75
structured,9a71ca36e4a7d51d,64,281,593,406,948,312,542,0.73
structured,71460b0d3f0fe82d,64,285,604,409,960,319,551,0.752
structured,f18d6588f589a541,64,241,623,342,917,382,575,0.692
structured,39112b41994f7fa5,64,281,659,404,999,378,595,0.765
structured,c072cc35762c14fd,64,281,525,404,878,244,474,0.785
structured,cbb8941813027a6b,64,235,584,344,903,349,559,0.846
structured,f3f4b520b5c213c7,64,245,538,353,875,293,522,0.784
structured,3c73062a1487c3af,64,239,547,349,855,308,506,0.992
structured,41617349ce9f32ce,64,281,680,411,1049,399,638,0.691
structured,30995488f61235db,64,201,536,287,827,335,540,0.803
structured,0fdc4030e6feae89,64,247,577,356,913,330,557,0.757
structured,51a0231120bee025,64,283,705,410,1075,422,665,0.704
structured,3404ea1c8e1f6d58,64,241,594,346,913,353,567,0.702
structured,0baf9c6cedef1fd0,64,239,624,343,956,385,613,0.789
structured,8abc93b39f9a9cdb,64,287,744,416,1182,457,766,0.712
structured,eb1ec327b966ba9a,64,199,338,284,572,139,288,0.752
structured,bfc0666cae81e802,64,237,612,346,947,375,601,0.794
structured,73b2bfeaa4cde8dc,64,241,509,349,807,268,458,0.722
structured,c5d4f6925d54ba07,64,247,653,357,991,406,634,0.82
structured,bcb1d45335993657,64,283,473,409,775,190,366,0.756
structured,fc589ed2e2f16d28,64,235,561,339,871,326,532,1.004
structured,3b083044210a608d,64,291,559,418,909,268,491,0.681
structured,f90b1e2b4168eb42,64,237,563,342,907,326,565,0.736
structured,47f01a8809488472,64,241,537,350,865,296,515,0.818
structured,06c130013b631274,64,197,525,283,788,328,505,0.69
structured,3e74cacc2164bc45,64,199,470,285,727,271,442,0.725
structured,79efab4f4dc0e8b1,64,285,695,414,1072,410,658,0.814
structured,d948680846840985,64,177,368,254,602,191,348,0.693
structured,c249d7323e10f9fa,64,237,479,348,799,242,451,0.685
structured,3b3ce83a3201ab61,64,241,563,349,848,322,499,0.824
structured,15fc04a30ec600fe,64,179,470,256,710,291,454,0.792
structured,8372eb5102ddaf1e,64,235,528,343,833,293,490,0.736
structured,8f0af239dcc43836,64,275,512,394,774,237,380,0.803
structured,67d6ae55a3a874fa,64,289,558,410,931,269,521,0.666
structured,24e6ad96e37fe66b,64,239,562,348,870,323,522,0.912
structured,22d7765bdc7caa7a,64,289,697,417,1081,408,664,0.766
structured,5e3bc54ebfdbfcbb,64,283,515,408,861,232,453,0.817
structured,4554c55e9a7aba71,64,239,545,346,867,306,521,0.791
structured,69110a3a4ef07de8,64,239,522,344,848,283,504,0.791
structured,ddcc0a11c9aa30df,64,281,675,410,1003,394,593,0.682
structured,baab9ea133605d62,64,237,575,345,883,338,538,0.825
structured,596a98f38bc92553,64,245,600,353,934,355,581,0.747
structured,906c3ef5556035a6,64,245,599,353,924,354,571,0.856
structured,85f88c0c931866d5,64,245,625,352,959,380,607,0.97
structured,a332fdacf9fcaae3,64,289,598,418,955,309,537,0.711
structured,f1c852bae7db6a46,64,285,645,412,1020,360,608,0.767
structured,55c255d07bc4ae5a,64,285,653,415,1055,368,640,0.843
structured,7d83fdda19103063,64,289,517,406,833,228,427,0.813
structured,3a852c6243a7d398,64,239,515,349,824,276,475,0.804
structured,290458ab7f5e4fb3,64,239,523,341,811,284,470,0.79
structured,517e8522939de6d6,64,279,603,410,988,324,578,0.666
structured,907c6b2d6001af45,64,243,582,350,882,339,532,1.395
structured,bc7432f3e3aaaf5e,64,153,357,219,561,204,342,0.844
structured,a1c2a61db5fcd13d,64,235,507,345,804,272,459,0.68
structured,9792fdb80241b2b6,64,287,450,416,749,163,333,0.835
structured,749b4ebd81a74877,64,155,373,222,581,218,359,0.678
structured,9920d343b72310f4,64,285,572,409,898,287,489,0.865
structured,de62c6d1ee23b920,64,155,421,222,652,266,430,0.795
structured,8a68a96dc2b4ee31,64,237,555,345,881,318,536,0.705
structured,7c0f26fbe1e8cfcd,64,275,674,403,1051,399,648,0.746
structured,0d9b26af7cd7e890,64,289,600,416,999,311,583,0.801
structured,2b7d228b832b7e0f,64,241,591,343,884,350,541,0.912
structured,e769ab5dcd5ecd1b,64,247,467,353,753,220,400,1.097
structured,877eba03242eac58,64,287,574,414,939,287,525,0.789
structured,ed5f31aaf7f604c8,64,289,493,411,799,204,388,0.769
structured,18ed0d80233f527f,64,243,597,349,933,354,584,0.823
structured,4f95eb8ad85e7fa8,64,283,689,411,1089,406,678,0.907
structured,0ef7304d7b17e356,64,239,522,348,857,283,509,0.687
structured,cf89f43100f2ad07,64,283,621,414,987,338,573,0.883
structured,5561ff828c8eab44,64,241,552,339,871,311,532,0.826
structured,3dddb4805077b0b6,64,291,625,420,950,334,530,0.776
structured,579f3bd15d0d41fc,64,241,550,350,869,309,519,0.79
structured,a15c929129db6e4d,64,241,559,352,850,318,498,0.843
structured,09ff435209fe1188,64,283,631,409,1003,348,594,1.064
structured,60fae907efaf242b,64,291,569,416,946,278,530,0.803
structured,b170cc001566f07a,64,195,485,285,736,290,451,0.688
structured,ee532906987bffa8,64,203,355,289,600,152,311,0.732
structured,13dcf264cdd339b2,64,237,556,343,867,319,524,0.8
structured,d695accd82b8035c,64,195,457,282,721,262,439,0.774
structured,860001567b7669c8,64,279,656,405,1016,377,611,0.712
structured,c3cd50af4664fc62,64,243,544,350,892,301,542,0.839
structured,0ea806a927a2ade5,64,229,549,327,867,320,540,0.66
structured,8465dbf62f8baaa2,64,283,597,410,966,314,556,0.689
structured,de674687a2940d63,64,195,493,275,743,298,468,0.796
structured,aebb18d6921cd0be,64,235,564,343,880,329,537,0.816
structured,b8d262c8791b0e18,64,289,634,417,1039,345,622,0.81
structured,5d9c3e389725dad3,64,291,706,415,1148,415,733,0.795
structured,4c2c857de7f456a2,64,281,594,399,973,313,574,0.768
structured,ce819705fa6625e3,64,197,469,282,709,272,427,1.433
structured,7b9ab64e322b7c80,64,279,487,404,828,208,424,0.802
structured,92df947fffb7375c,64,287,447,418,708,160,290,0.823
structured,28fff463b068de82,64,291,702,419,1063,411,644,0.789
structured,f7d277b081c588db,64,195,445,283,713,250,430,1.071
structured,70121ec67563fe30,64,241,617,348,957,376,609,0.741
structured,373126f9de6fc946,64,199,414,285,691,215,406,0.766
structured,23ce705fe940a708,64,203,338,289,525,135,236,0.719
structured,fdc097b0d6d98697,64,241,432,349,705,191,356,0.744
structured,d9d4642aaa5b7f46,64,291,484,417,762,193,345,0.701
structured,05db5b8fe6dc49c5,64,283,649,405,1035,366,630,0.884
structured,589b6631725d9a8f,64,249,716,356,1101,467,745,0.993
structured,ab6d2b151e7271a2,64,239,540,343,861,301,518,0.73
structured,a3d8075ffa84ce39,64,249,566,358,889,317,531,0.792
structured,b1dd723274b34528,64,243,543,349,866,300,517,0.688
structured,bd6c5aa115dba18c,64,193,478,283,728,285,445,0.688
structured,e574d283b7517fbe,64,291,590,417,949,299,532,0.807
structured,a6bd6e90af63f56f,64,239,564,346,887,325,541,0.745
structured,3d4629a1ca4a5d92,64,241,558,350,887,317,537,0.683
structured,e84de554701eb036,64,283,662,410,1029,379,619,0.778
structured,ba3b4e894cf81bc3,64,285,623,417,978,338,561,0.805
structured,7bbc2d39c1ce22cb,64,203,526,290,811,323,521,0.768
structured,5db3f20cd771fb06,64,285,678,413,1067,393,654,0.824
structured,d7a8945c22aeb567,64,279,593,401,943,314,542,0.752
structured,69f0d544ff7354d3,64,245,502,352,829,257,477,0.765
structured,a71761db32fe7285,64,247,630,358,960,383,602,0.725
structured,8c7c418ccb10e019,64,193,419,274,691,226,417,0.671
structured,b7c932ca4d1464cc,64,197,490,287,745,293,458,0.758
structured,0e78ce1066a25b3c,64,197,364,282,607,167,325,0.669
structured,fc61e20c76fa299b,64,281,704,402,1100,423,698,0.823
structured,c3f244a64ac708cc,64,235,473,332,775,238,443,0.882
structured,0e202056af820364,64,247,570,349,925,323,576,0.694
structured,dff0cb34e3bd6baa,64,241,570,349,902,329,553,0.897
structured,2d195d827090bd0a,64,241,518,346,855,277,509,0.986
structured,af4abea333d30a82,64,197,460,284,744,263,460,0.785
structured,3b4e5364583072bf,64,193,347,282,585,154,303,0.788
structured,16a26f6bc003cd18,64,197,410,283,679,213,396,0.754
structured,a4ba9abb07c260b8,64,243,391,350,634,148,284,0.738
structured,9c0b958f82ff7b63,64,111,294,158,453,183,295,0.669
structured,07ec13b06c44d737,64,253,411,360,657,158,297,1.421
structured,bdd71c84f9209b51,64,235,457,340,764,222,424,0.918
structured,43b2bc56f99f4848,64,275,467,393,781,192,388,0.699
structured,19df8b471f82a125,64,237,522,347,855,285,508,0.837
structured,90763c11fe3dcd29,64,292,678,413,1107,386,694,0.705
structured,2719a39c91cc7d72,64,243,641,354,978,398,624,0.9
structured,35385676076c3331,64,283,625,413,1033,342,620,0.699
structured,09ac45b987def996,64,173,331,241,555,158,314,0.696
structured,2c6eb9c926c27dd1,64,281,718,406,1079,437,673,0.799
structured,8cfb04357b18102d,64,281,563,406,881,282,475,0.795
structured,5fa6a795a3200b80,64,155,429,221,661,274,440,0.683
structured,4bcf919f8edf93a3,64,287,713,415,1130,426,715,0.807
structured,5fe5197967d21d83,64,289,635,414,1036,346,622,0.73
structured,0c81b869d34e7245,64,199,422,280,690,223,410,0.772
structured,ba5a969ee2a0e6dd,64,243,518,351,801,275,450,0.674
structured,b6a917a459e67f8d,64,199,585,286,899,386,613,0.793
structured,a9e92ed2099f6d9d,64,275,630,404,989,355,585,0.816
structured,5cee8c8e2ee41585,64,285,596,410,962,311,552,0.858
structured,d6e0019f7662ee16,64,281,553,403,907,272,504,0.847
structured,6cf49ca0d0b1201f,64,289,615,417,968,326,551,0.813
structured,f15325a795fd1a90,64,283,587,415,967,304,552,0.723
structured,7bdd8fe1b8f94d27,64,285,650,411,1014,365,603,0.826
structured,ee793f0dff239de4,64,243,585,352,919,342,567,0.726
structured,9dafc829672198f8,64,243,517,351,801,274,450,0.667
structured,131977001b8e4b6d,64,243,529,352,813,286,461,0.764
structured,ff8ccc6573bd07b6,64,241,519,346,828,278,482,0.735
structured,f1408bef14d17d8c,64,404,657,573,1014,253,441,0.81
structured,f5eb326d6bf235b3,64,285,573,412,951,288,539,0.688
structured,b4105a43496a3bf8,64,237,555,347,901,318,554,0.759
structured,f4e67ea5ed3e158a,64,279,607,404,948,328,544,0.772
structured,3d05caaacea3f3ba,64,195,484,280,750,289,470,0.892
structured,5348ce915331a509,64,281,709,411,1051,428,640,0.809
structured,4aa9117446823986,64,243,385,350,619,142,269,0.741
structured,e36677bd57973301,64,293,443,425,704,150,279,0.714
structured,6ccc037e646469dc,64,243,709,352,1077,466,725,0.71
structured,8509d49fb50e8942,64,195,485,284,729,290,445,0.881
structured,5e1b75d0b4ee910c,64,193,457,282,711,264,429,1.214
structured,088444034d9b943e,64,281,640,402,1017,359,615,0.749
structured,ef10d73feb380ef8,64,193,357,277,598,164,321,0.716
structured,3c1d083169d111c2,64,289,763,417,1148,474,731,0.787
structured,719e860d93d13462,64,283,646,411,1015,363,604,0.824
structured,c62032c01cc45307,64,249,592,357,918,343,561,0.809
structured,f30df7153d38000c,64,291,602,418,963,311,545,0.81
structured,70a611c1e85bb64a,64,244,501,354,786,257,432,0.666
structured,468471fde0acf2bd,64,285,686,413,1076,401,663,0.753
structured,1f710aa73cb793a7,64,239,536,340,839,297,499,0.785
structured,e89ea51d00fa58b1,64,235,497,340,815,262,475,0.806
structured,8fe105de4a73cdbe,64,241,603,352,927,362,575,0.676
structured,74ed7af7afb5493b,64,243,382,350,640,139,290,0.765
structured,bef3e908c94255f8,64,195,544,285,801,349,516,0.813
structured,2027116e605a2013,64,195,445,283,691,250,408,0.78
structured,6e3a387861d33d8b,64,197,387,281,640,190,359,0.717
structured,5dfab0d64204c38f,64,151,278,218,469,127,251,0.791
structured,d39fe8a37b97bd4a,64,281,676,406,1010,395,604,0.746
structured,04c1c012edacc766,64,291,823,422,1241,532,819,0.841
structured,8ccb8379ed199462,64,287,362,404,579,75,175,0.76
structured,44288907b65003f6,64,249,494,355,822,245,467,0.788
structured,92f4c9eb106ec628,64,293,775,424,1191,482,767,0.691
structured,5a26a5ecd0ca553a,64,237,522,345,848,285,503,0.762
structured,4ae95bcaf2d3fb71,64,191,493,276,765,302,489,0.797
structured,175d965b238c97e2,64,277,625,407,966,348,559,0.82
structured,2c086c86ce2cd7c0,64,277,548,401,892,271,491,0.813
structured,d79ea4183b36c826,64,283,511,413,831,228,418,0.703
structured,108410e912da8954,64,191,488,281,722,297,441,0.653
structured,1a97e256ce1323e2,64,193,503,274,745,310,471,1.026
structured,d70b7f94b6c5f13e,64,228,514,327,787,286,460,0.766
structured,a852e97efd4507ab,64,287,546,414,837,259,423,0.816
structured,bef741f180588a98,64,199,376,287,624,177,337,0.785
structured,7711f10c8ef236cc,64,289,646,412,1032,357,620,0.718
structured,ebe982ff3819c53f,64,201,422,287,701,221,414,0.677
structured,dd21c6ca65ca1c5b,64,279,722,400,1090,443,690,0.744
structured,a19e2273eb00449f,64,287,667,416,1033,380,617,0.939
structured,fa5a39c1b090ff8f,64,285,655,412,1005,370,593,0.761
structured,1584fd7d5cc996d4,64,287,587,412,961,300,549,0.685
structured,5b5afc30e26e8694,64,237,505,344,803,268,459,0.79
structured,369162764bfed152,64,233,458,332,757,225,425,0.795
structured,b8b4bfd8aa2a6553,64,241,660,342,998,419,656,0.749
structured,63548d6ec8a4058e,64,275,542,401,898,267,497,0.802
structured,9db9f52a4cf48812,64,241,612,350,933,371,583,0.734
structured,9c4f19da1310a5de,64,243,566,349,887,323,538,0.762
structured,655ddd8e04ebb516,64,279,582,404,928,303,524,0.852
structured,017a2a7e5665deef,64,245,527,354,869,282,515,0.79
structured,53b3d39872d70422,64,239,643,343,966,404,623,0.701
structured,d1aa0a9933a612c6,64,245,665,352,1017,420,665,0.866
structured,d8eb9183688e6324,64,285,691,413,1091,406,678,0.948
structured,23431c7144f1ad81,64,285,563,416,902,278,486,0.729
structured,5105588a141e01b6,64,241,518,346,827,277,481,0.736
structured,17942c9f6f1eb80b,64,199,465,283,733,266,450,0.787
structured,5b1fc6b8accf7829,64,199,434,286,723,235,437,0.888
structured,f14a60b27efb7eea,64,285,517,413,833,232,420,1.256
structured,a5705325a6e15fb4,64,283,634,410,1033,351,623,0.729
structured,4a65bdbb88c4232f,64,241,523,349,813,282,464,0.78
structured,48f0c4077c48ca4d,64,162,407,230,633,245,403,0.799
structured,bdffa626a55f1111,64,291,584,418,932,293,514,0.693
structured,4d7b5f17d6f81b99,64,283,670,412,1084,387,672,0.844
structured,b7e1b2a76929052f,64,281,644,410,1003,363,593,0.784
structured,8541e3881846cd33,64,283,612,407,993,329,586,0.795
structured,34e371e7d0140d45,64,197,472,286,743,275,457,0.664
structured,1601465676707e25,64,201,519,287,817,318,530,0.784
structured,1c278d0c6b4db4b7,64,289,794,418,1213,505,795,0.898
structured,a02aacf075e568be,64,281,528,400,873,247,473,0.785
structured,b930921d45a2972a,64,289,733,417,1096,444,679,0.801
structured,3e606f9de89f652e,64,241,369,347,588,128,241,0.702
structured,4f983c0ec58cbf7a,64,151,414,214,637,263,423,0.808
structured,da4e5dd6a16de70a,64,197,490,280,761,293,481,0.663
structured,b2d64e0395465627,64,355,656,504,1054,301,550,0.752
structured,ed8bd9640508aa29,64,239,556,347,887,317,540,0.741
structured,2f96efd98bbe4dfd,64,197,484,285,740,287,455,0.885
structured,3ddc3e6c3504f783,64,241,653,351,978,412,627,0.744
structured,007080d4a7e74ce4,64,283,562,408,930,279,522,0.772
structured,352bb59f6ae93738,64,281,555,406,899,274,493,0.878
structured,7ca23ee86c3d5287,64,281,639,410,999,358,589,0.82
structured,7da774b6cfcef5e2,64,243,413,352,637,170,285,0.685
structured,266992cf1083f6c4,64,191,471,270,746,280,476,0.661
structured,20dd7dacfba03722,64,244,658,353,1007,414,654,0.827
structured,440c1523ed64ff66,64,253,594,361,975,341,614,0.684
structured,6963ffb083a62cd1,64,281,575,409,949,294,540,0.759
structured,f4a48b9437f20adc,64,239,608,343,906,369,563,0.661
structured,4444536ebff1daa1,64,239,461,344,760,222,416,0.794
structured,dfb0bf06ba20f432,64,283,526,408,867,243,459,0.853
structured,bf32dbb7d98c0173,64,283,625,413,1006,342,593,0.761
structured,5b5b2aee8b671ba4,64,285,609,411,968,324,557,0.752
structured,db441f4124ecfdc0,64,283,641,399,1058,358,659,0.781
structured,18bbd3181199a1d0,64,239,534,345,849,295,504,0.867
structured,3896e0fa712fa424,64,199,570,283,875,371,592,0.672
structured,c47433b35e37e14a,64,237,546,345,855,309,510,0.922
structured,16ceaaf760a7046c,64,277,573,388,951,296,563,0.755
structured,116159337c3c2250,64,239,615,342,952,376,610,0.834
structured,091e00de4d704df4,64,245,544,349,888,299,539,0.722
structured,6a385df2569decc4,64,195,327,282,554,132,272,1.037
structured,97b6538e621cc360,64,285,484,412,767,199,355,0.813
structured,c90a864a9a3cb581,64,277,654,384,1017,377,633,0.858
structured,7f987efb5e1744ce,64,279,534,397,875,255,478,0.829
structured,b39d318f6eb4675f,64,235,565,333,918,330,585,0.712
structured,673401540ecb3c25,64,291,783,420,1190,492,770,0.823
structured,ab7e4c6dc60a2e62,64,448,701,642,1112,253,470,0.721
structured,9e3403827a2c377c,64,235,559,344,893,324,549,0.739
structured,3c6ac1e6c6e7af30,64,243,599,352,953,356,601,0.799
structured,3b4ef16d3b9ea43a,64,201,429,288,671,228,383,0.768
structured,5489594ac002037e,64,241,600,351,898,359,547,0.672
structured,9ddec8225e2a10c3,64,241,559,346,872,318,526,0.789
structured,3bf9d36717e55c32,64,151,414,215,637,263,422,0.748
structured,960ab9fb96ea7dd0,64,287,644,416,1027,357,611,0.864
structured,c3087d55dc3241d6,64,193,477,283,732,284,449,0.74
structured,9eeddb32b88c1981,64,193,439,280,681,246,401,0.676
structured,a68fb2405a1bef99,64,239,492,341,788,253,447,0.867
structured,d5c855b4fde4a69f,64,197,470,284,740,273,456,0.787
structured,a80c25ab4a909fc5,64,283,671,413,1041,388,628,0.804
structured,ce6f02be3f4670d4,64,285,748,417,1136,463,719,0.808
structured,c64c1c5e312e7bb8,64,153,357,219,561,204,342,0.746
structured,583701bf1a116379,64,245,555,353,879,310,526,0.75
structured,e1cdfd9e600da19b,64,195,436,280,684,241,404,0.681
structured,f2ebbbb71f924f1c,64,195,516,270,810,321,540,0.794
structured,f8add5963cfb18ea,64,283,709,414,1113,426,699,0.798
structured,2a32459b6f168440,64,239,442,342,736,203,394,0.664
structured,ee32426e2eea66b3,64,197,514,283,763,317,480,1.146
structured,b03a26eb05aed919,64,289,691,417,1091,402,674,0.809
structured,462b1716c2e68aa1,64,197,525,284,803,328,519,0.727
structured,8cb92aea4dfb1217,64,281,690,406,1053,409,647,0.801
structured,29e5773c212d7b8e,64,291,621,417,995,330,578,0.811
structured,cc4fe0e0b46c0f8d,64,281,561,404,912,280,508,0.789
structured,445749c15de1120a,64,241,548,340,854,307,514,0.747
structured,7d49b58b081d17dd,64,241,540,346,858,299,512,0.845
structured,a0552d8e1823971a,64,243,516,350,827,273,477,0.814
structured,fc9da50894924f1f,64,241,439,347,727,198,380,0.759
structured,aa959c10b717c6cd,64,291,510,420,784,219,364,1.331
structured,01fdef2a44e3cda1,64,239,514,347,840,275,493,0.874
structured,2b68d2aecdda994f,64,183,424,263,646,241,383,0.78
structured,6eb5ec680551ba50,64,193,428,280,673,235,393,0.771
structured,7d8a2bba9d65c931,64,243,629,348,932,386,584,0.909
structured,a5097b62030bd34a,64,281,521,408,867,240,459,0.687
structured,6cfe39f53b4c490a,64,287,677,419,1109,390,690,0.834
structured,5757f4d2d48a4a5e,64,239,515,344,838,276,494,0.685
structured,36cb64ea5fee6e11,64,151,406,220,601,255,381,0.659
structured,af73c359ed31b621,64,271,595,391,982,324,591,0.686
structured,20a4dfdc9d2181e4,64,279,594,409,957,315,548,0.835
structured,0615a257efbb52c7,64,243,641,353,971,398,618,0.921
structured,05d168998f10e8d2,64,242,605,350,957,363,607,0.8
structured,636ba938848b16d8,64,239,418,349,640,179,291,0.771
structured,6bb02e7dba6380c1,64,237,541,333,865,304,532,0.748
structured,9533315608b10fa5,64,287,610,410,1006,323,596,0.73
structured,7adabe8ad21eaca6,64,287,548,415,902,261,487,0.676
structured,7a886a4b73f68e96,64,277,489,395,766,212,371,0.737
structured,79d723721d082dc9,64,275,529,385,821,254,436,0.734
structured,665273b502142651,64,241,626,349,939,385,590,0.676
structured,ed603dc66bc44569,64,233,438,332,653,205,321,0.743
structured,a1da074b41850a8d,64,195,343,275,513,148,238,0.665
structured,6767543034f41855,64,220,487,316,747,267,431,0.795
structured,a6ccf0c12a99a156,64,277,657,406,1020,380,614,0.727
structured,9e604831dd94c49b,64,235,453,342,748,218,406,0.696
structured,0e52a468d91004d2,64,197,446,287,715,249,428,0.73
structured,8e0226201e6f407b,64,239,482,345,783,243,438,1.021
structured,34bb103c3da51f20,64,195,421,281,686,226,405,0.806
structured,7fc67dba42b9bc6f,64,195,469,283,717,274,434,0.671
structured,a3fc7334b4bd4ea6,64,241,523,345,833,282,488,0.676
structured,3c5da67c20352d4a,64,239,466,342,774,227,432,0.805
structured,cfa132dbf249d632,64,281,849,391,1297,568,906,0.736
structured,8b0242391bca10a9,64,287,567,414,935,280,521,0.697
structured,75f7655aa521e6f7,64,243,632,352,966,389,614,0.787
structured,d1e8d629ad0bb015,64,241,555,345,854,314,509,0.68
structured,7e82cb5e5e07866a,64,283,538,412,899,255,487,0.839
structured,219c765d1274e06b,64,285,741,412,1142,456,730,0.947
structured,40676569f4f97102,64,243,464,353,761,221,408,0.724
structured,53de3941eb24ac39,64,241,531,347,873,290,526,0.844
structured,79974664aeb424fc,64,277,608,404,993,331,589,0.847
structured,ffda5f61ef80d33d,64,247,514,346,779,267,433,0.734
structured,5fab9d30656ba826,64,245,504,347,827,259,480,0.756
structured,1aa2fe55a5858db4,64,293,671,423,1087,378,664,0.697
structured,d2bd43c721f58d9c,64,197,463,285,738,266,453,0.668
structured,448733a363d7f51f,64,151,376,220,574,225,354,0.8
structured,4a79e6210e339120,64,245,686,349,1060,441,711,0.778
structured,13f4658cc33eaf85,64,279,587,405,949,308,544,0.732
structured,01b620b1da6f924e,64,239,703,343,1065,464,722,0.703
structured,3cdb97224d4ee072,64,287,608,415,966,321,551,1.353
structured,7aa60a7f4816f432,64,283,556,411,919,273,508,0.752
structured,8fb2b5dad4572406,64,237,450,345,756,213,411,0.712
structured,b72b7ba79ba7ee7f,64,195,510,284,774,315,490,0.744
structured,652f9ef1a22fdd20,64,241,492,348,824,251,476,0.682
structured,424fd4d13d3b1de5,64,295,630,423,956,335,533,0.792
structured,02268ceb4cec31b1,64,295,458,423,679,163,256,0.719
structured,57106e5676b9a387,64,279,539,404,855,260,451,0.862
structured,7c0d87de0eaaa53a,64,289,522,415,866,233,451,0.679
structured,e7980f49f5a98aa8,64,241,545,346,883,304,537,0.828
structured,fcba35a57a222f86,64,239,554,350,837,315,487,0.739
structured,32f55a2264ac87b6,64,293,669,417,1047,376,630,0.822
structured,5dfa31f7b5319109,64,153,357,220,561,204,341,0.678
structured,767e3239935b554d,64,197,494,285,759,297,474,0.671
structured,2b1e7e62a01a383b,64,237,556,347,868,319,521,0.856
structured,385555a8b22ad765,64,197,426,282,687,229,405,0.739
structured,325b2f60d49b9c37,64,279,582,393,915,303,522,0.674
structured,a8a226533ce2d3f5,64,197,392,286,638,195,352,0.767
structured,e87d38999ae89f18,64,243,463,351,719,220,368,0.783
structured,30f3e6bb94fee2f4,64,245,592,353,942,347,589,0.781
structured,468291280af93d13,64,201,538,288,835,337,547,0.702
structured,1bfe771c62a1747d,64,285,663,412,1031,378,619,0.873
structured,a7767693367fe40c,64,287,524,413,799,237,386,0.81
structured,31d2aaaa003bf254,64,247,542,354,873,295,519,0.809
structured,0e3bdeba8a88da54,64,235,621,344,924,386,580,0.835
structured,6ea6865316af7caa,64,293,706,420,1079,413,659,0.853
structured,d9f577890fefef66,64,243,382,350,591,139,241,0.66
structured,404bcb530451a5be,64,289,571,420,951,282,531,0.807
structured,599ca91008f56d85,64,285,550,404,890,265,486,0.792
structured,4f4e8da1b68fed11,64,197,514,286,792,317,506,0.925
structured,89805c936e7b8173,64,243,550,352,893,307,541,0.856
structured,0be98ff5473f23fa,64,155,403,222,613,248,391,0.769
structured,d29aa8d979b73d8e,64,287,812,414,1225,525,811,0.71
structured,b5128fe7c1f63328,64,239,574,343,895,335,552,0.819
structured,25c7c6cb77f0fe4a,64,287,651,414,997,364,583,0.853
structured,e556cf2a235f59ea,64,195,453,280,700,258,420,0.756
structured,0c56318f8860a1ba,64,241,597,352,936,356,584,0.795
structured,6c21dac33c279fcd,64,239,576,349,879,337,530,0.783
structured,2d290939b89dc3ea,64,285,701,413,1053,416,640,0.74
structured,a00b575c366ae886,64,239,593,346,925,354,579,0.672
structured,b7ab8bf7e1037cb0,64,283,681,404,1086,398,682,0.714
structured,bfd7e6a5c998b5ec,64,237,626,341,903,389,562,0.722
structured,bd61195f52b60d53,64,337,584,484,896,247,412,0.729
structured,9156bb2b94baa26a,64,193,442,279,691,249,412,0.78
structured,171e38eddbb937c3,64,281,549,409,877,268,468,0.877
structured,0c52b254d9b5f88c,64,243,626,353,947,383,594,0.768
structured,4dd775a78a6a5581,64,289,635,420,1012,346,592,0.801
structured,5bcbb9038e37573e,64,235,609,345,948,374,603,0.713
structured,8936ec2bee2adafb,64,235,396,341,667,161,326,0.736
structured,9e3ee75f471664a0,64,235,441,342,725,206,383,0.839
structured,f1ba4915c8ef0541,64,243,559,351,908,316,557,0.796
structured,000638dacb3359ef,64,291,615,419,997,324,578,0.817
structured,fa24733c327c392c,64,245,633,353,969,388,616,0.867
structured,75c3e9f45f83b5e4,64,279,652,407,1042,373,635,0.802
structured,2c8dbff4d9830405,64,287,685,416,1051,398,635,0.809
structured,474925b03bb2dc77,64,291,764,419,1170,473,751,0.853
structured,c0510516b70242e5,64,283,550,415,907,267,492,0.848
structured,9dce35e06d6588b9,64,239,583,345,889,344,544,0.692
structured,77b60f6ee35576f7,64,245,525,354,849,280,495,0.841
structured,12768c2a60e2c981,64,239,551,346,875,312,529,0.681
structured,33f6a1c8d2c504d9,64,241,482,348,801,241,453,0.67
structured,c72af8aa36db4747,64,283,631,407,1006,348,599,0.78
structured,cf82ddc788d3f423,64,243,581,351,951,338,600,0.968
structured,b4a843eeb5815240,64,193,439,279,681,246,402,0.821
structured,62775c2e3ca78d5c,64,283,642,411,1034,359,623,0.81
structured,296fbb0354c17f87,64,195,481,285,753,286,468,0.797
structured,2c06cecfc7ccd3e8,64,235,505,345,822,270,477,0.807
structured,13d8cc733d9c4e07,64,239,573,345,915,334,570,0.799
structured,6a73e255d72780e9,64,191,519,278,803,328,525,0.78
structured,b372a0ae2f0f5b34,64,243,593,350,933,350,583,0.692
structured,631b5f3e191cdf17,64,251,622,357,951,371,594,0.806
structured,71a082df049e6cd0,64,287,670,417,1047,383,630,0.742
structured,ab2e71cf69eb448f,64,277,483,407,755,206,348,0.769
structured,48c1391216b56adb,64,237,505,343,816,268,473,0.799
structured,d894456cdf0a0765,64,281,515,409,874,234,465,0.767
structured,06632c4fb7475040,64,285,597,411,966,312,555,0.902
structured,2611e16b6c14a269,64,295,651,420,1047,356,627,0.678
structured,469ed258d42454c3,64,239,559,348,914,320,566,0.854
structured,7b2ba0b2a9f483b1,64,237,445,335,680,208,345,0.788
structured,316e1c73a7443637,64,241,592,345,930,351,585,0.761
structured,c7cda1236a84f933,64,239,487,344,798,248,454,0.676
structured,846f45430e7ab400,64,235,524,344,817,289,473,0.732
structured,26677c5f958f7242,64,293,515,419,839,222,420,0.814
structured,4fd6afdb70344c95,64,279,438,397,702,159,305,0.919
structured,05f4d4fccbaa13a4,64,277,695,405,1065,418,660,0.872
structured,ae6c2bf1b02252c9,64,241,596,352,948,355,596,0.72
structured,afca6a7d4e86d2d2,64,243,434,351,739,191,388,0.755
structured,23b0ab6b1595bc86,64,241,444,346,736,203,390,0.676
structured,5eff6c9143d36b0a,64,239,491,346,805,252,459,0.788
structured,a5f136d515b356dc,64,243,617,347,979,374,632,0.829
structured,7c05e2d3ee51ace2,64,243,499,351,810,256,459,0.814
structured,bb7338b28ef8258d,64,241,586,346,875,345,529,0.683
structured,919173751fa737a9,64,239,559,347,868,320,521,0.666
structured,74f45d9cd8a3bb3e,64,289,736,418,1138,447,720,0.755
structured,49843ac04d2809d7,64,287,609,410,970,322,560,0.802
structured,ce0eaabdff470143,64,279,595,406,926,316,520,0.793
structured,6107231a9cf9a44c,64,241,464,345,759,223,414,0.748
structured,39a039713736214e,64,289,691,418,1041,402,623,0.781
structured,415c9da18c37d347,64,252,587,359,919,335,560,0.78
structured,cd50fffa21d56817,64,241,556,347,885,315,538,0.793
structured,90ee3cb24457a1a9,64,239,452,347,752,213,405,0.682
structured,4215ef16c668d749,64,310,593,446,956,283,510,0.816
structured,4b0e00746deeae54,64,237,530,345,849,293,504,0.96
structured,9cf42236b40054d0,64,279,664,400,1021,385,621,1.023
structured,d1c5e7c551034a74,64,285,647,413,1019,362,606,0.895
structured,85f04dba60822cc7,64,247,474,356,693,227,337,0.766
structured,5b947b60375295b6,64,239,550,351,867,311,516,0.741
structured,feb5c06957cd2acd,64,199,397,285,649,198,364,0.772
structured,b2993259c24082ee,64,237,575,339,894,338,555,0.729
structured,6658a1d4b6ebd4ec,64,291,678,415,1077,387,662,0.73
structured,f826fad43341187f,64,285,736,412,1131,451,719,0.802
structured,9acae6bbe80e58a6,64,285,570,408,939,285,531,0.852
structured,1e6505a305528d3d,64,249,357,355,587,108,232,0.911
structured,82ce92b19fd2da2f,64,279,594,403,943,315,540,0.807
structured,dd779e493666991e,64,285,696,414,1110,411,696,0.687
structured,59f76cb5d4b5a577,64,287,697,414,1106,410,692,0.843
structured,c15475e529b894db,64,197,504,285,764,307,479,0.74
structured,18c32c6da5c665d4,64,287,672,418,1052,385,634,0.786
structured,0b0a6c75da78cf97,64,247,631,358,994,384,636,0.777
structured,c03a54b2b51e2423,64,237,491,344,807,254,463,0.798
structured,c7356c8cebd61c67,64,239,583,340,888,344,548,0.842
structured,68254c7de90462fd,64,279,438,396,729,159,333,0.83
structured,f286c27c29f779aa,64,241,490,349,808,249,459,0.769
structured,50d05210cb59263a,64,239,671,345,995,432,650,1.073
structured,55ee89dbd773a706,64,275,609,397,971,334,574,0.735
structured,4cc2b850ce2c0f33,64,191,519,277,803,328,526,0.86
structured,8fdd74ea5ff094fe,64,283,673,415,1047,390,632,0.824
structured,d23d2e7f78c21549,64,235,421,327,680,186,353,0.798
structured,aa0afa3f7e8d8fc6,64,283,583,411,934,300,523,0.762
structured,7f8ad5b143d30718,64,247,561,351,923,314,572,0.76
structured,2291a369b30ef834,64,246,447,358,744,201,386,0.77
structured,43e31da1bcae0269,64,179,413,257,639,234,382,0.701
structured,ebe92c9b92f79065,64,197,393,284,653,196,369,0.698
structured,e27cc48ee5fffd2b,64,285,637,408,1035,352,627,0.8
structured,106b8cbf641e56b5,64,241,587,352,923,346,571,0.798
structured,a1e27c9c6d87a2f6,64,239,487,345,799,248,454,0.666
structured,2d37604b4c210579,64,245,591,354,945,346,591,1.064
structured,fb7e0a3e6e3a9a8c,64,281,655,412,1013,374,601,0.73
structured,cae45837f1584d3e,64,240,515,342,821,275,479,0.666
structured,3f6212bf79915192,64,247,381,356,605,134,249,0.79
structured,439e388ff1b7d52c,64,279,520,398,782,241,384,0.688
structured,df0b4ff75c8218e2,64,283,654,408,1021,371,613,0.677
structured,ce1718f0b835fc81,64,237,584,342,871,347,529,0.986
structured,fca431c788b5e187,64,281,690,405,1073,409,668,0.68
structured,c53d2ac59844c1c0,64,283,465,408,796,182,388,0.963
structured,ce7c883f5c3abe11,64,235,422,341,665,187,324,0.786
structured,fdb1bb33c69aaff0,64,233,507,344,798,274,454,0.715
structured,ad3197affcaa7e29,64,245,559,354,904,314,550,0.817
structured,c9d1528d19a4ba59,64,245,542,354,835,297,481,0.74
structured,c21e4e2c90e6882b,64,275,455,395,772,180,377,0.789
structured,a6acc69067f1bb60,64,245,593,352,927,348,575,0.766
structured,96454a4cae70b40e,64,237,503,339,797,266,458,0.807
structured,8831af4f38b31280,64,281,691,408,1062,410,654,1.22
structured,b667310987e20238,64,195,487,281,728,292,447,0.799
structured,9d474082443e1cdc,64,201,513,289,801,312,512,0.676
structured,0076fdcb7ada036b,64,281,671,405,1010,390,605,0.689
structured,5cbbbc2d1e5af036,64,285,567,407,919,282,512,0.799
structured,322d962daeeeffc4,64,241,521,349,839,280,490,0.812
structured,609840f291994663,64,281,667,402,1062,386,660,0.857
structured,a2e192d06de2ad5b,64,183,386,262,635,203,373,0.663
structured,3db1ebc8c6f57e57,64,273,473,386,742,200,356,0.778
structured,ea5c093a3f5968f1,64,289,635,417,1036,346,619,0.703
structured,c1754b9a7794fbbe,64,241,485,348,788,244,440,0.793
structured,47313df10c3268e1,64,245,566,354,934,321,580,0.797
structured,d5d68c5577b9e56d,64,247,721,355,1101,474,746,0.756
structured,ce10d88668ff2ae3,64,239,568,342,861,329,519,0.718
structured,20fac5d456cf2943,64,287,482,412,784,195,372,0.787
structured,3df22751002fc351,64,283,665,411,1019,382,608,0.863
structured,c452f835cdf0ccb4,64,153,379,221,591,226,370,0.767
structured,da69e9fa779ab954,64,151,278,217,469,127,252,0.772
structured,662ef333eb7de5d6,64,197,448,283,716,251,433,0.775
structured,5ddf80a85208bf54,64,285,703,414,1103,418,689,0.768
structured,cd70eb67524f5bbe,64,287,563,416,914,276,498,0.844
structured,81155a00c563e006,64,293,545,421,854,252,433,0.782
structured,24d7dbe7392ca2af,64,241,588,346,884,347,538,0.806
structured,a5ffd7a37e57f5c3,64,201,350,287,584,149,297,0.711
structured,f35cbb55b903b11a,64,279,572,398,881,293,483,0.814
structured,18b0aa4dca11854b,64,245,520,351,855,275,504,0.815
structured,2880f45ff58da8cd,64,237,591,345,898,354,553,0.668
structured,9c6e36efe1fef68b,64,151,342,218,536,191,318,0.668
structured,58bc2c1eb8bf8e59,64,195,429,281,699,234,418,0.778
structured,c38f23752d8bea3d,64,281,577,407,962,296,555,0.78
structured,77afa2fa06e7646c,64,291,506,410,805,215,395,0.666
structured,3e0312ab4a190b11,64,237,631,343,945,394,602,0.778
structured,ea74b354411220de,64,281,575,410,926,294,516,0.678
structured,4ab12fe9165a0f41,64,241,611,344,975,370,631,0.86
structured,888a34e797eb9a66,64,201,511,290,823,310,533,0.803
structured,9fe8ad36754d2dff,64,241,448,346,752,207,406,0.828
structured,e7d7947f08a4b977,64,245,568,353,869,323,516,0.759
structured,eaf732d902f6273d,64,289,728,413,1103,439,690,0.871
structured,606f12fd1bb70764,64,239,421,337,649,182,312,1.351
structured,93c15dacc7362e1b,64,237,440,344,731,203,387,0.773
structured,4e1584c8c647b100,64,193,512,279,785,319,506,0.681
structured,4f513b7737294a02,64,241,433,346,725,192,379,0.676
structured,42d5c07b93a8ad61,64,289,591,420,935,302,515,0.834
structured,58b20cabb96cf297,64,235,563,343,858,328,515,0.676
structured,e844ff7ead924726,64,199,476,284,725,277,441,0.711
structured,2d5144fc5a555692,64,239,496,337,792,257,455,0.872
structured,35066660af139b0c,64,281,632,406,1030,351,624,0.723
structured,91f5185e0382fa1f,64,283,666,412,1031,383,619,0.781
structured,0cb65deb458dac41,64,239,531,346,865,292,519,0.818
structured,613b8424d94f4c17,64,239,564,342,892,325,550,0.677
structured,cd9e5a1163efb472,64,275,550,401,903,275,502,0.824
structured,d45a0b09a7d6db28,64,281,511,409,780,230,371,0.911
structured,1edec9b7c38dc3ff,64,237,584,349,883,347,534,0.933
structured,006c968b7432f408,64,237,469,341,762,232,421,0.848
structured,c8ac87fbb9a14dc0,64,197,519,284,784,322,500,0.784
structured,1867d77f2f781353,64,287,545,413,909,258,496,0.666
structured,b88ee60251760291,64,281,662,410,1031,381,621,0.732
structured,d56171de6f1abf50,64,239,536,342,821,297,479,0.806
structured,ba810696c17d46dd,64,281,527,406,877,246,471,0.82
structured,fb1d61582411b649,64,243,611,354,932,368,578,0.802
structured,2ad875aa4a4dc343,64,291,671,419,1030,380,611,0.826
structured,b42865d5045a492d,64,245,626,353,934,381,581,0.819
structured,4ccf746c68a0d6de,64,243,592,347,895,349,548,0.78
structured,fe25c90ed3f0d4cc,64,287,625,414,1008,338,594,0.813
structured,c3ff5dd17ac83c37,64,235,501,339,807,266,468,0.677
structured,715e30abf6f23c97,64,245,449,350,719,204,369,0.727
structured,36027ca4c53cc70e,64,239,522,344,863,283,519,1.104
structured,b9bf9aa11181de21,64,285,663,412,1042,378,630,0.694
structured,604910036bed7745,64,285,680,417,1056,395,639,0.791
structured,7cd2b8a519bc0a48,64,249,479,357,761,230,404,0.861
structured,23d3ae77de54420f,64,283,646,405,1018,363,613,0.797
structured,dc8c743ab9beba4d,64,219,600,318,914,381,596,0.716
structured,7260b6a320a747ca,64,235,535,341,861,300,520,0.775
structured,d30389b1afdcdbfe,64,241,607,347,932,366,585,0.806
structured,1cccbc2985bf2964,64,237,485,346,798,248,452,1.086
structured,df518822db22c1a3,64,237,516,348,818,279,470,0.675
structured,f621bc9260456448,64,237,434,343,725,197,382,0.827
structured,f3f119967eb3a647,64,225,478,330,749,253,419,0.775
structured,ebd948fb3d40938d,64,316,477,446,731,161,285,0.9
structured,6c1ba4c86e5212af,64,275,638,405,1006,363,601,0.789
structured,af7778149baf743c,64,281,663,405,1047,382,642,0.793
structured,8c7831da9879149e,64,243,623,348,960,380,612,0.795
structured,5c069c2ed731d6d3,64,285,655,413,1007,370,594,0.82
structured,c7ad958f898c9db3,64,291,592,417,983,301,566,0.77
structured,9097bb4cfcf069a5,64,277,590,384,917,313,533,0.772
structured,b422b71362978156,64,283,592,410,966,309,556,0.794
structured,026a1df0175f6b26,64,285,614,402,977,329,575,0.715
structured,4b10710949c5d452,64,235,481,335,757,246,422,0.809
structured,162e9dd43fb80d3c,64,239,438,336,728,199,392,0.739
structured,3afec1fab1d57a07,64,310,581,446,892,271,446,0.744
structured,cc709c07898ce08c,64,193,398,281,647,205,366,0.845
structured,b910d64a424b1271,64,243,487,349,778,244,429,0.8
structured,c7994d3ef85efde1,64,205,454,292,742,249,450,0.767
structured,3f29ae74d2da065b,64,243,629,347,967,386,620,0.694
structured,c42de9d6cffea659,64,199,406,285,653,207,368,0.794
structured,bc760992cbc2e8b2,64,281,682,410,1055,401,645,0.676
structured,0711e0b0570743e4,64,195,448,284,710,253,426,0.655
structured,62a08d8eba54c23c,64,244,567,353,885,323,532,0.911
structured,6d5022015b84c913,64,295,478,421,781,183,360,0.771
structured,f47ccf1fbdcd11c6,64,193,420,278,666,227,388,0.711
structured,22d6b504c6129d49,64,290,666,408,1008,376,600,0.858
structured,fb1813b981942d30,64,237,519,346,821,282,475,0.861
structured,0e8c20794dc786db,64,287,593,413,972,306,559,0.68
structured,5dba57a71e96d570,64,281,641,410,978,360,568,0.811
structured,ae1e5d5f37d54317,64,247,462,354,775,215,421,0.782
structured,b0ef0163dd6355c3,64,287,727,413,1127,440,714,0.785
structured,735e85e3b4f91bbe,64,241,533,351,877,292,526,0.788
structured,7905443104ad341a,64,195,469,284,715,274,431,0.755
structured,b5a7ab7e4d7251d2,64,237,460,331,716,223,385,1.356
structured,497e007ff946a52e,64,281,578,410,935,297,525,0.679
structured,37827e64fdbb5ec3,64,191,496,281,746,305,465,0.85
structured,9bfd3347491d809d,64,241,606,339,983,365,644,0.816
structured,afa5fd3c8af9dbff,64,283,573,409,936,290,527,0.693
structured,e5590aeac414db91,64,243,562,350,872,319,522,0.885
structured,82e9bae263d39e1a,64,191,279,269,441,88,172,0.71
structured,d18c72632d65782b,64,241,539,350,876,298,526,0.775
structured,a5b56ef285a9386f,64,287,686,416,1073,399,657,0.831
structured,c15f5cfbc58b29a4,64,286,697,413,1120,411,707,0.684
structured,3c170a1bcb24511f,64,279,566,397,917,287,520,0.671
structured,716e1a054007eb81,64,291,788,417,1185,497,768,0.698
structured,51cbc26afb2f90e5,64,281,623,400,1026,342,626,0.781
structured,b315f507c3fe0d1c,64,285,608,412,949,323,537,0.685
structured,e8e1f2f5512224f8,64,291,750,418,1147,459,729,0.724
structured,e0f8470668ccb38a,64,281,570,403,903,289,500,0.819
structured,9ef48ff5ca8bf553,64,287,495,415,828,208,413,0.798
structured,cdb3fe572c4ce9ee,64,237,485,347,785,248,438,0.713
structured,ea3b3082047af0bc,64,281,718,408,1081,437,673,0.734
structured,33aaa946be722334,64,235,617,345,955,382,610,0.795
structured,2c32df10bcc7360c,64,241,536,341,847,295,506,0.928
structured,cf39865f84e157c4,64,239,592,339,909,353,570,0.706
structured,40a7d25737ed8d4f,64,237,514,346,808,277,462,0.836
structured,3ac3dfdba8520ac5,64,285,660,414,1034,375,620,0.9
structured,4b3db2c045a380a0,64,239,568,347,871,329,524,0.806
structured,f58b857d6c217f29,64,193,380,281,627,187,346,1.572
structured,cc9dcb005f8c22f2,64,235,455,344,763,220,419,0.779
structured,8402eed2872bcb04,64,191,462,280,708,271,428,0.781
structured,654a12ea8e36bcf2,64,285,573,413,941,288,528,0.771
structured,221bef652c2d4af4,64,241,536,340,847,295,507,0.764
structured,aa31daeea993c2d2,64,291,687,421,1092,396,671,0.68
structured,ee0f26bad0fe6cfe,64,249,563,358,918,314,560,0.813
structured,96f95e0cecda21d1,64,237,521,341,843,284,502,0.731
structured,4f6c906741819a92,64,287,525,409,843,238,434,1.131
structured,0390afd5d36a8045,64,245,577,353,909,332,556,0.77
structured,3ee86aff89283057,64,237,584,348,873,347,525,0.737
structured,8120a88b1c0e75b9,64,237,632,332,967,395,635,0.92
structured,33f34809ae939083,64,354,643,510,1029,289,519,0.872
structured,a97948061e6e5c7c,64,275,710,399,1074,435,675,0.877
structured,63ed1bc55141fd8e,64,291,420,417,677,129,260,0.721
structured,63a94436021bf877,64,241,651,346,995,410,649,0.788
structured,5b39fdd6ae377532,64,281,607,407,982,326,575,0.703
structured,27ca95d038ee3863,64,281,590,405,939,309,534,0.786
structured,5b1049316c7db4bc,64,245,490,352,781,245,429,0.813
structured,63b979acc6dde534,64,229,346,327,563,117,236,0.767
structured,7cc9cd99cfa9dc8d,64,191,315,271,515,124,244,0.781
structured,fc00c1d879da8ef0,64,195,468,281,716,273,435,0.776
structured,7113ece359c05839,64,239,494,341,813,255,472,0.658
structured,ddf565c8bf35720c,64,239,481,337,783,242,446,0.821
structured,78ddaad5f369e378,64,277,613,408,967,336,559,0.822
structured,619502f58eae068c,64,289,550,422,912,261,490,0.748
structured,7f972f3c779055d4,64,241,644,349,985,403,636,0.775
structured,3427d96fe1c1a167,64,283,685,410,1084,402,674,0.808
structured,570e2b6e8e22a321,64,197,507,286,776,310,490,0.739
structured,8b00ab7272a219dc,64,289,621,417,967,332,550,0.817
structured,40a134921305f4da,64,193,467,273,707,274,434,1.462
structured,ca8358a02c6e8905,64,281,646,400,998,365,598,0.795
structured,1a577c40410ad544,64,277,601,404,976,324,572,0.667
structured,17d8d4da61f57885,64,281,639,395,1019,358,624,1.028
structured,cfbc4ae1b0576441,64,243,692,351,1039,449,688,0.675
structured,dcb7c8907ad96d66,64,241,568,351,894,327,543,0.778
structured,d1b499b394f94caf,64,217,497,314,779,280,465,0.804
structured,f08bba482b26b097,64,239,545,347,847,306,500,1.307
structured,4bbab8b1815acc30,64,285,626,403,964,341,561,0.678
structured,651e181b2f91b24b,64,283,678,413,1057,395,644,0.794
structured,971ddf0e47feccdd,64,289,689,420,1061,400,641,0.732
structured,090822fba6bda6de,64,153,395,222,618,242,396,0.838
structured,dbcbbeb933c051bb,64,279,674,402,1044,395,642,0.776
structured,92df375b93be6c7c,64,293,569,420,950,276,530,0.925
structured,5729992a9d4e7208,64,279,602,406,939,323,533,0.817
structured,c64f993b490a5285,64,283,726,414,1085,443,671,0.803
structured,26cd331c8c2eb18a,64,289,633,418,1010,344,592,0.755
structured,e0f834bc63a9cb8d,64,275,600,397,958,325,561,0.719
structured,e915d42e4602e6e7,64,197,575,284,882,378,598,0.88
structured,d8f55996d51d0cf9,64,241,662,351,992,421,641,0.772
structured,82cd8ac370aba578,64,241,615,346,949,374,603,0.824
structured,b077f0a2ee67eda4,64,243,539,352,880,296,528,0.873
structured,8608234c343d911d,64,239,590,344,932,351,588,0.824
structured,1e927a465f238cb1,64,225,595,322,895,370,573,0.83
structured,9366a69cbae0d004,64,191,470,277,734,279,457,0.707
structured,ff3577d23bdb2087,64,285,663,413,1035,378,622,0.684
structured,09a0cd7cfc98c199,64,245,539,350,848,294,498,0.757
structured,4e8c0a716374dd50,64,283,642,413,1021,359,608,0.688
structured,15c6c6c4760dee67,64,239,510,348,817,271,469,0.804
structured,4ae6f9b464c6c80f,64,243,517,350,850,274,500,0.853
structured,a3a53930657c1f46,64,281,511,395,855,230,460,0.899
structured,85350b7149cb45b1,64,281,605,407,935,324,528,0.868
structured,8e9eadeaab6791c6,64,231,490,326,782,259,456,0.93
structured,57cca860a228b36f,64,287,587,410,959,300,549,0.72
structured,fd8f400df8d106ff,64,293,599,420,990,306,570,0.751
structured,b06fa3d167cd46eb,64,199,482,286,783,283,497,0.672
structured,9d82e51e61250957,64,243,634,350,974,391,624,0.805
structured,94209ce7eb6d3657,64,237,635,335,935,398,600,0.725
structured,b596147b07145cdb,64,291,769,420,1166,478,746,0.822
structured,f28c93e1196656c6,64,279,494,402,837,215,435,0.781
structured,35cba4cdbf63beea,64,199,363,286,607,164,321,0.697
structured,b506c6d1af722266,64,295,575,422,949,280,527,0.679
structured,04f135358d9759fb,64,241,493,345,813,252,468,0.825
structured,a07ad1ade1df5da3,64,193,401,276,660,208,384,0.661
structured,33cec33360be48a9,64,281,617,411,964,336,553,0.771
structured,ce18eb60b4e5a1c7,64,241,485,347,809,244,462,1.309
structured,86a4ab192141236e,64,287,533,414,850,246,436,0.696
structured,4a3fedad9ff49295,64,195,523,283,785,328,502,0.777
structured,6f3713c01f67d22c,64,195,498,285,741,303,456,0.69
structured,1cb9e03fc202854c,64,283,757,410,1115,474,705,0.722
structured,b5e2a12eb66ff776,64,275,660,387,1027,385,640,0.683
structured,09428f4099ba18fa,64,277,663,386,1025,386,639,0.764
structured,fb90eaf829d169a7,64,283,639,402,1033,356,631,0.752
structured,0e74dd62de0ecdde,64,235,454,342,759,219,417,0.914
structured,78c5965406131927,64,283,573,413,933,290,520,0.826
structured,fc5cb3fa73f3e37f,64,289,427,416,701,138,285,1.0
structured,e50888f30c2cc6a8,64,239,442,348,730,203,382,0.956
structured,a3e8bb1131a1b1a1,64,195,476,283,754,281,471,0.761
structured,f29caef3d1efd26e,64,243,586,344,875,343,531,0.677
structured,4227809735bcf0dc,64,239,630,348,976,391,628,0.739
structured,bb9e47446a543cbc,64,239,618,344,956,379,612,0.752
structured,e44f6cc6b98d731f,64,285,649,415,1027,364,612,0.816
structured,387a273b1dbf0a86,64,281,613,407,981,332,574,0.789
structured,d97cd4481bc41e31,64,239,490,346,812,251,466,0.78
structured,8c38f03dc36dd267,64,231,544,329,827,313,498,0.808
structured,dad26ba501e4a95c,64,157,394,223,615,237,392,0.661
structured,ad5d221e5fb5adc5,64,293,613,423,1009,320,586,0.692
structured,20e84e809a7cb6d2,64,285,621,402,996,336,594,0.775
structured,32099c08fa43a74f,64,195,483,282,742,288,460,0.688
structured,38b15412e63dc0ff,64,203,562,291,839,359,548,0.676
structured,6b60115a5d287684,64,277,534,401,898,257,497,0.757
structured,cf07e14b851ecf9b,64,153,380,221,589,227,368,0.794
structured,74969c90ef5e4d37,64,287,573,418,930,286,512,0.782
structured,0d994f0a82fa932c,64,289,736,417,1112,447,695,0.932
structured,f6ca4af7b7a4ebcb,64,283,576,414,935,293,521,0.793
structured,2139d9f805b063b9,64,285,703,412,1099,418,687,0.799
structured,9051152a7b6176d4,64,239,540,338,858,301,520,0.786
structured,27de5fb84a41fcc9,64,199,382,286,621,183,335,0.709
structured,759a55bb1178aecb,64,237,537,340,869,300,529,0.861
structured,930d0aa97ad257b6,64,233,559,343,907,326,564,0.802
structured,10b44a8bdf380464,64,237,523,345,850,286,505,0.749
structured,a73ee12541fcb51f,64,241,617,350,947,376,597,0.684
structured,bce3a92967bf89e0,64,287,435,407,747,148,340,0.74
structured,2d9f9ccbd111bcf1,64,237,479,345,770,242,425,0.728
structured,2a37f5345df7cfd8,64,291,416,416,655,125,239,0.791
structured,c142af657416f825,64,237,532,344,837,295,493,0.697
structured,a75d598f6ca5762c,64,243,430,348,702,187,354,0.75
structured,6d56dea15eb2ab35,64,285,469,416,759,184,343,0.664
structured,4a6c8cf9315bbe81,64,195,467,284,767,272,483,0.794
structured,80d7f8b10a120e31,64,291,570,419,962,279,543,0.713
structured,b71a63d1502472e7,64,195,506,283,767,311,484,0.649
structured,2b389bb29c619b40,64,283,707,410,1115,424,705,1.558
structured,e7394b49e87b533f,64,372,763,544,1173,391,629,0.974
structured,305fe3ef240b6d52,64,191,421,277,693,230,416,0.66
structured,4c7942bc666e200f,64,239,454,334,696,215,362,0.8
structured,00d4b7900b47c7d9,64,279,633,407,1000,354,593,0.783
structured,264f6ef6dde50de0,64,285,635,406,1016,350,610,0.82
structured,b02da603dab660a4,64,205,350,292,518,145,226,0.714
structured,7090f24669c33db9,64,285,519,408,829,234,421,0.812
structured,63ebf1b3422b802b,64,291,615,418,993,324,575,0.813
structured,c1ba319dddfcd683,64,235,473,340,764,238,424,1.311
structured,965969c9bfaf4d59,64,247,494,353,790,247,437,0.783
structured,deb1f7923ca35608,64,195,483,284,735,288,451,0.862
structured,050b6ba006c0b813,64,285,635,414,1045,350,631,0.75
structured,c01a87c302168d21,64,235,474,342,791,239,449,0.717
structured,45f426aa0e259e6e,64,283,519,413,828,236,415,0.678
structured,5fa06ebea6f73610,64,237,567,346,911,330,565,0.705
structured,cd72413bf83a5d80,64,233,526,332,832,293,500,0.668
structured,a6c64d50a1ba139b,64,287,739,414,1160,452,746,0.71
structured,a0dd0d79fabe7e35,64,283,560,402,936,277,534,0.707
structured,e557a675872df649,64,239,513,348,842,274,494,0.784
structured,1400d5fe32afdee6,64,287,641,418,1061,354,643,0.763
structured,7c75dece74054bba,64,159,310,225,517,151,292,0.758
structured,10c447c1501791ee,64,239,576,346,898,337,552,0.761
structured,06c533255b989d2c,64,193,466,278,753,273,475,0.897
structured,bbe39be760ef0458,64,237,342,334,553,105,219,0.681
structured,a365bf4767981b2b,64,235,516,342,839,281,497,0.686
structured,48f3df868725bcd0,64,203,475,290,769,272,479,0.733
structured,8f0576541617f20c,64,283,544,407,880,261,473,0.695
structured,0a10b8b09f5ce550,64,293,547,421,901,254,480,0.681
structured,93a724795f7d8a40,64,195,493,284,753,298,469,0.814
structured,4ee970bb8a70b345,64,283,677,410,1076,394,666,0.711
structured,d1ae2903d2ea271e,64,239,510,342,809,271,467,0.753
structured,d6eef96e584e5684,64,249,615,357,963,366,606,0.719
structured,38ef0b5197042693,64,193,480,282,725,287,443,0.859
structured,d62c977e1d96b9e6,64,235,471,344,747,236,403,0.691
structured,38c93b4ab4d7a0c1,64,195,368,274,557,173,283,0.77
structured,670a01f25adf1749,64,241,544,346,867,303,521,0.775
structured,6294db7f607fbb52,64,243,679,353,1005,436,652,0.794
structured,977c87a8d4f2376c,64,281,614,409,953,333,544,0.687
structured,e9984fa89e31ce7c,64,245,286,352,425,41,73,0.812
structured,5e2bc39662ec4502,64,294,518,422,859,224,437,0.78
structured,b4e04aa670932b97,64,287,642,415,1009,355,594,0.843
structured,4aec689e20095b56,64,247,558,351,891,311,540,0.741
structured,6ee6d9daf7eba5ab,64,237,621,335,954,384,619,0.855
structured,fdcafc85c538b321,64,235,434,334,663,199,329,0.669
structured,29b1bd3f862e25b9,64,243,310,343,470,67,127,0.78
structured,b7c67c2945dcbf77,64,201,541,289,827,340,538,0.67
structured,ec9c947bc5f7a028,64,235,564,346,857,329,511,0.728
structured,d1447af26bd94207,64,279,611,408,957,332,549,0.825
structured,eb5d44d051c0b18f,64,241,486,344,799,245,455,0.66
structured,87b582a1386af60f,64,201,553,291,823,352,532,1.577
structured,288068804b9a96eb,64,199,480,288,739,281,451,0.888
structured,8e9480398393d0cb,64,197,374,282,605,177,323,0.834
structured,ea8b32d20fbaa433,64,199,456,288,735,257,447,0.795
structured,7664a7d66761ccdf,64,289,494,416,821,205,405,0.771
structured,c333015d77a9154d,64,273,565,406,897,292,491,0.741
structured,20204e9b84c79f83,64,281,583,393,963,302,570,0.756
structured,d83147f08c50d0ef,64,197,476,286,736,279,450,0.656
structured,0830dda331344fa3,64,287,665,414,1042,378,628,0.872
structured,ea32841be7cce543,64,239,557,342,877,318,535,1.3
structured,1e29c6704f2c6e38,64,279,613,405,992,334,587,0.756
structured,3e85f588d1db26e2,64,201,430,290,699,229,409,0.976
structured,c69093ddc3044e4a,64,155,421,223,652,266,429,0.663
structured,63113909b4f82b86,64,247,446,355,665,199,310,0.778
structured,753309b4aa76c0e9,64,289,647,417,1051,358,634,0.811
structured,6c9e59f5ac735cab,64,243,524,349,865,281,516,0.778
structured,10c6f9e89572a9cd,64,195,502,279,786,307,507,0.703
structured,495e55d35551cff3,64,199,490,285,777,291,492,0.773
structured,b70f532d3bb3eb92,64,241,531,347,833,290,486,0.837
structured,b96bfb96ed7c33eb,64,291,503,419,800,212,381,0.686
structured,5569a5744b12f5ad,64,241,594,348,910,353,562,0.683
structured,5ed9d41502adabe3,64,275,581,400,958,306,558,0.814
structured,0ecf741e9e7e2589,64,289,777,418,1167,488,749,0.777
structured,dd89fc6c6e3bdfe7,64,239,475,341,790,236,449,0.898
structured,3dea04d0b7ae7153,64,283,743,409,1142,460,733,0.878
structured,3efcf859ef1d5635,64,237,585,345,927,348,582,0.842
structured,e829c00c66e6eadf,64,283,592,412,965,309,553,0.835
structured,420699c4fdbf99e6,64,281,623,406,952,342,546,0.74
structured,a20134d453487de5,64,175,407,256,614,232,358,0.785
structured,92811f5c38724b82,64,239,506,346,825,267,479,0.774
structured,37fb7afa7b7e6563,64,289,637,418,1024,348,606,0.719
structured,d65d17007b603aa4,64,199,495,287,780,296,493,0.877
structured,dc3ac72fe3797682,64,235,525,336,831,290,495,1.598
structured,e4d301ddf9168a70,64,239,634,332,982,395,650,0.809
structured,d1957454ae92ea77,64,247,519,354,854,272,500,0.804
structured,8db7b52cc6a55541,64,197,425,285,689,228,404,0.672
structured,4c677eb2b03f37bf,64,197,490,284,768,293,484,0.765
structured,5f890f360974c4dd,64,235,509,334,791,274,457,0.84
structured,68f156d322033cc9,64,237,597,345,922,360,577,0.715
structured,0ef63dc66a948394,64,199,554,289,826,355,537,0.789
structured,fb1a5ae0e70ae51c,64,235,548,337,868,313,531,0.795
structured,ec66d99f4d7ced39,64,197,507,284,771,310,487,0.708
structured,0e009c5fa6cfa33b,64,201,402,286,635,201,349,0.688
structured,2e358908a9681635,64,279,707,409,1042,428,633,0.821
structured,4f47c93e09ac18c1,64,241,666,350,1012,425,662,0.71
structured,df8f6d3bb9c2a33c,64,283,543,410,894,260,484,0.824
structured,8842e07ba281dbec,64,239,582,349,937,343,588,0.715
structured,5a8903811a593f9d,64,287,689,413,1057,402,644,0.684
structured,3c05816eb35d95f6,64,247,468,357,715,221,358,0.675
structured,60d26ee564d9b548,64,289,399,414,677,110,263,0.758
structured,9bb7ed2390e7b3f4,64,275,655,400,1013,380,613,0.822
structured,072049a5c69f3cf2,64,283,605,409,959,322,550,0.734
structured,111ffaeec90eeb5c,64,283,612,413,944,329,531,0.806
structured,67559435a0bfb79b,64,250,572,358,909,322,551,0.671
structured,9ffbe98b6e109306,64,283,574,408,915,291,507,0.803
structured,ba360d6b7e0431c8,64,277,525,398,868,248,470,0.838
structured,d5e5e4b048b16374,64,151,344,220,560,193,340,0.844
structured,5d77d249e65338e3,64,279,475,407,805,196,398,0.747
structured,4c533c7886f6fc43,64,239,582,342,911,343,569,0.754
structured,901755e90ae66b4c,64,283,569,408,923,286,515,0.68
structured,23189f0f187aefd0,64,291,724,418,1123,433,705,0.835
structured,1eaa7347d47bbd37,64,281,624,406,1019,343,613,0.817
structured,3a233c02e1243c94,64,239,544,348,825,305,477,0.805
structured,3451a4484f242bf3,64,293,551,419,891,258,472,0.776
structured,1679e442e6040f4e,64,205,538,292,835,333,543,0.686
structured,6f00ba64ab3d69fd,64,236,543,332,853,307,521,0.817
structured,660637ffbe78aafa,64,239,620,346,937,381,591,0.818
structured,bc83bcf0425c437e,64,283,520,410,822,237,412,0.793
structured,8d94bcba77820bd0,64,241,559,349,896,318,547,0.743
structured,847c75da22f74c1f,64,195,469,280,726,274,446,0.747
structured,67ff4b9b60067e28,64,249,526,355,860,277,505,0.679
structured,028b460225bee357,64,235,637,340,963,402,623,0.794
structured,1f8fb04aad2e7c5b,64,241,609,349,927,368,578,0.682
structured,bf6e78ea9b59e282,64,237,524,343,838,287,495,0.825
structured,950563513d3baff2,64,243,614,353,937,371,584,0.839
structured,aa2740f52b48d9cb,64,193,522,278,785,329,507,0.68
structured,c85f29898dfeb9e8,64,283,657,412,1026,374,614,0.692
structured,5f8b1b50550b6c8d,64,237,534,337,849,297,512,0.828
structured,d08cf3c8bc75a87b,64,291,563,413,912,272,499,0.971
structured,e77251acfe30cb8d,64,193,475,274,742,282,468,0.671
structured,05c3e3a9ae05cc03,64,235,451,334,681,216,347,0.953
structured,bfddd0a6f6272c92,64,279,542,410,857,263,447,0.757
structured,5040bed5526ac864,64,285,476,410,773,191,363,0.821
structured,3cc4cbf2b7411a81,64,275,474,391,766,199,375,0.753
structured,d5594c41157f498a,64,283,498,407,763,215,356,0.777
structured,9856ed8ee901b34a,64,239,536,347,834,297,487,0.682
structured,8780f703d6e0cd0f,64,241,563,351,901,322,550,0.817
structured,31707cbb3e53b558,64,197,456,284,715,259,431,0.711
structured,dc4abd7f8590ff0a,64,195,446,282,698,251,416,0.671
structured,339c38214f63ee31,64,245,591,355,942,346,587,0.807
structured,003599f64de664d9,64,298,782,430,1205,484,775,0.784
structured,de94293e977a196f,64,237,484,347,795,247,448,0.798
structured,70405853cf6a38cf,64,237,491,344,770,254,426,0.784
structured,893606d1b9a98f1a,64,191,416,279,662,225,383,0.725
structured,dd2a6dc9b3c75830,64,243,391,349,599,148,250,0.812
structured,c88a8a13692784d7,64,283,586,408,921,303,513,0.816
structured,75cb47f7b6c2363a,64,237,605,346,945,368,599,1.492
structured,8c2ea1324e63a040,64,237,516,344,841,279,497,0.816
structured,1989a6a42d8f21af,64,237,479,347,773,242,426,0.792
structured,5ab9637738ce9747,64,197,492,287,798,295,511,0.735
structured,c8c66ccb7baa74af,64,289,680,420,1075,391,655,0.709
structured,ca01129c3d8bb8ba,64,287,664,415,1003,377,588,0.756
structured,05f26523bd781d93,64,195,445,282,691,250,409,0.733
structured,fdf50c10e829ba8a,64,237,530,341,848,293,507,0.746
structured,29684f0dc6d78cfa,64,289,561,413,927,272,514,0.694
structured,0de6d9d89c1b70c6,64,277,509,406,848,232,442,0.767
structured,132e50a942512b61,64,290,761,418,1163,471,745,0.803
structured,0b2cb410f87da018,64,237,501,343,807,264,464,0.807
structured,a07c4a42b5565de4,64,283,677,407,1047,394,640,0.885
structured,1fba45790344fb38,64,245,571,353,888,326,535,0.794
structured,11c5f3d88c09e4ad,64,197,410,284,674,213,390,0.779
structured,c4d074131f546323,64,199,499,284,749,300,465,0.668
structured,8ed7af1b0315f3a8,64,285,649,407,1037,364,630,0.753
structured,3bd1cb1c6314cd40,64,193,431,280,675,238,395,0.889
structured,2384a00e0cb17eda,64,279,674,406,1002,395,596,0.771
structured,081a03934ebac378,64,275,487,399,816,212,417,0.808
structured,65c8546b40455e61,64,239,557,346,867,318,521,0.795
structured,b7ecb8245f7f8ec4,64,281,588,408,933,307,525,0.77
structured,959af16c1d69dba7,64,245,467,352,753,222,401,0.68
structured,728828916e591636,64,287,733,413,1113,446,700,0.706
structured,50da26886df8009c,64,281,707,411,1062,426,651,0.742
structured,139b74637b44774a,64,237,605,350,916,368,566,0.662
structured,bfbd09933f9e2412,64,197,521,286,800,324,514,0.804
structured,2e492c2c4775cd70,64,283,701,412,1105,418,693,0.818
structured,34ed626e91393258,64,277,554,395,829,277,434,0.824
structured,ec5a1fcc5165a7a4,64,293,486,419,819,193,400,0.808
structured,f8aa0e53ff8f1155,64,237,546,346,855,309,509,0.812
structured,17d6e2981f6c46f2,64,291,698,418,1079,407,661,0.735
structured,6a9cc72755447329,64,245,575,351,875,330,524,0.694
structured,fb3e17edc1f656f9,64,279,702,399,1094,423,695,0.686
structured,73eda376c494c9c6,64,285,467,412,738,182,326,0.806
structured,802ad8854d25eea8,64,289,751,414,1152,462,738,0.852
structured,5e228988a28a216a,64,189,423,267,689,234,422,0.809
structured,a7d708600cb69a95,64,241,540,347,847,299,500,0.749
structured,0366943c38030eef,64,281,543,401,875,262,474,0.762
structured,c571fef4faf8d302,64,277,595,402,924,318,522,0.812
structured,6b09a10b8a855cf2,64,287,748,416,1189,461,773,0.779
structured,860e6d53822ea5fd,64,153,395,222,618,242,396,0.804
structured,0e5aa4a22fa189df,64,241,622,348,939,381,591,0.746
structured,607b3bdf6e468525,64,235,515,342,805,280,463,0.771
structured,cd5d400f30c69f63,64,239,446,348,749,207,401,0.706
structured,eb65793bc85c8e02,64,241,547,345,851,306,506,0.697
structured,40926a46d3d1691e,64,285,581,409,935,296,526,0.813
structured,d1bbda2aeb472e3a,64,197,500,286,778,303,492,1.111
structured,8f203e049d3557f2,64,245,483,350,773,238,423,0.684
structured,cf2d55d280ebd461,64,201,530,290,811,329,521,0.883
structured,4addaba07113d79b,64,287,589,411,975,302,564,0.826
structured,c493006f724036ef,64,239,582,348,892,343,544,0.789
structured,758c474fea6d0a91,64,237,470,340,764,233,424,0.81
structured,63a6cfea4fc2b967,64,199,434,284,678,235,394,0.701
structured,c0217b5534829291,64,285,621,414,970,336,556,1.284
structured,7e8f396d3982a6cc,64,281,581,410,951,300,541,0.775
structured,4fc6da0d0beae38c,64,287,633,405,997,346,592,0.762
structured,18b5ad24ddc77e9f,64,227,552,326,857,325,531,0.76
structured,edc116e5385615a9,64,193,293,271,465,100,194,0.747
structured,6caeebfcd671785b,64,279,633,399,990,354,591,0.799
structured,9194e745f37287b3,64,241,553,347,859,312,512,0.999
structured,aecea1229e687206,64,281,667,409,1055,386,646,0.782
structured,af73a2386436da85,64,290,576,407,889,286,482,0.821
structured,9e6519ebe8dd1ef0,64,281,617,401,958,336,557,0.85
structured,1ec95ed886e0de9f,64,239,647,344,979,408,635,0.772
structured,99fa92ec4cc2edfd,64,285,619,414,987,334,573,0.766
structured,c3890ec9deb8738a,64,285,678,410,1050,393,640,0.687
structured,c6d7c9debefd2c8d,64,243,538,341,876,295,535,0.79
structured,b61658a4246b3fa7,64,204,541,297,827,337,530,0.688
structured,bb7ceb45bbcac2cd,64,283,693,409,1086,410,677,0.776
structured,6f85f8c5aff74c15,64,294,647,423,1037,353,614,0.811
structured,8c330c9eba4c2936,64,289,621,413,993,332,580,1.173
structured,f7c3c26bccdb4193,64,295,732,423,1128,437,705,0.766
structured,19992a78a3d240aa,64,237,487,345,798,250,453,0.681
structured,cbffc0315e3df858,64,239,543,346,854,304,508,0.81
structured,365469a91aa7bcec,64,247,392,352,623,145,271,0.721
structured,8854160c50169380,64,199,469,287,732,270,445,0.847
structured,21d3c0320cc562ca,64,195,449,284,710,254,426,0.692
structured,bcea518cb7f96d43,64,241,593,349,928,352,579,1.204
structured,d1b1fa011d615f33,64,151,422,219,630,271,411,1.154
structured,89ecd775ac670418,64,281,673,410,1028,392,618,0.817
structured,6ad132aacef714a7,64,248,598,360,909,350,549,0.804
structured,d3c26bd5efbb52ed,64,285,596,415,959,311,544,0.85
structured,5a9b67aa07bce125,64,291,599,419,973,308,554,0.723
structured,03c38f1913f40372,64,201,396,286,653,195,367,0.872
structured,063f7eb3abe03f29,64,279,594,402,960,315,558,0.768
structured,4147e6d65e35f375,64,239,565,349,898,326,549,0.768
structured,930f52344af3d750,64,289,358,411,608,69,197,0.81
structured,c61c2be3f9b3f321,64,283,561,399,897,278,498,0.842
structured,4b9e82bf54263ba1,64,287,521,411,873,234,462,0.889
structured,726d126df31fb34a,64,235,525,338,853,290,515,0.789
structured,96ef2c949a090ef8,64,239,519,347,860,280,513,0.717
structured,20bce47df6d3050a,64,279,727,406,1091,448,685,0.761
structured,6c19e7fdd8a56e4b,64,295,585,421,898,290,477,0.774
structured,923602746e4c20fd,64,249,466,354,747,217,393,0.786
structured,b4130f4ee7130c95,64,239,566,340,882,327,542,0.728
structured,f0152c8988dec0d7,64,237,493,341,799,256,458,0.699
structured,a246a37aea600297,64,237,603,343,916,366,573,0.658
structured,dc59e4e90d1282b5,64,245,458,351,699,213,348,0.747
structured,1645a427b4d6d708,64,199,538,288,835,339,547,0.732
structured,ff9d37d98a9f5370,64,243,517,348,867,274,519,0.797
structured,0d85aaa57bab1fb6,64,233,326,329,561,93,232,0.851
structured,85a89c136cf97d6d,64,193,397,282,646,204,364,1.315
structured,29664a1d89699bd5,64,283,740,412,1150,457,738,0.742
structured,d4e12b9e2ecdf42c,64,281,641,408,1026,360,618,0.76
structured,bfb4cb1de15ae15a,64,289,596,412,988,307,576,0.679
structured,04d766df559ebd8c,64,285,644,416,1004,359,588,0.763
structured,fbbccd634e16f707,64,279,549,409,910,270,501,0.823
structured,e77f35208d4342d4,64,193,389,282,649,196,367,0.712
structured,4088550c54300d34,64,237,589,343,910,352,567,0.9
structured,207b92e1fca37ead,64,241,484,348,792,243,444,0.792
structured,fadcf018455d138b,64,239,634,345,990,395,645,0.753
structured,acdb683afa3160d0,64,201,573,287,875,372,588,0.676
structured,f927b53eea222ab0,64,283,665,409,1049,382,640,0.793
structured,9a964be12151dad8,64,237,617,340,1005,380,665,0.912
structured,6f5557d9349e79b8,64,247,578,353,895,331,542,0.872
structured,053237ed32ad5452,64,245,612,353,933,367,580,0.835
structured,9dcf6c56665add87,64,243,522,349,821,279,472,0.809
structured,afdefb49f84e8ab3,64,289,771,421,1163,482,742,0.691
structured,8ad11f470eec380c,64,243,487,352,803,244,451,0.944
structured,cf687f4adec65b02,64,279,567,388,883,288,495,0.714
structured,496793cf64ec7b9f,64,195,452,283,699,257,416,0.772
structured,dfa4c2e7bf7414a7,64,239,482,348,791,243,443,0.871
structured,a7a07f739554c598,64,251,382,358,599,131,241,0.669
structured,0afcbc39f456bd4e,64,237,545,345,843,308,498,0.815
structured,5e811226b8bc551f,64,297,774,425,1169,477,744,0.811
structured,2a28a8d04832b4cc,64,199,488,287,750,289,463,0.709
structured,a74a63f8b13c7506,64,239,561,347,855,322,508,0.769
structured,1251bb2cd353b51b,64,237,504,343,800,267,457,0.675
structured,e0379b96c4ca66e9,64,285,558,410,905,273,495,0.764
structured,300b55ba885aa1ed,64,241,575,349,888,334,539,0.725
structured,6188b7bbfb226e28,64,193,413,281,645,220,364,0.776
structured,7447913614ef5f42,64,237,508,343,810,271,467,0.797
structured,e750200d23117d10,64,281,575,406,938,294,532,0.821
structured,9c070b860f78a150,64,244,589,353,908,345,555,0.771
structured,c768b3ad58dd2a0e,64,285,624,410,972,339,562,1.392
structured,7a2a6a4dfe727d80,64,249,482,351,803,233,452,0.787
structured,54da4be651f6a3c6,64,287,504,411,843,217,432,0.745
structured,7b2d25ce2465c800,64,285,743,412,1126,458,714,0.693
structured,e43bcdfed92d8afc,64,197,423,283,695,226,412,1.381
structured,9e4fd457390d174e,64,233,492,333,793,259,460,0.779
structured,950ed8b756ba9c66,64,281,712,406,1047,431,641,0.799
structured,3b031360382d6d3d,64,281,672,412,1056,391,644,0.832
structured,23f67adfc5290e75,64,245,541,352,891,296,539,0.917
structured,6e381614e85bbe0b,64,281,570,405,911,289,506,0.698
structured,0f1055a36e0a09c4,64,191,468,281,706,277,425,0.727
structured,4cebac249da898b3,64,279,633,407,977,354,570,0.675
structured,0f571c5142a78943,64,249,571,355,908,322,553,0.801
structured,1b932069e8737e94,64,289,485,412,786,196,374,1.435
structured,0864b305a57a0782,64,279,605,404,965,326,561,0.931
structured,d9506d692e4e41c9,64,237,425,345,656,188,311,0.804
structured,ae624ce3c2f35312,64,247,370,354,600,123,246,0.739
structured,513705627e84294e,64,235,592,346,927,357,581,0.736
structured,7eddaecf3bb1e204,64,245,622,354,949,377,595,0.729
structured,6617f6acb7ca25f6,64,197,452,280,694,255,414,0.694
structured,e81c228dd3001cb0,64,295,784,422,1185,489,763,0.798
structured,f02097730f70547a,64,273,579,403,932,306,529,0.845
structured,fa8ef23f2d49c2f7,64,207,422,292,701,215,409,0.801
structured,e3d42e0f0bf23281,64,277,512,405,872,235,467,0.8
structured,caa368aa0587eede,64,241,486,347,790,245,443,0.763
structured,dd2e992204b4a6cf,64,283,637,410,1016,354,606,0.707
structured,0415c62e61c3b728,64,283,595,406,970,312,564,0.813
structured,afbc40b8410ad4ad,64,281,737,410,1131,456,721,0.684
structured,2553b317177c60bf,64,287,648,413,1053,361,640,0.863
structured,31006c57aca52d61,64,292,646,422,1010,354,588,0.807
structured,bfa4d7c6e559b8d6,64,202,481,290,747,279,457,0.788
structured,3f44aca903867ca7,64,286,674,407,1024,388,617,0.682
structured,780b8aaf1580003b,64,151,294,217,491,143,274,0.802
structured,b00308c957797085,64,195,493,275,743,298,468,0.699
structured,cc52c78ac94f7647,64,283,523,413,878,240,465,0.802
structured,2ca5344f2c8cd79e,64,249,570,360,939,321,579,0.683
structured,94b78b31f1653922,64,285,538,415,860,253,445,0.709
structured,c014353e4c7f9198,64,279,581,408,918,302,510,0.746
structured,fbfadeff3d5b9170,64,297,583,427,871,286,444,0.835
structured,77c4d715ce4c2ab5,64,237,586,346,904,349,558,0.808
structured,6cac4e4ea8aaa7a5,64,279,631,407,994,352,587,0.708
structured,14d582e28a50d728,64,237,592,344,894,355,550,0.803
structured,e040f9344f4a11c4,64,199,300,286,473,101,187,1.291
structured,31bd508f9c355ad3,64,193,422,279,689,229,410,0.748
structured,5228ed275ae17609,64,201,418,289,687,217,398,0.72
structured,275f11d409840401,64,283,733,412,1151,450,739,0.726
structured,fd4fd4529b8cfb71,64,281,705,412,1057,424,645,0.8
structured,ae408753609271ec,64,245,461,355,703,216,348,0.749
structured,ffd730cb4f89e0ef,64,285,610,412,987,325,575,0.841
structured,1b9e476b56792e86,64,233,452,334,743,219,409,0.874
structured,d05e323b0861456a,64,199,497,285,747,298,462,0.667
structured,957f56f40a9e866d,64,155,403,221,613,248,392,0.796
structured,948167c9992e2c4c,64,248,503,356,808,255,452,0.856
structured,bf3263410691adfd,64,241,642,351,968,401,617,0.816
structured,5d2110505647029a,64,241,459,340,712,218,372,0.806
structured,af51ae2e3de3029d,64,239,524,350,840,285,490,0.684
structured,c006e3994267fda5,64,241,446,349,753,205,404,0.697
structured,44195f003da0e191,64,191,435,278,676,244,398,0.812
structured,b0a63409b1c00d27,64,239,447,348,744,208,396,0.795
structured,91b2372e9186c40b,64,283,687,411,1079,404,668,0.81
structured,31bdd9de059427e5,64,197,478,283,771,281,488,0.909
structured,396e8e7e24478323,64,239,521,342,848,282,506,0.686
structured,16955a4bbb7245e2,64,193,464,274,704,271,430,0.761
structured,cb562a36ff97775e,64,237,532,345,821,295,476,0.771
structured,4d4d943b9d8519c9,64,237,497,342,802,260,460,0.813
structured,53dc2eb1c6e08e80,64,291,757,420,1161,466,741,0.813
structured,c0af3e915081e409,64,291,790,419,1177,499,758,0.73
structured,5a01fc65e0c7ea5a,64,237,570,344,861,333,517,0.785
structured,679bed6029bc35e9,64,241,584,348,916,343,568,0.834
structured,8b14725cf04846bd,64,193,422,282,659,229,377,0.771
structured,9dd35ad2d798fc55,64,287,578,408,891,291,483,0.849
structured,3c1f2ff07343c94e,64,281,611,410,974,330,564,0.817
structured,305ff9972c73a959,64,241,515,350,843,274,493,0.817
structured,b66f928606382de0,64,281,524,410,846,243,436,0.771
structured,572ddc7e338af4f7,64,295,603,427,921,308,494,0.718
structured,194c31a09a6db868,64,291,639,420,1016,348,596,1.085
structured,896e39915d73829d,64,283,539,412,883,256,471,0.71
structured,0aebbf787914a7fc,64,289,667,413,1023,378,610,0.945
structured,239306d806af45a4,64,193,523,280,814,330,534,0.676
structured,13d8e354125065db,64,243,498,348,827,255,479,0.801
structured,5fd7b0a01c29b462,64,275,555,392,901,280,509,0.718
structured,3f7674e8de1bf5de,64,284,608,411,999,324,588,0.809
structured,7993d76859024f4c,64,237,566,343,883,329,540,1.413
structured,1b780c444b9404de,64,241,627,349,968,386,619,0.835
structured,57636fbfe3ae84cc,64,243,594,348,920,351,572,0.788
structured,2c03e71f4c663d3a,64,233,519,340,813,286,473,0.666
structured,152bbd2edb4f6282,64,283,527,407,866,244,459,0.817
structured,7fc370640027553b,64,291,513,417,782,222,365,0.755
structured,87b54930782d4e5c,64,243,446,342,671,203,329,0.656
structured,fff668068030dd69,64,239,485,348,781,246,433,0.739
structured,4423ea922082fb5e,64,241,633,346,968,392,622,0.818
structured,8c459251981d149e,64,281,502,399,774,221,375,0.738
structured,937c3b0f61717962,64,279,586,409,918,307,509,0.775
structured,38f35682ec5f830f,64,193,454,279,721,261,442,0.777
structured,e5bcd6b4fe80b834,64,153,421,221,643,268,422,0.717
structured,5452920bb7dcf7b4,64,241,551,344,889,310,545,0.795
structured,fec240e06970ccf4,64,281,603,402,986,322,584,0.828
structured,cca1a16105c2b215,64,235,600,341,939,365,598,0.663
structured,663c707437162c86,64,279,502,406,830,223,424,0.765
structured,2fc6785a6440d73e,64,290,492,420,783,202,363,0.694
structured,52d61bdc75dd88cf,64,279,606,404,943,327,539,0.762
structured,59b983527536c6c7,64,197,443,285,699,246,414,0.759
structured,a0ef4657341bf4c8,64,193,406,281,675,213,394,0.67
structured,b9d49e984ae460db,64,281,625,398,951,344,553,0.786
structured,0018894e3cf763a6,64,241,584,347,894,343,547,0.953
structured,f59e5a782fd46c32,64,256,519,364,857,263,493,0.749
structured,96e63b5887d0ac52,64,195,475,279,731,280,452,0.755
structured,a22419201d24e827,64,245,535,353,868,290,515,0.696
structured,e03318996aa96aa7,64,277,532,401,847,255,446,0.824
structured,0471734adb21f41b,64,283,700,416,1089,417,673,0.834
structured,37a7d7af117fca72,64,249,407,356,649,158,293,0.704
structured,e3a80f582ce32736,64,277,398,405,662,121,257,1.503
structured,24010e739a5a13d7,64,235,609,343,937,374,594,0.68
structured,0fa4adc6196d957b,64,195,392,278,643,197,365,0.676
structured,89b66e9295ab72ce,64,217,505,301,781,288,480,0.761
structured,90b3dc7aa7b7e797,64,289,699,418,1123,410,705,0.871
structured,1dea3eca3f7ecc4a,64,201,477,290,751,276,461,0.681
structured,d2a1192968fcbf40,64,283,742,411,1153,459,742,0.827
structured,5714b660fc7e2fb3,64,243,664,353,1021,421,668,1.21
structured,fc19beabb15c4ca9,64,199,419,285,667,220,382,0.682
structured,c917a04d606557fa,64,231,479,331,689,248,358,0.906
structured,becb3ef925b93d92,64,283,582,408,939,299,531,0.693
structured,d1b842febfa9fa68,64,285,596,410,936,311,526,0.763
structured,f811045353d472c5,64,245,665,352,1026,420,674,0.756
structured,5d92eed851f5cec9,64,243,681,345,1023,438,678,0.753
structured,617cb969e2942cc0,64,239,629,345,983,390,638,0.813
structured,c5cac4fe3db69df3,64,203,534,293,824,331,531,0.694
structured,17e6a7e4c4e12b2d,64,281,635,411,988,354,577,0.715
structured,9c4c6197e34d0d79,64,245,620,354,955,375,601,0.79
structured,e64072bbd7a8e90f,64,195,514,284,763,319,479,0.675
structured,56a307104936e72f,64,177,368,252,606,191,354,0.68
structured,ba3000c3131d1b0e,64,249,491,358,815,242,457,0.802
structured,41eed1130e777cde,64,235,512,340,820,277,480,0.782
structured,dc57931c20a931c8,64,237,523,338,837,286,499,0.742
structured,aa19f3627fc69acc,64,195,415,281,661,220,380,0.783
structured,5ebd2d110738885b,64,285,455,403,760,170,357,0.841
structured,c7d8ae212b33c3ef,64,279,589,408,964,310,556,0.796
structured,3336a44e0c849127,64,193,438,282,693,245,411,0.683
structured,aa5462e64620d178,64,197,512,284,779,315,495,0.748
structured,afdfbe58ad0d2727,64,237,660,338,981,423,643,0.843
structured,2a70e751b0a68475,64,287,721,418,1134,434,716,0.693
structured,671423f485cd04d1,64,235,416,337,698,181,361,0.736
structured,40881cff6e7f876f,64,193,414,281,661,221,380,0.673
structured,6e1ccf4af0b8174c,64,199,389,285,644,190,359,0.662
structured,87d35fe2a79d0c52,64,285,553,408,897,268,489,1.074
structured,46b8b0fd05fd9971,64,239,626,348,963,387,615,0.671
structured,bdc59bdbeea23876,64,197,474,286,728,277,442,0.714
structured,1e13efb78380372e,64,239,576,348,897,337,549,0.671
structured,0672d8480e100d2e,64,197,363,280,607,166,327,0.699
structured,e12af2e6e9d4d6ea,64,199,381,287,560,182,273,0.669
structured,8425ea8519bdb123,64,285,633,412,997,348,585,0.821
structured,c76cb7aad8c0dbdb,64,151,230,209,357,79,148,0.919
structured,4464a642a7920b04,64,281,721,396,1061,440,665,0.762
structured,e66c59d4dc704a3e,64,285,647,413,1027,362,614,0.99
structured,2485d8a0cc3773fd,64,279,683,398,1051,404,653,0.822
structured,26c76ea43f12bb8a,64,239,543,349,831,304,482,0.788
structured,7b0ef75586915986,64,287,738,417,1144,451,727,0.748
structured,dcb1838e55dceee9,64,285,674,414,1026,389,612,0.836
structured,e7fd25bc416b0ca5,64,291,695,421,1073,404,652,0.807
structured,628e2b24d5045ffd,64,241,434,338,724,193,386,0.7
structured,18165700e3631041,64,193,390,274,646,197,372,0.779
structured,320db4e2c9d51446,64,241,598,352,933,357,581,0.696
structured,4cf50d1669c93092,64,195,506,283,770,311,487,0.712
structured,e4846ab42df20b80,64,199,465,286,719,266,433,0.706
structured,fe9aceebf3a21c8e,64,283,699,410,1042,416,632,0.755
structured,d316427af77772d4,64,285,484,410,825,199,415,0.838
structured,9a6d34a5520549dc,64,279,612,399,950,333,551,0.814
structured,179041219b2fa33a,64,247,382,355,626,135,271,0.735
structured,b8545db1fcf8d8fa,64,285,553,412,908,268,496,0.833
structured,7e52ad5061a80966,64,283,419,406,697,136,291,0.695
structured,0365f52da456ee87,64,235,510,339,819,275,480,0.785
structured,6928256cc39d980e,64,151,344,220,560,193,340,0.662
structured,f12810caf0998853,64,283,749,411,1117,466,706,0.836
structured,a98fad4cf063f6bf,64,243,596,353,909,353,556,0.737
structured,9be054117ed8e14f,64,281,648,404,1040,367,636,0.854
structured,d44953c1e1fd5b5b,64,281,684,414,1066,403,652,0.745
structured,cca4f1b0a98b24eb,64,243,525,350,846,282,496,0.82
structured,3918e8833350d84f,64,344,643,494,1013,299,519,0.684
structured,184e0d76cc910d83,64,298,733,429,1191,435,762,0.738
structured,bdc3a43b08f2dbac,64,237,580,342,900,343,558,0.838
structured,66571bcd9f60cc79,64,285,543,411,871,258,460,0.708
structured,11906a5d1a60758e,64,277,676,394,1049,399,655,0.775
structured,afc73cb0435a203e,64,283,550,402,807,267,405,0.737
structured,9c964df78bae6d2e,64,285,679,412,1046,394,634,0.837
structured,32f4818b981dfb3b,64,239,419,336,703,180,367,0.732
structured,67214651ed0cd088,64,279,536,407,881,257,474,0.788
structured,de1524a9930cb290,64,285,664,416,1022,379,606,0.799
structured,ed72677a80cc8de9,64,197,474,283,735,277,452,0.714
structured,38c54f8efd48f123,64,245,585,352,929,340,577,0.713
structured,a36e5c83b5948a14,64,277,545,402,902,268,500,1.232
structured,011bf4585176a1c8,64,285,703,413,1078,418,665,0.823
structured,97d847d48480e572,64,279,665,400,1026,386,626,0.797
structured,f7274fb1a20e61ed,64,241,525,349,835,284,486,0.673
structured,54fdf80e27d64e96,64,206,335,292,521,129,229,0.802
structured,3e3e8ea5d7e4e401,64,195,438,284,680,243,396,0.775
structured,ba38377a357ca16b,64,277,691,403,1065,414,662,0.814
structured,7de41f2290fdb3e5,64,287,687,414,1041,400,627,0.797
structured,e0f2989b42a467ab,64,235,614,335,936,379,601,0.921
structured,39f228e242edac0b,64,285,647,414,1019,362,605,0.701
structured,733eb6e97695e78a,64,241,507,351,785,266,434,0.701
structured,224aba2ce82533a3,64,243,653,354,1014,410,660,0.737
structured,0dce16636339429e,64,243,665,351,1021,422,670,0.748
structured,4ab4657229529d60,64,279,627,406,974,348,568,1.046
structured,e24e61c33e5d2f94,64,281,689,408,1062,408,654,0.817
structured,43763747117f3101,64,193,403,273,664,210,391,1.403
structured,4b9e5c7c43bf90de,64,203,478,290,771,275,481,0.983
structured,b6bb03b961bc70dd,64,277,583,402,918,306,516,0.683
structured,6c1dab73c91ba10c,64,287,636,416,1018,349,602,0.807
structured,bad8eb71a484d352,64,195,535,285,786,340,501,0.752
structured,ce12b8d5f0fd61b9,64,345,696,496,1081,351,585,0.813
structured,6e84565e54e66c0b,64,277,566,394,919,289,525,1.618
structured,bd1e6bec2aa3075e,64,277,639,407,1029,362,622,0.782
structured,ad7519a75f95a26d,64,283,596,408,963,313,555,0.847
structured,1888c03adde7f53f,64,199,475,288,713,276,425,0.716
structured,f747dcbe6a19abde,64,285,627,406,1022,342,616,0.668
structured,4d4cf97979004d03,64,283,632,402,999,349,597,0.665
structured,fec49cb3eb2690ec,64,193,406,281,675,213,394,0.677
structured,aef31677b3fcccba,64,245,591,354,891,346,537,0.802
structured,53cc653d91dfa7da,64,283,665,409,1045,382,636,0.853
structured,946d5ad3187ca754,64,243,577,352,896,334,544,0.773
structured,623b851e6080ba9b,64,287,683,407,1119,396,712,0.738
structured,1a449db33d9b6a30,64,241,547,351,899,306,548,1.084
structured,c506cfa706185c0d,64,283,587,409,950,304,541,0.773
structured,3ae6ffb6b37fc8ae,64,199,557,287,838,358,551,0.688
structured,f2667e9817b425b9,64,243,550,352,862,307,510,0.817
structured,e5f8843ba995df00,64,277,607,406,986,330,580,0.71
structured,b07a5b4e01d7ad1c,64,237,516,343,816,279,473,0.699
structured,4d527a6e1aaf890d,64,193,541,276,817,348,541,0.664
structured,07ae8408c2651255,64,250,618,358,960,368,602,0.798
structured,4fc6e6130c51a371,64,279,613,406,973,334,567,0.83
structured,d1bb9750f661c940,64,245,572,351,897,327,546,0.686
structured,d65379c3ab65f467,64,191,480,272,780,289,508,0.823
structured,5e769891071ece28,64,235,464,333,747,229,414,0.792
structured,59a78ebb2ca8a2d9,64,199,390,285,655,191,370,1.353
structured,803a1b272bea2800,64,195,503,284,760,308,476,0.667
structured,131d4b46133b69f7,64,195,497,280,775,302,495,0.819
structured,e230ff68979e21e6,64,277,540,393,873,263,480,0.689
structured,30b45979f52a0cec,64,237,507,347,828,270,481,0.965
structured,4218ce35cd4f3925,64,239,545,344,845,306,501,0.858
structured,6e19cd2691959eab,64,233,503,340,831,270,491,0.787
structured,b1f2afa729359ac5,64,285,590,414,953,305,539,0.786
structured,35177305ddc3af66,64,285,516,406,850,231,444,0.88
structured,af04c241fc4e2234,64,283,408,413,684,125,271,0.712
structured,fc096c6701cb3052,64,287,760,418,1153,473,735,0.705
structured,e63e881b58483b72,64,287,607,411,966,320,555,0.772
structured,da4792a64997ac48,64,283,618,406,1010,335,604,0.751
structured,c183101097f5bdd7,64,239,505,345,767,266,422,0.715
structured,4e79e6aeee59ae4c,64,201,551,290,823,350,533,0.766
structured,9bcd07df63fc7e86,64,293,611,420,958,318,538,0.898
structured,c585657f40384268,64,287,570,406,932,283,526,0.892
structured,923953044a8a4498,64,289,669,412,1011,380,599,0.808
structured,f015c567a901206c,64,239,518,346,819,279,473,0.775
structured,c96a089210d02d7b,64,201,527,291,781,326,490,0.75
structured,af22b638f2016571,64,279,646,395,1051,367,656,0.79
structured,dd25236e5e0234ba,64,285,724,415,1095,439,680,0.84
structured,2f88f0a02d382607,64,283,609,412,1008,326,596,0.799
structured,69713d205eade504,64,283,569,408,933,286,525,0.829
structured,1e347c32e2e1fd3d,64,283,664,409,1080,381,671,0.857
structured,44b2b2018a05e993,64,283,607,407,962,324,555,0.798
structured,175cf394d9fd744d,64,239,507,345,821,268,476,0.854
structured,bf670d7e9531b7e1,64,191,317,270,489,126,219,0.772
structured,010e1437e28ce5cd,64,281,530,404,864,249,460,0.713
structured,e34e35aa9a4d531d,64,279,546,407,853,267,446,0.763
structured,047a3ab1a9f96b27,64,241,573,353,892,332,539,0.853
structured,b1d49666d4daea28,64,203,577,293,871,374,578,1.314
structured,8bb9280e7c7eebeb,64,287,649,417,1036,362,619,1.397
structured,ba3005cab6f90c4c,64,239,600,346,915,361,569,0.808
er,5819adf1909afaef,64,10921,2401,15619,4409,-8520,-11210,1.675
er,07b863dd35ec726c,64,8016,2334,11560,4262,-5682,-7298,1.44
er,072d959fdfbf9253,64,26894,2470,38144,4533,-24424,-33611,2.524
er,2b505dd9436533b4,64,28246,2452,39700,4498,-25794,-35202,2.803
er,96b541960b922909,64,24968,2418,35495,4438,-22550,-31057,2.478
er,6ea66eb2a7f226a2,64,18250,2436,25949,4482,-15814,-21467,2.191
er,94cc14620f15067d,64,24722,2461,35122,4504,-22261,-30618,2.541
er,424eb3d25ff06ca4,64,30389,2479,42587,4545,-27910,-38042,2.922
er,5fb6b69e3166692b,64,25785,2421,36512,4441,-23364,-32071,2.562
er,eb911105bb1d0464,64,28968,2435,40874,4473,-26533,-36401,3.065
er,0b9da70acedc182c,64,9518,2188,13100,3922,-7330,-9178,2.006
er,3b03ceffd64fcc22,64,27781,2414,39039,4431,-25367,-34608,2.691
er,24771995d6d9a9cd,64,11076,2335,15242,4198,-8741,-11044,2.194
er,79b7bd1d998797ad,64,28741,2473,40351,4531,-26268,-35820,2.984
er,6e0cf7482dcdcfdb,64,28331,2449,39850,4478,-25882,-35372,2.809
er,aa462fff967b1c48,64,19009,2410,26986,4407,-16599,-22579,2.092
er,f2c4837b24906094,64,28278,2442,39879,4468,-25836,-35411,2.696
er,1de83fb0266cf770,64,13729,2303,18882,4167,-11426,-14715,2.233
er,f8b9c8a3e2b415a7,64,3914,2358,5606,4252,-1556,-1354,1.264
er,b6d347f60c287374,64,29669,2401,42018,4408,-27268,-37610,2.821
er,da8e545199e62d79,64,27982,2422,39552,4445,-25560,-35107,2.672
er,bb270dfa50e59adf,64,7046,2368,10132,4304,-4678,-5828,1.439
er,e1fe0e5da9f7b2a1,64,15643,2432,22239,4462,-13211,-17777,2.017
er,a8058a18df929e48,64,23172,2461,32990,4505,-20711,-28485,2.267
er,2219d83c9ccd6ac3,64,11502,2391,16423,4356,-9111,-12067,1.844
er,8e3f443d4026cff3,64,7288,2260,10477,4106,-5028,-6371,1.541
er,f8e3bb824193213f,64,27743,2419,39125,4442,-25324,-34683,2.769
er,eb87709da71502a7,64,17926,2427,25502,4457,-15499,-21045,2.095
er,08f9b1719840470b,64,10320,2436,14697,4447,-7884,-10250,1.665
er,cb3e1df05f4be77c,64,26788,2438,37309,4469,-24350,-32840,2.811
er,c87042b04b29daed,64,28189,2470,39948,4528,-25719,-35420,2.733
er,8dade51042c7dd48,64,14172,2438,20187,4490,-11734,-15697,1.882
er,1d5d11b5c1721f24,64,22718,2447,32343,4498,-20271,-27845,2.247
er,21ad60bc1b6be7de,64,13482,2423,19139,4443,-11059,-14696,1.941
er,6c66af8f86667d03,64,29175,2480,41025,4540,-26695,-36485,2.913
er,59590f4d00eb5f3d,64,23282,2470,32978,4534,-20812,-28444,2.23
er,72f1fabc1918526e,64,30582,2464,43129,4520,-28118,-38609,2.935
er,c2d8cd208cf8baf6,64,20357,2430,28816,4454,-17927,-24362,2.15
er,737daad40da0e51d,64,4068,2247,5870,4002,-1821,-1868,1.322
er,5248afa1922ff683,64,9663,2239,13240,4017,-7424,-9223,2.065
er,b8817eaee7170277,64,29844,2431,41972,4443,-27413,-37529,3.026
er,2a1687b20e82cd2d,64,29134,2447,40774,4475,-26687,-36299,2.958
er,efe4f9c734e86b6f,64,12656,2412,17948,4411,-10244,-13537,1.795
er,ffe5806342354afd,64,18413,2419,26208,4427,-15994,-21781,2.066
er,5f735ac33711bdf9,64,24385,2408,34436,4428,-21977,-30008,2.26
er,ca070087f34fa520,64,28509,2441,39903,4464,-26068,-35439,2.89
er,f97cef6dc5861395,64,25224,2402,35104,4383,-22822,-30721,2.831
er,76fb9359ac8688e0,64,7438,2461,10651,4465,-4977,-6186,1.493
er,7f24cf577ee85178,64,27288,2452,38611,4485,-24836,-34126,2.644
er,53ca37dc9e25eef0,64,8620,2428,12365,4434,-6192,-7931,1.504
er,bba8f8b6303ae9f3,64,17311,2445,24614,4487,-14866,-20127,2.074
er,8187f7f7be7e8be4,64,18839,2386,26897,4369,-16453,-22528,2.145
er,ccaaa98dd70e3c7a,64,23638,2432,33555,4457,-21206,-29098,2.275
er,9ed5c7b1950ea291,64,28486,2443,39957,4464,-26043,-35493,3.018
er,d25a7ed9906e55ec,64,23882,2401,33807,4413,-21481,-29394,2.287
er,e4e6689d19d0c69e,64,29290,2437,41370,4451,-26853,-36919,2.761
er,4500cb6cc732f0c5,64,8197,2253,11326,4046,-5944,-7280,2.017
er,4753a4ff46072715,64,28064,2467,39365,4519,-25597,-34846,2.783
er,fd74704fc558a7b0,64,10828,2343,15457,4304,-8485,-11153,1.707
er,a6247733219df387,64,13632,2318,19539,4241,-11314,-15298,1.756
er,7e26c859a988c082,64,18041,2407,25669,4437,-15634,-21232,2.082
er,c76171302b9913d5,64,19069,2431,26244,4468,-16638,-21776,2.546
er,d59593391dc6dca9,64,27865,2444,39288,4489,-25421,-34799,2.763
er,1133124e6142d092,64,23553,2476,33479,4532,-21077,-28947,2.505
er,a9aa2b7dc873bd12,64,24036,2456,34112,4520,-21580,-29592,2.681
er,9938f39a469ab6a0,64,26959,2453,38015,4496,-24506,-33519,2.628
er,e89b692958341c22,64,18459,2407,26240,4431,-16052,-21809,2.136
er,b8005bc224d2ec6f,64,8905,2243,12219,4015,-6662,-8204,1.978
er,50090011da505e13,64,13693,2318,18867,4242,-11375,-14625,2.259
er,f41cff7f3985372b,64,4144,2148,5918,3884,-1996,-2034,1.168
er,d9256b4960fb5e5d,64,21056,2416,29993,4440,-18640,-25553,2.112
er,8bac9da90dbd94e0,64,25691,2448,36422,4499,-23243,-31923,2.496
er,f2b60cc59831d423,64,13038,2409,18620,4420,-10629,-14200,1.745
er,34de06c1a33ba02a,64,23635,2416,33556,4425,-21219,-29131,2.349
er,5c75c1b7776b7587,64,19947,2403,27615,4419,-17544,-23196,2.533
er,f71b95f7df275ab5,64,23186,2474,32902,4521,-20712,-28381,2.3
er,4884d85c33794fd9,64,28431,2431,40171,4451,-26000,-35720,2.752
er,5fd04acc50034f7f,64,9661,2421,13829,4404,-7240,-9425,1.613
er,818973ba57158d88,64,29535,2453,41579,4505,-27082,-37074,2.998
er,4e752d4a6e5b2a2a,64,28102,2429,39484,4453,-25673,-35031,2.85
er,37b062b3a8b3aec0,64,24411,2425,34589,4457,-21986,-30132,2.602
er,6a1f931140bb7c9e,64,15652,2387,22319,4372,-13265,-17947,1.868
er,69230f98bced94bb,64,24990,2422,34679,4417,-22568,-30262,2.938
er,b7d745260ebe6c26,64,29483,2421,41510,4454,-27062,-37056,2.792
er,2f9de2ff20f180f8,64,30706,2419,43199,4423,-28287,-38776,2.874
er,ab3800b1945597c6,64,22601,2367,31649,4343,-20234,-27306,2.537
er,6faf7b33c14a702e,64,20770,2366,28754,4317,-18404,-24437,2.602
er,309ff4f47d9bdac8,64,29564,2458,41688,4504,-27106,-37184,2.852
er,5a9c5bba6a8c3193,64,28169,2427,39785,4439,-25742,-35346,2.734
er,519d756d77848045,64,26524,2440,37542,4462,-24084,-33080,2.567
er,ff9c4d1b49ef341f,64,16854,2377,24019,4353,-14477,-19666,1.978
er,39562f2f77aefbc0,64,29912,2427,42130,4469,-27485,-37661,2.861
er,16557034c421769c,64,20262,2368,28019,4344,-17894,-23675,2.691
er,9acad03bc4df722e,64,26686,2387,37259,4372,-24299,-32887,2.838
er,4f45be3959d4dbea,64,24221,2452,34378,4500,-21769,-29878,2.242
er,65cb6edf45a39f21,64,10945,2387,15698,4353,-8558,-11345,1.659
er,1183e796f4e9f1a0,64,27040,2367,38200,4358,-24673,-33842,2.601
er,d63f63549bbb9923,64,16772,2410,23133,4399,-14362,-18734,2.482
er,f6e4be64d08178bf,64,13117,2392,18711,4371,-10725,-14340,1.744
er,fc1d31dea2154643,64,23356,2412,33133,4417,-20944,-28716,2.274
er,7f94573317f7f781,64,27712,2382,38822,4367,-25330,-34455,2.852
er,2ae4f8730c180a91,64,22829,2474,32270,4540,-20355,-27730,2.326
er,89043e348a93cc34,64,29846,2448,41891,4497,-27398,-37394,2.943
er,b0dcec4ba8c7d5fa,64,7961,2049,10970,3665,-5912,-7305,1.956
er,25446161ba4e9ea5,64,23686,2418,32895,4439,-21268,-28456,2.681
er,12051cd9dc8216bc,64,9006,2068,12383,3713,-6938,-8670,2.038
er,28963f730541d504,64,30346,2431,42797,4463,-27915,-38334,3.048
er,6f7a1c3f9cf6d59d,64,28569,2396,40252,4405,-26173,-35847,2.83
er,307469ac30fad800,64,28168,2379,39581,4379,-25789,-35202,2.953
er,d5356ff0c24491f3,64,19711,2404,27322,4419,-17307,-22903,2.559
er,87eaff737b8aa697,64,22830,2418,32328,4445,-20412,-27883,2.191
er,6d85c25c4d58f847,64,19302,2400,27482,4397,-16902,-23085,2.193
er,c1dcc9f36e8d5337,64,22634,2452,32208,4493,-20182,-27715,2.26
er,c986a4cf0ba0f74e,64,20866,2450,29565,4498,-18416,-25067,2.257
er,d3e103d8154fed23,64,29689,2416,41883,4430,-27273,-37453,2.903
er,b23ec714aaa51c69,64,24840,2435,35240,4485,-22405,-30755,2.464
er,2b6a25bc4ffe44e6,64,10233,2398,14622,4390,-7835,-10232,1.542
er,e89bfc940ba53e12,64,29587,2444,41682,4467,-27143,-37215,3.078
er,031743d62646d403,64,15143,2433,21570,4465,-12710,-17105,1.96
er,efd6fcc102c95332,64,18712,2365,25813,4309,-16347,-21504,2.465
er,add1347797dfff27,64,8844,2301,12196,4138,-6543,-8058,2.011
er,ca6ec14f859a8d87,64,18565,2398,26475,4392,-16167,-22083,2.2
er,443479405b522b5f,64,22982,2408,32577,4408,-20574,-28169,2.207
er,fe276bf100e728ab,64,22066,2368,30578,4338,-19698,-26240,2.656
er,568d29fc734762d6,64,9385,2278,12905,4115,-7107,-8790,1.983
er,75dd343475f7a70d,64,28103,2449,39471,4510,-25654,-34961,2.653
er,b397d11465f99c6a,64,28229,2425,39893,4450,-25804,-35443,2.65
er,69bdc32d9cf42c9e,64,9632,2269,13273,4116,-7363,-9157,2.025
er,e4a44461f830354e,64,13720,2453,19581,4512,-11267,-15069,1.851
er,f790b4ac847b6a24,64,30488,2410,42979,4450,-28078,-38529,2.982
er,1b47a5192921031e,64,27627,2415,38991,4455,-25212,-34536,2.629
er,2f7ab302f869f004,64,29185,2459,40826,4501,-26726,-36325,2.96
er,077572f9ee89c56b,64,9698,2401,13837,4396,-7297,-9441,1.567
er,5b5ee43bf8dcd6a4,64,22982,2448,32729,4489,-20534,-28240,2.459
er,6bebe9b7494dbf81,64,8076,2369,11589,4300,-5707,-7289,1.492
er,9eb57aab78f4064b,64,6857,2302,9808,4201,-4555,-5607,1.492
er,383d9f4a35f487f7,64,9094,2293,12510,4158,-6801,-8352,2.177
er,2b24181d772a5746,64,20476,2326,28411,4249,-18150,-24162,2.616
er,439740cf5addeabd,64,26562,2431,37105,4468,-24131,-32637,2.826
er,4264d2bba7d2a9c0,64,17314,2419,24643,4435,-14895,-20208,2.092
er,0b3769603abd854d,64,15423,2390,21942,4391,-13033,-17551,1.925
er,76569856bcc8e05c,64,8478,2152,11683,3855,-6326,-7828,1.999
er,fea5027e33826f03,64,19573,2351,27110,4290,-17222,-22820,2.479
er,f24aaaa892777794,64,23116,2454,32848,4487,-20662,-28361,2.231
er,0bf9451515655bc7,64,18595,2433,26372,4447,-16162,-21925,2.096
er,1a9679d0a1f98517,64,9271,2286,12765,4111,-6985,-8654,2.042
er,d297ad0db4024f0d,64,26310,2443,36743,4481,-23867,-32262,2.866
er,d1835cfb583cc47c,64,24208,2416,34238,4423,-21792,-29815,2.468
er,1b48cb2bc1192d6d,64,16114,2435,22908,4446,-13679,-18462,2.017
er,66d684778127ff0e,64,29082,2448,40766,4493,-26634,-36273,2.908
er,15dc37e818207376,64,20972,2337,29006,4284,-18635,-24722,2.735
er,7393164ea5d86125,64,4054,2200,5831,3972,-1854,-1859,1.254
er,2e1965801cea0bce,64,21460,2444,30523,4496,-19016,-26027,2.305
er,d58a596a21590a89,64,28234,2452,39861,4488,-25782,-35373,2.749
er,f77ea2338fe17fb5,64,28122,2411,39349,4423,-25711,-34926,2.958
er,29f3eadec3032392,64,3696,2226,5299,4000,-1470,-1299,1.225
er,e5746629347b445f,64,22956,2478,32601,4533,-20478,-28068,2.23
er,35b001ded329ee11,64,10142,2410,14507,4423,-7732,-10084,1.658
er,33b71c09c6e60593,64,15081,2398,20685,4390,-12683,-16295,2.333
er,d62f2ddf43f90324,64,17293,2428,24615,4446,-14865,-20169,2.063
er,cbde49a83ed33fb9,64,4056,2259,5831,4047,-1797,-1784,1.247
er,774741a5c1057565,64,28041,2431,39382,4448,-25610,-34934,2.548
er,1c1ef6c7b6b1987d,64,22711,2455,32211,4515,-20256,-27696,2.346
er,7b01eac931c48989,64,28649,2439,40059,4465,-26210,-35594,2.963
er,297f37042dba6454,64,19914,2339,27426,4292,-17575,-23134,2.558
er,a67c0d03b3e18b79,64,19954,2431,28374,4453,-17523,-23921,2.258
er,15676787652c25cc,64,16459,2440,23429,4487,-14019,-18942,2.059
er,864182f519725b9c,64,27850,2438,39341,4473,-25412,-34868,2.673
er,81e79dc3fd63c46b,64,8700,2339,11932,4198,-6361,-7734,2.015
er,703850fa8ed526e4,64,18690,2463,26638,4514,-16227,-22124,2.074
er,f57df2a4e3d4f299,64,10253,2417,14584,4454,-7836,-10130,1.664
er,d1d2bab1d35d8888,64,4062,2304,5879,4125,-1758,-1754,1.247
er,17e174d112d0878f,64,21155,2434,29997,4452,-18721,-25545,2.259
er,7e0fd0e216da50eb,64,16572,2425,23581,4444,-14147,-19137,1.942
er,352225dcafef2115,64,13403,2446,19138,4483,-10957,-14655,1.831
er,c0e6dd36f8af1528,64,22383,2445,31823,4509,-19938,-27314,2.23
er,745b1ed59c60b9fc,64,10040,2426,14382,4436,-7614,-9946,1.642
er,9da5393fe4164189,64,19183,2415,27296,4428,-16768,-22868,2.072
er,c0f546b26e5074ec,64,18267,2416,26109,4434,-15851,-21675,2.2
er,137fd1c887d4a9cc,64,12908,2389,18437,4392,-10519,-14045,1.762
er,b2d1ecaa821e3863,64,7968,2141,11037,3818,-5827,-7219,1.939
er,66c7200218a7a659,64,13320,2452,19064,4500,-10868,-14564,1.816
er,cce9ed7ad2d13df2,64,30172,2411,42498,4421,-27761,-38077,2.978
er,63c45b524751f893,64,9610,2216,13224,4029,-7394,-9195,2.09
er,6ba911e78c0ed16d,64,8937,2312,12269,4119,-6625,-8150,2.068
er,fb1e564de7e1f3dd,64,26211,2413,37035,4427,-23798,-32608,2.595
er,438a5a6986aa1d41,64,14660,2353,20141,4260,-12307,-15881,2.255
er,6d8d6dcac37ffaeb,64,26679,2455,37791,4496,-24224,-33295,2.554
er,5ee3cc9321d8e045,64,30398,2432,42654,4451,-27966,-38203,2.991
er,fe5d0daf7429c4c5,64,12490,2374,17844,4352,-10116,-13492,1.715
er,ef6b382edbea9fd5,64,8487,2050,11696,3683,-6437,-8013,1.91
er,6061c451d60b33b5,64,7782,2349,11177,4285,-5433,-6892,1.508
er,f2619e201d12d1d4,64,4192,2229,6018,4026,-1963,-1992,1.194
er,cabee449a838d9db,64,16300,2448,23351,4489,-13852,-18862,1.924
er,7906f8ff49cd1cc9,64,27062,2434,38191,4459,-24628,-33732,2.654
er,78267ff7b20fd68c,64,27556,2440,38639,4464,-25116,-34175,2.972
er,84f492aced6beefa,64,19844,2409,28198,4431,-17435,-23767,2.191
er,414ccce914507ff4,64,10136,2359,14449,4295,-7777,-10154,1.687
er,132959c0ff6002e4,64,21206,2463,30145,4519,-18743,-25626,2.281
er,0957cf3c4b89fc9a,64,16606,2422,23618,4441,-14184,-19177,2.061
er,671265b02717ac62,64,12534,2424,17861,4437,-10110,-13424,1.809
er,674fee8206bdcd26,64,26958,2445,38205,4479,-24513,-33726,2.699
er,f486204954a2d7e7,64,27222,2432,38441,4454,-24790,-33987,2.63
er,ebe58ddf02212d29,64,29937,2455,42224,4518,-27482,-37706,2.817
er,7275f0d70a2a1b7e,64,9716,2382,13931,4332,-7334,-9599,1.69
er,a8f2f07d61a52a8f,64,23571,2396,33478,4404,-21175,-29074,2.41
er,1640e7622aba6c3a,64,25108,2388,35566,4376,-22720,-31190,2.439
er,79b696006f4e7755,64,29829,2429,41908,4457,-27400,-37451,2.909
er,975967e6a0c27185,64,27185,2421,38100,4436,-24764,-33664,2.915
er,b4e3379894febaa4,64,29614,2414,41779,4444,-27200,-37335,2.851
er,e8c0421368c334a0,64,25491,2405,36014,4403,-23086,-31611,2.731
er,b1994a75f7eab305,64,28349,2431,40024,4451,-25918,-35573,2.628
er,1f39612ea31edf26,64,10068,2389,14448,4381,-7679,-10067,1.725
er,5d3753dbeabdb043,64,13727,2341,18942,4275,-11386,-14667,2.26
er,5ed907d669ce26da,64,15725,2390,22423,4388,-13335,-18035,1.917
er,4e3025ccb044e58a,64,13086,2440,18600,4469,-10646,-14131,1.825
er,91e0496ceb7a59ce,64,7266,2353,10356,4265,-4913,-6091,1.476
er,1187d62866bbf392,64,29775,2387,41849,4365,-27388,-37484,2.877
er,e631c70a477ab718,64,22971,2430,32581,4457,-20541,-28124,2.804
er,d45712cdb0b84911,64,12988,2444,18593,4454,-10544,-14139,1.818
er,170bf7dbe9fbbfbf,64,21416,2392,29634,4360,-19024,-25274,2.529
er,864b295d07c903ac,64,29020,2470,40946,4527,-26550,-36419,2.845
er,b4fec6e591962264,64,26252,2447,36807,4498,-23805,-32309,2.858
er,9ee99a27bbae0b24,64,23213,2360,32342,4313,-20853,-28029,2.697
er,5a0d3da8cbd0b913,64,16058,2449,22932,4507,-13609,-18425,1.98
er,396af071cc4dd2e4,64,28595,2445,40444,4476,-26150,-35968,2.688
er,76a47145ecfebb4d,64,29485,2470,41417,4535,-27015,-36882,2.959
er,771f0c49c8d7f98e,64,7178,2343,10259,4266,-4835,-5993,1.514
er,a91541ccc168af1d,64,15146,2400,21664,4380,-12746,-17284,1.846
er,f9c7104955e0a63f,64,18271,2430,25963,4464,-15841,-21499,2.093
er,b7222f74a9265ecb,64,20016,2393,27692,4388,-17623,-23304,2.634
er,1a8d797585911b05,64,10700,2431,15302,4472,-8269,-10830,1.7
er,3891ddbca6652b07,64,28443,2418,39664,4409,-26025,-35255,2.989
er,1c76890d862a96a6,64,20342,2454,28884,4502,-17888,-24382,2.101
er,149a47e6e206ef1c,64,29023,2444,41033,4476,-26579,-36557,2.798
er,d382e0ab2aa81fee,64,19266,2452,27477,4504,-16814,-22973,2.131
er,f8ef423dfa5f42ad,64,21032,2457,29872,4508,-18575,-25364,2.341
er,ccad4c112ceee38b,64,28778,2445,40471,4486,-26333,-35985,2.909
er,3197e4b7d8beb2a0,64,30700,2402,43184,4409,-28298,-38775,2.972
er,714e47d597dda21b,64,27655,2462,39162,4503,-25193,-34659,2.65
er,3faa48246521de23,64,4148,2316,5929,4234,-1832,-1695,1.261
er,fb5653e0886c1615,64,18821,2447,26763,4478,-16374,-22285,2.122
er,06db5fa0ee754804,64,27014,2399,38344,4406,-24615,-33938,2.645
er,14f4d3424581f3d4,64,27898,2470,39414,4537,-25428,-34877,2.786
er,1df7a710b230d076,64,24509,2418,34768,4447,-22091,-30321,2.405
er,32451aba94a70f9e,64,18259,2416,26105,4427,-15843,-21678,2.139
er,c1845a9030c3c390,64,28600,2374,40163,4350,-26226,-35813,2.955
er,6c9381261affde09,64,12699,2397,18144,4399,-10302,-13745,1.934
er,7402a2b2eada4e97,64,10925,2365,15689,4307,-8560,-11382,1.612
er,88e150caad4c7110,64,30162,2367,42245,4327,-27795,-37918,2.912
er,9c56327578ed8d81,64,24631,2459,34915,4516,-22172,-30399,2.548
er,c29c920aa4cd738a,64,20737,2365,28630,4312,-18372,-24318,2.559
er,e3302ea5aa8b512b,64,28536,2452,40388,4489,-26084,-35899,2.835
er,85577b30d9c3c783,64,15946,2358,22032,4312,-13588,-17720,2.384
er,d7cf7d2396c5b5fb,64,14540,2387,19997,4338,-12153,-15659,2.363
er,754cb8f1379cbe5e,64,27382,2453,38632,4497,-24929,-34135,2.664
er,7aff8de51c0d8ce5,64,29851,2404,41967,4404,-27447,-37563,2.959
er,35f93ce45067e6ba,64,27910,2420,39426,4424,-25490,-35002,2.825
er,61416713ea67008e,64,27766,2424,38898,4445,-25342,-34453,2.97
er,75c31344a4b835c4,64,24017,2428,34058,4441,-21589,-29617,2.406
er,e41ecd4623eff461,64,23593,2456,33478,4509,-21137,-28969,2.446
er,ca0b84193fed35a8,64,27470,2476,38663,4539,-24994,-34124,2.666
er,f6bbfcec05d02ebe,64,14384,2415,20551,4410,-11969,-16141,1.914
er,ac9dc4f20dc14b3c,64,27816,2375,38775,4344,-25441,-34431,2.913
er,e55dad4acf353b92,64,21583,2426,30676,4450,-19157,-26226,2.34
er,809db264caa87974,64,20878,2445,29661,4505,-18433,-25156,2.292
er,bb942bd43fc87f28,64,29743,2417,41778,4430,-27326,-37348,2.994
er,cd3cea51e06cc1c2,64,27536,2403,38630,4395,-25133,-34235,2.929
er,10c6b009e9df4056,64,13244,2363,18173,4321,-10881,-13852,2.25
er,5ab23dd1a037cad4,64,17628,2416,25153,4446,-15212,-20707,2.15
er,7e17ccd2420f8a6b,64,24031,2447,34058,4486,-21584,-29572,2.482
er,a55afe1ef7ff814b,64,27595,2418,38773,4442,-25177,-34331,2.884
er,f81e97879a957998,64,26672,2448,37641,4483,-24224,-33158,2.733
er,047c88382e28e483,64,4118,2358,5912,4233,-1760,-1679,1.258
er,fdd2a3eedc5e26f6,64,17732,2377,24441,4351,-15355,-20090,2.57
er,22827dfbd664b666,64,3740,2235,5408,3954,-1505,-1454,1.23
er,689b6349eb193684,64,28596,2484,40335,4569,-26112,-35766,2.859
er,0626883dca33b4ae,64,20058,2399,27630,4383,-17659,-23247,2.618
er,13e676188780cefe,64,28175,2434,39451,4467,-25741,-34984,2.94
er,87a7206ea4b494ba,64,6294,2330,9022,4210,-3964,-4812,1.478
er,33c4e19eb37216ed,64,7604,2328,10946,4256,-5276,-6690,1.485
er,e3b9003b4dfca1f4,64,14030,2457,20043,4497,-11573,-15546,1.905
er,1844dd6c669d4683,64,13396,2358,19131,4307,-11038,-14824,1.778
er,7885fbaba2398004,64,8537,2141,11799,3917,-6396,-7882,1.954
er,29ef0db1e14e05ca,64,14488,2271,19981,4117,-12217,-15864,2.299
er,816b48c90e49a9c6,64,7150,2371,10247,4316,-4779,-5931,1.405
er,d2837d020c188896,64,20630,2420,29210,4457,-18210,-24753,2.103
er,f7e989669e3e0856,64,22243,2323,30698,4216,-19920,-26482,2.776
er,be599c34ad6491f0,64,14035,2406,20070,4400,-11629,-15670,1.875
er,6aa8633c1ead7cff,64,21750,2407,30901,4414,-19343,-26487,2.319
er,a284cb4155ba489b,64,22053,2425,31222,4445,-19628,-26777,2.28
er,278335800f678a89,64,8172,2111,11275,3834,-6061,-7441,1.887
er,e38ab1cbc8de0d58,64,28015,2447,39514,4503,-25568,-35011,2.831
er,075653727837f452,64,8742,2263,12041,4056,-6479,-7985,1.98
er,5f2d845785bfaa1c,64,6654,2316,9552,4203,-4338,-5349,1.44
er,f9f50c0868022ab3,64,21240,2441,30178,4479,-18799,-25699,4.242
er,c552582afa86e145,64,27161,2396,37738,4391,-24765,-33347,2.846
er,d27aad6e27d4b1f5,64,23131,2454,32739,4509,-20677,-28230,2.21
er,3c2f4739a6915f4d,64,22846,2470,32352,4545,-20376,-27807,2.263
er,2f21e08ad6947b8e,64,21255,2409,30156,4406,-18846,-25750,2.22
er,43b1ce3cea3acb8a,64,29703,2424,41608,4448,-27279,-37160,2.997
er,331a6c78fe2beea3,64,28334,2402,39788,4403,-25932,-35385,2.883
er,7e97026124c7db10,64,27326,2464,38486,4524,-24862,-33962,2.684
er,2f2687aa3bc54793,64,29077,2434,41127,4468,-26643,-36659,2.845
er,d5b5584973d00d19,64,26442,2448,37481,4500,-23994,-32981,2.647
er,14a2c2ca64e3e215,64,27874,2444,39222,4499,-25430,-34723,2.846
er,eaf16ea582414703,64,25798,2423,35993,4428,-23375,-31565,2.852
er,fad1d2ad2ab0fa32,64,22573,2402,31296,4398,-20171,-26898,2.616
er,5b348081d9240479,64,15703,2379,22295,4362,-13324,-17933,1.922
er,2f65813fd2ea9dd4,64,29485,2450,41579,4473,-27035,-37106,2.801
er,31b4d55a8a4d278c,64,11325,2279,15577,4102,-9046,-11475,2.17
er,484c42f033759d31,64,28206,2417,40002,4446,-25789,-35556,2.732
er,2cdea8a204845748,64,13058,2391,18619,4362,-10667,-14257,1.805
er,2eca67d5fb802c5a,64,8830,2019,12194,3649,-6811,-8545,1.952
er,23205f7025afc724,64,17635,2430,25015,4451,-15205,-20564,2.048
er,c043902826b8dd74,64,8726,2167,12036,3905,-6559,-8131,1.952
er,963fcdf02590d1c5,64,29363,2441,41391,4475,-26922,-36916,2.93
er,729a3de80d48438d,64,22730,2428,32224,4454,-20302,-27770,2.21
er,136f012da345989c,64,27967,2395,39280,4383,-25572,-34897,2.88
er,c1372b4af547dbc4,64,10566,2415,15120,4424,-8151,-10696,1.615
er,8486e24f3c581fb8,64,16318,2430,23151,4448,-13888,-18703,1.901
er,b8c8c41768b0795d,64,13351,2402,19005,4389,-10949,-14616,1.711
er,aa826e4c408a2c6a,64,18752,2358,25863,4296,-16394,-21567,2.536
er,f4d28c42f4322308,64,26906,2503,37932,4580,-24403,-33352,2.591
er,0f1768a82454803f,64,14839,2389,21082,4375,-12450,-16707,1.909
er,428ebd5d530dd389,64,3836,2127,5492,3831,-1709,-1661,1.235
er,3d45658efb4c97bd,64,29054,2442,41014,4461,-26612,-36553,2.723
er,c6abfae62260ed1a,64,26305,2465,36956,4524,-23840,-32432,2.867
er,9be9ef528096632b,64,25844,2414,36562,4438,-23430,-32124,2.492
er,2e198d372be1446a,64,18092,2487,25799,4563,-15605,-21236,2.073
er,40f2f5642fa341d3,64,4438,2245,6398,4079,-2193,-2319,1.274
er,94ecb8691530ad4e,64,28243,2451,39687,4477,-25792,-35210,2.926
er,1b3460832fece3fc,64,27615,2411,38920,4403,-25204,-34517,2.792
er,ba943e765146e06f,64,16328,2413,23302,4436,-13915,-18866,1.913
er,b262a644fae181ad,64,13751,2292,18872,4185,-11459,-14687,2.303
er,d8bed306ed61eac1,64,24373,2399,34542,4407,-21974,-30135,2.459
er,1ca29c20139626ae,64,3906,2245,5605,4019,-1661,-1586,1.285
er,8e60b652fa2314c5,64,27212,2451,38473,4513,-24761,-33960,2.707
er,ac3d08d9ab5e1d96,64,13749,2409,19605,4404,-11340,-15201,1.826
er,c1ac503f4f53220f,64,21316,2359,29789,4318,-18957,-25471,2.683
er,d0614fe29e0298e1,64,29287,2375,41012,4344,-26912,-36668,2.949
er,5664c659fdaf068d,64,16935,2390,24125,4378,-14545,-19747,2.036
er,f37db9c720d0f598,64,26481,2475,37508,4524,-24006,-32984,2.547
er,0edc382d6c4bb2cf,64,4508,2319,6472,4189,-2189,-2283,1.349
er,8be8833c618b7ac5,64,29143,2427,40906,4448,-26716,-36458,2.942
er,e943c265bf111ceb,64,27687,2436,38922,4481,-25251,-34441,2.782
er,238f2cd33d830dda,64,28288,2436,39984,4449,-25852,-35535,2.693
er,212932f1a6c1dc21,64,24927,2472,35363,4553,-22455,-30810,2.486
er,7100fe08e66b325c,64,29228,2459,41058,4498,-26769,-36560,2.979
er,a7c24c5d978800aa,64,27353,2437,38399,4451,-24916,-33948,2.948
er,9e2d9d73abed3074,64,19689,2409,27212,4381,-17280,-22831,2.527
er,0d4a465e04cec303,64,29770,2472,41757,4537,-27298,-37220,2.875
er,4f456401a507dba8,64,7776,2296,11066,4190,-5480,-6876,1.444
er,43beb98bd0a7f3e2,64,8662,2082,11879,3735,-6580,-8144,1.948
er,a8df5d61f5b1abc8,64,25896,2477,36601,4547,-23419,-32054,2.566
er,f753a7322f996bbe,64,30845,2452,43351,4507,-28393,-38844,2.942
er,c1cd3d76b8e867ae,64,4576,2352,6552,4255,-2224,-2297,1.317
er,4c47e805b5d06896,64,28402,2406,40140,4425,-25996,-35715,2.716
er,5e5d526bcce770ec,64,14944,2425,21171,4458,-12519,-16713,1.984
er,db470a3c843a71f1,64,28072,2453,39560,4502,-25619,-35058,2.684
er,15973cc4442de534,64,10136,2368,14459,4334,-7768,-10125,1.664
er,ac52312e2f6c6729,64,27816,2415,38917,4410,-25401,-34507,2.996
er,ab4acdc57f6dbc2d,64,15105,2395,21543,4388,-12710,-17155,1.905
er,a3157bda30a65ee5,64,12836,2457,18368,4496,-10379,-13872,1.829
er,8965e4da7c0c8945,64,9309,2223,12847,3982,-7086,-8865,2.058
er,5ab5d21ad538af1c,64,24731,2450,34936,4514,-22281,-30422,2.479
er,82c3f1559e62e460,64,28598,2469,40267,4527,-26129,-35740,2.797
er,6ab461e2d697ff02,64,8859,2205,12180,3921,-6654,-8259,2.017
er,0018dfd1c68556d7,64,27654,2412,38797,4439,-25242,-34358,2.791
er,394b5ac262f0e104,64,26097,2421,36927,4450,-23676,-32477,2.507
er,671728f06e26b21e,64,30716,2389,43231,4377,-28327,-38854,2.96
er,d0bc43915139dd0f,64,24502,2434,34874,4455,-22068,-30419,2.5
er,364b9c95f8e095fc,64,29926,2453,42054,4503,-27473,-37551,2.934
er,92fae4119469b7dd,64,8326,2276,11447,4074,-6050,-7373,1.918
er,b9e6dd2be9999ed8,64,30013,2437,42127,4469,-27576,-37658,2.929
er,850b3099233da22b,64,29496,2409,41382,4425,-27087,-36957,2.807
er,21c026e976a32d20,64,21044,2434,29994,4458,-18610,-25536,2.292
er,85a4f6627a397ef2,64,29687,2432,41592,4466,-27255,-37126,3.018
er,a7a7b25e57952945,64,20334,2447,28879,4471,-17887,-24408,2.254
er,53343a299aafa43f,64,24807,2419,35321,4456,-22388,-30865,2.63
er,c1537fa27e4339a2,64,26003,2454,36451,4476,-23549,-31975,2.819
er,c03d4f3622e52de4,64,25262,2431,35752,4474,-22831,-31278,2.506
er,70c0938ee2cb9c61,64,10634,2416,15236,4426,-8218,-10810,1.64
er,95080d65609d29e4,64,23835,2421,33833,4441,-21414,-29392,2.252
er,b5648a52f8bb3559,64,15493,2414,22123,4422,-13079,-17701,1.944
er,dbabb6ef2c0a3734,64,15400,2360,21208,4302,-13040,-16906,2.35
er,315647d2f9ecf033,64,8928,2320,12274,4147,-6608,-8127,2.432
er,7816ca90df55bc6b,64,10054,2407,14387,4407,-7647,-9980,1.639
er,9be6f49458353367,64,17704,2421,25122,4430,-15283,-20692,2.189
er,a49cca33bd810a00,64,6488,2296,9340,4162,-4192,-5178,1.447
er,6857b170870a26c5,64,25962,2367,36205,4343,-23595,-31862,2.74
er,6ca11cb46dfd2550,64,30255,2416,42531,4421,-27839,-38110,2.952
er,d1c90e2293ec8c93,64,25691,2391,35917,4369,-23300,-31548,3.067
er,7a1ad06455b34974,64,27298,2469,38353,4525,-24829,-33828,2.882
er,99a3a67919fa8024,64,24382,2400,34092,4393,-21982,-29699,2.734
er,c8848a56a8600f0f,64,23569,2372,32702,4345,-21197,-28357,2.837
er,d2954e88643c8bc0,64,28061,2449,39637,4516,-25612,-35121,2.861
er,77460a0f4a95448e,64,12240,2412,17468,4416,-9828,-13052,1.727
er,b0093e46950df3cf,64,30266,2477,42664,4531,-27789,-38133,2.978
er,487b268f11b66c15,64,16950,2416,24254,4441,-14534,-19813,1.984
er,b967aa869f4ad003,64,13026,2348,17929,4272,-10678,-13657,2.266
er,52befecdc1d713b1,64,7154,2373,10260,4272,-4781,-5988,1.511
er,bae63a2b4d89ac2e,64,29947,2405,41991,4411,-27542,-37580,2.974
er,540e99495dc24b42,64,22270,2457,31696,4511,-19813,-27185,2.281
er,9c6bd132cecea6aa,64,27314,2447,38617,4489,-24867,-34128,2.725
er,4b97a098073af740,64,12564,2444,17980,4480,-10120,-13500,1.868
er,fd9444eccc0c0246,64,15436,2480,21961,4537,-12956,-17424,2.004
er,4b537d1b806d4f0e,64,16588,2420,23649,4417,-14168,-19232,2.007
er,0298c7131678f9bc,64,15407,2388,21933,4381,-13019,-17552,1.99
er,668816417417b2d1,64,17993,2459,25580,4515,-15534,-21065,2.074
er,f51a85e98c393a6b,64,25910,2428,36017,4463,-23482,-31554,2.829
er,f8248eae4450fd55,64,6946,2379,9995,4356,-4567,-5639,1.425
er,6f34ce97cb3d2a1c,64,24560,2410,34775,4412,-22150,-30363,2.322
er,89b18901624f8845,64,10650,2373,15201,4346,-8277,-10855,1.726
er,764c5afdb4515488,64,9955,2369,14174,4332,-7586,-9842,1.601
er,71f9b65a7de16662,64,27669,2391,39160,4389,-25278,-34771,2.716
er,aff30411da5e06db,64,15582,2407,22258,4431,-13175,-17827,1.944
er,9b64d547fcc0264d,64,12440,2406,17812,4403,-10034,-13409,1.87
er,a9a3649298940e7b,64,3826,2196,5508,3938,-1630,-1570,1.192
er,d0e6d75111a902db,64,10165,2298,14029,4156,-7867,-9873,2.005
er,8648e92a463c5bd1,64,22508,2462,32011,4524,-20046,-27487,2.236
er,0696e3095433a946,64,20340,2402,28881,4391,-17938,-24490,2.806
er,8edc62cdaa875738,64,16197,2451,23143,4507,-13746,-18636,1.981
er,fe9e237220534330,64,4320,2207,6195,3995,-2113,-2200,1.256
er,69e9f70514b15a3d,64,22576,2445,32123,4472,-20131,-27651,2.241
er,af2e0a89928d91c0,64,12364,2388,17617,4392,-9976,-13225,1.79
er,8097d6970cef9501,64,23579,2369,32869,4340,-21210,-28529,2.764
er,69866691fd688272,64,18135,2432,25800,4462,-15703,-21338,2.109
er,3dc81075b0d2cedc,64,7174,2408,10299,4368,-4766,-5931,1.567
er,7321aec892450f30,64,23804,2356,33100,4300,-21448,-28800,2.659
er,f0f5e2c92c34716d,64,19146,2419,26472,4429,-16727,-22043,2.521
er,b092e8c16bccd66a,64,17656,2435,25113,4471,-15221,-20642,1.995
er,0d428d3328e1cb12,64,12541,2310,17251,4160,-10231,-13091,2.222
er,1383177fd64ebb03,64,29034,2410,40761,4420,-26624,-36341,2.97
er,3f15f13834ad4a4d,64,28011,2435,38962,4456,-25576,-34506,2.929
er,b870341338a36c81,64,19842,2415,27546,4409,-17427,-23137,2.588
er,b442b875ed9f47de,64,29208,2409,41041,4425,-26799,-36616,2.988
er,c77075e11f19e9f2,64,29096,2433,41049,4463,-26663,-36586,2.802
er,dce39c028b063f27,64,18788,2405,26820,4413,-16383,-22407,2.126
er,f6bbbe8b46c1217b,64,15205,2395,21668,4373,-12810,-17295,1.874
er,a5f8dad80d185280,64,3862,2107,5590,3774,-1755,-1816,1.2
er,1a717b4a44ce49c4,64,14403,2366,19804,4308,-12037,-15496,2.349
er,638d81e77739a7b3,64,28462,2477,40001,4526,-25985,-35475,2.994
er,aff9b5b9e287876c,64,28725,2464,40375,4532,-26261,-35843,2.881
er,76a2584e3c631f20,64,13323,2366,19038,4329,-10957,-14709,1.729
er,3673f07764fc0590,64,16143,2430,22973,4454,-13713,-18519,1.986
er,06c1d9e67e2de1e8,64,27994,2482,39470,4550,-25512,-34920,2.813
er,4dbee0e18a70d261,64,29360,2427,41192,4462,-26933,-36730,3.031
er,dd55fb06c8ce7054,64,26484,2447,37426,4479,-24037,-32947,2.756
er,619571b1a4cb6422,64,25395,2465,35904,4517,-22930,-31387,2.565
er,0c805a8d2e65874d,64,13766,2288,18900,4167,-11478,-14733,2.272
er,0b9e528297e49689,64,7014,2246,10062,4093,-4768,-5969,1.401
er,1ac3c1afd1c77541,64,18816,2408,26822,4419,-16408,-22403,2.07
er,81ae5f8d0e864659,64,27845,2461,39297,4509,-25384,-34788,2.754
er,41ede52022f1e6a4,64,18878,2458,26970,4522,-16420,-22448,2.226
er,e3584f37b0ae23a3,64,12829,2353,18329,4311,-10476,-14018,1.753
er,4d7b0d3e361fa9f4,64,29191,2449,41232,4494,-26742,-36738,2.981
er,bb7251236c6f2b76,64,27559,2473,38939,4521,-25086,-34418,2.763
er,adeb6e3611a4edc7,64,4074,2285,5853,4122,-1789,-1731,1.254
er,9a5d8b232b943dc0,64,19300,2446,27497,4481,-16854,-23016,2.152
er,3e623d62921c092e,64,19135,2415,27233,4426,-16720,-22807,2.113
er,6550984fef0f656a,64,26291,2424,36736,4437,-23867,-32299,2.926
er,465f3f46f19c4c0c,64,21534,2436,30539,4471,-19098,-26068,2.166
er,d9d7f49648b62c48,64,29995,2453,42112,4514,-27542,-37598,2.937
er,68dff5860c9062b4,64,27523,2438,38836,4474,-25085,-34362,2.663
er,88f076e955b9e730,64,29736,2422,41886,4443,-27314,-37443,2.885
er,565735747204e07a,64,28314,2439,40044,4478,-25875,-35566,2.74
er,f8f58e9a2976ed78,64,21648,2367,30068,4320,-19281,-25748,2.567
er,0710b40ad30bcf97,64,20941,2415,28905,4414,-18526,-24491,2.707
er,86391966102d44d8,64,14706,2441,20896,4457,-12265,-16439,2.082
er,b4e26f904d9860c6,64,13405,2368,18521,4292,-11037,-14229,2.32
er,9cf6a38ba15910ab,64,13535,2374,19324,4341,-11161,-14983,1.838
er,38d1f0237f0048c2,64,25572,2357,35585,4321,-23215,-31264,2.735
er,e790a659e7b91b26,64,21385,2380,29661,4365,-19005,-25296,2.658
er,1ab0cc61f5454cf0,64,4446,2318,6419,4244,-2128,-2175,1.348
er,69e03b2edd613d41,64,27156,2439,38463,4468,-24717,-33995,2.626
er,ec7d1228d53e6c3b,64,7676,2427,11064,4409,-5249,-6655,1.472
er,2327fda285da3a0a,64,20182,2422,27940,4416,-17760,-23524,2.689
er,12ed0635c501202a,64,7306,2347,10475,4247,-4959,-6228,1.511
er,c8c1eb6d872e2fc9,64,12936,2476,18437,4516,-10460,-13921,1.774
er,7deefe799decb004,64,27910,2440,39449,4473,-25470,-34976,2.748
er,e5a89587c9f7ad1e,64,31444,2442,44184,4489,-29002,-39695,3.007
er,0fe048dfc9c80dea,64,3510,2267,5040,4059,-1243,-981,1.212
er,08e53093d48c0a4c,64,7682,2319,11046,4201,-5363,-6845,1.497
er,9c615ab8ca82f1a5,64,16319,2469,23324,4516,-13850,-18808,2.01
er,fdc6033b5d00d804,64,19266,2351,26516,4275,-16915,-22241,2.551
er,998ae32ecc4dca3b,64,29428,2363,41252,4325,-27065,-36927,2.996
er,2b4d7da06a7e1581,64,24654,2409,34272,4399,-22245,-29873,2.826
er,60d85c7db6f6ac33,64,28725,2434,40358,4484,-26291,-35874,3.067
er,bcc38946d4fad2a6,64,15460,2334,21221,4246,-13126,-16975,2.352
er,7a1315e38bf4f4da,64,8168,2351,11706,4303,-5817,-7403,1.56
er,bc0a32e10018e73d,64,16583,2475,23536,4534,-14108,-19002,2.12
er,74160c0a966cf497,64,13657,2443,19458,4477,-11214,-14981,1.761
er,1f9c7b28513b52a5,64,30271,2434,42667,4465,-27837,-38202,2.891
er,1fc5c48e168dc3ef,64,26245,2440,37341,4480,-23805,-32861,2.517
er,ca94a57781d1f44a,64,10182,2113,14002,3830,-8069,-10172,2.04
er,532e15f8e26c677c,64,26951,2472,38094,4544,-24479,-33550,2.535
er,3246bbf6b6c8e7bf,64,10158,2356,14526,4321,-7802,-10205,1.623
er,73ead1706b6b49d6,64,10444,2405,14926,4413,-8039,-10513,1.632
er,ddbfb927239010ec,64,29437,2401,41214,4401,-27036,-36813,2.967
er,b9e4ef283a125537,64,21027,2438,29880,4457,-18589,-25423,2.26
er,7e90312836196657,64,27033,2442,38241,4497,-24591,-33744,2.738
er,d1ef77e84764ebe2,64,20570,2403,29271,4414,-18167,-24857,2.239
er,ada96480fa31b744,64,28307,2468,40042,4526,-25839,-35516,2.663
er,0c63302f3808ecaa,64,10142,2310,14481,4217,-7832,-10264,1.513
er,2948acaec45c98f3,64,17473,2371,24855,4351,-15102,-20504,1.987
er,484650a9856cb223,64,10918,2364,15617,4307,-8554,-11310,1.679
er,a54c376dd098db40,64,28428,2449,40102,4481,-25979,-35621,2.717
er,b8e95aa6bd93ca03,64,23653,2413,33618,4432,-21240,-29186,2.191
er,80cf655d8721d99e,64,10195,2347,14031,4272,-7848,-9759,2.115
er,bcbd3af4b3b43553,64,24406,2461,34638,4502,-21945,-30136,2.47
er,e0d927f0d10393a8,64,27649,2452,38876,4491,-25197,-34385,2.725
er,afc8e6c20b5b0dc0,64,26567,2422,37691,4458,-24145,-33233,2.524
er,800b201105a19c29,64,29473,2463,41280,4496,-27010,-36784,3.027
er,12c2298b259f90f8,64,27885,2450,39350,4504,-25435,-34846,2.781
er,f7ff6527cf70a09c,64,10665,2136,14680,3842,-8529,-10838,2.07
er,fc08b7c3374acbb9,64,4526,2191,6524,3913,-2335,-2611,1.319
er,c98982302c812acd,64,15065,2326,20808,4265,-12739,-16543,2.326
er,aa03fa8df8c55d68,64,6810,2240,9743,4080,-4570,-5663,1.355
er,ba7b49f5363e38af,64,25569,2423,36311,4438,-23146,-31873,2.465
er,9187a60cba7fe780,64,23401,2442,33236,4501,-20959,-28735,3.392
er,d787808c8921f441,64,25679,2412,35959,4405,-23267,-31554,2.744
er,409e6b1a9e2cb480,64,3952,2156,5701,3884,-1796,-1817,1.259
er,ca24afdae7abf282,64,27109,2392,38068,4407,-24717,-33661,2.795
er,d04e85eecc249595,64,26187,2362,36492,4338,-23825,-32154,2.853
er,58f0ba5215f96b67,64,13416,2401,19132,4391,-11015,-14741,1.776
er,fd46e1500eb2bb49,64,26932,2461,38112,4515,-24471,-33597,2.692
er,ceb273c03b34cdba,64,16311,2373,23192,4346,-13938,-18846,1.948
er,41c8f8b1105f3f28,64,29960,2420,42342,4451,-27540,-37891,2.808
er,eb3749da3e880928,64,7928,2356,11383,4284,-5572,-7099,1.462
er,908e257d13af7a1b,64,28680,2446,40497,4490,-26234,-36007,2.749
er,b14645d6ed404ff5,64,16093,2467,22871,4533,-13626,-18338,2.027
er,aafe0b0ce00e7096,64,7718,2364,11057,4286,-5354,-6771,1.582
er,8b9b38cf7c0d6f42,64,19340,2428,27419,4447,-16912,-22972,2.104
er,294f58fbed1e1070,64,6680,2384,9618,4329,-4296,-5289,1.4
er,220265375be9f75f,64,26748,2386,37895,4386,-24362,-33509,2.604
er,40a122726fb9700b,64,29360,2456,41429,4483,-26904,-36946,2.727
er,281066d32b14f920,64,19563,2462,27947,4519,-17101,-23428,2.256
er,1455dc5a54dc7a81,64,27922,2437,39499,4480,-25485,-35019,2.708
er,0c16f10f8ae99eea,64,28233,2452,39687,4487,-25781,-35200,2.925
er,79222f3c14a6e1a2,64,15508,2413,22141,4442,-13095,-17699,2.005
er,9c75202757226815,64,28598,2430,40216,4465,-26168,-35751,2.747
er,cf9a1f32f7ac80e0,64,20502,2451,29057,4504,-18051,-24553,2.358
er,ffcbef8b5ae4ef9c,64,7696,2366,11090,4295,-5330,-6795,1.398
er,fc8b021a623fff38,64,3108,2086,4466,3726,-1022,-740,1.162
er,a9764eedff0e1591,64,19430,2356,26902,4332,-17074,-22570,2.555
er,1441dc8e3636831e,64,13144,2432,18734,4447,-10712,-14287,1.957
er,75f908b5cad067db,64,25093,2362,34974,4335,-22731,-30639,2.725
er,a0664a6356c967b5,64,3422,2254,4903,4007,-1168,-896,1.231
er,9951ad59bf3e660d,64,25283,2376,35258,4375,-22907,-30883,2.855
er,d7c6da02c97ed87e,64,21330,2482,30315,4550,-18848,-25765,2.243
er,33cb4920dc6ec267,64,25375,2423,35321,4435,-22952,-30886,2.821
er,516ea88a815cde94,64,11106,2375,15803,4374,-8731,-11429,1.746
er,f2d5d32f327ebea1,64,25529,2390,35750,4381,-23139,-31369,3.125
er,cd5830b99c04e4ac,64,13706,2336,18910,4238,-11370,-14672,2.235
er,16c288b7a72ae87d,64,26772,2411,37848,4423,-24361,-33425,2.693
er,861ec2924e18b13f,64,21963,2441,31097,4482,-19522,-26615,2.194
er,6616cc5c7dbfb064,64,9678,2181,13312,3930,-7497,-9382,2.051
er,29748e38a67460af,64,28590,2478,40373,4545,-26112,-35828,2.728
er,79496004899db34e,64,27082,2416,38368,4438,-24666,-33930,2.573
er,fb01093a18706a5d,64,29799,2427,41905,4443,-27372,-37462,2.853
er,a95362d6fca0801a,64,14010,2313,19315,4183,-11697,-15132,2.329
er,ce38c4ce545c34da,64,18935,2428,26086,4412,-16507,-21674,2.536
er,a8834beafa81825d,64,9796,2384,13961,4337,-7412,-9624,1.688
er,5563a2c74dbb870d,64,10440,2372,14849,4352,-8068,-10497,1.649
er,8286181ea170442f,64,15014,2428,21299,4432,-12586,-16867,1.949
er,9a726a8366f7a0b8,64,28111,2466,39334,4514,-25645,-34820,2.964
er,227632cbd282e455,64,24430,2398,34202,4391,-22032,-29811,2.868
er,e0d9508b1d2f62a9,64,29414,2468,41494,4512,-26946,-36982,2.809
er,dd67fce1ff2c691c,64,15958,2422,22688,4457,-13536,-18231,2.182
er,23cbb6fd0c71382e,64,11688,2359,16086,4287,-9329,-11799,2.187
er,e6f48e6e16856b2f,64,26714,2452,37235,4477,-24262,-32758,2.889
er,e6ce1bcc043f98d7,64,25015,2413,35448,4450,-22602,-30998,2.461
er,ae560d0a3be1aca4,64,14150,2360,19448,4296,-11790,-15152,2.252
er,f90e7ae04a1a40da,64,29040,2421,40667,4442,-26619,-36225,2.931
er,7950a563778c47bb,64,13990,2406,19242,4394,-11584,-14848,2.314
er,c93d4005f2e9a08b,64,7612,2422,10908,4404,-5190,-6504,1.466
er,4fb36be8d72171c1,64,19700,2370,27135,4369,-17330,-22766,2.53
er,56cf574cfb7e1582,64,16590,2446,23605,4484,-14144,-19121,1.951
er,7c03adbf78deed65,64,20570,2465,29238,4525,-18105,-24713,2.252
er,f2cc844eae10bb2b,64,29769,2430,42202,4461,-27339,-37741,3.028
er,9a98c09a38685654,64,19684,2385,27133,4337,-17299,-22796,2.567
er,7a0f8c940c4ee64f,64,29429,2440,41414,4481,-26989,-36933,2.915
er,23bf68c42dd25c90,64,23009,2399,32656,4392,-20610,-28264,2.284
er,04ad54de1ed44a77,64,14614,2413,20823,4409,-12201,-16414,1.848
er,5a9244492f18e49d,64,20532,2356,28343,4308,-18176,-24035,2.726
er,f842a9280510bc53,64,13080,2437,18632,4457,-10643,-14175,1.82
er,bd57d6eef4558c7c,64,25011,2468,35579,4521,-22543,-31058,2.498
er,1acd5ad8bd6c2097,64,10276,2402,14682,4385,-7874,-10297,1.662
er,528df94fe3fb262a,64,13619,2418,19429,4433,-11201,-14996,1.951
er,72fca0f680b28740,64,25443,2437,36152,4466,-23006,-31686,2.54
er,2164919ed7a4bfbc,64,21848,2423,31064,4441,-19425,-26623,2.158
er,bdd8ba1dabde2ef0,64,27457,2433,38840,4455,-25024,-34385,2.725
er,fa7ff9510b05510d,64,23454,2434,33292,4452,-21020,-28840,2.239
er,874a80264938b906,64,30219,2478,42302,4544,-27741,-37758,2.928
er,7afa5c352813a5bf,64,21984,2410,30425,4439,-19574,-25986,2.723
er,4261487fae4843ee,64,29829,2435,42001,4479,-27394,-37522,3.052
er,9f794fba0a7debb6,64,29675,2419,41872,4447,-27256,-37425,2.85
er,ba31e5d81e63f01f,64,23069,2425,32702,4438,-20644,-28264,2.236
er,da11abd9fe47ac9d,64,19673,2445,27944,4492,-17228,-23452,2.179
er,9e84b2e364c8b4e6,64,21496,2485,30535,4533,-19011,-26002,2.288
er,d129c13005390149,64,22313,2463,31657,4511,-19850,-27146,2.273
er,9fc6e945946ce017,64,18345,2447,26067,4479,-15898,-21588,2.099
er,80ee17e639b36060,64,10694,2431,15331,4460,-8263,-10871,1.696
er,8ef88d2157bb5984,64,18160,2390,25805,4368,-15770,-21437,2.056
er,49bf3e99f70cc4f9,64,10000,2369,14359,4306,-7631,-10053,1.608
er,e244220810041bb9,64,7305,2261,10484,4083,-5044,-6401,1.431
er,96758ef289ddb47e,64,29560,2460,41529,4513,-27100,-37016,2.84
er,7de94ffc8bb8ea55,64,4672,2280,6721,4125,-2392,-2596,1.242
er,3d18b10c5a6d21fe,64,25855,2430,36579,4436,-23425,-32143,2.498
er,04f9625460a51a51,64,3958,2339,5719,4251,-1619,-1468,1.287
er,289b329c4767d2d3,64,10650,2417,15211,4401,-8233,-10810,1.642
er,bad385e98d774953,64,26985,2448,38311,4508,-24537,-33803,2.581
er,e8710aa6284848fc,64,9746,2283,13433,4125,-7463,-9308,2.14
er,c9c87a7c80c79b3b,64,28909,2425,40728,4440,-26484,-36288,2.804
er,2ca4a0eac1a566e6,64,3630,2199,5180,3925,-1431,-1255,1.275
er,d9c3a37d20c8a9f1,64,24208,2446,34361,4494,-21762,-29867,2.345
er,e0054b2282d43f3a,64,27527,2461,38405,4516,-25066,-33889,2.928
er,9b3f15a28a0fef79,64,9931,2318,13650,4173,-7613,-9477,2.006
er,6216a2cfc86232a8,64,3958,2198,5686,3982,-1760,-1704,1.203
er,9a480cc96a2c7a31,64,26387,2423,36869,4434,-23964,-32435,2.893
er,6558bc9af663458f,64,9853,2170,13540,3869,-7683,-9671,1.943
er,9872f0448a5dd6a8,64,29366,2451,41375,4490,-26915,-36885,2.862
er,b7e89f344b6a2e72,64,3806,2295,5488,4170,-1511,-1318,1.235
er,6f57a4b3067bed33,64,18457,2467,26267,4527,-15990,-21740,2.127
er,7c197bd9a6bd2941,64,21148,2502,30148,4586,-18646,-25562,2.139
er,94242449576e7e7f,64,19228,2435,27340,4462,-16793,-22878,2.342
er,8b79f103ff0b79a3,64,3670,2271,5299,4032,-1399,-1267,1.263
er,31dd3c75aad588de,64,26490,2461,37424,4507,-24029,-32917,2.621
er,abb710ef012cda34,64,15024,2399,20642,4362,-12625,-16280,2.262
er,82eaf092809bea12,64,25808,2399,36433,4403,-23409,-32030,2.504
er,ebe8d75a54084c10,64,28477,2415,40100,4430,-26062,-35670,2.898
er,3bf0e85fd9c94007,64,26644,2453,37809,4492,-24191,-33317,2.554
er,9c409609ad5d879a,64,10912,2376,15630,4340,-8536,-11290,1.685
er,c8dbd8c762f913ba,64,24468,2413,34662,4404,-22055,-30258,2.542
er,55c0b8da4f5df216,64,28808,2405,40350,4413,-26403,-35937,2.994
er,18991eba549a2e55,64,27291,2409,38499,4413,-24882,-34086,2.637
er,d43f37167e2bd2ae,64,30196,2451,42513,4503,-27745,-38010,2.893
er,600d1f94b723f616,64,28294,2442,39885,4487,-25852,-35398,2.794
er,803d3d645e74315c,64,16721,2446,23879,4483,-14275,-19396,1.987
er,96b1320df4b26d79,64,15645,2407,22228,4404,-13238,-17824,1.943
er,ee4cd82eda7cb2e6,64,29426,2408,41414,4411,-27018,-37003,2.771
er,dc882f64b135c5a3,64,30174,2402,42605,4411,-27772,-38194,2.924
er,ca2a8f29b21ccd15,64,22392,2478,31809,4544,-19914,-27265,2.211
er,74e0ce85b3cf83bc,64,15535,2451,22140,4505,-13084,-17635,1.886
er,fa5e739b0f02af3b,64,23511,2419,33390,4436,-21092,-28954,2.261
er,ef0879fe6cb28141,64,19132,2441,27113,4473,-16691,-22640,2.149
er,a2723706cb8c6756,64,10981,2307,15091,4185,-8674,-10906,2.063
er,6cf15ebf4d818ca1,64,26969,2415,37770,4437,-24554,-33333,2.942
er,d02689cbdd843fb3,64,29170,2381,40895,4378,-26789,-36517,2.982
er,798cbb27e96578df,64,27614,2462,39000,4517,-25152,-34483,2.661
er,a7bc40ef4d0258dc,64,3576,2131,5141,3794,-1445,-1347,1.198
er,84ea15c267e6313e,64,25202,2457,35631,4503,-22745,-31128,2.557
er,41459005891a62fd,64,29302,2468,41311,4526,-26834,-36785,2.949
er,b4e95c5774bf38b1,64,24161,2370,33606,4340,-21791,-29266,2.852
er,6b5c517873d18ae6,64,30099,2427,42452,4468,-27672,-37984,3.005
er,e584d2dec3b3e446,64,25437,2433,35991,4467,-23004,-31524,2.611
er,3be0cc659b1bbf0e,64,20309,2451,28935,4490,-17858,-24445,2.117
er,fc9a337604eae45a,64,28686,2350,40421,4294,-26336,-36127,3.008
er,09c08909a23a893c,64,13465,2426,19186,4445,-11039,-14741,1.88
er,06aee1714d35d4b0,64,21054,2391,29175,4339,-18663,-24836,2.599
er,9d1d06370010852b,64,25637,2425,36321,4465,-23212,-31856,2.539
er,c3bc2a4e1ecf7b86,64,27073,2388,37878,4376,-24685,-33502,2.845
er,78a361f97684900c,64,26290,2422,36695,4407,-23868,-32288,2.936
er,733041de7bc18c0c,64,27834,2444,39329,4479,-25390,-34850,2.794
er,b7831b2458c73ea8,64,29742,2446,41981,4490,-27296,-37491,2.827
er,2a058765f677a0d8,64,28431,2449,39645,4492,-25982,-35153,2.866
er,0706fa52e0a3280b,64,14516,2340,19992,4242,-12176,-15750,2.206
er,eaf190314dc3e943,64,12818,2368,18360,4308,-10450,-14052,1.729
er,87f7e7f4e39fd77e,64,20657,2391,28510,4388,-18266,-24122,2.6
er,c99b4eff57c86031,64,29699,2379,41836,4361,-27320,-37475,2.95
er,e8c931f0e7242cc5,64,20578,2467,29152,4518,-18111,-24634,2.176
er,bee7aa347ccfd5f5,64,25120,2466,35464,4523,-22654,-30941,2.493
er,6a903c59668090c0,64,17716,2443,25257,4485,-15273,-20772,2.109
er,57cd85b6925f3f54,64,29491,2432,41396,4464,-27059,-36932,2.72
er,0983154c276c7a1f,64,7064,1915,9715,3371,-5149,-6344,1.807
er,e9049bc84257d663,64,4138,2235,5966,3976,-1903,-1990,1.209
er,aee2c5f3ebb92d8d,64,12898,2414,18429,4402,-10484,-14027,1.78
er,f84707991daf1c7e,64,3702,2219,5323,3933,-1483,-1390,1.14
er,39fdfd205c62f235,64,10698,2367,15286,4313,-8331,-10973,1.645
er,139cf82730fa89a1,64,25504,2447,36131,4493,-23057,-31638,2.509
er,e837c3216f93c147,64,28097,2430,39589,4470,-25667,-35119,2.704
er,de889c445441df12,64,29357,2448,41367,4484,-26909,-36883,2.822
er,80b8433e870ed788,64,29268,2431,41069,4463,-26837,-36606,2.975
er,6127e7d243c945f1,64,15284,2365,21049,4323,-12919,-16726,2.423
er,01923f495feb63d8,64,16689,2449,23765,4488,-14240,-19277,2.039
er,cfaae3356755e073,64,26540,2452,37565,4507,-24088,-33058,2.579
er,4da4498f57e3096f,64,10007,2198,13798,3941,-7809,-9857,2.07
er,43346f2ce1c07aa0,64,20236,2415,28754,4422,-17821,-24332,4.32
er,a436635ec00bf01d,64,10358,2223,14255,4007,-8135,-10248,2.15
er,2f190491e851bebc,64,18990,2411,26339,4417,-16579,-21922,2.686
er,49466106d3332149,64,13282,2368,18972,4357,-10914,-14615,1.806
er,c46fa8356e8b9216,64,20431,2370,28302,4337,-18061,-23965,2.663
er,182048888742c37b,64,25078,2445,35515,4495,-22633,-31020,2.484
er,97e4b8c2291d7d04,64,25118,2462,35015,4506,-22656,-30509,2.861
er,3c3647662a334602,64,7520,2379,10776,4347,-5141,-6429,1.494
er,e2f8538897107a40,64,27635,2421,38655,4448,-25214,-34207,2.884
er,c452ff4832387896,64,9722,2351,13912,4307,-7371,-9605,1.593
er,1bb65bf33efeabf6,64,16316,2414,23308,4425,-13902,-18883,1.977
er,d0b2e191b2b0bd6f,64,19832,2384,27512,4366,-17448,-23146,2.637
er,73caf2242ce38703,64,30412,2453,42889,4503,-27959,-38386,2.943
er,f34461a13543ee4c,64,15701,2481,22284,4554,-13220,-17730,1.946
er,6e1f24c7b8ca2f40,64,20590,2448,29177,4503,-18142,-24674,2.147
er,e9cf755efee87d5b,64,22995,2422,32609,4447,-20573,-28162,2.448
er,f2fe7dd4b8014f4a,64,3968,2277,5641,4109,-1691,-1532,1.237
er,01f20a0872dd06ff,64,10342,2371,14746,4329,-7971,-10417,1.688
er,828e3be1704225be,64,22525,2444,32004,4482,-20081,-27522,2.273
er,0653f31834609d2a,64,24572,2438,34874,4461,-22134,-30413,2.438
er,4e0756078d25f015,64,28813,2472,40771,4529,-26341,-36242,2.679
er,b748eb99da5cc685,64,10978,2363,15709,4334,-8615,-11375,1.64
er,c9612e9ff76ebe7f,64,4082,2247,5914,4012,-1835,-1902,1.304
er,95bfd62444664b9b,64,15699,2435,22357,4437,-13264,-17920,1.915
er,0d82f71252d9bd35,64,16007,2394,22740,4371,-13613,-18369,1.902
er,7c36b9bedb6df036,64,22798,2395,32309,4378,-20403,-27931,2.189
er,d5e17fe8e0e9e6e5,64,19849,2418,27486,4436,-17431,-23050,2.65
er,c9d0bcdc809e186f,64,27521,2436,38970,4465,-25085,-34505,2.595
er,ef42cc416c4ca86f,64,28389,2441,39963,4483,-25948,-35480,2.725
er,8d9aaa37047b8061,64,8705,2087,11979,3707,-6618,-8272,2.03
er,f039f96e3ddc45db,64,4004,2111,5758,3744,-1893,-2014,1.183
er,e3fbc1ff37925ed6,64,15911,2430,22609,4440,-13481,-18169,2.002
er,ffa5426702a4b68c,64,26253,2448,36630,4474,-23805,-32156,2.79
er,92a7011019b88b33,64,20592,2461,29267,4514,-18131,-24753,2.106
er,47007988d512143b,64,25232,2444,35640,4474,-22788,-31166,2.547
er,dcfcbfeffc4242c6,64,29690,2386,41902,4380,-27304,-37522,2.834
er,deae71bab2bd861d,64,22621,2414,32047,4448,-20207,-27599,2.414
er,9fa709557456db69,64,9079,1983,12458,3550,-7096,-8908,1.922
er,13e6841ec0bddf39,64,14284,2365,19658,4309,-11919,-15349,2.368
er,b7e3beb5a8ebbe38,64,13602,2419,19467,4444,-11183,-15023,1.86
er,9556dee9934fc051,64,29849,2423,41968,4431,-27426,-37537,2.86
er,0df1978a4fc3c353,64,9017,2250,12465,4055,-6767,-8410,2.021
er,3bb2a1930ea10dbe,64,13786,2337,19026,4234,-11449,-14792,2.258
er,5fd3a3049854fb7b,64,28506,2447,40210,4484,-26059,-35726,2.645
er,c456cb45e71ccef1,64,30455,2434,42811,4453,-28021,-38358,2.859
er,8e43790cb1e0d504,64,20385,2420,28133,4432,-17965,-23701,2.565
er,3954a081c5932bee,64,24542,2385,34238,4397,-22157,-29841,2.73
er,42cc4448b0d34b0c,64,21222,2414,30286,4425,-18808,-25861,2.114
er,c3ebd3135b87d83c,64,17913,2380,25548,4367,-15533,-21181,2.036
er,1b22b9a31fd57091,64,15356,2447,21889,4492,-12909,-17397,1.906
er,6d2ec24d700a74c7,64,13146,2435,18849,4462,-10711,-14387,1.783
er,b1e1b551e84bbd27,64,29460,2457,41762,4510,-27003,-37252,2.83
er,dfa4ec38cf5fb934,64,22167,2444,31488,4486,-19723,-27002,2.308
er,b82cacc773115403,64,23250,2404,32868,4417,-20846,-28451,2.192
er,20f0a2577a00e6e4,64,28398,2445,39583,4467,-25953,-35116,2.906
er,4e77a34435143029,64,28670,2474,40319,4534,-26196,-35785,2.916
er,1ce5217f9b4015a5,64,14452,2382,19930,4329,-12070,-15601,2.339
er,9c74c1c0876147f3,64,30395,2407,42822,4437,-27988,-38385,2.894
er,33acabb8978647d1,64,27246,2421,38465,4437,-24825,-34028,2.59
er,a5921cab70ef557d,64,26597,2468,37568,4515,-24129,-33053,2.64
er,94afd6321e0d014c,64,15943,2433,22762,4462,-13510,-18300,1.92
er,13ebd5e85967be0b,64,6464,2246,9279,4045,-4218,-5234,1.321
er,fe709fe4c5a3de42,64,17790,2444,25216,4470,-15346,-20746,2.086
er,bf5d18654e09d801,64,12607,2398,17977,4395,-10209,-13582,1.873
er,f26aa9649bb40a5f,64,9576,2440,13678,4437,-7136,-9241,1.711
er,d2a11d755e095cc8,64,18132,2433,25846,4459,-15699,-21387,2.053
er,a02ef3bc493d9338,64,7830,2337,11240,4239,-5493,-7001,1.53
er,496e439090f81647,64,26486,2399,36934,4370,-24087,-32564,2.907
er,d8d9f2e1922eb4c3,64,21597,2427,30678,4453,-19170,-26225,2.172
er,0675f65f39dc7f57,64,8771,2151,12179,3886,-6620,-8293,2.017
er,e0b6f159a58be4d2,64,10264,2174,14137,3991,-8090,-10146,2.028
er,bfa72687020acca4,64,6980,2323,10047,4223,-4657,-5824,1.39
er,e13976069df66d7b,64,30065,2451,42336,4496,-27614,-37840,2.849
er,d9d22a7c6a1b04a3,64,29907,2400,41719,4393,-27507,-37326,3.037
er,38d334fc0d7d98ee,64,27811,2426,38792,4446,-25385,-34346,2.944
er,9173b8dd256b1287,64,17984,2475,25699,4528,-15509,-21171,2.067
er,ff02e9536fb35ed5,64,18584,2471,26284,4535,-16113,-21749,2.177
er,27cc9ada8d46cbdc,64,13266,2444,18919,4455,-10822,-14464,1.731
er,6e3bb626ffa0aef6,64,17024,2415,24259,4417,-14609,-19842,2.061
er,efefea8a0162d994,64,27161,2419,38013,4424,-24742,-33589,2.907
er,7cf74acecaf22e51,64,26505,2430,37113,4441,-24075,-32672,2.949
er,fa11d48c48820f81,64,24104,2451,33523,4498,-21653,-29025,2.738
er,a6088bec6254059b,64,22086,2389,31339,4375,-19697,-26964,2.141
er,a0a01638f80291a2,64,27748,2480,39181,4544,-25268,-34637,2.655
er,5d55fee4aac05bba,64,8970,2164,12308,3895,-6806,-8413,1.983
er,a11607f29f78b872,64,18087,2428,25751,4446,-15659,-21305,2.009
er,0ebee90b7ee2fdb5,64,10408,2443,14827,4444,-7965,-10383,1.668
er,fd74289162f7427e,64,21984,2422,31259,4448,-19562,-26811,2.176
er,1777da34c0459d26,64,28731,2466,40226,4513,-26265,-35713,3.054
er,d2b51da37d75a832,64,3722,2055,5373,3656,-1667,-1717,1.2
er,5ec0af53464d62e0,64,22185,2386,31532,4381,-19799,-27151,2.279
er,ae6e2dc3fe486c2d,64,8928,2164,12318,3866,-6764,-8452,2.193
er,8d100943eef01b1b,64,21248,2462,30294,4490,-18786,-25804,2.321
er,515a7d015d7023da,64,21338,2420,30198,4444,-18918,-25754,2.243
er,7bbe9b99a1c4739b,64,26127,2345,36564,4300,-23782,-32264,2.717
er,6dac0022ade3f712,64,29118,2403,41126,4415,-26715,-36711,2.742
er,5a1a60db4ef2d802,64,25095,2449,35590,4489,-22646,-31101,2.446
er,aa33767f24110d4e,64,14302,2395,19675,4367,-11907,-15308,2.419
er,a8dde3f67a2b2d48,64,4252,2359,6111,4287,-1893,-1824,1.334
er,f06fddb77bc5fa88,64,20873,2452,29779,4490,-18421,-25289,2.098
er,58eeca156856ac6b,64,23681,2353,32919,4347,-21328,-28572,2.798
er,5974955fa15cf583,64,4432,2234,6316,4004,-2198,-2312,1.261
er,ce50e16cd09b3428,64,28695,2392,40338,4391,-26303,-35947,2.808
er,85ed9e9620692823,64,28380,2447,39754,4474,-25933,-35280,2.827
er,b2b009ca5c47d447,64,28699,2471,40422,4525,-26228,-35897,2.934
er,a39f3fab89dddc0f,64,29581,2446,41688,4466,-27135,-37222,2.954
er,90c936a5cd1d93a7,64,17942,2404,25531,4424,-15538,-21107,1.994
er,7558b5a10032d66c,64,3846,2250,5553,4072,-1596,-1481,1.197
er,9f773aae3a6b8d37,64,28021,2433,39394,4453,-25588,-34941,2.733
er,826846b50d14a015,64,12850,2427,18486,4445,-10423,-14041,1.645
er,55acc9e1165fff19,64,30103,2411,42263,4409,-27692,-37854,2.906
er,12b76b512c5964c3,64,30343,2454,42673,4509,-27889,-38164,2.969
er,b4f2d65c650a3959,64,17760,2419,25160,4427,-15341,-20733,2.077
er,6b6f3b649ffdb498,64,13146,2422,18750,4429,-10724,-14321,1.813
er,c7f895c6b5ff5b86,64,23499,2420,32625,4436,-21079,-28189,2.786
er,7f0d33bf95dac45c,64,9289,2253,12775,4095,-7036,-8680,2.021
er,e755b9eb57dedde0,64,23756,2387,33165,4381,-21369,-28784,2.91
er,18c7837eb8701e1b,64,30642,2412,43084,4409,-28230,-38675,2.874
er,2aa73e9b495d455b,64,10246,2349,14663,4311,-7897,-10352,1.657
er,6eddaa3b9361ab21,64,10631,2366,15207,4304,-8265,-10903,1.653
er,4bcbb0cee4ea6e01,64,27983,2451,39192,4502,-25532,-34690,2.773
er,c1909befdf2bd777,64,14822,2332,20432,4282,-12490,-16150,2.366
er,55d6c3e2237f2fae,64,28105,2410,39723,4423,-25695,-35300,2.715
er,e4edd103804d7e89,64,29210,2380,40997,4371,-26830,-36626,2.902
er,cfa965d6fdfb6b88,64,28541,2436,40092,4487,-26105,-35605,2.873
er,5b12020c09528245,64,28418,2451,40158,4498,-25967,-35660,2.817
er,950bd9f3f1e9fdcb,64,28389,2385,39612,4391,-26004,-35221,2.903
er,6c261fcf1925ee57,64,15331,2409,21782,4404,-12922,-17378,1.938
er,8cefae1f79fdd132,64,14394,2302,19774,4184,-12092,-15590,2.356
er,7c744f65d0c00513,64,25822,2371,36108,4339,-23451,-31769,2.807
er,44dff7663bd4f679,64,18937,2400,26085,4364,-16537,-21721,2.524
er,38a6240d6799ac03,64,27295,2423,38192,4451,-24872,-33741,2.897
er,542bb241c57092f5,64,7714,2193,10586,3831,-5521,-6755,1.881
er,3c57a85fe0eb04cb,64,4136,2282,5968,4111,-1854,-1857,1.303
er,c018aa4194eb3eb3,64,20809,2433,29503,4458,-18376,-25045,2.07
er,5a8000ec4807a9d8,64,28572,2437,39894,4446,-26135,-35448,3.081
er,aa014cb042a0b586,64,20160,2412,27785,4425,-17748,-23360,2.567
er,600c1d8f061126cb,64,22127,2414,31302,4421,-19713,-26881,2.477
er,30df2d8ffc704366,64,26721,2473,37910,4526,-24248,-33384,2.626
er,02e7fea8f6c8af94,64,24536,2444,34681,4462,-22092,-30219,2.551
er,07909b075ddccb7a,64,10106,2235,13870,4031,-7871,-9839,2.069
er,65173a9d90916d56,64,3726,2127,5380,3812,-1599,-1568,1.194
er,4f47c38478144d45,64,6568,2332,9457,4225,-4236,-5232,1.431
er,3ce270122adf3c14,64,26784,2460,37893,4521,-24324,-33372,2.61
er,f3665c9a4b2d1360,64,27288,2446,38543,4486,-24842,-34057,2.63
er,228d56cb89572cfc,64,16018,2335,22066,4250,-13683,-17816,2.399
er,779901129808a856,64,14427,2326,19841,4245,-12101,-15596,2.303
er,c16d25f9e027a6a9,64,13049,2408,18659,4417,-10641,-14242,1.827
er,cea6013b72c95926,64,16139,2402,22907,4391,-13737,-18516,1.955
er,e23e32e8b274b253,64,22884,2484,32473,4556,-20400,-27917,2.25
er,4b7af923e52b66de,64,18660,2372,26643,4347,-16288,-22296,2.148
er,43a9e008a225bc3c,64,27868,2414,39315,4446,-25454,-34869,2.696
er,28dddca7417fa5c0,64,20407,2393,28249,4365,-18014,-23884,2.563
er,2212ae54481f9528,64,23362,2441,33078,4466,-20921,-28612,2.249
er,864c98a3cc92686a,64,30249,2429,42583,4456,-27820,-38127,2.952
er,0574540bb6663515,64,25292,2453,35803,4486,-22839,-31317,2.48
er,cfecf616712aa1f1,64,28895,2454,40635,4508,-26441,-36127,3.0
er,38ad769210ade797,64,30896,2497,43674,4579,-28399,-39095,3.014
er,4731f7bdc33854a9,64,19223,2408,26501,4411,-16815,-22090,2.532
er,3746b23fad7ad480,64,3832,2256,5452,4029,-1576,-1423,1.283
er,5e662a93f0f2d922,64,23837,2337,33262,4261,-21500,-29001,2.696
er,87587d61e7adc864,64,19991,2373,27656,4346,-17618,-23310,2.57
er,d6924458dcd94fd1,64,25947,2412,36206,4412,-23535,-31794,2.842
er,374f1d8223179e8b,64,21264,2390,30239,4370,-18874,-25869,2.244
er,e639359b5825cd4a,64,21161,2403,30121,4421,-18758,-25700,2.376
er,8fab190f1bdfa82b,64,22240,2387,30887,4375,-19853,-26512,2.716
er,f0cc8e88802b430d,64,24593,2417,34931,4427,-22176,-30504,2.572
er,f5af080350999a9f,64,22517,2463,31990,4505,-20054,-27485,2.269
er,5a7ce981fe08cf2d,64,28527,2443,40267,4477,-26084,-35790,2.754
er,92fef00dcf1d6f0c,64,17804,2421,25339,4428,-15383,-20911,2.024
er,9b0ba4bc29883fe1,64,29509,2418,41699,4449,-27091,-37250,2.749
er,20643075262df710,64,30229,2471,42584,4518,-27758,-38066,2.997
er,401dcb5c851efb40,64,21119,2429,30062,4445,-18690,-25617,2.208
er,a0a09811306d2fc0,64,20540,2379,28431,4346,-18161,-24085,2.557
er,f08a86130f8f7d82,64,20673,2402,28809,4413,-18271,-24396,2.564
er,c7212f4c0ffb0a5e,64,23643,2478,33444,4551,-21165,-28893,2.535
er,2a1a4d42e291e30e,64,3812,2090,5532,3740,-1722,-1792,1.24
er,6dadbeafefbaadb2,64,13354,2461,19095,4515,-10893,-14580,1.77
er,edb895129199f6dd,64,28474,2430,39879,4447,-26044,-35432,2.93
er,51709e69cd0a89af,64,19755,2408,28132,4422,-17347,-23710,2.201
er,9a3dc6cccb2c6f9f,64,3824,2346,5476,4184,-1478,-1292,1.18
er,366116789c486638,64,27251,2452,38491,4500,-24799,-33991,2.642
er,5461f019b1acd4bb,64,29696,2401,41787,4402,-27295,-37385,2.925
er,1da7395734f77d91,64,3960,2218,5697,4017,-1742,-1680,1.254
er,f50fda1ce9d76ee3,64,28902,2438,40868,4469,-26464,-36399,2.878
er,ee3a98891ee63540,64,21276,2433,30208,4453,-18843,-25755,2.211
er,1420a889e866ed56,64,30051,2404,42576,4411,-27647,-38165,2.736
er,ce15e207e5a30e8c,64,18514,2445,26244,4497,-16069,-21747,2.119
er,c365d2bcd63a673d,64,3874,2254,5580,4029,-1620,-1551,1.268
er,2a2e6fc64532b8f1,64,27974,2424,39097,4443,-25550,-34654,2.922
er,71b716882ddd35dc,64,23085,2379,32827,4369,-20706,-28458,2.194
er,b3d664ab7a325c42,64,28748,2439,40584,4466,-26309,-36118,2.774
er,b759e0030989d27e,64,28029,2486,39325,4562,-25543,-34763,2.957
er,45a2ed2b58003e1d,64,23672,2474,33609,4517,-21198,-29092,2.299
er,a1356ab3c7281067,64,26726,2415,37894,4421,-24311,-33473,2.845
er,94c1b4688855344c,64,30176,2377,42490,4382,-27799,-38108,2.851
er,0891eea9d461e0e0,64,23953,2491,33999,4560,-21462,-29439,2.319
er,0bff803108c6528d,64,25132,2438,35644,4479,-22694,-31165,2.517
er,75cc465db0a521eb,64,18043,2402,25730,4418,-15641,-21312,2.106
er,0409412fbbb6abd5,64,9779,2377,13901,4337,-7402,-9564,1.642
er,793cbd43650a56f0,64,29718,2462,42108,4504,-27256,-37604,2.776
er,cf5d493da216febd,64,29253,2433,41108,4475,-26820,-36633,2.899
er,46e9775ff41cc6b6,64,14799,2423,21084,4454,-12376,-16630,1.895
er,1e303d8f1e832230,64,16454,2440,23498,4478,-14014,-19020,1.994
er,1a538d38ba346e21,64,21070,2435,29150,4449,-18635,-24701,2.616
er,880edb6616a45c4c,64,28568,2450,40263,4497,-26118,-35766,2.75
er,e250d68c04891441,64,27342,2404,38587,4412,-24938,-34175,2.631
er,cae1d553b6ebd92e,64,26090,2455,36926,4490,-23635,-32436,2.613
er,10e2238fbbdd1248,64,24621,2407,34291,4414,-22214,-29877,2.75
er,f5c919ee682a8fc3,64,29247,2469,41059,4527,-26778,-36532,2.993
er,66f149f90ee4cb12,64,26920,2483,38043,4549,-24437,-33494,2.614
er,262af068f614a56c,64,10276,2389,14652,4384,-7887,-10268,1.678
er,432b9c22609d9aad,64,28911,2448,40584,4465,-26463,-36119,2.913
er,3b1aef53cfb8b131,64,20416,2401,28236,4393,-18015,-23843,2.614
er,5ed076b9a30f9f03,64,28416,2411,39898,4418,-26005,-35480,2.776
er,cc45dea1a4df88f9,64,9398,2215,12901,3999,-7183,-8902,2.06
er,ae2994616c4154d7,64,24199,2399,33664,4392,-21800,-29272,2.868
er,34ff3127e1c72d98,64,12766,2393,17549,4348,-10373,-13201,2.259
er,f33c2c860c89a42e,64,3814,2095,5474,3717,-1719,-1757,1.223
er,696f28f4e25edbe9,64,9791,2229,13464,4038,-7562,-9426,2.191
er,5f02309270c7b700,64,7542,2380,10821,4343,-5162,-6478,1.454
er,dd5fed5987b7ca35,64,30041,2388,42415,4369,-27653,-38046,2.875
er,875d5fdec0202e73,64,3612,2166,5208,3878,-1446,-1330,1.161
er,099d4b6822afefa1,64,13062,2473,18605,4520,-10589,-14085,1.847
er,dbd438b4d2fac9f9,64,24217,2419,34354,4437,-21798,-29917,2.256
er,bc1980761e9b27a6,64,4078,2233,5885,4041,-1845,-1844,1.265
er,4eaafde54a5e65c3,64,6532,2350,9379,4254,-4182,-5125,1.464
er,3f263c4e9424c98b,64,11232,2447,16061,4453,-8785,-11608,1.847
er,d3c0fbce447b4412,64,15303,2296,21084,4205,-13007,-16879,2.265
er,f9b1530bb9f0459b,64,23394,2444,33366,4477,-20950,-28889,2.339
er,79d865d15767f216,64,15732,2390,21756,4340,-13342,-17416,2.317
er,7a12b5e9fd0a6297,64,12712,2390,18088,4375,-10322,-13713,1.81
er,a2fdf051dba9e1e1,64,25083,2425,35607,4466,-22658,-31141,2.48
er,a5e2025d65c5daf4,64,19065,2430,27191,4474,-16635,-22717,2.142
er,81c19aafe58e39fa,64,29631,2446,41800,4486,-27185,-37314,2.829
er,92085c20b684213e,64,26915,2482,37997,4540,-24433,-33457,2.595
er,a8bc0aa8d04b1153,64,21687,2419,30788,4436,-19268,-26352,2.151
er,85a59819101cc331,64,10456,2210,14363,4015,-8246,-10348,2.076
er,2c45557ef25cd900,64,28833,2433,40554,4467,-26400,-36087,2.822
er,bbce775b6dd5ff2f,64,29224,2439,41227,4461,-26785,-36766,2.964
er,f3c5e56958d6a155,64,22275,2434,31539,4475,-19841,-27064,2.357
er,4fc2f072153b717f,64,27462,2369,38302,4340,-25093,-33962,2.958
er,82dfca3cbf86afd0,64,10780,2378,15409,4361,-8402,-11048,1.662
er,abcad6f76b48d0f0,64,25167,2427,35653,4446,-22740,-31207,2.47
er,256cdd8304cc4152,64,7298,2105,10051,3761,-5193,-6290,1.914
er,bcbc3238e328cb27,64,16254,2434,23248,4471,-13820,-18777,1.963
er,9fd353e1724a593f,64,21495,2475,30556,4532,-19020,-26024,2.323
er,accea2e83b8776a2,64,25990,2479,36751,4550,-23511,-32201,2.683
er,473322e910d94de5,64,26733,2403,37803,4395,-24330,-33408,2.57
er,eecbc17a0730018b,64,20525,2447,29215,4475,-18078,-24740,2.106
er,85dc9bab6045a7a6,64,30144,2458,42478,4523,-27686,-37955,2.963
er,2f38aee3b771a1aa,64,26747,2407,37232,4372,-24340,-32860,2.777
er,67bec4ef2cec1d17,64,12994,2398,18525,4388,-10596,-14137,1.811
er,4bc058de49a6a8dc,64,9106,2312,12521,4130,-6794,-8391,2.06
er,597562bfc678ac8d,64,16716,2411,23755,4409,-14305,-19346,1.964
er,5f142b8f466db072,64,28443,2398,40083,4393,-26045,-35690,2.784
er,8c6ebaccf6e36f54,64,24004,2429,34069,4455,-21575,-29614,2.49
er,0517a894928bebe2,64,15803,2364,22508,4332,-13439,-18176,1.985
er,aa760dd50f2e1d7f,64,6873,2327,9884,4227,-4546,-5657,1.431
er,3c5e05805103fd28,64,17588,2457,24963,4492,-15131,-20471,2.077
er,556616ef7a04dadf,64,27316,2441,38698,4479,-24875,-34219,2.651
er,ec4d56246614754c,64,9767,2376,13980,4342,-7391,-9638,1.69
er,c660b3d6aca8e583,64,20400,2438,28972,4474,-17962,-24498,2.076
er,79661cf7cb88779a,64,23253,2432,33032,4447,-20821,-28585,2.388
er,2994f7be10a28a5d,64,25702,2411,36598,4427,-23291,-32171,2.587
er,53de52ab1202868a,64,8765,2059,12126,3671,-6706,-8455,2.001
er,96582d956c1f0344,64,29508,2471,41639,4537,-27037,-37102,3.033
er,4749fa3cdebcc961,64,29868,2411,41991,4425,-27457,-37566,2.941
er,fb143a440ee677b8,64,27614,2428,38634,4434,-25186,-34200,2.953
er,049ff2be9399386b,64,27702,2467,38732,4512,-25235,-34220,2.989
er,2abc4998edf32d97,64,24947,2429,35408,4447,-22518,-30961,2.492
er,0918831cd823def3,64,12282,2395,17539,4385,-9887,-13154,1.823
er,4110c398ee55d2e6,64,28657,2421,40123,4438,-26236,-35685,2.711
er,3adf9dbcd1b63eab,64,15642,2430,22294,4442,-13212,-17852,1.982
er,7cca3cbffeab8165,64,28016,2425,39519,4447,-25591,-35072,2.746
er,0360e3564466241b,64,12616,2384,17988,4357,-10232,-13631,1.734
er,10ee02c1a4210005,64,11030,2366,15773,4351,-8664,-11422,1.986
er,59cfc1691cadedab,64,25596,2385,35694,4367,-23211,-31327,2.821
er,4e1d17546407e921,64,23451,2460,33176,4503,-20991,-28673,2.315
er,9f622922313db821,64,13739,2353,18969,4297,-11386,-14672,2.269
er,483cb6fb0cbf23ae,64,26654,2407,37664,4424,-24247,-33240,2.591
er,54dc240adddf230f,64,28896,2469,40536,4512,-26427,-36024,2.969
er,4b2ca47f813c6597,64,25688,2459,36305,4496,-23229,-31809,2.658
er,7a38b74ca1c0daad,64,12628,2430,18128,4439,-10198,-13689,1.768
er,b1614babae4c69d4,64,19286,2430,27504,4446,-16856,-23058,2.135
er,620edf2aa3e755c8,64,8470,2388,11672,4269,-6082,-7403,1.956
er,e17e3d72b1fe01df,64,8985,2195,12416,3954,-6790,-8462,2.003
er,8d4d895b9e48f15b,64,18611,2399,25750,4393,-16212,-21357,2.477
er,50141279cc32b2bb,64,24169,2390,33691,4387,-21779,-29304,2.937
er,16de56fc2e89b471,64,28510,2449,40226,4488,-26061,-35738,2.792
er,c6b9f273d44ea94b,64,29626,2450,41848,4487,-27176,-37361,2.965
er,b7c92d9356b8b1b5,64,27696,2423,39192,4435,-25273,-34757,2.738
er,dbf290903e00b981,64,18526,2435,26405,4460,-16091,-21945,2.142
er,d87fc2767f2c72fb,64,29229,2426,41398,4437,-26803,-36961,3.004
er,9d298f36aa1a0f39,64,18498,2430,26272,4463,-16068,-21809,2.088
er,fc8874e15be78979,64,27651,2385,38631,4359,-25266,-34272,2.932
er,7d5cc916f9c08a7d,64,29543,2436,41459,4479,-27107,-36980,3.066
er,b9c386ad77153585,64,25595,2435,36211,4462,-23160,-31749,2.409
er,f6b1f6c3670813f6,64,12674,2407,18134,4410,-10267,-13724,1.743
er,c405066d350eb24d,64,24311,2426,33963,4456,-21885,-29507,2.843
er,7f60616c28919cca,64,15052,2418,20745,4422,-12634,-16323,2.357
er,b38399ed53577742,64,28534,2407,40036,4413,-26127,-35623,2.817
er,f228190dbdef9fe6,64,28601,2420,40184,4431,-26181,-35753,2.968
er,7caf938f16fbbc97,64,26843,2432,37949,4460,-24411,-33489,2.511
er,f846414d3cfad128,64,15139,2369,21539,4357,-12770,-17182,1.921
er,40d5b24769832fcc,64,9879,2206,13605,3987,-7673,-9618,2.002
er,9d40607b4ae1a055,64,30208,2438,42605,4481,-27770,-38124,2.852
er,8396b08c03d23a53,64,24059,2456,34070,4504,-21603,-29566,2.37
er,bc10e39f7c2af776,64,29248,2453,41258,4496,-26795,-36762,2.843
er,c17d94ea44dfa82d,64,23978,2410,33309,4430,-21568,-28879,2.893
er,48bddb67b1688fbe,64,19987,2373,28430,4354,-17614,-24076,2.027
er,78e93b9c10ecbbb3,64,18919,2448,26977,4486,-16471,-22491,2.151
er,3269d66d7aee1ec8,64,10030,2184,13762,3889,-7846,-9873,2.048
er,13e16749e9d650af,64,10673,2423,15279,4423,-8250,-10856,1.676
er,e11dfd03212e7eab,64,18713,2433,26604,4468,-16280,-22136,2.121
er,f869c1506b8c3467,64,10124,2400,14575,4384,-7724,-10191,1.644
er,a85ced6dc170724d,64,24926,2459,35302,4512,-22467,-30790,2.401
er,b2b4da3e5b097930,64,28962,2404,40749,4404,-26558,-36345,3.027
er,931843b761ec8888,64,25267,2390,35794,4403,-22877,-31391,2.592
er,767b5528ac81a394,64,26644,2367,37216,4338,-24277,-32878,2.807
er,a3e085327e35ccfa,64,25526,2421,36176,4426,-23105,-31750,2.547
er,dce5402a6b550902,64,4652,2255,6701,4077,-2397,-2624,1.397
er,69357f35998058e9,64,27567,2434,38908,4488,-25133,-34420,2.619
er,9ba712b86bcf8acf,64,26800,2392,37880,4388,-24408,-33492,2.632
er,d7752172c6277e59,64,6802,2368,9738,4321,-4434,-5417,1.439
er,a5a5b86f61c968c6,64,18212,2417,25956,4412,-15795,-21544,2.286
er,e7b6ed90ebadcfd6,64,30480,2448,42922,4488,-28032,-38434,3.066
er,c78ac52a5c37d411,64,26410,2448,37314,4467,-23962,-32847,2.538
er,1a4e471645e2208b,64,20103,2421,28589,4448,-17682,-24141,2.181
er,e8c66e95d012ceca,64,10620,2384,15171,4347,-8236,-10824,1.606
er,b387c3e35b9a7cfb,64,30830,2413,43544,4442,-28417,-39102,2.882
er,6a241f6ae6471961,64,16198,2377,22355,4357,-13821,-17998,2.336
er,ff86d21de68e52e4,64,19661,2422,27070,4411,-17239,-22659,2.623
er,a029f90467c0f25f,64,7270,2362,10430,4293,-4908,-6137,1.642
er,234e8d5ab255af59,64,13516,2346,18585,4273,-11170,-14312,2.269
er,3f679f80811560eb,64,7300,2351,10470,4273,-4949,-6197,1.509
er,dc0d2404c5c1a954,64,13839,2233,18966,4067,-11606,-14899,2.235
er,eb117dd34530bcdd,64,8762,2061,12082,3692,-6701,-8390,2.007
er,529b39ca941cbee5,64,7106,2287,10215,4159,-4819,-6056,1.446
er,361014a3b799c945,64,15557,2289,21464,4185,-13268,-17279,2.328
er,3289c490788e5378,64,18629,2458,26516,4495,-16171,-22021,2.14
er,eadb4691cd1e8a50,64,28448,2427,40124,4461,-26021,-35663,2.824
er,342acbcf0dedabab,64,13783,2378,18940,4340,-11405,-14600,2.345
er,10bea314cff498d2,64,26621,2447,37674,4500,-24174,-33174,2.642
er,e589fd7d71d70b7d,64,29627,2392,41647,4396,-27235,-37251,2.92
er,0c063d1901f2f176,64,26033,2426,36894,4456,-23607,-32438,2.583
er,045486d72312234e,64,7130,2299,10258,4149,-4831,-6109,1.412
er,f9086c083ecc403d,64,25624,2404,36420,4409,-23220,-32011,2.505
er,a94f2da8bd8838cf,64,19469,2482,27660,4534,-16987,-23126,2.102
er,00ac98d41c808dfb,64,10396,2411,14877,4427,-7985,-10450,1.668
er,a180cf991db652cd,64,10486,2318,15074,4226,-8168,-10848,1.61
er,03076a9b1e1e931c,64,17989,2412,25593,4424,-15577,-21169,2.007
er,b40af1159ffb6c4c,64,23798,2311,33103,4251,-21487,-28852,3.009
er,ad122449b50921a5,64,10662,2396,15294,4384,-8266,-10910,1.628
er,ce4f7a3b0010418b,64,6994,2327,9988,4284,-4667,-5704,1.546
er,91d73ebffe8de5e2,64,15169,2401,20918,4396,-12768,-16522,2.445
er,d07b4b06c463d9cb,64,9378,2275,12918,4095,-7103,-8823,1.973
er,48fe664fee58e2dd,64,18605,2375,26584,4363,-16230,-22221,2.116
er,04d42b571dca46da,64,20880,2332,28880,4221,-18548,-24659,2.564
er,021ffa633acfb505,64,20541,2405,29118,4413,-18136,-24705,2.431
er,1df70caa0d14d051,64,20934,2379,28938,4342,-18555,-24596,2.548
er,0dc95e8d97a0ccfe,64,6734,2356,9591,4318,-4378,-5273,1.391
er,8c226e2fea429ac1,64,22765,2435,32286,4457,-20330,-27829,2.202
er,4ce38c608bdc6244,64,6224,2384,8924,4299,-3840,-4625,1.313
er,68eb447b48856c37,64,26521,2422,37552,4461,-24099,-33091,2.588
er,c082a371ec56634e,64,24193,2452,34138,4492,-21741,-29646,2.42
er,10989c3e7eb78e5b,64,10750,2394,15426,4371,-8356,-11055,1.59
er,7866948c235c35dd,64,26585,2442,37670,4476,-24143,-33194,2.609
er,c6233d291fe0d2f9,64,20577,2376,28513,4330,-18201,-24183,2.56
er,e4cce5d2c3afdd85,64,13395,2384,19144,4375,-11011,-14769,1.861
er,4acb33e807b2a7ee,64,20771,2466,29480,4519,-18305,-24961,2.269
er,192c5e02d788823b,64,25964,2399,36278,4374,-23565,-31904,2.859
er,22edd3f61a6922c0,64,19298,2453,27374,4496,-16845,-22878,2.133
er,c6d3c3962988c7e3,64,13268,2414,18895,4431,-10854,-14464,1.851
er,1873ffe46ed6b069,64,18625,2413,26441,4431,-16212,-22010,2.094
er,0a5430299d8dd75d,64,29189,2397,40763,4389,-26792,-36374,2.974
er,b075e1dd5bb15bb5,64,15640,2422,22271,4439,-13218,-17832,1.971
er,a5d5d54e4f5beb63,64,28525,2451,40130,4479,-26074,-35651,2.774
er,3dde16934fa95fbd,64,8591,2184,11817,3923,-6407,-7894,1.991
er,d289e050c3608e0f,64,6693,2324,9574,4218,-4369,-5356,1.435
er,b97a5beb6fbc35de,64,21093,2443,30005,4473,-18650,-25532,2.62
er,83ef3a290a5eee20,64,7548,2299,10841,4175,-5249,-6666,1.458
er,359d4a6de8a68272,64,25157,2431,35089,4461,-22726,-30628,2.972
er,e852fe07402bf17c,64,30427,2386,42497,4380,-28041,-38117,3.058
er,968221b05ad998c2,64,29297,2467,41303,4515,-26830,-36788,2.898
er,62cc8fe2a54076b6,64,18855,2421,26781,4443,-16434,-22338,2.116
er,a2f9a8aba0993be5,64,22322,2463,31701,4524,-19859,-27177,2.233
er,cf9dcbebf467aec7,64,29631,2429,41696,4468,-27202,-37228,2.959
er,18c02964406f89f4,64,26057,2423,36479,4478,-23634,-32001,2.797
er,f21d308f056d1018,64,30671,2447,43144,4482,-28224,-38662,2.929
er,09c476efd6bcaeed,64,28392,2414,39661,4416,-25978,-35245,2.981
er,0dc54b22ed8cf0c0,64,7400,2339,10658,4243,-5061,-6415,1.473
er,2c32523957ac4bbe,64,15935,2400,22697,4396,-13535,-18301,1.978
er,0322107c9523bee1,64,20491,2454,29166,4506,-18037,-24660,2.414
er,a539c830d62a1f59,64,10654,2371,15213,4354,-8283,-10859,1.559
er,4ead5a13531cb99f,64,28702,2430,40517,4448,-26272,-36069,2.766
er,5d4cc85afc57695e,64,29372,2443,41190,4467,-26929,-36723,2.868
er,3fd488294cfac76f,64,25341,2451,36039,4506,-22890,-31533,2.475
er,f31fe8c395480286,64,29385,2463,41359,4508,-26922,-36851,2.926
er,43ddd48480140a5b,64,24773,2424,35184,4444,-22349,-30740,2.465
er,e3a6a7a5c2f252fa,64,15622,2432,21526,4439,-13190,-17087,2.35
er,53c085fbfdf8f465,64,8977,2176,12325,3912,-6801,-8413,1.968
er,6fa5cd36376e8398,64,25056,2451,35629,4502,-22605,-31127,2.547
er,88c9b2cfe88811ba,64,21252,2437,30314,4474,-18815,-25840,2.245
er,097f09209969a636,64,4060,2153,5832,3874,-1907,-1958,1.199
er,93e47ff6d28f29f1,64,22536,2435,31909,4460,-20101,-27449,2.351
er,3dff2b58f38a216d,64,18909,2452,26893,4486,-16457,-22407,2.191
er,d6543d6b5888b196,64,20010,2414,28279,4444,-17596,-23835,2.068
er,be3c0579187dd91a,64,4118,2128,5914,3802,-1990,-2112,1.276
er,d2f6da4f2f1c002e,64,29446,2446,41459,4471,-27000,-36988,2.907
er,f0616ca4f0267d93,64,7605,2350,10888,4255,-5255,-6633,1.488
er,4b43135eaf5aee66,64,16235,2420,23157,4421,-13815,-18736,1.969
er,b98039921caa6054,64,19430,2428,27687,4448,-17002,-23239,2.06
er,9f98dc682ec5072c,64,10541,2173,14515,3911,-8368,-10604,2.131
er,ac5d89ddd0a649a7,64,3590,2248,5166,4012,-1342,-1154,1.236
er,16232541977df542,64,18946,2431,26867,4449,-16515,-22418,2.103
er,dd49a8d9b3e764e9,64,25884,2462,36550,4519,-23422,-32031,2.595
er,ddc1af569d5df300,64,29953,2486,42134,4560,-27467,-37574,2.907
er,f187c84f480630e1,64,24483,2423,34133,4446,-22060,-29687,2.764
er,0ec06241ba84724c,64,26356,2444,37366,4487,-23912,-32879,2.594
er,8d43787a914cb69f,64,15855,2420,22697,4434,-13435,-18263,1.95
er,f8be0b4051e1c672,64,28473,2453,40327,4501,-26020,-35826,2.76
er,fcf887abaa08140f,64,26003,2476,36228,4526,-23527,-31702,2.832
er,e5cda27927f5ff9b,64,10658,2365,15286,4334,-8293,-10952,1.627
er,bc9b586ed2b35771,64,30054,2408,42491,4409,-27646,-38082,2.891
er,962d82d885f3e109,64,24936,2441,35505,4498,-22495,-31007,2.464
er,821c0710b832bee1,64,9191,2291,12695,4145,-6900,-8550,1.968
er,d2be33d6c0bdc6d5,64,25372,2413,36074,4418,-22959,-31656,2.473
er,10d09a616c91348d,64,28773,2399,40369,4389,-26374,-35980,2.853
er,ffa4749a898ab358,64,9009,2220,12419,3974,-6789,-8445,1.973
er,20c30c1b4f8f3eb2,64,28916,2409,40842,4427,-26507,-36415,2.703
er,cac9494ea167e2e7,64,30327,2402,42799,4417,-27925,-38382,2.992
er,c81fee0284c8f253,64,6936,2309,9937,4185,-4627,-5752,1.48
er,0a0c6ac516e4f812,64,23664,2462,33547,4515,-21202,-29032,2.294
er,fd6e730b77f15a17,64,19576,2423,27023,4445,-17153,-22578,2.566
er,b6ec3e36624e696d,64,10628,2400,15147,4387,-8228,-10760,1.631
er,4b577fd340be0860,64,8693,2156,11957,3844,-6537,-8113,2.031
er,28673892e0497e1c,64,25840,2396,36070,4380,-23444,-31690,2.825
er,9ec5b502be5f26ef,64,8188,2264,11343,4069,-5924,-7274,1.988
er,eb646b80b35198d9,64,25642,2378,35861,4349,-23264,-31512,2.782
er,21806fc9af74473d,64,21004,2417,29807,4421,-18587,-25386,2.132
er,6843b0013674e570,64,21072,2444,29927,4491,-18628,-25436,2.362
er,0ee26809c3c1b67d,64,9701,2301,13303,4168,-7400,-9135,2.059
er,17289b380de14430,64,13093,2274,18072,4115,-10819,-13957,2.345
er,0e6c366992beee8e,64,9963,2320,14266,4226,-7643,-10040,1.588
er,b0988a0bfe84a998,64,4354,2196,6221,3958,-2158,-2263,1.271
er,051e7483274764f7,64,10461,2336,14981,4309,-8125,-10672,1.624
er,c9edd97164ce9728,64,6904,2296,9863,4202,-4608,-5661,1.405
er,bd7cd6bb646a4a75,64,22195,2403,30752,4404,-19792,-26348,2.684
er,b0610c0b28adbc2e,64,28255,2458,39895,4509,-25797,-35386,2.742
er,5fd730e7c2c13e4f,64,27413,2409,38761,4411,-25004,-34350,2.573
er,fe7aaba4893ec947,64,23427,2408,33190,4423,-21019,-28767,2.351
er,317efbf5c85572f8,64,23312,2384,33047,4377,-20928,-28670,2.221
er,ea2c4465e6c00f88,64,26272,2455,37194,4523,-23817,-32671,2.904
er,53010fd3064cd951,64,13968,2294,19228,4181,-11674,-15047,2.255
er,e2ad552938f548f6,64,30015,2432,42261,4474,-27583,-37787,2.804
er,acb1587d78d13f56,64,24535,2452,34760,4503,-22083,-30257,2.606
er,055c39e245318abe,64,24407,2385,33940,4368,-22022,-29572,2.787
er,9c1413735b8357fb,64,4216,2228,6056,3991,-1988,-2065,1.325
er,9c32a5d141e42958,64,9041,2177,12417,3945,-6864,-8472,1.956
er,becbfd9d32bb375b,64,14601,2232,20167,4058,-12369,-16109,2.301
er,f5a3b830a404db97,64,20147,2417,28427,4440,-17730,-23987,2.13
er,1a6b27654c9ff2a0,64,20955,2454,29814,4473,-18501,-25341,2.08
er,628d2e2284db39b5,64,7114,2400,10235,4410,-4714,-5825,1.472
er,78ab3ba3290b1a69,64,26604,2460,37568,4503,-24144,-33065,2.56
er,ea38c376962c8041,64,9990,2364,14215,4317,-7626,-9898,1.859
er,f3fadaa199c8239b,64,29421,2459,41474,4518,-26962,-36956,2.976
er,c4f5387f92d53d2e,64,27244,2427,38588,4456,-24817,-34132,2.62
er,66e95c42c336d718,64,9950,2393,14234,4389,-7557,-9845,1.624
er,adfd211184e07888,64,17850,2435,25501,4475,-15415,-21026,2.025
er,71d72bef7df9c2e0,64,15814,2468,22570,4518,-13346,-18052,1.954
er,5fdfee2167a75684,64,12802,2392,18270,4403,-10410,-13867,1.78
er,1a058a5837c21da9,64,20666,2426,29363,4439,-18240,-24924,2.27
er,9a9d08bdd8f2a966,64,7224,2379,10356,4313,-4845,-6043,1.442
er,7a9ae78cc4956bbe,64,25307,2410,35296,4416,-22897,-30880,2.764
er,1e5558bae1b4b7b5,64,26302,2454,37000,4499,-23848,-32501,2.602
er,570fba2c1cc7983d,64,28359,2479,40212,4537,-25880,-35675,2.695
er,88c54cbe1884466b,64,29038,2446,40725,4487,-26592,-36238,2.87
er,6fc06ee1b388e6d7,64,7340,2301,10539,4221,-5039,-6318,1.494
er,b5eedbc186bb092a,64,25039,2395,34890,4370,-22644,-30520,2.753
er,2babca408fff7ad9,64,29335,2405,41391,4407,-26930,-36984,2.826
er,37d91ac65bc6bfda,64,20224,2466,28828,4512,-17758,-24316,2.341
er,721448895dae143c,64,4308,2294,6204,4128,-2014,-2076,1.18
er,3ffc980b91607b58,64,27573,2440,38802,4477,-25133,-34325,2.715
er,37dfacd3ff14f087,64,17567,2438,25024,4464,-15129,-20560,2.064
er,e7c25c1e4051550a,64,25427,2445,36184,4480,-22982,-31704,2.499
er,2c7408903b4ac432,64,6420,2363,9265,4302,-4057,-4963,1.418
er,f6096f0a2bf64e24,64,7592,2338,10918,4271,-5254,-6647,1.533
er,4f04eebd99c54d51,64,25864,2421,36536,4461,-23443,-32075,2.562
er,9b156cc55a8cb13d,64,7418,2263,10638,4096,-5155,-6542,1.422
er,494a9847d7ad76e7,64,30644,2455,43112,4511,-28189,-38601,3.088
er,e1496a6090d56bc3,64,28914,2438,40773,4469,-26476,-36304,2.903
er,f66a748edd7d2a07,64,27139,2449,38395,4503,-24690,-33892,2.636
er,86036ec5ff20c091,64,28853,2423,40724,4443,-26430,-36281,2.719
er,ac8a6af5f2359e51,64,21196,2456,30165,4516,-18740,-25649,2.139
er,b20411b5534b27a1,64,7258,2340,10428,4260,-4918,-6168,1.449
er,c37d5b084e869779,64,15665,2461,22207,4512,-13204,-17695,1.978
er,b10b7493d5f80938,64,27601,2459,38958,4509,-25142,-34449,2.704
er,0edc4b4d05350f10,64,29358,2486,41290,4562,-26872,-36728,2.891
er,9caeb382cf569de4,64,13755,2465,19591,4509,-11290,-15082,1.83
er,70e9bacc2aa75a3e,64,14152,2401,19489,4380,-11751,-15109,2.321
er,a2c2f64609397a4d,64,7156,2302,10224,4174,-4854,-6050,1.455
er,58c1d20039c0b65d,64,29012,2457,40940,4512,-26555,-36428,2.876
er,d92d384bb3b4dc8f,64,4148,2208,5965,3977,-1940,-1988,1.28
er,63d7970f94bf0a4d,64,27835,2461,39249,4502,-25374,-34747,2.949
er,aa82e277d8dd0b06,64,20187,2436,28660,4484,-17751,-24176,2.08
er,76943b6a01a7e37c,64,25358,2444,35313,4483,-22914,-30830,2.84
er,ef09024542409827,64,8172,2110,11273,3752,-6062,-7521,1.923
er,33e79154ccfbf92e,64,28593,2418,40162,4448,-26175,-35714,2.958
er,28bcb425e3946499,64,22748,2402,31568,4390,-20346,-27178,2.705
er,7dbb78ecf216087d,64,25351,2424,35233,4436,-22927,-30797,2.738
er,6dda5d0a3b019655,64,27711,2473,38712,4529,-25238,-34183,2.864
er,1a86171062e92ab6,64,7760,2293,11050,4178,-5467,-6872,1.435
er,b7b0a408f1116b69,64,21985,2472,31191,4524,-19513,-26667,2.181
er,73c2b6bad9e450f2,64,9790,2387,13992,4380,-7403,-9612,1.592
er,cb4dbd863024fbd5,64,28682,2434,40429,4464,-26248,-35965,2.722
er,873e47614ccc289b,64,29482,2421,41548,4443,-27061,-37105,2.951
er,eac85483fce85add,64,15709,2371,21587,4320,-13338,-17267,2.439
er,adcf19708aba7111,64,10356,2383,14786,4318,-7973,-10468,1.66
er,0fd95e4d147c18a2,64,9635,2417,13790,4434,-7218,-9356,1.584
er,512e883d0d5e2982,64,19201,2326,26534,4248,-16875,-22286,2.555
er,f9c39deaecaab9af,64,9508,2279,13095,4108,-7229,-8987,2.038
er,5195c80149b38183,64,23728,2462,33777,4521,-21266,-29256,2.235
er,d88f6a30137dedf3,64,9613,2250,13208,4075,-7363,-9133,2.143
er,4b306bc81006239e,64,24547,2469,34812,4539,-22078,-30273,2.614
er,eb05d074ef8fca1b,64,14067,2371,19336,4310,-11696,-15026,2.324
er,aa26f1936c6f9ef0,64,16454,2380,23383,4371,-14074,-19012,1.947
er,67fda8924b9263d6,64,18088,2398,25750,4391,-15690,-21359,2.09
er,2b09738e3f9abc5d,64,4070,2131,5835,3776,-1939,-2059,1.142
er,0fd4c4c0daa67fef,64,13326,2412,19018,4411,-10914,-14607,1.768
er,72cc8d650aa10867,64,19105,2347,26458,4287,-16758,-22171,2.541
er,5f834250ec9fa8ee,64,26770,2425,37455,4443,-24345,-33012,2.844
er,7ae7567a56418d37,64,20918,2457,29748,4514,-18461,-25234,4.46
er,30691d9edee95025,64,13333,2370,18989,4337,-10963,-14652,1.88
er,8a9ab048c5f34696,64,15374,2474,21966,4526,-12900,-17440,1.939
er,a2008b4332cd795f,64,10827,2383,15468,4355,-8444,-11113,1.606
er,4c7b6eddec032ee4,64,13308,2408,18996,4394,-10900,-14602,1.797
er,baf3ae1e9374f0a8,64,30219,2436,42583,4473,-27783,-38110,2.96
er,753f1d88a7b203bf,64,24207,2440,34323,4465,-21767,-29858,2.345
er,b701974f74007777,64,8465,2214,11698,3966,-6251,-7732,1.901
er,1c5e91736dbc40b4,64,15470,2441,22098,4470,-13029,-17628,1.961
er,ded428092fa3a46f,64,28830,2441,40396,4464,-26389,-35932,2.922
er,db284f78b18a779d,64,7106,2375,10180,4342,-4731,-5838,1.484
er,2d90b5701388b3d1,64,20430,2406,28994,4439,-18024,-24555,2.183
er,6636dd9a289b4fdd,64,22777,2477,32332,4530,-20300,-27802,2.256
er,05fc5903729ee576,64,13195,2413,18889,4430,-10782,-14459,1.754
er,1b2db7bf47119a84,64,17634,2476,25116,4535,-15158,-20581,2.113
er,8259940609c929a1,64,27060,2386,38232,4387,-24674,-33845,2.586
er,a383c9fe6834fd7f,64,8491,2097,11736,3735,-6394,-8001,1.986
er,7e4d481a9cd42d7e,64,20941,2438,28971,4457,-18503,-24514,2.63
er,dca71d2229bab4ea,64,18148,2430,25860,4444,-15718,-21416,2.122
er,981546e322203d0f,64,13344,2258,18398,4113,-11086,-14285,2.22
er,672655aea767bcc3,64,29501,2447,41408,4464,-27054,-36944,2.986
er,34d8bec8b52aec75,64,27755,2465,39151,4511,-25290,-34640,2.744
er,3f4524e4c7c19532,64,20641,2394,29330,4397,-18247,-24933,2.091
er,c383aac662654656,64,16180,2481,23156,4548,-13699,-18608,1.959
er,f2a32b0c7cd72443,64,24951,2451,35385,4494,-22500,-30891,2.477
er,1dd8cc44a07c6d10,64,13471,2374,19233,4333,-11097,-14900,1.731
er,51bae552662dd4ac,64,7778,2431,11121,4434,-5347,-6687,1.578
er,6acfcadf1ffdee75,64,13063,2389,18616,4378,-10674,-14238,1.829
er,d991838e09127872,64,24743,2406,34958,4418,-22337,-30540,2.503
er,5e9a86742be55088,64,13432,2438,19173,4476,-10994,-14697,1.892
er,c1f118e71856609e,64,16380,2337,22590,4272,-14043,-18318,2.376
er,ae5e614ef8c23e88,64,21088,2478,30030,4531,-18610,-25499,2.125
er,4cb665dad31940bb,64,25470,2419,36090,4448,-23051,-31642,2.57
er,9b00f1bf50920d60,64,4328,2209,6198,3978,-2119,-2220,1.271
er,925320516c6524c0,64,24736,2428,35090,4449,-22308,-30641,2.44
er,9004304d6b36aad5,64,19001,2444,27005,4481,-16557,-22524,2.243
er,a01776065d8ba910,64,22626,2404,31998,4417,-20222,-27581,2.192
er,f349019c9b2761df,64,29929,2406,42288,4409,-27523,-37879,2.827
er,95dce7660176abaf,64,21249,2442,30251,4489,-18807,-25762,4.798
er,e06f6ffcc3d5b1e6,64,28364,2435,39791,4473,-25929,-35318,2.946
er,f8d192ae070f04cb,64,25091,2429,35546,4461,-22662,-31085,2.508
er,7b2e911c474db1bf,64,6632,2346,9484,4274,-4286,-5210,1.391
er,d59911b6282d4605,64,23565,2463,33389,4509,-21102,-28880,2.203
er,c03cfdab309985c2,64,22689,2414,32263,4432,-20275,-27831,2.209
er,3b0df4dbb8de6ff7,64,25347,2391,35505,4387,-22956,-31118,2.811
er,7a6f1e5ce5bf1cf4,64,28721,2478,40435,4551,-26243,-35884,2.762
er,2ca48d52f203828b,64,4057,2236,5843,4096,-1821,-1747,1.306
er,8c349338e71f4ee8,64,25709,2403,35939,4404,-23306,-31535,2.774
er,32d7561faf0d5062,64,29165,2475,40971,4532,-26690,-36439,2.958
er,8d94d90fcd305bf4,64,26594,2384,37196,4356,-24210,-32840,2.892
er,25952270ccff32ab,64,10174,2380,13962,4284,-7794,-9678,2.091
er,a88b67a6b782ce47,64,7512,2299,10736,4190,-5213,-6546,1.468
er,4f6d3f5dbc80a747,64,13676,2384,19523,4353,-11292,-15170,1.725
er,a93c070aa8652fb8,64,16625,2443,23714,4484,-14182,-19230,2.043
er,21e6ebff659e29ae,64,12754,2387,18231,4335,-10367,-13896,1.747
er,1ff2ead050b4bb02,64,15043,2367,20782,4304,-12676,-16478,2.395
er,899ab32f45198ba1,64,28139,2400,39327,4390,-25739,-34937,3.041
er,bfeeb3212d3d5d5f,64,16227,2392,23049,4381,-13835,-18668,1.919
er,22e4998af623ff96,64,18217,2433,25945,4459,-15784,-21486,2.169
er,612aa961c6d9b2d8,64,28883,2448,40746,4488,-26435,-36258,2.691
er,efc4f35f6c78bc2d,64,26173,2454,37138,4514,-23719,-32624,2.604
er,83be0fa2fdcc4366,64,16334,2442,23266,4476,-13892,-18790,2.042
er,a8b9a67b070a7a58,64,25772,2426,36504,4444,-23346,-32060,2.592
er,7813e4e01b14e915,64,15926,2436,22667,4488,-13490,-18179,1.978
er,bb6fd7a6f0659f8a,64,25968,2442,36800,4474,-23526,-32326,2.59
er,538a635319d903f0,64,21000,2419,29880,4455,-18581,-25425,2.122
er,516de8ec137dba3e,64,22514,2410,31285,4406,-20104,-26879,2.727
er,4d0e32ab9b39e50d,64,14054,2377,20085,4344,-11677,-15741,1.826
er,81e9fa39f730b901,64,19205,2398,26665,4371,-16807,-22294,2.505
er,2691ac1d17602bd7,64,27935,2420,39581,4445,-25515,-35136,2.676
er,274a3f09d337324b,64,20485,2361,28320,4304,-18124,-24016,2.578
er,42def89f9129973c,64,30072,2418,42259,4447,-27654,-37812,2.95
er,80a888f6e560bfca,64,29818,2451,41989,4500,-27367,-37489,2.885
er,e8dc61e51e5499a4,64,28566,2406,40369,4434,-26160,-35935,2.788
er,a5185e2c43bda240,64,16801,2387,23948,4377,-14414,-19571,2.009
er,fc3c4a2f2f23d288,64,10087,2352,14430,4295,-7735,-10135,1.811
er,17670d66f35694c3,64,11316,2396,16129,4377,-8920,-11752,1.625
er,d51a59daeead01d0,64,22719,2431,32304,4451,-20288,-27853,2.298
er,01ead7dc4cf3eb1d,64,6978,2307,10020,4192,-4671,-5828,1.442
er,82a399eca186791b,64,4092,2261,5865,4058,-1831,-1807,1.285
er,afea56d6674b9a9d,64,24871,2425,35267,4448,-22446,-30819,2.575
er,2451fef7a3747fa1,64,30010,2423,42041,4453,-27587,-37588,2.922
er,a323a302b746b2a9,64,3880,2270,5608,4038,-1610,-1570,1.238
er,217eb0e1f8f73a01,64,15731,2468,22400,4514,-13263,-17886,1.954
er,6baaeba8a1c67016,64,28555,2413,40271,4430,-26142,-35841,2.868
er,34fce536c7b2f32a,64,8748,2258,12021,4033,-6490,-7988,1.986
er,fbdba1050c899b42,64,11024,2366,15703,4323,-8658,-11380,1.723
er,47c8a9d62aded2cc,64,21241,2431,29475,4442,-18810,-25033,2.607
er,3db9871beaba6f75,64,16368,2384,23391,4369,-13984,-19022,1.951
er,eccf705c61986b9a,64,29722,2468,41892,4532,-27254,-37360,2.864
er,0f0a0d03696e2cfa,64,15902,2401,22658,4425,-13501,-18233,1.92
er,0ac298822d9763dc,64,28066,2466,39491,4524,-25600,-34967,2.695
er,c9c6ed8e32c38b7d,64,13012,2463,18573,4495,-10549,-14078,1.784
er,690d2006be04f64c,64,25959,2472,36592,4537,-23487,-32055,2.603
er,dde28a49a5a4cd9e,64,29303,2389,41089,4374,-26914,-36715,2.851
er,752dbf3f0cf8ed8d,64,17263,2412,23765,4397,-14851,-19368,2.391
er,d15a71c29693f5bb,64,14321,2479,20463,4533,-11842,-15930,1.903
er,85db662acbadcc44,64,22895,2414,31802,4444,-20481,-27358,2.68
er,bf4eaa37320b0148,64,27404,2423,38745,4466,-24981,-34279,2.72
er,b45e2c85f9afed15,64,30123,2406,42340,4425,-27717,-37915,3.093
er,5734039995c2e8d6,64,29546,2427,41488,4459,-27119,-37029,2.989
er,5c8dad3bcc025e47,64,25555,2447,36330,4501,-23108,-31829,2.522
er,a8449b1b6ebf225b,64,20923,2333,29101,4249,-18590,-24852,2.553
er,e65c1c80fd6bd1be,64,26254,2422,36821,4439,-23832,-32382,2.811
er,8f70997f0bbdc696,64,28190,2398,39576,4382,-25792,-35194,2.868
er,2a767bbcd27ac157,64,8477,2080,11670,3707,-6397,-7963,1.924
er,1bfdbb7bcc045c28,64,21687,2442,30219,4470,-19245,-25749,2.737
er,5724190d290871f2,64,13155,2401,18078,4396,-10754,-13682,2.278
er,4c05f3cd47b93baf,64,28876,2404,40681,4409,-26472,-36272,2.784
er,35b006470e2e469c,64,18747,2397,26790,4405,-16350,-22385,2.092
er,73fe2cc56cc61e61,64,26280,2401,36585,4390,-23879,-32195,2.806
er,87683e61d8588cb1,64,29110,2388,40830,4388,-26722,-36442,2.925
er,f80f91938fc20dec,64,27705,2403,38861,4419,-25302,-34442,2.897
er,5a169ae612fbd1c5,64,27655,2400,39052,4408,-25255,-34644,2.604
er,d3a4d7ac80cf4e3e,64,3852,2183,5534,3918,-1669,-1616,1.228
er,7ab101d6350eccdb,64,18073,2422,25787,4448,-15651,-21339,2.034
er,c31f0c0f10be32f4,64,24971,2396,35412,4409,-22575,-31003,2.484
er,372812727398459d,64,25453,2458,36209,4512,-22995,-31697,2.496
er,dd543fec227b123f,64,3738,2116,5350,3823,-1622,-1527,1.195
er,c39dd953d25dd034,64,26674,2430,37819,4458,-24244,-33361,2.631
er,ede223c0b64aac22,64,19128,2426,27320,4476,-16702,-22844,2.109
er,9738f609170d02bd,64,10146,2425,14524,4439,-7721,-10085,1.554
er,1ce1bc3fc5abbad8,64,19826,2481,28238,4531,-17345,-23707,2.102
er,a6bf05b535a2276c,64,26401,2448,37358,4503,-23953,-32855,2.67
er,294a9270dbc81ea4,64,10756,2387,15417,4372,-8369,-11045,1.662
er,b4702e192df178f8,64,4066,2207,5835,3955,-1859,-1880,1.341
er,781739870c950ab1,64,28252,2441,39489,4480,-25811,-35009,3.0
er,a42e87305cd9907b,64,29001,2424,40558,4460,-26577,-36098,3.161
er,f2e34a0af27dcb15,64,26228,2421,37126,4431,-23807,-32695,2.524
er,6fa9d369b2e4621f,64,28470,2474,40310,4537,-25996,-35773,2.658
er,2e1644123c532e64,64,27320,2440,38664,4465,-24880,-34199,3.215
er,910328ac7abb1505,64,7694,2406,11051,4420,-5288,-6631,1.539
er,665e220ea803eb35,64,29839,2424,42083,4457,-27415,-37626,2.935
er,1f2db31a91d6ae37,64,25140,2426,34920,4438,-22714,-30482,2.739
er,d4064621e57ad58e,64,27952,2382,39112,4357,-25570,-34755,2.861
er,a86c9bfa96fb4e62,64,20734,2428,28769,4449,-18306,-24320,2.64
er,9fa350a5f51e1861,64,29517,2445,41582,4484,-27072,-37098,2.895
er,88161d9462619df0,64,26557,2401,37074,4381,-24156,-32693,2.758
er,717f1a7df96a629a,64,14102,2365,19436,4275,-11737,-15161,2.346
er,a6839479b1669c7a,64,23649,2392,33663,4386,-21257,-29277,2.283
er,7dad1fa5dacd02fd,64,14860,2482,21146,4542,-12378,-16604,1.968
er,ab3702f2ab73d8cf,64,18865,2410,25976,4405,-16455,-21571,2.632
er,60609fc15f3e6274,64,29141,2427,40799,4461,-26714,-36338,2.957
er,4d576b53b5e7fabe,64,18069,2366,24844,4329,-15703,-20515,2.48
er,c5ffc625cf2f99d7,64,28826,2466,40614,4528,-26360,-36086,2.856
er,453d2751d8400e05,64,26428,2355,36879,4296,-24073,-32583,2.823
er,7c2dd9937f7117ed,64,7778,2372,11123,4290,-5406,-6833,1.457
er,bb3a7635d74d2471,64,29379,2460,41361,4510,-26919,-36851,2.866
er,9ffff66bb96fbd43,64,8954,2311,12329,4164,-6643,-8165,1.981
er,98a9ec95cec30f47,64,3890,2318,5624,4151,-1572,-1473,1.236
er,7c9bb15109e14474,64,3800,2107,5469,3800,-1693,-1669,1.245
er,ae75b561b765c1c2,64,10920,2388,15605,4352,-8532,-11253,1.664
er,a8b99cad79ddeb85,64,24902,2445,35368,4476,-22457,-30892,2.511
er,148e5a1d2df9ebb7,64,27355,2404,38176,4399,-24951,-33777,2.798
er,1abab8537c9e3de0,64,3578,2089,5135,3737,-1489,-1398,1.206
er,c47e09bb86f5bdeb,64,22214,2431,30888,4462,-19783,-26426,2.681
er,02dffe695e409995,64,4794,2166,6903,3868,-2628,-3035,1.282
er,a3026ab1d269f770,64,29529,2400,41779,4413,-27129,-37366,2.997
er,58380b89ad3796c7,64,4170,2134,5993,3854,-2036,-2139,1.283
er,a8e2571bd270783b,64,28354,2362,39791,4348,-25992,-35443,2.983
er,69e116cbf8e7b341,64,15680,2373,22365,4355,-13307,-18010,1.919
er,e92b08457280fdef,64,3612,2206,5179,3974,-1406,-1205,1.234
er,70006fd9797604f3,64,20933,2445,29787,4467,-18488,-25320,2.123
er,5a2e4b8d39fc40fa,64,20836,2446,29635,4470,-18390,-25165,2.114
er,0b7ffc03bb505028,64,27482,2378,38744,4380,-25104,-34364,2.679
er,ccda3b35bf4cc4b7,64,28182,2426,39409,4437,-25756,-34972,2.882
er,533024ed343b5064,64,4634,2267,6616,4080,-2367,-2536,1.253
er,47ffc6e971dbbf36,64,27222,2418,38383,4453,-24804,-33930,2.597
er,3ab5c732b9ccdf60,64,26758,2437,37375,4475,-24321,-32900,2.909
er,f3bc12b220c93021,64,6926,2360,9970,4329,-4566,-5641,1.464
er,e1bef60f1396b8ec,64,14178,2236,19536,4067,-11942,-15469,2.375
er,477b925ba1adf8de,64,18070,2445,25683,4477,-15625,-21206,2.148
er,bc2e907ef46c267f,64,26319,2413,37111,4420,-23906,-32691,2.542
er,124e83309603f524,64,28314,2436,39872,4476,-25878,-35396,2.869
er,6ca9b789985162fe,64,16285,2335,22460,4261,-13950,-18199,2.365
er,57683106856ca4ca,64,28638,2455,40289,4506,-26183,-35783,2.844
er,7e3439665fbf308b,64,12978,2460,18549,4498,-10518,-14051,1.814
er,8fdc094278138ce3,64,27717,2472,38722,4519,-25245,-34203,2.825
er,8f79b349fdb0bff0,64,29198,2425,41260,4447,-26773,-36813,2.796
er,4e4efc6a0decef7a,64,10498,2437,14972,4463,-8061,-10509,1.686
er,a887b9276639320c,64,20331,2425,28203,4407,-17906,-23796,2.518
er,700679d170f21065,64,27185,2456,37977,4526,-24729,-33451,2.866
er,96051471cd990ac2,64,30438,2390,42775,4388,-28048,-38387,2.858
er,b5eaaddadbecee3b,64,9842,2128,13576,3784,-7714,-9792,1.992
er,2ced509b2780699e,64,20155,2398,27842,4372,-17757,-23470,2.585
er,761e8896bb0ce677,64,21824,2399,30218,4380,-19425,-25838,2.642
er,c0a1685fe2e225eb,64,27611,2457,38963,4518,-25154,-34445,2.818
er,b23f8a70aaab5596,64,17844,2430,25308,4460,-15414,-20848,2.074
er,2d7d7da60c5bbb95,64,20937,2443,29762,4478,-18494,-25284,4.999
er,e8d64591bd93434f,64,20374,2400,28891,4400,-17974,-24491,2.106
er,ac4c53a5f71231ed,64,14019,2341,19348,4262,-11678,-15086,2.24
er,3239ffb21c5877f4,64,27449,2420,38824,4436,-25029,-34388,2.664
er,a95658444477cd25,64,10640,2403,15218,4400,-8237,-10818,1.593
er,f1a6175d0c169278,64,25434,2427,35514,4445,-23007,-31069,2.74
er,820309892473cfd3,64,19650,2381,27352,4333,-17269,-23019,2.516
er,08e9a40341b582fc,64,7388,2392,10614,4383,-4996,-6231,1.426
er,7cea6f34232f859b,64,3996,1985,5726,3522,-2011,-2204,1.23
er,8555fb410dab9a21,64,18921,2404,26962,4417,-16517,-22545,2.173
er,810a80369a2e48ac,64,29237,2410,41187,4430,-26827,-36757,2.684
er,6a3fde02f9c1b875,64,20567,2434,29181,4457,-18133,-24724,2.144
er,74de69e043a41adf,64,27630,2461,38990,4502,-25169,-34488,2.65
er,7d9f05821d1d08ce,64,24585,2458,34801,4490,-22127,-30311,2.504
er,e2ef935dca512df9,64,20862,2433,29576,4479,-18429,-25097,2.252
er,d693c00f84703506,64,19262,2340,26726,4275,-16922,-22451,2.548
er,6962b1a842871a8a,64,25045,2444,35456,4478,-22601,-30978,2.549
er,f53d710834873551,64,12698,2395,18145,4385,-10303,-13760,1.737
er,c84a1ccba90a920c,64,28113,2409,39459,4416,-25704,-35043,2.939
er,f465a4b1763608e7,64,16539,2465,23610,4519,-14074,-19091,2.108
er,526528fa7081d82d,64,25572,2408,35690,4412,-23164,-31278,2.81
er,52ce3c513ccdc11c,64,7835,2219,10761,3970,-5616,-6791,1.929
er,5065b62ce5de1bfd,64,11382,2453,16287,4472,-8929,-11815,1.814
er,ba546acbbe101b6f,64,14475,2393,19870,4341,-12082,-15529,2.286
er,2b1bf7d2b0d1c498,64,19123,2463,27180,4490,-16660,-22690,2.131
er,e5c1fbacf2e15a86,64,29598,2445,41630,4466,-27153,-37164,2.804
er,03e5697cc37e3376,64,13224,2341,18189,4257,-10883,-13932,2.398
er,08d9f0aa6157230d,64,24565,2432,34818,4471,-22133,-30347,2.504
er,2355f8521cf6de26,64,30753,2454,43352,4494,-28299,-38858,3.146
er,4dbf0555ed8c4c84,64,21563,2400,29934,4391,-19163,-25543,2.688
er,2cd674d49fdd07a9,64,15590,2372,22293,4356,-13218,-17937,1.934
er,3556cd2707807e52,64,29313,2448,41247,4499,-26865,-36748,2.844
er,62dab6edfd529f3d,64,6771,2369,9713,4318,-4402,-5395,1.482
er,fc05c5b86df2013d,64,13300,2414,18950,4415,-10886,-14535,1.808
er,7fdc2185b259bd73,64,6928,2298,9899,4159,-4630,-5740,1.459
er,fc07f3c2f0164d3e,64,26330,2416,37268,4441,-23914,-32827,2.539
er,6fd67e39c65be090,64,9070,2124,12467,3787,-6946,-8680,1.98
er,158aa67b90b88bff,64,22263,2457,31532,4516,-19806,-27016,2.234
er,cfe5f0a88ac1ca9b,64,4148,2237,5958,4066,-1911,-1892,1.231
er,aa359275657574be,64,14137,2395,19537,4350,-11742,-15187,2.287
er,f09355a4d97406f3,64,7871,2001,10756,3540,-5870,-7216,1.927
er,0cbc91901e90b9b7,64,29478,2476,41476,4543,-27002,-36933,2.812
er,9f1d56e1f70f5d62,64,30834,2414,43413,4441,-28420,-38972,2.99
er,58d8de6a9af62eae,64,22151,2394,30674,4351,-19757,-26323,2.697
er,d9f14384de6408f7,64,21611,2407,30704,4408,-19204,-26296,2.143
er,758870b1aa886ede,64,24371,2438,34696,4473,-21933,-30223,2.331
er,829530baa0511e68,64,15022,2385,20671,4365,-12637,-16306,2.297
er,1a83005b016fc955,64,4088,2222,5890,3991,-1866,-1899,1.178
er,c69c1a2233a9b95b,64,23115,2465,32848,4506,-20650,-28342,2.226
er,5b13988ed9d43f83,64,14527,2342,19939,4227,-12185,-15712,2.242
er,10ef6d775fc31c44,64,29596,2448,41788,4481,-27148,-37307,2.877
er,0a93513cd9bccbad,64,21468,2366,30565,4341,-19102,-26224,2.264
er,36fea0acbdc2f8c8,64,28439,2460,40165,4498,-25979,-35667,2.724
er,130639707ea2ed52,64,7320,2361,10524,4273,-4959,-6251,1.493
er,58285712a5142d87,64,7167,2171,9920,3908,-4996,-6012,1.958
er,5b56e67deae70070,64,4150,2235,5915,3978,-1915,-1937,1.301
er,0c7dcacb319fd0ff,64,18577,2405,26464,4424,-16172,-22040,2.179
er,c0542c7eec9ca27b,64,27614,2430,38824,4456,-25184,-34368,2.649
er,dae3c53a826a9d64,64,24919,2409,35289,4407,-22510,-30882,2.439
er,5a3aafaf391bd5fd,64,7535,2355,10825,4266,-5180,-6559,1.478
er,8cb34cbaed2ff161,64,20093,2343,27767,4265,-17750,-23502,2.672
er,c1c0d3b629c1f492,64,28766,2473,40566,4525,-26293,-36041,2.791
er,0be9d790ad39d5f8,64,25014,2411,35575,4452,-22603,-31123,2.545
er,fc78fadeacc64a5b,64,26502,2471,37471,4527,-24031,-32944,2.673
er,644c6a2dc7d89e93,64,13400,2428,19136,4430,-10972,-14706,1.769
er,7dce060571ced830,64,15431,2318,21238,4214,-13113,-17024,2.336
er,ee1149f572460829,64,27615,2466,39006,4515,-25149,-34491,2.57
er,08039d8fe99a3cbb,64,19564,2406,27871,4412,-17158,-23459,2.141
er,3ba19d0838778389,64,27902,2414,39567,4446,-25488,-35121,2.803
er,10b3730bd6e865d0,64,13041,2431,18522,4445,-10610,-14077,1.749
er,2c4dab8281907fdc,64,30065,2423,42255,4441,-27642,-37814,2.863
er,eee6ac34bbf78634,64,17547,2419,24948,4422,-15128,-20526,2.043
er,1a1ccf2ce63119ee,64,28959,2404,40846,4403,-26555,-36443,2.735
er,2178ab67109ec78b,64,30463,2483,42697,4540,-27980,-38157,2.968
er,596b7213f6ac4b0c,64,7078,2295,10143,4130,-4783,-6013,1.332
er,f672967b04e1df73,64,29779,2450,41816,4494,-27329,-37322,3.083
er,32cc0da4b1f795d0,64,29180,2430,41095,4452,-26750,-36643,2.783
er,e4359661ec450563,64,14158,2357,19512,4281,-11801,-15231,2.294
er,16cd631f4d31feca,64,27896,2392,39486,4400,-25504,-35086,2.623
er,43354991fd6d14f1,64,25732,2394,35877,4378,-23338,-31499,2.855
er,f885ace75fbdf28b,64,4150,2219,5952,3977,-1931,-1975,1.254
er,819b216cbd1c0342,64,27969,2371,39251,4362,-25598,-34889,2.888
er,bb28acafe02f7ce1,64,25239,2437,35786,4485,-22802,-31301,2.496
er,d78e4ba2a5dba4d5,64,28558,2437,40289,4468,-26121,-35821,2.725
er,8ead7c9da5082a50,64,27218,2446,38588,4473,-24772,-34115,2.694
er,c88cb826a4127478,64,13298,2444,19018,4460,-10854,-14558,1.88
er,d23d360250eefc9a,64,14446,2391,20598,4389,-12055,-16209,1.877
er,5a6eb7ebcd710d53,64,25521,2450,36081,4511,-23071,-31570,2.572
er,a6ad0f43b9ef311d,64,13130,2390,18755,4374,-10740,-14381,1.781
er,97a233acf204e638,64,21709,2364,30159,4309,-19345,-25850,2.626
er,f8b9d92bddee555c,64,20175,2429,27857,4452,-17746,-23405,2.594
er,44b03255497fab06,64,25383,2404,35316,4393,-22979,-30923,2.777
er,de6507158c3e32ea,64,4180,2141,6016,3882,-2039,-2134,1.295
er,2aceaafed9ddafca,64,28588,2383,40459,4377,-26205,-36082,2.862
er,2a2918ea35bd9b27,64,27160,2433,38357,4473,-24727,-33884,2.639
er,0a2e4c311ae4cc99,64,7036,2283,10149,4147,-4753,-6002,1.336
er,ae139d024145213e,64,13567,2363,19459,4321,-11204,-15138,1.808
er,150e3cbc56438791,64,24938,2424,34716,4432,-22514,-30284,2.734
er,6dafd6ff6f7d6c3a,64,9596,2394,13632,4382,-7202,-9250,1.757
er,9781b13975aa8d16,64,8739,2336,12044,4211,-6403,-7833,2.004
er,567469bc16710479,64,10972,2338,15670,4266,-8634,-11404,1.671
er,12a090ca3447c471,64,14550,2350,19933,4297,-12200,-15636,2.233
er,050b33240bb33593,64,12912,2367,18533,4339,-10545,-14194,1.901
er,20422e919c6c90ce,64,28847,2447,40380,4467,-26400,-35913,2.902
er,f26b594f61b85dc4,64,15748,2387,21661,4384,-13361,-17277,2.447
er,5fa59872dfbde301,64,25476,2403,35460,4392,-23073,-31068,3.203
er,a622a12de018a0a9,64,24922,2464,35295,4508,-22458,-30787,2.481
er,77e6ec9095b27394,64,23286,2424,33009,4431,-20862,-28578,2.252
er,d99315ca88ce678b,64,24976,2401,35318,4407,-22575,-30911,2.519
er,ce25fca28de3fd66,64,24841,2417,34586,4412,-22424,-30174,2.713
er,2d00918029e07af0,64,11215,2433,16052,4463,-8782,-11589,1.694
er,c0e460d0c71a1c19,64,24443,2432,33983,4443,-22011,-29540,2.797
er,f0e854160bfadac1,64,3720,2254,5360,3988,-1466,-1372,1.12
er,7639d5f3c7bd407c,64,16110,2302,22198,4168,-13808,-18030,2.522
er,b2e17fb6c18d323b,64,10339,2419,14844,4404,-7920,-10440,1.712
er,58ef496bc2564a68,64,23650,2451,33537,4490,-21199,-29047,2.573
er,e6957aec907acebb,64,16487,2420,23451,4424,-14067,-19027,2.023
er,8d18724b520c764f,64,10236,2361,14689,4283,-7875,-10406,1.751
er,5d17dd8155b8a918,64,4226,2357,6074,4249,-1869,-1825,1.267
er,5f9f5b6381711626,64,13468,2222,18456,3992,-11246,-14464,2.174
er,1b7c56d64ab0f4dd,64,28919,2382,40481,4372,-26537,-36109,2.903
er,2c8783e842c9260f,64,27033,2426,38384,4466,-24607,-33918,2.696
er,3d53e284f3773d37,64,21141,2407,29190,4390,-18734,-24800,2.686
er,d3ae4dda9c0fd460,64,27954,2405,39280,4412,-25549,-34868,2.902
er,2f9132bc03c9b2f1,64,8466,2056,11680,3702,-6410,-7978,1.958
er,c88f5ee237e71736,64,28660,2438,40039,4446,-26222,-35593,2.942
er,f53f309a9c403f07,64,18318,2421,26044,4430,-15897,-21614,2.081
er,28f3bcf662779b45,64,28891,2459,40707,4513,-26432,-36194,2.838
er,bc2bf8c9d58de721,64,27824,2425,39299,4461,-25399,-34838,2.661
er,0eeb7afbb98e2149,64,28269,2445,39530,4479,-25824,-35051,2.922
er,67ee11278ab2119a,64,15717,2369,21614,4319,-13348,-17295,2.286
er,80cda107dce42bfc,64,28361,2447,40105,4487,-25914,-35618,2.756
er,915d767d53a302c0,64,11126,2403,15829,4405,-8723,-11424,1.724
er,b5078cf43ae32bd3,64,30131,2500,42284,4581,-27631,-37703,3.075
er,1ad3afa96a3d0311,64,20680,2384,28696,4349,-18296,-24347,2.589
er,7cee94f1f9e3f93a,64,13517,2335,18605,4258,-11182,-14347,2.316
er,16970e2957281b35,64,27532,2369,38672,4338,-25163,-34334,2.87
er,1882d01bd87b544c,64,26014,2429,36794,4438,-23585,-32356,2.641
er,0b0804ff761f37e6,64,29777,2353,41861,4317,-27424,-37544,2.915
er,dcc8f4e4f4c0e6b6,64,4258,2220,6141,3969,-2038,-2172,1.25
er,f1fd5e76d9445d0d,64,9448,2363,13428,4348,-7085,-9080,1.553
er,0964d3b829ec5539,64,22596,2390,31516,4377,-20206,-27139,2.793
er,cae76f8ff07784e6,64,29684,2376,41684,4361,-27308,-37323,3.016
er,47fe8e8e2a479eed,64,20127,2343,27765,4285,-17784,-23480,2.561
er,301802ce7f763220,64,29704,2459,41751,4507,-27245,-37244,3.032
er,6306f17385abf8e3,64,19956,2451,28447,4496,-17505,-23951,2.21
er,979af425c74160bd,64,20861,2448,29682,4497,-18413,-25185,2.123
er,882300766d917cbb,64,23258,2411,32967,4430,-20847,-28537,2.498
er,473600c2271bbf5d,64,14624,2411,20193,4384,-12213,-15809,2.34
er,932459d9f2b9592d,64,29185,2434,40835,4445,-26751,-36390,2.934
er,5462a328941cda09,64,19850,2422,28206,4424,-17428,-23782,2.191
er,93052702bb367bcb,64,29618,2435,41641,4468,-27183,-37173,2.998
er,3957407ea99840de,64,7588,2347,10915,4284,-5241,-6631,1.524
er,0ca634ffee5a50ab,64,24200,2449,33733,4484,-21751,-29249,2.827
er,95ced7532b227a1e,64,23762,2413,33810,4448,-21349,-29362,2.259
er,f201fd28867ed07a,64,24879,2413,34701,4412,-22466,-30289,2.783
er,b42d3e598904b47c,64,29537,2472,41622,4515,-27065,-37107,2.992
er,b0ca009afbd700ba,64,28465,2435,39985,4479,-26030,-35506,2.783
er,b73ffd6c42587130,64,18633,2414,25819,4415,-16219,-21404,2.518
er,2418571ba48dd0fe,64,27902,2444,39005,4477,-25458,-34528,2.974
er,c542bb8e7018ed88,64,28692,2429,40432,4435,-26263,-35997,2.704
er,ce6816c23def96f3,64,7368,2291,10556,4183,-5077,-6373,1.443
er,b36a22b0bee88a2c,64,13460,2411,19178,4427,-11049,-14751,1.809
er,ef088d38281ab082,64,26434,2392,37410,4411,-24042,-32999,2.551
er,4914dbbf1a5453b2,64,28161,2445,39650,4471,-25716,-35179,2.808
er,57f912dbcc722c8e,64,29335,2428,41476,4451,-26907,-37025,2.75
er,bf9227788e89c43c,64,4304,2205,6200,3941,-2099,-2259,1.256
er,52234ee2e06f04cb,64,15842,2378,21816,4323,-13464,-17493,2.331
er,13556be3864ba0ef,64,14118,2408,20142,4415,-11710,-15727,1.862
er,5d865700f7cb7036,64,27935,2373,39240,4329,-25562,-34911,2.852
er,f919cb1f8898ebde,64,19664,2313,27172,4243,-17351,-22929,2.546
er,c63b0565145ccdd6,64,28365,2443,39740,4477,-25922,-35263,2.884
er,95bda2b259cd5e31,64,14053,2389,19394,4318,-11664,-15076,2.343
er,6d1019c1201b840e,64,19981,2459,28404,4494,-17522,-23910,2.033
er,ebeaa9381e0b42f0,64,15610,2425,22256,4447,-13185,-17809,1.923
er,4d8f87e2ecdd7612,64,20750,2399,29494,4418,-18351,-25076,2.317
er,c2f4d9a0ca9824bd,64,27215,2438,38565,4470,-24777,-34095,2.576
er,97bc18e6dc2b070b,64,8980,2141,12353,3810,-6839,-8543,2.123
er,55ff2cb80805b3b0,64,7106,2434,10191,4453,-4672,-5738,1.444
er,8b3417429ab0510a,64,7619,2299,10952,4197,-5320,-6755,1.485
er,a80e662bb05a1ac3,64,29367,2436,41474,4480,-26931,-36994,2.826
er,3b8683385b5b58cb,64,20181,2412,28593,4425,-17769,-24168,2.074
er,e75e58e05ac0dcc3,64,22976,2466,32587,4510,-20510,-28077,2.309
er,a31f8bfc3fa26d1c,64,18815,2447,26717,4473,-16368,-22244,2.108
er,8acdbd9602d3f66a,64,12935,2389,17795,4331,-10546,-13464,2.284
er,041ac38d14390246,64,19666,2396,27920,4416,-17270,-23504,2.115
er,bf9c69a2af8b89e5,64,20307,2390,28924,4376,-17917,-24548,2.158
er,860710ddf65ee3f4,64,15991,2345,22077,4254,-13646,-17823,2.316
er,928bd5adec7bcd41,64,27531,2425,38906,4442,-25106,-34464,2.671
er,6fd9bd535901793b,64,28359,2441,40103,4479,-25918,-35624,2.791
er,daae10de2d9b16e0,64,30169,2448,42511,4500,-27721,-38011,2.881
er,81a970a40472fa4a,64,29408,2453,41387,4500,-26955,-36887,2.814
er,795cf9058eaa6543,64,28805,2359,40336,4329,-26446,-36007,2.879
er,c383d2de083497eb,64,28756,2407,40641,4400,-26349,-36241,2.809
er,5273aef9f5aa65d0,64,15894,2457,22723,4505,-13437,-18218,1.976
er,1a87d84a0fbe08e8,64,20748,2415,29533,4439,-18333,-25094,2.162
er,38b9e06743adc9ab,64,28642,2447,40394,4484,-26195,-35910,2.786
er,2e6b19328cc6a169,64,20822,2464,29668,4519,-18358,-25149,2.173
er,a1398db43d794829,64,12769,2437,18249,4449,-10332,-13800,1.81
er,01f28d5043021874,64,12548,2372,17968,4336,-10176,-13632,1.776
er,df7d191e746c8574,64,20530,2418,28522,4413,-18112,-24109,2.601
er,bc3eadb85a3a6f54,64,20886,2425,29652,4458,-18461,-25194,4.105
er,08829969f7841cae,64,28580,2407,40361,4406,-26173,-35955,2.741
er,314f914600ffd5f9,64,8095,2120,11193,3758,-5975,-7435,1.927
er,bfa0c5f8ae015c19,64,22677,2452,32259,4498,-20225,-27761,2.18
er,8fa31b0b290cbd9f,64,28975,2396,40876,4379,-26579,-36497,2.814
er,3e2858e3eb6bc2c3,64,26287,2473,37252,4542,-23814,-32710,2.605
er,fa60de25b9c52e74,64,4636,2273,6637,4084,-2363,-2553,1.24
er,1327ccceb6384012,64,15959,2423,22733,4430,-13536,-18303,1.951
er,6f10da6f01340ddb,64,27673,2425,38773,4446,-25248,-34327,2.855
er,fa6e658e13b32b59,64,25327,2463,35918,4534,-22864,-31384,2.63
er,f8d01bc140b97aaa,64,4458,2194,6417,3946,-2264,-2471,1.269
er,de7e7658641a3a45,64,24432,2429,34646,4458,-22003,-30188,2.575
er,84b6ddea0cbd4e72,64,25163,2376,35150,4355,-22787,-30795,2.671
er,48efbe01a1c33d81,64,10586,2367,15164,4350,-8219,-10814,1.704
er,a9687dcc421aa929,64,27342,2434,38406,4466,-24908,-33940,2.669
er,24071c4038ef0e2b,64,4618,2149,6598,3856,-2469,-2742,1.232
er,95b47837ad622a28,64,29838,2449,42218,4487,-27389,-37731,2.853
er,40303e448050d885,64,29248,2433,41227,4485,-26815,-36742,2.746
er,6c1a0c3ba5077e4c,64,26152,2386,36425,4364,-23766,-32061,2.755
er,07ae6fc03667cb14,64,8917,2234,12291,3973,-6683,-8318,1.983
er,99904f2000cff94c,64,23146,2477,32910,4545,-20669,-28365,2.295
er,69e3f42f4d07c846,64,14850,2428,21247,4450,-12422,-16797,1.86
er,aafd8f82657af069,64,28187,2429,39729,4463,-25758,-35266,2.917
er,de4376c7aec0f909,64,4070,2195,5844,3896,-1875,-1948,1.217
er,f31a3db15090dff3,64,14668,2364,20194,4310,-12304,-15884,2.26
er,503dddbc10dacadc,64,15905,2424,22719,4426,-13481,-18293,1.912
er,7acf7620dc028ef9,64,29318,2476,41298,4537,-26842,-36761,2.897
er,7f9848e0b07c814d,64,26834,2453,37899,4509,-24381,-33390,2.606
er,0efe4d41cac9ba5a,64,27166,2452,38368,4480,-24714,-33888,2.652
er,471a8941e256fba3,64,29873,2439,42005,4462,-27434,-37543,3.029
er,637184dbd76a96ba,64,11224,2398,16047,4389,-8826,-11658,1.727
er,a0017afbee6d1723,64,24081,2445,34233,4480,-21636,-29753,2.278
er,899308e5254cb051,64,27120,2446,38311,4493,-24674,-33818,2.638
er,1990a4d24a655a5d,64,27190,2445,38423,4470,-24745,-33953,2.634
er,27c5a0aeaf0baddd,64,21063,2450,29042,4497,-18613,-24545,2.735
er,e5446b5598811bea,64,28446,2410,39884,4415,-26036,-35469,2.849
er,e835b6f1555e6219,64,28478,2417,40240,4440,-26061,-35800,2.699
er,e2ab2ea669669c9d,64,26806,2445,37976,4483,-24361,-33493,2.587
er,434f192b945a3aed,64,29217,2439,41089,4469,-26778,-36620,2.901
er,0b04a81772ac005f,64,6784,2319,9725,4217,-4465,-5508,1.47
er,8bdc07da89ace8d1,64,27567,2427,38788,4458,-25140,-34330,2.684
er,e03171bc7e1f3521,64,14773,2392,20382,4382,-12381,-16000,2.347
er,a41df49f902d60dd,64,13615,2326,18779,4200,-11289,-14579,2.3
er,f417aab497e9720d,64,8246,2370,11830,4330,-5876,-7500,1.546
er,cdd37a34799290cf,64,23215,2444,33061,4473,-20771,-28588,2.223
er,486d16a524bfbe39,64,13168,2375,18807,4351,-10793,-14456,1.809
er,9e198613ca6ab639,64,22919,2395,32489,4382,-20524,-28107,2.196
er,d15b0c1da6da79f5,64,24299,2436,33948,4450,-21863,-29498,2.814
er,d5de57c942b40465,64,26783,2426,37982,4457,-24357,-33525,2.649
er,00e01dad2785934b,64,24067,2409,33548,4417,-21658,-29131,2.734
er,81fd51d90f97f3df,64,19558,2394,26979,4384,-17164,-22595,2.528
er,4d409c04efbd5eda,64,18580,2399,25589,4387,-16181,-21202,2.501
er,e18c082eca57c72b,64,25875,2440,36219,4460,-23435,-31759,2.854
er,a361d5e7a8130611,64,13684,2417,19491,4409,-11267,-15082,1.821
er,6a7c16492cf75a2b,64,7382,2255,10556,4101,-5127,-6455,1.531
er,36d57fe4d8a88d85,64,3462,2272,4991,4103,-1190,-888,1.244
er,b32c0b7ad53a6a0f,64,21423,2468,30476,4529,-18955,-25947,2.165
er,a83ea872f54dca15,64,15395,2382,21973,4371,-13013,-17602,1.895
er,dd194d04da56b463,64,23120,2416,32859,4447,-20704,-28412,2.262
er,e006ba4f4eaba1e3,64,9560,2348,13713,4276,-7212,-9437,1.624
er,e1aef8923143dba5,64,26104,2434,37150,4460,-23670,-32690,2.576
er,c975d47f24a46f4b,64,7310,2265,10478,4090,-5045,-6388,1.336
er,b67605ba0633ae83,64,15254,2321,21064,4214,-12933,-16850,2.331
er,e8bd8cdff6872d9c,64,20873,2406,29680,4414,-18467,-25266,2.202
er,1c8f0463b24bd626,64,27713,2366,38814,4332,-25347,-34482,2.955
er,59dd4ebb5c33bc88,64,30359,2396,42651,4398,-27963,-38253,3.026
er,bb8808b7029a0478,64,26855,2459,38153,4507,-24396,-33646,2.64
er,5d66c57fcb21f595,64,21676,2381,30111,4331,-19295,-25780,2.678
er,ba0cea467b298dc7,64,13020,2384,18574,4359,-10636,-14215,1.757
er,e2239b8064791ffb,64,30413,2451,42740,4493,-27962,-38247,3.04
er,df0bd90b3f793a1e,64,13543,2398,19308,4380,-11145,-14928,1.747
er,6f7a16504273879a,64,28954,2431,40731,4455,-26523,-36276,2.923
er,7b72cf0952596e61,64,10406,2406,14857,4394,-8000,-10463,1.694
er,cd5e1e4e98a24b12,64,22162,2468,30717,4505,-19694,-26212,2.722
er,dd412effbf6627be,64,29264,2404,41234,4413,-26860,-36821,2.879
er,fa47bccb42e192ee,64,29969,2421,42073,4426,-27548,-37647,2.98
er,6de3dd8581590375,64,28187,2395,39492,4379,-25792,-35113,2.865
er,01d8704d2736570d,64,4132,2324,5958,4173,-1808,-1785,1.287
er,b5dd0db1b0990ddb,64,12108,2400,17314,4400,-9708,-12914,1.725
er,f68bd87e99d241c9,64,21267,2356,29313,4316,-18911,-24997,2.513
er,ff6778ad9ee38f2d,64,14330,2416,20505,4425,-11914,-16080,1.846
er,6650d2ee2cd85624,64,25677,2390,36351,4373,-23287,-31978,2.536
er,43d08e56e787f942,64,22122,2380,31393,4368,-19742,-27025,2.295
er,bb551f21a9523034,64,29425,2420,41518,4437,-27005,-37081,2.811
er,6e91e5c4cf95e869,64,24258,2409,34469,4435,-21849,-30034,2.276
er,fac91b8edd1231fb,64,9291,2213,12762,3949,-7078,-8813,2.1
er,24e7ce7487d1b963,64,15320,2430,21003,4420,-12890,-16583,2.309
er,da87af1fefa69c99,64,21323,2430,30333,4417,-18893,-25916,2.24
er,858a37e2624c82de,64,4068,2053,5851,3667,-2015,-2184,1.234
er,f934950f2acceee8,64,21937,2433,30573,4440,-19504,-26133,2.636
er,e10881ce68733791,64,28875,2451,40688,4489,-26424,-36199,2.974
er,f2df604dec553727,64,19248,2395,27390,4384,-16853,-23006,2.1
er,d9588a19f40257e3,64,27983,2443,39498,4494,-25540,-35004,2.727
er,9670951fb888f6cd,64,28288,2431,40019,4477,-25857,-35542,2.651
er,ceb7e88aa4167416,64,23374,2451,32432,4498,-20923,-27934,2.742
er,afa7e425bd907f1d,64,19002,2387,26287,4378,-16615,-21909,2.544
er,79c8c4ec5591831d,64,16197,2370,23075,4357,-13827,-18718,1.998
er,19b1fa0557f83c28,64,21288,2432,29487,4452,-18856,-25035,2.557
er,7f55360491032962,64,29324,2429,41095,4439,-26895,-36656,2.974
er,f680802c29c8505c,64,15973,2430,22758,4450,-13543,-18308,1.983
er,13e0780dae22c845,64,9936,2335,14232,4258,-7601,-9974,1.551
er,693348ca5eb5c6c5,64,24781,2412,35134,4413,-22369,-30721,2.415
er,fd6ef6526d649cb9,64,19922,2412,28255,4438,-17510,-23817,2.099
er,9a8d40a1e898484f,64,25144,2403,35005,4393,-22741,-30612,3.253
er,6a959cabc1ee2424,64,20738,2470,29441,4533,-18268,-24908,2.111
er,67b182f5d54f70d7,64,24963,2448,35290,4484,-22515,-30806,2.512
er,a419f7f2e335be40,64,30386,2440,42618,4470,-27946,-38148,3.036
er,2c84f196ec2497e1,64,28540,2392,40159,4395,-26148,-35764,2.807
er,f42f47595d8e7667,64,14640,2355,20124,4300,-12285,-15824,2.335
er,4280e91791813527,64,14595,2382,20100,4352,-12213,-15748,2.339
er,281238f9d0154289,64,30253,2448,42560,4468,-27805,-38092,3.104
er,ff36796c909ce1c7,64,26013,2469,36669,4523,-23544,-32146,2.536
er,843aa7aa9c14b926,64,6564,2335,9410,4259,-4229,-5151,1.477
er,85273429ddd15e48,64,20866,2464,29629,4526,-18402,-25103,2.096
er,93d345a03de52250,64,26988,2417,38209,4425,-24571,-33784,2.612
er,80eda8aec1d6fdd5,64,3848,2285,5547,4086,-1563,-1461,1.263
er,39079124562a92f5,64,26027,2471,36827,4528,-23556,-32299,2.635
er,68162eec1a4e861c,64,10498,2284,15012,4190,-8214,-10822,1.597
er,8bd337f2e763f63e,64,28771,2441,40691,4474,-26330,-36217,2.875
er,a7026f49f7247c50,64,7743,2346,11115,4282,-5397,-6833,1.534
er,09f531a762765d30,64,27147,2389,38024,4397,-24758,-33627,2.84
er,1850e0cfa33beb62,64,15549,2403,21199,4396,-13146,-16803,2.391
er,6b4efdd7ce712f1d,64,25756,2386,35983,4357,-23370,-31626,2.81
er,f86fa2e05b646bff,64,26309,2451,37117,4497,-23858,-32620,2.573
er,5bebbb9075d5874e,64,19425,2447,26926,4483,-16978,-22443,2.524
er,ce9972d9280a4601,64,24726,2325,34459,4253,-22401,-30206,2.769
er,e428d52164b42eaa,64,8082,2355,11578,4274,-5727,-7304,1.528
er,0eaf02e4a48c8def,64,18859,2385,26229,4368,-16474,-21861,2.607
er,765ad88b110f8214,64,16226,2406,23081,4411,-13820,-18670,1.964
er,f27c8e0f86ca2b2a,64,20452,2455,29114,4487,-17997,-24627,2.058
er,bcde49ebe7e6a7ec,64,14807,2404,20409,4406,-12403,-16003,2.329
er,d5be78f002ea60af,64,10026,2385,14260,4379,-7641,-9881,1.587
er,7018d2b6b59e6485,64,30196,2399,42473,4411,-27797,-38062,3.081
er,9e2ef22440550a8f,64,28081,2460,39740,4519,-25621,-35221,2.886
er,015d39a1532b61e6,64,9541,2073,13148,3728,-7468,-9420,1.968
er,b13841381b3341fb,64,30781,2430,43362,4459,-28351,-38903,2.963
er,23f9011858b4863b,64,29304,2422,41281,4444,-26882,-36837,2.871
structured,496f64825995e6c8,128,417,1539,550,2435,1122,1885,7.85
structured,2dc93f3843a79be9,128,405,1501,526,2294,1096,1768,5.173
structured,fbe8a52ae7c4012f,128,349,1180,464,1811,831,1347,5.402
structured,463f12c51adce447,128,293,1009,390,1572,716,1182,4.892
structured,cd2ca251a81bbdca,128,409,1274,527,2071,865,1544,12.702
structured,e055f6b1fe8fa768,128,353,1458,467,2060,1105,1593,4.878
structured,ad795468785c2deb,128,411,1479,543,2273,1068,1730,4.75
structured,00b6f3fd696a57df,128,289,973,386,1545,684,1159,8.006
structured,3c9cf7575edb6989,128,419,1317,546,2130,898,1584,5.013
structured,e2c3210181fd438f,128,421,1464,553,2289,1043,1736,5.484
structured,873079533b741254,128,417,1326,545,2022,909,1477,5.947
structured,04cfcfd424536171,128,353,1451,468,2101,1098,1633,7.492
structured,b82382b9d7cb6a16,128,407,1407,537,2210,1000,1673,4.801
structured,0c605aa87afff0de,128,359,1411,473,2047,1052,1574,7.385
structured,7ff11f27d014e32d,128,405,1259,526,2028,854,1502,5.037
structured,4a898f538a03af14,128,413,1361,533,2157,948,1624,6.483
structured,a4cd0a4dbe79fd9d,128,349,1293,464,1987,944,1523,5.076
structured,d0e6ecb81618a673,128,407,1248,522,1996,841,1474,7.781
structured,35b0d8148ccd15fe,128,289,976,387,1510,687,1123,4.986
structured,df06d7bae53c1bd0,128,403,1188,536,1897,785,1361,7.385
structured,09a6261f3ddc6b22,128,407,1129,533,1855,722,1322,11.203
structured,93452dedddb13329,128,347,1273,462,2045,926,1583,4.732
structured,4f7fb00aeb992cc8,128,227,792,308,1281,565,973,5.243
structured,635b7f1225bacec5,128,407,1196,523,1911,789,1388,5.84
structured,2538c234d1fb601a,128,291,975,389,1555,684,1166,5.643
structured,d3d7307ae60d4493,128,295,1179,393,1729,884,1336,5.437
structured,24b99d01c1faa155,128,401,1153,533,1872,752,1339,5.068
structured,5101097694e7a555,128,347,1117,464,1769,770,1305,6.587
structured,97846370c5135614,128,357,1185,465,1867,828,1402,6.639
structured,0c231963d8800058,128,353,1162,469,1791,809,1322,6.901
structured,f1046b5d67c3a001,128,419,1532,551,2425,1113,1874,5.007
structured,1543b6f4b6253b5c,128,541,1376,737,2177,835,1440,4.751
structured,2475f935a0324107,128,343,1011,460,1638,668,1178,7.826
structured,ed25755a97e61c60,128,413,1126,542,1867,713,1325,5.274
structured,a2c771288dc87b00,128,413,1813,538,2581,1400,2043,5.005
structured,4384e00f0e6fd492,128,413,1401,546,2191,988,1645,7.532
structured,227a8b73888d362b,128,415,1279,541,2035,864,1494,7.36
structured,5904b1a751561003,128,349,1177,463,1839,828,1376,12.494
structured,954b35aca9c7025b,128,407,1122,537,1794,715,1257,4.921
structured,7df5e5ea94cb2f37,128,409,1138,528,1857,729,1329,4.795
structured,31f0f7e97becb5bb,128,419,1433,546,2273,1014,1727,7.512
structured,8bf08eb2514fc9df,128,355,997,470,1641,642,1171,5.337
structured,8523f8fcaa3d8734,128,289,919,381,1483,630,1102,5.236
structured,12258f7ad0c592d6,128,427,1295,559,1981,868,1422,4.757
structured,48ff247bc9a71e9f,128,357,1156,467,1841,799,1374,5.396
structured,94f8f8c322f94351,128,411,1161,537,1813,750,1276,5.9
structured,0c6d7fac1f2da6d0,128,409,1021,538,1692,612,1154,9.637
structured,cc1df6d82d932bc5,128,415,1294,543,2031,879,1488,5.004
structured,23f8bab2c42f3179,128,291,1122,387,1640,831,1253,5.45
structured,c399a3aed3169479,128,287,913,385,1464,626,1079,7.482
structured,58e0de2cbffcaeba,128,421,1395,551,2170,974,1619,4.947
structured,0e24c37d21714a39,128,405,1445,533,2285,1040,1752,7.141
structured,d011b226eb32472c,128,417,1321,549,2037,904,1488,5.268
structured,3c925cd4f60f1bf0,128,427,1273,557,2031,846,1474,5.334
structured,aaa72e8e9565c698,128,351,1181,467,1894,830,1427,8.714
structured,a5689a02204f1dfe,128,403,1504,535,2291,1101,1756,4.902
structured,349b27a45d1f2031,128,353,1492,470,2162,1139,1692,7.338
structured,a8d3e4832b07550c,128,345,1244,459,1904,899,1445,6.619
structured,c62c598261c9a97d,128,417,1516,549,2424,1099,1875,4.995
structured,1e8aa389b23aa9d7,128,419,1180,549,1854,761,1305,4.991
structured,fa141713c5265b59,128,413,1035,525,1723,622,1198,5.097
structured,3058afd17562f192,128,405,1407,538,2136,1002,1598,5.298
structured,678f6cf30d292782,128,411,1398,540,2177,987,1637,7.825
structured,ed73d1b737809f3b,128,357,1507,473,2156,1150,1683,7.879
structured,a099092a63874608,128,405,1491,534,2268,1086,1734,5.073
structured,a8549748a7cc0c2f,128,409,1419,546,2246,1010,1700,6.775
structured,ff826ab47fde1560,128,415,1490,543,2285,1075,1742,4.736
structured,460967e07b565a32,128,409,1264,539,1997,855,1458,5.212
structured,25afcbb73761519a,128,413,1326,540,2034,913,1494,5.016
structured,9994db29803286ff,128,349,1332,464,2064,983,1600,4.828
structured,a36ffdf3eeefd18f,128,349,1361,467,1966,1012,1499,5.325
structured,320a7f8c3c97a032,128,425,981,545,1578,556,1033,8.158
structured,81e177016a1e21a2,128,415,1482,548,2273,1067,1725,5.464
structured,c854ff72e93333ae,128,227,839,308,1257,612,949,5.117
structured,1b7314afcbdb556b,128,411,1581,546,2450,1170,1904,4.774
structured,75ece703e2d35ca6,128,576,993,775,1574,417,799,5.169
structured,3f755c500924f82d,128,413,1255,537,2024,842,1487,5.343
structured,281ffed9b10d2bbb,128,417,1501,551,2302,1084,1751,9.205
structured,c6447389a2d7f8e9,128,411,1694,545,2404,1283,1859,5.299
structured,d9ac3659daed9c77,128,413,1372,543,2176,959,1633,4.762
structured,a97501bf6e58cebc,128,229,801,308,1198,572,890,4.844
structured,fbaaa62682c1b3e5,128,425,1628,555,2609,1203,2054,7.779
structured,6a344695ca0dc1b8,128,405,1224,536,1938,819,1402,7.32
structured,4e35b37df8523cd8,128,413,1341,539,2175,928,1636,6.304
structured,8cc2a35c58b45d02,128,345,1179,455,1876,834,1421,5.123
structured,190fda1e4ed082a5,128,351,1153,466,1827,802,1361,7.66
structured,412227d7fac3343b,128,411,920,534,1454,509,920,4.815
structured,eed656654b21998c,128,407,1020,540,1639,613,1099,5.801
structured,dba57dcdc3f2460d,128,407,1363,541,2177,956,1636,4.843
structured,6beb9e34f84f1672,128,424,1498,558,2381,1074,1823,5.138
structured,de87c2c5896af327,128,299,1032,391,1625,733,1234,7.182
structured,7c49337944a6eef8,128,409,1316,538,2057,907,1519,4.909
structured,9f170fc52ac0ea36,128,349,1106,456,1757,757,1301,4.999
structured,adf60cf46af111bf,128,407,1418,540,2203,1011,1663,5.701
structured,b601eb35298038fc,128,353,1203,467,1931,850,1464,5.126
structured,f810cab151c427c3,128,413,1548,543,2371,1135,1828,8.922
structured,3018d3c1b6e0e6d5,128,359,1109,471,1733,750,1262,5.549
structured,d3a87521b907778d,128,351,1172,460,1916,821,1456,4.827
structured,634158d495639e73,128,409,1480,541,2340,1071,1799,5.53
structured,ee1d3a595b8a4202,128,349,1341,464,1943,992,1479,5.664
structured,d6dc498de2b1b4d2,128,345,1180,460,1883,835,1423,6.822
structured,2f88ed8e83f99887,128,295,973,390,1563,678,1173,4.861
structured,4a9e899352422cd9,128,415,1698,546,2607,1283,2061,5.27
structured,b4c0d6182a872280,128,407,1228,538,1981,821,1443,4.961
structured,bd5718b6290dd50d,128,403,1564,536,2453,1161,1917,5.374
structured,e2b1242d4617f0fb,128,357,1080,469,1731,723,1262,5.048
structured,297cabb90d3f62a1,128,411,1321,540,2055,910,1515,5.623
structured,87017f32a1df251b,128,349,1177,460,1843,828,1383,5.019
structured,03ff8e45d94ee66a,128,227,921,308,1320,694,1012,7.526
structured,67013f7e15926b5c,128,349,1189,463,1848,840,1385,5.062
structured,bc7757dbd8469172,128,357,1159,469,1797,802,1328,7.583
structured,540ec71bde96c4f8,128,405,1281,536,1973,876,1437,13.877
structured,9df2d0f1f36d7e7a,128,357,989,463,1569,632,1106,7.582
structured,6abe27e308adf439,128,355,1029,462,1686,674,1224,6.163
structured,c88818c070699822,128,345,1246,464,1955,901,1491,4.957
structured,624fa544d58d5fad,128,414,1073,538,1704,659,1166,4.919
structured,ca6aea439546fd0a,128,295,1243,394,1778,948,1384,5.545
structured,9743e93137608b92,128,351,1077,466,1756,726,1290,6.73
structured,3f754b796e35de51,128,343,1050,458,1681,707,1223,5.557
structured,8cc8bd4e6ae0f284,128,351,1252,464,1895,901,1431,6.465
structured,549ea9eff296afde,128,411,1180,543,1776,769,1233,4.707
structured,cca0ea8071e5e26a,128,415,1422,544,2226,1007,1682,7.017
structured,64102f6c466acdc8,128,413,1408,547,2212,995,1665,7.374
structured,6c4aedfe30ff2216,128,403,1402,539,2220,999,1681,7.402
structured,154b036b6dfe90cf,128,349,1219,467,1944,870,1477,5.214
structured,514409db402ffae0,128,415,1657,550,2593,1242,2043,4.884
structured,45952a482f40b193,128,287,995,386,1527,708,1141,5.426
structured,e22dc3bf279d8ae7,128,287,900,381,1435,613,1054,5.588
structured,9c0dd64d8995aca6,128,351,1187,464,1896,836,1432,5.69
structured,7acb29d0f5655480,128,347,1006,456,1635,659,1179,4.848
structured,5445d230f05fb111,128,347,1065,461,1691,718,1230,5.47
structured,ae9495af609dee5d,128,351,1040,465,1716,689,1251,5.586
structured,b45942b1bbb4437f,128,347,1080,459,1717,733,1258,5.19
structured,251cf8fdb2d45fac,128,417,1501,548,2313,1084,1765,5.177
structured,aaa71e8c8e3a5eb6,128,405,1212,538,1938,807,1400,7.671
structured,e3b82ec7336e2fea,128,405,1226,530,1973,821,1443,7.614
structured,563e59e4c67969e4,128,624,1487,851,2334,863,1483,5.275
structured,63a8af16b5512e3c,128,407,1214,539,1947,807,1408,16.262
structured,739a2ff99297daa2,128,409,1397,541,2222,988,1681,6.554
structured,4070a9eac49bbc9c,128,415,1179,540,1906,764,1366,5.631
structured,d363854c2ca3b764,128,407,1603,530,2480,1196,1950,7.917
structured,8c5b62f047ea08b1,128,646,1568,853,2470,922,1617,5.429
structured,da4ea996357a1021,128,415,1268,545,1843,853,1298,8.242
structured,d538c37e865aa76d,128,419,1590,547,2487,1171,1940,5.738
structured,c9668ec484c34319,128,415,1343,539,2034,928,1495,9.862
structured,d41df54ca4c68a6e,128,415,1491,544,2250,1076,1706,5.471
structured,f75d7e736b82e87a,128,425,1519,559,2359,1094,1800,7.416
structured,f4154435c0f781e0,128,415,1305,545,2029,890,1484,6.198
structured,f9fe1f0cb079c2c4,128,349,1137,465,1816,788,1351,5.765
structured,b8a653df76a97dee,128,409,1417,537,2174,1008,1637,5.125
structured,4b53fe4786acc494,128,421,1225,548,1944,804,1396,6.361
structured,5145d5072b4b7f89,128,347,1189,461,1872,842,1411,5.55
structured,ce383a81e8027534,128,349,1192,464,1908,843,1444,7.336
structured,0b71b5489b830899,128,409,1403,543,2230,994,1687,5.416
structured,c91722550a53c987,128,409,1295,542,2041,886,1499,5.776
structured,271f35ce631b347a,128,405,1309,539,2107,904,1568,7.031
structured,fec9b2c22df61dbd,128,351,1156,467,1766,805,1299,7.125
structured,6972e04a25ab8479,128,411,1449,539,2348,1038,1809,5.11
structured,2c0598e96c717571,128,283,875,381,1427,592,1046,4.876
structured,d282d81bbe3ee9a0,128,415,1451,545,2245,1036,1700,7.528
structured,70f4fff4c051a012,128,409,1190,541,1941,781,1400,4.924
structured,e82345a8a57d9784,128,327,864,441,1298,537,857,6.502
structured,46926ddfa86e9553,128,407,1413,538,2167,1006,1629,7.54
structured,eb7d7c205246ebb9,128,349,1266,462,1969,917,1507,6.22
structured,79e69f7a52e42bcb,128,403,1059,534,1721,656,1187,7.99
structured,bc6c4a6cbb92b954,128,345,1082,455,1708,737,1253,7.52
structured,9bd69a23b2f7cda0,128,289,1025,384,1501,736,1117,5.463
structured,115c5df7caeb641b,128,415,1758,547,2489,1343,1942,7.408
structured,ad9a314bf9d512a5,128,409,1351,537,2168,942,1631,17.083
structured,e0342e70cf9b6bc5,128,409,1312,536,2075,903,1539,5.756
structured,46abee65910aab32,128,347,1095,461,1777,748,1316,5.466
structured,abb379d3c26369c2,128,419,1397,547,2260,978,1713,7.63
structured,04f6449b0e0bbf68,128,399,1070,526,1743,671,1217,5.038
structured,5c4eb33e4e490f41,128,353,1284,470,2049,931,1579,5.45
structured,a7339b51950a92b7,128,415,1449,547,2251,1034,1704,7.762
structured,311557f51364cd2c,128,302,812,398,1185,510,787,8.407
structured,0cb6f8a03c75459d,128,417,1337,545,2073,920,1528,7.084
structured,2d0f76c85a62b3ac,128,413,1563,547,2431,1150,1884,5.123
structured,b1d2f17258a34b75,128,411,1499,542,2364,1088,1822,4.977
structured,066881820446d9e6,128,359,1013,466,1598,654,1132,7.688
structured,189794c40e098d2e,128,417,1481,544,2308,1064,1764,5.111
structured,fe15114e7b57eb94,128,417,1445,549,2253,1028,1704,5.4
structured,bd1f25166f3ebd06,128,417,1617,548,2563,1200,2015,5.316
structured,eaa9e8ff4f312d38,128,411,1343,542,2118,932,1576,5.892
structured,a2cac6942d0ce702,128,413,1200,543,1943,787,1400,5.108
structured,a1ac5cf214e91117,128,407,1411,542,2247,1004,1705,5.854
structured,3803243db8837fd0,128,413,1266,540,2024,853,1484,7.405
structured,c4072f5659ab5cdf,128,351,1150,463,1790,799,1327,4.722
structured,05f74b5bcaf5c60c,128,355,1213,469,1867,858,1398,7.044
structured,42a9280cc7498671,128,415,1529,545,2384,1114,1839,7.794
structured,ed59f4ac6f6d7385,128,359,1280,472,2044,921,1572,8.148
structured,603c7d08bc3c2895,128,417,1261,548,1983,844,1435,5.887
structured,f574996b1689b583,128,403,1538,517,2337,1135,1820,7.417
structured,98a51f587f0e51b2,128,419,1213,542,1957,794,1415,7.306
structured,6c08b3536a634a4b,128,409,1270,533,1991,861,1458,5.182
structured,ec46c8544d7ad8f4,128,413,1411,542,2220,998,1678,5.388
structured,a8ddc660f6da21bc,128,405,1360,539,2142,955,1603,9.204
structured,7c1205f720027096,128,411,1439,544,2129,1028,1585,7.651
structured,cecaa61d65744464,128,349,1302,466,1987,953,1521,8.214
structured,a7fc4dfa89ab422d,128,413,1347,535,2087,934,1552,5.186
structured,8c0535fb2d4ce10c,128,419,1377,548,2237,958,1689,5.854
structured,873333bbaf397b8e,128,409,1405,540,2183,996,1643,7.743
structured,3b8a44a49802ef20,128,415,1267,538,2026,852,1488,6.75
structured,3821627f36d035c0,128,415,1529,549,2413,1114,1864,7.561
structured,f4c8f25d73e23e09,128,347,1055,457,1690,708,1233,5.585
structured,01d60b6eb72dc198,128,413,1718,545,2506,1305,1961,9.113
structured,9a534f68568917b1,128,403,1412,537,2178,1009,1641,6.085
structured,56641370a8d8d32b,128,403,1261,537,2033,858,1496,5.868
structured,1b6519a93b215ee8,128,419,1317,545,2039,898,1494,4.968
structured,b2a6bc07118fd6a2,128,413,1606,547,2360,1193,1813,4.995
structured,2a274ea37b7b6cd3,128,413,1458,541,2239,1045,1698,8.657
structured,7ca29105f1fcfdde,128,409,1024,533,1715,615,1182,7.861
structured,303ad3c3a2ae04b1,128,355,1183,464,1915,828,1451,7.897
structured,ea0f511a9511ed12,128,407,1343,542,2083,936,1541,5.571
structured,b72b4b1db50ebfbf,128,409,1369,534,2072,960,1538,5.142
structured,aafc572474d09e2b,128,417,1141,542,1870,724,1328,5.902
structured,88c24203654c784a,128,401,1393,526,2142,992,1616,4.874
structured,c2226dc186828b65,128,351,1196,466,1885,845,1419,8.116
structured,dcf2555f99baa4d2,128,351,1248,468,1952,897,1484,8.763
structured,5dfb9b4fcc2cc53a,128,411,1240,543,2027,829,1484,4.937
structured,90b43152dd305ed5,128,405,1378,530,2223,973,1693,6.129
structured,db74c2284f31b1a6,128,413,1337,540,2097,924,1557,5.707
structured,86ef55592689152b,128,403,1577,529,2416,1174,1887,5.982
structured,5debe3888f1b01e5,128,423,1397,551,2199,974,1648,10.169
structured,41e27d3a8a6f74a1,128,419,1408,547,2237,989,1690,8.755
structured,9e1b25e12717f5d7,128,355,1285,469,1938,930,1469,4.862
structured,b4ffaec5969e6366,128,409,1311,532,2091,902,1559,4.982
structured,e24fab85a7ec5a7b,128,415,1243,544,1787,828,1243,7.84
structured,9b2666027e8d96b1,128,355,1307,470,2030,952,1560,7.788
structured,043d929148650f31,128,411,1581,544,2311,1170,1767,8.26
structured,2351c0a31ee022df,128,417,1719,551,2495,1302,1944,5.301
structured,998a04feef85c9be,128,411,1417,543,2181,1006,1638,4.868
structured,a6a1db294034765c,128,409,1420,540,2228,1011,1688,6.339
structured,2a347555c8fe5bc5,128,347,1020,449,1649,673,1200,4.77
structured,494912f4ae853ca2,128,409,1277,541,2004,868,1463,10.054
structured,7c442d46055813c2,128,413,1255,544,2010,842,1466,4.784
structured,33a049937cf567ce,128,355,1379,469,2010,1024,1541,5.274
structured,bf1996a0cd7f1a2f,128,417,1533,549,2374,1116,1825,6.068
structured,bafaac50fce47834,128,353,1208,468,1857,855,1389,4.776
structured,985320ef5d152875,128,409,1009,534,1687,600,1153,5.301
structured,0fa1cb7eaa33c3ac,128,421,1173,554,1909,752,1355,4.93
structured,56f83a203bfe54df,128,347,939,463,1524,592,1061,5.268
structured,e901f253d17d154f,128,355,1216,470,1855,861,1385,4.881
structured,3c1668a89d08a13c,128,351,1282,465,2031,931,1566,5.304
structured,3a94eb77246fedc9,128,407,1277,540,2081,870,1541,7.648
structured,e19e17eb9fd211b3,128,419,1553,547,2369,1134,1822,5.105
structured,15827ad8042aa82f,128,361,1219,473,1961,858,1488,7.487
structured,1b0617ed8d2dbfce,128,413,1254,545,2017,841,1472,4.862
structured,fa193f48577f2dd9,128,417,1438,549,2263,1021,1714,6.172
structured,823c6c1f319f251c,128,357,1229,472,1955,872,1483,7.34
structured,576c465b14f567f2,128,409,1350,543,2073,941,1530,8.624
structured,5755fb367a74d1b2,128,405,1161,527,1728,756,1201,9.156
structured,0ee22cc24ae76e78,128,351,1337,465,1942,986,1477,5.307
structured,63e22850479d7f81,128,293,960,390,1467,667,1077,5.13
structured,c90f76be76da4288,128,407,1422,528,2240,1015,1712,7.399
structured,d592d0149557527b,128,365,981,476,1621,616,1145,5.621
structured,853cf950be5b0e5c,128,415,1180,526,1927,765,1401,5.301
structured,a36b5365cdbc6e23,128,399,1288,536,2017,889,1481,4.865
structured,b26ef96839e63e01,128,411,1284,546,2075,873,1529,5.145
structured,221f904f180db802,128,351,1185,464,1836,834,1372,16.58
structured,8429868358201edf,128,413,1625,547,2336,1212,1789,8.481
structured,b8861a233446ad0e,128,345,1167,463,1798,822,1335,9.985
structured,4a05300204d1a150,128,419,1359,545,2170,940,1625,5.156
structured,8e3a29eda51ff470,128,411,1415,528,2276,1004,1748,5.111
structured,fa800f8d55bb4658,128,403,1171,535,1849,768,1314,6.834
structured,5992d4bd6f7ddd82,128,421,1388,547,2198,967,1651,6.891
structured,82a25e10af328feb,128,421,1349,550,2095,928,1545,7.805
structured,68d4973caffd0195,128,417,1308,546,2068,891,1522,16.682
structured,36898f379246eb06,128,419,1583,550,2478,1164,1928,5.531
structured,2888484dbcca2239,128,407,1343,531,2119,936,1588,6.016
structured,0732d2dc9bc8a339,128,415,1500,536,2359,1085,1823,8.184
structured,4b6a7484098c8651,128,347,1112,462,1778,765,1316,5.616
structured,40eed2e6b1813a0e,128,355,1216,465,1907,861,1442,11.249
structured,fe0266b52366478b,128,345,1171,463,1800,826,1337,5.194
structured,038f84261120b758,128,411,1393,546,2144,982,1598,7.855
structured,ea60b378af8dc1cf,128,361,977,475,1579,616,1104,5.521
structured,8bb7570293ec2986,128,231,935,312,1387,704,1075,6.324
structured,00bb13ace675d9be,128,405,1261,531,2000,856,1469,6.364
structured,44406ae6c32b8c76,128,407,1279,539,1994,872,1455,5.2
structured,b851cdedc3b1f585,128,415,1545,549,2432,1130,1883,7.333
structured,e1423bc576bc91ca,128,287,853,386,1401,566,1015,7.465
structured,7ac10ab4d4dd52b8,128,578,1362,764,2138,784,1374,7.557
structured,f618ab7cc11693c8,128,413,1408,545,2239,995,1694,7.285
structured,74bc904cc6923512,128,411,1362,544,2209,951,1665,4.817
structured,dd4f6817ba791bf0,128,411,1499,539,2312,1088,1773,11.816
structured,057af1069c24c633,128,345,1484,450,2156,1139,1706,4.946
structured,3751a3a5038dc4d6,128,359,1256,465,2041,897,1576,9.949
structured,5e830927514cb9aa,128,353,1399,468,2012,1046,1544,4.793
structured,c54b2224b040590d,128,403,1192,523,1929,789,1406,8.636
structured,7826ec1b53867f7b,128,433,1651,566,2377,1218,1811,6.29
structured,9d4a61ad9fb276b4,128,345,1048,462,1657,703,1195,7.723
structured,fdfb7dd89f841630,128,403,1250,534,2038,847,1504,5.543
structured,f5ecb2a940fb4e90,128,936,1226,1254,1829,290,575,4.948
structured,eef969c91ba3248f,128,349,1060,461,1740,711,1279,5.816
structured,3ccbb24f4dfecace,128,355,1265,469,1963,910,1494,5.749
structured,8183e5257fe3c6e9,128,357,1394,473,2191,1037,1718,4.802
structured,31a6731ab3ded0c8,128,409,1291,523,2119,882,1596,5.745
structured,37819af5a574b744,128,409,1276,536,2071,867,1535,7.591
structured,7e0e171b5ffa100d,128,351,1143,465,1813,792,1348,7.835
structured,1eccadc9c7ad3b4c,128,347,1143,458,1849,796,1391,8.317
structured,92fa1aa270701f96,128,405,863,527,1475,458,948,6.072
structured,3e1a6a7137bc978c,128,405,1451,537,2207,1046,1670,4.808
structured,6d6ed315dc2a9f17,128,337,914,449,1465,577,1016,8.548
structured,8c670578ae53edd6,128,289,976,387,1505,687,1118,8.125
structured,7e7719fa23679bfb,128,355,1065,458,1733,710,1275,5.614
structured,7ed21a9a6fa1dc64,128,349,1276,465,2023,927,1558,12.725
structured,a0d74a5196b0effe,128,419,1561,546,2359,1142,1813,8.664
structured,f63f3c20bd19fbb0,128,405,1224,541,1971,819,1430,5.18
structured,46ba67cae843eb60,128,287,1104,375,1666,817,1291,4.741
structured,379093f7f0f814cf,128,353,1178,465,1842,825,1377,5.382
structured,2b87349235b40479,128,415,1353,534,2129,938,1595,7.4
structured,1f524fef9a123c8c,128,353,1396,468,2031,1043,1563,4.752
structured,ef2147f2e1d58300,128,413,1555,548,2374,1142,1826,5.93
structured,7aac4e84ee2a2899,128,361,1108,471,1757,747,1286,4.844
structured,56d2369be92ee85e,128,409,1390,543,2112,981,1569,8.581
structured,ca57421af427dfaf,128,411,1301,530,2070,890,1540,5.002
structured,549f5e682eb1d4f1,128,413,1455,545,2259,1042,1714,5.508
structured,44d5828f582552cd,128,415,1544,548,2307,1129,1759,4.767
structured,300c2b84787d8ece,128,417,1298,544,2043,881,1499,12.81
structured,e3511766c79ed812,128,347,1472,461,2152,1125,1691,5.522
structured,6403d1cbd0db423c,128,417,1184,546,1922,767,1376,5.361
structured,f6d24b5e254970a4,128,407,1420,539,2177,1013,1638,5.014
structured,6323261dec0d88b6,128,347,1195,459,1895,848,1436,5.598
structured,04ba96725a4fcab2,128,409,1193,530,1935,784,1405,5.707
structured,273155ebb2f05bec,128,415,1225,545,1982,810,1437,7.693
structured,6c53c1d8bb65ddbc,128,357,1285,471,2049,928,1578,8.003
structured,b898d2cf3cd7bc84,128,409,1407,538,2162,998,1624,4.732
structured,10f6e7a820f7470b,128,351,896,464,1404,545,940,7.691
structured,bb53a63be7ed7809,128,407,1201,540,1955,794,1415,5.488
structured,7738bd159cf47945,128,289,1231,379,1779,942,1400,7.865
structured,9a3d49fbacec490d,128,612,1692,817,2404,1080,1587,7.986
structured,487310fdd6171b8d,128,415,1463,540,2328,1048,1788,5.008
structured,1050dc39d04cacf6,128,291,1115,388,1625,824,1237,6.684
structured,9a3d187067130993,128,411,1413,544,2229,1002,1685,18.194
structured,62398f893891387d,128,411,1185,543,1903,774,1360,6.115
structured,9b050f49c81e7c54,128,415,1632,545,2380,1217,1835,6.435
structured,0cb847752cb156a8,128,419,1417,549,2198,998,1649,5.819
structured,4b9d6558a9f95b4d,128,417,1487,546,2262,1070,1716,5.223
structured,e84828ed67375894,128,411,1463,543,2204,1052,1661,4.764
structured,ca528c64049d94e1,128,419,1158,548,1848,739,1300,15.336
structured,5aa7ad8dbd7ccff0,128,413,1137,531,1866,724,1335,5.361
structured,16703ec790eb5f7a,128,409,1236,531,1963,827,1432,7.684
structured,6459a2ae5ef9d4a8,128,349,1028,462,1607,679,1145,5.835
structured,ce52fe5b3b2ccc34,128,421,1375,552,2213,954,1661,5.664
structured,8ba35cff3b4b2e46,128,411,1335,542,2096,924,1554,5.444
structured,f871debba9c41baf,128,409,1322,537,2075,913,1538,5.214
structured,c56b3f735cb6ce19,128,405,1175,537,1910,770,1373,10.178
structured,148cd52448a880b9,128,421,1095,554,1794,674,1240,8.825
structured,bbe54bf327a72fbe,128,405,1622,539,2469,1217,1930,5.195
structured,8f20160181f73f41,128,343,939,439,1478,596,1039,7.462
structured,b6cdbcff77ea75e0,128,289,907,385,1457,618,1072,5.46
structured,b55ecca2950b7666,128,411,1172,540,1892,761,1352,4.841
structured,1fcc6ac5a9b28002,128,349,1139,464,1856,790,1392,5.199
structured,559f8465bb5adbbc,128,409,1354,535,2148,945,1613,8.203
structured,79f8dbd32731b1a4,128,413,1305,540,2053,892,1513,6.055
structured,b6e84318f3bd6f3f,128,413,1471,543,2300,1058,1757,4.926
structured,a8f97cc7e8eafca9,128,347,1541,460,2223,1194,1763,5.353
structured,cc4395c074d34f21,128,353,1229,467,1968,876,1501,5.048
structured,0f64c61ab5813abb,128,353,1215,469,1905,862,1436,5.248
structured,e0d2e9efdf822cb2,128,421,1378,544,2237,957,1693,4.936
structured,b97255e630b8486a,128,413,1513,545,2254,1100,1709,6.504
structured,0829eb210b3f9a29,128,413,1381,545,2135,968,1590,6.072
structured,8dd03db14b94c862,128,413,1274,541,2049,861,1508,5.526
structured,c0121a0b879acbe1,128,351,1131,467,1769,780,1302,5.313
structured,6781ae9fa175fd20,128,355,1432,472,2105,1077,1633,7.353
structured,8ca9f42a2b412697,128,349,1167,465,1837,818,1372,5.281
structured,57ca41a783faea72,128,423,1501,554,2352,1078,1798,5.727
structured,3858f72920b5fcd7,128,415,1518,545,2322,1103,1777,8.586
structured,afc7a1cc689ad327,128,407,1449,540,2229,1042,1689,6.345
structured,1f08cb1007e9b599,128,287,1060,382,1660,773,1278,5.539
structured,404dbb48aa95bf35,128,415,1309,548,2029,894,1481,5.154
structured,219e318a7eccb522,128,407,1424,541,2208,1017,1667,7.374
structured,debf2998df2acb5a,128,403,1288,529,2027,885,1498,14.895
structured,e1a84b920c17efe2,128,413,1468,540,2366,1055,1826,15.647
structured,3c4b8307d3733dc1,128,351,1460,459,2109,1109,1650,4.721
structured,d6d108d472e4aa48,128,407,1437,528,2318,1030,1790,5.476
structured,1b000fc387d5bca5,128,367,925,480,1477,558,997,9.721
structured,14d226cf510d4c0c,128,289,845,378,1377,556,999,4.935
structured,2d6326410fd3ec65,128,403,1357,541,2139,954,1598,5.691
structured,d4bc3458ac80d6f0,128,419,1209,545,1891,790,1346,4.803
structured,57460a6e1541f9d0,128,425,1248,550,2033,823,1483,5.22
structured,706a42ac38b2970a,128,287,1057,384,1580,770,1196,7.659
structured,f98cea73ea084d31,128,409,1279,538,1988,870,1450,4.889
structured,17a8cd3ce48ce46e,128,407,1345,541,2145,938,1604,6.095
structured,17e6fa7b9e14a9c5,128,357,1199,467,1908,842,1441,7.635
structured,80577315337b6656,128,409,1396,534,2177,987,1643,4.972
structured,9ae3c36fd9cdaf4b,128,405,1226,530,1958,821,1428,7.653
structured,f89d78ab41cf3aa7,128,413,1520,540,2392,1107,1852,6.261
structured,117a8e9b79f02237,128,349,1163,462,1803,814,1341,4.859
structured,c4a66280ce179ab4,128,419,1453,551,2291,1034,1740,9.255
structured,6d0ea78b29df9988,128,347,1377,460,2001,1030,1541,5.616
structured,4d03cf18e087f64f,128,419,1335,543,2073,916,1530,6.989
structured,c9fcb3178795b717,128,421,1405,551,2252,984,1701,5.172
structured,1d322b008cbeb971,128,419,1450,552,2323,1031,1771,5.1
structured,1cd3adcfca62d2f6,128,423,1433,555,2308,1010,1753,5.474
structured,bc0d6d1ba22d85bd,128,349,1282,463,1980,933,1517,4.913
structured,8bbbaa119e137b55,128,289,973,387,1484,684,1097,7.509
structured,f1c79d3713711f58,128,289,953,383,1485,664,1102,5.424
structured,31bbaab9962b75ca,128,411,1640,543,2390,1229,1847,4.574
structured,360b75de84d0f830,128,353,1312,468,2026,959,1558,4.742
structured,215c7d22727d1149,128,301,941,399,1481,640,1082,7.785
structured,edcedf4af5ab5ef3,128,435,1333,565,2128,898,1563,5.891
structured,b9bcd7fb31ede06f,128,405,1188,539,1903,783,1364,4.876
structured,6956ea7aacd0ce54,128,357,1342,471,2089,985,1618,7.652
structured,f7cf2259f11a5430,128,345,1212,453,1939,867,1486,6.866
structured,5c0fc78fb542273b,128,285,1037,385,1671,752,1286,4.756
structured,b83e22464e3d8db0,128,413,1441,542,2316,1028,1774,8.308
structured,fc166c737e04d308,128,345,1308,459,1946,963,1487,5.447
structured,eb8b8401aa476dd3,128,351,1260,468,1970,909,1502,7.543
structured,70c0f2ad4b80c8dd,128,289,966,388,1483,677,1095,5.631
structured,bab6fcfc0325c22c,128,339,1025,444,1649,686,1205,5.619
structured,106c5383c3957e04,128,347,1451,464,2091,1104,1627,6.036
structured,326469f07c7626d5,128,417,1329,547,2153,912,1606,4.81
structured,7e6f055e37cad634,128,347,984,456,1608,637,1152,4.768
structured,55fb3d588c45b1d5,128,407,1346,528,2046,939,1518,5.459
structured,27d1f8900f407b7f,128,525,1166,667,1878,641,1211,4.912
structured,5e882eb270707473,128,417,1470,547,2247,1053,1700,6.405
structured,26558a883708b03b,128,293,1183,390,1681,890,1291,5.311
structured,62fdb897474335bc,128,357,1468,474,2206,1111,1732,16.39
structured,f70354da304f0328,128,293,1009,384,1595,716,1211,8.276
structured,9e57d68b687eabcd,128,405,1095,528,1761,690,1233,5.408
structured,42cc2bfc2d4e8961,128,413,1309,540,2067,896,1527,5.438
structured,f5aab054156f00c1,128,417,1289,541,2054,872,1513,4.833
structured,ec68ab2e0d72352b,128,291,1000,388,1609,709,1221,7.277
structured,4003986bee523eca,128,417,1453,546,2297,1036,1751,5.281
structured,4b5de8c24ce63dff,128,405,1463,536,2218,1058,1682,9.947
structured,f3581cf900137100,128,413,1314,542,2132,901,1590,4.96
structured,663eaa715585832e,128,417,1474,544,2307,1057,1763,7.526
structured,90adf968c4ba3c7e,128,349,1255,466,1951,906,1485,5.157
structured,280e40472abdb19f,128,417,1583,550,2423,1166,1873,5.286
structured,cc019e5c0f2fad3c,128,355,1288,471,2062,933,1591,7.574
structured,0d0373e074a323c4,128,415,1304,542,2028,889,1486,7.69
structured,ffd774483c89d130,128,289,1009,388,1617,720,1229,5.362
structured,628349430ecee447,128,289,1132,387,1637,843,1250,5.12
structured,fa253c2a4adc78b5,128,359,1109,469,1703,750,1234,7.774
structured,3e71185a317a1988,128,413,1329,543,2048,916,1505,5.826
structured,17e9c65127936dd6,128,411,1286,542,2045,875,1503,5.814
structured,751d2319366464c8,128,353,1039,458,1684,686,1226,7.356
structured,5e38a0eb8d5b226f,128,415,1239,547,2018,824,1471,5.891
structured,d9e1beec67366963,128,421,1557,550,2439,1136,1889,7.878
structured,0af4567de6d1a85e,128,295,1219,393,1743,924,1350,5.393
structured,3dbd2f37b7fabc21,128,409,1042,523,1708,633,1185,6.002
structured,05dec2e28e3f7ec6,128,411,1392,540,2190,981,1650,7.996
structured,a9e62dfc229d3488,128,413,1323,543,2084,910,1541,5.652
structured,4f642f7caa2b5e23,128,291,1158,388,1711,867,1323,6.29
structured,9dc95d8438ea0662,128,411,1420,543,2226,1009,1683,5.942
structured,3d5fcd6f6179b10d,128,345,1131,462,1770,786,1308,6.798
structured,410ab81899d96284,128,295,1231,392,1776,936,1384,5.068
structured,234da51123d4ef33,128,408,1423,540,2312,1015,1772,5.124
structured,3e1db746619a81ea,128,353,1348,470,2132,995,1662,6.191
structured,2f4b6123d0a6b8b6,128,417,1157,544,1878,740,1334,4.734
structured,b3d93f34b25050df,128,295,1088,393,1623,793,1230,8.247
structured,cb17d99df0fd5dea,128,421,1368,551,2159,947,1608,5.931
structured,6afc9aae2999e133,128,409,1256,529,1977,847,1448,827.137
structured,0d634dadbca3c79b,128,349,1280,465,1980,931,1515,6.152
structured,66b6e78f1aca1172,128,265,909,359,1432,644,1073,8.212
structured,cc3780cc3d478d37,128,349,1121,459,1794,772,1335,4.81
structured,249a36fb434161bb,128,349,902,465,1507,553,1042,5.017
structured,2d015c4731d17ac2,128,407,1447,537,2243,1040,1706,7.243
structured,728af168a168b7f7,128,347,1075,464,1722,728,1258,8.575
structured,c56870a42ac965d7,128,295,948,390,1499,653,1109,5.51
structured,d7e50f237fbd50fa,128,341,1177,449,1781,836,1332,6.42
structured,05fba577e0b52851,128,407,1295,536,2007,888,1471,5.295
structured,8ae0fb40e89e6e17,128,401,1260,532,2000,859,1468,7.683
structured,6f5f4757a7f62c15,128,351,1226,466,1866,875,1400,7.384
structured,81d454bf5709f8fc,128,417,1254,549,1952,837,1403,5.501
structured,87d84abc0d619dfa,128,411,1213,543,1988,802,1445,7.366
structured,9931a70a0aa06ccb,128,299,984,393,1613,685,1220,4.77
structured,58782f5bdd70e6ad,128,407,1565,534,2459,1158,1925,7.292
structured,8bcbd9ba5f8e6bfa,128,423,1348,552,2127,925,1575,8.658
structured,5970ce84acce75de,128,403,1314,525,1963,911,1438,5.504
structured,385beb672fc4e920,128,421,1554,552,2450,1133,1898,5.706
structured,24805c603776130c,128,423,1573,554,2458,1150,1904,5.561
structured,643b7df3e7184f99,128,621,1475,827,2317,854,1490,7.924
structured,47bde2bb7bf20d0a,128,397,1111,514,1816,714,1302,5.476
structured,fe51e1f2725ac364,128,289,1081,386,1741,792,1355,7.487
structured,2b44015c0eee983f,128,347,1273,461,1952,926,1491,7.436
structured,4ba8abe8e94583c3,128,417,1427,547,2209,1010,1662,4.787
structured,b3b32357c38ce6e6,128,403,1084,526,1688,681,1162,7.599
structured,283b553c26a7eb3c,128,291,1045,389,1634,754,1245,10.017
structured,9dda195ec3d6b4e8,128,415,1056,538,1644,641,1106,4.655
structured,f1968d0836134e60,128,417,1222,536,1944,805,1408,6.003
structured,8de16ccf77f9d399,128,407,1269,539,2020,862,1481,5.942
structured,71070b25120d0d06,128,417,1143,543,1832,726,1289,7.397
structured,ac88920d665e02c4,128,343,1022,451,1678,679,1227,6.539
structured,85f7b64b87400de7,128,353,1337,468,1941,984,1473,4.743
structured,aa40a9581f814e95,128,417,1434,546,2204,1017,1658,4.814
structured,d09ea3e0656ddabf,128,417,1436,546,2238,1019,1692,4.868
structured,108f398d8a0eb6b4,128,421,1481,549,2368,1060,1819,7.005
structured,ac30f7f344d5a329,128,353,1456,469,2112,1103,1643,5.571
structured,70b7aba6e250dc8f,128,291,1023,389,1644,732,1255,5.275
structured,7cc17bbd791f1592,128,407,1306,536,2023,899,1487,5.105
structured,b9fe321bc07eeaca,128,415,1614,548,2468,1199,1920,5.798
structured,b290fd963df548f1,128,407,1212,523,1935,805,1412,5.614
structured,dca4269ba3983869,128,355,1138,467,1835,783,1368,5.694
structured,3a7da5e5511d8778,128,421,1628,553,2506,1207,1953,17.148
structured,cad6c6a2c6f6fa4a,128,417,1392,542,2231,975,1689,5.449
structured,8bee0e8ce71fc8f3,128,413,1478,543,2342,1065,1799,7.42
structured,623cd01c35e6ba9a,128,403,1244,533,1973,841,1440,5.149
structured,149e72a6a7026375,128,419,1475,551,2343,1056,1792,9.204
structured,e59013af16f38ab3,128,409,1367,541,2167,958,1626,6.737
structured,321326097ee0d20b,128,411,1131,539,1765,720,1226,6.467
structured,fbd39afce8ead79f,128,357,1164,461,1818,807,1357,6.262
structured,efd669d07df2e8b2,128,415,1506,544,2422,1091,1878,4.939
structured,f5b07cb19c727177,128,353,1327,456,2057,974,1601,5.151
structured,86c03c0d8e562ba1,128,413,1329,543,2112,916,1569,5.194
structured,f685c7694f4692e7,128,415,1430,545,2208,1015,1663,7.866
structured,df22ded59ee4edca,128,417,1264,545,1962,847,1417,5.637
structured,895294ba33a50e5d,128,407,1509,536,2355,1102,1819,8.626
structured,f8fd08a20d652477,128,411,1277,538,2036,866,1498,5.542
structured,b7a0a049591892f5,128,351,1200,468,1918,849,1450,7.418
structured,1771e900a503cc7a,128,413,1352,538,2143,939,1605,6.255
structured,a71bab3c0bbbcc54,128,411,1339,545,2174,928,1629,5.774
structured,5e3c2a8bbc14648a,128,349,1015,456,1638,666,1182,6.003
structured,b3f2f07f6da0b6b1,128,417,1217,543,1969,800,1426,6.138
structured,f358ec76b97729d1,128,407,1645,532,2486,1238,1954,12.863
structured,b497c520635e6db4,128,405,1231,536,1937,826,1401,5.757
structured,34ca936c9f796b33,128,419,1335,547,2197,916,1650,4.895
structured,edf47e1fb2a7ebc0,128,347,1085,460,1503,738,1043,5.033
structured,35b622a8ac774d81,128,413,1532,541,2283,1119,1742,7.312
structured,ef2d178079c00043,128,407,1611,541,2506,1204,1965,7.509
structured,7afa61be9a33f149,128,399,1075,514,1701,676,1187,4.843
structured,ca89d8131c90f781,128,413,1464,542,2226,1051,1684,5.259
structured,1944bcf1539c7fad,128,227,624,308,1029,397,721,7.252
structured,c3b38ebcfc2859e3,128,341,971,444,1461,630,1017,4.996
structured,9d035bb157dfefc7,128,417,1408,547,2234,991,1687,7.593
structured,05adca10e2678ac5,128,411,1224,539,1936,813,1397,5.768
structured,d0c6ed5c814030a3,128,347,1123,464,1777,776,1313,4.968
structured,2cc440c3efd1b316,128,293,1153,393,1748,860,1355,5.724
structured,f36bbd2112b22674,128,289,1008,386,1553,719,1167,6.478
structured,732f0db96058187f,128,409,894,534,1418,485,884,4.708
structured,daeb6c09ce86a0ca,128,355,1225,469,1973,870,1504,6.544
structured,e9cf3e8844cfbe07,128,405,1406,535,2197,1001,1662,5.29
structured,158cb8a0f9f971ec,128,405,1531,533,2398,1126,1865,10.829
structured,65abb411ede250a4,128,359,1087,473,1787,728,1314,8.553
structured,fb3a07c6ae09ee31,128,413,1343,543,2067,930,1524,4.93
structured,262086edc8e9fb54,128,347,1051,460,1688,704,1228,5.631
structured,4d645206b8585949,128,411,1339,543,2110,928,1567,5.166
structured,efdbabd999af61a5,128,353,1183,466,1861,830,1395,11.243
structured,1355b72684f65ac9,128,409,1119,533,1825,710,1292,8.202
structured,0fdde283771724ca,128,401,1176,527,1903,775,1376,7.263
structured,be4c8f8bdc159346,128,415,1212,544,1941,797,1397,8.496
structured,2d59499be1795c7a,128,411,1416,543,2166,1005,1623,4.994
structured,35b46bc8a8a85bd8,128,353,1206,467,1843,853,1376,4.675
structured,8057055ca50e7d7e,128,345,1371,448,2049,1026,1601,5.717
structured,6091d38944e0474f,128,227,832,307,1215,605,908,8.681
structured,5efceda16b3b60d4,128,351,1451,470,2159,1100,1689,4.743
structured,8803d344060a387a,128,411,1322,542,2026,911,1484,4.856
structured,0985d857ff7c4dea,128,409,1130,536,1872,721,1336,14.568
structured,e7ace80168d966f9,128,415,1305,541,2075,890,1534,8.251
structured,94be12208422b6b1,128,561,1573,763,2343,1012,1580,7.613
structured,61137e86f851749c,128,413,1788,547,2560,1375,2013,7.428
structured,282d5fe6094a90c3,128,421,1460,550,2271,1039,1721,4.863
structured,1d9c8c3abeec353d,128,351,1167,465,1857,816,1392,5.521
structured,3d23a5f613ac1efc,128,411,1299,539,2101,888,1562,4.791
structured,65d5805542950056,128,413,1343,546,2103,930,1557,5.715
structured,72fa961206d77224,128,419,1163,543,1915,744,1372,5.864
structured,c4bb10f21e7c2cc7,128,351,1070,464,1679,719,1215,4.642
structured,d538392ea3212846,128,413,1316,534,2055,903,1521,5.673
structured,044f4e5512ca9526,128,415,1321,548,2105,906,1557,6.21
structured,ab23eeeba083a5a5,128,415,1215,544,1972,800,1428,4.823
structured,701143278179e6c2,128,415,1118,547,1819,703,1272,4.814
structured,20e8f61d2b96d441,128,347,1147,456,1792,800,1336,5.376
structured,69439397920c3126,128,399,1152,511,1886,753,1375,5.575
structured,d3ebd46d8282ee92,128,413,1449,544,2268,1036,1724,5.842
structured,1d874e10ec576e6a,128,345,1201,458,1851,856,1393,5.163
structured,11e863d8bada5ca4,128,407,1204,541,1916,797,1375,5.791
structured,031a2f23a5d41974,128,415,1184,544,1908,769,1364,5.636
structured,969df63507e7fd33,128,409,1093,537,1793,684,1256,7.639
structured,daca7151e80d4a8e,128,347,1125,460,1830,778,1370,7.681
structured,a468ec141f0642bc,128,409,1243,537,1974,834,1437,7.066
structured,469fdaee2d209e04,128,408,966,541,1522,558,981,5.126
structured,83a9e5154be145b0,128,353,1151,457,1871,798,1414,5.689
structured,34a20f2b5edccffd,128,353,1182,469,1910,829,1441,9.012
structured,debe16ad577dc8f2,128,407,1364,540,2124,957,1584,4.79
structured,b15f67a868106df6,128,415,1417,543,2185,1002,1642,5.561
structured,36d320882902523a,128,411,1296,535,2084,885,1549,5.057
structured,1dac99128c0c4ed3,128,349,1518,461,2181,1169,1720,8.09
structured,f80586109bab351a,128,355,1101,465,1770,746,1305,5.091
structured,237f4e617fb87790,128,351,1263,459,1880,912,1421,6.074
structured,13f3de50eb5fbea5,128,419,1548,551,2417,1129,1866,9.104
structured,36b5252cad53916a,128,287,695,376,1074,408,698,4.82
structured,b5d9b01fdedb3b76,128,285,934,384,1471,649,1087,5.081
structured,55318f21db94294e,128,411,1304,542,2033,893,1491,5.484
structured,302d0ac828107e1f,128,419,1633,551,2513,1214,1962,8.406
structured,29db2b498fb4c282,128,229,843,311,1305,614,994,4.753
structured,786ab1bff76798d2,128,409,1273,538,2036,864,1498,5.243
structured,ee4b16130de948e5,128,401,1502,533,2261,1101,1728,6.333
structured,fba63edb02988aee,128,407,1487,540,2307,1080,1767,5.19
structured,9a4c0f4771a64395,128,349,1238,461,1967,889,1506,7.087
structured,cdd5bdb0a732135b,128,413,1417,539,2204,1004,1665,5.331
structured,1fab6b331e825179,128,415,1516,546,2368,1101,1822,6.063
structured,00c924ddf5484067,128,355,1202,470,1879,847,1409,7.45
structured,49bfa17fe24e13e5,128,347,1051,456,1670,704,1214,5.85
structured,adbd90886f750094,128,291,836,380,1368,545,988,7.589
structured,5597d7d8011e00d2,128,413,1497,542,2250,1084,1708,5.381
structured,bab8daade3093120,128,413,1366,538,2149,953,1611,4.886
structured,d3481fb12e1b7ab5,128,411,1425,536,2212,1014,1676,7.166
structured,c72c0ea8d81b9a12,128,423,1585,554,2550,1162,1996,5.512
structured,468e9d548b8f6140,128,409,1283,540,2091,874,1551,6.168
structured,02dd0000de6fc7ff,128,407,1330,538,2008,923,1470,6.264
structured,b678504beaa405f9,128,419,1404,545,2194,985,1649,5.043
structured,5e30930a042a30b7,128,417,1293,547,2105,876,1558,7.251
structured,3d42f372d388fb51,128,407,1303,537,2012,896,1475,7.664
structured,41e5c7a15df153d0,128,353,1025,467,1673,672,1206,12.099
structured,9e8cdd328d36bcfd,128,415,1386,547,2215,971,1668,4.817
structured,49107f8ac6363e55,128,289,944,383,1502,655,1119,5.088
structured,1de0795e226f280d,128,405,1198,537,1938,793,1401,5.017
structured,a15e1c813548d92b,128,417,1337,541,2135,920,1594,4.865
structured,7a0a06d21d326844,128,419,1300,543,2107,881,1564,4.761
structured,aa462aac9da2e037,128,353,1413,467,2060,1060,1593,7.369
structured,e0c8dce345d9fef3,128,415,1610,549,2432,1195,1883,5.764
structured,128437bcc3b5eb37,128,359,1000,469,1624,641,1155,5.157
structured,70913870c5ef4f91,128,413,1174,539,1925,761,1386,7.538
structured,0acb3696a4dd38a9,128,415,1193,543,1917,778,1374,5.305
structured,b5c7c18667b315fa,128,413,1533,548,2418,1120,1870,6.616
structured,e89064fa9141124f,128,409,1461,544,2303,1052,1759,8.509
structured,b16dd4814ef35e13,128,231,939,311,1384,708,1073,5.623
structured,a8d343ab4b49b8ea,128,347,1164,464,1845,817,1381,4.98
structured,638b738150b965b0,128,403,1172,536,1912,769,1376,7.151
structured,1acff866d4a34610,128,403,1372,524,2144,969,1620,4.808
structured,6b80d9709300bfab,128,345,1206,460,1861,861,1401,5.784
structured,3980b7816e1515f5,128,405,1042,529,1699,637,1170,7.342
structured,c0202df137016531,128,425,1797,556,2575,1372,2019,16.99
structured,48d7377d5fa75c4e,128,409,1179,532,1902,770,1370,5.929
structured,91cd8216978da8db,128,359,1063,470,1694,704,1224,4.88
structured,9e4dce9f335d8084,128,415,1319,544,2054,904,1510,5.258
structured,b05d8c479367727f,128,415,1521,537,2378,1106,1841,5.474
structured,8913df86499f50e0,128,409,1325,535,2103,916,1568,5.706
structured,53446c0f43e2cd6b,128,417,1208,545,1957,791,1412,6.067
structured,453e0bb354167a84,128,289,860,384,1394,571,1010,4.806
structured,1b642527f5f00fb4,128,425,1039,555,1653,614,1098,5.599
structured,1598adf3d8b561ef,128,411,1145,544,1850,734,1306,7.491
structured,1f7e28ef4ef822ab,128,415,1288,537,2061,873,1524,8.272
structured,f103582e8819a436,128,349,1295,464,1991,946,1527,4.929
structured,a1a4eefaae930a64,128,351,1317,467,2055,966,1588,5.72
structured,c30a19fb6d4a92da,128,407,1593,531,2381,1186,1850,4.839
structured,5f040c6dc80a264f,128,291,1088,388,1710,797,1322,5.925
structured,5265e418efb36c39,128,357,1445,472,2038,1088,1566,5.745
structured,c5cec0ab568f5425,128,411,1306,540,2127,895,1587,4.819
structured,b5e50161e4268a20,128,419,1291,550,2095,872,1545,8.032
structured,da6b160cc6665e02,128,407,1519,536,2355,1112,1819,9.726
structured,4123709a10521546,128,407,1258,536,1995,851,1459,5.009
structured,751c953d4eaf9418,128,355,1218,469,1963,863,1494,5.024
structured,d8b232b2fdf74bbe,128,345,1114,444,1799,769,1355,5.703
structured,18e0dbe4055fd3de,128,355,1418,473,2215,1063,1742,5.525
structured,11e776ca07f30b0e,128,357,809,469,1267,452,798,7.928
structured,3bdc71cfca83e11b,128,411,1332,543,2091,921,1548,10.911
structured,f48a62913f550052,128,417,1468,543,2332,1051,1789,5.093
structured,9a665a14791bd52f,128,289,1020,385,1579,731,1194,5.126
structured,c9437ec48b59d61c,128,423,1022,551,1639,599,1088,8.116
structured,530bb14d1d0e588a,128,417,1457,549,2287,1040,1738,5.331
structured,12e6a14b977a5727,128,356,1308,476,2022,952,1546,5.023
structured,09a4a2cd6465a0ae,128,415,1233,541,1934,818,1393,7.575
structured,fe648de7f2846ce6,128,425,1410,557,2213,985,1656,5.672
structured,ea1de2a4b485d151,128,291,939,384,1493,648,1109,4.891
structured,e8b1d1075d295efe,128,421,1580,550,2432,1159,1882,7.317
structured,8491ce827fee838d,128,415,1406,547,2256,991,1709,8.881
structured,65be960130ac0130,128,415,1481,546,2349,1066,1803,4.757
structured,b69fe65965a668cd,128,409,1280,534,2097,871,1563,4.854
structured,6044f672c3002dd2,128,415,1381,543,2131,966,1588,7.452
structured,568a380b6c07d8b0,128,349,1267,465,1988,918,1523,6.446
structured,de6948b436b24162,128,353,1172,462,1881,819,1419,4.838
structured,c0f90570b3b94b19,128,427,1385,560,1982,958,1422,8.014
structured,0a8d522e1ba90ebb,128,349,1272,466,2025,923,1559,5.032
structured,9fa856f2ac1efc2a,128,359,805,470,1315,446,845,8.347
structured,9cf92b5871aef040,128,407,1350,541,2159,943,1618,8.026
structured,de4efbb8d0ef01d7,128,287,1123,385,1655,836,1270,4.914
structured,ee344874232343d1,128,347,1132,463,1794,785,1331,13.841
structured,a48004eac7dff875,128,413,1451,543,2228,1038,1685,7.602
structured,6a5e16b3402249f4,128,357,1125,466,1788,768,1322,6.003
structured,9405aceaf70817c7,128,359,1468,475,2131,1109,1656,8.244
structured,5c2917a2999c06b3,128,409,1351,540,2049,942,1509,4.928
structured,f340de633c0f43f9,128,351,888,455,1471,537,1016,12.274
structured,a3e6074d9f69cd2a,128,349,1182,461,1868,833,1407,8.103
structured,9271d542fca353a7,128,409,1418,540,2272,1009,1732,5.805
structured,1eca72df753b825a,128,287,943,383,1491,656,1108,5.01
structured,6c59395948296beb,128,411,1177,541,1927,766,1386,7.447
structured,e4e2ad3f78a762f5,128,419,1516,547,2393,1097,1846,4.92
structured,e0e5071961c17c87,128,411,1426,545,2265,1015,1720,4.911
structured,433c9803ef715fd9,128,399,926,516,1512,527,996,7.411
structured,eba97672295295de,128,355,1199,470,1931,844,1461,5.605
structured,3dc2eb27ed879829,128,353,874,470,1292,521,822,8.491
structured,86088ca7116979aa,128,405,1197,537,1954,792,1417,8.4
structured,23549e65aed376f4,128,415,1163,547,1884,748,1337,5.106
structured,94225fc0d02235e4,128,405,1516,534,2222,1111,1688,4.887
structured,a26d3a93017e3a5e,128,409,1246,536,2005,837,1469,5.585
structured,fa9f5a7d96b4e456,128,351,912,463,1425,561,962,5.487
structured,5acb95cfc3711dd6,128,351,1267,465,1921,916,1456,5.61
structured,df2843da867b1326,128,413,1045,545,1635,632,1090,8.728
structured,ca64ba53970df9d6,128,349,1163,464,1873,814,1409,7.388
structured,011b431e70f2e8be,128,355,1103,468,1704,748,1236,6.129
structured,dccbc23866aa9b33,128,646,1444,873,2267,798,1394,5.778
structured,03098d2876743349,128,355,1474,472,2114,1119,1642,5.026
structured,f898cbf206e6a1f3,128,415,1477,548,2272,1062,1724,6.52
structured,7fffeb6f8c68395a,128,289,1108,387,1600,819,1213,5.147
structured,b53045293ce0bb2b,128,538,1380,712,2179,842,1467,4.902
structured,64596facf416b891,128,345,1087,456,1714,742,1258,5.334
structured,e9e8d8ec0bd07106,128,413,1077,541,1785,664,1244,7.751
structured,7b05e2f8b26abcc5,128,417,1591,549,2443,1174,1894,8.11
structured,e360f2104a22677a,128,403,1499,539,2290,1096,1751,6.028
structured,ea893b159f9a0707,128,399,1226,519,1942,827,1423,7.606
structured,154a6bd3e09aca93,128,353,1171,467,1855,818,1388,9.783
structured,90e21a1d8c9deb4e,128,343,1116,458,1784,773,1326,4.782
structured,4779f92a60f57345,128,361,1531,476,2217,1170,1741,4.825
structured,9e61516f5a433851,128,413,1481,546,2294,1068,1748,4.88
structured,9d4d1f5f63f6c6f2,128,289,897,383,1441,608,1058,4.919
structured,5fec7a3faf8ca078,128,351,1566,456,2293,1215,1837,5.2
structured,359f202dc47da414,128,407,1489,541,2179,1082,1638,8.082
structured,8ad2963d10c7871c,128,347,1072,458,1701,725,1243,11.236
structured,98f84113eb229c3b,128,413,1572,547,2375,1159,1828,7.25
structured,322b92b115599012,128,403,1286,537,2019,883,1482,4.899
structured,471916a629507b38,128,419,1237,546,1987,818,1441,4.816
structured,16926fd8a41bd8e6,128,361,1520,473,2162,1159,1689,5.474
structured,f86878bf0c41b8eb,128,409,1217,535,1949,808,1414,4.832
structured,865f22e633a0b4a9,128,411,1441,538,2249,1030,1711,7.814
structured,43edb879e0c4c7b3,128,357,1499,469,2165,1142,1696,5.276
structured,641765433849a93d,128,415,1433,540,2166,1018,1626,5.669
structured,afc8e9f0a95447e1,128,347,997,449,1642,650,1193,5.473
structured,8378265f97cb97ad,128,423,1288,550,2125,865,1575,8.013
structured,9fa0137565203f62,128,229,801,308,1198,572,890,5.381
structured,84e0cd01d4d36f11,128,295,991,392,1572,696,1180,11.207
structured,fcaedc9b0f8219f5,128,421,1242,552,2042,821,1490,5.083
structured,71b00099a3481a7f,128,415,1456,539,2333,1041,1794,5.914
structured,d3caf303c27336af,128,405,1362,539,2079,957,1540,8.559
structured,99626877ff6f0326,128,411,1496,542,2327,1085,1785,5.158
structured,bcf3441e383b85f0,128,291,1232,388,1759,941,1371,5.522
structured,57fdba3eb3d99bfa,128,411,1251,540,2035,840,1495,5.093
structured,9956ae4a0b1cd380,128,403,1251,535,1899,848,1364,7.047
structured,04717a1d3ad162f1,128,407,1260,531,1959,853,1428,5.475
structured,ba58672e14164218,128,287,1165,385,1665,878,1280,6.995
structured,5a5134ad329a983c,128,405,1394,536,2105,989,1569,5.62
structured,751e6c1c501c39ca,128,347,1176,462,1909,829,1447,5.501
structured,a8408583b54864c7,128,415,955,545,1596,540,1051,4.77
structured,0d0e69abc2170e00,128,411,1254,542,2000,843,1458,7.601
structured,2159f1fd619588eb,128,411,1606,545,2542,1195,1997,5.464
structured,48db73a5bde208ed,128,349,1027,465,1652,678,1187,5.434
structured,93e0150bc1f0f503,128,407,1018,521,1684,611,1163,5.052
structured,a6a0dde6e404e8ed,128,417,1550,549,2397,1133,1848,5.817
structured,ead8a34850515de0,128,411,1352,542,2110,941,1568,7.557
structured,3646c6552f1c7a73,128,345,1125,456,1819,780,1363,5.589
structured,189d73bdd9abd440,128,341,1072,445,1695,731,1250,4.966
structured,2801632ca78e712d,128,411,1218,538,1967,807,1429,6.068
structured,91490e6b65143649,128,287,839,385,1352,552,967,6.72
structured,f5514cfc6d135a13,128,405,1601,534,2340,1196,1806,5.111
structured,e2e5c93e3cba1db8,128,411,1256,539,1912,845,1373,6.657
structured,13be77764f33f209,128,345,1000,456,1642,655,1186,4.859
structured,620e66a2a6f2da9e,128,415,1584,540,2483,1169,1943,5.144
structured,ffdc8af6ed3dc473,128,409,1456,534,2340,1047,1806,5.327
structured,42e8f4d2005dd2b7,128,417,1223,543,1975,806,1432,6.086
structured,bc5253b59621cb3d,128,343,1064,450,1706,721,1256,7.542
structured,97609c972c46e157,128,411,1616,536,2406,1205,1870,6.054
structured,317d86dbfbdbc416,128,285,839,385,1345,554,960,4.76
structured,e76b2d084eb9cd4e,128,345,1001,462,1659,656,1197,7.373
structured,3b6bd56be70b9b4d,128,349,1154,463,1795,805,1332,6.526
structured,0605ae16c922d955,128,343,1091,458,1767,748,1309,5.095
structured,5ef324b8ef2bab29,128,411,1711,545,2495,1300,1950,6.43
structured,98abdeb77c1cea6b,128,409,1262,542,2051,853,1509,7.34
structured,d14d32655654fe7a,128,431,1404,560,2243,973,1683,5.52
structured,837e2db1ebbefd4f,128,347,1328,460,2007,981,1547,5.034
structured,e0a59e478c3c8420,128,349,1196,464,1906,847,1442,5.927
structured,783c2279c2a0b9e4,128,407,1099,533,1783,692,1250,5.761
structured,8985d9bd33a53be2,128,415,1660,547,2412,1245,1865,7.496
structured,7d7f84af7e77f7c3,128,287,1005,385,1608,718,1223,5.338
structured,97c955d8d6ebb136,128,419,1380,549,2175,961,1626,6.3
structured,b3025a78aee6d6c3,128,349,1159,457,1823,810,1366,7.725
structured,176f2dedb67eefc5,128,419,1570,551,2402,1151,1851,7.747
structured,4b6f68fcb0ade0c0,128,351,1356,466,1973,1005,1507,4.761
structured,b339688b034ab8c9,128,423,1268,555,1934,845,1379,7.364
structured,953cf6aab53678c2,128,235,624,312,1029,389,717,5.437
structured,fed894ef6e92e2d2,128,409,1307,537,2078,898,1541,5.131
structured,674784238a068132,128,415,1210,546,1936,795,1390,7.481
structured,6e75afb745ca65a7,128,417,1496,551,2290,1079,1739,8.679
structured,d241d7c93ef04a52,128,357,967,469,1531,610,1062,5.131
structured,d734552f8d3001b2,128,347,732,445,1213,385,768,4.777
structured,2a051d5c93db9217,128,347,1183,460,1798,836,1338,5.251
structured,a05050421d45b4cd,128,291,1141,380,1610,850,1230,7.362
structured,b7756b65cfd258a8,128,349,954,447,1563,605,1116,7.465
structured,134531fcc58ec5f8,128,287,855,382,1401,568,1019,5.427
structured,b0ae3fcebe69411a,128,351,1265,464,1866,914,1402,5.107
structured,536bc87ad7b3d1a5,128,419,1171,540,1811,752,1271,5.788
structured,69c74219fcb9bf20,128,403,1321,536,2036,918,1500,4.874
structured,bd315f7861888f19,128,351,853,464,1372,502,908,6.302
structured,8b97032a2bb3aad8,128,343,1060,460,1698,717,1238,5.031
structured,8a8823b8baa38e57,128,405,1160,533,1886,755,1353,5.182
structured,be72c55fdac8880d,128,423,1377,551,2169,954,1618,4.91
structured,8fe4f9f31a666ebf,128,413,1359,542,2163,946,1621,5.5
structured,913ac32db74d7ee2,128,411,1364,545,2103,953,1558,5.876
structured,86c668a00e9a0ccc,128,425,1345,552,2123,920,1571,4.743
structured,aaf134af4ab470ba,128,355,928,464,1488,573,1024,5.078
structured,9771a7d73957ed38,128,409,1377,541,2204,968,1663,6.067
structured,d2039db684bce1b0,128,347,1261,464,1957,914,1493,6.381
structured,e97ac062492f9aa2,128,407,1341,530,1971,934,1441,4.733
structured,0f7300d1f78f48aa,128,355,1415,469,2028,1060,1559,6.587
structured,22d16a1675ae32a8,128,417,1430,543,2223,1013,1680,8.373
structured,22a12d66116f9608,128,415,1826,549,2631,1411,2082,5.467
structured,de70df7253acfa41,128,403,1346,532,2020,943,1488,7.394
structured,c6326eb7ea3c6f78,128,405,1247,539,1976,842,1437,5.05
structured,fa38d910f921b259,128,411,1297,534,2105,886,1571,5.952
structured,d8c1b8fc15886e45,128,227,656,307,1085,429,778,5.369
structured,a2f14d5db665972b,128,353,1081,460,1713,728,1253,5.016
structured,9234ceb0dae30a9d,128,359,1241,471,1917,882,1446,5.094
structured,ad638fc788b3df4a,128,417,1628,552,2535,1211,1983,7.458
structured,4796d6d123369a7d,128,357,1149,468,1783,792,1315,5.678
structured,401b6364dbfb75f5,128,355,1153,463,1835,798,1372,7.011
structured,03c3eb7b6d41b98b,128,407,1398,542,2211,991,1669,6.003
structured,52a5a8bccb43409d,128,401,1172,539,1898,771,1359,5.167
structured,6a50f9f4d3ae6fee,128,287,1136,387,1590,849,1203,5.07
structured,4470f09cac155c45,128,411,1085,528,1730,674,1202,5.353
structured,312a0956980c7ae4,128,351,1252,466,1965,901,1499,5.724
structured,5d27ec4a00d10cbc,128,345,1209,463,1815,864,1352,5.581
structured,8425dfd01d920879,128,299,1307,396,1887,1008,1491,5.718
structured,f70ef20dad40ba6f,128,413,1290,541,2105,877,1564,5.103
structured,4a9bde511ba0c116,128,415,1460,546,2348,1045,1802,5.074
structured,80784a664aae2e38,128,417,1089,549,1771,672,1222,5.64
structured,306294f6edd63546,128,355,1316,467,2047,961,1580,8.232
structured,5280105badc916f8,128,417,1274,551,1897,857,1346,4.731
structured,32c7bd6cfe5ced12,128,403,1469,521,2217,1066,1696,4.731
structured,d2de3762c015aefb,128,279,757,372,1237,478,865,7.073
structured,d12c5d470f4912ab,128,417,1190,550,1945,773,1395,7.521
structured,147b6c982b46da0a,128,409,1436,543,2264,1027,1721,5.028
structured,8f9776046772c071,128,405,1143,529,1749,738,1220,9.845
structured,7e6359afd9e255fa,128,413,1342,545,2125,929,1580,6.228
structured,2c1901d61e75eb90,128,411,1445,538,2296,1034,1758,5.727
structured,4c4ecb8f092c9bf0,128,353,992,461,1403,639,942,4.969
structured,55ce94b82bd47521,128,347,1039,459,1665,692,1206,6.718
structured,690f6b1241a09e33,128,343,1073,452,1698,730,1246,6.643
structured,cd7e154c75067264,128,355,1298,470,2026,943,1556,6.081
structured,1aad5f1195358034,128,295,1072,392,1681,777,1289,7.709
structured,db06e28a03650c52,128,343,1224,457,1895,881,1438,7.472
structured,a04270c37b68fc76,128,600,1137,791,1834,537,1043,6.325
structured,618d5076d683133e,128,347,1288,454,2025,941,1571,7.196
structured,0cadbe65d2b6c3c5,128,413,1525,546,2351,1112,1805,4.719
structured,10e47a58a64631ed,128,353,1523,471,2253,1170,1782,6.261
structured,e55951c8121c2fd0,128,359,1257,470,1974,898,1504,4.824
structured,8cd6d2295827a31f,128,347,1243,464,1906,896,1442,4.884
structured,1d1d27847b456007,128,345,1006,458,1649,661,1191,7.525
structured,c620a934197b5c11,128,347,1085,463,1721,738,1258,8.128
structured,bc1e0c4de62cbdfb,128,407,1298,524,2082,891,1558,5.117
structured,bc9d32b725972b83,128,227,785,307,1265,558,958,5.151
structured,fb8cafa276df2ade,128,405,1257,522,2027,852,1505,8.689
structured,bee9077baad2abc4,128,341,1011,454,1648,670,1194,5.112
structured,ecbdfdeeee9b50ca,128,407,1458,539,2290,1051,1751,7.924
structured,ec7ed1d36dbdf602,128,403,1110,525,1718,707,1193,8.362
structured,31407ac530469183,128,331,1018,452,1562,687,1110,6.495
structured,0b6de09d0fae17b4,128,411,1593,541,2435,1182,1894,4.948
structured,00630db94a1d0246,128,405,1362,535,2159,957,1624,5.663
structured,567c33f80711d489,128,289,989,387,1604,700,1217,7.339
structured,e49ea80c1c299c14,128,407,1236,536,1957,829,1421,4.894
structured,cf9b5dfdbd56e527,128,529,1479,720,2122,950,1402,5.042
structured,4f01972879141e75,128,421,1486,554,2377,1065,1823,5.133
structured,6036afe9baf9e633,128,361,1050,473,1707,689,1234,5.365
structured,af05c8af2fe74c33,128,409,1499,543,2226,1090,1683,10.014
structured,44583ae43ef256ca,128,409,1395,543,2159,986,1616,5.312
structured,4281c9ae4c2ce1ca,128,425,1091,555,1725,666,1170,7.209
structured,ea06c56dfeac8103,128,403,1351,537,2103,948,1566,4.873
structured,2dbf3d50a678d931,128,349,1247,466,1869,898,1403,7.74
structured,1e33ce43cda3e510,128,353,1255,469,1944,902,1475,6.575
structured,e2674c6c481ee88b,128,415,1321,539,2063,906,1524,5.149
structured,34921d384719e493,128,411,1387,539,2205,976,1666,5.496
structured,a982c0a14f0dfd44,128,351,1156,465,1823,805,1358,7.193
structured,975a31893b3f4da2,128,413,1576,545,2433,1163,1888,4.931
structured,e9f4cfaaff8462b1,128,415,1418,545,2138,1003,1593,7.245
structured,77242eb812a237fe,128,417,1444,551,2332,1027,1781,6.28
structured,f894ed63ba00278a,128,405,1375,537,2159,970,1622,4.95
structured,d5e956542cd91153,128,411,1363,541,2148,952,1607,5.075
structured,fd84064d313001d3,128,415,1749,548,2478,1334,1930,8.634
structured,eba79e9fe924fac0,128,347,1244,459,1907,897,1448,5.558
structured,55e11d6eff0ca7b8,128,349,1199,459,1927,850,1468,9.258
structured,27c32adca027d58c,128,411,1505,542,2345,1094,1803,4.744
structured,b0e9bf4f26ac8c09,128,419,1458,545,2292,1039,1747,8.412
structured,350cebbc9efc383a,128,413,1356,538,2051,943,1513,5.069
structured,db0c88401123e398,128,355,1251,470,1962,896,1492,5.505
structured,f314fca1d5640ce5,128,407,1346,537,2086,939,1549,5.59
structured,ffff9ec18f69c2f4,128,411,1376,540,2139,965,1599,5.483
structured,9136ece1baebf065,128,353,1129,468,1800,776,1332,5.173
structured,fe6d55e7edac087b,128,411,1373,542,2106,962,1564,5.584
structured,3f01777946e1adce,128,409,1349,540,2096,940,1556,5.673
structured,5740c8e67ce67c0b,128,417,1165,546,1891,748,1345,5.801
structured,1b3deb6b793d4ff1,128,403,1136,538,1807,733,1269,4.816
structured,b13cd0a87e815696,128,407,1559,542,2371,1152,1829,8.03
structured,109c31775cc2a1df,128,417,1466,549,2205,1049,1656,5.46
structured,43f52ec0840449a8,128,415,1558,549,2435,1143,1886,5.728
structured,4f3c83f5c4f1bc7f,128,428,1380,561,2161,952,1600,5.808
structured,311fc45722f9dc28,128,413,1435,545,2246,1022,1701,6.513
structured,b4802c3047af5bee,128,351,1105,462,1768,754,1306,4.775
structured,7494fc0276a2381d,128,420,1736,554,2543,1316,1989,5.832
structured,5f63012bf2d552fd,128,345,1188,460,1846,843,1386,5.407
structured,357393c56ab1078e,128,347,1149,462,1811,802,1349,4.716
structured,00a73f11e60324c6,128,411,1402,541,2194,991,1653,5.299
structured,2d8679b1d43f602a,128,405,1389,538,2203,984,1665,5.333
structured,a9615b7a534b9c16,128,417,1515,550,2365,1098,1815,6.981
structured,bfa06f751dafb8a7,128,411,1087,534,1734,676,1200,7.457
structured,94f8417401e9920a,128,407,1332,533,2147,925,1614,8.564
structured,5a2aca93d18118b8,128,405,1253,521,2031,848,1510,5.143
structured,21cfa716fbd3a2c7,128,411,1528,544,2298,1117,1754,4.767
structured,e89940171b4b14d6,128,407,1229,528,1930,822,1402,7.988
structured,e4599968adfb1e1e,128,421,1392,550,2207,971,1657,7.309
structured,ff73cf37fc932aa6,128,409,1138,543,1769,729,1226,7.012
structured,c5d44b82e1a6d2a1,128,289,877,385,1432,588,1047,7.635
structured,8e076ccdeaa1faa1,128,357,1094,467,1778,737,1311,5.086
structured,8f61026d752dd512,128,347,1148,465,1866,801,1401,5.194
structured,bccb7625f0d5586b,128,359,1148,475,1785,789,1310,7.124
structured,fd35a687320e82ce,128,345,1010,451,1640,665,1189,5.961
structured,a6d2c607ed5e2fb6,128,417,1447,545,2153,1030,1608,8.798
structured,c3fa532826fce450,128,405,1376,532,2104,971,1572,5.078
structured,aebaa2fe5d3b07f0,128,401,1105,529,1832,704,1303,7.901
structured,5b1c50e7f02769aa,128,413,1345,535,2095,932,1560,7.323
structured,79c4daad999651fe,128,419,1205,543,1941,786,1398,5.903
structured,d38c4ca3a1c0b87f,128,413,1597,548,2358,1184,1810,6.212
structured,bba607bc806e52cf,128,409,1122,532,1859,713,1327,5.036
structured,b094853d4f80f085,128,426,1393,560,2184,967,1624,5.062
structured,fb4dbb20817d95ae,128,285,981,380,1497,696,1117,8.467
structured,7c37e0083e4c03cf,128,349,1250,465,1982,901,1517,7.939
structured,264ec5b99e93f1b5,128,411,1278,547,2065,867,1518,4.93
structured,b6dd7ee5a8b8a7c7,128,427,1145,556,1805,718,1249,4.746
structured,702b832b53954d16,128,417,1402,549,2247,985,1698,7.281
structured,44f0989a57408a88,128,415,1380,547,2201,965,1654,6.47
structured,595391c1f12237f1,128,411,1432,539,2305,1021,1766,6.564
structured,0b7b802228d8821e,128,411,1391,545,2194,980,1649,8.237
structured,134dd19c193555be,128,403,1040,533,1722,637,1189,5.234
structured,327e45962128088e,128,361,1017,476,1543,656,1067,5.582
structured,5915936160f8596a,128,411,1226,533,2017,815,1484,5.027
structured,845fd3af918113e9,128,411,1372,540,2117,961,1577,7.405
structured,c7ec742c7564701a,128,357,1099,473,1796,742,1323,5.224
structured,51f9622b93fda07f,128,411,1475,545,2201,1064,1656,8.139
structured,70378a76eb0c6052,128,415,1531,548,2433,1116,1885,6.737
structured,3409f74199680995,128,407,1250,542,1991,843,1449,8.608
structured,f91ae412736ed4a2,128,407,1353,539,2156,946,1617,5.353
structured,f371e596813089cb,128,411,1409,545,2234,998,1689,10.806
structured,e6a37d76030f4ff8,128,413,1170,544,1876,757,1332,5.486
structured,396306d14c609f0d,128,355,1099,465,1758,744,1293,4.71
structured,2944b05822ea7db6,128,349,1173,463,1880,824,1417,5.336
structured,b81a3a2c857ff4be,128,285,902,384,1444,617,1060,4.977
structured,ca8ef08615f26e62,128,411,1331,540,2031,920,1491,8.547
structured,6af86381c8296fa3,128,411,1300,543,2044,889,1501,4.98
structured,e37ff41d005003b1,128,347,1069,463,1702,722,1239,5.48
structured,2487fd22c51bbca8,128,413,1593,545,2366,1180,1821,7.335
structured,0fa167f41b0842cc,128,407,1180,536,1933,773,1397,5.229
structured,4b544fc0444fed72,128,345,1231,458,1973,886,1515,5.165
structured,ca191c836b2b6168,128,353,1305,467,2032,952,1565,5.002
structured,982210a1c6fc82de,128,411,1453,542,2193,1042,1651,6.435
structured,210a50c88d20e31f,128,411,1256,544,1971,845,1427,7.755
structured,aa2d55ac0a456ed4,128,401,1235,529,2018,834,1489,5.226
structured,c02029f794150116,128,409,1351,540,2167,942,1627,6.318
structured,03008957781eb65a,128,351,1118,458,1794,767,1336,6.569
structured,d6e29c163edcc4e5,128,413,1299,544,2037,886,1493,5.37
structured,dd5cc7b773b36bc1,128,419,1455,547,2319,1036,1772,7.699
structured,38b631de206b9974,128,407,1269,539,2007,862,1468,5.564
structured,50b16b12f97e54df,128,419,1409,534,2253,990,1719,5.446
structured,78458b425a434afe,128,411,1357,545,2140,946,1595,7.234
structured,97aae47d4791ecf1,128,359,1515,471,2169,1156,1698,5.853
structured,20819ebb05c68f6a,128,227,736,307,1186,509,879,7.211
structured,859d7a9e15a49db0,128,411,1372,542,2158,961,1616,7.776
structured,11b93789b5d720ba,128,409,1558,540,2415,1149,1875,4.806
structured,4be2411b04875c21,128,349,1142,449,1847,793,1398,7.544
structured,c472b92a1d8f839e,128,357,1095,472,1567,738,1095,5.537
structured,f6a53a170db45d49,128,415,1330,540,2158,915,1618,7.302
structured,33eabfe569ac3182,128,339,1191,456,1881,852,1425,11.609
structured,74727c1a158713a9,128,361,1000,472,1663,639,1191,9.47
structured,addc3b06ed555e07,128,413,1225,536,1961,812,1425,4.892
structured,a797babf8b32d848,128,355,960,464,1576,605,1112,5.334
structured,4eab6f5504675e95,128,357,1224,470,1975,867,1505,5.539
structured,27841da257725b75,128,399,1648,521,2439,1249,1918,7.521
structured,03c980d2eeb4a0bc,128,285,994,384,1553,709,1169,12.44
structured,f771c44fee40ee89,128,423,1300,552,2075,877,1523,7.85
structured,983bcbb0b86661d7,128,403,911,531,1443,508,912,4.962
structured,85a11e28eff0796e,128,409,1242,536,2035,833,1499,4.95
structured,bdf2527bfa5915ff,128,353,1257,465,1969,904,1504,4.578
structured,20ba806a31037c52,128,347,1178,460,1803,831,1343,5.101
structured,b638060c64599cf2,128,417,1337,541,2055,920,1514,4.742
structured,a4532f6d8c4876ee,128,355,1194,467,1866,839,1399,4.773
structured,02f9ade6dec92a0c,128,407,1291,538,1991,884,1453,5.158
structured,6f51dc6873609bfc,128,345,1391,462,2026,1046,1564,5.188
structured,a54751bc1979256a,128,359,1481,472,2141,1122,1669,5.693
structured,580c1fc50c2c7aa1,128,417,1412,549,2236,995,1687,7.275
structured,d672342accf8962f,128,353,1174,470,1883,821,1413,4.91
structured,47c951e40b86564f,128,409,1417,542,2227,1008,1685,5.939
structured,bffcdde5370a8db7,128,411,1477,531,2241,1066,1710,5.338
structured,25fbba3872e6529c,128,345,1354,451,2059,1009,1608,4.805
structured,853943eace00be13,128,407,1395,541,2240,988,1699,7.236
structured,73464d48732cfb3d,128,409,1403,540,2175,994,1635,7.308
structured,7201de387a2f77e5,128,417,1297,548,2110,880,1562,4.955
structured,645c3195b1c13fac,128,407,1428,539,2180,1021,1641,7.526
structured,2ff63b36eae716a4,128,351,1202,462,1898,851,1436,6.799
structured,0d302f9bc316963b,128,295,888,391,1473,593,1082,5.235
structured,35b73c232e000159,128,415,1419,542,2311,1004,1769,8.084
structured,f623f8b28cc1af02,128,285,1093,380,1609,808,1229,5.879
structured,ba6de1f6e06305e3,128,405,1284,534,2067,879,1533,5.636
structured,5a190087f7852c71,128,355,1595,460,2267,1240,1807,5.559
structured,5e1fd475d800b5b3,128,411,1479,544,2282,1068,1738,5.26
structured,29d0d2f1d389ace4,128,359,1103,468,1662,744,1194,5.764
structured,32223d840fa18366,128,351,1331,468,1987,980,1519,5.234
structured,be84898cf6dbd9aa,128,407,1370,540,2073,963,1533,5.49
structured,8cbe4e4ca7722c83,128,345,1112,458,1794,767,1336,8.256
structured,7b167571d7d92c7a,128,415,1520,539,2325,1105,1786,5.217
structured,0818337d4680f5ae,128,415,1386,544,2191,971,1647,5.192
structured,678c8d60825eda67,128,407,1403,540,2149,996,1609,5.137
structured,523c702b11172140,128,287,881,386,1413,594,1027,5.019
structured,3337505fb2286088,128,415,1542,548,2349,1127,1801,8.9
structured,0af4872ca02d1cac,128,413,1486,547,2249,1073,1702,8.015
structured,04fac8b5be9eafa4,128,415,1813,549,2595,1398,2046,5.163
structured,717733dea8000c79,128,421,1505,552,2364,1084,1812,6.959
structured,0ada02321c89dbdf,128,351,1199,464,1892,848,1428,7.351
structured,7e81b2b199afff6e,128,351,1380,470,2102,1029,1632,6.122
structured,9f8babda7513791d,128,417,1791,550,2539,1374,1989,7.073
structured,2d7a4fa74d8e7e15,128,421,1377,550,2152,956,1602,6.761
structured,3e42251c0954406c,128,411,1365,540,2050,954,1510,5.577
structured,9af31beb2db6e559,128,409,1392,544,2212,983,1668,5.389
structured,7a90d88e038e0674,128,417,1269,545,1991,852,1446,6.002
structured,a7be20d890dba40c,128,419,1373,545,2037,954,1492,4.888
structured,694cb7120632843c,128,421,1465,549,2300,1044,1751,7.44
structured,e3908009d802a1d8,128,347,1016,460,1606,669,1146,7.435
structured,dd600a8d3159707e,128,347,857,456,1349,510,893,5.55
structured,58ce9aeae791cfc0,128,411,1539,548,2394,1128,1846,16.379
structured,ad1c04c2deec4299,128,343,1097,456,1734,754,1278,5.767
structured,31a2eee08115c48a,128,291,1114,390,1696,823,1306,5.196
structured,252f3f48aff9b151,128,409,1464,540,2257,1055,1717,5.004
structured,69de60d6b366793f,128,413,1373,548,2213,960,1665,6.545
structured,bc1e3ca017b3e102,128,405,1358,533,2132,953,1599,4.841
structured,86f8e6b5d14134f4,128,405,1350,534,2042,945,1508,5.388
structured,b1a97a330ea151f6,128,405,1343,531,2126,938,1595,5.399
structured,c2f8379f54e73d48,128,345,1046,461,1702,701,1241,7.531
structured,5497d763ca79bdc8,128,405,1501,521,2159,1096,1638,4.71
structured,fc3bca0c0afba0f8,128,417,1497,537,2399,1080,1862,7.569
structured,cd97033f00e59864,128,405,1354,530,2081,949,1551,4.856
structured,381950619691815c,128,405,1369,535,2214,964,1679,5.644
structured,c867523ad4a8d9bb,128,347,1229,463,1933,882,1470,5.492
structured,a94af5f9bb7416c9,128,345,1055,457,1697,710,1240,4.599
structured,cac16076c8b63201,128,349,1196,455,1917,847,1462,7.383
structured,43c3dba5cf8c117e,128,415,1640,547,2577,1225,2030,4.807
structured,2dd8e566b12cf338,128,417,1104,545,1792,687,1247,4.711
structured,1ca9409de24bf719,128,355,1497,466,2157,1142,1691,7.66
structured,3def89f4257b2f4b,128,357,1471,471,2091,1114,1620,5.509
structured,efb8223fd4587fec,128,289,1255,384,1828,966,1444,5.378
structured,7ea53a904de91fe2,128,349,1359,467,2047,1010,1580,7.654
structured,23cbb945dce606cb,128,413,1251,539,2005,838,1466,4.795
structured,6f3eec7f96ef3ece,128,407,1311,529,2012,904,1483,14.257
structured,bacb14a840e7fa11,128,291,915,384,1487,624,1103,5.084
structured,97c1f719972f8ab2,128,411,1409,528,2234,998,1706,5.492
structured,95255feb282f34f2,128,353,1148,468,1803,795,1335,5.504
structured,515edc2bca234fe6,128,409,1257,539,1971,848,1432,7.824
structured,adc1cf9604ebbef4,128,353,1087,465,1720,734,1255,5.362
structured,abd639844368ccbb,128,413,1375,542,2120,962,1578,9.443
structured,8f6f9aa1806e85b3,128,407,1239,541,1999,832,1458,7.405
structured,f4a41eb60f542cd6,128,407,1037,539,1701,630,1162,6.255
structured,1b0b622a6d6abb03,128,351,1245,464,1930,894,1466,6.281
structured,d92916ca8df6366f,128,401,1451,534,2235,1050,1701,5.449
structured,46d534fa8faa43a2,128,289,892,385,1441,603,1056,4.755
structured,7d8e8518a1558f74,128,417,1609,549,2379,1192,1830,6.512
structured,24d1156dc48cb7bf,128,411,1461,534,2233,1050,1699,7.469
structured,d43fdfa2037e1073,128,409,1351,538,2116,942,1578,6.702
structured,de587810167fbf69,128,293,1083,390,1649,790,1259,5.011
structured,5a6c8f41c8de5819,128,409,1346,537,2104,937,1567,5.119
structured,50da578f5f723c51,128,415,1279,548,2046,864,1498,5.759
structured,7eededed7d6123cd,128,417,1456,546,2281,1039,1735,5.455
structured,ca33fb6c56add227,128,361,1579,474,2294,1218,1820,5.865
structured,13d25d30b14293d6,128,349,1339,464,1921,990,1457,5.358
structured,39f74dbf33a09389,128,293,928,390,1431,635,1041,7.622
structured,91f3d8826a8b610b,128,409,1402,540,2200,993,1660,5.659
structured,0760369cded20d1f,128,407,1376,536,2208,969,1672,8.554
structured,06533866eb5c1027,128,415,1555,548,2412,1140,1864,5.567
structured,efdda5f2b8e0d421,128,409,1440,539,2278,1031,1739,7.557
structured,19f135b7b6129ce0,128,347,1234,458,1927,887,1469,13.753
structured,37ef1e04b3ab8aa7,128,399,1262,533,2063,863,1530,15.244
structured,66ae66cf8b5cb8c5,128,349,1218,462,1944,869,1482,4.753
structured,661d3a6218761ef1,128,403,1348,540,2134,945,1594,5.584
structured,f788dfa6299bd24a,128,345,987,462,1626,642,1164,5.765
structured,c132d29ca89e9540,128,359,1085,471,1752,726,1281,9.415
structured,1d3914ccac03908c,128,411,1223,536,1941,812,1405,7.032
structured,b298422bd921d5e7,128,287,1217,382,1759,930,1377,4.859
structured,58a01420ff7ac5e6,128,419,1311,541,2084,892,1543,5.372
structured,34be88f0d6e92a9b,128,411,1427,543,2313,1016,1770,5.796
structured,40d0d2d6c0ba7635,128,347,1253,462,1918,906,1456,5.315
structured,aad37ebcfaf12015,128,351,1490,456,2125,1139,1669,5.71
structured,858d749cf25fee68,128,415,1312,546,2084,897,1538,8.507
structured,d0fb1e1e7d88b347,128,411,1174,539,1893,763,1354,4.843
structured,ed9721cbe2b47d49,128,415,1577,547,2349,1162,1802,7.36
structured,904733c807529a44,128,413,1229,534,2013,816,1479,5.712
structured,58b36c248683dac5,128,417,1405,542,2247,988,1705,7.717
structured,326bb9af2f8b9d5c,128,405,1119,522,1835,714,1313,5.717
structured,6bba4106d09c311f,128,349,989,457,1553,640,1096,4.976
structured,3ef3918a1b359ffa,128,417,1499,548,2304,1082,1756,9.505
structured,327e6521f9c6f023,128,417,1284,548,2091,867,1543,8.173
structured,1be41b712534d29b,128,419,1570,549,2466,1151,1917,1321.468
structured,ede5b423fa3ec256,128,347,1202,462,1834,855,1372,6.025
structured,58266d7fe07ad8e9,128,341,892,446,1462,551,1016,5.161
structured,5765be7c46f6723f,128,355,1285,468,2009,930,1541,4.695
structured,ad007593465d7fc6,128,413,1437,547,2248,1024,1701,7.516
structured,7fefeb6c02162e5f,128,411,1398,538,2157,987,1619,5.168
structured,2792d95fff2b52c1,128,353,1166,466,1865,813,1399,7.58
structured,1ed61fd576808f79,128,411,1429,539,2222,1018,1683,5.106
structured,4aa5725a94a7515e,128,413,1431,541,2234,1018,1693,4.93
structured,67e5db0ab7231643,128,403,1116,520,1693,713,1173,5.129
structured,cbb145bf8d24fbec,128,413,1342,539,2141,929,1602,5.673
structured,3543fb15e57be025,128,289,1092,387,1613,803,1226,7.136
structured,55594645bab8d325,128,413,1458,545,2270,1045,1725,7.363
structured,54d4f814b793448a,128,409,1441,541,2189,1032,1648,8.553
structured,6f6d45144a218f59,128,401,1230,526,1934,829,1408,4.908
structured,c426a93b72be7430,128,409,1295,531,2086,886,1555,5.654
structured,65a8905aee3fe0fa,128,285,973,384,1510,688,1126,4.868
structured,3cab37b33d9174a4,128,427,1179,557,1815,752,1258,5.093
structured,2b63755b787631ea,128,417,1633,551,2469,1216,1918,5.617
structured,3b745df3b1ea9436,128,355,1435,470,2090,1080,1620,4.904
structured,19415f94b2cf2156,128,407,1294,532,2032,887,1500,6.207
structured,af826a2c004331cd,128,411,1346,536,2154,935,1618,5.772
structured,846c15b5d1209db6,128,535,1383,720,2223,848,1503,5.743
structured,fffa7614a5de43a9,128,349,1149,464,1767,800,1303,4.727
structured,78c2119efb9c39c9,128,407,1250,536,2012,843,1476,4.867
structured,f149abbd7f84650c,128,403,1379,537,2089,976,1552,7.995
structured,32c51025222cfa1d,128,409,1386,541,2189,977,1648,5.715
structured,dbdf3bedb9c0f9c5,128,407,1383,539,2163,976,1624,5.025
structured,294edab06f02d9b6,128,405,1379,539,2119,974,1580,5.061
structured,ce5e6383b38b0f76,128,353,1415,472,2196,1062,1724,5.144
structured,ce3b806f31696064,128,351,1130,462,1794,779,1332,4.791
structured,fd21983243d2c659,128,417,1125,549,1783,708,1234,4.966
structured,31529d0bfa617f61,128,409,1405,539,2202,996,1663,5.293
structured,4e06ca4030236ea7,128,413,1377,540,2073,964,1533,5.129
structured,8e9d63ba90ed6e4a,128,343,1204,456,1790,861,1334,5.474
structured,70fc40c19f6f6b5a,128,359,1100,467,1749,741,1282,7.365
structured,cd4b1094506c34ce,128,409,1295,534,2065,886,1531,4.987
structured,d1b43ec96b48cca9,128,353,1170,464,1845,817,1381,5.53
structured,13aabbeca159fa7c,128,355,1249,470,2010,894,1540,5.725
structured,4374c3a3143f2308,128,421,1484,551,2311,1063,1760,4.856
structured,9e51d1630823d8be,128,341,1124,448,1813,783,1365,5.459
structured,da1bcbf19457575c,128,411,1238,543,1986,827,1443,5.055
structured,014b724358db8192,128,415,1572,543,2472,1157,1929,5.779
structured,eb06b9b52cb8ba0f,128,405,1571,539,2373,1166,1834,5.863
structured,2404e77437a65a93,128,347,1297,454,1891,950,1437,7.855
structured,de3419ca08175f2c,128,407,1637,534,2496,1230,1962,4.812
structured,6f1b9b4d6d3e2e90,128,427,1445,559,2244,1018,1685,7.914
structured,93102fb006437d83,128,295,944,389,1497,649,1108,6.245
structured,79f756f326192e97,128,347,1072,458,1681,725,1223,4.859
structured,2ea75565bd58c35a,128,353,1315,467,2066,962,1599,6.436
structured,b093c3b75b64e903,128,343,1011,461,1655,668,1194,4.903
structured,715af85f8e7b17cc,128,357,1361,469,2009,1004,1540,8.608
structured,8d324e92214883da,128,411,1336,541,2048,925,1507,4.979
structured,13393cc9ec55b982,128,405,1266,535,1988,861,1453,7.7
structured,8d36fdf3b82355a5,128,289,1126,388,1639,837,1251,7.239
structured,b19b13f6b2932f0b,128,411,1401,530,2200,990,1670,8.61
structured,1617913d20a9b5b8,128,407,1569,540,2237,1162,1697,5.614
structured,3331d3e8e933afe5,128,357,1336,470,2107,979,1637,5.246
structured,017fb099f5d16466,128,413,1463,545,2197,1050,1652,7.233
structured,e76f05495b5ba715,128,413,1430,535,2275,1017,1740,5.252
structured,493db23a86e753f8,128,409,1364,540,2167,955,1627,6.327
structured,640478628df6fb60,128,355,1167,467,1798,812,1331,7.715
structured,7e392d8992b86ddd,128,413,1571,540,2377,1158,1837,4.712
structured,f317576019c54313,128,359,1515,470,2182,1156,1712,5.036
structured,7def3e81465e5cf8,128,407,1296,525,2092,889,1567,5.818
structured,d28b5b99c6acf9a7,128,357,1268,470,2047,911,1577,7.419
structured,ce5f69dc2aace0af,128,407,1370,540,2111,963,1571,6.052
structured,8a3e9e466a1f9120,128,427,1379,557,2266,952,1709,5.629
structured,7ac0b58ca7795c48,128,349,1124,455,1816,775,1361,4.984
structured,02fadcb8c1ba60d0,128,359,1331,472,2079,972,1607,5.628
structured,6502cb05cc151345,128,409,1237,535,1953,828,1418,6.068
structured,17bd69ce53783b81,128,415,1485,541,2321,1070,1780,5.156
structured,66ad6c2b457a16f3,128,289,1014,389,1525,725,1136,4.948
structured,22e36fe1b9435f24,128,351,1116,462,1766,765,1304,9.97
structured,bb629e87a9fb0bae,128,409,1432,543,2229,1023,1686,9.22
structured,b0e1c4a3d6a677ae,128,415,1588,548,2456,1173,1908,8.745
structured,b7788030d4802dd4,128,415,1386,548,2229,971,1681,8.022
structured,6bccf84b81e865c6,128,349,1156,460,1841,807,1381,13.66
structured,7d35da89892a5fdd,128,345,1064,453,1738,719,1285,7.511
structured,25cbf588621185df,128,227,832,307,1215,605,908,5.065
structured,ea49476667b53199,128,407,1206,534,1937,799,1403,5.876
structured,c56252d8f9160e27,128,285,960,384,1471,675,1087,6.912
structured,01d3dfc5b9ac171e,128,413,1269,542,2010,856,1468,4.807
structured,5d541ed6ecb476e3,128,399,1261,528,2016,862,1488,5.844
structured,9b82844b00dc9f54,128,345,1173,458,1868,828,1410,6.601
structured,8d0d391955864046,128,235,972,314,1409,737,1095,4.7
structured,4b668bf0502f34cf,128,413,1443,545,2258,1030,1713,5.257
structured,d80e9f0a4cca660b,128,417,1443,548,2217,1026,1669,15.158
structured,5edbee8f487a0525,128,289,879,386,1432,590,1046,7.2
structured,10f4f1300c4e25ce,128,343,1142,453,1780,799,1327,6.388
structured,ced4f5efe2e23125,128,347,1198,460,1931,851,1471,4.723
structured,1180c772ef98496f,128,433,1245,558,2053,812,1495,5.376
structured,2706586353438833,128,355,1127,469,1793,772,1324,8.191
structured,0cce11d9610f592b,128,413,1598,546,2403,1185,1857,5.085
structured,c0bd2fd7c9280a1c,128,349,1125,450,1753,776,1303,5.071
structured,082183e7f7ff4611,128,347,1162,456,1863,815,1407,4.615
structured,adbfe1f2592933f8,128,409,1345,533,2153,936,1620,4.995
structured,fc92ef4514e1c1da,128,415,1429,547,2218,1014,1671,7.259
structured,3ee911105044aa50,128,355,1239,469,1994,884,1525,6.128
structured,fbd23813f3691aa5,128,341,995,452,1616,654,1164,7.489
structured,edfa2f1102a9f3c0,128,415,1132,544,1813,717,1269,5.284
structured,55566d21ae183505,128,409,1254,542,1989,845,1447,4.678
structured,c4764c6249528880,128,405,1132,539,1810,727,1271,8.067
structured,583549c5394c369f,128,413,1271,542,2072,858,1530,8.264
structured,67879bcea0dd60f1,128,361,1616,477,2360,1255,1883,5.873
structured,eaa2b26bdf3b4fb2,128,349,1197,456,1814,848,1358,4.91
structured,7d34dd512ee1fe41,128,171,656,233,957,485,724,5.856
structured,19355325ba1a61fe,128,415,1450,543,2276,1035,1733,4.779
structured,fe6310259e8ae631,128,417,1122,547,1839,705,1292,4.995
structured,32245d6d68b82d2d,128,413,1330,536,2175,917,1639,5.676
structured,d65613a37c555f98,128,349,1158,464,1846,809,1382,8.355
structured,15e0f3eeb39be3b4,128,403,1263,526,1969,860,1443,5.482
structured,e5165f64ac3a1a50,128,407,1076,527,1708,669,1181,5.75
structured,47a6d4a9912063cb,128,357,1341,472,2133,984,1661,7.184
structured,24a432174565bae6,128,413,1339,536,2138,926,1602,5.803
structured,1892ed717c326882,128,405,1392,540,2136,987,1596,5.144
structured,62e2d21bba09d34f,128,409,1595,541,2272,1186,1731,11.275
structured,4adf56ed816fc861,128,413,1232,545,1979,819,1434,4.807
structured,5763e17cc2073c6f,128,413,1276,537,2019,863,1482,4.952
structured,ede8500ac79be3a9,128,419,1173,546,1923,754,1377,5.113
structured,13c8e53e0e4894bc,128,345,1164,460,1805,819,1345,7.214
structured,7889e4556644128a,128,425,1521,555,2409,1096,1854,7.606
structured,5d49398912af66bc,128,409,1598,546,2322,1189,1776,8.323
structured,be304dfed1ddb5e0,128,415,1485,547,2195,1070,1648,4.798
structured,399c57c6bca8335e,128,395,909,532,1432,514,900,5.334
structured,0abf6625dfaea95d,128,403,1321,531,2075,918,1544,4.985
structured,2b808cc570a8db81,128,403,1063,517,1753,660,1236,5.819
structured,22feb72b1714841e,128,287,1087,386,1559,800,1173,6.043
structured,192df9b40f03af11,128,415,1702,547,2481,1287,1934,5.408
structured,c435e79feddb1f94,128,407,1425,521,2042,1018,1521,6.364
structured,a8d956b9c01975ba,128,357,859,468,1381,502,913,4.982
structured,54069ac971194b9f,128,347,1180,462,1874,833,1412,5.289
structured,bbe764b6472288c9,128,353,1096,459,1758,743,1299,6.115
structured,b6ec8f6339b37719,128,407,1508,535,2276,1101,1741,4.803
structured,d9699e114701ed65,128,415,1308,546,2069,893,1523,4.662
structured,112a30b9786ee5a6,128,407,1269,540,1992,862,1452,5.302
structured,de7469dcc704081a,128,347,1247,462,1903,900,1441,5.332
structured,8f505be833d141fb,128,355,1256,470,1939,901,1469,4.947
structured,91f497483358aeee,128,403,1380,531,2178,977,1647,7.336
structured,cf1ac62a8663843d,128,411,1444,542,2219,1033,1677,7.553
structured,61fbe2cc195ce10a,128,293,1000,388,1531,707,1143,5.509
structured,2040c29ba4463a6e,128,403,1381,530,2134,978,1604,5.415
structured,2a2c05d8ec3d410f,128,341,1227,446,1921,886,1475,5.273
structured,cba2c9baeab20726,128,417,1375,543,2185,958,1642,6.705
structured,aa5976cf87da5b84,128,409,1496,541,2288,1087,1747,4.826
structured,cf5f499dcc8a20c8,128,409,1485,543,2291,1076,1748,7.719
structured,d14e5d0035373158,128,415,1389,544,2211,974,1667,7.273
structured,ae6d73fdf3304da4,128,407,1436,539,2174,1029,1635,6.307
structured,9fe3567182ddc93b,128,407,1033,541,1654,626,1113,4.804
structured,8cd217c594235942,128,405,1158,532,1883,753,1351,5.459
structured,3cba2c742178d144,128,333,1287,441,1887,954,1446,8.391
structured,23b80b7b33fce5c3,128,349,1184,461,1841,835,1380,6.116
structured,2bd46d5e474ffe4c,128,285,1059,385,1599,774,1214,5.382
structured,01062efa0d244c4a,128,421,1525,549,2325,1104,1776,6.266
structured,e5d09ee1982c86ca,128,411,1167,541,1922,756,1381,7.115
structured,aca35aae7b63899b,128,287,1109,388,1664,822,1276,5.315
structured,7340761649740de1,128,355,1197,468,1902,842,1434,7.372
structured,976458f7b98b464d,128,345,1174,451,1891,829,1440,15.156
structured,a13c0f4c7bb7b5b1,128,409,1574,546,2379,1165,1833,7.562
structured,f43d3f80f1654b9d,128,405,1259,532,2004,854,1472,5.114
structured,ec9fa194c5a2a26c,128,415,1554,537,2429,1139,1892,4.959
structured,cd50e40e71dac134,128,403,1319,535,2050,916,1515,5.531
structured,837e1fb5b64369cd,128,411,1298,542,2080,887,1538,8.154
structured,88f027502edab925,128,421,1818,555,2656,1397,2101,5.658
structured,c0edfa0836967631,128,411,1205,544,1936,794,1392,4.819
structured,d9652b94cb1aa826,128,357,1068,465,1732,711,1267,5.684
structured,474b68a7d0d869be,128,293,942,389,1523,649,1134,5.17
structured,2e82db1e1f2b8c42,128,417,1630,548,2377,1213,1829,5.568
structured,0b920aeaf5e353ff,128,405,1370,539,2123,965,1584,5.053
structured,b04038e40b14e453,128,405,1480,529,2316,1075,1787,7.384
structured,fd844cc075484c0a,128,411,1331,545,2120,920,1575,7.417
structured,0c68db1c80017cf1,128,291,1039,389,1603,748,1214,5.919
structured,645186aa8536416d,128,413,1578,546,2334,1165,1788,5.103
structured,a41d7a68e6efd85b,128,415,1391,546,2219,976,1673,7.657
structured,8006eceebc78b0eb,128,409,1372,532,2156,963,1624,5.636
structured,28928d6616775822,128,351,1298,466,2015,947,1549,5.039
structured,b59314e32f875949,128,293,1289,380,1869,996,1489,4.854
structured,d67c61347cba0bb0,128,353,993,468,1614,640,1146,4.992
structured,56b524d34eebd4c6,128,405,1425,531,2267,1020,1736,7.266
structured,f435a4e2d4a31fe8,128,341,934,450,1534,593,1084,8.522
structured,64fdfe71d553a7a9,128,291,856,387,1395,565,1008,8.538
structured,57e66763c4d06fab,128,411,1520,544,2389,1109,1845,7.383
structured,627205c07d5ae2e2,128,417,1178,545,1935,761,1390,7.695
structured,2747429ce8548775,128,355,1269,469,1930,914,1461,8.103
structured,c8e84a13e924d7a7,128,413,1239,538,2037,826,1499,6.062
structured,c871ee718b4e9e22,128,407,1308,532,2124,901,1592,5.265
structured,7f43602eaaeab614,128,421,1125,549,1872,704,1323,5.041
structured,119c7c72417aca50,128,413,1389,543,2158,976,1615,7.561
structured,fe818bd0e3b5dc5c,128,351,1129,465,1751,778,1286,5.001
structured,dac3739dedc0b719,128,349,1358,468,2052,1009,1584,5.804
structured,035bf4efc5f347aa,128,351,1108,465,1769,757,1304,8.718
structured,3593fa4335755360,128,347,1045,460,1697,698,1237,5.552
structured,96206612a7a645d6,128,411,894,533,1420,483,887,5.674
structured,d1d2bb91a63ea7ab,128,407,1218,534,2000,811,1466,5.001
structured,4144acb7745a9f5b,128,405,1263,541,1995,858,1454,5.475
structured,a1c89140a312c0fb,128,347,1147,464,1763,800,1299,4.966
structured,bcb4be696a90b09c,128,405,1382,535,2159,977,1624,5.415
structured,5d278a255bb14eca,128,407,1276,536,2022,869,1486,5.561
structured,6d70189996b3d744,128,411,1333,543,2110,922,1567,4.736
structured,a00c046f29fddac8,128,409,1021,532,1682,612,1150,8.607
structured,3e2134cc4ef9ac24,128,405,1309,537,2040,904,1503,5.725
structured,9e8b142d3b463152,128,357,1031,459,1655,674,1196,11.429
structured,a419b4e73d9dcea5,128,349,1037,462,1691,688,1229,5.93
structured,e840070512738985,128,417,1470,551,2282,1053,1731,4.854
structured,938eeb6f0efbccb6,128,413,1204,541,1934,791,1393,7.413
structured,fa09867378268209,128,405,1491,539,2230,1086,1691,5.15
structured,98d53b2513a55986,128,355,1273,469,2013,918,1544,5.381
structured,d175eef51015a9a2,128,349,1185,462,1851,836,1389,7.595
structured,8b2380e05bc1ccea,128,411,1479,543,2305,1068,1762,7.318
structured,8cbf44349126e6c3,128,419,1296,543,2113,877,1570,5.499
structured,51aee7a7fd7c56ec,128,351,1231,463,1862,880,1399,8.983
structured,9a4dccf42362bb86,128,405,1434,536,2275,1029,1739,5.442
structured,49c7f2ebfa40b9a8,128,411,1205,543,1954,794,1411,5.068
structured,f1378c7f7f474f01,128,357,1082,470,1782,725,1312,4.934
structured,6c6be055fb199468,128,403,1445,538,2202,1042,1664,5.404
structured,a09dd36ceea7045c,128,351,1133,465,1785,782,1320,9.311
structured,b6b576ddf3ea53b8,128,403,1243,535,1941,840,1406,5.482
structured,b1363128421018fb,128,411,1202,533,1953,791,1420,10.143
structured,7072aa24a17d7481,128,407,1350,533,2155,943,1622,14.691
structured,918eb63392f31877,128,353,988,455,1578,635,1123,7.414
structured,d340d5067cddb552,128,411,1284,544,2053,873,1509,5.423
structured,150d7f48090b82a5,128,355,1331,471,2087,976,1616,7.958
structured,67a32831c9db843d,128,411,1375,540,2163,964,1623,5.482
structured,53eb074b4467386d,128,411,1089,534,1802,678,1268,5.717
structured,c986127a13cdca6d,128,423,1573,555,2430,1150,1875,5.488
structured,3d9b066b2e47a57d,128,409,1324,542,2001,915,1459,5.347
structured,c08500463c40e032,128,409,1304,542,2103,895,1561,6.147
structured,18f06ca262ff56ae,128,403,1287,525,1964,884,1439,4.744
structured,cafe7ab6c8685199,128,413,1556,545,2433,1143,1888,5.721
structured,8294c1751ddd2228,128,351,1443,468,2071,1092,1603,4.748
structured,ee19eafa8b8f9dee,128,415,1353,546,2143,938,1597,5.484
structured,97a4fc7a71c6179f,128,353,1381,466,2007,1028,1541,5.667
structured,fbeb401423acef73,128,421,1341,549,2052,920,1503,4.809
structured,b5998a54e84df171,128,413,1101,547,1766,688,1219,4.999
structured,7d5c7e0b773cf756,128,355,1020,465,1619,665,1154,5.481
structured,a792ca1964dc680d,128,415,1204,541,1807,789,1266,5.505
structured,8b48e237991f1520,128,403,1311,535,2130,908,1595,5.457
structured,b044cddb0ad852c6,128,411,1301,538,2106,890,1568,5.32
structured,615fdfa5804f9ce5,128,409,1288,533,2004,879,1471,6.122
structured,dba13a83d1f03a9a,128,347,1120,461,1808,773,1347,5.87
structured,504ec821806f3a08,128,301,829,394,1353,528,959,4.865
structured,a897196590ae2231,128,289,1032,387,1593,743,1206,5.44
structured,de0323051d620975,128,413,1461,541,2200,1048,1659,7.339
structured,6f820def820d3049,128,357,847,468,1273,490,805,5.911
structured,244819135df27b3e,128,227,496,296,733,269,437,8.208
structured,b4a9ee8636bb6c77,128,345,1046,456,1706,701,1250,5.389
structured,f4ccb91ca19804b4,128,421,1229,552,1984,808,1432,4.789
structured,56772835d16c0caa,128,351,1341,460,2075,990,1615,7.458
structured,214b92723ee8ce50,128,413,1459,544,2231,1046,1687,5.382
structured,accd734ddc9ff013,128,355,1451,469,2080,1096,1611,4.867
structured,d4e7fe0ed8b042e4,128,291,1055,389,1647,764,1258,5.4
structured,828fe64f5573e5a2,128,413,1461,546,2279,1048,1733,5.951
structured,cc959230ef259619,128,409,1517,543,2269,1108,1726,6.141
structured,f8c0a8e07f537bef,128,347,1267,452,2008,920,1556,7.698
structured,1104ddd036fd793f,128,345,1084,461,1698,739,1237,6.368
structured,15d60e218cb5766a,128,409,1551,545,2433,1142,1888,5.088
structured,75b9098532e54f3a,128,285,1089,374,1729,804,1355,5.175
structured,8e431096a477fa20,128,407,1534,530,2175,1127,1645,7.57
structured,5e6a751cf0478db7,128,355,1054,462,1715,699,1253,9.541
structured,ee7e359eeada0197,128,419,1325,541,2134,906,1593,9.648
structured,da4f73a22f64183f,128,352,850,469,1315,498,846,7.166
structured,0ce9476c6dd47b50,128,355,1179,465,1907,824,1442,7.791
structured,108d2add8b6d0fa7,128,353,1174,467,1902,821,1435,4.817
structured,193f5be102a469e5,128,405,1358,529,2140,953,1611,4.987
structured,d9076d2dfccacf13,128,411,1337,543,2097,926,1554,7.389
structured,e699e2488991f487,128,403,1435,538,2207,1032,1669,8.162
structured,58b86a4253eb9824,128,401,964,533,1577,563,1044,5.34
structured,4e8a1aba3ad54afb,128,409,1393,542,2195,984,1653,7.748
structured,9aded1e49b0d565f,128,407,1355,539,2124,948,1585,6.077
structured,1b30b2040e5e3cf9,128,403,1328,526,2033,925,1507,5.073
structured,95eab754898981bc,128,423,1340,555,2120,917,1565,5.196
structured,a992a98c05c11d97,128,417,1464,545,2337,1047,1792,5.222
structured,9884e179101ece0b,128,349,1151,463,1822,802,1359,6.712
structured,18750c346deb0f13,128,409,1473,539,2211,1064,1672,5.151
structured,f86397fd952d1d6b,128,349,893,456,1492,544,1036,4.823
structured,bd0cdada7c373eb2,128,423,1315,552,2113,892,1561,8.795
structured,3540b20439cb0246,128,295,1179,392,1729,884,1337,5.472
structured,27768f9da8039017,128,343,1183,456,1863,840,1407,4.716
structured,2795716a7c3cf82c,128,413,1393,545,2182,980,1637,5.75
structured,3baa1dbab006dd0e,128,343,1018,452,1640,675,1188,6.764
structured,826c7510242110e6,128,409,1340,543,2086,931,1543,6.519
structured,39c1528b7b26d87a,128,411,1484,534,2355,1073,1821,4.803
structured,6251c5ca3a5a6cfa,128,351,1243,467,1944,892,1477,5.097
structured,ab4ad7a2173ecda8,128,407,1347,531,2167,940,1636,7.348
structured,c966b2f7be454c79,128,349,1258,466,1924,909,1458,4.851
structured,641decb3870fa181,128,405,1345,531,2041,940,1510,5.233
structured,b18c8d8135d0aeed,128,413,1724,547,2517,1311,1970,16.045
structured,305124c6fedcdb37,128,289,982,388,1533,693,1145,4.995
structured,c71def6f15eded36,128,293,1020,390,1607,727,1217,4.857
structured,a4b84a180ffaf75e,128,415,1198,535,1943,783,1408,5.645
structured,3d51f3e39abf0367,128,421,1294,552,2113,873,1561,5.219
structured,c201bd2e24e73666,128,417,1014,545,1642,597,1097,4.826
structured,26437c9d02dc22e3,128,411,1400,543,2191,989,1648,7.323
structured,8508796efc501589,128,293,945,390,1532,652,1142,4.716
structured,eb5f8a6fbd8a0343,128,417,1449,543,2273,1032,1730,7.424
structured,b67c832e6a842910,128,503,1408,673,2186,905,1513,5.739
structured,547e15777e237583,128,397,1345,515,2099,948,1584,5.821
structured,24d93706bf4a661d,128,289,732,386,1227,443,841,5.017
structured,75c463f784b38b23,128,353,1227,467,1943,874,1476,4.775
structured,d8f2595788586104,128,287,900,383,1452,613,1069,8.634
structured,51bf7d6cff613a35,128,407,1341,531,2128,934,1597,4.895
structured,ce997b1dacce22d9,128,405,1280,535,2022,875,1487,5.434
structured,1df8b3a5216b4cc8,128,413,1301,544,2009,888,1465,8.231
structured,d72dcfdb98808464,128,409,1235,539,1976,826,1437,5.13
structured,e1d8180ed7f5acf6,128,355,1435,468,2003,1080,1535,4.699
structured,b64c51856e5f187c,128,413,1296,543,2034,883,1491,4.917
structured,7bfe17c8e2e522ae,128,401,1140,527,1883,739,1356,5.608
structured,7b39fc380536c4a1,128,293,1214,391,1733,921,1342,7.592
structured,ae53045bddd78fe0,128,407,1420,528,2274,1013,1746,5.014
structured,26687a3348ecdaea,128,355,1320,469,2061,965,1592,6.414
structured,859d7071cb25df70,128,295,1154,392,1694,859,1302,7.53
structured,e70dd380e197548f,128,355,1153,467,1830,798,1363,5.833
structured,72fba6fe34803a05,128,413,1613,542,2295,1200,1753,4.777
structured,f673e38c415d8609,128,413,1525,542,2362,1112,1820,5.354
structured,636dcae02a8db095,128,415,1471,546,2342,1056,1796,5.713
structured,159312487cdf8bf8,128,411,1389,540,2165,978,1625,5.94
structured,aa10dd18c38763a4,128,405,1407,536,2105,1002,1569,6.466
structured,b9a14e28553c31e7,128,411,1063,534,1752,652,1218,9.663
structured,614c761c35b99a6d,128,293,1222,391,1797,929,1406,5.8
structured,1ea0044a98b38681,128,419,1475,550,2208,1056,1658,13.451
structured,0299025c7cb6989d,128,405,1416,537,2245,1011,1708,4.937
structured,8d9f21c19f9887bf,128,353,1216,467,1960,863,1493,7.152
structured,3d2d751c11206f98,128,421,1289,547,2050,868,1503,7.42
structured,16a92aac748b24c7,128,415,1429,544,2230,1014,1686,5.113
structured,3ccd564ca20f02f2,128,415,1596,548,2480,1181,1932,7.735
structured,bf6413ff5bfa1673,128,409,1360,539,2141,951,1602,7.22
structured,3f2a2505bb5b9d5e,128,291,1049,388,1530,758,1142,8.443
structured,40e54ef74455898b,128,405,1428,531,2261,1023,1730,5.358
structured,b215f998a9a961f8,128,347,1108,462,1754,761,1292,4.966
structured,9a63bbd4908205c0,128,415,1529,545,2383,1114,1838,5.584
structured,19fdc19581f40647,128,355,1287,468,1949,932,1481,12.724
structured,7d12b0d62938a873,128,413,1813,545,2609,1400,2064,5.151
structured,d815883e5807073c,128,283,1071,382,1529,788,1147,7.242
structured,ad7ecde720748052,128,401,1331,530,2058,930,1528,7.285
structured,d0e2480a2c2c34f2,128,295,1101,392,1711,806,1319,5.485
structured,1d5d0ffd42fa3f5e,128,415,1164,546,1919,749,1373,5.3
structured,02e02957f12aac2a,128,411,1622,546,2514,1211,1968,5.522
structured,aaf8c7fee6c17fd3,128,345,1019,456,1651,674,1195,6.587
structured,7b8453b5d76b8789,128,411,1316,540,2062,905,1522,6.143
structured,fcf614e7027c3d9a,128,353,1308,467,2026,955,1559,9.89
structured,7e65f262c01c476a,128,423,1412,553,2262,989,1709,4.89
structured,319dda4a26340075,128,411,1236,542,1979,825,1437,7.48
structured,5ade194157d1d2aa,128,347,1148,453,1841,801,1388,9.899
structured,cc621856b785f82f,128,411,1390,542,2103,979,1561,6.016
structured,025af192b61dc99b,128,417,1380,547,2142,963,1595,5.602
structured,5e44137ffdf76892,128,413,1469,546,2355,1056,1809,5.537
structured,ce0922eb8889ae67,128,355,1374,468,1995,1019,1527,5.12
structured,0500781e5f4cf51c,128,416,1068,550,1665,652,1115,4.878
structured,d804ba437053ca50,128,351,1159,465,1883,808,1418,4.96
structured,06e772aefe8f8cb0,128,405,1385,539,2171,980,1632,5.437
structured,0f5a7f6dd5f822d9,128,353,1140,469,1838,787,1369,7.43
structured,3b385983430cf158,128,401,1274,527,2038,873,1511,7.78
structured,497294fdaaed04b1,128,405,1359,536,2103,954,1567,5.509
structured,ba4e9ef58bdb31f6,128,289,1110,388,1708,821,1320,7.257
structured,2079592c7bf53b4c,128,357,1354,472,2144,997,1672,5.545
structured,ce3707ef6dba7492,128,347,1173,463,1841,826,1378,4.773
structured,27fc55000e82436f,128,413,1359,544,2188,946,1644,7.032
structured,7e71aca7af4355da,128,291,1079,389,1685,788,1296,8.122
structured,97d9993bd914fd0b,128,407,1339,540,2124,932,1584,7.44
structured,c5e853cb882dce8f,128,409,1570,545,2384,1161,1839,4.94
structured,58ef20dcdf9db441,128,536,1439,717,2294,903,1577,7.576
structured,cd85ffb0aa7094f5,128,413,1145,536,1867,732,1331,4.876
structured,4510d76326dfc85c,128,405,1379,531,2149,974,1618,5.647
structured,7cfc5f3d8fed264e,128,347,1109,459,1738,762,1279,4.931
structured,756f84be46393476,128,349,1016,459,1659,667,1200,4.956
structured,ba1293ce12a3fe38,128,353,1248,468,1981,895,1513,7.565
structured,3152343bf18b155b,128,295,1159,390,1641,864,1251,5.312
structured,f91a429cc23fccdd,128,345,1139,453,1780,794,1327,5.453
structured,b48bb3893f6ac9c0,128,409,1362,538,2051,953,1513,5.437
structured,c6abc3cb1c8dc827,128,409,1157,538,1884,748,1346,15.765
structured,3200762a47335ee3,128,411,1465,540,2266,1054,1726,7.646
structured,6299f6d14995ca32,128,407,1482,531,2290,1075,1759,7.258
structured,553745bf1f5e8c31,128,415,1449,548,2077,1034,1529,4.763
structured,fef2394db31fc34b,128,345,1143,462,1771,798,1309,5.059
structured,cd049b95b2d5d1fd,128,331,1102,447,1701,771,1254,4.575
structured,b9a309019ffeeb47,128,356,1406,476,2115,1050,1639,5.266
structured,e2b4503017505e0c,128,411,1273,537,1964,862,1427,4.902
structured,96912c371266809d,128,415,1371,545,2148,956,1603,5.573
structured,31d177ac03acee99,128,347,1014,461,1483,667,1022,5.929
structured,0d3b588c823f42d6,128,357,1237,471,1996,880,1525,7.321
structured,5857102589faeebd,128,411,1398,541,2139,987,1598,5.058
structured,9012304d6d6a1c22,128,353,1326,462,2058,973,1596,7.879
structured,0bb2d5fbe829d325,128,413,1415,542,2173,1002,1631,5.824
structured,f888930e7fda3c91,128,280,923,379,1473,643,1094,5.935
structured,af8d80784a4ce428,128,357,1260,470,1851,903,1381,7.567
structured,741af23e6b0a0593,128,421,1833,551,2614,1412,2063,4.716
structured,af4cc1eae2b4fd03,128,291,1066,388,1589,775,1201,4.718
structured,1ec20202e765536b,128,409,1418,535,2255,1009,1720,8.523
structured,61f5c1bc78d4b27f,128,405,1328,532,2083,923,1551,6.24
structured,4ce7e17dd7d60cb6,128,407,1168,524,1923,761,1399,8.59
structured,6b9ea42613f3aa54,128,292,987,388,1564,695,1176,4.881
structured,dece6953c88e3c4d,128,293,1179,393,1706,886,1313,7.414
structured,5dce61888990cdca,128,415,1537,546,2353,1122,1807,8.471
structured,174af430c1a9eaa6,128,403,1236,529,1967,833,1438,4.821
structured,3167fe0d12f742dc,128,297,1263,395,1826,966,1431,5.755
structured,232f409535d1aae1,128,417,1560,550,2397,1143,1847,5.296
structured,946c7e6de11316ae,128,423,1576,549,2525,1153,1976,6.164
structured,8f970a14a90fdb0d,128,285,876,384,1419,591,1035,9.543
structured,7ee450d6a5a2636e,128,415,1278,547,2068,863,1521,5.21
structured,4183fc08670301b6,128,345,1108,449,1793,763,1344,5.575
structured,e9b8d4d0d1032fce,128,403,1247,539,1993,844,1454,5.387
structured,09c671ad84f8e5ed,128,407,1408,522,2257,1001,1735,7.289
structured,2d59871db3500fc8,128,405,1541,522,2334,1136,1812,5.252
structured,24e7079533ef1073,128,411,1524,544,2372,1113,1828,5.002
structured,f5d16c063055cde1,128,287,965,387,1551,678,1164,6.899
structured,a1e45f62003d32ef,128,347,1157,462,1791,810,1329,5.335
structured,5ea5e60b25e5f914,128,347,1178,459,1821,831,1362,5.104
structured,713115071bb9ecff,128,415,1505,547,2346,1090,1799,6.626
structured,c7b45fcdffdba7d9,128,293,929,389,1476,636,1087,5.536
structured,2ccca764b32e0de6,128,289,963,386,1509,674,1123,4.868
structured,12b6c815695de1c7,128,347,1030,457,1664,683,1207,5.15
structured,f8d85489a0183756,128,295,991,392,1567,696,1175,5.006
structured,aa65955cd6d9cb18,128,409,1351,541,2058,942,1517,9.082
structured,96918cb43aa9de34,128,345,1211,463,1895,866,1432,19.2
structured,4ce3649d700e4e97,128,345,1184,460,1890,839,1430,5.537
structured,32c50dc31a1b24ec,128,343,921,461,1518,578,1057,4.725
structured,1aed4497dca2923d,128,411,1452,541,2234,1041,1693,4.752
structured,a6e0b713ecc57c40,128,343,1255,450,1980,912,1530,7.258
structured,d78ae52144534f84,128,407,1344,540,2123,937,1583,5.484
structured,f44e21469731feeb,128,411,1408,539,2261,997,1722,7.893
structured,f0f3ac45dcce0684,128,351,1313,467,1978,962,1511,7.854
structured,1dcfd6dd8c5e385e,128,351,1076,464,1727,725,1263,6.64
structured,9d947e9141f77c6a,128,350,851,467,1313,501,846,6.893
structured,c00265903a39b91a,128,409,1322,542,2074,913,1532,7.116
structured,65c0182a6f51f0f0,128,287,975,386,1500,688,1114,7.528
structured,f27b543b115fe148,128,417,1386,548,2168,969,1620,5.57
structured,9e92cf08165f296c,128,413,1779,537,2537,1366,2000,7.521
structured,06c2ca5fadc39b0f,128,357,1319,469,2047,962,1578,5.251
structured,cb2eff4f153186b5,128,405,1268,540,1998,863,1458,5.488
structured,dab96b9aa062fec5,128,409,1080,532,1759,671,1227,5.094
structured,48599eca4664bc4c,128,359,1096,470,1790,737,1320,5.063
structured,824618f3d7d011ca,128,345,1166,460,1839,821,1379,4.898
structured,03bbcc4c8a2d931e,128,413,1086,538,1792,673,1254,9.373
structured,595522521fa48367,128,405,1520,538,2352,1115,1814,4.884
structured,edbb02efd48521a3,128,413,1371,541,2167,958,1626,5.696
structured,b7064c50ca09dd9b,128,351,1100,464,1775,749,1311,5.679
structured,f130a058544c302d,128,291,824,385,1353,533,968,7.353
structured,4fcdd7856de93ef9,128,351,1163,466,1857,812,1391,6.061
structured,9a6855e08f6e228e,128,407,1373,540,2132,966,1592,5.199
structured,524470b9105e2c33,128,413,1205,544,1906,792,1362,6.045
structured,e2ed027e99bb33db,128,415,1555,541,2340,1140,1799,5.555
structured,48fd1cfd33f6cbb2,128,419,1444,548,2261,1025,1713,14.744
structured,6c943fbf174e1d7b,128,413,1263,538,2043,850,1505,4.864
structured,6743cdcdab991783,128,345,1156,457,1882,811,1425,5.878
structured,790a5153df264396,128,345,1191,453,1884,846,1431,5.123
structured,3b76c852b304e0c6,128,415,1253,544,1962,838,1418,4.961
structured,ad67a1fe2cab4b19,128,413,1478,545,2279,1065,1734,8.255
structured,884a4f3d4b6b31c2,128,401,1155,527,1885,754,1358,5.667
structured,c44f827f5b59be53,128,283,768,378,1258,485,880,8.532
structured,f26dec729d0f6730,128,229,801,308,1198,572,890,7.222
structured,36403ae0310bf07a,128,345,1207,458,1798,862,1340,4.744
structured,a85fe73a4444ba43,128,363,1320,476,2113,957,1637,7.541
structured,207a4b4a34048ecd,128,417,1765,545,2507,1348,1962,4.932
structured,de01097891251bb5,128,419,1414,547,2286,995,1739,8.342
structured,40534b7d4a763834,128,355,1233,468,1933,878,1465,6.805
structured,cd29ae4a9bcee282,128,415,1329,545,2127,914,1582,5.736
structured,6bc03ba3a705c065,128,355,1268,468,2039,913,1571,6.992
structured,56c159157a9170cc,128,409,1361,531,1923,952,1392,4.801
structured,5bb7a2d2b13c8b95,128,417,1639,550,2475,1222,1925,4.775
structured,d6eeb2fd1ae417ba,128,419,1503,543,2329,1084,1786,4.853
structured,08eb6fe6c45af303,128,417,1460,549,2292,1043,1743,7.315
structured,d3388614c743111f,128,283,552,372,885,269,513,5.717
structured,f699e17096bdd9c0,128,349,1089,463,1710,740,1247,7.051
structured,be68c5d49b275a80,128,291,1174,392,1701,883,1309,4.805
structured,b92cf19a3da1ef6e,128,349,1144,467,1818,795,1351,7.241
structured,c4a4bd1c9a9a0b45,128,355,1348,472,2115,993,1643,5.136
structured,ba26f9ee4308c210,128,341,1201,457,1904,860,1447,5.026
structured,5e56a20c1792acc5,128,409,1367,538,2161,958,1623,4.754
structured,65af0c6188729367,128,417,1429,541,2258,1012,1717,7.398
structured,8cc060cb5d29b5b3,128,355,1467,472,2074,1112,1602,5.206
structured,dbaebb846c7de664,128,690,1421,898,2211,731,1313,5.112
structured,66ea121a8f43f130,128,405,1519,542,2324,1114,1782,9.286
structured,6e06cfbf5b58ced2,128,403,1154,525,1703,751,1178,5.937
structured,c08c020ffadd4848,128,289,968,387,1541,679,1154,4.769
structured,5fb8fcfcdf1a4ab7,128,353,1518,468,2175,1165,1707,6.827
structured,16592a54d818af89,128,411,1388,540,2154,977,1614,6.966
structured,3b0af6ab49ac5a1a,128,423,1264,544,2038,841,1494,6.306
structured,863d7e9d521d5354,128,349,1079,466,1671,730,1205,5.508
structured,3d668f24a8b835e0,128,341,1019,455,1651,678,1196,6.394
structured,4347e185938a1c61,128,335,1227,454,1837,892,1383,5.477
structured,93fa5cd8d0307147,128,409,1186,534,1929,777,1395,5.443
structured,d5ce0b24acc7d4ab,128,411,1113,542,1853,702,1311,5.491
structured,f5a873d30de4883c,128,415,1369,540,2092,954,1552,5.005
structured,ce8ad4845cc3effb,128,421,1517,550,2377,1096,1827,4.77
structured,1833094d0e4721d7,128,349,1280,455,1995,931,1540,4.99
structured,d3769e131a0a9393,128,353,1239,467,1961,886,1494,7.244
structured,1e9c53bee1704f18,128,351,1228,466,1906,877,1440,5.094
structured,1d5fc2e8b959e18a,128,409,1333,538,2106,924,1568,5.745
structured,34c47bd6b688964a,128,349,1244,461,1877,895,1416,7.615
structured,9f9929685708779d,128,285,856,384,1414,571,1030,7.473
structured,8320160f45a5e133,128,349,1161,462,1853,812,1391,5.354
structured,f84086e9ee2483eb,128,291,1201,390,1725,910,1335,8.456
structured,94c8a7b1bbf6ce68,128,353,1203,464,1873,850,1409,5.869
structured,a6adf529c3c24250,128,405,1417,537,2184,1012,1647,4.839
structured,46b2a56f4c828c00,128,355,1120,466,1707,765,1241,7.797
structured,e8ce45c0e30dd2e6,128,411,1308,544,2006,897,1462,7.421
structured,2fd22d7ae6565542,128,421,1532,551,2459,1111,1908,7.017
structured,3c7277d54f9fae3f,128,413,1463,545,2299,1050,1754,4.878
structured,7b6f4b44fbf8bda4,128,289,1088,386,1606,799,1220,5.052
structured,01b8795526eccec5,128,548,1430,712,2271,882,1559,4.721
structured,36fec8edad979178,128,405,1233,528,2006,828,1478,5.059
structured,3063492823672f4c,128,401,1344,532,2084,943,1552,5.821
structured,2cbab64978dde4d0,128,355,1220,467,1930,865,1463,7.105
structured,07ea2f323cfdb0cd,128,413,1690,547,2432,1277,1885,7.225
structured,623c3e2cb357f08f,128,351,1125,465,1790,774,1325,6.908
structured,c209bf04acd28cfc,128,409,1384,544,2166,975,1622,4.881
structured,931f88764096265f,128,411,1557,537,2295,1146,1758,5.053
structured,62316ac1cef6ccf7,128,413,1249,531,2009,836,1478,10.638
structured,2883f8837ca59e11,128,413,995,537,1671,582,1134,5.908
structured,16ca0b3ddab5e70a,128,359,777,469,1318,418,849,7.552
structured,0fe6afa6160f2f05,128,413,1587,548,2386,1174,1838,5.527
structured,b38410c88e69f680,128,411,1201,536,1962,790,1426,4.921
structured,abe29ef0f1ab9ae1,128,405,1275,531,2032,870,1501,5.34
structured,2c2a7f09777c2e46,128,409,1241,537,1961,832,1424,4.752
structured,0be396ee4118fb70,128,411,1258,528,1994,847,1466,4.938
structured,956d32055a8b9e61,128,411,1399,537,2121,988,1584,6.965
structured,886413ac0306b8c3,128,411,1281,538,2016,870,1478,5.433
structured,e3b99fb35381e0da,128,411,1437,543,2270,1026,1727,7.371
structured,d0b9559bffa8bc5f,128,401,1203,526,1936,802,1410,7.484
structured,d5eaef020ebc62ae,128,233,927,313,1380,694,1067,8.573
structured,9c454eee7114a570,128,357,1241,469,1980,884,1511,7.552
structured,9dbce87e6def65be,128,411,1600,542,2469,1189,1927,7.578
structured,713fce4addbf8e3a,128,227,816,304,1325,589,1021,5.072
structured,a2674bd5e339be93,128,349,1094,467,1793,745,1326,4.721
structured,2413445381133061,128,285,1027,385,1553,742,1168,5.276
structured,10843cc1f3db13ca,128,417,1318,548,2091,901,1543,5.519
structured,f830cac1adcd3a1f,128,409,1239,534,1832,830,1298,9.277
structured,032dada12a8a5613,128,417,1435,546,2217,1018,1671,5.608
structured,ceaba93bd34e07bc,128,343,1091,458,1737,748,1279,5.101
structured,41c0ff02f0c22228,128,357,1113,465,1725,756,1260,7.808
structured,70aff946f4b26867,128,253,608,343,1011,355,668,6.771
structured,de1bc7ca235eb0ab,128,407,1452,540,2128,1045,1588,6.686
structured,ff8baefd3447483a,128,411,1297,542,2037,886,1495,5.505
structured,44023dca5d315734,128,409,1415,541,2154,1006,1613,4.906
structured,9418e70c01b6d9ba,128,407,1067,538,1645,660,1107,7.286
structured,8d15a205011c540f,128,349,1204,463,1872,855,1409,5.385
structured,0b54d7272f6fbbe0,128,347,1119,463,1739,772,1276,4.804
structured,2d0bae293082ecb6,128,415,1563,549,2482,1148,1933,5.67
structured,fa45d81192d91a3b,128,285,949,375,1482,664,1107,4.838
structured,dccd8412046d6293,128,347,1136,464,1822,789,1358,6.223
structured,331bee32aa0e7488,128,405,1316,536,2045,911,1509,5.863
structured,0a176a6195a9d48c,128,355,1246,464,1951,891,1487,6.026
structured,f6da5e0956ebe1d5,128,411,1461,540,2215,1050,1675,7.51
structured,0a4a612d0195ede2,128,421,1164,547,1776,743,1229,17.644
structured,4a6dcff3545da0f1,128,483,1185,655,1868,702,1213,7.335
structured,87dc7d09a1439510,128,359,1218,471,1928,859,1457,6.968
structured,c3b5e20102d86b43,128,413,1504,546,2275,1091,1729,5.663
structured,f6270c79799069f4,128,415,1368,545,2133,953,1588,5.023
structured,da252e48d108d086,128,411,1475,532,2327,1064,1795,7.368
structured,1ab6d7e4971e70de,128,421,1425,547,2219,1004,1672,5.538
structured,19b97413843fd452,128,413,1446,542,2263,1033,1721,7.736
structured,1094b1769a4e97c0,128,365,1229,479,1969,864,1490,5.903
structured,636f9479d519ffbe,128,347,1209,452,1877,862,1425,8.397
structured,b0071ecce9779715,128,417,1562,545,2487,1145,1942,5.255
structured,c608e0e73c0da69b,128,351,1148,455,1866,797,1411,5.922
structured,5152057fc35d0ebe,128,407,1308,541,2061,901,1520,5.598
structured,792d1c424a6d6b31,128,405,1190,533,1882,785,1349,8.82
structured,2030fc3356a45f69,128,415,1477,548,2339,1062,1791,5.38
structured,f5fb7f8f4f57358f,128,411,1288,535,2028,877,1493,5.688
structured,7986985a1958ff44,128,349,1287,465,1983,938,1518,5.801
structured,92f236401d17f95a,128,355,1499,472,2145,1144,1673,5.469
structured,ac6f907194cba544,128,407,1360,536,2156,953,1620,4.817
structured,97472ea6a9c78526,128,403,1291,531,1992,888,1461,6.923
structured,90dc94a0e4c0b555,128,349,1236,463,1906,887,1443,8.827
structured,86c0a50ff62c6cc3,128,411,1508,543,2325,1097,1782,5.675
structured,f8ac5761341ea7d0,128,345,1181,461,1843,836,1382,5.022
structured,600713ecaed4f2a8,128,293,1221,389,1749,928,1360,5.141
structured,a07f7081bcd2e3b2,128,413,1420,535,2248,1007,1713,4.955
structured,af4f05c744800ecf,128,355,1214,467,1960,859,1493,5.267
structured,4eefb3ca43cd23b7,128,343,1317,455,1912,974,1457,4.848
structured,5f7da0561e2e685e,128,355,1220,470,1871,865,1401,4.805
structured,38c2d7e5053d2c8f,128,345,1331,452,1893,986,1441,5.647
structured,961d47227fba14a9,128,275,871,374,1389,596,1015,8.634
structured,475d71122acdf9a4,128,229,843,309,1253,614,944,5.425
structured,106b8ecb53ce1479,128,293,827,388,1365,534,977,8.697
structured,d318343f718e47de,128,409,1249,542,1984,840,1442,4.677
structured,12cd0bce152e928c,128,343,956,451,1533,613,1082,9.455
structured,94fdca17c01d5ea6,128,405,1530,535,2331,1125,1796,8.364
structured,f254952eb1b1a297,128,351,1205,464,1826,854,1362,5.31
structured,e378e35d92a33c7c,128,347,1083,462,1743,736,1281,5.323
structured,060e68445c705004,128,349,1281,461,2021,932,1560,5.52
structured,e2b24f211cd5dc4b,128,345,1193,456,1878,848,1422,7.423
structured,0b95357d4f3fb9e2,128,421,1331,555,1998,910,1443,7.538
structured,cb2010e7ef3fe10c,128,411,1492,546,2309,1081,1763,8.416
structured,45bf5e37e33fe52c,128,347,1323,462,2005,976,1543,5.572
structured,6c2002beade70056,128,351,1304,466,2058,953,1592,8.723
structured,a9a2889e86e9220d,128,287,972,383,1533,685,1150,5.011
structured,17b0d6d10dad6116,128,413,1423,543,2223,1010,1680,5.048
structured,997e483bfc179c39,128,359,1303,478,1901,944,1423,5.425
structured,109117c587e9e64a,128,345,1130,461,1800,785,1339,7.888
structured,ab41f6c340be95f0,128,411,1257,545,1813,846,1268,7.695
structured,6d24d71d72908c65,128,411,1469,538,2317,1058,1779,18.139
structured,21dafd93b321a3a6,128,355,1170,461,1853,815,1392,5.017
structured,4a51148b29ae71ed,128,415,1634,549,2290,1219,1741,7.01
structured,4b4843a998bb8191,128,345,1175,462,1882,830,1420,6.763
structured,14d8fe9f49f6dc87,128,415,1649,543,2386,1234,1843,5.695
structured,5ec18e3b3680bdff,128,413,1348,546,2093,935,1547,5.621
structured,fefb10e58971c114,128,351,1075,463,1715,724,1252,5.192
structured,cd870eaeb7e72b46,128,353,1031,467,1672,678,1205,7.48
structured,b9f2e621f9ec2e56,128,349,1074,460,1726,725,1266,7.257
structured,e645231675e3ad91,128,401,1021,528,1698,620,1170,7.897
structured,8256c3fcb58544cd,128,413,1435,545,2255,1022,1710,4.886
structured,95dba1bea6b93a0d,128,415,1648,549,2547,1233,1998,4.739
structured,90beb67308fbd939,128,297,1017,391,1599,720,1208,7.201
structured,7adabffb42b78ce1,128,357,1477,473,2114,1120,1641,4.964
structured,709b7b808100ad78,128,349,1103,461,1758,754,1297,7.464
structured,42bc597bd41ddd67,128,405,1425,540,2165,1020,1625,5.048
structured,c4cdb5f4d62356ea,128,349,1040,460,1669,691,1209,4.633
structured,ba03424af04e8a19,128,411,1206,534,1983,795,1449,5.036
structured,319023ecb1c4a2e6,128,349,835,465,1385,486,920,5.807
structured,d4c437fea45557d9,128,353,1217,467,1926,864,1459,7.907
structured,4592113310cc1b3c,128,415,1560,547,2457,1145,1910,5.158
structured,6bba32b2f14ec696,128,351,1397,463,1943,1046,1480,7.997
structured,4a7d8c188defc15e,128,411,1314,543,2123,903,1580,5.045
structured,7eae00bdc08448c1,128,422,1384,557,2245,962,1688,4.856
structured,5d02ec5a633fa2d4,128,407,1282,540,2081,875,1541,7.537
structured,604f1628b9ea810c,128,411,1715,544,2475,1304,1931,5.518
structured,a15291a0da3c3b48,128,411,1429,542,2233,1018,1691,7.759
structured,45104eb73fe38d47,128,345,1211,461,1890,866,1429,4.784
structured,ac63937e0fe175a4,128,363,1172,474,1883,809,1409,6.891
structured,2d9289d81b275565,128,407,1212,531,1965,805,1434,4.869
structured,2c096fa90f567ff9,128,405,1335,540,2107,930,1567,5.737
structured,559b6cfdf3b79560,128,405,1165,521,1864,760,1343,5.439
structured,83c008e8d9b2c432,128,285,991,384,1595,706,1211,7.434
structured,7cc6c03725d2ab83,128,405,1349,539,2083,944,1544,5.527
structured,6a08b6b28d0c41ad,128,415,1252,538,2060,837,1522,4.722
structured,174fb700e49dbb08,128,351,1157,466,1873,806,1407,6.803
structured,f09c5f5aab0321a6,128,413,1462,544,2200,1049,1656,5.493
structured,8c10b002a3ac2926,128,351,1117,458,1794,766,1336,6.098
er,682e90d9a0d1e881,128,127108,9926,164506,18177,-117182,-146329,18.481
er,a95d22d93648d75c,128,86495,9696,113821,17696,-76799,-96125,28.845
er,a16ccd7241e5c29b,128,43788,9763,56315,17827,-34025,-38488,12.89
er,9cebcc6329215c16,128,134460,9826,175561,17964,-124634,-157597,21.369
er,6d0acc591037fd94,128,40430,9630,52026,17532,-30800,-34494,12.441
er,b1da075c95194bde,128,184026,9976,239984,18274,-174050,-221710,23.137
er,35c12efc3cc05df1,128,163362,9992,212355,18285,-153370,-194070,21.317
er,25fdbc68ee5f106d,128,94766,9935,122555,18189,-84831,-104366,16.739
er,c00d20ab1ae56a36,128,137770,9818,179867,17911,-127952,-161956,26.505
er,eefb9f0b129bae0f,128,78614,9892,101325,18102,-68722,-83223,15.199
er,be6f1b822d0e4f39,128,39820,9577,51328,17506,-30243,-33822,12.72
er,8028c4634f513f8c,128,175678,9957,228400,18223,-165721,-210177,23.208
er,4b61b76018123519,128,59942,9753,77099,17803,-50189,-59296,13.842
er,0debce4223c051ab,128,152550,9853,198142,18066,-142697,-180076,21.146
er,9e96435dd40cf504,128,124604,9871,161394,18105,-114733,-143289,18.768
er,0cd9c426fd8df221,128,112082,9891,145278,18111,-102191,-127167,17.143
er,3045cbe30b42386c,128,183314,9919,238645,18178,-173395,-220467,21.898
er,ad476e0c27f9e1a0,128,182734,9930,237902,18168,-172804,-219734,22.342
er,7f70789852a9f8ba,128,170737,9789,222398,17907,-160948,-204491,22.845
er,1c53c75c97c46606,128,139290,9917,180639,18161,-129373,-162478,20.06
er,9f024e2122a21627,128,174284,9921,226712,18187,-164363,-208525,22.187
er,19b30356b38f6501,128,181743,9945,236434,18235,-171798,-218199,22.648
er,b77a5e5d874c696f,128,111456,9948,144582,18183,-101508,-126399,16.727
er,021e30252a20b534,128,183815,9960,239710,18215,-173855,-221495,22.857
er,cf41bb3944323e4d,128,150152,9901,194878,18148,-140251,-176730,19.673
er,1ab26ea1216b078c,128,95257,9642,124957,17610,-85615,-107347,19.555
er,a309c1acbb029bf8,128,127008,9849,164436,18052,-117159,-146384,18.189
er,403f04270d9c4a13,128,95836,9954,123742,18235,-85882,-105507,17.151
er,fc2b9ef3cb07707d,128,171510,9848,223165,18024,-161662,-205141,21.465
er,87d60c9428d1ed02,128,62668,9845,80877,17971,-52823,-62906,14.183
er,4d8b76e3e0d3b6db,128,95142,9946,123201,18212,-85196,-104989,16.903
er,ae29baf251bb925d,128,60506,9822,78071,17969,-50684,-60102,14.153
er,99c9db5608625905,128,22958,9531,29450,17261,-13427,-12189,11.393
er,f69bd592cc54e18b,128,153175,9930,199025,18198,-143245,-180827,20.643
er,1d017157c74d956e,128,61198,9680,79000,17635,-51518,-61365,13.507
er,7a78344d95cecce9,128,148971,9955,193742,18222,-139016,-175520,20.959
er,92afe686877c8e5e,128,56183,9554,74361,17371,-46629,-56990,17.724
er,eb31783c7d18632c,128,179848,9947,234096,18200,-169901,-215896,22.971
er,18c204a38c004792,128,141976,9948,184223,18215,-132028,-166008,19.874
er,d91837b37dcd6c2c,128,136730,9938,177733,18191,-126792,-159542,19.294
er,bf3d17e40932594a,128,184284,9879,240534,18079,-174405,-222455,23.552
er,a155e38ab13cce74,128,125548,9911,162589,18162,-115637,-144427,18.546
er,7c7b47bd362c07d4,128,42662,9876,54959,18079,-32786,-36880,13.051
er,c49d0cf4c8421359,128,95647,9767,125267,17857,-85880,-107410,15.759
er,9ab1e55322b80dbe,128,180137,9883,234838,18093,-170254,-216745,24.455
er,83705e3a21cae126,128,54100,9599,71815,17503,-44501,-54312,17.039
er,36e66b696e28373c,128,20718,9380,26652,17079,-11338,-9573,11.797
er,d504045fa58bc609,128,191343,9868,249606,18064,-181475,-231542,24.053
er,1ff066edc45f6454,128,179961,9918,234619,18106,-170043,-216513,24.633
er,c7d7ed4ed30e1d1f,128,124581,9892,161293,18115,-114689,-143178,18.218
er,55435e77130d862d,128,185985,9940,242269,18193,-176045,-224076,23.494
er,d297e0d6b5b4cb2d,128,190165,9964,248312,18261,-180201,-230051,24.203
er,243068a0a9420776,128,93279,9841,122762,17973,-83438,-104789,29.037
er,a79424c8990ba717,128,79408,9906,102426,18099,-69502,-84327,14.867
er,0553c376ab70d743,128,176987,9953,229927,18212,-167034,-211715,21.747
er,a95b57b2e1634e5b,128,164317,9935,214122,18233,-154382,-195889,21.052
er,a9f00d52af70fef9,128,148930,9924,193669,18163,-139006,-175506,19.984
er,c85764d627d5d59b,128,152569,9884,198451,18103,-142685,-180348,21.198
er,f6f4ca410076fce5,128,94116,9825,121575,18009,-84291,-103566,16.272
er,585ff853fc865258,128,137882,9933,178606,18184,-127949,-160422,18.77
er,04108541754ff83c,128,23914,9639,30713,17468,-14275,-13245,11.389
er,aff4f22d537e2c1f,128,124266,9962,160894,18244,-114304,-142650,17.709
er,fcaa8312b863ea11,128,169420,9913,220492,18161,-159507,-202331,22.537
er,6e3e8984ff04c6e1,128,140644,9939,182174,18177,-130705,-163997,20.893
er,d0ecd2ba13df112e,128,50953,9513,67461,17229,-41440,-50232,17.076
er,79d6a2339878928a,128,190119,9907,248392,18138,-180212,-230254,24.17
er,41fcdfe2c151629d,128,124516,9943,161665,18231,-114573,-143434,18.41
er,38b5a9161c86a9ed,128,111966,9866,145003,18065,-102100,-126938,17.294
er,dc66a1f51eaeb5a3,128,137512,10031,178394,18345,-127481,-160049,18.904
er,80bcd3816d0ba8d8,128,187640,9917,244125,18175,-177723,-225950,22.932
er,2ff32df7f5638655,128,172383,9867,225219,18050,-162516,-207169,23.561
er,2bbcf4b8014a3de2,128,111808,9893,144644,18077,-101915,-126567,18.446
er,ebaaaa18be2821c1,128,90672,9654,119179,17585,-81018,-101594,18.808
er,5c9f77d9bcd0605e,128,151548,9977,197200,18261,-141571,-178939,21.454
er,69072ce3117402ca,128,187022,9951,243076,18230,-177071,-224846,22.81
er,431da753cc7187bd,128,99911,9672,130833,17661,-90239,-113172,28.301
er,a313531d25b353cd,128,95774,9877,123875,18091,-85897,-105784,15.331
er,e1382b3a04684acc,128,179227,9869,233612,18059,-169358,-215553,25.287
er,81d7e48249e0f08f,128,59778,9895,76823,18103,-49883,-58720,14.322
er,668302480a8fcbc5,128,109898,9934,142451,18161,-99964,-124290,17.453
er,b3e7607d93e93a45,128,178140,9901,232920,18133,-168239,-214787,24.771
er,1454bda2793635c9,128,93586,9760,122842,17798,-83826,-105044,28.983
er,99b9407f36ffb876,128,61264,9728,78784,17758,-51536,-61026,13.503
er,4cfd22fdce73bcd1,128,58723,9412,77593,17075,-49311,-60518,14.018
er,59a7d7f702438c14,128,76210,9914,98163,18141,-66296,-80022,15.141
er,391e71b9c7afabab,128,111522,9909,144632,18157,-101613,-126475,17.32
er,ba9396c5b4b78dc9,128,59268,9613,78278,17490,-49655,-60788,17.371
er,fa70186645f4fd11,128,21904,9397,27996,17025,-12507,-10971,11.776
er,c967bc2e4675f2ed,128,20582,9464,26439,17085,-11118,-9354,11.192
er,e8e0d0fc0af612b4,128,93156,9763,121995,17817,-83393,-104178,19.365
er,8e7bb01ee2050ce2,128,21996,9299,28199,16890,-12697,-11309,11.405
er,43f58da947b76f60,128,142240,9787,185682,17904,-132453,-167778,21.789
er,d7cbeb298dceb75e,128,192511,9863,250851,18032,-182648,-232819,23.779
er,f8dd80a01581b0fa,128,93188,9841,120666,17994,-83347,-102672,16.262
er,cd7da3f4e306671c,128,122846,9914,159376,18161,-112932,-141215,18.284
er,f686cc83a57a3bdc,128,153372,10007,199237,18323,-143365,-180914,20.858
er,caf267d29c1be45b,128,189299,9887,246758,18084,-179412,-228674,24.919
er,d0507f1f99d63aa0,128,80262,9886,103288,18090,-70376,-85198,15.063
er,d1df973008b38da8,128,182183,10005,237657,18307,-172178,-219350,23.178
er,0619d29331af8fdc,128,183055,9844,239633,18007,-173211,-221626,25.538
er,1fbfd6cf17064fb9,128,187470,9910,243800,18126,-177560,-225674,24.735
er,96a3157c75ca168b,128,21734,9395,27885,17002,-12339,-10883,11.352
er,3c0b1bd7cb8572b1,128,22680,9373,29063,17033,-13307,-12030,11.0
er,760171b3f376b36d,128,141602,9913,183620,18157,-131689,-165463,19.444
er,4e176d454ebe4751,128,94232,9854,121655,18061,-84378,-103594,15.836
er,6c8b934161b52d68,128,179551,9903,234195,18107,-169648,-216088,24.115
er,14d565a7970ab012,128,112260,9949,145387,18201,-102311,-127186,17.52
er,2f900d835435dc65,128,193564,9828,252501,18014,-183736,-234487,24.962
er,fe6ecc56b0bd23c8,128,185768,9883,242598,18106,-175885,-224492,24.615
er,019cc1a93faee3d5,128,184996,9916,240979,18154,-175080,-222825,23.422
er,1fc14149a512f304,128,172708,9999,224649,18310,-162709,-206339,22.178
er,d61db8ac3323c7a4,128,60270,9730,77781,17789,-50540,-59992,13.989
er,c9543da1f3517e43,128,152734,9982,198305,18269,-142752,-180036,21.201
er,18acb8ec085e87af,128,185048,9860,240986,17984,-175188,-223002,23.373
er,a3ec8fd68a66d7aa,128,22170,9551,28458,17353,-12619,-11105,11.826
er,6e57d7ad2477bfc4,128,165256,9933,214447,18189,-155323,-196258,20.768
er,6d0aafdde987a19f,128,175898,9852,229477,18011,-166046,-211466,23.139
er,a46d90ef9f1e771f,128,43452,9752,55887,17797,-33700,-38090,13.45
er,b5187ffea2c6b074,128,140484,9925,182239,18151,-130559,-164088,19.745
er,16981e389106a5d5,128,94113,9628,123454,17564,-84485,-105890,20.15
er,c3fd6e0ceb63328c,128,139190,9786,182218,17839,-129404,-164379,21.799
er,e278acd0503f425e,128,189016,9897,246301,18119,-179119,-228182,23.796
er,740b13d93526eb4c,128,124384,9798,161342,17906,-114586,-143436,17.937
er,2932a16288f1bb53,128,43294,9639,55686,17632,-33655,-38054,12.922
er,1f7097eec49c557d,128,41898,9690,53896,17644,-32208,-36252,12.697
er,6f6a802477cec627,128,177381,9960,231146,18239,-167421,-212907,23.592
er,b1fadb9dc3ca9671,128,21860,9617,28019,17340,-12243,-10679,11.138
er,7f2f9d0266e3b8bc,128,127943,9965,165831,18233,-117978,-147598,18.965
er,951d09fccc9c8145,128,127614,9976,165612,18250,-117638,-147362,18.244
er,157e81d53602089b,128,189352,9959,246537,18250,-179393,-228287,23.456
er,b36328fe2396ba35,128,111670,9856,144387,18040,-101814,-126347,16.655
er,9c16ff226dda61cd,128,163210,9962,213403,18206,-153248,-195197,23.553
er,9b1b9fc7259e87af,128,59772,9371,78879,17007,-50401,-61872,16.946
er,6a6433fc6a64e9ad,128,187348,9973,244261,18279,-177375,-225982,24.608
er,4668227e5e7f8e9a,128,168468,9822,219737,17965,-158646,-201772,23.547
er,a2a9be570d71bebb,128,96068,9852,124112,18051,-86216,-106061,16.239
er,683a58ee6acc55c5,128,139976,9929,181823,18162,-130047,-163661,19.385
er,139a82635d2a03d0,128,95074,9864,122843,18078,-85210,-104765,16.576
er,38a96334331fe6f0,128,123536,10024,160060,18332,-113512,-141728,17.673
er,4b0bf5d1d7acc02a,128,182149,9907,237862,18139,-172242,-219723,23.294
er,ff5da1ebd860498c,128,134510,9910,174211,18136,-124600,-156075,18.525
er,5c3fa194d8de1b7a,128,128882,9926,166914,18147,-118956,-148767,18.445
er,c351d343ea6bcd61,128,57800,9279,76187,16747,-48521,-59440,16.59
er,e42695844a8b45b6,128,43566,9749,56041,17812,-33817,-38229,13.348
er,6e53cbaa59897f61,128,186444,9976,243358,18254,-176468,-225104,23.796
er,9a2e17ad58f28a2b,128,173656,9826,226754,17997,-163830,-208757,23.848
er,6c863a19d14ef146,128,41288,9773,53145,17832,-31515,-35313,12.953
er,06e4ea78a9b440b5,128,186540,9924,242719,18175,-176616,-224544,23.411
er,b8154485813db6b9,128,162048,9897,210435,18129,-152151,-192306,20.287
er,3b3d4c7971b88ebd,128,76596,9820,98713,17975,-66776,-80738,14.785
er,a9ecd96d31abdc4a,128,152782,10043,198536,18386,-142739,-180150,21.086
er,6b0a2dcfce170b30,128,191246,9873,248936,18096,-181373,-230840,24.866
er,1161743d2534ebf0,128,60594,9727,78066,17808,-50867,-60258,13.918
er,6a1ad02c200659ca,128,111534,9910,144440,18123,-101624,-126317,16.663
er,bc6f92f64ffe54f9,128,186577,9930,242718,18178,-176647,-224540,22.869
er,d10c58f8667afcb9,128,123834,9948,160422,18203,-113886,-142219,18.415
er,fadb9ec2e144584e,128,79130,9830,102217,17973,-69300,-84244,15.293
er,850fae0f67c202b6,128,175188,9896,227427,18104,-165292,-209323,22.518
er,2fa9db15e342c657,128,174960,9898,227533,18123,-165062,-209410,22.189
er,ae223a6ca2fc4942,128,58098,9793,74902,17897,-48305,-57005,13.821
er,5f80e518f25134bd,128,190654,9941,248454,18199,-180713,-230255,25.769
er,70fd116ac6edb5b7,128,167187,9876,218048,18073,-157311,-199975,24.084
er,76b57309ed1eb12e,128,169977,9894,221069,18148,-160083,-202921,21.437
er,a48cf8692bf62639,128,173374,9923,226131,18152,-163451,-207979,21.855
er,76100f2aea670c7a,128,113870,9860,147541,18050,-104010,-129491,17.707
er,0907b8d6d051ee0e,128,172522,9984,224711,18286,-162538,-206425,21.632
er,99c8c36bda0cfc70,128,163912,9941,213111,18200,-153971,-194911,21.11
er,daa205cac2e67966,128,176264,9922,229557,18154,-166342,-211403,24.702
er,6561b68cca5d972d,128,154187,9922,200337,18147,-144265,-182190,20.592
er,d3b14b686a6f4b38,128,164058,9920,213200,18149,-154138,-195051,21.089
er,87c469d75488f3ac,128,151879,9860,198754,18003,-142019,-180751,22.962
er,1ad10654eaa1bebe,128,123386,9974,159837,18257,-113412,-141580,17.469
er,ba720dd10e7d1cd0,128,124430,9961,161607,18276,-114469,-143331,17.627
er,134dc6cb7176185c,128,162932,9926,211898,18179,-153006,-193719,20.179
er,d7b50bbf52e16715,128,182608,9909,237992,18150,-172699,-219842,22.579
er,c2660541589c6c4c,128,142425,9881,186307,18090,-132544,-168217,18.57
er,079d828d9d7a15cd,128,180261,9856,234591,18042,-170405,-216549,22.549
er,a56a88f34daf609e,128,150081,9992,195279,18303,-140089,-176976,21.031
er,d2e2ceea4a923901,128,180905,10047,236101,18377,-170858,-217724,24.192
er,c0d6328f59db134d,128,95952,9818,123905,17930,-86134,-105975,15.812
er,e55373c98353fa9c,128,42202,9645,54241,17601,-32557,-36640,12.52
er,d0bfd85d10dd41f1,128,41538,9676,53429,17682,-31862,-35747,13.494
er,38547bd4d06d8c79,128,110188,9911,142377,18142,-100277,-124235,17.202
er,91a18e6fbaebce52,128,60264,9314,79841,16815,-50950,-63026,13.694
er,10289ee35972e502,128,135272,9958,175647,18205,-125314,-157442,18.829
er,3bc4fd50b3776eba,128,171145,9860,224028,17974,-161285,-206054,23.463
er,f9928a451acbd80c,128,133022,9827,173719,17967,-123195,-155752,24.051
er,2469c24616d2e9ed,128,153533,9914,199330,18177,-143619,-181153,21.346
er,2b19db10621d9bd9,128,169803,9873,221759,18061,-159930,-203698,23.022
er,317944b58b0a39bb,128,76452,9895,98874,18115,-66557,-80759,14.537
er,16388ec738abdcb6,128,96884,9889,125279,18091,-86995,-107188,16.899
er,6953b8a9289c65eb,128,91074,9932,117440,18162,-81142,-99278,16.056
er,0f3efbc85b291680,128,94554,9831,122133,18021,-84723,-104112,16.776
er,75565be532551f9b,128,79290,9860,102325,18020,-69430,-84305,14.617
er,8cdeb954f0442ad3,128,179006,9964,233147,18257,-169042,-214890,22.636
er,fb786aeca2fee729,128,124628,9867,161219,18086,-114761,-143133,18.901
er,3f502ba4e41a8e50,128,94678,9666,123956,17583,-85012,-106373,28.588
er,ff8d49d753ef3d12,128,151482,9871,197132,18063,-141611,-179069,20.678
er,99067e1dd1a88176,128,142698,9919,186885,18115,-132779,-168770,22.114
er,7f2d4fc60c6007a2,128,166850,9867,218075,18059,-156983,-200016,24.514
er,5b2a794218aacb72,128,162858,10034,211725,18332,-152824,-193393,21.076
er,bd9e56895689419a,128,163404,9963,212338,18239,-153441,-194099,21.084
er,ea4d18ac05922588,128,162216,9911,210984,18152,-152305,-192832,20.737
er,6dd7e45cf6195551,128,55706,9309,73638,16926,-46397,-56712,17.82
er,efbfa5943a84ee3d,128,41690,9800,53645,17881,-31890,-35764,13.065
er,0039e2b82491a048,128,21298,9236,27192,16723,-12062,-10469,11.323
er,a886816e0aebf64a,128,92330,9934,119240,18186,-82396,-101054,15.979
er,64edfeb186b5fcb6,128,181044,9869,235910,18072,-171175,-217838,22.542
er,b785127a5b38e3dd,128,125278,9853,162573,18025,-115425,-144548,18.12
er,0a9729bce9764ef6,128,114204,9847,148080,18043,-104357,-130037,17.393
er,cc477b278e834e5b,128,185346,10001,241248,18270,-175345,-222978,23.034
er,f04ab6ebe34fe337,128,154313,9995,200929,18295,-144318,-182634,21.455
er,36bf11dc0fec3289,128,112000,9983,144948,18257,-102017,-126691,17.307
er,078aa0d40b9111c6,128,42370,9730,54385,17724,-32640,-36661,12.932
er,c266f28d12f29dd3,128,189937,9891,247525,18096,-180046,-229429,23.651
er,273b21fe901ec0d1,128,153226,9929,199187,18171,-143297,-181016,20.905
er,4a926a349aa8e2b1,128,78504,9884,101405,18063,-68620,-83342,14.627
er,298cfefc3df26e45,128,59112,9863,76147,18022,-49249,-58125,14.023
er,695d0ee4a976589c,128,183782,9739,239664,17845,-174043,-221819,24.733
er,3ff74d675fe8ceb2,128,58232,9440,76881,17116,-48792,-59765,17.69
er,5eff300ef6eefe87,128,182484,9966,237682,18256,-172518,-219426,22.076
er,1a32414cca01898f,128,185336,10001,241480,18292,-175335,-223188,23.765
er,5a6b15ae2a64f63e,128,87061,9586,114256,17436,-77475,-96820,20.018
er,b6c78cdc08aebd30,128,151805,9834,198183,18019,-141971,-180164,23.008
er,bc04f08f5fc72958,128,177094,10058,231481,18374,-167036,-213107,23.592
er,2e126f5be9912892,128,152088,10010,197295,18340,-142078,-178955,20.834
er,442975135712c816,128,173858,9969,226452,18251,-163889,-208201,21.803
er,c16bc5dc7f8c8455,128,152601,9969,198280,18226,-142632,-180054,21.32
er,f607588365fe0184,128,140845,9862,183832,17998,-130983,-165834,23.715
er,921d4498eaaf288c,128,112250,9904,145160,18115,-102346,-127045,18.079
er,d4eef6a3bfa272bb,128,187705,9946,244919,18223,-177759,-226696,24.565
er,367d7155fd03f478,128,172579,9960,224766,18264,-162619,-206502,21.833
er,e2372d8a23d89fb6,128,59446,9754,76800,17817,-49692,-58983,13.68
er,ea8cf199748ea2c5,128,175442,9970,228137,18262,-165472,-209875,21.407
er,8e41d85f50857f47,128,178395,9860,233017,18081,-168535,-214936,24.165
er,ac6686731c78f596,128,188445,9848,245568,18030,-178597,-227538,23.644
er,14a9c7c299603b4e,128,152298,9812,199094,17919,-142486,-181175,22.766
er,54bed583a0bb708d,128,113154,9987,146288,18279,-103167,-128009,17.2
er,7425fb290e991cf5,128,108774,9902,140677,18151,-98872,-122526,17.513
er,433e2d442722d776,128,188358,9958,245438,18243,-178400,-227195,23.935
er,af3fa0f6d7658e55,128,111330,9835,144079,17970,-101495,-126109,18.591
er,cf5e93bc42d701d5,128,151610,9966,196904,18256,-141644,-178648,20.617
er,3fc91b19269cab62,128,136368,9957,177226,18204,-126411,-159022,19.479
er,3acc2f368060fbb4,128,176049,10000,228835,18305,-166049,-210530,22.797
er,ebaecc2f5b7f4f4e,128,168943,9749,220747,17831,-159194,-202916,22.753
er,c2b4659866f235af,128,161290,9849,209194,18065,-151441,-191129,20.788
er,17ae3adc014bd51c,128,182332,9985,237993,18267,-172347,-219726,22.841
er,26c1695faf6357ea,128,95364,9888,123512,18076,-85476,-105436,16.241
er,fab5c6640baa2f66,128,41024,9534,52764,17388,-31490,-35376,12.808
er,ae0cc6082dfc8795,128,95138,9815,122881,17956,-85323,-104925,16.558
er,7bf7840d556c7c98,128,189762,9814,247462,17957,-179948,-229505,24.375
er,a5234798031dc7b6,128,180735,9921,234888,18180,-170814,-216708,22.152
er,4acad8294e5c79e6,128,111284,9919,144248,18147,-101365,-126101,17.801
er,69eb8ac08e581b0a,128,126286,9977,163530,18287,-116309,-145243,19.45
er,312b826f987b9ca0,128,161226,9932,208986,18211,-151294,-190775,21.207
er,3ec4cf32fff8251c,128,161655,9840,211142,18013,-151815,-193129,23.0
er,f8c48219994fb655,128,173201,9897,226447,18104,-163304,-208343,23.239
er,d53cc2cfeb9e08c2,128,141325,9856,184784,18010,-131469,-166774,22.45
er,622ca6f085464f3c,128,184653,9845,241107,18024,-174808,-223083,23.469
er,d794bb605732d36b,128,174825,9943,227465,18178,-164882,-209287,21.306
er,bc11c8b7d4884747,128,164502,9976,213769,18251,-154526,-195518,20.659
er,7cd9196e21bf0269,128,179067,9838,232994,18018,-169229,-214976,22.441
er,3d316a9bda8d97ef,128,138956,9933,180625,18200,-129023,-162425,19.947
er,bd3b1a811a266a11,128,183520,9930,238812,18174,-173590,-220638,22.406
er,8a32238cac9d160d,128,191182,9886,249522,18102,-181296,-231420,23.391
er,c751d1c7e35b5004,128,163113,9966,212302,18239,-153147,-194063,21.045
er,7c04112ce43ee4bc,128,125736,9916,162738,18162,-115820,-144576,18.115
er,d29832fca064a4d3,128,132236,9737,173042,17817,-122499,-155225,24.784
er,648fecbdda20aae9,128,140633,9843,183557,17986,-130790,-165571,17.516
er,c0032b3aab611e45,128,186367,9940,243075,18181,-176427,-224894,23.527
er,2120dba795523c29,128,60808,9727,78261,17815,-51081,-60446,14.403
er,f81127c3caabd76d,128,43908,9681,56610,17645,-34227,-38965,12.635
er,aa99552b58efba55,128,21458,9270,27479,16753,-12188,-10726,10.977
er,3033514a0b3072fb,128,39940,9793,51437,17843,-30147,-33594,13.082
er,af66f8d70172973f,128,92996,9792,120374,17925,-83204,-102449,15.92
er,dfbf0612be8b2195,128,141923,9786,185966,17889,-132137,-168077,17.955
er,d180804000ffe940,128,109042,9852,141212,18065,-99190,-123147,17.512
er,4b7a0fa3c95b6bbc,128,62316,9788,80253,17891,-52528,-62362,13.939
er,f0792fddc99a5d1b,128,181870,9916,236673,18193,-171954,-218480,23.884
er,b11f45a6ecd003a6,128,142272,9881,184683,18078,-132391,-166605,19.236
er,89289b40dfe31247,128,93962,9889,121349,18084,-84073,-103265,17.08
er,3dd9d82af701dfb3,128,183358,9936,239217,18163,-173422,-221054,23.461
er,0d8a3a01af122782,128,109966,9917,142409,18162,-100049,-124247,17.205
er,fac54253e7ac2e1c,128,55252,9412,72943,17039,-45840,-55904,17.479
er,5ae86d2c6f9e2cb5,128,176392,9815,230021,17971,-166577,-212050,23.349
er,4338eb0d2019cbb0,128,180888,10015,235191,18323,-170873,-216868,22.672
er,38bf8169afccf323,128,183496,9897,238779,18099,-173599,-220680,24.473
er,b5a37f98d9afe236,128,152976,9960,198649,18219,-143016,-180430,20.504
er,0932c9f161d985ef,128,184569,9911,241008,18149,-174658,-222859,25.005
er,3ae4124b259736c2,128,138520,9984,179931,18254,-128536,-161677,18.487
er,101e159339722585,128,169577,9876,221212,18062,-159701,-203150,24.169
er,1096a4d59f28d46d,128,180921,9936,235975,18207,-170985,-217768,22.819
er,2e9cf1245e7044ca,128,59438,9777,76480,17844,-49661,-58636,13.499
er,ab047fa168f2c430,128,125980,9989,163152,18308,-115991,-144844,18.383
er,3fae13864aeee5c2,128,124603,9926,161504,18192,-114677,-143312,18.773
er,436a396acfa1de50,128,93092,9896,120174,18148,-83196,-102026,16.145
er,21f5345c238f05ea,128,161373,9989,210228,18280,-151384,-191948,21.5
er,d3d05e83d493513e,128,179681,9914,234451,18107,-169767,-216344,24.262
er,e58bae1f1e3ac247,128,181773,9955,236849,18177,-171818,-218672,23.978
er,2d5e3e743a9bd5c9,128,186003,9883,242421,18071,-176120,-224350,23.543
er,0371332a5c27910f,128,110776,9939,143472,18189,-100837,-125283,16.963
er,63b0213a01158062,128,110502,9929,143091,18201,-100573,-124890,17.221
er,322d3c00644580e0,128,180391,9859,234447,18036,-170532,-216411,23.359
er,67b9a29ef2b71f4b,128,60616,9939,78116,18129,-50677,-59987,14.319
er,3855fa640b053754,128,59224,9794,76368,17877,-49430,-58491,14.076
er,1d9e5c3b0c7dfef9,128,183822,9974,239722,18263,-173848,-221459,23.875
er,a961fb4b52660f44,128,79280,9913,102261,18098,-69367,-84163,14.763
er,97200e64b1461389,128,62320,9765,80259,17825,-52555,-62434,13.738
er,38c9f69198fbe16a,128,171283,9851,223497,18029,-161432,-205468,23.803
er,dc2dde5eb89627c8,128,181791,9896,236653,18150,-171895,-218503,23.627
er,1db50b0839327b25,128,40846,9691,52553,17654,-31155,-34899,12.715
er,c2f190d248f42cf6,128,139770,9830,182759,17955,-129940,-164804,22.313
er,5752b00f6a0073a2,128,190186,9894,248603,18126,-180292,-230477,24.361
er,1af7ac0c23de09eb,128,186553,9950,242977,18200,-176603,-224777,23.757
er,1565ed18fbf6e57e,128,43024,9828,55236,17922,-33196,-37314,12.972
er,fff8ad98d2d1822a,128,163469,9973,212668,18267,-153496,-194401,20.822
er,14ea56f5ac64360f,128,144956,9915,189302,18084,-135041,-171218,22.647
er,8474e36ef5930c6c,128,43868,9678,56450,17646,-34190,-38804,13.085
er,c8d6b3b5750f6d0e,128,40568,9775,52083,17819,-30793,-34264,12.306
er,ed998d8bdb515797,128,134943,9820,176490,17930,-125123,-158560,21.869
er,3a593e477d5f5d18,128,140330,9955,182057,18208,-130375,-163849,20.055
er,eb2f6d9b9b87038e,128,179305,9873,233779,18088,-169432,-215691,23.314
er,0b61a30192cc0adf,128,141689,9764,185671,17883,-131925,-167788,21.445
er,dcd61e0214bbc2ee,128,108540,9981,140509,18275,-98559,-122234,17.444
er,157f8a1a84f3de67,128,42216,9667,54238,17614,-32549,-36624,12.562
er,0991a1f6653f04be,128,121454,9980,157320,18285,-111474,-139035,18.41
er,f1da845338c9fce5,128,151272,9861,196340,18071,-141411,-178269,20.757
er,821370a463d05bf6,128,93792,9906,121333,18134,-83886,-103199,16.559
er,40f161d202c81e0b,128,151004,9829,197064,17956,-141175,-179108,21.904
er,615d1559badc59ff,128,110444,9869,142879,18080,-100575,-124799,16.945
er,603f5d549bc7752d,128,63036,9837,81360,17969,-53199,-63391,14.381
er,1e5fc6c87cdf9acc,128,61262,9841,78938,18007,-51421,-60931,13.669
er,6a4788ea4c6ea74d,128,183037,9990,238766,18279,-173047,-220487,23.026
er,bc5a419c37080e6a,128,185020,9893,241361,18110,-175127,-223251,23.753
er,5aac7184cbc7dd17,128,126204,9964,163191,18253,-116240,-144938,18.293
er,9dab0949ab89e6c1,128,172702,9823,225598,17969,-162879,-207629,22.812
er,afd2df9926d10d7c,128,139244,9921,180533,18164,-129323,-162369,18.954
er,ebc9e4fd7a4ebaaf,128,124082,9912,160972,18143,-114170,-142829,20.676
er,ba5f2bebc18c6f98,128,111080,9976,143620,18270,-101104,-125350,17.192
er,0d8daf975d93d12b,128,24176,9445,30920,17124,-14731,-13796,11.643
er,2d4bc27447ceeb6f,128,126292,9922,163579,18176,-116370,-145403,18.792
er,9a46b2a534178a3b,128,152792,9988,198717,18275,-142804,-180442,21.035
er,cd519cf0d42154b1,128,171430,9931,222639,18157,-161499,-204482,22.433
er,3a7a4394ee87e99c,128,177048,9932,230862,18187,-167116,-212675,22.057
er,4ead2a144c801edd,128,57906,9196,76453,16577,-48710,-59876,16.523
er,a512535732bf5d52,128,138214,9971,179436,18245,-128243,-161191,20.041
er,c74ef3c5179ddbc3,128,43620,9704,56003,17659,-33916,-38344,12.889
er,f5c7725018cbd50a,128,137108,9957,177683,18238,-127151,-159445,19.531
er,ffb558d77cb43efd,128,162160,9971,210676,18280,-152189,-192396,21.099
er,399a78d247520b28,128,93120,9877,120353,18053,-83243,-102300,16.738
er,452bfdd5f8412f33,128,94424,9854,122219,18028,-84570,-104191,16.678
er,435367875122a888,128,186054,9917,242692,18119,-176137,-224573,24.228
er,faf40b3a49e6b7e8,128,178894,9968,232843,18248,-168926,-214595,22.87
er,e86309846435b02c,128,87945,9673,115578,17614,-78272,-97964,31.074
er,7cace86ab85dabea,128,91026,9679,119231,17672,-81347,-101559,20.565
er,52cbbc1a7dcf33ce,128,169636,9924,221591,18140,-159712,-203451,23.749
er,9eeabb4366c427c4,128,181542,9910,236038,18103,-171632,-217935,22.579
er,eeab9cf556d7af0a,128,168000,9883,219701,18047,-158117,-201654,23.51
er,a30586007a8b7c8c,128,95745,9758,125414,17802,-85987,-107612,19.394
er,e9c6fc43842908f6,128,109162,9925,141364,18136,-99237,-123228,17.07
er,2895ae1887f3b1a0,128,153823,9975,199483,18275,-143848,-181208,21.165
er,081412631afbaad4,128,125868,10016,162807,18316,-115852,-144491,17.934
er,4028d1a15fd1deec,128,147541,9769,193007,17836,-137772,-175171,18.32
er,fd3f1d9df9c4bb36,128,94734,9829,122396,17978,-84905,-104418,16.632
er,43e3e44a86cbe882,128,59517,9589,78265,17371,-49928,-60894,17.728
er,f370ce4c373406a2,128,125999,10016,163056,18319,-115983,-144737,18.443
er,3be2b52749da613b,128,77078,9926,99452,18179,-67152,-81273,14.876
er,324038c7ed0dba45,128,173124,9977,225114,18285,-163147,-206829,20.729
er,0aa95c635e4aaff7,128,58524,9787,75415,17893,-48737,-57522,13.994
er,ea3c17f3ccf88f04,128,141318,9893,183418,18128,-131425,-165290,19.734
er,6b570527ceab84dc,128,77434,9837,99910,17967,-67597,-81943,14.96
er,ffacb781fcee48fc,128,154176,9899,200093,18141,-144277,-181952,20.629
er,7c5167cd52568894,128,61696,9795,79479,17934,-51901,-61545,14.175
er,d7c9117f9fc1ea7a,128,189986,9885,247389,18078,-180101,-229311,23.571
er,08251e035d5cf8ca,128,22792,9470,29218,17177,-13322,-12041,11.924
er,af81ca7db3996963,128,151603,9920,196653,18175,-141683,-178478,21.434
er,8d2f94ad4ad6dcea,128,173377,9956,224943,18247,-163421,-206696,22.859
er,a85796de0fdafad9,128,189952,9903,246965,18133,-180049,-228832,24.423
er,185a396b2a81946a,128,188786,9947,246031,18232,-178839,-227799,24.714
er,9ac928082b18558f,128,185552,9967,241398,18259,-175585,-223139,23.43
er,e9035d1063eba631,128,108400,9840,140241,18034,-98560,-122207,17.207
er,eff13abeadaab0ca,128,78214,9915,101011,18150,-68299,-82861,14.828
er,8d423f42bb4313f8,128,85341,9799,112374,17807,-75542,-94567,19.179
er,7330c5c5bba940ae,128,23210,9424,29704,17143,-13786,-12561,11.394
er,40fadb9331d029be,128,164265,9897,213094,18140,-154368,-194954,21.341
er,b589860bc1f307eb,128,94276,9887,121903,18100,-84389,-103803,16.562
er,0c1063e81cf681d3,128,187299,10028,243866,18369,-177271,-225497,23.444
er,cbc568491e1579ee,128,21308,9271,27282,16867,-12037,-10415,11.455
er,1f74de3357710e6b,128,181782,9872,237244,18093,-171910,-219151,24.191
er,7a8a3b912bcb9414,128,180617,9962,234864,18191,-170655,-216673,22.72
er,f295aa0563215d1e,128,191418,9860,249628,18061,-181558,-231567,23.034
er,83852127ec49f2d8,128,23018,9391,29570,17051,-13627,-12519,11.589
er,77a29d4924f21c8c,128,178001,9923,231655,18179,-168078,-213476,22.429
er,c42c947bc744e9cc,128,39270,9624,50574,17568,-29646,-33006,12.702
er,e7eb99edaa007735,128,88781,9752,116541,17777,-79029,-98764,19.065
er,687bee416a3f74a8,128,183909,9927,239630,18169,-173982,-221461,24.479
er,2739b81b901ce5e3,128,164300,9915,214377,18138,-154385,-196239,22.706
er,4f8db4ca3ff1f3e5,128,45026,9686,57972,17710,-35340,-40262,13.274
er,66f6e6e5adb3f9b9,128,98017,9773,128662,17828,-88244,-110834,29.431
er,20553b8fcb3c9f5b,128,64702,9947,83423,18175,-54755,-65248,14.505
er,3a56f6576490fd44,128,21384,9354,27468,16896,-12030,-10572,11.185
er,9ba4259c719df421,128,171359,9923,224172,18151,-161436,-206021,23.172
er,b83ef041e8da3f2d,128,176406,10000,229802,18297,-166406,-211505,22.992
er,72e86e0c5c82c898,128,149616,9823,195490,17957,-139793,-177533,23.154
er,32d352827e133227,128,180543,9934,235207,18160,-170609,-217047,22.548
er,c49aa16abd232611,128,189069,9854,246588,18036,-179215,-228552,23.817
er,7bf7776b054c4590,128,174425,9968,227199,18239,-164457,-208960,22.235
er,2c2af70ad264ddc7,128,23888,9730,30584,17725,-14158,-12859,11.834
er,a705904163f2ce9d,128,188591,9853,245677,18048,-178738,-227629,23.865
er,61f24227feef75ec,128,187921,9962,244663,18246,-177959,-226417,23.501
er,c2ef55874ccac0ef,128,185175,9898,241099,18133,-175277,-222966,23.515
er,a2b0e6e5674aab79,128,176982,9906,230332,18172,-167076,-212160,22.049
er,ac4fa5b97964b614,128,185758,9922,241706,18159,-175836,-223547,23.661
er,827aab09f51af18f,128,184929,9956,240556,18203,-174973,-222353,23.01
er,181871965fca1469,128,92726,10019,119720,18338,-82707,-101382,16.835
er,0ce87950149f2f76,128,97989,9687,128069,17692,-88302,-110377,28.837
er,f2e4a1dca7520e80,128,60309,9528,79599,17271,-50781,-62328,17.801
er,09b9cb9c40fea4f0,128,163895,9949,212662,18202,-153946,-194460,21.669
er,a4841b1de9114205,128,54359,9253,71737,16758,-45106,-54979,16.35
er,256337460b084e96,128,184086,9885,239971,18081,-174201,-221890,23.548
er,25769d3cea1c339b,128,187649,9908,244909,18146,-177741,-226763,24.239
er,d88c9fe326e371c5,128,183801,9981,239276,18267,-173820,-221009,23.26
er,b0273828b6e8bad1,128,61484,9766,79351,17835,-51718,-61516,14.396
er,e2806c80aeb65e7d,128,127922,9928,165934,18200,-117994,-147734,18.334
er,a2f33f12b7600741,128,20820,9350,26737,16982,-11470,-9755,11.089
er,081993e530ec67c8,128,186088,9891,243008,18117,-176197,-224891,23.93
er,94a1a0ae39e89208,128,188546,9943,245023,18208,-178603,-226815,23.802
er,7df39e8ec2aefda6,128,177182,9918,230939,18133,-167264,-212806,22.545
er,d1f12415df0faac1,128,174446,10010,227070,18335,-164436,-208735,22.074
er,63bdfe7cfe19aa35,128,172233,10009,224036,18309,-162224,-205727,22.619
er,2c861ff0165e69aa,128,187744,9918,244767,18180,-177826,-226587,23.457
er,50ba6de5b72cf85b,128,181658,9913,236522,18177,-171745,-218345,22.905
er,8028bde7ebc39be8,128,65068,9511,85733,17278,-55557,-68455,17.431
er,89cdd9acc54467c6,128,170260,9907,222194,18151,-160353,-204043,23.334
er,0810ddd657b6e1da,128,111872,9917,144790,18134,-101955,-126656,17.752
er,066be3273bd0d9e9,128,171665,9945,223549,18216,-161720,-205333,21.897
er,d67da8c429e2fcc6,128,57913,9309,76406,16931,-48604,-59475,14.346
er,1ed37f13276720c3,128,186514,9856,242874,18061,-176658,-224813,23.611
er,f5635d1fabcb67e4,128,182825,9919,237535,18170,-172906,-219365,24.101
er,a3cf4aab02eb8f04,128,64698,9781,83475,17903,-54917,-65572,13.918
er,a2572e81b25667d3,128,79260,9835,102310,18026,-69425,-84284,14.831
er,fbc6df02fcc41db9,128,98600,9835,127693,17961,-88765,-109732,17.45
er,ef2a17a5df8d2040,128,149097,9933,193684,18190,-139164,-175494,20.861
er,33701314fa0a54bb,128,61406,9839,79427,17975,-51567,-61452,13.998
er,5facc634b78e7951,128,57543,9440,75765,17157,-48103,-58608,13.913
er,fa912d6e9ba53f00,128,187165,9910,244156,18086,-177255,-226070,22.879
er,a9916f081a434ab2,128,110050,9907,142593,18122,-100143,-124471,17.915
er,9c6fd71659e8d3cd,128,162851,9946,211560,18214,-152905,-193346,21.526
er,db120eab1de6cda3,128,140448,10052,181981,18393,-130396,-163588,19.843
er,403dd77014ae9219,128,148910,9943,193385,18211,-138967,-175174,20.887
er,275c751e6ef45cf4,128,139522,9948,180923,18250,-129574,-162673,18.995
er,d49eeb651cceb4d7,128,182953,9912,237957,18166,-173041,-219791,22.926
er,852cab9df65746f7,128,150838,9912,196228,18150,-140926,-178078,20.716
er,5ead0b19051c2bd2,128,180596,9952,235056,18235,-170644,-216821,22.695
er,cdd228b881718dad,128,172874,10028,225125,18351,-162846,-206774,22.044
er,134ca17f443ec1be,128,109902,9955,142309,18221,-99947,-124088,17.642
er,8566a3217095fb5d,128,129656,9917,168080,18174,-119739,-149906,17.771
er,0b17e111ad5c34ed,128,22302,9389,28666,16984,-12913,-11682,11.366
er,56f9604e86cc0ab6,128,104045,9566,136509,17476,-94479,-119033,15.997
er,9b5eb8be0ea1ba23,128,110444,9935,143059,18226,-100509,-124833,17.654
er,2ce179e29e40ff29,128,174172,9848,227169,18016,-164324,-209153,23.926
er,ac7ec49c1b350b67,128,139728,9859,181372,18027,-129869,-163345,19.004
er,ab0011415eb8d0b0,128,141870,9956,184419,18231,-131914,-166188,20.145
er,ec12e3803f690be5,128,59974,9750,77206,17827,-50224,-59379,14.183
er,7ac6f455b670892b,128,79656,9843,102931,18012,-69813,-84919,15.042
er,8c446b9d130460d5,128,181678,9886,236756,18113,-171792,-218643,24.593
er,15324a62995c919a,128,182219,9922,238183,18153,-172297,-220030,24.009
er,30e98ac697d57a0f,128,162241,9896,210852,18127,-152345,-192725,21.065
er,c11667600ab389cf,128,124434,10011,161278,18316,-114423,-142962,18.116
er,23ce4f359580b9ba,128,192695,9944,250872,18204,-182751,-232668,24.602
er,6d39123a2b2753f4,128,176675,9998,229584,18295,-166677,-211289,22.728
er,2eaf6a1e0284c056,128,182490,9954,237053,18204,-172536,-218849,22.039
er,43323a43a9db2abd,128,179699,9945,234594,18191,-169754,-216403,24.546
er,e1821e03ab50219a,128,60052,9429,79163,17114,-50623,-62049,16.793
er,cf78c98051cc2d41,128,189063,9985,246873,18273,-179078,-228600,25.314
er,fd9355950f229300,128,186664,9861,242948,18055,-176803,-224893,23.657
er,bca57d90eed215bc,128,149663,9706,195617,17727,-139957,-177890,25.884
er,7a5af88651cb60c3,128,59166,9746,76114,17823,-49420,-58291,14.468
er,d440260d769ff97d,128,143252,9955,186074,18221,-133297,-167853,20.376
er,ff512f1fa200e592,128,123106,9877,159419,18072,-113229,-141347,19.29
er,0a8b57541b8a8686,128,174280,9859,227127,18033,-164421,-209094,24.442
er,cc323fbc8aadb91f,128,61626,9841,79483,17963,-51785,-61520,13.926
er,66b943e054ad7a55,128,42670,9699,54813,17715,-32971,-37098,12.578
er,fbc9558b2af8bc31,128,151208,9895,196230,18119,-141313,-178111,21.671
er,cfe76871d205c2a1,128,58276,9801,75055,17946,-48475,-57109,13.707
er,b6ab9664bed87df6,128,21332,9569,27267,17332,-11763,-9935,11.276
er,05cd8068c18e8525,128,176206,9808,229860,17947,-166398,-211913,24.577
er,bd2803731c23737b,128,137011,9903,178017,18140,-127108,-159877,19.595
er,7d5b964f5b1fca19,128,91905,9591,120718,17524,-82314,-103194,19.076
er,e5dbb390ffd4c04d,128,137906,9865,179194,18059,-128041,-161135,19.481
er,b991bb25d497c696,128,135486,9824,177189,17940,-125662,-159249,22.365
er,6e0c83d741e98463,128,124806,9912,161698,18144,-114894,-143554,18.132
er,7f7d7244f2528879,128,93280,9898,120712,18099,-83382,-102613,16.559
er,68dbfd2793df70a7,128,171900,9895,223794,18147,-162005,-205647,22.87
er,f3a3428165607a99,128,182821,9898,238761,18102,-172923,-220659,23.261
er,dadceb9aa5758302,128,59162,9778,76291,17861,-49384,-58430,13.621
er,58b8b04717e8f50f,128,92744,9912,119864,18161,-82832,-101703,16.258
er,fe6081455e05efbd,128,60152,9809,77594,17959,-50343,-59635,13.994
er,a4d73d484bf737db,128,163636,9808,214266,17920,-153828,-196346,23.039
er,6e872a22ebfd9fb6,128,59436,9891,76555,18080,-49545,-58475,14.092
er,05f2474a42c4f1c6,128,191611,9923,249471,18141,-181688,-231330,23.999
er,dfd6381b3ee0511b,128,57254,9711,73591,17691,-47543,-55900,13.856
er,6578f1ca1e309f3d,128,98080,9675,128403,17664,-88405,-110739,19.931
er,bc84709f5a8408b6,128,186247,9835,242573,17961,-176412,-224612,23.938
er,86b88264121a982b,128,41828,9687,53852,17680,-32141,-36172,12.547
er,ac1c28aa85232cf5,128,173344,9904,225628,18129,-163440,-207499,21.698
er,cdc6b2b44abbb29a,128,23668,9317,30360,16891,-14351,-13469,11.101
er,9701ccb044856c3a,128,58961,9430,77913,17162,-49531,-60751,17.009
er,550744cf8815e6b2,128,141022,9689,184447,17699,-131333,-166748,21.034
er,aef2dc897e0c43d7,128,56953,9453,75304,17131,-47500,-58173,16.392
er,a0da96524b98e2b1,128,78896,9853,101760,18002,-69043,-83758,14.888
er,1672b0360c877088,128,181347,9927,235775,18182,-171420,-217593,23.273
er,53c90721fa139c1a,128,91870,9737,120628,17768,-82133,-102860,28.169
er,162b587a7c7dcc15,128,173007,9919,225189,18183,-163088,-207006,22.476
er,53a0f968d4c31985,128,175599,9876,228423,18078,-165723,-210345,22.796
er,8d407c173ad9a685,128,147780,9846,193299,17988,-137934,-175311,22.21
er,dfbc637789c687dc,128,95608,9924,123722,18182,-85684,-105540,16.752
er,ec487764129d09ff,128,165566,9912,214744,18161,-155654,-196583,21.401
er,e8555fb660bd4545,128,161907,9881,210942,18098,-152026,-192844,20.402
er,5e8ff987db3567ff,128,107196,9932,138772,18203,-97264,-120569,18.078
er,d4592410afc8d04e,128,77678,9855,100510,18039,-67823,-82471,14.386
er,9b0c5aead694cd50,128,21224,9437,27308,17130,-11787,-10178,11.256
er,df2c88bf9a723847,128,138448,9947,179654,18231,-128501,-161423,19.695
er,c5fb9d28a2a3f55b,128,150484,9884,196820,18063,-140600,-178757,22.739
er,6cbd7df8a977f6c2,128,182382,9942,238145,18191,-172440,-219954,23.012
er,31e7906b27b5e124,128,129662,9927,167876,18212,-119735,-149664,18.07
er,f3321b46359e83ae,128,42054,9726,54233,17732,-32328,-36501,12.915
er,aed7770b106d9168,128,22276,9356,28601,16965,-12920,-11636,11.233
er,d4c64e6d7172c0ff,128,178142,9851,231549,18038,-168291,-213511,22.707
er,e888483109dd5f50,128,146563,9762,191609,17843,-136801,-173766,23.714
er,50650fde0fbebc8e,128,124788,9860,161877,18091,-114928,-143786,17.419
er,9718a68c1947df5f,128,150126,9936,194902,18182,-140190,-176720,21.073
er,ee5bae60219b4154,128,43940,9608,56435,17536,-34332,-38899,13.177
er,d182f695f6f74883,128,139235,9875,180256,18093,-129360,-162163,19.112
er,dcb16b429c5c2c83,128,150490,9980,195374,18279,-140510,-177095,20.437
er,c66ecdbb0715cb13,128,39346,9690,50605,17641,-29656,-32964,12.772
er,2ab85c5b673311d3,128,109692,9968,142229,18256,-99724,-123973,17.305
er,ee964aa771da1705,128,186719,9887,243348,18127,-176832,-225221,23.958
er,5ebaa7837945e2c8,128,167745,9935,219243,18145,-157810,-201098,23.179
er,fe004b028fe2b2d3,128,176600,9915,230437,18150,-166685,-212287,23.175
er,f910bb363716be56,128,108726,9933,140691,18177,-98793,-122514,18.89
er,e8a1ef920277b0ac,128,41834,9786,53846,17854,-32048,-35992,12.591
er,5303718956d5abc4,128,138197,9832,180809,17948,-128365,-162861,21.187
er,8547c1c5ae0c1695,128,151741,9892,197185,18130,-141849,-179055,20.892
er,46913fd790033c62,128,78528,9853,101420,18042,-68675,-83378,15.245
er,e2055db816933a41,128,150038,9964,194964,18229,-140074,-176735,20.478
er,4f45ff240c2bb2e5,128,94154,9949,121788,18213,-84205,-103575,17.193
er,2848d0c6e8c3686b,128,173135,9946,224925,18226,-163189,-206699,22.857
er,1517cf413f16ff59,128,180024,9875,234252,18070,-170149,-216182,22.976
er,318973851067c982,128,190236,9897,247670,18132,-180339,-229538,23.729
er,7c80f3bac255fa50,128,162698,10000,211736,18297,-152698,-193439,21.562
er,1f0a0145c5e5b3e5,128,56382,9499,74388,17257,-46883,-57131,13.402
er,f33deca1b1084516,128,172013,10020,223629,18348,-161993,-205281,21.94
er,0173da75b2b25725,128,165532,9954,215155,18228,-155578,-196927,20.447
er,271d4617f1d4cf2e,128,79068,9956,102185,18193,-69112,-83992,15.116
er,8e8a163ba4ae63fc,128,22876,9401,29308,16953,-13475,-12355,11.338
er,644da01139f7e39c,128,77372,9882,99769,18049,-67490,-81720,14.833
er,64051caa09d73206,128,163406,9950,212752,18212,-153456,-194540,20.922
er,dbdf305ef61fa768,128,97896,9688,128075,17699,-88208,-110376,20.523
er,5793cf6b81b54a4f,128,94270,9920,121674,18142,-84350,-103532,16.689
er,530d707e5e7e6cd4,128,152225,9883,197526,18084,-142342,-179442,21.123
er,36185f3db84a012a,128,97152,9976,125607,18254,-87176,-107353,16.661
er,59944c4dc456a18d,128,125598,9975,162656,18266,-115623,-144390,18.284
er,c7dac430cb25b55c,128,42530,9718,54707,17725,-32812,-36982,13.384
er,58b14d3894d19594,128,175687,9850,228483,18031,-165837,-210452,22.069
er,ece4af62af447b82,128,184111,9844,239864,17989,-174267,-221875,24.63
er,94f783fbe96be40c,128,136366,9756,178037,17776,-126610,-160261,18.499
er,3be13ecfe0e3dc07,128,22410,9341,28786,16892,-13069,-11894,11.096
er,1c3266118f9c9158,128,79356,9826,102410,17987,-69530,-84423,14.721
er,144ef535458751c0,128,165235,9977,214696,18263,-155258,-196433,21.511
er,e854b741275e677e,128,180696,9871,235060,18083,-170825,-216977,23.882
er,cab427b7bb148867,128,21834,9414,28082,17035,-12420,-11047,11.126
er,cbfd21f7392c4cee,128,145407,9736,190244,17779,-135671,-172465,18.397
er,abd44c38ee7d4bb2,128,20478,9385,26200,17048,-11093,-9152,11.467
er,57f5d5e5feb54ee0,128,92715,9887,121486,18062,-82828,-103424,15.324
er,fe422a2b6c704faf,128,166444,9737,216901,17818,-156707,-199083,23.099
er,2566e22255c6a8eb,128,139386,9929,180961,18176,-129457,-162785,19.663
er,7f6d794da36533ee,128,112236,9888,145348,18104,-102348,-127244,17.427
er,2bb3117002814958,128,149088,9940,193934,18195,-139148,-175739,20.318
er,df9b2f45c82654f8,128,188453,9917,245205,18177,-178536,-227028,24.446
er,2007b29476829a0c,128,161869,9852,211683,18007,-152017,-193676,22.459
er,84c7a704b76eb94f,128,177296,9946,230712,18214,-167350,-212498,22.715
er,890c9c2763884884,128,59360,9552,78280,17335,-49808,-60945,17.763
er,0adc22dd30b556d7,128,136328,9850,176693,18013,-126478,-158680,18.346
er,756cfa93c7ffcb9d,128,59576,9901,76755,18125,-49675,-58630,13.873
er,195f65370da384e0,128,58350,9747,75311,17857,-48603,-57454,13.553
er,0e4d7a0df036c1a3,128,150061,9923,194958,18139,-140138,-176819,20.709
er,b47a5bdf5a377e23,128,189629,9948,247576,18198,-179681,-229378,23.736
er,589ddfe38cf62057,128,189068,9950,246582,18199,-179118,-228383,22.518
er,275c12e7c08792ff,128,60248,9331,79575,16911,-50917,-62664,17.611
er,a11d4952d99fd08c,128,151594,9731,197662,17812,-141863,-179850,22.684
er,29b7503d43d9d9ba,128,78454,9818,101310,17979,-68636,-83331,14.65
er,d6fda39b1f7db6c0,128,110942,9905,143762,18128,-101037,-125634,17.302
er,07fe7eccb4be2633,128,77934,9842,100600,18043,-68092,-82557,14.911
er,bb0046640a5053b8,128,126708,9977,164149,18269,-116731,-145880,18.032
er,5ac8249cf7b12e7e,128,172726,9879,224938,18112,-162847,-206826,21.149
er,2a400ef3da06cf2c,128,52122,9377,68820,17003,-42745,-51817,17.272
er,d233e2fd3f1a6b33,128,22158,9232,28395,16780,-12926,-11615,10.791
er,2dcf64bc758406db,128,123496,9922,160142,18182,-113574,-141960,17.959
er,fb7b111450cda645,128,171230,9936,223264,18184,-161294,-205080,22.009
er,123bab183458235f,128,180388,10025,234938,18367,-170363,-216571,22.331
er,dd414af6199a8d4c,128,180575,9903,234869,18158,-170672,-216711,23.937
er,0e58b31fc2c18bd7,128,183022,9868,238296,18031,-173154,-220265,22.318
er,9d161e878d1eed1f,128,164629,9891,213848,18092,-154738,-195756,21.275
er,5ee20ab8013cc7a8,128,96454,9783,126381,17862,-86671,-108519,15.186
er,025fe425634cf826,128,182132,9909,237702,18093,-172223,-219609,23.315
er,7724618fc01936b9,128,173801,9910,225943,18143,-163891,-207800,22.721
er,533aba7bc92822f7,128,162159,9872,211069,18080,-152287,-192989,20.851
er,b9c28a0835e1dd0d,128,21156,9586,27084,17478,-11570,-9606,11.43
er,bd76f7a38e5c7621,128,179503,10031,233668,18327,-169472,-215341,23.774
er,99406d5e0608a647,128,151811,9825,198173,17937,-141986,-180236,18.292
er,6e4625aa342151a9,128,97356,9945,125767,18220,-87411,-107547,17.355
er,6c9e115f5a9da767,128,154063,9728,201155,17820,-144335,-183335,23.373
er,a72894254a1e88c7,128,111502,9970,144248,18263,-101532,-125985,17.806
er,c8a6fbc4dc498668,128,183813,9964,239452,18244,-173849,-221208,23.723
er,0ca76e24b26cf3cf,128,61054,9094,80414,16405,-51960,-64009,16.884
er,98a647b5d115e8fd,128,80800,9914,104188,18173,-70886,-86015,15.869
er,7df3e0bf3ce7eb99,128,61352,9791,78985,17861,-51561,-61124,13.972
er,a5cf68567e5c69f6,128,178671,9848,232416,18068,-168823,-214348,23.27
er,14922e50eba5a9b3,128,110790,9932,143716,18169,-100858,-125547,17.926
er,069db46d418bffe8,128,41764,9656,53846,17582,-32108,-36264,12.604
er,4bde6b03e87f3e8f,128,59091,9279,77887,16699,-49812,-61188,16.998
er,1cdb714c777b6b37,128,92592,9666,121663,17580,-82926,-104083,15.353
er,b86745333f8322bc,128,59771,9536,78944,17219,-50235,-61725,17.459
er,4f183e4e86312d6d,128,188249,9948,245035,18214,-178301,-226821,22.926
er,7eed91866cfe20f6,128,173917,9874,226950,18068,-164043,-208882,23.855
er,188e176cb32b23dc,128,77360,9795,99896,17928,-67565,-81968,14.358
er,b332ea3d77c5153a,128,86428,9668,113325,17611,-76760,-95714,18.969
er,31611a0ddf16ea45,128,152568,9945,198134,18192,-142623,-179942,20.588
er,fcc2e3332949d87f,128,144793,9817,189526,17952,-134976,-171574,22.801
er,fa29c305468c59e7,128,22704,9390,29032,17121,-13314,-11911,11.796
er,4348ec4eebebcf4a,128,185504,9875,241268,18041,-175629,-223227,22.971
er,fdb3a9b89abf5a00,128,150898,9973,196253,18267,-140925,-177986,21.137
er,a6271721ac1e208b,128,41518,9573,53511,17398,-31945,-36113,12.858
er,1ae1e776acd20621,128,187725,9923,244482,18178,-177802,-226304,23.946
er,a7bbf4b36b5ee48e,128,190813,9888,248901,18102,-180925,-230799,24.04
er,c9266c704d53d9a5,128,183848,9876,239520,18092,-173972,-221428,23.826
er,8afabdc03a9ebc49,128,183918,9917,240125,18150,-174001,-221975,23.668
er,70aba4883a328c18,128,94337,9723,123711,17759,-84614,-105952,19.422
er,1cfa62edc6d64dc4,128,182728,9928,237697,18187,-172800,-219510,23.224
er,17d90a825cfb2345,128,140734,9948,183951,18195,-130786,-165756,23.066
er,271e474e83a9391b,128,186853,9906,243682,18133,-176947,-225549,23.829
er,269a062ff9b4c85b,128,97197,9671,126937,17605,-87526,-109332,16.043
er,8102aa46805d8308,128,140510,9818,183274,17971,-130692,-165303,22.513
er,77198bc30cac20ce,128,42762,9749,54957,17787,-33013,-37170,13.069
er,3488a61c7a79bc39,128,111708,9929,144393,18165,-101779,-126228,17.218
er,0b0c28abea9ee0a0,128,160004,9955,207581,18197,-150049,-189384,20.537
er,a62909c0b9c91e7c,128,21120,9322,27027,16938,-11798,-10089,11.56
er,c322fe0847a1307e,128,21324,9422,27430,17043,-11902,-10387,11.482
er,a93dfc45519f0883,128,41112,9532,52988,17397,-31580,-35591,12.582
er,715a09727a6a9044,128,79604,9793,102888,17915,-69811,-84973,14.565
er,ced55dbf93561e55,128,63144,9792,81343,17905,-53352,-63438,13.996
er,aff3f45230920fe6,128,178338,9885,232733,18089,-168453,-214644,22.154
er,4afcec8ab101a2a4,128,57220,9330,75424,16954,-47890,-58470,16.804
er,6e7ae8c0e8574855,128,183114,9981,238621,18247,-173133,-220374,23.451
er,298da1f8ad5c1a7d,128,189855,9843,247764,18031,-180012,-229733,24.571
er,1bf15aa5de495e54,128,162813,9905,211959,18145,-152908,-193814,20.456
er,170df1910dffe705,128,99513,9663,130678,17602,-89850,-113076,29.357
er,5d7fc783f0efb89b,128,152944,9881,198847,18091,-143063,-180756,20.559
er,daf78a5bff4faba6,128,39404,9570,50626,17457,-29834,-33169,12.628
er,afa197f8f6f7e8d9,128,163596,9994,212746,18298,-153602,-194448,20.524
er,7df0d1710508f3fe,128,57008,9804,73355,17887,-47204,-55468,13.684
er,617fc27f79fa1051,128,172220,9810,224904,17993,-162410,-206911,23.297
er,6b10a0b0794b49a8,128,173413,9934,225817,18182,-163479,-207635,22.981
er,5b1e46b815506686,128,21272,9334,27291,16989,-11938,-10302,11.736
er,2aab769c66ff2847,128,92628,9883,119608,18117,-82745,-101491,16.949
er,ee3bf98d398b7f3c,128,59857,9427,79142,17106,-50430,-62036,13.887
er,6767280a38c3d3fc,128,168787,9785,220151,17908,-159002,-202243,23.911
er,945c85795c44fd86,128,187045,9873,243665,18063,-177172,-225602,23.335
er,9d584b33936554fd,128,78774,9903,101659,18101,-68871,-83558,14.802
er,504d448d74a47fa4,128,98318,9934,127104,18208,-88384,-108896,17.615
er,fcde5aaabf610a34,128,96148,9894,124230,18080,-86254,-106150,16.706
er,465f19a458ab79c4,128,172006,9896,223520,18121,-162110,-205399,21.776
er,3a161474cde54315,128,56612,9684,74631,17548,-46928,-57083,13.448
er,9f97813b73ea0211,128,59138,9695,76055,17746,-49443,-58309,13.721
er,8189547edc65d66e,128,166057,10035,215631,18351,-156022,-197280,22.473
er,ab9f91a2929955f9,128,175728,9891,229368,18086,-165837,-211282,23.909
er,db07bfd3ae8ad106,128,189024,9939,246724,18167,-179085,-228557,24.405
er,a2d8b09315dce462,128,57081,9607,75329,17370,-47474,-57959,16.669
er,41e838c526aab284,128,109116,9897,141399,18088,-99219,-123311,17.334
er,99ba1a69f75df84a,128,61204,9542,80533,17341,-51662,-63192,13.711
er,75d70aa9416a4a1c,128,96604,9861,124872,18004,-86743,-106868,16.434
er,b9d818f635ead9bd,128,58571,9379,77271,17019,-49192,-60252,17.217
er,45f4d636d28c33b2,128,186909,9974,243624,18227,-176935,-225397,23.243
er,8e8961639fe06353,128,77256,9904,99722,18108,-67352,-81614,14.985
er,75b8db2eff53e12d,128,55504,9380,73567,17033,-46124,-56534,16.977
er,26e0eac752f869e0,128,41230,9570,53030,17467,-31660,-35563,12.865
er,949d87ec046f1d45,128,60668,9823,78287,17951,-50845,-60336,14.255
er,5b693ce5fb407d38,128,62169,9329,81994,16915,-52840,-65079,17.421
er,e0709b40846b16a3,128,21170,9332,27202,16968,-11838,-10234,11.001
er,cc4e528d35e09a8e,128,140709,9873,183973,18042,-130836,-165931,22.55
er,6a60abce55dcfd34,128,173623,9860,226294,18041,-163763,-208253,23.887
er,88ab635e0668d475,128,169869,9891,221777,18104,-159978,-203673,22.935
er,f7a059f74bbfad11,128,180292,9920,234420,18147,-170372,-216273,21.655
er,4bccba9a86876d69,128,125004,9887,162001,18120,-115117,-143881,18.22
er,22fd64a00063447e,128,41888,9761,53916,17850,-32127,-36066,12.911
er,fb0e95fc53763694,128,171460,9921,223488,18171,-161539,-205317,21.989
er,cef77ce764b52fa8,128,62158,9865,80235,17974,-52293,-62261,14.184
er,13358663bad34fc9,128,180542,9911,235033,18180,-170631,-216853,22.888
er,ca8111c99a03d2ed,128,170968,9880,222947,18107,-161088,-204840,22.412
er,1fe22f083ddf8228,128,93774,9901,120961,18111,-83873,-102850,15.905
er,2c9594a6a11d8b88,128,112100,9870,144878,18050,-102230,-126828,17.716
er,99850928762a5ea6,128,98463,9581,128993,17490,-88882,-111503,15.324
er,848a42bf84b63fd7,128,91382,9780,118242,17925,-81602,-100317,16.275
er,acf9b2ddf409d964,128,76042,9857,98311,18031,-66185,-80280,15.057
er,284c4d1e1bb0a924,128,57593,9457,76180,17182,-48136,-58998,17.856
er,958b5839c84eefe5,128,183109,10027,238690,18343,-173082,-220347,23.111
er,e623d06773cec180,128,59260,9477,78224,17128,-49783,-61096,17.747
er,e7e704ebdb98c3fd,128,77712,9768,100179,17922,-67944,-82257,14.812
er,16f2fdfe1478ec15,128,94732,9893,122769,18103,-84839,-104666,16.901
er,b323c06a46c62d39,128,78244,9948,101060,18177,-68296,-82883,14.568
er,607e6e2844afc357,128,97946,9912,126659,18122,-88034,-108537,16.618
er,84f56ddf555c1f71,128,180159,9753,235140,17853,-170406,-217287,23.948
er,b44df0eea32aa1aa,128,191339,9913,249151,18149,-181426,-231002,23.971
er,5cb629f69d8ff577,128,141346,9935,183145,18212,-131411,-164933,18.88
er,ccc7ffdaf03102da,128,113430,9946,146890,18230,-103484,-128660,17.919
er,7df10afbee0a8ded,128,62016,9770,79907,17873,-52246,-62034,14.215
er,fc7ffd52b3a866b3,128,63164,9748,81540,17814,-53416,-63726,13.896
er,ebe89411dbb605f5,128,74512,9858,96197,18016,-64654,-78181,14.583
er,16b447d62422329d,128,167278,9863,218692,18029,-157415,-200663,23.264
er,340e48fed9ee5a6c,128,21266,9406,27271,17146,-11860,-10125,11.095
er,45836bb9e3e14610,128,150728,9965,196191,18271,-140763,-177920,21.276
er,730203eced2b8405,128,57389,9486,75791,17155,-47903,-58636,17.231
er,90e302e971668a04,128,124856,9955,161775,18201,-114901,-143574,20.036
er,6fda21a2828a0e52,128,109626,9857,141850,18070,-99769,-123780,17.377
er,ee7e53d650dfe0e9,128,40294,9851,51669,17938,-30443,-33731,12.898
er,3c8ac21953034c90,128,138412,9983,179745,18243,-128429,-161502,20.294
er,f78cf7279ee58cd7,128,155499,9963,202086,18246,-145536,-183840,20.2
er,ebe9830fdfa81724,128,123894,9933,160468,18169,-113961,-142299,17.814
er,239ca6c30f158329,128,181661,9863,236334,18059,-171798,-218275,22.865
er,b9b4a6d8185c62da,128,21852,9495,28039,17296,-12357,-10743,11.271
er,3ac849524bc80c65,128,95396,9702,125231,17759,-85694,-107472,19.88
er,1282f32c4202092d,128,141030,9927,183247,18196,-131103,-165051,19.911
er,b55d4ea903e77248,128,96482,9730,127026,17790,-86752,-109236,15.191
er,bd0124df51ffc644,128,125912,9909,163266,18099,-116003,-145167,18.085
er,f7d835f77b5514a8,128,141990,9686,185286,17690,-132304,-167596,24.818
er,cc74a681bb2105c4,128,175655,9930,229285,18135,-165725,-211150,23.284
er,222c416ad21335a5,128,179521,9932,233485,18192,-169589,-215293,22.949
er,aa649b295789fffb,128,59106,9516,78040,17233,-49590,-60807,17.398
er,3245094a9a4bc8de,128,94724,9770,124640,17846,-84954,-106794,16.133
er,a00f2b7185507c36,128,78244,9918,100836,18127,-68326,-82709,14.597
er,00fccd3a096923b6,128,149774,9969,194672,18271,-139805,-176401,20.475
er,e29460385d34d370,128,77038,9835,99450,17976,-67203,-81474,14.494
er,a4d0208f7675fec3,128,77640,9928,100261,18192,-67712,-82069,14.82
er,dcd89498624da1af,128,81428,9859,105065,18028,-71569,-87037,14.971
er,2a31fec3357d1f25,128,22086,9545,28323,17311,-12541,-11012,11.4
er,3be8af23ad01e144,128,135794,9973,176291,18264,-125821,-158027,19.355
er,1803ca0a165f305a,128,182349,9859,237598,18068,-172490,-219530,22.801
er,15c6a3a0876f2b4e,128,168094,9954,218851,18222,-158140,-200629,24.851
er,c42bc265c3e9f9fc,128,59338,9824,76371,17957,-49514,-58414,14.127
er,90dc6013bfb0632a,128,126280,9935,164042,18166,-116345,-145876,18.468
er,ad8eec41da0e06ce,128,181049,9926,236501,18170,-171123,-218331,24.292
er,1233f3dc9f53db16,128,152508,9917,198386,18169,-142591,-180217,20.858
er,66acae7144cee1ad,128,173225,9834,225707,17985,-163391,-207722,23.186
er,bc8c04679c5827e6,128,110056,9919,142553,18157,-100137,-124396,16.714
er,03aaa8e64ccfa401,128,78406,9900,101124,18128,-68506,-82996,14.792
er,23465c9fc1662c38,128,174207,9841,227428,18014,-164366,-209414,23.371
er,6f7e20bbaef304a5,128,140700,9936,182629,18202,-130764,-164427,20.517
er,be236f19a378b753,128,92137,9775,120713,17826,-82362,-102887,19.175
er,3bd1270d67a1506f,128,76490,9819,98545,17979,-66671,-80566,14.628
er,bb78c5aa3305e101,128,182180,9946,236896,18184,-172234,-218712,22.496
er,efae3e375f861e9e,128,185673,9989,242056,18288,-175684,-223768,23.358
er,b91169ad2978c38a,128,93053,9588,122265,17536,-83465,-104729,29.097
er,0c9c2853d0f3f848,128,181908,9859,236871,18052,-172049,-218819,24.6
er,a6f4588f85b02f18,128,112496,9859,145578,18064,-102637,-127514,17.089
er,4e87c35f36ca8272,128,170885,9904,222407,18142,-160981,-204265,21.337
er,f694b0aa23dda03a,128,111038,9990,143482,18254,-101048,-125228,17.456
er,2a804a10e8f1e030,128,21922,9042,28193,16285,-12880,-11908,11.156
er,9338d25c0346b9ae,128,59230,9346,78279,16887,-49884,-61392,13.96
er,f24a0fd48079b1d7,128,176480,9860,230335,18044,-166620,-212291,23.394
er,306ff6b7b285bbac,128,167779,9903,219239,18124,-157876,-201115,23.067
er,238c68b6a8ca08c2,128,173222,9940,225544,18216,-163282,-207328,23.271
er,25cc7dc8f7452034,128,57184,9579,75300,17295,-47605,-58005,16.603
er,4a628f64ec3ed501,128,96164,9806,124449,17973,-86358,-106476,16.385
er,dc93e2abfabe08f6,128,98714,9865,127388,18065,-88849,-109323,16.118
er,167f1e87e1e72d02,128,110458,9831,142996,18007,-100627,-124989,17.599
er,4bd153f51eb84c23,128,171515,9840,223857,18025,-161675,-205832,24.473
er,6f2c45dbf7308013,128,189691,9922,247393,18167,-179769,-229226,24.112
er,de6e11286c17b1ec,128,94841,9715,124456,17718,-85126,-106738,30.115
er,288ca439da4ec893,128,185387,9910,241512,18142,-175477,-223370,23.995
er,12d251d8ef091140,128,22946,9493,29515,17190,-13453,-12325,11.21
er,11599516a85ec004,128,96796,9875,125151,18066,-86921,-107085,15.836
er,9ac8bf272f60f64b,128,139140,9943,180715,18221,-129197,-162494,19.154
er,f8489eb58cdc7100,128,62290,9613,82072,17455,-52677,-64617,17.958
er,ea9660e4086f17e4,128,138388,9995,179395,18281,-128393,-161114,18.941
er,ac8339035cb6a2e3,128,180424,9896,234595,18096,-170528,-216499,22.488
er,73ec872e01c2291f,128,139232,9892,180679,18115,-129340,-162564,19.215
er,f686cb6880cd1645,128,147066,9864,192383,18035,-137202,-174348,22.107
er,ba63cb1539091047,128,180780,9894,235001,18098,-170886,-216903,22.825
er,7ac30c4719674224,128,135404,9874,176241,18101,-125530,-158140,19.54
er,b7d77398bf56c848,128,175859,9971,228646,18216,-165888,-210430,22.164
er,2c0866d2e5f5a803,128,56365,9503,74507,17215,-46862,-57292,16.896
er,43a710c3cf4bd50d,128,174744,9872,227699,18074,-164872,-209625,23.349
er,49c32e3aaf5baabb,128,140936,9924,182803,18151,-131012,-164652,19.702
er,025f9e60c92c58e2,128,59854,9840,77346,17984,-50014,-59362,14.751
er,b626a8a4c5f559c9,128,186970,9888,243552,18130,-177082,-225422,23.097
er,58187ede515d25c2,128,142461,9790,186369,17894,-132671,-168475,21.783
er,2e3ce9c3063089e4,128,152251,9957,197640,18236,-142294,-179404,20.672
er,9166a3f556343041,128,76026,9792,98053,17869,-66234,-80184,14.523
er,fea94941d0e2cfb2,128,91630,9656,120399,17675,-81974,-102724,19.524
er,2311355ce4796699,128,22716,9331,29119,16839,-13385,-12280,11.156
er,cd3d5c978b230f04,128,141422,9989,183526,18286,-131433,-165240,19.454
er,7377bfde0e071782,128,136933,9843,179895,18002,-127090,-161893,22.064
er,ccca7750ce7b5727,128,123404,9940,159897,18234,-113464,-141663,18.411
er,79c3f04dbfdb6adb,128,150402,9938,195741,18219,-140464,-177522,20.959
er,2f833ccc9222c15e,128,184442,9905,240810,18115,-174537,-222695,24.534
er,6264c7a29e7086cf,128,21624,9476,27776,17218,-12148,-10558,11.269
er,be1c1782c4073c48,128,22318,9248,28619,16740,-13070,-11879,10.968
er,3f0aa45da5c09664,128,40424,9695,51991,17696,-30729,-34295,12.907
er,377c30a15edd479c,128,22432,9162,28784,16668,-13270,-12116,11.355
er,6e1b40819d493300,128,141468,9955,183124,18235,-131513,-164889,20.224
er,7cfd6a8166607d63,128,22398,9622,28727,17474,-12776,-11253,11.798
er,9d55d9050ef26d6b,128,60272,9820,77721,17970,-50452,-59751,14.431
er,7ccedc2a6e8dbcd4,128,187368,9846,244237,18044,-177522,-226193,23.859
er,7cd369712fb20d85,128,110746,9883,143357,18066,-100863,-125291,17.212
er,0bd3737eee91728a,128,171111,9864,223605,18043,-161247,-205562,23.808
er,9b02fb31f8df89c1,128,139938,9947,181925,18231,-129991,-163694,20.083
er,f356ce4d5b3d64d1,128,139064,9854,180597,18063,-129210,-162534,19.57
er,e2dbb8a082af7c13,128,182344,9791,237717,17957,-172553,-219760,23.006
er,ae80131a196c2871,128,60756,9871,78467,18009,-50885,-60458,13.95
er,e5baa506d66b6e4c,128,61698,9750,79557,17856,-51948,-61701,14.084
er,85af87464a7f6fa6,128,147580,9687,192665,17736,-137893,-174929,22.391
er,e6c1a6a8d0f0d0c9,128,58974,9536,77867,17346,-49438,-60521,17.56
er,a05c1b652e77176f,128,140386,9990,181798,18272,-130396,-163526,19.756
er,6683ec888bea68ee,128,111422,9917,144188,18174,-101505,-126014,17.827
er,570b6aba7ab74a63,128,140028,9967,181870,18246,-130061,-163624,20.092
er,87ccd7e1daa5de41,128,185435,9888,241746,18049,-175547,-223697,24.092
er,1331e4ea03f31a28,128,79392,9728,102551,17818,-69664,-84733,14.758
er,fc1ee8a752b36d65,128,104094,9776,136455,17849,-94318,-118606,19.473
er,66ac3447261cdd19,128,109192,9885,141302,18081,-99307,-123221,17.429
er,002c2762bbeac9ce,128,183736,9937,239339,18180,-173799,-221159,25.375
er,63a968e5efa2e699,128,164799,9957,214586,18249,-154842,-196337,21.97
er,a54358864f933d36,128,184017,9925,239540,18176,-174092,-221364,23.442
er,257889481d6312cc,128,45180,9644,58036,17654,-35536,-40382,13.097
er,eda715ee82a4f735,128,164938,9883,214394,18097,-155055,-196297,22.352
er,98f0c348f06f94bf,128,41896,9709,53969,17731,-32187,-36238,12.777
er,4378209f4eba027f,128,153922,9910,199993,18148,-144012,-181845,20.758
er,d1bf02f41569a903,128,59736,9723,76844,17730,-50013,-59114,13.894
er,61e9a4e0fc13e1e6,128,139141,9882,180306,18103,-129259,-162203,19.933
er,c96935c363e8bda0,128,186263,9989,242197,18264,-176274,-223933,23.705
er,f2ea14943c285d37,128,110440,9910,142910,18136,-100530,-124774,16.946
er,0855663a06b22a75,128,62616,9566,82786,17354,-53050,-65432,17.579
er,597e128134486100,128,121884,9915,157810,18146,-111969,-139664,18.039
er,90a28c69f7343ad7,128,59680,9813,77112,17951,-49867,-59161,13.559
er,b73a2ffe6f4aa411,128,150496,9961,195669,18258,-140535,-177411,20.996
er,54020adde1b12a13,128,124008,9923,160671,18144,-114085,-142527,18.218
er,9e59a67aaa7d4016,128,88030,9829,115622,17929,-78201,-97693,15.314
er,85f3e8e520bcb47f,128,91105,9566,119657,17455,-81539,-102202,20.502
er,5617f760a90cb4ae,128,169737,9924,221414,18198,-159813,-203216,21.746
er,2659c25d5083876f,128,138632,9911,179711,18141,-128721,-161570,19.859
er,5554141c2df85b89,128,93710,9897,121288,18109,-83813,-103179,16.445
er,d927df684b55a4f0,128,42178,9694,54178,17682,-32484,-36496,12.348
er,72d763a3be63ef65,128,175584,9933,228422,18193,-165651,-210229,22.088
er,bec06f8f3c428d9e,128,149359,10016,194358,18328,-139343,-176030,20.835
er,0646d07044de37a9,128,112292,9874,145392,18084,-102418,-127308,17.652
er,1519c4d96e828904,128,186667,9908,243375,18096,-176759,-225279,23.517
er,c7292a98547baffd,128,151872,9915,197316,18151,-141957,-179165,20.566
er,6f046bba99026bca,128,188237,9795,245198,17947,-178442,-227251,24.429
er,52931e12b8b0b71f,128,137713,9822,180263,17926,-127891,-162337,21.402
er,80ba321447edaa71,128,149972,9916,194989,18127,-140056,-176862,19.895
er,740ecaa3ab5de237,128,180468,9935,236074,18134,-170533,-217940,24.965
er,95e22a004bbd2941,128,21054,9204,26925,16700,-11850,-10225,11.213
er,d65444bb49051879,128,187878,10027,244763,18359,-177851,-226404,23.703
er,343f23e13ec112d2,128,151021,9992,195757,18279,-141029,-177478,21.881
er,198689b97fc52b06,128,189336,9832,246981,17992,-179504,-228989,23.698
er,fbaeba9d9ab146dc,128,21982,9713,28198,17594,-12269,-10604,11.744
er,60c00647ce0fa30f,128,162419,9950,211443,18236,-152469,-193207,21.107
er,399c5f75ffb7ac67,128,94868,9915,122587,18145,-84953,-104442,15.767
er,2f2e60679b814447,128,20776,9445,26629,17172,-11331,-9457,11.326
er,6d0d3270a92872c3,128,191748,9896,250071,18112,-181852,-231959,23.615
er,41a98a7b761e00dd,128,96646,9897,125068,18106,-86749,-106962,17.049
er,eb5a199dbd358d29,128,180781,9952,235453,18258,-170829,-217195,23.071
er,0f628175a87fb33e,128,170275,9893,222483,18106,-160382,-204377,23.963
er,7ffff5cd7cc3e6ed,128,111166,9914,143924,18155,-101252,-125769,17.529
er,e5ebce0d3d094e52,128,140783,9884,183514,18076,-130899,-165438,22.484
er,47cd31bd7f81fc64,128,171743,9934,223224,18195,-161809,-205029,21.523
er,94403f2d998b6125,128,189063,9957,246707,18194,-179106,-228513,26.883
er,3165d4f99920eb23,128,109228,9923,141194,18190,-99305,-123004,17.086
er,21fe202fc558cb43,128,150976,9956,195803,18251,-141020,-177552,21.191
er,23686f1dba7b1342,128,96735,9573,126946,17482,-87162,-109464,15.131
er,37bcbf88abc9c162,128,97463,9734,127965,17769,-87729,-110196,19.283
er,7b43433c0845bdcb,128,175461,9963,227790,18261,-165498,-209529,22.532
er,9cee01d9351621f7,128,101303,9724,132643,17722,-91579,-114921,20.045
er,550f3365528e04cd,128,186847,9899,243765,18111,-176948,-225654,24.709
er,a9d8b457071273d6,128,60816,9814,78408,17945,-51002,-60463,13.827
er,ece8b803f952bef7,128,152168,9998,197547,18288,-142170,-179259,20.155
er,bc6f608fe53bfcf6,128,112374,9793,145330,17980,-102581,-127350,17.575
er,7e86077516c78cfd,128,111229,9812,144260,17988,-101417,-126272,16.982
er,c6a75f256d5ff173,128,140310,9792,183512,17860,-130518,-165652,22.03
er,e55bab1bb65e013c,128,180306,9891,234380,18093,-170415,-216287,22.427
er,af685a2170fe2ec8,128,180406,9956,235855,18196,-170450,-217659,23.321
er,9c0cc7f129cbde06,128,124274,9946,161122,18225,-114328,-142897,18.28
er,5f150661ca9c802c,128,164321,9890,213229,18116,-154431,-195113,21.565
er,fbfb1da44c2a5a5b,128,176668,9789,230560,17926,-166879,-212634,23.933
er,a4e1b1278f55818e,128,166831,10015,216349,18321,-156816,-198028,21.009
er,dc30fd38f0f32967,128,62274,9884,80389,18076,-52390,-62313,14.404
er,7a33e9903dff3640,128,88502,9797,116437,17858,-78705,-98579,28.54
er,496959a25f8f2aaf,128,139178,9875,180491,18123,-129303,-162368,19.482
er,2bb3f6ad2689f218,128,171799,9977,223762,18283,-161822,-205479,23.29
er,af63799a96af7304,128,138760,9852,181398,18027,-128908,-163371,22.109
er,7546584aa52f9c6b,128,43292,9701,55622,17724,-33591,-37898,12.946
er,5e5f347528cc8781,128,77742,9940,100368,18174,-67802,-82194,14.516
er,e63bacae58dba634,128,61460,9825,79143,17913,-51635,-61230,13.915
er,ae0eab7d7faab764,128,95588,9897,123371,18078,-85691,-105293,16.556
er,e68381fe7bbe6c50,128,181676,9971,236976,18224,-171705,-218752,22.941
er,5ca832f28f4def70,128,60058,9490,79002,17194,-50568,-61808,17.068
er,3f2509aff0193508,128,175814,9909,228595,18172,-165905,-210423,22.598
er,8b5ff393be703460,128,78830,9881,101588,18086,-68949,-83502,15.176
er,7074b4ebdcde000f,128,174921,9959,227484,18226,-164962,-209258,22.944
er,6991b8ab6459fb8f,128,172709,9977,224488,18290,-162732,-206198,21.404
er,c22c11262a39c115,128,162610,9937,211307,18187,-152673,-193120,21.12
er,4bc1ca353e21bd11,128,147562,9827,192766,17943,-137735,-174823,17.95
er,fef98137a35b369f,128,123970,9981,160884,18232,-113989,-142652,18.531
er,c2dc8f57ff8ba68d,128,123240,9927,159681,18200,-113313,-141481,17.521
er,dd09f309c2810d77,128,182119,10029,237222,18371,-172090,-218851,21.893
er,6d3a93fc25fc2979,128,176179,9857,230071,18019,-166322,-212052,24.263
er,94158a3d6b69fbeb,128,184806,9933,241011,18166,-174873,-222845,23.264
er,af1b49e3e7ac7128,128,162598,9833,212136,17953,-152765,-194183,23.151
er,f453bdfa582b8224,128,178180,9784,232259,17916,-168396,-214343,23.349
er,2e789c858e25b9d9,128,22292,9249,28524,16794,-13043,-11730,11.17
er,30437a81289580fd,128,146449,9842,191844,17964,-136607,-173880,22.568
er,6bbc66bb493b626c,128,184987,9853,241117,18038,-175134,-223079,24.345
er,5cb7ac0bc2d16531,128,184466,9852,240059,18029,-174614,-222030,22.467
er,36db68b149d65f5f,128,173748,9924,226095,18179,-163824,-207916,21.909
er,666d1904e3a3caaa,128,172991,9799,226067,17904,-163192,-208163,23.66
er,40c7f974d39b13c3,128,141907,9913,184217,18154,-131994,-166063,18.87
er,c6cdc59e6d52f980,128,185836,9921,242295,18186,-175915,-224109,23.865
er,6262a99778664535,128,61338,9846,79000,17974,-51492,-61026,13.784
er,4b86c74c0c165829,128,43252,9636,55665,17543,-33616,-38122,12.884
er,495bde0a6d6a57fc,128,61328,9879,79137,18062,-51449,-61075,14.217
er,438332a246a37567,128,180194,9927,234055,18172,-170267,-215883,22.856
er,e8ad90b56505bfd8,128,190493,9909,248082,18120,-180584,-229962,24.064
er,a2b122a7d072fef6,128,22644,9525,29062,17307,-13119,-11755,11.509
er,a82b1595b5706b4b,128,78340,9765,101280,17845,-68575,-83435,14.783
er,426b3d14b9c859b5,128,96100,9831,124485,17989,-86269,-106496,16.779
er,1b34f20802d9f529,128,139692,9860,181316,18063,-129832,-163253,19.465
er,5d7122aa7d386650,128,24060,9384,30896,17038,-14676,-13858,11.603
er,1456d8918b05b756,128,61998,9925,79665,18164,-52073,-61501,14.125
er,85408bb73d014827,128,126140,9822,163459,18014,-116318,-145445,18.463
er,8c677bab61f48516,128,183512,9895,239119,18090,-173617,-221029,23.475
er,5df432925daccff1,128,109484,9958,141925,18225,-99526,-123700,16.995
er,aa7d5cb89865ee1d,128,166573,9996,216511,18290,-156577,-198221,21.646
er,a7b8455ba6803c3e,128,77430,9904,99650,18121,-67526,-81529,14.332
er,585fc67515b4fba3,128,162237,9935,211018,18206,-152302,-192812,22.047
er,67f5fffdc6b55ab7,128,187508,9851,243782,18054,-177657,-225728,23.989
er,891939920626271a,128,127886,9928,165993,18178,-117958,-147815,18.243
er,696840aab2242f1c,128,95198,9903,123183,18126,-85295,-105057,17.631
er,d94948f5b361b4cf,128,172636,9934,224503,18165,-162702,-206338,22.22
er,1a4cc28c13835b53,128,123190,10030,159837,18342,-113160,-141495,18.46
er,12c38ecb15a4e704,128,185042,9964,241121,18216,-175078,-222905,23.052
er,bb542b5299ecb652,128,98632,9637,129548,17584,-88995,-111964,15.819
er,4db4bf8976ec8668,128,106440,9931,137822,18177,-96509,-119645,17.152
er,6d855d8de7162ced,128,149046,9982,193805,18283,-139064,-175522,19.768
er,1a8dfec6f960de2d,128,191987,9832,249941,18023,-182155,-231918,24.005
er,251d0397c001d8fb,128,94374,10004,121757,18301,-84370,-103456,16.887
er,0103596070699d56,128,164375,9954,213652,18247,-154421,-195405,22.057
er,00aabc085eae875f,128,173310,9953,225395,18215,-163357,-207180,22.73
er,ee4b531a81c2188c,128,191146,9937,249826,18198,-181209,-231628,25.118
er,78702dc45ff158f5,128,159539,9882,207483,18111,-149657,-189372,21.106
er,83e525ce8484bd5c,128,183945,9916,238574,18156,-174029,-220418,23.598
er,4bbb440f72058bd4,128,172290,9938,224559,18203,-162352,-206356,22.064
er,9c1527e3c1b2ae58,128,150170,9823,196426,17939,-140347,-178487,19.495
er,70aabbff5e03f663,128,94742,9932,122285,18179,-84810,-104106,16.771
er,22eb710e1f7e97b2,128,60158,9759,77646,17849,-50399,-59797,14.104
er,947973d8388cd295,128,185830,9899,241711,18105,-175931,-223606,23.12
er,1f026e2f9dcd8a7b,128,99570,9705,130680,17714,-89865,-112966,19.221
er,771ff07d7588da5f,128,79840,9830,103149,17966,-70010,-85183,15.121
er,fffdc1239c51672d,128,56712,9251,74847,16814,-47461,-58033,16.83
er,ef9a14483901699b,128,181152,10017,236004,18349,-171135,-217655,22.104
er,c56a6f70b5003c6f,128,21484,9330,27509,16881,-12154,-10628,11.8
er,fef2f5ae9e24ca8f,128,129848,9919,168440,18142,-119929,-150298,18.137
er,f0cc12fad559a238,128,53328,9549,70470,17331,-43779,-53139,17.346
er,91e3dd97f1559997,128,94462,9896,121888,18086,-84566,-103802,16.671
er,760d2b1dd4f87ccd,128,77434,9910,100015,18134,-67524,-81881,14.573
er,57aa5905f1fd5102,128,58701,9362,77551,16921,-49339,-60630,13.631
er,da6c7f3dad96ab43,128,59365,9259,78407,16765,-50106,-61642,17.859
er,d46275dbfbdb5e9d,128,151199,9793,197368,17954,-141406,-179414,22.33
er,8f3861ff912dd825,128,186173,9911,242132,18131,-176262,-224001,22.931
er,7b2794b80a54a1df,128,41802,9722,53864,17712,-32080,-36152,12.902
er,e185cb780a58a932,128,20806,9558,26731,17414,-11248,-9317,11.389
er,103a32c6e5878ee4,128,109564,9912,141751,18162,-99652,-123589,17.643
er,a9761978f0c3b01c,128,21826,9417,27927,17058,-12409,-10869,11.129
er,41402c70a09a2d9c,128,181314,9968,236625,18231,-171346,-218394,24.16
er,17b58a3b83dd7b40,128,164790,9962,214255,18258,-154828,-195997,20.841
er,70a56710750a42ae,128,80640,9864,104113,18075,-70776,-86038,15.022
er,ea4c550581012519,128,123598,9935,160196,18201,-113663,-141995,17.857
er,2839ec545fa97e54,128,188705,9859,245473,18064,-178846,-227409,23.119
er,2730ad04cba7e1c3,128,21514,9448,27665,17091,-12066,-10574,11.371
er,0fd78278a3822e19,128,112472,9861,145742,18055,-102611,-127687,17.153
er,50eea31552a8ca43,128,181327,9870,236986,18097,-171457,-218889,24.257
er,951b395e89bc03d8,128,139258,9948,180711,18197,-129310,-162514,19.458
er,9becb306a81a8105,128,179376,9877,232912,18094,-169499,-214818,22.237
er,79f2794637fe9efa,128,184681,9881,240549,18092,-174800,-222457,24.831
er,b0a996c89b356284,128,185289,9888,241253,18096,-175401,-223157,24.073
er,63b297315aa925c0,128,123455,9890,160252,18081,-113565,-142171,18.561
er,d5798eda4ba434ce,128,57256,9822,73772,17907,-47434,-55865,13.559
er,a5da5deadde386fc,128,79448,9929,102666,18132,-69519,-84534,15.023
er,1c2d3234ae50cd87,128,23960,9481,30765,17196,-14479,-13569,11.553
er,fcef1454eeb6ff06,128,95794,9884,123902,18089,-85910,-105813,16.593
er,3fed3a39e6b133d6,128,60964,9790,78772,17897,-51174,-60875,13.883
er,93d0401ad97e269d,128,162076,9921,210804,18167,-152155,-192637,21.183
er,06b9d2606ea8f2f6,128,59305,9422,78130,17046,-49883,-61084,16.508
er,84473e9e9bab1b2d,128,188596,9871,246348,18040,-178725,-228308,23.941
er,39fbbce47c09bb21,128,173758,9939,226592,18179,-163819,-208413,23.47
er,475b14e01303fa72,128,43542,9658,56004,17637,-33884,-38367,13.466
er,309296da80bd6729,128,110340,9845,143095,18031,-100495,-125064,17.641
er,9eb118750354fb96,128,41766,9665,53581,17565,-32101,-36016,12.14
er,d17c4ef83602e12f,128,80018,9870,103176,18019,-70148,-85157,14.857
er,8220a1eb95e766dd,128,59316,9912,76500,18109,-49404,-58391,13.959
er,396638945d71d977,128,179745,9934,234461,18149,-169811,-216312,23.592
er,9016ac1fe32b7e3a,128,55751,9351,73628,16980,-46400,-56648,16.592
er,168cd1c7dc03762f,128,152734,9892,198676,18119,-142842,-180557,19.977
er,8151f14cb350b635,128,152430,9936,197668,18170,-142494,-179498,21.243
er,37742289cf3b44a3,128,79538,9814,102636,17952,-69724,-84684,14.402
er,ef35eaa34d59e870,128,94600,9893,122159,18131,-84707,-104028,16.245
er,44764c0af18f8618,128,59880,9751,77271,17786,-50129,-59485,13.951
er,bcccaad2d7bff089,128,61275,9482,81062,17126,-51793,-63936,16.998
er,6b420abe498ee703,128,186037,9887,242597,18105,-176150,-224492,23.933
er,6d2f85dc857dad2c,128,182825,9876,238435,18042,-172949,-220393,24.295
er,664686b8df603ca8,128,125094,9916,162380,18157,-115178,-144223,18.084
er,a3d174e92227c681,128,141407,9788,184928,17872,-131619,-167056,21.723
er,e9e0d235e48346b3,128,168274,9781,219678,17901,-158493,-201777,23.763
er,aab938ea636597a9,128,110038,9939,142695,18199,-100099,-124496,17.307
er,595a7eb51bad45c8,128,59256,9577,76195,17536,-49679,-58659,13.861
er,e4c0a62ebb1a49cd,128,94356,9882,121951,18098,-84474,-103853,16.844
er,818f3d3ea7cc0fc8,128,60154,9678,79543,17524,-50476,-62019,17.301
er,270f4c357685e749,128,171322,9875,223755,18092,-161447,-205663,23.393
er,8e2b99a385152e1f,128,182057,9976,237740,18247,-172081,-219493,25.595
er,952395872643b758,128,190735,9961,248476,18251,-180774,-230225,24.782
er,339412f64f816977,128,136784,9976,177758,18269,-126808,-159489,19.549
er,3d261f6d91bcbbe8,128,97876,9941,126569,18203,-87935,-108366,16.767
er,77937451fc11791a,128,110874,9868,143613,18055,-101006,-125558,16.871
er,d597c4a41dc4edf4,128,127530,9899,165524,18138,-117631,-147386,18.467
er,96c14dd86adbd162,128,185404,9946,241930,18205,-175458,-223725,23.905
er,131114336efae543,128,193042,9834,251483,18012,-183208,-233471,24.086
er,add682d038016730,128,186537,9982,243370,18253,-176555,-225117,24.432
er,4aaa8cb9f7f5369a,128,189451,9931,246625,18189,-179520,-228436,24.127
er,ea85b3b4a2f69e71,128,139472,9969,180811,18257,-129503,-162554,19.915
er,4a32d3b139c956b0,128,126372,10009,163710,18315,-116363,-145395,19.638
er,082be048f408b3e1,128,112358,9871,145582,18093,-102487,-127489,17.131
er,40eed7060885998b,128,91287,9749,119906,17739,-81538,-102167,29.323
er,f6c383bf3930fe13,128,140953,9945,182792,18236,-131008,-164556,20.398
er,53ea3dd2bb8c524c,128,60190,9918,77540,18129,-50272,-59411,13.878
er,20c5376d9b0c7a0a,128,61816,9734,79694,17779,-52082,-61915,13.895
er,f39ddd81ce26c1be,128,174355,9819,227654,18004,-164536,-209650,23.604
er,49707533c6f3d5ae,128,182482,9988,237357,18278,-172494,-219079,23.231
er,6b315bfcee687953,128,152742,9931,198167,18155,-142811,-180012,20.403
er,dc5dc7118362a9ad,128,181461,9983,235931,18270,-171478,-217661,22.322
er,7eba8924d49559ef,128,110706,9878,143203,18080,-100828,-125123,17.338
er,3664496d0bf22739,128,137849,9932,178798,18188,-127917,-160610,19.552
er,554a852d58ef10fc,128,61170,9740,78831,17818,-51430,-61013,14.461
er,a2278aba82fa9ae1,128,183097,9889,238049,18124,-173208,-219925,23.022
er,995748b327854646,128,97409,9744,127676,17764,-87665,-109912,15.571
er,e5b002ef213345d5,128,142161,9720,186104,17751,-132441,-168353,17.453
er,a0597a682e603470,128,182328,9964,237216,18218,-172364,-218998,22.748
er,819cdc414365e0c9,128,176077,9943,228852,18207,-166134,-210645,22.47
er,67345a1344753490,128,161916,9901,210983,18088,-152015,-192895,20.491
er,fac8b2864de49fee,128,166826,9894,218360,18115,-156932,-200245,23.012
er,64875eb8d005e4ce,128,59937,9269,79095,16779,-50668,-62316,18.31
er,02b5b62ec30531a0,128,182917,9846,238238,18072,-173071,-220166,24.386
er,82721c36a23e2f46,128,170909,9951,222319,18232,-160958,-204087,22.049
er,052595b77ee71e3f,128,178048,9849,231981,18017,-168199,-213964,21.923
er,f7af88c7378f5eff,128,139018,9995,180783,18285,-129023,-162498,19.232
er,16252d766329f548,128,107852,9892,139777,18104,-97960,-121673,17.249
er,5b53f2e88ff1e3fd,128,171799,9956,223494,18214,-161843,-205280,23.181
er,373afe714de09afd,128,40808,9823,52496,17902,-30985,-34594,12.73
er,0a75704d2bd48273,128,22876,9545,29321,17301,-13331,-12020,11.08
er,2ae9b39d896b8e09,128,174225,9922,226034,18173,-164303,-207861,22.304
er,4d4632db0345dd9d,128,40540,9677,52255,17704,-30863,-34551,12.891
er,8ac22f24bbdca629,128,55013,9361,72699,17001,-45652,-55698,17.397
er,ea70da409e2d22cd,128,149810,9990,194281,18286,-139820,-175995,20.687
er,d24233f0d93ab421,128,182425,9869,237648,18082,-172556,-219566,23.54
er,2178517ca6b74979,128,166949,9894,217314,18091,-157055,-199223,23.672
er,5fa6ec6515acd55f,128,59192,9593,78230,17444,-49599,-60786,16.804
er,8727e01d45b1bffd,128,62758,9740,80741,17807,-53018,-62934,13.663
er,a30ae06546c3a870,128,22146,9336,28502,16941,-12810,-11561,11.473
er,662848964f3d85bc,128,96422,9746,126276,17780,-86676,-108496,23.146
er,395fa11a332428b4,128,75152,9849,96892,18011,-65303,-78881,14.585
er,e968aeb825e6f2bd,128,188076,9831,245386,18020,-178245,-227366,24.047
er,e399adca6ac5e126,128,187808,9894,244381,18099,-177914,-226282,23.343
er,7c169d4b2740dc21,128,80406,9870,103776,18053,-70536,-85723,14.858
er,cf8978f1bc9a95d4,128,59232,9658,76559,17677,-49574,-58882,13.939
er,2bcbf6668136ba51,128,146578,9861,191946,17998,-136717,-173948,22.364
er,8460d59d0cc66c84,128,163739,9888,213007,18112,-153851,-194895,21.435
er,be562874385d6412,128,43716,9758,56222,17843,-33958,-38379,13.234
er,83b1b4c283a84a36,128,189298,9897,246864,18132,-179401,-228732,24.73
er,a9e431bd1b7ddc11,128,182380,9833,237711,18021,-172547,-219690,22.639
er,24113c25c02ddf6f,128,74880,9819,96512,17985,-65061,-78527,14.856
er,524c1bc6a0836291,128,109364,9793,143071,17845,-99571,-125226,16.136
er,5ff807db7884d395,128,89286,9810,117132,17899,-79476,-99233,28.187
er,4fbed863aca0d981,128,94151,9758,123763,17791,-84393,-105972,29.702
er,025ca087549f2139,128,192016,9912,250456,18140,-182104,-232316,24.234
er,37d0ef701b4fd529,128,148533,9898,194081,18099,-138635,-175982,22.478
er,cbbbd31914bcbfb5,128,41080,9562,52846,17481,-31518,-35365,13.074
er,4f7606e731da2ae8,128,182811,9887,238134,18120,-172924,-220014,24.331
er,7ea5df740d70c9a1,128,150938,9971,196062,18244,-140967,-177818,19.886
er,2e5a8170f9b35c37,128,139798,9738,182854,17810,-130060,-165044,21.895
er,e005919fcbbbf1f9,128,191785,9879,249981,18087,-181906,-231894,24.279
er,d52201368209ed77,128,137668,9887,178805,18090,-127781,-160715,19.977
er,8f234ded3231056f,128,91094,9965,117967,18238,-81129,-99729,16.437
er,ed53706d3774d62b,128,175896,9914,228295,18165,-165982,-210130,22.23
er,314154d278f7951b,128,22322,9457,28682,17089,-12865,-11593,11.215
er,fe980b4d3ff597b4,128,188788,9938,246177,18168,-178850,-228009,23.855
er,eb45486464aa39b4,128,182711,9972,238082,18252,-172739,-219830,23.573
er,dc227cd7c778a051,128,186153,9962,242193,18257,-176191,-223936,23.234
er,af94ef09c0dc2b8f,128,160714,9975,209315,18258,-150739,-191057,21.08
er,362a2be260d7f797,128,185652,9866,241757,18062,-175786,-223695,24.166
er,d2372df903b103bd,128,140696,9898,182496,18111,-130798,-164385,20.309
er,7630226f7068e7aa,128,42692,9650,54916,17611,-33042,-37305,12.821
er,36709cec17c567b7,128,97364,9624,127580,17563,-87740,-110017,15.916
er,0d16697764d473d7,128,188569,9961,246160,18206,-178608,-227954,24.736
er,db0a47ce6d126e6d,128,188544,9912,245594,18144,-178632,-227450,24.356
er,45340007714fb296,128,125204,9932,162312,18168,-115272,-144144,18.187
er,582a4cdb0f4a7cc4,128,183611,9929,239065,18178,-173682,-220887,23.733
er,6e408bd15d0d5518,128,184047,9966,239371,18233,-174081,-221138,22.291
er,1b1b0449a06f1c90,128,99148,9591,129669,17482,-89557,-112187,31.477
er,9ede742e6cef8dcd,128,109636,9947,141874,18225,-99689,-123649,17.408
er,2806ae13c3a476c2,128,186275,9877,242770,18075,-176398,-224695,24.437
er,8cb61d9df25a7283,128,124408,9916,161178,18166,-114492,-143012,17.912
er,cc0518b643eca9bc,128,93452,9933,121074,18194,-83519,-102880,16.536
er,75d1269fc0518c5c,128,161555,9968,209935,18220,-151587,-191715,22.065
er,2e2cd305e6fecd43,128,186492,9926,242815,18177,-176566,-224638,23.058
er,04c1efd8cac858c1,128,177043,9951,230567,18232,-167092,-212335,22.362
er,f0b83da9ca251389,128,76708,9899,98896,18096,-66809,-80800,14.64
er,36dcb612b2fb367e,128,178198,9883,232500,18084,-168315,-214416,24.584
er,4c5dbc252849c05a,128,77054,9885,99489,18081,-67169,-81408,15.855
er,c2bcfa880578b17a,128,191337,9900,249234,18125,-181437,-231109,23.968
er,f314c7dd6ec282ce,128,186989,9881,244185,18075,-177108,-226110,23.407
er,ffbb9043ced43a34,128,138548,10035,180070,18350,-128513,-161720,19.374
er,b918715c6bc67a02,128,172020,9995,223937,18308,-162025,-205629,22.509
er,70a666cdceaf1e04,128,152569,9908,198519,18150,-142661,-180369,20.573
er,570ce2f63fe1f149,128,155096,9930,201408,18174,-145166,-183234,20.945
er,c398afeaca5bc65b,128,41852,9719,53838,17728,-32133,-36110,12.801
er,277921f1e5eb3fbc,128,172877,9972,224681,18246,-162905,-206435,21.912
er,cf2c1469502531ab,128,186043,9891,242630,18124,-176152,-224506,24.37
er,2ce64298094abad0,128,106644,9675,139564,17676,-96969,-121888,15.909
er,c6d5658c806e667f,128,184418,9811,240975,17960,-174607,-223015,23.64
er,e3ba32edb433339b,128,188904,9915,246288,18161,-178989,-228127,23.853
er,2388c4de16457288,128,181219,9837,237077,18048,-171382,-219029,24.121
er,0a98a86e677f9983,128,42976,9714,55275,17748,-33262,-37527,12.781
er,14206dcadeec2405,128,57237,9369,75698,16962,-47868,-58736,17.822
er,189584bf8977cb8d,128,95632,9930,123657,18166,-85702,-105491,16.121
er,97e643221620cd2b,128,61688,9345,81500,17050,-52343,-64450,17.28
er,a96ba408f73bfc84,128,96384,9875,124640,18028,-86509,-106612,16.372
er,97843d5bc5cfed38,128,172481,9915,224849,18146,-162566,-206703,22.073
er,6677d7f2bdb47214,128,194100,9889,253212,18118,-184211,-235094,24.693
er,fdbfbda924a0f37d,128,182557,9793,238087,17923,-172764,-220164,23.582
er,7476fe9040955213,128,126588,9956,163934,18238,-116632,-145696,18.483
er,2ff2203f15a33055,128,79902,9834,103005,18004,-70068,-85001,15.601
er,5ee12bb7b5d52c7c,128,93490,9844,120641,18050,-83646,-102591,16.454
er,4fc3b104ea5a83e0,128,186114,9864,242768,18031,-176250,-224737,24.159
er,0f36617af92533a3,128,187438,9868,244033,18077,-177570,-225956,23.547
er,310cfa206e607167,128,175958,9877,229662,18080,-166081,-211582,23.356
er,e27305605575be17,128,106902,9925,138348,18152,-96977,-120196,16.963
er,c7b054659e255c37,128,94904,9987,122545,18247,-84917,-104298,17.237
er,a177f6cda8c55af4,128,98470,9744,128972,17799,-88726,-111173,20.201
er,c25687dbc4a75ff9,128,97142,9969,125547,18243,-87173,-107304,17.22
er,6e656abe40b8c747,128,111372,9983,144467,18254,-101389,-126213,16.91
er,c1af07be2158a945,128,42202,9615,54164,17559,-32587,-36605,12.666
er,c4d4a2d32ff3c529,128,191025,9983,249162,18259,-181042,-230903,25.687
er,b8897e871f671ab3,128,115054,9816,148741,17969,-105238,-130772,17.595
er,1986bb728969d89f,128,184631,9903,240729,18122,-174728,-222607,23.455
er,dcf66cf568ad4b30,128,162620,9895,211264,18117,-152725,-193147,21.527
er,6692b0813fec8c3c,128,173039,9837,224976,18041,-163202,-206935,22.364
er,b24394b0d6f4f81e,128,123734,9833,160188,18043,-113901,-142145,18.254
er,5a9810864f3c371d,128,39850,9690,51198,17696,-30160,-33502,12.775
er,4e2665545d2fed58,128,59312,9823,76368,17996,-49489,-58372,14.307
er,ffe04fa98466faff,128,92442,9868,119416,18039,-82574,-101377,16.519
er,3b1250819b247e41,128,57801,9607,76375,17455,-48194,-58920,17.901
er,1cea2f031aed3824,128,180600,9852,235906,18018,-170748,-217888,22.969
er,b8f3fb11fd1a8f4c,128,139420,9938,180633,18178,-129482,-162455,18.478
er,cb62ca33f038d1f6,128,94506,9963,121981,18240,-84543,-103741,17.329
er,44c5542eaa522d92,128,109554,9867,141618,18094,-99687,-123524,17.234
er,508b1292d5232610,128,152964,9881,198538,18113,-143083,-180425,20.634
er,a0fb32b3b5949690,128,41686,9704,53560,17704,-31982,-35856,13.146
er,359747b9869a9d79,128,124000,9935,160617,18196,-114065,-142421,18.905
er,90c8cb43818d54df,128,77372,9903,99880,18132,-67469,-81748,15.124
er,e0546fc80768147f,128,165255,9917,215836,18116,-155338,-197720,23.487
er,3d1d1273112a3ce2,128,140613,9667,183925,17682,-130946,-166243,21.787
er,134207dbf6db51cc,128,41440,9795,53178,17855,-31645,-35323,12.772
er,32640a10abe12e98,128,43024,9695,55243,17662,-33329,-37581,13.087
er,e8918caec92225f7,128,139514,9920,181294,18157,-129594,-163137,18.447
er,68c62986a9af2192,128,22200,9384,28424,16991,-12816,-11433,11.243
er,8b97c000d02ac490,128,165371,9974,214770,18265,-155397,-196505,21.281
er,7ce1854b6ae84c51,128,172649,9919,225451,18129,-162730,-207322,23.58
er,87ee24caf31b807c,128,185713,9857,242169,18073,-175856,-224096,23.872
er,70a0621794bd3a2b,128,146855,9743,192070,17835,-137112,-174235,22.159
er,80a3ed15c0c93a23,128,59007,9576,77743,17383,-49431,-60360,17.457
er,619b5da4b6225a18,128,21770,9476,27939,17210,-12294,-10729,11.81
er,2477dcaf9d81aecf,128,187283,9942,244073,18212,-177341,-225861,24.377
er,49d0ab91a0669d99,128,58702,9759,75573,17853,-48943,-57720,13.782
er,8257b8e30dd11394,128,162770,9978,211674,18255,-152792,-193419,20.935
er,6072f62f4ffe2d98,128,110886,9921,143239,18136,-100965,-125103,16.777
er,ef6b4e9dc7f71370,128,89838,9941,116182,18193,-79897,-97989,16.817
er,3fc5183dec57a95c,128,75788,9800,97934,17950,-65988,-79984,14.6
er,734751549ce12f14,128,94968,9743,124616,17768,-85225,-106848,19.54
er,65f65bb3e070f52a,128,137147,9851,179049,18002,-127296,-161047,21.382
er,9a8a20e42a70846d,128,125416,9880,162579,18082,-115536,-144497,18.891
er,c9394a2a83a46d1c,128,62483,9427,82517,17163,-53056,-65354,17.328
er,1007fd20573e7771,128,163488,9911,212879,18125,-153577,-194754,21.483
er,b130f52d8fbc878e,128,186962,9899,244107,18116,-177063,-225991,23.91
er,783f1fc8e2a04dca,128,183775,9728,239902,17822,-174047,-222080,24.097
er,2a233999e3e5d04d,128,95380,9922,123415,18145,-85458,-105270,16.888
er,0af433ea7326afc1,128,137128,9935,178018,18193,-127193,-159825,19.14
er,7b40012f8d8742e1,128,112866,9870,146061,18074,-102996,-127987,16.954
er,56a8802f09b2b26f,128,172228,9961,224336,18261,-162267,-206075,22.037
er,3770a29f8d61201f,128,58374,9381,76904,16979,-48993,-59925,18.63
er,9d955ad6f66780d1,128,147144,9801,192496,17918,-137343,-174578,18.058
er,6ee0ec0aba2fa106,128,86971,9666,114145,17676,-77305,-96469,28.349
er,6b28f8fbf51a32ee,128,150212,9941,195192,18205,-140271,-176987,20.108
er,5192cf77aaad6d56,128,98457,9634,129224,17554,-88823,-111670,28.785
er,7dbedc351a1a5007,128,169835,9831,221827,17986,-160004,-203841,23.924
er,7962c39a6c353bf9,128,150330,9977,195408,18259,-140353,-177149,20.733
er,7db59d909ce431b6,128,149370,9921,193891,18189,-139449,-175702,20.905
er,a551ef48d49e6d79,128,73684,9789,95105,17922,-63895,-77183,14.79
er,66e4c5db81dc9a04,128,186531,9932,243205,18157,-176599,-225048,24.461
er,e0942df0bae5c63a,128,97614,9854,126002,18021,-87760,-107981,17.44
er,8bac4b644d392ff6,128,78898,9960,101789,18160,-68938,-83629,15.088
er,c5a71e07bf492840,128,76762,9875,99196,18070,-66887,-81126,14.756
er,18200c9564f0a73c,128,114178,9859,147744,18066,-104319,-129678,17.4
er,0555cfeb9cc3396e,128,190123,9933,247594,18170,-180190,-229424,23.671
er,11a7c6fffb7227fd,128,140604,9966,182060,18243,-130638,-163817,19.68
er,556ebb2bb425d6ab,128,61742,9878,79420,18004,-51864,-61416,14.015
er,9253ac00d702c0d2,128,125558,9984,162649,18261,-115574,-144388,17.916
er,f881cd5f1a0fe70f,128,152994,10006,198774,18304,-142988,-180470,20.948
er,3e323200740444a1,128,172496,9961,224242,18233,-162535,-206009,21.675
er,4eb5c949a4387382,128,160527,9830,210172,17993,-150697,-192179,23.587
er,77bf9b46d6df3e86,128,169917,9815,221728,17939,-160102,-203789,23.105
er,658343b349b6169b,128,126870,9896,164307,18116,-116974,-146191,18.141
er,c44f9c78be89c32c,128,172943,9830,225621,17966,-163113,-207655,23.714
er,af9ebb3fa8d39a43,128,84488,9703,110818,17659,-74785,-93159,29.064
er,6b2f97559870fdf3,128,137400,9654,179826,17640,-127746,-162186,21.39
er,2f67f504f25f4f09,128,85582,9653,112517,17601,-75929,-94916,27.788
er,73f3266b19fc3c01,128,125319,9897,162449,18120,-115422,-144329,18.93
er,9af7885bb76d18e3,128,188065,9910,245629,18131,-178155,-227498,23.738
er,742a3d6b7eaeaf66,128,60014,9815,77402,17996,-50199,-59406,14.136
er,20b1797219244b24,128,162756,9911,211105,18157,-152845,-192948,21.122
er,73d483ef701468b5,128,151038,9910,196081,18139,-141128,-177942,20.808
er,9a35e9039cacf48e,128,182804,9848,238596,18012,-172956,-220584,23.695
er,eeef7d55444c529a,128,60496,9832,77665,17955,-50664,-59710,13.907
er,91634c3deb068a92,128,59583,9379,78456,16999,-50204,-61457,18.109
er,b61c36e87841af64,128,172466,9803,225625,17955,-162663,-207670,23.787
er,691875d4e2d6f23c,128,172734,9902,224695,18142,-162832,-206553,22.156
er,4ed943d318a7090d,128,125640,9910,163116,18147,-115730,-144969,18.055
er,59d86b8fb67d0a19,128,122840,9848,159325,18062,-112992,-141263,17.791
er,45cdc1c5b843c23d,128,185796,9927,242295,18219,-175869,-224076,24.262
er,f5b52f936139c38f,128,172516,9864,224750,18044,-162652,-206706,21.57
er,64f878221e740f0f,128,22242,9390,28596,17008,-12852,-11588,11.44
er,a3b5cab9e78b9d64,128,167133,9923,218314,18159,-157210,-200155,23.835
er,0c52421aedd9648f,128,94129,9694,123477,17720,-84435,-105757,15.631
er,a3992ff0badde367,128,92796,9882,120286,18089,-82914,-102197,15.322
er,ee91b304bbab7587,128,189228,9922,247157,18120,-179306,-229037,24.267
er,f2efbc2c5b9d5ef7,128,40820,9733,52449,17780,-31087,-34669,12.191
er,c687260363ddf525,128,21658,9288,27820,16868,-12370,-10952,11.642
er,6f3a58d808f08dcd,128,110692,9820,143261,17959,-100872,-125302,16.935
er,f688b9e3996d0d9f,128,77740,9965,100541,18193,-67775,-82348,14.968
er,c1ab4b128116ebe4,128,97201,9798,127399,17902,-87403,-109497,31.888
er,599b9f2166c9e2c7,128,113292,9942,146549,18175,-103350,-128374,17.772
er,39ec20d4e62c2762,128,60502,9596,77925,17559,-50906,-60366,14.695
er,16043fe922158f42,128,163464,9936,212247,18180,-153528,-194067,21.05
er,cb2d6dd7f033c510,128,183824,9805,239438,17996,-174019,-221442,24.09
er,ed51a6703be361aa,128,186732,9933,243501,18151,-176799,-225350,24.144
er,fdc02d1022fd8ad2,128,58482,9814,75322,17964,-48668,-57358,13.966
er,f44945af649ace53,128,21500,9222,27610,16746,-12278,-10864,11.121
er,791f5e1abb2e3719,128,41922,9779,53892,17790,-32143,-36102,13.413
er,c57c5d34ef322281,128,96318,9629,126475,17548,-86689,-108927,19.52
er,e67f3672c38ad7a2,128,58172,9191,76701,16627,-48981,-60074,18.51
er,bcddbddaa39fb759,128,187035,9807,243857,17950,-177228,-225907,25.071
er,14f94de2be60ea88,128,124488,9936,161446,18179,-114552,-143267,17.168
er,2b9ac8214896fd89,128,77760,9808,100325,17939,-67952,-82386,14.733
er,4315ba0541e00ffe,128,190124,9888,247769,18110,-180236,-229659,24.847
er,5a927ee1f24ff657,128,183089,9935,238510,18204,-173154,-220306,22.911
er,97ec9a2fb716ad93,128,108052,9914,139672,18111,-98138,-121561,17.408
er,eb109e1e0e244551,128,190504,9855,248123,18046,-180649,-230077,23.164
er,37b6eb3dbe475f21,128,109832,9848,142006,17997,-99984,-124009,17.458
er,6413ee79d7805bf7,128,176471,9886,230093,18096,-166585,-211997,24.976
er,4ef3fea63cfff98e,128,149056,9865,194540,18004,-139191,-176536,22.472
er,1e7559e3b09faff2,128,183433,9904,238717,18140,-173529,-220577,22.96
er,bea8b998f1558489,128,21776,9351,27959,16974,-12425,-10985,11.069
er,20df7873e4379882,128,41664,9700,53598,17641,-31964,-35957,12.634
er,9a96fabc0cf356c0,128,59994,9951,77377,18166,-50043,-59211,13.992
er,32cb91b605d8375f,128,161337,9960,210036,18259,-151377,-191777,21.226
er,5e70c538925b06c7,128,180422,9859,235459,18049,-170563,-217410,24.421
er,5b35db06f904861d,128,62914,9837,80864,17948,-53077,-62916,14.367
er,12f5f6dd025e0165,128,108232,9966,140179,18225,-98266,-121954,16.907
er,5f07215d322412af,128,183580,9953,239033,18225,-173627,-220808,22.531
er,758cf3f6a176dbf4,128,140728,10020,182461,18323,-130708,-164138,20.268
er,20bcff0df83b01df,128,142482,9873,186078,18018,-132609,-168060,22.031
er,973e9071b8eb7c78,128,166724,10030,216728,18370,-156694,-198358,21.652
er,ca597d128485d2e9,128,92470,9717,121281,17725,-82753,-103556,30.264
er,da87d1bd0dfd9e66,128,124632,9994,161656,18316,-114638,-143340,17.998
er,bde79665841f058d,128,184042,9914,239866,18140,-174128,-221726,25.194
er,a82850fd0cbcdb02,128,187396,9926,244297,18180,-177470,-226117,23.451
er,afcada0a6d3e4ed9,128,60254,9916,77440,18106,-50338,-59334,13.749
er,21619ae158d5cb7d,128,41488,9679,53572,17715,-31809,-35857,12.792
er,5c34369950c94624,128,189959,9981,247875,18289,-179978,-229586,24.488
er,ee4f2be34c489be8,128,161043,9900,209209,18118,-151143,-191091,20.722
er,0be75cb47b7aaf12,128,170536,9832,223038,18007,-160704,-205031,23.552
er,491d8bd1ac2bf8d5,128,94062,9826,123615,17915,-84236,-105700,28.978
er,bd58f47c1126514c,128,164104,9909,213395,18173,-154195,-195222,21.226
er,2da1fe22b63a9d91,128,189069,9850,246606,18042,-179219,-228564,23.539
er,ba4f32650e24c395,128,93650,9916,121010,18120,-83734,-102890,16.495
er,66d76a6e3d9f1a7b,128,153752,9961,199553,18240,-143791,-181313,20.524
er,aa18a6e365f25af6,128,54278,9460,71617,17127,-44818,-54490,16.884
er,6466971566f77429,128,135646,9991,176055,18267,-125655,-157788,19.855
er,5d4f16ba7f48dc98,128,22454,9508,28769,17249,-12946,-11520,11.477
er,958c489f2310a5eb,128,183351,9889,239001,18124,-173462,-220877,22.895
er,6b283f33de0e3f8b,128,124990,9916,162337,18148,-115074,-144189,18.282
er,a73b98f5f1d40670,128,187251,9980,243503,18261,-177271,-225242,24.19
er,d4f55f05b101d4ce,128,21218,9286,27228,16681,-11932,-10547,11.048
er,cfa63dfb0ec5aca5,128,180207,9891,235554,18098,-170316,-217456,23.206
er,8cc3594db442261d,128,168256,9911,219421,18130,-158345,-201291,23.285
er,504543a1068ae3f9,128,193142,9846,252124,18025,-183296,-234099,24.253
er,656b2f0b4a509902,128,172988,9976,224669,18281,-163012,-206388,21.657
er,de462907ad8f2e28,128,141068,9935,183140,18202,-131133,-164938,19.458
er,bc3d550724079e18,128,74252,9962,95908,18198,-64290,-77710,14.975
er,5322fe3d8284c264,128,137670,9913,178318,18171,-127757,-160147,18.973
er,39a8ee28f95fa0ee,128,56439,9608,74681,17482,-46831,-57199,13.742
er,c44d406686f88313,128,174190,10003,226808,18336,-164187,-208472,22.524
er,7be5af1a08290493,128,78614,9847,101539,18042,-68767,-83497,14.978
er,6e565d94bb66b103,128,180418,9953,235462,18202,-170465,-217260,26.483
er,38a241c44ecb89fe,128,112358,9979,145342,18261,-102379,-127081,17.101
er,f93b52a42e120eaa,128,88317,9636,116051,17566,-78681,-98485,27.884
er,593d09948fbc1c2c,128,175992,9900,229856,18120,-166092,-211736,23.441
er,ba00df4547c719cf,128,186549,9845,243036,17991,-176704,-225045,23.797
er,c69d47ad17e81669,128,20018,9456,25686,17120,-10562,-8566,11.066
er,e6c95eb3781d6329,128,187364,10013,243956,18328,-177351,-225628,24.62
er,4d6398e4da84ba7e,128,163120,9988,212191,18298,-153132,-193893,20.35
er,03108644219541f9,128,152364,9937,197864,18144,-142427,-179720,20.997
er,c4b183c896f8b309,128,174990,9879,228089,18105,-165111,-209984,22.295
er,d3be310064386b3d,128,148726,9782,194214,17864,-138944,-176350,21.796
er,289e560e8a4b55af,128,79196,9858,102005,18088,-69338,-83917,15.51
er,77dc7a785cde60be,128,142775,9730,187027,17766,-133045,-169261,22.194
er,4ef7581bb57fd5ef,128,161441,9887,209366,18131,-151554,-191235,21.291
er,d284539055faca83,128,161943,9871,210415,18083,-152072,-192332,21.388
er,f0034af45ce1bc4f,128,182250,10034,237841,18339,-172216,-219502,22.567
er,da15bc514ac39e5a,128,42312,9712,54419,17744,-32600,-36675,12.816
er,dd1bc741be12ca7f,128,178379,9839,232973,18017,-168540,-214956,23.732
er,bce2d569d4156659,128,23444,9440,30036,17131,-14004,-12905,11.61
er,f7cfb0337038204e,128,164707,10017,214010,18325,-154690,-195685,21.217
er,bc126195d790caf3,128,134450,9746,175921,17809,-124704,-158112,24.082
er,31b06b1577121594,128,166734,9948,216732,18217,-156786,-198515,21.467
er,6e6496d1e6e21589,128,154392,9918,200352,18169,-144474,-182183,20.705
er,8e4176352eb7cf38,128,63478,9830,81961,17974,-53648,-63987,14.479
er,529fc948e626fc92,128,39266,9789,50485,17857,-29477,-32628,12.93
er,884d28587bc06c59,128,114034,9955,147637,18224,-104079,-129413,18.238
er,44db6942608996ee,128,173463,9892,225991,18109,-163571,-207882,22.136
er,be110f53e17fb664,128,79532,9914,102496,18157,-69618,-84339,14.742
er,8a1a25dda8e4147e,128,94540,9920,121933,18166,-84620,-103767,16.551
er,8d35cbbecdbecf95,128,95466,9918,123521,18126,-85548,-105395,17.038
er,4ac7edb1d4477564,128,179493,9905,233678,18124,-169588,-215554,23.883
er,d1bdb09e62c1bda5,128,154929,9812,202542,17931,-145117,-184611,22.635
er,2296e26f8142e5e3,128,139531,9802,182096,17892,-129729,-164204,22.325
er,72515ae79339e69e,128,61328,9734,78964,17739,-51594,-61225,13.749
er,96b8cbc2eb9d56bf,128,55376,9566,73237,17372,-45810,-55865,13.596
er,35b61906c152f820,128,166586,9949,216954,18243,-156637,-198711,20.967
er,53270be8b85a856f,128,185147,10010,241394,18307,-175137,-223087,24.064
er,25445207d20cb7ed,128,125478,9970,162647,18276,-115508,-144371,18.097
er,93c633034aef1d1c,128,111416,9874,144347,18039,-101542,-126308,17.526
er,2d83e0b4882e4b6a,128,111850,9922,144620,18188,-101928,-126432,17.676
er,298b35cb05218d00,128,80136,9853,103181,17985,-70283,-85196,14.922
er,0fe38c29237765af,128,122124,9941,158671,18171,-112183,-140500,17.712
er,6ec419c3b5865dcc,128,149522,9911,194027,18176,-139611,-175851,20.223
er,b75ca7f71d988811,128,20878,9580,26723,17433,-11298,-9290,11.526
er,dae2885278a2998d,128,167036,9787,217905,17905,-157249,-200000,23.509
er,dd70cae61e7ea3c2,128,92670,9810,119857,17925,-82860,-101932,16.073
er,3d826faaa498d9cb,128,150520,9995,195278,18287,-140525,-176991,20.55
er,c8bae7c483b518f2,128,59898,9814,77319,17923,-50084,-59396,14.218
er,b00dc42299ef6b8b,128,182515,9941,238071,18218,-172574,-219853,23.978
er,2dfe0faad683d9cd,128,94997,9619,124753,17552,-85378,-107201,29.055
er,d1fb49ae0c14b761,128,112664,9927,145887,18161,-102737,-127726,18.095
er,b9e3247e0a2a5915,128,180404,10018,235385,18351,-170386,-217034,25.296
er,1deeea8bc94217be,128,147842,9836,193097,17983,-138006,-175114,18.223
er,6e640cd82a2265ed,128,92870,9972,120089,18259,-82898,-101830,16.363
er,1fd3da64d8db2da0,128,182855,9909,238354,18130,-172946,-220224,23.764
er,8c7b04b6c15f5869,128,60748,9844,78336,17981,-50904,-60355,14.233
er,0743ce2642f33d8c,128,185920,9911,242227,18178,-176009,-224049,23.537
er,54a298d67931a566,128,94422,9899,121929,18088,-84523,-103841,17.061
er,d8e5d8a02b0a0d6d,128,60348,9730,77695,17772,-50618,-59923,13.452
er,e9982c051b5339c6,128,181440,9811,236954,17966,-171629,-218988,24.021
er,c09a14d5afcfd0d3,128,59200,9796,76217,17895,-49404,-58322,13.893
er,10548f25adc12fda,128,162268,9953,210525,18268,-152315,-192257,20.698
er,1e616c81c5d5f05d,128,126882,9999,164389,18293,-116883,-146096,18.21
er,ce3f9c8aba364ee9,128,78020,9883,100584,18053,-68137,-82531,15.192
er,5c007697c70e3f7d,128,178940,9939,232939,18190,-169001,-214749,23.222
er,ad1d3c36a23e17e5,128,177163,9944,231123,18182,-167219,-212941,24.189
er,f2ac8bb06874148a,128,174042,9995,226917,18294,-164047,-208623,21.895
er,cdd82675727a855d,128,161399,9938,209474,18190,-151461,-191284,20.536
er,d9c657524654a897,128,164832,9908,215713,18133,-154924,-197580,23.434
er,0ffd0058d85cb1bf,128,57424,9357,75843,16953,-48067,-58890,14.084
er,9d935d7d212c12fe,128,96942,9800,125195,17954,-87142,-107241,17.264
er,196ef65fa848a1f0,128,164974,9906,214069,18134,-155068,-195935,21.702
er,df0b15d79b708306,128,20922,9312,26849,16859,-11610,-9990,11.244
er,bb1c7751af4f0b0d,128,140384,9919,182026,18164,-130465,-163862,19.435
er,c802cc9af53084a7,128,99795,9866,131023,18007,-89929,-113016,15.76
er,a7e26f45df26776d,128,147821,9934,192131,18180,-137887,-173951,20.378
er,16d5cff14ece6d43,128,163690,9962,212359,18229,-153728,-194130,21.806
er,d636e1e8e5a5e00b,128,174302,9808,227766,17946,-164494,-209820,24.65
er,f5af58d4658be4cc,128,176953,9883,230421,18097,-167070,-212324,24.454
er,64f0b91b6b58efa5,128,175152,9869,228624,18039,-165283,-210585,23.473
er,3d9ba7031a36517e,128,138123,9685,180447,17728,-128438,-162719,17.948
er,f60d4a566610a9a9,128,22616,9471,29001,17231,-13145,-11770,11.995
er,9586c05a0d4472e8,128,59253,9530,78043,17270,-49723,-60773,16.98
er,7bd742605a4d21ec,128,58715,9432,77313,17107,-49283,-60206,17.697
er,b8125cf0d4b3815b,128,192149,9880,250180,18116,-182269,-232064,24.465
er,46da3f4f319a01a6,128,40146,9732,51583,17784,-30414,-33799,12.824
er,5ceb1a3fdc382478,128,151278,9868,196866,18062,-141410,-178804,20.507
er,6206fdb02ae004de,128,184677,9914,240372,18174,-174763,-222198,24.156
er,84fc620ad5baa007,128,186338,9917,242158,18183,-176421,-223975,23.053
er,f2563398a951d7fd,128,148188,9801,193165,17919,-138387,-175246,23.466
er,60d51bb8299f5229,128,182883,9870,238254,18073,-173013,-220181,24.179
er,6bcb9ca8aa58613c,128,184489,9912,240451,18134,-174577,-222317,23.349
er,058f42ad446237cb,128,43430,9771,55831,17823,-33659,-38008,13.105
er,ec54d7d195124566,128,172696,9901,224704,18119,-162795,-206585,21.496
er,caf0dbce59fef2b0,128,130969,9841,171402,18000,-121128,-153402,21.675
er,be533f74cbd360b0,128,102789,9801,135112,17910,-92988,-117202,29.39
er,6d1e2eae530d21ed,128,175444,9887,227954,18090,-165557,-209864,21.416
er,62b00d39762c93d9,128,192916,9983,251370,18249,-182933,-233121,24.746
er,f0b31b1b21c8f47b,128,41486,9711,53450,17782,-31775,-35668,13.224
er,832f309c9de525b8,128,79656,9888,102830,18092,-69768,-84738,14.613
er,2bb5beae7ab4fb64,128,21308,9480,27366,17204,-11828,-10162,11.385
er,ad40332f4f6aed4c,128,44932,9708,57761,17690,-35224,-40071,12.977
er,7ec7311f051e83ba,128,77412,9907,99952,18090,-67505,-81862,14.779
er,930f5a43eab9db2b,128,60446,9769,78005,17870,-50677,-60135,14.1
er,5c2bf22c4fcf86ec,128,162464,9946,211202,18211,-152518,-192991,20.748
er,2f62a79b027e605c,128,61313,9636,80538,17494,-51677,-63044,17.777
er,9caf491c3a1dc36f,128,190998,9999,247987,18307,-180999,-229680,23.718
er,f2cce93d2c3e6486,128,160070,9940,208352,18199,-150130,-190153,20.688
er,37e9eda9e76aa875,128,78900,9884,101876,18048,-69016,-83828,14.772
er,6e328b939803d077,128,184243,9940,239962,18195,-174303,-221767,23.753
er,c9ac38b7cccc5a89,128,141274,9761,185039,17887,-131513,-167152,19.371
er,2c7d4c8b3115dfc0,128,60804,9806,78378,17906,-50998,-60472,13.773
er,54803720aee29762,128,95984,9901,124011,18123,-86083,-105888,16.169
er,ea5e95f5ac7c7c2f,128,59536,9866,76720,18037,-49670,-58683,13.762
er,123b88060df4f848,128,41892,9714,53727,17715,-32178,-36012,12.631
er,09cb4ec0c471f5a1,128,146827,9858,191801,18026,-136969,-173775,22.953
er,0e14b20fb662251f,128,185747,9953,242235,18211,-175794,-224024,23.703
er,083411ea557d4fad,128,78328,9844,101228,18034,-68484,-83194,15.085
er,696fe40830c3ca6f,128,40746,9727,52575,17750,-31019,-34825,12.718
er,55e837086c94d03c,128,186477,9895,243045,18116,-176582,-224929,23.537
er,3d545c16e0d7372e,128,176503,9832,230277,17949,-166671,-212328,23.498
er,e364788157c8dc39,128,137424,9932,178305,18195,-127492,-160110,19.619
er,1365939621fd5ca4,128,187230,9935,243584,18193,-177295,-225391,23.951
er,05abb39dfc6b9ebb,128,174341,9871,226523,18078,-164470,-208445,22.316
er,3016458b9c53ef9e,128,61003,9413,80470,17084,-51590,-63386,14.525
er,171ccc0567176177,128,183598,9964,239091,18234,-173634,-220857,23.566
er,2c32b5cfcb3215f3,128,138300,9748,180791,17800,-128552,-162991,24.105
er,bd7b24ea4568fb7e,128,98146,9928,126993,18153,-88218,-108840,17.192
er,b51d2a6c74a8d8ee,128,137324,9983,178625,18281,-127341,-160344,20.459
er,40e981bc7fa29dfc,128,136536,9915,177312,18116,-126621,-159196,18.254
er,b945bb2f6d22748a,128,107557,9684,141262,17669,-97873,-123593,15.942
er,c4bc2a39d0ba0279,128,60414,9434,79681,17054,-50980,-62627,13.6
er,9a2b6b6e6c5d8a13,128,140018,9775,182912,17887,-130243,-165025,22.812
er,aedd3ca1318bf6be,128,185833,10035,242448,18327,-175798,-224121,23.514
er,0819e0a07dde4256,128,56898,9461,75114,17159,-47437,-57955,16.813
er,d5ef7ccb6cab5e4d,128,175717,9951,229296,18226,-165766,-211070,22.964
er,dd06dd76ba0385f8,128,125450,10011,162300,18324,-115439,-143976,18.357
er,8013855dbcd8c7f9,128,162126,9890,211045,18086,-152236,-192959,20.503
er,265e1e8a7c8561e7,128,58086,9468,76868,17081,-48618,-59787,13.461
er,5eafc2ae496c298f,128,185572,9867,241714,18037,-175705,-223677,23.823
er,06fc5d74eea2696d,128,150021,9809,195695,17937,-140212,-177758,21.967
er,fa22c9ac2f86343a,128,76530,9840,98728,17999,-66690,-80729,14.759
er,0635271ac72ebc2e,128,62938,9386,82937,16975,-53552,-65962,14.096
er,b00209d22edf2126,128,41278,9753,52981,17766,-31525,-35215,13.338
er,1f40115d111df4fd,128,138996,9918,180342,18171,-129078,-162171,18.963
er,f4cd7499ab6d8ab2,128,181586,9967,236728,18256,-171619,-218472,23.58
er,cefbff80bb200eb1,128,104318,9821,136493,17935,-94497,-118558,20.399
er,5d3c616b304ce5b7,128,182955,9934,238994,18187,-173021,-220807,23.204
er,e7484db46a3afcff,128,181907,9870,237321,18063,-172037,-219258,23.947
er,ad35a1698830261e,128,137940,9960,178945,18248,-127980,-160697,19.937
er,86171c895fec7512,128,166398,9788,217430,17898,-156610,-199532,23.651
er,3128af07a0c5f910,128,165182,9968,214608,18209,-155214,-196399,21.462
er,e68ebd60f35f8995,128,187358,9888,244313,18126,-177470,-226187,24.148
er,8600887756da8455,128,93876,9947,121435,18225,-83929,-103210,16.202
er,d5f4dffd52f1d06d,128,150847,9901,195551,18133,-140946,-177418,21.175
er,ca130ac8f3df92ef,128,78204,9920,100971,18158,-68284,-82813,15.77
er,13f0f5d14632b7d8,128,122984,9926,159307,18172,-113058,-141135,17.934
er,38ab2690521c6cfe,128,186479,9855,242321,18051,-176624,-224270,24.233
er,24ac1caa44276bf0,128,93066,9703,122249,17689,-83363,-104560,15.411
er,71046864c8aa9c4e,128,149290,9926,193815,18156,-139364,-175659,20.697
er,3ae2c8f44949c850,128,21668,9483,27794,17215,-12185,-10579,11.346
er,2a18337aad20ab8d,128,187633,9942,244417,18232,-177691,-226185,24.112
er,fe53e32b8ef0afc4,128,185342,9888,241818,18100,-175454,-223718,23.566
er,86b2371c0ad9eb86,128,190413,9912,248434,18143,-180501,-230291,23.599
er,7c8b41a99008ac0d,128,173611,10007,226070,18320,-163604,-207750,21.858
er,d4853a0930437ce4,128,170229,10019,221333,18332,-160210,-203001,22.078
er,c767fc98d51a304e,128,160140,9990,208215,18308,-150150,-189907,20.147
er,a2371797ad2a081b,128,123986,9946,160689,18198,-114040,-142491,18.175
er,808244a82fcdc05f,128,42984,9613,55385,17541,-33371,-37844,12.99
er,0a1128878efafc89,128,96758,9652,126454,17680,-87106,-108774,20.071
er,24af59f5f53695a0,128,176997,9895,231274,18078,-167102,-213196,23.599
er,d3d316ed23bbbbc4,128,139591,9931,181358,18208,-129660,-163150,19.271
er,31ef64a8e024287b,128,182569,9944,237496,18206,-172625,-219290,23.734
er,3b6a4b73b6cf7499,128,139587,9752,181999,17826,-129835,-164173,22.081
er,aa6576fa5888db09,128,185018,9977,240969,18212,-175041,-222757,23.131
er,5b0782c7c53d2def,128,94832,10018,122709,18322,-84814,-104387,17.223
er,3d8290f58880198b,128,60898,9728,78485,17798,-51170,-60687,14.572
er,ec7e798667c20a77,128,152164,9973,197256,18273,-142191,-178983,20.684
er,19297f359d024830,128,123568,9920,160242,18167,-113648,-142075,17.38
er,a022c7a2c5b46f39,128,190314,9919,247989,18164,-180395,-229825,26.007
er,1309f4f32b80a9c7,128,151988,9927,197462,18187,-142061,-179275,20.584
er,8ea7c855e16cd231,128,138180,9909,179152,18152,-128271,-161000,19.407
er,dfc29d95bed052b1,128,110058,9997,142458,18286,-100061,-124172,16.954
er,0ecdea04b62282aa,128,141578,9945,183989,18206,-131633,-165783,19.574
er,a00efd1b018465fa,128,137693,10036,178680,18360,-127657,-160320,20.428
er,eb24bb8636c8446f,128,174455,10009,226612,18322,-164446,-208290,22.214
er,f27785a32fe9062f,128,161120,9994,209316,18343,-151126,-190973,21.911
er,c49f571b9bc34be1,128,186624,9893,243068,18120,-176731,-224948,23.989
er,817d172e1ca33644,128,91708,9604,120347,17483,-82104,-102864,27.823
er,9a997b30373ca6f3,128,186421,9898,242784,18147,-176523,-224637,23.956
er,ea5cf2994e948305,128,177355,9974,231475,18251,-167381,-213224,22.303
er,3000203f06d5d2d0,128,183125,9848,238150,18042,-173277,-220108,24.342
er,bd4a277918996534,128,187464,9772,244233,17905,-177692,-226328,22.958
er,6d3c32471a888870,128,143634,9940,186313,18200,-133694,-168113,20.08
er,04441c6ec6789637,128,99790,9685,130751,17686,-90105,-113065,15.789
er,0886d3c82214fadb,128,178438,9855,233358,18048,-168583,-215310,24.158
er,e9a6641fbd245e38,128,77546,9905,100083,18093,-67641,-81990,14.82
er,99a8256f5adf5dfb,128,56312,9382,74280,17101,-46930,-57179,14.17
er,7179bda81156ca34,128,175566,9912,228427,18134,-165654,-210293,21.617
er,d530512fadf378a2,128,148878,9754,194561,17853,-139124,-176708,22.741
er,9b02b161fa73ef35,128,107938,9938,140176,18201,-98000,-121975,17.88
er,117292a1adffd458,128,150112,9962,194764,18246,-140150,-176518,20.918
er,94d8fb88cbccf89f,128,173261,9936,225665,18201,-163325,-207464,21.478
er,9acc631f73fbadf8,128,59552,9832,76876,17985,-49720,-58891,13.624
er,35c45edb3cd383da,128,41198,9641,53060,17589,-31557,-35471,12.93
er,dac3415f8bbb3db4,128,146898,9811,192010,17927,-137087,-174083,22.25
er,799b82987f8339ce,128,174343,9956,227029,18239,-164387,-208790,21.955
er,30e11f1566d0c80d,128,151563,9814,197527,17956,-141749,-179571,25.707
er,ed4d1937ab195569,128,138244,9974,179145,18240,-128270,-160905,19.554
er,b407208e649da5c2,128,39064,9719,50288,17731,-29345,-32557,12.392
er,f75cb8ce80b960f6,128,140820,9919,182505,18159,-130901,-164346,19.602
er,78e8f14498376730,128,22016,9432,28242,17049,-12584,-11193,11.606
er,0952fb4917b5cce0,128,152988,9861,198877,18090,-143127,-180787,20.897
er,69631290ee7d7e34,128,23280,9474,29940,17160,-13806,-12780,11.286
er,7aa7725a94d72341,128,191286,9895,249942,18130,-181391,-231812,23.849
er,4aac978db0143153,128,128836,9871,167025,18080,-118965,-148945,18.571
er,700ccd107839e1e1,128,94470,9735,123755,17772,-84735,-105983,32.395
er,d079caea37de12d6,128,189330,9831,246662,17994,-179499,-228668,23.046
er,7c1e47648d76411a,128,92764,9940,120026,18161,-82824,-101865,16.854
er,7c1e34c0ad245173,128,174946,9973,227505,18241,-164973,-209264,23.167
er,4ed821cc7ea6b807,128,138814,9958,180003,18236,-128856,-161767,20.415
er,f31d3e54dfcffdbb,128,190671,9946,248008,18222,-180725,-229786,24.371
er,00feaa41c1fe2ab6,128,42700,9904,54965,18100,-32796,-36865,12.792
er,7275354399075659,128,187469,9943,244215,18231,-177526,-225984,23.365
er,c5c24424e53a1760,128,183378,9939,239362,18199,-173439,-221163,23.217
er,a8b0ae8809b6cf07,128,109364,9890,141507,18110,-99474,-123397,17.481
er,bd3a543f84335189,128,184579,9891,241267,18077,-174688,-223190,24.195
er,9b430d865d7f2211,128,140554,9968,182043,18256,-130586,-163787,20.798
er,db7848ef3f3b23b0,128,125128,9970,162261,18275,-115158,-143986,18.001
er,c2aae1e314ba72c1,128,184165,9961,240256,18207,-174204,-222049,23.805
er,52d697795c03bb7b,128,57082,9475,75142,17192,-47607,-57950,16.903
er,2d8738bbc2d2956b,128,163876,9948,213104,18165,-153928,-194939,20.074
er,4d5d5f4b03863826,128,60606,9801,77984,17925,-50805,-60059,14.448
er,f52a42ea9c0e9169,128,148256,9922,192646,18146,-138334,-174500,20.584
er,287bd12728f337de,128,97074,9945,125609,18174,-87129,-107435,15.555
er,056273ed929f3358,128,185482,9985,241872,18284,-175497,-223588,25.298
er,dedc781d0ccd12c4,128,164615,9917,213763,18179,-154698,-195584,21.915
er,56a38987bd8d532a,128,92088,9933,118751,18165,-82155,-100586,16.723
er,e2bd4b6fabff1d0a,128,141593,9864,184821,18025,-131729,-166796,23.022
er,e4c7980b7276796f,128,173243,9918,225991,18136,-163325,-207855,24.224
er,c6152f0fe98ad922,128,58470,9803,75292,17925,-48667,-57367,13.8
er,263ed4fe590d08f1,128,165548,9997,214638,18294,-155551,-196344,20.473
er,b7d56d45b0eb7d9a,128,94682,9937,122340,18185,-84745,-104155,17.401
er,89258cf058c7ce40,128,60560,9875,78228,18036,-50685,-60192,14.08
er,e0f8877ed8a22b54,128,174388,9862,226326,18053,-164526,-208273,21.96
er,3a7c11870cb1e337,128,167343,9980,218443,18244,-157363,-200199,24.257
er,723b238018532a97,128,143060,9809,187137,17952,-133251,-169185,22.186
er,f2f404b4307f2115,128,55958,9455,73707,17195,-46503,-56512,17.613
er,023ff70ae113853a,128,169751,9842,221555,18022,-159909,-203533,24.516
er,c96b0337d6922d9b,128,21494,9395,27529,16964,-12099,-10565,11.6
er,98d73dd519e929f6,128,126962,9916,164401,18131,-117046,-146270,17.757
er,34dd2eadc0301962,128,186060,9875,242433,18049,-176185,-224384,24.103
er,0a04f99c44bd2b89,128,21956,9332,28202,16873,-12624,-11329,11.137
er,233fe3e6cf6cad0e,128,189350,9949,246232,18224,-179401,-228008,23.887
er,997493b6119be557,128,39968,9682,51325,17661,-30286,-33664,12.693
er,d4cb4ffbaf190b29,128,140028,9958,181435,18228,-130070,-163207,20.162
er,891584e99bdc1bfb,128,152604,9954,198315,18265,-142650,-180050,20.955
er,cc4d01124a20aaca,128,77230,9797,99513,17950,-67433,-81563,14.275
er,8f7e4c622f3b31e4,128,124918,9975,161942,18264,-114943,-143678,18.145
er,abaab4f8b33869bb,128,77734,9864,100460,18020,-67870,-82440,15.475
er,f039a4c4716c8908,128,23548,9331,30224,16897,-14217,-13327,11.799
er,2d2a663833f32dbf,128,183019,9958,238143,18225,-173061,-219918,23.641
er,e8c41fac26996b5f,128,22072,9541,28197,17292,-12531,-10905,11.653
er,63f4b2714b6de69c,128,140510,9896,182231,18123,-130614,-164108,20.332
er,806076adb44814c6,128,187212,9874,244080,18077,-177338,-226003,25.091
er,ea04cb3d6d405c85,128,128422,9909,166743,18136,-118513,-148607,18.709
er,efa34a8a5d3c1ac0,128,187232,9948,244256,18206,-177284,-226050,22.905
er,68f670e1ab7a0d4e,128,145101,9853,189735,18029,-135248,-171706,27.095
er,2f70e1c7a030482a,128,150230,9985,195551,18277,-140245,-177274,20.727
er,ea1b5d019748acf5,128,163589,9816,213714,17952,-153773,-195762,23.641
er,948e5a003b26f886,128,23094,9448,29721,17143,-13646,-12578,11.82
er,78db8749400e49c6,128,23268,9444,29870,17081,-13824,-12789,11.369
er,e19d6c7edcce6597,128,42130,9768,54204,17814,-32362,-36390,12.846
er,a694467c0eb91b11,128,41938,9835,53927,17947,-32103,-35980,13.041
er,047c65b47eeeb567,128,141232,9961,182886,18243,-131271,-164643,20.61
er,25ecfcdcdb8fd250,128,95083,9661,124876,17617,-85422,-107259,28.786
er,1c1cf7a435322d82,128,187392,9826,244758,17979,-177566,-226779,23.061
er,e7fe3dc512c479e2,128,110830,9819,143686,17990,-101011,-125696,17.528
er,274a5f878eca60ab,128,149387,9846,194770,17996,-139541,-176774,21.824
er,e98df0bf5f440f4d,128,21366,9517,27452,17176,-11849,-10276,11.411
er,41fe81281b6df613,128,92502,9897,119649,18097,-82605,-101552,16.217
er,bf0de2ea4c6c73f3,128,192150,9966,249977,18222,-182184,-231755,23.57
er,4b78eab6b8e9bf88,128,80778,9814,104194,17974,-70964,-86220,14.916
er,9dfad1d58d092271,128,60555,9606,80043,17443,-50949,-62600,17.381
er,8a6f775b161647e9,128,141496,9838,184658,17957,-131658,-166701,25.451
er,d79ce84d23d74b9e,128,20600,9382,26441,16886,-11218,-9555,11.292
er,5d199df602694cf4,128,21592,9496,27599,17261,-12096,-10338,11.189
er,0f9718c68c80a981,128,150910,9906,196247,18128,-141004,-178119,20.952
er,cd4dcb45d68a55f7,128,182735,9869,237587,18077,-172866,-219510,22.786
er,7dba2b0ccc20e06c,128,110804,9983,143406,18289,-100821,-125117,17.031
er,3808e810d3ba022b,128,186678,9959,243887,18224,-176719,-225663,23.74
er,ae42cde37110b5ec,128,164561,9954,214419,18191,-154607,-196228,22.754
er,e327b2b139b4339e,128,155486,9905,201891,18104,-145581,-183787,21.288
er,5203ff8d0c70f8bc,128,43146,9778,55609,17846,-33368,-37763,13.099
er,4ed39b5499e4f917,128,95775,9756,125456,17801,-86019,-107655,35.042
er,7b6218bfd325564b,128,97762,9879,126570,18094,-87883,-108476,17.258
er,e968f3e912e31be6,128,40328,9739,51943,17783,-30589,-34160,12.455
er,8277b5712b3b77c9,128,92696,9759,119993,17905,-82937,-102088,16.748
er,dc63ebc2bb998be6,128,60364,9287,79769,16771,-51077,-62998,16.848
er,653183f9cd80ee3d,128,179032,9916,233043,18140,-169116,-214903,22.578
er,bbe4b5960cbeea04,128,98600,9811,127295,17954,-88789,-109341,16.731
er,b31c818b183d5581,128,182567,9952,237843,18231,-172615,-219612,23.91
er,2690d9966301e637,128,75054,9850,96759,18023,-65204,-78736,14.447
er,4c86acecde6049c7,128,138929,9701,182111,17721,-129228,-164390,22.345
er,61418c6acfc2e1d6,128,141845,9913,184325,18163,-131932,-166162,20.54
er,55911c459f014501,128,136788,9893,177776,18115,-126895,-159661,19.348
er,f02d5741a7383939,128,181325,9974,236269,18270,-171351,-217999,22.889
er,0488cc984a86d4e7,128,175869,9853,230039,17989,-166016,-212050,24.704
er,5394fc612605eb3c,128,93547,9546,122697,17381,-84001,-105316,28.038
er,6995890e7f8576b5,128,93738,9960,121240,18223,-83778,-103017,16.67
er,6943b64fae09a286,128,86103,9644,113453,17579,-76459,-95874,14.707
er,bd1e2473a1c7a355,128,79714,9856,102731,18031,-69858,-84700,14.606
er,d342c9c782fd8a7d,128,148226,9979,192659,18288,-138247,-174371,20.956
er,2675d52243f7d8f9,128,179417,9956,233775,18203,-169461,-215572,22.335
er,ed79f839262b68e9,128,60748,9416,80256,17075,-51332,-63181,17.457
er,c0608d5e21f658a2,128,88257,9653,115522,17588,-78604,-97934,19.934
er,bb422661d5dec6a2,128,23292,9490,29869,17279,-13802,-12590,11.563
er,58bb603b77d447ed,128,77198,9859,99773,18032,-67339,-81741,14.616
er,8fce376e71a8cfe2,128,41460,9815,53413,17891,-31645,-35522,13.079
er,95417c3015f466e3,128,94874,9965,122460,18201,-84909,-104259,17.124
er,c398adb31b1407fd,128,93370,9848,120639,18070,-83522,-102569,16.923
er,280644f0774bc2e1,128,58048,9443,76720,17154,-48605,-59566,16.837
er,24ccda4e0c6ca2cd,128,153004,9900,198368,18160,-143104,-180208,20.295
er,f3c01c523665f3ad,128,54485,9655,71813,17517,-44830,-54296,13.132
er,7a83d0b1085401e6,128,147305,9968,192883,18193,-137337,-174690,18.166
er,6b0db007b8368827,128,84637,9654,111231,17616,-74983,-93615,18.545
er,9e2d21822904d345,128,57695,9361,75867,16933,-48334,-58934,17.198
er,846c325e58895c89,128,151776,9885,196745,18114,-141891,-178631,20.652
er,958079d9e3c15cb2,128,137827,9944,178789,18194,-127883,-160595,19.982
er,10c0c3090e820960,128,164517,9911,213818,18137,-154606,-195681,21.167
er,3246141aa3f9c29c,128,42056,9737,54078,17779,-32319,-36299,13.052
er,4c81289a6ed8c63c,128,140846,9961,182486,18252,-130885,-164234,18.68
er,95bdd033ba2f91b4,128,185479,9877,241948,18092,-175602,-223856,23.609
er,a5374d1c4dbe38d5,128,19872,9537,25429,17264,-10335,-8165,11.342
er,19e0a4a02441997e,128,60183,9478,79720,17195,-50705,-62525,17.125
er,c938a71afd93b759,128,150004,10051,194445,18378,-139953,-176067,20.82
er,9aba09c1f0e39dad,128,95847,9736,125462,17770,-86111,-107692,20.635
er,73395331766ffdb7,128,191473,9963,249767,18249,-181510,-231518,23.787
er,a4345ffdb766a6a7,128,124702,9939,161552,18196,-114763,-143356,18.728
er,52cf5a4d80edf844,128,183117,9913,238306,18126,-173204,-220180,22.903
er,979acf195b1468b5,128,139464,9977,180978,18250,-129487,-162728,20.223
er,4b79b5845f4c395f,128,21352,9275,27384,16854,-12077,-10530,11.217
er,8054c2fef46b6490,128,164240,10018,213315,18325,-154222,-194990,21.307
er,b2462d84d235a826,128,92159,9833,120847,17905,-82326,-102942,19.286
er,c06fe5e3aaa49bef,128,39710,9524,51117,17351,-30186,-33766,12.182
er,269315c6b9377c66,128,98946,10008,128087,18320,-88938,-109767,16.679
er,7d6e55561ea1bb20,128,154452,9979,200599,18232,-144473,-182367,21.366
er,6cde8795b793886b,128,109068,9820,141097,18004,-99248,-123093,17.047
er,a115fd87f5c5a0a8,128,123276,9858,159791,18058,-113418,-141733,18.055
er,874fac9138b98ec7,128,43488,9761,55952,17885,-33727,-38067,12.789
er,684c1944da83d000,128,110630,9867,143195,18056,-100763,-125139,16.851
er,18acd65458cd4698,128,79404,9829,102604,18011,-69575,-84593,14.826
er,f9bf82a5719415b7,128,123314,9878,160004,18101,-113436,-141903,18.861
er,208a0db102e606d7,128,41560,9758,53327,17825,-31802,-35502,12.72
er,1d2c7c1c6d0f627a,128,172904,9958,224666,18240,-162946,-206426,21.74
er,c99abc4400553402,128,125224,9908,162010,18169,-115316,-143841,19.007
er,c270c113c334300a,128,147963,9821,194042,18021,-138142,-176021,22.434
er,eeb5ab7d2535c64d,128,91641,9800,120021,17875,-81841,-102146,15.089
er,654ba536d2cb32fb,128,23236,9308,29774,16906,-13928,-12868,11.201
er,454a1fe51db29a28,128,41274,9627,53045,17554,-31647,-35491,12.99
er,ebc8f869035de994,128,79228,9874,102323,18053,-69354,-84270,14.488
er,c717fb8af4d032c0,128,59690,9729,76877,17799,-49961,-59078,13.9
er,a467aaa6d34562f2,128,94056,9978,121776,18238,-84078,-103538,16.369
er,673e6045c31ac57f,128,126602,9963,164280,18247,-116639,-146033,17.83
er,8d300050a9f6ca9c,128,179334,9970,234053,18246,-169364,-215807,22.877
er,022edc692c2e8d35,128,162144,9893,210349,18110,-152251,-192239,20.91
er,f631447f2581cc3d,128,188155,9934,244997,18188,-178221,-226809,23.421
er,6b318077b3dfa8dd,128,185331,9914,241498,18122,-175417,-223376,23.358
er,f7a92113f80fccd9,128,125414,9940,162641,18194,-115474,-144447,17.842
er,0343e9d3d455d8d4,128,173524,9953,225590,18207,-163571,-207383,21.8
er,6b30104853bd3c04,128,94816,9870,122604,18031,-84946,-104573,15.859
er,9cd712f9a9f262b3,128,173837,9917,226297,18166,-163920,-208131,21.39
er,4ea6d8dcf7c335f3,128,163356,9929,212301,18181,-153427,-194120,20.969
er,4d3a6752b8c25644,128,92552,9662,121529,17651,-82890,-103878,27.56
er,f91448b6feee178b,128,166132,9934,215626,18167,-156198,-197459,21.005
er,c1bd542054cda353,128,78140,9873,100962,18059,-68267,-82903,15.186
er,4c90540ca255d7da,128,188782,9970,245960,18224,-178812,-227736,23.232
er,2f50d3562a337599,128,91950,9629,120738,17547,-82321,-103191,19.347
er,ddb4674cf447f44d,128,124254,9960,160910,18232,-114294,-142678,18.226
er,e70d6043a463b3a3,128,57130,9357,75560,16912,-47773,-58648,14.982
er,7aa4d0843d95a507,128,112146,9845,144901,18001,-102301,-126900,16.86
er,aeb0307b79f6c119,128,136311,9946,176304,18212,-126365,-158092,20.226
er,99f3df320da80d8d,128,61474,9808,79497,17897,-51666,-61600,14.199
er,f28ca44a77268814,128,21418,9489,27557,17225,-11929,-10332,11.711
er,a4db8fbdbbbe42af,128,171405,9917,223083,18165,-161488,-204918,21.288
er,46f8978210c0db51,128,169121,9864,221078,18030,-159257,-203048,22.643
er,7eb06b2e6fe918b4,128,167098,9879,218165,18060,-157219,-200105,23.307
er,4cf57ce1cddf528f,128,22594,9292,28972,16900,-13302,-12072,11.272
er,e628c750524f45b7,128,186775,9974,243764,18247,-176801,-225517,24.641
er,a5ac56d524c23deb,128,57258,9266,75626,16812,-47992,-58814,16.901
er,e07eb0df78e8bb1f,128,138140,9738,180611,17797,-128402,-162814,17.717
er,fc6f4cb0ea5bdde0,128,24040,9715,30833,17693,-14325,-13140,11.998
er,dc9c433d4960dfc4,128,41832,9813,53834,18010,-32019,-35824,12.981
structured,21ea3a3d93070655,256,601,2745,1013,4193,2144,3180,144.471
structured,f56bafc7cad0a4bb,256,507,2363,848,3602,1856,2754,141.723
structured,921ed8a62e892d98,256,603,2557,1019,4106,1954,3087,140.659
structured,10f0b1a9443a674f,256,419,1889,689,3047,1470,2358,142.629
structured,b445a692fa010e6c,256,513,2558,855,3918,2045,3063,142.051
structured,4072dc371bfc4745,256,607,2217,1022,3415,1610,2393,141.943
structured,6e9b81d5a02955d9,256,419,2144,690,3289,1725,2599,140.628
structured,6fef8c2bdb400de1,256,593,2735,1007,4235,2142,3228,142.142
structured,6e5f992a6cc8d98c,256,517,2923,862,4309,2406,3447,142.703
structured,f3f0b110443866cc,256,505,2735,848,4137,2230,3289,142.121
structured,185bb629955d7d63,256,501,2400,842,3849,1899,3007,140.735
structured,3dad5ffbfb931d49,256,509,2510,850,3866,2001,3016,142.187
structured,b7c5fe0f7edd316c,256,515,2703,857,4123,2188,3266,156.843
structured,d45f38cfabb7b07c,256,589,2724,996,4253,2135,3257,177.632
structured,40489b7ae45c8854,256,509,2494,849,3886,1985,3037,140.132
structured,9a4634b00a179d96,256,507,2426,848,3631,1919,2783,139.096
structured,82de6c6661708dd0,256,593,3141,1007,4624,2548,3617,142.124
structured,cc0fa7a069bece01,256,501,2470,840,3761,1969,2921,138.719
structured,977f56935af258c6,256,517,2635,858,4089,2118,3231,143.489
structured,8a375eefefc37d3a,256,429,2102,696,3209,1673,2513,144.756
structured,75ea969c35ce2074,256,511,2775,852,4143,2264,3291,141.538
structured,43190e39ca1be573,256,507,2193,850,3425,1686,2575,139.588
structured,75cd302241ae383f,256,589,2456,1002,3933,1867,2931,178.527
structured,72db95f62d7e2c56,256,603,2820,1015,4337,2217,3322,140.589
structured,edc00c0f22aa8676,256,607,3518,1026,5342,2911,4316,141.864
structured,15293e7d240e310c,256,593,3238,1004,4752,2645,3748,138.501
structured,005860aa9c05f0c0,256,595,3221,1012,4900,2626,3888,140.785
structured,69f82b5105af3ed2,256,423,2328,695,3419,1905,2724,140.102
structured,978a6f9bde89734e,256,515,2766,860,4169,2251,3309,140.935
structured,ec18e2e4924ac58a,256,595,2895,1007,4429,2300,3422,145.607
structured,6de2f7239f3afe80,256,585,2616,998,3987,2031,2989,144.162
structured,dc7d23dc01b54f3c,256,505,2626,847,4071,2121,3224,140.071
structured,933cba80a297b38f,256,511,2283,854,3701,1772,2847,141.143
structured,2ddf93c98c17c2b9,256,595,2405,1005,3852,1810,2847,144.371
structured,23e316fa59b9b7ee,256,597,3355,1011,5009,2758,3998,139.819
structured,f440b09fb85aaa6d,256,593,3033,1008,4421,2440,3413,177.975
structured,65d280bf72d2ab1b,256,595,3251,1009,5022,2656,4013,141.745
structured,865e86b83e3d0a80,256,599,3296,1016,4850,2697,3834,139.789
structured,b2b1b71d354e4df2,256,503,2532,846,3976,2029,3130,153.46
structured,22f488c9f960bef3,256,593,3143,1009,4674,2550,3665,142.975
structured,dea89c917495557a,256,507,2359,848,3689,1852,2841,142.088
structured,7e2f14eca75b1954,256,593,3193,1008,4770,2600,3762,140.79
structured,007bbbb1f1c27eed,256,593,2539,1008,4028,1946,3020,154.256
structured,a7fa1df5747aa01a,256,499,2365,842,3864,1866,3022,142.61
structured,b5889585e3f90a9b,256,597,2863,1008,4385,2266,3377,143.086
structured,8fe9991799e9d8c4,256,593,2470,1009,3804,1877,2795,141.071
structured,283b1c73b259e2c7,256,591,2691,1005,4131,2100,3126,140.005
structured,a19a4ed0c474c98e,256,595,3126,999,4604,2531,3605,139.914
structured,e96a3101665f9c49,256,591,3422,1005,5289,2831,4284,141.035
structured,f2bb8aa8f3ccd3eb,256,599,2603,1012,4100,2004,3088,141.036
structured,61c979bedb74ea77,256,601,3373,1017,5096,2772,4079,144.906
structured,8e47875e9059843f,256,981,3141,1600,4690,2160,3090,163.401
structured,db1e056d9302327c,256,589,3082,1000,4640,2493,3640,139.182
structured,7a5070b28c07e794,256,599,3018,1013,4544,2419,3531,141.28
structured,2547749700e7d800,256,591,3447,1006,5189,2856,4183,142.803
structured,8aea7b9e6565bffc,256,593,3068,1009,4622,2475,3613,140.862
structured,f6475676b0a733e1,256,587,2569,999,3994,1982,2995,147.597
structured,70bea68ece950f13,256,425,1962,695,2997,1537,2302,140.42
structured,33efa7de07006ba7,256,601,2886,1019,4334,2285,3315,139.479
structured,f3a90cf236ffe7e1,256,585,2971,995,4485,2386,3490,140.922
structured,3fec302d6abfc463,256,509,2619,845,4030,2110,3185,178.869
structured,73396e69d3e55f72,256,517,2659,858,4075,2142,3217,142.46
structured,26611693fa4b5357,256,515,2650,857,4013,2135,3156,135.501
structured,2a840de494119c5b,256,501,2710,845,4076,2209,3231,139.339
structured,df7d806ae8b5ffa3,256,495,1865,838,2918,1370,2080,142.186
structured,47def044b13fbde0,256,591,2626,1003,4030,2035,3027,143.04
structured,98bd2f2a65338d23,256,507,2050,849,3338,1543,2489,141.657
structured,bfa9bea52ddd2434,256,505,2589,847,3922,2084,3075,140.45
structured,dd451c0715f50b78,256,595,3167,1006,4643,2572,3637,141.683
structured,f201110af0aae078,256,597,2177,1013,3546,1580,2533,142.479
structured,3d1f5a958b241aef,256,589,2927,1003,4432,2338,3429,144.135
structured,f9b80b9f7db6dafe,256,507,2966,851,4534,2459,3683,142.281
structured,8b37ae4eafc93f48,256,587,3088,997,4593,2501,3596,176.883
structured,02f825877687d362,256,595,3223,1008,4790,2628,3782,141.864
structured,21d0072c89486dad,256,507,2572,851,3778,2065,2927,143.002
structured,d1478e0b623d24c1,256,517,2438,858,3671,1921,2813,166.439
structured,d962c8c73c4995b2,256,513,2640,855,3967,2127,3112,138.298
structured,bed95c5cd733e25b,256,421,2226,690,3432,1805,2742,143.154
structured,65e945578a8059e4,256,501,2800,841,4138,2299,3297,140.848
structured,4cc69ffe7ba63355,256,513,2787,855,4159,2274,3304,141.224
structured,e10df79dc2309910,256,589,3007,1000,4557,2418,3557,142.651
structured,9cfc4810aa91017d,256,591,3071,1006,4726,2480,3720,142.791
structured,f55cece7df1d1bba,256,343,1694,541,2587,1351,2046,172.939
structured,4af40238c2b81377,256,513,2085,855,3375,1572,2520,200.739
structured,08b707ad332153f8,256,599,2819,1007,4245,2220,3238,177.115
structured,81c2459b106a83d8,256,505,2126,844,3340,1621,2496,141.191
structured,f6882101c4256f66,256,593,2899,1009,4461,2306,3452,142.319
structured,dc2374a253015da5,256,421,2078,692,3242,1657,2550,141.384
structured,c4835928ff90980e,256,591,3003,1004,4564,2412,3560,140.385
structured,3b1660da145d2b35,256,593,2904,1002,4429,2311,3427,139.942
structured,577c1d6b9374c3b5,256,599,3088,1012,4555,2489,3543,142.967
structured,5a6af6c2863490b7,256,597,2983,1007,4685,2386,3678,141.852
structured,5520eb1907f6f600,256,579,2204,994,3584,1625,2590,139.739
structured,4340bdebbdfba620,256,507,2951,851,4400,2444,3549,140.619
structured,1754bdfb2647c1b6,256,513,2698,857,4087,2185,3230,140.216
structured,63b47af3de773f70,256,587,2888,999,4489,2301,3490,178.219
structured,e6bf273ffbdcab0e,256,601,2936,1016,4589,2335,3573,142.902
structured,3625c8d1d412a7f0,256,591,3139,1005,4637,2548,3632,141.277
structured,ade20dd26a292e84,256,599,2794,1010,4311,2195,3301,143.422
structured,7c27e8e6c0edf1cf,256,505,2414,848,3695,1909,2847,138.694
structured,4a2892e62787b173,256,601,3225,1016,4986,2624,3970,141.716
structured,5f0c5ef93fd35410,256,507,3058,851,4612,2551,3761,139.453
structured,1626061ba4ea4561,256,593,2652,1003,4041,2059,3038,141.909
structured,1fd216d6a6d4e8bf,256,513,2993,858,4487,2480,3629,141.362
structured,3f27f5c3e8800f1d,256,613,3258,1028,4954,2645,3926,140.404
structured,5d741be92287098b,256,597,2687,1007,4135,2090,3128,140.371
structured,9b88b257479eff50,256,501,2318,843,3533,1817,2690,142.897
structured,11bb2b4efd59b238,256,597,2617,1011,4033,2020,3022,145.278
structured,111cf1590cd8207d,256,587,2842,994,4319,2255,3325,145.565
structured,044d23ea37708852,256,509,2306,849,3568,1797,2719,146.71
structured,66b89614f555bbb7,256,513,2083,856,3367,1570,2511,169.593
structured,6097839c627e7bff,256,587,2370,999,3538,1783,2539,177.403
structured,485f4291a0c22a3b,256,425,2239,695,3397,1814,2702,140.155
structured,72fb38bc04f24f94,256,579,2699,990,4079,2120,3089,140.139
structured,8edc7043f9fdf6d0,256,347,1770,546,2709,1423,2163,145.803
structured,ab98add877be422a,256,509,2860,852,4427,2351,3575,140.738
structured,e0a49f46c6102cf8,256,597,2581,1014,4120,1984,3106,143.304
structured,1aba5cbb1ccbf885,256,425,2273,695,3469,1848,2774,141.258
structured,9b98f616703ca45d,256,597,2829,1008,4231,2232,3223,143.966
structured,33b2b33d5576c9eb,256,503,2666,844,3962,2163,3118,140.666
structured,8cadb741e1139562,256,583,2530,990,3999,1947,3009,140.098
structured,4a6006efba001270,256,593,3208,1007,4777,2615,3770,131.97
structured,fd2c9bd1d0ce5d2a,256,591,2478,1005,3940,1887,2935,143.23
structured,7b90dca500e1071c,256,593,2613,1008,4015,2020,3007,139.951
structured,2c586cdec799b2f7,256,593,2683,1007,4171,2090,3164,141.343
structured,49d97976a5b1b09f,256,595,3127,1009,4670,2532,3661,140.457
structured,8f041da6b83a2a28,256,507,2597,852,4026,2090,3174,142.408
structured,41c805196930ab7a,256,515,2783,857,4266,2268,3409,177.032
structured,b959c05a2f068799,256,423,2418,695,3619,1995,2924,141.934
structured,f48547cdb87daafd,256,505,2513,846,3822,2008,2976,145.675
structured,833fa3a116294d94,256,503,2597,844,3805,2094,2961,154.397
structured,98cc503d95ec2490,256,509,2520,849,3767,2011,2918,141.747
structured,b43b4a7875b16fcb,256,599,2895,1011,4339,2296,3328,141.16
structured,27447ece8f141011,256,593,3107,1006,4519,2514,3513,141.655
structured,4eeca7c357565723,256,585,3086,1000,4774,2501,3774,142.146
structured,30dc9a43f8c5b1aa,256,587,3055,999,4587,2468,3588,145.021
structured,d03e8107b09ded2a,256,687,2654,1124,4203,1967,3079,142.441
structured,bbe4338878bc7436,256,591,2850,1003,4429,2259,3426,148.203
structured,e1c261e98b2b22a4,256,603,2696,1014,4182,2093,3168,139.246
structured,3ab5c96cda85d872,256,597,2827,1008,4290,2230,3282,142.409
structured,4a9d28319da0d2cc,256,597,2695,1010,4117,2098,3107,193.603
structured,9c092df50a66779a,256,1005,2845,1715,4481,1840,2766,142.194
structured,37cb04f9a8ea2410,256,515,2589,855,4024,2074,3169,170.649
structured,5647d1d06aebb317,256,601,3522,1018,5469,2921,4451,144.196
structured,37f050ff2bf4b6cd,256,425,2183,696,3321,1758,2625,142.068
structured,2b7a767e3c99ac11,256,515,2680,859,4121,2165,3262,190.401
structured,63118c94f7364061,256,597,3523,1014,5222,2926,4208,169.747
structured,e438f4661df2a00f,256,521,1670,860,2781,1149,1921,150.519
structured,727c38e0f814edc8,256,505,1881,847,2886,1376,2039,142.065
structured,304102c6dcffe1a0,256,585,2595,997,4113,2010,3116,142.277
structured,ebc9fdbf22f07981,256,591,3189,1000,4627,2598,3627,141.366
structured,7c87657f1418aa4b,256,423,2306,694,3554,1883,2860,141.922
structured,76ec9a5c709ba02e,256,519,2723,864,4193,2204,3329,153.298
structured,c2160124c0a65f63,256,511,2569,852,3954,2058,3102,139.951
structured,d02256894d11c324,256,589,3483,1003,5337,2894,4334,138.356
structured,d9143bd3bf2e63a3,256,593,2741,1009,4216,2148,3207,179.474
structured,cd2623e91e80d284,256,597,2864,1011,4347,2267,3336,141.886
structured,cdf475f6488ffb50,256,511,2345,852,3489,1834,2637,141.995
structured,61016eba9f94c06e,256,595,2088,991,3182,1493,2191,142.746
structured,55a3711ccf4607e4,256,591,3212,1002,4725,2621,3723,158.113
structured,5db698b4e99919a4,256,593,2649,1007,4143,2056,3136,141.482
structured,2f91a6b63361730e,256,593,3356,1007,4970,2763,3963,142.176
structured,3c4db9d4b07ea225,256,601,2577,1014,4144,1976,3130,155.19
structured,4fe5ce573b8034d0,256,507,2201,846,3461,1694,2615,143.263
structured,2d9230984e88b5dc,256,603,3255,1019,4810,2652,3791,146.835
structured,4ac5543bdd908f59,256,601,3135,1014,4789,2534,3775,140.099
structured,2e926f113be9de17,256,597,2581,1013,3702,1984,2689,140.443
structured,baec00903a2b9c03,256,593,3391,1007,5108,2798,4101,140.737
structured,cd3054e4c5fe7558,256,517,2529,858,3917,2012,3059,148.545
structured,c30d9696864e8a4b,256,593,3007,1007,4580,2414,3573,143.427
structured,5424ba3137c05921,256,591,2912,1003,4369,2321,3366,140.33
structured,5baab2208f098e5f,256,595,2917,1009,4463,2322,3454,140.881
structured,84645a7cf53574d8,256,597,3334,1011,4937,2737,3926,139.968
structured,43a596425ac1143e,256,587,2668,1002,4235,2081,3233,142.56
structured,d084bf3073540ab8,256,599,3014,1011,4649,2415,3638,193.433
structured,c6e0d6df93f9e0f8,256,597,2925,1008,4624,2328,3616,125.928
structured,a5253e878cea7228,256,499,2405,839,3716,1906,2877,142.428
structured,ed4d2e1210f90c8b,256,427,2218,694,3298,1791,2604,141.953
structured,32a8d7b894630440,256,593,3093,1007,4931,2500,3924,177.02
structured,c351554ef8b5f3c8,256,597,3071,1010,4609,2474,3599,143.447
structured,974f82a693a4800d,256,505,2672,843,4031,2167,3188,140.679
structured,989cd110b7ed866c,256,507,2750,849,4064,2243,3215,140.145
structured,4cdd5f2af48c62ab,256,593,2589,1009,4094,1996,3085,141.013
structured,3b35e53a15b7630e,256,341,1713,539,2640,1372,2101,140.799
structured,3194374a3bac4c49,256,593,2961,1005,4525,2368,3520,139.493
structured,d59ed2c6bfb2b3dd,256,515,2876,860,4317,2361,3457,142.198
structured,e7cff74d60da3006,256,601,2719,1013,4236,2118,3223,142.161
structured,25c9a08a0c36b04f,256,419,2481,690,3800,2062,3110,140.694
structured,5050ae8730bb3e64,256,505,2556,847,3886,2051,3039,141.906
structured,45dedbd6273bbc54,256,591,2860,1006,4377,2269,3371,141.774
structured,0ed969ecc60bf2d5,256,427,2193,695,3257,1766,2562,143.418
structured,0a610c45622e4bce,256,427,2437,700,3689,2010,2989,157.101
structured,b4dbaa5b1fd74f97,256,511,2446,855,3703,1935,2848,140.317
structured,d9a993ea2d10b752,256,505,2423,846,3698,1918,2852,146.544
structured,7d1e327e5f472a77,256,603,2799,1017,4359,2196,3342,191.717
structured,77c9a8c944f9df1e,256,421,2028,693,3181,1607,2488,141.184
structured,9722f40973638c8f,256,601,3240,1016,4964,2639,3948,139.69
structured,aaab54688e42a786,256,601,2987,1013,4581,2386,3568,142.429
structured,7045f660708d1970,256,591,3026,1005,4573,2435,3568,143.898
structured,56296c067bd7f25a,256,595,3018,1005,4599,2423,3594,141.86
structured,6b56277c95c977ae,256,513,2940,858,4365,2427,3507,139.078
structured,c8f0d54f6a7ee9fa,256,511,2669,848,4018,2158,3170,137.487
structured,b7a7c89a2480ee08,256,341,1878,540,2845,1537,2305,184.49
structured,43326211f9d5865c,256,591,2733,1001,4150,2142,3149,139.419
structured,9b9899f0f3ee0a71,256,597,3514,1012,5251,2917,4239,158.279
structured,10db3a6ac0c0124e,256,595,2535,1008,4020,1940,3012,141.405
structured,42dd96673acc36a6,256,425,2059,695,3111,1634,2416,141.675
structured,2f51d3acb17e0055,256,599,2727,1011,4314,2128,3303,180.599
structured,37ff1ddfd4ddaa0b,256,515,2549,857,3887,2034,3030,142.064
structured,736001ac0b755754,256,505,2407,839,3561,1902,2722,143.583
structured,6d668d87a8ad7ac6,256,423,2223,692,3318,1800,2626,167.669
structured,ebac4fecdf3335a3,256,599,3179,1009,4737,2580,3728,140.889
structured,e14c11280f231948,256,429,2358,699,3615,1929,2916,142.063
structured,87a97f78793d520b,256,499,2365,831,3626,1866,2795,142.04
structured,b628c477ab916a8b,256,593,3285,1007,4791,2692,3784,163.219
structured,b9e1c45c4de80ed6,256,427,2255,696,3453,1828,2757,139.711
structured,f2a17475978bd6bb,256,519,2138,861,3305,1619,2444,141.694
structured,fcbbc8a779fabca1,256,597,2937,1011,4471,2340,3460,134.167
structured,c52875d370d4b9fe,256,507,2825,850,4214,2318,3364,141.009
structured,d0716376ab5ee6a9,256,494,2496,781,3859,2002,3078,143.639
structured,d8b1eb2a801e4df3,256,507,2710,846,4028,2203,3182,139.009
structured,fd9e9df1af671934,256,509,2647,852,4044,2138,3192,148.763
structured,cbb4afaac3de19a0,256,517,2446,858,3819,1929,2961,139.688
structured,08e0eeeea0d50439,256,595,3007,1007,4430,2412,3423,138.241
structured,ffa53b9fcb8077d8,256,427,2199,698,3365,1772,2667,143.309
structured,f763b11057f7828a,256,601,2784,1012,4444,2183,3432,177.862
structured,dc3b8f629030d7a1,256,583,2950,997,4602,2367,3605,139.918
structured,154c60c06b1faaa6,256,593,3017,1007,4480,2424,3473,141.926
structured,ae3d1377232f13d3,256,431,1930,700,3001,1499,2301,148.237
structured,be965038e920f1db,256,515,2609,858,3907,2094,3049,138.409
structured,92d067147b855001,256,595,3028,1001,4512,2433,3511,141.808
structured,80e4a63bd2dcfd95,256,605,3301,1018,4890,2696,3872,140.422
structured,1f0e8f74869d25db,256,593,2901,1008,4698,2308,3690,179.14
structured,fc746ab07f84d487,256,595,3422,1010,5022,2827,4012,143.15
structured,c45f0db8aed9289e,256,587,2792,999,4126,2205,3127,142.335
structured,4acae752291afda8,256,595,2976,1009,4460,2381,3451,144.483
structured,050aaccbe4fa1a36,256,593,2938,1007,4512,2345,3505,141.312
structured,99a46b50c8158df7,256,597,2866,1011,4494,2269,3483,142.115
structured,692cb2f17366da53,256,503,2547,846,3966,2044,3120,177.813
structured,e7d1d75eb063ac3d,256,513,2326,856,3611,1813,2755,143.182
structured,79781f99ee977982,256,515,2719,858,4051,2204,3193,141.368
structured,4c729e8a24884596,256,511,2651,852,4037,2140,3185,142.332
structured,fff99f2348eec357,256,509,2722,852,4195,2213,3343,141.248
structured,14711db6d2702cce,256,601,3067,1017,4655,2466,3638,142.421
structured,d5abc092ad5e4143,256,515,2641,856,4038,2126,3182,140.909
structured,ac9b284303c97f68,256,503,2672,846,4164,2169,3318,179.257
structured,ce3bc30cde7b5cfe,256,599,3475,1016,5252,2876,4236,141.015
structured,193f8819d3062cd4,256,509,2597,846,3855,2088,3009,141.382
structured,91ccce5861f5e450,256,587,2726,1001,4111,2139,3110,140.114
structured,fba76db58d819394,256,501,2444,837,3677,1943,2840,142.76
structured,3c759fbe741c58b0,256,591,2659,1007,3879,2068,2872,138.385
structured,a711c9704a5b83c5,256,595,3074,1009,4655,2479,3646,140.971
structured,3a03b283a5e18d5b,256,421,2046,693,3033,1625,2340,152.272
structured,9c76ba362bc98bda,256,583,3140,998,4626,2557,3628,142.239
structured,510339e95ba53502,256,597,2921,1014,4568,2324,3554,142.317
structured,725b91ec20f25c63,256,511,2616,855,4036,2105,3181,190.795
structured,216316c2d110be71,256,417,1866,687,3065,1449,2378,142.443
structured,8b27d7238713e700,256,591,3355,1004,5028,2764,4024,141.298
structured,af2528ea5be47df9,256,599,2902,1008,4439,2303,3431,145.504
structured,5580f8bc7dab71d6,256,421,2127,691,3163,1706,2472,141.994
structured,9e098d3f479b297e,256,591,2828,1001,4216,2237,3215,178.524
structured,6353cb0d66751781,256,495,2757,784,4203,2262,3419,141.058
structured,42eef5f6f4aaf1ce,256,507,2827,849,4251,2320,3402,177.385
structured,a17f762cb9dbfe31,256,347,1770,546,2709,1423,2163,142.407
structured,c706b1ba09f8f8c1,256,255,1290,382,1973,1035,1591,191.848
structured,bdd51504986087e4,256,417,1862,681,2892,1445,2211,139.816
structured,4c2395af82a72c03,256,423,2053,692,3137,1630,2445,145.469
structured,66b23c8f4edc5709,256,589,2822,1002,4356,2233,3354,145.961
structured,d84ad29995f0cec9,256,599,2577,1010,4132,1978,3122,140.581
structured,84753b7c06b599ee,256,593,3052,1008,4918,2459,3910,139.558
structured,bf7f39c303c69d87,256,599,2852,1008,4464,2253,3456,139.298
structured,7c257256241cd225,256,597,3338,1011,4911,2741,3900,143.635
structured,976f68d112c2b4cc,256,589,2887,1000,4396,2298,3396,140.393
structured,1569ee4a9b794849,256,589,2671,1005,4161,2082,3156,139.46
structured,20f7460ef94099f8,256,589,2461,1002,3843,1872,2841,180.18
structured,4dedd2ce5933460f,256,593,2976,1005,4469,2383,3464,142.016
structured,68ccc01298c431d2,256,589,2753,1002,4065,2164,3063,142.127
structured,3a9949f5e5e9eb9a,256,599,3191,1013,4853,2592,3840,142.041
structured,18db9b61c4704038,256,503,2848,847,4088,2345,3241,177.526
structured,bb9de493c47c6892,256,591,3009,1008,4436,2418,3428,142.31
structured,893e3a4a99f04c56,256,591,3224,1004,4814,2633,3810,139.905
structured,cd361ce6c90ec5c9,256,591,3138,1004,4914,2547,3910,151.723
structured,f15fb064127bce4c,256,605,2828,1020,4518,2223,3498,141.506
structured,9e41acbedd2575b6,256,597,3093,1012,4571,2496,3559,143.682
structured,bbd8ac6306a7995d,256,593,2481,1009,4010,1888,3001,141.431
structured,c3db9294e3483f6b,256,429,2271,699,3442,1842,2743,140.209
structured,9dc7c593ccebb8a8,256,339,1787,538,2609,1448,2071,142.632
structured,b06bfb3e6c4a2bb7,256,505,2319,847,3619,1814,2772,142.99
structured,a95083a83ecb80bf,256,599,2813,1012,4444,2214,3432,177.711
structured,3292facb148f56c8,256,507,2503,843,3712,1996,2869,141.324
structured,f861e14848ec2079,256,501,2690,841,3998,2189,3157,140.097
structured,1ce5ab8c5f352234,256,599,3092,1011,4658,2493,3647,189.19
structured,d42f57e84527149b,256,429,2275,699,3450,1846,2751,140.232
structured,349e6a049b8c5a2f,256,593,2543,1007,4116,1950,3109,157.314
structured,546bb242e9c0aab7,256,595,2874,1002,4358,2279,3356,157.327
structured,85c7b91d009cdc15,256,593,3297,1003,5011,2704,4008,141.291
structured,27f6e35ce39bbf7b,256,591,2954,1006,4468,2363,3462,140.983
structured,41c3e1bec0eb0d53,256,503,2117,844,3312,1614,2468,142.68
structured,585174baca229924,256,601,3361,1017,5047,2760,4030,177.457
structured,027b93592593bf62,256,603,3231,1018,4846,2628,3828,141.941
structured,594690d82bd6ef31,256,423,2138,691,3213,1715,2522,140.001
structured,d47f7b37416511ca,256,597,3133,1010,4792,2536,3782,141.414
structured,60872c9e12a013e0,256,509,2355,849,3617,1846,2768,141.883
structured,b4f8bcf9d5c1545f,256,593,2839,1007,4401,2246,3394,141.779
structured,e6abd671bbc58f03,256,599,3375,1015,5046,2776,4031,139.261
structured,fec7dc989c78dfe9,256,597,3184,1014,4787,2587,3773,150.375
structured,66ddf8c38cdc89b0,256,593,2613,1009,4053,2020,3044,140.771
structured,a21bc6fa5969d191,256,507,2592,848,4016,2085,3168,143.911
structured,f85ba5a9c799f449,256,513,2565,852,3925,2052,3073,141.741
structured,6d54b75d128bc1fd,256,603,3271,1018,4770,2668,3752,142.32
structured,e80b68d678731b7e,256,423,2033,695,3134,1610,2439,141.02
structured,2d4a52b2bef1a550,256,585,3043,1000,4595,2458,3595,140.888
structured,2df680e72a9a0a66,256,591,2552,1004,4071,1961,3067,141.403
structured,bae01e731ac251af,256,513,2554,856,3798,2041,2942,139.618
structured,a790d71b06ed56dc,256,415,1815,682,2844,1400,2162,141.652
structured,f933483ed4807573,256,599,2601,1009,4261,2002,3252,140.377
structured,da04cd7702f54ff6,256,503,2570,845,3821,2067,2976,139.759
structured,094773c4e6f840cc,256,583,3062,993,4637,2479,3644,143.05
structured,a528e03b7108a2ac,256,609,2743,1028,4232,2134,3204,141.975
structured,9270900cdd394f6c,256,429,2385,700,3570,1956,2870,141.319
structured,3b1e92a65949dcbd,256,593,2728,1006,4204,2135,3198,142.563
structured,3fddfd23031e9e3b,256,507,2447,846,3787,1940,2941,141.438
structured,b4b81beb3bf8c9d0,256,603,3115,1018,4801,2512,3783,141.515
structured,7eb4f61793dc6a27,256,505,2503,847,3786,1998,2939,140.497
structured,f8f8ce2699611980,256,605,3330,1021,4925,2725,3904,140.519
structured,ba0c6cb56fdd63bd,256,517,3045,860,4600,2528,3740,140.834
structured,42bd00f1131af98a,256,423,1917,692,2939,1494,2247,139.149
structured,bedd513099fb4da8,256,864,3393,1443,5132,2529,3689,142.297
structured,29baf88d995a72ad,256,1220,3191,2013,4914,1971,2901,141.246
structured,da1fe815d82a6e97,256,595,3296,1009,5064,2701,4055,171.315
structured,5f497692b43963ba,256,591,2902,1004,4440,2311,3436,141.038
structured,ad124e6b4ea399d4,256,501,2703,841,4107,2202,3266,142.909
structured,51fa4e530485203d,256,521,2111,866,3085,1590,2219,141.285
structured,76cdaeafffb5dd85,256,519,2675,862,4097,2156,3235,133.983
structured,a04b4515ba495218,256,593,3133,1006,4709,2540,3703,141.677
structured,33bd8ba8987ef083,256,603,3493,1017,5334,2890,4317,141.72
structured,cbcc5ed9121321a6,256,593,2622,1005,3958,2029,2953,139.73
structured,fe1358ce254941b9,256,513,1832,853,3007,1319,2154,143.25
structured,0d6fd9f5d8901f1e,256,427,2345,698,3409,1918,2711,143.356
structured,96ff5db6873a83a9,256,599,3149,1011,4790,2550,3779,143.718
structured,62baf7f2479c174a,256,587,2552,1002,3946,1965,2944,142.02
structured,43d3630c9fc51054,256,605,2942,1022,4539,2337,3517,145.154
structured,1adebccc6fe485bf,256,597,2995,1003,4600,2398,3597,140.495
structured,c9db1203f3998cd5,256,597,3016,1007,4618,2419,3611,152.975
structured,153f2b99d084d8b9,256,595,3052,1009,4695,2457,3686,138.897
structured,b1113231a24092cc,256,419,1975,685,3032,1556,2347,139.299
structured,549a5abf9c649905,256,601,3468,1017,5139,2867,4122,141.718
structured,fe29c44f3c197105,256,595,2997,1006,4484,2402,3478,129.649
structured,f805db3954877091,256,599,2863,1011,4509,2264,3498,141.444
structured,8837180e9ea14efe,256,599,2787,1012,4303,2188,3291,141.11
structured,aef9d32e206a1222,256,595,3110,1009,4645,2515,3636,138.798
structured,75378f1f99de3094,256,599,3177,1013,4781,2578,3768,143.175
structured,93a98001551caa16,256,595,3277,1010,4782,2682,3772,139.937
structured,962e91f32daa8bf1,256,509,1839,850,3055,1330,2205,178.793
structured,ef9c2d29f9cd2dcf,256,501,2377,840,3532,1876,2692,176.844
structured,cb6d3cc33df5e6f3,256,599,3133,1014,4682,2534,3668,140.997
structured,cdd9c66345b77cee,256,605,3541,1022,5219,2936,4197,143.329
structured,a21ca11b0a61e7e1,256,511,2686,853,4123,2175,3270,143.523
structured,3c8009407a9cb20a,256,511,2921,854,4336,2410,3482,143.435
structured,4746c6f8bdf7af68,256,591,2625,1004,4090,2034,3086,177.021
structured,144f26c177e39b36,256,511,2682,856,4183,2171,3327,141.996
structured,383b1ee3bba63835,256,587,2634,999,4044,2047,3045,142.415
structured,737c36a3e2db2ae5,256,421,1454,691,2243,1033,1552,141.976
structured,17ca60c9c61983f2,256,507,2616,847,3812,2109,2965,142.528
structured,bbac4a64651ce784,256,511,2567,853,3943,2056,3090,143.936
structured,6c7fd594180ba4be,256,599,3090,1008,4540,2491,3532,142.873
structured,27af1292de27dcf3,256,497,2327,839,3546,1830,2707,143.028
structured,6888ce0d257b11b4,256,507,2257,849,3537,1750,2688,202.521
structured,7cf1a82d3874875d,256,511,2490,852,3829,1979,2977,140.303
structured,68cc541d16f286d8,256,505,2646,844,3939,2141,3095,139.323
structured,5cfec5d2dda07610,256,601,2739,1015,4187,2138,3172,140.991
structured,76a23326a8137dc4,256,419,2217,688,3281,1798,2593,139.588
structured,5fd4dbd668e643c4,256,597,2810,1012,4374,2213,3362,142.391
structured,30824fd2a6f9b79d,256,597,2996,1010,4379,2399,3369,141.224
structured,8d2d62d063feda57,256,511,2423,851,3704,1912,2853,141.054
structured,e39825e7e36b7c0f,256,503,2669,846,4060,2166,3214,141.78
structured,d61645e621112b9c,256,505,2191,848,3454,1686,2606,143.496
structured,34f1e91111d4acad,256,509,2600,845,3913,2091,3068,140.095
structured,6cb6b058e0da24e4,256,421,1880,691,2899,1459,2208,176.764
structured,e322bdd9c6131798,256,599,2958,1015,4593,2359,3578,141.306
structured,aa0e5f948252e7fb,256,503,2360,843,3602,1857,2759,141.197
structured,1831c966acd538aa,256,595,3130,1006,4813,2535,3807,140.546
structured,110b29d5c22f53a8,256,511,2971,854,4444,2460,3590,141.328
structured,c0dc330cef1d3ec0,256,503,2603,845,3793,2100,2948,140.205
structured,a611fb34be8a6da4,256,415,1631,686,2470,1216,1784,140.242
structured,a0462a2660097d34,256,761,2742,1263,4257,1981,2994,155.997
structured,efa2e5931b784fcb,256,501,2446,836,3792,1945,2956,142.057
structured,2c9ef66c16e6be3d,256,509,2615,846,3896,2106,3050,142.36
structured,912f94cddd6a9d63,256,591,2689,1006,4176,2098,3170,142.852
structured,58a4640e09e52983,256,587,2923,998,4352,2336,3354,140.277
structured,d47492eb46525dae,256,505,2680,843,3840,2175,2997,139.443
structured,97cf803cb4f68413,256,507,2719,851,4075,2212,3224,125.717
structured,756c5eebd1bdf683,256,605,3067,1023,4552,2462,3529,140.146
structured,6680bc02c204caf8,256,511,2147,851,3472,1636,2621,141.363
structured,44c5a9b44eedc6b2,256,593,2687,1005,4348,2094,3343,140.511
structured,3b92a782bb5516f9,256,589,3006,1000,4586,2417,3586,142.742
structured,0c69777c808f8265,256,589,3032,1003,4693,2443,3690,142.514
structured,ce225c0a1656aca5,256,587,2876,1000,4395,2289,3395,141.386
structured,10514e604b1bd575,256,483,1779,771,2841,1296,2070,138.368
structured,23f6494e0fa1e763,256,599,2333,1010,3374,1734,2364,157.054
structured,0573c6ea5c68cf71,256,507,2296,845,3566,1789,2721,141.457
structured,d3aaf7f6ab8b6315,256,591,2590,1003,4031,1999,3028,140.48
structured,0030b9766e03dce2,256,505,2450,847,3749,1945,2902,142.015
structured,4ab7dae78f86cacc,256,601,2662,1018,4057,2061,3039,140.908
structured,f43973cbe2fc1786,256,607,2749,1024,4159,2142,3135,143.077
structured,19b6fb8221cbf8a2,256,595,3047,1005,4609,2452,3604,141.067
structured,05255c981b006349,256,513,2810,857,4224,2297,3367,138.901
structured,81d0c21a70372b7e,256,587,2977,992,4407,2390,3415,140.126
structured,ba9b4149d21f6dba,256,509,2345,850,3546,1836,2696,152.377
structured,b353093fc03e1328,256,587,2962,1003,4625,2375,3622,139.653
structured,bc7399270d005707,256,597,2612,1011,4189,2015,3178,124.966
structured,566e14cbc6a79607,256,507,2717,849,4003,2210,3154,142.373
structured,2de5b5d242636d77,256,499,2168,840,3389,1669,2549,141.839
structured,47a64b2ca80e414d,256,593,2599,1007,4196,2006,3189,148.04
structured,ae06d4ec03832863,256,515,2359,857,3797,1844,2940,141.305
structured,3b11ef97d1923a1a,256,595,3022,1010,4566,2427,3556,144.047
structured,8a04b963aac1207a,256,595,3206,1012,4864,2611,3852,141.245
structured,aafbff0fa1ce59af,256,427,2123,697,3165,1696,2468,158.871
structured,f113950f235f38b9,256,599,3243,1016,4906,2644,3890,140.163
structured,2c9de6cfb53f93ad,256,599,3237,1013,4931,2638,3918,144.027
structured,ad80d57574dee885,256,599,3164,1015,4860,2565,3845,142.38
structured,e6334be453acd603,256,601,3139,1016,4750,2538,3734,141.481
structured,28c4a3dc9bb7032b,256,501,2400,842,3740,1899,2898,142.703
structured,cbb0e8d8b0df9920,256,591,3085,999,4649,2494,3650,141.823
structured,c6add372e679f714,256,515,2482,856,3757,1967,2901,140.736
structured,d3976520fc4550ad,256,517,2531,857,3871,2014,3014,139.59
structured,c0d82a0a9e78a7fb,256,345,1290,543,2125,945,1582,138.477
structured,1c1a325c9f6e0d72,256,505,2607,843,3895,2102,3052,147.538
structured,094931db67d5895f,256,599,2770,1014,4283,2171,3269,142.596
structured,8c7ead0ca9afb7eb,256,599,2990,1013,4609,2391,3596,147.167
structured,530ec91be37bd569,256,509,2354,848,3610,1845,2762,162.917
structured,77835205b57da2eb,256,593,2951,1005,4291,2358,3286,138.805
structured,2d1b00e993880dd1,256,609,3079,1026,4577,2470,3551,142.049
structured,9f99cd6fdbfbd430,256,601,3040,1015,4722,2439,3707,153.221
structured,d2623339dd06f6de,256,585,2775,998,4178,2190,3180,138.754
structured,9e667988d20e97f4,256,587,2683,1002,4299,2096,3297,141.786
structured,b4193330d5b2b06e,256,511,2397,851,3753,1886,2902,140.714
structured,6f373b616c9b8dc4,256,593,2430,1007,3933,1837,2926,140.718
structured,9131d78bc5cde1af,256,511,2911,854,4386,2400,3532,140.68
structured,ef70569ffdc23e0b,256,499,1854,839,3059,1355,2220,143.544
structured,021bd22eecbd0b6a,256,587,2839,1003,4414,2252,3411,142.629
structured,0590e2ecaf0bbea3,256,425,1976,694,2991,1551,2297,179.077
structured,e1a51ba1a0beaa63,256,589,2663,1002,4155,2074,3153,138.812
structured,2d9063f71c81423b,256,513,2315,858,3641,1802,2783,142.786
structured,c680c171cb8f6e07,256,509,2924,853,4279,2415,3426,146.53
structured,1ba21aa4208d2117,256,593,2624,1006,4107,2031,3101,140.981
structured,9406b0b3c882af34,256,605,3394,1017,5228,2789,4211,157.344
structured,31f76886c505673d,256,511,2864,855,4132,2353,3277,141.57
structured,d9c2e7de515dfcd0,256,595,3054,1008,4717,2459,3709,177.732
structured,4cab80f24bcdeb83,256,589,2993,1002,4609,2404,3607,142.523
structured,bbc9d4250ff297ac,256,503,2746,843,4020,2243,3177,139.285
structured,d746abad9d3565fc,256,429,2374,700,3475,1945,2775,142.421
structured,06d799e577f0f39d,256,597,3146,1013,4835,2549,3822,177.569
structured,3e23132b2df1b84b,256,427,2145,695,3181,1718,2486,140.047
structured,c71216c204c6488b,256,585,2722,996,4256,2137,3260,141.241
structured,20b7abff3f137491,256,591,2621,1006,3947,2030,2941,140.318
structured,a1fc7f659a4e1bdc,256,501,2339,840,3500,1838,2660,141.411
structured,9c1bb1b9061ddc24,256,601,2810,1017,4444,2209,3427,142.75
structured,2be1477d4f80ab1c,256,599,2811,1009,4329,2212,3320,141.52
structured,813d2eaa56b7c627,256,419,2413,691,3575,1994,2884,144.778
structured,63f441e54d55af28,256,501,2317,842,3499,1816,2657,144.046
structured,7faec6732a35bc36,256,593,2973,1008,4534,2380,3526,142.804
structured,f5016440cbc22d75,256,609,2415,1021,3958,1806,2937,141.538
structured,e320b747426a9569,256,597,2786,1012,4330,2189,3318,141.675
structured,3d89c3f86ad13c90,256,593,3589,1007,5336,2996,4329,140.288
structured,d4b9b28b8622735c,256,507,2690,848,4121,2183,3273,141.082
structured,dbb7d2f542f39f89,256,425,2103,696,3163,1678,2467,132.287
structured,d9a9009028029aec,256,593,3130,1005,4757,2537,3752,141.733
structured,73febb92d72f5ebc,256,595,3232,1007,4797,2637,3790,144.411
structured,09e75401b5f317c5,256,429,2403,702,3631,1974,2929,141.048
structured,82b935789d131138,256,601,3201,1014,4856,2600,3842,139.813
structured,58674d5772b10ce7,256,587,3020,1000,4665,2433,3665,141.909
structured,4ee8b76177f9800b,256,599,3339,1012,4949,2740,3937,138.823
structured,488a828973b14d3d,256,591,2459,1006,4036,1868,3030,166.749
structured,887ea18d94f084b3,256,507,2569,849,3788,2062,2939,141.176
structured,1335f22983b28574,256,595,2903,1011,4432,2308,3421,141.737
structured,a1f1e4eb144fd9b0,256,518,2257,863,3461,1739,2598,140.299
structured,9706ad640abfdce7,256,501,2483,842,3799,1982,2957,141.24
structured,1b416e8cad95b61f,256,513,2695,855,4140,2182,3285,142.71
structured,5fe8e44de8efcad0,256,597,3150,1010,4707,2553,3697,142.475
structured,b456bca5ebff1f0b,256,591,2487,1003,3916,1896,2913,178.523
structured,47bf49f08a12b648,256,515,2383,856,3623,1868,2767,142.566
structured,57fec9a793e32b8d,256,587,2837,998,4213,2250,3215,187.08
structured,21d8937aa9f70fe0,256,595,3159,1010,4673,2564,3663,159.231
structured,45db84fed456bd64,256,593,2946,1006,4451,2353,3445,176.741
structured,d433f6b006e43565,256,583,2366,994,3824,1783,2830,149.137
structured,4116d081ca4a59b5,256,581,2108,996,3296,1527,2300,177.409
structured,eff0b77a08542685,256,595,2755,1003,4265,2160,3262,142.078
structured,8f6f591559642d4f,256,425,2131,691,3266,1706,2575,142.537
structured,8b5e2d93caaf784e,256,421,1994,693,3065,1573,2372,140.823
structured,763e361d0b53cafb,256,505,2773,848,4081,2268,3233,140.84
structured,605353423004fdff,256,505,2882,849,4403,2377,3554,141.639
structured,3908e6c6602a5416,256,589,2483,998,3631,1894,2633,140.691
structured,718c0139175c0a65,256,593,3314,1008,5037,2721,4029,142.157
structured,1cc4a113c446d84e,256,607,2696,1024,3952,2089,2928,139.12
structured,6b0fb8a05f783504,256,593,2971,1005,4583,2378,3578,139.149
structured,2e27a0a7ffe1429d,256,601,2765,1017,4207,2164,3190,141.335
structured,2b84976cbaa83411,256,595,3480,1011,5315,2885,4304,142.197
structured,034a94671631c23e,256,591,2873,991,4247,2282,3256,145.821
structured,2e911aaa1f3ae73f,256,589,2630,1006,4194,2041,3188,175.235
structured,1f6f2c80f2fee710,256,597,3236,1008,4857,2639,3849,141.27
structured,ad16173c48ddf060,256,421,2025,690,3160,1604,2470,143.844
structured,0aa23135dfc1e74d,256,591,2817,1001,4382,2226,3381,138.682
structured,529b4ac60e9deeff,256,597,2888,1010,4447,2291,3437,139.713
structured,8f896364a4508ffd,256,515,2555,857,3866,2040,3009,142.504
structured,d4029da4f0e19def,256,591,3179,996,4555,2588,3559,139.943
structured,a6215528b3396334,256,509,2506,852,3745,1997,2893,140.124
structured,2b2747630668468e,256,591,2662,1005,4192,2071,3187,142.164
structured,6a7d83438e8fb43d,256,581,2996,996,4646,2415,3650,142.149
structured,3f926499be631211,256,509,2496,853,3842,1987,2989,142.428
structured,766bf83780c658e9,256,517,2483,858,3783,1966,2925,147.01
structured,e5746197780ef9ba,256,503,2789,846,4245,2286,3399,139.13
structured,4c7136fb09defc90,256,593,3050,1006,4554,2457,3548,140.833
structured,1da840ab25d034fb,256,503,2471,842,3846,1968,3004,184.632
structured,05b708ea411c3d14,256,593,2882,1001,4311,2289,3310,141.162
structured,74d75bab281d699c,256,505,2466,842,3728,1961,2886,142.162
structured,9623606fe4d3c361,256,591,3096,1003,4694,2505,3691,141.927
structured,945eb0fbef9c578c,256,593,2413,1006,3859,1820,2853,142.932
structured,dd375f8e3b07e682,256,603,3055,1015,4672,2452,3657,176.84
structured,d8150750f6821c39,256,603,2425,1018,3788,1822,2770,142.462
structured,e01caa2b42ef3495,256,597,3207,1012,4758,2610,3746,166.58
structured,746ab25da55487e5,256,509,2656,851,4011,2147,3160,141.019
structured,65de40ba2c8d0b6c,256,505,2587,850,4014,2082,3164,154.081
structured,83a0665ed2b77b1c,256,503,2259,846,3509,1756,2663,140.874
structured,1ee36fb265a6cc97,256,599,2967,1015,4426,2368,3411,140.832
structured,f80788a2235ef66d,256,595,2743,1007,4252,2148,3245,151.009
structured,6fe401f31ab282e0,256,597,3027,1012,4459,2430,3447,140.793
structured,1dee36bbb6d9e26e,256,513,2595,855,3909,2082,3054,196.101
structured,126f9534db113a06,256,587,2776,1001,4394,2189,3393,143.132
structured,7ee2d01b584f211b,256,505,2459,848,3743,1954,2895,140.188
structured,3123ae099ef48a1e,256,505,2626,848,3866,2121,3018,141.836
structured,aea47a038e706721,256,595,3459,1011,5043,2864,4032,152.354
structured,34904a6931457f9a,256,601,3219,1019,4940,2618,3921,153.814
structured,623d383a977d5e15,256,603,2883,1017,4503,2280,3486,140.788
structured,f1bcc1995caa1ea0,256,595,2733,1007,4179,2138,3172,141.668
structured,60eb50041a54643a,256,607,2967,1022,4491,2360,3469,143.065
structured,79343971ce79c4e4,256,513,2166,854,3445,1653,2591,141.527
structured,77b6841cdc2885b0,256,427,2195,698,3232,1768,2534,145.727
structured,a3ef783f6a2766aa,256,595,2755,1009,4336,2160,3327,140.039
structured,9cde123d754ecdea,256,511,2480,853,3743,1969,2890,140.422
structured,40845cc62aefaa5c,256,597,3180,1013,4806,2583,3793,144.216
structured,a075b4c0299859fc,256,597,2858,1011,4314,2261,3303,178.309
structured,7caf3a231c4ac51b,256,505,2196,845,3392,1691,2547,139.941
structured,2807b4289515b670,256,507,2804,850,4219,2297,3369,139.283
structured,0420e68cbcd8cbc6,256,431,2434,704,3653,2003,2949,140.641
structured,32f6961f487aae1a,256,507,2423,848,3642,1916,2794,140.739
structured,aabef2009f960c74,256,511,2366,850,3761,1855,2911,142.64
structured,07c737254ed1e092,256,603,3022,1018,4629,2419,3611,140.63
structured,04b774f404167c91,256,595,2686,1009,4198,2091,3189,143.931
structured,365b6c025105fd08,256,599,3285,1010,4975,2686,3965,139.711
structured,139e1f1fe5eb64f7,256,337,1672,535,2554,1335,2019,141.538
structured,d4535be35d3ad77b,256,597,3127,1013,4655,2530,3642,142.157
structured,18fefe7b6526e13d,256,591,2390,1008,3838,1799,2830,133.032
structured,8cb6d2ac4dc0542f,256,591,3252,1007,5044,2661,4037,177.897
structured,ebfb4164e1277455,256,421,2295,692,3530,1874,2838,140.026
structured,92f39b84bafdd6dc,256,599,3052,1013,4642,2453,3629,140.902
structured,b109e482996b64dd,256,587,2960,999,4398,2373,3399,144.96
structured,1524fd7ea36f9889,256,599,3110,1012,4758,2511,3746,177.842
structured,54560684eb7d2bf6,256,595,2854,1010,4468,2259,3458,140.485
structured,1f648901aa663a61,256,603,3206,1018,5021,2603,4003,139.495
structured,095b517f3e3cc0da,256,593,2782,1004,4234,2189,3230,139.329
structured,3da929f046155fdd,256,511,2465,854,3846,1954,2992,142.751
structured,4bdc5b01dd1c021a,256,503,2253,846,3558,1750,2712,140.432
structured,97c85e0b41192e2c,256,591,3311,1005,4933,2720,3928,140.374
structured,af0a2b0342696faf,256,425,2186,695,3239,1761,2544,141.15
structured,072d390d7acb8f55,256,595,2981,1011,4568,2386,3557,141.433
structured,638009c9f0512857,256,491,2325,776,3541,1834,2765,142.721
structured,624f7cbd743d228d,256,593,2849,1007,4320,2256,3313,139.014
structured,4e7d65c4081a509f,256,591,2905,1003,4429,2314,3426,142.28
structured,860b4342b3fa4a57,256,507,2472,849,3813,1965,2964,139.885
structured,cfed7ffde53d1b74,256,501,2190,843,3518,1689,2675,149.2
structured,42eac1b8d7e5af19,256,505,2678,846,3941,2173,3095,142.782
structured,12d685ba8709a61f,256,503,2390,847,3646,1887,2799,139.714
structured,810f5abfe76cb3bf,256,505,2652,849,4062,2147,3213,141.025
structured,5d0c84e14f478a32,256,505,2698,848,4137,2193,3289,139.93
structured,3cc834d524d32c07,256,599,3355,1014,5044,2756,4030,140.454
structured,83c023aba435e53c,256,593,2791,1001,4427,2198,3426,144.285
structured,938b75d18974d831,256,595,2335,1005,3779,1740,2774,139.943
structured,1c84700486c1f47f,256,493,2215,777,3399,1722,2622,140.504
structured,4ec2c24eed788c59,256,599,2471,1014,3935,1872,2921,140.21
structured,82cf0b17cd02e4f4,256,587,2378,998,3734,1791,2736,141.883
structured,3210a088b7ad723b,256,505,2387,843,3695,1882,2852,141.002
structured,7e5c01594f6d17de,256,425,1871,696,3047,1446,2351,139.857
structured,b89930ee7a840b06,256,509,2585,850,3871,2076,3021,143.87
structured,d533e87dce3cfa5f,256,417,1905,687,2944,1488,2257,144.06
structured,457f4b5731f36d4e,256,427,2386,698,3498,1959,2800,150.737
structured,ffbd5edfaeabc36a,256,507,2418,851,3768,1911,2917,150.329
structured,37c09f8863791f28,256,601,3159,1012,4727,2558,3715,178.516
structured,44d159264bf48d23,256,601,2875,1017,4452,2274,3435,141.647
structured,a68162290e801329,256,595,2853,1006,4441,2258,3435,141.377
structured,9d0ba38a22ebaf21,256,507,2574,847,3942,2067,3095,187.494
structured,acc29abdefa6f626,256,593,2789,1007,4336,2196,3329,142.32
structured,2202f1a725e6810f,256,591,3018,1005,4717,2427,3712,139.764
structured,94a62c66985e9f4f,256,335,1869,534,2866,1534,2332,142.07
structured,ff8f59e6cc3791bb,256,335,1592,533,2447,1257,1914,140.942
structured,e9bf40366592f031,256,513,2769,856,4254,2256,3398,143.087
structured,d8048fa1cb9bf7a9,256,605,2765,1020,4421,2160,3401,140.322
structured,4e88a8878879bb34,256,587,2857,1001,4369,2270,3368,141.871
structured,2f60c46232b96c95,256,593,2715,1006,4120,2122,3114,141.186
structured,65a96903d90c885d,256,593,3189,1007,4762,2596,3755,143.333
structured,b18ec2ae55e51913,256,423,2369,695,3481,1946,2786,141.997
structured,5fd334300606dbaa,256,599,2700,1012,4226,2101,3214,142.04
structured,813c7a4129cccaf1,256,437,2466,708,3721,2029,3013,140.655
structured,f5ca814c94c025a9,256,591,3083,1007,4462,2492,3455,176.44
structured,381d204b862915e7,256,509,2687,851,4102,2178,3251,142.737
structured,bdfa1c9135fa9c0b,256,599,2772,1007,4279,2173,3272,141.993
structured,4c7a54a7f2308c00,256,581,2843,997,4230,2262,3233,140.336
structured,9cfa62d4c6c1faab,256,597,3379,1011,5131,2782,4120,153.988
structured,745e6d09ede87343,256,421,2109,692,3129,1688,2437,141.325
structured,6d3051bfc0b4c2fc,256,335,1626,534,2510,1291,1976,155.982
structured,2abbdc510cd2a22b,256,517,2515,856,3941,1998,3085,190.23
structured,05f1b982054541b5,256,597,3411,1010,5125,2814,4115,140.976
structured,31f0ad032458bd1b,256,587,2804,997,4299,2217,3302,142.946
structured,397e66c6d0e33d83,256,591,3072,1004,4677,2481,3673,140.438
structured,700bab0ec9067ad1,256,425,2164,697,3311,1739,2614,144.496
structured,5be8360f1bac8c07,256,591,3258,1007,4943,2667,3936,140.347
structured,cf824c70a0b238e1,256,599,2663,1011,4045,2064,3034,194.169
structured,a8e6aa7a14676ab1,256,507,2060,849,3314,1553,2465,187.312
structured,9f62de2aedc22873,256,585,2463,1000,3879,1878,2879,177.255
structured,b204fba94837e76f,256,505,2603,848,3961,2098,3113,177.865
structured,014d8842275b87ed,256,601,3227,1015,4767,2626,3752,145.439
structured,c7d7680ce4566e0f,256,419,1976,688,3006,1557,2318,142.186
structured,e9eade526a5f8353,256,585,3052,997,4766,2467,3769,149.634
structured,7c92a6823f8af9b1,256,603,2987,1021,4681,2384,3660,140.279
structured,769efdaa2cee10b9,256,513,2314,856,3493,1801,2637,141.369
structured,6c5d8dca9f104a53,256,607,3342,1022,5047,2735,4025,141.022
structured,d9742b7e5b7f8bd6,256,597,2700,1013,4309,2103,3296,142.674
structured,5ca02d76e62fd627,256,499,2242,840,3518,1743,2678,141.458
structured,412b79f26c316890,256,515,2647,858,4257,2132,3399,143.78
structured,598e0fac9e4a89ad,256,509,2538,852,3748,2029,2896,140.191
structured,c04a4fbfd7be71bf,256,597,3271,1012,4998,2674,3986,152.138
structured,9049def73da2dbeb,256,595,3360,1012,4766,2765,3754,167.925
structured,64cde9ff85913d1d,256,511,2518,852,3863,2007,3011,139.005
structured,5853c6086bfa9dda,256,519,2133,861,3253,1614,2392,140.467
structured,35eb3216567f4535,256,431,2246,702,3363,1815,2661,142.451
structured,594bcd75a0d1c1be,256,603,3485,1017,5310,2882,4293,140.711
structured,7d5010d678bbe8b8,256,597,2251,1012,3494,1654,2482,141.662
structured,06854b77ac86722e,256,595,3015,1007,4582,2420,3575,143.679
structured,870e3d7ae04fe033,256,601,2838,1016,4383,2237,3367,142.234
structured,f7cab259bf404e54,256,599,3069,1015,4710,2470,3695,143.421
structured,018dcc2d6585189f,256,593,2923,1006,4369,2330,3363,177.215
structured,7bb56e17fcb9fc21,256,607,3342,1024,4983,2735,3959,142.177
structured,851291a16045e12d,256,513,2955,858,4377,2442,3519,177.382
structured,866192f797e893d7,256,505,2293,844,3453,1788,2609,139.458
structured,ddd83d8c951cef83,256,595,2845,1004,4245,2250,3241,139.985
structured,a54de80be91b47f8,256,599,2903,1018,4392,2304,3374,140.702
structured,879feec8cf677d45,256,597,2307,995,3562,1710,2567,142.592
structured,23d966f211bc6230,256,597,3088,1012,4591,2491,3579,143.951
structured,60ce9448ea274811,256,585,2841,995,4290,2256,3295,141.243
structured,923416a9904ed1c6,256,591,3173,1006,4749,2582,3743,141.115
structured,69fc2b8ff3225b62,256,597,2889,1007,4415,2292,3408,142.029
structured,04524d634992ea00,256,587,2658,995,4015,2071,3020,141.605
structured,27fe48ff9e0d3054,256,595,3181,1011,4904,2586,3893,141.881
structured,9f683680ffc940d5,256,599,2887,1010,4354,2288,3344,144.295
structured,523c75f31e103fa2,256,587,2781,996,4178,2194,3182,143.522
structured,095f47f3e1f01bde,256,587,2965,995,4513,2378,3518,141.527
structured,4fc1cdaa864ebcec,256,423,1756,694,2843,1333,2149,139.852
structured,6ef8c186d3a8850e,256,515,2064,858,3352,1549,2494,141.903
structured,4185f265181b41f9,256,601,3411,1015,5157,2810,4142,140.832
structured,2ae548b3c8577458,256,597,3358,1012,5003,2761,3991,146.847
structured,1aa642f66e65ff36,256,505,2767,847,4207,2262,3360,142.07
structured,5fefb0e35971f741,256,601,3289,1016,4983,2688,3967,139.052
structured,cfcfc4b73bde6750,256,597,3294,1004,4913,2697,3909,140.435
structured,9d6ddd2381d1e3da,256,509,2799,851,4333,2290,3482,139.914
structured,0c7f5d6b23675730,256,587,2420,1000,3896,1833,2896,140.609
structured,360dc1ed50fd1f46,256,515,2274,858,3606,1759,2748,140.01
structured,9570970467bfea1a,256,599,3315,1015,4933,2716,3918,139.981
structured,0483ea5227ad55ea,256,507,2004,849,2966,1497,2117,141.811
structured,c7d751559e7b1324,256,599,2658,1013,4164,2059,3151,148.821
structured,8ed19b18d61e81c1,256,593,3128,1005,4680,2535,3675,141.833
structured,f3612b7844ba6dcc,256,509,2306,850,3551,1797,2701,144.915
structured,9f5d7f42a5067469,256,597,2839,1009,4377,2242,3368,177.747
structured,d07349690c0e6897,256,595,3096,1009,4805,2501,3796,140.498
structured,d449f41178967eef,256,595,3131,1008,4764,2536,3756,141.418
structured,e5212fc494b61e15,256,511,2444,854,3743,1933,2889,140.979
structured,277c79a7afe7f411,256,595,2867,1008,4336,2272,3328,140.846
structured,9ed6ae8977b21dcf,256,591,3112,1006,4628,2521,3622,152.918
structured,547ace7cf309a0f7,256,599,3131,1012,4728,2532,3716,140.906
structured,ee8ab526ef32f1bd,256,515,3137,858,4789,2622,3931,141.993
structured,a074f9b4aefb8ca3,256,597,2494,1009,3715,1897,2706,139.237
structured,b172166bc6396a08,256,507,2558,847,3889,2051,3042,164.379
structured,a8e197e5a041da39,256,509,2699,853,4082,2190,3229,139.84
structured,891f728e555820fa,256,513,2572,853,3975,2059,3122,145.077
structured,d71672ad58f79016,256,507,2369,844,3540,1862,2696,144.675
structured,1feb4c6cdff9f8b3,256,507,2338,848,3554,1831,2706,140.912
structured,b99bd3eb52fcc37c,256,599,3082,1013,4841,2483,3828,139.812
structured,c5d8cb1deb2d8c8a,256,599,3116,1013,4738,2517,3725,139.352
structured,90a0501744d45716,256,511,2227,853,3616,1716,2763,142.885
structured,e941d4adb529a212,256,601,3264,1017,5002,2663,3985,139.465
structured,644e81060ca0ecda,256,603,2615,1018,3950,2012,2932,140.329
structured,57352200e14c8ee6,256,417,1963,686,3030,1546,2344,154.524
structured,ad603ac3f52d8634,256,499,2433,839,3791,1934,2952,150.233
structured,c2eb3d88ac4a80b8,256,591,2940,1002,4380,2349,3378,143.718
structured,228d0d5596175b0d,256,583,3476,998,5421,2893,4423,141.162
structured,7243d9350c2cd31b,256,595,2876,1007,4338,2281,3331,144.285
structured,45092d112054c0d6,256,603,3091,1015,4708,2488,3693,142.489
structured,ca41fc5320b1d03c,256,597,2420,1007,3593,1823,2586,143.979
structured,04ff79846c345e8c,256,511,2765,851,4117,2254,3266,140.567
structured,deb80eb03a1aeaf1,256,517,2352,859,3598,1835,2739,141.865
structured,c0fa681dd1114083,256,591,2966,1004,4670,2375,3666,139.667
structured,680bc03f6a5857cd,256,335,1656,533,2507,1321,1974,140.418
structured,50292666fc719581,256,595,3043,1002,4720,2448,3718,143.052
structured,b6e314500d28c8e9,256,511,2570,856,3786,2059,2930,157.928
structured,5ddf5e5c57d552b0,256,591,3260,1007,4863,2669,3856,184.417
structured,800d8c6779de34a4,256,595,2819,1006,4283,2224,3277,140.929
structured,5ea1ef70be3cc4a9,256,597,2880,1006,4428,2283,3422,140.872
structured,0be17ff26b7b4d5e,256,587,3016,997,4673,2429,3676,140.131
structured,689e5aacab66e87f,256,605,3288,1020,4965,2683,3945,155.541
structured,51b0670cfd6665c2,256,599,3024,1012,4522,2425,3510,145.8
structured,e46be4326e6b2382,256,419,2152,689,3257,1733,2568,144.671
structured,1c7b8761a26485ad,256,593,2995,1002,4562,2402,3560,142.646
structured,0e2cd99f5d66717e,256,513,2615,854,3902,2102,3048,141.386
structured,5b5706a0be72244e,256,589,2846,1006,4202,2257,3196,140.997
structured,7c841dd5d5f4c746,256,511,2702,854,4166,2191,3312,144.45
structured,b84a32263965c2f0,256,509,2700,851,4090,2191,3239,177.345
structured,291ecbce97f75213,256,423,2203,694,3397,1780,2703,140.323
structured,706b702cb74d97cd,256,603,2283,1021,3421,1680,2400,142.16
structured,5dd8a1ee37ac5fdc,256,597,3328,1013,4952,2731,3939,142.067
structured,6ba5d6b4ed6f14a6,256,509,2210,852,3585,1701,2733,143.181
structured,e7986c15b598b99d,256,429,2430,700,3715,2001,3015,140.38
structured,9a277107790b39e1,256,591,3129,1006,4710,2538,3704,140.328
structured,08092e09bf889ada,256,593,3109,1009,4612,2516,3603,176.464
structured,7dae13e104b4abff,256,589,3282,1004,4830,2693,3826,146.647
structured,ccaec649713535f1,256,431,2297,702,3509,1866,2807,142.735
structured,730031a8b4225da7,256,509,2743,851,4062,2234,3211,140.864
structured,cb58f0e131c57c83,256,511,2533,853,3948,2022,3095,155.385
structured,c7e164a64ba7e9d9,256,417,2225,683,3321,1808,2638,138.422
structured,6fd57076fb0d4423,256,507,2535,843,3864,2028,3021,140.022
structured,d053411f9aa21bad,256,717,3408,1270,5257,2691,3987,142.401
structured,c8548439ef5d8ef2,256,595,2755,1007,4303,2160,3296,141.516
structured,be19bdbf5a3ec8ce,256,603,3123,1017,4655,2520,3638,152.198
structured,00e979704e04c5e7,256,605,3395,1022,5033,2790,4011,140.279
structured,7d43bcace208c3bd,256,593,2852,1010,4402,2259,3392,177.687
structured,20612457ae1ba142,256,599,3346,1015,5001,2747,3986,141.279
structured,1515c868dd0d3add,256,593,2936,1010,4345,2343,3335,141.567
structured,e33159bef01e6c19,256,497,2172,840,3317,1675,2477,141.085
structured,4e2e8f6b5ccab78d,256,593,2545,1004,3975,1952,2971,142.833
structured,7afb4538d1277dea,256,421,2100,690,3102,1679,2412,142.091
structured,47a204b199e0ef53,256,509,2778,852,4265,2269,3413,142.46
structured,44d4079b58f5b834,256,509,2718,852,4186,2209,3334,143.385
structured,779adac5817c2da3,256,503,2447,839,3634,1944,2795,139.193
structured,c5a40f56bd4bec59,256,503,2610,846,3994,2107,3148,142.51
structured,4e8e73b69dd897e0,256,421,1937,689,2953,1516,2264,140.536
structured,54736dc23db27013,256,507,2332,847,3775,1825,2928,178.09
structured,a207702e71f2530b,256,603,2600,1018,4132,1997,3114,131.603
structured,dc288a924bc29bac,256,593,2515,1006,3918,1922,2912,140.26
structured,b34e229a37481e7c,256,591,2924,1004,4504,2333,3500,141.795
structured,79cd68862c082451,256,585,2881,998,4390,2296,3392,141.704
structured,a5521eb692063c4f,256,599,3479,1013,5260,2880,4247,140.476
structured,fcddd701de04581c,256,591,2729,1008,4252,2138,3244,141.736
structured,3489d61ed8b0d5cc,256,509,2699,850,3991,2190,3141,152.702
structured,0c57c58408d1953e,256,607,3475,1025,5334,2868,4309,147.953
structured,a30703bd01a788f7,256,509,2605,851,4010,2096,3159,142.535
structured,91022bc520d35ff1,256,507,2449,845,3694,1942,2849,141.733
structured,e9231dab4d9f6b72,256,595,2790,1005,4327,2195,3322,142.469
structured,e2bbeae1549b489a,256,595,3118,1009,4911,2523,3902,141.737
structured,3becec7baef7c2f2,256,419,2225,689,3331,1806,2642,143.09
structured,33a97e30c3b8ff9a,256,595,2884,1006,4458,2289,3452,142.844
structured,a91eedf297d7a1ca,256,597,2907,1008,4532,2310,3524,139.35
structured,719cfa3cfe981d22,256,597,3154,1010,4638,2557,3628,178.927
structured,e14bc854e1ba0343,256,501,2193,844,3540,1692,2696,141.636
structured,1ba1a6c7aa46efee,256,509,3026,852,4551,2517,3699,140.131
structured,d59d652ab102d34a,256,425,2172,693,3315,1747,2622,139.78
structured,6138f17e9322f756,256,595,3197,1005,4835,2602,3830,180.339
structured,bd2afd683c4b26cd,256,597,2423,1006,3879,1826,2873,141.672
structured,7f8a71ada65747a5,256,587,3370,1001,5189,2783,4188,141.641
structured,e154695fc9d14dea,256,505,2600,846,3898,2095,3052,142.298
structured,b20ebb4b9990e785,256,427,2094,698,3095,1667,2397,139.793
structured,f4c673fad935e906,256,597,2841,1008,4313,2244,3305,141.39
structured,b33a11e0c9c51227,256,593,2908,1007,4338,2315,3331,154.299
structured,096f4404d10815e0,256,605,3334,1018,4965,2729,3947,141.021
structured,076ca8279f2eeb0d,256,581,2174,990,3320,1593,2330,142.384
structured,5e8b9ee49f9ae3fc,256,603,2595,1017,4131,1992,3114,143.106
structured,1f2bce14545c6477,256,593,3226,1003,4690,2633,3687,142.385
structured,e033e248cde7e1f1,256,603,3260,1018,4948,2657,3930,140.24
structured,b7c8ddef8f48a63e,256,595,3088,1009,4678,2493,3669,141.585
structured,8fc6ed64155bc4da,256,503,2608,846,3809,2105,2963,174.571
structured,b1be49470bb7922f,256,595,3197,1009,4918,2602,3909,142.007
structured,f8df929a6d8c1ff6,256,503,2361,845,3641,1858,2796,142.401
structured,99a4d75b29778fce,256,511,2983,854,4506,2472,3652,141.898
structured,1e5c48404d9ed0a2,256,597,3469,1011,5245,2872,4234,150.847
structured,af02167fae04582a,256,427,2194,695,3367,1767,2672,139.236
structured,1defbfcbb8878770,256,593,2857,1003,4477,2264,3474,141.296
structured,9983c50877634a4b,256,599,3051,1007,4544,2452,3537,148.318
structured,25f7defe4d171f9c,256,597,2697,1006,4244,2100,3238,177.604
structured,2a9830ac5e57e20e,256,591,3270,1007,4756,2679,3749,143.463
structured,861d26201c44285b,256,427,2217,698,3432,1790,2734,147.662
structured,8ccc154e8dff0ff4,256,427,2176,696,3333,1749,2637,139.322
structured,7d60c8822938bdbc,256,509,2825,852,3997,2316,3145,141.663
structured,4b0f0711f2f88fb8,256,509,2315,850,3745,1806,2895,178.137
structured,1b646e3bd5323ca6,256,601,2970,1015,4575,2369,3560,142.687
structured,2e25fcf9243eac98,256,509,2431,847,3618,1922,2771,161.994
structured,ed08af7cf139b723,256,585,2967,1000,4681,2382,3681,141.187
structured,cc09850592d6a122,256,597,2993,1011,4630,2396,3619,139.413
structured,1afced6bb103a296,256,583,2729,994,4214,2146,3220,141.182
structured,ac4888407295fd5a,256,595,3066,1007,4573,2471,3566,141.03
structured,b6e6ab8f7e63a0be,256,593,2593,1004,3953,2000,2949,179.89
structured,48f2aea379e54af4,256,501,2616,843,3954,2115,3111,141.709
structured,a690d0f78a5c9728,256,589,2407,992,3831,1818,2839,142.941
structured,f1daf55b19735da7,256,589,2930,1003,4408,2341,3405,136.052
structured,431174b45b503817,256,599,2630,1008,3982,2031,2974,177.157
structured,8c65fc1368e5649b,256,601,2971,1013,4485,2370,3472,177.606
structured,ad4ff57310641bf4,256,517,2882,861,4410,2365,3549,180.079
structured,5219a450b0792453,256,906,3265,1512,4762,2359,3250,140.233
structured,8131f12fcea685ae,256,593,2838,997,4295,2245,3298,141.854
structured,cc13090154a14239,256,601,3179,1016,4733,2578,3717,141.811
structured,0e911e8594fdd9fb,256,597,2662,1010,4132,2065,3122,141.562
structured,b7781a33c65529fb,256,591,2507,1004,3923,1916,2919,142.877
structured,f2dd80550ed1246b,256,511,2425,853,3709,1914,2856,143.126
structured,c7a21bb8b4884e8e,256,421,2267,692,3457,1846,2765,140.164
structured,9aa358f36b60009a,256,507,2519,849,3816,2012,2967,143.241
structured,15e4c4bb81aadc1f,256,601,3199,1014,4879,2598,3865,140.957
structured,4f6d03d81063705c,256,599,3550,1015,5292,2951,4277,150.475
structured,bd892427782d57c5,256,589,3171,996,4763,2582,3767,142.469
structured,103436cb8f3e322c,256,609,3383,1022,5223,2774,4201,140.567
structured,980a694dcca47c50,256,431,2243,701,3437,1812,2736,144.464
structured,bf3b57e17c81ba2e,256,599,3183,1012,4749,2584,3737,141.976
structured,d1e596c0cb81a99f,256,503,2450,844,3775,1947,2931,142.081
structured,19b0c1cf8f6e68da,256,599,3223,1014,4750,2624,3736,141.187
structured,ae11ed240c6ce2ff,256,417,2313,688,3556,1896,2868,140.697
structured,fa57205888c2e46f,256,507,2509,847,3858,2002,3011,146.799
structured,e72dcbcceb8fbe41,256,509,2906,852,4217,2397,3365,147.725
structured,c117caed379b793d,256,601,2386,1014,3892,1785,2878,142.399
structured,38dcddf9fca2380c,256,583,2249,992,3438,1666,2446,141.975
structured,e5049e5c08b6b287,256,589,2981,1002,4591,2392,3589,190.191
structured,36b8a38d0ecee3d1,256,599,3402,1013,5113,2803,4100,140.601
structured,0f15400162acc8a9,256,425,1786,692,2794,1361,2102,146.899
structured,907a36a48ae5a5a0,256,505,2792,849,4271,2287,3422,139.799
structured,31941c1bd2730209,256,591,3407,1006,5062,2816,4056,140.732
structured,fdd322e921aa2805,256,587,2713,991,4060,2126,3069,141.539
structured,785945926869a191,256,501,2182,840,3435,1681,2595,141.332
structured,051e915fec9d870e,256,501,2783,844,4121,2282,3277,141.511
structured,3cc0b25f28cabaf4,256,591,3080,998,4660,2489,3662,141.887
structured,e701687ef7be893d,256,507,2551,845,3978,2044,3133,154.662
structured,03b252d65f7ab285,256,593,2711,1001,4064,2118,3063,140.904
structured,d50600a3a7ff4a62,256,421,2349,691,3556,1928,2865,142.085
structured,aaf0fe3e47f8283e,256,511,2502,854,3891,1991,3037,142.152
structured,9478fe244abffc35,256,503,2907,847,4443,2404,3596,136.189
structured,4050054b2768a96c,256,587,2844,998,4313,2257,3315,146.328
structured,ed5d4311adbfc9c9,256,587,3145,993,4800,2558,3807,141.648
structured,7859e366574cdb52,256,501,2382,844,3603,1881,2759,141.391
structured,0e3c2ccb05a7bdf8,256,595,2873,1001,4480,2278,3479,177.693
structured,714c5cc4d2157bf2,256,429,2071,698,3154,1642,2456,144.83
structured,033e869f56b5ca1e,256,593,2985,1005,4403,2392,3398,141.631
structured,c9795402d6ed76ec,256,595,2406,1009,3803,1811,2794,139.089
structured,41808a61b9cc706d,256,519,2673,862,4249,2154,3387,140.967
structured,9ff3afb86803d2e2,256,601,2593,1013,3846,1992,2833,140.948
structured,f13b65a08d826855,256,511,2018,856,3076,1507,2220,145.189
structured,fcb276f31afd4b16,256,595,3092,1007,4805,2497,3798,144.921
structured,9068ec471afc3730,256,591,2509,1001,3669,1918,2668,139.948
structured,8197bd458e427e55,256,507,2493,847,3864,1986,3017,142.526
structured,e5ca5d84012f1488,256,599,2971,1009,4479,2372,3470,141.97
structured,d0e9acb578620920,256,599,2750,1009,4300,2151,3291,141.686
structured,5d554d9aaa91c45a,256,589,2670,1002,4133,2081,3131,142.168
structured,42d19cc791a7b27f,256,603,3107,1014,4729,2504,3715,144.363
structured,65dd6c15cf02b8da,256,509,2323,851,3549,1814,2698,146.273
structured,d425628a3138884d,256,593,2684,1003,4185,2091,3182,140.173
structured,4e79733605573f5c,256,597,3316,1014,5270,2719,4256,140.721
structured,5eba1eb5b0e4962d,256,595,2299,1008,3710,1704,2702,143.086
structured,619d36729dfcab0f,256,1084,2501,1816,4057,1417,2241,141.496
structured,2109c112c5743450,256,603,3232,1018,4927,2629,3909,139.377
structured,0599ca01141b90ec,256,417,2278,687,3489,1861,2802,139.882
structured,be9f8055bc567744,256,511,2261,853,3511,1750,2658,156.643
structured,1a2462cb0ebd41bf,256,589,2301,1003,3512,1712,2509,142.155
structured,74176be3bde43783,256,595,3042,1009,4618,2447,3609,140.269
structured,e55da540a1e482a9,256,595,2702,1007,4139,2107,3132,141.467
structured,92a75b419bc987c8,256,593,2992,1003,4589,2399,3586,142.205
structured,842873f12325cbcf,256,591,2797,1006,4311,2206,3305,143.445
structured,72531ce2ae6515ad,256,611,2841,1027,4385,2230,3358,140.809
structured,b050b0d6b53b525e,256,585,2443,999,3781,1858,2782,179.164
structured,ce6723c788468e36,256,507,2895,852,4278,2388,3426,176.425
structured,bf8cecbdb152cab1,256,591,2725,1007,4216,2134,3209,141.299
structured,798db879d24f5fb3,256,509,2469,851,3840,1960,2989,170.463
structured,3c387638511af050,256,599,2974,1013,4627,2375,3614,143.841
structured,60bc4f478a210258,256,425,2361,698,3533,1936,2835,141.11
structured,40287f5ef549bebe,256,507,2589,849,3703,2082,2854,162.117
structured,9d6bc27f4d4e440f,256,509,2812,852,4266,2303,3414,143.689
structured,45c53a567d809351,256,421,2137,692,3176,1716,2484,139.458
structured,6b11e2665161713b,256,583,2718,997,4257,2135,3260,177.233
structured,2c970831a8ddd524,256,597,3124,1011,4674,2527,3663,131.682
structured,a1f48e26c25165cb,256,603,2654,1015,4148,2051,3133,140.067
structured,4346cbc3e846cdd4,256,423,2187,690,3337,1764,2647,141.239
structured,df96e69d1ab5df5a,256,609,3670,1026,5592,3061,4566,141.365
structured,29fec85d4d824392,256,589,3341,1006,4675,2752,3669,139.722
structured,c6130c4d9d1f28fa,256,583,2742,998,4361,2159,3363,177.148
structured,0b6fbfef2cd74cd6,256,599,2921,1012,4400,2322,3388,150.544
structured,44e3bd4417132b04,256,603,3512,1020,5203,2909,4183,142.939
structured,62be8b2a241db3ba,256,595,2846,1001,4366,2251,3365,141.313
structured,a00acda182e11110,256,589,3478,1006,5223,2889,4217,142.472
structured,65d54e367ac91d74,256,601,3103,1014,4640,2502,3626,141.233
structured,7ce06f9783dab22e,256,599,3369,1016,5081,2770,4065,141.208
structured,4e1f6b4b42bfcb80,256,599,3570,1016,5394,2971,4378,143.147
structured,d233e2ea9a4a557b,256,599,3099,1010,4630,2500,3620,156.149
structured,14fcac7500b62493,256,505,2626,844,3968,2121,3124,142.72
structured,094309796d3c92bf,256,509,2644,852,4006,2135,3154,140.873
structured,1f2ef975438323e9,256,615,2979,1037,4505,2364,3468,140.941
structured,ef6fe65370ad559a,256,427,2194,694,3336,1767,2642,166.821
structured,d3179eaac7fee3a5,256,599,3075,1012,4621,2476,3609,142.345
structured,8f6472b22364c10b,256,509,2811,851,4200,2302,3349,141.023
structured,58f0ffe457fb1ef7,256,601,3215,1017,4836,2614,3819,140.365
structured,ae8428dbebe7b870,256,501,2396,842,3676,1895,2834,141.659
structured,b7999fe6a2be4739,256,595,2867,1003,4392,2272,3389,142.956
structured,f3be4e71cfacc0ab,256,603,3616,1020,5406,3013,4386,141.535
structured,df583e87087e116d,256,601,3330,1014,4944,2729,3930,178.246
structured,e723ab404dee7be0,256,511,2648,855,4025,2137,3170,140.182
structured,a943f0dea0dee2b1,256,587,2902,1003,4357,2315,3354,178.296
structured,20c68b824d2c4f5e,256,513,2245,854,3609,1732,2755,129.956
structured,c234c50a2279ca3e,256,589,2614,1001,4159,2025,3158,140.316
structured,502a0f91e9d960bd,256,603,2971,1018,4724,2368,3706,141.163
structured,6b0973c30ecf7da0,256,591,3207,1006,4759,2616,3753,141.885
structured,234ce741c0c47af9,256,511,2806,853,4183,2295,3330,177.453
structured,a18843dbbf80d911,256,423,2245,695,3444,1822,2749,141.452
structured,ef00aa45d66b4bff,256,597,3021,1003,4415,2424,3412,177.944
structured,7b0eaac487340764,256,509,2924,852,4263,2415,3411,164.822
structured,2593dccabb00bbb9,256,511,2488,849,3862,1977,3013,139.887
structured,13dc3ac07d0c19f5,256,595,2838,1010,4263,2243,3253,143.345
structured,54267a373af58242,256,597,3168,1013,4723,2571,3710,149.119
structured,5134c682f601ca95,256,605,2559,1020,4061,1954,3041,141.893
structured,d91bc26d41263b7f,256,501,2320,844,3698,1819,2854,140.248
structured,a0df94006eba97d7,256,595,3404,1009,4955,2809,3946,139.834
structured,8a5a243bca7d2e3a,256,513,2003,855,3223,1490,2368,140.206
structured,8005c384e609c297,256,593,2666,1002,4147,2073,3145,142.565
structured,816049a355feb2c3,256,423,2182,694,3232,1759,2538,141.274
structured,545f982ae5f26317,256,507,2368,851,3596,1861,2745,144.461
structured,cdf28a11fa81daf3,256,593,2834,1004,4414,2241,3410,141.337
structured,b38e46328c2d92f9,256,519,2012,859,3043,1493,2184,153.217
structured,19c9f13b2cecf3f3,256,585,2487,1000,4026,1902,3026,142.996
structured,f8ca6e562a0c73a6,256,599,2580,1011,4109,1981,3098,139.341
structured,d8faaa30af6997cd,256,591,2730,1000,4107,2139,3107,155.863
structured,e9f4186489e06264,256,599,2914,1011,4556,2315,3545,145.547
structured,46972d0ef7c8778c,256,423,2199,693,3322,1776,2629,141.571
structured,68dbf8f6233262f2,256,581,1884,996,2961,1303,1965,140.857
structured,7680cc8edbbf225b,256,517,2826,860,4362,2309,3502,137.191
structured,de3e4ef0fe8a4392,256,511,2390,854,3731,1879,2877,158.616
structured,fac724908caff3c8,256,597,3583,1011,5393,2986,4382,141.974
structured,bea85126b7a5b90c,256,425,2393,698,3501,1968,2803,139.114
structured,33e2e7253f170087,256,423,2024,694,3067,1601,2373,179.546
structured,4f90c57098214ef6,256,429,2161,696,3242,1732,2546,141.841
structured,ce123f4242fc5b0c,256,591,3250,1003,4895,2659,3892,187.237
structured,41e243cdfb951895,256,591,2945,1005,4476,2354,3471,143.648
structured,f4e4c40ff23de073,256,505,2763,843,4188,2258,3345,143.081
structured,c37dc6b1c67e926c,256,589,3199,999,4810,2610,3811,142.864
structured,47e5e8ead5677d78,256,505,2341,843,3481,1836,2638,141.27
structured,d82faccac32b9005,256,587,2728,1000,4308,2141,3308,142.388
structured,c5814c996b0bdbf7,256,593,3481,1008,5092,2888,4084,141.436
structured,1ad003ba194a649a,256,595,2954,1007,4527,2359,3520,141.381
structured,aff9d87395586e93,256,509,3006,852,4494,2497,3642,141.45
structured,2577f4dd2eb3d577,256,585,2850,1001,4212,2265,3211,141.966
structured,bdd1e39d3e740c74,256,511,2700,850,3936,2189,3086,156.222
structured,d9a90bb9fbf37d71,256,599,3422,1016,5205,2823,4189,178.995
structured,eb36a56e4bf86b1a,256,603,3074,1018,4623,2471,3605,143.234
structured,7c65fa449ea86025,256,505,2942,847,4306,2437,3459,140.272
structured,8135d249806e4bef,256,591,2947,1003,4706,2356,3703,144.631
structured,e57bd8948d3409df,256,599,3172,1010,4738,2573,3728,143.761
structured,4336e765554c3d37,256,613,3175,1029,4917,2562,3888,140.171
structured,e0b3d5a74039f51d,256,591,2681,1004,4267,2090,3263,140.309
structured,cdad7446221c2c41,256,599,3062,1016,4501,2463,3485,141.922
structured,3bce673689a54877,256,421,2100,691,3198,1679,2507,178.007
structured,6b2e230a22f870ba,256,599,2669,1016,4153,2070,3137,142.213
structured,dca2395ec7b00d3d,256,339,1671,538,2550,1332,2012,140.959
structured,e4cd799acd444e4d,256,341,1706,539,2614,1365,2075,150.644
structured,92b3bf2fc1b3d9ae,256,513,2607,855,3920,2094,3065,143.488
structured,a8e205e966f57121,256,505,2288,847,3670,1783,2823,139.5
structured,ace609a2f535cace,256,595,2949,1001,4538,2354,3537,140.441
structured,b5b25e151e67b9f1,256,597,2944,1011,4518,2347,3507,140.027
structured,30adacf38a52fe27,256,597,3247,1010,4864,2650,3854,139.334
structured,216e9ce58f45421c,256,511,2672,852,4022,2161,3170,140.168
structured,d97bc08b88f9bd80,256,513,2500,851,3833,1987,2982,143.989
structured,2d8e89e1f40d3956,256,609,3495,1023,5279,2886,4256,144.775
structured,ae34a028731c1126,256,335,1869,533,2866,1534,2333,141.108
structured,db0e44715c0f8e48,256,603,2919,1016,4333,2316,3317,141.452
structured,bb8c0bf1f01cee77,256,599,2921,1016,4617,2322,3601,141.086
structured,bdf913a123aa6b51,256,591,3517,1006,5263,2926,4257,141.637
structured,d21d5b51bdec56e1,256,421,1833,689,2857,1412,2168,139.856
structured,f95981d4d081c71d,256,419,1943,690,2978,1524,2288,142.237
structured,583b145e535ae0ac,256,595,2699,1010,4239,2104,3229,146.69
structured,945c9691c13e4092,256,597,2638,1009,4153,2041,3144,140.941
structured,a07df4654e38b4c4,256,503,2315,842,3567,1812,2725,176.339
structured,c88b56160fe627ca,256,507,2794,847,4209,2287,3362,140.326
structured,d551af340931961c,256,597,3193,1012,4783,2596,3771,141.032
structured,e452400af7be4d0c,256,509,2722,850,4093,2213,3243,180.845
structured,529f825fefc9289b,256,597,3225,1009,4843,2628,3834,151.593
structured,e7215831c25076e4,256,595,2665,1007,4273,2070,3266,174.619
structured,190b1f6d5cd5a4c5,256,501,2417,844,3609,1916,2765,141.349
structured,70a319ae311cf407,256,501,2716,837,4193,2215,3356,176.854
structured,3412241232b3c411,256,595,3057,1009,4624,2462,3615,143.639
structured,24d17626d9091e5d,256,595,2848,1010,4420,2253,3410,143.381
structured,c83d6dd5b3489f3c,256,427,2097,697,3227,1670,2530,140.65
structured,35cd3a1334e015d0,256,597,2712,1010,4164,2115,3154,142.278
structured,0cc92b0df86a62fa,256,589,3054,995,4516,2465,3521,141.193
structured,d416cd98340ab2b7,256,597,3267,1012,4961,2670,3949,146.512
structured,de59f17f406bcf52,256,513,2700,859,4158,2187,3299,139.713
structured,42cd0a8bbaf67384,256,599,3186,1012,4874,2587,3862,142.58
structured,72e7ccffc8a21730,256,335,1797,534,2708,1462,2174,141.144
structured,b32bb988adc64085,256,427,2158,695,3295,1731,2600,141.192
structured,c1c0b9728b3877f9,256,343,1875,542,2849,1532,2307,140.361
structured,0785a2cec0c85962,256,593,3333,1010,4981,2740,3971,139.113
structured,201a88a9b8b92e89,256,505,2188,846,3519,1683,2673,141.612
structured,2b2498cf4253c233,256,593,2834,1000,4435,2241,3435,142.858
structured,87f079d396f505d6,256,517,3023,860,4596,2506,3736,139.216
structured,0d2adb3de8f61973,256,505,2053,847,3285,1548,2438,140.631
structured,cf5dc407c2987166,256,427,2440,698,3726,2013,3028,139.888
structured,c03e2bdcc4116779,256,415,1947,684,3037,1532,2353,143.755
structured,50ac7b71c24534d5,256,591,3075,1003,4665,2484,3662,143.283
structured,50c64c275ea31cfd,256,597,2932,1011,4551,2335,3540,146.662
structured,e0277e094a19429d,256,503,2507,843,3885,2004,3042,141.786
structured,1cebd024cee1c536,256,593,3576,1011,5322,2983,4311,140.163
structured,cb096f284ab84ae5,256,589,2703,1000,4324,2114,3324,140.02
structured,2271720698daf34c,256,595,2873,1007,4454,2278,3447,139.649
structured,3a791a0636b90247,256,515,2519,855,3881,2004,3026,139.787
structured,7d5860a61f530cfb,256,597,2753,1006,4389,2156,3383,140.636
structured,62046ef1df6a6361,256,603,3140,1019,4726,2537,3707,143.336
structured,55477dd3e6e09abd,256,593,2906,1006,4324,2313,3318,150.11
structured,e3c98fe31b5058b4,256,599,2851,1015,4369,2252,3354,140.794
structured,80bfc68f371ffcf7,256,581,2711,995,4226,2130,3231,177.014
structured,0e5d87952bf3fb05,256,511,2139,853,3365,1628,2512,139.533
structured,87d68db4c96b8133,256,609,2223,1022,3437,1614,2415,140.141
structured,e4ee5bd53eea7b97,256,429,2173,695,3355,1744,2660,151.129
structured,b5bbf06975956aa5,256,591,2725,1003,4187,2134,3184,140.399
structured,f3b7ce9b68922012,256,583,2692,996,4200,2109,3204,139.758
structured,c385ffaedc675369,256,419,2293,689,3493,1874,2804,143.478
structured,061152d9b8b54cd0,256,597,2695,1009,4305,2098,3296,143.515
structured,24aa4b846754be86,256,593,3153,1005,4668,2560,3663,172.546
structured,dda6c33fdfdc18ab,256,515,2185,858,3392,1670,2534,142.683
structured,8d0e24cfa03418c5,256,591,3091,1006,4627,2500,3621,139.83
structured,a7990696e9b123da,256,587,2824,1001,4347,2237,3346,148.238
structured,f614ebf7e8713f82,256,603,2979,1017,4511,2376,3494,142.48
structured,5d899ca21ff43a51,256,597,2251,1008,3386,1654,2378,140.722
structured,d1f738b3f2b54ee8,256,591,3009,1005,4521,2418,3516,139.716
structured,b765835a3eb748d1,256,513,2526,853,3929,2013,3076,139.673
structured,d2e58097f73bd3cc,256,597,2717,1007,4221,2120,3214,140.514
structured,f1df3cdb982326ae,256,593,3163,1008,4717,2570,3709,140.422
structured,a34abf63e2a8e476,256,593,2990,1005,4440,2397,3435,140.28
structured,f27b0da16ed57a67,256,595,2853,1006,4292,2258,3286,140.907
structured,620e8975414727d4,256,507,2764,848,4050,2257,3202,142.958
structured,110cd531e5fde63c,256,423,2253,694,3465,1830,2771,139.137
structured,0410e284175d7a84,256,505,2595,847,3877,2090,3030,141.503
structured,8d517fa67c19121a,256,515,2041,857,3292,1526,2435,142.296
structured,c3c6a68bc4bff7d0,256,587,2939,998,4252,2352,3254,143.076
structured,b264ca440c4a07a1,256,591,2910,1007,4639,2319,3632,139.694
structured,8ac23c71eb2cf6b2,256,511,2533,853,3831,2022,2978,140.619
structured,b5acc0e32e3b01f4,256,511,2593,855,3818,2082,2963,176.384
structured,55b6ff499b38a1a1,256,589,3032,1003,4627,2443,3624,143.15
structured,74b45677757bc308,256,515,2361,857,3776,1846,2919,149.097
structured,5d797a051ed99f7f,256,583,2884,984,4371,2301,3387,142.157
structured,7ea5ccd6e795a1ea,256,509,2275,845,3604,1766,2759,142.517
structured,78f7745c390af2b7,256,585,3087,999,4823,2502,3824,145.08
structured,b32aab03d61ae923,256,595,2988,1012,4507,2393,3495,140.364
structured,0197c33df2d2f657,256,599,2823,1013,4387,2224,3374,142.591
structured,8c2fb0c1f9c25985,256,595,2912,1009,4518,2317,3509,180.079
structured,914129c12a2f04c3,256,593,3255,1010,4905,2662,3895,139.496
structured,9c35803fa8605540,256,595,2689,1009,4052,2094,3043,142.85
structured,0ef321512a3f8c96,256,583,2525,998,3673,1942,2675,142.306
structured,34f05cf1ce4e94f7,256,513,2688,853,4022,2175,3169,142.392
structured,35e32c67d852e99b,256,593,3175,1007,4490,2582,3483,141.739
structured,43e490d6d91f3005,256,341,1878,540,2845,1537,2305,187.797
structured,81154f5f3492dfb2,256,595,2829,1009,4313,2234,3304,177.603
structured,7637ca7ea31035a8,256,511,2120,850,3450,1609,2600,140.23
structured,321c9b02ff49c4aa,256,605,3228,1020,4934,2623,3914,141.959
structured,d55d92bde26927e3,256,603,3255,1016,4834,2652,3818,139.093
structured,8c5b0f98ab34ae2a,256,507,2791,848,4215,2284,3367,142.693
structured,4c780b06b20025a8,256,595,2880,1009,4415,2285,3406,140.098
structured,5e0b8e1577df2d0d,256,601,2892,1015,4521,2291,3506,141.076
structured,b10d5996fa5a9e36,256,513,2911,858,4265,2398,3407,141.529
structured,49cf079fc3638a31,256,589,2938,1002,4554,2349,3552,149.607
structured,9e8fb04aa6c1618f,256,503,2479,844,3751,1976,2907,177.079
structured,1260386449dc54df,256,597,2367,1011,3767,1770,2756,140.963
structured,442eccbcce68e400,256,505,2341,848,3626,1836,2778,178.854
structured,31d4a8fb52606dc2,256,597,2878,1011,4334,2281,3323,148.114
structured,74814880286aaaca,256,607,2330,1024,3667,1723,2643,141.819
structured,1befda1e6f2cc571,256,501,2833,844,4262,2332,3418,143.663
structured,0b909ada4d4b3aa3,256,597,2407,1004,3852,1810,2848,147.125
structured,410c27bc25c843c8,256,595,2927,1010,4497,2332,3487,178.331
structured,f44119e0d73bb6fb,256,591,2451,1003,3962,1860,2959,146.873
structured,85c6436bb99c1cbe,256,589,2416,1003,3925,1827,2922,142.771
structured,27e8ea39d4c43f9d,256,605,3137,1017,4635,2532,3618,179.032
structured,5c2833f6d39d52c1,256,505,2086,843,3286,1581,2443,139.946
structured,c87d8014981b0a86,256,595,2945,1009,4697,2350,3688,142.25
structured,4b1f5b449076c5e3,256,513,2649,856,4052,2136,3196,141.969
er,a91a29b86b348d2b,256,352968,39982,627594,73069,-312986,-554525,241.472
er,9c88d64b05f56c48,256,685260,39385,1063184,71819,-645875,-991365,254.759
er,c162f912a5adbe44,256,734020,40180,1273982,73464,-693840,-1200518,213.647
er,ac06a3fa4d60bf84,256,1138704,40142,1888782,73358,-1098562,-1815424,303.501
er,b6c7ae4da4c4934f,256,886278,40151,1528050,73416,-846127,-1454634,234.538
er,bc0f04e93f901324,256,1064636,40189,1799821,73489,-1024447,-1726332,314.27
er,09642b221c6a2c5c,256,1128654,40186,1904820,73478,-1088468,-1831342,288.637
er,20eed2ebb243e81b,256,637376,39976,1113057,73122,-597400,-1039935,208.508
er,462c35c21eb31e70,256,243298,39515,436079,72183,-203783,-363896,228.204
er,28d64bd22d1bb36d,256,1076504,40094,1823710,73353,-1036410,-1750357,277.76
er,aac9eca2f0e0ab93,256,1141628,39920,1894136,72946,-1101708,-1821190,294.592
er,2be0d8eb0d921b87,256,729358,40176,1269098,73478,-689182,-1195620,214.56
er,987129c4e5ba61d5,256,357295,39214,518143,71315,-318081,-446828,290.551
er,6e0c916f12fbd5ea,256,723478,40177,1255880,73511,-683301,-1182369,211.236
er,d1c007d9ce484c8d,256,1146263,40049,1904927,73224,-1106214,-1831703,290.217
er,d8e58c9719bb6db3,256,1121362,40049,1888503,73203,-1081313,-1815300,286.694
er,8a0d160b1663d7a2,256,729188,40061,1268607,73281,-689127,-1195326,221.355
er,c0248d53089c7030,256,965886,40129,1652849,73389,-925757,-1579460,278.304
er,1061f595a75711d5,256,1076324,40249,1823353,73532,-1036075,-1749821,291.983
er,44a42df1e7beb043,256,548708,40072,966072,73188,-508636,-892884,198.555
er,c2de73380fc53c15,256,130722,39164,235968,71298,-91558,-164670,174.47
er,99bc41c76599b8b1,256,454692,40113,803634,73297,-414579,-730337,199.361
er,61e8e53363f607fe,256,349393,38867,509434,70791,-310526,-438643,283.015
er,b1a43195222cfd8a,256,946054,40038,1618818,73216,-906016,-1545602,285.322
er,b5536c16f169c4a5,256,1067196,40250,1808222,73589,-1026946,-1734633,301.689
er,539984ec5168fa56,256,355785,39028,516128,71228,-316757,-444900,287.288
er,5ae8e932b05a6fe5,256,1147572,40179,1918404,73441,-1107393,-1844963,267.958
er,5336b5d46996ac1c,256,122538,39089,221736,71244,-83449,-150492,177.949
er,64e8220bb20fc601,256,957740,40127,1636484,73352,-917613,-1563132,282.054
er,1fde58faab7220c2,256,694519,39593,1084023,72260,-654926,-1011763,271.708
er,cbd9309ae00669a5,256,1133340,40009,1893775,73200,-1093331,-1820575,332.533
er,181d6067e9ac4805,256,466302,39911,824437,72938,-426391,-751499,195.537
er,86fc05bdb11491ba,256,1070556,40122,1811113,73341,-1030434,-1737772,318.546
er,19cf6ef0853dad9b,256,1071180,39902,1814237,72983,-1031278,-1741254,278.039
er,1f6d643698247030,256,953604,40161,1627782,73431,-913443,-1554351,280.377
er,fee35649d388a4af,256,458426,39887,810675,72932,-418539,-737743,192.613
er,c3af62ed64e6b31e,256,730294,40137,1269512,73401,-690157,-1196111,212.685
er,3a6be62242dc2a59,256,1025890,40208,1747563,73520,-985682,-1674043,233.986
er,e5f84d1a2c9e27ac,256,642976,40163,1123969,73396,-602813,-1050573,208.216
er,72ef217c3845c7ad,256,732162,39933,1273297,72999,-692229,-1200298,212.676
er,6494069ee68e4067,256,955918,40165,1634439,73474,-915753,-1560965,278.839
er,b964c7a03d27b721,256,1070096,40007,1749481,73150,-1030089,-1676331,289.955
er,db9e12fc1fb6c370,256,1066276,40133,1803727,73431,-1026143,-1730296,270.786
er,c7457d640969a645,256,1152689,40125,1910709,73335,-1112564,-1837374,301.002
er,1c9aeb7acde6dd68,256,966306,39804,1563088,72741,-926502,-1490347,297.208
er,8fc0916c7b30140a,256,732154,40151,1271905,73423,-692003,-1198482,210.343
er,81592ac9744ca816,256,1084194,40183,1837127,73506,-1044011,-1763621,292.579
er,bf1ce9972d0cf533,256,959744,39985,1644687,73104,-919759,-1571583,277.979
er,ee2ee0ed0d26b46c,256,1153402,40046,1914585,73237,-1113356,-1841348,287.846
er,fc18391655971d35,256,351084,40013,624115,73073,-311071,-551042,197.78
er,9dcbacc93037dcde,256,1064188,40064,1798420,73299,-1024124,-1725121,289.746
er,4cfc518931a0c186,256,1106178,40178,1862958,73475,-1066000,-1789483,294.084
er,426c3dd4bf666ea8,256,550022,40013,967056,73154,-510009,-893902,214.978
er,6143d561ed85000f,256,1135640,40145,1900263,73416,-1095495,-1826847,279.319
er,e06ee66400690a30,256,1069988,40125,1811411,73340,-1029863,-1738071,262.653
er,e6f9f0441032dead,256,717155,39630,1119930,72349,-677525,-1047581,263.362
er,e2f5dabb83499b6b,256,351184,39977,625341,72999,-311207,-552342,251.48
er,2edc2c2b62318193,256,554932,39877,974830,72964,-515055,-901866,207.392
er,bf0ff4333c3fd052,256,126074,39177,227872,71243,-86897,-156629,175.375
er,62897d552c5460b4,256,353150,39257,513898,71513,-313893,-442385,292.075
er,602174699cb88a89,256,1079068,40185,1826928,73417,-1038883,-1753511,291.545
er,65e9b02576102c3f,256,245254,39471,439459,72007,-205783,-367452,230.231
er,b37614cd710047c4,256,1127315,39939,1868238,73068,-1087376,-1795170,302.286
er,96453069d026c6bc,256,240596,39590,430635,72209,-201006,-358426,227.127
er,cad2988620d7ac47,256,738098,39616,1158464,72393,-698482,-1086071,269.728
er,6fb4c6f64ee0f75f,256,348850,39962,621231,73002,-308888,-548229,234.918
er,e3a008ff1d92a35c,256,711269,39626,1112640,72314,-671643,-1040326,265.237
er,f1ddc7e1ec1d32bd,256,345825,39063,501499,71225,-306762,-430274,282.812
er,66fa12f4c3ef1383,256,974024,39767,1575059,72649,-934257,-1502410,304.817
er,25780aa17b1129e8,256,450152,39764,795703,72718,-410388,-722985,242.018
er,6f968695fa386e0e,256,548004,39957,963897,73093,-508047,-890804,199.234
er,4776395089fa2221,256,327573,38868,473763,70747,-288705,-403016,283.222
er,a7ae085ad9f300b3,256,341196,39343,495082,71540,-301853,-423542,245.759
er,7af6d1b34a117baf,256,809552,40127,1401558,73367,-769425,-1328191,213.376
er,5ccaab8a7fd10f3b,256,130754,39003,236116,71194,-91751,-164922,221.224
er,20ad495cc69eeeb0,256,555606,39914,975840,72988,-515692,-902852,221.095
er,99a96352f4cde7ee,256,336217,39033,487575,70984,-297184,-416591,283.697
er,7e701b3a4b00e311,256,1001399,39782,1621526,72726,-961617,-1548800,297.742
er,eeaaf41b916e8c6a,256,1165460,39941,1939173,73028,-1125519,-1866145,295.451
er,98beca38f207c898,256,985904,39837,1596264,72806,-946067,-1523458,301.639
er,4d730852980b73e7,256,994937,39888,1611897,72870,-955049,-1539027,296.512
er,c8a19733c0705e58,256,1172736,40017,1949175,73141,-1132719,-1876034,291.769
er,9578825c7d92d6e9,256,1077638,40121,1825604,73354,-1037517,-1752250,292.642
er,2a3756098fc47607,256,549654,40215,965971,73476,-509439,-892495,253.018
er,4eac5732331a535c,256,1158384,39968,1924009,73017,-1118416,-1850992,296.358
er,af8ea92777740583,256,124494,39191,225078,71425,-85303,-153653,174.274
er,21d6cf374b68c785,256,244010,39770,437046,72618,-204240,-364428,228.887
er,6ce6fe87727a1dc9,256,1013571,39777,1647657,72677,-973794,-1574980,289.518
er,aec9ee0f1476d123,256,1014248,40322,1726017,73721,-973926,-1652296,297.448
er,afa1c2f558159d69,256,546772,40046,962127,73157,-506726,-888970,184.62
er,275c0d73a7a45ef3,256,735096,40214,1280788,73527,-694882,-1207261,213.286
er,978184941b628233,256,1146116,40186,1900798,73457,-1105930,-1827341,289.62
er,6dfc162fb3701ae4,256,650360,40040,1136833,73197,-610320,-1063636,207.671
er,a43fd58d307faf30,256,340054,39011,494810,71016,-301043,-423794,280.112
er,cb58a873ed60618e,256,646086,40243,1131252,73554,-605843,-1057698,206.395
er,bf006171dbd52ae0,256,731242,40257,1269650,73617,-690985,-1196033,217.698
er,f41dcf0d9046f68b,256,1138839,40184,1884995,73441,-1098655,-1811554,286.692
er,f4cab851b331670f,256,889098,40166,1530611,73477,-848932,-1457134,273.283
er,9e036676d7fa6c45,256,646220,40095,1131650,73338,-606125,-1058312,205.228
er,5bf5656880653736,256,731298,40056,1270368,73217,-691242,-1197151,210.675
er,e3a513384cef222d,256,1105229,39900,1817662,72880,-1065329,-1744782,293.662
er,dcf20bec2a32f3c4,256,1155756,40154,1934440,73386,-1115602,-1861054,339.709
er,3008368d4cb35382,256,1024878,40341,1745178,73770,-984537,-1671408,276.859
er,85472dda7a9dae8b,256,965980,40192,1653616,73481,-925788,-1580135,283.08
er,6f36f623eaba83eb,256,1092567,39975,1789741,73090,-1052592,-1716651,290.137
er,9cf3875494a46453,256,452404,39956,798900,73039,-412448,-725861,242.217
er,40676734696453f8,256,1013840,40414,1730490,73861,-973426,-1656629,228.449
er,79bd4fc3b2351be2,256,350556,39111,511140,71277,-311445,-439863,244.77
er,71c0ae0d40c6cff3,256,889696,40191,1532510,73489,-849505,-1459021,333.038
er,afe338ae998be3cb,256,1117678,40190,1882908,73462,-1077488,-1809446,289.737
er,556fff16eea93c88,256,997465,39979,1609889,72983,-957486,-1536906,296.44
er,97637e6928477489,256,1158414,40101,1938309,73359,-1118313,-1864950,279.787
er,ca93dec8fecc119a,256,722506,39585,1134753,72200,-682921,-1062553,559.685
er,3a7b4ab3d419964b,256,349548,39817,623242,72733,-309731,-550509,234.194
er,36bae99e1d6bd44b,256,884776,40099,1521099,73330,-844677,-1447769,228.182
er,394a415636dc8f61,256,1010757,40052,1636561,73203,-970705,-1563358,288.275
er,cea848514a0f1d27,256,555368,40213,976427,73461,-515155,-902966,277.243
er,60e5c468f3629525,256,236192,39601,423100,72298,-196591,-350802,234.021
er,914ec3c95d1642e7,256,964688,40108,1652543,73348,-924580,-1579195,286.757
er,0847432f0193ca03,256,812136,40099,1403660,73323,-772037,-1330337,217.072
er,f804c21e275bb242,256,721519,39482,1127924,72124,-682037,-1055800,268.622
er,b27df8bad3303137,256,553956,39960,973861,73039,-513996,-900822,267.725
er,6050f6ad5617ed14,256,549906,39982,967080,73103,-509924,-893977,203.158
er,23e8c8b83e1438ed,256,997593,39812,1617508,72735,-957781,-1544773,299.041
er,697ce4656fcfc420,256,715692,39783,1119924,72710,-675909,-1047214,261.829
er,b9299e62e73c7da5,256,349133,39084,508073,71105,-310049,-436968,283.406
er,0566f5daa7db3c99,256,1067285,40364,1802731,73765,-1026921,-1728966,285.56
er,b35fc57d37c6519a,256,1021628,40111,1738306,73372,-981517,-1664934,275.117
er,8205b218b3c6f1ef,256,889000,40077,1528440,73281,-848923,-1455159,219.397
er,48be3fcae2d32fd9,256,810310,40101,1400859,73326,-770209,-1327533,215.654
er,badc4fb606ef4c0d,256,1026750,40244,1749744,73613,-986506,-1676131,286.899
er,7bd71b68f53fc849,256,1146466,40116,1905861,73350,-1106350,-1832511,293.25
er,20a2e38cca89b842,256,1020918,40144,1736672,73375,-980774,-1663297,282.22
er,d20e408754dd8788,256,1088996,39906,1787758,72979,-1049090,-1714779,295.767
er,fa0e0db845733ba6,256,1026572,40094,1748357,73337,-986478,-1675020,286.1
er,bf77fc4c4940a6ff,256,815164,40045,1410769,73181,-775119,-1337588,215.067
er,b21b01ba28063830,256,638676,39924,1117443,73043,-598752,-1044400,205.635
er,f8c3d29758fec600,256,1118592,40143,1876467,73444,-1078449,-1803023,324.747
er,cb7a1380e417e8f4,256,352814,39090,510867,71258,-313724,-439609,288.178
er,88f4ac14356c18dd,256,1085084,40015,1778372,73107,-1045069,-1705265,292.488
er,82532a1d50997941,256,709719,39608,1109360,72305,-670111,-1037055,264.153
er,20c5cbadf405d38c,256,1073651,40145,1818231,73375,-1033506,-1744856,360.246
er,3fe1111b7a6f9791,256,243526,39460,436454,71946,-204066,-364508,226.554
er,2d82ea1d4a47af73,256,723636,40244,1258149,73603,-683392,-1184546,212.511
er,87553c6e50f696b0,256,344455,38723,497798,70435,-305732,-427363,237.12
er,2eb25e03bf1fd991,256,1155348,40014,1917745,73210,-1115334,-1844535,291.754
er,385cfce37eab1a91,256,245222,39434,439823,71979,-205788,-367844,231.613
er,0dc15c18128b6dc7,256,1138771,39922,1890978,72960,-1098849,-1818018,289.66
er,8f9749d98ee509be,256,549928,40098,966741,73347,-509830,-893394,210.704
er,5d2ba45245a08bf6,256,349186,39934,621869,72938,-309252,-548931,235.875
er,6a81da3ee5be6377,256,1094198,40037,1793726,73226,-1054161,-1720500,292.076
er,066cefcb8305de17,256,1073926,40131,1815605,73392,-1033795,-1742213,278.113
er,74ab810e708a2071,256,949752,39667,1531439,72513,-910085,-1458926,286.64
er,e099587272fb0887,256,897088,40267,1544842,73628,-856821,-1471214,238.474
er,c9536cce49e220e6,256,1073774,40162,1816630,73416,-1033612,-1743214,312.191
er,156ca11232a9d56a,256,690079,39689,1070965,72502,-650390,-998463,267.714
er,7b6b3acdeadbd7b2,256,891750,40279,1532941,73608,-851471,-1459333,337.52
er,2fc820f9641ce4a7,256,352238,39942,627139,72928,-312296,-554211,237.099
er,5f05bd239dea0737,256,1079654,40107,1825559,73370,-1039547,-1752189,293.991
er,1c2f9ea17e5205fd,256,459894,40026,813767,73131,-419868,-740636,207.056
er,28e8ec284473c64f,256,458562,40005,809597,73096,-418557,-736501,243.708
er,6d704806e202ef62,256,449890,39811,795457,72771,-410079,-722686,244.189
er,12d5145a8a2c61ba,256,1149784,39999,1922725,73166,-1109785,-1849559,256.443
er,ed7e8e487b49ee60,256,732202,40049,1272645,73247,-692153,-1199398,220.786
er,2d541543d8375cd5,256,546702,40102,961505,73317,-506600,-888188,206.835
er,983eba31251e7ce9,256,549396,39980,966086,73126,-509416,-892960,214.915
er,e961e26e969d51fd,256,815700,40265,1410886,73603,-775435,-1337283,261.463
er,8f46dd54f23c8ddd,256,889964,40191,1531895,73479,-849773,-1458416,228.234
er,f246330f102b1076,256,808642,40075,1398809,73299,-768567,-1325510,262.94
er,fca9592bf5c3667e,256,128396,38721,232617,70613,-89675,-162004,180.815
er,b9b17325cb096480,256,346497,38908,503294,70920,-307589,-432374,286.846
er,3c003281b32553e2,256,1110371,40164,1822658,73398,-1070207,-1749260,296.507
er,10ac6f26c7074ec5,256,1112192,40043,1871001,73210,-1072149,-1797791,289.022
er,735b40c2396b9b95,256,1150566,39911,1909171,72970,-1110655,-1836201,290.742
er,744c24db99567907,256,963816,40092,1647804,73247,-923724,-1574557,277.647
er,9f14d5ae10180045,256,457630,39770,809156,72687,-417860,-736469,209.125
er,77f78101c2596590,256,703706,39617,1094360,72286,-664089,-1022074,264.437
er,45c6c15e078674dd,256,129354,38819,233541,70747,-90535,-162794,173.462
er,89e813f89b982ca4,256,992651,39748,1604463,72694,-952903,-1531769,291.407
er,d495b60bcd82ce11,256,458128,39857,809648,72855,-418271,-736793,245.906
er,2e6c7c1c60ca2d67,256,1170764,40023,1949539,73178,-1130741,-1876361,291.535
er,1b9031137cc3e847,256,1080102,40226,1831026,73561,-1039876,-1757465,281.374
er,45f77e9620bbd450,256,123440,38469,222728,69924,-84971,-152804,170.104
er,7b65a17c8cac63bf,256,1090288,39957,1787930,73079,-1050331,-1714851,290.161
er,b827910c4b48d0b5,256,703417,39754,1100937,72611,-663663,-1028326,263.121
er,1ab3a29d5cf68f8d,256,963612,40150,1648807,73422,-923462,-1575385,286.698
er,922b8774c15bc023,256,345524,38654,501950,70348,-306870,-431602,279.922
er,0be9841e61263405,256,340641,39032,495483,71131,-301609,-424352,242.273
er,5e621e0d3bf561c6,256,1146636,39946,1916107,73062,-1106690,-1843045,264.738
er,e5705aad1cc33695,256,1122266,40192,1894331,73458,-1082074,-1820873,271.488
er,0cca087d6444d525,256,450854,39911,797533,72945,-410943,-724588,208.057
er,8b394078e24483c6,256,350478,39262,508044,71396,-311216,-436648,242.034
er,25afa165b65d3b65,256,245688,39370,440248,71979,-206318,-368269,229.65
er,8c72ddf283524b6b,256,131574,38815,237651,70666,-92759,-166985,223.903
er,8aae401ae121e4ca,256,968084,40108,1656670,73346,-927976,-1583324,306.441
er,7a558a28bea19c6b,256,1134284,40103,1881064,73268,-1094181,-1807796,306.578
er,10b3bdc5cebeeb27,256,459114,39985,811839,73125,-419129,-738714,257.005
er,73c490578745696e,256,351716,39670,625230,72488,-312046,-552742,234.183
er,da2b29c4942b9036,256,458406,39995,811732,73110,-418411,-738622,280.364
er,a32420ea0d1ae8e3,256,1108270,39893,1821367,72935,-1068377,-1748432,303.935
er,22fe151a2d0c5310,256,814800,40229,1408301,73575,-774571,-1334726,218.808
er,be17feba18bba478,256,350216,39817,623550,72773,-310399,-550777,235.687
er,ae230964a59cd10b,256,553470,40113,972931,73322,-513357,-899609,184.327
er,990bc5112a060689,256,240902,39725,431740,72526,-201177,-359214,231.388
er,85aa8c9e3c5b0292,256,1117670,40238,1883324,73592,-1077432,-1809732,322.301
er,d46e78d65c7c722c,256,809848,40249,1400646,73528,-769599,-1327118,219.628
er,7679160445368695,256,457162,40151,807536,73356,-417011,-734180,245.511
er,9971cec865f1986c,256,1069520,40128,1808765,73364,-1029392,-1735401,264.31
er,b6b3d4451d4af6f2,256,549704,40055,966395,73235,-509649,-893160,199.768
er,73892c2bc151e674,256,1082576,40000,1831592,73071,-1042576,-1758521,293.394
er,4c18818e7c04e7d2,256,122492,38986,221159,70927,-83506,-150232,173.962
er,8b1c4ee41fead3df,256,1025278,40167,1746270,73459,-985111,-1672811,270.29
er,80d782e0ef5597d1,256,977449,39814,1583836,72689,-937635,-1511147,292.337
er,ecbd644cb007a924,256,347240,38979,504019,71023,-308261,-432996,278.932
er,fe8a87475892a398,256,952953,39692,1537689,72532,-913261,-1465157,291.941
er,2775851b16b7c88a,256,959670,40137,1639476,73405,-919533,-1566071,277.906
er,55b7f2f233babef0,256,331671,39177,480553,71316,-292494,-409237,282.818
er,599e22667eec9daa,256,347602,39801,617778,72777,-307801,-545001,235.736
er,1af76564aee06e99,256,1150929,40138,1924116,73392,-1110791,-1850724,283.711
er,a7ff6cbfe1a3681c,256,127316,38928,229520,70810,-88388,-158710,173.628
er,79a04e7ef0eb492f,256,1076330,40192,1824172,73446,-1036138,-1750726,279.065
er,ba0313537f6c573a,256,465624,39961,822652,73051,-425663,-749601,252.536
er,28f957bd8b97bd53,256,239490,39169,428977,71574,-200321,-357403,226.128
er,fcb303b1cafbe220,256,358350,39030,520523,71086,-319320,-449437,283.583
er,0e47de69abc0db59,256,549820,40105,966114,73232,-509715,-892882,250.353
er,1e15fb8ecd3d10b8,256,243670,39415,436318,72010,-204255,-364308,233.535
er,43bedba62a18c063,256,698259,39591,1086575,72260,-658668,-1014315,257.316
er,cabf95d2ab406852,256,246452,39614,442051,72288,-206838,-369763,228.818
er,0aa9d4e8650c72d7,256,806862,40303,1394505,73654,-766559,-1320851,214.142
er,e11b61872aeaa07c,256,442978,39861,781965,72864,-403117,-709101,242.631
er,27dc98d00fe4a8d0,256,725368,40051,1259879,73212,-685317,-1186667,211.24
er,c8f880d26b443369,256,1077148,40215,1824366,73511,-1036933,-1750855,281.293
er,8549eb3b2bb89718,256,348132,39918,619012,72915,-308214,-546097,234.662
er,96fb7d3c139961de,256,1025254,40129,1743343,73380,-985125,-1669963,247.081
er,f69b80b6f37f1971,256,456804,39967,808239,73027,-416837,-735212,242.189
er,759de74809ed25a6,256,888310,40015,1528766,73169,-848295,-1455597,298.328
er,4054ed41385e667e,256,886150,40158,1525507,73415,-845992,-1452092,232.931
er,8a9250795a2d276e,256,129074,39211,233224,71369,-89863,-161855,174.268
er,7e669d8800ecefb6,256,643506,40047,1125561,73246,-603459,-1052315,208.115
er,a201f0bd254bab54,256,351872,39755,625922,72614,-312117,-553308,236.804
er,2134b39c0f71d3df,256,1102588,40125,1853517,73375,-1062463,-1780142,295.429
er,e810d69fe3e27497,256,242056,39594,433499,72247,-202462,-361252,227.393
er,0b216c3ccfd7a7ab,256,811092,40183,1402924,73453,-770909,-1329471,277.378
er,839da1a234f163ee,256,124996,38910,225646,70843,-86086,-154803,175.138
er,541368f72fbf6dd3,256,1138596,40069,1877433,73290,-1098527,-1804143,290.84
er,4e5901d12ea3f04e,256,1095370,40056,1853008,73274,-1055314,-1779734,333.527
er,3b15daa9f4927dcb,256,638952,40189,1116668,73443,-598763,-1043225,211.899
er,abdcf4977b62a88f,256,332274,39047,481915,71040,-293227,-410875,237.218
er,6c3e333586f7f27b,256,638802,40093,1115326,73298,-598709,-1042028,204.702
er,729375c3dde01800,256,640644,40201,1119103,73552,-600443,-1045551,212.289
er,22d2086d86e2a58c,256,1026428,40160,1746892,73450,-986268,-1673442,283.947
er,c3a5d6099b632795,256,807414,40214,1396366,73554,-767200,-1322812,221.121
er,171bfc750180f7de,256,557660,40000,979751,73170,-517660,-906581,238.784
er,ba5591bc98646bde,256,338584,39227,492406,71467,-299357,-420939,238.109
er,2662f6b2bb51cfb7,256,1028423,39791,1672218,72722,-988632,-1599496,299.021
er,b210cff544f523f4,256,131468,39014,237228,71051,-92454,-166177,175.486
er,e27366c0acbe051a,256,1011539,39889,1645608,72907,-971650,-1572701,290.527
er,e5f684251e4dfa90,256,893278,40208,1535089,73558,-853070,-1461531,227.89
er,69a0fad1f9db9332,256,1127694,40021,1894586,73208,-1087673,-1821378,291.118
er,8c4b09de88eeeaef,256,884998,40148,1521713,73474,-844850,-1448239,342.4
er,63c61d9da6ef2cbe,256,450638,39976,797427,73097,-410662,-724330,195.237
er,0979868be0698b1b,256,889796,40149,1530884,73451,-849647,-1457433,261.07
er,119cadce2f8199aa,256,1076610,40210,1821972,73519,-1036400,-1748453,304.516
er,65000d39a8fccaa7,256,1078272,40085,1823920,73308,-1038187,-1750612,290.081
er,3593fed2198ba4e0,256,730740,40272,1269074,73620,-690468,-1195454,212.289
er,92e2c4c6f96366ae,256,885522,40090,1520675,73331,-845432,-1447344,221.032
er,15505e38dd70889e,256,357156,39913,635541,72850,-317243,-562691,235.949
er,acf211f99fa8ec7c,256,726242,40097,1259545,73319,-686145,-1186226,213.221
er,fd68faa893d8065d,256,705452,39553,1104692,72219,-665899,-1032473,264.195
er,8b017a206ca8ed64,256,124814,38848,225490,70664,-85966,-154826,172.232
er,c87e2e08f9b378d9,256,726548,40173,1263810,73431,-686375,-1190379,210.111
er,f0bcfb9569312393,256,638132,39963,1114820,73028,-598169,-1041792,204.85
er,3df8c2f291cb1a81,256,1087838,40008,1782268,73097,-1047830,-1709171,293.253
er,0ebcd3d944de1ca1,256,885118,40132,1522456,73395,-844986,-1449061,272.384
er,a2455c440f0dea10,256,241256,39733,432732,72498,-201523,-360234,236.008
er,3d65acf8471167cc,256,893790,40255,1537350,73633,-853535,-1463717,285.927
er,1ebf48a2b0f40bbc,256,729754,40200,1269838,73491,-689554,-1196347,210.738
er,6c80b1dd56b91a0e,256,1010954,40254,1717835,73635,-970700,-1644200,281.795
er,67e93fb38b0265c9,256,341360,38471,498062,70081,-302889,-427981,244.141
er,860ad3b7b14a307b,256,1138743,40143,1899324,73404,-1098600,-1825920,275.225
er,092e98c93e4306a6,256,554100,40029,973603,73114,-514071,-900489,208.037
er,6f819de7050b692d,256,1017250,40063,1732215,73294,-977187,-1658921,280.481
er,b0a38b661da606b1,256,814932,40154,1411658,73386,-774778,-1338272,225.739
er,e9beb8e0c2beb1a5,256,1021754,40141,1740956,73389,-981613,-1667567,243.547
er,51f9c6941f0e7f4c,256,985337,39751,1592270,72619,-945586,-1519651,300.25
er,2eeff9c070bbf87e,256,1149810,40025,1923390,73177,-1109785,-1850213,256.716
er,883e91092a9398f5,256,726764,40248,1261555,73581,-686516,-1187974,217.745
er,99e691fd60eee7e7,256,353284,39810,628449,72745,-313474,-555704,190.621
er,215ad3ccf940aab3,256,811766,40096,1403753,73299,-771670,-1330454,266.297
er,56b6b7a86074a80b,256,652506,40044,1140751,73286,-612462,-1067465,237.603
er,e7f039472a021bcf,256,957030,40083,1635738,73292,-916947,-1562446,279.921
er,df249a054be0da2c,256,1014518,40234,1725444,73645,-974284,-1651799,218.942
er,900215df48714637,256,1021088,40073,1737770,73291,-981015,-1664479,273.696
er,f4524fd92d698971,256,643576,40192,1123546,73435,-603384,-1050111,206.186
er,b32e304bb918cb89,256,817728,39998,1413326,73186,-777730,-1340140,272.275
er,8407402b82d047d5,256,456772,39944,806326,73044,-416828,-733282,195.7
er,09632a07d9d21139,256,449886,39920,795038,72985,-409966,-722053,194.323
er,f2c53194d432d3a6,256,886580,40110,1524925,73361,-846470,-1451564,229.548
er,2e03501541174657,256,646920,40204,1129691,73496,-606716,-1056195,204.201
er,190caf4a4240bd6a,256,330815,38929,479555,70838,-291886,-408717,279.153
er,72d41385d0f9db48,256,1077552,40221,1819658,73532,-1037331,-1746126,287.79
er,5c95ef0f1cc6fdf4,256,705170,39596,1101472,72325,-665574,-1029147,257.873
er,d066e54c82ba7f60,256,1011694,40204,1723151,73542,-971490,-1649609,219.108
er,3def34dc31f8a069,256,721005,39738,1133187,72457,-681267,-1060730,266.042
er,85f21c4a23d0fd84,256,135138,39008,244035,70982,-96130,-173053,176.284
er,97fe708d45136a1d,256,347808,38926,505117,71080,-308882,-434037,300.53
er,d2435b8dd1b86fbc,256,808000,40034,1397561,73240,-767966,-1324321,214.872
er,b8c7dad2b3904eaa,256,1072560,40225,1815849,73572,-1032335,-1742277,275.449
er,fce8a07b8b74ef69,256,446422,39973,789573,73026,-406449,-716547,242.265
er,ff477a8d873d6842,256,545280,40168,958389,73434,-505112,-884955,223.572
er,98033bb8d78f585e,256,728518,40102,1265052,73335,-688416,-1191717,215.575
er,4c0659d70397eace,256,1105304,40042,1818034,73202,-1065262,-1744832,294.724
er,5ff3e64f48d8fc45,256,881144,40290,1513346,73680,-840854,-1439666,231.741
er,0fdf56f911c82622,256,685731,39798,1066570,72622,-645933,-993948,259.169
er,e5652e1754370327,256,329446,39174,479524,71335,-290272,-408189,279.818
er,4b95b9f0add48f4e,256,1081194,40069,1831485,73293,-1041125,-1758192,276.757
er,a8918647debd4986,256,724050,40109,1259798,73292,-683941,-1186506,213.512
er,4003e3c2d0f788ab,256,949646,40142,1624756,73403,-909504,-1551353,298.261
er,f9a557bd04aaa3a5,256,1114748,40048,1873840,73232,-1074700,-1800608,299.63
er,3684441918e13d70,256,731150,40140,1272636,73428,-691010,-1199208,211.376
er,58b98ea205102967,256,674182,39689,1048473,72443,-634493,-976030,260.539
er,cfcb89e9d8c2c153,256,1141763,40106,1906847,73364,-1101657,-1833483,276.643
er,506c29946fa77ce9,256,245706,39629,439779,72310,-206077,-367469,239.761
er,dcf300f77be9a16b,256,708223,39525,1106997,72183,-668698,-1034814,257.489
er,392480d41ca71ef6,256,1142792,40056,1912543,73227,-1102736,-1839316,300.498
er,29298cb40a55a433,256,1147105,39946,1906558,73024,-1107159,-1833534,295.202
er,618007111eb8f01a,256,1017890,40195,1733763,73526,-977695,-1660237,2391.024
er,b33fe3d70b53958f,256,124610,39171,225008,71279,-85439,-153729,175.382
er,42fa453c5788e78a,256,728378,40045,1265254,73249,-688333,-1192005,213.175
er,c0ad377c6b3f23a5,256,981198,39824,1589105,72770,-941374,-1516335,289.255
er,635013d6f4ca8582,256,732688,39719,1146103,72504,-692969,-1073599,266.044
er,1065b2d033e231d1,256,452256,39732,799570,72645,-412524,-726925,200.698
er,ac7d06cd894da4ca,256,1139553,40195,1906550,73488,-1099358,-1833062,292.879
er,ab095461249d6855,256,1122693,39962,1846475,72975,-1082731,-1773500,294.572
er,ba2013568c1297e5,256,1129926,40099,1871969,73282,-1089827,-1798687,296.221
er,6c1568cb6294384b,256,728624,40159,1264298,73447,-688465,-1190851,211.524
er,95dded5bcedbdf54,256,973422,40008,1575309,73089,-933414,-1502220,300.296
er,5484b8303909f926,256,709772,39721,1111332,72504,-670051,-1038828,460.686
er,ecb9d020fc68d8bf,256,885808,40141,1523424,73476,-845667,-1449948,222.085
er,75da6ef422e8f343,256,724716,40214,1258670,73514,-684502,-1185156,210.827
er,c3bc5557ed25e9d4,256,1102505,39980,1810981,73095,-1062525,-1737886,293.229
er,baca9246c05e949e,256,1020308,40186,1734933,73474,-980122,-1661459,274.139
er,b92d09b63fe3d7de,256,646646,39936,1130208,73015,-606710,-1057193,207.254
er,bd814205498d03e6,256,967880,39775,1567525,72734,-928105,-1494791,298.647
er,17353ff7b45ff6d8,256,1008391,39827,1632118,72741,-968564,-1559377,290.809
er,5091b24a2a926197,256,1141092,40065,1893200,73187,-1101027,-1820013,296.895
er,03d1d015c03355c7,256,450864,40037,795778,73149,-410827,-722629,272.781
er,618f23184e54b1eb,256,1146594,40066,1916699,73323,-1106528,-1843376,258.272
er,c5294dc0bb272431,256,244474,39539,438141,72217,-204935,-365924,230.094
er,f58e7609bc604e98,256,633138,40210,1106238,73544,-592928,-1032694,205.916
er,1129a9e2e6f59345,256,349520,38922,508985,70850,-310598,-438135,236.808
er,7157d992697cc697,256,326343,39224,471493,71433,-287119,-400060,238.085
er,77568c33a15dbe2c,256,1025832,40275,1744606,73611,-985557,-1670995,277.168
er,b85dea4f121f9e2c,256,242098,39695,433806,72457,-202403,-361349,225.811
er,d11f55af3a1f15c2,256,730207,39421,1142881,71883,-690786,-1070998,282.905
er,86b229cef6e26eaf,256,350732,39780,623377,72761,-310952,-550616,226.853
er,3931aa02a391e460,256,1089826,39911,1791942,72900,-1049915,-1719042,291.27
er,b295c943c68aae77,256,896474,40087,1542117,73326,-856387,-1468791,280.187
er,df1ea39b33b6e9a4,256,645348,39964,1128931,73102,-605384,-1055829,213.179
er,9c11f3ffa9fd8c81,256,1073834,40080,1820557,73335,-1033754,-1747222,286.619
er,67c2a5183431fa58,256,126336,38758,228275,70546,-87578,-157729,174.845
er,1c6f3479ae1e4f42,256,1028000,40094,1752021,73345,-987906,-1678676,287.553
er,010af13c3f694f04,256,1133163,40146,1879340,73423,-1093017,-1805917,285.058
er,02904caf98debc40,256,894502,40245,1538654,73557,-854257,-1465097,281.793
er,2c75012d1cc569d8,256,1126120,39932,1852843,72972,-1086188,-1779871,298.055
er,bef5a01c88f76eca,256,351294,39848,624785,72844,-311446,-551941,187.884
er,f63a5ef03f349cdd,256,127196,38847,230126,70712,-88349,-159414,191.552
er,9d42c5df7cc260a2,256,1017672,40297,1733816,73640,-977375,-1660176,244.489
er,06be635101c99e0b,256,1110705,39979,1824735,73033,-1070726,-1751702,296.365
er,28dfb57d3307bb22,256,1143322,40045,1895755,73230,-1103277,-1822525,279.882
er,9c804f866494f059,256,806734,40142,1394238,73372,-766592,-1320866,230.921
er,4d913d96f4e18c29,256,728446,40013,1269558,73153,-688433,-1196405,212.749
er,38b30e20ccfe261f,256,349744,39778,622087,72679,-309966,-549408,239.092
er,16356925153131ee,256,552458,40158,970405,73447,-512300,-896958,204.217
er,b5b8905e69cd588f,256,128840,38930,233185,70947,-89910,-162238,173.854
er,5031c9cd5b547a88,256,1147966,39860,1894944,72793,-1108106,-1822151,296.525
er,afa8433a2f2e03ba,256,557284,40163,979920,73374,-517121,-906546,206.59
er,c3e2b97242ffb80d,256,1117596,40118,1878750,73368,-1077478,-1805382,289.114
er,96fade667dd1b58e,256,644522,40141,1126988,73371,-604381,-1053617,207.12
er,9f56b88e93a929dd,256,1118900,40118,1880722,73353,-1078782,-1807369,289.895
er,777eac911898521e,256,998575,39945,1616526,72925,-958630,-1543601,299.818
er,e630daf570c4c560,256,1012232,40277,1725988,73640,-971955,-1652348,247.949
er,ae575d9ed25e0088,256,557944,40175,980298,73394,-517769,-906904,185.551
er,f46a601f72f532f9,256,127738,38937,230842,70944,-88801,-159898,178.285
er,8bd380b6e61a796d,256,645116,40003,1127289,73130,-605113,-1054159,204.02
er,3510e1aec992944c,256,1022630,40082,1741924,73336,-982548,-1668588,302.972
er,4aeac8e9c5f46b07,256,1106338,40091,1860429,73345,-1066247,-1787084,285.83
er,fc24d3cabed62b9d,256,820660,40028,1420026,73170,-780632,-1346856,266.376
er,2ef3809d4fe0c461,256,351430,39786,623970,72737,-311644,-551233,235.195
er,a7472269af7eae78,256,353312,39778,628716,72667,-313534,-556049,189.076
er,55bb3ccb4ae478ad,256,1120509,40158,1887012,73422,-1080351,-1813590,296.848
er,3736838e9546a2d5,256,125808,38896,227501,70841,-86912,-156660,172.241
er,eadd69c6dde46f83,256,127538,39061,230200,71123,-88477,-159077,179.263
er,312d7feabc95de62,256,1155798,40104,1933988,73353,-1115694,-1860635,284.292
er,d9b6b44eccf97165,256,693681,39670,1081460,72489,-654011,-1008971,327.198
er,290eff9f3ddb1f35,256,650386,40139,1138071,73367,-610247,-1064704,211.225
er,8746589cc670fbef,256,1114608,40033,1873013,73187,-1074575,-1799826,320.068
er,b85cdcb999246ea2,256,1102799,40053,1820109,73246,-1062746,-1746863,286.608
er,af8d3a0e452fb5b2,256,1125114,40004,1853436,73065,-1085110,-1780371,291.608
er,28250935f86f85a0,256,346178,39701,616948,72618,-306477,-544330,236.205
er,d0d1203202322d5a,256,1146962,40167,1903963,73432,-1106795,-1830531,298.819
er,68ff62ad7afd2b91,256,1077130,40171,1823700,73475,-1036959,-1750225,320.95
er,b55551302b5d32d1,256,450016,40030,796879,73138,-409986,-723741,245.427
er,ca3bece98910029b,256,885526,40025,1521895,73245,-845501,-1448650,242.573
er,6693a338cae25d3f,256,967594,40116,1658339,73397,-927478,-1584942,280.381
er,b4b1bd8f8a9b900d,256,127538,38840,230060,70701,-88698,-159359,171.778
er,618d96e9e4c12ca5,256,350474,39037,512168,71071,-311437,-441097,288.603
er,a569dd252a145876,256,812614,40133,1405164,73404,-772481,-1331760,260.577
er,a7623207665948ab,256,643394,40070,1124451,73198,-603324,-1051253,205.583
er,015c6ac2f705d344,256,337785,39005,490557,71015,-298780,-419542,292.241
er,8c791429b1ca4286,256,1145642,40036,1918159,73216,-1105606,-1844943,293.27
er,91651f94918bf48f,256,550550,39925,967014,73012,-510625,-894002,216.045
er,9029c6fa4ce8e451,256,1152663,40270,1927946,73626,-1112393,-1854320,300.71
er,de4cb39687e25e66,256,555998,40009,976512,73188,-515989,-903324,269.692
er,7f147f610f4f0367,256,645696,40135,1129343,73394,-605561,-1055949,206.784
er,db1bcc037294fb82,256,1102176,39891,1810194,72879,-1062285,-1737315,303.452
er,3220b99d60b988ff,256,1161661,39857,1931366,72820,-1121804,-1858546,297.229
er,70da9cc02d60fea0,256,989703,39838,1601492,72762,-949865,-1528730,290.834
er,b9f45de45ca7f4e8,256,454406,39984,804156,73080,-414422,-731076,258.274
er,8287ede062ae981a,256,128078,39211,231232,71423,-88867,-159809,174.358
er,9d30c28021fd9ab6,256,733062,40294,1272175,73648,-692768,-1198527,215.393
er,124d690daee6d773,256,1152854,40094,1915511,73300,-1112760,-1842211,296.031
er,42bf9c9e4003d092,256,1135447,39999,1883666,73128,-1095448,-1810538,283.916
er,bc9c73ef75791d50,256,1002944,39891,1623921,72861,-963053,-1551060,304.246
er,5b0f628c1b2c8a68,256,746535,39376,1173265,71920,-707159,-1101345,278.696
er,f94fbafb882b849f,256,1119472,40084,1884918,73297,-1079388,-1811621,300.346
er,8d54100cd074016a,256,240388,39631,430649,72313,-200757,-358336,226.252
er,866801d2c20582c4,256,1143493,40187,1895427,73403,-1103306,-1822024,287.544
er,1b6f004a6c402f2b,256,686770,39432,1070485,71946,-647338,-998539,274.296
er,94cc39988071dbf4,256,1142444,40146,1912831,73420,-1102298,-1839411,310.827
er,87ff16d8f8d4a230,256,640684,40100,1118984,73314,-600584,-1045670,204.931
er,0b6001702381d4f8,256,452468,39978,800472,73146,-412490,-727326,200.883
er,71c15ef03403082c,256,1019144,40279,1735115,73694,-978865,-1661421,273.399
er,11796edbf5bd6d21,256,552412,40106,970267,73287,-512306,-896980,280.264
er,6e8382be1d5fb752,256,1120163,40270,1886862,73596,-1079893,-1813266,299.113
er,7bbde9a668912f67,256,883196,40289,1520075,73640,-842907,-1446435,220.914
er,bd1519e2a4f8536e,256,232740,39556,417010,72169,-193184,-344841,225.247
er,a5a26e2a0997ee53,256,649856,40090,1136459,73322,-609766,-1063137,207.335
er,edf7a58c583fa288,256,808762,40314,1400978,73709,-768448,-1327269,218.725
er,fd1ec678e315f1cb,256,644792,39997,1128163,73167,-604795,-1054996,214.289
er,6754361b76e53d0d,256,1077504,40022,1828971,73184,-1037482,-1755787,264.303
er,888962fbec9593f5,256,957558,40065,1641849,73286,-917493,-1568563,279.44
er,f2f0ffed8fbc141e,256,1115616,40198,1879493,73536,-1075418,-1805957,401.051
er,b68041d925d4f765,256,334913,38757,485880,70704,-296156,-415176,282.026
er,49bb2f2d62dd0eab,256,731962,40188,1273273,73479,-691774,-1199794,212.648
er,f99c29026a0dca72,256,454940,39937,804752,72957,-415003,-731795,195.643
er,c50a31c49bc84933,256,728516,40191,1266110,73505,-688325,-1192605,215.986
er,7d605ba9b4143464,256,127054,38643,229664,70330,-88411,-159334,172.189
er,6f0cf89fc04f50ce,256,1129222,40202,1886191,73499,-1089020,-1812692,319.902
er,7c4f966ddb5140ed,256,1148110,40133,1918747,73394,-1107977,-1845353,260.357
er,2ae5293d5dfacba8,256,348365,39858,620711,72864,-308507,-547847,234.429
er,9b2246fce441aa68,256,240078,39580,430317,72251,-200498,-358066,227.329
er,9d05e238191219e6,256,957296,40092,1639160,73328,-917204,-1565832,283.915
er,d39687499871e5eb,256,454850,39842,802662,72835,-415008,-729827,271.907
er,f5778123b6a34f8d,256,1112145,39900,1829013,72904,-1072245,-1756109,291.237
er,1069d4e6fb03ccb7,256,342351,38871,497467,70809,-303480,-426658,288.245
er,06db8d03e82ec255,256,963088,40216,1647463,73516,-922872,-1573947,278.579
er,ceb6efca47ba9b3c,256,353326,38570,513341,70179,-314756,-443162,290.056
er,f47145c782bb8c51,256,545786,39923,959877,72999,-505863,-886878,209.329
er,52d865e6e84bd579,256,564032,39915,990657,73007,-524117,-917650,279.476
er,75a8fcf04d5aab0b,256,1162038,40038,1926960,73201,-1122000,-1853759,296.97
er,9fd15cca6456e84a,256,962249,39777,1552684,72740,-922472,-1479944,300.611
er,c73077183ed93a91,256,354246,39742,630688,72666,-314504,-558022,234.847
er,90ef9bca0b4a090a,256,338951,38839,493372,70749,-300112,-422623,279.433
er,daba2f27d357e17a,256,549864,40035,968854,73197,-509829,-895657,196.472
er,83dc07695e430945,256,1024950,40131,1746108,73387,-984819,-1672721,235.167
er,588f4e34a3d6c8f1,256,1107585,40110,1817732,73313,-1067475,-1744419,291.415
er,4fc914f12b4ca434,256,1018516,40330,1731882,73726,-978186,-1658156,296.714
er,d067883a2c76b927,256,667978,39759,1035223,72645,-628219,-962578,259.621
er,f86f3751db740645,256,639904,40352,1119697,73790,-599552,-1045907,209.55
er,16920d1e795ad301,256,884412,40071,1519302,73276,-844341,-1446026,240.684
er,a9f085f9e82c37a1,256,559786,39961,984056,73018,-519825,-911038,230.254
er,f487a6436870a95c,256,966568,40279,1654676,73679,-926289,-1580997,280.07
er,8a9e6987ae4fc7cc,256,818458,40061,1415317,73243,-778397,-1342074,215.503
er,74fe025a31fb57ab,256,694724,39452,1085620,71997,-655272,-1013623,259.827
er,9b3604da9a703717,256,1127603,40015,1866351,73140,-1087588,-1793211,300.733
er,d0ea369ed269357a,256,707645,39552,1104783,72151,-668093,-1032632,258.571
er,167b508015618951,256,1016632,40094,1729931,73285,-976538,-1656646,306.098
er,d6e6e4749129e921,256,1098807,40070,1803257,73288,-1058737,-1729969,291.2
er,da866f8b27c7baa1,256,1073410,40072,1817414,73312,-1033338,-1744102,314.601
er,506d70d6a1ecef27,256,1110500,40062,1860140,73281,-1070438,-1786859,289.147
er,d163cf8c55058f6b,256,731000,40215,1269480,73540,-690785,-1195940,219.071
er,939caf755f73fe76,256,1139444,39997,1907291,73109,-1099447,-1834182,264.787
er,574843bf0ceee867,256,1115938,40139,1874926,73369,-1075799,-1801557,290.84
er,356632968adc489b,256,326124,38938,472754,70891,-287186,-401863,238.605
er,6b9ccf680538f6ad,256,347295,38952,504773,70987,-308343,-433786,234.625
er,96c90def5f62e8a5,256,737356,39581,1161005,72285,-697775,-1088720,272.946
er,82aa2a60b9959267,256,954442,40298,1633136,73684,-914144,-1559452,281.605
er,ec7bbb78dac77af0,256,1010833,39874,1640685,72906,-970959,-1567779,287.073
er,ff040ab5e67b7cf3,256,340980,39070,496000,71073,-301910,-424927,297.348
er,7fff505dae892eec,256,134970,39201,244584,71382,-95769,-173202,173.362
er,0a163a2f93ac9be9,256,1173424,40087,1947778,73256,-1133337,-1874522,299.037
er,339aaeffdbb1353e,256,1127722,40189,1902642,73528,-1087533,-1829114,289.921
er,39f0dd2b93ae0649,256,1062372,40215,1796620,73506,-1022157,-1723114,286.089
er,c981dda8e8e17dce,256,457242,39927,806708,72944,-417315,-733764,242.207
er,a94272365cc00485,256,254116,39777,455206,72653,-214339,-382553,226.994
er,5e909d023d270f5f,256,961410,40139,1642488,73392,-921271,-1569096,279.781
er,1b056339e027b927,256,1149156,40153,1921176,73372,-1109003,-1847804,270.839
er,662e4508de0b9255,256,552184,39900,970673,72968,-512284,-897705,196.368
er,56e1bd79b9b9a843,256,715946,39577,1119878,72151,-676369,-1047727,258.275
er,3e5f3a2d79959223,256,1159153,40043,1928173,73174,-1119110,-1854999,294.309
er,b23d8332ddffc599,256,336938,39016,490032,70981,-297922,-419051,243.453
er,4f3b17239d1b52f1,256,548136,39970,964042,73115,-508166,-890927,205.239
er,8a7e429f53cfa34b,256,960202,40298,1643284,73649,-919904,-1569635,279.424
er,d3a2e41ec0a3ef3c,256,704661,39690,1101771,72504,-664971,-1029267,269.614
er,064320f312d1a98d,256,351010,39865,625441,72871,-311145,-552570,235.327
er,ea16d128c363b709,256,1116950,40086,1876906,73344,-1076864,-1803562,293.287
er,5d3257e201dbc391,256,816678,40167,1413342,73461,-776511,-1339881,275.142
er,68a3ad25ba382e31,256,636956,39980,1113502,73142,-596976,-1040360,205.039
er,40e53fdd53a26dde,256,134010,38608,242511,70301,-95402,-172210,171.726
er,ce63fd665f4a5c5a,256,1024034,40160,1743229,73438,-983874,-1669791,282.404
er,0ecf4ffc8e19182b,256,337673,38965,487688,70902,-298708,-416786,279.525
er,f14a55cfdd8ad029,256,1125646,40065,1893895,73259,-1085581,-1820636,298.831
er,cd86d0bfbac9e756,256,1022508,40160,1739828,73404,-982348,-1666424,288.262
er,9cf0a5098000b03d,256,351011,38942,508771,70871,-312069,-437900,237.271
er,96618336b24876f3,256,1109944,40024,1865145,73166,-1069920,-1791979,290.259
er,07ebe3d9d50a0131,256,1071934,40242,1812645,73601,-1031692,-1739044,336.505
er,5896e11ed5164ad8,256,552374,40028,971667,73177,-512346,-898490,250.532
er,ce6d273db744ec02,256,1018422,40156,1734624,73455,-978266,-1661169,708.367
er,dd284118dcfe4a2e,256,1111806,40080,1871750,73312,-1071726,-1798438,307.573
er,7be95638afb55ada,256,1099797,40125,1806821,73315,-1059672,-1733506,299.53
er,9c42aa968161f5ef,256,1127390,40052,1867398,73210,-1087338,-1794188,290.071
er,eea2be7fa517c043,256,1118245,39907,1838819,72935,-1078338,-1765884,291.255
er,2c6c361898280c6f,256,964142,40057,1651246,73266,-924085,-1577980,281.496
er,ba69b973046c2e99,256,713750,39668,1113677,72411,-674082,-1041266,257.412
er,f22ed8a6b3d727d5,256,952310,40225,1626052,73549,-912085,-1552503,288.683
er,8c9514fb8facc600,256,753316,39618,1184754,72298,-713698,-1112456,264.431
er,a21feeacd56ab1cc,256,1121030,40058,1891638,73259,-1080972,-1818379,288.727
er,03c5e490806a5b39,256,816634,40130,1414122,73405,-776504,-1340717,218.317
er,37cb204db67b56b7,256,1071880,40076,1814686,73288,-1031804,-1741398,317.818
er,7d5810608eb4a5ee,256,364768,39735,649447,72659,-325033,-576788,235.652
er,1d706dba72f62639,256,557844,39909,980609,72986,-517935,-907623,278.598
er,d1a1ef97c351afb5,256,1021744,40177,1737358,73491,-981567,-1663867,313.959
er,4d025dd7e93fb52b,256,351872,39886,626837,72844,-311986,-553993,242.615
er,9a054a50aeb62f64,256,552422,40107,969237,73309,-512315,-895928,220.563
er,43a02ae73f9ecd1a,256,1027278,40154,1749975,73431,-987124,-1676544,267.322
er,e2c564430f500ccc,256,1141067,40105,1893376,73260,-1100962,-1820116,300.03
er,335333ba25c34eb0,256,958532,40062,1640997,73278,-918470,-1567719,276.269
er,e85428e4d80f5fba,256,676613,39642,1053321,72370,-636971,-980951,257.269
er,3f68ee973255b085,256,728242,40057,1264787,73215,-688185,-1191572,212.233
er,e114f581a251282e,256,697579,39465,1086720,72020,-658114,-1014700,275.777
er,3c7c1a067b2a7107,256,1150200,40085,1918648,73299,-1110115,-1845349,257.555
er,131b75d29ecd470e,256,732148,40277,1273289,73635,-691871,-1199654,218.466
er,87d3e823d92ee711,256,825040,40115,1426637,73387,-784925,-1353250,216.172
er,423819059f6b0d5b,256,1067638,40165,1805036,73436,-1027473,-1731600,280.558
er,3973da3f5163484e,256,244416,39870,437631,72795,-204546,-364836,229.376
er,2e020eceb9a2d5cb,256,992446,39774,1607855,72661,-952672,-1535194,288.991
er,096057a6f4c8c67c,256,1147330,40078,1907945,73268,-1107252,-1834677,297.593
er,43102569937050f7,256,935828,40021,1509095,73157,-895807,-1435938,302.89
er,76349f7daf7e806d,256,888490,40191,1527436,73464,-848299,-1453972,253.515
er,2e9b560ed440e7f8,256,951294,40147,1626986,73427,-911147,-1553559,279.357
er,0ac60ae1676c44d3,256,1129994,40020,1884698,73198,-1089974,-1811500,237.776
er,63bb036ba7a0a557,256,1149950,40038,1920384,73216,-1109912,-1847168,276.747
er,2a2b44a352dca7a2,256,553070,40136,973520,73368,-512934,-900152,216.295
er,b1b7c05784b08806,256,1104392,40169,1854983,73434,-1064223,-1781549,333.487
er,fee2fe9fcbe3c652,256,726536,40116,1263830,73357,-686420,-1190473,211.677
er,8ba12eaa728fa5a5,256,1137164,39811,1898227,72853,-1097353,-1825374,256.075
er,41c26fe27a1ae974,256,647496,40046,1131760,73174,-607450,-1058586,204.97
er,6c6e0b89f04928ad,256,547626,40045,962668,73209,-507581,-889459,210.413
er,23e09a2d37d723af,256,242050,39371,433731,71874,-202679,-361857,227.463
er,279096fcc242f26b,256,1134155,40020,1895268,73203,-1094135,-1822065,257.315
er,50c0ec3286c8b3b2,256,1161859,40091,1930526,73267,-1121768,-1857259,309.074
er,4f2f4aa37a492adc,256,889740,40038,1531810,73230,-849702,-1458580,237.878
er,07c111e920ad8619,256,729858,40096,1267107,73279,-689762,-1193828,212.056
er,7567bb5ef4df3a15,256,1109734,40223,1862980,73491,-1069511,-1789489,299.188
er,f31ec88cceee7324,256,811992,40219,1401696,73532,-771773,-1328164,216.45
er,3686f1537e59233e,256,736351,39620,1154940,72356,-696731,-1082584,273.253
er,dbf5e2a10a366133,256,1072548,40065,1816639,73280,-1032483,-1743359,256.414
er,54dfb2c5d23a3a12,256,811570,40133,1403314,73373,-771437,-1329941,213.591
er,bdf10b4cec1a0f3f,256,1076110,40189,1822220,73495,-1035921,-1748725,275.396
er,c15e614fcddf9367,256,123480,39367,223202,71557,-84113,-151645,174.129
er,e6b7f00ab8650a9f,256,251102,39647,449418,72448,-211455,-376970,232.045
er,3c32a0df76755fc4,256,1149275,40271,1926021,73618,-1109004,-1852403,262.288
er,547805e906b05849,256,1021104,40150,1733502,73384,-980954,-1660118,349.783
er,c822876791370b78,256,243460,39371,435470,71887,-204089,-363583,230.687
er,32775391f47d0d80,256,956448,40123,1634913,73357,-916325,-1561556,282.204
er,2f629add858a5e14,256,1133442,40007,1877084,73122,-1093435,-1803962,300.236
er,c81762760d512a9e,256,968450,39863,1565387,72841,-928587,-1492546,298.715
er,4d3104e50d1b93e6,256,1097396,39912,1798916,72947,-1057484,-1725969,291.675
er,3c3c0c126e653735,256,885674,40153,1524042,73427,-845521,-1450615,216.812
er,b20c3ddabf466937,256,350082,39801,621754,72687,-310281,-549067,243.365
er,ec6e0b1f2ab6e04c,256,1070870,40083,1811780,73334,-1030787,-1738446,294.565
er,3267af19423a953d,256,1152195,40134,1928862,73389,-1112061,-1855473,327.874
er,86f70ea9e9f61858,256,1077838,40246,1827426,73578,-1037592,-1753848,278.027
er,3648d64e8f720cdd,256,981371,39802,1585439,72741,-941569,-1512698,294.514
er,e6bc4418478123b4,256,884094,40072,1521091,73260,-844022,-1447831,201.574
er,cacf2ffc969f6b00,256,738910,39701,1159024,72487,-699209,-1086537,262.229
er,4827d559914c487e,256,972988,39946,1571581,73002,-933042,-1498579,303.351
er,eeebf255a26b2de4,256,807536,40192,1395925,73532,-767344,-1322393,195.865
er,29b264d6f741e549,256,459320,39975,812308,73074,-419345,-739234,227.536
er,28270f5d74b8ee3c,256,1129914,39982,1870850,73166,-1089932,-1797684,303.206
er,ee68a363f1c29093,256,561126,40100,985732,73281,-521026,-912451,212.995
er,c0dbbb1f9db3053a,256,344832,38770,499250,70544,-306062,-428706,288.397
er,233a293153c29ff8,256,542172,40075,952825,73253,-502097,-879572,198.823
er,8e8a4ea14ed4d05c,256,546592,40022,961749,73136,-506570,-888613,201.54
er,26d6486b1f1e7e38,256,1134389,40086,1877406,73297,-1094303,-1804109,290.802
er,8ce79f9ca217bfe2,256,642992,40259,1123512,73602,-602733,-1049910,207.563
er,2bb9960e8261332d,256,638492,40126,1115648,73369,-598366,-1042279,206.053
er,4268367548dc5c0e,256,1119369,40052,1884291,73265,-1079317,-1811026,292.424
er,993f78e13bff6e83,256,814408,40233,1406782,73530,-774175,-1333252,214.133
er,1085b9a2dc136311,256,981771,39527,1593637,72330,-942244,-1521307,292.157
er,663c4b2ec35618a3,256,1095435,39956,1794142,73014,-1055479,-1721128,302.086
er,6524f1bd3a7223e1,256,951324,40246,1628562,73563,-911078,-1554999,279.487
er,97bbdd286944c2ad,256,128490,38850,232384,70636,-89640,-161748,173.528
er,2a9b04d2f935a4a9,256,961038,40086,1645400,73318,-920952,-1572082,286.965
er,2770fcdb5f1dc823,256,1142086,40092,1907598,73278,-1101994,-1834320,277.613
er,f640ff4f3e93e6ea,256,244008,39763,437396,72633,-204245,-364763,234.992
er,3d65b11fc85ddce7,256,1122445,39983,1845702,73146,-1082462,-1772556,298.476
er,7b458b8cfcd31d62,256,1143407,40141,1913153,73374,-1103266,-1839779,306.37
er,86dd5ab3efe0ee77,256,1097630,39810,1800617,72752,-1057820,-1727865,299.63
er,f1bb12680d326baf,256,1117734,40174,1883727,73422,-1077560,-1810305,296.791
er,59ea4174c1962e48,256,966654,40205,1653609,73473,-926449,-1580136,284.202
er,5db05ce1acf15c7f,256,1088749,40047,1787058,73192,-1048702,-1713866,300.456
er,b4f494176d53fcfd,256,122452,38870,221134,70783,-83582,-150351,176.77
er,0b2fc094d1376182,256,695044,39691,1084481,72402,-655353,-1012079,266.577
er,af8013f7550a0de1,256,340167,38965,494647,70942,-301202,-423705,282.469
er,7738aa2223dc8478,256,131878,39066,238359,71110,-92812,-167249,173.185
er,4e24ca8c5236a606,256,125916,39279,227167,71602,-86637,-155565,176.631
er,e4acaf4e9f421e71,256,891148,40200,1532077,73523,-850948,-1458554,220.465
er,a73675fdf820beec,256,557736,40204,981203,73480,-517532,-907723,204.291
er,e0f3865f883225a1,256,123176,39046,221694,71108,-84130,-150586,172.851
er,b16fd4da0df18d1d,256,805796,40146,1392552,73436,-765650,-1319116,220.659
er,cf3bded29a662117,256,124606,38987,225027,70998,-85619,-154029,175.332
er,3544815725b3ba55,256,238068,39641,425930,72428,-198427,-353502,228.026
er,214c8e5cef4a4116,256,1098306,39955,1805238,73083,-1058351,-1732155,292.575
er,d0806bc965806eed,256,1110764,39927,1827100,72951,-1070837,-1754149,300.93
er,9cc9410a4127c428,256,1156024,40158,1935157,73448,-1115866,-1861709,350.233
er,343b920bab3f3f95,256,453010,39901,800746,72964,-413109,-727782,291.175
er,9e047d32d1f88842,256,889772,40217,1529722,73517,-849555,-1456205,295.052
er,add701a9ebce364c,256,1151452,40117,1922568,73273,-1111335,-1849295,273.295
er,49875c2f43b3f127,256,452350,40059,798130,73226,-412291,-724904,251.75
er,0f88afac4a4eb843,256,966394,40069,1653136,73313,-926325,-1579823,283.106
er,6a9a84233dc6267a,256,1157536,40172,1934246,73488,-1117364,-1860758,275.717
er,b659922cb989ff9c,256,820196,40204,1419135,73497,-779992,-1345638,237.885
er,b101b2a885d2c76f,256,642840,39956,1124970,73112,-602884,-1051858,235.079
er,4bb48d8c71f1269d,256,958800,40095,1641702,73324,-918705,-1568378,279.275
er,a8902c43306c578a,256,897632,40070,1544112,73226,-857562,-1470886,243.623
er,60187e390c1d9a18,256,444428,39919,787208,73021,-404509,-714187,274.011
er,0f91bc08f30dbff6,256,1138536,39932,1887014,73053,-1098604,-1813961,276.907
er,c09bd6272b3073a7,256,697638,39831,1088088,72792,-657807,-1015296,260.387
er,a2453f0b3e05a098,256,337508,38942,489012,70837,-298566,-418175,278.856
er,4ecee42170a7f8d1,256,1085127,39913,1778856,72924,-1045214,-1705932,291.159
er,f1d7ddc10bc0d14f,256,552318,39979,971367,73089,-512339,-898278,252.981
er,93285d1bc04296af,256,812834,40178,1406160,73482,-772656,-1332678,216.863
er,d7962430952168f8,256,625496,40232,1092023,73557,-585264,-1018466,205.199
er,226b424582e584b3,256,1099180,39695,1803849,72566,-1059485,-1731283,287.84
er,ad31c38a913ea02d,256,1143554,40137,1913994,73348,-1103417,-1840646,264.571
er,ebb62fe8983e62f2,256,1154252,40023,1913126,73147,-1114229,-1839979,291.64
er,e21c9f890ca8ef53,256,241248,39738,431849,72486,-201510,-359363,230.446
er,91e81b2f9b9eaf68,256,1067918,40225,1805705,73577,-1027693,-1732128,278.24
er,a296257a53a695fe,256,1119755,39865,1842304,72919,-1079890,-1769385,308.49
er,ef323541d1bfa6fb,256,736394,40110,1279677,73326,-696284,-1206351,219.171
er,1cbaf4c2a4867161,256,344256,38904,500482,70736,-305352,-429746,300.91
er,27a78a5953286daa,256,641582,40252,1121194,73530,-601330,-1047664,205.949
er,201ab54dbd720ba1,256,809512,40222,1399503,73499,-769290,-1326004,215.402
er,0984f0c832510cc0,256,349124,39836,621452,72849,-309288,-548603,241.402
er,782c1fbdbf45bad8,256,1140714,40224,1907772,73532,-1100490,-1834240,279.19
er,9572374f1559f177,256,350894,38890,510292,70841,-312004,-439451,287.379
er,b558638782451336,256,955528,40094,1635378,73356,-915434,-1562022,283.615
er,4ba52bc64cf9c889,256,705399,39811,1101194,72617,-665588,-1028577,256.036
er,e055f7d0a5a7664c,256,644450,40074,1126742,73261,-604376,-1053481,204.562
er,9a01fe353b80d6b8,256,355412,39967,632238,73043,-315445,-559195,237.042
er,3aa80ad6182b98cf,256,249098,39480,445902,72185,-209618,-373717,237.187
er,1d388687b729f263,256,554498,40061,973835,73268,-514437,-900567,252.474
er,7812020b863a4b46,256,438880,40030,776734,73167,-398850,-703567,193.012
er,52db2a054bd70c6c,256,808128,40184,1395810,73444,-767944,-1322366,214.74
er,05ea03ffc93945a7,256,1153213,39952,1915500,73092,-1113261,-1842408,275.593
er,7e16c2700ad28a35,256,1079326,39764,1771125,72654,-1039562,-1698471,305.415
er,9f6f08c0366f38bf,256,342699,39213,495602,71427,-303486,-424175,279.514
er,42473ef126425fc2,256,122906,38783,222506,70730,-84123,-151776,171.267
er,a4efcffc65b8c0e0,256,237622,39595,424716,72286,-198027,-352430,226.954
er,5839ae23e6844de7,256,737474,40098,1282019,73300,-697376,-1208719,212.471
er,dd755d2264f77fbf,256,1124508,40258,1893254,73616,-1084250,-1819638,289.891
er,0ee7e071a39c02fb,256,892126,40080,1537785,73314,-852046,-1464471,276.814
er,d3dfa911af49a746,256,452284,39862,799729,72917,-412422,-726812,242.934
er,912326f488ee47d3,256,892074,40015,1536400,73145,-852059,-1463255,230.223
er,53634d71aea9b2e3,256,885540,40089,1521623,73311,-845451,-1448312,220.918
er,660a54d2d9a78e36,256,548724,40016,964665,73131,-508708,-891534,251.948
er,272d3e209f74c429,256,334070,38968,485665,70821,-295102,-414844,233.922
er,18d8d1a7f39d66a1,256,647314,40247,1130643,73526,-607067,-1057117,207.816
er,f1f61b87a148c4bf,256,1015315,39746,1644287,72667,-975569,-1571620,310.025
er,c4ee5294d1536615,256,1151440,40092,1926047,73286,-1111348,-1852761,293.191
er,f0111aeece335e77,256,662576,39585,1029757,72176,-622991,-957581,262.494
er,8513ecca07e299b3,256,808418,40184,1397115,73461,-768234,-1323654,267.058
er,a3c04d1b6fc2f94e,256,1082772,40131,1834755,73356,-1042641,-1761399,302.181
er,066e99216529e0d3,256,1142260,40068,1902442,73309,-1102192,-1829133,309.922
er,ec3a4e8109568b04,256,127210,38844,229499,70715,-88366,-158784,176.405
er,4d3d07c7c9192e4d,256,641920,40185,1120546,73466,-601735,-1047080,212.048
er,ba85075429c9e945,256,649118,40153,1133403,73438,-608965,-1059965,209.637
er,838594570fde1092,256,1084312,40206,1835464,73533,-1044106,-1761931,277.727
er,152279a2c9cc8db1,256,1075472,40201,1824310,73498,-1035271,-1750812,275.029
er,1d8d6804e48c4ab9,256,1122467,39856,1846500,72813,-1082611,-1773687,298.399
er,85b55a67eddbf74a,256,1125356,40037,1876535,73225,-1085319,-1803310,292.822
er,3c01757d8fce79ba,256,356516,39918,634049,72963,-316598,-561086,236.282
er,9a36d87478d86248,256,1001558,39938,1621777,72931,-961620,-1548846,376.552
er,72ae10b544c270ed,256,644710,40165,1127146,73413,-604545,-1053733,214.078
er,720873afd1d35f4f,256,1020562,40187,1738091,73499,-980375,-1664592,267.781
er,ecfeeb9133761314,256,1156978,40112,1934420,73342,-1116866,-1861078,297.187
er,64984eabf85b6f49,256,1087576,40107,1840679,73385,-1047469,-1767294,286.935
er,25cd9d8049a82c86,256,890646,40068,1534062,73294,-850578,-1460768,280.548
er,5ce1021e64c578bc,256,735482,40221,1280358,73568,-695261,-1206790,213.189
er,6575f2efbec6b7c1,256,953690,40314,1631617,73669,-913376,-1557948,281.436
er,950cedd291b77847,256,349552,39856,620529,72820,-309696,-547709,203.286
er,2a3cd348173d27c1,256,122866,39027,221593,71017,-83839,-150576,172.39
er,8cc4696daeeede5e,256,1068134,40261,1808875,73572,-1027873,-1735303,325.418
er,e155c76edd9f20ce,256,1020960,40166,1736755,73421,-980794,-1663334,243.592
er,459034275888c080,256,1024588,40206,1747755,73484,-984382,-1674271,315.592
er,4cf3d46b2c0be997,256,361024,39768,642057,72735,-321256,-569322,237.772
er,db0abcdb32fedc58,256,1125537,39750,1852076,72635,-1085787,-1779441,293.548
er,c27d46948bf2b7f9,256,958512,40274,1641897,73684,-918238,-1568213,289.951
er,d5b6d527166c9c2c,256,1113730,40000,1831168,73121,-1073730,-1758047,294.411
er,dc2e5d265745e18f,256,1013786,40184,1726259,73419,-973602,-1652840,291.214
er,8c753131acf60f84,256,960204,40094,1641094,73326,-920110,-1567768,278.833
er,41a99add7b1783f0,256,640764,40112,1119512,73304,-600652,-1046208,206.49
er,1642c42384efb519,256,354436,39692,630266,72520,-314744,-557746,255.621
er,045eead8ef3c71de,256,1141767,40164,1892440,73460,-1101603,-1818980,291.564
er,3a834f646df27042,256,882748,40280,1520003,73652,-842468,-1446351,280.249
er,88ac604166b9d974,256,552608,39954,972003,73045,-512654,-898958,200.874
er,2cc418b53989cd51,256,696449,39282,1082177,71652,-657167,-1010525,259.958
er,c778152ad36c7602,256,127990,38772,231163,70572,-89218,-160591,172.975
er,43870e6683470f6c,256,348307,38858,505138,70739,-309449,-434399,239.155
er,d2ed0c42e5d12353,256,1149806,40184,1922451,73443,-1109622,-1849008,261.782
er,085a5f139a97efaf,256,1130426,40039,1859474,73244,-1090387,-1786230,299.541
er,69530fad781037d8,256,647052,40110,1130589,73333,-606942,-1057256,206.397
er,a5524dc0c35e9836,256,731964,40004,1272044,73153,-691960,-1198891,215.605
er,83fb76ae182d9533,256,663092,39657,1024822,72386,-623435,-952436,264.411
er,88580bf57bce4adb,256,721702,40023,1253020,73189,-681679,-1179831,211.25
er,9d67f9049932772b,256,1150311,40274,1915727,73561,-1110037,-1842166,307.512
er,f713e040e2a6ab16,256,742964,40079,1291318,73241,-702885,-1218077,212.666
er,802d0a0c362deec9,256,342098,39906,608709,72912,-302192,-535797,240.044
er,58cf42a31679737c,256,460372,39868,812827,72939,-420504,-739888,242.303
er,392ca6370d046314,256,128822,39335,232588,71652,-89487,-160936,174.414
er,fbf9f7cfc736c52b,256,882460,40126,1518780,73351,-842334,-1445429,271.008
er,aaa57050b20a3957,256,351466,39968,625927,72995,-311498,-552932,235.391
er,84fa8683882b2a95,256,352636,39794,627516,72762,-312842,-554754,234.08
er,18d68439a5adb252,256,1090584,40097,1791145,73322,-1050487,-1717823,319.931
er,f43e4a68975e080c,256,955440,40083,1633926,73295,-915357,-1560631,278.899
er,c512cb5e39aa2aad,256,445044,39979,786805,72991,-405065,-713814,249.731
er,76b122614525e8ff,256,962472,40158,1645467,73432,-922314,-1572035,284.658
er,2454ad942da13306,256,552978,39935,971647,73023,-513043,-898624,269.248
er,2ea2abce88a738c0,256,885444,40305,1522421,73710,-845139,-1448711,237.345
er,80be714eaeb97999,256,733395,39641,1151844,72446,-693754,-1079398,261.573
er,ccc90e000c745d4d,256,899562,40168,1548653,73417,-859394,-1475236,221.734
er,a2e848175c4d9fa4,256,888874,40082,1530497,73311,-848792,-1457186,273.262
er,311d6217961fc49a,256,551542,39904,968603,72997,-511638,-895606,201.341
er,87a27b7e84ad53dc,256,645016,39999,1126208,73129,-605017,-1053079,207.069
er,fd6ca2d760b43aac,256,362968,39914,646295,72969,-323054,-573326,236.946
er,03148b292e6ed3a0,256,355290,39241,516960,71347,-316049,-445613,281.331
er,42b45aafabe8f4b7,256,1120276,39966,1892411,73101,-1080310,-1819310,292.237
er,0f5cd5c9d051c121,256,1080581,40133,1827927,73402,-1040448,-1754525,277.745
er,53f75fe1a93fb8df,256,808226,40088,1398792,73303,-768138,-1325489,222.816
er,89b8ec85db3d6697,256,124838,38795,225711,70531,-86043,-155180,174.586
er,7e263345285f62fb,256,132166,39076,238199,71249,-93090,-166950,217.53
er,0108dc1a85c324e1,256,882174,40288,1518814,73640,-841886,-1445174,283.583
er,4692094de818d424,256,894036,40174,1536816,73496,-853862,-1463320,277.191
er,d8eeb7fccd258cd7,256,889486,40321,1530474,73703,-849165,-1456771,234.553
er,3ea273b98c33bbf6,256,715759,39454,1118377,72115,-676305,-1046262,264.032
er,486c90efcbf68424,256,345116,39846,613232,72925,-305270,-540307,189.294
er,7e78714d570d6e20,256,128636,38813,232282,70727,-89823,-161555,176.096
er,a9f1d9d1aa1d9361,256,730180,40146,1268468,73446,-690034,-1195022,212.444
er,1e46b066e118a51c,256,956842,40183,1637984,73484,-916659,-1564500,280.629
er,dedf92aaf8415f0d,256,550420,40106,968404,73310,-510314,-895094,211.882
er,c286de14467a17d8,256,962328,40226,1646480,73585,-922102,-1572895,282.385
er,0d9e9eebe7d12709,256,1102728,40049,1854809,73293,-1062679,-1781516,322.64
er,abb930d34d7d3e06,256,803898,40142,1391259,73386,-763756,-1317873,214.28
er,2efd7f2865062ee5,256,342293,39168,496394,71348,-303125,-425046,237.689
er,e83397bf4e8b6261,256,670634,39696,1039382,72546,-630938,-966836,418.588
er,4d246377d07f67c5,256,948686,40248,1623874,73556,-908438,-1550318,275.6
er,0f394788442f70e5,256,882058,40149,1514975,73410,-841909,-1441565,299.285
er,8ab19eee3321e6c4,256,1099954,40138,1848040,73331,-1059816,-1774709,291.529
er,ce5659b77b92a549,256,884410,40216,1521912,73537,-844194,-1448375,221.298
er,4d7cd9f4a6593e09,256,1075434,40230,1816472,73535,-1035204,-1742937,281.223
er,a35c53eae2425d3c,256,882246,40143,1521775,73377,-842103,-1448398,229.138
er,fd1420e88a32b78b,256,1136364,40051,1898257,73202,-1096313,-1825055,270.872
er,63f172dfc9bb8b5d,256,127022,39035,229566,71081,-87987,-158485,174.496
er,ebb0b3b410c42cb2,256,1151265,40049,1924246,73263,-1111216,-1850983,272.267
er,7045b501a1c52e44,256,1079406,40103,1829019,73349,-1039303,-1755670,278.541
er,207de16966f5cbad,256,1111176,39918,1828350,72985,-1071258,-1755365,292.08
er,93c9f9924b454712,256,723374,40054,1256411,73247,-683320,-1183164,214.789
er,4ceaf32176e7c9cc,256,1086538,40090,1840860,73338,-1046448,-1767522,311.393
er,c0d53a8385b2fc25,256,1109163,40059,1821645,73207,-1069104,-1748438,293.743
er,18f10b3a026825c6,256,900194,40292,1549574,73682,-859902,-1475892,222.382
er,6876378c306b936d,256,819390,40280,1417300,73645,-779110,-1343655,214.927
er,52dce40d41781193,256,980260,39983,1586095,73010,-940277,-1513085,299.233
er,4fb242439808d5f4,256,961682,40161,1648633,73393,-921521,-1575240,286.042
er,fc20b87a65f833f9,256,1148783,40007,1907265,73123,-1108776,-1834142,285.719
er,06c269a331259f61,256,332894,39073,482328,71074,-293821,-411254,280.063
er,8ac5b23ae9bf5de7,256,333030,38822,482358,70649,-294208,-411709,286.401
er,f36c80f0626cee2a,256,967344,39719,1563275,72585,-927625,-1490690,299.03
er,8b1578993dda26fc,256,354372,39981,630614,73009,-314391,-557605,237.1
er,e431c6590e2e19c0,256,1121270,40131,1890194,73338,-1081139,-1816856,294.467
er,abf66eeeb984c90c,256,809180,40087,1397235,73309,-769093,-1323926,219.179
er,bd345eed934e5c3c,256,962602,40237,1649016,73600,-922365,-1575416,277.983
er,b9bd3386771b589c,256,1127142,40136,1897306,73364,-1087006,-1823942,289.456
er,240d42e29ab456c1,256,888688,40182,1528064,73515,-848506,-1454549,205.444
er,0d8b25f3079f5eca,256,452620,39816,799371,72775,-412804,-726596,202.765
er,596e2235bbf45369,256,447850,39813,791754,72805,-408037,-718949,199.678
er,e130ffe5209770ca,256,1069492,40131,1810092,73403,-1029361,-1736689,272.089
er,281b3f700b95e165,256,352794,39888,626861,72849,-312906,-554012,249.587
er,832955339f76ce44,256,680767,39384,1057206,71863,-641383,-985343,269.683
er,ca8ea65c4af77f59,256,1021270,40125,1739206,73335,-981145,-1665871,233.359
er,ae205a300dfd9777,256,352044,39741,625685,72641,-312303,-553044,259.129
er,8b9e2f221122b823,256,723714,40097,1259683,73278,-683617,-1186405,211.263
er,72a3f249ede600f1,256,815270,40172,1409654,73488,-775098,-1336166,214.816
er,e174c4df502f089e,256,883402,40144,1520127,73403,-843258,-1446724,275.507
er,a8c2eb82daa29d37,256,1092373,39938,1792102,73014,-1052435,-1719088,289.778
er,285433788c9e68d3,256,1091759,39821,1790136,72757,-1051938,-1717379,294.136
er,821bb37c96f679a8,256,556596,39952,977650,73073,-516644,-904577,254.003
er,025ad2f5736556a9,256,1158751,40056,1925371,73200,-1118695,-1852171,301.126
er,664a2378e5201a2f,256,889336,40057,1528282,73249,-849279,-1455033,280.277
er,ec7082518f6be0cb,256,1155351,40152,1932478,73414,-1115199,-1859064,259.354
er,1d3087fcac4c0afe,256,353576,39782,628881,72671,-313794,-556210,251.035
er,cad82a0404084135,256,239640,39774,429356,72566,-199866,-356790,230.855
er,3c421ee4fc8b5c26,256,804430,40110,1389779,73333,-764320,-1316446,221.669
er,9386721e54fbee0c,256,690962,39605,1078589,72400,-651357,-1006189,508.912
er,81cc09ce27765a6e,256,463806,40070,820207,73253,-423736,-746954,195.853
er,4ed47c652d27a82f,256,340356,39179,491896,71362,-301177,-420534,242.332
er,03f62332dca723c6,256,454216,39955,803293,72994,-414261,-730299,195.361
er,f5184f127d28ded9,256,884482,40221,1519904,73543,-844261,-1446361,221.121
er,73b541737907783a,256,1114919,40194,1877872,73445,-1074725,-1804427,330.309
er,90b515b93a5134e6,256,1103504,39983,1813013,73062,-1063521,-1739951,319.137
er,ce94232656f6db62,256,554608,40116,975963,73359,-514492,-902604,284.469
er,674470d8082a7ffd,256,891760,40324,1536753,73703,-851436,-1463050,224.952
er,d03554b8f2f62274,256,1025378,40088,1746039,73331,-985290,-1672708,242.15
er,9a35c0c58207e8d4,256,1121910,40053,1894762,73195,-1081857,-1821567,286.589
er,2877d42bacde9057,256,710140,39663,1108774,72405,-670477,-1036369,262.869
er,cdb373016258649f,256,1013624,40029,1722655,73250,-973595,-1649405,249.4
er,64ee15a281424866,256,551688,40059,969617,73275,-511629,-896342,228.813
er,0554bb08f402f180,256,729684,40013,1268604,73214,-689671,-1195390,213.213
er,47e6bdec44bf2e1b,256,354108,39914,629496,72923,-314194,-556573,242.551
er,1b3ba50137d261a0,256,813776,40085,1406128,73262,-773691,-1332866,220.581
er,a41522896da766c3,256,964531,39728,1559778,72540,-924803,-1487238,292.113
er,04858b67d33d1ea4,256,954462,40262,1633458,73610,-914200,-1559848,282.376
er,70a984f6b43dd9e7,256,810330,40124,1399252,73357,-770206,-1325895,241.037
er,5e6c666f239e6704,256,723704,40196,1258808,73466,-683508,-1185342,211.312
er,4126c9605ca6977c,256,1026704,40173,1746407,73461,-986531,-1672946,271.58
er,ac19348e4b80d229,256,1022192,40265,1738649,73629,-981927,-1665020,248.47
er,019c7c52cc4d0341,256,343540,40046,610919,73114,-303494,-537805,238.143
er,120f8f2691f77d49,256,1113965,40128,1873718,73420,-1073837,-1800298,291.539
er,d7720df0189ef071,256,1140955,39941,1892695,73029,-1101014,-1819666,294.854
er,49197c560e84a5e5,256,1021510,40264,1738894,73650,-981246,-1665244,287.319
er,e539fa21d1a72eb5,256,1160167,40181,1946524,73435,-1119986,-1873089,294.796
er,667f30c8dfdcd1d2,256,455542,40060,805929,73125,-415482,-732804,258.589
er,fcfa66f720305cd2,256,456354,39893,805730,72927,-416461,-732803,193.473
er,7ca3dffaed9d38f0,256,121772,38844,219581,70703,-82928,-148878,175.909
er,5d62876d28a229b0,256,1154263,40004,1919012,73171,-1114259,-1845841,297.22
er,c18d2ec35e39d0a0,256,638852,39987,1117781,73090,-598865,-1044691,205.855
er,356ca06e9f086326,256,1118029,40139,1878913,73347,-1077890,-1805566,289.122
er,8cb66cf7db6e58dc,256,732970,40302,1272509,73650,-692668,-1198859,219.902
er,ed53148673a8c66d,256,959418,39785,1548895,72682,-919633,-1476213,297.977
er,59da44430ecdab0b,256,961869,40014,1554313,73100,-921855,-1481213,285.319
er,74dd6359f6ce9e62,256,744107,39410,1167636,71926,-704697,-1095710,276.157
er,b0ff56b69e128434,256,1119678,40097,1888329,73297,-1079581,-1815032,302.372
er,759dc32a5d16f79a,256,335191,38656,486751,70394,-296535,-416357,280.372
er,b541d38ec990db0b,256,808348,40113,1397082,73364,-768235,-1323718,314.237
er,6143dc7896183210,256,1028410,40243,1750645,73512,-988167,-1677133,244.253
er,8089fa1c8726356c,256,958288,40239,1638827,73545,-918049,-1565282,281.968
er,e824291e8cd57ef5,256,701263,39723,1090571,72441,-661540,-1018130,255.792
er,c70440bd45b1f1a2,256,1136204,40233,1903924,73541,-1095971,-1830383,357.643
er,9b9ea7d7c31331d4,256,955602,40300,1636119,73650,-915302,-1562469,283.564
er,8bf5ddd070089d43,256,728676,40119,1267900,73362,-688557,-1194538,214.972
er,685597f2b9485898,256,634896,40199,1108773,73500,-594697,-1035273,206.533
er,a1c277a8e798b538,256,342814,38782,497318,70731,-304032,-426587,237.873
er,de66c5cae03b137e,256,244452,39613,437964,72267,-204839,-365697,235.386
er,d1192cb21728c2bd,256,552468,40026,971244,73176,-512442,-898068,198.24
er,5d3478ebafffe59d,256,645744,40085,1129682,73301,-605659,-1056381,207.195
er,0ed37933bb489765,256,1012348,40124,1725981,73411,-972224,-1652570,295.783
er,d9c54f94b39f42ad,256,818984,40155,1416292,73443,-778829,-1342849,217.981
er,57ae8b425a1d523c,256,548854,39970,964736,73122,-508884,-891614,231.851
er,ad718eb162b34d2d,256,1153996,40085,1928272,73267,-1113911,-1855005,274.527
er,4597e2191ec3b2c1,256,888374,40138,1528703,73377,-848236,-1455326,225.625
er,fc21a86a34db0d5e,256,647022,40089,1130845,73259,-606933,-1057586,205.771
er,58d7b4a2acca6455,256,1024892,40313,1745307,73668,-984579,-1671639,309.027
er,fef96a272ef0be70,256,892648,40150,1533660,73390,-852498,-1460270,283.54
er,b45b7e37cd0761da,256,1149402,40142,1922033,73391,-1109260,-1848642,282.4
er,b53ce4af3b8ae2f2,256,1099080,39894,1806738,72913,-1059186,-1733825,303.929
er,0d5b9ae859aedcc1,256,990372,39840,1606967,72784,-950532,-1534183,286.862
er,7cd48be23c193419,256,347414,39816,618476,72709,-307598,-545767,238.559
er,84e168ede3f87d87,256,721104,40190,1252458,73489,-680914,-1178969,213.173
er,7b1f6a0e2eb617f2,256,645732,40054,1129507,73220,-605678,-1056287,206.758
er,1652c7d7e3b6565a,256,244302,39626,438447,72311,-204676,-366136,233.834
er,5f8e8a33ded51840,256,1003387,39765,1627491,72652,-963622,-1554839,286.728
er,7f4fd10042efdc50,256,638136,40121,1114885,73370,-598015,-1041515,205.468
er,74f281b8f6027e14,256,239588,39526,429367,72089,-200062,-357278,228.034
er,c52b7b58c460a4f1,256,127558,38836,230405,70750,-88722,-159655,177.023
er,d881e15a3f6f0896,256,1142460,40177,1906819,73486,-1102283,-1833333,278.121
er,f64aa9fc32bfed1a,256,550100,40130,966986,73303,-509970,-893683,324.555
er,a2c035562daf6851,256,451992,39903,798954,72960,-412089,-725994,193.342
er,0a2e74d146008752,256,807654,40210,1394687,73534,-767444,-1321153,214.048
er,889360e6627d0a14,256,341800,38789,497390,70777,-303011,-426613,287.257
er,46a5b30a4e5a9ff4,256,1003989,39823,1630769,72726,-964166,-1558043,292.316
er,c11f5906f9610f7b,256,1117920,40070,1853260,73265,-1077850,-1779995,295.788
er,575bec84d8b0ffaa,256,718676,40108,1249159,73319,-678568,-1175840,213.677
er,bc3cddc03d6fb1f5,256,956250,40221,1639062,73538,-916029,-1565524,282.631
er,3ab4a63bed48a5d4,256,349600,39720,622519,72602,-309880,-549917,234.2
er,400940cf2469786b,256,702185,39540,1097151,72211,-662645,-1024940,278.252
er,d26c8409aa7828c8,256,1120058,40072,1882969,73263,-1079986,-1809706,288.503
er,122cc593e51e0f20,256,993476,39788,1608345,72711,-953688,-1535634,297.965
er,61d7c8a4d0bce66c,256,548524,40100,963535,73282,-508424,-890253,199.315
er,dc4b52b259bf8db2,256,250252,39347,448787,71810,-210905,-376977,225.856
er,bee22fb884112f57,256,1080982,40028,1830191,73191,-1040954,-1757000,287.548
er,d5dec8e93ed3adc1,256,1115507,40138,1880061,73340,-1075369,-1806721,289.503
er,03233b4a95ea8379,256,242530,39575,434688,72159,-202955,-362529,227.183
er,66f7ab1f56032936,256,1151502,40117,1928544,73299,-1111385,-1855245,260.858
er,08e1cb4d1186f1e0,256,455934,39947,806404,73010,-415987,-733394,206.999
er,492689ec692c5121,256,1020398,40022,1734215,73166,-980376,-1661049,277.797
er,48f8085f51fd0bb2,256,732930,40041,1274520,73205,-692889,-1201315,211.484
er,9a7d4edb72f55377,256,454840,39994,804990,73062,-414846,-731928,245.867
er,740d02d47856c447,256,1027352,40254,1748201,73627,-987098,-1674574,281.242
er,6fbb08073b1ee7a9,256,638224,40117,1114154,73372,-598107,-1040782,205.06
er,8152af95c5ee4f16,256,130100,38790,234771,70737,-91310,-164034,176.098
er,89c2e729d42f9950,256,245870,39776,440616,72628,-206094,-367988,230.09
er,8fa1d8dd34d7186a,256,966106,40177,1656382,73492,-925929,-1582890,277.764
er,01d58e04e7f1d842,256,979872,39955,1584103,72920,-939917,-1511183,294.119
er,bcdf86f7882fdb8a,256,1151240,40233,1912212,73567,-1111007,-1838645,292.951
er,2839ede64661ef3b,256,1111062,40210,1868777,73517,-1070852,-1795260,291.338
er,04455b2e9cc86160,256,738984,40091,1287291,73341,-698893,-1213950,212.623
er,fdb8397819685bc1,256,886074,40176,1521439,73440,-845898,-1447999,223.239
er,0b360563dc8538d8,256,883124,40130,1518070,73365,-842994,-1444705,251.295
er,7cb4af91a2f6b52b,256,1069620,40213,1812335,73485,-1029407,-1738850,303.792
er,cb43053381ad865c,256,820570,40244,1418516,73570,-780326,-1344946,222.127
er,efffb6038eaea9c4,256,1022970,40128,1742299,73412,-982842,-1668887,289.893
er,c165894fc25d4e88,256,1013273,39773,1643599,72689,-973500,-1570910,334.956
er,12406b57daed88cb,256,819250,40124,1417112,73379,-779126,-1343733,216.342
er,bb441a4da79d1ea6,256,547158,40028,961508,73188,-507130,-888320,208.173
er,44e9afd478a11dbf,256,130016,38906,235150,70846,-91110,-164304,176.065
er,6728a36173fbb366,256,348768,39787,620413,72655,-308981,-547758,242.964
er,7e48cb55e76091f4,256,887940,40213,1530645,73552,-847727,-1457093,288.802
er,3245d7eeb17210f2,256,1125642,40295,1892295,73661,-1085347,-1818634,289.403
er,702fed4cd05c68ab,256,636374,40197,1112634,73449,-596177,-1039185,204.943
er,b150a02076b240d5,256,126988,39006,228907,71043,-87982,-157864,178.119
er,72c90deda0ac0bb7,256,1155744,39988,1932164,73086,-1115756,-1859078,282.585
er,ca3b7407f2e16566,256,1141438,40140,1893074,73364,-1101298,-1819710,296.825
er,356ed53e879b8ebd,256,1128114,39997,1881022,73111,-1088117,-1807911,285.435
er,1a87648118f0ceca,256,132174,39115,239030,71200,-93059,-167830,181.107
er,0a96bff5b7c82200,256,1121183,39902,1844824,72866,-1081281,-1771958,293.472
er,8bb262fa04c778c6,256,1114693,40119,1880567,73423,-1074574,-1807144,344.259
er,da947e1d1880868b,256,649012,40002,1135554,73105,-609010,-1062449,247.724
er,81890e0dfa508b6a,256,1143363,40187,1913226,73497,-1103176,-1839729,265.943
er,f4ca29461ae3c95b,256,548832,40121,964146,73334,-508711,-890812,264.431
er,b776188d9cf93c39,256,1078370,40186,1824361,73449,-1038184,-1750912,263.783
er,b6ab8d43abd27d57,256,132902,38989,240348,70924,-93913,-169424,175.489
er,f6dd63c0562106ae,256,960460,40152,1644538,73362,-920308,-1571176,281.059
er,406e3f8a7768fb5e,256,340366,39933,605535,72904,-300433,-532631,235.555
er,1fb820ef91ca3811,256,1162340,40068,1933823,73241,-1122272,-1860582,289.985
er,340e72d192cec6d3,256,1145838,40128,1903811,73354,-1105710,-1830457,286.929
er,c07b951beb95a83c,256,813036,40029,1406468,73173,-773007,-1333295,222.063
er,5b1be09fcf096264,256,636256,40110,1110739,73303,-596146,-1037436,205.899
er,e03edfecb46fb217,256,1024130,40083,1741816,73333,-984047,-1668483,345.162
er,b4cf95b8b10cb3c6,256,733846,39943,1273846,73072,-693903,-1200774,187.715
er,882ce1c4ea593683,256,1020964,40162,1740467,73447,-980802,-1667020,224.477
er,9e3847a84894b377,256,666992,39601,1033408,72258,-627391,-961150,258.767
er,eddaa58fdd078101,256,892536,40094,1534821,73339,-852442,-1461482,252.671
er,0201bdfd523fa64f,256,242580,39553,434870,72244,-203027,-362626,221.621
er,3f815b68ae74d92d,256,979046,39896,1584877,72889,-939150,-1511988,294.804
er,c6ceb9f946e4ed93,256,949636,39850,1532878,72815,-909786,-1460063,319.371
er,64e39a1b98766e56,256,1143475,40158,1895682,73375,-1103317,-1822307,285.237
er,ccb68ca2c6f17fea,256,1093924,39954,1796776,73054,-1053970,-1723722,294.229
er,694705ff836e9f9e,256,1120822,40011,1884857,73145,-1080811,-1811712,288.767
er,8ac53b605dbc4af9,256,247948,39610,443698,72357,-208338,-371341,226.21
er,34bd3b19af368eb8,256,1127565,39920,1866031,72956,-1087645,-1793075,286.995
er,309ecb6675e5d6ef,256,343198,39975,610048,73103,-303223,-536945,170.098
er,33abee28bfdc5de9,256,957488,40203,1641623,73543,-917285,-1568080,279.4
er,76bcb5dd5f19d7ac,256,1100462,40125,1847012,73361,-1060337,-1773651,289.062
er,3083e2d6300ad5b9,256,122214,38763,220532,70669,-83451,-149863,176.51
er,791b4f698b0dc767,256,886820,40110,1525903,73345,-846710,-1452558,264.239
er,a985a9559f3adc0e,256,456776,40043,808520,73150,-416733,-735370,245.144
er,93babd43c9a0559a,256,734866,39999,1277826,73213,-694867,-1204613,217.059
er,a45ff543650b3add,256,1128576,39941,1855609,73003,-1088635,-1782606,290.106
er,3311eb73effc3b09,256,123160,39046,222798,71149,-84114,-151649,173.225
er,6de1540919167f2d,256,1122408,40103,1889548,73348,-1082305,-1816200,290.552
er,54115ff9c28b3fde,256,1145724,39976,1901921,73119,-1105748,-1828802,300.26
er,dd2bcb7d5a59cfd2,256,336300,39030,488775,70967,-297270,-417808,246.075
er,e59bfe97f7b10834,256,553696,39976,974186,73121,-513720,-901065,199.373
er,0a600a91febf4cb1,256,1119134,40210,1885163,73518,-1078924,-1811645,303.711
er,deb59fe3ad5745ee,256,1106558,40137,1858960,73423,-1066421,-1785537,286.673
er,eb639547299ef5b4,256,806606,40232,1394425,73566,-766374,-1320859,214.007
er,0319bd8d4b960c03,256,243248,39925,435920,72790,-203323,-363130,234.496
er,63698f5a5f35fff1,256,550098,40180,966892,73420,-509918,-893472,200.531
er,5f1aa3b4480488e5,256,338400,38565,491747,70208,-299835,-421539,279.512
er,f20b4746e9ac3cb9,256,1019464,40148,1737067,73451,-979316,-1663616,279.603
er,56213a2c24cd3ea9,256,882722,40156,1517102,73387,-842566,-1443715,222.193
er,8f50da9893a70316,256,1029726,39970,1753963,73103,-989756,-1680860,262.942
er,0860f42802690583,256,640608,40067,1119796,73225,-600541,-1046571,208.498
er,f52a497c92e2b4b4,256,896820,40170,1543309,73446,-856650,-1469863,283.116
er,489509ee8d262ed8,256,885774,40228,1526234,73562,-845546,-1452672,275.939
er,2b4aeccd87c06737,256,1153044,40248,1929701,73616,-1112796,-1856085,270.284
er,6b4fb4e3f1ca8d84,256,761476,39592,1198147,72281,-721884,-1125866,266.789
er,68d5ad015bbe79c4,256,729340,40116,1266981,73363,-689224,-1193618,212.608
er,2c64d54b32eb3f19,256,238882,39645,427958,72383,-199237,-355575,229.593
er,9bf8634736c2bc31,256,1123125,39863,1890726,72883,-1083262,-1817843,300.425
er,05899273d1616919,256,457664,40023,809881,73142,-417641,-736739,245.23
er,97a611b850c7150b,256,1028100,40166,1752577,73476,-987934,-1679101,272.597
er,f6e4355f77c1da24,256,1080153,40209,1831294,73474,-1039944,-1757820,290.664
er,7924ea58c28da70e,256,331216,38781,480861,70548,-292435,-410313,244.049
er,a7ea8f7cb47b343a,256,641382,40197,1120382,73488,-601185,-1046894,208.424
er,67a76f88930c92e5,256,731996,39473,1148213,72013,-692523,-1076200,270.032
er,a9c923ac7d453b58,256,556436,39908,976827,72939,-516528,-903888,252.519
er,c95fceee8ab5bec9,256,642460,40102,1124146,73304,-602358,-1050842,206.337
er,1eb84207fcfa2d6d,256,810064,40010,1398424,73231,-770054,-1325193,230.248
er,27ee2221e6f9d5c4,256,817166,40108,1413642,73358,-777058,-1340284,217.246
er,87a972cb12cb92ef,256,553292,40046,971468,73181,-513246,-898287,207.25
er,b2f060e2c8d7105e,256,640878,40030,1119252,73194,-600848,-1046058,214.069
er,2f83fb215dc6908b,256,953030,40388,1633440,73839,-912642,-1559601,277.863
er,00c4ca5926aa2c3b,256,244494,39777,437790,72582,-204717,-365208,230.147
er,61d08e744f356b22,256,1006184,39895,1629368,72914,-966289,-1556454,288.516
er,1b5cb6d8eb40e958,256,451284,40047,798123,73253,-411237,-724870,245.38
er,3276970417f09f26,256,1173349,40211,1953482,73509,-1133138,-1879973,293.414
er,52b6f9e0b55b5c31,256,982249,39935,1586616,72941,-942314,-1513675,295.141
er,bc93d6064450f0a0,256,890450,40102,1530865,73356,-850348,-1457509,211.842
er,85bb27f036cf3af4,256,687229,39545,1070451,72254,-647684,-998197,255.971
er,32610ab26db5edae,256,454474,39937,802891,72941,-414537,-729950,254.591
er,748e75f341b21ca3,256,1140290,40089,1906506,73271,-1100201,-1833235,255.609
er,de19238657dec843,256,646442,40179,1129785,73461,-606263,-1056324,209.332
er,39b23a77776f081e,256,876608,40168,1507278,73437,-836440,-1433841,277.824
er,740b8d9d4c1aeef5,256,1111331,39980,1829419,73041,-1071351,-1756378,297.537
er,18e845a8f2369720,256,810724,40172,1404729,73499,-770552,-1331230,217.789
er,7ea1d949e8b9b063,256,634940,39963,1108175,73084,-594977,-1035091,208.872
er,d3dc8aff2643aca4,256,549792,39987,967316,73119,-509805,-894197,201.827
er,9a7424b31b78d48a,256,122862,38678,222401,70492,-84184,-151909,171.84
er,7b9ec401b96f869d,256,451524,39810,797327,72755,-411714,-724572,244.483
er,51093ffe0c14ea79,256,942532,39850,1516649,72848,-902682,-1443801,289.599
er,7f5cfe44e66f2fa3,256,708926,39541,1107180,72232,-669385,-1034948,433.496
er,580107592516cac2,256,735140,40113,1278303,73290,-695027,-1205013,213.612
er,8f42da45fe3313c4,256,873870,40114,1498175,73404,-833756,-1424771,248.912
er,5bf5f0b9736e58f6,256,806976,40148,1396478,73430,-766828,-1323048,272.594
er,43b7412e4bf69e7f,256,131998,39107,238467,71212,-92891,-167255,179.234
er,4553bc07ab958e3c,256,548870,39925,966061,73054,-508945,-893007,289.609
er,7a0a0af1c39cfec2,256,641656,40154,1121517,73410,-601502,-1048107,205.576
er,86525cc7476ca6e1,256,1009438,39909,1638403,72927,-969529,-1565476,295.28
er,596b1766ca3efa02,256,1073237,40030,1756279,73158,-1033207,-1683121,296.146
er,14e152f9388da0b2,256,638866,39963,1115598,73099,-598903,-1042499,209.692
er,2b511d5c8dd4ebfb,256,1135143,40072,1899631,73259,-1095071,-1826372,294.128
er,5daedd3788ebb6b3,256,729296,40148,1267366,73392,-689148,-1193974,213.101
er,8312a77ff7dd7023,256,555604,39972,976113,73092,-515632,-903021,254.169
er,224d6f221708f32d,256,1125516,39966,1899809,73145,-1085550,-1826664,293.675
er,2c64cd9fe9c8cf36,256,350994,40008,624540,73085,-310986,-551455,219.481
er,1d9d8993ffe26c0c,256,1134333,39987,1897636,73111,-1094346,-1824525,259.046
er,6250cda92af8479a,256,239306,39684,429295,72442,-199622,-356853,228.615
er,dae7b9e06b33eb97,256,453122,39901,802266,72856,-413221,-729410,248.979
er,8f69e17bbeb62276,256,683461,39559,1064206,72274,-643902,-991932,277.551
er,677069537abbf29b,256,337459,38801,490822,70758,-298658,-420064,282.986
er,d259138978fa7741,256,244486,39796,437334,72593,-204690,-364741,228.417
er,94cd57908b41c63f,256,882848,40115,1516479,73339,-842733,-1443140,221.421
er,e98169c821a34892,256,1025982,40038,1744586,73232,-985944,-1671354,275.633
er,26fd8335d78e2e96,256,1014188,40157,1728112,73449,-974031,-1654663,289.912
er,ecf7f3733e40f047,256,1154921,39962,1918985,73092,-1114959,-1845893,292.159
er,feb930dd81472ca5,256,342125,38595,496446,70255,-303530,-426191,245.466
er,391b11de31819ff6,256,1142811,40237,1911254,73595,-1102574,-1837659,259.688
er,c87b4b781f58a819,256,641954,40160,1121185,73433,-601794,-1047752,209.634
er,458368e3bac2aa7b,256,1157402,40208,1940287,73536,-1117194,-1866751,279.636
er,265b863e728c3f78,256,248418,39827,445878,72694,-208591,-373184,232.369
er,f0a2fb26a0f2d1d3,256,1148686,40177,1922471,73463,-1108509,-1849008,274.219
er,4a9c95cb7d4b9f92,256,1070688,40146,1814477,73421,-1030542,-1741056,278.788
er,4d59941197728ab4,256,1120644,40154,1887913,73401,-1080490,-1814512,286.834
er,35d76396c3c0c7a8,256,799252,40364,1382383,73821,-758888,-1308562,217.755
er,24d34eb77e09e4c0,256,734594,40016,1277123,73152,-694578,-1203971,213.986
er,f0d061402f3eb2ad,256,887892,40145,1527630,73419,-847747,-1454211,230.01
er,010a6a450df93a23,256,1108562,40013,1823781,73091,-1068549,-1750690,290.009
er,900b15bc3c136542,256,456360,40072,806091,73230,-416288,-732861,197.535
er,548821bb7f277a2e,256,813084,40088,1405233,73266,-772996,-1331967,215.565
er,727d4c9b436c51ab,256,889292,39988,1531140,73169,-849304,-1457971,292.052
er,d3a2f20c388bbdb9,256,638054,40069,1115288,73271,-597985,-1042017,204.177
er,e8ff7559ec4a25a0,256,1081392,39812,1771930,72816,-1041580,-1699114,287.198
er,2c4066087419c808,256,246538,39590,442130,72244,-206948,-369886,232.145
er,efc5bf304c57980c,256,345052,39768,613578,72654,-305284,-540924,252.175
er,3b35bf0cd9bcaa87,256,706250,39900,1102451,72826,-666350,-1029625,446.531
er,1080452bb4878cf4,256,1141272,40122,1907357,73368,-1101150,-1833989,260.814
er,a09971ae6e124346,256,446132,40003,788797,73087,-406129,-715710,272.381
er,7d92688fbb8f8e4e,256,251104,39819,450055,72748,-211285,-377307,228.173
er,3cc0644f4e0d46e4,256,1109779,39937,1829143,72971,-1069842,-1756172,294.104
er,6237ce5c1849ddb2,256,121930,39063,220345,71121,-82867,-149224,173.448
er,cbd99189b22270af,256,126356,39300,228434,71300,-87056,-157134,176.265
er,90eafeed7ef06a7a,256,960948,40197,1645432,73538,-920751,-1571894,281.923
er,30d2477beb7797c0,256,346102,38915,503065,70786,-307187,-432279,294.077
er,93de8474adffe652,256,1018774,40139,1739258,73399,-978635,-1665859,220.554
er,f7285b5fd23f0a72,256,350286,39844,622776,72719,-310442,-550057,170.305
er,b65d708f8f7a7edc,256,729020,40006,1270740,73164,-689014,-1197576,212.206
er,e2f25e12373cd8df,256,890554,40047,1532585,73218,-850507,-1459367,223.318
