graph_id,n_vertices,cx_matching,cx_pauli,depth_matching,depth_pauli,delta_cx,delta_depth,labeling_time
62145c160ce106b2,8,37,27,61,50,-10,-11,0.038
5c967760b09fd995,8,38,26,63,50,-12,-13,0.026
0439d047e2340ae7,8,29,19,49,39,-10,-10,0.056
13a23d7632e39d90,8,18,17,32,30,-1,-2,0.03
7dede484d3552ee3,8,25,21,41,41,-4,0,0.023
9a05e912eee30227,8,39,24,66,44,-15,-22,0.026
d280890388c6305c,8,45,27,75,53,-18,-22,0.029
623b1b9aad7a016e,8,54,29,89,55,-25,-34,0.03
8249002c72110932,8,59,28,94,54,-31,-40,0.03
bc53c91f163a32b8,8,56,30,91,56,-26,-35,0.031
7d2c728d3ad98755,8,30,24,50,44,-6,-6,0.025
e15560b84e40ca52,8,41,26,66,52,-15,-14,0.032
4442f827416a2819,8,50,29,83,53,-21,-30,0.034
bf7c9d832d154bf8,8,46,30,72,56,-16,-16,0.029
a16e030f3d70dab1,8,53,29,85,55,-24,-30,0.032
e1dbf382bd5cef2c,8,40,24,66,47,-16,-19,0.028
1aacdf21942f437d,8,44,27,72,51,-17,-21,0.027
07e312c7e66a12c8,8,44,23,74,44,-21,-30,0.028
58751b0f2095a552,8,18,22,32,40,4,8,0.029
54d21a12e318517a,8,53,28,86,53,-25,-33,0.032
08f861c6f1638300,8,61,26,97,46,-35,-51,0.033
d636191fa3f4686d,8,47,27,75,52,-20,-23,0.033
f16eae51ec37a84e,8,31,24,50,44,-7,-6,0.026
e34b122debecb835,8,40,24,66,47,-16,-19,0.027
906d8c90c02eda4f,8,43,24,68,45,-19,-23,0.025
f53cb173a94e6b7c,8,38,27,63,52,-11,-11,0.028
cd43726073d2b0c1,8,28,25,46,46,-3,0,0.027
97c43a6ab021c8cd,8,48,21,78,40,-27,-38,0.027
d57c4240f672ffe8,8,41,20,67,39,-21,-28,0.031
29758e5ab28224c8,8,33,25,56,47,-8,-9,0.027
cae13b9c594f8d13,8,50,24,81,44,-26,-37,0.03
d5b82c7c302363d5,8,45,29,75,55,-16,-20,0.031
633b058f766deaa9,8,57,21,90,41,-36,-49,0.027
2733309336a810eb,8,35,24,58,45,-11,-13,0.027
ddc963c423ec3c7e,8,51,29,84,52,-22,-32,0.028
6dab51c5d58b9b35,8,45,28,73,53,-17,-20,0.03
bd7899372a613d88,8,63,29,103,54,-34,-49,0.03
f77d29c579c10d3d,8,61,25,97,48,-36,-49,0.03
87b9c4ed4a700734,8,63,29,103,54,-34,-49,0.056
db79382682b9b250,8,38,23,64,45,-15,-19,0.079
7fb2c5b0355ec892,8,23,16,40,31,-7,-9,0.049
38983d2de5e76b1d,8,40,21,67,40,-19,-27,0.035
11b639ab667dba05,8,33,27,56,49,-6,-7,0.031
a4c7c288ed5b530b,8,43,27,71,51,-16,-20,0.029
774554dfefe85958,8,44,25,73,48,-19,-25,0.027
cfbfd8d9f462a297,8,62,26,98,48,-36,-50,0.032
1d61dba5374ad72a,8,38,17,61,33,-21,-28,0.029
bfb9aa3ba8f23a19,8,37,22,63,43,-15,-20,0.029
dedcc0035bcd7752,8,30,23,50,44,-7,-6,0.028
6621a5bde4735419,8,62,23,99,44,-39,-55,0.033
46c3f320d92065e3,8,45,21,74,41,-24,-33,0.032
cf4bd213c418766c,8,37,20,60,36,-17,-24,0.034
39bc4410b29fdd06,8,30,27,51,49,-3,-2,0.031
750e6c6d39ee0722,8,28,20,49,38,-8,-11,0.027
8e9805fa38262df5,8,57,22,89,42,-35,-47,0.034
dbeaeffdda47f8ec,8,37,26,62,48,-11,-14,0.033
62da21d6e9a7b4b7,8,60,30,98,58,-30,-40,0.037
59ab86a5415e6be1,8,43,20,73,40,-23,-33,0.032
95a6d8db28e68b42,8,48,30,80,56,-18,-24,0.034
3fcae0649fdb5598,8,28,24,47,43,-4,-4,0.028
007fd9b48d0209c3,8,60,27,98,51,-33,-47,0.033
08fd14fef7969e07,8,63,26,102,50,-37,-52,0.035
93ea21d84f99d561,8,35,29,57,53,-6,-4,0.031
e468b687cc866d78,8,46,27,76,53,-19,-23,0.062
bba16b85288e66c2,8,44,29,73,55,-15,-18,0.031
3fe66b9ae91dd99a,8,47,27,77,51,-20,-26,0.029
5d58c397591da8d9,8,54,26,84,50,-28,-34,0.028
a9377d816d3934bf,8,13,15,24,29,2,5,0.023
4bf9ae795cd1d418,8,44,27,71,51,-17,-20,0.027
fab24672f1b7f5aa,8,41,29,68,53,-12,-15,0.032
6618ee28686ed544,8,62,25,100,48,-37,-52,0.03
7608ec23229fc83b,8,20,15,35,29,-5,-6,0.028
9a00a0d4e0924891,8,28,23,47,41,-5,-6,0.025
667996d7311453f7,8,51,27,84,54,-24,-30,0.032
314083f48dd9bc92,8,50,27,79,52,-23,-27,0.03
0162f685c9c01ed7,8,54,27,86,52,-27,-34,0.03
473bff55ea2bd242,8,44,30,74,57,-14,-17,0.027
f4d7443fea71156e,8,28,26,46,50,-2,4,0.028
2ffde5b58fbc33bd,8,35,23,59,43,-12,-16,0.027
f281315c3b784772,8,46,29,76,54,-17,-22,0.028
8b6aedf73fdc3c2e,8,49,26,79,51,-23,-28,0.026
02489508b25784d9,8,39,26,66,49,-13,-17,0.028
74237b01df7181b2,8,37,26,62,47,-11,-15,0.028
128642428020b50e,8,8,13,16,23,5,7,0.025
01056aaa976231f7,8,75,29,121,54,-46,-67,0.03
a36300ce45235b50,8,41,18,67,36,-23,-31,0.027
9c2e9403be491cb8,8,40,24,68,46,-16,-22,0.034
decf94bfc18aeaff,8,52,29,84,55,-23,-29,0.028
ae7323434ab76b35,8,25,21,44,36,-4,-8,0.028
fb8c7964a4d22829,8,56,25,89,49,-31,-40,0.029
d5446edc7a777d79,8,40,25,69,48,-15,-21,0.027
ed959006dc6ef231,8,38,27,61,51,-11,-10,0.025
ef10ac002722aaa2,8,57,30,95,58,-27,-37,0.029
d9d0aaac752b765b,8,45,30,77,57,-15,-20,0.026
b1173d43e2747046,8,53,25,86,48,-28,-38,0.025
60b3692f6bff7483,8,30,18,49,32,-12,-17,0.026
9bd93af7249a4193,8,40,20,65,39,-20,-26,0.024
fae33b8e9a154403,8,41,27,67,52,-14,-15,0.025
0e936b3e69ee803e,8,30,13,50,25,-17,-25,0.022
2a6c795b52e17599,8,38,21,61,42,-17,-19,0.026
e3f553657999f0e2,8,52,24,85,47,-28,-38,0.028
1df418ea393fa757,8,42,26,69,51,-16,-18,0.027
c69a36b1273e276d,8,30,20,48,38,-10,-10,0.024
88607979a08823e1,8,28,15,45,28,-13,-17,0.021
98a29a75c4aa2b8b,8,46,24,75,44,-22,-31,0.025
0af2d314a78c06d6,8,51,22,80,43,-29,-37,0.025
58cacae316f9f246,8,34,16,58,33,-18,-25,0.023
34a704d9d5029409,8,40,24,67,46,-16,-21,0.025
6dfd9fa83c9f879b,8,44,27,70,53,-17,-17,0.027
0c1693ed5cf6af44,8,36,28,60,53,-8,-7,0.028
2b766ee08e4dcfc6,8,41,30,68,56,-11,-12,0.025
a04ff467e6062e17,8,39,26,64,51,-13,-13,0.026
664acfd49d498737,8,69,27,111,49,-42,-62,0.026
bf001294d692e26e,8,47,18,74,33,-29,-41,0.027
fdf5a398952705a2,8,25,22,44,43,-3,-1,0.022
e13bf25d94ce90a8,8,61,29,99,56,-32,-43,0.029
c3a494ec921b7fea,8,36,26,60,47,-10,-13,0.029
f5991b45e06e7e41,8,34,18,58,35,-16,-23,0.026
3d4388cc5fe0ba20,8,25,21,43,41,-4,-2,0.027
54ff40f33772ff4f,8,51,26,85,48,-25,-37,0.029
c2c86666ccb52b6c,8,61,23,97,46,-38,-51,0.03
3495ef1bb22d765e,8,34,24,56,45,-10,-11,0.029
281fbc8cab0d5993,8,47,27,78,50,-20,-28,0.026
aef79da6dc1f4116,8,42,27,69,52,-15,-17,0.025
e4244e4ab1d49e31,8,54,23,87,43,-31,-44,0.027
398bcb3d3c3326cb,8,37,25,61,44,-12,-17,0.025
96a4da8b28c24413,8,38,27,65,50,-11,-15,0.024
3484b9abc81a7d46,8,46,28,74,54,-18,-20,0.031
2d30c49669ce7717,8,41,26,70,50,-15,-20,0.03
957277b3bf1e8c62,8,50,29,83,53,-21,-30,0.03
51e43bd7bd1d8946,8,46,24,77,46,-22,-31,0.029
73899459eeff4bc7,8,36,23,60,43,-13,-17,0.029
26e9c9c3570fa390,8,35,20,60,39,-15,-21,0.027
9c2e86c8efc626a5,8,40,23,67,44,-17,-23,0.028
c82294928cb4ca56,8,52,27,86,51,-25,-35,0.062
0a0fcb503430a426,8,32,26,55,48,-6,-7,0.024
4fea1d204436772a,8,40,26,67,50,-14,-17,0.026
6d91ac5045252267,8,40,24,67,47,-16,-20,0.024
a96a80363b143401,8,25,21,45,40,-4,-5,0.023
ded58ff55345ac2b,8,24,25,41,46,1,5,0.023
acadac2866186f06,8,22,18,37,34,-4,-3,0.022
8932754975d346cb,8,43,24,69,46,-19,-23,0.023
f9e56cb536ee194a,8,48,22,77,43,-26,-34,0.025
6830de9260b6a80a,8,60,29,100,54,-31,-46,0.029
b6df1370569b5f79,8,56,30,89,56,-26,-33,0.026
1b4df4ecc290c218,8,54,25,87,48,-29,-39,0.025
fa01cd9012906dba,8,61,30,102,58,-31,-44,0.029
e9cc2c20624cf24e,8,38,22,63,44,-16,-19,0.027
019c186e4eb78260,8,49,18,77,36,-31,-41,0.025
1312542ef8201ee7,8,61,23,96,45,-38,-51,0.026
1d0e72d8dc5c3e48,8,48,29,78,55,-19,-23,0.026
6d541c7eec4d4239,8,45,24,74,47,-21,-27,0.026
ec42e28e00e5a236,8,47,19,76,38,-28,-38,0.025
59d8cb2fe983b560,8,50,28,82,55,-22,-27,0.026
9f54dc05ad42fdca,8,53,28,85,54,-25,-31,0.024
eb784a06a0fa2c20,8,54,30,89,58,-24,-31,0.027
855cd943d4b0a7c2,8,49,27,82,52,-22,-30,0.026
189e478d80fc926f,8,31,15,51,27,-16,-24,0.022
520a81fd3a550f43,8,42,29,69,55,-13,-14,0.024
fa7c7a7c8206c706,8,48,24,79,46,-24,-33,0.025
096faab26a0baf79,8,60,27,98,52,-33,-46,0.027
b6d937a1627dfed5,8,31,17,51,34,-14,-17,0.024
6e9a09db9120e9b0,8,29,17,49,34,-12,-15,0.025
5127ae72ad1373c7,8,29,20,48,39,-9,-9,0.022
3806530e900da952,8,52,24,85,48,-28,-37,0.024
d6cf173b7ffc98d6,8,32,28,53,52,-4,-1,0.024
71230588629bc589,8,37,15,59,29,-22,-30,0.024
5064e5dbc2874507,8,22,21,38,36,-1,-2,0.027
cc213f7b1f4b9663,8,68,26,109,51,-42,-58,0.028
fc87c23f61b50e14,8,54,27,89,52,-27,-37,0.027
f22bfee30acb426d,8,51,30,83,58,-21,-25,0.026
111d937cabb6a851,8,51,29,82,54,-22,-28,0.028
59a3232281533486,8,38,20,63,39,-18,-24,0.024
5ed7e67c867be204,8,39,24,65,44,-15,-21,0.024
5c0c7e7453b1eaee,8,37,20,64,41,-17,-23,0.024
a24a0f195fb6222a,8,39,25,63,50,-14,-13,0.024
afe4907f433820bb,8,61,23,96,43,-38,-53,0.029
504dd2022fb139ce,8,55,21,88,42,-34,-46,0.026
1fc87670dcf28f78,8,45,23,74,44,-22,-30,0.025
b2d3d9d06ade7b49,8,38,28,63,52,-10,-11,0.025
3cc83f80ab418e35,8,31,23,51,43,-8,-8,0.025
4414595817dbe155,8,68,27,110,52,-41,-58,0.028
ce0901d6224a205c,8,44,27,73,53,-17,-20,0.025
2f247fb24bdd24cc,8,67,24,105,47,-43,-58,0.027
a4128028c3abbf75,8,45,24,73,46,-21,-27,0.025
edaa9338921960f6,8,51,29,82,55,-22,-27,0.026
89d32f263ec30cf1,8,39,26,63,49,-13,-14,0.026
dbbb055476435738,8,26,18,42,34,-8,-8,0.024
5aafb4bbf27b6520,8,44,26,73,47,-18,-26,0.026
14a4378a94363faf,8,35,24,58,46,-11,-12,0.025
162e918398338cb2,8,38,15,62,30,-23,-32,0.026
89e6db1114692ca3,8,33,17,56,33,-16,-23,0.024
15a1c0d24782576a,8,23,18,39,36,-5,-3,0.023
ef731327bb6dac0d,8,29,17,50,35,-12,-15,0.023
44a771e0a6182a72,8,32,24,53,44,-8,-9,0.025
eaf7c0357dcc39e5,8,41,25,69,50,-16,-19,0.028
a745b0b73785c76e,8,54,29,88,53,-25,-35,0.027
ef2c9e2cbeadc072,8,56,27,91,49,-29,-42,0.025
654b0cba323c370d,8,46,26,75,51,-20,-24,0.053
875754ff0e4b329e,8,55,28,89,55,-27,-34,0.027
47ede12375cfb474,8,40,24,68,44,-16,-24,0.024
eaf2fe8003b07e8a,8,22,16,38,33,-6,-5,0.022
5f235f95564c366b,8,46,25,76,50,-21,-26,0.027
02d27832cb99aa74,8,58,27,96,52,-31,-44,0.027
7ecc9147cc10bc64,8,22,9,35,17,-13,-18,0.021
1a7049a92cdc1167,8,44,26,73,47,-18,-26,0.026
f21b522f8c938697,8,40,27,68,52,-13,-16,0.025
e243b1bfd60ce2a8,8,20,15,36,29,-5,-7,0.024
a677a3b4ab7d719d,8,48,23,77,45,-25,-32,0.027
573002b1e8a96c80,8,37,19,62,37,-18,-25,0.026
7bcd17576df67412,8,55,27,86,51,-28,-35,0.027
c9f529c2c7350aa4,8,47,24,78,46,-23,-32,0.026
5d5f380bdfec02ee,8,22,12,39,24,-10,-15,0.023
f457768cefd09a46,8,46,27,73,50,-19,-23,0.026
7974e828806e38d8,8,51,28,82,55,-23,-27,0.027
de7db1ba00eac09c,8,10,9,21,19,-1,-2,0.022
e9e73a0eeb50bb76,8,46,28,76,53,-18,-23,0.026
6ae213a938cf4e05,8,33,24,57,48,-9,-9,0.027
4d251f4be6065468,8,30,21,51,40,-9,-11,0.024
3fa193357df3ea0d,8,32,18,54,33,-14,-21,0.025
0a2fdabbd71b70f4,8,34,29,58,53,-5,-5,0.025
79aaebc488e2ff9b,8,50,25,85,49,-25,-36,0.027
707291b687317172,8,34,29,58,51,-5,-7,0.027
6435df26ebcfbf5a,8,38,28,62,53,-10,-9,0.029
5baa031e4b882415,8,27,24,44,42,-3,-2,0.027
4063bb115c94f40e,8,31,24,55,47,-7,-8,0.029
010b19aa02a47daf,8,44,26,70,48,-18,-22,0.027
59198a51f10a16b4,8,34,26,57,45,-8,-12,0.028
f50e94ff64de98a7,8,33,22,55,44,-11,-11,0.029
ed2b4ea847bacba3,8,57,20,93,39,-37,-54,0.03
848700508a2b3b3e,8,39,27,65,50,-12,-15,0.03
5c4ff5bf06c10ba5,8,32,24,53,46,-8,-7,0.031
dc91b3676432b81f,8,43,30,72,56,-13,-16,0.029
9500d6665e9ff26a,8,46,26,72,50,-20,-22,0.029
9b6281fa454a05d0,8,37,23,65,44,-14,-21,0.028
5639df8ec75f9d2a,8,38,19,63,37,-19,-26,0.027
7ea9cccea9a426e9,8,47,29,80,55,-18,-25,0.027
2ba55a0895b9733b,8,35,27,60,51,-8,-9,0.024
497bf5e89f46b2b0,8,55,27,88,51,-28,-37,0.027
16907b4b8cf9b3f9,8,43,27,72,50,-16,-22,0.026
d866da11227c3446,8,49,25,80,49,-24,-31,0.028
0feeb8fd42fd3b56,8,78,27,126,52,-51,-74,0.029
e45589fab40005d6,8,33,21,55,37,-12,-18,0.023
aceecc67e445cb95,8,58,23,92,42,-35,-50,0.027
08beec3d0c4a86ba,8,43,29,72,52,-14,-20,0.025
1365a8bce2d8d148,8,52,25,82,49,-27,-33,0.027
f225f5559ef96818,8,35,26,59,50,-9,-9,0.025
ed5eda7a40a554e0,8,49,17,80,33,-32,-47,0.027
cf37285a90d75feb,8,57,26,94,47,-31,-47,0.027
550e3f33b4d66171,8,56,29,90,56,-27,-34,0.026
77bb41fa9eeba351,8,39,22,64,43,-17,-21,0.024
3a0bb05865c7567f,8,26,24,47,45,-2,-2,0.025
8c16c57875b2e3ef,8,37,26,64,50,-11,-14,0.025
c8e8f6cfb689a8ed,8,61,24,95,45,-37,-50,0.027
d5f20dcf51ded4a4,8,52,30,86,58,-22,-28,0.027
5d0a1b1d3a79f136,8,33,21,56,41,-12,-15,0.026
2b2d60a75fd7616d,8,68,27,112,52,-41,-60,0.028
71a91bfa6d532d17,8,36,27,61,50,-9,-11,0.026
7327d2e5dc2d035c,8,67,30,106,58,-37,-48,0.027
a67a8e1d073cb602,8,44,27,73,53,-17,-20,0.028
1dd1c67b7ebb019f,8,42,28,72,53,-14,-19,0.026
5169b15e5ebe4565,8,57,28,93,54,-29,-39,0.028
9ee0b9abc71b8c4c,8,58,28,94,54,-30,-40,0.029
23bebd99d9a401c4,8,55,26,88,50,-29,-38,0.027
e0fe22d9f9f50169,8,57,27,94,51,-30,-43,0.026
95e81ede083e41f9,8,49,21,80,42,-28,-38,0.025
ab64ac2d215aa903,8,39,29,66,54,-10,-12,0.027
b760a2c467c42ccc,8,26,23,45,45,-3,0,0.022
671f7432a85b7ae5,8,48,26,80,46,-22,-34,0.027
1e248515930f9d92,8,42,24,70,44,-18,-26,0.032
03079aa7d8f08235,8,39,16,64,31,-23,-33,0.028
da21934301786f60,8,73,25,117,49,-48,-68,0.06
12afd61ace4d5f0a,8,34,25,57,49,-9,-8,0.024
d6bb00597104c32d,8,38,20,63,37,-18,-26,0.024
926be967bda70fe9,8,52,26,83,49,-26,-34,0.029
6092f3421c72fb7e,8,33,18,54,32,-15,-22,0.023
219ac59f474b09c2,8,50,25,82,48,-25,-34,0.028
608a73086aa451b9,8,25,21,42,42,-4,0,0.026
4f8a6f6fa4998a2c,8,38,28,66,53,-10,-13,0.031
cf9cf91b49d35929,8,60,27,98,51,-33,-47,0.029
930665381576be71,8,37,21,60,39,-16,-21,0.03
998640bdb70bca82,8,40,21,67,39,-19,-28,0.029
468f540449272765,8,56,28,92,54,-28,-38,0.038
77734399e4ada480,8,51,25,81,49,-26,-32,0.027
82dbac45ee42edf4,8,41,27,68,52,-14,-16,0.033
258c24ccb1e29b3f,8,64,27,103,51,-37,-52,0.028
6ec601ab4ac4fbfd,8,52,26,85,52,-26,-33,0.032
4bd9fa4944dbbb14,8,61,21,97,41,-40,-56,0.025
e0e5ba8c35a47eb8,8,54,30,88,58,-24,-30,0.028
37e1bc3ecf4e1610,8,52,27,86,52,-25,-34,0.027
f2b93ec08d4d4dbe,8,48,27,77,51,-21,-26,0.026
771e793ad0173dcb,8,26,29,47,53,3,6,0.025
d979ce5713da2aab,8,51,24,83,46,-27,-37,0.027
94132808f78dffac,8,54,28,90,55,-26,-35,0.03
ba842e97e8646bb5,8,50,27,81,49,-23,-32,0.027
65689b0995e89a6a,8,52,27,85,54,-25,-31,0.028
1bafd6224de8b6be,8,43,23,70,44,-20,-26,0.029
b1c2af2e12b5960e,8,62,27,99,52,-35,-47,0.028
fe652abe36d6af23,8,41,29,68,54,-12,-14,0.03
92f8f05089401bd7,8,44,25,73,46,-19,-27,0.026
fe0e95fa9ba5d76f,8,33,27,57,51,-6,-6,0.028
393cc4fac0a1fa26,8,46,20,76,40,-26,-36,0.028
dc81e90dd0436898,8,40,27,68,50,-13,-18,0.029
dcb85940972b39ed,8,37,21,63,41,-16,-22,0.029
58dd3633da71f904,8,57,26,93,47,-31,-46,0.035
a7f2d82118ee3d4c,8,38,26,65,49,-12,-16,0.026
69b183a645e15400,8,63,25,99,47,-38,-52,0.027
fafca9dffa288566,8,23,20,41,38,-3,-3,0.025
03071e69377faf6f,8,64,24,102,48,-40,-54,0.034
e12c96bb1ce3a062,8,36,24,60,46,-12,-14,0.031
3e991d19bb995acb,8,40,24,69,45,-16,-24,0.03
dd0c4efab9b0f97d,8,63,29,98,55,-34,-43,0.031
ee6aeda21bb5e15f,8,61,27,98,51,-34,-47,0.026
0062e640fa3a1451,8,45,26,74,51,-19,-23,0.029
bacf04a5d869b8ca,8,36,26,60,49,-10,-11,0.029
839189698ff491ca,8,59,27,97,54,-32,-43,0.032
de1e47254e308c58,8,50,22,82,44,-28,-38,0.03
762ba3bb43ecf2b8,8,53,27,86,52,-26,-34,0.031
e5a7465da493ab86,8,52,25,85,49,-27,-36,0.031
5adedd57566161d3,8,52,27,88,53,-25,-35,0.032
669cffa42b57b63a,8,56,27,92,54,-29,-38,0.032
e1cbac3a3e283147,8,38,25,65,48,-13,-17,0.029
8a455fe54e68ff86,8,76,25,121,49,-51,-72,0.029
b61c0f8d1bfac190,8,29,26,50,48,-3,-2,0.028
19b14f52da550f17,8,38,24,63,46,-14,-17,0.03
c155a0f98a323ba2,8,58,25,94,49,-33,-45,0.031
c54989cd61b04980,8,42,21,68,39,-21,-29,0.03
ea81d799bafdb19e,8,37,24,63,47,-13,-16,0.035
23e337a7b72be140,8,30,24,48,45,-6,-3,0.028
1f82c9e6e56eed70,8,51,23,83,45,-28,-38,0.029
dc7972690e581da2,8,55,27,89,52,-28,-37,0.032
9d1b95412b39ba0b,8,53,20,85,38,-33,-47,0.027
3da7093f50a750a5,8,68,27,110,52,-41,-58,0.03
3c3b539a9c5ddc08,8,53,30,87,57,-23,-30,0.029
58d1736736046a00,8,39,21,65,37,-18,-28,0.064
f408282ce6cbcae5,8,51,27,87,52,-24,-35,0.029
60eab1c6ed44e9cc,8,47,29,75,54,-18,-21,0.03
136b555e715aff3b,8,38,27,66,50,-11,-16,0.029
c53d0d22963f7765,8,41,18,66,34,-23,-32,0.028
bc3d815f4823db20,8,47,21,77,40,-26,-37,0.03
df75ffe44091a803,8,45,19,74,36,-26,-38,0.031
1b2bb1b27b53a83a,8,49,18,80,35,-31,-45,0.029
94133b8669aeeb82,8,47,24,76,46,-23,-30,0.03
b7523712c4cff91c,8,37,27,61,51,-10,-10,0.03
ffd1e826578b9ebf,8,34,21,60,40,-13,-20,0.026
b24e824c9ccc5eb1,8,43,24,71,44,-19,-27,0.025
d7fe1cf6cceebd18,8,41,27,66,52,-14,-14,0.028
5fff167ee79762db,8,52,25,82,48,-27,-34,0.026
b174cf33ba7a79a2,8,45,26,73,47,-19,-26,0.025
bff42dd8d6939c97,8,43,26,72,46,-17,-26,0.025
0a14df4b9e5e7756,8,56,30,95,58,-26,-37,0.032
00a36869e99e27fe,8,39,29,64,54,-10,-10,0.028
a23a3772ed3f8903,8,52,20,85,38,-32,-47,0.025
fe99af1964e2c820,8,55,29,93,56,-26,-37,0.028
7085a1073f92caff,8,18,20,33,36,2,3,0.022
305e8050cf3ef700,8,57,30,96,58,-27,-38,0.029
0cfd41d7fcf9a409,8,32,29,55,52,-3,-3,0.031
5eba4a45b256cb6a,8,43,27,71,49,-16,-22,0.03
9e7e17114abcc34b,8,56,27,92,52,-29,-40,0.026
2b2baa11927d26da,8,61,29,101,53,-32,-48,0.031
8079b7d949a5fd7b,8,30,24,48,46,-6,-2,0.023
b244520ee787527f,8,33,26,55,49,-7,-6,0.024
2b531d1b4e279907,8,48,21,83,40,-27,-43,0.029
b3f547e574a93739,8,40,29,68,53,-11,-15,0.026
1d6ac5f406d790eb,8,39,21,65,42,-18,-23,0.026
7b04547110af82c3,8,35,29,60,55,-6,-5,0.026
1d57d5573bd291b5,8,28,23,47,41,-5,-6,0.024
830199488cfb75af,8,52,29,84,54,-23,-30,0.025
9e53ca7bc003569b,8,34,24,59,46,-10,-13,0.027
3ba66572fc2d1e1d,8,42,21,71,41,-21,-30,0.026
b092bbabfcd6c732,8,22,18,39,33,-4,-6,0.023
2a03de9f558920fa,8,59,24,93,48,-35,-45,0.025
c2181ab2e41a862b,8,52,26,85,51,-26,-34,0.027
8e574432b97f5a15,8,42,21,70,42,-21,-28,0.027
4ce5d861832ed482,8,60,28,99,54,-32,-45,0.026
9c1eff1e5a0271da,8,34,26,55,47,-8,-8,0.024
820bcd0d91973bd3,8,56,30,93,57,-26,-36,0.029
36a9e8731282358d,8,28,15,47,27,-13,-20,0.021
355e3cdc16e8161d,8,33,21,54,40,-12,-14,0.025
7e559c60eda3b899,8,49,28,80,53,-21,-27,0.026
42b5ec4f02dd426b,8,55,30,89,57,-25,-32,0.026
85da4f0f1fb2d3ed,8,18,18,32,34,0,2,0.023
c25c6fd33371d369,8,50,30,82,57,-20,-25,0.033
95bd6bd77021adbd,8,51,28,84,55,-23,-29,0.027
12bb97428c051275,8,56,25,91,49,-31,-42,0.029
c02b19db1c6776d3,8,42,29,70,55,-13,-15,0.032
c236a297c69c0955,8,59,26,93,52,-33,-41,0.039
a3749e474f7db349,8,30,29,53,56,-1,3,0.029
a6abd4c765528801,8,41,19,66,35,-22,-31,0.034
d49e829c17e2ee76,8,59,27,95,53,-32,-42,0.029
968d28c9df3a2da6,8,62,27,98,52,-35,-46,0.027
33b8d8677c36481a,8,48,24,79,47,-24,-32,0.032
0814cf424e3245ae,8,61,26,96,49,-35,-47,0.028
818206fe0dc50629,8,31,23,52,45,-8,-7,0.025
9d699f097cee8ef3,8,59,22,95,43,-37,-52,0.032
1b0f726119f1cef1,8,38,29,65,55,-9,-10,0.032
a9dd00450e12ef03,8,40,26,64,50,-14,-14,0.028
92ccb8f90407f86f,8,19,17,34,32,-2,-2,0.023
b067b77444fab62b,8,37,24,63,45,-13,-18,0.028
1df2cb540648e3c0,8,54,28,90,55,-26,-35,0.029
02c0a3feab7bc001,8,52,29,87,56,-23,-31,0.027
edc020b77955fbba,8,46,27,76,51,-19,-25,0.028
c9f2579e5d6c0853,8,62,27,102,51,-35,-51,0.031
0e859826a78676e0,8,64,25,104,49,-39,-55,0.061
ed931b3fcc3a95f0,8,44,24,76,47,-20,-29,0.025
2ccd987f738a2208,8,60,28,97,55,-32,-42,0.03
2e0a193987a1d701,8,49,27,82,52,-22,-30,0.029
bea31e7cfae9005b,8,48,24,82,47,-24,-35,0.027
55ce24b84d535557,8,17,13,30,25,-4,-5,0.022
07f1222326e79f93,8,26,18,45,34,-8,-11,0.023
8cd39fcde3fda76c,8,59,29,96,54,-30,-42,0.028
1b6eedcce923348a,8,31,21,53,41,-10,-12,0.025
b26fd5182d6b3369,8,39,21,66,41,-18,-25,0.025
24f746a9eb1f209e,8,36,27,61,51,-9,-10,0.026
161c07af27806a80,8,39,27,64,51,-12,-13,0.026
192e05c41a3c92fd,8,48,29,80,54,-19,-26,0.026
b4c52eaf1a83cf2f,8,45,25,72,46,-20,-26,0.023
46581904fb72c92e,8,48,27,79,52,-21,-27,0.025
3c610c1f4b9fc350,8,51,23,79,42,-28,-37,0.027
de57fe2f48d4cf59,8,27,20,46,39,-7,-7,0.026
1ee0c50f3331d1a3,8,31,21,55,42,-10,-13,0.027
2ffee0c3d07103b0,8,50,26,85,51,-24,-34,0.025
8b5b41d6b05e3ad0,8,40,28,66,53,-12,-13,0.025
95e54a3410aa6621,8,42,23,69,42,-19,-27,0.028
892a8a5d44c0a537,8,64,23,103,43,-41,-60,0.029
0443b572d564a10f,8,44,26,75,47,-18,-28,0.026
5fcc88e47f172c6b,8,46,29,74,55,-17,-19,0.026
3882ff92b181e494,8,57,25,93,47,-32,-46,0.025
283d9f4055fe398f,8,31,26,52,46,-5,-6,0.026
3cb134f08dc49cda,8,54,23,89,42,-31,-47,0.024
112299d29aeb6222,8,68,28,109,55,-40,-54,0.029
dc744774d2b9f9a4,8,67,29,108,56,-38,-52,0.029
3da573d25312cf74,8,39,25,64,49,-14,-15,0.028
04aac30c4ff83c5c,8,15,18,27,34,3,7,0.026
1afc3beb36385c05,8,21,22,37,41,1,4,0.022
52cb93488a0df4bc,8,50,27,80,54,-23,-26,0.027
7570d092be2ab42e,8,46,24,76,47,-22,-29,0.025
f04b53a5a3eafee8,8,38,20,63,40,-18,-23,0.034
6928e09c7d0ad8ef,8,47,19,76,35,-28,-41,0.024
e0e733c885cfc7e6,8,42,27,70,49,-15,-21,0.03
004037e88141bc4d,8,51,27,82,52,-24,-30,0.026
8115264300025f8e,8,55,27,89,50,-28,-39,0.025
ebad0fe603ed27c5,8,37,25,64,49,-12,-15,0.024
edc87a59d2552fe7,8,33,24,56,47,-9,-9,0.024
34121c4b6fb40d74,8,60,23,98,43,-37,-55,0.026
a1cd139d52e99c21,8,28,26,48,46,-2,-2,0.025
c176d19ff5f7be49,8,39,26,65,51,-13,-14,0.027
e4d096f9fdc9af84,8,36,26,62,48,-10,-14,0.026
45467f4b1027d985,8,50,19,83,36,-31,-47,0.026
aeec79e7856f8dde,8,44,27,75,53,-17,-22,0.027
0e65e7468878a050,8,51,24,86,48,-27,-38,0.026
5bf1843b666d57ad,8,60,22,99,42,-38,-57,0.03
a79a48e35f95bc43,8,54,24,87,44,-30,-43,0.026
fcbc3b2c5820ecbf,8,48,27,81,52,-21,-29,0.026
d79fada23918e237,8,55,24,88,47,-31,-41,0.027
fa1a9bb0ed3e7044,8,49,30,80,57,-19,-23,0.03
60d8b4d395eeddfa,8,44,27,72,53,-17,-19,0.025
4394058df90ef488,8,43,28,71,52,-15,-19,0.025
03535b16b5cd985f,8,52,30,86,58,-22,-28,0.027
b3d27cbe672a24cd,8,38,24,62,47,-14,-15,0.028
fa88f919fc2ca78d,8,38,15,64,30,-23,-34,0.023
7048925fe807154c,8,44,24,74,46,-20,-28,0.026
8cae2c7dd281841e,8,55,24,93,46,-31,-47,0.028
8db80adcf990ced3,8,44,21,74,40,-23,-34,0.026
b00bea0b62ac3798,8,45,27,72,49,-18,-23,0.028
8803552d14b8ac83,8,23,12,40,24,-11,-16,0.022
6638b5533525314d,8,49,27,77,53,-22,-24,0.028
3303f9a867fe81e1,8,51,25,84,48,-26,-36,0.027
5ad4b9c4dd7ba22d,8,45,15,74,29,-30,-45,0.024
dad84cf8b8752dc6,8,29,19,49,38,-10,-11,0.026
8628ae1f7ec37d52,8,40,26,67,51,-14,-16,0.025
70497851add563c1,8,53,21,88,42,-32,-46,0.057
4e100c6370a43fd6,8,39,23,65,43,-16,-22,0.028
438f94f03599ad3e,8,34,17,55,32,-17,-23,0.024
4671c6d6360bdb08,8,43,24,71,44,-19,-27,0.024
7442d135303f8552,8,56,29,92,56,-27,-36,0.029
1caf3170116f35f9,8,61,17,98,33,-44,-65,0.025
27f70f46a964284f,8,52,24,85,46,-28,-39,0.027
cfd340d0df047d81,8,36,19,58,36,-17,-22,0.023
77be92e90769918c,8,42,26,71,49,-16,-22,0.026
558d8b0cfb4a1d4c,8,55,22,87,44,-33,-43,0.026
98ed813c52ff859d,8,60,26,99,50,-34,-49,0.035
80c9d07912388510,8,23,13,38,26,-10,-12,0.023
1e61e8bd302207e7,8,44,18,70,35,-26,-35,0.024
fd237f368493abe7,8,61,24,100,47,-37,-53,0.026
08c4c39eba8a83a4,8,19,20,34,37,1,3,0.023
2e6c001b89802275,8,45,23,74,44,-22,-30,0.026
f2567be5ea5881ed,8,50,21,82,41,-29,-41,0.026
57a15ed94f41c461,8,52,27,84,52,-25,-32,0.026
85421405593c8b14,8,48,27,80,54,-21,-26,0.026
ffec51fe6267f222,8,77,25,122,49,-52,-73,0.031
f2ea367286e675ef,8,44,27,71,53,-17,-18,0.03
f62f8c9c4a28f813,8,55,27,88,51,-28,-37,0.026
4c7d4ff717d230c7,8,42,24,71,47,-18,-24,0.026
4f6bec69547f780e,8,70,25,113,49,-45,-64,0.035
9b8287f6229dc62b,8,36,20,59,37,-16,-22,0.023
6cef68fb676c5c85,8,41,27,72,51,-14,-21,0.025
647f949c8cbae555,8,58,30,97,58,-28,-39,0.029
47b8912fcc3115de,8,28,21,50,40,-7,-10,0.023
eaffff74ee5d6f29,8,35,16,56,32,-19,-24,0.026
1fe0c67508051dcb,8,64,29,102,56,-35,-46,0.026
36eb54ca3b60b9e6,8,54,27,87,54,-27,-33,0.026
e708cbba16279eb4,8,63,23,104,45,-40,-59,0.027
137c741c2cde58a3,8,50,21,80,42,-29,-38,0.027
541d55c3b514785b,8,44,27,74,50,-17,-24,0.029
d66ad1be1d847cbb,8,35,24,59,45,-11,-14,0.025
dd22e5cd37159e5e,8,73,27,121,52,-46,-69,0.028
920dfbb659fd8d0f,8,52,27,87,52,-25,-35,0.035
0eedc1e935eb741d,8,68,24,110,48,-44,-62,0.027
0b8239e71f7e964f,8,32,18,54,33,-14,-21,0.024
2089905b094c04a7,8,47,29,77,54,-18,-23,0.027
e43e98054582f655,8,66,23,107,45,-43,-62,0.028
2c8c4af9a0137b74,8,32,23,53,45,-9,-8,0.029
6f035a2306c97335,8,45,29,76,53,-16,-23,0.03
205e7d92df182e0b,8,60,27,95,54,-33,-41,0.027
e1daf1084b8e2c30,8,46,27,77,49,-19,-28,0.027
7702ef5c8405b0b2,8,44,29,75,56,-15,-19,0.03
764e12827b70e5ae,8,62,27,103,52,-35,-51,0.03
76c9a3b9b2249760,8,51,28,84,54,-23,-30,0.036
4e16ca448ed7ee17,8,54,25,90,46,-29,-44,0.026
e4b7bfa4bff3bec5,8,56,30,90,58,-26,-32,0.035
d77803cb1c71efe7,8,62,27,101,52,-35,-49,0.028
f62be0db087897f1,8,55,28,89,53,-27,-36,0.028
bdd9252c0b2a3fe0,8,30,22,51,43,-8,-8,0.024
d2f258aa155b9dc4,8,30,17,53,31,-13,-22,0.027
776725bcbb33ceb5,8,64,27,103,51,-37,-52,0.028
b0069a0bf2054210,8,43,25,70,48,-18,-22,0.026
1763b78f92734b94,8,56,15,91,28,-41,-63,0.025
ce128aecf46bbf7d,8,41,23,70,42,-18,-28,0.026
47847d3c67308198,8,54,21,88,41,-33,-47,0.028
95849a7530301e85,8,38,27,64,50,-11,-14,0.025
e40f31d8ce31094e,8,40,25,69,50,-15,-19,0.025
b91c62aa42427a6a,8,56,27,90,50,-29,-40,0.026
8bfe4931ecd4ca12,8,54,18,91,36,-36,-55,0.028
bd1b23d78b27ad89,8,50,24,84,48,-26,-36,0.027
3d834e4b26cdd8b6,8,56,23,92,46,-33,-46,0.055
f05f7a9cf48d9c33,8,54,27,87,52,-27,-35,0.034
8b460f8ca29e9526,8,59,29,97,55,-30,-42,0.029
63670e1c0657c33b,8,72,25,115,49,-47,-66,0.027
96dbb78a596a162e,8,79,30,127,58,-49,-69,0.028
f72cffe165689604,8,59,28,98,55,-31,-43,0.03
81ba1445be2a05ad,8,42,19,69,38,-23,-31,0.027
5dcbb76b262e2c5c,8,43,29,70,55,-14,-15,0.026
fff8343952b97c42,8,39,27,65,51,-12,-14,0.026
41ee8d834f0dc8a3,8,37,29,62,53,-8,-9,0.026
099bdb8226bcc9ac,8,47,24,79,46,-23,-33,0.025
b18c7f8545e62475,8,31,20,53,38,-11,-15,0.025
b511d55cdfd1e4dd,8,46,24,74,46,-22,-28,0.027
12b33e6e1c7a4787,8,57,21,93,42,-36,-51,0.026
3f3206ef6e74b0af,8,39,26,65,49,-13,-16,0.025
fa70d9d2d3b108a5,8,47,19,77,37,-28,-40,0.028
e0369350e7415db9,8,57,26,94,49,-31,-45,0.028
1f5210fe8a3d70c9,8,42,27,72,49,-15,-23,0.028
1a59c7fc17a06940,8,23,19,40,38,-4,-2,0.023
1f98adbd769a381e,8,49,21,82,42,-28,-40,0.028
b8f4e1c82096fb4d,8,38,24,63,45,-14,-18,0.025
6ddbbdd3f72f3008,8,48,29,81,53,-19,-28,0.026
401241deca2241ae,8,56,30,94,58,-26,-36,0.028
d62b3bdcac7e9171,8,37,26,62,46,-11,-16,0.025
36f984e000a6ae6f,8,54,21,84,38,-33,-46,0.028
1f2bee7468784c8d,8,68,29,111,55,-39,-56,0.027
b721dee3b97535f0,8,64,27,104,52,-37,-52,0.03
f43ae885a25b5003,8,27,26,48,45,-1,-3,0.025
d532a0e1778e4c0f,8,48,21,80,41,-27,-39,0.026
c0b6b06892783e6e,8,31,22,55,44,-9,-11,0.028
9b7d4f88b72549a1,8,40,24,69,45,-16,-24,0.026
c27aeb7d2437aafd,8,44,25,76,49,-19,-27,0.029
cc26029960ab1ef2,8,43,27,73,52,-16,-21,0.028
0e2a7d26d8c10760,8,36,24,61,47,-12,-14,0.027
b1f0ede57d6b6693,8,59,27,97,52,-32,-45,0.031
1a207fa13a85a2f4,8,39,26,64,49,-13,-15,0.028
81ee805f853ed2b7,8,64,30,103,58,-34,-45,0.028
fc194a0ad270e7e9,8,58,28,93,54,-30,-39,0.031
eb0eeeccce94cdcf,8,44,19,73,33,-25,-40,0.027
1d6e8f2491ab719f,8,50,30,84,58,-20,-26,0.028
df98a7b21e3f0992,8,36,22,61,43,-14,-18,0.026
c00bbfbc7ff23fe2,8,49,25,79,49,-24,-30,0.032
c95d5c3363203951,8,38,20,65,39,-18,-26,0.029
4a785835cbf0ed28,8,46,27,76,50,-19,-26,0.029
b9b9718e91578e47,8,53,21,85,39,-32,-46,0.033
7dcd8ba63c506fae,8,51,28,84,52,-23,-32,0.029
563aafd2254ab322,8,56,30,92,56,-26,-36,0.028
e61c39ed923f1515,8,49,24,79,48,-25,-31,0.026
3a3c0f9e4b28b399,8,42,29,74,54,-13,-20,0.027
7d4fbbcf8ced980d,8,28,21,48,40,-7,-8,0.027
7425e1c24fc197c2,8,35,25,62,49,-10,-13,0.027
98ab3b0b16b29383,8,42,27,70,49,-15,-21,0.03
60c83b617a8a379e,8,62,21,101,41,-41,-60,0.026
97c6d681531ea842,8,49,26,81,47,-23,-34,0.031
2c10960f7f576ad0,8,34,29,58,52,-5,-6,0.025
84aa87900d3e5af0,8,56,28,92,54,-28,-38,0.026
b463d54d1879a584,8,59,27,97,51,-32,-46,0.034
657241d90ec4714e,8,34,23,57,40,-11,-17,0.025
56775c382f6b3b80,8,55,27,89,51,-28,-38,0.027
f641f8374001ac17,8,56,27,92,52,-29,-40,0.029
93df672463569bff,8,31,20,51,38,-11,-13,0.024
3c685baf345ad0e1,8,47,29,80,55,-18,-25,0.028
55140b675eec5635,8,60,27,99,52,-33,-47,0.028
2a7cef543e294f34,8,45,18,77,34,-27,-43,0.05
d5231812f1453e41,8,56,20,93,39,-36,-54,0.027
34c56321e7347fe9,8,51,26,86,50,-25,-36,0.03
e40bd40a9038d588,8,55,24,87,48,-31,-39,0.025
d02f4f7d6cb57f20,8,73,23,118,45,-50,-73,0.025
bc8f500b0054d4cf,8,55,27,91,53,-28,-38,0.029
5221bc8067b14d52,8,57,27,92,52,-30,-40,0.028
a32569418dc43897,8,34,27,57,49,-7,-8,0.027
111c5de16e170a92,8,51,25,86,49,-26,-37,0.026
e495b0059a662a20,8,65,29,108,56,-36,-52,0.03
53fe28eba6330104,8,53,28,89,54,-25,-35,0.03
75403111a8489db5,8,22,26,38,45,4,7,0.026
1a69ca603d3f3d11,8,55,26,90,52,-29,-38,0.026
ffe430b57c48be8c,8,50,30,82,58,-20,-24,0.028
53a3baf6ff01c892,8,50,23,83,44,-27,-39,0.026
eecb2d15bf43f6f7,8,33,26,55,50,-7,-5,0.026
3750209bf285e3a3,8,45,24,72,46,-21,-26,0.027
1e2d7b692161d505,8,47,29,75,52,-18,-23,0.03
d4dd41a8fe798832,8,42,30,73,56,-12,-17,0.026
368936992ff2948d,8,71,25,113,49,-46,-64,0.028
05f027f3e9129e0e,8,50,18,80,35,-32,-45,0.028
5045254d91598dfa,8,71,28,116,53,-43,-63,0.028
360dc4fb58801364,8,50,29,82,53,-21,-29,0.027
68c0e80c87b159ec,8,36,21,58,42,-15,-16,0.024
cf0b8210b3008a9a,8,48,29,81,55,-19,-26,0.029
45d1e46debf7c8ab,8,48,27,80,54,-21,-26,0.03
0d8aeb055a200d24,8,35,21,62,42,-14,-20,0.027
1e6fab47655df9a3,8,35,26,62,49,-9,-13,0.026
037c912907c3664e,8,29,23,49,42,-6,-7,0.023
052e440cca93659b,8,38,25,64,46,-13,-18,0.029
ed804aaa947f710b,8,43,28,70,52,-15,-18,0.027
489b0b08083297db,8,49,23,78,43,-26,-35,0.026
8c83bb99fd57e0f0,8,34,29,58,53,-5,-5,0.027
f4b2ccd7294c5558,8,31,20,53,40,-11,-13,0.029
afc1613b52d08b84,8,56,30,93,57,-26,-36,0.028
5db516830d5a6d71,8,34,24,58,45,-10,-13,0.023
2bd865197ded7d19,8,42,29,70,53,-13,-17,0.027
8259a133273354a3,8,50,29,82,53,-21,-29,0.029
d37f61abc5929c82,8,37,26,61,51,-11,-10,0.026
9fb0244f859d54ac,8,37,19,62,37,-18,-25,0.027
883921cd26940767,8,47,27,80,52,-20,-28,0.027
a149fd98f751b697,8,68,29,112,55,-39,-57,0.031
639ae3df6d2d3e31,8,35,24,60,46,-11,-14,0.027
ed93857e1208f9d1,8,29,19,52,38,-10,-14,0.027
7a159e670139e9b1,8,61,27,98,54,-34,-44,0.03
18e39e47a44a1f95,8,36,23,60,43,-13,-17,0.024
00b5ea02c3ec0625,8,66,25,107,49,-41,-58,0.03
2e9c824eddd2ab59,8,36,18,60,31,-18,-29,0.025
d86cf9fd30de10ce,8,49,27,83,51,-22,-32,0.028
ba7681dc81238d8e,8,46,28,77,54,-18,-23,0.029
c18408c9e5d5a891,8,50,25,83,48,-25,-35,0.028
11b274f2a497b615,8,64,30,103,58,-34,-45,0.03
6ffd174c1793988e,8,43,23,67,44,-20,-23,0.026
8dd14e1045b7f5cf,8,43,21,71,41,-22,-30,0.027
4f21324161fcf2de,8,49,24,81,46,-25,-35,0.026
1f4e6c747209f681,8,56,29,92,55,-27,-37,0.03
7ce28865baa6798f,8,51,28,84,54,-23,-30,0.027
23e0bbdf3b7c0b6a,8,64,25,102,48,-39,-54,0.028
1f980b9fdc0df2cb,8,40,27,69,52,-13,-17,0.026
de8f904973579ed6,8,51,29,86,56,-22,-30,0.03
353cce734c282697,8,67,23,109,46,-44,-63,0.027
07891d3cd8d62e2b,8,38,27,63,49,-11,-14,0.025
de65a2c093e7c3a3,8,58,29,96,55,-29,-41,0.029
f163643f141d2da8,8,30,19,51,36,-11,-15,0.024
1a4e7ed1dcec602f,8,31,29,51,50,-2,-1,0.052
67179d3a67c3dc00,8,54,24,86,45,-30,-41,0.024
397ec226357a511b,8,33,22,57,44,-11,-13,0.025
6d225c41507cd4ef,8,45,23,74,46,-22,-28,0.027
93a8bf6b7dc10443,8,53,25,89,49,-28,-40,0.029
5cec9e036a21e741,8,32,23,56,42,-9,-14,0.026
2b40baf90b790319,8,44,24,75,48,-20,-27,0.027
4a131958cf4238d4,8,33,24,55,44,-9,-11,0.026
ea698e913bd92ae7,8,38,18,63,33,-20,-30,0.025
e4f7b3aa2cdf8fd3,8,51,21,84,42,-30,-42,0.026
29628f59631317bb,8,45,29,73,55,-16,-18,0.024
b086564924993df3,8,45,30,77,55,-15,-22,0.026
c5fc992e2ab9f128,8,32,24,54,45,-8,-9,0.025
394a8415b11cc7c8,8,29,23,53,45,-6,-8,0.025
9b75398882c0cda0,8,45,17,74,34,-28,-40,0.025
b22bfb6c82bcb217,8,67,27,109,50,-40,-59,0.027
7e81c8e710843996,8,63,21,105,42,-42,-63,0.028
40d5eb2a13351ee7,8,35,25,58,48,-10,-10,0.026
bf352343471d50de,8,50,30,83,57,-20,-26,0.029
8faf348442e949d7,8,54,30,88,56,-24,-32,0.028
2e1dfd2997bef0be,8,51,27,86,52,-24,-34,0.026
6fbb0b6138dd600a,8,31,17,50,34,-14,-16,0.028
441412e22e75e4e1,8,36,27,62,51,-9,-11,0.026
1e8f59c0288cf960,8,53,28,89,54,-25,-35,0.027
384ab90dcae80d40,8,36,21,58,41,-15,-17,0.023
5458288c044e159a,8,56,22,90,41,-34,-49,0.029
2ab50d53574d0045,8,36,27,61,51,-9,-10,0.026
ffbe69070703b500,8,30,23,51,43,-7,-8,0.025
1ca406764a06c5b6,8,65,30,104,58,-35,-46,0.029
843ae3f8beb6794e,8,34,20,58,38,-14,-20,0.025
3dfabc4a81fa24c0,8,46,19,78,38,-27,-40,0.03
008a6663210cac24,8,49,24,85,47,-25,-38,0.026
d55ced2c547582f7,8,48,27,80,53,-21,-27,0.027
c8ad631ff1907c00,8,51,29,82,55,-22,-27,0.026
93667d10ba99a05c,8,57,28,95,53,-29,-42,0.026
3c482a7065800b98,8,51,27,85,51,-24,-34,0.032
7fb5a565fa151385,8,45,27,75,51,-18,-24,0.025
291952ecc623c555,8,75,29,121,56,-46,-65,0.03
304d8b7f6bf27a41,8,75,24,123,45,-51,-78,0.027
8051559445ab3527,8,75,27,121,52,-48,-69,0.03
e1a6f33bcd7d92f7,8,48,27,79,51,-21,-28,0.03
f2c9cea4e82b350b,8,38,22,67,44,-16,-23,0.024
daa93e54760ee99d,8,65,30,107,57,-35,-50,0.032
a1a3b88f396a5b9f,8,34,27,59,50,-7,-9,0.034
ef4ed3888e40b980,8,49,21,81,42,-28,-39,0.026
a27785100decc0d5,8,60,28,97,53,-32,-44,0.029
f0cf77f0eddede41,8,67,24,109,48,-43,-61,0.036
9a9d222d4001769b,8,31,24,55,46,-7,-9,0.028
aef7fa1b4e44bd8f,8,30,24,48,47,-6,-1,0.025
21f53f8ebc2a20b9,8,46,21,78,40,-25,-38,0.028
9399cfd3c0178ee8,8,76,25,124,49,-51,-75,0.037
6a948a85d9c98839,8,38,29,65,53,-9,-12,0.028
9d58197ad9b5bd70,8,38,23,62,45,-15,-17,0.03
2a9f2c270515019e,8,36,20,55,37,-16,-18,0.023
31d06ba753d7ed25,8,42,27,70,53,-15,-17,0.026
86c1568c5f0dedc2,8,38,25,64,48,-13,-16,0.031
456a76bbaa0827f4,8,52,24,86,47,-28,-39,0.028
afe51d55c43dd781,8,59,24,96,45,-35,-51,0.041
ba1a9cafd3d7788b,8,40,26,69,51,-14,-18,0.032
bd4e52ea9ada0167,8,32,24,56,42,-8,-14,0.025
fd43cedb324b9c38,8,54,21,88,42,-33,-46,0.044
159fb3a004189538,8,59,26,99,50,-33,-49,0.035
ca05b5ec76a307a5,8,42,21,69,41,-21,-28,0.031
9131fec2cda9ba37,8,39,29,64,53,-10,-11,0.058
fb1437fcb4370db6,8,55,30,90,58,-25,-32,0.033
ea467f95c95eb96b,8,55,30,94,58,-25,-36,0.033
396e53372c41b3ac,8,54,27,89,52,-27,-37,0.029
8f0e7bd7906bfb9c,8,29,25,49,48,-4,-1,0.028
711f4ee04984047f,8,40,26,67,50,-14,-17,0.033
ba3b5d7e50dadabf,8,61,24,103,48,-37,-55,0.033
c9cd109092ce072a,8,41,21,67,42,-20,-25,0.032
6d014d56a0c42f0c,8,63,21,104,41,-42,-63,0.031
50074881c75333e0,8,60,29,100,55,-31,-45,0.032
76d24d8f4cfc6243,8,40,18,66,35,-22,-31,0.031
98ebcec6dd014f89,8,50,28,85,54,-22,-31,0.034
8d33a36798e5d7aa,8,41,22,66,40,-19,-26,0.026
e3b15d56cc494184,8,33,23,58,42,-10,-16,0.028
240c9285d51a7282,8,33,26,59,52,-7,-7,0.049
ef755ca92a2c5a91,8,43,26,75,51,-17,-24,0.034
a1e771b014c59e1e,8,67,26,112,49,-41,-63,0.032
37519d50aaf4f856,8,66,27,110,52,-39,-58,0.033
17912887b63f37ca,8,39,27,66,51,-12,-15,0.031
f9f5fade01fa621f,8,53,30,91,58,-23,-33,0.032
f38961bfd29c6e41,8,55,24,89,47,-31,-42,0.033
139c3e1ac20798f2,8,37,14,62,29,-23,-33,0.03
7e7a38a5006cae5a,8,58,27,93,51,-31,-42,0.033
90d05d93b197a053,8,50,24,83,45,-26,-38,0.031
e1686f7eaacb9ded,8,37,24,62,47,-13,-15,0.03
d96f50eca6863ca7,8,55,25,91,48,-30,-43,0.032
8cabab1feff8ae77,8,41,24,68,47,-17,-21,0.033
2f406953fff65290,8,46,30,76,56,-16,-20,0.033
0dc9b68947591272,8,17,16,31,32,-1,1,0.027
aa42fabdf5114b9b,8,55,26,89,51,-29,-38,0.03
cc4555f1f8cbbc9a,8,65,29,108,56,-36,-52,0.036
08ec50ec932f184b,8,67,27,106,52,-40,-54,0.031
2fe5e35c7321ee82,8,44,21,71,41,-23,-30,0.033
ecc106cfa9b9b36a,8,45,27,76,52,-18,-24,0.033
2e19eda293811926,8,21,21,40,41,0,1,0.029
45ce530b64194261,8,44,26,76,48,-18,-28,0.031
687a38701d82c823,8,37,27,63,51,-10,-12,0.03
cc7512971e530731,8,51,22,86,44,-29,-42,0.033
b511ab3481a01ca6,8,52,24,84,45,-28,-39,0.03
cfa9cef386e8cde3,8,54,26,93,49,-28,-44,0.031
5ba0fb95003e03a8,8,23,16,41,29,-7,-12,0.027
3cdcbc18b59037b9,8,58,29,94,55,-29,-39,0.032
ca39cde72b04b3a3,8,46,24,79,43,-22,-36,0.03
62c505dd6ab5af2a,8,56,25,94,48,-31,-46,0.031
135e3e2c180d79d5,8,55,29,89,52,-26,-37,0.03
bf1ce467135ec8d9,8,36,20,60,37,-16,-23,0.03
214b1d7967bf784a,8,30,20,52,39,-10,-13,0.028
11462a39ddb3e57d,8,47,29,80,56,-18,-24,0.03
36dde5a104134a85,8,41,24,68,46,-17,-22,0.029
2551ae006936e300,8,39,30,67,56,-9,-11,0.03
9d40687378d2e25d,8,54,27,88,54,-27,-34,0.031
65527a0c19f0c5ce,8,40,26,69,48,-14,-21,0.03
f0c33e73401214ec,8,40,28,69,54,-12,-15,0.028
3ad82aed67e81a2f,8,51,23,83,46,-28,-37,0.031
358e360c11ecac22,8,46,20,76,39,-26,-37,0.03
73e8b57a40e382ac,8,24,22,40,41,-2,1,0.027
49bcf72e012ea9ce,8,42,23,71,43,-19,-28,0.027
0cbf2feb0caaa29c,8,68,27,109,52,-41,-57,0.032
fdc57746219f358a,8,28,23,49,43,-5,-6,0.054
962aa862111c0eef,8,48,25,78,46,-23,-32,0.029
45a6b48b47f0144a,8,51,24,85,46,-27,-39,0.031
b2d27c2556569a9c,8,52,25,85,50,-27,-35,0.029
521241a731920de9,8,50,27,85,52,-23,-33,0.03
990446c6ef48e904,8,44,24,73,47,-20,-26,0.029
38f2565178a0dc4b,8,60,27,98,51,-33,-47,0.031
1a51ef0e63d92d62,8,70,29,113,55,-41,-58,0.032
f42da6d29c8900e9,8,27,22,49,44,-5,-5,0.029
52e5a1edc90a5d98,8,57,26,94,49,-31,-45,0.033
cdd29a35c416caf4,8,43,25,71,46,-18,-25,0.028
b6e1d3c5ad5c104a,8,37,28,63,53,-9,-10,0.03
6114841fc7f36da9,8,34,21,58,42,-13,-16,0.032
60d1f5210f6a0cae,8,54,25,87,48,-29,-39,0.033
827373191fbb5d9b,8,58,27,95,49,-31,-46,0.032
9e7b29d8dcb9d05e,8,36,27,61,51,-9,-10,0.029
cc9da60ae82635b2,8,60,24,98,48,-36,-50,0.032
eb3d7cb03759b9c6,8,34,20,55,40,-14,-15,0.03
c7fe6610fd6ff0aa,8,41,25,69,49,-16,-20,0.034
c82dc6feb7da7f7e,8,72,27,115,52,-45,-63,0.035
0880c1737274f104,8,38,27,67,50,-11,-17,0.033
4e8db19107953993,8,57,24,92,46,-33,-46,0.032
e4b3a6d9af12e66c,8,42,29,70,51,-13,-19,0.028
2259a42d92ff66d4,8,44,29,74,55,-15,-19,0.03
8c1ad22efdc6b92b,8,58,29,96,55,-29,-41,0.031
49eff2b51420df10,8,31,17,50,31,-14,-19,0.029
26a547819fac41d5,8,66,27,109,52,-39,-57,0.032
c23620435d3b4beb,8,58,21,91,41,-37,-50,0.031
17cb6490d52d3d27,8,61,21,98,41,-40,-57,0.03
6ff08992b47d991f,8,56,24,91,46,-32,-45,0.03
c5870ff0b66de1fc,8,32,16,52,32,-16,-20,0.028
f6d291b4a80fad70,8,56,23,91,42,-33,-49,0.033
55d4e92580d528c0,8,46,25,75,47,-21,-28,0.031
1c96afd56564d5d3,8,41,27,71,53,-14,-18,0.03
0a6a8378fa08dace,8,57,26,95,48,-31,-47,0.032
6820ffc7b90c9b01,8,59,28,93,55,-31,-38,0.03
000e9b249127e468,8,65,27,105,50,-38,-55,0.031
967a1241bf0891e0,8,54,27,89,53,-27,-36,0.032
90a6c1040ee6c08f,8,32,18,51,36,-14,-15,0.029
84efd37796d7b726,8,37,21,64,42,-16,-22,0.029
67481d7687c91e79,8,65,27,101,54,-38,-47,0.032
338cbd8e7a6d630c,8,55,25,90,48,-30,-42,0.03
964882d39818d0f9,8,54,26,89,51,-28,-38,0.03
d7cb72e0bb42fef4,8,39,29,67,54,-10,-13,0.029
a1c809a5bdd59750,8,52,25,83,45,-27,-38,0.03
4cb1f2d2126fc6f1,8,39,26,64,46,-13,-18,0.029
f70d1647540a0da2,8,63,27,101,52,-36,-49,0.033
b0ef323c89f48329,8,47,28,82,54,-19,-28,0.031
334fce7584136b8d,8,34,24,59,46,-10,-13,0.029
222dd05a7226e9ee,8,46,22,75,43,-24,-32,0.031
619dd8469fe134a5,8,45,29,77,55,-16,-22,0.031
dd4801dd29574810,8,34,18,58,36,-16,-22,0.03
7b17e27267d25e38,8,21,13,39,27,-8,-12,0.028
d60fa2f6b7ed755a,8,44,25,74,49,-19,-25,0.03
42b4de049b9cda14,8,51,26,85,48,-25,-37,0.03
d3c93c72fc9b12c8,8,38,27,63,49,-11,-14,0.029
9daf703aee7a7b70,8,59,24,98,47,-35,-51,0.031
f31453564a203191,8,39,24,67,47,-15,-20,0.031
2e14a6ce9b9c8481,8,55,24,91,47,-31,-44,0.033
603468db29453645,8,45,27,77,51,-18,-26,0.032
1e949b96e214d8e6,8,61,27,99,52,-34,-47,0.032
29b068927259393c,8,58,24,94,46,-34,-48,0.027
3d7fa53db6a1dc7d,8,40,26,66,50,-14,-16,0.028
b6bf039480b5c44f,8,41,26,67,47,-15,-20,0.031
b3f7f70d23f7512f,8,51,27,83,53,-24,-30,0.058
d0687544b6c343e4,8,46,23,79,45,-23,-34,0.029
98cdbc187db55b8b,8,17,18,31,33,1,2,0.027
bf4aa2ef726df52e,8,55,28,91,53,-27,-38,0.031
739c15a65888429d,8,64,24,102,47,-40,-55,0.031
9a3cd481e31a29a6,8,24,20,43,39,-4,-4,0.027
c9a2d1529684e978,8,67,23,111,43,-44,-68,0.031
0ca833375b6295cc,8,59,25,98,49,-34,-49,0.033
ab9709c3db5ce76d,8,52,23,87,44,-29,-43,0.029
aa0d50217c3c55ca,8,48,19,80,38,-29,-42,0.03
a503947ed50683b9,8,59,30,97,58,-29,-39,0.031
24e89a896dd048a7,8,43,23,71,43,-20,-28,0.03
fb996c0f68c37127,8,56,28,92,54,-28,-38,0.032
6c32f80561ff6196,8,50,30,87,57,-20,-30,0.033
f981e288ae6f1119,8,63,30,106,56,-33,-50,0.038
d32dac9a44ee3e1b,8,49,21,83,42,-28,-41,0.033
48621ab62a1616f5,8,45,27,77,51,-18,-26,0.034
fe9808cc28e55612,8,67,26,108,52,-41,-56,0.032
5d6480b4e3678dd6,8,55,21,90,42,-34,-48,0.031
41526e0fcb8a9eb4,8,55,27,91,54,-28,-37,0.032
12b99951686a42a3,8,48,23,79,43,-25,-36,0.032
fad735c06e38ee73,8,43,25,72,50,-18,-22,0.031
ba56f8e965ad261e,8,54,30,89,57,-24,-32,0.033
7b370b61261093cb,8,43,30,73,57,-13,-16,0.03
5e2cee611f2c7c68,8,77,28,123,55,-49,-68,0.032
af65e536f388fd11,8,58,23,97,42,-35,-55,0.03
4c1999d304ac3d03,8,49,27,82,52,-22,-30,0.031
f20ecb52222e3a76,8,64,30,108,58,-34,-50,0.033
914f0b65b1ca30b5,8,51,24,85,48,-27,-37,0.033
6994923c501228b3,8,58,30,100,58,-28,-42,0.032
31be029b54907a3c,8,61,30,100,58,-31,-42,0.033
0455a9c23837857e,8,43,27,72,50,-16,-22,0.03
49593445a78f16e6,8,42,28,72,53,-14,-19,0.031
e419a102869b7986,8,37,24,64,47,-13,-17,0.03
13f4e38c6f5830d0,8,51,24,84,47,-27,-37,0.032
2f7e57020a8c0c74,8,40,28,68,54,-12,-14,0.029
4dbadc9e89e4adb3,8,64,29,105,54,-35,-51,0.032
e9dfa989895c00d3,8,49,30,83,57,-19,-26,0.032
9aa2ba6a253d3b52,8,34,23,59,43,-11,-16,0.032
060d41e1dc129159,8,39,20,68,39,-19,-29,0.029
05c1015f0f04b171,8,47,27,78,54,-20,-24,0.032
588c1639e4d5ecac,8,57,26,93,48,-31,-45,0.031
002cb819a49d3be9,8,28,21,51,40,-7,-11,0.029
2497b12432412e47,8,67,29,112,55,-38,-57,0.033
6baf486eb2d3afd1,8,61,27,100,54,-34,-46,0.033
0f1b243d99514577,8,33,24,59,46,-9,-13,0.029
5ae0e2f79bca91c4,8,44,25,73,46,-19,-27,0.03
7ac947befda6d216,8,41,27,70,51,-14,-19,0.033
803589333734657f,8,36,21,61,41,-15,-20,0.028
0d2bba2179a6cbd8,8,46,28,77,54,-18,-23,0.03
86c89701f5d43c13,8,46,27,76,53,-19,-23,0.031
d214ad19a8c2b7b5,8,46,27,78,52,-19,-26,0.031
f6d0dc13be8dde10,8,52,29,87,54,-23,-33,0.031
36427b3efc920b93,8,48,27,79,51,-21,-28,0.031
f1a6e6145b1fb863,8,48,21,78,40,-27,-38,0.03
9d55515a22859c10,8,59,29,97,54,-30,-43,0.035
3d041d82b605428a,8,55,30,91,58,-25,-33,0.032
577e17d143436d4a,8,37,20,62,38,-17,-24,0.027
ede491fdb956bc3c,8,42,23,71,43,-19,-28,0.033
5fb52ef559216402,8,44,30,73,56,-14,-17,0.03
239fb0e6ed8b4ada,8,38,22,65,44,-16,-21,0.031
e9a33357b3acc4c6,8,54,23,88,46,-31,-42,0.032
e3497e796031b65a,8,37,29,63,52,-8,-11,0.031
3305240fa2d6d6f7,8,35,21,61,41,-14,-20,0.031
a7b6755b0de222c0,8,31,25,55,48,-6,-7,0.057
b26839c9a9702a6e,8,41,25,66,49,-16,-17,0.029
0e39353087a347fa,8,57,27,94,52,-30,-42,0.03
b7c309188e7963ec,8,34,24,59,46,-10,-13,0.028
a83b60191beb7a94,8,69,23,114,44,-46,-70,0.033
3d2b6bca46fd3eaa,8,48,23,78,45,-25,-33,0.03
a65431446ac9175a,8,40,26,67,47,-14,-20,0.029
13e0b60f0cb26a46,8,27,20,46,39,-7,-7,0.028
40fc2f2f14e1f503,8,28,17,48,34,-11,-14,0.03
e1c093a32f34cc61,8,70,24,114,48,-46,-66,0.034
226d93833a0443fe,8,40,24,67,43,-16,-24,0.03
45bf9f59778744fd,8,62,23,102,44,-39,-58,0.03
8c4eed173284fa27,8,42,20,72,39,-22,-33,0.031
f2e33ac492639773,8,34,14,57,28,-20,-29,0.029
4c1d74273788595f,8,44,21,72,41,-23,-31,0.029
a091a35b218779db,8,45,17,71,34,-28,-37,0.028
e1f39573a1e35e01,8,45,27,76,52,-18,-24,0.03
4488830b61b4ed14,8,50,27,86,53,-23,-33,0.031
08dee8f76811824f,8,53,29,88,56,-24,-32,0.031
018125d72883d615,8,54,27,91,51,-27,-40,0.032
79583176fe3ad186,8,57,27,94,50,-30,-44,0.031
d0faa7a614781679,8,42,20,72,38,-22,-34,0.029
2137ea71fb3ca624,8,44,18,75,34,-26,-41,0.03
7806da780af7fd28,8,56,29,94,55,-27,-39,0.035
4e0255c0df8ddb21,8,46,29,79,56,-17,-23,0.031
86eea95e1debff2e,8,51,19,85,38,-32,-47,0.029
5c326bdc0c14a6bd,8,38,13,58,24,-25,-34,0.026
de48e5bf44999cde,8,88,23,140,46,-65,-94,0.033
59291cd6fb395571,8,52,21,87,41,-31,-46,0.032
b8e648d98a427a86,8,42,24,69,47,-18,-22,0.029
4531cdb372c0c087,8,59,28,100,53,-31,-47,0.031
ff399745d2f4f68c,8,28,21,48,40,-7,-8,0.031
ac3011e62233b529,8,35,21,58,41,-14,-17,0.032
35716d7e205deca7,8,52,30,89,56,-22,-33,0.034
4a1054837c8c6bd3,8,56,27,89,51,-29,-38,0.035
c40df0a1f78e48b9,8,49,22,78,41,-27,-37,0.038
e0637668aef7b61f,8,45,27,76,50,-18,-26,0.032
df21c1571e0868aa,8,60,24,99,48,-36,-51,0.036
0449ee1605ff7f7c,8,34,21,57,37,-13,-20,0.03
d7b831e80c6ab861,8,46,25,77,50,-21,-27,0.035
41e46569c875e3e8,8,59,24,99,46,-35,-53,0.033
964baae4e49b49a4,8,48,21,75,41,-27,-34,0.032
6dfd1062a71b5cf4,8,39,26,65,48,-13,-17,0.031
12cf1ba79864c6f9,8,48,25,82,48,-23,-34,0.036
672bb0058a63a917,8,40,30,64,56,-10,-8,0.035
53f745a46be4957e,8,41,29,72,56,-12,-16,0.029
d07496ddfb133b01,8,54,30,90,58,-24,-32,0.032
2a5e3a3c4c067db1,8,53,22,87,43,-31,-44,0.03
c026cd9cfbc9bd68,8,53,24,87,48,-29,-39,0.032
30c57a67ecd06a5b,8,71,25,116,49,-46,-67,0.033
2d33046b6ecf0689,8,31,29,54,54,-2,0,0.032
654354f227264fe2,8,43,24,72,45,-19,-27,0.032
3410c8b144ffc01c,8,47,21,78,41,-26,-37,0.033
d1932ef0b94d17ba,8,73,27,117,50,-46,-67,0.034
5d60091ea6249e8e,8,65,30,108,56,-35,-52,0.036
04e1fd42e1d4ef89,8,47,28,78,54,-19,-24,0.034
00438b64782070fa,8,69,25,112,49,-44,-63,0.034
aecd34ec5a4d6a16,8,62,30,104,58,-32,-46,0.036
fd4d781b3651fda2,8,59,30,98,58,-29,-40,0.034
37a60661bce5a9a1,8,54,29,86,54,-25,-32,0.03
b38182bb8641e257,8,57,26,95,50,-31,-45,0.064
d40b9baa00d6f8b6,8,53,30,88,58,-23,-30,0.032
f2f392081c3ea38b,8,43,27,73,53,-16,-20,0.03
7df1ba92ffefa706,8,47,27,78,50,-20,-28,0.031
a31a4f8573e77b97,8,59,27,97,51,-32,-46,0.031
37b7fa963bdb631e,8,50,22,82,43,-28,-39,0.03
2b9fab56b45e0b09,8,42,21,71,42,-21,-29,0.031
20f32f7e81a07f82,8,66,29,110,56,-37,-54,0.034
283a11dbd42c0398,8,39,22,68,43,-17,-25,0.028
8c19daeff3e2cbf4,8,43,26,77,51,-17,-26,0.031
8e50b9fc59c266ac,8,56,27,92,51,-29,-41,0.03
76c7d2411be53a9f,8,47,27,79,53,-20,-26,0.029
d1e9924b96b7ac15,8,50,24,84,46,-26,-38,0.03
5dd86ba2d089cdfe,8,45,22,74,44,-23,-30,0.031
f51d8261337d7b87,8,49,30,81,56,-19,-25,0.032
280bf53141631e01,8,51,24,85,47,-27,-38,0.041
80be5e830cb8aa0d,8,41,24,70,48,-17,-22,0.041
1d19481c44e0b4db,8,58,29,96,54,-29,-42,0.029
b1f905e4445581b7,8,51,23,84,44,-28,-40,0.03
ddb55f3d4b743194,8,25,20,43,37,-5,-6,0.03
25266bec945f0f6e,8,24,22,42,43,-2,1,0.029
c66da6bab039496d,8,46,26,80,50,-20,-30,0.032
8e55ed6fb29cfe4a,8,60,24,99,48,-36,-51,0.033
7171c489618e3855,8,32,20,58,38,-12,-20,0.03
553871f8ef241ee9,8,52,26,88,52,-26,-36,0.032
87974bcdb8e34183,8,53,26,87,51,-27,-36,0.031
519657cee509934f,8,54,30,91,55,-24,-36,0.031
3f8126eb9e1bc9c5,8,47,24,78,46,-23,-32,0.032
8056c03bd419fd0f,8,50,26,83,52,-24,-31,0.03
1285bbc4c8a0c7ad,8,29,25,51,47,-4,-4,0.03
2a66f781431fd2c7,8,56,25,91,48,-31,-43,0.03
6a135b842af85803,8,53,27,90,53,-26,-37,0.032
255f3640ec8aa6f7,8,80,25,130,48,-55,-82,0.032
41aaf1a49b2551f7,8,64,29,103,56,-35,-47,0.033
3991e3f0954a6fa0,8,59,27,97,49,-32,-48,0.031
208986e624e53871,8,67,30,113,58,-37,-55,0.036
3ee051330bff29a2,8,48,27,81,49,-21,-32,0.031
2a08be65333a9fb8,8,46,19,76,38,-27,-38,0.029
7e1c8f383edb6e5d,8,44,26,69,51,-18,-18,0.03
d0fca2d5de6d707d,8,69,29,112,55,-40,-57,0.034
3b0c0f27dcd31c0b,8,53,27,85,51,-26,-34,0.033
935c3bf0acc6ee93,8,68,27,112,52,-41,-60,0.033
a40f77edc5ab2f71,8,45,23,77,47,-22,-30,0.03
126a393092b946ea,8,64,27,106,49,-37,-57,0.031
de20682a4fcddb33,8,39,26,66,51,-13,-15,0.03
243ae6e768470f1c,8,46,29,77,53,-17,-24,0.031
8d43f2f65ecd27ea,8,33,26,59,49,-7,-10,0.031
186ce9522ef1ff1d,8,65,30,107,58,-35,-49,0.033
6198884e0d3885a8,8,37,22,62,43,-15,-19,0.03
a6a64ec065081bc4,8,50,23,80,45,-27,-35,0.031
e6c37c6e4760d03e,8,56,27,96,51,-29,-45,0.031
32d6e97bd2cfc3f5,8,54,26,84,51,-28,-33,0.031
c0fba6b075d3b122,8,51,29,87,51,-22,-36,0.03
c21d1ae83b139d54,8,28,23,50,41,-5,-9,0.03
900528dce56f51ac,8,53,30,91,57,-23,-34,0.034
b60ebf18c9352423,8,58,30,96,58,-28,-38,0.033
8dd9d563897fd704,8,56,27,92,52,-29,-40,0.06
48be43ca25b410e3,8,52,29,92,56,-23,-36,0.031
88729e879f29a077,8,29,24,49,43,-5,-6,0.029
c5460333debcbf9f,8,39,21,67,42,-18,-25,0.031
7713ea9d63c724be,8,48,24,81,48,-24,-33,0.031
24e2f8bdb73d30c0,8,48,25,82,46,-23,-36,0.03
d20471e361e3b401,8,39,25,66,46,-14,-20,0.029
fa4987b8c5d7ed1f,8,42,24,70,47,-18,-23,0.032
d9f152c1a51c1f14,8,43,28,73,53,-15,-20,0.031
4840d4e6c62d93e0,8,56,29,90,56,-27,-34,0.033
b725f939ad03091e,8,39,23,62,39,-16,-23,0.028
ed3ab173390af2f8,8,51,22,85,44,-29,-41,0.029
83d776cb11c55677,8,64,30,107,57,-34,-50,0.031
d14132c9e58a60be,8,68,27,110,52,-41,-58,0.033
caeba19c466e29aa,8,42,20,69,38,-22,-31,0.03
59328f0d9057a0e8,8,49,25,82,48,-24,-34,0.03
bbbb636c27a9c1af,8,43,27,74,51,-16,-23,0.031
1551bf0688e65fed,8,48,21,78,39,-27,-39,0.03
89c75c97bc514fb6,8,34,24,57,43,-10,-14,0.032
8f2dacf167f7cb5d,8,48,21,77,41,-27,-36,0.031
cb4d6558a9969aba,8,61,23,100,43,-38,-57,0.032
28598bb69bcc7582,8,44,19,71,35,-25,-36,0.03
083077573b1732e0,8,42,21,71,42,-21,-29,0.032
0139a80dde09b976,8,34,23,59,43,-11,-16,0.03
992d0862646bd585,8,43,27,73,52,-16,-21,0.03
dd7e10ccd9e3e77b,8,49,27,81,52,-22,-29,0.03
30d16b44df5c327d,8,44,27,74,52,-17,-22,0.032
44d69d199f496b26,8,54,27,92,50,-27,-42,0.033
b7e6fa12419b757a,8,57,29,96,55,-28,-41,0.034
e9a30f36ec6b62a7,8,23,17,39,33,-6,-6,0.029
6f994b5e6b61505e,8,50,28,86,54,-22,-32,0.031
924b3e3afd1efbf7,8,50,24,82,48,-26,-34,0.031
6ecefa04c3c5737e,8,42,27,71,52,-15,-19,0.031
6a10cc7fe1501ae1,8,43,23,70,42,-20,-28,0.031
1e6f7a54fd6123d8,8,34,19,55,39,-15,-16,0.03
853101cdf7949c94,8,46,25,78,47,-21,-31,0.032
6df958d9b8219d42,8,62,25,101,48,-37,-53,0.033
f8eb4deedb6a40c0,8,50,27,84,53,-23,-31,0.038
7bf582e7b84c1732,8,43,30,76,56,-13,-20,0.033
1695a315b1d0dc67,8,35,29,60,54,-6,-6,0.032
1a4c64e9d573d130,8,46,25,79,47,-21,-32,0.034
71894db953464aa3,8,41,23,66,42,-18,-24,0.032
055a6964513b0091,8,52,30,89,57,-22,-32,0.036
8d84a4dc34a86df2,8,51,30,86,57,-21,-29,0.033
450421db3ce94d1c,8,44,25,75,48,-19,-27,0.032
2409c9d136007997,8,33,22,58,42,-11,-16,0.035
ca137c6b8b9fb5e6,8,39,28,65,53,-11,-12,0.031
601a9682bb9be7e4,8,44,30,72,56,-14,-16,0.035
c7fafbdbe814e7b4,8,57,29,92,54,-28,-38,0.034
da1123b444aa66d0,8,27,19,45,37,-8,-8,0.03
6ce31f7bef899431,8,37,29,65,53,-8,-12,0.033
8cfdc548f9184c4a,8,52,21,86,42,-31,-44,0.035
232d0e93019ce596,8,57,27,94,52,-30,-42,0.034
aa52915dec4abe13,8,36,22,61,44,-14,-17,0.033
e8efc43d7594082c,8,47,27,80,52,-20,-28,0.035
a37e78fbb4fbee83,8,76,29,128,56,-47,-72,0.037
a400bdb81aeedb95,8,35,29,60,53,-6,-7,0.034
3819bae0f2725210,8,74,25,119,49,-49,-70,0.035
f60775ea18d4c1df,8,44,18,71,36,-26,-35,0.031
efab29fd2049e356,8,39,30,68,56,-9,-12,0.034
0acc74e66b6b13e8,8,50,21,83,42,-29,-41,0.036
65467846e9e44ad4,8,52,24,86,48,-28,-38,0.035
da0bcd90dde56f20,8,76,27,124,52,-49,-72,0.034
d38b5f29b96c2989,8,50,30,83,57,-20,-26,0.032
eb44fa3d3c8554b1,8,41,21,69,42,-20,-27,0.034
412e245c2f635ee6,8,37,19,62,38,-18,-24,0.066
6cd4b3d9a51f2d41,8,41,27,70,50,-14,-20,0.029
352d47b74d82f7cb,8,59,30,101,58,-29,-43,0.032
e9e283d73afdad11,8,35,27,59,51,-8,-8,0.03
9e0cc9ae77978e27,8,44,23,75,46,-21,-29,0.03
0a7275f89cfa75ff,8,33,24,56,45,-9,-11,0.03
2f1e409a559e2f3d,8,35,21,55,40,-14,-15,0.03
bdf190b190157ea3,8,40,24,67,46,-16,-21,0.033
801c7b5b53b15092,8,48,25,79,48,-23,-31,0.03
d8f77930627f9c6c,8,70,29,112,52,-41,-60,0.031
68e284d4a14be150,8,30,20,50,36,-10,-14,0.029
4d849e1a1f03d20e,8,30,27,50,50,-3,0,0.03
e809e3782eb2070d,8,47,26,78,47,-21,-31,0.03
9a5108cff476cfdc,8,36,26,63,47,-10,-16,0.029
44c4e6bf849b8f1a,8,45,21,74,41,-24,-33,0.03
f7719fc168c06244,8,69,27,110,53,-42,-57,0.034
767c2ab968d2d6b8,8,51,24,82,46,-27,-36,0.031
646c39f021a5503f,8,50,29,84,53,-21,-31,0.03
b222c5a814c6c700,8,39,23,67,45,-16,-22,0.03
209e83ddedf20b15,8,70,27,111,52,-43,-59,0.032
84582261e8a375af,8,39,19,66,38,-20,-28,0.03
7dda41fcc246b83f,8,51,25,85,49,-26,-36,0.03
52cf8bfda01cb35a,8,54,30,88,56,-24,-32,0.032
61578f7b892f0442,8,51,29,83,55,-22,-28,0.032
ef595f4caf9111e1,8,49,24,83,48,-25,-35,0.034
10120ef12c3c15fa,8,52,20,87,40,-32,-47,0.031
5e09ded2ffe0f6dc,8,40,27,67,52,-13,-15,0.03
b76200f04fc0e789,8,40,21,68,43,-19,-25,0.03
fb2e9935b9d43c3a,8,36,18,59,34,-18,-25,0.031
fd73f6cb35dd25b4,8,28,20,49,37,-8,-12,0.028
8c3c1a0bc0de6ed3,8,59,27,96,50,-32,-46,0.035
b2dc6bc434489d17,8,47,26,79,50,-21,-29,0.032
c5f0481028621786,8,33,21,58,40,-12,-18,0.03
8a815e1d236cc5b3,8,48,30,80,57,-18,-23,0.034
6c5b674cd164065a,8,73,27,119,52,-46,-67,0.033
963fc7dc922e5513,8,45,24,74,44,-21,-30,0.03
08e99e3eebcaef2e,8,59,24,96,48,-35,-48,0.032
fe9700d02a82aac1,8,57,25,92,47,-32,-45,0.031
95bd9e0e901038c2,8,49,26,84,52,-23,-32,0.032
e409226444ecd6d7,8,69,27,111,53,-42,-58,0.032
de523edbfddfa0e2,8,45,20,73,40,-25,-33,0.031
449caa1437e55013,8,58,29,98,53,-29,-45,0.033
a03938ddb740f0bf,8,44,27,73,51,-17,-22,0.034
152b6dc82fb2cfef,8,73,26,116,51,-47,-65,0.033
de7f9eb7e8edeebf,8,63,27,103,51,-36,-52,0.031
35c2482a3bbaf034,8,52,30,86,57,-22,-29,0.032
d409644ce6dc2f76,8,56,29,91,55,-27,-36,0.033
fc4e02f6deb6f506,8,37,27,60,51,-10,-9,0.031
cf0aadfb46082a82,8,30,20,52,37,-10,-15,0.028
ea2fedfdf3725cfd,8,41,26,68,51,-15,-17,0.033
9d144a928a2c6ac4,8,46,27,77,50,-19,-27,0.029
1dad1c67b3fb1ad3,8,46,27,79,51,-19,-28,0.032
a714068990f434c7,8,52,26,84,48,-26,-36,0.032
ffc287d128162dc1,8,61,29,103,56,-32,-47,0.032
75870104044b78bb,8,67,26,109,51,-41,-58,0.034
8d6af5b8d5a1405c,8,17,12,29,24,-5,-5,0.028
babcf309ecdab6cf,8,29,19,50,33,-10,-17,0.03
d24f758b202832ee,8,46,27,78,50,-19,-28,0.031
d07d3dd8fffda7bd,8,49,23,78,45,-26,-33,0.03
cef72a4e3f9b9756,8,36,27,63,50,-9,-13,0.033
cd2495de9eac80e6,8,33,24,56,46,-9,-10,0.06
cefc1ff2d7822876,8,59,29,99,56,-30,-43,0.032
e901d861ce67f16e,8,50,27,83,52,-23,-31,0.029
9b7ee6d14bda78c2,8,59,27,95,52,-32,-43,0.033
5e78b98df465596a,8,40,29,69,54,-11,-15,0.032
daa2a65a59d821b2,8,68,24,113,48,-44,-65,0.031
682e450469fdbe16,8,42,20,71,39,-22,-32,0.03
14284fbdd8ee2299,8,35,23,60,43,-12,-17,0.03
1f1e16f01ba091a5,8,35,21,60,42,-14,-18,0.03
6b6077fe8e49fd7e,8,42,27,71,51,-15,-20,0.032
771c500588bcae4d,8,34,21,56,41,-13,-15,0.031
1475fdf124e9b635,8,46,24,79,46,-22,-33,0.031
cbf1e0f14dcf9ffa,8,31,22,53,42,-9,-11,0.028
abc8c14d5a5ac965,8,47,25,80,47,-22,-33,0.032
09c16a8c66d28de0,8,29,25,51,46,-4,-5,0.027
2fdfa6c712e9adb7,8,40,27,69,50,-13,-19,0.032
643d03e4c1b7deb1,8,35,26,63,48,-9,-15,0.029
ac445b5d2f9107e4,8,62,24,99,48,-38,-51,0.035
47bc438051eebde0,8,46,23,75,43,-23,-32,0.031
2ee75e44f2fc76e9,8,58,21,94,41,-37,-53,0.03
502989b3f3efad52,8,34,27,58,51,-7,-7,0.029
22bd23b934861fd0,8,44,20,76,39,-24,-37,0.032
3d95521a648b2848,8,81,25,130,46,-56,-84,0.031
27f605af9718497b,8,35,24,58,46,-11,-12,0.033
0f6c72f5887cf6ba,8,40,26,66,50,-14,-16,0.031
bd766e934bbd5928,8,64,24,104,46,-40,-58,0.032
4ff95bc9b048b832,8,57,25,92,47,-32,-45,0.028
2bc4feb0ca1097b3,8,43,23,70,46,-20,-24,0.032
0da47a05045ff653,8,44,26,74,51,-18,-23,0.034
249ac54817b12cd3,8,49,20,81,37,-29,-44,0.031
1d28d87ab8ce65f6,8,60,27,99,52,-33,-47,0.032
26e8529924cd5bad,8,27,23,47,43,-4,-4,0.028
e212d227271f40bb,8,51,26,83,50,-25,-33,0.031
aad909a6539e464d,8,47,21,75,36,-26,-39,0.03
e66f774c62d309d8,8,32,25,54,48,-7,-6,0.033
17f4e54d3d56ce09,8,43,21,69,41,-22,-28,0.03
f53403c428cdff1a,8,51,21,81,41,-30,-40,0.031
25020ab4beec45ce,8,56,26,89,50,-30,-39,0.031
2c9034deca43e8d2,8,36,25,62,47,-11,-15,0.029
725306c49e8d19e8,8,60,27,97,51,-33,-46,0.034
c90c62b42a4cd898,8,55,27,92,52,-28,-40,0.033
d319509e759ef886,8,40,25,68,48,-15,-20,0.032
5b9029ddf38d2c8a,8,46,25,75,48,-21,-27,0.032
21be1638fddf6c0b,8,32,18,53,35,-14,-18,0.033
de437cb73b1e96c4,8,41,27,70,52,-14,-18,0.031
8b42fbecee6eb2f4,8,46,22,76,43,-24,-33,0.031
3799401c92b81540,8,30,16,53,32,-14,-21,0.029
27a4dfcede89969a,8,30,24,53,46,-6,-7,0.031
b59eda7b985f5f22,8,42,24,70,47,-18,-23,0.029
738619dba0eabc89,8,55,29,96,56,-26,-40,0.037
359ce7dc132cb115,8,44,21,72,42,-23,-30,0.029
84b41e9d3a2d0191,8,52,29,90,55,-23,-35,0.031
c614dd58c0eff32a,8,38,25,65,48,-13,-17,0.03
aa8bc7739aa5776a,8,22,18,40,34,-4,-6,0.028
64c4316cfbc8ff96,8,32,24,55,46,-8,-9,0.03
7b7bff41f6351ba4,8,40,21,69,42,-19,-27,0.031
f98c54b31255df38,8,62,18,97,34,-44,-63,0.031
b82407e63392186e,8,38,25,67,47,-13,-20,0.029
04bc948c9a705648,8,29,25,48,46,-4,-2,0.028
aa003b85e69d9c9f,8,63,30,105,57,-33,-48,0.031
70445e074f3cdd69,8,51,27,87,52,-24,-35,0.032
964f5e3252791308,8,39,29,67,53,-10,-14,0.032
319e5c37c6f62ed8,8,49,29,84,56,-20,-28,0.032
23a84a3cf84e818f,8,37,18,59,33,-19,-26,0.058
67c6d9a587485b76,8,56,27,94,52,-29,-42,0.032
f5514a23ad3a486f,8,35,29,60,56,-6,-4,0.03
80eb7bd85d6b4c62,8,23,18,39,34,-5,-5,0.027
00e5eab6f0097dec,8,51,27,84,53,-24,-31,0.032
1823e26d17418712,8,39,21,65,40,-18,-25,0.029
d29b1eebbada03ae,8,64,24,101,44,-40,-57,0.031
b94d563e4b7ab99a,8,47,27,81,53,-20,-28,0.034
f7d23bd7a356c569,8,32,20,55,37,-12,-18,0.032
34644c4d4920c4b2,8,49,25,81,47,-24,-34,0.032
d0b39ef623f80e54,8,57,30,93,56,-27,-37,0.031
c3268afb9465649d,8,42,24,70,46,-18,-24,0.032
cef4ce485d51cf46,8,67,30,110,57,-37,-53,0.034
d1c2a1664deff1a3,8,57,30,96,58,-27,-38,0.033
149f9ccbc81d90f3,8,28,19,48,38,-9,-10,0.031
722bf94c50a236bf,8,33,17,55,35,-16,-20,0.032
b93d9b5ab6d01fd2,8,43,25,74,49,-18,-25,0.031
7ec0a13ef47fc879,8,69,26,114,49,-43,-65,0.033
8943e263fedc11b8,8,57,27,97,54,-30,-43,0.032
3bc0e00f2771358c,8,50,30,87,58,-20,-29,0.033
a1718463b6cb0d38,8,47,21,78,40,-26,-38,0.032
8fe676a6df8b40cb,8,25,26,44,47,1,3,0.03
657d9921efea1c32,8,15,17,27,32,2,5,0.029
dc22f640051acf46,8,67,27,107,49,-40,-58,0.031
6733998f013e5166,8,55,27,90,50,-28,-40,0.031
aceca616c8604bff,8,35,25,60,48,-10,-12,0.03
c3ad24a521152e40,8,51,25,85,47,-26,-38,0.032
c563f216f16b39e7,8,30,20,52,39,-10,-13,0.029
166d087b216d7357,8,30,25,52,49,-5,-3,0.031
b95aff4635ffe544,8,45,25,74,48,-20,-26,0.031
95f7480305b0b3dd,8,62,24,99,46,-38,-53,0.03
b2bb9cba52aa5f96,8,32,30,54,55,-2,1,0.033
6e9ef62af3f2fd75,8,59,27,98,52,-32,-46,0.033
5cc86d74185fe631,8,36,19,58,38,-17,-20,0.03
42ad7ec7e8f04962,8,42,18,67,35,-24,-32,0.028
a24600b3efa46e54,8,56,23,92,44,-33,-48,0.033
576dd162196e27d7,8,64,25,104,46,-39,-58,0.033
2cf3c6e0ad4efe6d,8,40,23,67,41,-17,-26,0.029
0c64dcf448f8226f,8,66,30,110,58,-36,-52,0.035
bf8d8648a21ce6c8,8,36,27,63,50,-9,-13,0.031
e4d1189c74b9a25a,8,43,20,70,39,-23,-31,0.031
028ffedfc04efe67,8,61,28,100,55,-33,-45,0.034
a2146e0b5a1cbc34,8,50,20,80,40,-30,-40,0.031
15c7b2ead81a7d3c,8,48,20,77,39,-28,-38,0.032
8bbe97629a3fcee5,8,37,23,60,43,-14,-17,0.033
59b8328aff5c7bea,8,17,12,30,24,-5,-6,0.027
6f10a6eeaa53c3b5,8,58,27,99,52,-31,-47,0.032
b08535175d084d53,8,50,25,79,48,-25,-31,0.03
5c27160cd6cba4ce,8,44,24,72,47,-20,-25,0.031
1e22e3bd26469657,8,34,24,58,46,-10,-12,0.048
77ac8506dbf63d29,8,31,20,50,36,-11,-14,0.033
17ea0b46bbb399bc,8,61,30,105,58,-31,-47,0.032
edd344a42df1c73d,8,67,30,111,58,-37,-53,0.032
01f3ba62bf8ac1f2,8,49,27,78,52,-22,-26,0.031
335255f32cc1c671,8,41,26,68,50,-15,-18,0.032
a3a8e1428c024c0d,8,40,24,64,44,-16,-20,0.03
4ffdfcb7178bd713,8,57,28,97,55,-29,-42,0.033
9534001f7b889919,8,61,23,99,43,-38,-56,0.033
9d1d9a31b97cbdf5,8,31,20,54,38,-11,-16,0.029
ed3b15d8db87c27e,8,49,30,83,58,-19,-25,0.034
76265940a8709b8a,8,34,23,57,42,-11,-15,0.031
8da3b407bbe52138,8,35,26,62,49,-9,-13,0.032
950048fdeb54f7ae,8,56,21,91,41,-35,-50,0.031
fdabefe9264c5eb3,8,41,20,65,38,-21,-27,0.057
bf21f2f3bab9f7ee,8,36,25,61,48,-11,-13,0.03
389694c49d8ce92c,8,59,30,100,58,-29,-42,0.036
8cf307bec46e97ca,8,47,29,80,53,-18,-27,0.031
2e31c39f02d3177b,8,46,29,79,54,-17,-25,0.033
9564017e88df5823,8,44,22,74,44,-22,-30,0.031
454054ca10cab02e,8,31,24,53,46,-7,-7,0.029
ffc6f50c11b99e04,8,25,21,42,41,-4,-1,0.029
3dd9207f98457080,8,33,27,58,51,-6,-7,0.031
914497d14862bd84,8,17,14,29,28,-3,-1,0.026
6e9cb4590f985eb5,8,32,19,51,34,-13,-17,0.029
a8adb53cdc0ee134,8,49,23,79,44,-26,-35,0.031
3d3e5cc9f577f7f5,8,18,14,31,28,-4,-3,0.028
912b6260d8d1fafe,8,51,26,87,47,-25,-40,0.032
3075d5490a6389ee,8,52,27,83,50,-25,-33,0.03
325ef696a0279435,8,29,18,49,34,-11,-15,0.029
c39ed2c935344e2b,8,32,21,53,40,-11,-13,0.03
32663a4634332b6a,8,56,28,96,55,-28,-41,0.033
0d8ee5b111f55a5b,8,48,29,80,55,-19,-25,0.033
9dda22fd5c1f48f9,8,44,20,72,40,-24,-32,0.03
b48dda20631e0ac6,8,33,24,55,44,-9,-11,0.029
77009bd82977eea6,8,49,27,82,51,-22,-31,0.031
7e75d42e8350c03b,8,43,26,70,45,-17,-25,0.032
8fcf5bc3515d8e65,8,41,20,64,39,-21,-25,0.029
9559ebbe8ae4555a,8,52,30,89,58,-22,-31,0.034
afeeed429479dad7,8,38,19,61,37,-19,-24,0.03
3a7dcfaae6671337,8,69,30,114,58,-39,-56,0.032
3f25883154f321b3,8,34,21,58,42,-13,-16,0.029
d5bc74f4bcb5c63b,8,38,25,64,48,-13,-16,0.032
a510b2bb89f26199,8,45,20,76,39,-25,-37,0.031
0ac98f5b1a1538c8,8,35,24,60,46,-11,-14,0.046
6315490a8ed9b024,8,65,21,101,40,-44,-61,0.032
13e31bffd1c75357,8,38,24,62,47,-14,-15,0.03
a26b79b865856e11,8,25,20,44,40,-5,-4,0.03
0e19230972437d36,8,49,27,83,52,-22,-31,0.031
bcbb686c7546ba62,8,44,24,74,47,-20,-27,0.032
b611fec10868d6af,8,47,23,78,44,-24,-34,0.031
08207eedb25ce190,8,54,26,90,51,-28,-39,0.031
b08860180fa45dc8,8,29,26,52,47,-3,-5,0.03
1597eb86f532e48a,8,62,22,100,43,-40,-57,0.033
eb4b075768f848d4,8,49,29,82,55,-20,-27,0.033
34bb4088ff6e9c7b,8,51,28,88,54,-23,-34,0.033
c33fedfd4e8d0dcd,8,62,30,102,58,-32,-44,0.032
b1cd7cee22c55961,8,58,29,95,55,-29,-40,0.034
e2e9e4b9d3471a8d,8,50,25,86,50,-25,-36,0.033
75f6fe0141a3d8fc,8,25,25,42,46,0,4,0.029
c8472d20069f0455,8,30,25,51,47,-5,-4,0.03
274dbccad1e13b49,8,49,27,81,51,-22,-30,0.03
022445a04cb9237d,8,43,30,73,56,-13,-17,0.03
a8ad70d19a81717d,8,43,27,70,50,-16,-20,0.029
647d555d72338254,8,48,23,79,42,-25,-37,0.03
48a10a5e04ef195e,8,29,26,51,45,-3,-6,0.03
cf809a5a33d7b9d8,8,21,22,35,40,1,5,0.028
7a7b4fedc8ae13a7,8,43,25,71,48,-18,-23,0.032
b7a5e6ac4850606a,8,41,18,69,36,-23,-33,0.031
f827a8a6429adff4,8,24,15,39,30,-9,-9,0.03
3748f2eb9cd5f4f1,8,50,26,83,50,-24,-33,0.034
51e24ea554727372,8,40,25,70,49,-15,-21,0.031
8165059039c4ab49,8,61,24,100,45,-37,-55,0.03
b4ee58b9299d4f31,8,35,29,60,53,-6,-7,0.031
74b637ae138944ac,8,49,29,83,54,-20,-29,0.033
fca14b579988a505,8,45,23,74,43,-22,-31,0.03
5e121101b8e56918,8,33,24,56,46,-9,-10,0.031
18678595b2f10055,8,40,27,68,51,-13,-17,0.033
ca0ead2dfda736e0,8,50,21,80,40,-29,-40,0.059
3a0eb12359692eeb,8,32,20,54,40,-12,-14,0.029
bba100ac285b8e62,8,60,30,100,58,-30,-42,0.033
efc71e41322d9378,8,48,27,83,51,-21,-32,0.033
07424b1c3115a719,8,33,17,55,35,-16,-20,0.029
d8aab5626534ccf7,8,54,28,90,54,-26,-36,0.032
0ca92dbf9c5368ff,8,26,20,44,38,-6,-6,0.029
996855847e0ac230,8,44,24,72,45,-20,-27,0.031
17b51ebe413bc91c,8,41,24,68,44,-17,-24,0.031
bfeede34ebdef91c,8,23,24,40,43,1,3,0.03
1bf42c91487900a9,8,40,27,67,51,-13,-16,0.031
a2a075d0d5923027,8,34,23,56,44,-11,-12,0.031
0f309d30f3655db2,8,28,24,50,43,-4,-7,0.03
e7ed1cafbebb3077,8,65,27,107,52,-38,-55,0.032
1413a9fbe921b78f,8,45,28,77,54,-17,-23,0.032
b603240e428be762,8,27,20,45,37,-7,-8,0.03
058bd98b56a232ea,8,24,18,41,36,-6,-5,0.029
623e1dd305e62fdf,8,43,24,71,47,-19,-24,0.031
ce6bfbae8ee76beb,8,41,21,67,40,-20,-27,0.029
22f0a8c81d68b97c,8,24,21,40,39,-3,-1,0.029
31ae582f2069289a,8,41,26,68,47,-15,-21,0.031
79c200699f19416b,8,44,27,76,51,-17,-25,0.031
7f9a9585736d2955,8,56,26,97,47,-30,-50,0.032
af0f1b604de53b95,8,50,23,81,44,-27,-37,0.03
a53885798bf42146,8,32,19,52,34,-13,-18,0.032
62702beaf0833ac0,8,44,28,74,53,-16,-21,0.029
077dd6a68ba90002,8,32,20,56,38,-12,-18,0.037
a29c2b503c205442,8,61,27,104,52,-34,-52,0.033
ea1da0e2eef252db,8,29,20,47,35,-9,-12,0.03
966b3241bdcbc841,8,47,21,75,41,-26,-34,0.033
7b9e0a3d2d3431d8,8,55,27,94,51,-28,-43,0.033
0603b1f46d38f4f6,8,48,27,83,51,-21,-32,0.03
0569ffb0fa5dd4d7,8,51,29,87,55,-22,-32,0.032
bac7865674b4ac15,8,41,24,67,46,-17,-21,0.031
713717ad26b6e7fb,8,38,24,64,45,-14,-19,0.03
c582cd43da0d0852,8,43,20,69,38,-23,-31,0.031
0f270562c68c3e80,8,22,21,40,38,-1,-2,0.029
caa7c85e138c0035,8,35,24,60,44,-11,-16,0.032
aea03df6e8e2c726,8,52,28,88,54,-24,-34,0.033
d09751f80e67cff1,8,51,27,84,51,-24,-33,0.033
50c021c5b4c7b71a,8,48,23,78,44,-25,-34,0.03
06528841e4aed7f8,8,48,24,80,46,-24,-34,0.034
3af5a0ea57855b33,8,60,30,100,58,-30,-42,0.035
df5f939c6c1a6e84,8,20,18,34,31,-2,-3,0.029
e57c8538c4a3fd6c,8,40,24,68,48,-16,-20,0.031
7ecfebe2e6c47a10,8,43,27,71,50,-16,-21,0.031
f29e5e5243359264,8,32,17,56,35,-15,-21,0.029
2a78fe3f33ce7885,8,33,20,55,36,-13,-19,0.031
eddb4e33f95e2498,8,42,24,70,46,-18,-24,0.033
8b9a9a8f45a71b36,8,55,24,90,47,-31,-43,0.031
466ce5286774aaff,8,40,27,65,52,-13,-13,0.031
d585dc4274f5908a,8,61,24,100,48,-37,-52,0.032
e024b99b0acece05,8,44,29,75,54,-15,-21,0.036
53e39e46398c9f0c,8,52,30,88,58,-22,-30,0.032
cd8df7629ada2f08,8,51,25,82,46,-26,-36,0.036
2d4231c0ceccefcf,8,32,21,52,39,-11,-13,0.031
0cb1e2d4b1cc7e70,8,34,21,58,41,-13,-17,0.032
6ef08d4a78f9fe21,8,39,27,66,51,-12,-15,0.033
6ce2eff395088b66,8,38,27,65,50,-11,-15,0.032
2e237f0c912fb893,8,45,22,74,43,-23,-31,0.03
7b0d9e2866284b9a,8,45,23,71,43,-22,-28,0.029
20afaa88ad034e9d,8,59,30,99,58,-29,-41,0.036
41e9b97c4b774c68,8,44,24,72,45,-20,-27,0.03
e71e0923a37924d3,8,33,23,55,42,-10,-13,0.031
55351d325fa0a7ff,8,30,15,51,30,-15,-21,0.028
c7b865c19523c75d,8,21,18,36,32,-3,-4,0.03
6dc1e389536cc25f,8,40,24,68,47,-16,-21,0.032
4d108de5f419bac9,8,34,20,57,38,-14,-19,0.029
ef0dd2e86604e815,8,61,27,98,52,-34,-46,0.033
aee20549601e3a64,8,64,21,102,40,-43,-62,0.03
f87e5d696db90ef9,8,26,16,41,32,-10,-9,0.03
550e67acd81d9ed0,8,21,11,35,22,-10,-13,0.027
5295931ed789fc5d,8,43,23,69,46,-20,-23,0.031
c71273cecd3bc550,8,8,8,13,15,0,2,0.027
2a4bcb6c10afb960,8,40,26,66,46,-14,-20,0.059
997a14b81dc6c5f4,8,44,21,73,41,-23,-32,0.03
5ee69e0c7ab66ee2,8,41,29,70,53,-12,-17,0.032
7dcb01618d723d4a,8,50,26,81,48,-24,-33,0.032
df6a2ac54d9714ac,8,41,24,70,43,-17,-27,0.032
fa581c6c483ee1d4,8,25,15,44,27,-10,-17,0.029
dc0687f1457ef4e1,8,46,26,78,47,-20,-31,0.032
71f2ab2bde379f3d,8,56,29,94,54,-27,-40,0.034
3b2881d4644e95b3,8,31,26,53,47,-5,-6,0.032
fc5993769337e355,8,24,21,41,36,-3,-5,0.028
21c1b2e38ab47121,8,34,21,55,40,-13,-15,0.03
a076037cd5e477a3,8,35,28,60,52,-7,-8,0.032
14c879ec9d7f681e,8,44,24,73,45,-20,-28,0.03
c16b563e2344e936,8,46,18,77,37,-28,-40,0.031
9a0ee64684ada0bb,8,49,26,84,51,-23,-33,0.031
179e2e03ba4b7fac,8,35,20,58,36,-15,-22,0.032
864a91dc2c3d40a9,8,36,21,60,36,-15,-24,0.03
3e426207844981c4,8,30,26,50,47,-4,-3,0.03
dfe968ed495caee0,8,44,23,71,44,-21,-27,0.032
b65514abee2c8dba,8,31,16,50,32,-15,-18,0.028
73f429fcbbfdf6fb,8,18,18,30,33,0,3,0.027
a9ac2df4edac2900,8,32,21,55,42,-11,-13,0.031
efcc3d3e93313704,8,25,16,39,32,-9,-7,0.029
c71273cecd3bc550,8,8,8,13,15,0,2,0.027
8113356723bfb16e,8,53,27,91,52,-26,-39,0.033
504f7dcee42b183d,8,27,17,45,33,-10,-12,0.03
b2d677b915df56ee,8,38,20,62,39,-18,-23,0.03
2cdb68a64ec89f74,8,33,25,57,48,-8,-9,0.031
a270dcdc3d62ba6e,8,42,21,69,39,-21,-30,0.031
27aa174920286043,8,57,24,96,48,-33,-48,0.034
51af897f1679d033,8,35,26,59,50,-9,-9,0.03
bf1915f1e9766b1d,8,35,21,58,41,-14,-17,0.029
3c0a81bf31725cce,8,30,14,48,27,-16,-21,0.029
fc6fa3d51616b4e5,8,45,21,73,40,-24,-33,0.032
c73c18395d89d2de,8,48,24,78,45,-24,-33,0.034
b008aba924777070,8,30,21,49,40,-9,-9,0.03
4094d9bf73c65024,8,45,27,75,52,-18,-23,0.031
f51697c0fe8de2cb,8,43,26,71,48,-17,-23,0.03
bae70bbc12701473,8,48,22,79,43,-26,-36,0.032
7e8ce0c638891322,8,43,23,71,43,-20,-28,0.031
5bd30f3db9f150d1,8,37,27,64,50,-10,-14,0.033
4c1f8ac79683de8d,8,37,25,64,50,-12,-14,0.031
6709b1b48d9dba50,8,35,23,57,45,-12,-12,0.03
d0d8b852777bf74d,8,31,19,53,38,-12,-15,0.029
b304e0d322210db4,8,40,24,68,43,-16,-25,0.031
da1bd4d56ce5f748,8,48,19,78,36,-29,-42,0.029
652d714d7ce451d7,8,35,19,58,38,-16,-20,0.03
6b248b6cd05336bd,8,56,27,94,52,-29,-42,0.032
db502c508b2ea8bf,8,57,27,94,52,-30,-42,0.033
39d009922ca1f489,8,37,30,63,55,-7,-8,0.029
1dcf88e745b7d714,8,31,27,54,51,-4,-3,0.032
98b23fab2b8e7929,8,52,25,85,49,-27,-36,0.035
37dc585b59b60f5d,8,33,23,54,42,-10,-12,0.045
15e4ee7c65f5dca3,8,51,21,81,42,-30,-39,0.031
e863e619362187a9,8,33,22,55,43,-11,-12,0.03
066e107898022145,8,29,22,50,42,-7,-8,0.03
4bba924064d561c8,8,42,26,68,49,-16,-19,0.031
f10d64e77cf52ebf,8,52,27,86,54,-25,-32,0.032
27916d4ecac3c3f0,8,40,17,66,32,-23,-34,0.031
6c76a6c367da8dca,8,40,21,65,40,-19,-25,0.032
d6bbab042155f25e,8,34,21,58,41,-13,-17,0.032
cd8e7bddeec3cd6a,8,48,24,80,46,-24,-34,0.03
aaf7ba8024b971ee,8,34,27,60,50,-7,-10,0.029
cf268412b635b993,8,39,23,63,43,-16,-20,0.032
435523a97d2eac2a,8,55,27,91,52,-28,-39,0.033
73e21c531ccc3b12,8,27,21,46,40,-6,-6,0.029
bdff2115032749e4,8,49,23,78,45,-26,-33,0.033
6e14daa8fc8f80ef,8,59,27,99,54,-32,-45,0.034
10763ff580b2163b,8,29,25,52,46,-4,-6,0.03
40d474aaaa28e4d4,8,41,26,71,50,-15,-21,0.031
cdc40f947666f369,8,48,24,77,47,-24,-30,0.032
58e2ef1579ef1925,8,33,25,55,46,-8,-9,0.031
8220d969a36fdc49,8,34,27,56,50,-7,-6,0.058
b2ac9ff61c03b73c,8,54,24,91,47,-30,-44,0.034
f6e0a0593056322e,8,57,27,95,51,-30,-44,0.035
eaafb99dd079ec61,8,50,27,82,51,-23,-31,0.033
26566387e11fccf7,8,31,20,51,37,-11,-14,0.03
5e02c8d306ac3441,8,48,24,81,46,-24,-35,0.032
b3fcbd9bade34b34,8,39,22,66,43,-17,-23,0.031
5b07c678e53cd2e2,8,49,27,81,51,-22,-30,0.031
d05f532acbc4c498,8,30,24,53,45,-6,-8,0.034
0ba1a1504db6a8dc,8,54,30,90,58,-24,-32,0.035
4dd974da4a3cb918,8,29,21,49,40,-8,-9,0.031
c1ad1f03008c8f28,8,70,27,115,52,-43,-63,0.04
6782a0c7fd79ea91,8,50,25,85,47,-25,-38,0.035
1668b3ea726d8bf6,8,48,24,81,46,-24,-35,0.034
f4cd5e7d1e6ba91e,8,40,24,64,46,-16,-18,0.035
79c16f9f804b6865,8,42,18,70,35,-24,-35,0.033
bef2504cad714cb7,8,49,29,81,55,-20,-26,0.037
747940ed658e418a,8,56,25,90,49,-31,-41,0.034
1f5e6e1a37f39870,8,40,18,63,36,-22,-27,0.031
31348b762606a8bd,8,35,29,62,53,-6,-9,0.033
e49a41687b2201c1,8,28,18,49,35,-10,-14,0.032
e8f283439d6407a6,8,12,11,22,21,-1,-1,0.027
21c55b885c245dc3,8,39,26,65,49,-13,-16,0.034
751fa08a3d5f6c0d,8,49,21,80,42,-28,-38,0.033
edabf4e2c8fa89ea,8,49,21,79,42,-28,-37,0.031
d548410c512e1d81,8,40,26,68,47,-14,-21,0.037
6cd9b5cbaa8e1938,8,36,27,60,51,-9,-9,0.035
bf1746a6360fbdc8,8,43,26,71,46,-17,-25,0.031
27c29c20979395ee,8,39,21,65,42,-18,-23,0.034
ba8ab253e2bb8500,8,46,25,76,49,-21,-27,0.033
4bd634de4f3d7923,8,41,21,66,40,-20,-26,0.035
12f616da6f57fec6,8,50,28,83,53,-22,-30,0.039
a93da62862539d83,8,55,27,88,49,-28,-39,0.032
0e2743d14f6461b8,8,53,24,87,45,-29,-42,0.035
0e8df45d314fd890,8,42,24,72,48,-18,-24,0.034
c1c8cca65f280adf,8,32,24,55,46,-8,-9,0.032
1b53c9c2d2437e14,8,34,22,56,44,-12,-12,0.032
b5f1f256e2037bca,8,64,29,106,55,-35,-51,0.036
97aaaa49a95d63fc,8,32,22,55,44,-10,-11,0.03
adfce22c0e89f830,8,54,27,87,54,-27,-33,0.033
a03cedf8401f5132,8,38,23,64,45,-15,-19,0.031
eeb8f6b72c7a1cd1,8,36,26,62,47,-10,-15,0.032
25d64d768fe3c06e,8,30,18,51,35,-12,-16,0.032
4961654e1d1fece6,8,29,24,48,45,-5,-3,0.03
c71273cecd3bc550,8,8,8,13,15,0,2,0.027
821977960a4529c4,8,16,11,26,22,-5,-4,0.028
c31310a738f28079,8,24,18,40,35,-6,-5,0.03
0752972566d5f0e0,8,35,21,58,41,-14,-17,0.031
5d7319d165cfb474,8,40,26,67,50,-14,-17,0.031
c6d3948e502399b3,8,38,21,64,41,-17,-23,0.03
1c19a482766d5092,8,24,16,39,32,-8,-7,0.03
14124d5280a257ba,8,67,27,108,52,-40,-56,0.035
6710604abba8c745,8,29,22,49,42,-7,-7,0.031
62c0666caf8ea3d8,8,32,26,54,47,-6,-7,0.031
a72666e420b4e652,8,33,27,58,51,-6,-7,0.029
ebfd21c2bbe3e038,8,19,18,34,34,-1,0,0.028
c239a4bd2835dd5a,8,25,17,41,30,-8,-11,0.029
3301465047ef12fc,8,43,27,73,52,-16,-21,0.033
2a438acf92de4ed5,8,32,18,51,36,-14,-15,0.03
9c014c93ccb2fee0,8,30,17,50,32,-13,-18,0.03
1b0e1a7291d95465,8,41,24,69,47,-17,-22,0.032
54743775177f93e1,8,33,21,55,40,-12,-15,0.029
416ae4db46cf7fc0,8,48,21,79,40,-27,-39,0.032
e859070d4dbfa0d8,8,25,14,41,26,-11,-15,0.029
0d06fe73e7f32799,8,43,26,75,47,-17,-28,0.032
b869435b58138de0,8,49,25,84,49,-24,-35,0.033
d2f38ae1ae42e5b4,8,36,25,60,44,-11,-16,0.029
0a426237a7ae0d64,8,26,24,44,45,-2,1,0.031
653fb0e96951b3f3,8,25,26,43,46,1,3,0.03
fb213c113129ea62,8,46,19,76,38,-27,-38,0.032
d249574e4b183953,8,49,27,83,51,-22,-32,0.032
3baf14549fe7e9c7,8,43,23,69,44,-20,-25,0.045
bf6958856ed9e587,8,21,18,38,33,-3,-5,0.032
28b13ca13edbef73,8,34,26,58,47,-8,-11,0.031
f78adb637b6ecff1,8,41,27,69,51,-14,-18,0.06
427f67e0d95c0fc8,8,50,23,83,43,-27,-40,0.031
8055000995bad204,8,46,24,76,46,-22,-30,0.03
e8a9ba02392847d5,8,30,18,48,36,-12,-12,0.029
3e23ba16612549a1,8,32,27,56,50,-5,-6,0.031
0db09075087b8441,8,17,11,32,23,-6,-9,0.027
4344c0263a73c8cb,8,32,19,53,39,-13,-14,0.03
63cf8aa20b1ffe27,8,45,24,76,46,-21,-30,0.031
c7aac4087d114a9f,8,45,25,71,47,-20,-24,0.031
3c5ef4d48bcb82a9,8,46,22,77,43,-24,-34,0.033
ce3552018f7e608c,8,49,22,79,43,-27,-36,0.03
3833ad80617c3daa,8,43,26,73,50,-17,-23,0.031
959b668e61d04275,8,37,27,64,50,-10,-14,0.031
dc527f849b072977,8,44,23,75,43,-21,-32,0.033
824e079409f7ae35,8,52,18,84,35,-34,-49,0.031
b45730bc7ce9d063,8,39,27,68,51,-12,-17,0.033
938b5f146446a36a,8,29,25,51,46,-4,-5,0.032
792ad78ec07ad75d,8,45,27,78,52,-18,-26,0.032
6a53b1e5a4ebdf9a,8,28,17,48,31,-11,-17,0.029
3de1bcc2a0d96e2c,8,30,21,52,42,-9,-10,0.03
2807e025c88e8774,8,37,26,61,50,-11,-11,0.031
57f6f6a05ea8e3a9,8,48,24,79,47,-24,-32,0.032
3ca1c4228e9ef4c6,8,33,22,57,42,-11,-15,0.031
d5054cd8b30572ed,8,36,17,63,35,-19,-28,0.03
eeb3a800e8279e92,8,47,29,81,55,-18,-26,0.033
a9b270b88d55f0e8,8,39,24,64,43,-15,-21,0.031
eb887a19d53d2689,8,62,30,104,58,-32,-46,0.034
c4e922dc2d9efddb,8,50,27,82,52,-23,-30,0.036
caa3f5e291e0b243,8,33,23,56,39,-10,-17,0.032
870ea858efc66e89,8,33,22,57,43,-11,-14,0.033
0637a9216c84bfee,8,45,18,70,36,-27,-34,0.033
bb195dbe4949b23f,8,56,26,88,49,-30,-39,0.034
76a3ab0e09a028e2,8,43,25,73,48,-18,-25,0.034
647a13f37a14f199,8,48,28,82,54,-20,-28,0.033
820b56491ab39615,8,61,27,99,51,-34,-48,0.032
f410b03fa14449e1,8,35,22,59,43,-13,-16,0.031
482c1e7efa13dad8,8,36,26,61,48,-10,-13,0.031
fe3d79be007fbd2c,8,17,20,31,37,3,6,0.03
b3fdb24934d847cd,8,47,27,82,52,-20,-30,0.034
e1666863afb7dac9,8,25,20,44,37,-5,-7,0.029
b06d334e7fa7651b,8,25,20,42,38,-5,-4,0.028
e32fac3f5a05efd8,8,32,21,52,42,-11,-10,0.03
e2791d289a99c934,8,61,25,99,48,-36,-51,0.031
141fcc512275fba2,8,46,20,73,36,-26,-37,0.031
9edbc226dcd83f96,8,74,25,124,49,-49,-75,0.032
c5f6dcabdc122542,8,46,21,76,42,-25,-34,0.032
db754b6b81e378cd,8,36,17,61,35,-19,-26,0.03
53cf49f82b108ada,8,34,12,54,25,-22,-29,0.029
a3856885b9a88d19,8,32,21,51,36,-11,-15,0.03
1409e7fcb90cebb3,8,41,22,68,43,-19,-25,0.031
f70f9db6d14da3bf,8,52,28,88,55,-24,-33,0.034
d3db3b23def4270f,8,66,21,104,42,-45,-62,0.032
b47a16391922cf36,8,38,27,64,49,-11,-15,0.033
4b7d2213359788bc,8,30,23,51,41,-7,-10,0.032
0775d1eecd3dc13c,8,57,30,97,58,-27,-39,0.038
221649c990d75746,8,40,27,68,50,-13,-18,0.031
6e746d59072da384,8,19,23,35,43,4,8,0.029
e3e86d6716a724e1,8,41,24,70,47,-17,-23,0.032
16f968b9bd290401,8,25,26,43,45,1,2,0.029
5b1f9fdf63ad5e85,8,44,29,78,53,-15,-25,0.033
6b8afc0e10072d2c,8,60,27,101,52,-33,-49,0.035
08433fe442540144,8,49,27,80,52,-22,-28,0.033
ebc5a0091723ce71,8,40,24,69,45,-16,-24,0.029
b39bc76729444234,8,56,30,94,58,-26,-36,0.034
a1494297933459b9,8,57,27,94,51,-30,-43,0.031
9f80e028e5e0482a,8,59,29,99,54,-30,-45,0.036
db14b9d500ede04d,8,50,28,86,54,-22,-32,0.036
8c8689d17663a7ff,8,18,12,32,25,-6,-7,0.033
b4fba65acef6c532,8,32,20,52,38,-12,-14,0.036
01adcb1d6e9b1ebb,8,25,18,40,35,-7,-5,0.032
1c31fe00161f94b4,8,21,18,36,33,-3,-3,0.031
e8874ad4db4d421c,8,31,23,52,40,-8,-12,0.031
6a432ea90f3a69a1,8,32,19,54,38,-13,-16,0.058
e4a72d45f6c63e51,8,41,26,68,48,-15,-20,0.033
3bb29c920b52055a,8,22,18,37,32,-4,-5,0.028
c71273cecd3bc550,8,8,8,13,15,0,2,0.026
cb005a77f2409ad5,8,32,21,50,38,-11,-12,0.03
8a8346bd168f31b5,8,13,17,23,30,4,7,0.028
020e29158a427ec2,8,44,25,76,49,-19,-27,0.032
55753dbe5a44fc95,8,40,25,64,47,-15,-17,0.031
8d3963d2720cc428,8,48,27,81,51,-21,-30,0.032
c77f590a5fcad28d,8,24,21,41,40,-3,-1,0.029
800e43eaa72ad4a4,8,44,21,71,42,-23,-29,0.033
f9a729c00a0d2af1,8,43,24,72,44,-19,-28,0.03
155309f4e6644c68,8,30,15,47,30,-15,-17,0.03
d13c0526d15c56e1,8,40,21,65,41,-19,-24,0.03
dafa996b5ede7859,8,16,14,27,25,-2,-2,0.027
d85641d9a47704a1,8,30,18,52,35,-12,-17,0.03
c3103b69154ebb9e,8,47,21,75,39,-26,-36,0.03
3595c38295e80184,8,32,28,54,52,-4,-2,0.03
d226f7eb170bc84b,8,36,24,60,42,-12,-18,0.029
0145a56b6a6e60f2,8,44,30,77,56,-14,-21,0.031
f43ed02c69f1a022,8,32,24,54,46,-8,-8,0.031
ea2b3483f8484837,8,49,27,81,51,-22,-30,0.051
2b03a6500ba32828,8,34,27,59,51,-7,-8,0.03
78a897dde2ec7a0b,8,48,21,76,42,-27,-34,0.03
3c5936166763b51c,8,38,24,64,46,-14,-18,0.032
adec1015c0c18262,8,24,17,42,34,-7,-8,0.031
03eb8c00137ccfa1,8,42,27,73,52,-15,-21,0.032
f94684032f593823,8,43,29,73,54,-14,-19,0.031
ff8e75f6f6e25b63,8,35,18,55,36,-17,-19,0.031
fa02b3158fcbd127,8,48,24,80,48,-24,-32,0.034
e7657527ab6dacb7,8,37,25,65,47,-12,-18,0.031
1788e4a8fb5d8208,8,19,14,33,28,-5,-5,0.028
6568e895427acb0b,8,47,24,78,46,-23,-32,0.032
70debbf3730d6fc7,8,40,26,68,50,-14,-18,0.032
44e0708915eb8932,8,44,21,71,42,-23,-29,0.031
520692459d68ae48,8,52,27,88,51,-25,-37,0.033
c692693abe2966f9,8,31,23,51,45,-8,-6,0.031
87c74abae73b7403,8,54,27,90,54,-27,-36,0.033
ef2dc42d5682c6a7,8,53,24,85,45,-29,-40,0.032
ef20d5ddfbd9f7a5,8,54,21,88,42,-33,-46,0.033
1c5d265b3571af53,8,42,27,71,51,-15,-20,0.032
66fbbcf5456a3c69,8,57,26,92,51,-31,-41,0.035
b88179d04f9ab105,8,55,23,88,43,-32,-45,0.031
c9ea6fd888f0a3b2,8,56,26,92,47,-30,-45,0.032
42606c748d8cc6b5,8,45,27,76,52,-18,-24,0.032
cfdb2c0e45b9223a,8,49,21,79,41,-28,-38,0.031
447ede15c93e3162,8,49,29,85,54,-20,-31,0.034
3a881e7d32f0a085,8,53,21,89,41,-32,-48,0.032
0b618d87dc47e353,16,254,135,364,248,-119,-116,0.061
e95a8daea688f116,16,196,116,283,207,-80,-76,0.052
2660bce4ab6848f8,16,245,130,362,239,-115,-123,0.056
beeda0059761b15e,16,195,110,277,197,-85,-80,0.054
0f0ee8bf44632d8f,16,272,125,390,225,-147,-165,0.06
0ca5f5df892162ad,16,278,99,407,186,-179,-221,0.062
94f31d311dd41b58,16,408,134,575,248,-274,-327,0.108
7573d72b4b746672,16,310,134,440,242,-176,-198,0.062
7ded1a113d89d7d9,16,333,138,489,253,-195,-236,0.072
2de8ff9f5559a575,16,255,118,366,214,-137,-152,0.06
1e9a60150454eb57,16,304,120,444,218,-184,-226,0.063
0f801384df978c68,16,299,124,432,222,-175,-210,0.066
f5f592c97bcb0c17,16,316,131,453,235,-185,-218,0.064
96b4fcdbb4bdeb43,16,281,118,399,203,-163,-196,0.061
35d7681148e87d08,16,235,137,343,239,-98,-104,0.062
36f7a021d15492ba,16,319,127,464,234,-192,-230,0.065
787eb59f3082cee6,16,298,138,425,252,-160,-173,0.066
0f9c95241db215b5,16,281,126,405,234,-155,-171,0.064
21f7b64efdd2df50,16,294,125,422,231,-169,-191,0.062
5eb2648402dc93a1,16,236,120,343,207,-116,-136,0.055
da34c4b6905b44af,16,224,110,332,195,-114,-137,0.055
94c5dcdaf0706b6e,16,250,108,353,200,-142,-153,0.057
2ad7fffc8e7a56fd,16,240,117,344,215,-123,-129,0.056
d7ca4ed0ac0b1dbf,16,246,126,355,233,-120,-122,0.065
91d55171ac29cacb,16,294,134,425,249,-160,-176,0.061
2b6f59bd23fb7d1a,16,307,126,434,228,-181,-206,0.06
543f10a90812acf3,16,340,122,482,232,-218,-250,0.064
5e991b79e3b4a5df,16,241,113,347,202,-128,-145,0.056
39a875bbc9e996b2,16,285,130,413,236,-155,-177,0.06
036104995fd4935f,16,282,111,412,205,-171,-207,0.057
324b36a761cfd13a,16,289,141,421,258,-148,-163,0.097
c56bb577c998723d,16,255,118,361,212,-137,-149,0.055
9cbaff97894ae7c8,16,206,95,288,167,-111,-121,0.049
faeea998e307b86b,16,268,106,384,186,-162,-198,0.055
13b58889dbd499fa,16,230,108,334,192,-122,-142,0.054
55b4a0719bd8c73f,16,334,119,473,224,-215,-249,0.06
d26d1ccea165b95c,16,207,111,302,195,-96,-107,0.055
b0b03f96e252db2d,16,210,100,304,174,-110,-130,0.05
eeae7059c0b626c5,16,316,108,455,194,-208,-261,0.057
7f896cabd8248efe,16,312,141,445,261,-171,-184,0.065
0bb64e4b454154f6,16,329,121,467,222,-208,-245,0.062
bb78f843f2485c22,16,313,134,454,247,-179,-207,0.063
597aaa4a70c2dd88,16,303,123,436,223,-180,-213,0.06
7c63ae8d8a4a9240,16,241,107,349,193,-134,-156,0.054
60b6bef95cb1f272,16,263,117,381,209,-146,-172,0.058
4df9d64698201bb6,16,291,134,417,250,-157,-167,0.062
efdbc2142fdca6f8,16,298,133,431,244,-165,-187,0.06
7873208305b8caf7,16,289,137,423,246,-152,-177,0.058
8851cc5b2e259cce,16,306,119,436,211,-187,-225,0.057
ee52bce455718aaa,16,227,132,333,232,-95,-101,0.057
0045931efa173b26,16,249,110,363,192,-139,-171,0.055
595146758dbb4d15,16,314,105,456,194,-209,-262,0.056
5d8451cf053cc672,16,214,121,311,219,-93,-92,0.058
eb45a5d0a2a8af95,16,217,126,315,217,-91,-98,0.083
f03a583498628c23,16,270,122,387,218,-148,-169,0.057
74aba0c72c722ddb,16,304,132,433,233,-172,-200,0.059
f0927970af6c2f20,16,258,128,374,238,-130,-136,0.058
48ba0430ed6578c9,16,276,135,395,237,-141,-158,0.055
801ac7d06042cd6f,16,346,134,495,245,-212,-250,0.062
6ca1eb7180f08b5d,16,238,112,338,201,-126,-137,0.055
990c25cd451654c4,16,205,114,294,201,-91,-93,0.055
d6c1f0a8c8f6a5b7,16,217,120,312,217,-97,-95,0.056
ac2761a53e786016,16,214,115,308,205,-99,-103,0.055
2ac61ec73965fcfc,16,303,130,440,239,-173,-201,0.062
4195037bbaaf8380,16,307,126,443,233,-181,-210,0.058
a4e62d28a9255923,16,283,127,400,235,-156,-165,0.056
9542202a34bd8d9a,16,204,96,289,174,-108,-115,0.051
738992c4dd213674,16,251,121,359,215,-130,-144,0.056
f8afa68d858f4de4,16,306,131,443,233,-175,-210,0.059
1cc5bf7674fcf057,16,255,119,369,207,-136,-162,0.056
ed83491281fec7a6,16,241,120,348,210,-121,-138,0.055
9cd13b48becb80ef,16,290,128,416,233,-162,-183,0.059
c3e1bb2ee1434b2a,16,238,131,343,231,-107,-112,0.056
86acafd444d5cf7a,16,280,127,406,236,-153,-170,0.062
512eaace35555606,16,246,132,348,234,-114,-114,0.056
434d6b1a652cad69,16,261,124,367,224,-137,-143,0.057
8f9b6a7ff017843f,16,370,118,528,210,-252,-318,0.063
ac679325e660fbbe,16,179,110,257,189,-69,-68,0.083
1c899509ae8ce42b,16,341,120,492,221,-221,-271,0.06
e83089d6b0d29b38,16,240,117,352,214,-123,-138,0.055
5d95bf3d87f8aa85,16,298,124,419,225,-174,-194,0.059
6cfee46dfeacccb8,16,316,124,464,230,-192,-234,0.06
069fcdbabb451559,16,360,130,508,239,-230,-269,0.063
a63959b400fd94c0,16,217,99,310,170,-118,-140,0.051
2c7c59b6ebb3b2d4,16,290,141,423,261,-149,-162,0.063
8afc8ce51869b8e4,16,265,131,388,235,-134,-153,0.059
495c439bbb5c9f30,16,317,126,450,223,-191,-227,0.06
c2274db505ebb6ef,16,274,98,398,178,-176,-220,0.056
18223ec9bdb5c6c3,16,328,134,474,241,-194,-233,0.063
d9c776e01fe80efc,16,193,133,280,240,-60,-40,0.055
2f58a1214078ea39,16,285,131,417,228,-154,-189,0.06
bce3a4e2564feeca,16,338,137,472,250,-201,-222,0.061
12e6190fedec00f7,16,227,122,323,220,-105,-103,0.054
a206972f7a7521f0,16,285,114,408,208,-171,-200,0.056
19a492172c04b716,16,382,128,547,232,-254,-315,0.069
93851dcc41f42a83,16,245,106,356,190,-139,-166,0.056
003114e3c8febdb4,16,244,116,349,215,-128,-134,0.055
d9adeef78ee97a6b,16,297,131,421,237,-166,-184,0.066
366370c0a4e1bc0c,16,328,131,477,236,-197,-241,0.061
8fd376ea7ca1d501,16,361,129,518,235,-232,-283,0.095
8f7529dfaaab60f9,16,294,119,427,211,-175,-216,0.077
da335758ad383dda,16,306,135,443,250,-171,-193,0.062
b2629529aa77d3b7,16,366,123,531,223,-243,-308,0.064
418194f73170cf91,16,308,122,440,221,-186,-219,0.061
f933e3ec9932b166,16,355,138,508,252,-217,-256,0.066
0a2261a691b7b2c2,16,311,103,454,180,-208,-274,0.056
61058c839aa66228,16,313,124,450,222,-189,-228,0.063
9e9049de7f36dead,16,335,127,483,235,-208,-248,0.07
82b25523112249f3,16,316,126,466,229,-190,-237,0.066
4bcd2bcbf0fc3f5a,16,242,117,358,206,-125,-152,0.062
4c7cd1a611bf2027,16,304,136,434,248,-168,-186,0.061
eea9a5b7a70616f4,16,302,137,440,251,-165,-189,0.067
791b6342696d1ec2,16,366,124,530,229,-242,-301,0.066
202d50ab42339459,16,241,114,352,202,-127,-150,0.057
e45b9b395a155672,16,337,119,487,213,-218,-274,0.059
7b54166b2e915c45,16,405,128,576,230,-277,-346,0.067
2419b9f1d83dda9f,16,300,135,428,243,-165,-185,0.059
faf5b275b23f10be,16,292,141,424,264,-151,-160,0.064
59e3bb357503b93c,16,402,137,585,252,-265,-333,0.069
3a15f17542b57848,16,248,129,365,232,-119,-133,0.088
52197f392dc6fa56,16,295,128,434,232,-167,-202,0.059
8153d7defd6838bc,16,348,124,503,219,-224,-284,0.059
e35cf5a8a08a8e27,16,340,125,487,229,-215,-258,0.062
ae4bd9610f7b47e9,16,477,139,687,253,-338,-434,0.07
5ff9e9e1a654498d,16,313,136,452,249,-177,-203,0.062
1808db2bb35057e2,16,318,128,458,234,-190,-224,0.06
271a8e85a9b5b5a5,16,384,136,552,241,-248,-311,0.066
f91dff6dbc21f875,16,343,111,496,201,-232,-295,0.06
f2e686d511035cc0,16,336,127,480,238,-209,-242,0.063
96d35700b397db4b,16,236,121,343,208,-115,-135,0.054
aa728470de2e89bc,16,286,127,412,239,-159,-173,0.059
73cba144453e3941,16,328,138,469,248,-190,-221,0.066
5546b36c3c2dc561,16,307,105,443,192,-202,-251,0.059
b56bfd9fec0175f7,16,288,124,415,226,-164,-189,0.06
c6f830fa9ee6a1c7,16,379,135,542,251,-244,-291,0.066
565556cc84b8c265,16,354,124,508,232,-230,-276,0.065
5fde58487ef84272,16,356,130,509,243,-226,-266,0.064
71b95c71cf691202,16,337,130,485,232,-207,-253,0.062
1d9df63db7c34e36,16,350,109,503,190,-241,-313,0.062
9fbef16d88fe73ba,16,279,123,404,212,-156,-192,0.058
f1ab8f7c3de33d00,16,332,135,477,245,-197,-232,0.07
b355931bff2d0551,16,292,115,422,211,-177,-211,0.093
be94a8a2eea5d35f,16,325,131,467,231,-194,-236,0.06
2e069b9f30a12a27,16,345,113,500,193,-232,-307,0.062
e25c1316eb4351e7,16,359,110,511,196,-249,-315,0.063
04093c93411b1595,16,376,135,534,248,-241,-286,0.063
23ebc7ff30b06d84,16,340,132,489,247,-208,-242,0.069
e31f1eb84375902e,16,275,103,402,192,-172,-210,0.06
5ee020c7fc2e76e2,16,290,116,416,206,-174,-210,0.055
3395d96f0c93b675,16,313,121,450,216,-192,-234,0.057
8f86c7b2dae55179,16,389,129,561,232,-260,-329,0.064
5912c98081a92d4d,16,305,141,436,254,-164,-182,0.064
751ef81e46095ab7,16,373,129,537,245,-244,-292,0.067
80a5b5d3625e806c,16,369,130,524,239,-239,-285,0.062
a2881d3386ee19dd,16,313,114,449,203,-199,-246,0.059
a0126111b2b759dc,16,275,121,399,222,-154,-177,0.06
5c63019aeaa4d751,16,354,128,511,229,-226,-282,0.061
2d89329d87a9a909,16,315,116,461,216,-199,-245,0.065
d90a1e76d6045d14,16,292,131,425,233,-161,-192,0.065
14587175b84ab4b2,16,357,147,515,271,-210,-244,0.075
f3869909478677c8,16,356,133,507,236,-223,-271,0.069
96d61c108fa6f2b9,16,236,104,340,195,-132,-145,0.063
9d064824ea2adf47,16,341,113,491,210,-228,-281,0.07
0b0618835c5fc1be,16,295,137,430,246,-158,-184,0.106
5a1238852f42b8b9,16,269,125,389,225,-144,-164,0.063
89c83f795aa6eee4,16,248,122,364,221,-126,-143,0.063
7633e389d9df11a9,16,287,112,416,198,-175,-218,0.064
b729c5cc00035a3d,16,259,118,371,210,-141,-161,0.06
606b43cccba0c2d5,16,395,135,563,251,-260,-312,0.072
c90f349839fc83dd,16,223,90,319,159,-133,-160,0.052
424b1d00f3def08e,16,307,132,446,238,-175,-208,0.066
679808ce49fd76c4,16,363,139,518,256,-224,-262,0.07
76a1492e62ebb322,16,359,125,515,227,-234,-288,0.067
bc450853f019c0f2,16,312,131,456,240,-181,-216,0.065
9c47a8777b0a5070,16,265,136,382,247,-129,-135,0.059
dbb9d2f28034f6bd,16,298,117,432,212,-181,-220,0.058
1f6682d32b9c82fb,16,374,126,537,226,-248,-311,0.065
33803e515938c6b5,16,320,139,461,252,-181,-209,0.061
716d4231c6bb86e1,16,241,122,350,214,-119,-136,0.056
29bdb463b18d371a,16,444,138,636,256,-306,-380,0.073
a81bf429e45478ea,16,405,133,585,246,-272,-339,0.069
203f1abd46dc0999,16,300,86,435,158,-214,-277,0.056
4f2f681ce8f31bb6,16,310,119,454,215,-191,-239,0.059
5bfa681e888d3e3e,16,260,124,376,231,-136,-145,0.062
acdc986aa69c3248,16,313,131,450,235,-182,-215,0.062
05a213629a8aeb95,16,310,124,447,226,-186,-221,0.06
6dd0f672bca632ae,16,382,133,537,247,-249,-290,0.103
b109667abed5d4a9,16,435,110,618,198,-325,-420,0.061
23feb2ad3668e5d3,16,335,126,476,229,-209,-247,0.063
c10ad16e5eaf4665,16,292,119,429,219,-173,-210,0.059
8743f7bcbd680097,16,228,94,338,171,-134,-167,0.057
eb303161cf10e18d,16,297,123,437,226,-174,-211,0.058
852fbf4fca6f1a78,16,341,135,495,247,-206,-248,0.066
349d52435ee9dc77,16,340,134,488,252,-206,-236,0.065
d71a5247e551cdce,16,280,100,404,185,-180,-219,0.06
0e782ed88dac3e9e,16,300,127,430,234,-173,-196,0.062
6c2ff37e4079767d,16,215,116,314,201,-99,-113,0.053
93d16d420968a7dc,16,288,120,417,220,-168,-197,0.061
2b3d65e1b9f77efa,16,383,124,553,226,-259,-327,0.062
8520d67fe1dc4fc5,16,386,119,555,220,-267,-335,0.064
f4cba6115f609f9e,16,335,132,485,244,-203,-241,0.062
4802c1376c74df85,16,367,125,534,226,-242,-308,0.066
721571debc29a0ba,16,356,143,506,266,-213,-240,0.07
6f0a2a27b9bf9beb,16,277,118,400,207,-159,-193,0.058
092cb89f7a75e7e3,16,266,122,389,220,-144,-169,0.061
13320841b5f2b3cd,16,400,141,579,260,-259,-319,0.068
7f108a23ce975c29,16,307,121,441,220,-186,-221,0.06
74f07e0543c514ad,16,321,115,459,205,-206,-254,0.063
7ee573d773eb4847,16,405,140,586,257,-265,-329,0.101
670cbdb10eb3c8ae,16,376,121,542,219,-255,-323,0.065
ace09294af907b23,16,344,133,499,249,-211,-250,0.065
b088af72870034f0,16,276,109,405,192,-167,-213,0.061
e212a57865822017,16,281,121,404,219,-160,-185,0.059
a9ee7373d57eba79,16,411,117,587,209,-294,-378,0.068
cb4e7156aff9ac3b,16,383,123,553,233,-260,-320,0.067
58812b9a082d7738,16,267,131,381,233,-136,-148,0.062
01ced30b3909dc20,16,306,133,447,244,-173,-203,0.067
72fd32f5d3a50901,16,304,133,436,244,-171,-192,0.064
40709a257453308f,16,353,122,504,225,-231,-279,0.061
5c77f4bb29e7ce6a,16,307,125,444,229,-182,-215,0.064
fcab8adebb3f62c6,16,318,131,458,238,-187,-220,0.062
dd12d8623c776ba1,16,339,110,483,207,-229,-276,0.061
97c1c89df94e1555,16,370,120,530,222,-250,-308,0.066
44fa1596acb25f6c,16,349,142,500,256,-207,-244,0.064
4a5f6996ac6be04f,16,336,142,490,252,-194,-238,0.068
790ec1417daca470,16,306,132,442,239,-174,-203,0.063
a263b52009b747ab,16,303,96,432,180,-207,-252,0.058
21fca3f11176600c,16,323,127,461,240,-196,-221,0.065
f34734d5fcc5de27,16,301,122,432,218,-179,-214,0.093
1fc563ddab0b21b8,16,380,120,549,226,-260,-323,0.063
558a8806285a6071,16,406,129,581,237,-277,-344,0.065
581ae452deef4ca8,16,293,114,426,206,-179,-220,0.057
cf227d8d4a1dfd42,16,218,126,314,226,-92,-88,0.056
b36bf82a9b2ffa72,16,257,98,368,180,-159,-188,0.055
7396623dec4adaf1,16,343,130,491,244,-213,-247,0.068
a822a91d0f3bd3a1,16,352,135,499,246,-217,-253,0.062
b32e3862d59803aa,16,290,119,419,210,-171,-209,0.063
82c755593d679b3d,16,401,130,583,244,-271,-339,0.069
0524f04463225508,16,407,117,585,209,-290,-376,0.063
c38461f84336f112,16,407,138,580,247,-269,-333,0.069
969ea7d3d2fd6ea7,16,448,134,647,245,-314,-402,0.068
1ff71d36395a3307,16,435,141,622,258,-294,-364,0.072
71ec65a0a1282b27,16,367,147,533,272,-220,-261,0.07
bd29f1d6eb0df37f,16,299,127,435,237,-172,-198,0.063
71f04a018a40bda1,16,296,127,433,231,-169,-202,0.06
26be05fa254a3868,16,351,122,511,226,-229,-285,0.066
e3472d5f004a32bd,16,305,129,447,230,-176,-217,0.061
1a872ccc3421635d,16,338,128,489,233,-210,-256,0.068
e03847b312316ce2,16,412,130,588,241,-282,-347,0.102
bbb795bc3fdcce77,16,299,122,429,215,-177,-214,0.064
3ec3c93de4722905,16,254,106,363,187,-148,-176,0.055
e401bd96128e9298,16,359,144,514,267,-215,-247,0.07
d2f91b9c578ae555,16,198,137,285,231,-61,-54,0.052
08e84eb8dd4f1fa4,16,412,122,591,217,-290,-374,0.066
5d1031d35a1578e5,16,338,129,488,239,-209,-249,0.064
f1d10e312c75fa10,16,338,122,484,219,-216,-265,0.062
0539054e05f4da37,16,445,133,639,249,-312,-390,0.071
cb2dfce6926607d7,16,304,147,442,272,-157,-170,0.065
3e84a934a6bc8ff4,16,367,134,533,244,-233,-289,0.066
a30c9df8869ea6d7,16,293,118,422,211,-175,-211,0.06
1736d9df10c73b23,16,407,137,592,254,-270,-338,0.068
79be02b6da8b3e1c,16,341,134,499,240,-207,-259,0.066
ce4045ab0f0aabc7,16,411,130,598,246,-281,-352,0.07
e0c6b218cef1c590,16,339,137,494,241,-202,-253,0.065
766256c5d36a5749,16,328,132,478,243,-196,-235,0.067
411592e83a5d5b7d,16,349,127,497,232,-222,-265,0.065
a63a3072f07793f7,16,271,123,397,221,-148,-176,0.061
fb470351d1e264d4,16,394,123,566,230,-271,-336,0.066
34f8e3501e926425,16,377,130,551,242,-247,-309,0.1
6f63a2dd868d7d6b,16,344,123,499,229,-221,-270,0.065
7ddfbd2830f80cdb,16,281,127,414,229,-154,-185,0.063
86ebef92f58671c2,16,273,106,395,194,-167,-201,0.057
b036b8a1b0b9b6ef,16,323,119,464,221,-204,-243,0.061
b410a9a7aab482ce,16,312,113,456,208,-199,-248,0.062
8733d0d644b68278,16,298,118,437,218,-180,-219,0.063
469b4f5ab352eb66,16,408,130,591,242,-278,-349,0.074
23e3ea9773babb02,16,393,145,571,264,-248,-307,0.07
f8ca91adc9d75ab8,16,392,126,567,227,-266,-340,0.063
0eafa41159133a99,16,258,139,378,252,-119,-126,0.065
b2ad90b09bd2243c,16,345,126,504,229,-219,-275,0.08
60052d1c05ad31f3,16,427,124,608,225,-303,-383,0.068
ff1479d1390b4454,16,387,139,551,248,-248,-303,0.07
3b31544f08d72672,16,295,131,432,238,-164,-194,0.065
8630a402f321ee54,16,270,134,390,242,-136,-148,0.069
e499a4e055d1a04a,16,286,112,411,201,-174,-210,0.057
b10078c0ced28387,16,367,99,526,182,-268,-344,0.064
dbb97cfebe2d3213,16,370,129,534,245,-241,-289,0.073
3a2378b6f8128876,16,420,132,610,243,-288,-367,0.072
7be0cce97cf148dc,16,232,110,332,202,-122,-130,0.056
c2d6ba38ce5facee,16,524,131,758,238,-393,-520,0.115
5ada3670772447b3,16,332,136,476,252,-196,-224,0.072
ec80e5c531c5c245,16,337,135,489,246,-202,-243,0.075
d2f93d4a447e0026,16,304,122,437,223,-182,-214,0.066
0cb3a4bc8cf34ca8,16,320,133,472,241,-187,-231,0.061
06b1e55eaa6598ca,16,429,125,615,232,-304,-383,0.07
03ca58e8f5d7dc87,16,375,143,540,260,-232,-280,0.074
f5120e73bc859e62,16,304,133,432,242,-171,-190,0.057
d8ce102a155aaa21,16,285,120,408,216,-165,-192,0.057
7b88beae7a83c55b,16,239,122,347,219,-117,-128,0.057
b0e91cd1cbdd97b6,16,312,120,457,225,-192,-232,0.062
b12501141a8f812f,16,332,139,480,251,-193,-229,0.067
7f664d6268cb13af,16,424,133,607,246,-291,-361,0.072
06bc53ad283e5f42,16,323,132,471,237,-191,-234,0.066
997fedbc7c82dbeb,16,471,140,684,260,-331,-424,0.075
6baf1f1dfad30cec,16,339,118,488,207,-221,-281,0.062
b6efa9d25f3a017f,16,442,125,635,228,-317,-407,0.069
6951af2fba8876b2,16,356,139,515,254,-217,-261,0.07
4fb915632288ce2d,16,431,118,620,215,-313,-405,0.07
f7839cc1207881cc,16,389,108,569,199,-281,-370,0.077
fd151dc9b3792d7c,16,406,130,592,242,-276,-350,0.11
9821666c7b288fdf,16,276,124,402,222,-152,-180,0.062
504165a75a904879,16,397,136,562,251,-261,-311,0.067
b2464e4b62d65e9b,16,426,128,618,235,-298,-383,0.072
7e9ecf7175509538,16,386,129,564,235,-257,-329,0.067
06a97c329f1453e3,16,406,119,584,219,-287,-365,0.071
b0765aad2489e86c,16,318,129,456,235,-189,-221,0.066
51503dcac7c6276d,16,506,137,721,257,-369,-464,0.076
76b523617ffbcfad,16,434,140,626,257,-294,-369,0.072
e3edd3fd3c8f0ab9,16,250,115,366,217,-135,-149,0.059
525dc9f94deb03c7,16,289,143,418,261,-146,-157,0.062
dca683207f934f2a,16,453,134,653,246,-319,-407,0.072
f99c2245db7dbea1,16,399,124,565,233,-275,-332,0.068
71c7325e2b503692,16,410,137,593,257,-273,-336,0.073
f81654cc88bb322b,16,356,122,518,220,-234,-298,0.065
0a9d292b770c56de,16,295,136,434,248,-159,-186,0.063
2c63d82aaef4b3b9,16,414,140,602,256,-274,-346,0.073
7065bc6fe667a54f,16,383,126,555,236,-257,-319,0.067
d1a4abe5affd6a5e,16,307,116,440,215,-191,-225,0.097
983c9985a4c83f02,16,420,130,610,236,-290,-374,0.067
d90677374175f1d2,16,390,146,573,264,-244,-309,0.071
6aa2fc39fc2af3aa,16,399,133,577,236,-266,-341,0.068
23cb0c305a0458d0,16,439,134,624,242,-305,-382,0.066
6183dd30b929aa87,16,437,130,634,241,-307,-393,0.07
fc678e160480af63,16,435,131,628,242,-304,-386,0.071
0573448b82fe7c1f,16,361,141,522,262,-220,-260,0.069
f1e4f5ab6928e262,16,358,135,520,253,-223,-267,0.085
5d67ad028f9162a4,16,343,137,506,253,-206,-253,0.068
25a4a8216eefda3d,16,488,120,707,221,-368,-486,0.07
e8151f7460cc079e,16,456,123,661,231,-333,-430,0.07
0567e79129ea9389,16,393,139,570,256,-254,-314,0.07
5f9c15d4e6d03c13,16,353,132,514,241,-221,-273,0.061
d3b71cf8dc25e7b2,16,443,130,643,244,-313,-399,0.08
7008fe38f3f2b625,16,501,118,718,220,-383,-498,0.071
7c210eefa409556f,16,426,129,614,242,-297,-372,0.069
94630f4c450fd65b,16,397,135,574,254,-262,-320,0.07
6110361397f477d6,16,322,138,466,255,-184,-211,0.067
96472575d144b2cf,16,426,131,616,244,-295,-372,0.102
8ab2dce9a8d66b88,16,407,136,572,247,-271,-325,0.07
07da5144ac37098a,16,385,136,557,247,-249,-310,0.067
ecd041cafa171b52,16,425,122,607,222,-303,-385,0.07
556eccd06194f46d,16,361,134,517,252,-227,-265,0.069
642af5ab395aa5a5,16,463,130,674,245,-333,-429,0.073
bbb5082c7a16ea84,16,395,120,563,224,-275,-339,0.068
8387de328ec17774,16,403,131,578,245,-272,-333,0.068
c92b669b3d47c36c,16,422,135,609,248,-287,-361,0.074
a3c3de625d1028db,16,364,135,521,251,-229,-270,0.069
c647e690c21001a7,16,341,140,499,258,-201,-241,0.068
33effe2edad21b5c,16,414,120,591,212,-294,-379,0.067
12358991cb50d9c5,16,371,119,546,223,-252,-323,0.069
55f687ac6cfcd44b,16,407,142,591,259,-265,-332,0.07
ffabb929606accaa,16,388,110,575,201,-278,-374,0.069
b3be16e04e2c858b,16,329,126,483,233,-203,-250,0.066
5ecd59311591f043,16,265,119,386,220,-146,-166,0.059
2265099666fa354b,16,431,131,631,240,-300,-391,0.075
1d8997dfa2c4b1a9,16,390,131,568,247,-259,-321,0.101
804f9a42d4700e11,16,355,130,519,237,-225,-282,0.067
254f61e49fca52d2,16,472,129,686,235,-343,-451,0.07
e1e90cc9c32edd8e,16,329,140,478,256,-189,-222,0.07
94e5128a121cd31b,16,346,139,501,252,-207,-249,0.065
feb84d9393cdad4e,16,272,114,389,207,-158,-182,0.058
6439dad9ef417e24,16,466,124,657,225,-342,-432,0.066
78aba682542f4b95,16,376,124,541,225,-252,-316,0.065
dbed80ee6834c8bb,16,424,122,614,231,-302,-383,0.078
1c06ad9700b49a87,16,448,129,655,235,-319,-420,0.073
8cc4c13a6341131c,16,380,136,559,250,-244,-309,0.07
1c3585d280800a39,16,425,131,612,241,-294,-371,0.068
b5dd53685143bef0,16,498,123,719,226,-375,-493,0.067
5e003d715cb3d58b,16,353,128,511,238,-225,-273,0.068
2244f01e9818cbea,16,497,137,720,252,-360,-468,0.077
8380c7d40aa52998,16,302,126,434,235,-176,-199,0.062
10ae10a5b0b2be1f,16,397,140,580,260,-257,-320,0.075
9b8dac24152b78d1,16,303,127,441,233,-176,-208,0.062
cb1b55d9dd94cd04,16,391,130,559,240,-261,-319,0.071
75bb72bfebf22cf0,16,369,126,540,235,-243,-305,0.095
a875c4032b479b24,16,418,140,603,258,-278,-345,0.071
a7864d8d69c5e149,16,410,124,598,227,-286,-371,0.068
d984984e92a2f4e2,16,303,107,435,192,-196,-243,0.064
052a19f55f55d5b3,16,467,132,668,244,-335,-424,0.073
9db13a3e50e9bc85,16,392,129,555,233,-263,-322,0.068
1045af4ad1748a4e,16,397,118,583,215,-279,-368,0.067
e30d00fa0865f2fe,16,217,113,313,194,-104,-119,0.053
98bbd00dab6c8d1c,16,329,136,474,255,-193,-219,0.066
530557e3974ea439,16,378,134,552,247,-244,-305,0.069
9772ae271c686bde,16,311,126,447,234,-185,-213,0.065
decec0541dc569e6,16,334,116,488,210,-218,-278,0.063
65043c5e91b9394b,16,370,121,529,216,-249,-313,0.066
89cbb6dff2ca1ed6,16,409,137,590,251,-272,-339,0.069
dcd68491b495cc6e,16,358,139,523,251,-219,-272,0.069
837198a1acb035ff,16,359,133,522,244,-226,-278,0.072
254b960d71f4a521,16,431,132,627,245,-299,-382,0.075
11e88a4f2500ebaf,16,491,123,714,232,-368,-482,0.076
f8f94c3a4fe14f68,16,546,128,793,236,-418,-557,0.078
81fe55bea7919e65,16,247,89,366,166,-158,-200,0.056
f9a903f8146e39e7,16,442,134,641,247,-308,-394,0.106
77ea804087349f21,16,401,140,573,255,-261,-318,0.069
4b5b8ee90561b5bf,16,292,138,420,246,-154,-174,0.065
e6409c9c9cc6cb7f,16,333,121,480,222,-212,-258,0.067
56a51c08aa5b555a,16,466,144,668,268,-322,-400,0.074
3269e695dea7c965,16,484,124,699,226,-360,-473,0.07
ab6518469cfc8390,16,257,119,377,218,-138,-159,0.059
c4e3050c3446a08d,16,514,129,740,234,-385,-506,0.076
d28e6dcb741c68bb,16,405,132,586,246,-273,-340,0.068
f48cb65055018ef4,16,482,128,681,235,-354,-446,0.073
bd69c270364d8e6b,16,539,133,769,246,-406,-523,0.077
f7eb8322fdf3e754,16,475,137,686,258,-338,-428,0.077
3d9836fd49cf9806,16,431,127,621,235,-304,-386,0.072
f351aeae0af99e18,16,547,137,783,257,-410,-526,0.08
725ce1101d0cc3b8,16,498,126,718,232,-372,-486,0.077
93210a81c36170e3,16,426,126,611,229,-300,-382,0.069
619c22b009704fde,16,384,136,553,255,-248,-298,0.105
deb8f98a4f9aa3b5,16,339,129,489,231,-210,-258,0.064
a2cce93953e25376,16,342,123,496,221,-219,-275,0.066
16dea27fc7c72a09,16,539,132,783,248,-407,-535,0.08
8a7362173db459e1,16,555,133,800,248,-422,-552,0.081
aa25afe75e73f108,16,406,115,579,215,-291,-364,0.07
21fe8601fc9fffee,16,480,137,692,254,-343,-438,0.075
a98fb281a25095ae,16,412,141,589,253,-271,-336,0.07
951b6db1705cc45f,16,442,130,636,235,-312,-401,0.071
fa772c6a9dc6b48f,16,408,127,597,231,-281,-366,0.068
6d0d711351034f02,16,419,132,616,246,-287,-370,0.088
c3448ee3c8d40190,16,431,133,612,249,-298,-363,0.072
8abc175be3ea66dc,16,409,136,592,253,-273,-339,0.073
ff2c85727562391b,16,435,134,627,252,-301,-375,0.073
eb0e9e3f6fb0da78,16,504,147,733,274,-357,-459,0.079
7d3b85de727cad15,16,403,142,587,263,-261,-324,0.073
95706b433f9a05ef,16,567,137,814,258,-430,-556,0.082
6ff73f58c60514f7,16,468,143,671,262,-325,-409,0.109
2d414c81c6dd065a,16,400,145,571,263,-255,-308,0.07
ac1b42b27c2907ba,16,424,118,617,215,-306,-402,0.071
028ceb1a2ea7cd63,16,314,140,456,257,-174,-199,0.065
ea24dac0d219146c,16,388,130,556,239,-258,-317,0.069
7ebdb7210008a2da,16,354,127,522,227,-227,-295,0.064
6e71bdeda109925d,16,337,127,503,230,-210,-273,0.069
8beb2e5b92a81407,16,433,140,635,255,-293,-380,0.075
1f3355765f9f5c5f,16,441,108,629,196,-333,-433,0.068
cf2c2d963d81d62d,16,364,138,527,256,-226,-271,0.068
5b964206ac471919,16,393,129,572,240,-264,-332,0.071
8a02284d7c9c40ef,16,359,136,524,247,-223,-277,0.07
3cae791ecbbdd9f9,16,466,142,672,261,-324,-411,0.091
dd65bfaf45a18b3c,16,626,141,908,265,-485,-643,0.083
61eec8d036080610,16,508,141,738,261,-367,-477,0.077
621ec7c0bb5d7820,16,372,127,541,235,-245,-306,0.071
65b7a11cc6a2c9e5,16,482,127,692,232,-355,-460,0.072
661c4158fcf5cccf,16,440,125,628,236,-315,-392,0.101
b41474e32959f8ef,16,473,143,682,264,-330,-418,0.074
76cf7aace0c957d0,16,398,143,581,263,-255,-318,0.075
c945a4295cd686b0,16,514,133,735,248,-381,-487,0.078
1ed99f3a7599b898,16,521,134,756,248,-387,-508,0.077
c171504f1b7ec24f,16,356,139,521,251,-217,-270,0.069
7d1f3658be53efa5,16,544,138,769,253,-406,-516,0.079
85a28fe0989396ea,16,444,134,638,249,-310,-389,0.072
66812846ee52fb2a,16,492,126,725,234,-366,-491,0.077
34073477b2287b18,16,419,134,610,250,-285,-360,0.072
39438e15bc0329c6,16,486,141,699,261,-345,-438,0.08
cc9d5990a299b994,16,438,127,639,235,-311,-404,0.073
e47912b3548793df,16,594,140,856,263,-454,-593,0.082
b48cf90a58dcaa54,16,428,131,631,240,-297,-391,0.075
2ec331d6ffd74b4c,16,442,141,633,264,-301,-369,0.078
d1813f2b270b2dc0,16,482,142,690,264,-340,-426,0.108
2ed07bc4bb1909b2,16,530,124,751,232,-406,-519,0.072
a8a25b0de67ce332,16,406,125,583,229,-281,-354,0.07
b3b11d3672949e8d,16,405,140,586,255,-265,-331,0.07
29db04af1b381a00,16,434,140,635,256,-294,-379,0.073
577505ea98f85b5a,16,415,138,606,249,-277,-357,0.075
288a342692d27002,16,431,131,617,239,-300,-378,0.07
e9b3f03590440266,16,508,144,736,267,-364,-469,0.081
fd5c16c96e1d3251,16,457,116,659,214,-341,-445,0.075
0f6d4104448d405e,16,366,140,528,254,-226,-274,0.072
6949f11843ecd302,16,382,136,548,251,-246,-297,0.07
ad15cdbef290c714,16,467,130,674,235,-337,-439,0.079
0c70e73eeb7b9b6d,16,410,124,590,222,-286,-368,0.069
5ab2c6b6eb16dd97,16,473,132,681,249,-341,-432,0.076
4dd45397effc474d,16,444,144,639,262,-300,-377,0.074
de9b8044789a1429,16,480,138,700,257,-342,-443,0.077
2595d8c9402ea424,16,301,133,433,242,-168,-191,0.067
d8bf23ee12d56f87,16,447,134,641,246,-313,-395,0.108
83cb3a170e6241dc,16,255,92,368,163,-163,-205,0.054
2b7e1f6b9086ff9e,16,538,140,778,261,-398,-517,0.084
934735083dfd674d,16,516,131,744,244,-385,-500,0.076
f2c851ad654f5276,16,456,144,666,266,-312,-400,0.076
17b5c7d4766f7f2c,16,427,130,621,241,-297,-380,0.07
9b1d932d680aa0e5,16,444,126,652,228,-318,-424,0.073
449a706e1787be5a,16,457,125,663,229,-332,-434,0.072
bf396b15805ff837,16,469,139,671,258,-330,-413,0.074
5dc5eaf629cfa86e,16,417,132,617,238,-285,-379,0.074
9d79fdc5b69b4585,16,464,124,675,230,-340,-445,0.075
6f2b7207c5deb8a4,16,565,142,813,264,-423,-549,0.085
de05146170c75c99,16,286,138,423,255,-148,-168,0.066
08a5dfdf29e3c1f2,16,408,141,589,263,-267,-326,0.072
ac53e64ec19a2062,16,346,141,499,260,-205,-239,0.069
7f3b6258dded0f09,16,549,137,797,250,-412,-547,0.08
ac83e53e6bf513a4,16,441,126,642,234,-315,-408,0.072
88343c81fa9b4083,16,487,145,703,270,-342,-433,0.082
fe3e95114f725099,16,548,141,796,261,-407,-535,0.117
cfba905a9aac0b07,16,471,127,687,231,-344,-456,0.079
98a0ad39bb9937ad,16,529,147,779,271,-382,-508,0.085
3d9b3cf9d508e61a,16,544,135,796,243,-409,-553,0.077
8d8d323ffa145794,16,415,129,593,244,-286,-349,0.072
1009087d25b82c4a,16,429,116,631,215,-313,-416,0.076
4e7928365a8cb49c,16,460,132,665,244,-328,-421,0.075
b4ed8c05252c2552,16,488,127,708,237,-361,-471,0.08
cc7d43f1fb586b2e,16,501,134,725,250,-367,-475,0.074
cdd18d05657cd19a,16,385,131,559,239,-254,-320,0.067
102e446b4c731280,16,581,143,840,265,-438,-575,0.081
0727d3d2156d9ae8,16,552,128,796,232,-424,-564,0.08
2f760d73b55b94d7,16,471,140,674,257,-331,-417,0.074
3f752d77b1e12a64,16,441,124,642,233,-317,-409,0.078
c12af4330d61b929,16,556,137,810,255,-419,-555,0.085
00e43b0dcfab79d8,16,570,131,822,244,-439,-578,0.113
95c1d58214e49394,16,435,130,626,244,-305,-382,0.075
ea8e6d2c1b014965,16,459,127,657,238,-332,-419,0.079
fac5c7ae61f1dd9e,16,441,135,628,249,-306,-379,0.074
2867bf5d4b2dc0fb,16,475,128,678,237,-347,-441,0.073
5f30889f4253f557,16,410,127,589,235,-283,-354,0.074
e768d0cd58d4cc69,16,512,123,739,222,-389,-517,0.082
d54cb55b9c062c43,16,451,137,654,249,-314,-405,0.075
287ff6d014c78c75,16,561,137,810,255,-424,-555,0.082
301a125313a30293,16,456,132,666,245,-324,-421,0.078
2d212a2683a28b30,16,460,145,668,262,-315,-406,0.077
437a48b118f0a7af,16,555,132,804,248,-423,-556,0.079
f063abcc7045e1e5,16,441,137,627,253,-304,-374,0.076
eafb2baebb717423,16,466,124,675,227,-342,-448,0.075
dbc81ef2e6581602,16,571,137,821,251,-434,-570,0.082
e109d369ad73cc03,16,444,137,643,255,-307,-388,0.073
5787617f83b3b6d8,16,508,133,739,248,-375,-491,0.11
ddb9eca3a6acdefc,16,498,144,721,257,-354,-464,0.076
c01afc4346930129,16,573,142,823,265,-431,-558,0.082
39888d268dbf6126,16,457,127,666,243,-330,-423,0.078
91576ef3492f0dfa,16,592,137,851,251,-455,-600,0.08
ed315ac6fba3e309,16,364,113,531,200,-251,-331,0.065
676482c69e0688fc,16,597,133,872,246,-464,-626,0.084
156a49965a93355c,16,405,127,583,232,-278,-351,0.07
aae53154827e8aeb,16,467,131,673,237,-336,-436,0.074
b4ce2695cdf7e9cd,16,525,134,756,249,-391,-507,0.082
fcd32a7166aa9c72,16,437,110,640,201,-327,-439,0.073
c42ace0fb0d85f7c,16,406,138,595,255,-268,-340,0.076
1f7547664a929a30,16,360,119,515,213,-241,-302,0.065
10180d3f5862f17a,16,509,137,732,252,-372,-480,0.083
1c9921af964936d7,16,401,133,583,246,-268,-337,0.072
5388baa535e5a5ae,16,586,132,840,243,-454,-597,0.084
ff04307ba7fced3b,16,466,132,671,239,-334,-432,0.072
b8a75d64fab3b470,16,559,126,808,230,-433,-578,0.079
39b1eab2e179b69b,16,519,135,755,251,-384,-504,0.114
b3394f5ad5b714d7,16,538,130,773,243,-408,-530,0.079
85d3800148be983a,16,446,140,648,259,-306,-389,0.076
1273811e8daf13ad,16,495,130,718,241,-365,-477,0.075
1f6c9ee18ee68ab9,16,505,141,723,258,-364,-465,0.08
f835181265879903,16,469,136,681,251,-333,-430,0.076
3e1f436a25de5e10,16,513,128,753,240,-385,-513,0.081
9b67a60baaf86f96,16,474,138,690,253,-336,-437,0.078
98e9337e5a3f6113,16,556,141,813,261,-415,-552,0.084
3f3220b361acb50b,16,475,117,695,215,-358,-480,0.073
5523113fc87a36db,16,448,123,644,228,-325,-416,0.072
60fd7e06b98573af,16,539,140,786,256,-399,-530,0.084
b1e4bce97297570d,16,423,135,617,248,-288,-369,0.074
5f6509dc614adf98,16,478,124,698,228,-354,-470,0.079
346c27c33727e7bd,16,447,137,642,257,-310,-385,0.074
5bef6d43fb42ac96,16,522,138,766,253,-384,-513,0.114
10bcb0c4077f8e76,16,445,125,641,226,-320,-415,0.07
0b044996d5144865,16,416,115,603,204,-301,-399,0.07
2cf625678a482c98,16,500,121,718,218,-379,-500,0.069
15ba5be3caa33640,16,405,129,600,235,-276,-365,0.07
f041ea46ca39faba,16,457,146,669,270,-311,-399,0.077
b26ee5c8b37bb23a,16,501,134,732,247,-367,-485,0.08
b3b32a7003a906a6,16,518,136,754,257,-382,-497,0.078
182beb2abe872f51,16,463,130,668,240,-333,-428,0.074
eb7cea98be285f52,16,446,145,642,266,-301,-376,0.091
6bc804921b2377e0,16,407,118,582,217,-289,-365,0.07
0fb17fbc7cbf679b,16,430,133,628,243,-297,-385,0.075
18fd789c2ecd5fb2,16,531,133,765,242,-398,-523,0.074
cc8998eb22c267f0,16,381,131,561,245,-250,-316,0.077
0f6853c45b5265be,16,550,139,793,254,-411,-539,0.08
e6f3ab347f5f45eb,16,625,137,905,249,-488,-656,0.086
50c86aae65873b0c,16,526,134,771,249,-392,-522,0.077
6095f48c18b89e72,16,436,123,631,233,-313,-398,0.107
8f9e4d5201e21db7,16,519,130,762,241,-389,-521,0.079
ebe1005aa560ff22,16,343,104,508,193,-239,-315,0.069
f79166d021213c65,16,427,132,623,242,-295,-381,0.073
3f2ff313cf85e65e,16,434,131,631,245,-303,-386,0.075
4be29e96b72855d8,16,499,136,725,252,-363,-473,0.077
186b9205b3ba1c28,16,473,147,679,268,-326,-411,0.076
06344c0f9540ece8,16,491,143,716,258,-348,-458,0.079
a49eff4896700a54,16,503,134,729,250,-369,-479,0.08
fdd819f6d0ce4859,16,587,140,857,260,-447,-597,0.09
c97dc89959085eb0,16,523,134,767,248,-389,-519,0.079
c313a7128eb7749f,16,415,140,602,259,-275,-343,0.076
9de267573449ec87,16,535,129,771,233,-406,-538,0.08
fb207ae389f4d78d,16,549,124,790,232,-425,-558,0.081
193072449b5db57d,16,499,138,714,252,-361,-462,0.082
5cffe79395f58a72,16,499,136,714,249,-363,-465,0.076
4aecc7d7d43b24f1,16,461,125,669,234,-336,-435,0.108
4eaf62eac2285849,16,634,135,912,254,-499,-658,0.084
ba2089524b302827,16,567,138,815,254,-429,-561,0.081
f7c9924dbe758611,16,542,139,788,253,-403,-535,0.08
6dcad1400396ccb9,16,316,126,462,228,-190,-234,0.067
decd19ac5c0923c7,16,629,130,906,243,-499,-663,0.083
0f14a71cdb8926cd,16,499,134,726,252,-365,-474,0.081
34c4685eefcb41b9,16,563,130,815,245,-433,-570,0.082
3d128a5a4753afe6,16,567,127,825,231,-440,-594,0.084
48716baacf0c6299,16,500,121,722,217,-379,-505,0.073
a009ef6c789315a7,16,592,139,862,255,-453,-607,0.085
ab004cbd753b434d,16,511,129,752,236,-382,-516,0.081
553f8e75381db821,16,554,115,808,215,-439,-593,0.079
e76011a22ba4de04,16,532,130,779,241,-402,-538,0.082
2d7abe9cf590b983,16,433,134,638,250,-299,-388,0.076
e64909f5b24ac3f8,16,486,136,712,256,-350,-456,0.11
bee59bba0ce78dcd,16,571,138,840,256,-433,-584,0.09
a739b0fdc2d4a32c,16,559,138,814,250,-421,-564,0.08
a22620890eeb53ec,16,526,140,775,256,-386,-519,0.081
5d7cbea364bc96a0,16,520,134,747,246,-386,-501,0.081
55d862db2011b2e4,16,502,147,721,267,-355,-454,0.077
a19a74741b00dbb2,16,608,130,896,237,-478,-659,0.083
22457142404b427a,16,530,138,764,253,-392,-511,0.084
7158810bb08c0429,16,538,134,777,244,-404,-533,0.081
6739b85b1f80af1a,16,475,132,689,244,-343,-445,0.078
174022558cb8ee30,16,533,134,764,248,-399,-516,0.083
cba09fe592d0df84,16,492,147,722,270,-345,-452,0.082
2a3e4b3e4ea365cd,16,525,131,757,246,-394,-511,0.078
e9ea4d095bd5a4cb,16,634,136,918,252,-498,-666,0.089
34642bc37484ceb9,16,501,123,732,228,-378,-504,0.082
f0ccf3c382d33a3b,16,528,135,762,254,-393,-508,0.116
08772ee56d3e49cf,16,548,123,799,226,-425,-573,0.081
62714dfad774892d,16,528,126,762,231,-402,-531,0.08
9ed43c7860243975,16,400,132,583,242,-268,-341,0.075
a5e933c7720c9361,16,582,120,845,224,-462,-621,0.086
27dcda3fac0d01ce,16,457,137,660,253,-320,-407,0.086
e1e780cbbd49202b,16,455,113,648,206,-342,-442,0.069
afae19e2fb56ea62,16,404,126,584,230,-278,-354,0.077
6485dccc44345123,16,505,147,727,271,-358,-456,0.088
e46fcb5745b81d5d,16,567,128,817,242,-439,-575,0.08
e8c73093812917f8,16,585,141,858,264,-444,-594,0.092
a081cc685b5db877,16,429,136,634,255,-293,-379,0.077
7d8546362df7592d,16,496,130,721,244,-366,-477,0.083
a44e93cc9f8db15b,16,556,137,802,253,-419,-549,0.082
c5e72056f2284696,16,522,121,752,221,-401,-531,0.081
8da0b0f524a0cae0,16,395,138,570,251,-257,-319,0.103
7402664032f9cc00,16,419,128,606,232,-291,-374,0.077
6df3da5564634369,16,557,136,802,253,-421,-549,0.083
add0d8c2e951d846,16,523,136,762,249,-387,-513,0.086
1f125541fe71e8a6,16,550,140,793,257,-410,-536,0.083
d36e27aa97f9eae9,16,576,138,838,256,-438,-582,0.079
f28a48bf5f4e4cbe,16,429,116,623,213,-313,-410,0.071
8d2c68785de3d831,16,460,126,678,236,-334,-442,0.073
0948311a08224e2b,16,531,134,772,242,-397,-530,0.078
34a0564f8829cce0,16,465,135,671,250,-330,-421,0.079
4886d7ed1fc31e83,16,466,139,668,255,-327,-413,0.073
940f0706bdce1efa,16,597,110,874,205,-487,-669,0.082
b3812021543ed44f,16,542,129,788,241,-413,-547,0.081
ec5267006a7aba24,16,571,141,837,262,-430,-575,0.084
e684d297709a6071,16,589,146,852,269,-443,-583,0.09
5a6cc6c17536ad73,16,429,132,633,241,-297,-392,0.103
0d08361fdfb515af,16,554,139,806,260,-415,-546,0.084
531e8727e3955cff,16,461,125,676,235,-336,-441,0.078
1dfb5886c088501f,16,410,124,600,229,-286,-371,0.073
d0f70b839d264b64,16,650,126,940,234,-524,-706,0.082
167df00b377701c6,16,428,139,616,254,-289,-362,0.075
ef27457754461cfc,16,486,137,700,251,-349,-449,0.079
7e657802e4868b84,16,526,139,766,259,-387,-507,0.084
8f1c0a42b8314987,16,547,134,795,244,-413,-551,0.081
ba1f834fd2fb61d3,16,593,136,853,247,-457,-606,0.08
e0b568b11628e457,16,651,139,929,258,-512,-671,0.105
c76ee43e3922679f,16,583,136,847,250,-447,-597,0.084
3b4208a0096d363e,16,549,128,799,239,-421,-560,0.079
4b3f7c8f9d59d309,16,512,125,744,231,-387,-513,0.09
cca47d5042f5c2a0,16,539,140,783,259,-399,-524,0.08
9f3c0362bd1632d2,16,432,130,629,232,-302,-397,0.073
233c4ee693ad719b,16,482,142,702,263,-340,-439,0.114
f8a4961217b74cc6,16,447,130,653,240,-317,-413,0.073
66762c86830e3702,16,650,138,943,256,-512,-687,0.085
32ad88c4afc50182,16,573,124,830,227,-449,-603,0.08
3c56d9dd62e3e521,16,550,144,791,266,-406,-525,0.086
d2ceb53f98c208c7,16,538,129,781,238,-409,-543,0.081
44318aba5866592d,16,606,141,884,264,-465,-620,0.088
8cb15e8026057a49,16,627,146,905,270,-481,-635,0.085
4b8ab2b28d8a9e0b,16,551,137,809,257,-414,-552,0.083
60677965bc28cf6c,16,509,144,750,263,-365,-487,0.085
fa8543cdf402d376,16,597,137,867,247,-460,-620,0.083
8fe6f4885ea9c005,16,506,126,717,231,-380,-486,0.074
0e14a065549a5541,16,464,128,684,236,-336,-448,0.078
d9d232ff7a2a71cb,16,582,135,841,247,-447,-594,0.084
c9b21138007a1fb4,16,582,131,858,244,-451,-614,0.127
a3835b15d5cc71d1,16,513,128,748,236,-385,-512,0.082
16e32e854f98bf9f,16,484,132,699,245,-352,-454,0.077
923c249aae652fdf,16,570,135,830,248,-435,-582,0.083
7039d7451f0af291,16,428,129,626,238,-299,-388,0.075
040e49aa9d244cd4,16,491,131,723,240,-360,-483,0.077
ea856cb67ca73d9a,16,570,138,824,261,-432,-563,0.084
69c6101a6248107f,16,613,141,884,266,-472,-618,0.088
0a2fd6989c929a1c,16,637,142,923,259,-495,-664,0.087
bdce861c05f0b836,16,394,124,573,226,-270,-347,0.074
f01ac10aad5f1405,16,578,130,837,247,-448,-590,0.088
94d6d12146946d05,16,645,143,937,265,-502,-672,0.085
d105bf62b11dc49c,16,534,140,784,252,-394,-532,0.086
3c8be07f07bdbeb8,16,652,138,952,255,-514,-697,0.086
fb0663d0d6c5a62e,16,476,134,691,242,-342,-449,0.108
b85d56899bdee30a,16,607,138,885,256,-469,-629,0.088
ee3d8787d18513bd,16,619,142,899,267,-477,-632,0.088
e8f5f831d74d6d1b,16,509,130,734,244,-379,-490,0.083
cb597d9900d44417,16,597,128,872,239,-469,-633,0.087
bfc62911de6dcbba,16,568,126,830,235,-442,-595,0.082
2618ca8f72bdae64,16,519,131,752,246,-388,-506,0.082
a629f40af7c5b085,16,485,130,713,244,-355,-469,0.087
61cd035f61d8ade6,16,576,139,828,260,-437,-568,0.086
9242000ecb8a1502,16,617,128,892,235,-489,-657,0.086
b13c7a68ff0684b1,16,498,135,734,251,-363,-483,0.085
e8ef8c363ded7df5,16,580,142,852,265,-438,-587,0.087
5d4ede1a73e7cc5f,16,581,126,847,228,-455,-619,0.088
2add5411511353aa,16,656,139,945,263,-517,-682,0.092
24108e22aeba6395,16,482,138,701,253,-344,-448,0.083
0217574d847bf76d,16,602,131,873,238,-471,-635,0.118
b90990aae531900c,16,532,140,775,257,-392,-518,0.082
6b6ef0c75d4c535f,16,487,130,708,240,-357,-468,0.078
a4ba9fc9f29dfab8,16,528,126,773,232,-402,-541,0.084
d00ac03c41e064a2,16,549,138,801,254,-411,-547,0.082
86a3ce9f347ceffd,16,527,135,775,251,-392,-524,0.085
23ff035010adc13e,16,615,139,902,260,-476,-642,0.089
562440c5d5c4f9b8,16,448,140,661,258,-308,-403,0.078
cf20e3fb0c1eca9d,16,530,132,769,244,-398,-525,0.083
0e68013cfe1d1609,16,549,142,800,264,-407,-536,0.082
6ebea8235cdd2fd0,16,623,138,899,254,-485,-645,0.088
b4b44c0ce41305ce,16,666,143,977,266,-523,-711,0.093
21efff1ce1f0a3ac,16,615,126,896,236,-489,-660,0.088
1aa17d7383882094,16,527,125,763,232,-402,-531,0.079
3a581b26ec252346,16,514,132,737,247,-382,-490,0.114
28916d8f13d53556,16,585,144,855,270,-441,-585,0.086
00b615b2d2831402,16,510,140,740,256,-370,-484,0.084
a383440a5ba2fc26,16,536,133,786,241,-403,-545,0.083
40395c1dae2a9127,16,523,141,771,258,-382,-513,0.084
c2561df1a8645f90,16,619,132,897,246,-487,-651,0.086
82d5e94f09a04c2d,16,625,141,898,259,-484,-639,0.087
6460aab1ef847892,16,518,128,760,237,-390,-523,0.077
573f7055596b7e76,16,559,115,812,214,-444,-598,0.082
43f81e4218f39ed1,16,554,144,804,265,-410,-539,0.085
3500a39871b497ed,16,553,134,799,245,-419,-554,0.085
4ad3df6138c59b97,16,549,136,812,251,-413,-561,0.087
50f3805fbb67d44e,16,519,130,764,242,-389,-522,0.086
6ec46b50c4dc551a,16,578,131,849,246,-447,-603,0.089
64de8925252607f2,16,621,136,910,254,-485,-656,0.089
01e104c3e17fafb4,16,496,106,719,196,-390,-523,0.111
81a14e7096e68ea5,16,616,130,889,241,-486,-648,0.085
52494baafcbadaf9,16,575,128,842,236,-447,-606,0.082
de53f0b626ca2f30,16,460,136,683,249,-324,-434,0.079
3b11ebe667ee2ae3,16,475,132,680,237,-343,-443,0.073
0e7d049f02e8b3bd,16,508,136,726,250,-372,-476,0.086
c84e760b1a493ed8,16,614,117,888,221,-497,-667,0.089
26feeeee9c625df8,16,513,140,744,256,-373,-488,0.084
75c5fe340f2518a3,16,499,137,727,258,-362,-469,0.082
c1d6c90545d1ac37,16,628,118,895,213,-510,-682,0.086
c312d1f1387003c4,16,464,136,680,246,-328,-434,0.082
c7419dbec8b78d4a,16,529,136,768,254,-393,-514,0.081
cb862b284999ae63,16,605,134,877,247,-471,-630,0.086
9f2b46b2e50d02fe,16,510,131,739,246,-379,-493,0.079
51bddc048a896dac,16,591,138,874,258,-453,-616,0.092
b2ea8fd728bf582f,16,606,143,871,265,-463,-606,0.089
73a264c1a1c1cdec,16,463,116,686,216,-347,-470,0.109
82c1a7753eed4407,16,556,136,809,247,-420,-562,0.089
90d84f640db66351,16,460,132,667,241,-328,-426,0.078
8221c56cb7880c4f,16,504,126,737,235,-378,-502,0.084
6e7255ad6b0fc187,16,517,132,747,244,-385,-503,0.083
1687b2b6c1135a07,16,493,133,728,247,-360,-481,0.084
d7e05715e90742ec,16,603,132,877,245,-471,-632,0.087
3772963069c7d1ed,16,568,130,820,239,-438,-581,0.084
635e5725598d7425,16,528,129,770,239,-399,-531,0.083
3d109eec01c73dd7,16,476,143,693,265,-333,-428,0.08
56d2b98affd201f5,16,567,141,827,258,-426,-569,0.087
17da01b3abc9a7b2,16,665,126,960,232,-539,-728,0.085
057888bc893b7315,16,434,118,632,214,-316,-418,0.073
92b049f85e01081d,16,612,127,887,238,-485,-649,0.084
9d5e9324eba098fd,16,643,124,941,234,-519,-707,0.092
0e5c512594bfd752,16,642,132,920,246,-510,-674,0.117
33f096ab03c2081b,16,497,140,724,260,-357,-464,0.089
31130a36c540eee0,16,470,126,685,242,-344,-443,0.08
9df160c365583a6b,16,497,129,727,234,-368,-493,0.082
e82c1ba57f58fcb4,16,464,128,678,235,-336,-443,0.078
41fb8beabe722e43,16,525,120,770,222,-405,-548,0.084
9ebab68694c07a54,16,477,139,701,257,-338,-444,0.081
6522542a53059d1d,16,554,125,797,228,-429,-569,0.079
8ffecc187a291520,16,482,135,701,247,-347,-454,0.078
d201bb75f9162aa6,16,458,133,679,241,-325,-438,0.079
519dd0db64a32259,16,556,136,810,255,-420,-555,0.09
5b9733df992d7ca9,16,536,134,791,251,-402,-540,0.083
9be6ee7fd2033888,16,509,139,740,261,-370,-479,0.082
f48f83d38a3dc2f7,16,595,141,857,256,-454,-601,0.085
76bc04a29c8900f2,16,536,131,780,245,-405,-535,0.082
45ad30003b38ef92,16,550,133,798,249,-417,-549,0.119
bedcdb9fe39d6bae,16,585,128,854,229,-457,-625,0.081
0d2065574a944206,16,525,129,765,245,-396,-520,0.082
457a8f4add811402,16,496,140,723,255,-356,-468,0.084
9871e36c5ce7a70b,16,511,122,747,228,-389,-519,0.08
aa30008a967c6ed5,16,675,140,981,257,-535,-724,0.092
d1e4506fa51751b1,16,631,140,909,257,-491,-652,0.089
ed66b0c8c46d88a7,16,636,133,940,250,-503,-690,0.09
3048b99c9dc98fae,16,606,117,890,219,-489,-671,0.086
767cae7ed018302c,16,558,124,821,230,-434,-591,0.085
7a1f3b1ac4a18f93,16,583,139,853,258,-444,-595,0.089
03f8b73a7b89a1df,16,524,135,770,250,-389,-520,0.085
a4a8f274403fab75,16,506,117,742,219,-389,-523,0.084
4bb34f12ee16f084,16,584,134,854,251,-450,-603,0.092
9b93f04e5f170900,16,597,122,856,226,-475,-630,0.116
daf29b9e1455a1e3,16,533,140,781,261,-393,-520,0.086
ed35c0dc644864df,16,477,134,699,243,-343,-456,0.08
a1f51b4654d9e678,16,555,140,811,259,-415,-552,0.084
baf1bf14c079ad9e,16,573,136,838,252,-437,-586,0.089
8cd815c04cd40369,16,661,136,966,254,-525,-712,0.089
d51e31e4b3372fc8,16,536,139,785,253,-397,-532,0.087
324c1c38d7c58110,16,547,147,797,271,-400,-526,0.092
15111f15fcf45853,16,712,127,1036,238,-585,-798,0.094
5cfc68ab7c211a86,16,586,123,851,226,-463,-625,0.084
485893c2edea0ac8,16,485,136,711,252,-349,-459,0.084
94fea524eb25add0,16,602,124,887,229,-478,-658,0.088
9336c09d1fcaff3d,16,722,124,1049,234,-598,-815,0.096
97a2b8253d457470,16,577,139,842,258,-438,-584,0.09
7bd7cbbbffdd8941,16,691,122,1005,224,-569,-781,0.088
3690c6704d409cfc,16,511,138,747,255,-373,-492,0.118
6fe7e5d8ee292b13,16,600,130,864,245,-470,-619,0.087
82467e036ddaaaf0,16,583,140,841,255,-443,-586,0.086
401b1e8a83b94711,16,510,140,751,260,-370,-491,0.083
b8d5b97120ab5ae8,16,625,137,916,248,-488,-668,0.087
308a01e617f45089,16,621,131,901,246,-490,-655,0.088
57e548a12d9b89cd,16,600,139,864,257,-461,-607,0.085
0565c21282558e8d,16,674,143,980,264,-531,-716,0.092
ac0c0c2cc3fa1615,16,461,112,683,212,-349,-471,0.078
ddbbca1bd0a986ca,16,690,140,1003,259,-550,-744,0.095
2f85a32e2c6cb219,16,626,138,909,258,-488,-651,0.093
9b0802adf7393312,16,566,139,827,253,-427,-574,0.086
b99e504eb38be72f,16,593,130,864,240,-463,-624,0.084
b1a6d6a47950aa0c,16,574,129,842,241,-445,-601,0.119
11575f2ea8bf0906,16,730,115,1066,208,-615,-858,0.092
02d48adc7d8dc775,16,583,125,852,234,-458,-618,0.086
cb9204c10677d2a2,16,662,122,963,229,-540,-734,0.089
1500473bb778d942,16,594,138,855,256,-456,-599,0.089
7abfc4db0b05956c,16,625,131,897,241,-494,-656,0.088
4d06fe3c66e3ca8b,16,472,124,694,232,-348,-462,0.081
9e15ca11702d7f4a,16,446,137,646,253,-309,-393,0.082
8956855c513d33d3,16,500,140,721,250,-360,-471,0.081
2eb635570ff82b14,16,598,132,877,245,-466,-632,0.086
c904bd7217a90842,16,678,140,995,258,-538,-737,0.094
cf8cb0f015783212,16,622,138,910,255,-484,-655,0.091
115ccc01893793a0,16,606,138,879,260,-468,-619,0.092
822566f4a3e1fd6f,16,437,140,650,259,-297,-391,0.082
06bab7f928fa035d,16,681,132,987,241,-549,-746,0.131
2a032f15b8998492,16,592,137,866,253,-455,-613,0.094
f63ceb06355d491a,16,379,138,559,253,-241,-306,0.083
2e1054506cff0b42,16,536,133,783,244,-403,-539,0.088
d39efe02f64bbbe4,16,523,134,765,247,-389,-518,0.089
82a82d573933d3bb,16,589,117,853,217,-472,-636,0.084
1a90afc7e7c9fbcc,16,554,141,813,261,-413,-552,0.087
30f8b364aec46932,16,685,142,981,265,-543,-716,0.092
fac22d71bf6d3b79,16,564,132,822,242,-432,-580,0.086
d7d38c0f1d09bc06,16,598,136,861,253,-462,-608,0.087
99bb5c44b26b872d,16,562,138,826,259,-424,-567,0.117
aa08db1449891c6b,16,586,131,847,241,-455,-606,0.089
26a69d217f62c323,16,680,136,990,245,-544,-745,0.092
38f2a415556ceb9e,16,637,145,931,271,-492,-660,0.086
dcdf931d051e80f9,16,605,128,885,241,-477,-644,0.122
37eb0744f7196bf3,16,619,134,916,240,-485,-676,0.087
80468cd72dffc2b2,16,634,144,912,258,-490,-654,0.088
2ba7db5e6324953b,16,560,144,814,265,-416,-549,0.087
9e6b9e04692fb22a,16,572,139,845,260,-433,-585,0.092
0a8204af8fc76271,16,559,135,820,249,-424,-571,0.091
e6a72e4107e0e685,16,588,140,847,257,-448,-590,0.113
064510be761cd3dd,16,505,129,742,235,-376,-507,0.085
1d5fc30f0aa73fc8,16,616,130,907,238,-486,-669,0.086
7262451a4f1fb50e,16,494,127,724,239,-367,-485,0.085
d13e3f18ce94233c,16,559,135,816,252,-424,-564,0.083
2bc5f0a9d8b9c1ff,16,597,136,873,251,-461,-622,0.09
d072f083c34515d7,16,658,124,964,227,-534,-737,0.094
1bc283105e1481fe,16,543,131,802,244,-412,-558,0.081
f5e60fd720f14ceb,16,669,138,975,258,-531,-717,0.124
2a2dd46b38f75873,16,566,132,823,244,-434,-579,0.087
44eedb8168512ffe,16,516,130,765,237,-386,-528,0.086
1cfe3c10534052a9,16,592,144,857,265,-448,-592,0.089
414af337102b4d2c,16,555,141,818,259,-414,-559,0.086
02adfd3e4f7c1e38,16,594,147,871,270,-447,-601,0.094
e59483f1fb31d414,16,653,137,946,255,-516,-691,0.088
bf439fba76fb5836,16,605,127,872,238,-478,-634,0.086
0a3edf5cfceac696,16,461,135,688,243,-326,-445,0.083
5830c003a1792978,16,592,134,867,247,-458,-620,0.088
dbdc785530f4fced,16,562,144,826,269,-418,-557,0.09
3d6ad319a0ef14e0,16,525,132,776,247,-393,-529,0.087
9baa3eec283b3859,16,699,142,1023,264,-557,-759,0.096
6810a37f14611b3c,16,675,138,973,259,-537,-714,0.131
9cab7182f9020769,16,559,138,816,254,-421,-562,0.086
52cef644869e86fc,16,631,120,912,225,-511,-687,0.086
80e990c2798f5598,16,688,128,992,241,-560,-751,0.086
70cda97f4d465fe6,16,539,135,797,250,-404,-547,0.084
ccd7746cce60a351,16,579,140,847,259,-439,-588,0.089
8b92ab2567f382e0,16,683,123,998,222,-560,-776,0.088
c43f796b52c017da,16,563,130,811,241,-433,-570,0.088
d74c50c83882c72e,16,660,138,962,256,-522,-706,0.089
95a822f4dff533c1,16,588,123,854,227,-465,-627,0.084
ec986e58c25da00b,16,605,132,877,248,-473,-629,0.088
311795fe5e2bbd21,16,617,136,894,250,-481,-644,0.088
93e12655565c20ac,16,482,138,713,256,-344,-457,0.086
9f8f62b7eaf521f0,16,506,135,748,247,-371,-501,0.089
ab89b46c797e7bd6,16,550,144,805,270,-406,-535,0.124
3ce7ea2c9073299b,16,644,135,946,249,-509,-697,0.09
a5a1c0f1194c7743,16,570,128,846,233,-442,-613,0.084
df8ce7c29cb83a4d,16,611,115,896,209,-496,-687,0.084
03c9b83f7f988008,16,624,141,915,257,-483,-658,0.09
4fb9bbae66e14af4,16,587,139,865,257,-448,-608,0.1
658ef70ee0a03b4d,16,618,133,905,251,-485,-654,0.096
1745c1c17cc1e55b,16,584,134,867,249,-450,-618,0.09
35ad3c7091aeead1,16,592,119,862,219,-473,-643,0.087
222a92de9c3da49d,16,665,131,971,245,-534,-726,0.092
b15188a900dce3dc,16,666,126,980,236,-540,-744,0.094
43e7e44730768341,16,459,131,671,245,-328,-426,0.085
8bc187d543a1fa1c,16,598,137,876,252,-461,-624,0.094
e79b7faa21860d73,16,483,141,711,260,-342,-451,0.125
d7dbe1b46afad6ca,16,514,139,746,260,-375,-486,0.086
a36c5cb07e8c7ed0,16,633,141,912,260,-492,-652,0.09
35791f6bf028d4c8,16,472,139,691,259,-333,-432,0.083
98eb909742168abf,16,564,130,817,243,-434,-574,0.091
6c884cbc4a6927b1,16,626,143,913,266,-483,-647,0.09
d60bea6478b613cb,16,565,147,825,270,-418,-555,0.089
f0090c11bc8bbb93,16,489,119,722,218,-370,-504,0.086
4db6e050de226f88,16,617,132,902,247,-485,-655,0.09
542e9bb042463af5,16,565,135,832,248,-430,-584,0.088
356e2a8d024dfa43,16,622,139,919,256,-483,-663,0.093
25b2d579ff1af760,16,498,131,715,241,-367,-474,0.08
32231e676b48c074,16,573,139,842,259,-434,-583,0.095
0e8b1a0380c56413,16,613,136,894,253,-477,-641,0.093
051679a588434db3,16,644,136,930,252,-508,-678,0.13
61f2b9c9e48661b1,16,553,127,809,233,-426,-576,0.082
922f0298d835f871,16,577,135,842,248,-442,-594,0.084
ba7820f56ce3265d,16,452,133,661,248,-319,-413,0.082
6a97d38e131e8018,16,691,131,989,239,-560,-750,0.091
84678fe71cd37dc5,16,494,131,726,242,-363,-484,0.084
7a893fec31518534,16,610,123,877,225,-487,-652,0.084
908580e4b2b84634,16,611,146,890,269,-465,-621,0.093
63fa40ae468f9ce7,16,479,139,706,252,-340,-454,0.083
f96841239a05b4b1,16,572,130,843,240,-442,-603,0.09
05f786367a38c656,16,664,123,961,226,-541,-735,0.084
a85fd831dbf4a68b,16,694,124,1010,225,-570,-785,0.092
e01ae3ca3a798d42,16,508,134,750,248,-374,-502,0.084
5bbcc52da3dc50fe,16,601,131,886,241,-470,-645,0.085
c89d0204be08cf72,16,666,143,970,262,-523,-708,0.094
c240956a6e40c2b9,16,593,129,861,241,-464,-620,0.126
2a3e64a0655c2fb0,16,615,128,906,241,-487,-665,0.093
c1051051a6b3ef7b,16,516,123,759,233,-393,-526,0.087
b3b317db3a1e330f,16,512,127,744,228,-385,-516,0.087
68816204cb04be80,16,545,136,792,248,-409,-544,0.093
8e9c93c2bbe157ba,16,560,134,815,252,-426,-563,0.085
e36a3e3be35a959c,16,629,138,916,254,-491,-662,0.09
04d8a7f38ac0c0bd,16,478,132,694,250,-346,-444,0.087
e6701b07bb2c7abc,16,670,145,967,267,-525,-700,0.093
daf21f50c1ed84f0,16,587,134,870,246,-453,-624,0.088
beace286e6562aab,16,568,125,825,231,-443,-594,0.096
152258b68ac32d6c,16,563,122,816,224,-441,-592,0.088
691e0f9bfc3e8089,16,561,121,812,223,-440,-589,0.086
0eb673989e275c23,16,592,133,859,247,-459,-612,0.084
440c5e4c9ce030e2,16,707,134,1032,246,-573,-786,0.13
29bbfdf1f055429b,16,680,135,983,251,-545,-732,0.091
6b79df9c096bb7cc,16,546,138,793,262,-408,-531,0.087
765e7114bd4c7a11,16,531,123,781,221,-408,-560,0.085
3dac3bd9a4f344d1,16,523,122,774,221,-401,-553,0.088
97772b360a93ae51,16,504,133,736,242,-371,-494,0.087
c16db2af437a2777,16,446,138,654,255,-308,-399,0.083
98828f2d72f12aa9,16,578,138,845,253,-440,-592,0.087
a21486255badeca7,16,558,109,819,206,-449,-613,0.081
b4cfff71eb7fddd1,16,571,141,835,261,-430,-574,0.087
af545473a6420dea,16,570,136,832,251,-434,-581,0.086
22682f319bb00742,16,646,139,946,256,-507,-690,0.093
e708610867d11d67,16,651,143,948,268,-508,-680,0.093
05e4835d6204e6c5,16,620,136,904,249,-484,-655,0.118
e53502d7d4c17e77,16,628,135,911,248,-493,-663,0.092
dcf347593dc96484,16,578,126,847,233,-452,-614,0.087
f95df9277ca01633,16,668,125,983,231,-543,-752,0.093
82ebf6dd2b2ec7ec,16,615,145,903,266,-470,-637,0.093
5368081fe78ee573,16,541,132,797,245,-409,-552,0.086
6ab8d6d3867f981d,16,535,133,772,246,-402,-526,0.086
34be7bed04402fc0,16,615,146,887,269,-469,-618,0.091
323e2f87c543b2e9,16,538,146,782,268,-392,-514,0.085
d047757e1419447d,16,666,129,981,237,-537,-744,0.094
bea165270d6a5f81,16,580,136,843,250,-444,-593,0.089
c82b1b958b29bc4c,16,690,124,1015,230,-566,-785,0.094
80412599c0c683ce,16,525,140,767,260,-385,-507,0.09
d6967d647a408f1a,16,546,144,790,270,-402,-520,0.093
16b6c00e0b051d86,16,526,129,778,240,-397,-538,0.086
84c2c774e4f1abbe,16,676,138,982,255,-538,-727,0.127
14d4a60f81e9af7f,16,608,141,889,260,-467,-629,0.092
9557cc8c384d495e,16,655,133,949,246,-522,-703,0.089
43604d4b9475c4f0,16,610,137,890,254,-473,-636,0.089
68e467facf9d5e24,16,548,133,803,245,-415,-558,0.086
9e11d96e07ae7c32,16,592,131,862,242,-461,-620,0.089
8d957002f3b36aca,16,531,139,777,260,-392,-517,0.086
520018dd693ac2a6,16,455,127,675,235,-328,-440,0.083
237bd1cac9f92765,16,594,130,858,245,-464,-613,0.086
9a05092d060ecf4c,16,674,143,974,263,-531,-711,0.093
771ea78b44332880,16,527,147,777,273,-380,-504,0.095
dc80063637a9d91c,16,544,131,781,238,-413,-543,0.085
d5f4c3c5957699ce,16,489,123,718,223,-366,-495,0.082
18164a6cd1bd4d47,16,568,128,838,241,-440,-597,0.127
ee20585f85349925,16,565,124,830,226,-441,-604,0.086
5de0d3497ae157bf,16,556,128,824,237,-428,-587,0.089
88991c229b37df46,16,541,133,791,247,-408,-544,0.088
cc62f34aea984002,16,560,126,826,238,-434,-588,0.091
4fda487f72b83640,16,639,133,933,251,-506,-682,0.093
97c25b872694b89a,16,567,130,832,247,-437,-585,0.086
8c7af45c1d0093dd,16,587,125,862,229,-462,-633,0.087
8e87f98f40ef0f37,16,671,145,969,267,-526,-702,0.095
2ced8ba81d8b693d,16,535,128,802,235,-407,-567,0.09
cece6fd8e455b78f,16,753,119,1106,220,-634,-886,0.093
d8d485a2aa317de0,16,597,131,874,245,-466,-629,0.089
3efd890912f5e313,16,665,127,974,234,-538,-740,0.093
63ecaf0f6f6691c5,16,651,134,954,250,-517,-704,0.1
6a069b03efe22627,16,769,139,1119,254,-630,-865,0.098
f9a31d9f9c7f3258,16,589,138,860,258,-451,-602,0.119
5fe8104baabd833a,16,566,130,816,244,-436,-572,0.091
70f9501b0afe3800,16,712,128,1044,234,-584,-810,0.096
138016ce9feae29d,16,701,138,1014,258,-563,-756,0.093
cc8f4cab731de8d4,16,442,122,641,222,-320,-419,0.08
e38d8fcbdc912fa3,16,535,128,781,239,-407,-542,0.086
1e1678940e8fa0b5,16,423,143,613,259,-280,-354,0.084
9943397a9ab4cd7f,16,489,126,727,236,-363,-491,0.086
7adbe64868b7887b,16,696,140,1012,254,-556,-758,0.092
3622034ac36c78f9,16,512,139,756,255,-373,-501,0.084
8c2524b749097855,16,482,126,712,229,-356,-483,0.084
8ec7e1be79d5c5d0,16,619,134,908,246,-485,-662,0.093
b840be4f74fb6d94,16,647,137,945,252,-510,-693,0.096
197de4ab61c0023d,16,676,144,987,266,-532,-721,0.176
0edc677418174e2e,16,571,128,837,233,-443,-604,0.202
db20eb1f10a26bd9,16,579,134,845,250,-445,-595,0.255
efa290f63836eb8a,16,715,134,1029,247,-581,-782,0.211
e3a89da37f2938dd,16,627,125,913,240,-502,-673,0.155
6c9ddbf98716d6d8,16,555,141,813,255,-414,-558,0.124
52059963a4268ed7,16,481,123,714,226,-358,-488,0.12
0b3787694f2b8ce3,16,589,126,858,235,-463,-623,0.156
4831f9296b253423,16,594,134,870,247,-460,-623,0.118
d485437030745f5c,16,411,125,597,233,-286,-364,0.1
2cc2c2004ba801ea,16,622,139,907,257,-483,-650,0.135
8f87b1e88573dbf8,16,546,123,786,228,-423,-558,0.121
e345fe9b223aedd0,16,605,121,881,223,-484,-658,0.104
7dc85208d704a58d,16,629,136,911,252,-493,-659,0.146
1164fcc2f94ee139,16,532,118,780,216,-414,-564,0.169
cd0df9071fe5d88c,16,618,137,895,250,-481,-645,0.104
2b0ca1573b80eea0,16,586,144,849,264,-442,-585,0.11
11b44ad445d49207,16,591,130,873,247,-461,-626,0.109
4f46e2266b1c3494,16,635,140,937,256,-495,-681,0.121
2c757efe7b429e2f,16,555,117,827,215,-438,-612,0.098
4a30199fa4cf74b8,16,532,128,774,239,-404,-535,0.117
5ba9ce7e4220467b,16,493,136,723,249,-357,-474,0.107
f874efb7cf30701c,16,575,136,841,250,-439,-591,0.112
f444b3d1f6d4d431,16,529,116,772,216,-413,-556,0.1
88300bd3bb42039f,16,586,119,855,218,-467,-637,0.111
58934a1c8105b562,16,624,138,915,254,-486,-661,0.126
2ef4d36aa1fc6e50,16,624,124,913,227,-500,-686,0.123
510b10e6242c010b,16,619,132,905,247,-487,-658,0.135
5b883fdf8c3ea98e,16,607,135,892,251,-472,-641,0.11
31bf28186d34b530,16,565,132,815,243,-433,-572,0.094
79cb4648d0bf8117,16,657,138,957,257,-519,-700,0.161
ccd02425a85d871a,16,497,130,738,239,-367,-499,0.101
0545d10bf16d98ce,16,693,134,995,247,-559,-748,0.111
2f13d13e1a6c6498,16,600,139,875,256,-461,-619,0.107
6462b6cb48d27a8c,16,624,138,917,252,-486,-665,0.149
fb274e18077b884f,16,567,134,832,251,-433,-581,0.122
fe83d6f0712117b3,16,482,131,707,241,-351,-466,0.125
0176dfd0de4b0764,16,664,136,957,249,-528,-708,0.113
bb206ac0323d771a,16,590,139,859,256,-451,-603,0.11
4a22d3f30ee86880,16,503,140,741,261,-363,-480,0.11
df5d8e0c0b5be793,16,578,110,845,209,-468,-636,0.129
41390b288667bd9d,16,655,136,950,251,-519,-699,0.121
6faad46a91fb0eef,16,494,137,725,249,-357,-476,0.116
c356e9419a86461f,16,629,128,926,237,-501,-689,0.101
006d12bff2907d30,16,467,141,687,257,-326,-430,0.093
2cb9df99e35fe8a2,16,749,141,1089,260,-608,-829,0.165
2d3e7afebcb20366,16,616,141,908,261,-475,-647,0.105
3f84eb9ef82059f1,16,683,128,995,236,-555,-759,0.109
a92b33ce2ddec415,16,431,126,647,234,-305,-413,0.089
863b6401fa8c3620,16,617,133,899,249,-484,-650,0.123
31a84e17ee5fd6eb,16,592,120,867,223,-472,-644,0.111
9ff609514a5a91a2,16,507,114,744,217,-393,-527,0.124
ead053fafa48aa22,16,646,137,936,256,-509,-680,0.099
7463d5ef6b0ba6d5,16,688,130,997,244,-558,-753,0.117
1df11ee251580074,16,676,139,981,253,-537,-728,0.102
3f65604bb17a6b88,16,623,137,914,252,-486,-662,0.099
cdb9adc49f5a6dad,16,654,142,957,263,-512,-694,0.113
ff78425edc395554,16,574,137,833,254,-437,-579,0.092
db57fa74620b7a56,16,489,124,711,224,-365,-487,0.14
12650e26c110bbf6,16,567,141,823,259,-426,-564,0.095
a25d8450f026660c,16,656,132,966,247,-524,-719,0.098
8a7ef546c8e930ef,16,557,133,818,249,-424,-569,0.095
04cd68dcd59d225c,16,652,138,952,251,-514,-701,0.098
c77f2f80a5658fd0,16,615,135,904,251,-480,-653,0.097
00a3639eb7aa1a2e,16,632,138,928,256,-494,-672,0.103
d3e166ae536c27a5,16,564,133,821,245,-431,-576,0.099
2be9b5beefec48d0,16,594,132,871,242,-462,-629,0.089
85a8ad2e9610987b,16,495,137,728,255,-358,-473,0.091
99c9766f23e92990,16,747,141,1079,259,-606,-820,0.113
cffd469c73f0df1c,16,591,141,864,262,-450,-602,0.095
b18e7e922bc2a4fe,16,482,129,705,236,-353,-469,0.088
4a07df0016f89396,16,501,131,738,242,-370,-496,0.123
b30441ee367e7497,16,709,143,1031,263,-566,-768,0.097
d9fe31f46e9be2cc,16,592,128,870,232,-464,-638,0.113
8f6f6b1917d179ac,16,695,136,1017,253,-559,-764,0.107
59cd623f3cc380e8,16,649,137,947,255,-512,-692,0.105
dd3cb78f93d383b8,16,625,130,902,241,-495,-661,0.094
170fc8e5aba0575e,16,418,123,617,232,-295,-385,0.091
6195c5d1a9abe1d1,16,608,133,888,248,-475,-640,0.099
1366189a7d424010,16,539,126,787,233,-413,-554,0.091
f39ee738fc289270,16,596,132,876,236,-464,-640,0.107
6cd9c97cd8311198,16,462,135,685,250,-327,-435,0.092
467e41eb484205d7,16,625,131,914,241,-494,-673,0.135
eacafdf0851e3698,16,574,123,843,228,-451,-615,0.093
80adbf471955d0dd,16,693,139,1011,253,-554,-758,0.142
029fb626decddfb2,16,542,131,791,245,-411,-546,0.09
ecf6b8f5df332077,16,525,133,770,243,-392,-527,0.105
1051488c7063f0c5,16,616,121,897,219,-495,-678,0.106
06e24c79ebcc6d8e,16,539,141,802,256,-398,-546,0.101
299f5210ec0f02a2,16,531,116,791,215,-415,-576,0.107
abbca4c3779f1fab,16,499,136,742,246,-363,-496,0.102
15d2965abecc0033,16,521,132,775,247,-389,-528,0.105
1072e9fb757f347d,16,625,127,906,238,-498,-668,0.093
e5f5e6a68d7a3264,16,675,141,978,262,-534,-716,0.102
f50f9b392f8e5f65,16,567,130,827,236,-437,-591,0.092
ccee47d10baa57b6,16,542,134,791,254,-408,-537,0.104
3a5544740e941464,16,514,131,758,242,-383,-516,0.091
3584fb2aa56eb280,16,586,134,868,250,-452,-618,0.107
b21e24974dd95241,16,645,141,937,259,-504,-678,0.098
6c73834ce2a0c27d,16,581,125,857,232,-456,-625,0.145
194a05549cff09cb,16,469,132,682,245,-337,-437,0.088
33747165af846652,16,453,111,679,209,-342,-470,0.088
3f2fd6e2e42961ea,16,663,138,965,259,-525,-706,0.117
9b448d05f5997faf,16,669,139,983,259,-530,-724,0.099
a22b53ae8eef7a28,16,565,138,827,254,-427,-573,0.094
d4ee8fafb2b509c2,16,448,126,663,229,-322,-434,0.103
73147f50553b6f0a,16,595,124,869,230,-471,-639,0.096
c8fa4ad0e0c1cccc,16,596,120,872,226,-476,-646,0.1
b6c576707d8cf81a,16,543,144,788,268,-399,-520,0.107
bd9d8284487d1966,16,587,126,871,233,-461,-638,0.111
33f4a2149887b66d,16,579,135,854,246,-444,-608,0.106
aeca7470381c72a2,16,536,131,789,244,-405,-545,0.109
6befe19c678039d6,16,571,135,844,246,-436,-598,0.098
910b46ed0cbeda85,16,666,114,963,212,-552,-751,0.114
13ccff0c0a209aba,16,573,125,840,237,-448,-603,0.092
4ff0ecff4e4c36fb,16,605,136,873,250,-469,-623,0.13
1f761bc2824376d4,16,557,143,812,264,-414,-548,0.103
ab2dfe8ff3ec9eb6,16,612,140,881,254,-472,-627,0.118
ec87058b70b37fb7,16,565,131,826,239,-434,-587,0.105
a8386fa93873c954,16,428,126,631,230,-302,-401,0.086
5f9377425cf360ca,16,554,122,811,224,-432,-587,0.096
60ab341c74ce8e83,16,528,102,781,192,-426,-589,0.132
a564893c7da6577e,16,541,134,799,244,-407,-555,0.135
0ffd44386f36e5e7,16,441,135,649,250,-306,-399,0.114
9500f38f3649e856,16,510,125,743,229,-385,-514,0.125
af05d66dbe8a3b1f,16,689,134,1002,242,-555,-760,0.107
dceeeac57e96d5bf,16,508,126,747,233,-382,-514,0.094
4b3079057d3a1750,16,692,136,1018,255,-556,-763,0.126
7db250a86cd127e5,16,485,133,722,250,-352,-472,0.121
74e92ab4e006ad9a,16,415,136,616,248,-279,-368,0.14
53f54182ab71c73b,16,626,141,910,261,-485,-649,0.101
ba6370107d922ef9,16,635,134,916,249,-501,-667,0.12
5dd7d6bd50c64d80,16,702,126,1024,235,-576,-789,0.103
356a5cf505758f9b,16,597,129,857,232,-468,-625,0.108
c5e04adf23a95478,16,531,144,779,263,-387,-516,0.105
7063f11b4d390f3a,16,559,123,820,230,-436,-590,0.114
71b422f0341fc0a9,16,523,129,770,239,-394,-531,0.091
7167cbc808361a3e,16,579,135,846,251,-444,-595,0.109
15700215a1286623,16,537,139,788,253,-398,-535,0.116
5ee1812118bedc69,16,542,111,789,201,-431,-588,0.094
a291ff6980caaa2b,16,585,141,863,259,-444,-604,0.098
31f94bcb05cbbbd8,16,632,137,924,253,-495,-671,0.095
6d893df05744224c,16,515,134,756,244,-381,-512,0.127
82c4d6ae7380250a,16,616,130,903,237,-486,-666,0.098
e2ccb4325b83aaab,16,505,128,747,233,-377,-514,0.114
eab0d9078b02b466,16,544,137,797,258,-407,-539,0.101
20e3ce28a8d14868,16,553,130,801,240,-423,-561,0.092
08a5f7f065351d02,16,622,137,913,254,-485,-659,0.1
736f09bde454d6d5,16,425,127,630,233,-298,-397,0.093
a5cc7613386666a1,16,542,133,800,249,-409,-551,0.102
13f93b18edff1fa9,16,644,130,934,245,-514,-689,0.113
da1334f7f078ff63,16,533,121,787,218,-412,-569,0.109
0d5367781440d63a,16,556,139,813,257,-417,-556,0.097
2d976e558a643428,16,613,126,901,235,-487,-666,0.12
c8dd0d99d8159361,16,497,128,724,239,-369,-485,0.104
c3a34da469bf2177,16,566,111,829,206,-455,-623,0.123
423fcaffaf0404f8,16,567,137,836,251,-430,-585,0.135
29805ae6cd06ed09,16,595,138,874,254,-457,-620,0.095
95645f9786b73f00,16,454,133,669,235,-321,-434,0.087
b75e60ccde05619c,16,523,136,781,253,-387,-528,0.096
9f6060b258758412,16,569,127,842,231,-442,-611,0.092
56cda04fd45a12d3,16,680,124,1003,233,-556,-770,0.096
e7f7136a9ea2c3f6,16,656,131,958,246,-525,-712,0.107
02eba872944dfe7a,16,450,137,660,253,-313,-407,0.12
6acde32fd8991c1d,16,615,136,903,256,-479,-647,0.097
b7566c43ba724e48,16,578,141,864,255,-437,-609,0.091
b428656de9bbd38f,16,707,144,1040,267,-563,-773,0.101
4f83d60972c4136a,16,592,132,865,244,-460,-621,0.093
0fe52b6fdc9421cd,16,541,136,780,252,-405,-528,0.108
fd2d8ad02eb8cd50,16,748,134,1095,248,-614,-847,0.097
2decb8f2e87f569e,16,654,135,955,242,-519,-713,0.128
48fac4cb8659668e,16,471,133,694,245,-338,-449,0.094
4a81a288fd5399cd,16,365,132,555,244,-233,-311,0.092
6611334bd5ce9924,16,522,139,756,257,-383,-499,0.103
825f8335166c3a66,16,544,142,806,264,-402,-542,0.097
eca4d0af977fa585,16,512,135,760,252,-377,-508,0.108
bc68a30ab7dcdb3e,16,555,138,816,255,-417,-561,0.101
32faf3cfbf990850,16,510,130,745,237,-380,-508,0.092
b04af6767b5aad8d,16,654,139,970,253,-515,-717,0.104
403e7eecb3fee6a3,16,548,134,808,253,-414,-555,0.097
10d2f5970828ed56,16,475,126,707,235,-349,-472,0.097
bc8a5b9ee8306d56,16,593,142,867,259,-451,-608,0.098
e49c3ffb6f4379c7,16,505,130,752,245,-375,-507,0.092
4deb279ded64cd62,16,714,134,1036,246,-580,-790,0.1
4462c513dfac66c9,16,502,128,739,232,-374,-507,0.14
4fc6731e8fbd412c,16,601,126,875,230,-475,-645,0.094
7d984d342c187757,16,411,129,612,237,-282,-375,0.089
f05b6d86cdf2a082,16,651,134,950,250,-517,-700,0.095
5a426e6af1ff25f5,16,506,127,744,234,-379,-510,0.092
6d9eec0891e12997,16,627,133,924,247,-494,-677,0.102
a788f1de1a576d42,16,539,129,795,241,-410,-554,0.118
e4aaa70a7f90107d,16,537,136,801,255,-401,-546,0.109
d1c1dfa4af9b39f4,16,542,134,795,245,-408,-550,0.098
456843904fa7c889,16,578,133,838,244,-445,-594,0.1
8e420b7f6e5a2f34,16,674,133,982,246,-541,-736,0.113
f6f8e177a87195c4,16,537,128,797,232,-409,-565,0.092
4c4fb470526be9ce,16,507,131,741,246,-376,-495,0.102
1344c7ada184dda4,16,487,122,721,226,-365,-495,0.088
7f2b1f6e220d803d,16,470,123,691,228,-347,-463,0.123
3666878fe578984e,16,558,125,815,236,-433,-579,0.099
55674afc638c3964,16,480,137,705,251,-343,-454,0.092
143a5b0af513841a,16,398,131,597,239,-267,-358,0.094
8bec521af45e04a0,16,413,135,606,247,-278,-359,0.098
aa306ac51e2e2c8b,16,581,132,856,246,-449,-610,0.102
c9509cf846b6ed0d,16,530,136,784,249,-394,-535,0.106
1be15933a2270605,16,520,128,762,238,-392,-524,0.091
7fb48fa07e8c7a7c,16,490,134,716,248,-356,-468,0.123
0b2e6b411e6ee6bd,16,607,143,896,263,-464,-633,0.115
daad459bf43359a6,16,604,124,885,232,-480,-653,0.095
4cadaacd20787c9d,16,535,142,778,262,-393,-516,0.096
3eba470cdbf59c78,16,636,145,931,271,-491,-660,0.102
332871382b80917a,16,456,134,677,247,-322,-430,0.093
5f20642e55f879ac,16,581,122,850,225,-459,-625,0.145
87115a3607264848,16,618,138,910,256,-480,-654,0.117
66cd4e81aee2da7d,16,513,135,750,252,-378,-498,0.097
d0c0d9ffa7b9d76b,16,502,133,734,246,-369,-488,0.09
0de250ce4377276f,16,579,120,847,227,-459,-620,0.094
97e63a20f0f1fe66,16,525,141,772,262,-384,-510,0.111
b4a07ee7f1515f87,16,586,140,861,254,-446,-607,0.097
df8d68249f92202e,16,528,129,787,235,-399,-552,0.098
78909d721d71bec8,16,559,136,825,259,-423,-566,0.103
4c61ef99e402dd8b,16,453,122,661,221,-331,-440,0.087
391526ea6200db07,16,820,141,1188,259,-679,-929,0.123
4dde01b47860df11,16,497,138,736,254,-359,-482,0.12
4e6ce48999559212,16,459,135,679,247,-324,-432,0.116
3f4f79713d342fd9,16,346,134,513,241,-212,-272,0.12
1daea2a82791efae,16,588,135,860,249,-453,-611,0.096
b089bc3f555acd98,16,511,139,755,256,-372,-499,0.095
cf7a1568606fddf1,16,473,126,706,234,-347,-472,0.093
e1e2558c95450188,16,508,127,753,232,-381,-521,0.085
0480e9a6bf0276ef,16,634,131,922,241,-503,-681,0.096
f0dea26023ae3e45,16,366,124,552,224,-242,-328,0.091
9f6a6abef6e4fff4,16,570,131,837,247,-439,-590,0.105
b176b4cb7957daa8,16,465,133,693,248,-332,-445,0.101
98bbe1112aed3a28,16,519,114,763,204,-405,-559,0.086
447a510c69eaad2f,16,588,139,861,252,-449,-609,0.096
8ae4d4a7a4d9c7d6,16,445,136,666,251,-309,-415,0.103
e9087d4fecdd3aed,16,583,124,852,231,-459,-621,0.094
9b7787e15ba08918,16,365,133,543,234,-232,-309,0.083
ad8fed7cda31363d,16,549,137,803,255,-412,-548,0.102
4ced1e8d7da53732,16,525,129,776,237,-396,-539,0.128
6aeaa6e2f7727574,16,430,129,641,235,-301,-406,0.088
6e08f099108075b6,16,504,127,741,236,-377,-505,0.085
5df03e668bd5870e,16,634,131,933,248,-503,-685,0.091
dc5a9bbba07dccd3,16,445,128,661,236,-317,-425,0.08
e72b9fe5163853a4,16,647,142,947,262,-505,-685,0.131
5be4472e4e5ed93c,16,469,132,696,246,-337,-450,0.105
ed13d918c28b4d69,16,583,137,850,251,-446,-599,0.087
1064da5d3226932e,16,643,132,928,246,-511,-682,0.115
d756f40140597123,16,473,127,699,241,-346,-458,0.166
12187cdd5083a641,16,437,128,647,233,-309,-414,0.136
e0ca2cc8f29f716a,16,651,132,948,246,-519,-702,0.133
02465de871298005,16,508,137,753,254,-371,-499,0.095
066f95540aa9f5f5,16,579,139,859,254,-440,-605,0.126
ed4ad213f75486eb,16,617,136,919,251,-481,-668,0.091
daf33dd154739c82,16,605,138,891,253,-467,-638,0.107
fc0e97e5f833b99f,16,609,129,896,234,-480,-662,0.154
fb39f27aeb583fed,16,482,129,718,237,-353,-481,0.105
e72ea731a2cfc2bf,16,606,124,898,232,-482,-666,0.14
236b8decf4568f97,16,561,115,818,212,-446,-606,0.11
ddb711c49bfefb44,16,595,133,879,245,-462,-634,0.091
176930f03c438f2f,16,549,133,807,246,-416,-561,0.086
c1cf64a3d7db80f2,16,517,135,765,250,-382,-515,0.1
82d40949671e8079,16,483,138,721,254,-345,-467,0.1
5620e97feaa52deb,16,669,139,966,260,-530,-706,0.103
3b1b90af530c90f2,16,637,122,935,226,-515,-709,0.142
1b22b35cec5a10b4,16,537,130,793,239,-407,-554,0.141
c51319bab95c568e,16,605,135,885,244,-470,-641,0.106
e6a68877239614e1,16,601,125,877,234,-476,-643,0.157
179c4a26cb636c07,16,503,119,734,221,-384,-513,0.092
108b26285e1e84b8,16,506,131,753,244,-375,-509,0.092
806ddfd8133450e9,16,526,130,779,244,-396,-535,0.091
e777b531bb648d2c,16,484,133,718,245,-351,-473,0.089
45195431a07f36d4,16,497,126,727,236,-371,-491,0.109
0eda1e37c890be26,16,452,136,658,244,-316,-414,0.104
ced42509cbc5c98f,16,558,124,828,227,-434,-601,0.141
0310d0b4afda4094,16,546,138,810,252,-408,-558,0.134
024029b07eed9ef8,16,597,131,878,244,-466,-634,0.095
53e3ab5f54447a64,16,513,126,751,233,-387,-518,0.118
e3ef6588f98ac39f,16,534,134,784,247,-400,-537,0.096
8085a0782003a6be,16,677,144,988,268,-533,-720,0.141
0d231dc5eb3c043f,16,566,137,833,252,-429,-581,0.091
6a674cb9c868afdb,16,443,133,646,248,-310,-398,0.085
e8bec7830085dc5c,16,524,131,769,241,-393,-528,0.095
5ebb9a3287e9c55c,16,673,121,989,225,-552,-764,0.094
e4fb657d85170de2,16,439,139,647,255,-300,-392,0.117
bcb0f9b1518fe261,16,451,142,661,261,-309,-400,0.127
3cec54f3910340b1,16,508,145,746,262,-363,-484,0.136
89cc3598d0189efc,16,517,133,767,244,-384,-523,0.113
bd512030b1722bef,16,440,134,661,248,-306,-413,0.089
76fc159cf894cbf8,16,435,131,643,241,-304,-402,0.106
7e96ce88ab3ef4ee,16,576,132,849,244,-444,-605,0.092
bb1a7f187562babc,16,507,132,734,243,-375,-491,0.132
57143c2dc23b20ed,16,489,126,728,234,-363,-494,0.087
c035fb293b92eb4b,16,589,136,873,251,-453,-622,0.093
9fecb4d06eae57af,16,624,139,918,256,-485,-662,0.122
3a52cfe4813a51b5,16,395,125,578,227,-270,-351,0.081
4276e05a6a8fda04,16,463,138,686,253,-325,-433,0.09
bf5f4cbbaf4018dd,16,582,131,853,240,-451,-613,0.117
f1d5dc096b7b7860,16,470,137,700,250,-333,-450,0.102
ff3ae46f646c3883,16,479,128,715,235,-351,-480,0.096
91785c11247c9a2a,16,520,133,772,247,-387,-525,0.091
8032263fe46ba013,16,515,137,758,251,-378,-507,0.091
f26d4061d48a6bba,16,495,139,727,259,-356,-468,0.088
f4b984e618c1d3e7,16,544,125,801,230,-419,-571,0.091
f49047af573f2fe3,16,405,110,599,194,-295,-405,0.087
3ad1a1e89c804590,16,396,126,600,232,-270,-368,0.084
70b12f1daf146ae5,16,442,126,662,227,-316,-435,0.084
a067990467b48e4e,16,596,141,872,253,-455,-619,0.137
5694f7a4d31186b9,16,428,138,627,252,-290,-375,0.088
f910de78c51cb267,16,488,133,724,245,-355,-479,0.089
3706cb72fbbf0d1a,16,540,124,787,232,-416,-555,0.085
d9875ea273b33af7,16,387,131,580,241,-256,-339,0.088
46c635e6fb7d90a2,16,499,137,734,250,-362,-484,0.095
9aea1a6b7322fa52,16,380,131,572,240,-249,-332,0.107
d4d12c84403b41d1,16,432,128,634,233,-304,-401,0.092
5880dfcd40c08606,16,491,144,729,269,-347,-460,0.092
8b1b72328e6ad540,16,470,118,696,211,-352,-485,0.102
173f47875fb7516b,16,461,119,680,217,-342,-463,0.113
c4631f73618ef01f,16,495,130,738,234,-365,-504,0.121
f323cc1fe2e61fff,16,633,120,924,222,-513,-702,0.094
fc4e98de7dd84f7d,16,572,116,845,212,-456,-633,0.092
c66ebde506b5bf62,16,608,132,881,245,-476,-636,0.092
e40c362fdcafe925,16,640,139,936,257,-501,-679,0.099
685bb4f6f8124204,16,386,131,577,242,-255,-335,0.134
f0f9af5450b05519,16,602,119,879,225,-483,-654,0.108
67e4e5663874462a,16,445,118,658,220,-327,-438,0.086
295f0dba69bcaae2,16,627,118,926,221,-509,-705,0.091
e5aae53f974c365a,16,513,133,759,250,-380,-509,0.096
db12c042c77345d6,16,412,135,607,240,-277,-367,0.086
b8dffc8cba2dd42c,16,493,136,732,253,-357,-479,0.11
18d4139170a02370,16,470,135,690,246,-335,-444,0.086
ed13f5f32767d1db,16,612,134,902,245,-478,-657,0.094
0edebe011ab9b0d1,16,351,131,520,243,-220,-277,0.087
5ab573a91b083983,16,556,123,811,217,-433,-594,0.087
18459634539eb87a,16,480,127,715,238,-353,-477,0.089
b4a3182efbefbed6,16,436,138,646,243,-298,-403,0.091
2e67636a2ef35021,16,593,138,873,259,-455,-614,0.093
2b3a7b4a853aeb7f,16,512,118,755,221,-394,-534,0.088
b21b0c8f02c09dc7,16,585,116,859,210,-469,-649,0.121
66bb716dc9cc4ce9,16,655,137,961,252,-518,-709,0.107
bff5cfc144b44dbf,16,569,135,838,253,-434,-585,0.096
3fcfd15f6034bb2e,16,516,125,764,223,-391,-541,0.108
25f46fcdef6c7093,16,460,133,682,238,-327,-444,0.093
0b70ccdb2499aa63,16,486,132,726,245,-354,-481,0.088
4fd28c267150666b,16,481,129,703,235,-352,-468,0.094
8c04db9a540afbbb,16,516,128,760,234,-388,-526,0.092
2d0b63169ea1db99,16,502,124,744,228,-378,-516,0.092
c59a3ca7688d0f42,16,436,138,651,257,-298,-394,0.09
92781d0eebea1164,16,588,144,864,263,-444,-601,0.106
087738d1b2ad82c8,16,618,135,905,247,-483,-658,0.104
07ce506506aa62c9,16,398,146,596,263,-252,-333,0.085
33bb8598addd790e,16,526,106,789,198,-420,-591,0.089
48bcf7806dfa6c98,16,578,132,852,246,-446,-606,0.129
aceff9885c7c7237,16,496,138,730,257,-358,-473,0.096
1c3495932bc9d6c0,16,651,135,945,248,-516,-697,0.094
8e6522772fcd7ae2,16,461,128,677,233,-333,-444,0.088
fb37ae503e199240,16,579,133,852,246,-446,-606,0.093
4ad8c94e8aa74c32,16,542,142,796,264,-400,-532,0.095
f9289a1cfc313872,16,439,136,656,256,-303,-400,0.093
8bd9d9b69601ddbe,16,524,137,787,249,-387,-538,0.109
61cbb75c8e37e44c,16,427,131,623,239,-296,-384,0.085
8aebec601adae90b,16,628,139,917,259,-489,-658,0.092
93d177947c126bbb,16,545,126,815,236,-419,-579,0.091
d7844d8efc45be77,16,435,124,632,224,-311,-408,0.085
23ba0b8debe65b4d,16,562,121,817,224,-441,-593,0.094
49ffc958886398cc,16,450,139,673,258,-311,-415,0.12
313fb081fb2304a6,16,402,126,606,232,-276,-374,0.084
070cc58eb73925b8,16,501,131,737,236,-370,-501,0.089
0f53a26a3e74a415,16,389,123,582,227,-266,-355,0.079
6db323a882dd43c5,16,426,132,633,243,-294,-390,0.084
f9c961db2f860bd7,16,414,120,614,221,-294,-393,0.101
4d470c02284b87e8,16,498,136,745,249,-362,-496,0.097
8c119e022e139c7e,16,492,128,719,234,-364,-485,0.088
91272996a2c1748c,16,550,117,817,216,-433,-601,0.117
d42487946ecc4309,16,503,129,742,234,-374,-508,0.092
0a66d91eba528175,16,491,130,732,244,-361,-488,0.089
9a99a508b4afc7a8,16,386,110,569,204,-276,-365,0.089
0dfaa9bdfd684b7c,16,428,124,629,231,-304,-398,0.084
3ddb15b156e058ab,16,414,140,614,258,-274,-356,0.093
c8ee8c1e28c68327,16,448,138,660,249,-310,-411,0.093
f012eeb2ccadde6b,16,409,142,605,263,-267,-342,0.12
62543516e5189c99,16,536,128,784,234,-408,-550,0.089
cad86b4f5dd43b90,16,390,134,571,243,-256,-328,0.098
b3a26d9740abb714,16,612,134,897,247,-478,-650,0.096
a6671e9b37b9e0b2,16,476,122,709,229,-354,-480,0.088
d520c267bcf62a92,16,550,115,810,210,-435,-600,0.092
88263a08e03ceb2a,16,312,123,462,221,-189,-241,0.086
a4d09daa6ce488e7,16,363,134,551,237,-229,-314,0.082
d695a4402b64976c,16,515,131,763,238,-384,-525,0.089
150317d56082196c,16,393,137,581,256,-256,-325,0.082
b00853552a689688,16,559,133,823,239,-426,-584,0.089
8af90c20644d7b6f,16,545,131,804,242,-414,-562,0.095
ffa4354bed6040e7,16,406,126,601,232,-280,-369,0.089
516a4804c13e9842,16,299,128,441,232,-171,-209,0.093
1c9c7942ebbb54e2,16,362,117,541,216,-245,-325,0.098
2a6b630a53a6e5e9,16,351,111,523,206,-240,-317,0.091
bac106766fda479c,16,487,144,724,260,-343,-464,0.126
269912feabb907d2,16,315,126,474,239,-189,-235,0.086
f4a60ec4c4be3808,16,477,134,713,251,-343,-462,0.123
ff7e892cd30cfb8f,16,584,133,861,248,-451,-613,0.106
4659825dce68e000,16,525,140,768,257,-385,-511,0.094
e7258041cd97722a,16,453,134,651,248,-319,-403,0.096
aeae8168c5bb6da1,16,501,120,748,225,-381,-523,0.096
4ea1e82b03d40a94,16,511,142,759,257,-369,-502,0.104
a85f9318d8d9e16e,16,432,115,636,206,-317,-430,0.099
ee2bb8ea9b4ee0dc,16,539,128,789,239,-411,-550,0.09
c536c59ba5fe2f6d,16,606,142,883,260,-464,-623,0.095
2525f58dc0403165,16,423,132,634,245,-291,-389,0.088
38b7778f018a54df,16,507,126,748,234,-381,-514,0.102
77bbb080ad7a10cd,16,350,121,503,214,-229,-289,0.085
ff3f33ab97e95ff5,16,302,109,442,198,-193,-244,0.077
66097a6142e81a93,16,498,140,740,255,-358,-485,0.09
1c7ec598d411abe4,16,493,136,733,254,-357,-479,0.097
141f1909f063546f,16,557,125,814,225,-432,-589,0.121
fde5b485950d82c3,16,557,134,820,251,-423,-569,0.1
ac08d3061741d62d,16,489,125,724,231,-364,-493,0.117
af3e3b29fc528e4b,16,377,131,561,239,-246,-322,0.082
bafbb4d04b459a3b,16,406,120,598,223,-286,-375,0.083
f13e4900dfa6ab7d,16,570,119,838,223,-451,-615,0.09
9285c89c50420e03,16,438,129,655,238,-309,-417,0.091
12378cac7237d3d2,16,469,133,704,241,-336,-463,0.101
d75199b1aecc46bd,16,331,119,481,218,-212,-263,0.086
c1f2c5d548ed188e,16,452,112,667,201,-340,-466,0.085
8a911e2b87a0d49f,16,465,136,690,246,-329,-444,0.085
b913fcbadcc3b878,16,484,132,707,242,-352,-465,0.086
f9b17a9b7c5ab9bf,16,431,124,634,221,-307,-413,0.087
e1d0ef96b8f5ccd8,16,432,130,640,227,-302,-413,0.111
e1b40b1eb84f8119,16,519,120,754,221,-399,-533,0.09
d7e02f624fd4c8c6,16,469,139,687,256,-330,-431,0.097
1d8ce58b2dac40c7,16,554,128,815,239,-426,-576,0.145
5aeb34a0fb680146,16,434,107,631,189,-327,-442,0.087
e10d14d49f4dd024,16,591,134,863,246,-457,-617,0.098
f48178f539bf680e,16,491,141,728,257,-350,-471,0.089
b77f0e7fd690bbe4,16,570,129,835,235,-441,-600,0.113
069d9e1dab633dd9,16,500,117,734,210,-383,-524,0.095
e67aabff434397a1,16,302,115,454,206,-187,-248,0.077
cae3bda5dfbc19d6,16,451,128,669,234,-323,-435,0.087
dd73599a0a81b993,16,499,141,738,262,-358,-476,0.094
c6203ab9f5694541,16,560,137,812,250,-423,-562,0.094
085c5d4a399d15eb,16,465,133,691,241,-332,-450,0.09
92846b4205cf176e,16,418,127,610,227,-291,-383,0.1
fa0089200edb7654,16,588,127,859,242,-461,-617,0.099
5219c983fad1fba4,16,426,113,619,203,-313,-416,0.085
32a98c92f3cdcc2c,16,425,121,627,227,-304,-400,0.089
da47e204f6bedbf7,16,679,122,984,227,-557,-757,0.121
e57dcfa20e7f5859,16,495,128,729,228,-367,-501,0.084
f4f1cbddb7cdb0ec,16,403,137,602,250,-266,-352,0.085
c001462d710dd7ed,16,474,111,696,199,-363,-497,0.086
13f07e14ab4835a2,16,629,135,923,250,-494,-673,0.119
c408302a538c5425,16,398,116,595,215,-282,-380,0.11
c8acf70997dc06cf,16,458,136,678,255,-322,-423,0.087
ca7a9786060ebee6,16,485,131,719,241,-354,-478,0.091
84ca67408cb0887c,16,509,130,747,243,-379,-504,0.092
5dd3be0be21db822,16,428,116,637,210,-312,-427,0.089
b1178a7d50c142b9,16,478,128,710,238,-350,-472,0.106
e06bff3c7077e132,16,532,142,791,265,-390,-526,0.105
fc618701e5e44da5,16,357,121,531,218,-236,-313,0.086
ccbc3152bd0ea3e6,16,365,134,542,236,-231,-306,0.083
b55542093b24886d,16,413,138,606,251,-275,-355,0.103
e2cf6e7731d42976,16,540,132,781,246,-408,-535,0.096
90235e93b447c659,16,417,136,615,256,-281,-359,0.143
49cda967142aba01,16,580,139,851,257,-441,-594,0.11
5721c93fa306128f,16,453,140,664,258,-313,-406,0.089
760226904b503a60,16,457,108,676,201,-349,-475,0.083
5ac7d6f877a994c9,16,512,111,743,199,-401,-544,0.102
f7d852a4a94cdc1a,16,504,133,753,250,-371,-503,0.09
e0633349afab6bc3,16,484,140,720,259,-344,-461,0.09
294ecba2479fc8ce,16,447,126,659,230,-321,-429,0.088
20e4c20c33351dc1,16,380,124,567,229,-256,-338,0.083
0aa2b2ccc7854a64,16,408,116,605,216,-292,-389,0.084
e7257d197cd7c9b2,16,297,128,441,226,-169,-215,0.09
800c16c220bfd737,16,389,124,582,223,-265,-359,0.097
c31a70b21caf93cd,16,362,124,541,223,-238,-318,0.083
a4b7d710bb7338df,16,501,133,748,244,-368,-504,0.099
45143a8734c485f6,16,403,131,605,243,-272,-362,0.099
12cb27cb224dd110,16,483,130,703,242,-353,-461,0.092
e6a4712f53eacbda,16,312,114,466,201,-198,-265,0.121
25850f9c949636de,16,288,113,428,201,-175,-227,0.075
d576c8332b7389a2,16,340,124,500,219,-216,-281,0.081
019227c2f864169f,16,279,116,414,211,-163,-203,0.08
73f5e72879fd80ad,16,473,142,702,260,-331,-442,0.091
c6c910fa98b17e34,16,498,125,725,226,-373,-499,0.09
0a32b4f7f7532c84,16,276,124,408,213,-152,-195,0.084
69b317fa861ce448,16,495,141,735,264,-354,-471,0.1
cc088ca4b23ab508,16,406,135,607,252,-271,-355,0.109
359c15e64ffed379,16,335,122,503,217,-213,-286,0.086
e1f07fec747e43de,16,301,96,450,170,-205,-280,0.078
f2bfd9a71f3c3b37,16,380,116,563,213,-264,-350,0.102
519336c564d2a378,16,251,79,364,137,-172,-227,0.076
c8df2d8199dd8555,16,361,104,538,185,-257,-353,0.085
e413f69b8f4ea06c,16,434,133,646,248,-301,-398,0.104
eba663a01d400ee0,16,475,120,706,220,-355,-486,0.087
28d49091db88d319,16,444,129,658,241,-315,-417,0.086
801f5d88b3319d7c,16,529,128,768,238,-401,-530,0.125
0f9ab9e92063c126,16,430,126,643,236,-304,-407,0.105
c84bce238cddb968,16,400,132,593,241,-268,-352,0.13
6f8ae7f7ef31a51f,16,355,114,529,208,-241,-321,0.097
999bc01e638150ba,16,525,124,783,231,-401,-552,0.119
7bfa5e7bea13905c,16,471,129,694,232,-342,-462,0.09
77fa8c22a986bee1,16,410,125,612,231,-285,-381,0.097
631d2c4c03070398,16,349,130,518,239,-219,-279,0.142
42a8af62462d3d8d,16,323,86,485,161,-237,-324,0.094
9bdea3b5a3d0b611,16,330,111,495,198,-219,-297,0.091
a28374595d1b67fc,16,438,141,648,266,-297,-382,0.092
ec1116fe8d93c790,16,478,134,705,243,-344,-462,0.104
d4269c5a6a8ac788,16,289,106,420,191,-183,-229,0.092
461863c6a5f4b4b3,16,430,138,641,256,-292,-385,0.116
94feafa95912c447,16,297,96,438,174,-201,-264,0.075
b617b63dce040ee8,16,517,134,760,248,-383,-512,0.096
b7e491000655e6ee,16,514,126,759,228,-388,-531,0.092
4941f3bd65e68028,16,444,137,662,253,-307,-409,0.12
dc81550fa122db69,16,367,138,541,255,-229,-286,0.086
770d18a9f57b68d7,16,378,134,557,242,-244,-315,0.085
721db16c7828fa76,16,258,95,382,161,-163,-221,0.077
6146f9799b366881,16,390,127,581,233,-263,-348,0.097
08c8eef71283df25,16,422,124,624,223,-298,-401,0.097
26a71d8e086ca47d,16,333,107,499,193,-226,-306,0.092
980a70cbeaaf5db3,16,390,134,578,242,-256,-336,0.098
63cfd3036c929219,16,406,137,604,258,-269,-346,0.093
3df4451b3dc57109,16,422,118,618,217,-304,-401,0.103
4e540462ae5752c4,16,376,103,555,194,-273,-361,0.081
64acd5fb87bfab36,16,469,145,703,268,-324,-435,0.095
397d357d6065fc43,16,542,141,801,261,-401,-540,0.096
be3ce153736e9151,16,488,137,730,248,-351,-482,0.106
08093bca559f4b02,16,454,141,680,257,-313,-423,0.098
4a6205f645cd9eaa,16,366,130,544,241,-236,-303,0.112
a56f2094e850f8bf,16,340,117,511,209,-223,-302,0.096
2600903f9030db6a,16,475,133,701,240,-342,-461,0.124
9cc3f3bba8bba298,16,523,131,774,242,-392,-532,0.092
ea130728c0710eec,16,347,131,523,242,-216,-281,0.092
3687911e2ad9de82,16,285,129,428,231,-156,-197,0.102
276b3e530225c7bf,16,318,99,470,177,-219,-293,0.087
58dac8975dd8f9cd,16,461,133,683,246,-328,-437,0.097
66394f1852639892,16,364,123,534,222,-241,-312,0.083
aa32fd6fce070e13,16,484,140,715,259,-344,-456,0.092
35aec01b90ff6072,16,330,127,487,229,-203,-258,0.086
c2be0cc237883410,16,511,136,754,247,-375,-507,0.109
c2ad04125bab05fa,16,359,122,526,228,-237,-298,0.104
99b645d3aed3cf73,16,468,137,690,252,-331,-438,0.122
4cd64af9d4b46c4d,16,308,129,457,233,-179,-224,0.109
b46a194a46bbad40,16,505,140,745,259,-365,-486,0.114
23172d6f09ea50fe,16,451,118,670,210,-333,-460,0.115
bf9c16cd49d1f7ed,16,382,114,567,207,-268,-360,0.1
23ae7193151e4068,16,433,132,638,243,-301,-395,0.089
c97dabaf52fee43e,16,371,124,549,234,-247,-315,0.12
0f44a9ce7363e71f,16,401,129,594,238,-272,-356,0.108
f62199150fcc516d,16,270,116,398,206,-154,-192,0.082
c0872a87be550672,16,555,117,819,215,-438,-604,0.117
6214ff5dd2a408e7,16,307,116,453,202,-191,-251,0.088
e42a89e3c597c180,16,314,121,467,217,-193,-250,0.082
7ac7e56b4b9bad0b,16,396,118,576,214,-278,-362,0.083
ee3b0b61845b9b44,16,345,96,513,174,-249,-339,0.08
b6983481587190b3,16,297,116,438,207,-181,-231,0.08
a3865eaeb31eda57,16,352,132,522,239,-220,-283,0.084
1807530d62f99368,16,503,134,748,242,-369,-506,0.104
43bb7b3d715a5fe6,16,550,128,810,241,-422,-569,0.096
b4e10bd21c0808f3,16,288,118,433,216,-170,-217,0.078
d29236c726230cb8,16,342,112,504,204,-230,-300,0.083
123d5b3a8af19e4b,16,449,121,662,217,-328,-445,0.089
a8bc72b91dbce5c9,16,396,146,587,263,-250,-324,0.102
db5f0d2263d29c13,16,411,124,607,224,-287,-383,0.156
19af30881cb013bf,16,443,137,653,260,-306,-393,0.11
fe1ad7bee80ee41c,16,307,109,464,191,-198,-273,0.095
67451ce0ffd6c61e,16,483,144,716,267,-339,-449,0.141
fb31c9f7f3529ca2,16,536,143,789,259,-393,-530,0.101
44db4f19ca67035b,16,475,123,698,231,-352,-467,0.086
de58437f0b530a36,16,527,124,779,235,-403,-544,0.095
6243e8b7dafa8610,16,300,140,447,247,-160,-200,0.08
26447cc781c87837,16,368,115,547,213,-253,-334,0.081
8d16e557eb710970,16,337,110,498,193,-227,-305,0.093
6aa1aaee85e86325,16,235,82,345,152,-153,-193,0.084
96d63f90dbc3453e,16,269,122,401,220,-147,-181,0.079
172dbc4af53d488d,16,297,125,443,221,-172,-222,0.082
1f66fa9e1ef9ab50,16,202,89,305,165,-113,-140,0.072
cac4302a0510f2ac,16,308,119,460,213,-189,-247,0.085
2e18a8c8fd930173,16,162,106,243,176,-56,-67,0.099
c3f1e5cb574ab587,16,306,104,451,188,-202,-263,0.114
5249b4b549086b2b,16,440,125,666,229,-315,-437,0.138
9913580791cd193b,16,291,113,426,208,-178,-218,0.1
d814d3de825f6863,16,328,119,480,216,-209,-264,0.096
31a2c3adaef1b19f,16,336,101,485,179,-235,-306,0.082
6d76d0a2ac7f2e86,16,379,114,559,202,-265,-357,0.094
0aea27d885373d3a,16,327,127,483,229,-200,-254,0.089
14085de162954df7,16,164,65,249,116,-99,-133,0.139
f96271c5100d689d,16,314,128,465,231,-186,-234,0.09
8437b1fd8efe43b0,16,119,79,177,134,-40,-43,0.104
36ca24cc2258fa67,16,301,94,439,174,-207,-265,0.139
10a13e206135d1bb,16,381,142,563,259,-239,-304,0.127
516006eef98cf9be,16,298,122,443,219,-176,-224,0.098
615027dfa1c37f02,16,275,104,396,181,-171,-215,0.096
e62e2474452c714c,16,120,71,175,119,-49,-56,0.094
0d56df737a9bf840,16,312,106,456,197,-206,-259,0.112
efddb4ad3d1ec734,16,319,117,473,215,-202,-258,0.106
4047129e86441b63,16,229,91,343,165,-138,-178,0.09
52dab0d17b2f5f25,16,376,119,552,212,-257,-340,0.11
a947d4cc99049c63,16,300,117,450,199,-183,-251,0.093
a24d61ce71571764,16,184,86,272,157,-98,-115,0.086
b2df3c73cc0e9fa0,16,152,75,216,130,-77,-86,0.079
1b9807eed8bac48f,16,262,103,385,174,-159,-211,0.088
2e23aac6db8334e7,16,212,89,313,163,-123,-150,0.088
55a9efbc1c536ad1,16,299,121,448,216,-178,-232,0.088
7b07a230fd807571,16,145,79,208,142,-66,-66,0.076
27d06d281cc5ee33,16,261,110,389,203,-151,-186,0.118
f3594e1aa2d4c9c7,16,295,104,432,180,-191,-252,0.081
f2bdc045aca75112,16,343,111,509,200,-232,-309,0.109
7e756f542ac727c7,16,389,120,576,224,-269,-352,0.139
fdd3a774f861bc2c,16,307,120,451,203,-187,-248,0.09
a05675bed67fec8e,16,252,100,370,184,-152,-186,0.096
42c8d311d1f401e1,16,317,110,469,198,-207,-271,0.086
8b0fe266b9d256b6,16,326,98,475,170,-228,-305,0.079
d2bcdd3951126865,16,189,94,279,165,-95,-114,0.091
87112ddb8dc00cfa,16,307,108,460,195,-199,-265,0.088
0369e988ea96db79,16,249,121,368,217,-128,-151,0.086
c7945a9f21598ae0,16,334,122,497,214,-212,-283,0.125
708e85552b4943ac,16,318,120,471,211,-198,-260,0.093
4bb4442dd134ce2e,16,285,104,414,181,-181,-233,0.088
03fafa1d1810a964,16,246,96,367,176,-150,-191,0.083
4299bc3c04104424,16,319,115,466,207,-204,-259,0.083
4dd570cea4cf217f,16,459,130,672,236,-329,-436,0.095
81108fd6b99c1c33,16,410,117,609,214,-293,-395,0.093
7df07fa6e0a58484,16,187,85,283,149,-102,-134,0.068
582d990801633cff,16,285,136,420,243,-149,-177,0.09
4058842d201fbc44,16,328,126,478,228,-202,-250,0.093
4f65e07818e24094,16,306,133,450,229,-173,-221,0.09
83c91503c83b4fa2,16,420,109,608,195,-311,-413,0.089
c9a9c329dff724e8,16,200,95,298,174,-105,-124,0.115
2c42b33fd6c16a76,16,467,125,693,230,-342,-463,0.096
670b46c4a69c2a96,16,432,137,645,253,-295,-392,0.102
997156b64125dc23,16,261,115,392,206,-146,-186,0.082
ef55fdd9002a31b9,16,301,122,454,218,-179,-236,0.081
e32560676333fe53,16,432,104,631,187,-328,-444,0.087
e38e94ea7f9b3550,16,241,79,355,147,-162,-208,0.073
9d26319e1df3b752,16,353,116,530,214,-237,-316,0.098
47ef901772e2b481,16,375,113,551,205,-262,-346,0.105
13172ce563162f6d,16,298,96,438,177,-202,-261,0.103
fd322a026664c741,16,282,116,426,207,-166,-219,0.079
a8cf8c01b8907ede,16,301,106,441,190,-195,-251,0.08
4f9ff21e795a64a1,16,417,114,620,209,-303,-411,0.083
096eb2b845ecfd69,16,298,118,443,206,-180,-237,0.078
ab2b3ccdf2bdf097,16,290,125,430,223,-165,-207,0.101
32cb323342db82b8,16,271,104,400,185,-167,-215,0.09
2483756a7477c0e2,16,305,88,445,156,-217,-289,0.073
57e47731b43b7940,16,276,103,408,179,-173,-229,0.086
138e8ea333fc6d68,16,320,104,472,194,-216,-278,0.087
17369ee824bcca9a,16,343,135,513,249,-208,-264,0.094
9172858a767043a3,16,336,108,503,196,-228,-307,0.092
69912e70925f0d92,16,447,124,659,220,-323,-439,0.126
2a88517474a14424,16,497,128,728,236,-369,-492,0.096
db4ac2195c8b037f,16,196,78,287,141,-118,-146,0.073
66223ed5ca0397a4,16,242,76,356,136,-166,-220,0.073
e785e3d0e6cc11c7,16,253,103,372,178,-150,-194,0.089
b479fa3b639f89b6,16,375,108,555,195,-267,-360,0.084
ed06bfe3f0ebccfd,16,459,122,678,223,-337,-455,0.111
68c565db86dd92c8,16,252,103,380,185,-149,-195,0.079
ec9527e83c211ca4,16,220,127,330,219,-93,-111,0.074
6249f84022ae2462,16,259,94,381,176,-165,-205,0.076
69770f6e99e47322,16,313,131,478,237,-182,-241,0.09
06ae87e3f56b26a3,16,264,98,386,173,-166,-213,0.083
9045b1658e981441,16,379,131,559,235,-248,-324,0.084
aed46f0a04dceb19,16,220,100,326,171,-120,-155,0.072
729fa6aaf4d91d5d,16,379,101,561,189,-278,-372,0.085
7a6ceec025875d1d,16,427,105,640,191,-322,-449,0.084
ae7102ae0df38616,16,245,100,360,177,-145,-183,0.078
90a09b17d525458c,16,350,127,522,229,-223,-293,0.088
55371c5a944d95fe,16,290,112,429,199,-178,-230,0.079
6fa78230655a0a95,16,291,109,435,190,-182,-245,0.118
35ecd17ed2175770,16,335,129,503,233,-206,-270,0.088
c68d69832769ba42,16,259,106,383,182,-153,-201,0.071
06e12156938e983c,16,334,121,503,220,-213,-283,0.083
886de771deac59a9,16,133,62,200,107,-71,-93,0.064
075c1839ac702bfb,16,167,96,236,166,-71,-70,0.072
bb0221e5e07a1c10,16,182,103,267,177,-79,-90,0.072
b694c8e1a34cf6c0,16,208,112,311,191,-96,-120,0.074
1e25a4c45ec336f4,16,263,109,392,200,-154,-192,0.077
61eec4b407f9c0be,16,184,84,270,142,-100,-128,0.068
cdc3bfe9177e0b18,16,179,79,266,138,-100,-128,0.071
daf2eace8cfdb8a4,16,255,107,377,196,-148,-181,0.075
b11f4707a4e94be1,16,61,47,83,77,-14,-6,0.062
469a706401127ff3,16,202,94,297,169,-108,-128,0.076
227348ad273403ff,16,264,118,402,211,-146,-191,0.104
81abf2358a5ce2c8,16,327,131,488,233,-196,-255,0.092
3b3652ae57fbf7a5,16,81,48,117,87,-33,-30,0.072
9252dbca7d85c209,16,123,76,176,133,-47,-43,0.071
ab2a5d5cd85a0bdd,16,211,111,317,198,-100,-119,0.075
c4427789e518d675,16,231,122,341,210,-109,-131,0.1
7628c814d883f5af,16,189,79,271,147,-110,-124,0.07
cac91fb16970f264,16,218,87,320,147,-131,-173,0.073
a364ebb6cec914f2,16,218,121,315,208,-97,-107,0.073
aaf377edeaa3c35b,16,247,101,362,180,-146,-182,0.074
ae83ad842c8c5f7d,16,247,116,372,202,-131,-170,0.074
a5ed3f6400afd266,16,133,79,199,129,-54,-70,0.075
f599a12a9a95e708,16,127,84,185,143,-43,-42,0.072
b3604e635c581d87,16,247,84,359,151,-163,-208,0.083
b16e286bc17e44e0,16,243,107,353,191,-136,-162,0.145
2159c19fe398510a,16,98,71,147,122,-27,-25,0.081
40d64ed582a4017e,16,294,124,441,228,-170,-213,0.095
0c61e5de5d81943b,16,247,113,363,187,-134,-176,0.077
39a3d1b052b6a2cc,16,240,109,355,193,-131,-162,0.087
8225399bdff4c5ea,16,281,117,413,210,-164,-203,0.11
11a5910dd9297886,16,140,70,206,125,-70,-81,0.082
f8d5250acb927c65,16,129,63,190,110,-66,-80,0.073
e550015d5d0dd812,16,96,58,145,103,-38,-42,0.075
ce08c1c1f9a98da5,16,227,125,341,218,-102,-123,0.092
55d97498767f4361,16,186,65,266,114,-121,-152,0.075
6e1619b44827126c,16,267,118,395,205,-149,-190,0.11
217eee1f1899c463,16,366,102,534,191,-264,-343,0.097
67f84cd66854c33e,16,188,93,279,167,-95,-112,0.071
f3e59be4084fda52,16,182,100,274,167,-82,-107,0.076
3314d3c192dc6b4f,16,248,111,363,204,-137,-159,0.077
6780b4326e2fc9be,16,310,112,462,205,-198,-257,0.078
846f6f70d56ac8a9,16,249,106,362,189,-143,-173,0.074
3fb6e4359cade4f0,16,183,82,279,143,-101,-136,0.074
0daf50a41391945f,16,292,111,430,201,-181,-229,0.096
a374d55ce9652a09,16,26,22,31,38,-4,7,0.067
9ec18e02346914e5,16,139,73,199,129,-66,-70,0.077
b398ee6d0cff6509,16,98,75,145,117,-23,-28,0.07
b33c968937bb24e0,16,86,68,125,112,-18,-13,0.062
31f4e62f1efba980,16,174,94,260,166,-80,-94,0.071
149b3ac3deaa35d8,16,287,100,420,180,-187,-240,0.082
4c2ef17db1b98d74,16,257,107,381,192,-150,-189,0.084
3dd7dbf90866730a,16,268,124,395,223,-144,-172,0.127
2239c9880dc8b881,16,203,59,294,108,-144,-186,0.073
797abebab380656b,16,203,90,298,162,-113,-136,0.082
08f4ccb976519d40,16,271,105,397,191,-166,-206,0.081
ec6e3aacd986ec0d,16,267,98,395,176,-169,-219,0.08
8565dd179fb8fc5c,16,210,108,313,190,-102,-123,0.075
55b0498bdcf74d78,16,187,79,268,135,-108,-133,0.074
54f035e4671b7ea4,16,288,131,421,230,-157,-191,0.085
cada7c1a6a75f401,16,303,107,444,192,-196,-252,0.124
e1d2016867196909,16,235,111,347,199,-124,-148,0.08
dbb1d959130e8902,16,191,103,284,178,-88,-106,0.084
f6e6d6a9e7cf7b39,16,226,74,328,137,-152,-191,0.076
cacf2e167d8e0f73,16,156,79,234,140,-77,-94,0.074
bddfdd3162715df8,16,150,66,215,107,-84,-108,0.069
a3352b6ccfb9f3cd,16,220,113,320,195,-107,-125,0.093
1920f8b4d9cd8790,16,231,109,336,189,-122,-147,0.078
6dc8359e5dd9b834,16,272,85,399,157,-187,-242,0.072
31bdc92d98183af8,16,172,67,253,118,-105,-135,0.069
4c21572250aa491b,16,163,58,237,102,-105,-135,0.072
ddae91736a3a323d,16,263,131,393,231,-132,-162,0.079
542495334e4eb6d7,16,164,73,238,127,-91,-111,0.069
1f3293caca64237b,16,197,103,296,182,-94,-114,0.074
b54d736f524cb3ba,16,175,80,257,143,-95,-114,0.074
1698be651a965785,16,213,91,307,166,-122,-141,0.084
f45b335f0084fdb3,16,201,93,302,172,-108,-130,0.073
c2f193ff41ec9249,16,232,124,341,213,-108,-128,0.078
2e6b0401170f2e87,16,238,104,351,182,-134,-169,0.104
b95ea481cf0ea83c,16,323,108,471,197,-215,-274,0.08
6d94d9d7e447c0bf,16,228,101,332,180,-127,-152,0.075
ce435fcddc25ed91,16,212,105,319,187,-107,-132,0.088
93b02356be6d9dbf,16,257,110,375,198,-147,-177,0.078
942fa4f9c1fe7def,16,219,95,329,171,-124,-158,0.075
7efdea1e599b6738,16,231,123,345,210,-108,-135,0.075
574777c595ebb954,16,202,89,301,157,-113,-144,0.073
9a236ee112a72792,16,173,84,259,145,-89,-114,0.068
93f1678d90d08949,16,228,99,342,172,-129,-170,0.075
dc5e6a99fc754922,16,247,99,360,174,-148,-186,0.076
5134abca5267b9a9,16,216,91,323,163,-125,-160,0.078
1a8e80d42720b085,16,241,113,353,196,-128,-157,0.084
d975c11c34a7028c,16,188,79,277,144,-109,-133,0.072
fc8bbf0eaeb337c6,16,293,101,437,182,-192,-255,0.08
d57e268721970dee,16,229,104,341,190,-125,-151,0.076
d7ab948dc9b42110,16,253,106,382,190,-147,-192,0.076
df03ff2c2f4f3aec,16,150,82,221,146,-68,-75,0.077
87eeb7047ceb0c62,16,132,86,193,146,-46,-47,0.091
db5582ff4b645397,16,189,93,281,159,-96,-122,0.072
fa81f44542bc7e75,16,142,64,212,116,-78,-96,0.08
e9cfdd9601942fff,16,274,124,398,221,-150,-177,0.077
6d4ed3198b6a1807,16,298,80,436,145,-218,-291,0.083
2ce64e629abfc23b,32,766,540,1050,954,-226,-96,0.231
6446022dfabcda83,32,847,478,1161,856,-369,-305,0.183
5d8b052a112d0f1d,32,854,512,1177,922,-342,-255,0.186
f44c38f01820c76c,32,884,529,1218,940,-355,-278,0.173
792097eac71c79da,32,872,519,1193,931,-353,-262,0.176
cae398aa2b6dc423,32,886,486,1220,870,-400,-350,0.202
c2d8d02f5a5b97af,32,830,502,1142,904,-328,-238,0.203
f7db7f35d5106458,32,1227,557,1688,1015,-670,-673,0.202
4986a032ecb8a5c6,32,1207,553,1655,999,-654,-656,0.223
8ea6d79cf813ca4e,32,904,487,1248,894,-417,-354,0.209
97effc10b319f5d5,32,1025,471,1392,869,-554,-523,0.193
96bdb49af88497be,32,1209,531,1659,943,-678,-716,0.212
46062a5ce4ff55d5,32,1077,484,1486,870,-593,-616,0.215
8fdff1b831698cdc,32,1221,541,1669,971,-680,-698,0.194
097842acc519db9f,32,1142,572,1577,1052,-570,-525,0.217
8343af1a9d4cca4d,32,1076,560,1483,1022,-516,-461,0.222
29ea3de10bb1bc9c,32,1025,543,1409,982,-482,-427,0.203
397daf8cfaf05135,32,1189,505,1632,914,-684,-718,0.192
af60cca149fdb88b,32,1096,564,1502,1025,-532,-477,0.264
cce559ed788b5ed0,32,1048,510,1436,923,-538,-513,0.227
c66c3b3d399a8c80,32,1323,568,1823,1045,-755,-778,0.222
c9a8d32d93c6c9b9,32,1230,528,1685,965,-702,-720,0.211
521dca8f6500876c,32,1197,570,1651,1043,-627,-608,0.206
d60c6f7be1879a12,32,1014,555,1382,1000,-459,-382,0.183
7995ac78a2d4e07b,32,1244,576,1718,1066,-668,-652,0.249
f0ea884d26ce6735,32,1115,523,1541,942,-592,-599,0.205
e10c838a2fc81c89,32,1209,577,1658,1052,-632,-606,0.224
4a2b4ff670d54825,32,1337,564,1834,1034,-773,-800,0.212
da885131a62673d7,32,1103,542,1524,989,-561,-535,0.196
e589f55d5abd3e53,32,1121,563,1533,1021,-558,-512,0.228
492d8c06b01d36b7,32,1351,545,1864,987,-806,-877,0.206
0899aa5be7549527,32,1066,583,1464,1048,-483,-416,0.245
f06d2f903d531d52,32,1023,528,1414,949,-495,-465,0.211
4e653d5154aaba7d,32,1099,553,1497,1002,-546,-495,0.197
b3bda42b1f9ca3b5,32,1033,543,1419,991,-490,-428,0.196
7098dc1f702eb61b,32,1240,571,1714,1049,-669,-665,0.232
2523c4ef00333499,32,1073,529,1474,931,-544,-543,0.21
da9dcd8ab7a5a736,32,1388,542,1898,962,-846,-936,0.261
e0b7a4d5001d6d25,32,1155,584,1591,1041,-571,-550,0.228
8f084afa3cd83e8d,32,1234,524,1689,957,-710,-732,0.204
3eab2754e6d89f85,32,1479,568,2031,1037,-911,-994,0.237
3738b9da341b1d69,32,1273,581,1745,1058,-692,-687,0.239
30b66d77cd94eb0f,32,1182,541,1615,969,-641,-646,0.239
1c917c76a9168901,32,1179,550,1621,1000,-629,-621,0.207
735458962dc0e49a,32,852,557,1163,998,-295,-165,0.182
effee3ef17563e40,32,1210,559,1671,1004,-651,-667,0.2
e6abfdf8f10ef81d,32,1118,559,1526,979,-559,-547,0.185
c8c8567fa36390a0,32,1070,544,1466,980,-526,-486,0.194
5b6456e5bd2f540b,32,1191,545,1638,970,-646,-668,0.204
99a90dad5d9d0bbb,32,1012,537,1391,972,-475,-419,0.235
8256528b64c09090,32,1126,572,1533,1028,-554,-505,0.204
f4175530ae31a865,32,1231,567,1672,1035,-664,-637,0.209
3e1757d41cd5ee3a,32,1288,565,1768,1017,-723,-751,0.239
34ce0f62b934af08,32,1132,549,1555,992,-583,-563,0.202
0ff231f8e001dafe,32,1231,550,1696,996,-681,-700,0.224
db6fb1a3e9ac933f,32,1105,513,1518,913,-592,-605,0.204
1e4d34a23bc1369e,32,1349,579,1854,1039,-770,-815,0.249
c576b29a6945b8c0,32,971,526,1339,926,-445,-413,0.23
e50d53b8e2b7aef1,32,1185,544,1622,974,-641,-648,0.201
a206c31292813097,32,1001,505,1368,909,-496,-459,0.181
15c710d93648a12e,32,1171,517,1623,941,-654,-682,0.212
4a44ca976e3ad29b,32,1112,569,1518,1049,-543,-469,0.209
ab6cf80fa81503d4,32,1204,572,1664,1045,-632,-619,0.269
e7c16ef9ebb67cc1,32,1344,575,1854,1064,-769,-790,0.314
55488d8673750288,32,1277,529,1745,947,-748,-798,0.254
c28116080afec0a4,32,1134,544,1549,984,-590,-565,0.235
4bf0f1b047e54600,32,1075,520,1480,929,-555,-551,0.23
546e146d3a7eeabb,32,1209,574,1666,1044,-635,-622,0.209
1c62f6acb3dfb902,32,1196,579,1637,1040,-617,-597,0.249
84da1361c14e8645,32,1266,560,1736,1010,-706,-726,0.236
5eb86e705585726c,32,1050,501,1448,913,-549,-535,0.199
78ef9cb9aa2b639b,32,1228,569,1690,1026,-659,-664,0.206
aed1c761d5068540,32,1164,527,1606,960,-637,-646,0.212
eac79f91b766f218,32,908,523,1258,953,-385,-305,0.237
d68a973d2a6cb4af,32,1350,576,1845,1056,-774,-789,0.226
78e3dd1d94b0cba9,32,1103,590,1532,1070,-513,-462,0.248
2982bf20651a79fc,32,1224,553,1672,1014,-671,-658,0.201
0ecc7b74acec5f2c,32,984,530,1352,969,-454,-383,0.201
2c176a21ee798925,32,914,537,1260,982,-377,-278,0.192
fcc4b4340c5b8254,32,1091,519,1511,937,-572,-574,0.224
a9e7f27f6cd579b2,32,998,490,1372,873,-508,-499,0.198
9d46a9f78713798e,32,1153,519,1605,945,-634,-660,0.243
9c1be6ea59cd11ee,32,1133,527,1554,951,-606,-603,0.231
3bd8450edbcc5538,32,1342,513,1829,924,-829,-905,0.23
dfc8fa9c4f773cd4,32,1030,524,1418,955,-506,-463,0.195
c2d61e61baeff3ce,32,1080,524,1486,953,-556,-533,0.195
131d3762a40eefd9,32,1253,540,1717,1001,-713,-716,0.23
6f4a56df15f011d0,32,1224,569,1694,1046,-655,-648,0.21
f302d003fe28789a,32,1093,547,1513,1009,-546,-504,0.24
280f5602727efe2f,32,933,548,1277,999,-385,-278,0.189
e45c5ccb48de086a,32,1090,576,1504,1050,-514,-454,0.21
c0a7f11d258eb24e,32,1068,571,1460,1020,-497,-440,0.205
ce0d608cb8b17411,32,1185,547,1615,963,-638,-652,0.198
36cc6abb8798ad3e,32,1299,574,1785,1041,-725,-744,0.206
5e57d668fb1976f6,32,1085,559,1493,1021,-526,-472,0.209
43113a6c89d597d4,32,1303,588,1781,1068,-715,-713,0.256
8ed42d0596033330,32,1330,581,1815,1065,-749,-750,0.219
3e6f0cf8d1918fe8,32,1399,554,1925,994,-845,-931,0.215
2966ac2746fb1d32,32,1159,544,1596,956,-615,-640,0.193
4637415bd4707aa6,32,1240,577,1714,1043,-663,-671,0.211
21c3819318ee8755,32,958,522,1318,946,-436,-372,0.194
c17d4428a1021fdb,32,1139,517,1579,939,-622,-640,0.202
9a68f03880c42eca,32,1420,609,1943,1107,-811,-836,0.267
26539c7c9b44f7a8,32,1210,570,1663,1018,-640,-645,0.216
2d354cec7c4584c0,32,1193,562,1643,1019,-631,-624,0.204
4d445addfd9548b3,32,1270,539,1744,974,-731,-770,0.205
406d2861312e9116,32,1197,550,1649,1010,-647,-639,0.215
e2a3e7f7492a89bc,32,1688,591,2320,1083,-1097,-1237,0.317
7bfca8433636f91a,32,1623,556,2242,1019,-1067,-1223,0.281
48ad13828e4ef3c4,32,1762,585,2412,1054,-1177,-1358,0.297
77905a430a195783,32,1446,592,1982,1089,-854,-893,0.251
2fb08a9ef6a04885,32,1705,586,2348,1084,-1119,-1264,0.247
98b33ec82a120634,32,1646,562,2256,1044,-1084,-1212,0.24
a15a461385c95e35,32,1793,584,2464,1087,-1209,-1377,0.339
cd31dce062889a49,32,1827,577,2513,1056,-1250,-1457,0.241
20bc69b7b2d964b8,32,1592,591,2194,1093,-1001,-1101,0.243
3ff59aec29b01970,32,1260,573,1747,1010,-687,-737,0.218
c39dfca801aea244,32,1581,581,2183,1041,-1000,-1142,0.232
43eee99a74924bf8,32,1487,537,2062,964,-950,-1098,0.258
2463426e941179a9,32,1542,569,2130,1042,-973,-1088,0.228
7c71aa767a07f663,32,1770,571,2424,1049,-1199,-1375,0.261
e9fbed387d83f921,32,1466,576,2027,1051,-890,-976,0.226
e9cdbc2ee762fb77,32,1578,536,2173,969,-1042,-1204,0.229
4fbc4b57fd16ae6a,32,1508,552,2061,1005,-956,-1056,0.216
03c5cd8ae42cdbd7,32,1310,547,1804,992,-763,-812,0.247
31a61e2a2fe49004,32,1582,565,2186,1035,-1017,-1151,0.243
1ad51998193aec11,32,1875,571,2573,1035,-1304,-1538,0.286
419e140b73659898,32,1316,538,1797,984,-778,-813,0.209
de23a8fc2cedd36a,32,1421,578,1936,1042,-843,-894,0.214
b8eac0d8ce74f0c7,32,1509,542,2084,971,-967,-1113,0.251
10732a3ff788bc44,32,1530,598,2093,1085,-932,-1008,0.314
bb0b3858307e6927,32,1555,566,2159,1036,-989,-1123,0.262
e8a55b40d5f5371f,32,1441,560,1971,1019,-881,-952,0.225
40573014f0a05e2b,32,1466,578,2005,1044,-888,-961,0.256
8c4b55d65ae9e2d0,32,1735,588,2387,1077,-1147,-1310,0.259
f3830b4ea1812cf4,32,1248,570,1723,1051,-678,-672,0.214
4fa41c03c3910cd4,32,1630,617,2252,1130,-1013,-1122,0.281
f35303e7dd98e3e0,32,1737,561,2390,1039,-1176,-1351,0.246
0bf8c1e23b973cb6,32,1546,565,2143,1037,-981,-1106,0.232
172306f318580419,32,1424,544,1957,968,-880,-989,0.212
b7e0debb509a9d17,32,1374,565,1891,1034,-809,-857,0.231
b24dc92731d9121b,32,1784,567,2465,1034,-1217,-1431,0.24
5fe5420c35108869,32,1621,565,2241,1023,-1056,-1218,0.267
95bc7a169709cb03,32,1620,561,2230,1001,-1059,-1229,0.236
b02b8ded3cab15e4,32,1607,566,2220,1050,-1041,-1170,0.243
77cf1a37ccc44819,32,1493,569,2059,1033,-924,-1026,0.238
faf6308514da2c87,32,1634,609,2253,1097,-1025,-1156,0.281
7ffdac9b3daba5a9,32,1341,547,1845,986,-794,-859,0.207
6ccfa87ad58ba700,32,1869,597,2575,1081,-1272,-1494,0.252
98b41f10a85e9647,32,1469,547,2041,998,-922,-1043,0.225
b6b1946a59931417,32,1662,522,2278,945,-1140,-1333,0.244
0d8b648a788d94b8,32,1615,557,2235,1018,-1058,-1217,0.251
a43fcc872f44e1a9,32,1717,568,2347,1022,-1149,-1325,0.265
608032cf5e624a5a,32,1707,538,2343,982,-1169,-1361,0.227
56bd74fd252a94e7,32,1482,542,2039,992,-940,-1047,0.258
a3e84c109d8bf1fd,32,1707,579,2334,1049,-1128,-1285,0.519
2c3142cbe01de1a7,32,1533,532,2114,991,-1001,-1123,0.303
dad8dce5e6637923,32,1513,563,2073,1014,-950,-1059,0.233
fd338e92bf5726ff,32,1803,593,2494,1083,-1210,-1411,0.571
d0e06513ae949b9b,32,1468,548,2016,994,-920,-1022,0.331
0ac03dcc975699e8,32,1514,543,2078,988,-971,-1090,0.239
dd178a972d5bf466,32,1797,558,2466,1033,-1239,-1433,0.262
ee0c06ea905ec11e,32,1565,571,2172,1039,-994,-1133,0.238
2186eecbea38d713,32,1773,555,2435,1020,-1218,-1415,0.243
c88f88fe9018ca4f,32,1581,578,2172,1058,-1003,-1114,0.272
a238c4254be37a46,32,1747,592,2394,1071,-1155,-1323,0.238
f32c78c375a77803,32,1767,589,2427,1085,-1178,-1342,0.239
c8deb553ed063105,32,1489,541,2061,982,-948,-1079,0.216
d99066636da692fc,32,1310,567,1791,1050,-743,-741,0.22
d751a66f4a5f4a39,32,1682,577,2296,1045,-1105,-1251,0.268
57367400adf45ee2,32,1546,556,2130,1017,-990,-1113,0.226
1732cdde0709b659,32,1838,566,2536,1038,-1272,-1498,0.239
76998b45a52398cd,32,1518,579,2088,1051,-939,-1037,0.235
16720a6493ab2110,32,1896,575,2596,1053,-1321,-1543,0.261
96ba3a03150f9f4b,32,1461,584,2013,1055,-877,-958,0.262
cef8d0b9733f63e7,32,1575,562,2173,1017,-1013,-1156,0.227
349f120595a1d91d,32,1458,574,2002,1047,-884,-955,0.221
bab8dee176ad6be8,32,1834,590,2505,1071,-1244,-1434,0.241
f7ab450c7907eb1f,32,1430,580,1960,1052,-850,-908,0.227
b3c7d521098f3f61,32,1472,562,2016,1043,-910,-973,0.228
440a27dbd5bfa3e7,32,1635,559,2260,1029,-1076,-1231,0.268
325c91149ad6e7d4,32,1542,536,2108,977,-1006,-1131,0.222
507dd16611b44e2d,32,1366,594,1891,1088,-772,-803,0.236
6b3148da3a3cfea6,32,1498,531,2059,977,-967,-1082,0.231
ae28efd2b4f76a58,32,1262,547,1736,994,-715,-742,0.206
0d6e5a03395b054d,32,1497,577,2070,1048,-920,-1022,0.232
186149fbe4f54718,32,1583,563,2188,1037,-1020,-1151,0.281
253c452bb8793bf9,32,1537,554,2103,1020,-983,-1083,0.22
901440847f1c1995,32,1629,552,2240,1018,-1077,-1222,0.235
da55080708a6133d,32,1598,530,2213,963,-1068,-1250,0.226
517788022c925b1a,32,1615,588,2221,1074,-1027,-1147,0.244
e5859f86ea8e548d,32,1533,581,2119,1064,-952,-1055,0.238
da555023d1798871,32,1788,549,2461,1006,-1239,-1455,0.294
a15378d65e1021ac,32,1600,566,2196,1037,-1034,-1159,0.231
6020662683768324,32,1445,545,2004,999,-900,-1005,0.219
79a621bedb700d29,32,1624,557,2243,1019,-1067,-1224,0.23
1dce9a498c9cc162,32,1504,564,2074,1023,-940,-1051,0.236
280c78b5a55aece9,32,1264,510,1730,922,-754,-808,0.215
70d5a7c85ad103a4,32,1571,577,2165,1058,-994,-1107,0.271
8fe3207f6faf921d,32,1307,574,1808,1028,-733,-780,0.217
ce774f084e67162c,32,1687,551,2328,1008,-1136,-1320,0.246
a3ff26ac48fdaccc,32,1461,554,2011,1020,-907,-991,0.279
c0d098433aa5becb,32,1335,512,1848,922,-823,-926,0.229
4f7db458a1d0efbe,32,1300,524,1782,956,-776,-826,0.25
cbbe7f8042c96bf2,32,1689,576,2319,1061,-1113,-1258,0.249
000f14c617bdd17c,32,1685,557,2302,1007,-1128,-1295,0.251
12dc2de92a2a3065,32,1601,556,2189,1007,-1045,-1182,0.235
95844345b47a8291,32,1978,554,2719,1024,-1424,-1695,0.258
03611852ea0bf533,32,2101,578,2896,1069,-1523,-1827,0.331
dc51676332147ee4,32,1796,580,2476,1069,-1216,-1407,0.257
e22a05c3309e3f32,32,2202,595,3034,1086,-1607,-1948,0.272
8f7a8d339f30f953,32,1926,597,2658,1094,-1329,-1564,0.268
668f99883de4204c,32,2034,577,2800,1058,-1457,-1742,0.281
c25746db91920d01,32,1978,547,2724,1008,-1431,-1716,0.305
3ac796fb9d9a7c5e,32,1849,582,2545,1069,-1267,-1476,0.256
534b9ea999770752,32,1854,554,2558,1026,-1300,-1532,0.258
5f37490e5df8bedf,32,1939,577,2657,1052,-1362,-1605,0.253
2c0243111cee8bc9,32,1959,555,2697,1016,-1404,-1681,0.276
522fb0d7ead7ec06,32,2175,583,2989,1064,-1592,-1925,0.305
e033fa08ce9120a5,32,1751,572,2406,1049,-1179,-1357,0.245
35066749c2b2e599,32,1956,598,2677,1092,-1358,-1585,0.257
e661f963a1624664,32,1859,586,2562,1063,-1273,-1499,0.249
76a0eb86cfaea256,32,1899,580,2611,1061,-1319,-1550,0.255
fb71f94f009fe3c3,32,2101,589,2897,1076,-1512,-1821,0.304
c259394c2580e51b,32,1905,590,2628,1071,-1315,-1557,0.253
249f308bf796c4ce,32,1845,554,2531,1013,-1291,-1518,0.242
46e2bc65d08a23bd,32,2234,586,3090,1076,-1648,-2014,0.272
b850c842ee945244,32,1839,583,2520,1074,-1256,-1446,0.256
ef5d1c6cc6dfcf9d,32,2355,570,3229,1045,-1785,-2184,0.314
a04092cccba534fa,32,2434,586,3351,1076,-1848,-2275,0.289
121c7c0f53f95fff,32,1725,561,2384,1024,-1164,-1360,0.247
c2c807f4699fca0f,32,1919,585,2648,1074,-1334,-1574,0.271
dbe3fcb150fd76fd,32,2020,578,2776,1059,-1442,-1717,0.261
3ed1c1fe6b98b09c,32,1936,552,2662,1007,-1384,-1655,0.284
1c87ead573f8940e,32,2081,586,2874,1065,-1495,-1809,0.254
463fb6c7dad54c78,32,2185,589,3001,1076,-1596,-1925,0.265
7abbff34378d6ead,32,1922,568,2640,1021,-1354,-1619,0.247
d026536777f6e3e7,32,1715,559,2355,1022,-1156,-1333,0.274
213438dd50417446,32,2079,561,2848,1030,-1518,-1818,0.252
99ee8ea960a96854,32,1764,533,2426,977,-1231,-1449,0.233
6e20a76ec8464c8c,32,2184,584,2999,1074,-1600,-1925,0.268
a37d4c5dff8dbc58,32,2028,594,2794,1090,-1434,-1704,0.262
90e9ebf52fcd6fd1,32,2025,565,2794,1036,-1460,-1758,0.3
d7a4b5fa43195199,32,2162,581,2975,1070,-1581,-1905,0.263
c2b1e1cdec59f493,32,1999,586,2725,1071,-1413,-1654,0.247
a1475388c3758225,32,2016,577,2794,1064,-1439,-1730,0.262
a71d6522812c0f8e,32,1850,563,2560,1024,-1287,-1536,0.245
bd9ba15cf1745ed7,32,1944,597,2678,1102,-1347,-1576,0.304
981d4a1ad7c5d07f,32,1892,540,2601,990,-1352,-1611,0.245
03009183fee92566,32,2213,596,3048,1095,-1617,-1953,0.278
2288acaf7123bf93,32,2069,579,2865,1040,-1490,-1825,0.262
a450850d83aa737f,32,2124,591,2919,1072,-1533,-1847,0.262
25bd0d03329f97a6,32,1923,564,2652,1037,-1359,-1615,0.286
4b72aaeca1d63e04,32,2135,586,2952,1069,-1549,-1883,0.264
56080a92980aeded,32,2232,556,3062,1010,-1676,-2052,0.265
c2811df6e07dca6e,32,1935,578,2687,1063,-1357,-1624,0.261
dec2f49269a0df8a,32,2119,570,2910,1054,-1549,-1856,0.3
eb1742d3ca4168e3,32,2356,552,3242,1013,-1804,-2229,0.304
690fca7dabac41d1,32,1846,527,2534,964,-1319,-1570,0.27
1b4fa55b4fe21adc,32,2009,593,2762,1088,-1416,-1674,0.279
b0dd20df265c8e52,32,2184,607,3006,1118,-1577,-1888,0.284
5e2bcff139c8742b,32,2023,552,2770,1018,-1471,-1752,0.364
54fbd6ad7f5e2cd2,32,1907,544,2627,1000,-1363,-1627,0.257
7f2d2a9f659a6736,32,1954,531,2682,974,-1423,-1708,0.28
751e337dd3584504,32,1853,614,2537,1125,-1239,-1412,0.404
0e70c593a9d9b7e8,32,1784,551,2451,1017,-1233,-1434,0.301
81ee0872d7948797,32,2101,584,2883,1070,-1517,-1813,0.332
a0723b4486054af0,32,2015,583,2784,1070,-1432,-1714,0.278
56a06583c6087087,32,2005,593,2771,1086,-1412,-1685,0.264
603cb7a35b0bf497,32,1726,568,2385,1039,-1158,-1346,0.237
6e338be4ac88da8d,32,1723,523,2385,947,-1200,-1438,0.229
940f021c316fae34,32,2163,585,2962,1074,-1578,-1888,0.301
45f46482899507c5,32,1918,568,2622,1031,-1350,-1591,0.256
b3b09f41416247e6,32,1914,598,2626,1081,-1316,-1545,0.248
50629ae3d6c2876b,32,1996,561,2758,1035,-1435,-1723,0.267
b62486e4f06522aa,32,1990,559,2739,1010,-1431,-1729,0.288
569c7465b4eec1f9,32,2058,574,2833,1036,-1484,-1797,0.262
fb57bd9d869f8876,32,1726,537,2392,993,-1189,-1399,0.247
af3a2be4c4a7d1cb,32,1995,583,2739,1065,-1412,-1674,0.261
a35c4397141b6d2b,32,2109,584,2906,1069,-1525,-1837,0.261
341172a6088921ba,32,2041,584,2806,1071,-1457,-1735,0.304
1842197e90e09b27,32,1985,564,2715,1025,-1421,-1690,0.249
75e92d296107905b,32,2211,574,3026,1064,-1637,-1962,0.271
39e9736c6e3851be,32,2206,564,3027,1035,-1642,-1992,0.261
f7ef89b1779e1405,32,1689,575,2319,1053,-1114,-1266,0.244
d791ed07dbd87e1a,32,1890,568,2586,1039,-1322,-1547,0.291
3554810557056cfd,32,1856,569,2549,1048,-1287,-1501,0.248
b3eedb2167762d37,32,1814,584,2514,1065,-1230,-1449,0.254
08624aace3040f92,32,2041,562,2806,1035,-1479,-1771,0.252
9ac453934851cadb,32,1736,576,2393,1050,-1160,-1343,0.239
58f6362d12940144,32,1962,595,2692,1080,-1367,-1612,0.256
a686b5493a72af41,32,1811,561,2486,1019,-1250,-1467,0.275
4545d00fbc6deea3,32,2020,602,2775,1101,-1418,-1674,0.265
c749cf3be81d8185,32,2116,552,2933,1002,-1564,-1931,0.365
f01dd60f43426dbd,32,1724,520,2370,953,-1204,-1417,0.233
ceae2ddc6429ae45,32,2405,568,3300,1035,-1837,-2265,0.281
79beb9aaf965eaef,32,1943,571,2662,1035,-1372,-1627,0.29
4820cc6013df4382,32,1643,586,2257,1072,-1057,-1185,0.237
f621eb492d87e531,32,2232,577,3073,1044,-1655,-2029,0.277
f080c9b14d33b197,32,1888,562,2600,1026,-1326,-1574,0.249
3914df216dfe27dc,32,2061,580,2828,1070,-1481,-1758,0.269
659225215a96e409,32,1908,550,2627,1011,-1358,-1616,0.286
59f2935434124b7e,32,1890,564,2614,1039,-1326,-1575,0.248
24697204b1374706,32,2081,548,2865,1007,-1533,-1858,0.254
74a73b31aca6f20d,32,1863,590,2556,1069,-1273,-1487,0.258
7a93a3bae2e07c0c,32,1928,574,2657,1042,-1354,-1615,0.291
6d141f6902855ad6,32,2160,582,2958,1065,-1578,-1893,0.27
a1f8f45e3a17170f,32,2417,582,3314,1069,-1835,-2245,0.286
fee4e5a871464ec8,32,2220,584,3049,1074,-1636,-1975,0.276
be6d1d0519a8b863,32,2398,592,3303,1077,-1806,-2226,0.296
f320b19562dc5c88,32,2605,597,3580,1099,-2008,-2481,0.336
f5173e3d7a5647b1,32,2354,598,3227,1107,-1756,-2120,0.35
fb36293112b48941,32,2219,584,3042,1070,-1635,-1972,0.294
6ce59a497f377e52,32,2658,550,3658,1009,-2108,-2649,0.324
a16423f7a2b15b1a,32,2412,592,3328,1087,-1820,-2241,0.354
f8fb67972beb6ef4,32,2249,571,3097,1040,-1678,-2057,0.279
e410a4bcd254de46,32,2451,570,3375,1041,-1881,-2334,0.282
6ca3f4a7d8260611,32,2449,575,3350,1058,-1874,-2292,0.301
203313566ff5ae95,32,2780,569,3851,1062,-2211,-2789,0.371
8321c85bd6e02661,32,2476,595,3415,1084,-1881,-2331,0.292
e463bbc21f14465c,32,2695,604,3712,1108,-2091,-2604,0.336
1ccaeacd24b9fd6a,32,2064,562,2856,1006,-1502,-1850,0.277
77e163fb36335ba0,32,2188,598,2998,1086,-1590,-1912,0.324
95f16ba85dce9ff6,32,2334,590,3219,1084,-1744,-2135,0.277
7e2d3f06ae033f49,32,2622,587,3609,1075,-2035,-2534,0.298
355b2941acd2c22c,32,2178,552,2991,1004,-1626,-1987,0.262
7504854e7e8a9ce2,32,2301,577,3208,1062,-1724,-2146,0.281
375f3fab5dbe2afa,32,2526,566,3495,1046,-1960,-2449,0.355
7d23cc8a0fa82ca2,32,2633,578,3624,1051,-2055,-2573,0.302
0b020b623faf46f5,32,2277,577,3121,1072,-1700,-2049,0.297
acb9bc424a80ad6e,32,2340,564,3231,1025,-1776,-2206,0.28
e0d960e6f5bf920c,32,2407,565,3325,1037,-1842,-2288,0.32
d6d72898697cb931,32,2471,582,3434,1069,-1889,-2365,0.293
1ad757a329338934,32,2603,559,3597,1035,-2044,-2562,0.287
d70d3f5d5247f9d1,32,2305,566,3177,1050,-1739,-2127,0.269
5df986e31e6690aa,32,2427,574,3347,1040,-1853,-2307,0.276
672d6fb7d144f7f7,32,2429,598,3359,1096,-1831,-2263,0.332
4e4f56442ed85e0b,32,2360,586,3233,1062,-1774,-2171,0.275
6873bd4a9d107738,32,2421,598,3345,1091,-1823,-2254,0.287
c9506799cba5b673,32,2171,573,2989,1048,-1598,-1941,0.266
f96303fd4646ef27,32,2230,606,3096,1107,-1624,-1989,0.317
8cb892f6ed00a828,32,2386,568,3265,1051,-1818,-2214,0.279
42c889665d8017ac,32,2421,570,3350,1052,-1851,-2298,0.28
2f2089052d4f017d,32,2325,578,3202,1057,-1747,-2145,0.278
9c72b177d1a639f3,32,2430,575,3351,1063,-1855,-2288,0.292
71aeea20e48aec38,32,2606,608,3590,1122,-1998,-2468,0.353
8058e883d087b0c2,32,2303,587,3180,1063,-1716,-2117,0.304
452c91ba25d0581e,32,2070,597,2857,1093,-1473,-1764,0.29
a1fc26939e078436,32,2541,591,3503,1080,-1950,-2423,0.315
fee3a6452257e113,32,2334,564,3220,1042,-1770,-2178,0.345
8ecf0fcc65bc1115,32,2249,591,3090,1081,-1658,-2009,0.293
3641abd7072bf15f,32,2335,572,3216,1052,-1763,-2164,0.3
ed89ff3a30e51ee9,32,2279,564,3155,1031,-1715,-2124,0.292
24b122b58bdf4826,32,2215,556,3055,1022,-1659,-2033,0.29
95947bfd78684d10,32,1963,586,2705,1059,-1377,-1646,0.324
6f1974a75479a32e,32,2487,598,3411,1098,-1889,-2313,0.328
9035a6a2d84b2630,32,2382,565,3267,1048,-1817,-2219,0.306
377783bee5e0754f,32,2350,581,3218,1080,-1769,-2138,0.313
cc5aa4ab852f7948,32,2502,589,3459,1074,-1913,-2385,0.311
e19a06e437ab44ac,32,2246,574,3095,1053,-1672,-2042,0.35
9ab1d238965766ca,32,2629,575,3613,1064,-2054,-2549,0.315
55b5ffe9a592bfdf,32,2286,581,3149,1076,-1705,-2073,0.289
d619ce4c58e8c802,32,2504,607,3449,1123,-1897,-2326,0.298
4f112d50f9d8eec6,32,2407,596,3329,1102,-1811,-2227,0.331
fd04d0367323a7a6,32,2676,583,3686,1077,-2093,-2609,0.297
5e2f51d8fe6bb725,32,2359,605,3258,1114,-1754,-2144,0.282
ecfe85a06e5a07d5,32,2325,576,3204,1049,-1749,-2155,0.279
b0f5836b2a797233,32,2550,580,3526,1053,-1970,-2473,0.339
557f32f0b7a5210a,32,2670,586,3683,1078,-2084,-2605,0.303
a7f49c4789ba523f,32,2108,566,2905,1029,-1542,-1876,0.261
afa0cc96d2a20950,32,2299,576,3161,1062,-1723,-2099,0.27
88e86a729ecd7c06,32,2416,571,3317,1046,-1845,-2271,0.294
cb37b209a3770fe6,32,2623,595,3619,1086,-2028,-2533,0.333
65964798267e23e2,32,2650,596,3656,1105,-2054,-2551,0.315
621b987b2803de7a,32,2533,562,3507,1037,-1971,-2470,0.288
da3296ab5a9cdc63,32,2361,594,3247,1095,-1767,-2152,0.288
04f9061a90782510,32,2318,598,3188,1098,-1720,-2090,0.329
39dd6d6a472bbc0d,32,2403,586,3333,1067,-1817,-2266,0.296
1285d56c31457178,32,2252,593,3101,1084,-1659,-2017,0.289
2d06e1473c8268a8,32,2308,561,3176,1022,-1747,-2154,0.275
662f0e92c87ae137,32,2442,571,3368,1048,-1871,-2320,0.322
4d4630ac3f40cfdb,32,2472,569,3421,1042,-1903,-2379,0.279
5b58d71ccf83929d,32,2611,575,3597,1049,-2036,-2548,0.288
d5d7dd1521dfdef2,32,2958,591,4068,1101,-2367,-2967,0.333
9410c61dc3ae7c4e,32,2140,591,2943,1074,-1549,-1869,0.27
856f364c35698df9,32,2376,563,3271,1032,-1813,-2239,0.313
8f48037ab1e7f428,32,2467,595,3417,1098,-1872,-2319,0.287
6aed4b7f5631c17d,32,2326,568,3209,1034,-1758,-2175,0.268
08abfad0b7108136,32,2544,588,3501,1084,-1956,-2417,0.305
778b6a07e8196177,32,2433,593,3345,1083,-1840,-2262,0.324
f61351228e0da3de,32,2231,558,3084,1018,-1673,-2066,0.263
096f9fc0ec28cca3,32,2516,570,3461,1057,-1946,-2404,0.289
f8b62b8d33aa1e4c,32,2444,605,3401,1117,-1839,-2284,0.291
19d63f2a0d0b6d48,32,2434,590,3341,1076,-1844,-2265,0.28
cd56ac4200e9d31c,32,2402,547,3307,1013,-1855,-2294,0.33
8d288783bbdd8088,32,2214,593,3024,1084,-1621,-1940,0.306
5231d7a1deddd093,32,2477,588,3409,1080,-1889,-2329,0.3
2f141b347b82068d,32,2224,571,3070,1039,-1653,-2031,0.279
695a7d84c2d888b2,32,2486,578,3435,1067,-1908,-2368,0.336
3b5777ec0a2ed939,32,2231,552,3070,1003,-1679,-2067,0.26
c0a17697d199cdb8,32,2675,572,3685,1049,-2103,-2636,0.303
63ef190224ab25cb,32,2548,583,3489,1081,-1965,-2408,0.303
fabd26cdb4b78d8b,32,2200,563,3041,1026,-1637,-2015,0.296
b9250846cd54e358,32,2664,584,3683,1076,-2080,-2607,0.367
170ff3be6b6ceede,32,2333,582,3222,1076,-1751,-2146,0.286
cd2f56a5ca8db7af,32,2590,598,3563,1102,-1992,-2461,0.297
597dcd01d8e58229,32,2428,580,3347,1064,-1848,-2283,0.353
3dc9f8bfd5fab2b7,32,2867,598,3957,1096,-2269,-2861,0.353
9258d342b45e95ba,32,2746,610,3771,1118,-2136,-2653,0.316
1123f6bce209b6d1,32,3050,560,4225,1025,-2490,-3200,0.326
1a23163815fe5e8a,32,2726,600,3751,1109,-2126,-2642,0.382
e9795266b551499b,32,2939,608,4053,1116,-2331,-2937,0.337
51d9d2325eee42ef,32,2644,545,3646,1000,-2099,-2646,0.308
8ccba45354c1b6a5,32,2606,592,3589,1093,-2014,-2496,0.341
f7b93b418efb5663,32,2949,574,4080,1048,-2375,-3032,0.389
41c6064c8756c227,32,2685,598,3714,1094,-2087,-2620,0.308
050ebd79601bd876,32,2782,586,3838,1076,-2196,-2762,0.309
e626dd9558d85957,32,2948,597,4058,1091,-2351,-2967,0.318
f979eb4829ee3efb,32,2863,585,3949,1076,-2278,-2873,0.353
9ad2beb1faf716cd,32,2613,589,3604,1092,-2024,-2512,0.298
351724159502c667,32,2538,581,3531,1062,-1957,-2469,0.321
e667b1fb91010357,32,2541,589,3518,1079,-1952,-2439,0.295
5718c395a3f23be4,32,2715,582,3730,1076,-2133,-2654,0.368
fd27960503181603,32,3039,576,4199,1050,-2463,-3149,0.322
45d252fb025576a0,32,2836,576,3918,1060,-2260,-2858,0.309
ad917c23fd536c91,32,2926,593,4045,1096,-2333,-2949,0.324
5942e93b40b5b630,32,2667,594,3658,1091,-2073,-2567,0.36
c189bb654b75d02a,32,2915,570,4008,1043,-2345,-2965,0.31
c590334452e3e825,32,3040,518,4200,944,-2522,-3256,0.337
da38a4574842d659,32,2491,599,3436,1100,-1892,-2336,0.301
39d08974f129b707,32,2513,557,3465,1014,-1956,-2451,0.331
69b8ed49d91e6af8,32,3025,586,4176,1074,-2439,-3102,0.353
c9116f81cb9a835c,32,2643,602,3631,1104,-2041,-2527,0.309
df0078b886cc553f,32,2992,579,4135,1067,-2413,-3068,0.316
349300522ad5692f,32,3095,590,4250,1090,-2505,-3160,0.411
0e4f6c23e74eb10e,32,2816,592,3891,1084,-2224,-2807,0.316
ce75e781b57b86a4,32,2766,581,3798,1076,-2185,-2722,0.297
a11183f394664b7f,32,2956,583,4077,1081,-2373,-2996,0.318
84f0ce612520f5d8,32,2939,570,4053,1047,-2369,-3006,0.336
b4c885d9ed5fb7d2,32,2749,589,3780,1075,-2160,-2705,0.369
3d6551779a3cc6e2,32,2939,587,4063,1069,-2352,-2994,0.336
5fbeb31edb465352,32,2305,600,3182,1087,-1705,-2095,0.271
0f1faef72cb176d0,32,2781,570,3860,1049,-2211,-2811,0.34
66561820f81d176c,32,2587,565,3562,1039,-2022,-2523,0.284
7f77b38db069e04b,32,3024,595,4160,1098,-2429,-3062,0.313
7bea4d4da00e02a4,32,2912,584,4017,1073,-2328,-2944,0.313
46e089103f5b3cfc,32,2721,591,3756,1081,-2130,-2675,0.349
4082b3670a49b4c3,32,2721,574,3751,1054,-2147,-2697,0.306
48a665fd946994ed,32,2608,568,3593,1054,-2040,-2539,0.314
b9a985f69bf75182,32,2619,578,3610,1060,-2041,-2550,0.308
44a7cd17d084bc58,32,2616,589,3601,1085,-2027,-2516,0.307
8b29d3085d2e2226,32,2927,599,4048,1101,-2328,-2947,0.344
53bae6d9256a89d1,32,2422,568,3346,1041,-1854,-2305,0.276
1c69db106b3024fe,32,2971,546,4081,1005,-2425,-3076,0.297
39fe92fc32d1854e,32,2705,597,3743,1098,-2108,-2645,0.394
58321dda4a07f807,32,2551,592,3525,1086,-1959,-2439,0.302
e1ba658586a94982,32,2917,553,4022,1015,-2364,-3007,0.297
6c0736b0555419a1,32,2693,552,3726,1016,-2141,-2710,0.288
57b2625b266974bd,32,2932,599,4034,1098,-2333,-2936,0.357
7a92d50b1a47dcb8,32,2826,612,3916,1124,-2214,-2792,0.309
5310a30896bb8c49,32,3039,584,4194,1064,-2455,-3130,0.31
329ec1d959ae9ef4,32,2827,576,3888,1050,-2251,-2838,0.303
0ac7c89ca497c98a,32,2832,541,3884,1004,-2291,-2880,0.34
b75fecc6ec58bc5c,32,2573,539,3555,995,-2034,-2560,0.282
aac75275ada34fc6,32,3058,567,4196,1042,-2491,-3154,0.702
0f923713c5d77696,32,2804,554,3852,1022,-2250,-2830,0.552
db89c53d7a559532,32,2858,588,3943,1083,-2270,-2860,0.541
4d43345993dff8db,32,2771,576,3828,1055,-2195,-2773,0.393
7a244f8bde070f50,32,2568,570,3539,1043,-1998,-2496,0.321
1466773be1195e61,32,2775,581,3845,1076,-2194,-2769,0.364
fceede3231f3fd91,32,2904,554,4007,1016,-2350,-2991,0.417
732d6b672c0411cd,32,2794,556,3843,1023,-2238,-2820,0.368
7d8bf0be6348d6d5,32,2886,573,3964,1063,-2313,-2901,0.35
eb4d44cf39ea4af5,32,2781,568,3843,1046,-2213,-2797,0.319
c33f19a4b973bb20,32,2727,572,3766,1058,-2155,-2708,0.366
689758f195669f9f,32,2827,552,3891,1018,-2275,-2873,0.331
2c7314e76d46a062,32,2965,574,4071,1056,-2391,-3015,0.332
8d11ab8462b58d3f,32,3096,569,4290,1050,-2527,-3240,0.353
553a4cdb7ea15aa4,32,2654,604,3652,1105,-2050,-2547,0.376
05e9fc0988f9cd96,32,2815,595,3871,1090,-2220,-2781,0.315
a3bff220855d8d15,32,3062,585,4235,1081,-2477,-3154,0.321
27fe8532f61f8c41,32,2661,574,3687,1048,-2087,-2639,0.295
a34404255d281c5c,32,2726,583,3763,1065,-2143,-2698,0.299
109a688d889c6eea,32,2818,590,3879,1087,-2228,-2792,0.356
b87b12c3ee5b26e8,32,3094,593,4255,1092,-2501,-3163,0.331
cdf442f70fb2a337,32,2594,590,3569,1087,-2004,-2482,0.293
89f9c056b6ed86c2,32,2695,580,3721,1070,-2115,-2651,0.309
b965b15ab6b0720f,32,2737,585,3789,1078,-2152,-2711,0.341
6846fcd92732beac,32,3004,582,4127,1076,-2422,-3051,0.312
b86015d4887ad67c,32,2748,567,3775,1044,-2181,-2731,0.307
c5ba2b4ed1da3c95,32,2586,624,3550,1147,-1962,-2403,0.338
ecc5d78a9a480e2d,32,3080,603,4218,1103,-2477,-3115,0.328
e39b7d439b82007a,32,2822,578,3903,1064,-2244,-2839,0.314
28d87be3cbfc655e,32,2952,582,4069,1066,-2370,-3003,0.346
7527fc9535b01b56,32,2745,591,3775,1085,-2154,-2690,0.355
251b2342d6972373,32,2991,588,4141,1077,-2403,-3064,0.324
c9f9f669c222d80d,32,2984,579,4119,1063,-2405,-3056,0.322
6628fea571f8a1ee,32,2801,577,3862,1069,-2224,-2793,0.338
8099c72202358eb5,32,2915,590,4019,1077,-2325,-2942,0.376
34613bb9824d77c8,32,2516,609,3476,1120,-1907,-2356,0.313
bbc8e90601cf29fc,32,2977,594,4091,1092,-2383,-2999,0.33
a7081f62c978a45a,32,2589,598,3563,1093,-1991,-2470,0.297
c450252230628279,32,2951,577,4069,1061,-2374,-3008,0.38
c55894769f80be38,32,2931,593,4058,1082,-2338,-2976,0.353
16023e3ea98127fa,32,2806,590,3829,1081,-2216,-2748,0.304
6eb20416e957c885,32,2845,589,3923,1073,-2256,-2850,0.322
315b27f04be6cbcb,32,2795,566,3876,1040,-2229,-2836,0.336
f7359015786fc07e,32,2977,592,4117,1080,-2385,-3037,0.332
f08268c114846359,32,3159,604,4372,1102,-2555,-3270,0.363
34c89c0b6f6ed224,32,3060,585,4220,1073,-2475,-3147,0.325
d43e1a8f73c07cca,32,3173,582,4387,1059,-2591,-3328,0.369
0352f5aae34d0553,32,3080,575,4257,1055,-2505,-3202,0.322
1f41141760cf5e8b,32,3242,600,4483,1099,-2642,-3384,0.322
9b0b7e066ce522a7,32,3062,601,4213,1110,-2461,-3103,0.353
f5f6dc8f63186046,32,3322,579,4606,1068,-2743,-3538,0.375
4ef115dceb5c0acf,32,3289,568,4554,1048,-2721,-3506,0.332
0cee0fba3b9d7548,32,3285,578,4525,1070,-2707,-3455,0.35
49b69cb275c4a417,32,3352,583,4626,1075,-2769,-3551,0.379
f79586e84c1dafa6,32,2845,589,3938,1077,-2256,-2861,0.35
6dc9f21ea5ad79f8,32,3179,557,4406,1016,-2622,-3390,0.329
a9947a1d1998230f,32,3120,597,4310,1088,-2523,-3222,0.326
ce9e8aa46b33ec9c,32,3349,602,4631,1110,-2747,-3521,0.356
408abbc6ae772e33,32,3472,594,4789,1094,-2878,-3695,0.391
5984d8b080b8726a,32,2793,613,3863,1126,-2180,-2737,0.307
edc20d143aced46e,32,3293,574,4547,1052,-2719,-3495,0.332
2a5e2b9d9253bafa,32,3108,602,4280,1082,-2506,-3198,0.318
f0805da899d04c05,32,3364,584,4640,1062,-2780,-3578,0.382
b016ba691f2ab7d1,32,2985,587,4133,1077,-2398,-3056,0.336
ce01872280950e8c,32,3095,594,4280,1092,-2501,-3188,0.329
cdb9d39d9547a632,32,3431,584,4720,1075,-2847,-3645,0.384
7f00795ebbb878ab,32,2881,579,3979,1067,-2302,-2912,0.323
55b4b55629457049,32,3356,589,4627,1080,-2767,-3547,0.331
c9af058221132e1d,32,3097,593,4295,1090,-2504,-3205,0.332
e705dcdba1e54cfb,32,3307,562,4574,1050,-2745,-3524,0.376
c5046ae998afccea,32,2912,586,4025,1088,-2326,-2937,0.317
9d613d92766337de,32,3008,576,4156,1071,-2432,-3085,0.326
95b243ec3cd69710,32,3257,596,4501,1097,-2661,-3404,0.336
1e0da3fb69cb7ce6,32,3075,553,4250,1013,-2522,-3237,0.328
f67e0d488bb6c62d,32,3300,616,4555,1128,-2684,-3427,0.386
d154bdd72ea17e51,32,3094,580,4269,1074,-2514,-3195,0.339
2e17416749cda79d,32,3559,569,4922,1052,-2990,-3870,0.349
bebfbed58c60809a,32,3121,578,4310,1060,-2543,-3250,0.627
ce5d32615e079321,32,2928,587,4049,1083,-2341,-2966,0.358
c14ecb1a08208c47,32,3402,591,4684,1098,-2811,-3586,0.451
72565c3ce20a81ec,32,3077,587,4227,1081,-2490,-3146,0.413
39b69ec1311aa9d6,32,3221,601,4441,1096,-2620,-3345,0.358
1248fc901234d4f7,32,2906,599,3992,1096,-2307,-2896,0.389
4b83c63a570c1731,32,3254,588,4505,1079,-2666,-3426,0.366
cfbca75a35ab1739,32,3295,570,4567,1050,-2725,-3517,0.434
1536f74c10a5ffe1,32,3022,603,4181,1113,-2419,-3068,0.353
71059e8fed0f58b1,32,3035,559,4182,1032,-2476,-3150,0.325
e1b1daf076154877,32,3165,591,4367,1089,-2574,-3278,0.381
2b60ff6cd16bac8f,32,3236,575,4468,1056,-2661,-3412,0.355
41a17378825f827d,32,2912,593,4017,1077,-2319,-2940,0.298
4132ad670df4ca84,32,2917,591,4031,1091,-2326,-2940,0.315
41d05c5292ec27dc,32,3216,601,4419,1102,-2615,-3317,0.348
01560102dece04f3,32,2899,574,4006,1055,-2325,-2951,0.352
4d439ffb6d8cced6,32,3210,585,4433,1078,-2625,-3355,0.335
36e2f162d159422c,32,3461,586,4779,1079,-2875,-3700,0.355
4ddad1b9dcaab00e,32,3385,580,4661,1067,-2805,-3594,0.338
75efe3c09f92d952,32,3515,596,4843,1096,-2919,-3747,0.396
92fb819ebd111894,32,3094,585,4276,1072,-2509,-3204,0.321
f75d8fb8d6114e45,32,3217,561,4446,1031,-2656,-3415,0.321
ebb0090f69c0f24d,32,3240,607,4459,1108,-2633,-3351,0.365
44f410289af2293b,32,3118,583,4296,1069,-2535,-3227,0.324
b86f68b357cff3c1,32,2908,583,4037,1058,-2325,-2979,0.308
2f65f87d15499728,32,3347,599,4621,1102,-2748,-3519,0.339
cbabf3f7386ea677,32,3363,606,4634,1118,-2757,-3516,0.377
74064fb4c0e1665f,32,2846,604,3887,1114,-2242,-2773,0.31
e5bb3f8283d10375,32,3171,559,4387,1031,-2612,-3356,0.316
41fe7bb55ba19596,32,2836,596,3904,1097,-2240,-2807,0.309
416dae002c633128,32,3103,583,4276,1063,-2520,-3213,0.368
029bb922490e9fb3,32,3356,597,4632,1100,-2759,-3532,0.337
8de0da699feb6501,32,2983,598,4101,1096,-2385,-3005,0.311
94840060cb8ecec4,32,3328,578,4600,1062,-2750,-3538,0.377
9f5b0764ed3ff130,32,3416,599,4715,1100,-2817,-3615,0.351
7384b8717541fc8d,32,2742,558,3780,1018,-2184,-2762,0.3
b025ae07c495a8db,32,3194,578,4418,1053,-2616,-3365,0.325
d1b32cb0ba6f87c1,32,3068,610,4228,1110,-2458,-3118,0.405
077c5c3040ed41d4,32,2892,582,3979,1073,-2310,-2906,0.312
b5f7f25811a0264e,32,3210,581,4418,1058,-2629,-3360,0.322
aa3e46de4da3673a,32,3081,605,4255,1105,-2476,-3150,0.321
58426a228c2dfb56,32,3285,601,4545,1095,-2684,-3450,0.394
c3ddd8e2a09525da,32,3189,591,4414,1087,-2598,-3327,0.346
7717604c4283f34a,32,2945,587,4056,1079,-2358,-2977,0.324
f8677919c29a217d,32,3343,563,4629,1043,-2780,-3586,0.336
db7a55bed39fd571,32,3448,575,4758,1054,-2873,-3704,0.381
8a02162c801b5cc1,32,3381,590,4638,1090,-2791,-3548,0.401
183186f1d7b413e6,32,3590,565,4958,1053,-3025,-3905,0.371
a2fba46114f17464,32,2649,608,3661,1111,-2041,-2550,0.293
6abd2023376fe907,32,2651,587,3678,1081,-2064,-2597,0.368
1fb266e877fbe376,32,3385,589,4666,1091,-2796,-3575,0.339
b055ef9e2bed24cd,32,3009,604,4151,1102,-2405,-3049,0.319
5eca54d6dea235b7,32,3263,582,4489,1066,-2681,-3423,0.366
765bfb6b0d0e318e,32,3195,579,4388,1069,-2616,-3319,0.346
3f93b6bea346c050,32,3326,583,4611,1068,-2743,-3543,0.328
a07640115538a23d,32,3204,585,4432,1077,-2619,-3355,0.324
5240bae9db494f0b,32,3003,572,4140,1061,-2431,-3079,0.375
e6ff0a39f42df63a,32,3025,568,4169,1047,-2457,-3122,0.318
ba2f87b827e8b7c6,32,3044,591,4203,1082,-2453,-3121,0.419
8713770fd218e036,32,3240,592,4470,1068,-2648,-3402,0.369
63a61afeed304633,32,2762,601,3813,1100,-2161,-2713,0.347
21cd834f55dcafe0,32,3240,593,4457,1086,-2647,-3371,0.327
c6440497ec20e5db,32,3221,584,4432,1073,-2637,-3359,0.326
16b38c4bceba92a9,32,3384,586,4676,1079,-2798,-3597,0.345
f0e529726ad6a443,32,3143,595,4319,1093,-2548,-3226,0.359
2a7e6687165cb8d1,32,3139,570,4325,1050,-2569,-3275,0.318
3cc5552544851524,32,3304,590,4560,1079,-2714,-3481,0.35
9de0bd5fa10bf6e3,32,3631,600,5010,1110,-3031,-3900,0.401
f6bb5d5968e59ccb,32,3535,593,4895,1088,-2942,-3807,0.344
c45bba056a863263,32,3397,597,4706,1104,-2800,-3602,0.355
9b98178b08e02374,32,3642,588,5031,1080,-3054,-3951,0.372
26a4c6c8231b952b,32,3845,587,5338,1081,-3258,-4257,0.405
3a47cfe509bbdb8c,32,3433,588,4741,1083,-2845,-3658,0.34
e5866dba414f041f,32,3500,592,4837,1092,-2908,-3745,0.399
15c7e8ff5d3647c7,32,3652,592,5054,1094,-3060,-3960,0.405
4feb32f6132e35ed,32,3979,574,5457,1047,-3405,-4410,0.381
c398ea62dacbcb1a,32,3480,599,4831,1100,-2881,-3731,0.349
81fc609312a44199,32,3555,564,4873,1038,-2991,-3835,0.367
202f37262d343615,32,3492,593,4813,1074,-2899,-3739,0.388
c4e696a6c49c0976,32,3468,594,4772,1090,-2874,-3682,0.351
0658f3c2708016b6,32,3457,580,4774,1071,-2877,-3703,0.348
337388749590f888,32,3195,597,4416,1099,-2598,-3317,0.368
9331ff637f5be838,32,3601,582,4958,1070,-3019,-3888,0.358
769acbddfaf65f90,32,3611,591,4997,1084,-3020,-3913,0.369
18409cd1fff9bef3,32,3350,550,4637,1021,-2800,-3616,0.341
6a725c3d1470803f,32,3396,585,4693,1071,-2811,-3622,0.38
3651892b6635c5ee,32,3561,586,4926,1077,-2975,-3849,0.358
068cad3adf14c38e,32,3466,602,4818,1101,-2864,-3717,0.349
215515e1f824891d,32,3247,606,4502,1115,-2641,-3387,0.376
c824bae66f7f0518,32,3889,585,5388,1076,-3304,-4312,0.395
046b8535a12a1638,32,3260,556,4507,1033,-2704,-3474,0.339
fcc5d4a7917b6a4a,32,3511,559,4837,1020,-2952,-3817,0.334
e5bc6b0a59299ca2,32,3608,567,4991,1044,-3041,-3947,0.398
8f4a41846cd390a5,32,3224,593,4466,1087,-2631,-3379,0.332
a3f54ff0ce331e6f,32,3705,597,5130,1101,-3108,-4029,0.374
53ea394a8ee66676,32,3682,600,5083,1106,-3082,-3977,0.388
5580eab24a53e46d,32,3484,612,4794,1120,-2872,-3674,0.385
973f3df86d996330,32,3147,600,4353,1091,-2547,-3262,0.318
c71ba7ed857e597c,32,3429,603,4724,1112,-2826,-3612,0.346
1a6955369840686f,32,3595,534,4952,968,-3061,-3984,0.378
9862421af35d728e,32,3560,610,4895,1118,-2950,-3777,0.381
f90ed618447e1a88,32,3618,589,4998,1089,-3029,-3909,0.347
bc47323eaf4ef101,32,3292,575,4556,1052,-2717,-3504,0.325
423c10d1f15a0e0c,32,3573,582,4925,1074,-2991,-3851,0.379
b586240957db3431,32,3608,604,4976,1117,-3004,-3859,0.356
3183b150678b5dfd,32,3351,598,4643,1086,-2753,-3557,0.332
84b3ef429653634e,32,3889,580,5359,1067,-3309,-4292,0.367
5bac5f3d4766b4bf,32,3475,526,4795,970,-2949,-3825,0.426
4bd4a94a6c117b96,32,2956,598,4091,1101,-2358,-2990,0.339
c1b4713572293d8a,32,3381,596,4658,1102,-2785,-3556,0.346
fd3d14cf034ad4e7,32,3831,572,5311,1046,-3259,-4265,0.38
929a00a2bea164ee,32,3556,585,4910,1083,-2971,-3827,0.396
ec9f3865398a33d4,32,3599,592,4982,1094,-3007,-3888,0.351
14803e5685335c90,32,3543,597,4925,1096,-2946,-3829,0.35
37b76a4224e120df,32,3138,610,4343,1124,-2528,-3219,0.37
39eb5e8ee6a6b116,32,3368,561,4663,1040,-2807,-3623,0.333
834de26733b1a8e6,32,3102,585,4301,1079,-2517,-3222,0.329
799feb1693db5635,32,3807,595,5266,1083,-3212,-4183,0.386
be01ea7522ee75fb,32,3475,581,4801,1070,-2894,-3731,0.401
bfa3673d522a04c4,32,3637,589,5013,1078,-3048,-3935,0.35
1d78bbba96f9327c,32,3321,588,4616,1080,-2733,-3536,0.333
16531cba2ad65c58,32,3365,597,4659,1098,-2768,-3561,0.347
ac269a0beee9866e,32,3529,585,4870,1070,-2944,-3800,0.382
eb461dc4d0b244be,32,3341,595,4608,1094,-2746,-3514,0.331
af0a4fcf3958dcee,32,3592,613,4963,1129,-2979,-3834,0.361
d8976f41e43a9d51,32,3297,594,4572,1087,-2703,-3485,0.327
3c72b272dbbcb5a7,32,3689,568,5084,1062,-3121,-4022,0.396
56fdd9bc6ed3435f,32,3491,585,4826,1080,-2906,-3746,0.346
bc35d8a4b4cc961d,32,3477,605,4836,1112,-2872,-3724,0.348
7b6bfcbf53c9893a,32,2930,564,4032,1035,-2366,-2997,0.304
9f839dc567f9963e,32,3553,576,4899,1055,-2977,-3844,0.405
6dec427fc1b74b2d,32,3124,603,4310,1105,-2521,-3205,0.327
a63cc6228a7572db,32,3550,587,4903,1083,-2963,-3820,0.359
53ab1dad8f4ca184,32,3768,565,5204,1045,-3203,-4159,0.411
08f8f92271c60e29,32,3607,586,4976,1078,-3021,-3898,0.345
14117c8dd3e2152e,32,3398,605,4684,1104,-2793,-3580,0.359
839e3a36e6b1fc30,32,3304,583,4556,1070,-2721,-3486,0.369
e8df131fe571d484,32,3479,563,4811,1036,-2916,-3775,0.356
17a34db0620b0792,32,3481,568,4781,1050,-2913,-3731,0.34
dce404a1b1d05c33,32,3066,592,4248,1082,-2474,-3166,0.33
df171ffbc930585f,32,3738,596,5156,1096,-3142,-4060,0.407
dcb79bffba868e90,32,3815,596,5259,1095,-3219,-4164,0.43
0fd563dc0646fe45,32,3385,585,4702,1073,-2800,-3629,0.341
0f5f9d22580498a2,32,3213,602,4452,1108,-2611,-3344,0.382
1ec4af0315907d2c,32,3535,601,4861,1109,-2934,-3752,0.359
665ccc25a1290903,32,3660,596,5041,1088,-3064,-3953,0.356
a80b1f7ab90a4293,32,3943,597,5440,1108,-3346,-4332,0.385
b95c69c7455e3129,32,3540,606,4895,1113,-2934,-3782,0.409
3f126d526fea2f38,32,3590,585,4960,1073,-3005,-3887,0.36
c9948c7b27606579,32,3632,583,5018,1064,-3049,-3954,0.353
e0254170e990a31f,32,3750,585,5206,1080,-3165,-4126,0.4
961b2a5ce74da4dd,32,3604,561,4959,1032,-3043,-3927,0.343
01a2483ddfef40d3,32,3349,554,4628,1022,-2795,-3606,0.331
aa8bec5e535c8082,32,3409,612,4708,1128,-2797,-3580,0.39
bc72071115e2b286,32,3539,599,4890,1095,-2940,-3795,0.348
2258cb4362b12dc9,32,3191,588,4396,1081,-2603,-3315,0.342
0805e0691450db25,32,3522,571,4875,1060,-2951,-3815,0.346
cb159b61d8725893,32,3581,565,4951,1042,-3016,-3909,0.407
eadda5396f185a37,32,3604,571,4981,1040,-3033,-3941,0.353
d27d97559e93eeb1,32,3623,578,4996,1068,-3045,-3928,0.36
63aa757f2ec698b8,32,3211,596,4440,1098,-2615,-3342,0.35
c4a78e9f64c77f6b,32,3499,583,4830,1065,-2916,-3765,0.38
8006e488cb315dd0,32,3677,578,5074,1064,-3099,-4010,0.344
16d91f051d5b160f,32,3883,585,5345,1076,-3298,-4269,0.371
1da6633b8470857a,32,3466,589,4797,1089,-2877,-3708,0.346
b714af1ad41f6651,32,3561,569,4932,1044,-2992,-3888,0.387
cccfee8d86e818df,32,3938,579,5441,1074,-3359,-4367,0.37
53ea06e40ddab452,32,3968,592,5488,1087,-3376,-4401,0.382
80cb70276430400b,32,4100,566,5677,1047,-3534,-4630,0.422
b84d0d934f3957f5,32,3668,589,5068,1088,-3079,-3980,0.359
2ba7354bdef79dc4,32,3820,558,5253,1030,-3262,-4223,0.386
fd96a7eeb22a1d53,32,3519,575,4858,1050,-2944,-3808,0.382
60fbdd00151882be,32,3753,582,5198,1071,-3171,-4127,0.361
37e17d6f1fd750ca,32,3507,610,4828,1113,-2897,-3715,0.381
8d6351d1018d5bd2,32,3742,599,5178,1100,-3143,-4078,0.365
857220a4bb0e20c0,32,3729,584,5185,1080,-3145,-4105,0.442
a6656ec7543e22e9,32,3776,565,5207,1047,-3211,-4160,0.369
fad893b3e87b0dce,32,3786,593,5255,1090,-3193,-4165,0.367
104bd6bf532b1d38,32,3991,555,5521,1021,-3436,-4500,0.44
3303787aab5987fb,32,4040,596,5580,1090,-3444,-4490,0.377
4b841c21fd50a257,32,3818,571,5257,1063,-3247,-4194,0.374
e8c73dc6223b5675,32,3721,602,5153,1110,-3119,-4043,0.372
304bd9e9675583d3,32,3493,602,4845,1095,-2891,-3750,0.383
3a7217260d866673,32,3539,587,4891,1080,-2952,-3811,0.349
2bf6515f5dff0acd,32,3890,601,5368,1109,-3289,-4259,0.374
16ea0f3ad5d1ea67,32,3807,580,5235,1059,-3227,-4176,0.402
5fd77a0c0375267f,32,3910,604,5405,1103,-3306,-4302,0.368
2321b9b5536d7271,32,3753,595,5195,1089,-3158,-4106,0.364
4686732acbd86d87,32,3313,594,4589,1097,-2719,-3492,0.359
de1c58c197bec4ea,32,3813,601,5288,1106,-3212,-4182,0.435
f87d1b83e649ae69,32,3787,590,5246,1076,-3197,-4170,0.372
338894dfa42fbc12,32,4091,606,5652,1112,-3485,-4540,0.423
cb8e2db41b517027,32,3816,595,5258,1089,-3221,-4169,0.432
a0fbdaa4804d634b,32,3700,578,5134,1069,-3122,-4065,0.371
42304a65b2649a10,32,3769,564,5184,1037,-3205,-4147,0.373
b505b23ba3b82887,32,3829,603,5319,1104,-3226,-4215,0.392
8f5070d1b10f6a79,32,3707,607,5134,1109,-3100,-4025,0.407
6717f5ee2d6b1ab5,32,3748,572,5175,1053,-3176,-4122,0.365
a5b637ee2594c044,32,3754,573,5200,1060,-3181,-4140,0.358
5acff46709ade6cf,32,3723,591,5169,1091,-3132,-4078,0.465
458fed245e8ce464,32,4124,591,5697,1088,-3533,-4609,0.424
b8af92447b3da808,32,3631,591,5020,1079,-3040,-3941,0.361
191c35ef402d1bde,32,3412,589,4721,1075,-2823,-3646,0.383
59372fd0e0947380,32,3656,591,5051,1089,-3065,-3962,0.368
c67da0edfc2d7383,32,3852,612,5324,1117,-3240,-4207,0.364
b371f0e20cf0b052,32,3548,573,4912,1050,-2975,-3862,0.356
8bce0d58f432590e,32,3660,611,5069,1124,-3049,-3945,0.404
00cfb8b1bbaa5a56,32,3768,584,5215,1081,-3184,-4134,0.445
baa85c2419df495c,32,3658,588,5080,1077,-3070,-4003,0.382
fc6b97853e583065,32,3925,591,5419,1086,-3334,-4333,0.564
8a277792fc7baf3d,32,3921,590,5413,1091,-3331,-4322,0.539
4bfcefaecec6a36b,32,4193,600,5810,1102,-3593,-4708,0.472
b22689e0c71c9e20,32,3451,592,4775,1085,-2859,-3690,0.602
f12348e0bdfff2bd,32,3786,576,5234,1064,-3210,-4170,0.533
aca87aa51cdef8c6,32,3791,562,5246,1030,-3229,-4216,0.451
38baa37551b71c4c,32,3784,557,5230,1021,-3227,-4209,0.501
27da4fff29b1a4ee,32,3704,562,5126,1027,-3142,-4099,0.407
be763fb2dbd421ab,32,3945,594,5451,1097,-3351,-4354,0.461
ab4ac78eac68dc9b,32,3863,598,5349,1089,-3265,-4260,0.477
54fbee227b49f41b,32,4057,568,5584,1049,-3489,-4535,0.413
21bb895741637479,32,3872,597,5381,1098,-3275,-4283,0.399
4c16d59c676c3cf2,32,3373,589,4651,1092,-2784,-3559,0.359
01beb6daeaf21a49,32,3869,590,5324,1089,-3279,-4235,0.471
0e5b366f91b13cd2,32,3679,603,5072,1110,-3076,-3962,0.355
7ceff0656b76d1cb,32,3835,573,5308,1059,-3262,-4249,0.376
3a86248ecad446cd,32,3869,596,5340,1098,-3273,-4242,0.413
4a7282e6019e0e0e,32,3932,599,5442,1101,-3333,-4341,0.381
b439400c478418d8,32,3836,572,5332,1040,-3264,-4292,0.374
e5b73a044010aa3f,32,3797,587,5229,1077,-3210,-4152,0.4
af36684dd5c866e2,32,3657,601,5062,1108,-3056,-3954,0.366
ea6dae05287d5e0a,32,3768,583,5231,1066,-3185,-4165,0.359
8bd270377d8b6b39,32,3894,596,5382,1095,-3298,-4287,0.416
4fdc0a183fb18165,32,3721,602,5120,1102,-3119,-4018,0.365
58aaafc6f42dcbdb,32,3686,568,5099,1041,-3118,-4058,0.349
f7eee700d45f03aa,32,4106,605,5662,1113,-3501,-4549,0.425
4c684d24d11e5835,32,4156,582,5727,1062,-3574,-4665,0.387
b0b9530f8d9b5efc,32,3888,584,5368,1083,-3304,-4285,0.376
792a11342cbcb7bf,32,3476,583,4793,1061,-2893,-3732,0.346
8049e5062a5c5301,32,3779,595,5233,1097,-3184,-4136,0.431
d0e4267f886ead7d,32,3639,581,5029,1065,-3058,-3964,0.354
918cfb7e51345ff8,32,3489,578,4852,1070,-2911,-3782,0.373
0a07c1dfdce605d3,32,3948,584,5451,1070,-3364,-4381,0.41
011e3e3ba6c1a23a,32,3658,590,5063,1094,-3068,-3969,0.357
8f543c735bbdd1db,32,4158,580,5764,1074,-3578,-4690,0.396
cb3de9cbd1ce5030,32,3582,594,4940,1094,-2988,-3846,0.392
db68dcde0e5d5aab,32,3876,602,5380,1107,-3274,-4273,0.379
a3b4c05a2a3611e8,32,3836,577,5309,1058,-3259,-4251,0.364
7db485ae558479bd,32,3625,600,5040,1108,-3025,-3932,0.414
ab8225769355d27a,32,3838,596,5298,1090,-3242,-4208,0.777
0e12caf739c4377c,32,3941,593,5465,1092,-3348,-4373,0.645
c2291b8b3d43fea4,32,3774,598,5194,1093,-3176,-4101,0.591
ce1d2ad03f754084,32,3810,573,5267,1059,-3237,-4208,0.44
232b7310ef94cab5,32,3879,559,5381,1019,-3320,-4362,0.451
c5bfca5bef3501c4,32,3693,588,5087,1086,-3105,-4001,0.452
592eb9933d5aa650,32,3875,581,5361,1070,-3294,-4291,0.5
ec57e3a7d88ad88c,32,3826,594,5279,1082,-3232,-4197,0.394
1854e4b19042008e,32,3781,578,5237,1070,-3203,-4167,0.435
5e39b2e8e66f0a07,32,3708,586,5141,1072,-3122,-4069,0.451
8146887134415183,32,3626,592,5021,1091,-3034,-3930,0.442
71bd1c770c11c506,32,3919,591,5420,1088,-3328,-4332,0.444
0196227b0762a808,32,3966,572,5460,1048,-3394,-4412,0.443
b3f073c3d105da98,32,4060,597,5591,1090,-3463,-4501,0.396
43b9b720b3c74fb0,32,3932,598,5433,1104,-3334,-4329,0.404
7e2341ff90152103,32,3461,576,4780,1060,-2885,-3720,0.404
e33e465b5404262b,32,3612,587,4975,1084,-3025,-3891,0.389
782c17d4fcc1f20f,32,3701,587,5115,1088,-3114,-4027,0.393
6bc5c12d183ef77b,32,3968,594,5485,1091,-3374,-4394,0.412
1fd15c9988faed96,32,3840,586,5314,1080,-3254,-4234,0.433
6e4d2a5026e143ce,32,3900,592,5393,1091,-3308,-4302,0.388
cad7e53928a291f8,32,3936,600,5436,1101,-3336,-4335,0.413
824e9e7c4eb49f78,32,4113,601,5679,1100,-3512,-4579,0.442
3f50f68ec44ce562,32,3857,598,5314,1098,-3259,-4216,0.386
19c45fcde0cb780d,32,4050,594,5601,1093,-3456,-4508,0.424
f0c6c4cc277f747f,32,3861,591,5351,1090,-3270,-4261,0.393
85371d2d5257d8df,32,4053,603,5619,1103,-3450,-4516,0.464
c4537a2f5fea243a,32,3934,586,5411,1083,-3348,-4328,0.403
351a6dd50b76141e,32,3835,592,5327,1091,-3243,-4236,0.41
0240f1e82caae52c,32,4040,588,5603,1088,-3452,-4515,0.437
13ab44c72c413fc5,32,4120,580,5691,1061,-3540,-4630,0.404
2ade943f0a5cdcce,32,4273,595,5924,1096,-3678,-4828,0.445
b61db5baeb01b098,32,3872,596,5342,1092,-3276,-4250,0.45
6165d279033eac9c,32,3900,601,5411,1105,-3299,-4306,0.378
d8dd4c0fbb245d00,32,3849,595,5341,1088,-3254,-4253,0.402
5eddf51362bc023f,32,4062,603,5633,1113,-3459,-4520,0.443
b58f220bbf1585d6,32,3818,584,5262,1066,-3234,-4196,0.417
8962980c156d0149,32,3663,573,5077,1052,-3090,-4025,0.375
88df352dbc8d93af,32,4070,612,5616,1128,-3458,-4488,0.409
47518ac07aa475e4,32,4107,586,5704,1076,-3521,-4628,0.438
b553933d533c87b5,32,4237,617,5880,1128,-3620,-4752,0.448
4be4a6d0b9c1e94a,32,4145,590,5733,1087,-3555,-4646,0.398
3a215f177b9d40f1,32,4003,589,5513,1075,-3414,-4438,0.474
bfbd91e046483778,32,4387,587,6080,1086,-3800,-4994,0.455
2dfa8d30d79c625b,32,4220,586,5827,1068,-3634,-4759,0.4
cded096774a87bd7,32,3877,598,5358,1105,-3279,-4253,0.488
94919f6a36420719,32,3967,576,5480,1057,-3391,-4423,0.399
017af8685c3192cc,32,4124,599,5721,1096,-3525,-4625,0.4
f8fe05d71923ef6a,32,3966,594,5482,1092,-3372,-4390,0.437
ff212182aba2baa9,32,4023,597,5582,1089,-3426,-4493,0.413
c007744274749bf2,32,3985,582,5514,1069,-3403,-4445,0.381
80958d4c719d8ac3,32,3973,595,5482,1096,-3378,-4386,0.447
3c6e43b2e6adc47d,32,3813,562,5253,1043,-3251,-4210,0.37
80eb6a36237fe369,32,4274,596,5930,1091,-3678,-4839,0.427
635d0e87cc2cc5d6,32,4005,578,5531,1081,-3427,-4450,0.459
7aae5d358c76f825,32,3937,562,5451,1029,-3375,-4422,0.385
cfa8a8732e75e9cb,32,3957,578,5479,1072,-3379,-4407,0.401
b940a9c39cf352dc,32,3531,597,4904,1090,-2934,-3814,0.437
9be98e063dd2c89c,32,3716,581,5124,1069,-3135,-4055,0.386
be157218f01ae6b8,32,3942,561,5462,1049,-3381,-4413,0.388
cc745f72e729c98d,32,4062,573,5607,1051,-3489,-4556,0.434
d001b007a6fad41a,32,4060,587,5606,1083,-3473,-4523,0.415
d2f5d47c049ffe92,32,3709,573,5122,1056,-3136,-4066,0.462
364826e7091ee8eb,32,4129,607,5703,1115,-3522,-4588,0.511
0a5e26a625d26122,32,3646,596,5034,1099,-3050,-3935,0.418
74d6dfaa3d9c0477,32,4076,573,5656,1061,-3503,-4595,0.431
7a6f36b9a89c3a9e,32,3368,554,4643,1029,-2814,-3614,0.361
3f0391a09f5a1669,32,3904,596,5394,1091,-3308,-4303,0.454
f10f3853eaaaf63f,32,4302,581,5934,1075,-3721,-4859,0.435
a4a7ec8813da25e7,32,4190,591,5779,1089,-3599,-4690,0.466
4aa6ccce4796ab10,32,3906,597,5431,1095,-3309,-4336,0.461
8deec681929bbfa1,32,3839,586,5345,1068,-3253,-4277,0.457
1bcf8f35d08841ee,32,3717,601,5172,1112,-3116,-4060,0.387
1cab589ae52c01a4,32,4017,596,5537,1104,-3421,-4433,0.453
d05e099da5a8bc85,32,3605,584,4999,1070,-3021,-3929,0.415
a039483f2f38b378,32,3858,591,5345,1088,-3267,-4257,0.39
a6380fca0ebdd35d,32,4032,601,5567,1104,-3431,-4463,0.387
e4753880d01ca21e,32,3833,577,5291,1063,-3256,-4228,0.418
579f65e4d3b99fad,32,3930,585,5445,1070,-3345,-4375,0.385
6e45fa853f336a46,32,3819,586,5294,1071,-3233,-4223,0.379
7ff245eab446dc5a,32,4039,592,5588,1088,-3447,-4500,0.416
26e9fc462568f2bd,32,3768,578,5208,1065,-3190,-4143,0.367
f4654c89cf8ed8af,32,4172,587,5783,1085,-3585,-4698,0.389
e712dddfba7fe2c8,32,4237,588,5843,1082,-3649,-4761,0.448
60e38838a59cef99,32,4012,608,5538,1114,-3404,-4424,0.421
b1726ea4dbee8308,32,3974,575,5492,1049,-3399,-4443,0.406
24d4d285819f0c0a,32,3699,559,5125,1033,-3140,-4092,0.428
bd6addc9562b1586,32,3853,593,5337,1085,-3260,-4252,0.394
7ebaa356b3f65b13,32,4260,589,5886,1073,-3671,-4813,0.393
aeedee48e359ab26,32,4004,589,5543,1086,-3415,-4457,0.437
27528352c4a494e4,32,3739,577,5167,1069,-3162,-4098,0.362
9a481e3e148e4299,32,3880,579,5359,1057,-3301,-4302,0.395
b1c3536d9601571f,32,3800,593,5244,1089,-3207,-4155,0.384
16da3c7af3af0991,32,3960,597,5470,1094,-3363,-4376,0.454
84770dd3e9a593ce,32,3970,585,5472,1082,-3385,-4390,0.381
24722a90b36ff08d,32,3689,589,5112,1077,-3100,-4035,0.366
10b039acd37a60d0,32,4102,605,5721,1108,-3497,-4613,0.444
781a83a0ecbb9cf8,32,4031,582,5557,1069,-3449,-4488,0.403
aae809e97a6ecbb0,32,4184,584,5776,1074,-3600,-4702,0.404
623c9020d92bfa1a,32,3913,590,5420,1084,-3323,-4336,0.386
be43535f210ddeab,32,3670,557,5068,1019,-3113,-4049,0.39
b4bd7557a0239561,32,4089,591,5673,1095,-3498,-4578,0.388
5299ca9bf791afea,32,4069,586,5627,1074,-3483,-4553,0.405
0774cb70bee02e9c,32,4012,592,5546,1092,-3420,-4454,0.543
478699a78eeefa2b,32,3994,589,5543,1084,-3405,-4459,0.397
c063a0608f4fa97d,32,3765,593,5217,1088,-3172,-4129,0.41
594b77292dcba418,32,4030,587,5587,1070,-3443,-4517,0.422
dd4df7fb3ced0b06,32,3849,562,5325,1040,-3287,-4285,0.386
57e0a976c9c8d54e,32,3696,574,5114,1054,-3122,-4060,0.366
61586b8b9ba3bdff,32,4092,603,5667,1100,-3489,-4567,0.441
e4600732ba279e20,32,4082,598,5628,1096,-3484,-4532,0.391
6d198c8b379ada4e,32,4057,602,5588,1112,-3455,-4476,0.425
a9749fd2dbe2c8a0,32,3782,589,5211,1084,-3193,-4127,0.42
5cd0fdd753bbbc2b,32,3742,600,5175,1099,-3142,-4076,0.389
c27992b7f38f5aac,32,3785,565,5224,1043,-3220,-4181,0.361
8eb42cb479faa2d3,32,3900,580,5364,1064,-3320,-4300,0.406
3d68f4d1eb70c608,32,3983,587,5516,1079,-3396,-4437,0.441
f05ec61d6f538e89,32,4171,563,5780,1036,-3608,-4744,0.409
e99903b05eaedfbb,32,4281,575,5890,1054,-3706,-4836,0.406
27af0061c75647d5,32,4110,592,5712,1089,-3518,-4623,0.461
a5180a1c4c1c52d8,32,3800,597,5270,1099,-3203,-4171,0.395
199e591490c33333,32,4076,579,5630,1068,-3497,-4562,0.398
6ae670386070422e,32,4134,593,5723,1080,-3541,-4643,0.411
444762f22c651803,32,3874,584,5346,1071,-3290,-4275,0.428
b130a4ab596bfe0b,32,4225,592,5845,1083,-3633,-4762,0.421
a743cad2f38cd96b,32,4334,594,6008,1087,-3740,-4921,0.503
ead3ba1947ddd670,32,3910,575,5426,1067,-3335,-4359,0.441
bcbd9e7d48fd686b,32,4016,606,5549,1104,-3410,-4445,0.457
6147a13583a6082d,32,4134,588,5732,1083,-3546,-4649,0.414
d6bcc4a98f0e9b2d,32,4061,602,5609,1107,-3459,-4502,0.457
0e2bf23cde5671f2,32,4326,585,6009,1069,-3741,-4940,0.43
089f2db8757a3808,32,4011,608,5567,1114,-3403,-4453,0.405
f0bf7d9c1074a3cf,32,3891,589,5395,1075,-3302,-4320,0.38
446614fd4104a872,32,4052,594,5628,1098,-3458,-4530,0.456
ccb129ef97edbebd,32,4107,564,5654,1038,-3543,-4616,0.404
e533743010256e41,32,4366,602,6052,1106,-3764,-4946,0.479
e941c094679d4d0d,32,4057,589,5640,1076,-3468,-4564,0.436
c8f2ef4b13723a28,32,4438,605,6127,1108,-3833,-5019,0.414
796a760615c38ccb,32,4191,603,5815,1114,-3588,-4701,0.407
a77f0338dde2a39b,32,4143,583,5758,1070,-3560,-4688,0.435
e97fbdeac15c0f42,32,3901,574,5387,1054,-3327,-4333,0.377
66d8af080d3db1de,32,4222,605,5853,1107,-3617,-4746,0.507
48ce443ef04f5351,32,4539,592,6237,1088,-3947,-5149,0.434
ff279321ad5f56ba,32,4280,584,5902,1070,-3696,-4832,0.398
aed88b7e86bbe398,32,3758,598,5213,1107,-3160,-4106,0.462
d3d5e213f89f85c0,32,4009,592,5585,1100,-3417,-4485,0.382
7172ce04cf502004,32,3913,550,5419,1017,-3363,-4402,0.389
f99b017db85b28ba,32,4192,584,5779,1071,-3608,-4708,0.414
2e3ec0f1c46115a2,32,4017,590,5587,1085,-3427,-4502,0.433
4dcc8a9d60ca344e,32,3956,577,5501,1066,-3379,-4435,0.393
4aa48287c815e5ac,32,4279,593,5921,1088,-3686,-4833,0.403
0df7cdc3f58e9293,32,4423,615,6145,1130,-3808,-5015,0.451
60b73a2458964238,32,4365,577,6034,1069,-3788,-4965,0.422
6622debac35495dd,32,4196,592,5823,1087,-3604,-4736,0.4
f97ab38497b8d667,32,4277,597,5922,1100,-3680,-4822,0.45
6657181203e35fe2,32,4315,592,5964,1095,-3723,-4869,0.43
a0dbe8b868d17104,32,3844,596,5323,1093,-3248,-4230,0.394
3d1d8436d032e121,32,4502,553,6237,1036,-3949,-5201,0.451
4fbef9e5a69de665,32,4318,572,5967,1052,-3746,-4915,0.426
d822d21f0c61972d,32,4216,596,5833,1091,-3620,-4742,0.412
af5ce0a676ebaa92,32,4195,587,5795,1075,-3608,-4720,0.389
2301415990c72096,32,4356,601,6032,1103,-3755,-4929,0.451
c75879f7cced00ef,32,4028,589,5579,1076,-3439,-4503,0.388
1693d171ffd949b0,32,4177,574,5787,1064,-3603,-4723,0.395
89e11772995c6985,32,4409,580,6080,1059,-3829,-5021,0.494
0137b3cca55c6d01,32,4287,593,5952,1084,-3694,-4868,0.4
69664213ef196232,32,4174,593,5795,1085,-3581,-4710,0.398
1505f0c1532ab8d6,32,4316,608,5977,1120,-3708,-4857,0.466
f417492ad1628699,32,3953,613,5497,1123,-3340,-4374,0.394
87282776f2367762,32,3809,602,5266,1110,-3207,-4156,0.381
5665170556ff0281,32,4256,594,5915,1089,-3662,-4826,0.463
d2a97f12703c6509,32,4173,605,5789,1109,-3568,-4680,0.396
db8428b6ba0e3810,32,4337,577,6035,1068,-3760,-4967,0.404
c7141baccc790fff,32,4191,586,5800,1080,-3605,-4720,0.441
dcc8fc47e25c289e,32,4275,580,5916,1069,-3695,-4847,0.433
b5dd480ac61aee17,32,4106,593,5698,1082,-3513,-4616,0.42
b7321b7fe235bbfe,32,4382,589,6053,1083,-3793,-4970,0.457
c07b59224a624b79,32,4045,610,5597,1124,-3435,-4473,0.391
c413db90e7890171,32,4206,612,5818,1122,-3594,-4696,0.402
e62fb604c1b8956c,32,4004,592,5544,1088,-3412,-4456,0.427
ba73de64e91dd273,32,4258,592,5915,1092,-3666,-4823,0.406
52bad2576649f9fe,32,4282,583,5923,1074,-3699,-4849,0.401
439ee6497128b1e3,32,4131,579,5733,1081,-3552,-4652,0.441
1bca00460b753073,32,4170,567,5782,1036,-3603,-4746,0.435
1a6e210c4459d849,32,4303,569,5954,1055,-3734,-4899,0.416
93cd6b0d7ea0cbb4,32,4261,596,5894,1092,-3665,-4802,0.41
11567c9863b44a0f,32,4483,600,6191,1111,-3883,-5080,0.466
4694164a5ad9a813,32,4197,602,5813,1109,-3595,-4704,0.387
ef0afefcd8f08a43,32,4150,579,5765,1065,-3571,-4700,0.391
807e858d7a0cb1b2,32,4221,571,5843,1052,-3650,-4791,0.431
22b9cf9c7ff53075,32,4112,595,5673,1098,-3517,-4575,0.397
1ee3f1a496a73cf4,32,4253,606,5869,1115,-3647,-4754,0.45
dc3304e694bc2003,32,3764,576,5216,1067,-3188,-4149,0.388
25cd9301f9f81fef,32,4214,592,5822,1089,-3622,-4733,0.415
6612a3621c1612f3,32,4079,591,5639,1085,-3488,-4554,0.409
1e66d62d7dba1f73,32,4378,569,6039,1059,-3809,-4980,0.455
b9a1654d89693461,32,4273,596,5940,1095,-3677,-4845,0.394
188eb5860979f9c9,32,4462,585,6180,1078,-3877,-5102,0.433
22d6bc2c150c47a6,32,3946,548,5502,1016,-3398,-4486,0.423
c6d73e7d65a11cc6,32,4119,607,5702,1109,-3512,-4593,0.383
072eea08dbe50ce8,32,4130,598,5718,1099,-3532,-4619,0.391
019206b92956f84e,32,4198,597,5807,1103,-3601,-4704,0.44
fd301d8fdaebe10a,32,3890,581,5374,1075,-3309,-4299,0.397
495d1828b117f6ac,32,4184,598,5798,1097,-3586,-4701,0.414
f86ab88923912ecf,32,4288,578,5943,1072,-3710,-4871,0.462
966c62e61b3c4446,32,4302,586,5957,1076,-3716,-4881,0.427
e25f6ff248cd20d8,32,4056,584,5616,1075,-3472,-4541,0.414
e148de2f6feef365,32,4330,602,6000,1106,-3728,-4894,0.461
2ffea5f1b4b2fb5c,32,4309,583,5942,1074,-3726,-4868,0.402
c844934677f22b11,32,3949,597,5472,1098,-3352,-4374,0.392
be42b892305dfd65,32,4415,572,6110,1055,-3843,-5055,0.446
5623d79afac9034f,32,4114,608,5714,1126,-3506,-4588,0.39
d0f4299d21b8a260,32,4386,583,6040,1070,-3803,-4970,0.4
177c65332614f7b1,32,3996,566,5559,1035,-3430,-4524,0.419
f66a62d0db40e61a,32,3928,579,5454,1066,-3349,-4388,0.383
52f74af1e55fd1ad,32,4120,610,5698,1126,-3510,-4572,0.403
792329366d60748d,32,4390,562,6091,1038,-3828,-5053,0.452
47d7b99b0867e460,32,4102,609,5695,1116,-3493,-4579,0.41
5a08f4b8da093a8c,32,4501,612,6220,1128,-3889,-5092,0.449
019bdac1b1c5a169,32,4436,571,6125,1040,-3865,-5085,0.45
ebe5900d69468b85,32,4344,578,6036,1057,-3766,-4979,0.411
1e502e5d12345bcc,32,4147,586,5763,1086,-3561,-4677,0.407
abc098e9bfcb7d54,32,4339,594,6022,1104,-3745,-4918,0.42
22b2e8eb32294cc1,32,4139,577,5740,1065,-3562,-4675,0.441
f6fa94482b904f7c,32,4527,579,6255,1068,-3948,-5187,0.446
0caf7d2739f5a9cd,32,4526,580,6260,1056,-3946,-5204,0.444
4ae63550eca017ff,32,4142,569,5750,1048,-3573,-4702,0.403
e28ad3b33a9e7877,32,4607,595,6361,1084,-4012,-5277,0.429
d0ae5bfd3944dec0,32,4460,583,6182,1069,-3877,-5113,0.476
5e29346e0a8f82e2,32,4557,578,6290,1063,-3979,-5227,0.438
92bd116f9cd35636,32,4200,563,5833,1042,-3637,-4791,0.423
13bae70939ce321e,32,4380,589,6041,1074,-3791,-4967,0.42
727cdfa3424d95bb,32,4292,611,5940,1118,-3681,-4822,0.454
89eca063add30386,32,4268,582,5901,1072,-3686,-4829,0.399
5041298da065bf3c,32,4578,579,6324,1061,-3999,-5263,0.46
278943318aed08a8,32,4367,603,6068,1106,-3764,-4962,0.443
c3bb523775c36dd1,32,3919,586,5443,1076,-3333,-4367,0.386
35ed1b601e68dc42,32,4204,605,5807,1114,-3599,-4693,0.405
978b320f37a0efd3,32,4171,578,5779,1063,-3593,-4716,0.444
4f036b61e8daaf3a,32,4316,594,5957,1087,-3722,-4870,0.405
fce3b2cdc242dd95,32,4120,575,5706,1069,-3545,-4637,0.405
89931043930b2327,32,4005,603,5544,1104,-3402,-4440,0.435
7e62019cf6d6a0b6,32,4171,578,5780,1076,-3593,-4704,0.414
c7b2774d6c159ff7,32,4492,593,6215,1100,-3899,-5115,0.411
03b4cd664cba5c01,32,4270,583,5911,1060,-3687,-4851,0.511
c92529367bd5bc5a,32,4094,587,5664,1079,-3507,-4585,0.49
70cc876f9d011390,32,4267,564,5962,1039,-3703,-4923,0.455
416bca1814fc57f1,32,4265,590,5906,1085,-3675,-4821,0.464
5e4e5f3c03f3bee5,32,4678,583,6482,1072,-4095,-5410,0.422
2307adc35472e666,32,3961,576,5496,1058,-3385,-4438,0.391
aa0403a712a0017f,32,4359,573,6030,1056,-3786,-4974,0.472
cd65d3913237692c,32,4097,589,5671,1079,-3508,-4592,0.405
35501c96559b246c,32,4239,600,5876,1104,-3639,-4772,0.429
fc9bd47c0f2ec2bd,32,4530,598,6290,1105,-3932,-5185,0.497
be436843352144bd,32,4213,594,5876,1083,-3619,-4793,0.414
24de0c03b32584d3,32,4336,590,6017,1090,-3746,-4927,0.419
34f6107347ad69d0,32,4638,594,6407,1095,-4044,-5312,0.463
6a4bc6869a9b9a28,32,4266,587,5909,1077,-3679,-4832,0.413
d753fde8cc7b8ec0,32,4215,592,5814,1095,-3623,-4719,0.409
018b3b803cce6735,32,4270,571,5909,1057,-3699,-4852,0.444
dbfd63ba2894a0f9,32,4145,587,5752,1071,-3558,-4681,0.51
e35aaf1c3ceb7839,32,4599,577,6359,1060,-4022,-5299,0.441
6aadf13999437847,32,4591,584,6360,1074,-4007,-5286,0.423
00651ac7759684d9,32,4262,581,5894,1071,-3681,-4823,0.452
3748e53abed0e1a5,32,4124,564,5712,1033,-3560,-4679,0.399
139fbf1aa5bbafc2,32,4011,602,5571,1110,-3409,-4461,0.396
ac0eb13c8af8e732,32,4287,591,5951,1094,-3696,-4857,0.449
7f9dd81c9072b01e,32,4258,591,5925,1076,-3667,-4849,0.4
5e28e2653f8a064f,32,4601,596,6349,1102,-4005,-5247,0.444
2a5094ec7a362320,32,4075,585,5658,1068,-3490,-4590,0.443
7cfcc0b1d3abf7a1,32,4273,594,5909,1095,-3679,-4814,0.414
17e5ae97c831585b,32,4328,598,5976,1106,-3730,-4870,0.427
686a6b39d9b97a59,32,4465,579,6165,1066,-3886,-5099,0.465
c26647a9ffa93e0a,32,4351,581,6035,1079,-3770,-4956,0.41
6ff51e00f4808d14,32,4318,565,6001,1036,-3753,-4965,0.416
76e174a6de826b62,32,4162,566,5769,1044,-3596,-4725,0.458
b8acadf8f80f5534,32,4586,584,6328,1084,-4002,-5244,0.439
ef96a5f5119a09ec,32,4039,585,5625,1070,-3454,-4555,0.416
87bffda334995028,32,4296,585,5946,1076,-3711,-4870,0.445
3ed191d0ae122a6f,32,4316,576,5961,1068,-3740,-4893,0.41
ec9ea3296d011dee,32,4113,593,5693,1097,-3520,-4596,0.396
41949dd4a52604ee,32,4265,576,5921,1070,-3689,-4851,0.482
738c4692bb0324be,32,4202,578,5868,1067,-3624,-4801,0.401
307add84d96f59de,32,4168,585,5796,1076,-3583,-4720,0.413
972f4199e22c5a21,32,4183,557,5792,1019,-3626,-4773,0.458
c9339c28d81c5e46,32,4526,608,6272,1106,-3918,-5166,0.428
2abea455aeec56c4,32,4105,560,5697,1027,-3545,-4670,0.402
96308332434339c9,32,4391,567,6073,1047,-3824,-5026,0.415
eb2d154b98b33c2d,32,4211,594,5828,1095,-3617,-4733,0.453
07a3b606aaee1134,32,4209,593,5853,1092,-3616,-4761,0.427
c28eba9c786ee3c8,32,4359,590,6026,1079,-3769,-4947,0.452
1621fa10bd72e9e1,32,4479,586,6202,1070,-3893,-5132,0.455
77bce427c6bbeaf7,32,4223,569,5828,1047,-3654,-4781,0.395
9f51abb6a3f25157,32,4056,584,5635,1080,-3472,-4555,0.398
5caaea3a4d2f05d3,32,4340,582,6004,1069,-3758,-4935,0.452
0fedccb876ba9a31,32,4356,607,6006,1116,-3749,-4890,0.41
227713a53dca6ccb,32,4321,579,5979,1064,-3742,-4915,0.462
bd247c1f6accb1d1,32,4241,599,5878,1091,-3642,-4787,0.42
13c3d6e54033c96c,32,4041,590,5603,1085,-3451,-4518,0.397
da7531509b8d2684,32,4353,599,6041,1099,-3754,-4942,0.464
3a96138a492ac1d9,32,4415,585,6111,1080,-3830,-5031,0.405
91c8e7b40c72d74e,32,4233,577,5857,1056,-3656,-4801,0.406
58970c2b2adc4e13,32,4212,586,5834,1088,-3626,-4746,0.454
34dcf4e66b998988,32,4415,576,6105,1060,-3839,-5045,0.406
ffc93dcabbc415fd,32,4104,596,5674,1093,-3508,-4581,0.427
12cafc84f4078f70,32,4517,578,6239,1064,-3939,-5175,0.46
d2fb132c1a308bb7,32,3930,595,5470,1095,-3335,-4375,0.41
20bf355bfa7c4e93,32,4053,574,5640,1059,-3479,-4581,0.401
81c04e2d4007295d,32,4275,591,5913,1086,-3684,-4827,0.413
1b6e645034944c5d,32,4149,575,5750,1059,-3574,-4691,0.462
5d0b82e0d08d8a67,32,4350,569,6028,1047,-3781,-4981,0.436
51f97517cc4b72c7,32,4254,585,5900,1070,-3669,-4830,0.408
31d16b5d8a07b3ee,32,4219,546,5849,1002,-3673,-4847,0.444
4e5fe3a677bcf06f,32,4154,599,5764,1108,-3555,-4656,0.407
bfb900fa1e4df92f,32,3812,578,5321,1068,-3234,-4253,0.421
3418bb5a2d7c84a9,32,4197,573,5843,1060,-3624,-4783,0.462
ee6554f19a339b8c,32,4334,599,6002,1112,-3735,-4890,0.426
cefe6b582d775eaa,32,4158,595,5780,1105,-3563,-4675,0.406
4ef515b7515824ae,32,4386,577,6105,1062,-3809,-5043,0.476
90d22d34c68d89c1,32,3910,560,5477,1036,-3350,-4441,0.398
248d6276bce8ce69,32,4479,586,6213,1080,-3893,-5133,0.446
8328888f2037c5c9,32,4275,593,5968,1092,-3682,-4876,0.476
8040afae80a9b472,32,4503,584,6247,1075,-3919,-5172,0.46
910aa554da6b31a3,32,4309,575,6008,1063,-3734,-4945,0.443
c15fefb9a15758d6,32,4443,608,6165,1121,-3835,-5044,0.468
407e7c88e62ba744,32,3995,604,5572,1109,-3391,-4463,0.412
a7d2a9d5dfb7c541,32,4226,573,5865,1065,-3653,-4800,0.434
d8ac23f6d698a07a,32,4370,567,6060,1039,-3803,-5021,0.46
6c1d169b76ab8dc9,32,4489,586,6238,1079,-3903,-5159,0.43
8a31a1daa7eb704e,32,4127,568,5730,1055,-3559,-4675,0.413
b6c2bf8cb6c8036a,32,4159,564,5775,1032,-3595,-4743,0.472
c15bc93921be47b7,32,3945,584,5500,1073,-3361,-4427,0.409
26590618106af338,32,4382,610,6071,1122,-3772,-4949,0.429
ccb6ecffa1033eee,32,4490,580,6214,1063,-3910,-5151,0.492
c72a4e234c968c13,32,4245,574,5905,1057,-3671,-4848,0.417
349a02e2705c6415,32,4419,568,6137,1040,-3851,-5097,0.413
2dbb1cfde01af46e,32,4605,555,6385,1007,-4050,-5378,0.46
6c46a206a130cb61,32,4112,593,5705,1091,-3519,-4614,0.411
93784e1ff47f4a08,32,3866,587,5398,1078,-3279,-4320,0.421
5b1b5c713169375b,32,4294,573,5955,1061,-3721,-4894,0.475
3c1c87d7d4062d38,32,4260,589,5931,1079,-3671,-4852,0.42
7e24cd14604ee528,32,4239,570,5882,1047,-3669,-4835,0.422
e335c382eaf4615b,32,4120,569,5715,1052,-3551,-4663,0.417
ce6a9bba04ffd20c,32,4071,593,5656,1087,-3478,-4569,0.452
79189ddb1584fd00,32,4594,595,6361,1089,-3999,-5272,0.43
71c9d827873eef85,32,4281,593,5962,1090,-3688,-4872,0.47
e440fd5b277b1895,32,4471,575,6191,1059,-3896,-5132,0.435
5d7c0055eb38d96b,32,4309,610,5993,1121,-3699,-4872,0.436
d3c69a48f082f854,32,4180,570,5809,1042,-3610,-4767,0.421
294be8d54b986cfc,32,4254,593,5907,1090,-3661,-4817,0.454
ee522a19ef0c8351,32,4127,605,5729,1110,-3522,-4619,0.427
2426fd5a57248ceb,32,4041,595,5621,1090,-3446,-4531,0.446
0423e0daee19e603,32,3946,596,5513,1105,-3350,-4408,0.396
f19211eb890794c1,32,4426,558,6137,1033,-3868,-5104,0.413
9c9f14d7f859042f,32,4402,594,6104,1104,-3808,-5000,0.464
70a64ebf5c1770e8,32,4430,578,6166,1067,-3852,-5099,0.469
fd853329a04005da,32,4264,587,5900,1073,-3677,-4827,0.438
6d768ad3956514cb,32,3932,560,5475,1027,-3372,-4448,0.412
0a62d201545ad4ad,32,4258,576,5895,1071,-3682,-4824,0.467
8bf728281b91ed70,32,4170,605,5777,1115,-3565,-4662,0.419
84fca3320972f213,32,4222,563,5866,1046,-3659,-4820,0.409
4bc7a87d85533c43,32,4604,578,6400,1061,-4026,-5339,0.493
2b50d6a9489eeb68,32,4064,581,5663,1071,-3483,-4592,0.425
b4d2647856bbd200,32,4371,577,6073,1068,-3794,-5005,0.425
a53075dc5d3c1785,32,4101,580,5703,1058,-3521,-4645,0.453
8c48889abf210045,32,4592,568,6376,1045,-4024,-5331,0.428
4191382543424cc8,32,4337,596,6036,1096,-3741,-4940,0.421
59dd9518f708bb95,32,4286,596,5950,1095,-3690,-4855,0.517
df61019f125aa1fb,32,4157,595,5800,1092,-3562,-4708,0.426
2d7000f7188e3c8f,32,4219,582,5868,1065,-3637,-4803,0.42
cfb8bbd9c45ee67e,32,4527,592,6290,1091,-3935,-5199,0.477
76f86f7fff17c199,32,4054,588,5626,1068,-3466,-4558,0.407
e54d35c010821d58,32,4237,602,5884,1104,-3635,-4780,0.447
c8fbb5d8dc652f23,32,4190,533,5839,987,-3657,-4852,0.477
6b2de86c95fc322e,32,4283,601,5941,1105,-3682,-4836,0.426
de70cb1b6827788c,32,4232,584,5894,1077,-3648,-4817,0.42
97e961e03f7e026e,32,3946,579,5512,1061,-3367,-4451,0.446
163ca8c9862956e5,32,4484,551,6226,1020,-3933,-5206,0.428
b6157f5d2a75194d,32,4171,568,5773,1050,-3603,-4723,0.431
92c1dcac305aa090,32,4439,590,6144,1089,-3849,-5055,0.427
1f7933f7adb0c48f,32,4430,581,6161,1071,-3849,-5090,0.475
9573c4e0a1cab6ab,32,4511,569,6243,1051,-3942,-5192,0.467
fbe8bff770fe6c72,32,4174,590,5796,1070,-3584,-4726,0.53
d5811b808833c278,32,4001,566,5555,1040,-3435,-4515,0.405
50c89a06a508c8c0,32,4249,587,5895,1078,-3662,-4817,0.416
5e4fb5b42871e13d,32,4717,615,6540,1131,-4102,-5409,0.485
f88fcd1436438e02,32,4334,597,6034,1092,-3737,-4942,0.454
31aa8203a6b9bbd2,32,4438,565,6139,1040,-3873,-5099,0.423
7dc66e77df4c770f,32,4369,567,6055,1040,-3802,-5015,0.469
f52ce08e7051a78d,32,4079,591,5649,1077,-3488,-4572,0.418
4addb2028a8ddd5b,32,4417,598,6134,1104,-3819,-5030,0.422
d523d8e8a7ca8383,32,4372,557,6055,1028,-3815,-5027,0.462
b1ac07c552e242f1,32,4364,578,6056,1059,-3786,-4997,0.415
fc1d4b3b16a3df89,32,4253,581,5905,1075,-3672,-4830,0.412
3cf8ee41f8054e33,32,4480,604,6244,1107,-3876,-5137,0.429
e6361f088191967a,32,4621,592,6412,1088,-4029,-5324,0.506
aefd8be99791cded,32,4700,582,6498,1068,-4118,-5430,0.44
13a0b4f03479aa47,32,4063,582,5655,1064,-3481,-4591,0.402
85aff3edd65fa293,32,4323,596,5996,1092,-3727,-4904,0.432
95e95f549ab78a1f,32,4059,599,5632,1098,-3460,-4534,0.405
7fbc2f1810865c72,32,3747,607,5215,1104,-3140,-4111,0.405
e3f056fede949861,32,4137,568,5730,1043,-3569,-4687,0.465
3c9873f25691d039,32,4486,592,6221,1093,-3894,-5128,0.433
48a9e00f26df98f3,32,4439,584,6151,1073,-3855,-5078,0.462
8dded307016c9d1a,32,4254,566,5928,1041,-3688,-4887,0.409
3efd19dac0ed5351,32,4300,594,5984,1099,-3706,-4885,0.427
9e8fde54a8e92a26,32,4676,571,6491,1049,-4105,-5442,0.497
23ad7f2b73440be1,32,4250,602,5924,1105,-3648,-4819,0.42
1033c9d7820a1776,32,4384,571,6107,1048,-3813,-5059,0.421
877cc85bd087064d,32,4132,562,5730,1025,-3570,-4705,0.464
9c2fe1fb12ad7217,32,4097,589,5706,1081,-3508,-4625,0.404
f99a41fa388fc733,32,4186,585,5814,1071,-3601,-4743,0.424
98912086eab7d1d8,32,3702,558,5146,1018,-3144,-4128,0.429
c3e5a7386935480f,32,4281,584,5941,1075,-3697,-4866,0.451
1b4eb44bbf029dae,32,4015,569,5593,1034,-3446,-4559,0.422
2a46cf4df0530d6d,32,4445,596,6154,1101,-3849,-5053,0.452
b83e17e3593ca371,32,4015,566,5588,1037,-3449,-4551,0.439
02ffea10d7045f33,32,4110,602,5715,1108,-3508,-4607,0.41
5b466f97e9f08be6,32,3946,601,5507,1109,-3345,-4398,0.418
7f63aac08b0b9f93,32,4064,571,5666,1053,-3493,-4613,0.455
b7d7b9995f386b6b,32,3735,577,5182,1056,-3158,-4126,0.392
082181a23dae00c2,32,4237,576,5890,1058,-3661,-4832,0.432
f4f70de3c84ac976,32,4524,580,6270,1073,-3944,-5197,0.424
1da4ea383cc91797,32,4168,576,5821,1060,-3592,-4761,0.435
23430ab0ea44e2ab,32,4369,580,6066,1063,-3789,-5003,0.523
7711e089576c7976,32,4040,579,5632,1066,-3461,-4566,0.441
551f6fb3d19c2a63,32,4055,572,5657,1054,-3483,-4603,0.411
2e4c95f2acb23a99,32,4470,574,6227,1060,-3896,-5167,0.469
724080173c4520cf,32,4211,586,5862,1082,-3625,-4780,0.413
2b38c99c1093ff4b,32,4199,577,5861,1058,-3622,-4803,0.418
957b3490e7279c3d,32,4202,579,5837,1061,-3623,-4776,0.433
80585568aee16706,32,4163,580,5791,1074,-3583,-4717,0.462
e2d904ba5e71465b,32,4049,596,5641,1097,-3453,-4544,0.434
43f158435d13c266,32,4026,602,5587,1111,-3424,-4476,0.418
652d36ab7d37babb,32,4040,581,5629,1069,-3459,-4560,0.473
33f5eac5b50b0439,32,4206,569,5857,1047,-3637,-4810,0.422
fcd3fa1fe35eefc3,32,4331,587,5997,1079,-3744,-4918,0.432
c9665472c5333702,32,4076,577,5685,1064,-3499,-4621,0.463
a5d53bf6c090d0b5,32,4202,583,5842,1068,-3619,-4774,0.42
81811e4519dd2061,32,3885,592,5420,1089,-3293,-4331,0.428
f7f35f4bed304a81,32,4098,593,5731,1089,-3505,-4642,0.492
004c13d23cbae4af,32,4665,603,6499,1108,-4062,-5391,0.459
b44588e55afe57b5,32,4647,583,6468,1066,-4064,-5402,0.523
48c97ecb7dbc93f9,32,3795,582,5295,1067,-3213,-4228,0.446
3d2c739048a866d5,32,4108,581,5733,1064,-3527,-4669,0.455
6f0334e245720438,32,4402,607,6122,1116,-3795,-5006,0.496
4bb0d0e6d9914eb9,32,3977,597,5563,1092,-3380,-4471,0.405
cd7b67604df984d3,32,4549,589,6296,1098,-3960,-5198,0.435
b7eff0a318bb4ae2,32,4185,585,5815,1072,-3600,-4743,0.451
ddc5c5f5451e9250,32,4239,588,5894,1074,-3651,-4820,0.424
283af1c81f5c24a4,32,4522,596,6269,1097,-3926,-5172,0.431
0e84ec299a14b744,32,4129,564,5766,1043,-3565,-4723,0.495
3bc9106cad95cb72,32,4301,567,5963,1031,-3734,-4932,0.417
26bc81d8ee020cac,32,4161,591,5778,1091,-3570,-4687,0.427
9933325770c4aec6,32,4521,576,6305,1054,-3945,-5251,0.49
2d0813212a6d16c4,32,4269,609,5924,1123,-3660,-4801,0.445
6d4bfb6d5c0f6f0c,32,3990,577,5564,1060,-3413,-4504,0.445
b029e92fbeedbc60,32,4150,597,5761,1098,-3553,-4663,0.457
b9f7bf9b463fd77b,32,4135,563,5745,1041,-3572,-4704,0.442
6cd89f6938bad234,32,3812,596,5301,1091,-3216,-4210,0.409
786c3b5ca5daa04d,32,3442,584,4830,1074,-2858,-3756,0.431
cbe2089fcc1f436c,32,4139,582,5760,1066,-3557,-4694,0.412
7bee1e16935dbc73,32,4379,589,6090,1090,-3790,-5000,0.432
7174af93c9326d9d,32,4058,580,5647,1069,-3478,-4578,0.445
b5f15d52be05f5e1,32,4463,595,6211,1092,-3868,-5119,0.433
1350a1abfea9084b,32,4401,582,6145,1066,-3819,-5079,0.421
d4412fb170de5fad,32,3764,573,5260,1053,-3191,-4207,0.447
ba97c087ddd8549e,32,4141,576,5751,1053,-3565,-4698,0.417
efe0153ce108f8c8,32,3933,611,5478,1119,-3322,-4359,0.426
f75cbf199934d235,32,4340,585,6068,1083,-3755,-4985,0.47
181388f82eece6cb,32,4107,605,5722,1118,-3502,-4604,0.419
b92eaca1149aba3f,32,4179,586,5811,1079,-3593,-4732,0.424
3f08eb0e4fb7b13a,32,4325,571,6014,1031,-3754,-4983,0.478
dab867dcd22147e1,32,4388,591,6103,1086,-3797,-5017,0.428
a132e9f5a2ee23c5,32,3919,573,5447,1065,-3346,-4382,0.412
33f8b7f135397905,32,4185,592,5828,1083,-3593,-4745,0.483
348bbf88c6d42fb5,32,4084,577,5687,1067,-3507,-4620,0.414
95c8341911428131,32,4390,550,6099,1010,-3840,-5089,0.424
98ee79147d44f9a5,32,4720,588,6543,1084,-4132,-5459,0.494
0c375ce1cc42afed,32,4448,579,6197,1071,-3869,-5126,0.446
27e72cc50be5df76,32,3643,572,5081,1058,-3071,-4023,0.427
10095d3fbb11639d,32,4042,595,5611,1093,-3447,-4518,0.427
55ed013239918d21,32,4149,578,5795,1070,-3571,-4725,0.467
a4e635263f899d3e,32,3975,581,5541,1070,-3394,-4471,0.407
1a882b98a5e3a9a5,32,4296,573,5980,1055,-3723,-4925,0.441
1cd337b942771da9,32,4402,575,6097,1062,-3827,-5035,0.475
40429e7f6cef427e,32,4426,609,6142,1116,-3817,-5026,0.434
ab03f7fc7533da5e,32,4102,584,5710,1077,-3518,-4633,0.421
ec13929a59300a72,32,4178,575,5849,1065,-3603,-4784,0.429
edbc39e97947b572,32,4250,576,5922,1066,-3674,-4856,0.423
9571fbb94361ac58,32,4406,594,6113,1087,-3812,-5026,0.462
72534cebc2fd8f1f,32,4027,572,5638,1050,-3455,-4588,0.415
db12820c1646480e,32,4231,600,5881,1100,-3631,-4781,0.449
da34607b439b7866,32,3768,582,5238,1070,-3186,-4168,0.444
e1eb99e620da0a7d,32,4320,587,6041,1082,-3733,-4959,0.422
acf36054dc64751c,32,4515,568,6276,1039,-3947,-5237,0.428
a2bf5ff465ce880a,32,4563,582,6346,1078,-3981,-5268,0.482
221b66ddfa762452,32,4073,570,5674,1055,-3503,-4619,0.435
17bcf4d2a2c7c2a4,32,4228,589,5860,1081,-3639,-4779,0.422
9202dbf21e95e85d,32,4263,589,5926,1077,-3674,-4849,0.46
dae929271e44dae1,32,4371,588,6067,1085,-3783,-4982,0.489
12afc42c5015a157,32,4158,589,5777,1077,-3569,-4700,0.43
21829608b8767b08,32,3882,596,5427,1103,-3286,-4324,0.489
9457b889b51f53d5,32,4284,584,5941,1081,-3700,-4860,0.471
2ed180531c5192a1,32,4120,603,5741,1106,-3517,-4635,0.425
3f736d15f61f16a4,32,4174,599,5783,1093,-3575,-4690,0.534
0d040ca3d20459eb,32,4606,572,6402,1045,-4034,-5357,0.435
ec676fd13a7e4160,32,3807,579,5322,1066,-3228,-4256,0.442
f6b31dd455096c31,32,3974,596,5544,1083,-3378,-4461,0.454
77160e9cae6500e4,32,4243,571,5901,1045,-3672,-4856,0.41
a25e19e8961ae9c5,32,4102,608,5704,1120,-3494,-4584,0.422
be1f30fa7ba21fc9,32,4318,564,5997,1040,-3754,-4957,0.427
173efc0e8f64661c,32,4062,592,5663,1095,-3470,-4568,0.463
44abce3771b48718,32,4175,590,5821,1080,-3585,-4741,0.432
747da2be26db2be3,32,4193,579,5831,1073,-3614,-4758,0.428
2b16f10fe7bca8c4,32,4080,575,5679,1065,-3505,-4614,0.466
3762fc7d4d4474cd,32,4170,579,5832,1053,-3591,-4779,0.45
4a53b2f924e49887,32,4316,579,6029,1057,-3737,-4972,0.519
44fd0965bae6510c,32,4000,599,5561,1101,-3401,-4460,0.47
f25353aa3383ab85,32,3961,571,5534,1062,-3390,-4472,0.427
e0e9a8e654dfef49,32,3679,581,5150,1054,-3098,-4096,0.408
4d01ca5aee288edd,32,3369,568,4738,1037,-2801,-3701,0.437
3026dfd5a890d0e5,32,3778,580,5279,1068,-3198,-4211,0.397
7b87b4b8d5abc223,32,4103,596,5707,1093,-3507,-4614,0.43
52f8f53abdc6d832,32,3883,584,5456,1076,-3299,-4380,0.463
690bae5a810c212b,32,4196,593,5879,1095,-3603,-4784,0.421
b9d81c3e456eaf53,32,4002,595,5563,1091,-3407,-4472,0.419
0e379088a9391863,32,3699,587,5187,1080,-3112,-4107,0.449
b942133ac258fe28,32,3748,569,5235,1034,-3179,-4201,0.403
1b787cbceee72e17,32,3789,576,5288,1061,-3213,-4227,0.423
29361c0efedfaad7,32,3847,523,5379,960,-3324,-4419,0.421
7c404ae811997ccd,32,3976,585,5566,1079,-3391,-4487,0.476
5dc4cfa9f906ff5b,32,3764,561,5245,1029,-3203,-4216,0.395
7ad1410584fe5e2d,32,3669,572,5110,1052,-3097,-4058,0.404
dca37c3ea81b2e92,32,3819,592,5342,1096,-3227,-4246,0.412
478f9a11c74a146a,32,3100,582,4373,1071,-2518,-3302,0.395
1d08cc166d5395aa,32,3742,562,5220,1034,-3180,-4186,0.411
5c431f6a9bae847f,32,4150,589,5765,1085,-3561,-4680,0.534
cee57835d10c0c5a,32,3977,572,5541,1054,-3405,-4487,0.431
f148e25c4ea3d115,32,3535,584,4964,1081,-2951,-3883,0.391
746136d19def48a8,32,3696,572,5151,1054,-3124,-4097,0.457
aa0ae422eb92b471,32,3586,585,4998,1076,-3001,-3922,0.391
e25a7ac2a68bbd46,32,3796,560,5306,1033,-3236,-4273,0.409
bfe9e905ce57ea84,32,3791,592,5306,1078,-3199,-4228,0.466
c0a58f405cb59223,32,3974,598,5545,1101,-3376,-4444,0.438
4d34d2964f02aa8d,32,4198,566,5863,1039,-3632,-4824,0.422
65d56f0ce24d7cdf,32,4022,577,5597,1060,-3445,-4537,0.466
eeb6cbbdf7a1ae7f,32,4465,589,6215,1079,-3876,-5136,0.474
9e8cc79f9fd0da1c,32,4230,585,5912,1073,-3645,-4839,0.466
0703989afedc3977,32,3793,587,5271,1078,-3206,-4193,0.491
2929edbd45ccead9,32,3926,576,5460,1064,-3350,-4396,0.497
7c50390c30fc29f4,32,4259,574,5922,1060,-3685,-4862,0.5
c3595b17376a3dff,32,4074,567,5680,1039,-3507,-4641,0.533
2e15d9549fbcaf83,32,4209,595,5866,1094,-3614,-4772,0.496
ef9bcaca9656b07f,32,3795,582,5313,1064,-3213,-4249,0.46
bc32c2af53a347f0,32,3656,552,5102,1013,-3104,-4089,0.506
a5e46c4c7b8512b8,32,3976,572,5563,1056,-3404,-4507,0.475
b4d207cad813d928,32,3491,585,4885,1072,-2906,-3813,0.424
d5ca1b54805b892c,32,3282,576,4595,1059,-2706,-3536,0.406
56545bb47e1484a0,32,3712,595,5183,1096,-3117,-4087,0.459
3bd18c14f141aab0,32,4233,585,5889,1072,-3648,-4817,0.436
da3849a5e93946bf,32,4040,591,5607,1089,-3449,-4518,0.436
d5d435d37efe21af,32,3867,577,5375,1045,-3290,-4330,0.453
c5f2a83ceb833937,32,3832,583,5344,1081,-3249,-4263,0.419
ad2085c1aa19ebcd,32,4095,543,5716,996,-3552,-4720,0.443
0737a1ddfd6af822,32,3831,572,5350,1049,-3259,-4301,0.45
a711d1ad649916f5,32,3592,565,5045,1039,-3027,-4006,0.418
6b8bc76ba21cdcb3,32,3321,549,4642,1003,-2772,-3639,0.403
c98a12518e2d072e,32,4022,579,5620,1064,-3443,-4556,0.484
62fadd1773a453ca,32,3805,594,5326,1086,-3211,-4240,0.421
85775f52ddeb57a3,32,4060,589,5662,1086,-3471,-4576,0.462
583b6e3b8ac5666b,32,3842,581,5396,1072,-3261,-4324,0.463
15b2dde78d0e27f4,32,4374,601,6078,1108,-3773,-4970,0.44
a082b97f9d6793b0,32,3862,575,5410,1059,-3287,-4351,0.421
f48a9f507c1873e6,32,3377,563,4733,1031,-2814,-3702,0.411
825daf54439cd3ec,32,4475,562,6220,1046,-3913,-5174,0.508
aab9f88919986611,32,4003,584,5590,1073,-3419,-4517,0.436
5f7da5e64b459399,32,3748,557,5225,1025,-3191,-4200,0.397
f0a57c17121bff50,32,4345,595,6036,1094,-3750,-4942,0.475
276c16c414e8187b,32,3805,580,5306,1067,-3225,-4239,0.407
d7747294d535366b,32,3947,583,5526,1070,-3364,-4456,0.411
f24b86c2af24bb19,32,4173,604,5827,1103,-3569,-4724,0.46
968f537797575d5f,32,3366,571,4707,1046,-2795,-3661,0.418
fcd861c2bfa5274f,32,4249,595,5896,1097,-3654,-4799,0.419
f872b85231e3d08b,32,4054,566,5659,1027,-3488,-4632,0.446
4093d1b3e67dde20,32,3646,602,5116,1110,-3044,-4006,0.425
277557217641cd03,32,3812,566,5321,1046,-3246,-4275,0.418
0c281a5c3754f145,32,4364,560,6054,1020,-3804,-5034,0.466
e3762575e860b72d,32,4080,571,5681,1055,-3509,-4626,0.438
923439c328b6c738,32,3386,602,4740,1094,-2784,-3646,0.404
8f5a3c8bab99b825,32,4267,568,5921,1041,-3699,-4880,0.432
2d1b52f52be1e3e0,32,4162,596,5809,1093,-3566,-4716,0.511
f55d077784c5d4f1,32,3313,600,4638,1103,-2713,-3535,0.415
b3b125e420697f7b,32,3799,581,5304,1061,-3218,-4243,0.419
34b5d84a58e7f4ea,32,4028,600,5608,1106,-3428,-4502,0.522
d4312724ec786855,32,3808,572,5342,1049,-3236,-4293,0.422
edbd91b46347173c,32,4147,591,5774,1078,-3556,-4696,0.441
611cf9ba6c3b60c2,32,4379,588,6084,1078,-3791,-5006,0.473
400a4ad07a913b56,32,3987,567,5577,1040,-3420,-4537,0.443
ef3d613f10e49327,32,4129,587,5786,1065,-3542,-4721,0.428
614913dc11c12f1b,32,4129,569,5751,1040,-3560,-4711,0.458
7e4b93d09ad06527,32,3891,583,5419,1077,-3308,-4342,0.411
5a2747aa9c514ce5,32,3619,563,5056,1049,-3056,-4007,0.42
4e88868eb6318308,32,4441,583,6179,1081,-3858,-5098,0.501
1fbc272c45c16d19,32,3520,583,4919,1075,-2937,-3844,0.401
0bb5cf77114f8693,32,3615,563,5044,1036,-3052,-4008,0.407
702279be34cf268f,32,3742,573,5214,1051,-3169,-4163,0.451
e9bfab36329c32f0,32,3631,547,5077,1008,-3084,-4069,0.405
b6f952bbe22091de,32,3774,588,5268,1066,-3186,-4202,0.415
13fd9b62decabc1a,32,3844,591,5391,1082,-3253,-4309,0.46
204c3c64f93f8d99,32,4394,577,6124,1050,-3817,-5074,0.505
6691593fdea314e9,32,3877,589,5396,1085,-3288,-4311,0.412
5b88b31cb4f69f51,32,4490,552,6256,1010,-3938,-5246,0.423
5cc2b4967eb85381,32,3586,575,5051,1064,-3011,-3987,0.478
e4df6b8bb04b1f8d,32,3507,613,4935,1119,-2894,-3816,0.412
73b552f9868e18c3,32,3712,587,5194,1073,-3125,-4121,0.42
487eba3c9eedf0a4,32,4050,557,5644,1034,-3493,-4610,0.486
4ffcbc275d81a5f7,32,3534,598,4951,1098,-2936,-3853,0.393
6536463143c9e964,32,3418,574,4786,1045,-2844,-3741,0.396
1924e5f97fedca96,32,3053,542,4282,994,-2511,-3288,0.443
74ec62f57333c73b,32,3465,563,4854,1032,-2902,-3822,0.394
3418d272893419fb,32,3490,576,4888,1050,-2914,-3838,0.396
baf3353913483d30,32,3036,565,4269,1029,-2471,-3240,0.417
30f3e04a7c85ced0,32,2876,551,4055,1011,-2325,-3044,0.366
2dd8e1b81809795f,32,2982,553,4203,1017,-2429,-3186,0.39
0f64166cc66f5d66,32,3684,575,5150,1048,-3109,-4102,0.421
e7ab7fd7252345f7,32,3684,553,5169,1010,-3131,-4159,0.429
12f402fa0b79450e,32,3438,592,4822,1087,-2846,-3735,0.4
ddd20741d918007e,32,4122,596,5757,1096,-3526,-4661,0.481
025bd021bab6ba0a,32,3199,568,4516,1046,-2631,-3470,0.393
a84fb1199902e2a4,32,4515,573,6257,1058,-3942,-5199,0.436
5471417fc72f2ce8,32,3073,569,4310,1049,-2504,-3261,0.391
a013fe454b93617d,32,3332,565,4655,1036,-2767,-3619,0.467
fdee10b44dc5121a,32,3233,537,4546,993,-2696,-3553,0.397
ec1c9a6fe7bf1da7,32,3459,580,4860,1059,-2879,-3801,0.403
573e35b46fdae872,32,3034,574,4276,1057,-2460,-3219,0.439
26eb03d9180a9735,32,3119,566,4393,1030,-2553,-3363,0.41
0d9705fe7f74711f,32,3089,566,4363,1032,-2523,-3331,0.408
16783aed0bf342af,32,3470,551,4870,997,-2919,-3873,0.393
4e68dd1dc3201bc1,32,3310,609,4644,1119,-2701,-3525,0.47
550ad60ecff6c1dc,32,3567,545,5001,1002,-3022,-3999,0.386
e3ebe74abd4caaaa,32,3360,571,4712,1049,-2789,-3663,0.394
9bf97bd4cf3f7aff,32,3467,575,4859,1058,-2892,-3801,0.439
cd8e4f6e7b36965b,32,3530,565,4917,1025,-2965,-3892,0.399
40b12c73bebb640b,32,3512,526,4914,971,-2986,-3943,0.394
c7c8b1adbba40486,32,3444,571,4823,1057,-2873,-3766,0.413
bc8c185627375162,32,2789,565,3930,1036,-2224,-2894,0.417
a05ebd9c1116ea14,32,3231,569,4536,1032,-2662,-3504,0.382
b8d8624504fd4c21,32,2680,514,3793,944,-2166,-2849,0.357
85d446ae5bd8508b,32,3073,548,4316,1008,-2525,-3308,0.387
5dad5ab9ead24b6c,32,3654,592,5089,1087,-3062,-4002,0.474
ff38eee6237c2c4f,32,2924,572,4118,1044,-2352,-3074,0.381
5e4af78f4b05bfed,32,3316,561,4645,1026,-2755,-3619,0.395
4a62e98000d02b80,32,3818,591,5340,1072,-3227,-4268,0.448
3fe6c1e5999e287f,32,3246,583,4566,1076,-2663,-3490,0.398
ea49c5bed0ac85c0,32,4024,582,5630,1069,-3442,-4561,0.538
127951147d96bc9c,32,3491,575,4884,1044,-2916,-3840,0.403
5f5571779bb7eba1,32,3737,550,5242,1022,-3187,-4220,0.47
a7f426873934ec7d,32,3332,574,4669,1054,-2758,-3615,0.392
059fa24925673548,32,3257,582,4560,1080,-2675,-3480,0.395
73b672a61ff47ee2,32,3653,544,5130,996,-3109,-4134,0.417
2347f187c71f7c20,32,3200,571,4486,1041,-2629,-3445,0.426
7cf6adfe33b90588,32,3797,572,5318,1038,-3225,-4280,0.408
8ff67070c414ad31,32,3146,526,4403,960,-2620,-3443,0.379
aacef198271bed90,32,3499,605,4889,1102,-2894,-3787,0.443
f5120410ee61a614,32,3176,580,4450,1075,-2596,-3375,0.385
e21a209a9f4af229,32,3221,558,4534,1023,-2663,-3511,0.378
900d6bcf283b0148,32,3794,554,5289,1016,-3240,-4273,0.461
9da531d442c95794,32,3242,593,4569,1089,-2649,-3480,0.39
01a7cf35a9288343,32,3746,596,5239,1093,-3150,-4146,0.405
1b7c7f96f3a7fd1a,32,3473,577,4884,1069,-2896,-3815,0.468
d3a82d5883d2994e,32,4236,592,5898,1091,-3644,-4807,0.428
19f141ae0978ab6d,32,3382,588,4729,1073,-2794,-3656,0.391
a7aa06399a30d05d,32,3839,587,5326,1064,-3252,-4262,0.446
9d64184957f903a4,32,3413,599,4782,1095,-2814,-3687,0.396
0722111320e7c339,32,3993,581,5589,1057,-3412,-4532,0.42
24613c744c2f299b,32,3388,567,4775,1051,-2821,-3724,0.392
b04adba0f0896292,32,3648,572,5093,1046,-3076,-4047,0.446
0536f0f6abbff47b,32,3625,564,5080,1033,-3061,-4047,0.402
b49acb4828f17c54,32,3498,582,4915,1061,-2916,-3854,0.439
e0d603cb2888c224,32,3921,558,5449,1014,-3363,-4435,0.454
be056f3b267eae5a,32,3738,573,5237,1056,-3165,-4181,0.409
c9883b37f60ae609,32,4122,561,5754,1020,-3561,-4734,0.42
ad8107116d90c3aa,32,3430,553,4783,998,-2877,-3785,0.419
a4a3a79e84754822,32,3633,592,5095,1086,-3041,-4009,0.418
9cf59630854faa6f,32,3540,577,4964,1064,-2963,-3900,0.421
afdb9ead92930b11,32,2940,577,4119,1054,-2363,-3065,0.416
02101c58bc4c42ce,32,3427,537,4797,996,-2890,-3801,0.395
b3c214db6ebdd3b7,32,3622,583,5044,1071,-3039,-3973,0.419
0a4cd6943f8566c0,32,3402,558,4751,1018,-2844,-3733,0.397
991665e0cc04529f,32,3611,579,5055,1065,-3032,-3990,0.439
0899d3dab70fbe49,32,3644,553,5110,1016,-3091,-4094,0.406
9aba946e51bd3605,32,3144,587,4423,1070,-2557,-3353,0.387
e3ad8e1eeef5481a,32,3431,596,4833,1087,-2835,-3746,0.441
98eeae78bc6af8d6,32,2846,574,4002,1050,-2272,-2952,0.405
ce57d761da1b6275,32,3553,551,4995,1002,-3002,-3993,0.402
4502e4b203c6a1e7,32,3368,569,4712,1046,-2799,-3666,0.391
f7c77845178cfdaa,32,3247,588,4590,1070,-2659,-3520,0.43
22ea371df4d1b115,32,3928,570,5513,1059,-3358,-4454,0.423
efb1643433070d52,32,3011,584,4256,1077,-2427,-3179,0.386
e24026009d9f7a98,32,3568,548,5006,1004,-3020,-4002,0.435
58193e0b202adb7d,32,3201,576,4504,1048,-2625,-3456,0.387
e06e0804c48b5db7,32,3425,589,4806,1080,-2836,-3726,0.393
b34088dcd7621eb9,32,3146,579,4404,1057,-2567,-3347,0.426
e613e206f9fe8940,32,3623,596,5057,1089,-3027,-3968,0.404
e12692764fe5e407,32,3179,523,4443,954,-2656,-3489,0.38
4d5beb6ad663eb09,32,3227,544,4518,992,-2683,-3526,0.415
eb52cebcef356cc5,32,3155,552,4443,1020,-2603,-3423,0.423
ef9ac20f207be6f3,32,2933,555,4135,1017,-2378,-3118,0.364
f1001a213275d99a,32,3970,585,5523,1076,-3385,-4447,0.443
3ed6e2a741f7b9cb,32,3365,569,4719,1061,-2796,-3658,0.404
946ac45d81bd24fd,32,3395,578,4768,1065,-2817,-3703,0.438
44e1ab1936d21a78,32,3784,563,5293,1038,-3221,-4255,0.41
d37dd316831a3ca2,32,3296,595,4636,1090,-2701,-3546,0.389
e470e28d8310a81a,32,3268,587,4596,1067,-2681,-3529,0.404
368fde9c0631a44f,32,3618,578,5080,1052,-3040,-4028,0.44
34bb53137038efee,32,3683,587,5145,1071,-3096,-4074,0.421
6c160cf8c0fb2d52,32,3138,560,4393,1026,-2578,-3367,0.394
fa5e11ac0c634909,32,3183,548,4463,1008,-2635,-3455,0.432
d6a664bff75660b1,32,3070,553,4322,1012,-2517,-3310,0.391
cd013804dd05d80d,32,2734,593,3872,1081,-2141,-2791,0.368
7e88b390e322c865,32,2694,602,3797,1107,-2092,-2690,0.382
5046120270c7bf23,32,2562,557,3617,1009,-2005,-2608,0.403
8095f842e255881a,32,3009,561,4234,1030,-2448,-3204,0.379
ab333779a10576bf,32,2781,593,3937,1092,-2188,-2845,0.38
91dc4468ac5db98d,32,2671,563,3782,1017,-2108,-2765,0.395
cd8394fd0470b3ec,32,2946,561,4137,1020,-2385,-3117,0.374
5f51b4686aa37584,32,2409,538,3412,980,-1871,-2432,0.346
be0306373db830a9,32,2787,585,3948,1082,-2202,-2866,0.392
9e6022a69e0a1654,32,2786,580,3934,1067,-2206,-2867,0.422
deee46846c9d9a0b,32,3004,541,4234,981,-2463,-3253,0.425
1dcfdeefd3c6927b,32,2744,558,3856,1007,-2186,-2849,0.367
2992d4fdf0446005,32,2557,560,3619,1037,-1997,-2582,0.372
884c2c80405e7cc0,32,2739,565,3870,1025,-2174,-2845,0.368
81c44603ad886826,32,2742,578,3890,1049,-2164,-2841,0.416
c21949e8f495787d,32,2669,524,3766,952,-2145,-2814,0.38
6e085cdb34313bdb,32,3186,566,4478,1030,-2620,-3448,0.402
aa8b5829e984f811,32,2737,576,3843,1049,-2161,-2794,0.44
7feee985ab072205,32,2830,560,4008,1034,-2270,-2974,0.391
c696dacab16d8ab0,32,2630,559,3713,1006,-2071,-2707,0.372
57201be66b922591,32,2488,556,3510,1020,-1932,-2490,0.374
e2bae820bc33c2ff,32,2972,582,4209,1071,-2390,-3138,0.42
38a366dabdaf2f06,32,2561,544,3619,1000,-2017,-2619,0.359
40a79b614ba4a348,32,2911,581,4108,1060,-2330,-3048,0.373
40000b2df3815285,32,3000,594,4223,1077,-2406,-3146,0.388
ce7c83425fe83520,32,2884,577,4064,1051,-2307,-3013,0.43
70618ce90161f01e,32,2664,570,3757,1044,-2094,-2713,0.383
099bd463c06bff0a,32,2690,557,3791,1021,-2133,-2770,0.373
4c8cdcd238969a9f,32,2621,547,3707,981,-2074,-2726,0.365
74fe116ceb0a7ecc,32,2475,544,3492,990,-1931,-2502,0.406
2ff732edc07803fc,32,3487,556,4883,1021,-2931,-3862,0.394
0ed2c359e9381032,32,2629,585,3716,1069,-2044,-2647,0.378
50f4d6174bd0037f,32,2937,573,4153,1049,-2364,-3104,0.376
f5760e9edef2298f,32,2962,568,4170,1045,-2394,-3125,0.428
4cb6ff0087f36bb7,32,2833,556,4002,1010,-2277,-2992,0.379
9fba14407794fd04,32,2660,548,3753,1009,-2112,-2744,0.374
2a7516612939ce6e,32,2621,501,3692,898,-2120,-2794,0.355
7ee2d352a8b6cfdb,32,2876,578,4044,1043,-2298,-3001,0.423
44fdebe9bf6e7391,32,2800,583,3934,1060,-2217,-2874,0.376
260b7455b3ae1f50,32,2434,535,3441,977,-1899,-2464,0.359
f2f9530bbea98147,32,2794,550,3938,1005,-2244,-2933,0.378
17ae48b8b9d370d1,32,2574,534,3640,965,-2040,-2675,0.395
aa5c1430b9e00c24,32,2832,570,3981,1036,-2262,-2945,0.384
9efdd684fe7f864f,32,3413,586,4778,1071,-2827,-3707,0.396
072f7c6d7f5b28a4,32,2636,587,3725,1068,-2049,-2657,0.365
6b441769f3b5afaa,32,2566,567,3652,1023,-1999,-2629,0.397
2bee6d9d4f9a6339,32,2893,546,4079,1001,-2347,-3078,0.383
70522546149a8440,32,2719,601,3851,1111,-2118,-2740,0.39
8a9ed780115b855d,32,3027,555,4276,1015,-2472,-3261,0.374
4cd1322ca03dda26,32,3251,569,4568,1043,-2682,-3525,0.435
3fb134b65d16b18c,32,3337,553,4685,1006,-2784,-3679,0.398
b318425732ea258e,32,3016,557,4270,1024,-2459,-3246,0.377
f63347f4c345e273,32,2721,517,3826,935,-2204,-2891,0.446
14858de9e611bc95,32,2449,568,3478,1051,-1881,-2427,0.363
b73d7a030e03c773,32,2549,569,3602,1034,-1980,-2568,0.365
63e3f827efeff0e9,32,2594,508,3644,914,-2086,-2730,0.352
c76354f651f83d79,32,2929,576,4090,1058,-2353,-3032,0.422
dff1ac7b7cbd7c10,32,2830,507,3972,934,-2323,-3038,0.361
a8b113cacf332744,32,2805,531,3961,964,-2274,-2997,0.366
3052756388a9371a,32,2992,547,4221,1007,-2445,-3214,0.417
d205a24f207dd739,32,3128,593,4410,1095,-2535,-3315,0.456
64fbdbc0f9933915,32,2732,590,3847,1083,-2142,-2764,0.371
c90fd7698ca76d4a,32,3226,570,4520,1036,-2656,-3484,0.404
d902369e640ebd17,32,2991,579,4197,1042,-2412,-3155,0.38
e0d07286e3dd2655,32,2776,562,3901,1040,-2214,-2861,0.422
ba10334c34d689c8,32,2569,553,3639,1018,-2016,-2621,0.373
85c348c0db7d8060,32,2815,561,3951,1029,-2254,-2922,0.377
627fadea69d79a7f,32,2996,557,4234,1017,-2439,-3217,0.392
f825d0543ba79b82,32,3282,545,4633,989,-2737,-3644,0.441
3378ecb12d20d114,32,2497,571,3521,1043,-1926,-2478,0.354
e3c112d83e2bfe4e,32,2896,539,4078,969,-2357,-3109,0.387
0f95ead0f3656f78,32,2714,558,3827,1018,-2156,-2809,0.383
e69a11a69d0b8f30,32,3136,550,4410,1000,-2586,-3410,0.424
a6ae10be2e9789b9,32,2731,534,3848,977,-2197,-2871,0.36
b027acbf958f9b68,32,3135,588,4414,1078,-2547,-3336,0.428
2fed796636dfaf08,32,2657,538,3753,967,-2119,-2786,0.397
118a04eee14db511,32,3319,570,4659,1025,-2749,-3634,0.398
09aaa4544f93f930,32,2853,552,4019,998,-2301,-3021,0.377
0dc334cba383f49d,32,2650,589,3733,1071,-2061,-2662,0.367
5f5ab34ab6bac4e8,32,2902,554,4096,1019,-2348,-3077,0.421
4ba9b68f14dfc891,32,3304,565,4639,1043,-2739,-3596,0.419
b5a2eb406544416c,32,3225,548,4518,997,-2677,-3521,0.394
d98def34cb62c1fd,32,2750,590,3876,1091,-2160,-2785,0.388
56e3c6deea04e3d1,32,2907,556,4123,1031,-2351,-3092,0.375
3f742913913de711,32,2310,492,3263,890,-1818,-2373,0.441
a33af5b066956869,32,2983,570,4175,1042,-2413,-3133,0.381
c75ed5b28951eac4,32,2545,533,3596,969,-2012,-2627,0.396
e0ab932e97d02e00,32,2389,469,3350,839,-1920,-2511,0.343
71c3f3b138be87a8,32,2842,565,4000,1019,-2277,-2981,0.376
229af4cf2043a0a9,32,2567,605,3626,1097,-1962,-2529,0.391
0117530726a1f247,32,2953,588,4160,1073,-2365,-3087,0.418
3fbaf9749ba2715e,32,3636,580,5070,1053,-3056,-4017,0.41
b94c41cb16c61b8a,32,2604,587,3665,1065,-2017,-2600,0.411
302b07e3f2f7623e,32,2603,566,3689,1052,-2037,-2637,0.413
c2324990bd2259a0,32,2679,567,3784,1033,-2112,-2751,0.366
be06d8db796c521a,32,3328,568,4655,1039,-2760,-3616,0.395
0fb3bdd58b721359,32,2467,536,3489,970,-1931,-2519,0.378
52a5e22e3261a5a0,32,2881,601,4056,1092,-2280,-2964,0.417
9bc7ebd660b77ecc,32,2372,549,3346,1011,-1823,-2335,0.35
7cf5d3c929bdbfe7,32,2021,542,2847,987,-1479,-1860,0.346
82ff6dbe2e9b5c86,32,2000,482,2832,857,-1518,-1975,0.33
d8c90cc2bef6e729,32,2091,510,2949,905,-1581,-2044,0.353
3ad6b52762255700,32,2330,575,3296,1051,-1755,-2245,0.388
5c44a72e07b36624,32,1921,556,2730,1015,-1365,-1715,0.329
04c49d7474b08ac5,32,2145,548,3044,995,-1597,-2049,0.352
d5cfb5db19e34ff2,32,2572,538,3631,969,-2034,-2662,0.358
d8b830b0afea5fd4,32,2826,556,3994,1029,-2270,-2965,0.427
dee4332333525bb6,32,2251,552,3176,986,-1699,-2190,0.357
8047f85efa5799ae,32,2236,549,3162,1013,-1687,-2149,0.355
3b90b4903dad6926,32,1964,557,2784,1003,-1407,-1781,0.342
99f32878971aa9bc,32,2563,565,3614,1026,-1998,-2588,0.373
5348f1b77b6e0a00,32,2212,516,3119,931,-1696,-2188,0.368
8af5ba47efbfdc1f,32,1827,536,2580,969,-1291,-1611,0.349
7fb4765a6e9ec624,32,2014,514,2850,933,-1500,-1917,0.344
34d8d0ddd30452d5,32,2245,535,3164,950,-1710,-2214,0.342
ec7603c3465cea1c,32,2542,565,3612,1020,-1977,-2592,0.417
bf41095c70bf60a3,32,2672,528,3767,952,-2144,-2815,0.357
d273281fc0dd13be,32,2676,590,3781,1069,-2086,-2712,0.405
8218eabd7f8c618b,32,1869,512,2653,910,-1357,-1743,0.325
6e66885e0c4f4d20,32,2393,560,3398,1021,-1833,-2377,0.404
8ec8e867d701dd35,32,2140,529,3034,936,-1611,-2098,0.33
429a7c9223aa2e1f,32,2291,570,3244,1046,-1721,-2198,0.353
38ab000fdad8f565,32,2157,566,3050,1012,-1591,-2038,0.347
5716c8c12c9b03e4,32,2547,579,3584,1060,-1968,-2524,0.37
f43688f5f8f78562,32,1869,523,2668,955,-1346,-1713,0.408
fd628574e078617f,32,2240,546,3177,992,-1694,-2185,0.348
5a3ed922df4b6966,32,2156,547,3043,1011,-1609,-2032,0.346
3b4955afe3a5fe7e,32,2621,522,3684,947,-2099,-2737,0.365
378f0f247cb292c3,32,1856,502,2645,903,-1354,-1742,0.324
5d4fa9ec65356833,32,1902,528,2699,946,-1374,-1753,0.377
2c385cd0db22eb78,32,2167,576,3080,1039,-1591,-2041,0.354
8f2a7230ed25b977,32,2103,518,2960,933,-1585,-2027,0.351
9a15bf515b9dfb94,32,2286,535,3235,979,-1751,-2256,0.347
d99eb961da4a5bc0,32,2022,503,2847,911,-1519,-1936,0.334
71b1d6c6de34a29c,32,2404,552,3401,1011,-1852,-2390,0.344
be3102640ab1a294,32,2319,568,3274,1019,-1751,-2255,0.37
754f7fc9dc87603b,32,2454,563,3466,1033,-1891,-2433,0.361
07c5f272f8f9749d,32,2390,537,3378,982,-1853,-2396,0.36
de8a456c6ac73126,32,2271,550,3219,988,-1721,-2231,0.394
db708be20b925f69,32,1754,518,2496,934,-1236,-1562,0.314
f2050c02ddd5c438,32,1760,483,2482,868,-1277,-1614,0.33
938d5e0220fd0002,32,2504,560,3539,1018,-1944,-2521,0.367
22b2b274c9751d66,32,2224,530,3145,980,-1694,-2165,0.389
d0d32c846af8dc45,32,1838,563,2608,999,-1275,-1609,0.337
edc551d05836acf4,32,1737,472,2464,859,-1265,-1605,0.316
bcc9751e21a26d36,32,1959,489,2778,882,-1470,-1896,0.333
0474b5b636c88c6e,32,1771,533,2514,956,-1238,-1558,0.322
c12333f745f08f5b,32,2410,498,3406,890,-1912,-2516,0.346
5ab3d63edb9760dc,32,1773,455,2501,812,-1318,-1689,0.35
9f3bf18652eac5b7,32,2402,539,3385,984,-1863,-2401,0.355
673c1c2a1aeea3a9,32,2130,536,3024,970,-1594,-2054,0.337
90ccbbcfca42ee7a,32,1746,550,2477,987,-1196,-1490,0.326
77a253a371e2c4f7,32,2081,541,2943,977,-1540,-1966,0.415
7d7df395c4b6309b,32,2569,549,3613,999,-2020,-2614,0.357
d4aa98c548985fc0,32,2095,561,2957,1018,-1534,-1939,0.365
d1e5da71f41a9b46,32,2332,567,3315,1046,-1765,-2269,0.378
6b62ed0d43f7e888,32,1928,502,2734,898,-1426,-1836,0.324
0537d8ca94284c97,32,2418,490,3397,876,-1928,-2521,0.384
138e1f9a8adef476,32,2242,521,3161,929,-1721,-2232,0.335
18d6c466be0d3bef,32,2108,495,2999,911,-1613,-2088,0.34
a40282f0f0c8577a,32,2172,527,3065,954,-1645,-2111,0.339
394fc5fdf5edb270,32,2269,607,3198,1107,-1662,-2091,0.345
9db3b994cff3f85d,32,1918,486,2715,884,-1432,-1831,0.325
de8326c5a6df340f,32,1876,547,2661,995,-1329,-1666,0.331
6d49d5b8c81f3c31,32,2375,559,3354,1018,-1816,-2336,0.359
12a176bedfbe31f0,32,2100,537,2974,988,-1563,-1986,0.384
db38b622efa2fed4,32,2364,522,3346,954,-1842,-2392,0.381
5a2940bc0f086dd0,32,2442,571,3461,1040,-1871,-2421,0.378
6f2c877bcb3c87eb,32,1968,515,2781,909,-1453,-1872,0.327
9545bcdc85747d62,32,2215,537,3147,978,-1678,-2169,0.347
0d7387b92de37baa,32,2186,536,3100,960,-1650,-2140,0.378
843090e58a4fc71a,32,2237,571,3150,1031,-1666,-2119,0.341
5dc5b179e0522504,32,1966,531,2761,955,-1435,-1806,0.322
e80ec206af533404,32,2479,596,3511,1089,-1883,-2422,0.371
8738ea9242c922f1,32,2002,549,2838,1000,-1453,-1838,0.374
a557ed04054cb675,32,2300,544,3249,991,-1756,-2258,0.344
a8b1dd3bce704f42,32,2144,572,3034,1029,-1572,-2005,0.361
5d1de15c33155ef2,32,1895,484,2688,878,-1411,-1810,0.345
2d6657536ff0510e,32,1926,530,2734,967,-1396,-1767,0.338
e37f92e48740943c,32,2416,565,3426,1031,-1851,-2395,0.395
9eee8cce68681d79,32,2249,584,3209,1057,-1665,-2152,0.349
3120525c5967ff0c,32,2781,552,3944,1011,-2229,-2933,0.365
6ccebeae5e550e89,32,2033,544,2893,987,-1489,-1906,0.355
0c33ee207f3f55d1,32,2074,586,2942,1063,-1488,-1879,0.391
bb5fb74d9ea0e53b,32,2433,550,3439,1003,-1883,-2436,0.367
115a8cb05cc12c14,32,2296,521,3250,950,-1775,-2300,0.347
57cd5ca366724c53,32,1892,515,2687,948,-1377,-1739,0.374
d4152978ab52e961,32,2138,579,3022,1051,-1559,-1971,0.355
a0954d6161f87abf,32,1900,525,2692,948,-1375,-1744,0.37
3e3b3fcfcf8048b4,32,2375,540,3364,1000,-1835,-2364,0.359
bcaefb48d4073a2b,32,2814,567,3960,1039,-2247,-2921,0.376
db2f37ca2fe7f1e8,32,2626,535,3686,974,-2091,-2712,0.363
25a814f2b35b2b39,32,1937,554,2765,1015,-1383,-1750,0.348
5fa480940e5f1354,32,1852,511,2619,908,-1341,-1711,0.378
2f04f97104dbf4a6,32,2227,512,3151,914,-1715,-2237,0.351
b8c206292401cb8e,32,2166,553,3066,1004,-1613,-2062,0.348
ba7a952da509ea9c,32,2161,485,3042,844,-1676,-2198,0.328
f66d721b56aceef6,32,2290,536,3231,972,-1754,-2259,0.389
7fca3aa8b6154d02,32,1616,490,2289,881,-1126,-1408,0.306
0d09a264cd501c6e,32,1349,422,1902,746,-927,-1156,0.289
9276def0c5ef0b21,32,1448,437,2034,754,-1011,-1280,0.326
b6fc755a6423b0dd,32,1516,547,2146,975,-969,-1171,0.32
1ecd336297fd502b,32,1096,515,1564,906,-581,-658,0.288
5c309a499248369c,32,1193,429,1694,766,-764,-928,0.289
4b7066eb0c8011c3,32,1253,506,1787,907,-747,-880,0.363
818aa1e49d950189,32,999,446,1420,778,-553,-642,0.265
355ace823a0a62b6,32,1538,520,2162,927,-1018,-1235,0.308
ef714b6271d77d9f,32,1117,441,1585,769,-676,-816,0.286
5d3f38aace65f2a6,32,849,355,1212,620,-494,-592,0.255
294ca19533901cef,32,1830,540,2590,981,-1290,-1609,0.33
2a79a6a45110c28d,32,1571,424,2219,763,-1147,-1456,0.339
6b962999ae262aae,32,1592,403,2242,720,-1189,-1522,0.312
b6628752e40275dd,32,1156,404,1631,722,-752,-909,0.269
abcf5bd85c374adf,32,1343,449,1886,756,-894,-1130,0.282
94b0a3af9d96ee8b,32,1282,510,1816,901,-772,-915,0.286
ffae852b74255b42,32,1312,475,1872,844,-837,-1028,0.299
e0b99fb408bbbf76,32,1548,487,2187,855,-1061,-1332,0.35
f31f9d6ee533db65,32,1010,341,1445,606,-669,-839,0.269
3c6f932da5f28ba1,32,1197,446,1694,775,-751,-919,0.282
3954d4682148ecb5,32,1182,414,1668,719,-768,-949,0.29
c366988833a9864a,32,1633,529,2319,933,-1104,-1386,0.314
8ec9371cb7539bf1,32,1504,461,2127,824,-1043,-1303,0.306
3b6ecc71ffc7bad2,32,1157,457,1651,811,-700,-840,0.319
cfb85b59d4fd672b,32,1490,480,2106,858,-1010,-1248,0.297
b34a8279f2fc8b85,32,1322,488,1858,851,-834,-1007,0.287
7993a7dc13abdce6,32,1203,465,1717,819,-738,-898,0.298
af4f99761b406826,32,1341,492,1910,893,-849,-1017,0.31
a590adfd3587a313,32,1660,448,2351,793,-1212,-1558,0.309
3f15c7a36ebc4e26,32,1565,511,2206,901,-1054,-1305,0.335
82f843753050b602,32,1565,489,2219,878,-1076,-1341,0.318
25133de3cd1d71b9,32,867,393,1235,661,-474,-574,0.263
da9af03f42c670c2,32,1362,525,1942,940,-837,-1002,0.315
d75c0f92f4637058,32,1023,388,1447,657,-635,-790,0.269
79f33d5d15700ab9,32,1097,385,1555,688,-712,-867,0.268
154f805203f75d6a,32,1273,517,1825,907,-756,-918,0.299
2b4f8d3a620a9d9a,32,1223,451,1722,790,-772,-932,0.292
a1c596fcec27104f,32,1323,549,1879,959,-774,-920,0.334
4d6ed8a6648236ac,32,1480,466,2103,821,-1014,-1282,0.3
d3c330e7ae1f83cc,32,1207,482,1720,858,-725,-862,0.31
09d397195aa9383d,32,1286,525,1837,930,-761,-907,0.303
324c393a0366b1c4,32,1304,462,1851,809,-842,-1042,0.3
8752fc49b369e61b,32,1132,479,1584,834,-653,-750,0.279
403e9c459fc4bf62,32,1293,474,1827,844,-819,-983,0.324
15ba26bdc6f3a5dd,32,1574,470,2230,867,-1104,-1363,0.304
03cbcf2221ba70b7,32,1346,447,1908,788,-899,-1120,0.29
9140b342c0b01f3b,32,1092,463,1544,823,-629,-721,0.282
0b39c7702782ab1a,32,1348,446,1920,806,-902,-1114,0.295
6f97d53452980bd1,32,1440,464,2037,813,-976,-1224,0.306
694a0feed4619c89,32,1309,494,1840,876,-815,-964,0.292
a9bf925e0fdc5e04,32,1308,435,1858,791,-873,-1067,0.335
58096ed4c598a41f,32,1408,447,1995,796,-961,-1199,0.287
dd0021987ec4368e,32,963,386,1379,693,-577,-686,0.286
d7d1410f5be7aa6c,32,1527,511,2172,904,-1016,-1268,0.317
2fee4252080c8fb0,32,1182,454,1674,785,-728,-889,0.366
417dc000e8c43c1b,32,958,483,1363,820,-475,-543,0.281
55506a2a83547088,32,1005,371,1406,621,-634,-785,0.26
d76b4562e84c4a0d,32,1550,515,2196,909,-1035,-1287,0.348
e52dc585b1a96fe8,32,1520,534,2153,951,-986,-1202,0.31
19aeeda803653033,32,1806,525,2561,944,-1281,-1617,0.367
d115b00ce9cae555,32,1935,576,2726,1028,-1359,-1698,0.398
7d4b190c244821a6,32,1663,498,2368,900,-1165,-1468,0.324
be24e42bd8e666bf,32,1115,460,1582,830,-655,-752,0.324
19c7973cfa8f8b30,32,1079,410,1531,723,-669,-808,0.324
6b332cccfa895a04,32,1505,557,2137,978,-948,-1159,0.336
68def7406897c53f,32,1168,464,1658,835,-704,-823,0.298
9c7c1ff8cd39cf3e,32,1114,461,1582,780,-653,-802,0.289
26e0233145724f86,32,1138,445,1604,771,-693,-833,0.29
a9f80d609a444245,32,1366,366,1940,660,-1000,-1280,0.299
89b287a1a1f085d8,32,1519,525,2149,929,-994,-1220,0.305
c03e7cee1c52d57f,32,1535,518,2182,927,-1017,-1255,0.346
7a2bc1d7c9ba40d3,32,1207,402,1722,712,-805,-1010,0.278
1ac1f6a12fa7de23,32,1330,488,1880,849,-842,-1031,0.295
60046ca4262dafcf,32,1460,468,2069,831,-992,-1238,0.326
767994b1e09c006f,32,1548,427,2191,765,-1121,-1426,0.304
7323a1e14b89763f,32,1309,443,1843,781,-866,-1062,0.294
785bbe7d2f3295ed,32,1198,427,1703,743,-771,-960,0.286
682d6e6b122cf03f,32,1061,465,1515,836,-596,-679,0.321
c802508985040080,32,1306,496,1846,877,-810,-969,0.294
5f90dec6dabb9d29,32,1404,422,1989,764,-982,-1225,0.3
63c0850185152efb,32,1584,535,2243,957,-1049,-1286,0.332
1ebd469785a839d7,32,1621,556,2311,1009,-1065,-1302,0.336
1f56118b2fb72157,32,1086,413,1544,751,-673,-793,0.283
f13176e47d4b4678,32,1274,480,1796,856,-794,-940,0.299
1ab8e480cdbf9762,32,899,338,1263,580,-561,-683,0.293
80c7d32c3b36da79,32,1596,504,2258,899,-1092,-1359,0.374
87a7c3a35255622b,32,1284,462,1825,838,-822,-987,0.293
061765822e901e8a,32,1176,349,1664,601,-827,-1063,0.286
e22f9db1f6de4c68,32,1326,469,1880,826,-857,-1054,0.297
a5655f362538bb98,32,1143,422,1617,719,-721,-898,0.272
554441ad6a639ba8,32,1192,467,1691,804,-725,-887,0.287
249c90b5459fb26c,32,1264,478,1793,852,-786,-941,0.347
882dfee5d0ceb343,32,1365,485,1938,850,-880,-1088,0.29
faa5f61caac63fb5,32,1656,491,2345,885,-1165,-1460,0.317
70767ed94a85481e,32,1354,489,1927,861,-865,-1066,0.3
56e6bd88832a7b6b,32,1615,529,2293,945,-1086,-1348,0.344
ba7e454ecaebfbf1,32,1261,464,1781,799,-797,-982,0.284
5027e5db520e10a5,32,1164,374,1649,656,-790,-993,0.284
ae4f57866cfbdedf,32,1900,489,2679,876,-1411,-1803,0.378
de67d9c57d06e79e,64,3758,2197,5390,3922,-1561,-1468,1.219
1ca29c20139626ae,64,3906,2245,5605,4019,-1661,-1586,1.285
f33c2c860c89a42e,64,3814,2095,5474,3717,-1719,-1757,1.223
f8d01bc140b97aaa,64,4458,2194,6417,3946,-2264,-2471,1.269
fa60de25b9c52e74,64,4636,2273,6637,4084,-2363,-2553,1.24
2ca4a0eac1a566e6,64,3630,2199,5180,3925,-1431,-1255,1.275
c1cd3d76b8e867ae,64,4576,2352,6552,4255,-2224,-2297,1.317
858a37e2624c82de,64,4068,2053,5851,3667,-2015,-2184,1.234
9b00f1bf50920d60,64,4328,2209,6198,3978,-2119,-2220,1.271
a323a302b746b2a9,64,3880,2270,5608,4038,-1610,-1570,1.238
02518b9afe706d32,64,3482,2211,5001,3934,-1271,-1067,1.185
fc08b7c3374acbb9,64,4526,2191,6524,3913,-2335,-2611,1.319
7393164ea5d86125,64,4054,2200,5831,3972,-1854,-1859,1.254
737daad40da0e51d,64,4068,2247,5870,4002,-1821,-1868,1.322
5b56e67deae70070,64,4150,2235,5915,3978,-1915,-1937,1.301
7c9bb15109e14474,64,3800,2107,5469,3800,-1693,-1669,1.245
ac5d89ddd0a649a7,64,3590,2248,5166,4012,-1342,-1154,1.236
942a2d4171b1b07f,64,4136,2126,5926,3771,-2010,-2155,1.169
a7bc40ef4d0258dc,64,3576,2131,5141,3794,-1445,-1347,1.198
428ebd5d530dd389,64,3836,2127,5492,3831,-1709,-1661,1.235
1da7395734f77d91,64,3960,2218,5697,4017,-1742,-1680,1.254
f885ace75fbdf28b,64,4150,2219,5952,3977,-1931,-1975,1.254
01d8704d2736570d,64,4132,2324,5958,4173,-1808,-1785,1.287
7558b5a10032d66c,64,3846,2250,5553,4072,-1596,-1481,1.197
1abab8537c9e3de0,64,3578,2089,5135,3737,-1489,-1398,1.206
f2fe7dd4b8014f4a,64,3968,2277,5641,4109,-1691,-1532,1.237
de4376c7aec0f909,64,4070,2195,5844,3896,-1875,-1948,1.217
f0e854160bfadac1,64,3720,2254,5360,3988,-1466,-1372,1.12
e92b08457280fdef,64,3612,2206,5179,3974,-1406,-1205,1.234
f41cff7f3985372b,64,4144,2148,5918,3884,-1996,-2034,1.168
82c563aea6ef4a94,64,3458,2050,4959,3651,-1408,-1308,1.184
c365d2bcd63a673d,64,3874,2254,5580,4029,-1620,-1551,1.268
1ab0cc61f5454cf0,64,4446,2318,6419,4244,-2128,-2175,1.348
adeb6e3611a4edc7,64,4074,2285,5853,4122,-1789,-1731,1.254
2ca48d52f203828b,64,4057,2236,5843,4096,-1821,-1747,1.306
5974955fa15cf583,64,4432,2234,6316,4004,-2198,-2312,1.261
a5f8dad80d185280,64,3862,2107,5590,3774,-1755,-1816,1.2
f2619e201d12d1d4,64,4192,2229,6018,4026,-1963,-1992,1.194
be3c0579187dd91a,64,4118,2128,5914,3802,-1990,-2112,1.276
cfe5f0a88ac1ca9b,64,4148,2237,5958,4066,-1911,-1892,1.231
98a9ec95cec30f47,64,3890,2318,5624,4151,-1572,-1473,1.236
d1d2bab1d35d8888,64,4062,2304,5879,4125,-1758,-1754,1.247
bf9227788e89c43c,64,4304,2205,6200,3941,-2099,-2259,1.256
f039f96e3ddc45db,64,4004,2111,5758,3744,-1893,-2014,1.183
7de94ffc8bb8ea55,64,4672,2280,6721,4125,-2392,-2596,1.242
f84707991daf1c7e,64,3702,2219,5323,3933,-1483,-1390,1.14
9a3dc6cccb2c6f9f,64,3824,2346,5476,4184,-1478,-1292,1.18
fc8b021a623fff38,64,3108,2086,4466,3726,-1022,-740,1.162
24071c4038ef0e2b,64,4618,2149,6598,3856,-2469,-2742,1.232
f8b9c8a3e2b415a7,64,3914,2358,5606,4252,-1556,-1354,1.264
b7e89f344b6a2e72,64,3806,2295,5488,4170,-1511,-1318,1.235
2b09738e3f9abc5d,64,4070,2131,5835,3776,-1939,-2059,1.142
533024ed343b5064,64,4634,2267,6616,4080,-2367,-2536,1.253
721448895dae143c,64,4308,2294,6204,4128,-2014,-2076,1.18
097f09209969a636,64,4060,2153,5832,3874,-1907,-1958,1.199
1a83005b016fc955,64,4088,2222,5890,3991,-1866,-1899,1.178
8b79f103ff0b79a3,64,3670,2271,5299,4032,-1399,-1267,1.263
875d5fdec0202e73,64,3612,2166,5208,3878,-1446,-1330,1.161
29f3eadec3032392,64,3696,2226,5299,4000,-1470,-1299,1.225
e9049bc84257d663,64,4138,2235,5966,3976,-1903,-1990,1.209
6216a2cfc86232a8,64,3958,2198,5686,3982,-1760,-1704,1.203
04f9625460a51a51,64,3958,2339,5719,4251,-1619,-1468,1.287
65173a9d90916d56,64,3726,2127,5380,3812,-1599,-1568,1.194
b4702e192df178f8,64,4066,2207,5835,3955,-1859,-1880,1.341
80eda8aec1d6fdd5,64,3848,2285,5547,4086,-1563,-1461,1.263
02dffe695e409995,64,4794,2166,6903,3868,-2628,-3035,1.282
3faa48246521de23,64,4148,2316,5929,4234,-1832,-1695,1.261
d92d384bb3b4dc8f,64,4148,2208,5965,3977,-1940,-1988,1.28
d2b51da37d75a832,64,3722,2055,5373,3656,-1667,-1717,1.2
2a1a4d42e291e30e,64,3812,2090,5532,3740,-1722,-1792,1.24
40f2f5642fa341d3,64,4438,2245,6398,4079,-2193,-2319,1.274
3746b23fad7ad480,64,3832,2256,5452,4029,-1576,-1423,1.283
409e6b1a9e2cb480,64,3952,2156,5701,3884,-1796,-1817,1.259
dcc8f4e4f4c0e6b6,64,4258,2220,6141,3969,-2038,-2172,1.25
a9a3649298940e7b,64,3826,2196,5508,3938,-1630,-1570,1.192
3c57a85fe0eb04cb,64,4136,2282,5968,4111,-1854,-1857,1.303
cbde49a83ed33fb9,64,4056,2259,5831,4047,-1797,-1784,1.247
36d57fe4d8a88d85,64,3462,2272,4991,4103,-1190,-888,1.244
82a399eca186791b,64,4092,2261,5865,4058,-1831,-1807,1.285
0fe048dfc9c80dea,64,3510,2267,5040,4059,-1243,-981,1.212
0edc382d6c4bb2cf,64,4508,2319,6472,4189,-2189,-2283,1.349
bc1980761e9b27a6,64,4078,2233,5885,4041,-1845,-1844,1.265
9c1413735b8357fb,64,4216,2228,6056,3991,-1988,-2065,1.325
dd543fec227b123f,64,3738,2116,5350,3823,-1622,-1527,1.195
182965b1a9dab729,64,4266,2238,6101,3993,-2028,-2108,1.316
5d17dd8155b8a918,64,4226,2357,6074,4249,-1869,-1825,1.267
dce5402a6b550902,64,4652,2255,6701,4077,-2397,-2624,1.397
d3a4d7ac80cf4e3e,64,3852,2183,5534,3918,-1669,-1616,1.228
58380b89ad3796c7,64,4170,2134,5993,3854,-2036,-2139,1.283
de6507158c3e32ea,64,4180,2141,6016,3882,-2039,-2134,1.295
5496f371ab7c4b22,64,3734,2139,5399,3777,-1595,-1622,1.224
92971be4c078bf37,64,3664,2167,5253,3889,-1497,-1364,1.268
7cea6f34232f859b,64,3996,1985,5726,3522,-2011,-2204,1.23
fe9e237220534330,64,4320,2207,6195,3995,-2113,-2200,1.256
a8dde3f67a2b2d48,64,4252,2359,6111,4287,-1893,-1824,1.334
c9612e9ff76ebe7f,64,4082,2247,5914,4012,-1835,-1902,1.304
b0988a0bfe84a998,64,4354,2196,6221,3958,-2158,-2263,1.271
a0664a6356c967b5,64,3422,2254,4903,4007,-1168,-896,1.231
047c88382e28e483,64,4118,2358,5912,4233,-1760,-1679,1.258
22827dfbd664b666,64,3740,2235,5408,3954,-1505,-1454,1.23
ce6816c23def96f3,64,7368,2291,10556,4183,-5077,-6373,1.443
7bed86a958f51199,64,6950,2379,9955,4324,-4571,-5631,1.548
a02ef3bc493d9338,64,7830,2337,11240,4239,-5493,-7001,1.53
eb3749da3e880928,64,7928,2356,11383,4284,-5572,-7099,1.462
843aa7aa9c14b926,64,6564,2335,9410,4259,-4229,-5151,1.477
628d2e2284db39b5,64,7114,2400,10235,4410,-4714,-5825,1.472
62dab6edfd529f3d,64,6771,2369,9713,4318,-4402,-5395,1.482
a7026f49f7247c50,64,7743,2346,11115,4282,-5397,-6833,1.534
aa760dd50f2e1d7f,64,6873,2327,9884,4227,-4546,-5657,1.431
e428d52164b42eaa,64,8082,2355,11578,4274,-5727,-7304,1.528
f6096f0a2bf64e24,64,7592,2338,10918,4271,-5254,-6647,1.533
5f2d845785bfaa1c,64,6654,2316,9552,4203,-4338,-5349,1.44
76fb9359ac8688e0,64,7438,2461,10651,4465,-4977,-6186,1.493
6d0c78c114aeab4b,64,7170,2354,10273,4259,-4816,-6014,1.467
3c3647662a334602,64,7520,2379,10776,4347,-5141,-6429,1.494
4f456401a507dba8,64,7776,2296,11066,4190,-5480,-6876,1.444
83ef3a290a5eee20,64,7548,2299,10841,4175,-5249,-6666,1.458
f505749393392da7,64,6388,2359,9176,4270,-4029,-4906,1.63
e7c5ecad6d2a55f2,64,7852,2377,11278,4325,-5475,-6953,1.823
a029f90467c0f25f,64,7270,2362,10430,4293,-4908,-6137,1.642
f417aab497e9720d,64,8246,2370,11830,4330,-5876,-7500,1.546
12ed0635c501202a,64,7306,2347,10475,4247,-4959,-6228,1.511
4f47c38478144d45,64,6568,2332,9457,4225,-4236,-5232,1.431
aafe0b0ce00e7096,64,7718,2364,11057,4286,-5354,-6771,1.582
512fc83024f18254,64,6860,2327,9863,4259,-4533,-5604,1.463
ce4f7a3b0010418b,64,6994,2327,9988,4284,-4667,-5704,1.546
52befecdc1d713b1,64,7154,2373,10260,4272,-4781,-5988,1.511
b2af80199067f14d,64,8086,2417,11595,4384,-5669,-7211,1.548
87a7206ea4b494ba,64,6294,2330,9022,4210,-3964,-4812,1.478
d289e050c3608e0f,64,6693,2324,9574,4218,-4369,-5356,1.435
7fdc2185b259bd73,64,6928,2298,9899,4159,-4630,-5740,1.459
a99ac1efb603b31c,64,7438,2391,10661,4357,-5047,-6304,1.497
130639707ea2ed52,64,7320,2361,10524,4273,-4959,-6251,1.493
8e3f443d4026cff3,64,7288,2260,10477,4106,-5028,-6371,1.541
bfa72687020acca4,64,6980,2323,10047,4223,-4657,-5824,1.39
01ead7dc4cf3eb1d,64,6978,2307,10020,4192,-4671,-5828,1.442
c93d4005f2e9a08b,64,7612,2422,10908,4404,-5190,-6504,1.466
c81fee0284c8f253,64,6936,2309,9937,4185,-4627,-5752,1.48
4eaafde54a5e65c3,64,6532,2350,9379,4254,-4182,-5125,1.464
db284f78b18a779d,64,7106,2375,10180,4342,-4731,-5838,1.484
5f02309270c7b700,64,7542,2380,10821,4343,-5162,-6478,1.454
b20411b5534b27a1,64,7258,2340,10428,4260,-4918,-6168,1.449
51bae552662dd4ac,64,7778,2431,11121,4434,-5347,-6687,1.578
7b2e911c474db1bf,64,6632,2346,9484,4274,-4286,-5210,1.391
910328ac7abb1505,64,7694,2406,11051,4420,-5288,-6631,1.539
0b9e528297e49689,64,7014,2246,10062,4093,-4768,-5969,1.401
3f679f80811560eb,64,7300,2351,10470,4273,-4949,-6197,1.509
771f0c49c8d7f98e,64,7178,2343,10259,4266,-4835,-5993,1.514
9eb57aab78f4064b,64,6857,2302,9808,4201,-4555,-5607,1.492
6a7c16492cf75a2b,64,7382,2255,10556,4101,-5127,-6455,1.531
9b156cc55a8cb13d,64,7418,2263,10638,4096,-5155,-6542,1.422
6bebe9b7494dbf81,64,8076,2369,11589,4300,-5707,-7289,1.492
3dc81075b0d2cedc,64,7174,2408,10299,4368,-4766,-5931,1.567
aa03fa8df8c55d68,64,6810,2240,9743,4080,-4570,-5663,1.355
13ebd5e85967be0b,64,6464,2246,9279,4045,-4218,-5234,1.321
2c7408903b4ac432,64,6420,2363,9265,4302,-4057,-4963,1.418
68f225d8c6b3b53b,64,6834,2360,9783,4302,-4474,-5481,1.401
a88b67a6b782ce47,64,7512,2299,10736,4190,-5213,-6546,1.468
ffcbef8b5ae4ef9c,64,7696,2366,11090,4295,-5330,-6795,1.398
a2c2f64609397a4d,64,7156,2302,10224,4174,-4854,-6050,1.455
0dc54b22ed8cf0c0,64,7400,2339,10658,4243,-5061,-6415,1.473
c975d47f24a46f4b,64,7310,2265,10478,4090,-5045,-6388,1.336
9a9d08bdd8f2a966,64,7224,2379,10356,4313,-4845,-6043,1.442
4ce38c608bdc6244,64,6224,2384,8924,4299,-3840,-4625,1.313
ec7d1228d53e6c3b,64,7676,2427,11064,4409,-5249,-6655,1.472
f3bc12b220c93021,64,6926,2360,9970,4329,-4566,-5641,1.464
bb270dfa50e59adf,64,7046,2368,10132,4304,-4678,-5828,1.439
045486d72312234e,64,7130,2299,10258,4149,-4831,-6109,1.412
6061c451d60b33b5,64,7782,2349,11177,4285,-5433,-6892,1.508
08e53093d48c0a4c,64,7682,2319,11046,4201,-5363,-6845,1.497
1a86171062e92ab6,64,7760,2293,11050,4178,-5467,-6872,1.435
294f58fbed1e1070,64,6680,2384,9618,4329,-4296,-5289,1.4
596b7213f6ac4b0c,64,7078,2295,10143,4130,-4783,-6013,1.332
55ff2cb80805b3b0,64,7106,2434,10191,4453,-4672,-5738,1.444
07b863dd35ec726c,64,8016,2334,11560,4262,-5682,-7298,1.44
0a2e4c311ae4cc99,64,7036,2283,10149,4147,-4753,-6002,1.336
a49cca33bd810a00,64,6488,2296,9340,4162,-4192,-5178,1.447
e244220810041bb9,64,7305,2261,10484,4083,-5044,-6401,1.431
f8248eae4450fd55,64,6946,2379,9995,4356,-4567,-5639,1.425
d7752172c6277e59,64,6802,2368,9738,4321,-4434,-5417,1.439
c9edd97164ce9728,64,6904,2296,9863,4202,-4608,-5661,1.405
08e9a40341b582fc,64,7388,2392,10614,4383,-4996,-6231,1.426
0dc95e8d97a0ccfe,64,6734,2356,9591,4318,-4378,-5273,1.391
816b48c90e49a9c6,64,7150,2371,10247,4316,-4779,-5931,1.405
eacf953fd472105c,64,7031,2243,10071,4062,-4788,-6009,1.408
91e0496ceb7a59ce,64,7266,2353,10356,4265,-4913,-6091,1.476
53ca37dc9e25eef0,64,8620,2428,12365,4434,-6192,-7931,1.504
33c4e19eb37216ed,64,7604,2328,10946,4256,-5276,-6690,1.485
7c2dd9937f7117ed,64,7778,2372,11123,4290,-5406,-6833,1.457
0b04a81772ac005f,64,6784,2319,9725,4217,-4465,-5508,1.47
3957407ea99840de,64,7588,2347,10915,4284,-5241,-6631,1.524
6fc06ee1b388e6d7,64,7340,2301,10539,4221,-5039,-6318,1.494
5a3aafaf391bd5fd,64,7535,2355,10825,4266,-5180,-6559,1.478
7a1315e38bf4f4da,64,8168,2351,11706,4303,-5817,-7403,1.56
529b39ca941cbee5,64,7106,2287,10215,4159,-4819,-6056,1.446
8b3417429ab0510a,64,7619,2299,10952,4197,-5320,-6755,1.485
f047ac96fb264f4f,64,7594,2377,10870,4332,-5217,-6538,1.483
8db7ee3918dddcf1,64,7648,2414,10973,4380,-5234,-6593,1.513
c92442103fc0dd1f,64,7728,2362,11121,4273,-5366,-6848,1.448
f0616ca4f0267d93,64,7605,2350,10888,4255,-5255,-6633,1.488
39fdfd205c62f235,64,10698,2367,15286,4313,-8331,-10973,1.645
f1fd5e76d9445d0d,64,9448,2363,13428,4348,-7085,-9080,1.553
fc3c4a2f2f23d288,64,10087,2352,14430,4295,-7735,-10135,1.811
8d18724b520c764f,64,10236,2361,14689,4283,-7875,-10406,1.751
1acd5ad8bd6c2097,64,10276,2402,14682,4385,-7874,-10297,1.662
1d1298345278a5c8,64,10556,2417,15031,4432,-8139,-10599,1.66
80ee17e639b36060,64,10694,2431,15331,4460,-8263,-10871,1.696
637184dbd76a96ba,64,11224,2398,16047,4389,-8826,-11658,1.727
68162eec1a4e861c,64,10498,2284,15012,4190,-8214,-10822,1.597
7275f0d70a2a1b7e,64,9716,2382,13931,4332,-7334,-9599,1.69
3f263c4e9424c98b,64,11232,2447,16061,4453,-8785,-11608,1.847
10ee02c1a4210005,64,11030,2366,15773,4351,-8664,-11422,1.986
a8834beafa81825d,64,9796,2384,13961,4337,-7412,-9624,1.688
e8c66e95d012ceca,64,10620,2384,15171,4347,-8236,-10824,1.606
89b18901624f8845,64,10650,2373,15201,4346,-8277,-10855,1.726
b8e133f8b7eed9ba,64,10156,2412,14506,4433,-7744,-10073,1.708
6b7a5bee357a3d47,64,9808,2417,14055,4423,-7391,-9632,1.679
6dafd6ff6f7d6c3a,64,9596,2394,13632,4382,-7202,-9250,1.757
49bf3e99f70cc4f9,64,10000,2369,14359,4306,-7631,-10053,1.608
2219d83c9ccd6ac3,64,11502,2391,16423,4356,-9111,-12067,1.844
915d767d53a302c0,64,11126,2403,15829,4405,-8723,-11424,1.724
b748eb99da5cc685,64,10978,2363,15709,4334,-8615,-11375,1.64
7b72cf0952596e61,64,10406,2406,14857,4394,-8000,-10463,1.694
c11e32d9ad72d81a,64,9943,2375,14226,4380,-7568,-9846,1.648
15973cc4442de534,64,10136,2368,14459,4334,-7768,-10125,1.664
17f2672f704dd443,64,10678,2328,15261,4238,-8350,-11023,1.587
c3c80d86ffa7190e,64,10294,2356,14685,4292,-7938,-10393,1.626
ec4d56246614754c,64,9767,2376,13980,4342,-7391,-9638,1.69
73c2b6bad9e450f2,64,9790,2387,13992,4380,-7403,-9612,1.592
745b1ed59c60b9fc,64,10040,2426,14382,4436,-7614,-9946,1.642
48efbe01a1c33d81,64,10586,2367,15164,4350,-8219,-10814,1.704
5065b62ce5de1bfd,64,11382,2453,16287,4472,-8929,-11815,1.814
35b001ded329ee11,64,10142,2410,14507,4423,-7732,-10084,1.658
5fd04acc50034f7f,64,9661,2421,13829,4404,-7240,-9425,1.613
262af068f614a56c,64,10276,2389,14652,4384,-7887,-10268,1.678
1a8d797585911b05,64,10700,2431,15302,4472,-8269,-10830,1.7
08f9b1719840470b,64,10320,2436,14697,4447,-7884,-10250,1.665
17670d66f35694c3,64,11316,2396,16129,4377,-8920,-11752,1.625
5563a2c74dbb870d,64,10440,2372,14849,4352,-8068,-10497,1.649
13e16749e9d650af,64,10673,2423,15279,4423,-8250,-10856,1.676
2aa73e9b495d455b,64,10246,2349,14663,4311,-7897,-10352,1.657
ad122449b50921a5,64,10662,2396,15294,4384,-8266,-10910,1.628
fd74704fc558a7b0,64,10828,2343,15457,4304,-8485,-11153,1.707
01f20a0872dd06ff,64,10342,2371,14746,4329,-7971,-10417,1.688
484650a9856cb223,64,10918,2364,15617,4307,-8554,-11310,1.679
1f39612ea31edf26,64,10068,2389,14448,4381,-7679,-10067,1.725
0409412fbbb6abd5,64,9779,2377,13901,4337,-7402,-9564,1.642
c452ff4832387896,64,9722,2351,13912,4307,-7371,-9605,1.593
294a9270dbc81ea4,64,10756,2387,15417,4372,-8369,-11045,1.662
f57df2a4e3d4f299,64,10253,2417,14584,4454,-7836,-10130,1.664
5819adf1909afaef,64,10921,2401,15619,4409,-8520,-11210,1.675
73ead1706b6b49d6,64,10444,2405,14926,4413,-8039,-10513,1.632
c13a8cd2c169823d,64,10700,2391,15321,4378,-8309,-10943,1.658
516ea88a815cde94,64,11106,2375,15803,4374,-8731,-11429,1.746
e006ba4f4eaba1e3,64,9560,2348,13713,4276,-7212,-9437,1.624
00ac98d41c808dfb,64,10396,2411,14877,4427,-7985,-10450,1.668
4e4efc6a0decef7a,64,10498,2437,14972,4463,-8061,-10509,1.686
0ebee90b7ee2fdb5,64,10408,2443,14827,4444,-7965,-10383,1.668
289b329c4767d2d3,64,10650,2417,15211,4401,-8233,-10810,1.642
2e45809738fa1750,64,10083,2379,14464,4335,-7704,-10129,1.635
1cf1851e1444bd1e,64,9976,2318,14232,4277,-7658,-9955,1.608
f26aa9649bb40a5f,64,9576,2440,13678,4437,-7136,-9241,1.711
9c409609ad5d879a,64,10912,2376,15630,4340,-8536,-11290,1.685
b2e17fb6c18d323b,64,10339,2419,14844,4404,-7920,-10440,1.712
051e7483274764f7,64,10461,2336,14981,4309,-8125,-10672,1.624
7816ca90df55bc6b,64,10054,2407,14387,4407,-7647,-9980,1.639
13e0780dae22c845,64,9936,2335,14232,4258,-7601,-9974,1.551
65cb6edf45a39f21,64,10945,2387,15698,4353,-8558,-11345,1.659
6eddaa3b9361ab21,64,10631,2366,15207,4304,-8265,-10903,1.653
3246bbf6b6c8e7bf,64,10158,2356,14526,4321,-7802,-10205,1.623
a2008b4332cd795f,64,10827,2383,15468,4355,-8444,-11113,1.606
66e95c42c336d718,64,9950,2393,14234,4389,-7557,-9845,1.624
0e6c366992beee8e,64,9963,2320,14266,4226,-7643,-10040,1.588
be2e11f385070041,64,9519,2395,13688,4363,-7124,-9325,1.552
a180cf991db652cd,64,10486,2318,15074,4226,-8168,-10848,1.61
6b1e487127b4b9c7,64,10032,2403,14344,4394,-7629,-9950,1.588
adcf19708aba7111,64,10356,2383,14786,4318,-7973,-10468,1.66
c1372b4af547dbc4,64,10566,2415,15120,4424,-8151,-10696,1.615
7402a2b2eada4e97,64,10925,2365,15689,4307,-8560,-11382,1.612
a539c830d62a1f59,64,10654,2371,15213,4354,-8283,-10859,1.559
70c0938ee2cb9c61,64,10634,2416,15236,4426,-8218,-10810,1.64
ea38c376962c8041,64,9990,2364,14215,4317,-7626,-9898,1.859
414ccce914507ff4,64,10136,2359,14449,4295,-7777,-10154,1.687
764c5afdb4515488,64,9955,2369,14174,4332,-7586,-9842,1.601
e5cda27927f5ff9b,64,10658,2365,15286,4334,-8293,-10952,1.627
82dfca3cbf86afd0,64,10780,2378,15409,4361,-8402,-11048,1.662
d5be78f002ea60af,64,10026,2385,14260,4379,-7641,-9881,1.587
9738f609170d02bd,64,10146,2425,14524,4439,-7721,-10085,1.554
b6ec3e36624e696d,64,10628,2400,15147,4387,-8228,-10760,1.631
a95658444477cd25,64,10640,2403,15218,4400,-8237,-10818,1.593
10989c3e7eb78e5b,64,10750,2394,15426,4371,-8356,-11055,1.59
fbdba1050c899b42,64,11024,2366,15703,4323,-8658,-11380,1.723
2b6a25bc4ffe44e6,64,10233,2398,14622,4390,-7835,-10232,1.542
0fd95e4d147c18a2,64,9635,2417,13790,4434,-7218,-9356,1.584
567469bc16710479,64,10972,2338,15670,4266,-8634,-11404,1.671
077572f9ee89c56b,64,9698,2401,13837,4396,-7297,-9441,1.567
0c63302f3808ecaa,64,10142,2310,14481,4217,-7832,-10264,1.513
2d00918029e07af0,64,11215,2433,16052,4463,-8782,-11589,1.694
ae75b561b765c1c2,64,10920,2388,15605,4352,-8532,-11253,1.664
f869c1506b8c3467,64,10124,2400,14575,4384,-7724,-10191,1.644
af2e0a89928d91c0,64,12364,2388,17617,4392,-9976,-13225,1.79
7a38b74ca1c0daad,64,12628,2430,18128,4439,-10198,-13689,1.768
9cf6a38ba15910ab,64,13535,2374,19324,4341,-11161,-14983,1.838
f6e4be64d08178bf,64,13117,2392,18711,4371,-10725,-14340,1.744
0918831cd823def3,64,12282,2395,17539,4385,-9887,-13154,1.823
f6b1f6c3670813f6,64,12674,2407,18134,4410,-10267,-13724,1.743
4c7b6eddec032ee4,64,13308,2408,18996,4394,-10900,-14602,1.797
e3584f37b0ae23a3,64,12829,2353,18329,4311,-10476,-14018,1.753
137fd1c887d4a9cc,64,12908,2389,18437,4392,-10519,-14045,1.762
ae139d024145213e,64,13567,2363,19459,4321,-11204,-15138,1.808
c88cb826a4127478,64,13298,2444,19018,4460,-10854,-14558,1.88
c6d3c3962988c7e3,64,13268,2414,18895,4431,-10854,-14464,1.851
671265b02717ac62,64,12534,2424,17861,4437,-10110,-13424,1.809
4b97a098073af740,64,12564,2444,17980,4480,-10120,-13500,1.868
b7e3beb5a8ebbe38,64,13602,2419,19467,4444,-11183,-15023,1.86
6d2ec24d700a74c7,64,13146,2435,18849,4462,-10711,-14387,1.783
13a569cf4a3e59a7,64,13062,2462,18621,4513,-10600,-14108,1.991
6c9381261affde09,64,12699,2397,18144,4399,-10302,-13745,1.934
352225dcafef2115,64,13403,2446,19138,4483,-10957,-14655,1.831
30691d9edee95025,64,13333,2370,18989,4337,-10963,-14652,1.88
aee2c5f3ebb92d8d,64,12898,2414,18429,4402,-10484,-14027,1.78
a559a94f165c148f,64,14124,2395,20225,4400,-11729,-15825,1.87
8460d267caca9c3a,64,12720,2436,18214,4467,-10284,-13747,1.819
13556be3864ba0ef,64,14118,2408,20142,4415,-11710,-15727,1.862
0374c6b435b99891,64,14375,2402,20526,4392,-11973,-16134,1.836
66c7200218a7a659,64,13320,2452,19064,4500,-10868,-14564,1.816
bf5d18654e09d801,64,12607,2398,17977,4395,-10209,-13582,1.873
9caeb382cf569de4,64,13755,2465,19591,4509,-11290,-15082,1.83
e4cce5d2c3afdd85,64,13395,2384,19144,4375,-11011,-14769,1.861
644c6a2dc7d89e93,64,13400,2428,19136,4430,-10972,-14706,1.769
a1398db43d794829,64,12769,2437,18249,4449,-10332,-13800,1.81
a361d5e7a8130611,64,13684,2417,19491,4409,-11267,-15082,1.821
c16d25f9e027a6a9,64,13049,2408,18659,4417,-10641,-14242,1.827
e3b9003b4dfca1f4,64,14030,2457,20043,4497,-11573,-15546,1.905
67bec4ef2cec1d17,64,12994,2398,18525,4388,-10596,-14137,1.811
09c08909a23a893c,64,13465,2426,19186,4445,-11039,-14741,1.88
90787c8cf70eacea,64,13507,2370,19312,4322,-11137,-14990,1.819
7e3439665fbf308b,64,12978,2460,18549,4498,-10518,-14051,1.814
01f28d5043021874,64,12548,2372,17968,4336,-10176,-13632,1.776
ff6778ad9ee38f2d,64,14330,2416,20505,4425,-11914,-16080,1.846
5fdfee2167a75684,64,12802,2392,18270,4403,-10410,-13867,1.78
b36a22b0bee88a2c,64,13460,2411,19178,4427,-11049,-14751,1.809
f6bbfcec05d02ebe,64,14384,2415,20551,4410,-11969,-16141,1.914
8dade51042c7dd48,64,14172,2438,20187,4490,-11734,-15697,1.882
099d4b6822afefa1,64,13062,2473,18605,4520,-10589,-14085,1.847
10b3730bd6e865d0,64,13041,2431,18522,4445,-10610,-14077,1.749
050b33240bb33593,64,12912,2367,18533,4339,-10545,-14194,1.901
6b6828defd8fcfc1,64,13044,2383,18603,4372,-10661,-14231,1.796
49466106d3332149,64,13282,2368,18972,4357,-10914,-14615,1.806
21ad60bc1b6be7de,64,13482,2423,19139,4443,-11059,-14696,1.941
4e3025ccb044e58a,64,13086,2440,18600,4469,-10646,-14131,1.825
41d3f64b092740af,64,12983,2360,18509,4312,-10623,-14197,1.792
ac3d08d9ab5e1d96,64,13749,2409,19605,4404,-11340,-15201,1.826
528df94fe3fb262a,64,13619,2418,19429,4433,-11201,-14996,1.951
4d0e32ab9b39e50d,64,14054,2377,20085,4344,-11677,-15741,1.826
efe4f9c734e86b6f,64,12656,2412,17948,4411,-10244,-13537,1.795
6acfcadf1ffdee75,64,13063,2389,18616,4378,-10674,-14238,1.829
be599c34ad6491f0,64,14035,2406,20070,4400,-11629,-15670,1.875
6b6f3b649ffdb498,64,13146,2422,18750,4429,-10724,-14321,1.813
d23d360250eefc9a,64,14446,2391,20598,4389,-12055,-16209,1.877
5e9a86742be55088,64,13432,2438,19173,4476,-10994,-14697,1.892
486d16a524bfbe39,64,13168,2375,18807,4351,-10793,-14456,1.809
c9c6ed8e32c38b7d,64,13012,2463,18573,4495,-10549,-14078,1.784
77460a0f4a95448e,64,12240,2412,17468,4416,-9828,-13052,1.727
b5dd0db1b0990ddb,64,12108,2400,17314,4400,-9708,-12914,1.725
a3157bda30a65ee5,64,12836,2457,18368,4496,-10379,-13872,1.829
2cdea8a204845748,64,13058,2391,18619,4362,-10667,-14257,1.805
c8c1eb6d872e2fc9,64,12936,2476,18437,4516,-10460,-13921,1.774
f2b60cc59831d423,64,13038,2409,18620,4420,-10629,-14200,1.745
ba0cea467b298dc7,64,13020,2384,18574,4359,-10636,-14215,1.757
4f6d3f5dbc80a747,64,13676,2384,19523,4353,-11292,-15170,1.725
f842a9280510bc53,64,13080,2437,18632,4457,-10643,-14175,1.82
f53d710834873551,64,12698,2395,18145,4385,-10303,-13760,1.737
df0bd90b3f793a1e,64,13543,2398,19308,4380,-11145,-14928,1.747
7a12b5e9fd0a6297,64,12712,2390,18088,4375,-10322,-13713,1.81
76a2584e3c631f20,64,13323,2366,19038,4329,-10957,-14709,1.729
6dadbeafefbaadb2,64,13354,2461,19095,4515,-10893,-14580,1.77
fc05c5b86df2013d,64,13300,2414,18950,4415,-10886,-14535,1.808
1dd8cc44a07c6d10,64,13471,2374,19233,4333,-11097,-14900,1.731
d45712cdb0b84911,64,12988,2444,18593,4454,-10544,-14139,1.818
05fc5903729ee576,64,13195,2413,18889,4430,-10782,-14459,1.754
21e6ebff659e29ae,64,12754,2387,18231,4335,-10367,-13896,1.747
9b64d547fcc0264d,64,12440,2406,17812,4403,-10034,-13409,1.87
69e3f42f4d07c846,64,14850,2428,21247,4450,-12422,-16797,1.86
df89f8380f51d4b5,64,12018,2363,17129,4328,-9655,-12801,1.689
826846b50d14a015,64,12850,2427,18486,4445,-10423,-14041,1.645
27cc9ada8d46cbdc,64,13266,2444,18919,4455,-10822,-14464,1.731
a6247733219df387,64,13632,2318,19539,4241,-11314,-15298,1.756
e4a44461f830354e,64,13720,2453,19581,4512,-11267,-15069,1.851
0fd4c4c0daa67fef,64,13326,2412,19018,4411,-10914,-14607,1.768
eaf190314dc3e943,64,12818,2368,18360,4308,-10450,-14052,1.729
58f0ba5215f96b67,64,13416,2401,19132,4391,-11015,-14741,1.776
fe5d0daf7429c4c5,64,12490,2374,17844,4352,-10116,-13492,1.715
74160c0a966cf497,64,13657,2443,19458,4477,-11214,-14981,1.761
79b2600bc6c66db5,64,13599,2417,19448,4429,-11182,-15019,1.792
1844dd6c669d4683,64,13396,2358,19131,4307,-11038,-14824,1.778
0360e3564466241b,64,12616,2384,17988,4357,-10232,-13631,1.734
b8c8c41768b0795d,64,13351,2402,19005,4389,-10949,-14616,1.711
a6ad0f43b9ef311d,64,13130,2390,18755,4374,-10740,-14381,1.781
1441dc8e3636831e,64,13144,2432,18734,4447,-10712,-14287,1.957
8286181ea170442f,64,15014,2428,21299,4432,-12586,-16867,1.949
1bb65bf33efeabf6,64,16316,2414,23308,4425,-13902,-18883,1.977
3adf9dbcd1b63eab,64,15642,2430,22294,4442,-13212,-17852,1.982
3db9871beaba6f75,64,16368,2384,23391,4369,-13984,-19022,1.951
b075e1dd5bb15bb5,64,15640,2422,22271,4439,-13218,-17832,1.971
597562bfc678ac8d,64,16716,2411,23755,4409,-14305,-19346,1.964
e3fbc1ff37925ed6,64,15911,2430,22609,4440,-13481,-18169,2.002
79c8c4ec5591831d,64,16197,2370,23075,4357,-13827,-18718,1.998
8d43787a914cb69f,64,15855,2420,22697,4434,-13435,-18263,1.95
e6957aec907acebb,64,16487,2420,23451,4424,-14067,-19027,2.023
9c615ab8ca82f1a5,64,16319,2469,23324,4516,-13850,-18808,2.01
7dad1fa5dacd02fd,64,14860,2482,21146,4542,-12378,-16604,1.968
5b348081d9240479,64,15703,2379,22295,4362,-13324,-17933,1.922
4b43135eaf5aee66,64,16235,2420,23157,4421,-13815,-18736,1.969
86391966102d44d8,64,14706,2441,20896,4457,-12265,-16439,2.082
5664c659fdaf068d,64,16935,2390,24125,4378,-14545,-19747,2.036
765ad88b110f8214,64,16226,2406,23081,4411,-13820,-18670,1.964
0d82f71252d9bd35,64,16007,2394,22740,4371,-13613,-18369,1.902
a93c070aa8652fb8,64,16625,2443,23714,4484,-14182,-19230,2.043
1335f048893b6a6f,64,16454,2390,23352,4374,-14064,-18978,1.996
5e5d526bcce770ec,64,14944,2425,21171,4458,-12519,-16713,1.984
4d956732f48856c0,64,16207,2451,23152,4490,-13756,-18662,1.977
aff30411da5e06db,64,15582,2407,22258,4431,-13175,-17827,1.944
6c261fcf1925ee57,64,15331,2409,21782,4404,-12922,-17378,1.938
5273aef9f5aa65d0,64,15894,2457,22723,4505,-13437,-18218,1.976
a5185e2c43bda240,64,16801,2387,23948,4377,-14414,-19571,2.009
46e9775ff41cc6b6,64,14799,2423,21084,4454,-12376,-16630,1.895
34e998b874700c6f,64,15930,2391,22757,4376,-13539,-18381,2.033
2cd674d49fdd07a9,64,15590,2372,22293,4356,-13218,-17937,1.934
83be0fa2fdcc4366,64,16334,2442,23266,4476,-13892,-18790,2.042
5a0d3da8cbd0b913,64,16058,2449,22932,4507,-13609,-18425,1.98
8edc62cdaa875738,64,16197,2451,23143,4507,-13746,-18636,1.981
503dddbc10dacadc,64,15905,2424,22719,4426,-13481,-18293,1.912
e1fe0e5da9f7b2a1,64,15643,2432,22239,4462,-13211,-17777,2.017
3673f07764fc0590,64,16143,2430,22973,4454,-13713,-18519,1.986
7813e4e01b14e915,64,15926,2436,22667,4488,-13490,-18179,1.978
c37d5b084e869779,64,15665,2461,22207,4512,-13204,-17695,1.978
8a9ab048c5f34696,64,15374,2474,21966,4526,-12900,-17440,1.939
71d72bef7df9c2e0,64,15814,2468,22570,4518,-13346,-18052,1.954
2c32523957ac4bbe,64,15935,2400,22697,4396,-13535,-18301,1.978
713917d86707ba08,64,16038,2405,22842,4381,-13633,-18461,1.914
0957cf3c4b89fc9a,64,16606,2422,23618,4441,-14184,-19177,2.061
031743d62646d403,64,15143,2433,21570,4465,-12710,-17105,1.96
95bfd62444664b9b,64,15699,2435,22357,4437,-13264,-17920,1.915
cbb007de917b193b,64,16407,2419,23440,4453,-13988,-18987,2.04
a83ea872f54dca15,64,15395,2382,21973,4371,-13013,-17602,1.895
1b48cb2bc1192d6d,64,16114,2435,22908,4446,-13679,-18462,2.017
217eb0e1f8f73a01,64,15731,2468,22400,4514,-13263,-17886,1.954
0b49df4f2f2dc9b3,64,15768,2444,22454,4477,-13324,-17977,1.962
1b22b9a31fd57091,64,15356,2447,21889,4492,-12909,-17397,1.906
d62f2ddf43f90324,64,17293,2428,24615,4446,-14865,-20169,2.063
f680802c29c8505c,64,15973,2430,22758,4450,-13543,-18308,1.983
01923f495feb63d8,64,16689,2449,23765,4488,-14240,-19277,2.039
117f97d13e1af398,64,16325,2368,23224,4346,-13957,-18878,1.968
b14645d6ed404ff5,64,16093,2467,22871,4533,-13626,-18338,2.027
ff9c4d1b49ef341f,64,16854,2377,24019,4353,-14477,-19666,1.978
94afd6321e0d014c,64,15943,2433,22762,4462,-13510,-18300,1.92
0f1768a82454803f,64,14839,2389,21082,4375,-12450,-16707,1.909
fd9444eccc0c0246,64,15436,2480,21961,4537,-12956,-17424,2.004
0517a894928bebe2,64,15803,2364,22508,4332,-13439,-18176,1.985
79222f3c14a6e1a2,64,15508,2413,22141,4442,-13095,-17699,2.005
04ad54de1ed44a77,64,14614,2413,20823,4409,-12201,-16414,1.848
56cf574cfb7e1582,64,16590,2446,23605,4484,-14144,-19121,1.951
74e0ce85b3cf83bc,64,15535,2451,22140,4505,-13084,-17635,1.886
ba943e765146e06f,64,16328,2413,23302,4436,-13915,-18866,1.913
1327ccceb6384012,64,15959,2423,22733,4430,-13536,-18303,1.951
bfeeb3212d3d5d5f,64,16227,2392,23049,4381,-13835,-18668,1.919
b5648a52f8bb3559,64,15493,2414,22123,4422,-13079,-17701,1.944
a91541ccc168af1d,64,15146,2400,21664,4380,-12746,-17284,1.846
f6bbbe8b46c1217b,64,15205,2395,21668,4373,-12810,-17295,1.874
ab4acdc57f6dbc2d,64,15105,2395,21543,4388,-12710,-17155,1.905
dd67fce1ff2c691c,64,15958,2422,22688,4457,-13536,-18231,2.182
0b3769603abd854d,64,15423,2390,21942,4391,-13033,-17551,1.925
d15a71c29693f5bb,64,14321,2479,20463,4533,-11842,-15930,1.903
4b537d1b806d4f0e,64,16588,2420,23649,4417,-14168,-19232,2.007
f465a4b1763608e7,64,16539,2465,23610,4519,-14074,-19091,2.108
803d3d645e74315c,64,16721,2446,23879,4483,-14275,-19396,1.987
0f0a0d03696e2cfa,64,15902,2401,22658,4425,-13501,-18233,1.92
cabee449a838d9db,64,16300,2448,23351,4489,-13852,-18862,1.924
ceb273c03b34cdba,64,16311,2373,23192,4346,-13938,-18846,1.948
bc0a32e10018e73d,64,16583,2475,23536,4534,-14108,-19002,2.12
6a1f931140bb7c9e,64,15652,2387,22319,4372,-13265,-17947,1.868
c383aac662654656,64,16180,2481,23156,4548,-13699,-18608,1.959
7cdf1187f09ff17a,64,16649,2435,23829,4470,-14214,-19359,2.015
aa26f1936c6f9ef0,64,16454,2380,23383,4371,-14074,-19012,1.947
bcbc3238e328cb27,64,16254,2434,23248,4471,-13820,-18777,1.963
cea6013b72c95926,64,16139,2402,22907,4391,-13737,-18516,1.955
ebeaa9381e0b42f0,64,15610,2425,22256,4447,-13185,-17809,1.923
8486e24f3c581fb8,64,16318,2430,23151,4448,-13888,-18703,1.901
0298c7131678f9bc,64,15407,2388,21933,4381,-13019,-17552,1.99
1e303d8f1e832230,64,16454,2440,23498,4478,-14014,-19020,1.994
5ed907d669ce26da,64,15725,2390,22423,4388,-13335,-18035,1.917
7e0fd0e216da50eb,64,16572,2425,23581,4444,-14147,-19137,1.942
69e116cbf8e7b341,64,15680,2373,22365,4355,-13307,-18010,1.919
f846414d3cfad128,64,15139,2369,21539,4357,-12770,-17182,1.921
15676787652c25cc,64,16459,2440,23429,4487,-14019,-18942,2.059
f34461a13543ee4c,64,15701,2481,22284,4554,-13220,-17730,1.946
96b1320df4b26d79,64,15645,2407,22228,4404,-13238,-17824,1.943
1c5e91736dbc40b4,64,15470,2441,22098,4470,-13029,-17628,1.961
487b268f11b66c15,64,16950,2416,24254,4441,-14534,-19813,1.984
2b1bf7d2b0d1c498,64,19123,2463,27180,4490,-16660,-22690,2.131
061bdda2f6208fe2,64,19684,2446,28036,4479,-17238,-23557,2.197
fb5653e0886c1615,64,18821,2447,26763,4478,-16374,-22285,2.122
c3ebd3135b87d83c,64,17913,2380,25548,4367,-15533,-21181,2.036
3e623d62921c092e,64,19135,2415,27233,4426,-16720,-22807,2.113
a67c0d03b3e18b79,64,19954,2431,28374,4453,-17523,-23921,2.258
4b7af923e52b66de,64,18660,2372,26643,4347,-16288,-22296,2.148
51709e69cd0a89af,64,19755,2408,28132,4422,-17347,-23710,2.201
e89b692958341c22,64,18459,2407,26240,4431,-16052,-21809,2.136
9173b8dd256b1287,64,17984,2475,25699,4528,-15509,-21171,2.067
dca71d2229bab4ea,64,18148,2430,25860,4444,-15718,-21416,2.122
b4f2d65c650a3959,64,17760,2419,25160,4427,-15341,-20733,2.077
d382e0ab2aa81fee,64,19266,2452,27477,4504,-16814,-22973,2.131
90c936a5cd1d93a7,64,17942,2404,25531,4424,-15538,-21107,1.994
41ede52022f1e6a4,64,18878,2458,26970,4522,-16420,-22448,2.226
02372a3dff047c2c,64,19216,2443,27306,4492,-16773,-22814,2.17
9a5d8b232b943dc0,64,19300,2446,27497,4481,-16854,-23016,2.152
668816417417b2d1,64,17993,2459,25580,4515,-15534,-21065,2.074
f53f309a9c403f07,64,18318,2421,26044,4430,-15897,-21614,2.081
f2df604dec553727,64,19248,2395,27390,4384,-16853,-23006,2.1
c0f546b26e5074ec,64,18267,2416,26109,4434,-15851,-21675,2.2
75cc465db0a521eb,64,18043,2402,25730,4418,-15641,-21312,2.106
5ab23dd1a037cad4,64,17628,2416,25153,4446,-15212,-20707,2.15
ce15e207e5a30e8c,64,18514,2445,26244,4497,-16069,-21747,2.119
281066d32b14f920,64,19563,2462,27947,4519,-17101,-23428,2.256
7e26c859a988c082,64,18041,2407,25669,4437,-15634,-21232,2.082
eb87709da71502a7,64,17926,2427,25502,4457,-15499,-21045,2.095
e11dfd03212e7eab,64,18713,2433,26604,4468,-16280,-22136,2.121
7306477fe013168d,64,19059,2414,27070,4423,-16645,-22647,2.128
3c5e05805103fd28,64,17588,2457,24963,4492,-15131,-20471,2.077
6a903c59668090c0,64,17716,2443,25257,4485,-15273,-20772,2.109
69866691fd688272,64,18135,2432,25800,4462,-15703,-21338,2.109
67fda8924b9263d6,64,18088,2398,25750,4391,-15690,-21359,2.09
32451aba94a70f9e,64,18259,2416,26105,4427,-15843,-21678,2.139
ff02e9536fb35ed5,64,18584,2471,26284,4535,-16113,-21749,2.177
78e93b9c10ecbbb3,64,18919,2448,26977,4486,-16471,-22491,2.151
08039d8fe99a3cbb,64,19564,2406,27871,4412,-17158,-23459,2.141
1ac3c1afd1c77541,64,18816,2408,26822,4419,-16408,-22403,2.07
9004304d6b36aad5,64,19001,2444,27005,4481,-16557,-22524,2.243
dbf290903e00b981,64,18526,2435,26405,4460,-16091,-21945,2.142
37dfacd3ff14f087,64,17567,2438,25024,4464,-15129,-20560,2.064
ca6ec14f859a8d87,64,18565,2398,26475,4392,-16167,-22083,2.2
8555fb410dab9a21,64,18921,2404,26962,4417,-16517,-22545,2.173
94242449576e7e7f,64,19228,2435,27340,4462,-16793,-22878,2.342
1b2db7bf47119a84,64,17634,2476,25116,4535,-15158,-20581,2.113
aa462fff967b1c48,64,19009,2410,26986,4407,-16599,-22579,2.092
3dff2b58f38a216d,64,18909,2452,26893,4486,-16457,-22407,2.191
9fc6e945946ce017,64,18345,2447,26067,4479,-15898,-21588,2.099
48fe664fee58e2dd,64,18605,2375,26584,4363,-16230,-22221,2.116
22e4998af623ff96,64,18217,2433,25945,4459,-15784,-21486,2.169
a5e2025d65c5daf4,64,19065,2430,27191,4474,-16635,-22717,2.142
041ac38d14390246,64,19666,2396,27920,4416,-17270,-23504,2.115
e243fe01f5ad4c43,64,19427,2422,27719,4429,-17005,-23290,2.118
8b9b38cf7c0d6f42,64,19340,2428,27419,4447,-16912,-22972,2.104
703850fa8ed526e4,64,18690,2463,26638,4514,-16227,-22124,2.074
9d298f36aa1a0f39,64,18498,2430,26272,4463,-16068,-21809,2.088
2e198d372be1446a,64,18092,2487,25799,4563,-15605,-21236,2.073
1873ffe46ed6b069,64,18625,2413,26441,4431,-16212,-22010,2.094
b092e8c16bccd66a,64,17656,2435,25113,4471,-15221,-20642,1.995
9da5393fe4164189,64,19183,2415,27296,4428,-16768,-22868,2.072
2948acaec45c98f3,64,17473,2371,24855,4351,-15102,-20504,1.987
908948fd2a956fa3,64,18322,2427,26025,4462,-15895,-21563,2.124
dce39c028b063f27,64,18788,2405,26820,4413,-16383,-22407,2.126
03076a9b1e1e931c,64,17989,2412,25593,4424,-15577,-21169,2.007
6f57a4b3067bed33,64,18457,2467,26267,4527,-15990,-21740,2.127
b98039921caa6054,64,19430,2428,27687,4448,-17002,-23239,2.06
b1614babae4c69d4,64,19286,2430,27504,4446,-16856,-23058,2.135
ede223c0b64aac22,64,19128,2426,27320,4476,-16702,-22844,2.109
adfd211184e07888,64,17850,2435,25501,4475,-15415,-21026,2.025
92fef00dcf1d6f0c,64,17804,2421,25339,4428,-15383,-20911,2.024
a94f2da8bd8838cf,64,19469,2482,27660,4534,-16987,-23126,2.102
a11607f29f78b872,64,18087,2428,25751,4446,-15659,-21305,2.009
8efe77429b870e38,64,18239,2474,25871,4539,-15765,-21332,2.106
f9c7104955e0a63f,64,18271,2430,25963,4464,-15841,-21499,2.093
35b006470e2e469c,64,18747,2397,26790,4405,-16350,-22385,2.092
7ab101d6350eccdb,64,18073,2422,25787,4448,-15651,-21339,2.034
62cc8fe2a54076b6,64,18855,2421,26781,4443,-16434,-22338,2.116
d2a11d755e095cc8,64,18132,2433,25846,4459,-15699,-21387,2.053
16232541977df542,64,18946,2431,26867,4449,-16515,-22418,2.103
9be6f49458353367,64,17704,2421,25122,4430,-15283,-20692,2.189
6e3bb626ffa0aef6,64,17024,2415,24259,4417,-14609,-19842,2.061
0c7dcacb319fd0ff,64,18577,2405,26464,4424,-16172,-22040,2.179
4264d2bba7d2a9c0,64,17314,2419,24643,4435,-14895,-20208,2.092
6d85c25c4d58f847,64,19302,2400,27482,4397,-16902,-23085,2.193
0bf9451515655bc7,64,18595,2433,26372,4447,-16162,-21925,2.096
477b925ba1adf8de,64,18070,2445,25683,4477,-15625,-21206,2.148
3289c490788e5378,64,18629,2458,26516,4495,-16171,-22021,2.14
bba8f8b6303ae9f3,64,17311,2445,24614,4487,-14866,-20127,2.074
23205f7025afc724,64,17635,2430,25015,4451,-15205,-20564,2.048
8187f7f7be7e8be4,64,18839,2386,26897,4369,-16453,-22528,2.145
fe709fe4c5a3de42,64,17790,2444,25216,4470,-15346,-20746,2.086
a5a5b86f61c968c6,64,18212,2417,25956,4412,-15795,-21544,2.286
eee6ac34bbf78634,64,17547,2419,24948,4422,-15128,-20526,2.043
b23f8a70aaab5596,64,17844,2430,25308,4460,-15414,-20848,2.074
ffe5806342354afd,64,18413,2419,26208,4427,-15994,-21781,2.066
6ea66eb2a7f226a2,64,18250,2436,25949,4482,-15814,-21467,2.191
ef0879fe6cb28141,64,19132,2441,27113,4473,-16691,-22640,2.149
a31f8bfc3fa26d1c,64,18815,2447,26717,4473,-16368,-22244,2.108
8ef88d2157bb5984,64,18160,2390,25805,4368,-15770,-21437,2.056
22edd3f61a6922c0,64,19298,2453,27374,4496,-16845,-22878,2.133
e2ef935dca512df9,64,20862,2433,29576,4479,-18429,-25097,2.252
88c9b2cfe88811ba,64,21252,2437,30314,4474,-18815,-25840,2.245
37d91ac65bc6bfda,64,20224,2466,28828,4512,-17758,-24316,2.341
d1ef77e84764ebe2,64,20570,2403,29271,4414,-18167,-24857,2.239
a7a7b25e57952945,64,20334,2447,28879,4471,-17887,-24408,2.254
6843b0013674e570,64,21072,2444,29927,4491,-18628,-25436,2.362
e8bd8cdff6872d9c,64,20873,2406,29680,4414,-18467,-25266,2.202
8d100943eef01b1b,64,21248,2462,30294,4490,-18786,-25804,2.321
401dcb5c851efb40,64,21119,2429,30062,4445,-18690,-25617,2.208
9e84b2e364c8b4e6,64,21496,2485,30535,4533,-19011,-26002,2.288
c986a4cf0ba0f74e,64,20866,2450,29565,4498,-18416,-25067,2.257
1a4e471645e2208b,64,20103,2421,28589,4448,-17682,-24141,2.181
7c03adbf78deed65,64,20570,2465,29238,4525,-18105,-24713,2.252
5724c2b0dc19c0dd,64,21571,2447,30625,4496,-19124,-26129,2.355
809db264caa87974,64,20878,2445,29661,4505,-18433,-25156,2.292
b9e4ef283a125537,64,21027,2438,29880,4457,-18589,-25423,2.26
a284cb4155ba489b,64,22053,2425,31222,4445,-19628,-26777,2.28
4d8f87e2ecdd7612,64,20750,2399,29494,4418,-18351,-25076,2.317
9fd353e1724a593f,64,21495,2475,30556,4532,-19020,-26024,2.323
da11abd9fe47ac9d,64,19673,2445,27944,4492,-17228,-23452,2.179
0a93513cd9bccbad,64,21468,2366,30565,4341,-19102,-26224,2.264
21c026e976a32d20,64,21044,2434,29994,4458,-18610,-25536,2.292
132959c0ff6002e4,64,21206,2463,30145,4519,-18743,-25626,2.281
da87af1fefa69c99,64,21323,2430,30333,4417,-18893,-25916,2.24
4acb33e807b2a7ee,64,20771,2466,29480,4519,-18305,-24961,2.269
2d90b5701388b3d1,64,20430,2406,28994,4439,-18024,-24555,2.183
e55dad4acf353b92,64,21583,2426,30676,4450,-19157,-26226,2.34
e8c931f0e7242cc5,64,20578,2467,29152,4518,-18111,-24634,2.176
2e1965801cea0bce,64,21460,2444,30523,4496,-19016,-26027,2.305
84f492aced6beefa,64,19844,2409,28198,4431,-17435,-23767,2.191
5462a328941cda09,64,19850,2422,28206,4424,-17428,-23782,2.191
6aa8633c1ead7cff,64,21750,2407,30901,4414,-19343,-26487,2.319
021ffa633acfb505,64,20541,2405,29118,4413,-18136,-24705,2.431
0322107c9523bee1,64,20491,2454,29166,4506,-18037,-24660,2.414
d7c6da02c97ed87e,64,21330,2482,30315,4550,-18848,-25765,2.243
374f1d8223179e8b,64,21264,2390,30239,4370,-18874,-25869,2.244
bf9c69a2af8b89e5,64,20307,2390,28924,4376,-17917,-24548,2.158
2e6b19328cc6a169,64,20822,2464,29668,4519,-18358,-25149,2.173
1a87d84a0fbe08e8,64,20748,2415,29533,4439,-18333,-25094,2.162
515a7d015d7023da,64,21338,2420,30198,4444,-18918,-25754,2.243
17e174d112d0878f,64,21155,2434,29997,4452,-18721,-25545,2.259
b97a5beb6fbc35de,64,21093,2443,30005,4473,-18650,-25532,2.62
0696e3095433a946,64,20340,2402,28881,4391,-17938,-24490,2.806
f8ef423dfa5f42ad,64,21032,2457,29872,4508,-18575,-25364,2.341
6a3fde02f9c1b875,64,20567,2434,29181,4457,-18133,-24724,2.144
cf9a1f32f7ac80e0,64,20502,2451,29057,4504,-18051,-24553,2.358
1a058a5837c21da9,64,20666,2426,29363,4439,-18240,-24924,2.27
979af425c74160bd,64,20861,2448,29682,4497,-18413,-25185,2.123
85273429ddd15e48,64,20866,2464,29629,4526,-18402,-25103,2.096
fd6ef6526d649cb9,64,19922,2412,28255,4438,-17510,-23817,2.099
d6543d6b5888b196,64,20010,2414,28279,4444,-17596,-23835,2.068
fd74289162f7427e,64,21984,2422,31259,4448,-19562,-26811,2.176
a8bc0aa8d04b1153,64,21687,2419,30788,4436,-19268,-26352,2.151
1a6b27654c9ff2a0,64,20955,2454,29814,4473,-18501,-25341,2.08
f06fddb77bc5fa88,64,20873,2452,29779,4490,-18421,-25289,2.098
6306f17385abf8e3,64,19956,2451,28447,4496,-17505,-23951,2.21
5ec0af53464d62e0,64,22185,2386,31532,4381,-19799,-27151,2.279
2f21e08ad6947b8e,64,21255,2409,30156,4406,-18846,-25750,2.22
514909061e9afb56,64,21076,2422,30011,4447,-18654,-25564,2.891
bc3eadb85a3a6f54,64,20886,2425,29652,4458,-18461,-25194,4.105
7ae7567a56418d37,64,20918,2457,29748,4514,-18461,-25234,4.46
2d7d7da60c5bbb95,64,20937,2443,29762,4478,-18494,-25284,4.999
95dce7660176abaf,64,21249,2442,30251,4489,-18807,-25762,4.798
f9f50c0868022ab3,64,21240,2441,30178,4479,-18799,-25699,4.242
43346f2ce1c07aa0,64,20236,2415,28754,4422,-17821,-24332,4.32
e639359b5825cd4a,64,21161,2403,30121,4421,-18758,-25700,2.376
2164919ed7a4bfbc,64,21848,2423,31064,4441,-19425,-26623,2.158
c2d8cd208cf8baf6,64,20357,2430,28816,4454,-17927,-24362,2.15
538a635319d903f0,64,21000,2419,29880,4455,-18581,-25425,2.122
eecbc17a0730018b,64,20525,2447,29215,4475,-18078,-24740,2.106
3be0cc659b1bbf0e,64,20309,2451,28935,4490,-17858,-24445,2.117
42cc4448b0d34b0c,64,21222,2414,30286,4425,-18808,-25861,2.114
3f4524e4c7c19532,64,20641,2394,29330,4397,-18247,-24933,2.091
6e1f24c7b8ca2f40,64,20590,2448,29177,4503,-18142,-24674,2.147
1ce1bc3fc5abbad8,64,19826,2481,28238,4531,-17345,-23707,2.102
70006fd9797604f3,64,20933,2445,29787,4467,-18488,-25320,2.123
3b8683385b5b58cb,64,20181,2412,28593,4425,-17769,-24168,2.074
d8d9f2e1922eb4c3,64,21597,2427,30678,4453,-19170,-26225,2.172
ae5e614ef8c23e88,64,21088,2478,30030,4531,-18610,-25499,2.125
f27c8e0f86ca2b2a,64,20452,2455,29114,4487,-17997,-24627,2.058
b32c0b7ad53a6a0f,64,21423,2468,30476,4529,-18955,-25947,2.165
92a7011019b88b33,64,20592,2461,29267,4514,-18131,-24753,2.106
48bddb67b1688fbe,64,19987,2373,28430,4354,-17614,-24076,2.027
d9f14384de6408f7,64,21611,2407,30704,4408,-19204,-26296,2.143
5a2e4b8d39fc40fa,64,20836,2446,29635,4470,-18390,-25165,2.114
c660b3d6aca8e583,64,20400,2438,28972,4474,-17962,-24498,2.076
7c197bd9a6bd2941,64,21148,2502,30148,4586,-18646,-25562,2.139
ac8a6af5f2359e51,64,21196,2456,30165,4516,-18740,-25649,2.139
21806fc9af74473d,64,21004,2417,29807,4421,-18587,-25386,2.132
1c76890d862a96a6,64,20342,2454,28884,4502,-17888,-24382,2.101
d9256b4960fb5e5d,64,21056,2416,29993,4440,-18640,-25553,2.112
aa82e277d8dd0b06,64,20187,2436,28660,4484,-17751,-24176,2.08
ee3a98891ee63540,64,21276,2433,30208,4453,-18843,-25755,2.211
6a959cabc1ee2424,64,20738,2470,29441,4533,-18268,-24908,2.111
d2837d020c188896,64,20630,2420,29210,4457,-18210,-24753,2.103
c018aa4194eb3eb3,64,20809,2433,29503,4458,-18376,-25045,2.07
6d1019c1201b840e,64,19981,2459,28404,4494,-17522,-23910,2.033
e8d64591bd93434f,64,20374,2400,28891,4400,-17974,-24491,2.106
f5a3b830a404db97,64,20147,2417,28427,4440,-17730,-23987,2.13
36a1247d3b80da3e,64,20757,2390,29479,4405,-18367,-25074,2.074
8c226e2fea429ac1,64,22765,2435,32286,4457,-20330,-27829,2.202
0a0c6ac516e4f812,64,23664,2462,33547,4515,-21202,-29032,2.294
828e3be1704225be,64,22525,2444,32004,4482,-20081,-27522,2.273
861ec2924e18b13f,64,21963,2441,31097,4482,-19522,-26615,2.194
540e99495dc24b42,64,22270,2457,31696,4511,-19813,-27185,2.281
729a3de80d48438d,64,22730,2428,32224,4454,-20302,-27770,2.21
dd194d04da56b463,64,23120,2416,32859,4447,-20704,-28412,2.262
ccaaa98dd70e3c7a,64,23638,2432,33555,4457,-21206,-29098,2.275
d25a7ed9906e55ec,64,23882,2401,33807,4413,-21481,-29394,2.287
802b1d9246263afd,64,22930,2434,32475,4468,-20496,-28007,2.226
d27aad6e27d4b1f5,64,23131,2454,32739,4509,-20677,-28230,2.21
fc1d31dea2154643,64,23356,2412,33133,4417,-20944,-28716,2.274
ca2a8f29b21ccd15,64,22392,2478,31809,4544,-19914,-27265,2.211
23bf68c42dd25c90,64,23009,2399,32656,4392,-20610,-28264,2.284
9e198613ca6ab639,64,22919,2395,32489,4382,-20524,-28107,2.196
e5746629347b445f,64,22956,2478,32601,4533,-20478,-28068,2.23
a6088bec6254059b,64,22086,2389,31339,4375,-19697,-26964,2.141
758870b1aa886ede,64,24371,2438,34696,4473,-21933,-30223,2.331
4f45be3959d4dbea,64,24221,2452,34378,4500,-21769,-29878,2.242
5b5ee43bf8dcd6a4,64,22982,2448,32729,4489,-20534,-28240,2.459
7a0619f1e684cf22,64,22504,2410,31947,4433,-20094,-27514,2.193
87eaff737b8aa697,64,22830,2418,32328,4445,-20412,-27883,2.191
7c36b9bedb6df036,64,22798,2395,32309,4378,-20403,-27931,2.189
d0b9ffbe6ac5cdcf,64,24652,2444,34819,4484,-22208,-30335,2.293
a6839479b1669c7a,64,23649,2392,33663,4386,-21257,-29277,2.283
b8e95aa6bd93ca03,64,23653,2413,33618,4432,-21240,-29186,2.191
5195c80149b38183,64,23728,2462,33777,4521,-21266,-29256,2.235
f24aaaa892777794,64,23116,2454,32848,4487,-20662,-28361,2.231
d59911b6282d4605,64,23565,2463,33389,4509,-21102,-28880,2.203
71b716882ddd35dc,64,23085,2379,32827,4369,-20706,-28458,2.194
8648e92a463c5bd1,64,22508,2462,32011,4524,-20046,-27487,2.236
59590f4d00eb5f3d,64,23282,2470,32978,4534,-20812,-28444,2.23
b82cacc773115403,64,23250,2404,32868,4417,-20846,-28451,2.192
95ced7532b227a1e,64,23762,2413,33810,4448,-21349,-29362,2.259
317efbf5c85572f8,64,23312,2384,33047,4377,-20928,-28670,2.221
f5af080350999a9f,64,22517,2463,31990,4505,-20054,-27485,2.269
5f735ac33711bdf9,64,24385,2408,34436,4428,-21977,-30008,2.26
ba31e5d81e63f01f,64,23069,2425,32702,4438,-20644,-28264,2.236
bfa0c5f8ae015c19,64,22677,2452,32259,4498,-20225,-27761,2.18
b7b0a408f1116b69,64,21985,2472,31191,4524,-19513,-26667,2.181
77e6ec9095b27394,64,23286,2424,33009,4431,-20862,-28578,2.252
465f3f46f19c4c0c,64,21534,2436,30539,4471,-19098,-26068,2.166
99904f2000cff94c,64,23146,2477,32910,4545,-20669,-28365,2.295
d129c13005390149,64,22313,2463,31657,4511,-19850,-27146,2.273
4e1d17546407e921,64,23451,2460,33176,4503,-20991,-28673,2.315
dbd438b4d2fac9f9,64,24217,2419,34354,4437,-21798,-29917,2.256
d51a59daeead01d0,64,22719,2431,32304,4451,-20288,-27853,2.298
c03cfdab309985c2,64,22689,2414,32263,4432,-20275,-27831,2.209
95080d65609d29e4,64,23835,2421,33833,4441,-21414,-29392,2.252
fa7ff9510b05510d,64,23454,2434,33292,4452,-21020,-28840,2.239
69e9f70514b15a3d,64,22576,2445,32123,4472,-20131,-27651,2.241
6e91e5c4cf95e869,64,24258,2409,34469,4435,-21849,-30034,2.276
2212ae54481f9528,64,23362,2441,33078,4466,-20921,-28612,2.249
fac82c8102c94dff,64,22418,2451,31764,4483,-19967,-27281,2.235
c0e6dd36f8af1528,64,22383,2445,31823,4509,-19938,-27314,2.23
a2f9a8aba0993be5,64,22322,2463,31701,4524,-19859,-27177,2.233
a0017afbee6d1723,64,24081,2445,34233,4480,-21636,-29753,2.278
c1dcc9f36e8d5337,64,22634,2452,32208,4493,-20182,-27715,2.26
6636dd9a289b4fdd,64,22777,2477,32332,4530,-20300,-27802,2.256
1d5d11b5c1721f24,64,22718,2447,32343,4498,-20271,-27845,2.247
e23e32e8b274b253,64,22884,2484,32473,4556,-20400,-27917,2.25
e75e58e05ac0dcc3,64,22976,2466,32587,4510,-20510,-28077,2.309
45a2ed2b58003e1d,64,23672,2474,33609,4517,-21198,-29092,2.299
443479405b522b5f,64,22982,2408,32577,4408,-20574,-28169,2.207
fa5e739b0f02af3b,64,23511,2419,33390,4436,-21092,-28954,2.261
0891eea9d461e0e0,64,23953,2491,33999,4560,-21462,-29439,2.319
f71b95f7df275ab5,64,23186,2474,32902,4521,-20712,-28381,2.3
a01776065d8ba910,64,22626,2404,31998,4417,-20222,-27581,2.192
d7fa3ac4fa5bed75,64,22962,2455,32634,4513,-20507,-28121,2.247
6f34ce97cb3d2a1c,64,24560,2410,34775,4412,-22150,-30363,2.322
cdd37a34799290cf,64,23215,2444,33061,4473,-20771,-28588,2.223
3c2f4739a6915f4d,64,22846,2470,32352,4545,-20376,-27807,2.263
c69c1a2233a9b95b,64,23115,2465,32848,4506,-20650,-28342,2.226
753f1d88a7b203bf,64,24207,2440,34323,4465,-21767,-29858,2.345
158aa67b90b88bff,64,22263,2457,31532,4516,-19806,-27016,2.234
a8058a18df929e48,64,23172,2461,32990,4505,-20711,-28485,2.267
88bbdf62626294fc,64,22882,2446,32490,4480,-20436,-28010,2.197
9187a60cba7fe780,64,23401,2442,33236,4501,-20959,-28735,3.392
a9aa2b7dc873bd12,64,24036,2456,34112,4520,-21580,-29592,2.681
882300766d917cbb,64,23258,2411,32967,4430,-20847,-28537,2.498
43d08e56e787f942,64,22122,2380,31393,4368,-19742,-27025,2.295
600c1d8f061126cb,64,22127,2414,31302,4421,-19713,-26881,2.477
93e47ff6d28f29f1,64,22536,2435,31909,4460,-20101,-27449,2.351
deae71bab2bd861d,64,22621,2414,32047,4448,-20207,-27599,2.414
e9cf755efee87d5b,64,22995,2422,32609,4447,-20573,-28162,2.448
e41ecd4623eff461,64,23593,2456,33478,4509,-21137,-28969,2.446
c7212f4c0ffb0a5e,64,23643,2478,33444,4551,-21165,-28893,2.535
e631c70a477ab718,64,22971,2430,32581,4457,-20541,-28124,2.804
98de2d542e71ad96,64,23045,2439,32639,4474,-20606,-28165,2.582
53343a299aafa43f,64,24807,2419,35321,4456,-22388,-30865,2.63
a8f2f07d61a52a8f,64,23571,2396,33478,4404,-21175,-29074,2.41
79661cf7cb88779a,64,23253,2432,33032,4447,-20821,-28585,2.388
34de06c1a33ba02a,64,23635,2416,33556,4425,-21219,-29131,2.349
1c1ef6c7b6b1987d,64,22711,2455,32211,4515,-20256,-27696,2.346
91b8aacdf5f7f92c,64,23097,2441,32772,4493,-20656,-28279,2.35
2ae4f8730c180a91,64,22829,2474,32270,4540,-20355,-27730,2.326
f9b1530bb9f0459b,64,23394,2444,33366,4477,-20950,-28889,2.339
1133124e6142d092,64,23553,2476,33479,4532,-21077,-28947,2.505
dfa4ec38cf5fb934,64,22167,2444,31488,4486,-19723,-27002,2.308
f3c5e56958d6a155,64,22275,2434,31539,4475,-19841,-27064,2.357
96b541960b922909,64,24968,2418,35495,4438,-22550,-31057,2.478
f9086c083ecc403d,64,25624,2404,36420,4409,-23220,-32011,2.505
394b5ac262f0e104,64,26097,2421,36927,4450,-23676,-32477,2.507
d2be33d6c0bdc6d5,64,25372,2413,36074,4418,-22959,-31656,2.473
f37db9c720d0f598,64,26481,2475,37508,4524,-24006,-32984,2.547
a622a12de018a0a9,64,24922,2464,35295,4508,-22458,-30787,2.481
372812727398459d,64,25453,2458,36209,4512,-22995,-31697,2.496
fe7aaba4893ec947,64,23427,2408,33190,4423,-21019,-28767,2.351
58ef496bc2564a68,64,23650,2451,33537,4490,-21199,-29047,2.573
efc4f35f6c78bc2d,64,26173,2454,37138,4514,-23719,-32624,2.604
78beb3e457755b06,64,25353,2484,35883,4549,-22869,-31334,2.544
5a1a60db4ef2d802,64,25095,2449,35590,4489,-22646,-31101,2.446
b9c386ad77153585,64,25595,2435,36211,4462,-23160,-31749,2.409
c082a371ec56634e,64,24193,2452,34138,4492,-21741,-29646,2.42
415b222f52947f73,64,25640,2442,36233,4471,-23198,-31762,2.579
2e720465d59a2858,64,25444,2445,36007,4470,-22999,-31537,2.412
139cf82730fa89a1,64,25504,2447,36131,4493,-23057,-31638,2.509
a2fdf051dba9e1e1,64,25083,2425,35607,4466,-22658,-31141,2.48
67b182f5d54f70d7,64,24963,2448,35290,4484,-22515,-30806,2.512
02e7fea8f6c8af94,64,24536,2444,34681,4462,-22092,-30219,2.551
abcad6f76b48d0f0,64,25167,2427,35653,4446,-22740,-31207,2.47
e584d2dec3b3e446,64,25437,2433,35991,4467,-23004,-31524,2.611
bb6fd7a6f0659f8a,64,25968,2442,36800,4474,-23526,-32326,2.59
1df7a710b230d076,64,24509,2418,34768,4447,-22091,-30321,2.405
c31f0c0f10be32f4,64,24971,2396,35412,4409,-22575,-31003,2.484
bb28acafe02f7ce1,64,25239,2437,35786,4485,-22802,-31301,2.496
0bff803108c6528d,64,25132,2438,35644,4479,-22694,-31165,2.517
f2a32b0c7cd72443,64,24951,2451,35385,4494,-22500,-30891,2.477
9f38db3a59966af6,64,24461,2449,34733,4489,-22012,-30244,2.463
bd57d6eef4558c7c,64,25011,2468,35579,4521,-22543,-31058,2.498
75c31344a4b835c4,64,24017,2428,34058,4441,-21589,-29617,2.406
d99315ca88ce678b,64,24976,2401,35318,4407,-22575,-30911,2.519
8bac9da90dbd94e0,64,25691,2448,36422,4499,-23243,-31923,2.496
4b306bc81006239e,64,24547,2469,34812,4539,-22078,-30273,2.614
afea56d6674b9a9d,64,24871,2425,35267,4448,-22446,-30819,2.575
182048888742c37b,64,25078,2445,35515,4495,-22633,-31020,2.484
b23ec714aaa51c69,64,24840,2435,35240,4485,-22405,-30755,2.464
0ec06241ba84724c,64,26356,2444,37366,4487,-23912,-32879,2.594
f0cc8e88802b430d,64,24593,2417,34931,4427,-22176,-30504,2.572
931843b761ec8888,64,25267,2390,35794,4403,-22877,-31391,2.592
925320516c6524c0,64,24736,2428,35090,4449,-22308,-30641,2.44
0be9d790ad39d5f8,64,25014,2411,35575,4452,-22603,-31123,2.545
bcbd3af4b3b43553,64,24406,2461,34638,4502,-21945,-30136,2.47
a8b9a67b070a7a58,64,25772,2426,36504,4444,-23346,-32060,2.592
d0bc43915139dd0f,64,24502,2434,34874,4455,-22068,-30419,2.5
37b062b3a8b3aec0,64,24411,2425,34589,4457,-21986,-30132,2.602
6962b1a842871a8a,64,25045,2444,35456,4478,-22601,-30978,2.549
f8d192ae070f04cb,64,25091,2429,35546,4461,-22662,-31085,2.508
7e17ccd2420f8a6b,64,24031,2447,34058,4486,-21584,-29572,2.482
fa6e658e13b32b59,64,25327,2463,35918,4534,-22864,-31384,2.63
a8b99cad79ddeb85,64,24902,2445,35368,4476,-22457,-30892,2.511
0c063d1901f2f176,64,26033,2426,36894,4456,-23607,-32438,2.583
1fc5c48e168dc3ef,64,26245,2440,37341,4480,-23805,-32861,2.517
c03d4f3622e52de4,64,25262,2431,35752,4474,-22831,-31278,2.506
9d1d06370010852b,64,25637,2425,36321,4465,-23212,-31856,2.539
9c56327578ed8d81,64,24631,2459,34915,4516,-22172,-30399,2.548
1640e7622aba6c3a,64,25108,2388,35566,4376,-22720,-31190,2.439
5fb6b69e3166692b,64,25785,2421,36512,4441,-23364,-32071,2.562
47007988d512143b,64,25232,2444,35640,4474,-22788,-31166,2.547
2abc4998edf32d97,64,24947,2429,35408,4447,-22518,-30961,2.492
4cb665dad31940bb,64,25470,2419,36090,4448,-23051,-31642,2.57
dae3c53a826a9d64,64,24919,2409,35289,4407,-22510,-30882,2.439
5ab5d21ad538af1c,64,24731,2450,34936,4514,-22281,-30422,2.479
2994f7be10a28a5d,64,25702,2411,36598,4427,-23291,-32171,2.587
619571b1a4cb6422,64,25395,2465,35904,4517,-22930,-31387,2.565
6fa5cd36376e8398,64,25056,2451,35629,4502,-22605,-31127,2.547
7d9f05821d1d08ce,64,24585,2458,34801,4490,-22127,-30311,2.504
212932f1a6c1dc21,64,24927,2472,35363,4553,-22455,-30810,2.486
962d82d885f3e109,64,24936,2441,35505,4498,-22495,-31007,2.464
c8dbd8c762f913ba,64,24468,2413,34662,4404,-22055,-30258,2.542
3fd488294cfac76f,64,25341,2451,36039,4506,-22890,-31533,2.475
b7deca302d803e30,64,24964,2427,35550,4447,-22537,-31103,2.551
94cc14620f15067d,64,24722,2461,35122,4504,-22261,-30618,2.541
d8bed306ed61eac1,64,24373,2399,34542,4407,-21974,-30135,2.459
d9c3a37d20c8a9f1,64,24208,2446,34361,4494,-21762,-29867,2.345
ba7b49f5363e38af,64,25569,2423,36311,4438,-23146,-31873,2.465
a85ced6dc170724d,64,24926,2459,35302,4512,-22467,-30790,2.401
9be9ef528096632b,64,25844,2414,36562,4438,-23430,-32124,2.492
08d9f0aa6157230d,64,24565,2432,34818,4471,-22133,-30347,2.504
0653f31834609d2a,64,24572,2438,34874,4461,-22134,-30413,2.438
693348ca5eb5c6c5,64,24781,2412,35134,4413,-22369,-30721,2.415
069af916260681d3,64,25407,2426,36074,4444,-22981,-31630,2.471
d1835cfb583cc47c,64,24208,2416,34238,4423,-21792,-29815,2.468
ef088d38281ab082,64,26434,2392,37410,4411,-24042,-32999,2.551
bee7aa347ccfd5f5,64,25120,2466,35464,4523,-22654,-30941,2.493
8396b08c03d23a53,64,24059,2456,34070,4504,-21603,-29566,2.37
9a2751f799b29e58,64,24664,2461,34897,4511,-22203,-30386,2.412
6650d2ee2cd85624,64,25677,2390,36351,4373,-23287,-31978,2.536
e6ce1bcc043f98d7,64,25015,2413,35448,4450,-22602,-30998,2.461
0574540bb6663515,64,25292,2453,35803,4486,-22839,-31317,2.48
72fca0f680b28740,64,25443,2437,36152,4466,-23006,-31686,2.54
84ea15c267e6313e,64,25202,2457,35631,4503,-22745,-31128,2.557
8c6ebaccf6e36f54,64,24004,2429,34069,4455,-21575,-29614,2.49
acb1587d78d13f56,64,24535,2452,34760,4503,-22083,-30257,2.606
5c8dad3bcc025e47,64,25555,2447,36330,4501,-23108,-31829,2.522
de7e7658641a3a45,64,24432,2429,34646,4458,-22003,-30188,2.575
d991838e09127872,64,24743,2406,34958,4418,-22337,-30540,2.503
43ddd48480140a5b,64,24773,2424,35184,4444,-22349,-30740,2.465
dcdb1de038b4c2a2,64,24714,2475,34981,4538,-22239,-30443,2.53
e7c25c1e4051550a,64,25427,2445,36184,4480,-22982,-31704,2.499
a8df5d61f5b1abc8,64,25896,2477,36601,4547,-23419,-32054,2.566
e2ab2ea669669c9d,64,26806,2445,37976,4483,-24361,-33493,2.587
3d18b10c5a6d21fe,64,25855,2430,36579,4436,-23425,-32143,2.498
220265375be9f75f,64,26748,2386,37895,4386,-24362,-33509,2.604
8e60b652fa2314c5,64,27212,2451,38473,4513,-24761,-33960,2.707
3ce270122adf3c14,64,26784,2460,37893,4521,-24324,-33372,2.61
39079124562a92f5,64,26027,2471,36827,4528,-23556,-32299,2.635
c78ac52a5c37d411,64,26410,2448,37314,4467,-23962,-32847,2.538
78ab3ba3290b1a69,64,26604,2460,37568,4503,-24144,-33065,2.56
bc2e907ef46c267f,64,26319,2413,37111,4420,-23906,-32691,2.542
10bea314cff498d2,64,26621,2447,37674,4500,-24174,-33174,2.642
556616ef7a04dadf,64,27316,2441,38698,4479,-24875,-34219,2.651
7866948c235c35dd,64,26585,2442,37670,4476,-24143,-33194,2.609
cae1d553b6ebd92e,64,26090,2455,36926,4490,-23635,-32436,2.613
16c288b7a72ae87d,64,26772,2411,37848,4423,-24361,-33425,2.693
f2e34a0af27dcb15,64,26228,2421,37126,4431,-23807,-32695,2.524
9ba712b86bcf8acf,64,26800,2392,37880,4388,-24408,-33492,2.632
73e1f68f752a1ac8,64,26384,2474,37334,4546,-23910,-32788,2.661
899308e5254cb051,64,27120,2446,38311,4493,-24674,-33818,2.638
565735747204e07a,64,28314,2439,40044,4478,-25875,-35566,2.74
06db5fa0ee754804,64,27014,2399,38344,4406,-24615,-33938,2.645
366116789c486638,64,27251,2452,38491,4500,-24799,-33991,2.642
18991eba549a2e55,64,27291,2409,38499,4413,-24882,-34086,2.637
8ead7c9da5082a50,64,27218,2446,38588,4473,-24772,-34115,2.694
9938f39a469ab6a0,64,26959,2453,38015,4496,-24506,-33519,2.628
1183e796f4e9f1a0,64,27040,2367,38200,4358,-24673,-33842,2.601
68eb447b48856c37,64,26521,2422,37552,4461,-24099,-33091,2.588
473322e910d94de5,64,26733,2403,37803,4395,-24330,-33408,2.57
2a2918ea35bd9b27,64,27160,2433,38357,4473,-24727,-33884,2.639
1882d01bd87b544c,64,26014,2429,36794,4438,-23585,-32356,2.641
cfaae3356755e073,64,26540,2452,37565,4507,-24088,-33058,2.579
c2f4d9a0ca9824bd,64,27215,2438,38565,4470,-24777,-34095,2.576
fb1e564de7e1f3dd,64,26211,2413,37035,4427,-23798,-32608,2.595
fc07f3c2f0164d3e,64,26330,2416,37268,4441,-23914,-32827,2.539
863f94a8fa35acbb,64,26401,2423,37269,4456,-23978,-32813,2.604
7f9848e0b07c814d,64,26834,2453,37899,4509,-24381,-33390,2.606
c39dd953d25dd034,64,26674,2430,37819,4458,-24244,-33361,2.631
e250d68c04891441,64,27342,2404,38587,4412,-24938,-34175,2.631
68dff5860c9062b4,64,27523,2438,38836,4474,-25085,-34362,2.663
fd46e1500eb2bb49,64,26932,2461,38112,4515,-24471,-33597,2.692
afc8e6c20b5b0dc0,64,26567,2422,37691,4458,-24145,-33233,2.524
fc78fadeacc64a5b,64,26502,2471,37471,4527,-24031,-32944,2.673
072d959fdfbf9253,64,26894,2470,38144,4533,-24424,-33611,2.524
690d2006be04f64c,64,25959,2472,36592,4537,-23487,-32055,2.603
532e15f8e26c677c,64,26951,2472,38094,4544,-24479,-33550,2.535
63d747f0303c68db,64,25551,2415,36105,4436,-23136,-31669,2.537
bad385e98d774953,64,26985,2448,38311,4508,-24537,-33803,2.581
f4d28c42f4322308,64,26906,2503,37932,4580,-24403,-33352,2.591
ff36796c909ce1c7,64,26013,2469,36669,4523,-23544,-32146,2.536
92085c20b684213e,64,26915,2482,37997,4540,-24433,-33457,2.595
3bf0e85fd9c94007,64,26644,2453,37809,4492,-24191,-33317,2.554
adbeecd3147d0ee2,64,26342,2417,37305,4427,-23925,-32878,2.671
82eaf092809bea12,64,25808,2399,36433,4403,-23409,-32030,2.504
19722061826e0ad3,64,26660,2466,37738,4525,-24194,-33213,2.677
f66a748edd7d2a07,64,27139,2449,38395,4503,-24690,-33892,2.636
5fd730e7c2c13e4f,64,27413,2409,38761,4411,-25004,-34350,2.573
66f149f90ee4cb12,64,26920,2483,38043,4549,-24437,-33494,2.614
c4f5387f92d53d2e,64,27244,2427,38588,4456,-24817,-34132,2.62
510ea89f7c1f5c00,64,26349,2469,37106,4534,-23880,-32572,2.472
33acabb8978647d1,64,27246,2421,38465,4437,-24825,-34028,2.59
4f04eebd99c54d51,64,25864,2421,36536,4461,-23443,-32075,2.562
5a6eb7ebcd710d53,64,25521,2450,36081,4511,-23071,-31570,2.572
4b2ca47f813c6597,64,25688,2459,36305,4496,-23229,-31809,2.658
674fee8206bdcd26,64,26958,2445,38205,4479,-24513,-33726,2.699
0efe4d41cac9ba5a,64,27166,2452,38368,4480,-24714,-33888,2.652
4734e5efd4015d72,64,26657,2474,37761,4538,-24183,-33223,2.635
c237d6f60911660a,64,27068,2469,38383,4529,-24599,-33854,2.632
dd49a8d9b3e764e9,64,25884,2462,36550,4519,-23422,-32031,2.595
483cb6fb0cbf23ae,64,26654,2407,37664,4424,-24247,-33240,2.591
519d756d77848045,64,26524,2440,37542,4462,-24084,-33080,2.567
bb8808b7029a0478,64,26855,2459,38153,4507,-24396,-33646,2.64
69e03b2edd613d41,64,27156,2439,38463,4468,-24717,-33995,2.626
1990a4d24a655a5d,64,27190,2445,38423,4470,-24745,-33953,2.634
30df2d8ffc704366,64,26721,2473,37910,4526,-24248,-33384,2.626
bdd8ba1dabde2ef0,64,27457,2433,38840,4455,-25024,-34385,2.725
7906f8ff49cd1cc9,64,27062,2434,38191,4459,-24628,-33732,2.654
31dd3c75aad588de,64,26490,2461,37424,4507,-24029,-32917,2.621
6d8d6dcac37ffaeb,64,26679,2455,37791,4496,-24224,-33295,2.554
3e2858e3eb6bc2c3,64,26287,2473,37252,4542,-23814,-32710,2.605
d5b5584973d00d19,64,26442,2448,37481,4500,-23994,-32981,2.647
e8c0421368c334a0,64,25491,2405,36014,4403,-23086,-31611,2.731
a1356ab3c7281067,64,26726,2415,37894,4421,-24311,-33473,2.845
a6bf05b535a2276c,64,26401,2448,37358,4503,-23953,-32855,2.67
1e5558bae1b4b7b5,64,26302,2454,37000,4499,-23848,-32501,2.602
7e90312836196657,64,27033,2442,38241,4497,-24591,-33744,2.738
2c8783e842c9260f,64,27033,2426,38384,4466,-24607,-33918,2.696
ea2c4465e6c00f88,64,26272,2455,37194,4523,-23817,-32671,2.904
5ba67efcc998caaa,64,27326,2425,38661,4454,-24901,-34207,3.16
2e1644123c532e64,64,27320,2440,38664,4465,-24880,-34199,3.215
93d345a03de52250,64,26988,2417,38209,4425,-24571,-33784,2.612
accea2e83b8776a2,64,25990,2479,36751,4550,-23511,-32201,2.683
8259940609c929a1,64,27060,2386,38232,4387,-24674,-33845,2.586
714e47d597dda21b,64,27655,2462,39162,4503,-25193,-34659,2.65
e1aef8923143dba5,64,26104,2434,37150,4460,-23670,-32690,2.576
79496004899db34e,64,27082,2416,38368,4438,-24666,-33930,2.573
a5921cab70ef557d,64,26597,2468,37568,4515,-24129,-33053,2.64
c9d0bcdc809e186f,64,27521,2436,38970,4465,-25085,-34505,2.595
a3e085327e35ccfa,64,25526,2421,36176,4426,-23105,-31750,2.547
d5de57c942b40465,64,26783,2426,37982,4457,-24357,-33525,2.649
f86fa2e05b646bff,64,26309,2451,37117,4497,-23858,-32620,2.573
da8e545199e62d79,64,27982,2422,39552,4445,-25560,-35107,2.672
f8be0b4051e1c672,64,28473,2453,40327,4501,-26020,-35826,2.76
f50fda1ce9d76ee3,64,28902,2438,40868,4469,-26464,-36399,2.878
864182f519725b9c,64,27850,2438,39341,4473,-25412,-34868,2.673
06eee22ec052a11f,64,27082,2376,38144,4372,-24706,-33772,2.687
609f1a371098db4b,64,29083,2436,41012,4467,-26647,-36545,2.764
b1994a75f7eab305,64,28349,2431,40024,4451,-25918,-35573,2.628
b10b7493d5f80938,64,27601,2459,38958,4509,-25142,-34449,2.704
612aa961c6d9b2d8,64,28883,2448,40746,4488,-26435,-36258,2.691
e837c3216f93c147,64,28097,2430,39589,4470,-25667,-35119,2.704
40303e448050d885,64,29248,2433,41227,4485,-26815,-36742,2.746
ee1149f572460829,64,27615,2466,39006,4515,-25149,-34491,2.57
5a169ae612fbd1c5,64,27655,2400,39052,4408,-25255,-34644,2.604
db470a3c843a71f1,64,28072,2453,39560,4502,-25619,-35058,2.684
10bea28dc5f63cf0,64,28071,2455,39631,4505,-25616,-35126,2.67
ada96480fa31b744,64,28307,2468,40042,4526,-25839,-35516,2.663
bf4eaa37320b0148,64,27404,2423,38745,4466,-24981,-34279,2.72
9670951fb888f6cd,64,28288,2431,40019,4477,-25857,-35542,2.651
16de56fc2e89b471,64,28510,2449,40226,4488,-26061,-35738,2.792
dbe95689a64ad294,64,28339,2401,40043,4404,-25938,-35639,2.662
7f24cf577ee85178,64,27288,2452,38611,4485,-24836,-34126,2.644
1455dc5a54dc7a81,64,27922,2437,39499,4480,-25485,-35019,2.708
47ffc6e971dbbf36,64,27222,2418,38383,4453,-24804,-33930,2.597
7caf938f16fbbc97,64,26843,2432,37949,4460,-24411,-33489,2.511
b0610c0b28adbc2e,64,28255,2458,39895,4509,-25797,-35386,2.742
75dd343475f7a70d,64,28103,2449,39471,4510,-25654,-34961,2.653
b7831b2458c73ea8,64,29742,2446,41981,4490,-27296,-37491,2.827
f2c4837b24906094,64,28278,2442,39879,4468,-25836,-35411,2.696
5a7ce981fe08cf2d,64,28527,2443,40267,4477,-26084,-35790,2.754
6fd9bd535901793b,64,28359,2441,40103,4479,-25918,-35624,2.791
36fea0acbdc2f8c8,64,28439,2460,40165,4498,-25979,-35667,2.724
b7c92d9356b8b1b5,64,27696,2423,39192,4435,-25273,-34757,2.738
5b12020c09528245,64,28418,2451,40158,4498,-25967,-35660,2.817
bc2bf8c9d58de721,64,27824,2425,39299,4461,-25399,-34838,2.661
43a9e008a225bc3c,64,27868,2414,39315,4446,-25454,-34869,2.696
5f142b8f466db072,64,28443,2398,40083,4393,-26045,-35690,2.784
5a9c5bba6a8c3193,64,28169,2427,39785,4439,-25742,-35346,2.734
86036ec5ff20c091,64,28853,2423,40724,4443,-26430,-36281,2.719
74de69e043a41adf,64,27630,2461,38990,4502,-25169,-34488,2.65
3ba19d0838778389,64,27902,2414,39567,4446,-25488,-35121,2.803
3ffc980b91607b58,64,27573,2440,38802,4477,-25133,-34325,2.715
f3665c9a4b2d1360,64,27288,2446,38543,4486,-24842,-34057,2.63
d58a596a21590a89,64,28234,2452,39861,4488,-25782,-35373,2.749
20c30c1b4f8f3eb2,64,28916,2409,40842,4427,-26507,-36415,2.703
8bdc07da89ace8d1,64,27567,2427,38788,4458,-25140,-34330,2.684
a54c376dd098db40,64,28428,2449,40102,4481,-25979,-35621,2.717
2691ac1d17602bd7,64,27935,2420,39581,4445,-25515,-35136,2.676
7cca3cbffeab8165,64,28016,2425,39519,4447,-25591,-35072,2.746
c0a1685fe2e225eb,64,27611,2457,38963,4518,-25154,-34445,2.818
908e257d13af7a1b,64,28680,2446,40497,4490,-26234,-36007,2.749
484c42f033759d31,64,28206,2417,40002,4446,-25789,-35556,2.732
2aceaafed9ddafca,64,28588,2383,40459,4377,-26205,-36082,2.862
238f2cd33d830dda,64,28288,2436,39984,4449,-25852,-35535,2.693
aafd8f82657af069,64,28187,2429,39729,4463,-25758,-35266,2.917
d87fc2767f2c72fb,64,29229,2426,41398,4437,-26803,-36961,3.004
29748e38a67460af,64,28590,2478,40373,4545,-26112,-35828,2.728
71f9b65a7de16662,64,27669,2391,39160,4389,-25278,-34771,2.716
dd55fb06c8ce7054,64,26484,2447,37426,4479,-24037,-32947,2.756
3239ffb21c5877f4,64,27449,2420,38824,4436,-25029,-34388,2.664
9f773aae3a6b8d37,64,28021,2433,39394,4453,-25588,-34941,2.733
c87042b04b29daed,64,28189,2470,39948,4528,-25719,-35420,2.733
4ead5a13531cb99f,64,28702,2430,40517,4448,-26272,-36069,2.766
733041de7bc18c0c,64,27834,2444,39329,4479,-25390,-34850,2.794
d2954e88643c8bc0,64,28061,2449,39637,4516,-25612,-35121,2.861
81ae5f8d0e864659,64,27845,2461,39297,4509,-25384,-34788,2.754
bbe29088ff2c203c,64,28131,2442,39701,4482,-25689,-35219,2.716
12c2298b259f90f8,64,27885,2450,39350,4504,-25435,-34846,2.781
80cda107dce42bfc,64,28361,2447,40105,4487,-25914,-35618,2.756
4884d85c33794fd9,64,28431,2431,40171,4451,-26000,-35720,2.752
69357f35998058e9,64,27567,2434,38908,4488,-25133,-34420,2.619
b397d11465f99c6a,64,28229,2425,39893,4450,-25804,-35443,2.65
f81e97879a957998,64,26672,2448,37641,4483,-24224,-33158,2.733
ca0b84193fed35a8,64,27470,2476,38663,4539,-24994,-34124,2.666
e835b6f1555e6219,64,28478,2417,40240,4440,-26061,-35800,2.699
5fd3a3049854fb7b,64,28506,2447,40210,4484,-26059,-35726,2.645
34d8bec8b52aec75,64,27755,2465,39151,4511,-25290,-34640,2.744
c542bb8e7018ed88,64,28692,2429,40432,4435,-26263,-35997,2.704
7e97026124c7db10,64,27326,2464,38486,4524,-24862,-33962,2.684
4e0756078d25f015,64,28813,2472,40771,4529,-26341,-36242,2.679
1b47a5192921031e,64,27627,2415,38991,4455,-25212,-34536,2.629
1b1232570a965016,64,27763,2404,39243,4423,-25359,-34820,2.663
cc253eb5bb5f34d4,64,27979,2449,39505,4479,-25530,-35026,2.557
774741a5c1057565,64,28041,2431,39382,4448,-25610,-34934,2.548
6fa9d369b2e4621f,64,28470,2474,40310,4537,-25996,-35773,2.658
d78e4ba2a5dba4d5,64,28558,2437,40289,4468,-26121,-35821,2.725
16cd631f4d31feca,64,27896,2392,39486,4400,-25504,-35086,2.623
570fba2c1cc7983d,64,28359,2479,40212,4537,-25880,-35675,2.695
a0a01638f80291a2,64,27748,2480,39181,4544,-25268,-34637,2.655
f486204954a2d7e7,64,27222,2432,38441,4454,-24790,-33987,2.63
396af071cc4dd2e4,64,28595,2445,40444,4476,-26150,-35968,2.688
c0542c7eec9ca27b,64,27614,2430,38824,4456,-25184,-34368,2.649
754cb8f1379cbe5e,64,27382,2453,38632,4497,-24929,-34135,2.664
928bd5adec7bcd41,64,27531,2425,38906,4442,-25106,-34464,2.671
798cbb27e96578df,64,27614,2462,39000,4517,-25152,-34483,2.661
4c47e805b5d06896,64,28402,2406,40140,4425,-25996,-35715,2.716
f8e3bb824193213f,64,27743,2419,39125,4442,-25324,-34683,2.769
e3302ea5aa8b512b,64,28536,2452,40388,4489,-26084,-35899,2.835
ef42cc416c4ca86f,64,28389,2441,39963,4483,-25948,-35480,2.725
cb4dbd863024fbd5,64,28682,2434,40429,4464,-26248,-35965,2.722
9c6bd132cecea6aa,64,27314,2447,38617,4489,-24867,-34128,2.725
58c1d20039c0b65d,64,29012,2457,40940,4512,-26555,-36428,2.876
6dac0022ade3f712,64,29118,2403,41126,4415,-26715,-36711,2.742
ebe58ddf02212d29,64,29937,2455,42224,4518,-27482,-37706,2.817
864b295d07c903ac,64,29020,2470,40946,4527,-26550,-36419,2.845
8f79b349fdb0bff0,64,29198,2425,41260,4447,-26773,-36813,2.796
8fa31b0b290cbd9f,64,28975,2396,40876,4379,-26579,-36497,2.814
e5c1fbacf2e15a86,64,29598,2445,41630,4466,-27153,-37164,2.804
9e2ef22440550a8f,64,28081,2460,39740,4519,-25621,-35221,2.886
d9588a19f40257e3,64,27983,2443,39498,4494,-25540,-35004,2.727
8bd337f2e763f63e,64,28771,2441,40691,4474,-26330,-36217,2.875
880edb6616a45c4c,64,28568,2450,40263,4497,-26118,-35766,2.75
1a1ccf2ce63119ee,64,28959,2404,40846,4403,-26555,-36443,2.735
600d1f94b723f616,64,28294,2442,39885,4487,-25852,-35398,2.794
82c3f1559e62e460,64,28598,2469,40267,4527,-26129,-35740,2.797
d9e3d300175fd774,64,28449,2452,40161,4504,-25997,-35657,2.712
c77075e11f19e9f2,64,29096,2433,41049,4463,-26663,-36586,2.802
80a888f6e560bfca,64,29818,2451,41989,4500,-27367,-37489,2.885
124e83309603f524,64,28314,2436,39872,4476,-25878,-35396,2.869
81c19aafe58e39fa,64,29631,2446,41800,4486,-27185,-37314,2.829
e4e6689d19d0c69e,64,29290,2437,41370,4451,-26853,-36919,2.761
e0d927f0d10393a8,64,27649,2452,38876,4491,-25197,-34385,2.725
850b3099233da22b,64,29496,2409,41382,4425,-27087,-36957,2.807
c383d2de083497eb,64,28756,2407,40641,4400,-26349,-36241,2.809
57683106856ca4ca,64,28638,2455,40289,4506,-26183,-35783,2.844
0ac298822d9763dc,64,28066,2466,39491,4524,-25600,-34967,2.695
41e0054c389a4634,64,28811,2395,40435,4401,-26416,-36034,2.872
e0d9508b1d2f62a9,64,29414,2468,41494,4512,-26946,-36982,2.809
06c1d9e67e2de1e8,64,27994,2482,39470,4550,-25512,-34920,2.813
0cbc91901e90b9b7,64,29478,2476,41476,4543,-27002,-36933,2.812
2babca408fff7ad9,64,29335,2405,41391,4407,-26930,-36984,2.826
c1c0d3b629c1f492,64,28766,2473,40566,4525,-26293,-36041,2.791
9556dee9934fc051,64,29849,2423,41968,4431,-27426,-37537,2.86
2f65813fd2ea9dd4,64,29485,2450,41579,4473,-27035,-37106,2.801
bc10e39f7c2af776,64,29248,2453,41258,4496,-26795,-36762,2.843
bb551f21a9523034,64,29425,2420,41518,4437,-27005,-37081,2.811
7a6f1e5ce5bf1cf4,64,28721,2478,40435,4551,-26243,-35884,2.762
e38ab1cbc8de0d58,64,28015,2447,39514,4503,-25568,-35011,2.831
08829969f7841cae,64,28580,2407,40361,4406,-26173,-35955,2.741
5461f019b1acd4bb,64,29696,2401,41787,4402,-27295,-37385,2.925
57cd85b6925f3f54,64,29491,2432,41396,4464,-27059,-36932,2.72
1f9c7b28513b52a5,64,30271,2434,42667,4465,-27837,-38202,2.891
9c75202757226815,64,28598,2430,40216,4465,-26168,-35751,2.747
9b0ba4bc29883fe1,64,29509,2418,41699,4449,-27091,-37250,2.749
a9687dcc421aa929,64,27342,2434,38406,4466,-24908,-33940,2.669
810a80369a2e48ac,64,29237,2410,41187,4430,-26827,-36757,2.684
57f912dbcc722c8e,64,29335,2428,41476,4451,-26907,-37025,2.75
40a122726fb9700b,64,29360,2456,41429,4483,-26904,-36946,2.727
9f794fba0a7debb6,64,29675,2419,41872,4447,-27256,-37425,2.85
55d6c3e2237f2fae,64,28105,2410,39723,4423,-25695,-35300,2.715
c5ffc625cf2f99d7,64,28826,2466,40614,4528,-26360,-36086,2.856
1420a889e866ed56,64,30051,2404,42576,4411,-27647,-38165,2.736
2c4dab8281907fdc,64,30065,2423,42255,4441,-27642,-37814,2.863
41c8f8b1105f3f28,64,29960,2420,42342,4451,-27540,-37891,2.808
7eb77bfe13eb756b,64,29600,2408,41727,4415,-27192,-37312,2.795
3d45658efb4c97bd,64,29054,2442,41014,4461,-26612,-36553,2.723
32cc0da4b1f795d0,64,29180,2430,41095,4452,-26750,-36643,2.783
a3026ab1d269f770,64,29529,2400,41779,4413,-27129,-37366,2.997
b7d745260ebe6c26,64,29483,2421,41510,4454,-27062,-37056,2.792
0d4a465e04cec303,64,29770,2472,41757,4537,-27298,-37220,2.875
96758ef289ddb47e,64,29560,2460,41529,4513,-27100,-37016,2.84
eb911105bb1d0464,64,28968,2435,40874,4473,-26533,-36401,3.065
73caf2242ce38703,64,30412,2453,42889,4503,-27959,-38386,2.943
1df3b701f81e8449,64,29278,2401,41213,4392,-26877,-36821,2.832
9d40607b4ae1a055,64,30208,2438,42605,4481,-27770,-38124,2.852
bb3a7635d74d2471,64,29379,2460,41361,4510,-26919,-36851,2.866
b6d347f60c287374,64,29669,2401,42018,4408,-27268,-37610,2.821
e8dc61e51e5499a4,64,28566,2406,40369,4434,-26160,-35935,2.788
7cc3dc64cb98a9ec,64,27854,2406,39255,4416,-25448,-34839,2.685
d59593391dc6dca9,64,27865,2444,39288,4489,-25421,-34799,2.763
689b6349eb193684,64,28596,2484,40335,4569,-26112,-35766,2.859
f349019c9b2761df,64,29929,2406,42288,4409,-27523,-37879,2.827
4914dbbf1a5453b2,64,28161,2445,39650,4471,-25716,-35179,2.808
bb7251236c6f2b76,64,27559,2473,38939,4521,-25086,-34418,2.763
0b7ffc03bb505028,64,27482,2378,38744,4380,-25104,-34364,2.679
4c05f3cd47b93baf,64,28876,2404,40681,4409,-26472,-36272,2.784
10ef6d775fc31c44,64,29596,2448,41788,4481,-27148,-37307,2.877
b1e1b551e84bbd27,64,29460,2457,41762,4510,-27003,-37252,2.83
72f1fabc1918526e,64,30582,2464,43129,4520,-28118,-38609,2.935
b4e3379894febaa4,64,29614,2414,41779,4444,-27200,-37335,2.851
35f93ce45067e6ba,64,27910,2420,39426,4424,-25490,-35002,2.825
793cbd43650a56f0,64,29718,2462,42108,4504,-27256,-37604,2.776
eccf705c61986b9a,64,29722,2468,41892,4532,-27254,-37360,2.864
b3d664ab7a325c42,64,28748,2439,40584,4466,-26309,-36118,2.774
2f2687aa3bc54793,64,29077,2434,41127,4468,-26643,-36659,2.845
88c54cbe1884466b,64,29038,2446,40725,4487,-26592,-36238,2.87
3b03ceffd64fcc22,64,27781,2414,39039,4431,-25367,-34608,2.691
ee4cd82eda7cb2e6,64,29426,2408,41414,4411,-27018,-37003,2.771
28f3bcf662779b45,64,28891,2459,40707,4513,-26432,-36194,2.838
7deefe799decb004,64,27910,2440,39449,4473,-25470,-34976,2.748
14f4d3424581f3d4,64,27898,2470,39414,4537,-25428,-34877,2.786
c9c87a7c80c79b3b,64,28909,2425,40728,4440,-26484,-36288,2.804
2c45557ef25cd900,64,28833,2433,40554,4467,-26400,-36087,2.822
fb01093a18706a5d,64,29799,2427,41905,4443,-27372,-37462,2.853
9872f0448a5dd6a8,64,29366,2451,41375,4490,-26915,-36885,2.862
5deeed73667e258b,64,28808,2427,40685,4442,-26381,-36243,2.742
dcfcbfeffc4242c6,64,29690,2386,41902,4380,-27304,-37522,2.834
5ed076b9a30f9f03,64,28416,2411,39898,4418,-26005,-35480,2.776
665e220ea803eb35,64,29839,2424,42083,4457,-27415,-37626,2.935
a80e662bb05a1ac3,64,29367,2436,41474,4480,-26931,-36994,2.826
f2cc844eae10bb2b,64,29769,2430,42202,4461,-27339,-37741,3.028
42def89f9129973c,64,30072,2418,42259,4447,-27654,-37812,2.95
671728f06e26b21e,64,30716,2389,43231,4377,-28327,-38854,2.96
85dc9bab6045a7a6,64,30144,2458,42478,4523,-27686,-37955,2.963
453fab58117225dd,64,30125,2431,42392,4450,-27694,-37942,2.909
ce782fceb7d09f96,64,29277,2387,41090,4386,-26890,-36704,2.962
923aee43e0abb3a6,64,29514,2433,41525,4452,-27081,-37073,2.794
ddc1af569d5df300,64,29953,2486,42134,4560,-27467,-37574,2.907
de889c445441df12,64,29357,2448,41367,4484,-26909,-36883,2.822
364b9c95f8e095fc,64,29926,2453,42054,4503,-27473,-37551,2.934
dc882f64b135c5a3,64,30174,2402,42605,4411,-27772,-38194,2.924
a5d5d54e4f5beb63,64,28525,2451,40130,4479,-26074,-35651,2.774
81a970a40472fa4a,64,29408,2453,41387,4500,-26955,-36887,2.814
4753a4ff46072715,64,28064,2467,39365,4519,-25597,-34846,2.783
d3e103d8154fed23,64,29689,2416,41883,4430,-27273,-37453,2.903
e2ad552938f548f6,64,30015,2432,42261,4474,-27583,-37787,2.804
d43f37167e2bd2ae,64,30196,2451,42513,4503,-27745,-38010,2.893
05735d607ff1eb6e,64,30094,2434,42320,4456,-27660,-37864,2.802
149a47e6e206ef1c,64,29023,2444,41033,4476,-26579,-36557,2.798
4110c398ee55d2e6,64,28657,2421,40123,4438,-26236,-35685,2.711
e13976069df66d7b,64,30065,2451,42336,4496,-27614,-37840,2.849
d2eb0e923608b442,64,29011,2457,40731,4516,-26554,-36215,2.793
1b3460832fece3fc,64,27615,2411,38920,4403,-25204,-34517,2.792
2f9de2ff20f180f8,64,30706,2419,43199,4423,-28287,-38776,2.874
c99b4eff57c86031,64,29699,2379,41836,4361,-27320,-37475,2.95
85ed9e9620692823,64,28380,2447,39754,4474,-25933,-35280,2.827
23f9011858b4863b,64,29304,2422,41281,4444,-26882,-36837,2.871
38ad769210ade797,64,30896,2497,43674,4579,-28399,-39095,3.014
c456cb45e71ccef1,64,30455,2434,42811,4453,-28021,-38358,2.859
94c1b4688855344c,64,30176,2377,42490,4382,-27799,-38108,2.851
39562f2f77aefbc0,64,29912,2427,42130,4469,-27485,-37661,2.861
dd412effbf6627be,64,29264,2404,41234,4413,-26860,-36821,2.879
f21d308f056d1018,64,30671,2447,43144,4482,-28224,-38662,2.929
9c74c1c0876147f3,64,30395,2407,42822,4437,-27988,-38385,2.894
aff9b5b9e287876c,64,28725,2464,40375,4532,-26261,-35843,2.881
818973ba57158d88,64,29535,2453,41579,4505,-27082,-37074,2.998
309ff4f47d9bdac8,64,29564,2458,41688,4504,-27106,-37184,2.852
bb942bd43fc87f28,64,29743,2417,41778,4430,-27326,-37348,2.994
daae10de2d9b16e0,64,30169,2448,42511,4500,-27721,-38011,2.881
968221b05ad998c2,64,29297,2467,41303,4515,-26830,-36788,2.898
d9d7f49648b62c48,64,29995,2453,42112,4514,-27542,-37598,2.937
2355f8521cf6de26,64,30753,2454,43352,4494,-28299,-38858,3.146
432b9c22609d9aad,64,28911,2448,40584,4465,-26463,-36119,2.913
e10881ce68733791,64,28875,2451,40688,4489,-26424,-36199,2.974
bbce775b6dd5ff2f,64,29224,2439,41227,4461,-26785,-36766,2.964
f790b4ac847b6a24,64,30488,2410,42979,4450,-28078,-38529,2.982
38b9e06743adc9ab,64,28642,2447,40394,4484,-26195,-35910,2.786
e943c265bf111ceb,64,27687,2436,38922,4481,-25251,-34441,2.782
45c7a6b5d446058c,64,29444,2477,41362,4551,-26967,-36811,2.928
7a0f8c940c4ee64f,64,29429,2440,41414,4481,-26989,-36933,2.915
6baaeba8a1c67016,64,28555,2413,40271,4430,-26142,-35841,2.868
b0093e46950df3cf,64,30266,2477,42664,4531,-27789,-38133,2.978
96582d956c1f0344,64,29508,2471,41639,4537,-27037,-37102,3.033
0edc4b4d05350f10,64,29358,2486,41290,4562,-26872,-36728,2.891
6c66af8f86667d03,64,29175,2480,41025,4540,-26695,-36485,2.913
b387c3e35b9a7cfb,64,30830,2413,43544,4442,-28417,-39102,2.882
963fcdf02590d1c5,64,29363,2441,41391,4475,-26922,-36916,2.93
18c7837eb8701e1b,64,30642,2412,43084,4409,-28230,-38675,2.874
7018d2b6b59e6485,64,30196,2399,42473,4411,-27797,-38062,3.081
9ed5c7b1950ea291,64,28486,2443,39957,4464,-26043,-35493,3.018
60609fc15f3e6274,64,29141,2427,40799,4461,-26714,-36338,2.957
b42d3e598904b47c,64,29537,2472,41622,4515,-27065,-37107,2.992
baf3ae1e9374f0a8,64,30219,2436,42583,4473,-27783,-38110,2.96
b2b4da3e5b097930,64,28962,2404,40749,4404,-26558,-36345,3.027
41459005891a62fd,64,29302,2468,41311,4526,-26834,-36785,2.949
4d7b0d3e361fa9f4,64,29191,2449,41232,4494,-26742,-36738,2.981
b0ca009afbd700ba,64,28465,2435,39985,4479,-26030,-35506,2.783
79b696006f4e7755,64,29829,2429,41908,4457,-27400,-37451,2.909
f753a7322f996bbe,64,30845,2452,43351,4507,-28393,-38844,2.942
e5a89587c9f7ad1e,64,31444,2442,44184,4489,-29002,-39695,3.007
e589fd7d71d70b7d,64,29627,2392,41647,4396,-27235,-37251,2.92
cf9dcbebf467aec7,64,29631,2429,41696,4468,-27202,-37228,2.959
88e150caad4c7110,64,30162,2367,42245,4327,-27795,-37918,2.912
b442b875ed9f47de,64,29208,2409,41041,4425,-26799,-36616,2.988
ce50e16cd09b3428,64,28695,2392,40338,4391,-26303,-35947,2.808
bc9b586ed2b35771,64,30054,2408,42491,4409,-27646,-38082,2.891
0b0804ff761f37e6,64,29777,2353,41861,4317,-27424,-37544,2.915
3556cd2707807e52,64,29313,2448,41247,4499,-26865,-36748,2.844
95b47837ad622a28,64,29838,2449,42218,4487,-27389,-37731,2.853
6e0cf7482dcdcfdb,64,28331,2449,39850,4478,-25882,-35372,2.809
96051471cd990ac2,64,30438,2390,42775,4388,-28048,-38387,2.858
9fa350a5f51e1861,64,29517,2445,41582,4484,-27072,-37098,2.895
b38399ed53577742,64,28534,2407,40036,4413,-26127,-35623,2.817
2c84f196ec2497e1,64,28540,2392,40159,4395,-26148,-35764,2.807
f31fe8c395480286,64,29385,2463,41359,4508,-26922,-36851,2.926
281238f9d0154289,64,30253,2448,42560,4468,-27805,-38092,3.104
a419f7f2e335be40,64,30386,2440,42618,4470,-27946,-38148,3.036
e4063c3191fc7770,64,30811,2412,43386,4405,-28399,-38981,2.923
f3fadaa199c8239b,64,29421,2459,41474,4518,-26962,-36956,2.976
dd5fed5987b7ca35,64,30041,2388,42415,4369,-27653,-38046,2.875
59dd4ebb5c33bc88,64,30359,2396,42651,4398,-27963,-38253,3.026
424eb3d25ff06ca4,64,30389,2479,42587,4545,-27910,-38042,2.922
6b5c517873d18ae6,64,30099,2427,42452,4468,-27672,-37984,3.005
864c98a3cc92686a,64,30249,2429,42583,4456,-27820,-38127,2.952
e1496a6090d56bc3,64,28914,2438,40773,4469,-26476,-36304,2.903
88f076e955b9e730,64,29736,2422,41886,4443,-27314,-37443,2.885
ebe8d75a54084c10,64,28477,2415,40100,4430,-26062,-35670,2.898
b13841381b3341fb,64,30781,2430,43362,4459,-28351,-38903,2.963
7acf7620dc028ef9,64,29318,2476,41298,4537,-26842,-36761,2.897
32d7561faf0d5062,64,29165,2475,40971,4532,-26690,-36439,2.958
eadb4691cd1e8a50,64,28448,2427,40124,4461,-26021,-35663,2.824
1216f4e7a40b8be3,64,27135,2451,38044,4508,-24684,-33536,2.867
6f7a16504273879a,64,28954,2431,40731,4455,-26523,-36276,2.923
cce9ed7ad2d13df2,64,30172,2411,42498,4421,-27761,-38077,2.978
c84a1ccba90a920c,64,28113,2409,39459,4416,-25704,-35043,2.939
80b8433e870ed788,64,29268,2431,41069,4463,-26837,-36606,2.975
cae76f8ff07784e6,64,29684,2376,41684,4361,-27308,-37323,3.016
b742700125f4053a,64,28254,2410,39594,4417,-25844,-35177,2.894
7f55360491032962,64,29324,2429,41095,4439,-26895,-36656,2.974
43b1ce3cea3acb8a,64,29703,2424,41608,4448,-27279,-37160,2.997
66d684778127ff0e,64,29082,2448,40766,4493,-26634,-36273,2.908
f672967b04e1df73,64,29779,2450,41816,4494,-27329,-37322,3.083
0018dfd1c68556d7,64,27654,2412,38797,4439,-25242,-34358,2.791
7b01eac931c48989,64,28649,2439,40059,4465,-26210,-35594,2.963
873e47614ccc289b,64,29482,2421,41548,4443,-27061,-37105,2.951
8fdc094278138ce3,64,27717,2472,38722,4519,-25245,-34203,2.825
f5c919ee682a8fc3,64,29247,2469,41059,4527,-26778,-36532,2.993
b5078cf43ae32bd3,64,30131,2500,42284,4581,-27631,-37703,3.075
0c16f10f8ae99eea,64,28233,2452,39687,4487,-25781,-35200,2.925
874a80264938b906,64,30219,2478,42302,4544,-27741,-37758,2.928
471a8941e256fba3,64,29873,2439,42005,4462,-27434,-37543,3.029
cac9494ea167e2e7,64,30327,2402,42799,4417,-27925,-38382,2.992
6ca11cb46dfd2550,64,30255,2416,42531,4421,-27839,-38110,2.952
1d7517c970b07806,64,30776,2403,43345,4403,-28373,-38942,3.0
60d85c7db6f6ac33,64,28725,2434,40358,4484,-26291,-35874,3.067
d0614fe29e0298e1,64,29287,2375,41012,4344,-26912,-36668,2.949
13e676188780cefe,64,28175,2434,39451,4467,-25741,-34984,2.94
307469ac30fad800,64,28168,2379,39581,4379,-25789,-35202,2.953
af1adfcb5461d7cb,64,29536,2395,41464,4392,-27141,-37072,3.15
cf5d493da216febd,64,29253,2433,41108,4475,-26820,-36633,2.899
638d81e77739a7b3,64,28462,2477,40001,4526,-25985,-35475,2.994
2178ab67109ec78b,64,30463,2483,42697,4540,-27980,-38157,2.968
85a4f6627a397ef2,64,29687,2432,41592,4466,-27255,-37126,3.018
2b505dd9436533b4,64,28246,2452,39700,4498,-25794,-35202,2.803
c1845a9030c3c390,64,28600,2374,40163,4350,-26226,-35813,2.955
e4edd103804d7e89,64,29210,2380,40997,4371,-26830,-36626,2.902
2f7ab302f869f004,64,29185,2459,40826,4501,-26726,-36325,2.96
4e77a34435143029,64,28670,2474,40319,4534,-26196,-35785,2.916
20422e919c6c90ce,64,28847,2447,40380,4467,-26400,-35913,2.902
edb895129199f6dd,64,28474,2430,39879,4447,-26044,-35432,2.93
494a9847d7ad76e7,64,30644,2455,43112,4511,-28189,-38601,3.088
b2b009ca5c47d447,64,28699,2471,40422,4525,-26228,-35897,2.934
15bfe16b022c54cc,64,28804,2448,40402,4498,-26356,-35904,3.048
6f10da6f01340ddb,64,27673,2425,38773,4446,-25248,-34327,2.855
20643075262df710,64,30229,2471,42584,4518,-27758,-38066,2.997
a39f3fab89dddc0f,64,29581,2446,41688,4466,-27135,-37222,2.954
93052702bb367bcb,64,29618,2435,41641,4468,-27183,-37173,2.998
1b12078c0913bb25,64,28566,2439,40123,4466,-26127,-35657,3.014
b9e6dd2be9999ed8,64,30013,2437,42127,4469,-27576,-37658,2.929
efefea8a0162d994,64,27161,2419,38013,4424,-24742,-33589,2.907
e5446b5598811bea,64,28446,2410,39884,4415,-26036,-35469,2.849
6f7a1c3f9cf6d59d,64,28569,2396,40252,4405,-26173,-35847,2.83
4749fa3cdebcc961,64,29868,2411,41991,4425,-27457,-37566,2.941
4dbee0e18a70d261,64,29360,2427,41192,4462,-26933,-36730,3.031
10d09a616c91348d,64,28773,2399,40369,4389,-26374,-35980,2.853
b45e2c85f9afed15,64,30123,2406,42340,4425,-27717,-37915,3.093
b8817eaee7170277,64,29844,2431,41972,4443,-27413,-37529,3.026
e7b6ed90ebadcfd6,64,30480,2448,42922,4488,-28032,-38434,3.066
5d4cc85afc57695e,64,29372,2443,41190,4467,-26929,-36723,2.868
fa47bccb42e192ee,64,29969,2421,42073,4426,-27548,-37647,2.98
79b7bd1d998797ad,64,28741,2473,40351,4531,-26268,-35820,2.984
76a47145ecfebb4d,64,29485,2470,41417,4535,-27015,-36882,2.959
fc9a337604eae45a,64,28686,2350,40421,4294,-26336,-36127,3.008
b759e0030989d27e,64,28029,2486,39325,4562,-25543,-34763,2.957
f80f91938fc20dec,64,27705,2403,38861,4419,-25302,-34442,2.897
932459d9f2b9592d,64,29185,2434,40835,4445,-26751,-36390,2.934
7d5cc916f9c08a7d,64,29543,2436,41459,4479,-27107,-36980,3.066
94ecb8691530ad4e,64,28243,2451,39687,4477,-25792,-35210,2.926
7100fe08e66b325c,64,29228,2459,41058,4498,-26769,-36560,2.979
89043e348a93cc34,64,29846,2448,41891,4497,-27398,-37394,2.943
e89bfc940ba53e12,64,29587,2444,41682,4467,-27143,-37215,3.078
cfa965d6fdfb6b88,64,28541,2436,40092,4487,-26105,-35605,2.873
5d865700f7cb7036,64,27935,2373,39240,4329,-25562,-34911,2.852
c3bc2a4e1ecf7b86,64,27073,2388,37878,4376,-24685,-33502,2.845
28963f730541d504,64,30346,2431,42797,4463,-27915,-38334,3.048
9f1d56e1f70f5d62,64,30834,2414,43413,4441,-28420,-38972,2.99
12b76b512c5964c3,64,30343,2454,42673,4509,-27889,-38164,2.969
e2239b8064791ffb,64,30413,2451,42740,4493,-27962,-38247,3.04
4261487fae4843ee,64,29829,2435,42001,4479,-27394,-37522,3.052
bae63a2b4d89ac2e,64,29947,2405,41991,4411,-27542,-37580,2.974
ded428092fa3a46f,64,28830,2441,40396,4464,-26389,-35932,2.922
f228190dbdef9fe6,64,28601,2420,40184,4431,-26181,-35753,2.968
301802ce7f763220,64,29704,2459,41751,4507,-27245,-37244,3.032
434f192b945a3aed,64,29217,2439,41089,4469,-26778,-36620,2.901
d9d22a7c6a1b04a3,64,29907,2400,41719,4393,-27507,-37326,3.037
c6b9f273d44ea94b,64,29626,2450,41848,4487,-27176,-37361,2.965
2a2e6fc64532b8f1,64,27974,2424,39097,4443,-25550,-34654,2.922
54dc240adddf230f,64,28896,2469,40536,4512,-26427,-36024,2.969
cd3cea51e06cc1c2,64,27536,2403,38630,4395,-25133,-34235,2.929
dde28a49a5a4cd9e,64,29303,2389,41089,4374,-26914,-36715,2.851
d2f6da4f2f1c002e,64,29446,2446,41459,4471,-27000,-36988,2.907
795cf9058eaa6543,64,28805,2359,40336,4329,-26446,-36007,2.879
87683e61d8588cb1,64,29110,2388,40830,4388,-26722,-36442,2.925
4bcbb0cee4ea6e01,64,27983,2451,39192,4502,-25532,-34690,2.773
2451fef7a3747fa1,64,30010,2423,42041,4453,-27587,-37588,2.922
3197e4b7d8beb2a0,64,30700,2402,43184,4409,-28298,-38775,2.972
55acc9e1165fff19,64,30103,2411,42263,4409,-27692,-37854,2.906
1187d62866bbf392,64,29775,2387,41849,4365,-27388,-37484,2.877
5ee3cc9321d8e045,64,30398,2432,42654,4451,-27966,-38203,2.991
7aff8de51c0d8ce5,64,29851,2404,41967,4404,-27447,-37563,2.959
63d7970f94bf0a4d,64,27835,2461,39249,4502,-25374,-34747,2.949
899ab32f45198ba1,64,28139,2400,39327,4390,-25739,-34937,3.041
ffa5426702a4b68c,64,26253,2448,36630,4474,-23805,-32156,2.79
6c1a0c3ba5077e4c,64,26152,2386,36425,4364,-23766,-32061,2.755
9951ad59bf3e660d,64,25283,2376,35258,4375,-22907,-30883,2.855
a8e2571bd270783b,64,28354,2362,39791,4348,-25992,-35443,2.983
998ae32ecc4dca3b,64,29428,2363,41252,4325,-27065,-36927,2.996
2418571ba48dd0fe,64,27902,2444,39005,4477,-25458,-34528,2.974
823ebdad40f5ecc3,64,26891,2377,37674,4358,-24514,-33316,2.914
ccda3b35bf4cc4b7,64,28182,2426,39409,4437,-25756,-34972,2.882
a8b68c6126e5f832,64,28293,2391,39477,4396,-25902,-35081,2.961
5e0e6490d31c2c75,64,27549,2373,38585,4372,-25176,-34213,2.974
e65c1c80fd6bd1be,64,26254,2422,36821,4439,-23832,-32382,2.811
800b201105a19c29,64,29473,2463,41280,4496,-27010,-36784,3.027
5734039995c2e8d6,64,29546,2427,41488,4459,-27119,-37029,2.989
1b7c56d64ab0f4dd,64,28919,2382,40481,4372,-26537,-36109,2.903
3ab5c732b9ccdf60,64,26758,2437,37375,4475,-24321,-32900,2.909
819b216cbd1c0342,64,27969,2371,39251,4362,-25598,-34889,2.888
0855b830ad7a7bb3,64,27580,2428,38537,4438,-25152,-34099,2.923
a7c24c5d978800aa,64,27353,2437,38399,4451,-24916,-33948,2.948
c1537fa27e4339a2,64,26003,2454,36451,4476,-23549,-31975,2.819
4e752d4a6e5b2a2a,64,28102,2429,39484,4453,-25673,-35031,2.85
7af6d2a44435d8d7,64,29359,2448,41070,4478,-26911,-36592,3.048
d0b4307c57ecd97b,64,27115,2371,38002,4347,-24744,-33655,2.831
c88f5ee237e71736,64,28660,2438,40039,4446,-26222,-35593,2.942
5a8000ec4807a9d8,64,28572,2437,39894,4446,-26135,-35448,3.081
f77ea2338fe17fb5,64,28122,2411,39349,4423,-25711,-34926,2.958
f3a9b1c2bf738553,64,28719,2424,40205,4439,-26295,-35766,2.856
049ff2be9399386b,64,27702,2467,38732,4512,-25235,-34220,2.989
18c02964406f89f4,64,26057,2423,36479,4478,-23634,-32001,2.797
55c0b8da4f5df216,64,28808,2405,40350,4413,-26403,-35937,2.994
672655aea767bcc3,64,29501,2447,41408,4464,-27054,-36944,2.986
9a480cc96a2c7a31,64,26387,2423,36869,4434,-23964,-32435,2.893
3f15f13834ad4a4d,64,28011,2435,38962,4456,-25576,-34506,2.929
7f94573317f7f781,64,27712,2382,38822,4367,-25330,-34455,2.852
ee038d525445cb30,64,25861,2400,36060,4405,-23461,-31655,2.86
d02689cbdd843fb3,64,29170,2381,40895,4378,-26789,-36517,2.982
0eeb7afbb98e2149,64,28269,2445,39530,4479,-25824,-35051,2.922
28673892e0497e1c,64,25840,2396,36070,4380,-23444,-31690,2.825
1383177fd64ebb03,64,29034,2410,40761,4420,-26624,-36341,2.97
d04e85eecc249595,64,26187,2362,36492,4338,-23825,-32154,2.853
8be8833c618b7ac5,64,29143,2427,40906,4448,-26716,-36458,2.942
78267ff7b20fd68c,64,27556,2440,38639,4464,-25116,-34175,2.972
a55afe1ef7ff814b,64,27595,2418,38773,4442,-25177,-34331,2.884
9acad03bc4df722e,64,26686,2387,37259,4372,-24299,-32887,2.838
cb3e1df05f4be77c,64,26788,2438,37309,4469,-24350,-32840,2.811
cfecf616712aa1f1,64,28895,2454,40635,4508,-26441,-36127,3.0
2b4d7da06a7e1581,64,24654,2409,34272,4399,-22245,-29873,2.826
9a726a8366f7a0b8,64,28111,2466,39334,4514,-25645,-34820,2.964
ca070087f34fa520,64,28509,2441,39903,4464,-26068,-35439,2.89
7cf74acecaf22e51,64,26505,2430,37113,4441,-24075,-32672,2.949
c63b0565145ccdd6,64,28365,2443,39740,4477,-25922,-35263,2.884
ccad4c112ceee38b,64,28778,2445,40471,4486,-26333,-35985,2.909
781739870c950ab1,64,28252,2441,39489,4480,-25811,-35009,3.0
8f70997f0bbdc696,64,28190,2398,39576,4382,-25792,-35194,2.868
5f834250ec9fa8ee,64,26770,2425,37455,4443,-24345,-33012,2.844
e06f6ffcc3d5b1e6,64,28364,2435,39791,4473,-25929,-35318,2.946
700679d170f21065,64,27185,2456,37977,4526,-24729,-33451,2.866
14a2c2ca64e3e215,64,27874,2444,39222,4499,-25430,-34723,2.846
f90e7ae04a1a40da,64,29040,2421,40667,4442,-26619,-36225,2.931
e2f8538897107a40,64,27635,2421,38655,4448,-25214,-34207,2.884
20f0a2577a00e6e4,64,28398,2445,39583,4467,-25953,-35116,2.906
2a058765f677a0d8,64,28431,2449,39645,4492,-25982,-35153,2.866
38d334fc0d7d98ee,64,27811,2426,38792,4446,-25385,-34346,2.944
6dda5d0a3b019655,64,27711,2473,38712,4529,-25238,-34183,2.864
a42e87305cd9907b,64,29001,2424,40558,4460,-26577,-36098,3.161
9c00585aa04b6fea,64,27143,2415,37940,4422,-24728,-33518,2.889
1c8f0463b24bd626,64,27713,2366,38814,4332,-25347,-34482,2.955
33e79154ccfbf92e,64,28593,2418,40162,4448,-26175,-35714,2.958
3cfc88b6ee0cadb2,64,27341,2377,38395,4363,-24964,-34032,2.956
f51a85e98c393a6b,64,25910,2428,36017,4463,-23482,-31554,2.829
439740cf5addeabd,64,26562,2431,37105,4468,-24131,-32637,2.826
ddbfb927239010ec,64,29437,2401,41214,4401,-27036,-36813,2.967
359d4a6de8a68272,64,25157,2431,35089,4461,-22726,-30628,2.972
3891ddbca6652b07,64,28443,2418,39664,4409,-26025,-35255,2.989
6de3dd8581590375,64,28187,2395,39492,4379,-25792,-35113,2.865
d297ad0db4024f0d,64,26310,2443,36743,4481,-23867,-32262,2.866
b4fec6e591962264,64,26252,2447,36807,4498,-23805,-32309,2.858
767b5528ac81a394,64,26644,2367,37216,4338,-24277,-32878,2.807
7a1ad06455b34974,64,27298,2469,38353,4525,-24829,-33828,2.882
e852fe07402bf17c,64,30427,2386,42497,4380,-28041,-38117,3.058
09c476efd6bcaeed,64,28392,2414,39661,4416,-25978,-35245,2.981
0a5430299d8dd75d,64,29189,2397,40763,4389,-26792,-36374,2.974
950bd9f3f1e9fdcb,64,28389,2385,39612,4391,-26004,-35221,2.903
61416713ea67008e,64,27766,2424,38898,4445,-25342,-34453,2.97
16970e2957281b35,64,27532,2369,38672,4338,-25163,-34334,2.87
e0054b2282d43f3a,64,27527,2461,38405,4516,-25066,-33889,2.928
4bc3a23457fde668,64,27375,2377,38412,4357,-24998,-34055,2.815
d114a4816835c840,64,29426,2435,41214,4468,-26991,-36746,3.017
fb143a440ee677b8,64,27614,2428,38634,4434,-25186,-34200,2.953
c6abfae62260ed1a,64,26305,2465,36956,4524,-23840,-32432,2.867
331a6c78fe2beea3,64,28334,2402,39788,4403,-25932,-35385,2.883
136f012da345989c,64,27967,2395,39280,4383,-25572,-34897,2.88
6cf15ebf4d818ca1,64,26969,2415,37770,4437,-24554,-33333,2.942
2a1687b20e82cd2d,64,29134,2447,40774,4475,-26687,-36299,2.958
8c349338e71f4ee8,64,25709,2403,35939,4404,-23306,-31535,2.774
d3ae4dda9c0fd460,64,27954,2405,39280,4412,-25549,-34868,2.902
1777da34c0459d26,64,28731,2466,40226,4513,-26265,-35713,3.054
fc8874e15be78979,64,27651,2385,38631,4359,-25266,-34272,2.932
f201fd28867ed07a,64,24879,2413,34701,4412,-22466,-30289,2.783
975967e6a0c27185,64,27185,2421,38100,4436,-24764,-33664,2.915
c17d94ea44dfa82d,64,23978,2410,33309,4430,-21568,-28879,2.893
bed08f3ed3d3d2ba,64,26237,2437,36818,4459,-23800,-32359,2.906
cd5e1e4e98a24b12,64,22162,2468,30717,4505,-19694,-26212,2.722
28bcb425e3946499,64,22748,2402,31568,4390,-20346,-27178,2.705
ac9dc4f20dc14b3c,64,27816,2375,38775,4344,-25441,-34431,2.913
9ee99a27bbae0b24,64,23213,2360,32342,4313,-20853,-28029,2.697
78a361f97684900c,64,26290,2422,36695,4407,-23868,-32288,2.936
69230f98bced94bb,64,24990,2422,34679,4417,-22568,-30262,2.938
8fab190f1bdfa82b,64,22240,2387,30887,4375,-19853,-26512,2.716
227632cbd282e455,64,24430,2398,34202,4391,-22032,-29811,2.868
0964d3b829ec5539,64,22596,2390,31516,4377,-20206,-27139,2.793
055c39e245318abe,64,24407,2385,33940,4368,-22022,-29572,2.787
b5eedbc186bb092a,64,25039,2395,34890,4370,-22644,-30520,2.753
76943b6a01a7e37c,64,25358,2444,35313,4483,-22914,-30830,2.84
7321aec892450f30,64,23804,2356,33100,4300,-21448,-28800,2.659
75f908b5cad067db,64,25093,2362,34974,4335,-22731,-30639,2.725
f68bd87e99d241c9,64,21267,2356,29313,4316,-18911,-24997,2.513
c0e460d0c71a1c19,64,24443,2432,33983,4443,-22011,-29540,2.797
fa11d48c48820f81,64,24104,2451,33523,4498,-21653,-29025,2.738
38d1f0237f0048c2,64,25572,2357,35585,4321,-23215,-31264,2.735
44b03255497fab06,64,25383,2404,35316,4393,-22979,-30923,2.777
73fe2cc56cc61e61,64,26280,2401,36585,4390,-23879,-32195,2.806
5bf7c86bfc6c0457,64,24275,2431,33855,4453,-21844,-29402,2.795
6550984fef0f656a,64,26291,2424,36736,4437,-23867,-32299,2.926
1f2db31a91d6ae37,64,25140,2426,34920,4438,-22714,-30482,2.739
453d2751d8400e05,64,26428,2355,36879,4296,-24073,-32583,2.823
7a9ae78cc4956bbe,64,25307,2410,35296,4416,-22897,-30880,2.764
10e2238fbbdd1248,64,24621,2407,34291,4414,-22214,-29877,2.75
fcf887abaa08140f,64,26003,2476,36228,4526,-23527,-31702,2.832
e18c082eca57c72b,64,25875,2440,36219,4460,-23435,-31759,2.854
2f38aee3b771a1aa,64,26747,2407,37232,4372,-24340,-32860,2.777
50141279cc32b2bb,64,24169,2390,33691,4387,-21779,-29304,2.937
ab3800b1945597c6,64,22601,2367,31649,4343,-20234,-27306,2.537
8097d6970cef9501,64,23579,2369,32869,4340,-21210,-28529,2.764
ac52312e2f6c6729,64,27816,2415,38917,4410,-25401,-34507,2.996
ceb7e88aa4167416,64,23374,2451,32432,4498,-20923,-27934,2.742
8d94d90fcd305bf4,64,26594,2384,37196,4356,-24210,-32840,2.892
f7234d417ce3078a,64,25803,2451,35967,4480,-23352,-31487,2.832
c6b7ee159f41f97e,64,25797,2430,35887,4449,-23367,-31438,2.826
6b4efdd7ce712f1d,64,25756,2386,35983,4357,-23370,-31626,2.81
58eeca156856ac6b,64,23681,2353,32919,4347,-21328,-28572,2.798
88161d9462619df0,64,26557,2401,37074,4381,-24156,-32693,2.758
e6f48e6e16856b2f,64,26714,2452,37235,4477,-24262,-32758,2.889
43354991fd6d14f1,64,25732,2394,35877,4378,-23338,-31499,2.855
ce25fca28de3fd66,64,24841,2417,34586,4412,-22424,-30174,2.713
c405066d350eb24d,64,24311,2426,33963,4456,-21885,-29507,2.843
b4e95c5774bf38b1,64,24161,2370,33606,4340,-21791,-29266,2.852
d6924458dcd94fd1,64,25947,2412,36206,4412,-23535,-31794,2.842
38a6240d6799ac03,64,27295,2423,38192,4451,-24872,-33741,2.897
0ca634ffee5a50ab,64,24200,2449,33733,4484,-21751,-29249,2.827
c47e09bb86f5bdeb,64,22214,2431,30888,4462,-19783,-26426,2.681
7afa5c352813a5bf,64,21984,2410,30425,4439,-19574,-25986,2.723
ae2994616c4154d7,64,24199,2399,33664,4392,-21800,-29272,2.868
496e439090f81647,64,26486,2399,36934,4370,-24087,-32564,2.907
eaf16ea582414703,64,25798,2423,35993,4428,-23375,-31565,2.852
c7f895c6b5ff5b86,64,23499,2420,32625,4436,-21079,-28189,2.786
09f531a762765d30,64,27147,2389,38024,4397,-24758,-33627,2.84
59cfc1691cadedab,64,25596,2385,35694,4367,-23211,-31327,2.821
4fc2f072153b717f,64,27462,2369,38302,4340,-25093,-33962,2.958
192c5e02d788823b,64,25964,2399,36278,4374,-23565,-31904,2.859
99a3a67919fa8024,64,24382,2400,34092,4393,-21982,-29699,2.734
f187c84f480630e1,64,24483,2423,34133,4446,-22060,-29687,2.764
97e4b8c2291d7d04,64,25118,2462,35015,4506,-22656,-30509,2.861
f97cef6dc5861395,64,25224,2402,35104,4383,-22822,-30721,2.831
2a9816c4fd6e1652,64,25696,2380,35874,4369,-23316,-31505,2.789
85db662acbadcc44,64,22895,2414,31802,4444,-20481,-27358,2.68
9e4331f0bdb6369c,64,26051,2390,36187,4373,-23661,-31814,2.811
33cb4920dc6ec267,64,25375,2423,35321,4435,-22952,-30886,2.821
ca24afdae7abf282,64,27109,2392,38068,4407,-24717,-33661,2.795
5e662a93f0f2d922,64,23837,2337,33262,4261,-21500,-29001,2.696
55e852c497fdb3a7,64,26427,2451,36968,4472,-23976,-32496,2.868
7c744f65d0c00513,64,25822,2371,36108,4339,-23451,-31769,2.807
ce9972d9280a4601,64,24726,2325,34459,4253,-22401,-30206,2.769
d15b0c1da6da79f5,64,24299,2436,33948,4450,-21863,-29498,2.814
f2d5d32f327ebea1,64,25529,2390,35750,4381,-23139,-31369,3.125
b40af1159ffb6c4c,64,23798,2311,33103,4251,-21487,-28852,3.009
d1c90e2293ec8c93,64,25691,2391,35917,4369,-23300,-31548,3.067
9a8d40a1e898484f,64,25144,2403,35005,4393,-22741,-30612,3.253
f1a6175d0c169278,64,25434,2427,35514,4445,-23007,-31069,2.74
0511c06fa8a0549e,64,23993,2364,33455,4331,-21629,-29124,2.718
7dbb78ecf216087d,64,25351,2424,35233,4436,-22927,-30797,2.738
d4064621e57ad58e,64,27952,2382,39112,4357,-25570,-34755,2.861
fad1d2ad2ab0fa32,64,22573,2402,31296,4398,-20171,-26898,2.616
d787808c8921f441,64,25679,2412,35959,4405,-23267,-31554,2.744
369f3c96e51f1807,64,24907,2396,34706,4365,-22511,-30341,2.862
330405f34f72e0ba,64,24783,2360,34435,4323,-22423,-30112,2.721
3b0df4dbb8de6ff7,64,25347,2391,35505,4387,-22956,-31118,2.811
84b6ddea0cbd4e72,64,25163,2376,35150,4355,-22787,-30795,2.671
7bbe9b99a1c4739b,64,26127,2345,36564,4300,-23782,-32264,2.717
148e5a1d2df9ebb7,64,27355,2404,38176,4399,-24951,-33777,2.798
c552582afa86e145,64,27161,2396,37738,4391,-24765,-33347,2.846
3954a081c5932bee,64,24542,2385,34238,4397,-22157,-29841,2.73
6857b170870a26c5,64,25962,2367,36205,4343,-23595,-31862,2.74
00e01dad2785934b,64,24067,2409,33548,4417,-21658,-29131,2.734
150e3cbc56438791,64,24938,2424,34716,4432,-22514,-30284,2.734
eb646b80b35198d9,64,25642,2378,35861,4349,-23264,-31512,2.782
25446161ba4e9ea5,64,23686,2418,32895,4439,-21268,-28456,2.681
5fa59872dfbde301,64,25476,2403,35460,4392,-23073,-31068,3.203
e755b9eb57dedde0,64,23756,2387,33165,4381,-21369,-28784,2.91
526528fa7081d82d,64,25572,2408,35690,4412,-23164,-31278,2.81
a887b9276639320c,64,20331,2425,28203,4407,-17906,-23796,2.518
f08a86130f8f7d82,64,20673,2402,28809,4413,-18271,-24396,2.564
2327fda285da3a0a,64,20182,2422,27940,4416,-17760,-23524,2.689
06aee1714d35d4b0,64,21054,2391,29175,4339,-18663,-24836,2.599
1a538d38ba346e21,64,21070,2435,29150,4449,-18635,-24701,2.616
4dbf0555ed8c4c84,64,21563,2400,29934,4391,-19163,-25543,2.688
0626883dca33b4ae,64,20058,2399,27630,4383,-17659,-23247,2.618
fdc6033b5d00d804,64,19266,2351,26516,4275,-16915,-22241,2.551
6faf7b33c14a702e,64,20770,2366,28754,4317,-18404,-24437,2.602
4731f7bdc33854a9,64,19223,2408,26501,4411,-16815,-22090,2.532
87587d61e7adc864,64,19991,2373,27656,4346,-17618,-23310,2.57
3b1aef53cfb8b131,64,20416,2401,28236,4393,-18015,-23843,2.614
820309892473cfd3,64,19650,2381,27352,4333,-17269,-23019,2.516
d693c00f84703506,64,19262,2340,26726,4275,-16922,-22451,2.548
8cb34cbaed2ff161,64,20093,2343,27767,4265,-17750,-23502,2.672
c1ac503f4f53220f,64,21316,2359,29789,4318,-18957,-25471,2.683
3d53e284f3773d37,64,21141,2407,29190,4390,-18734,-24800,2.686
5d66c57fcb21f595,64,21676,2381,30111,4331,-19295,-25780,2.678
f919cb1f8898ebde,64,19664,2313,27172,4243,-17351,-22929,2.546
7e4d481a9cd42d7e,64,20941,2438,28971,4457,-18503,-24514,2.63
47c8a9d62aded2cc,64,21241,2431,29475,4442,-18810,-25033,2.607
0eaf02e4a48c8def,64,18859,2385,26229,4368,-16474,-21861,2.607
f934950f2acceee8,64,21937,2433,30573,4440,-19504,-26133,2.636
1bfdbb7bcc045c28,64,21687,2442,30219,4470,-19245,-25749,2.737
ff86d21de68e52e4,64,19661,2422,27070,4411,-17239,-22659,2.623
516de8ec137dba3e,64,22514,2410,31285,4406,-20104,-26879,2.727
58d8de6a9af62eae,64,22151,2394,30674,4351,-19757,-26323,2.697
b73ffd6c42587130,64,18633,2414,25819,4415,-16219,-21404,2.518
b7222f74a9265ecb,64,20016,2393,27692,4388,-17623,-23304,2.634
e790a659e7b91b26,64,21385,2380,29661,4365,-19005,-25296,2.658
15dc37e818207376,64,20972,2337,29006,4284,-18635,-24722,2.735
5c75c1b7776b7587,64,19947,2403,27615,4419,-17544,-23196,2.533
2b24181d772a5746,64,20476,2326,28411,4249,-18150,-24162,2.616
b870341338a36c81,64,19842,2415,27546,4409,-17427,-23137,2.588
c29c920aa4cd738a,64,20737,2365,28630,4312,-18372,-24318,2.559
a9764eedff0e1591,64,19430,2356,26902,4332,-17074,-22570,2.555
4d576b53b5e7fabe,64,18069,2366,24844,4329,-15703,-20515,2.48
fdd2a3eedc5e26f6,64,17732,2377,24441,4351,-15355,-20090,2.57
aa826e4c408a2c6a,64,18752,2358,25863,4296,-16394,-21567,2.536
19b1fa0557f83c28,64,21288,2432,29487,4452,-18856,-25035,2.557
c8848a56a8600f0f,64,23569,2372,32702,4345,-21197,-28357,2.837
512e883d0d5e2982,64,19201,2326,26534,4248,-16875,-22286,2.555
04d42b571dca46da,64,20880,2332,28880,4221,-18548,-24659,2.564
752dbf3f0cf8ed8d,64,17263,2412,23765,4397,-14851,-19368,2.391
f7e989669e3e0856,64,22243,2323,30698,4216,-19920,-26482,2.776
aa014cb042a0b586,64,20160,2412,27785,4425,-17748,-23360,2.567
1df70caa0d14d051,64,20934,2379,28938,4342,-18555,-24596,2.548
fea5027e33826f03,64,19573,2351,27110,4290,-17222,-22820,2.479
efd6fcc102c95332,64,18712,2365,25813,4309,-16347,-21504,2.465
fd6e730b77f15a17,64,19576,2423,27023,4445,-17153,-22578,2.566
d5356ff0c24491f3,64,19711,2404,27322,4419,-17307,-22903,2.559
297f37042dba6454,64,19914,2339,27426,4292,-17575,-23134,2.558
1ad3afa96a3d0311,64,20680,2384,28696,4349,-18296,-24347,2.589
d0b2e191b2b0bd6f,64,19832,2384,27512,4366,-17448,-23146,2.637
2f190491e851bebc,64,18990,2411,26339,4417,-16579,-21922,2.686
8e43790cb1e0d504,64,20385,2420,28133,4432,-17965,-23701,2.565
0de4bcc1785eca64,64,18895,2363,26075,4319,-16532,-21756,2.439
170bf7dbe9fbbfbf,64,21416,2392,29634,4360,-19024,-25274,2.529
c76171302b9913d5,64,19069,2431,26244,4468,-16638,-21776,2.546
274a3f09d337324b,64,20485,2361,28320,4304,-18124,-24016,2.578
f8b9d92bddee555c,64,20175,2429,27857,4452,-17746,-23405,2.594
112f19ea972a6d2c,64,18034,2355,24919,4299,-15679,-20620,2.409
968ebc09d5aeb2fe,64,20398,2373,28213,4312,-18025,-23901,2.562
47fe8e8e2a479eed,64,20127,2343,27765,4285,-17784,-23480,2.561
9f9c0e673f0b406d,64,19116,2455,26324,4507,-16661,-21817,2.7
5bebbb9075d5874e,64,19425,2447,26926,4483,-16978,-22443,2.524
97a233acf204e638,64,21709,2364,30159,4309,-19345,-25850,2.626
ab3702f2ab73d8cf,64,18865,2410,25976,4405,-16455,-21571,2.632
72cc8d650aa10867,64,19105,2347,26458,4287,-16758,-22171,2.541
a0a09811306d2fc0,64,20540,2379,28431,4346,-18161,-24085,2.557
bd7cd6bb646a4a75,64,22195,2403,30752,4404,-19792,-26348,2.684
4fb36be8d72171c1,64,19700,2370,27135,4369,-17330,-22766,2.53
9e2d9d73abed3074,64,19689,2409,27212,4381,-17280,-22831,2.527
d5e17fe8e0e9e6e5,64,19849,2418,27486,4436,-17431,-23050,2.65
81e9fa39f730b901,64,19205,2398,26665,4371,-16807,-22294,2.505
2ced509b2780699e,64,20155,2398,27842,4372,-17757,-23470,2.585
4d409c04efbd5eda,64,18580,2399,25589,4387,-16181,-21202,2.501
87f7e7f4e39fd77e,64,20657,2391,28510,4388,-18266,-24122,2.6
761e8896bb0ce677,64,21824,2399,30218,4380,-19425,-25838,2.642
27c5a0aeaf0baddd,64,21063,2450,29042,4497,-18613,-24545,2.735
9a98c09a38685654,64,19684,2385,27133,4337,-17299,-22796,2.567
fe276bf100e728ab,64,22066,2368,30578,4338,-19698,-26240,2.656
5221da3f7c13612a,64,20432,2425,28298,4411,-18007,-23887,2.538
0710b40ad30bcf97,64,20941,2415,28905,4414,-18526,-24491,2.707
ce38c4ce545c34da,64,18935,2428,26086,4412,-16507,-21674,2.536
5a9244492f18e49d,64,20532,2356,28343,4308,-18176,-24035,2.726
d63f63549bbb9923,64,16772,2410,23133,4399,-14362,-18734,2.482
16557034c421769c,64,20262,2368,28019,4344,-17894,-23675,2.691
44dff7663bd4f679,64,18937,2400,26085,4364,-16537,-21721,2.524
28dddca7417fa5c0,64,20407,2393,28249,4365,-18014,-23884,2.563
c6233d291fe0d2f9,64,20577,2376,28513,4330,-18201,-24183,2.56
f8f58e9a2976ed78,64,21648,2367,30068,4320,-19281,-25748,2.567
8d4d895b9e48f15b,64,18611,2399,25750,4393,-16212,-21357,2.477
f0f5e2c92c34716d,64,19146,2419,26472,4429,-16727,-22043,2.521
df7d191e746c8574,64,20530,2418,28522,4413,-18112,-24109,2.601
a86c9bfa96fb4e62,64,20734,2428,28769,4449,-18306,-24320,2.64
81fd51d90f97f3df,64,19558,2394,26979,4384,-17164,-22595,2.528
afa7e425bd907f1d,64,19002,2387,26287,4378,-16615,-21909,2.544
c46fa8356e8b9216,64,20431,2370,28302,4337,-18061,-23965,2.663
a8449b1b6ebf225b,64,20923,2333,29101,4249,-18590,-24852,2.553
b76894d9563dd472,64,14278,2246,19715,4067,-12032,-15648,2.297
779901129808a856,64,14427,2326,19841,4245,-12101,-15596,2.303
23cbb6fd0c71382e,64,11688,2359,16086,4287,-9329,-11799,2.187
13e6841ec0bddf39,64,14284,2365,19658,4309,-11919,-15349,2.368
0c805a8d2e65874d,64,13766,2288,18900,4167,-11478,-14733,2.272
17289b380de14430,64,13093,2274,18072,4115,-10819,-13957,2.345
1850e0cfa33beb62,64,15549,2403,21199,4396,-13146,-16803,2.391
d7cf7d2396c5b5fb,64,14540,2387,19997,4338,-12153,-15659,2.363
a95362d6fca0801a,64,14010,2313,19315,4183,-11697,-15132,2.329
7dce060571ced830,64,15431,2318,21238,4214,-13113,-17024,2.336
8cefae1f79fdd132,64,14394,2302,19774,4184,-12092,-15590,2.356
aa33767f24110d4e,64,14302,2395,19675,4367,-11907,-15308,2.419
aa359275657574be,64,14137,2395,19537,4350,-11742,-15187,2.287
e1bef60f1396b8ec,64,14178,2236,19536,4067,-11942,-15469,2.375
b9dd3404d207fe3e,64,14729,2386,20235,4381,-12343,-15854,2.338
10c6b009e9df4056,64,13244,2363,18173,4321,-10881,-13852,2.25
cd5830b99c04e4ac,64,13706,2336,18910,4238,-11370,-14672,2.235
6a241f6ae6471961,64,16198,2377,22355,4357,-13821,-17998,2.336
12a090ca3447c471,64,14550,2350,19933,4297,-12200,-15636,2.233
b67605ba0633ae83,64,15254,2321,21064,4214,-12933,-16850,2.331
93d75eacb4ec722a,64,14708,2250,20282,4084,-12458,-16198,2.264
829530baa0511e68,64,15022,2385,20671,4365,-12637,-16306,2.297
d3c0fbce447b4412,64,15303,2296,21084,4205,-13007,-16879,2.265
14659b2b61407985,64,16181,2382,22282,4348,-13799,-17934,2.353
3bb2a1930ea10dbe,64,13786,2337,19026,4234,-11449,-14792,2.258
abb710ef012cda34,64,15024,2399,20642,4362,-12625,-16280,2.262
234e8d5ab255af59,64,13516,2346,18585,4273,-11170,-14312,2.269
5b13988ed9d43f83,64,14527,2342,19939,4227,-12185,-15712,2.242
d9b0d498d44d4e5e,64,14289,2338,19633,4237,-11951,-15396,2.224
e03171bc7e1f3521,64,14773,2392,20382,4382,-12381,-16000,2.347
438a5a6986aa1d41,64,14660,2353,20141,4260,-12307,-15881,2.255
0e402bc386376288,64,16732,2301,22999,4195,-14431,-18804,2.301
5f9f5b6381711626,64,13468,2222,18456,3992,-11246,-14464,2.174
53010fd3064cd951,64,13968,2294,19228,4181,-11674,-15047,2.255
860710ddf65ee3f4,64,15991,2345,22077,4254,-13646,-17823,2.316
361014a3b799c945,64,15557,2289,21464,4185,-13268,-17279,2.328
67ee11278ab2119a,64,15717,2369,21614,4319,-13348,-17295,2.286
1ff2ead050b4bb02,64,15043,2367,20782,4304,-12676,-16478,2.395
c98982302c812acd,64,15065,2326,20808,4265,-12739,-16543,2.326
f31a3db15090dff3,64,14668,2364,20194,4310,-12304,-15884,2.26
95bda2b259cd5e31,64,14053,2389,19394,4318,-11664,-15076,2.343
dbabb6ef2c0a3734,64,15400,2360,21208,4302,-13040,-16906,2.35
b262a644fae181ad,64,13751,2292,18872,4185,-11459,-14687,2.303
6ca9b789985162fe,64,16285,2335,22460,4261,-13950,-18199,2.365
bcc38946d4fad2a6,64,15460,2334,21221,4246,-13126,-16975,2.352
473600c2271bbf5d,64,14624,2411,20193,4384,-12213,-15809,2.34
c1909befdf2bd777,64,14822,2332,20432,4282,-12490,-16150,2.366
1b31b8964e240816,64,15004,2393,20660,4351,-12611,-16309,2.322
aafbfb03cb1c744d,64,14813,2346,20366,4259,-12467,-16107,2.286
5d3753dbeabdb043,64,13727,2341,18942,4275,-11386,-14667,2.26
9f622922313db821,64,13739,2353,18969,4297,-11386,-14672,2.269
b4e26f904d9860c6,64,13405,2368,18521,4292,-11037,-14229,2.32
eac85483fce85add,64,15709,2371,21587,4320,-13338,-17267,2.439
4280e91791813527,64,14595,2382,20100,4352,-12213,-15748,2.339
29ef0db1e14e05ca,64,14488,2271,19981,4117,-12217,-15864,2.299
eb05d074ef8fca1b,64,14067,2371,19336,4310,-11696,-15026,2.324
6127e7d243c945f1,64,15284,2365,21049,4323,-12919,-16726,2.423
e4359661ec450563,64,14158,2357,19512,4281,-11801,-15231,2.294
0d428d3328e1cb12,64,12541,2310,17251,4160,-10231,-13091,2.222
85577b30d9c3c783,64,15946,2358,22032,4312,-13588,-17720,2.384
c1f118e71856609e,64,16380,2337,22590,4272,-14043,-18318,2.376
dc0d2404c5c1a954,64,13839,2233,18966,4067,-11606,-14899,2.235
bcde49ebe7e6a7ec,64,14807,2404,20409,4406,-12403,-16003,2.329
7639d5f3c7bd407c,64,16110,2302,22198,4168,-13808,-18030,2.522
ba546acbbe101b6f,64,14475,2393,19870,4341,-12082,-15529,2.286
8acdbd9602d3f66a,64,12935,2389,17795,4331,-10546,-13464,2.284
f42f47595d8e7667,64,14640,2355,20124,4300,-12285,-15824,2.335
1ce5217f9b4015a5,64,14452,2382,19930,4329,-12070,-15601,2.339
a41df49f902d60dd,64,13615,2326,18779,4200,-11289,-14579,2.3
becbfd9d32bb375b,64,14601,2232,20167,4058,-12369,-16109,2.301
33b71c09c6e60593,64,15081,2398,20685,4390,-12683,-16295,2.333
03e5697cc37e3376,64,13224,2341,18189,4257,-10883,-13932,2.398
717f1a7df96a629a,64,14102,2365,19436,4275,-11737,-15161,2.346
981546e322203d0f,64,13344,2258,18398,4113,-11086,-14285,2.22
f26b594f61b85dc4,64,15748,2387,21661,4384,-13361,-17277,2.447
10fc8463fd307f4c,64,15529,2273,21376,4137,-13256,-17239,2.331
91d73ebffe8de5e2,64,15169,2401,20918,4396,-12768,-16522,2.445
ac45b55e471b6238,64,12865,2299,17786,4176,-10566,-13610,2.268
50090011da505e13,64,13693,2318,18867,4242,-11375,-14625,2.259
69d8059a9184d147,64,14536,2390,19964,4313,-12146,-15651,2.271
ac4c53a5f71231ed,64,14019,2341,19348,4262,-11678,-15086,2.24
5724190d290871f2,64,13155,2401,18078,4396,-10754,-13682,2.278
1f6491dd90fa5112,64,15039,2423,20726,4367,-12616,-16359,2.324
7950a563778c47bb,64,13990,2406,19242,4394,-11584,-14848,2.314
1a717b4a44ce49c4,64,14403,2366,19804,4308,-12037,-15496,2.349
b967aa869f4ad003,64,13026,2348,17929,4272,-10678,-13657,2.266
e3a6a7a5c2f252fa,64,15622,2432,21526,4439,-13190,-17087,2.35
70e9bacc2aa75a3e,64,14152,2401,19489,4380,-11751,-15109,2.321
34ff3127e1c72d98,64,12766,2393,17549,4348,-10373,-13201,2.259
342acbcf0dedabab,64,13783,2378,18940,4340,-11405,-14600,2.345
7f60616c28919cca,64,15052,2418,20745,4422,-12634,-16323,2.357
79d865d15767f216,64,15732,2390,21756,4340,-13342,-17416,2.317
ae560d0a3be1aca4,64,14150,2360,19448,4296,-11790,-15152,2.252
228d56cb89572cfc,64,16018,2335,22066,4250,-13683,-17816,2.399
0706fa52e0a3280b,64,14516,2340,19992,4242,-12176,-15750,2.206
7cee94f1f9e3f93a,64,13517,2335,18605,4258,-11182,-14347,2.316
1de83fb0266cf770,64,13729,2303,18882,4167,-11426,-14715,2.233
18e53e8ff6869ddb,64,15135,2353,20858,4307,-12782,-16551,2.274
52234ee2e06f04cb,64,15842,2378,21816,4323,-13464,-17493,2.331
24e7ce7487d1b963,64,15320,2430,21003,4420,-12890,-16583,2.309
620edf2aa3e755c8,64,8470,2388,11672,4269,-6082,-7403,1.956
f9f0112ba465d256,64,8598,2245,11814,4022,-6353,-7792,1.993
8d9aaa37047b8061,64,8705,2087,11979,3707,-6618,-8272,2.03
7885fbaba2398004,64,8537,2141,11799,3917,-6396,-7882,1.954
85a59819101cc331,64,10456,2210,14363,4015,-8246,-10348,2.076
07ae6fc03667cb14,64,8917,2234,12291,3973,-6683,-8318,1.983
e0b6f159a58be4d2,64,10264,2174,14137,3991,-8090,-10146,2.028
a383c9fe6834fd7f,64,8491,2097,11736,3735,-6394,-8001,1.986
9c32a5d141e42958,64,9041,2177,12417,3945,-6864,-8472,1.956
6558bc9af663458f,64,9853,2170,13540,3869,-7683,-9671,1.943
3269d66d7aee1ec8,64,10030,2184,13762,3889,-7846,-9873,2.048
76569856bcc8e05c,64,8478,2152,11683,3855,-6326,-7828,1.999
821c0710b832bee1,64,9191,2291,12695,4145,-6900,-8550,1.968
25952270ccff32ab,64,10174,2380,13962,4284,-7794,-9678,2.091
015d39a1532b61e6,64,9541,2073,13148,3728,-7468,-9420,1.968
ef6b382edbea9fd5,64,8487,2050,11696,3683,-6437,-8013,1.91
568d29fc734762d6,64,9385,2278,12905,4115,-7107,-8790,1.983
383d9f4a35f487f7,64,9094,2293,12510,4158,-6801,-8352,2.177
b5eaaddadbecee3b,64,9842,2128,13576,3784,-7714,-9792,1.992
52ce3c513ccdc11c,64,7835,2219,10761,3970,-5616,-6791,1.929
9ec5b502be5f26ef,64,8188,2264,11343,4069,-5924,-7274,1.988
ef09024542409827,64,8172,2110,11273,3752,-6062,-7521,1.923
9b3f15a28a0fef79,64,9931,2318,13650,4173,-7613,-9477,2.006
80cf655d8721d99e,64,10195,2347,14031,4272,-7848,-9759,2.115
40d5b24769832fcc,64,9879,2206,13605,3987,-7673,-9618,2.002
07909b075ddccb7a,64,10106,2235,13870,4031,-7871,-9839,2.069
3dde16934fa95fbd,64,8591,2184,11817,3923,-6407,-7894,1.991
81e79dc3fd63c46b,64,8700,2339,11932,4198,-6361,-7734,2.015
0ee26809c3c1b67d,64,9701,2301,13303,4168,-7400,-9135,2.059
ae6e2dc3fe486c2d,64,8928,2164,12318,3866,-6764,-8452,2.193
9f98dc682ec5072c,64,10541,2173,14515,3911,-8368,-10604,2.131
cc45dea1a4df88f9,64,9398,2215,12901,3999,-7183,-8902,2.06
6ba911e78c0ed16d,64,8937,2312,12269,4119,-6625,-8150,2.068
6fd67e39c65be090,64,9070,2124,12467,3787,-6946,-8680,1.98
810155e54785f7e5,64,9378,2218,12939,4022,-7160,-8917,2.081
f9c39deaecaab9af,64,9508,2279,13095,4108,-7229,-8987,2.038
31b4d55a8a4d278c,64,11325,2279,15577,4102,-9046,-11475,2.17
2eca67d5fb802c5a,64,8830,2019,12194,3649,-6811,-8545,1.952
542bb241c57092f5,64,7714,2193,10586,3831,-5521,-6755,1.881
ca94a57781d1f44a,64,10182,2113,14002,3830,-8069,-10172,2.04
51a337559eb0ce66,64,7968,2116,10985,3782,-5852,-7203,1.942
1a9679d0a1f98517,64,9271,2286,12765,4111,-6985,-8654,2.042
63c45b524751f893,64,9610,2216,13224,4029,-7394,-9195,2.09
278335800f678a89,64,8172,2111,11275,3834,-6061,-7441,1.887
075653727837f452,64,8742,2263,12041,4056,-6479,-7985,1.98
58285712a5142d87,64,7167,2171,9920,3908,-4996,-6012,1.958
1bc307e13155e65d,64,10073,2387,13847,4320,-7686,-9527,2.127
add1347797dfff27,64,8844,2301,12196,4138,-6543,-8058,2.011
696f28f4e25edbe9,64,9791,2229,13464,4038,-7562,-9426,2.191
9ffff66bb96fbd43,64,8954,2311,12329,4164,-6643,-8165,1.981
4500cb6cc732f0c5,64,8197,2253,11326,4046,-5944,-7280,2.017
6616cc5c7dbfb064,64,9678,2181,13312,3930,-7497,-9382,2.051
34fce536c7b2f32a,64,8748,2258,12021,4033,-6490,-7988,1.986
4da4498f57e3096f,64,10007,2198,13798,3941,-7809,-9857,2.07
0df1978a4fc3c353,64,9017,2250,12465,4055,-6767,-8410,2.021
4b577fd340be0860,64,8693,2156,11957,3844,-6537,-8113,2.031
a436635ec00bf01d,64,10358,2223,14255,4007,-8135,-10248,2.15
5248afa1922ff683,64,9663,2239,13240,4017,-7424,-9223,2.065
c043902826b8dd74,64,8726,2167,12036,3905,-6559,-8131,1.952
eb117dd34530bcdd,64,8762,2061,12082,3692,-6701,-8390,2.007
53de52ab1202868a,64,8765,2059,12126,3671,-6706,-8455,2.001
fac91b8edd1231fb,64,9291,2213,12762,3949,-7078,-8813,2.1
0983154c276c7a1f,64,7064,1915,9715,3371,-5149,-6344,1.807
d88f6a30137dedf3,64,9613,2250,13208,4075,-7363,-9133,2.143
4bc058de49a6a8dc,64,9106,2312,12521,4130,-6794,-8391,2.06
026ebac0adb06632,64,9686,2309,13326,4176,-7377,-9150,2.01
12051cd9dc8216bc,64,9006,2068,12383,3713,-6938,-8670,2.038
8722563602043e37,64,9077,2190,12515,3939,-6887,-8576,2.29
315647d2f9ecf033,64,8928,2320,12274,4147,-6608,-8127,2.432
e8710aa6284848fc,64,9746,2283,13433,4125,-7463,-9308,2.14
2a767bbcd27ac157,64,8477,2080,11670,3707,-6397,-7963,1.924
b2d1ecaa821e3863,64,7968,2141,11037,3818,-5827,-7219,1.939
e1fc177369084030,64,9695,2276,13336,4088,-7419,-9248,2.245
b0dcec4ba8c7d5fa,64,7961,2049,10970,3665,-5912,-7305,1.956
f09355a4d97406f3,64,7871,2001,10756,3540,-5870,-7216,1.927
6ab461e2d697ff02,64,8859,2205,12180,3921,-6654,-8259,2.017
24771995d6d9a9cd,64,11076,2335,15242,4198,-8741,-11044,2.194
314f914600ffd5f9,64,8095,2120,11193,3758,-5975,-7435,1.927
256cdd8304cc4152,64,7298,2105,10051,3761,-5193,-6290,1.914
e17e3d72b1fe01df,64,8985,2195,12416,3954,-6790,-8462,2.003
d0e6d75111a902db,64,10165,2298,14029,4156,-7867,-9873,2.005
9781b13975aa8d16,64,8739,2336,12044,4211,-6403,-7833,2.004
92fae4119469b7dd,64,8326,2276,11447,4074,-6050,-7373,1.918
43beb98bd0a7f3e2,64,8662,2082,11879,3735,-6580,-8144,1.948
0675f65f39dc7f57,64,8771,2151,12179,3886,-6620,-8293,2.017
7f0d33bf95dac45c,64,9289,2253,12775,4095,-7036,-8680,2.021
53c085fbfdf8f465,64,8977,2176,12325,3912,-6801,-8413,1.968
b701974f74007777,64,8465,2214,11698,3966,-6251,-7732,1.901
ffa4749a898ab358,64,9009,2220,12419,3974,-6789,-8445,1.973
f7ff6527cf70a09c,64,10665,2136,14680,3842,-8529,-10838,2.07
8965e4da7c0c8945,64,9309,2223,12847,3982,-7086,-8865,2.058
69bdc32d9cf42c9e,64,9632,2269,13273,4116,-7363,-9157,2.025
2f9132bc03c9b2f1,64,8466,2056,11680,3702,-6410,-7978,1.958
5d55fee4aac05bba,64,8970,2164,12308,3895,-6806,-8413,1.983
d07b4b06c463d9cb,64,9378,2275,12918,4095,-7103,-8823,1.973
b8005bc224d2ec6f,64,8905,2243,12219,4015,-6662,-8204,1.978
0b9da70acedc182c,64,9518,2188,13100,3922,-7330,-9178,2.006
9fa709557456db69,64,9079,1983,12458,3550,-7096,-8908,1.922
a2723706cb8c6756,64,10981,2307,15091,4185,-8674,-10906,2.063
97bc18e6dc2b070b,64,8980,2141,12353,3810,-6839,-8543,2.123
e0709b40846b16a3,128,21170,9332,27202,16968,-11838,-10234,11.001
fa70186645f4fd11,128,21904,9397,27996,17025,-12507,-10971,11.776
6264c7a29e7086cf,128,21624,9476,27776,17218,-12148,-10558,11.269
2bb5beae7ab4fb64,128,21308,9480,27366,17204,-11828,-10162,11.385
bce2d569d4156659,128,23444,9440,30036,17131,-14004,-12905,11.61
3a56f6576490fd44,128,21384,9354,27468,16896,-12030,-10572,11.185
340e48fed9ee5a6c,128,21266,9406,27271,17146,-11860,-10125,11.095
2a804a10e8f1e030,128,21922,9042,28193,16285,-12880,-11908,11.156
8e7bb01ee2050ce2,128,21996,9299,28199,16890,-12697,-11309,11.405
95e22a004bbd2941,128,21054,9204,26925,16700,-11850,-10225,11.213
0a04f99c44bd2b89,128,21956,9332,28202,16873,-12624,-11329,11.137
bb422661d5dec6a2,128,23292,9490,29869,17279,-13802,-12590,11.563
3c0b1bd7cb8572b1,128,22680,9373,29063,17033,-13307,-12030,11.0
cdc6b2b44abbb29a,128,23668,9317,30360,16891,-14351,-13469,11.101
fbaeba9d9ab146dc,128,21982,9713,28198,17594,-12269,-10604,11.744
2e789c858e25b9d9,128,22292,9249,28524,16794,-13043,-11730,11.17
0b17e111ad5c34ed,128,22302,9389,28666,16984,-12913,-11682,11.366
04108541754ff83c,128,23914,9639,30713,17468,-14275,-13245,11.389
08251e035d5cf8ca,128,22792,9470,29218,17177,-13322,-12041,11.924
4b79b5845f4c395f,128,21352,9275,27384,16854,-12077,-10530,11.217
d79ce84d23d74b9e,128,20600,9382,26441,16886,-11218,-9555,11.292
5b1e46b815506686,128,21272,9334,27291,16989,-11938,-10302,11.736
2f2e60679b814447,128,20776,9445,26629,17172,-11331,-9457,11.326
2311355ce4796699,128,22716,9331,29119,16839,-13385,-12280,11.156
9a03d20eabe02f78,128,23096,9495,29649,17301,-13601,-12348,12.011
a30ae06546c3a870,128,22146,9336,28502,16941,-12810,-11561,11.473
36e66b696e28373c,128,20718,9380,26652,17079,-11338,-9573,11.797
3ae2c8f44949c850,128,21668,9483,27794,17215,-12185,-10579,11.346
78e8f14498376730,128,22016,9432,28242,17049,-12584,-11193,11.606
3e00380b972ae05d,128,22670,9497,29127,17225,-13173,-11902,11.512
b9c28a0835e1dd0d,128,21156,9586,27084,17478,-11570,-9606,11.43
5d199df602694cf4,128,21592,9496,27599,17261,-12096,-10338,11.189
f039a4c4716c8908,128,23548,9331,30224,16897,-14217,-13327,11.799
fc6f4cb0ea5bdde0,128,24040,9715,30833,17693,-14325,-13140,11.998
d4f55f05b101d4ce,128,21218,9286,27228,16681,-11932,-10547,11.048
314154d278f7951b,128,22322,9457,28682,17089,-12865,-11593,11.215
7cfd6a8166607d63,128,22398,9622,28727,17474,-12776,-11253,11.798
e8c41fac26996b5f,128,22072,9541,28197,17292,-12531,-10905,11.653
2730ad04cba7e1c3,128,21514,9448,27665,17091,-12066,-10574,11.371
9b0c5aead694cd50,128,21224,9437,27308,17130,-11787,-10178,11.256
abd44c38ee7d4bb2,128,20478,9385,26200,17048,-11093,-9152,11.467
c96b0337d6922d9b,128,21494,9395,27529,16964,-12099,-10565,11.6
f916cbe8677198ed,128,21922,9551,28218,17262,-12371,-10956,11.329
e185cb780a58a932,128,20806,9558,26731,17414,-11248,-9317,11.389
83852127ec49f2d8,128,23018,9391,29570,17051,-13627,-12519,11.589
654ba536d2cb32fb,128,23236,9308,29774,16906,-13928,-12868,11.201
69631290ee7d7e34,128,23280,9474,29940,17160,-13806,-12780,11.286
c967bc2e4675f2ed,128,20582,9464,26439,17085,-11118,-9354,11.192
a3ec8fd68a66d7aa,128,22170,9551,28458,17353,-12619,-11105,11.826
96a3157c75ca168b,128,21734,9395,27885,17002,-12339,-10883,11.352
78db8749400e49c6,128,23268,9444,29870,17081,-13824,-12789,11.369
2c2af70ad264ddc7,128,23888,9730,30584,17725,-14158,-12859,11.834
df0b15d79b708306,128,20922,9312,26849,16859,-11610,-9990,11.244
1c2d3234ae50cd87,128,23960,9481,30765,17196,-14479,-13569,11.553
cbc568491e1579ee,128,21308,9271,27282,16867,-12037,-10415,11.455
a9761978f0c3b01c,128,21826,9417,27927,17058,-12409,-10869,11.129
64f878221e740f0f,128,22242,9390,28596,17008,-12852,-11588,11.44
0d8daf975d93d12b,128,24176,9445,30920,17124,-14731,-13796,11.643
377c30a15edd479c,128,22432,9162,28784,16668,-13270,-12116,11.355
bea8b998f1558489,128,21776,9351,27959,16974,-12425,-10985,11.069
7330c5c5bba940ae,128,23210,9424,29704,17143,-13786,-12561,11.394
b767546163bc7697,128,21952,9524,28100,17295,-12428,-10805,11.064
3be13ecfe0e3dc07,128,22410,9341,28786,16892,-13069,-11894,11.096
d233e2fd3f1a6b33,128,22158,9232,28395,16780,-12926,-11615,10.791
12d251d8ef091140,128,22946,9493,29515,17190,-13453,-12325,11.21
c56a6f70b5003c6f,128,21484,9330,27509,16881,-12154,-10628,11.8
619b5da4b6225a18,128,21770,9476,27939,17210,-12294,-10729,11.81
a5374d1c4dbe38d5,128,19872,9537,25429,17264,-10335,-8165,11.342
a62909c0b9c91e7c,128,21120,9322,27027,16938,-11798,-10089,11.56
2a31fec3357d1f25,128,22086,9545,28323,17311,-12541,-11012,11.4
e98df0bf5f440f4d,128,21366,9517,27452,17176,-11849,-10276,11.411
fa29c305468c59e7,128,22704,9390,29032,17121,-13314,-11911,11.796
948e5a003b26f886,128,23094,9448,29721,17143,-13646,-12578,11.82
ca2b0d0a3f3c844a,128,21484,9131,27481,16523,-12353,-10958,11.433
5d7122aa7d386650,128,24060,9384,30896,17038,-14676,-13858,11.603
aed7770b106d9168,128,22276,9356,28601,16965,-12920,-11636,11.233
0a75704d2bd48273,128,22876,9545,29321,17301,-13331,-12020,11.08
c69d47ad17e81669,128,20018,9456,25686,17120,-10562,-8566,11.066
a2f33f12b7600741,128,20820,9350,26737,16982,-11470,-9755,11.089
b9b4a6d8185c62da,128,21852,9495,28039,17296,-12357,-10743,11.271
f44945af649ace53,128,21500,9222,27610,16746,-12278,-10864,11.121
f60d4a566610a9a9,128,22616,9471,29001,17231,-13145,-11770,11.995
b75ca7f71d988811,128,20878,9580,26723,17433,-11298,-9290,11.526
8e8a163ba4ae63fc,128,22876,9401,29308,16953,-13475,-12355,11.338
68c62986a9af2192,128,22200,9384,28424,16991,-12816,-11433,11.243
a6e70a25760cd427,128,22032,9289,28274,16774,-12743,-11500,11.73
b6ab9664bed87df6,128,21332,9569,27267,17332,-11763,-9935,11.276
c322fe0847a1307e,128,21324,9422,27430,17043,-11902,-10387,11.482
4e1b3fb0fa2d4005,128,21186,9254,27112,16785,-11932,-10327,11.558
f28ca44a77268814,128,21418,9489,27557,17225,-11929,-10332,11.711
4cf57ce1cddf528f,128,22594,9292,28972,16900,-13302,-12072,11.272
b1fadb9dc3ca9671,128,21860,9617,28019,17340,-12243,-10679,11.138
cab427b7bb148867,128,21834,9414,28082,17035,-12420,-11047,11.126
5d4f16ba7f48dc98,128,22454,9508,28769,17249,-12946,-11520,11.477
be1c1782c4073c48,128,22318,9248,28619,16740,-13070,-11879,10.968
aa99552b58efba55,128,21458,9270,27479,16753,-12188,-10726,10.977
0039e2b82491a048,128,21298,9236,27192,16723,-12062,-10469,11.323
c687260363ddf525,128,21658,9288,27820,16868,-12370,-10952,11.642
a2b122a7d072fef6,128,22644,9525,29062,17307,-13119,-11755,11.509
99c9db5608625905,128,22958,9531,29450,17261,-13427,-12189,11.393
c8d6b3b5750f6d0e,128,40568,9775,52083,17819,-30793,-34264,12.306
069db46d418bffe8,128,41764,9656,53846,17582,-32108,-36264,12.604
874fac9138b98ec7,128,43488,9761,55952,17885,-33727,-38067,12.789
157f8a1a84f3de67,128,42216,9667,54238,17614,-32549,-36624,12.562
c1af07be2158a945,128,42202,9615,54164,17559,-32587,-36605,12.666
3f0aa45da5c09664,128,40424,9695,51991,17696,-30729,-34295,12.907
c398afeaca5bc65b,128,41852,9719,53838,17728,-32133,-36110,12.801
f2efbc2c5b9d5ef7,128,40820,9733,52449,17780,-31087,-34669,12.191
da15bc514ac39e5a,128,42312,9712,54419,17744,-32600,-36675,12.816
a7466fb22603571c,128,41496,9624,53261,17550,-31872,-35711,13.003
078aa0d40b9111c6,128,42370,9730,54385,17724,-32640,-36661,12.932
e8a1ef920277b0ac,128,41834,9786,53846,17854,-32048,-35992,12.591
7630226f7068e7aa,128,42692,9650,54916,17611,-33042,-37305,12.821
a6271721ac1e208b,128,41518,9573,53511,17398,-31945,-36113,12.858
ee5bae60219b4154,128,43940,9608,56435,17536,-34332,-38899,13.177
5203ff8d0c70f8bc,128,43146,9778,55609,17846,-33368,-37763,13.099
98f0c348f06f94bf,128,41896,9709,53969,17731,-32187,-36238,12.777
058f42ad446237cb,128,43430,9771,55831,17823,-33659,-38008,13.105
4d4632db0345dd9d,128,40540,9677,52255,17704,-30863,-34551,12.891
5a9810864f3c371d,128,39850,9690,51198,17696,-30160,-33502,12.775
26e0eac752f869e0,128,41230,9570,53030,17467,-31660,-35563,12.865
9eb118750354fb96,128,41766,9665,53581,17565,-32101,-36016,12.14
e968f3e912e31be6,128,40328,9739,51943,17783,-30589,-34160,12.455
4486a9dcc4f3ca97,128,40990,9767,52584,17796,-31223,-34788,12.281
6c863a19d14ef146,128,41288,9773,53145,17832,-31515,-35313,12.953
da2f8ef4334a60cb,128,40378,9705,52073,17719,-30673,-34354,13.159
791f5e1abb2e3719,128,41922,9779,53892,17790,-32143,-36102,13.413
a46d90ef9f1e771f,128,43452,9752,55887,17797,-33700,-38090,13.45
6ef4e9a6f081e958,128,40608,9782,52209,17821,-30826,-34388,12.674
997493b6119be557,128,39968,9682,51325,17661,-30286,-33664,12.693
123b88060df4f848,128,41892,9714,53727,17715,-32178,-36012,12.631
20df7873e4379882,128,41664,9700,53598,17641,-31964,-35957,12.634
be562874385d6412,128,43716,9758,56222,17843,-33958,-38379,13.234
208a0db102e606d7,128,41560,9758,53327,17825,-31802,-35502,12.72
3246141aa3f9c29c,128,42056,9737,54078,17779,-32319,-36299,13.052
d927df684b55a4f0,128,42178,9694,54178,17682,-32484,-36496,12.348
c06fe5e3aaa49bef,128,39710,9524,51117,17351,-30186,-33766,12.182
21619ae158d5cb7d,128,41488,9679,53572,17715,-31809,-35857,12.792
a93dfc45519f0883,128,41112,9532,52988,17397,-31580,-35591,12.582
45143d83ef56904b,128,41698,9661,53549,17598,-32037,-35951,13.039
a16ccd7241e5c29b,128,43788,9763,56315,17827,-34025,-38488,12.89
cbbbd31914bcbfb5,128,41080,9562,52846,17481,-31518,-35365,13.074
fab5c6640baa2f66,128,41024,9534,52764,17388,-31490,-35376,12.808
373afe714de09afd,128,40808,9823,52496,17902,-30985,-34594,12.73
7c7b47bd362c07d4,128,42662,9876,54959,18079,-32786,-36880,13.051
59a67ba880ec4c79,128,41062,9637,52890,17588,-31425,-35302,13.436
a0d23e740e0c7cea,128,43486,9711,55964,17745,-33775,-38219,12.978
32640a10abe12e98,128,43024,9695,55243,17662,-33329,-37581,13.087
be6f1b822d0e4f39,128,39820,9577,51328,17506,-30243,-33822,12.72
f81127c3caabd76d,128,43908,9681,56610,17645,-34227,-38965,12.635
f3321b46359e83ae,128,42054,9726,54233,17732,-32328,-36501,12.915
c66ecdbb0715cb13,128,39346,9690,50605,17641,-29656,-32964,12.772
a694467c0eb91b11,128,41938,9835,53927,17947,-32103,-35980,13.041
c42c947bc744e9cc,128,39270,9624,50574,17568,-29646,-33006,12.702
2932a16288f1bb53,128,43294,9639,55686,17632,-33655,-38054,12.922
1565ed18fbf6e57e,128,43024,9828,55236,17922,-33196,-37314,12.972
c74ef3c5179ddbc3,128,43620,9704,56003,17659,-33916,-38344,12.889
475b14e01303fa72,128,43542,9658,56004,17637,-33884,-38367,13.466
3033514a0b3072fb,128,39940,9793,51437,17843,-30147,-33594,13.082
6d0acc591037fd94,128,40430,9630,52026,17532,-30800,-34494,12.441
7546584aa52f9c6b,128,43292,9701,55622,17724,-33591,-37898,12.946
ad40332f4f6aed4c,128,44932,9708,57761,17690,-35224,-40071,12.977
e55373c98353fa9c,128,42202,9645,54241,17601,-32557,-36640,12.52
529fc948e626fc92,128,39266,9789,50485,17857,-29477,-32628,12.93
d0bfd85d10dd41f1,128,41538,9676,53429,17682,-31862,-35747,13.494
4b86c74c0c165829,128,43252,9636,55665,17543,-33616,-38122,12.884
b00209d22edf2126,128,41278,9753,52981,17766,-31525,-35215,13.338
454a1fe51db29a28,128,41274,9627,53045,17554,-31647,-35491,12.99
35c45edb3cd383da,128,41198,9641,53060,17589,-31557,-35471,12.93
e19d6c7edcce6597,128,42130,9768,54204,17814,-32362,-36390,12.846
4f8db4ca3ff1f3e5,128,45026,9686,57972,17710,-35340,-40262,13.274
f0b31b1b21c8f47b,128,41486,9711,53450,17782,-31775,-35668,13.224
8474e36ef5930c6c,128,43868,9678,56450,17646,-34190,-38804,13.085
8fce376e71a8cfe2,128,41460,9815,53413,17891,-31645,-35522,13.079
00feaa41c1fe2ab6,128,42700,9904,54965,18100,-32796,-36865,12.792
66b943e054ad7a55,128,42670,9699,54813,17715,-32971,-37098,12.578
b407208e649da5c2,128,39064,9719,50288,17731,-29345,-32557,12.392
1db50b0839327b25,128,40846,9691,52553,17654,-31155,-34899,12.715
86b88264121a982b,128,41828,9687,53852,17680,-32141,-36172,12.547
1f7097eec49c557d,128,41898,9690,53896,17644,-32208,-36252,12.697
ee7e53d650dfe0e9,128,40294,9851,51669,17938,-30443,-33731,12.898
22fd64a00063447e,128,41888,9761,53916,17850,-32127,-36066,12.911
bc53b071f5dd5ac6,128,43786,9628,56291,17571,-34158,-38720,12.967
daf78a5bff4faba6,128,39404,9570,50626,17457,-29834,-33169,12.628
895221c375a7e569,128,42796,9741,55001,17756,-33055,-37245,12.981
134207dbf6db51cc,128,41440,9795,53178,17855,-31645,-35323,12.772
7b2794b80a54a1df,128,41802,9722,53864,17712,-32080,-36152,12.902
c7dac430cb25b55c,128,42530,9718,54707,17725,-32812,-36982,13.384
e42695844a8b45b6,128,43566,9749,56041,17812,-33817,-38229,13.348
48c44b1143d6bb24,128,43814,9754,56450,17763,-34060,-38687,12.65
808244a82fcdc05f,128,42984,9613,55385,17541,-33371,-37844,12.99
dc9c433d4960dfc4,128,41832,9813,53834,18010,-32019,-35824,12.981
0a98a86e677f9983,128,42976,9714,55275,17748,-33262,-37527,12.781
696fe40830c3ca6f,128,40746,9727,52575,17750,-31019,-34825,12.718
020db87dde838f13,128,41624,9585,53598,17416,-32039,-36182,12.786
257889481d6312cc,128,45180,9644,58036,17654,-35536,-40382,13.097
46da3f4f319a01a6,128,40146,9732,51583,17784,-30414,-33799,12.824
efbfa5943a84ee3d,128,41690,9800,53645,17881,-31890,-35764,13.065
a0fb32b3b5949690,128,41686,9704,53560,17704,-31982,-35856,13.146
77198bc30cac20ce,128,42762,9749,54957,17787,-33013,-37170,13.069
742a3d6b7eaeaf66,128,60014,9815,77402,17996,-50199,-59406,14.136
1161743d2534ebf0,128,60594,9727,78066,17808,-50867,-60258,13.918
3855fa640b053754,128,59224,9794,76368,17877,-49430,-58491,14.076
e63bacae58dba634,128,61460,9825,79143,17913,-51635,-61230,13.915
1d017157c74d956e,128,61198,9680,79000,17635,-51518,-61365,13.507
eeef7d55444c529a,128,60496,9832,77665,17955,-50664,-59710,13.907
7df0d1710508f3fe,128,57008,9804,73355,17887,-47204,-55468,13.684
554a852d58ef10fc,128,61170,9740,78831,17818,-51430,-61013,14.461
603f5d549bc7752d,128,63036,9837,81360,17969,-53199,-63391,14.381
2173579a50a5e650,128,57370,9762,73830,17842,-47608,-55988,14.016
4e2665545d2fed58,128,59312,9823,76368,17996,-49489,-58372,14.307
fe6081455e05efbd,128,60152,9809,77594,17959,-50343,-59635,13.994
87d60c9428d1ed02,128,62668,9845,80877,17971,-52823,-62906,14.183
dc30fd38f0f32967,128,62274,9884,80389,18076,-52390,-62313,14.404
cef77ce764b52fa8,128,62158,9865,80235,17974,-52293,-62261,14.184
fdc02d1022fd8ad2,128,58482,9814,75322,17964,-48668,-57358,13.966
1456d8918b05b756,128,61998,9925,79665,18164,-52073,-61501,14.125
b20d83a32c70d782,128,59510,9808,76628,17903,-49702,-58725,13.79
dadceb9aa5758302,128,59162,9778,76291,17861,-49384,-58430,13.621
99f3df320da80d8d,128,61474,9808,79497,17897,-51666,-61600,14.199
595a7eb51bad45c8,128,59256,9577,76195,17536,-49679,-58659,13.861
d61db8ac3323c7a4,128,60270,9730,77781,17789,-50540,-59992,13.989
72515ae79339e69e,128,61328,9734,78964,17739,-51594,-61225,13.749
3fed3a39e6b133d6,128,60964,9790,78772,17897,-51174,-60875,13.883
89258cf058c7ce40,128,60560,9875,78228,18036,-50685,-60192,14.08
97200e64b1461389,128,62320,9765,80259,17825,-52555,-62434,13.738
c6152f0fe98ad922,128,58470,9803,75292,17925,-48667,-57367,13.8
6262a99778664535,128,61338,9846,79000,17974,-51492,-61026,13.784
1e5fc6c87cdf9acc,128,61262,9841,78938,18007,-51421,-60931,13.669
99b9407f36ffb876,128,61264,9728,78784,17758,-51536,-61026,13.503
20c5376d9b0c7a0a,128,61816,9734,79694,17779,-52082,-61915,13.895
afcada0a6d3e4ed9,128,60254,9916,77440,18106,-50338,-59334,13.749
ae80131a196c2871,128,60756,9871,78467,18009,-50885,-60458,13.95
495bde0a6d6a57fc,128,61328,9879,79137,18062,-51449,-61075,14.217
22eb710e1f7e97b2,128,60158,9759,77646,17849,-50399,-59797,14.104
949d87ec046f1d45,128,60668,9823,78287,17951,-50845,-60336,14.255
8ba509207edd878d,128,58760,9755,75804,17802,-49005,-58002,13.995
7a5af88651cb60c3,128,59166,9746,76114,17823,-49420,-58291,14.468
eaf99ad35cf8af45,128,57482,9774,74091,17885,-47708,-56206,14.161
39ec20d4e62c2762,128,60502,9596,77925,17559,-50906,-60366,14.695
e5baa506d66b6e4c,128,61698,9750,79557,17856,-51948,-61701,14.084
7df3e0bf3ce7eb99,128,61352,9791,78985,17861,-51561,-61124,13.972
9a96fabc0cf356c0,128,59994,9951,77377,18166,-50043,-59211,13.992
a9d8b457071273d6,128,60816,9814,78408,17945,-51002,-60463,13.827
8220a1eb95e766dd,128,59316,9912,76500,18109,-49404,-58391,13.959
8e4176352eb7cf38,128,63478,9830,81961,17974,-53648,-63987,14.479
c42bc265c3e9f9fc,128,59338,9824,76371,17957,-49514,-58414,14.127
67b9a29ef2b71f4b,128,60616,9939,78116,18129,-50677,-59987,14.319
5b35db06f904861d,128,62914,9837,80864,17948,-53077,-62916,14.367
49d0ab91a0669d99,128,58702,9759,75573,17853,-48943,-57720,13.782
6e872a22ebfd9fb6,128,59436,9891,76555,18080,-49545,-58475,14.092
d8e5d8a02b0a0d6d,128,60348,9730,77695,17772,-50618,-59923,13.452
a3cf4aab02eb8f04,128,64698,9781,83475,17903,-54917,-65572,13.918
756cfa93c7ffcb9d,128,59576,9901,76755,18125,-49675,-58630,13.873
2e9cf1245e7044ca,128,59438,9777,76480,17844,-49661,-58636,13.499
9acc631f73fbadf8,128,59552,9832,76876,17985,-49720,-58891,13.624
90a28c69f7343ad7,128,59680,9813,77112,17951,-49867,-59161,13.559
7c5167cd52568894,128,61696,9795,79479,17934,-51901,-61545,14.175
7df10afbee0a8ded,128,62016,9770,79907,17873,-52246,-62034,14.215
4b61b76018123519,128,59942,9753,77099,17803,-50189,-59296,13.842
9f97813b73ea0211,128,59138,9695,76055,17746,-49443,-58309,13.721
d1bf02f41569a903,128,59736,9723,76844,17730,-50013,-59114,13.894
d5798eda4ba434ce,128,57256,9822,73772,17907,-47434,-55865,13.559
025f9e60c92c58e2,128,59854,9840,77346,17984,-50014,-59362,14.751
c8bae7c483b518f2,128,59898,9814,77319,17923,-50084,-59396,14.218
ec12e3803f690be5,128,59974,9750,77206,17827,-50224,-59379,14.183
c717fb8af4d032c0,128,59690,9729,76877,17799,-49961,-59078,13.9
930f5a43eab9db2b,128,60446,9769,78005,17870,-50677,-60135,14.1
cf8978f1bc9a95d4,128,59232,9658,76559,17677,-49574,-58882,13.939
cfe76871d205c2a1,128,58276,9801,75055,17946,-48475,-57109,13.707
8c7b04b6c15f5869,128,60748,9844,78336,17981,-50904,-60355,14.233
0aa95c635e4aaff7,128,58524,9787,75415,17893,-48737,-57522,13.994
b0273828b6e8bad1,128,61484,9766,79351,17835,-51718,-61516,14.396
2120dba795523c29,128,60808,9727,78261,17815,-51081,-60446,14.403
9d55d9050ef26d6b,128,60272,9820,77721,17970,-50452,-59751,14.431
ae223a6ca2fc4942,128,58098,9793,74902,17897,-48305,-57005,13.821
4b7a0fa3c95b6bbc,128,62316,9788,80253,17891,-52528,-62362,13.939
53ea3dd2bb8c524c,128,60190,9918,77540,18129,-50272,-59411,13.878
8727e01d45b1bffd,128,62758,9740,80741,17807,-53018,-62934,13.663
556ebb2bb425d6ab,128,61742,9878,79420,18004,-51864,-61416,14.015
ea5e95f5ac7c7c2f,128,59536,9866,76720,18037,-49670,-58683,13.762
ced55dbf93561e55,128,63144,9792,81343,17905,-53352,-63438,13.996
dfd6381b3ee0511b,128,57254,9711,73591,17691,-47543,-55900,13.856
33701314fa0a54bb,128,61406,9839,79427,17975,-51567,-61452,13.998
298cfefc3df26e45,128,59112,9863,76147,18022,-49249,-58125,14.023
2c7d4c8b3115dfc0,128,60804,9806,78378,17906,-50998,-60472,13.773
cc323fbc8aadb91f,128,61626,9841,79483,17963,-51785,-61520,13.926
fc7ffd52b3a866b3,128,63164,9748,81540,17814,-53416,-63726,13.896
1d4f0923d0ccfb9c,128,58574,9793,75514,17887,-48781,-57627,13.995
c09a14d5afcfd0d3,128,59200,9796,76217,17895,-49404,-58322,13.893
ae29baf251bb925d,128,60506,9822,78071,17969,-50684,-60102,14.153
195f65370da384e0,128,58350,9747,75311,17857,-48603,-57454,13.553
e2372d8a23d89fb6,128,59446,9754,76800,17817,-49692,-58983,13.68
3e9f092de2daa485,128,60972,9792,78568,17885,-51180,-60683,13.582
44764c0af18f8618,128,59880,9751,77271,17786,-50129,-59485,13.951
4804f8920e21607d,128,60790,9773,78395,17850,-51017,-60545,14.108
3d8290f58880198b,128,60898,9728,78485,17798,-51170,-60687,14.572
81d7e48249e0f08f,128,59778,9895,76823,18103,-49883,-58720,14.322
20553b8fcb3c9f5b,128,64702,9947,83423,18175,-54755,-65248,14.505
4d5d5f4b03863826,128,60606,9801,77984,17925,-50805,-60059,14.448
98a647b5d115e8fd,128,80800,9914,104188,18173,-70886,-86015,15.869
4c5dbc252849c05a,128,77054,9885,99489,18081,-67169,-81408,15.855
289e560e8a4b55af,128,79196,9858,102005,18088,-69338,-83917,15.51
ce9d70a47e65c3ea,128,80524,9789,103945,17896,-70735,-86049,15.326
18acd65458cd4698,128,79404,9829,102604,18011,-69575,-84593,14.826
8bac4b644d392ff6,128,78898,9960,101789,18160,-68938,-83629,15.088
771ff07d7588da5f,128,79840,9830,103149,17966,-70010,-85183,15.121
c5a71e07bf492840,128,76762,9875,99196,18070,-66887,-81126,14.756
70a56710750a42ae,128,80640,9864,104113,18075,-70776,-86038,15.022
59a7d7f702438c14,128,76210,9914,98163,18141,-66296,-80022,15.141
083411ea557d4fad,128,78328,9844,101228,18034,-68484,-83194,15.085
1331e4ea03f31a28,128,79392,9728,102551,17818,-69664,-84733,14.758
25184feb84b4a6e1,128,81238,9842,105006,17990,-71396,-87016,15.051
2ff2203f15a33055,128,79902,9834,103005,18004,-70068,-85001,15.601
b1ff78486715e619,128,79686,9868,102809,18072,-69818,-84737,15.066
a79424c8990ba717,128,79408,9906,102426,18099,-69502,-84327,14.867
75565be532551f9b,128,79290,9860,102325,18020,-69430,-84305,14.617
37e9eda9e76aa875,128,78900,9884,101876,18048,-69016,-83828,14.772
55723617774c16c1,128,77810,9893,100293,18106,-67917,-82187,14.401
7c169d4b2740dc21,128,80406,9870,103776,18053,-70536,-85723,14.858
298b35cb05218d00,128,80136,9853,103181,17985,-70283,-85196,14.922
bc3d550724079e18,128,74252,9962,95908,18198,-64290,-77710,14.975
271d4617f1d4cf2e,128,79068,9956,102185,18193,-69112,-83992,15.116
a551ef48d49e6d79,128,73684,9789,95105,17922,-63895,-77183,14.79
3bd1270d67a1506f,128,76490,9819,98545,17979,-66671,-80566,14.628
3fc5183dec57a95c,128,75788,9800,97934,17950,-65988,-79984,14.6
644da01139f7e39c,128,77372,9882,99769,18049,-67490,-81720,14.833
832f309c9de525b8,128,79656,9888,102830,18092,-69768,-84738,14.613
5e5f347528cc8781,128,77742,9940,100368,18174,-67802,-82194,14.516
865b77517605bc2a,128,78978,9895,101936,18079,-69083,-83857,14.649
188e176cb32b23dc,128,77360,9795,99896,17928,-67565,-81968,14.358
a961fb4b52660f44,128,79280,9913,102261,18098,-69367,-84163,14.763
4b78eab6b8e9bf88,128,80778,9814,104194,17974,-70964,-86220,14.916
abaab4f8b33869bb,128,77734,9864,100460,18020,-67870,-82440,15.475
ca130ac8f3df92ef,128,78204,9920,100971,18158,-68284,-82813,15.77
dcd89498624da1af,128,81428,9859,105065,18028,-71569,-87037,14.971
d0507f1f99d63aa0,128,80262,9886,103288,18090,-70376,-85198,15.063
3be2b52749da613b,128,77078,9926,99452,18179,-67152,-81273,14.876
6b570527ceab84dc,128,77434,9837,99910,17967,-67597,-81943,14.96
ebe89411dbb605f5,128,74512,9858,96197,18016,-64654,-78181,14.583
eff13abeadaab0ca,128,78214,9915,101011,18150,-68299,-82861,14.828
2690d9966301e637,128,75054,9850,96759,18023,-65204,-78736,14.447
f0b83da9ca251389,128,76708,9899,98896,18096,-66809,-80800,14.64
e29460385d34d370,128,77038,9835,99450,17976,-67203,-81474,14.494
8e8961639fe06353,128,77256,9904,99722,18108,-67352,-81614,14.985
1c3266118f9c9158,128,79356,9826,102410,17987,-69530,-84423,14.721
f688b9e3996d0d9f,128,77740,9965,100541,18193,-67775,-82348,14.968
9d584b33936554fd,128,78774,9903,101659,18101,-68871,-83558,14.802
fa22c9ac2f86343a,128,76530,9840,98728,17999,-66690,-80729,14.759
3b3d4c7971b88ebd,128,76596,9820,98713,17975,-66776,-80738,14.785
4a926a349aa8e2b1,128,78504,9884,101405,18063,-68620,-83342,14.627
de3a0b96975f518a,128,76566,9761,98726,17854,-66805,-80872,14.407
6dd49ff693bdcd4e,128,75160,9871,97103,18046,-65289,-79057,14.712
37742289cf3b44a3,128,79538,9814,102636,17952,-69724,-84684,14.402
395fa11a332428b4,128,75152,9849,96892,18011,-65303,-78881,14.585
cc4d01124a20aaca,128,77230,9797,99513,17950,-67433,-81563,14.275
eef9c58a738a8f60,128,81952,9791,105957,17922,-72161,-88035,14.817
c6520fefce684a13,128,75720,9801,97826,17897,-65919,-79929,14.793
d17c4ef83602e12f,128,80018,9870,103176,18019,-70148,-85157,14.857
f701b0aa5e43da08,128,75930,9921,97773,18166,-66009,-79607,14.819
b7f5b48a76f95ffd,128,75424,9842,97254,17990,-65582,-79264,14.965
a5da5deadde386fc,128,79448,9929,102666,18132,-69519,-84534,15.023
07fe7eccb4be2633,128,77934,9842,100600,18043,-68092,-82557,14.911
be110f53e17fb664,128,79532,9914,102496,18157,-69618,-84339,14.742
317944b58b0a39bb,128,76452,9895,98874,18115,-66557,-80759,14.537
ebc8f869035de994,128,79228,9874,102323,18053,-69354,-84270,14.488
bd1e2473a1c7a355,128,79714,9856,102731,18031,-69858,-84700,14.606
29b7503d43d9d9ba,128,78454,9818,101310,17979,-68636,-83331,14.65
24113c25c02ddf6f,128,74880,9819,96512,17985,-65061,-78527,14.856
55d54dccf9c84994,128,78040,9804,100731,17945,-68236,-82786,14.857
eefb9f0b129bae0f,128,78614,9892,101325,18102,-68722,-83223,15.199
a82b1595b5706b4b,128,78340,9765,101280,17845,-68575,-83435,14.783
90c8cb43818d54df,128,77372,9903,99880,18132,-67469,-81748,15.124
a4d0208f7675fec3,128,77640,9928,100261,18192,-67712,-82069,14.82
46913fd790033c62,128,78528,9853,101420,18042,-68675,-83378,15.245
58bb603b77d447ed,128,77198,9859,99773,18032,-67339,-81741,14.616
3471ad9f54905f0c,128,78362,9855,101199,18035,-68507,-83164,14.838
a00f2b7185507c36,128,78244,9918,100836,18127,-68326,-82709,14.597
760d2b1dd4f87ccd,128,77434,9910,100015,18134,-67524,-81881,14.573
a7b8455ba6803c3e,128,77430,9904,99650,18121,-67526,-81529,14.332
7ac6f455b670892b,128,79656,9843,102931,18012,-69813,-84919,15.042
03aaa8e64ccfa401,128,78406,9900,101124,18128,-68506,-82996,14.792
acf9b2ddf409d964,128,76042,9857,98311,18031,-66185,-80280,15.057
e9a6641fbd245e38,128,77546,9905,100083,18093,-67641,-81990,14.82
8b5ff393be703460,128,78830,9881,101588,18086,-68949,-83502,15.176
a0da96524b98e2b1,128,78896,9853,101760,18002,-69043,-83758,14.888
9166a3f556343041,128,76026,9792,98053,17869,-66234,-80184,14.523
7849e714622caec5,128,76504,9893,98774,18089,-66611,-80685,15.393
d4592410afc8d04e,128,77678,9855,100510,18039,-67823,-82471,14.386
b323c06a46c62d39,128,78244,9948,101060,18177,-68296,-82883,14.568
2b9ac8214896fd89,128,77760,9808,100325,17939,-67952,-82386,14.733
715a09727a6a9044,128,79604,9793,102888,17915,-69811,-84973,14.565
e7e704ebdb98c3fd,128,77712,9768,100179,17922,-67944,-82257,14.812
c1bd542054cda353,128,78140,9873,100962,18059,-68267,-82903,15.186
7be5af1a08290493,128,78614,9847,101539,18042,-68767,-83497,14.978
ce3f9c8aba364ee9,128,78020,9883,100584,18053,-68137,-82531,15.192
7ec7311f051e83ba,128,77412,9907,99952,18090,-67505,-81862,14.779
fadb9ec2e144584e,128,79130,9830,102217,17973,-69300,-84244,15.293
23ba3295525465f6,128,80996,9867,104461,18088,-71129,-86373,14.97
a2572e81b25667d3,128,79260,9835,102310,18026,-69425,-84284,14.831
a313531d25b353cd,128,95774,9877,123875,18091,-85897,-105784,15.331
287bd12728f337de,128,97074,9945,125609,18174,-87129,-107435,15.555
399c5f75ffb7ac67,128,94868,9915,122587,18145,-84953,-104442,15.767
a3992ff0badde367,128,92796,9882,120286,18089,-82914,-102197,15.322
dc93e2abfabe08f6,128,98714,9865,127388,18065,-88849,-109323,16.118
41fe81281b6df613,128,92502,9897,119649,18097,-82605,-101552,16.217
c7b054659e255c37,128,94904,9987,122545,18247,-84917,-104298,17.237
181871965fca1469,128,92726,10019,119720,18338,-82707,-101382,16.835
dfbc637789c687dc,128,95608,9924,123722,18182,-85684,-105540,16.752
189584bf8977cb8d,128,95632,9930,123657,18166,-85702,-105491,16.121
607e6e2844afc357,128,97946,9912,126659,18122,-88034,-108537,16.618
a467aaa6d34562f2,128,94056,9978,121776,18238,-84078,-103538,16.369
54803720aee29762,128,95984,9901,124011,18123,-86083,-105888,16.169
25fdbc68ee5f106d,128,94766,9935,122555,18189,-84831,-104366,16.739
a2a9be570d71bebb,128,96068,9852,124112,18051,-86216,-106061,16.239
11599516a85ec004,128,96796,9875,125151,18066,-86921,-107085,15.836
7f7d7244f2528879,128,93280,9898,120712,18099,-83382,-102613,16.559
e4c0a62ebb1a49cd,128,94356,9882,121951,18098,-84474,-103853,16.844
36185f3db84a012a,128,97152,9976,125607,18254,-87176,-107353,16.661
7c1e47648d76411a,128,92764,9940,120026,18161,-82824,-101865,16.854
fcde5aaabf610a34,128,96148,9894,124230,18080,-86254,-106150,16.706
436a396acfa1de50,128,93092,9896,120174,18148,-83196,-102026,16.145
6b30104853bd3c04,128,94816,9870,122604,18031,-84946,-104573,15.859
c0d6328f59db134d,128,95952,9818,123905,17930,-86134,-105975,15.812
1fe22f083ddf8228,128,93774,9901,120961,18111,-83873,-102850,15.905
8600887756da8455,128,93876,9947,121435,18225,-83929,-103210,16.202
4a628f64ec3ed501,128,96164,9806,124449,17973,-86358,-106476,16.385
6e640cd82a2265ed,128,92870,9972,120089,18259,-82898,-101830,16.363
f9e2f65df4d61932,128,91144,9875,118106,18106,-81269,-100000,15.915
ef35eaa34d59e870,128,94600,9893,122159,18131,-84707,-104028,16.245
26c1695faf6357ea,128,95364,9888,123512,18076,-85476,-105436,16.241
3d261f6d91bcbbe8,128,97876,9941,126569,18203,-87935,-108366,16.767
848a42bf84b63fd7,128,91382,9780,118242,17925,-81602,-100317,16.275
a886816e0aebf64a,128,92330,9934,119240,18186,-82396,-101054,15.979
af66f8d70172973f,128,92996,9792,120374,17925,-83204,-102449,15.92
6953b8a9289c65eb,128,91074,9932,117440,18162,-81142,-99278,16.056
fcef1454eeb6ff06,128,95794,9884,123902,18089,-85910,-105813,16.593
b589860bc1f307eb,128,94276,9887,121903,18100,-84389,-103803,16.562
95417c3015f466e3,128,94874,9965,122460,18201,-84909,-104259,17.124
821370a463d05bf6,128,93792,9906,121333,18134,-83886,-103199,16.559
16f2fdfe1478ec15,128,94732,9893,122769,18103,-84839,-104666,16.901
5554141c2df85b89,128,93710,9897,121288,18109,-83813,-103179,16.445
bf72e5d120cbdfe2,128,94158,9847,121410,17993,-84311,-103417,16.688
0f3efbc85b291680,128,94554,9831,122133,18021,-84723,-104112,16.776
75d70aa9416a4a1c,128,96604,9861,124872,18004,-86743,-106868,16.434
269315c6b9377c66,128,98946,10008,128087,18320,-88938,-109767,16.679
399a78d247520b28,128,93120,9877,120353,18053,-83243,-102300,16.738
b7d56d45b0eb7d9a,128,94682,9937,122340,18185,-84745,-104155,17.401
a9cbbeabeae539f4,128,96688,9830,125036,18024,-86858,-107012,17.366
504d448d74a47fa4,128,98318,9934,127104,18208,-88384,-108896,17.615
c25687dbc4a75ff9,128,97142,9969,125547,18243,-87173,-107304,17.22
8d35cbbecdbecf95,128,95466,9918,123521,18126,-85548,-105395,17.038
41a98a7b761e00dd,128,96646,9897,125068,18106,-86749,-106962,17.049
696840aab2242f1c,128,95198,9903,123183,18126,-85295,-105057,17.631
f8dd80a01581b0fa,128,93188,9841,120666,17994,-83347,-102672,16.262
bbe4b5960cbeea04,128,98600,9811,127295,17954,-88789,-109341,16.731
bab97bda96af9f6a,128,94428,9954,122115,18235,-84474,-103880,16.726
f6f4ca410076fce5,128,94116,9825,121575,18009,-84291,-103566,16.272
ffe04fa98466faff,128,92442,9868,119416,18039,-82574,-101377,16.519
426b3d14b9c859b5,128,96100,9831,124485,17989,-86269,-106496,16.779
cc0518b643eca9bc,128,93452,9933,121074,18194,-83519,-102880,16.536
452bfdd5f8412f33,128,94424,9854,122219,18028,-84570,-104191,16.678
75c4afdf540a4127,128,94808,9903,122391,18127,-84905,-104264,16.598
4f45ff240c2bb2e5,128,94154,9949,121788,18213,-84205,-103575,17.193
2a233999e3e5d04d,128,95380,9922,123415,18145,-85458,-105270,16.888
56a38987bd8d532a,128,92088,9933,118751,18165,-82155,-100586,16.723
91e3dd97f1559997,128,94462,9896,121888,18086,-84566,-103802,16.671
dd70cae61e7ea3c2,128,92670,9810,119857,17925,-82860,-101932,16.073
ba4f32650e24c395,128,93650,9916,121010,18120,-83734,-102890,16.495
8277b5712b3b77c9,128,92696,9759,119993,17905,-82937,-102088,16.748
6e4625aa342151a9,128,97356,9945,125767,18220,-87411,-107547,17.355
54a298d67931a566,128,94422,9899,121929,18088,-84523,-103841,17.061
6995890e7f8576b5,128,93738,9960,121240,18223,-83778,-103017,16.67
7b6218bfd325564b,128,97762,9879,126570,18094,-87883,-108476,17.258
2aab769c66ff2847,128,92628,9883,119608,18117,-82745,-101491,16.949
9d935d7d212c12fe,128,96942,9800,125195,17954,-87142,-107241,17.264
139a82635d2a03d0,128,95074,9864,122843,18078,-85210,-104765,16.576
c398adb31b1407fd,128,93370,9848,120639,18070,-83522,-102569,16.923
403f04270d9c4a13,128,95836,9954,123742,18235,-85882,-105507,17.151
cb62ca33f038d1f6,128,94506,9963,121981,18240,-84543,-103741,17.329
fd3f1d9df9c4bb36,128,94734,9829,122396,17978,-84905,-104418,16.632
e0942df0bae5c63a,128,97614,9854,126002,18021,-87760,-107981,17.44
5b0782c7c53d2def,128,94832,10018,122709,18322,-84814,-104387,17.223
bd7b24ea4568fb7e,128,98146,9928,126993,18153,-88218,-108840,17.192
70aabbff5e03f663,128,94742,9932,122285,18179,-84810,-104106,16.771
251d0397c001d8fb,128,94374,10004,121757,18301,-84370,-103456,16.887
8f234ded3231056f,128,91094,9965,117967,18238,-81129,-99729,16.437
58b8b04717e8f50f,128,92744,9912,119864,18161,-82832,-101703,16.258
5793cf6b81b54a4f,128,94270,9920,121674,18142,-84350,-103532,16.689
89289b40dfe31247,128,93962,9889,121349,18084,-84073,-103265,17.08
16388ec738abdcb6,128,96884,9889,125279,18091,-86995,-107188,16.899
fbc6df02fcc41db9,128,98600,9835,127693,17961,-88765,-109732,17.45
ef6b4e9dc7f71370,128,89838,9941,116182,18193,-79897,-97989,16.817
5ee12bb7b5d52c7c,128,93490,9844,120641,18050,-83646,-102591,16.454
8a1a25dda8e4147e,128,94540,9920,121933,18166,-84620,-103767,16.551
ae0eab7d7faab764,128,95588,9897,123371,18078,-85691,-105293,16.556
a96ba408f73bfc84,128,96384,9875,124640,18028,-86509,-106612,16.372
4e176d454ebe4751,128,94232,9854,121655,18061,-84378,-103594,15.836
4d8b76e3e0d3b6db,128,95142,9946,123201,18212,-85196,-104989,16.903
ae0cc6082dfc8795,128,95138,9815,122881,17956,-85323,-104925,16.558
082be048f408b3e1,128,112358,9871,145582,18093,-102487,-127489,17.131
dfc29d95bed052b1,128,110058,9997,142458,18286,-100061,-124172,16.954
f2ea14943c285d37,128,110440,9910,142910,18136,-100530,-124774,16.946
0646d07044de37a9,128,112292,9874,145392,18084,-102418,-127308,17.652
12f5f6dd025e0165,128,108232,9966,140179,18225,-98266,-121954,16.907
2c9594a6a11d8b88,128,112100,9870,144878,18050,-102230,-126828,17.716
af3fa0f6d7658e55,128,111330,9835,144079,17970,-101495,-126109,18.591
16252d766329f548,128,107852,9892,139777,18104,-97960,-121673,17.249
77937451fc11791a,128,110874,9868,143613,18055,-101006,-125558,16.871
e27305605575be17,128,106902,9925,138348,18152,-96977,-120196,16.963
3488a61c7a79bc39,128,111708,9929,144393,18165,-101779,-126228,17.218
7cd369712fb20d85,128,110746,9883,143357,18066,-100863,-125291,17.212
6a1ad02c200659ca,128,111534,9910,144440,18123,-101624,-126317,16.663
7dba2b0ccc20e06c,128,110804,9983,143406,18289,-100821,-125117,17.031
63b0213a01158062,128,110502,9929,143091,18201,-100573,-124890,17.221
4db4bf8976ec8668,128,106440,9931,137822,18177,-96509,-119645,17.152
668302480a8fcbc5,128,109898,9934,142451,18161,-99964,-124290,17.453
41e838c526aab284,128,109116,9897,141399,18088,-99219,-123311,17.334
a6f4588f85b02f18,128,112496,9859,145578,18064,-102637,-127514,17.089
7e86077516c78cfd,128,111229,9812,144260,17988,-101417,-126272,16.982
6072f62f4ffe2d98,128,110886,9921,143239,18136,-100965,-125103,16.777
e7fe3dc512c479e2,128,110830,9819,143686,17990,-101011,-125696,17.528
2a9af2a3b551a3f3,128,112604,9854,145768,18001,-102750,-127767,17.419
599b9f2166c9e2c7,128,113292,9942,146549,18175,-103350,-128374,17.772
a8b0ae8809b6cf07,128,109364,9890,141507,18110,-99474,-123397,17.481
884d28587bc06c59,128,114034,9955,147637,18224,-104079,-129413,18.238
e9035d1063eba631,128,108400,9840,140241,18034,-98560,-122207,17.207
0fd78278a3822e19,128,112472,9861,145742,18055,-102611,-127687,17.153
78c2bbaf1f44037c,128,107716,9931,139417,18197,-97785,-121220,17.089
b77a5e5d874c696f,128,111456,9948,144582,18183,-101508,-126399,16.727
684c1944da83d000,128,110630,9867,143195,18056,-100763,-125139,16.851
bc6f608fe53bfcf6,128,112374,9793,145330,17980,-102581,-127350,17.575
14d565a7970ab012,128,112260,9949,145387,18201,-102311,-127186,17.52
876f3ced5aedf093,128,112434,9956,145564,18210,-102478,-127354,17.188
ae46911a87ffbffe,128,108004,9969,139680,18233,-98035,-121447,17.369
ba5f2bebc18c6f98,128,111080,9976,143620,18270,-101104,-125350,17.192
9b5eb8be0ea1ba23,128,110444,9935,143059,18226,-100509,-124833,17.654
2ab85c5b673311d3,128,109692,9968,142229,18256,-99724,-123973,17.305
97ec9a2fb716ad93,128,108052,9914,139672,18111,-98138,-121561,17.408
6683ec888bea68ee,128,111422,9917,144188,18174,-101505,-126014,17.827
0a9729bce9764ef6,128,114204,9847,148080,18043,-104357,-130037,17.393
38a241c44ecb89fe,128,112358,9979,145342,18261,-102379,-127081,17.101
3165d4f99920eb23,128,109228,9923,141194,18190,-99305,-123004,17.086
38547bd4d06d8c79,128,110188,9911,142377,18142,-100277,-124235,17.202
6f3a58d808f08dcd,128,110692,9820,143261,17959,-100872,-125302,16.935
a790a12f4e553780,128,107944,9917,140097,18142,-98027,-121955,16.906
f910bb363716be56,128,108726,9933,140691,18177,-98793,-122514,18.89
37b6eb3dbe475f21,128,109832,9848,142006,17997,-99984,-124009,17.458
b36328fe2396ba35,128,111670,9856,144387,18040,-101814,-126347,16.655
bc8c04679c5827e6,128,110056,9919,142553,18157,-100137,-124396,16.714
0371332a5c27910f,128,110776,9939,143472,18189,-100837,-125283,16.963
dcd61e0214bbc2ee,128,108540,9981,140509,18275,-98559,-122234,17.444
d6fda39b1f7db6c0,128,110942,9905,143762,18128,-101037,-125634,17.302
a72894254a1e88c7,128,111502,9970,144248,18263,-101532,-125985,17.806
309296da80bd6729,128,110340,9845,143095,18031,-100495,-125064,17.641
ccc7ffdaf03102da,128,113430,9946,146890,18230,-103484,-128660,17.919
a9916f081a434ab2,128,110050,9907,142593,18122,-100143,-124471,17.915
76100f2aea670c7a,128,113870,9860,147541,18050,-104010,-129491,17.707
2bbcf4b8014a3de2,128,111808,9893,144644,18077,-101915,-126567,18.446
38b5a9161c86a9ed,128,111966,9866,145003,18065,-102100,-126938,17.294
6cde8795b793886b,128,109068,9820,141097,18004,-99248,-123093,17.047
66ac3447261cdd19,128,109192,9885,141302,18081,-99307,-123221,17.429
36bf11dc0fec3289,128,112000,9983,144948,18257,-102017,-126691,17.307
7b40012f8d8742e1,128,112866,9870,146061,18074,-102996,-127987,16.954
aab938ea636597a9,128,110038,9939,142695,18199,-100099,-124496,17.307
7f6d794da36533ee,128,112236,9888,145348,18104,-102348,-127244,17.427
103a32c6e5878ee4,128,109564,9912,141751,18162,-99652,-123589,17.643
93c633034aef1d1c,128,111416,9874,144347,18039,-101542,-126308,17.526
0810ddd657b6e1da,128,111872,9917,144790,18134,-101955,-126656,17.752
7aa4d0843d95a507,128,112146,9845,144901,18001,-102301,-126900,16.86
6e656abe40b8c747,128,111372,9983,144467,18254,-101389,-126213,16.91
7eba8924d49559ef,128,110706,9878,143203,18080,-100828,-125123,17.338
391e71b9c7afabab,128,111522,9909,144632,18157,-101613,-126475,17.32
9ede742e6cef8dcd,128,109636,9947,141874,18225,-99689,-123649,17.408
d1fb49ae0c14b761,128,112664,9927,145887,18161,-102737,-127726,18.095
6fda21a2828a0e52,128,109626,9857,141850,18070,-99769,-123780,17.377
2d83e0b4882e4b6a,128,111850,9922,144620,18188,-101928,-126432,17.676
7ffff5cd7cc3e6ed,128,111166,9914,143924,18155,-101252,-125769,17.529
0d8a3a01af122782,128,109966,9917,142409,18162,-100049,-124247,17.205
18200c9564f0a73c,128,114178,9859,147744,18066,-104319,-129678,17.4
134ca17f443ec1be,128,109902,9955,142309,18221,-99947,-124088,17.642
5df432925daccff1,128,109484,9958,141925,18225,-99526,-123700,16.995
54bed583a0bb708d,128,113154,9987,146288,18279,-103167,-128009,17.2
14922e50eba5a9b3,128,110790,9932,143716,18169,-100858,-125547,17.926
2bf363d8b5e52f8c,128,108152,9882,139834,18108,-98270,-121726,17.097
b8897e871f671ab3,128,115054,9816,148741,17969,-105238,-130772,17.595
4425535018a1b669,128,108439,9957,140229,18211,-98482,-122018,17.671
f694b0aa23dda03a,128,111038,9990,143482,18254,-101048,-125228,17.456
167f1e87e1e72d02,128,110458,9831,142996,18007,-100627,-124989,17.599
d180804000ffe940,128,109042,9852,141212,18065,-99190,-123147,17.512
615d1559badc59ff,128,110444,9869,142879,18080,-100575,-124799,16.945
0cd9c426fd8df221,128,112082,9891,145278,18111,-102191,-127167,17.143
44c5542eaa522d92,128,109554,9867,141618,18094,-99687,-123524,17.234
e9c6fc43842908f6,128,109162,9925,141364,18136,-99237,-123228,17.07
9a3b3367ed54fd50,128,111912,9949,144908,18227,-101963,-126681,18.067
921d4498eaaf288c,128,112250,9904,145160,18115,-102346,-127045,18.079
5e8ff987db3567ff,128,107196,9932,138772,18203,-97264,-120569,18.078
7425fb290e991cf5,128,108774,9902,140677,18151,-98872,-122526,17.513
9b02b161fa73ef35,128,107938,9938,140176,18201,-98000,-121975,17.88
4acad8294e5c79e6,128,111284,9919,144248,18147,-101365,-126101,17.801
081412631afbaad4,128,125868,10016,162807,18316,-115852,-144491,17.934
4aac978db0143153,128,128836,9871,167025,18080,-118965,-148945,18.571
98d73dd519e929f6,128,126962,9916,164401,18131,-117046,-146270,17.757
f370ce4c373406a2,128,125999,10016,163056,18319,-115983,-144737,18.443
951d09fccc9c8145,128,127614,9976,165612,18250,-117638,-147362,18.244
2eaf148a485ec885,128,124346,9830,161118,18043,-114516,-143075,18.503
fef98137a35b369f,128,123970,9981,160884,18232,-113989,-142652,18.531
a115fd87f5c5a0a8,128,123276,9858,159791,18058,-113418,-141733,18.055
891939920626271a,128,127886,9928,165993,18178,-117958,-147815,18.243
d597c4a41dc4edf4,128,127530,9899,165524,18138,-117631,-147386,18.467
bb0046640a5053b8,128,126708,9977,164149,18269,-116731,-145880,18.032
c2dc8f57ff8ba68d,128,123240,9927,159681,18200,-113313,-141481,17.521
73f3266b19fc3c01,128,125319,9897,162449,18120,-115422,-144329,18.93
7c04112ce43ee4bc,128,125736,9916,162738,18162,-115820,-144576,18.115
682e90d9a0d1e881,128,127108,9926,164506,18177,-117182,-146329,18.481
59944c4dc456a18d,128,125598,9975,162656,18266,-115623,-144390,18.284
63b297315aa925c0,128,123455,9890,160252,18081,-113565,-142171,18.561
dd06dd76ba0385f8,128,125450,10011,162300,18324,-115439,-143976,18.357
f5ac047517c32e4b,128,125850,9905,162970,18124,-115945,-144846,18.105
4ed943d318a7090d,128,125640,9910,163116,18147,-115730,-144969,18.055
e2806c80aeb65e7d,128,127922,9928,165934,18200,-117994,-147734,18.334
1ad10654eaa1bebe,128,123386,9974,159837,18257,-113412,-141580,17.469
38a96334331fe6f0,128,123536,10024,160060,18332,-113512,-141728,17.673
14f94de2be60ea88,128,124488,9936,161446,18179,-114552,-143267,17.168
69eb8ac08e581b0a,128,126286,9977,163530,18287,-116309,-145243,19.45
5c3fa194d8de1b7a,128,128882,9926,166914,18147,-118956,-148767,18.445
359747b9869a9d79,128,124000,9935,160617,18196,-114065,-142421,18.905
ea04cb3d6d405c85,128,128422,9909,166743,18136,-118513,-148607,18.709
96e93d9798035f19,128,126394,9910,163797,18160,-116484,-145637,17.775
664686b8df603ca8,128,125094,9916,162380,18157,-115178,-144223,18.084
fef2f5ae9e24ca8f,128,129848,9919,168440,18142,-119929,-150298,18.137
5aac7184cbc7dd17,128,126204,9964,163191,18253,-116240,-144938,18.293
2dcf64bc758406db,128,123496,9922,160142,18182,-113574,-141960,17.959
19297f359d024830,128,123568,9920,160242,18167,-113648,-142075,17.38
54020adde1b12a13,128,124008,9923,160671,18144,-114085,-142527,18.218
c99abc4400553402,128,125224,9908,162010,18169,-115316,-143841,19.007
ebc9e4fd7a4ebaaf,128,124082,9912,160972,18143,-114170,-142829,20.676
90e302e971668a04,128,124856,9955,161775,18201,-114901,-143574,20.036
ff512f1fa200e592,128,123106,9877,159419,18072,-113229,-141347,19.29
0436cf8df36286fc,128,126338,9914,163786,18151,-116424,-145635,18.134
cd7da3f4e306671c,128,122846,9914,159376,18161,-112932,-141215,18.284
4a32d3b139c956b0,128,126372,10009,163710,18315,-116363,-145395,19.638
f9bf82a5719415b7,128,123314,9878,160004,18101,-113436,-141903,18.861
6b283f33de0e3f8b,128,124990,9916,162337,18148,-115074,-144189,18.282
8f7e4c622f3b31e4,128,124918,9975,161942,18264,-114943,-143678,18.145
a4345ffdb766a6a7,128,124702,9939,161552,18196,-114763,-143356,18.728
a2371797ad2a081b,128,123986,9946,160689,18198,-114040,-142491,18.175
7476fe9040955213,128,126588,9956,163934,18238,-116632,-145696,18.483
da87d1bd0dfd9e66,128,124632,9994,161656,18316,-114638,-143340,17.998
2d4bc27447ceeb6f,128,126292,9922,163579,18176,-116370,-145403,18.792
247391b1520459c5,128,126692,9895,164131,18120,-116797,-146011,18.367
1a4cc28c13835b53,128,123190,10030,159837,18342,-113160,-141495,18.46
0991a1f6653f04be,128,121454,9980,157320,18285,-111474,-139035,18.41
9c0cc7f129cbde06,128,124274,9946,161122,18225,-114328,-142897,18.28
ab047fa168f2c430,128,125980,9989,163152,18308,-115991,-144844,18.383
59d86b8fb67d0a19,128,122840,9848,159325,18062,-112992,-141263,17.791
b24394b0d6f4f81e,128,123734,9833,160188,18043,-113901,-142145,18.254
4bccba9a86876d69,128,125004,9887,162001,18120,-115117,-143881,18.22
fb786aeca2fee729,128,124628,9867,161219,18086,-114761,-143133,18.901
ccca7750ce7b5727,128,123404,9940,159897,18234,-113464,-141663,18.411
db7848ef3f3b23b0,128,125128,9970,162261,18275,-115158,-143986,18.001
a309c1acbb029bf8,128,127008,9849,164436,18052,-117159,-146384,18.189
1e616c81c5d5f05d,128,126882,9999,164389,18293,-116883,-146096,18.21
c11667600ab389cf,128,124434,10011,161278,18316,-114423,-142962,18.116
ebe9830fdfa81724,128,123894,9933,160468,18169,-113961,-142299,17.814
13f0f5d14632b7d8,128,122984,9926,159307,18172,-113058,-141135,17.934
b8f5333dd483b22d,128,123190,9893,159971,18109,-113297,-141862,17.933
b785127a5b38e3dd,128,125278,9853,162573,18025,-115425,-144548,18.12
ea4c550581012519,128,123598,9935,160196,18201,-113663,-141995,17.857
740b13d93526eb4c,128,124384,9798,161342,17906,-114586,-143436,17.937
50650fde0fbebc8e,128,124788,9860,161877,18091,-114928,-143786,17.419
8cb61d9df25a7283,128,124408,9916,161178,18166,-114492,-143012,17.912
c7d7ed4ed30e1d1f,128,124581,9892,161293,18115,-114689,-143178,18.218
31e7906b27b5e124,128,129662,9927,167876,18212,-119735,-149664,18.07
658343b349b6169b,128,126870,9896,164307,18116,-116974,-146191,18.141
21532327fb0c63fa,128,122248,9868,158777,18061,-112380,-140716,17.943
597e128134486100,128,121884,9915,157810,18146,-111969,-139664,18.039
7f2f9d0266e3b8bc,128,127943,9965,165831,18233,-117978,-147598,18.965
3fae13864aeee5c2,128,124603,9926,161504,18192,-114677,-143312,18.773
ba720dd10e7d1cd0,128,124430,9961,161607,18276,-114469,-143331,17.627
aff4f22d537e2c1f,128,124266,9962,160894,18244,-114304,-142650,17.709
8566a3217095fb5d,128,129656,9917,168080,18174,-119739,-149906,17.771
9253ac00d702c0d2,128,125558,9984,162649,18261,-115574,-144388,17.916
ac871d1cde617abc,128,123950,10018,160642,18324,-113932,-142318,18.164
673e6045c31ac57f,128,126602,9963,164280,18247,-116639,-146033,17.83
9e96435dd40cf504,128,124604,9871,161394,18105,-114733,-143289,18.768
9a8a20e42a70846d,128,125416,9880,162579,18082,-115536,-144497,18.891
41fcdfe2c151629d,128,124516,9943,161665,18231,-114573,-143434,18.41
ddb4674cf447f44d,128,124254,9960,160910,18232,-114294,-142678,18.226
25445207d20cb7ed,128,125478,9970,162647,18276,-115508,-144371,18.097
85408bb73d014827,128,126140,9822,163459,18014,-116318,-145445,18.463
d10c58f8667afcb9,128,123834,9948,160422,18203,-113886,-142219,18.415
3d9afe7b5defbf83,128,124518,9904,161164,18136,-114614,-143028,18.204
a155e38ab13cce74,128,125548,9911,162589,18162,-115637,-144427,18.546
45340007714fb296,128,125204,9932,162312,18168,-115272,-144144,18.187
bd0124df51ffc644,128,125912,9909,163266,18099,-116003,-145167,18.085
6e0c83d741e98463,128,124806,9912,161698,18144,-114894,-143554,18.132
90dc6013bfb0632a,128,126280,9935,164042,18166,-116345,-145876,18.468
f7a92113f80fccd9,128,125414,9940,162641,18194,-115474,-144447,17.842
0fe38c29237765af,128,122124,9941,158671,18171,-112183,-140500,17.712
b8f3fb11fd1a8f4c,128,139420,9938,180633,18178,-129482,-162455,18.478
0adc22dd30b556d7,128,136328,9850,176693,18013,-126478,-158680,18.346
5cb629f69d8ff577,128,141346,9935,183145,18212,-131411,-164933,18.88
de462907ad8f2e28,128,141068,9935,183140,18202,-131133,-164938,19.458
d182f695f6f74883,128,139235,9875,180256,18093,-129360,-162163,19.112
afd2df9926d10d7c,128,139244,9921,180533,18164,-129323,-162369,18.954
ac7ec49c1b350b67,128,139728,9859,181372,18027,-129869,-163345,19.004
ea9660e4086f17e4,128,138388,9995,179395,18281,-128393,-161114,18.941
40e981bc7fa29dfc,128,136536,9915,177312,18116,-126621,-159196,18.254
40c7f974d39b13c3,128,141907,9913,184217,18154,-131994,-166063,18.87
3ae4124b259736c2,128,138520,9984,179931,18254,-128536,-161677,18.487
dc66a1f51eaeb5a3,128,137512,10031,178394,18345,-127481,-160049,18.904
1f40115d111df4fd,128,138996,9918,180342,18171,-129078,-162171,18.963
e8918caec92225f7,128,139514,9920,181294,18157,-129594,-163137,18.447
61e9a4e0fc13e1e6,128,139141,9882,180306,18103,-129259,-162203,19.933
339412f64f816977,128,136784,9976,177758,18269,-126808,-159489,19.549
f75cb8ce80b960f6,128,140820,9919,182505,18159,-130901,-164346,19.602
e38e4ff9ea5d81f5,128,138538,9980,179396,18260,-128558,-161136,19.039
4c81289a6ed8c63c,128,140846,9961,182486,18252,-130885,-164234,18.68
9ac8bf272f60f64b,128,139140,9943,180715,18221,-129197,-162494,19.154
ff5da1ebd860498c,128,134510,9910,174211,18136,-124600,-156075,18.525
f7af88c7378f5eff,128,139018,9995,180783,18285,-129023,-162498,19.232
f672b72fd68a7bc2,128,138318,9926,179890,18191,-128392,-161699,18.894
760171b3f376b36d,128,141602,9913,183620,18157,-131689,-165463,19.444
275c751e6ef45cf4,128,139522,9948,180923,18250,-129574,-162673,18.995
2fe8fd73c9f035b2,128,138289,9873,179424,18097,-128416,-161327,19.771
0af433ea7326afc1,128,137128,9935,178018,18193,-127193,-159825,19.14
585ff853fc865258,128,137882,9933,178606,18184,-127949,-160422,18.77
d91837b37dcd6c2c,128,136730,9938,177733,18191,-126792,-159542,19.294
d3d316ed23bbbbc4,128,139591,9931,181358,18208,-129660,-163150,19.271
b5187ffea2c6b074,128,140484,9925,182239,18151,-130559,-164088,19.745
6466971566f77429,128,135646,9991,176055,18267,-125655,-157788,19.855
d2372df903b103bd,128,140696,9898,182496,18111,-130798,-164385,20.309
b51d2a6c74a8d8ee,128,137324,9983,178625,18281,-127341,-160344,20.459
3d316a9bda8d97ef,128,138956,9933,180625,18200,-129023,-162425,19.947
758cf3f6a176dbf4,128,140728,10020,182461,18323,-130708,-164138,20.268
18c204a38c004792,128,141976,9948,184223,18215,-132028,-166008,19.874
10289ee35972e502,128,135272,9958,175647,18205,-125314,-157442,18.829
4ed821cc7ea6b807,128,138814,9958,180003,18236,-128856,-161767,20.415
ea85b3b4a2f69e71,128,139472,9969,180811,18257,-129503,-162554,19.915
8ea7c855e16cd231,128,138180,9909,179152,18152,-128271,-161000,19.407
9b430d865d7f2211,128,140554,9968,182043,18256,-130586,-163787,20.798
ed4d1937ab195569,128,138244,9974,179145,18240,-128270,-160905,19.554
6e1b40819d493300,128,141468,9955,183124,18235,-131513,-164889,20.224
63f4b2714b6de69c,128,140510,9896,182231,18123,-130614,-164108,20.332
767402521812e586,128,140800,9931,182682,18192,-130869,-164490,19.365
1b34f20802d9f529,128,139692,9860,181316,18063,-129832,-163253,19.465
ffbb9043ced43a34,128,138548,10035,180070,18350,-128513,-161720,19.374
20a654343a4cdf0d,128,140302,9959,182462,18238,-130343,-164224,20.09
570b6aba7ab74a63,128,140028,9967,181870,18246,-130061,-163624,20.092
3a593e477d5f5d18,128,140330,9955,182057,18208,-130375,-163849,20.055
ab0011415eb8d0b0,128,141870,9956,184419,18231,-131914,-166188,20.145
6e3e8984ff04c6e1,128,140644,9939,182174,18177,-130705,-163997,20.893
bd2803731c23737b,128,137011,9903,178017,18140,-127108,-159877,19.595
cd3d5c978b230f04,128,141422,9989,183526,18286,-131433,-165240,19.454
49c32e3aaf5baabb,128,140936,9924,182803,18151,-131012,-164652,19.702
e5dbb390ffd4c04d,128,137906,9865,179194,18059,-128041,-161135,19.481
958079d9e3c15cb2,128,137827,9944,178789,18194,-127883,-160595,19.982
3664496d0bf22739,128,137849,9932,178798,18188,-127917,-160610,19.552
a05c1b652e77176f,128,140386,9990,181798,18272,-130396,-163526,19.756
a512535732bf5d52,128,138214,9971,179436,18245,-128243,-161191,20.041
f6c383bf3930fe13,128,140953,9945,182792,18236,-131008,-164556,20.398
979acf195b1468b5,128,139464,9977,180978,18250,-129487,-162728,20.223
7ac30c4719674224,128,135404,9874,176241,18101,-125530,-158140,19.54
0ecdea04b62282aa,128,141578,9945,183989,18206,-131633,-165783,19.574
f356ce4d5b3d64d1,128,139064,9854,180597,18063,-129210,-162534,19.57
73ec872e01c2291f,128,139232,9892,180679,18115,-129340,-162564,19.215
a00efd1b018465fa,128,137693,10036,178680,18360,-127657,-160320,20.428
1282f32c4202092d,128,141030,9927,183247,18196,-131103,-165051,19.911
6d3c32471a888870,128,143634,9940,186313,18200,-133694,-168113,20.08
d52201368209ed77,128,137668,9887,178805,18090,-127781,-160715,19.977
e364788157c8dc39,128,137424,9932,178305,18195,-127492,-160110,19.619
0b62892837ad87f1,128,137204,9881,177975,18094,-127323,-159881,20.597
3fc91b19269cab62,128,136368,9957,177226,18204,-126411,-159022,19.479
5322fe3d8284c264,128,137670,9913,178318,18171,-127757,-160147,18.973
683a58ee6acc55c5,128,139976,9929,181823,18162,-130047,-163661,19.385
bb1c7751af4f0b0d,128,140384,9919,182026,18164,-130465,-163862,19.435
aeb0307b79f6c119,128,136311,9946,176304,18212,-126365,-158092,20.226
d440260d769ff97d,128,143252,9955,186074,18221,-133297,-167853,20.376
11a7c6fffb7227fd,128,140604,9966,182060,18243,-130638,-163817,19.68
3be8af23ad01e144,128,135794,9973,176291,18264,-125821,-158027,19.355
1c53c75c97c46606,128,139290,9917,180639,18161,-129373,-162478,20.06
55911c459f014501,128,136788,9893,177776,18115,-126895,-159661,19.348
496959a25f8f2aaf,128,139178,9875,180491,18123,-129303,-162368,19.482
951b395e89bc03d8,128,139258,9948,180711,18197,-129310,-162514,19.458
ea3c17f3ccf88f04,128,141318,9893,183418,18128,-131425,-165290,19.734
2566e22255c6a8eb,128,139386,9929,180961,18176,-129457,-162785,19.663
e5b635348f00ed0a,128,141124,9927,182833,18174,-131197,-164659,20.907
9b02fb31f8df89c1,128,139938,9947,181925,18231,-129991,-163694,20.083
b11f45a6ecd003a6,128,142272,9881,184683,18078,-132391,-166605,19.236
6f7e20bbaef304a5,128,140700,9936,182629,18202,-130764,-164427,20.517
df2c88bf9a723847,128,138448,9947,179654,18231,-128501,-161423,19.695
f5c7725018cbd50a,128,137108,9957,177683,18238,-127151,-159445,19.531
2659c25d5083876f,128,138632,9911,179711,18141,-128721,-161570,19.859
db120eab1de6cda3,128,140448,10052,181981,18393,-130396,-163588,19.843
61418c6acfc2e1d6,128,141845,9913,184325,18163,-131932,-166162,20.54
3c8ac21953034c90,128,138412,9983,179745,18243,-128429,-161502,20.294
d4cb4ffbaf190b29,128,140028,9958,181435,18228,-130070,-163207,20.162
047c65b47eeeb567,128,141232,9961,182886,18243,-131271,-164643,20.61
ad35a1698830261e,128,137940,9960,178945,18248,-127980,-160697,19.937
fdb3a9b89abf5a00,128,150898,9973,196253,18267,-140925,-177986,21.137
c938a71afd93b759,128,150004,10051,194445,18378,-139953,-176067,20.82
2e126f5be9912892,128,152088,10010,197295,18340,-142078,-178955,20.834
cf41bb3944323e4d,128,150152,9901,194878,18148,-140251,-176730,19.673
79c3f04dbfdb6adb,128,150402,9938,195741,18219,-140464,-177522,20.959
530d707e5e7e6cd4,128,152225,9883,197526,18084,-142342,-179442,21.123
ece8b803f952bef7,128,152168,9998,197547,18288,-142170,-179259,20.155
2f70e1c7a030482a,128,150230,9985,195551,18277,-140245,-177274,20.727
a7e26f45df26776d,128,147821,9934,192131,18180,-137887,-173951,20.378
80ba321447edaa71,128,149972,9916,194989,18127,-140056,-176862,19.895
852cab9df65746f7,128,150838,9912,196228,18150,-140926,-178078,20.716
f78cf7279ee58cd7,128,155499,9963,202086,18246,-145536,-183840,20.2
00fccd3a096923b6,128,149774,9969,194672,18271,-139805,-176401,20.475
343f23e13ec112d2,128,151021,9992,195757,18279,-141029,-177478,21.881
af81ca7db3996963,128,151603,9920,196653,18175,-141683,-178478,21.434
ea69f04f4ac30779,128,155258,9901,201395,18096,-145357,-183299,21.254
73d483ef701468b5,128,151038,9910,196081,18139,-141128,-177942,20.808
891584e99bdc1bfb,128,152604,9954,198315,18265,-142650,-180050,20.955
03108644219541f9,128,152364,9937,197864,18144,-142427,-179720,20.997
508b1292d5232610,128,152964,9881,198538,18113,-143083,-180425,20.634
f52a42ea9c0e9169,128,148256,9922,192646,18146,-138334,-174500,20.584
c85764d627d5d59b,128,152569,9884,198451,18103,-142685,-180348,21.198
9718a68c1947df5f,128,150126,9936,194902,18182,-140190,-176720,21.073
7d6e55561ea1bb20,128,154452,9979,200599,18232,-144473,-182367,21.366
fbc9558b2af8bc31,128,151208,9895,196230,18119,-141313,-178111,21.671
2469c24616d2e9ed,128,153533,9914,199330,18177,-143619,-181153,21.346
e327b2b139b4339e,128,155486,9905,201891,18104,-145581,-183787,21.288
7a78344d95cecce9,128,148971,9955,193742,18222,-139016,-175520,20.959
85e23774a91fad64,128,154139,9934,200240,18182,-144205,-182058,21.648
0952fb4917b5cce0,128,152988,9861,198877,18090,-143127,-180787,20.897
1233f3dc9f53db16,128,152508,9917,198386,18169,-142591,-180217,20.858
8547c1c5ae0c1695,128,151741,9892,197185,18130,-141849,-179055,20.892
117292a1adffd458,128,150112,9962,194764,18246,-140150,-176518,20.918
5255693aac01aef3,128,151922,9980,197374,18279,-141942,-179095,21.323
570ce2f63fe1f149,128,155096,9930,201408,18174,-145166,-183234,20.945
c7292a98547baffd,128,151872,9915,197316,18151,-141957,-179165,20.566
21fe202fc558cb43,128,150976,9956,195803,18251,-141020,-177552,21.191
66d76a6e3d9f1a7b,128,153752,9961,199553,18240,-143791,-181313,20.524
cf5e93bc42d701d5,128,151610,9966,196904,18256,-141644,-178648,20.617
8151f14cb350b635,128,152430,9936,197668,18170,-142494,-179498,21.243
403dd77014ae9219,128,148910,9943,193385,18211,-138967,-175174,20.887
a56a88f34daf609e,128,150081,9992,195279,18303,-140089,-176976,21.031
71046864c8aa9c4e,128,149290,9926,193815,18156,-139364,-175659,20.697
70a666cdceaf1e04,128,152569,9908,198519,18150,-142661,-180369,20.573
dcb16b429c5c2c83,128,150490,9980,195374,18279,-140510,-177095,20.437
c16bc5dc7f8c8455,128,152601,9969,198280,18226,-142632,-180054,21.32
bec06f8f3c428d9e,128,149359,10016,194358,18328,-139343,-176030,20.835
7962c39a6c353bf9,128,150330,9977,195408,18259,-140353,-177149,20.733
b73a2ffe6f4aa411,128,150496,9961,195669,18258,-140535,-177411,20.996
f686cc83a57a3bdc,128,153372,10007,199237,18323,-143365,-180914,20.858
2bb3117002814958,128,149088,9940,193934,18195,-139148,-175739,20.318
2e3ce9c3063089e4,128,152251,9957,197640,18236,-142294,-179404,20.672
c9543da1f3517e43,128,152734,9982,198305,18269,-142752,-180036,21.201
5d7fc783f0efb89b,128,152944,9881,198847,18091,-143063,-180756,20.559
bb8b1b000a24e943,128,150144,9916,194746,18170,-140228,-176576,20.379
b5a37f98d9afe236,128,152976,9960,198649,18219,-143016,-180430,20.504
6b315bfcee687953,128,152742,9931,198167,18155,-142811,-180012,20.403
f04ab6ebe34fe337,128,154313,9995,200929,18295,-144318,-182634,21.455
ef2a17a5df8d2040,128,149097,9933,193684,18190,-139164,-175494,20.861
ffacb781fcee48fc,128,154176,9899,200093,18141,-144277,-181952,20.629
f69bd592cc54e18b,128,153175,9930,199025,18198,-143245,-180827,20.643
273b21fe901ec0d1,128,153226,9929,199187,18171,-143297,-181016,20.905
0debce4223c051ab,128,152550,9853,198142,18066,-142697,-180076,21.146
0e4d7a0df036c1a3,128,150061,9923,194958,18139,-140138,-176819,20.709
2895ae1887f3b1a0,128,153823,9975,199483,18275,-143848,-181208,21.165
ea70da409e2d22cd,128,149810,9990,194281,18286,-139820,-175995,20.687
45836bb9e3e14610,128,150728,9965,196191,18271,-140763,-177920,21.276
7db59d909ce431b6,128,149370,9921,193891,18189,-139449,-175702,20.905
9a46b2a534178a3b,128,152792,9988,198717,18275,-142804,-180442,21.035
ff8d49d753ef3d12,128,151482,9871,197132,18063,-141611,-179069,20.678
1309f4f32b80a9c7,128,151988,9927,197462,18187,-142061,-179275,20.584
0f9718c68c80a981,128,150910,9906,196247,18128,-141004,-178119,20.952
ec7e798667c20a77,128,152164,9973,197256,18273,-142191,-178983,20.684
6ec419c3b5865dcc,128,149522,9911,194027,18176,-139611,-175851,20.223
a034305df50f9dbd,128,150596,9905,195605,18135,-140691,-177470,20.377
846c325e58895c89,128,151776,9885,196745,18114,-141891,-178631,20.652
3d826faaa498d9cb,128,150520,9995,195278,18287,-140525,-176991,20.55
4378209f4eba027f,128,153922,9910,199993,18148,-144012,-181845,20.758
6e6496d1e6e21589,128,154392,9918,200352,18169,-144474,-182183,20.705
f1da845338c9fce5,128,151272,9861,196340,18071,-141411,-178269,20.757
5c9f77d9bcd0605e,128,151548,9977,197200,18261,-141571,-178939,21.454
251d4b091ef286df,128,153044,9941,198762,18219,-143103,-180543,20.582
6561b68cca5d972d,128,154187,9922,200337,18147,-144265,-182190,20.592
e2055db816933a41,128,150038,9964,194964,18229,-140074,-176735,20.478
8e4b17e2dc31ac74,128,153639,10013,199472,18315,-143626,-181157,22.643
d342c9c782fd8a7d,128,148226,9979,192659,18288,-138247,-174371,20.956
5ceb1a3fdc382478,128,151278,9868,196866,18062,-141410,-178804,20.507
a9ecd96d31abdc4a,128,152782,10043,198536,18386,-142739,-180150,21.086
d5f4dffd52f1d06d,128,150847,9901,195551,18133,-140946,-177418,21.175
f881cd5f1a0fe70f,128,152994,10006,198774,18304,-142988,-180470,20.948
95b0ad507e32c871,128,152312,9932,197893,18239,-142380,-179654,20.71
6863795ea0a9c9bc,128,150411,10020,195335,18326,-140391,-177009,20.58
71752f839d2b3c71,128,156047,9977,202543,18253,-146070,-184290,21.115
168cd1c7dc03762f,128,152734,9892,198676,18119,-142842,-180557,19.977
31611a0ddf16ea45,128,152568,9945,198134,18192,-142623,-179942,20.588
6b28f8fbf51a32ee,128,150212,9941,195192,18205,-140271,-176987,20.108
6d855d8de7162ced,128,149046,9982,193805,18283,-139064,-175522,19.768
24ccda4e0c6ca2cd,128,153004,9900,198368,18160,-143104,-180208,20.295
a9f00d52af70fef9,128,148930,9924,193669,18163,-139006,-175506,19.984
7ea5df740d70c9a1,128,150938,9971,196062,18244,-140967,-177818,19.886
21f5345c238f05ea,128,161373,9989,210228,18280,-151384,-191948,21.5
ee4f2be34c489be8,128,161043,9900,209209,18118,-151143,-191091,20.722
afa197f8f6f7e8d9,128,163596,9994,212746,18298,-153602,-194448,20.524
09b9cb9c40fea4f0,128,163895,9949,212662,18202,-153946,-194460,21.669
b8154485813db6b9,128,162048,9897,210435,18129,-152151,-192306,20.287
93d0401ad97e269d,128,162076,9921,210804,18167,-152155,-192637,21.183
4ea6d8dcf7c335f3,128,163356,9929,212301,18181,-153427,-194120,20.969
0173da75b2b25725,128,165532,9954,215155,18228,-155578,-196927,20.447
a8283354007f8a9b,128,163523,9962,212412,18254,-153561,-194158,21.6
17b58a3b83dd7b40,128,164790,9962,214255,18258,-154828,-195997,20.841
4362b7445cf5373c,128,163885,9881,213125,18128,-154004,-194997,21.243
c767fc98d51a304e,128,160140,9990,208215,18308,-150150,-189907,20.147
40fadb9331d029be,128,164265,9897,213094,18140,-154368,-194954,21.341
60c00647ce0fa30f,128,162419,9950,211443,18236,-152469,-193207,21.107
196ef65fa848a1f0,128,164974,9906,214069,18134,-155068,-195935,21.702
30e98ac697d57a0f,128,162241,9896,210852,18127,-152345,-192725,21.065
4ef7581bb57fd5ef,128,161441,9887,209366,18131,-151554,-191235,21.291
144ef535458751c0,128,165235,9977,214696,18263,-155258,-196433,21.511
dcf66cf568ad4b30,128,162620,9895,211264,18117,-152725,-193147,21.527
5c2bf22c4fcf86ec,128,162464,9946,211202,18211,-152518,-192991,20.748
1bf15aa5de495e54,128,162813,9905,211959,18145,-152908,-193814,20.456
bc11c8b7d4884747,128,164502,9976,213769,18251,-154526,-195518,20.659
5b2a794218aacb72,128,162858,10034,211725,18332,-152824,-193393,21.076
533aba7bc92822f7,128,162159,9872,211069,18080,-152287,-192989,20.851
a4e1b1278f55818e,128,166831,10015,216349,18321,-156816,-198028,21.009
f91448b6feee178b,128,166132,9934,215626,18167,-156198,-197459,21.005
f84b9b8a881487c5,128,163688,9905,212562,18119,-153783,-194443,20.805
bd58f47c1126514c,128,164104,9909,213395,18173,-154195,-195222,21.226
263ed4fe590d08f1,128,165548,9997,214638,18294,-155551,-196344,20.473
2d8738bbc2d2956b,128,163876,9948,213104,18165,-153928,-194939,20.074
78702dc45ff158f5,128,159539,9882,207483,18111,-149657,-189372,21.106
585fc67515b4fba3,128,162237,9935,211018,18206,-152302,-192812,22.047
99c8c36bda0cfc70,128,163912,9941,213111,18200,-153971,-194911,21.11
64051caa09d73206,128,163406,9950,212752,18212,-153456,-194540,20.922
8054c2fef46b6490,128,164240,10018,213315,18325,-154222,-194990,21.307
f2cce93d2c3e6486,128,160070,9940,208352,18199,-150130,-190153,20.688
134dc6cb7176185c,128,162932,9926,211898,18179,-153006,-193719,20.179
04abcf33b874e201,128,164149,9952,213383,18178,-154197,-195205,20.586
8013855dbcd8c7f9,128,162126,9890,211045,18086,-152236,-192959,20.503
10c0c3090e820960,128,164517,9911,213818,18137,-154606,-195681,21.167
e4980d1570cb73c6,128,160754,9909,208730,18154,-150845,-190576,21.05
af94ef09c0dc2b8f,128,160714,9975,209315,18258,-150739,-191057,21.08
8257b8e30dd11394,128,162770,9978,211674,18255,-152792,-193419,20.935
8b97c000d02ac490,128,165371,9974,214770,18265,-155397,-196505,21.281
c53ae2efe2b56c7f,128,161678,9947,210171,18188,-151731,-191983,21.201
8189547edc65d66e,128,166057,10035,215631,18351,-156022,-197280,22.473
973e9071b8eb7c78,128,166724,10030,216728,18370,-156694,-198358,21.652
aa7d5cb89865ee1d,128,166573,9996,216511,18290,-156577,-198221,21.646
bd9e56895689419a,128,163404,9963,212338,18239,-153441,-194099,21.084
67345a1344753490,128,161916,9901,210983,18088,-152015,-192895,20.491
ec487764129d09ff,128,165566,9912,214744,18161,-155654,-196583,21.401
4dc4b28425d64403,128,163431,9983,212157,18270,-153448,-193887,21.615
c22c11262a39c115,128,162610,9937,211307,18187,-152673,-193120,21.12
c751d1c7e35b5004,128,163113,9966,212302,18239,-153147,-194063,21.045
442552f5118b9eea,128,163410,9909,212364,18165,-153501,-194199,21.042
e8555fb660bd4545,128,161907,9881,210942,18098,-152026,-192844,20.402
10548f25adc12fda,128,162268,9953,210525,18268,-152315,-192257,20.698
312b826f987b9ca0,128,161226,9932,208986,18211,-151294,-190775,21.207
ffb558d77cb43efd,128,162160,9971,210676,18280,-152189,-192396,21.099
0b0c28abea9ee0a0,128,160004,9955,207581,18197,-150049,-189384,20.537
16043fe922158f42,128,163464,9936,212247,18180,-153528,-194067,21.05
35b61906c152f820,128,166586,9949,216954,18243,-156637,-198711,20.967
f7cfb0337038204e,128,164707,10017,214010,18325,-154690,-195685,21.217
9d161e878d1eed1f,128,164629,9891,213848,18092,-154738,-195756,21.275
ea4d18ac05922588,128,162216,9911,210984,18152,-152305,-192832,20.737
32cb91b605d8375f,128,161337,9960,210036,18259,-151377,-191777,21.226
2fbe99bd763b78ef,128,164243,9938,213368,18162,-154305,-195206,21.11
4d6398e4da84ba7e,128,163120,9988,212191,18298,-153132,-193893,20.35
04541378c8a61ad2,128,166153,9973,215651,18285,-156180,-197366,21.771
31b06b1577121594,128,166734,9948,216732,18217,-156786,-198515,21.467
cdd82675727a855d,128,161399,9938,209474,18190,-151461,-191284,20.536
5f150661ca9c802c,128,164321,9890,213229,18116,-154431,-195113,21.565
c2b4659866f235af,128,161290,9849,209194,18065,-151441,-191129,20.788
9c6fd71659e8d3cd,128,162851,9946,211560,18214,-152905,-193346,21.526
35c12efc3cc05df1,128,163362,9992,212355,18285,-153370,-194070,21.317
8460d59d0cc66c84,128,163739,9888,213007,18112,-153851,-194895,21.435
0be44b228d672911,128,162769,9999,211348,18298,-152770,-193050,21.646
097c7af9b2599205,128,163604,9942,212677,18233,-153662,-194444,21.328
d284539055faca83,128,161943,9871,210415,18083,-152072,-192332,21.388
7a36de40c5a2cb4c,128,163715,10021,212630,18338,-153694,-194292,21.595
022edc692c2e8d35,128,162144,9893,210349,18110,-152251,-192239,20.91
07c5a639341b8db6,128,161554,9945,209797,18191,-151609,-191606,20.947
7c80f3bac255fa50,128,162698,10000,211736,18297,-152698,-193439,21.562
599c20745c91a082,128,162514,9946,211482,18230,-152568,-193252,21.0
dedc781d0ccd12c4,128,164615,9917,213763,18179,-154698,-195584,21.915
1007fd20573e7771,128,163488,9911,212879,18125,-153577,-194754,21.483
63a968e5efa2e699,128,164799,9957,214586,18249,-154842,-196337,21.97
20b1797219244b24,128,162756,9911,211105,18157,-152845,-192948,21.122
f27785a32fe9062f,128,161120,9994,209316,18343,-151126,-190973,21.911
a95b57b2e1634e5b,128,164317,9935,214122,18233,-154382,-195889,21.052
0103596070699d56,128,164375,9954,213652,18247,-154421,-195405,22.057
d3b14b686a6f4b38,128,164058,9920,213200,18149,-154138,-195051,21.089
3758a0ebecd978e1,128,164385,9927,213443,18178,-154458,-195265,21.911
98187c5f09c304f0,128,163204,9798,211874,17938,-153406,-193936,21.582
16d5cff14ece6d43,128,163690,9962,212359,18229,-153728,-194130,21.806
75d1269fc0518c5c,128,161555,9968,209935,18220,-151587,-191715,22.065
eda715ee82a4f735,128,164938,9883,214394,18097,-155055,-196297,22.352
6e57d7ad2477bfc4,128,165256,9933,214447,18189,-155323,-196258,20.768
fff8ad98d2d1822a,128,163469,9973,212668,18267,-153496,-194401,20.822
3128af07a0c5f910,128,165182,9968,214608,18209,-155214,-196399,21.462
d49aa79e81bfa036,128,168310,9916,219215,18145,-158394,-201070,21.487
0343e9d3d455d8d4,128,173524,9953,225590,18207,-163571,-207383,21.8
c4b183c896f8b309,128,174990,9879,228089,18105,-165111,-209984,22.295
5ac8249cf7b12e7e,128,172726,9879,224938,18112,-162847,-206826,21.149
2ae9b39d896b8e09,128,174225,9922,226034,18173,-164303,-207861,22.304
d794bb605732d36b,128,174825,9943,227465,18178,-164882,-209287,21.306
367d7155fd03f478,128,172579,9960,224766,18264,-162619,-206502,21.833
cdd228b881718dad,128,172874,10028,225125,18351,-162846,-206774,22.044
66997d6d47a8e456,128,172939,9965,225099,18201,-162974,-206898,21.996
691875d4e2d6f23c,128,172734,9902,224695,18142,-162832,-206553,22.156
53a0f968d4c31985,128,175599,9876,228423,18078,-165723,-210345,22.796
2bb3f6ad2689f218,128,171799,9977,223762,18283,-161822,-205479,23.29
d1f12415df0faac1,128,174446,10010,227070,18335,-164436,-208735,22.074
7724618fc01936b9,128,173801,9910,225943,18143,-163891,-207800,22.721
e0f8877ed8a22b54,128,174388,9862,226326,18053,-164526,-208273,21.96
d4853a0930437ce4,128,170229,10019,221333,18332,-160210,-203001,22.078
3acc2f368060fbb4,128,176049,10000,228835,18305,-166049,-210530,22.797
56a8802f09b2b26f,128,172228,9961,224336,18261,-162267,-206075,22.037
238c68b6a8ca08c2,128,173222,9940,225544,18216,-163282,-207328,23.271
6d39123a2b2753f4,128,176675,9998,229584,18295,-166677,-211289,22.728
6b10a0b0794b49a8,128,173413,9934,225817,18182,-163479,-207635,22.981
1d2c7c1c6d0f627a,128,172904,9958,224666,18240,-162946,-206426,21.74
819cdc414365e0c9,128,176077,9943,228852,18207,-166134,-210645,22.47
9cd712f9a9f262b3,128,173837,9917,226297,18166,-163920,-208131,21.39
fd1326926d92a615,128,171621,9945,223236,18212,-161676,-205024,21.678
eb24bb8636c8446f,128,174455,10009,226612,18322,-164446,-208290,22.214
5b53f2e88ff1e3fd,128,171799,9956,223494,18214,-161843,-205280,23.181
815462c1e73a7d7e,128,173632,9963,226376,18220,-163669,-208156,23.784
72d763a3be63ef65,128,175584,9933,228422,18193,-165651,-210229,22.088
fcaa8312b863ea11,128,169420,9913,220492,18161,-159507,-202331,22.537
2fa9db15e342c657,128,174960,9898,227533,18123,-165062,-209410,22.189
84c7a704b76eb94f,128,177296,9946,230712,18214,-167350,-212498,22.715
656b2f0b4a509902,128,172988,9976,224669,18281,-163012,-206388,21.657
2e14265401d8fdf1,128,173654,9962,226233,18233,-163692,-208000,21.93
58b14d3894d19594,128,175687,9850,228483,18031,-165837,-210452,22.069
05abb39dfc6b9ebb,128,174341,9871,226523,18078,-164470,-208445,22.316
d94948f5b361b4cf,128,172636,9934,224503,18165,-162702,-206338,22.22
36db68b149d65f5f,128,173748,9924,226095,18179,-163824,-207916,21.909
9f024e2122a21627,128,174284,9921,226712,18187,-164363,-208525,22.187
ec54d7d195124566,128,172696,9901,224704,18119,-162795,-206585,21.496
0907b8d6d051ee0e,128,172522,9984,224711,18286,-162538,-206425,21.632
7b43433c0845bdcb,128,175461,9963,227790,18261,-165498,-209529,22.532
1fc14149a512f304,128,172708,9999,224649,18310,-162709,-206339,22.178
066be3273bd0d9e9,128,171665,9945,223549,18216,-161720,-205333,21.897
4e87c35f36ca8272,128,170885,9904,222407,18142,-160981,-204265,21.337
f2ac8bb06874148a,128,174042,9995,226917,18294,-164047,-208623,21.895
47cd31bd7f81fc64,128,171743,9934,223224,18195,-161809,-205029,21.523
76b57309ed1eb12e,128,169977,9894,221069,18148,-160083,-202921,21.437
6d1e2eae530d21ed,128,175444,9887,227954,18090,-165557,-209864,21.416
94d8fb88cbccf89f,128,173261,9936,225665,18201,-163325,-207464,21.478
ea8cf199748ea2c5,128,175442,9970,228137,18262,-165472,-209875,21.407
162b587a7c7dcc15,128,173007,9919,225189,18183,-163088,-207006,22.476
850fae0f67c202b6,128,175188,9896,227427,18104,-165292,-209323,22.518
8d2f94ad4ad6dcea,128,173377,9956,224943,18247,-163421,-206696,22.859
b7d77398bf56c848,128,175859,9971,228646,18216,-165888,-210430,22.164
0553c376ab70d743,128,176987,9953,229927,18212,-167034,-211715,21.747
cd519cf0d42154b1,128,171430,9931,222639,18157,-161499,-204482,22.433
324038c7ed0dba45,128,173124,9977,225114,18285,-163147,-206829,20.729
6991b8ab6459fb8f,128,172709,9977,224488,18290,-162732,-206198,21.404
82721c36a23e2f46,128,170909,9951,222319,18232,-160958,-204087,22.049
44db6942608996ee,128,173463,9892,225991,18109,-163571,-207882,22.136
626743c64f0e5eef,128,174932,9932,227851,18198,-165000,-209653,21.549
7179bda81156ca34,128,175566,9912,228427,18134,-165654,-210293,21.617
3a7a4394ee87e99c,128,177048,9932,230862,18187,-167116,-212675,22.057
442975135712c816,128,173858,9969,226452,18251,-163889,-208201,21.803
799b82987f8339ce,128,174343,9956,227029,18239,-164387,-208790,21.955
7a98515e2f142d14,128,170454,9905,221955,18121,-160549,-203834,21.274
4bbb440f72058bd4,128,172290,9938,224559,18203,-162352,-206356,22.064
ac1c28aa85232cf5,128,173344,9904,225628,18129,-163440,-207499,21.698
3e323200740444a1,128,172496,9961,224242,18233,-162535,-206009,21.675
7c8b41a99008ac0d,128,173611,10007,226070,18320,-163604,-207750,21.858
f33deca1b1084516,128,172013,10020,223629,18348,-161993,-205281,21.94
6692b0813fec8c3c,128,173039,9837,224976,18041,-163202,-206935,22.364
465f19a458ab79c4,128,172006,9896,223520,18121,-162110,-205399,21.776
fc2b9ef3cb07707d,128,171510,9848,223165,18024,-161662,-205141,21.465
a4db8fbdbbbe42af,128,171405,9917,223083,18165,-161488,-204918,21.288
c44d406686f88313,128,174190,10003,226808,18336,-164187,-208472,22.524
52c69f4cd7b6a7df,128,174471,9971,227157,18270,-164500,-208887,22.15
7bf7776b054c4590,128,174425,9968,227199,18239,-164457,-208960,22.235
aacee2abd61c0acc,128,172378,10013,224046,18314,-162365,-205732,22.352
63bdfe7cfe19aa35,128,172233,10009,224036,18309,-162224,-205727,22.619
a48cf8692bf62639,128,173374,9923,226131,18152,-163451,-207979,21.855
b7b60061fb57d4e2,128,177319,9941,230484,18215,-167378,-212269,22.324
277921f1e5eb3fbc,128,172877,9972,224681,18246,-162905,-206435,21.912
7074b4ebdcde000f,128,174921,9959,227484,18226,-164962,-209258,22.944
aa5a9bf690de8d87,128,171905,9927,223570,18181,-161978,-205389,22.162
2848d0c6e8c3686b,128,173135,9946,224925,18226,-163189,-206699,22.857
b918715c6bc67a02,128,172020,9995,223937,18308,-162025,-205629,22.509
7c1e34c0ad245173,128,174946,9973,227505,18241,-164973,-209264,23.167
00aabc085eae875f,128,173310,9953,225395,18215,-163357,-207180,22.73
f5b52f936139c38f,128,172516,9864,224750,18044,-162652,-206706,21.57
68dbfd2793df70a7,128,171900,9895,223794,18147,-162005,-205647,22.87
04c1efd8cac858c1,128,177043,9951,230567,18232,-167092,-212335,22.362
ca8111c99a03d2ed,128,170968,9880,222947,18107,-161088,-204840,22.412
8028c4634f513f8c,128,175678,9957,228400,18223,-165721,-210177,23.208
97843d5bc5cfed38,128,172481,9915,224849,18146,-162566,-206703,22.073
fb0e95fc53763694,128,171460,9921,223488,18171,-161539,-205317,21.989
a2b0e6e5674aab79,128,176982,9906,230332,18172,-167076,-212160,22.049
fb7b111450cda645,128,171230,9936,223264,18184,-161294,-205080,22.009
5617f760a90cb4ae,128,169737,9924,221414,18198,-159813,-203216,21.746
2eaf6a1e0284c056,128,182490,9954,237053,18204,-172536,-218849,22.039
f02d5741a7383939,128,181325,9974,236269,18270,-171351,-217999,22.889
1096a4d59f28d46d,128,180921,9936,235975,18207,-170985,-217768,22.819
d1df973008b38da8,128,182183,10005,237657,18307,-172178,-219350,23.178
3f2509aff0193508,128,175814,9909,228595,18172,-165905,-210423,22.598
eb31783c7d18632c,128,179848,9947,234096,18200,-169901,-215896,22.971
6e408bd15d0d5518,128,184047,9966,239371,18233,-174081,-221138,22.291
a9e431bd1b7ddc11,128,182380,9833,237711,18021,-172547,-219690,22.639
052595b77ee71e3f,128,178048,9849,231981,18017,-168199,-213964,21.923
17ae3adc014bd51c,128,182332,9985,237993,18267,-172347,-219726,22.841
86661dbbb1bf82b1,128,183635,9903,238884,18114,-173732,-220770,23.322
52cf5a4d80edf844,128,183117,9913,238306,18126,-173204,-220180,22.903
1e7559e3b09faff2,128,183433,9904,238717,18140,-173529,-220577,22.96
222c416ad21335a5,128,179521,9932,233485,18192,-169589,-215293,22.949
123bab183458235f,128,180388,10025,234938,18367,-170363,-216571,22.331
5eff300ef6eefe87,128,182484,9966,237682,18256,-172518,-219426,22.076
f7a059f74bbfad11,128,180292,9920,234420,18147,-170372,-216273,21.655
e55bab1bb65e013c,128,180306,9891,234380,18093,-170415,-216287,22.427
a2278aba82fa9ae1,128,183097,9889,238049,18124,-173208,-219925,23.022
5ead0b19051c2bd2,128,180596,9952,235056,18235,-170644,-216821,22.695
6a4788ea4c6ea74d,128,183037,9990,238766,18279,-173047,-220487,23.026
32d352827e133227,128,180543,9934,235207,18160,-170609,-217047,22.548
cc477b278e834e5b,128,185346,10001,241248,18270,-175345,-222978,23.034
49707533c6f3d5ae,128,182482,9988,237357,18278,-172494,-219079,23.231
e68381fe7bbe6c50,128,181676,9971,236976,18224,-171705,-218752,22.941
8d300050a9f6ca9c,128,179334,9970,234053,18246,-169364,-215807,22.877
5c007697c70e3f7d,128,178940,9939,232939,18190,-169001,-214749,23.222
e854b741275e677e,128,180696,9871,235060,18083,-170825,-216977,23.882
83e525ce8484bd5c,128,183945,9916,238574,18156,-174029,-220418,23.598
239ca6c30f158329,128,181661,9863,236334,18059,-171798,-218275,22.865
5cb7ac0bc2d16531,128,184466,9852,240059,18029,-174614,-222030,22.467
5f07215d322412af,128,183580,9953,239033,18225,-173627,-220808,22.531
f0034af45ce1bc4f,128,182250,10034,237841,18339,-172216,-219502,22.567
958b5839c84eefe5,128,183109,10027,238690,18343,-173082,-220347,23.111
d24233f0d93ab421,128,182425,9869,237648,18082,-172556,-219566,23.54
bd76f7a38e5c7621,128,179503,10031,233668,18327,-169472,-215341,23.774
4ac7edb1d4477564,128,179493,9905,233678,18124,-169588,-215554,23.883
50ba6de5b72cf85b,128,181658,9913,236522,18177,-171745,-218345,22.905
7a8a3b912bcb9414,128,180617,9962,234864,18191,-170655,-216673,22.72
ac8339035cb6a2e3,128,180424,9896,234595,18096,-170528,-216499,22.488
ad476e0c27f9e1a0,128,182734,9930,237902,18168,-172804,-219734,22.342
438332a246a37567,128,180194,9927,234055,18172,-170267,-215883,22.856
1b1f51d3c7af93c9,128,182208,9952,237083,18227,-172256,-218856,22.867
079d828d9d7a15cd,128,180261,9856,234591,18042,-170405,-216549,22.549
f5635d1fabcb67e4,128,182825,9919,237535,18170,-172906,-219365,24.101
ba63cb1539091047,128,180780,9894,235001,18098,-170886,-216903,22.825
aff3f45230920fe6,128,178338,9885,232733,18089,-168453,-214644,22.154
3045cbe30b42386c,128,183314,9919,238645,18178,-173395,-220467,21.898
e75f1e0b479e2329,128,181188,9997,236070,18283,-171191,-217787,22.285
b83ef041e8da3f2d,128,176406,10000,229802,18297,-166406,-211505,22.992
c8a6fbc4dc498668,128,183813,9964,239452,18244,-173849,-221208,23.723
0dcc19183f299712,128,177251,9965,230692,18242,-167286,-212450,22.937
a5cf68567e5c69f6,128,178671,9848,232416,18068,-168823,-214348,23.27
dd414af6199a8d4c,128,180575,9903,234869,18158,-170672,-216711,23.937
9eeabb4366c427c4,128,181542,9910,236038,18103,-171632,-217935,22.579
cd4dcb45d68a55f7,128,182735,9869,237587,18077,-172866,-219510,22.786
faf40b3a49e6b7e8,128,178894,9968,232843,18248,-168926,-214595,22.87
eb2f6d9b9b87038e,128,179305,9873,233779,18088,-169432,-215691,23.314
19b30356b38f6501,128,181743,9945,236434,18235,-171798,-218199,22.648
1cfa62edc6d64dc4,128,182728,9928,237697,18187,-172800,-219510,23.224
e8adc1ebde2dca9f,128,183782,9951,239393,18217,-173831,-221176,23.034
d88c9fe326e371c5,128,183801,9981,239276,18267,-173820,-221009,23.26
ea5cf2994e948305,128,177355,9974,231475,18251,-167381,-213224,22.303
b20c9840136ccf4b,128,183138,9964,238409,18233,-173174,-220176,21.936
dc5dc7118362a9ad,128,181461,9983,235931,18270,-171478,-217661,22.322
8cdeb954f0442ad3,128,179006,9964,233147,18257,-169042,-214890,22.636
12c38ecb15a4e704,128,185042,9964,241121,18216,-175078,-222905,23.052
0f280f2163fa1640,128,180182,9991,234746,18287,-170191,-216459,23.158
e58bae1f1e3ac247,128,181773,9955,236849,18177,-171818,-218672,23.978
64edfeb186b5fcb6,128,181044,9869,235910,18072,-171175,-217838,22.542
77a29d4924f21c8c,128,178001,9923,231655,18179,-168078,-213476,22.429
ef9a14483901699b,128,181152,10017,236004,18349,-171135,-217655,22.104
dd09f309c2810d77,128,182119,10029,237222,18371,-172090,-218851,21.893
f8165730c515abdd,128,183645,9932,239254,18182,-173713,-221072,24.077
99975fcdac3683f0,128,183508,9887,238507,18092,-173621,-220415,22.45
9becb306a81a8105,128,179376,9877,232912,18094,-169499,-214818,22.237
653183f9cd80ee3d,128,179032,9916,233043,18140,-169116,-214903,22.578
d4c64e6d7172c0ff,128,178142,9851,231549,18038,-168291,-213511,22.707
2675d52243f7d8f9,128,179417,9956,233775,18203,-169461,-215572,22.335
8f6019b2143502ac,128,181757,9914,236285,18161,-171843,-218124,21.768
0059883f07eaab46,128,181195,9927,235793,18200,-171268,-217593,22.832
ce58e9c75ca0abf3,128,181651,9898,236352,18117,-171753,-218235,22.881
1517cf413f16ff59,128,180024,9875,234252,18070,-170149,-216182,22.976
9ac928082b18558f,128,185552,9967,241398,18259,-175585,-223139,23.43
1672b0360c877088,128,181347,9927,235775,18182,-171420,-217593,23.273
2d2a663833f32dbf,128,183019,9958,238143,18225,-173061,-219918,23.641
bd3b1a811a266a11,128,183520,9930,238812,18174,-173590,-220638,22.406
0e58b31fc2c18bd7,128,183022,9868,238296,18031,-173154,-220265,22.318
13358663bad34fc9,128,180542,9911,235033,18180,-170631,-216853,22.888
a0597a682e603470,128,182328,9964,237216,18218,-172364,-218998,22.748
d49eeb651cceb4d7,128,182953,9912,237957,18166,-173041,-219791,22.926
4338eb0d2019cbb0,128,180888,10015,235191,18323,-170873,-216868,22.672
322d3c00644580e0,128,180391,9859,234447,18036,-170532,-216411,23.359
eb5a199dbd358d29,128,180781,9952,235453,18258,-170829,-217195,23.071
dc2dde5eb89627c8,128,181791,9896,236653,18150,-171895,-218503,23.627
bb78c5aa3305e101,128,182180,9946,236896,18184,-172234,-218712,22.496
ed53706d3774d62b,128,175896,9914,228295,18165,-165982,-210130,22.23
a5234798031dc7b6,128,180735,9921,234888,18180,-170814,-216708,22.152
7df39e8ec2aefda6,128,177182,9918,230939,18133,-167264,-212806,22.545
7cd9196e21bf0269,128,179067,9838,232994,18018,-169229,-214976,22.441
5a927ee1f24ff657,128,183089,9935,238510,18204,-173154,-220306,22.911
e10b6e43213b2d08,128,183246,9918,238785,18160,-173328,-220625,22.692
d079caea37de12d6,128,189330,9831,246662,17994,-179499,-228668,23.046
589ddfe38cf62057,128,189068,9950,246582,18199,-179118,-228383,22.518
96c14dd86adbd162,128,185404,9946,241930,18205,-175458,-223725,23.905
18acb8ec085e87af,128,185048,9860,240986,17984,-175188,-223002,23.373
9a997b30373ca6f3,128,186421,9898,242784,18147,-176523,-224637,23.956
e68ebd60f35f8995,128,187358,9888,244313,18126,-177470,-226187,24.148
a82850fd0cbcdb02,128,187396,9926,244297,18180,-177470,-226117,23.451
1af7ac0c23de09eb,128,186553,9950,242977,18200,-176603,-224777,23.757
c2ef55874ccac0ef,128,185175,9898,241099,18133,-175277,-222966,23.515
80bcd3816d0ba8d8,128,187640,9917,244125,18175,-177723,-225950,22.932
b5a4cf9e38fd5af6,128,184474,9919,240553,18160,-174555,-222393,24.025
1fd3da64d8db2da0,128,182855,9909,238354,18130,-172946,-220224,23.764
233fe3e6cf6cad0e,128,189350,9949,246232,18224,-179401,-228008,23.887
1f74de3357710e6b,128,181782,9872,237244,18093,-171910,-219151,24.191
6206fdb02ae004de,128,184677,9914,240372,18174,-174763,-222198,24.156
efa34a8a5d3c1ac0,128,187232,9948,244256,18206,-177284,-226050,22.905
bd4a277918996534,128,187464,9772,244233,17905,-177692,-226328,22.958
4f183e4e86312d6d,128,188249,9948,245035,18214,-178301,-226821,22.926
6e328b939803d077,128,184243,9940,239962,18195,-174303,-221767,23.753
db0a47ce6d126e6d,128,188544,9912,245594,18144,-178632,-227450,24.356
34dd2eadc0301962,128,186060,9875,242433,18049,-176185,-224384,24.103
1ae1e776acd20621,128,187725,9923,244482,18178,-177802,-226304,23.946
efae3e375f861e9e,128,185673,9989,242056,18288,-175684,-223768,23.358
fd9355950f229300,128,186664,9861,242948,18055,-176803,-224893,23.657
8f3861ff912dd825,128,186173,9911,242132,18131,-176262,-224001,22.931
94158a3d6b69fbeb,128,184806,9933,241011,18166,-174873,-222845,23.264
0933719823aafccf,128,185326,9890,241399,18091,-175436,-223308,23.554
fe53e32b8ef0afc4,128,185342,9888,241818,18100,-175454,-223718,23.566
131114336efae543,128,193042,9834,251483,18012,-183208,-233471,24.086
2a5412c5450ff9df,128,183465,9940,239564,18194,-173525,-221370,23.378
7275354399075659,128,187469,9943,244215,18231,-177526,-225984,23.365
0c1063e81cf681d3,128,187299,10028,243866,18369,-177271,-225497,23.444
4348ec4eebebcf4a,128,185504,9875,241268,18041,-175629,-223227,22.971
171ccc0567176177,128,183598,9964,239091,18234,-173634,-220857,23.566
d65444bb49051879,128,187878,10027,244763,18359,-177851,-226404,23.703
947973d8388cd295,128,185830,9899,241711,18105,-175931,-223606,23.12
e399adca6ac5e126,128,187808,9894,244381,18099,-177914,-226282,23.343
adfa54fad504a7a4,128,186558,9902,242899,18129,-176656,-224770,23.985
827aab09f51af18f,128,184929,9956,240556,18203,-174973,-222353,23.01
61f24227feef75ec,128,187921,9962,244663,18246,-177959,-226417,23.501
0b28d4673e969575,128,182929,9972,238287,18259,-172957,-220028,23.921
a54358864f933d36,128,184017,9925,239540,18176,-174092,-221364,23.442
0743ce2642f33d8c,128,185920,9911,242227,18178,-176009,-224049,23.537
256337460b084e96,128,184086,9885,239971,18081,-174201,-221890,23.548
1a32414cca01898f,128,185336,10001,241480,18292,-175335,-223188,23.765
eb45486464aa39b4,128,182711,9972,238082,18252,-172739,-219830,23.573
69072ce3117402ca,128,187022,9951,243076,18230,-177071,-224846,22.81
2839ec545fa97e54,128,188705,9859,245473,18064,-178846,-227409,23.119
94a1a0ae39e89208,128,188546,9943,245023,18208,-178603,-226815,23.802
c9266c704d53d9a5,128,183848,9876,239520,18092,-173972,-221428,23.826
f31d3e54dfcffdbb,128,190671,9946,248008,18222,-180725,-229786,24.371
1d9e5c3b0c7dfef9,128,183822,9974,239722,18263,-173848,-221459,23.875
45cdc1c5b843c23d,128,185796,9927,242295,18219,-175869,-224076,24.262
55435e77130d862d,128,185985,9940,242269,18193,-176045,-224076,23.494
c96935c363e8bda0,128,186263,9989,242197,18264,-176274,-223933,23.705
06e4ea78a9b440b5,128,186540,9924,242719,18175,-176616,-224544,23.411
0f36617af92533a3,128,187438,9868,244033,18077,-177570,-225956,23.547
31ef64a8e024287b,128,182569,9944,237496,18206,-172625,-219290,23.734
2a18337aad20ab8d,128,187633,9942,244417,18232,-177691,-226185,24.112
958c489f2310a5eb,128,183351,9889,239001,18124,-173462,-220877,22.895
6e7ae8c0e8574855,128,183114,9981,238621,18247,-173133,-220374,23.451
aa6576fa5888db09,128,185018,9977,240969,18212,-175041,-222757,23.131
25769d3cea1c339b,128,187649,9908,244909,18146,-177741,-226763,24.239
c283e6022366e8cb,128,185585,10014,241536,18329,-175571,-223207,23.954
a58574fedf651b83,128,190919,9985,249273,18256,-180934,-231017,23.935
4aaa8cb9f7f5369a,128,189451,9931,246625,18189,-179520,-228436,24.127
ac4fa5b97964b614,128,185758,9922,241706,18159,-175836,-223547,23.661
0a118ce07f55935c,128,186974,9916,243777,18145,-177058,-225632,23.762
a85796de0fdafad9,128,189952,9903,246965,18133,-180049,-228832,24.423
84fc620ad5baa007,128,186338,9917,242158,18183,-176421,-223975,23.053
bc6f92f64ffe54f9,128,186577,9930,242718,18178,-176647,-224540,22.869
1519c4d96e828904,128,186667,9908,243375,18096,-176759,-225279,23.517
2d5e3e743a9bd5c9,128,186003,9883,242421,18071,-176120,-224350,23.543
433e2d442722d776,128,188358,9958,245438,18243,-178400,-227195,23.935
87ee24caf31b807c,128,185713,9857,242169,18073,-175856,-224096,23.872
2892e667fe048558,128,190236,9907,247422,18135,-180329,-229287,24.105
a9fd0ccf54a6b7f1,128,185916,9892,242184,18136,-176024,-224048,24.289
6cbd7df8a977f6c2,128,182382,9942,238145,18191,-172440,-219954,23.012
b626a8a4c5f559c9,128,186970,9888,243552,18130,-177082,-225422,23.097
0e14b20fb662251f,128,185747,9953,242235,18211,-175794,-224024,23.703
b66600f3261b282f,128,187134,9987,243723,18291,-177147,-225432,23.615
a73b98f5f1d40670,128,187251,9980,243503,18261,-177271,-225242,24.19
c49aa16abd232611,128,189069,9854,246588,18036,-179215,-228552,23.817
021e30252a20b534,128,183815,9960,239710,18215,-173855,-221495,22.857
d7b50bbf52e16715,128,182608,9909,237992,18150,-172699,-219842,22.579
2e2cd305e6fecd43,128,186492,9926,242815,18177,-176566,-224638,23.058
b1da075c95194bde,128,184026,9976,239984,18274,-174050,-221710,23.137
582a4cdb0f4a7cc4,128,183611,9929,239065,18178,-173682,-220887,23.733
8afabdc03a9ebc49,128,183918,9917,240125,18150,-174001,-221975,23.668
d297e0d6b5b4cb2d,128,190165,9964,248312,18261,-180201,-230051,24.203
7ccedc2a6e8dbcd4,128,187368,9846,244237,18044,-177522,-226193,23.859
c49f571b9bc34be1,128,186624,9893,243068,18120,-176731,-224948,23.989
45f4d636d28c33b2,128,186909,9974,243624,18227,-176935,-225397,23.243
d50faeebf6b49877,128,186300,9947,243018,18213,-176353,-224805,23.02
f631447f2581cc3d,128,188155,9934,244997,18188,-178221,-226809,23.421
aedd3ca1318bf6be,128,185833,10035,242448,18327,-175798,-224121,23.514
dc227cd7c778a051,128,186153,9962,242193,18257,-176191,-223936,23.234
1ed37f13276720c3,128,186514,9856,242874,18061,-176658,-224813,23.611
6d0d3270a92872c3,128,191748,9896,250071,18112,-181852,-231959,23.615
9af7885bb76d18e3,128,188065,9910,245629,18131,-178155,-227498,23.738
019cc1a93faee3d5,128,184996,9916,240979,18154,-175080,-222825,23.422
e278acd0503f425e,128,189016,9897,246301,18119,-179119,-228182,23.796
2806ae13c3a476c2,128,186275,9877,242770,18075,-176398,-224695,24.437
1a8dfec6f960de2d,128,191987,9832,249941,18023,-182155,-231918,24.005
b0a996c89b356284,128,185289,9888,241253,18096,-175401,-223157,24.073
e005919fcbbbf1f9,128,191785,9879,249981,18087,-181906,-231894,24.279
73395331766ffdb7,128,191473,9963,249767,18249,-181510,-231518,23.787
8a32238cac9d160d,128,191182,9886,249522,18102,-181296,-231420,23.391
b47a5bdf5a377e23,128,189629,9948,247576,18198,-179681,-229378,23.736
1fbfd6cf17064fb9,128,187470,9910,243800,18126,-177560,-225674,24.735
318973851067c982,128,190236,9897,247670,18132,-180339,-229538,23.729
ee4b531a81c2188c,128,191146,9937,249826,18198,-181209,-231628,25.118
c49e0d099e8055b4,128,185418,9865,241534,18077,-175553,-223457,23.71
8c7e45c54a104b51,128,191954,9922,249578,18140,-182032,-231438,24.224
05f2474a42c4f1c6,128,191611,9923,249471,18141,-181688,-231330,23.999
c5c24424e53a1760,128,183378,9939,239362,18199,-173439,-221163,23.217
1c1cf7a435322d82,128,187392,9826,244758,17979,-177566,-226779,23.061
6677d7f2bdb47214,128,194100,9889,253212,18118,-184211,-235094,24.693
d4eef6a3bfa272bb,128,187705,9946,244919,18223,-177759,-226696,24.565
ee964aa771da1705,128,186719,9887,243348,18127,-176832,-225221,23.958
cb2d6dd7f033c510,128,183824,9805,239438,17996,-174019,-221442,24.09
2477dcaf9d81aecf,128,187283,9942,244073,18212,-177341,-225861,24.377
7aa7725a94d72341,128,191286,9895,249942,18130,-181391,-231812,23.849
cf78c98051cc2d41,128,189063,9985,246873,18273,-179078,-228600,25.314
caf267d29c1be45b,128,189299,9887,246758,18084,-179412,-228674,24.919
add682d038016730,128,186537,9982,243370,18253,-176555,-225117,24.432
6e53cbaa59897f61,128,186444,9976,243358,18254,-176468,-225104,23.796
e8ad90b56505bfd8,128,190493,9909,248082,18120,-180584,-229962,24.064
6f2c45dbf7308013,128,189691,9922,247393,18167,-179769,-229226,24.112
185a396b2a81946a,128,188786,9947,246031,18232,-178839,-227799,24.714
d7c9117f9fc1ea7a,128,189986,9885,247389,18078,-180101,-229311,23.571
d2e2ceea4a923901,128,180905,10047,236101,18377,-170858,-217724,24.192
fe980b4d3ff597b4,128,188788,9938,246177,18168,-178850,-228009,23.855
288ca439da4ec893,128,185387,9910,241512,18142,-175477,-223370,23.995
d504045fa58bc609,128,191343,9868,249606,18064,-181475,-231542,24.053
ee91b304bbab7587,128,189228,9922,247157,18120,-179306,-229037,24.267
6b420abe498ee703,128,186037,9887,242597,18105,-176150,-224492,23.933
bf0de2ea4c6c73f3,128,192150,9966,249977,18222,-182184,-231755,23.57
ed51a6703be361aa,128,186732,9933,243501,18151,-176799,-225350,24.144
53270be8b85a856f,128,185147,10010,241394,18307,-175137,-223087,24.064
a7bbf4b36b5ee48e,128,190813,9888,248901,18102,-180925,-230799,24.04
fe6ecc56b0bd23c8,128,185768,9883,242598,18106,-175885,-224492,24.615
2f900d835435dc65,128,193564,9828,252501,18014,-183736,-234487,24.962
b130f52d8fbc878e,128,186962,9899,244107,18116,-177063,-225991,23.91
13a49240622898aa,128,185655,9939,242323,18205,-175716,-224118,23.714
fa912d6e9ba53f00,128,187165,9910,244156,18086,-177255,-226070,22.879
f295aa0563215d1e,128,191418,9860,249628,18061,-181558,-231567,23.034
ba00df4547c719cf,128,186549,9845,243036,17991,-176704,-225045,23.797
10e0cbe17d1905dd,128,183385,9800,240009,17930,-173585,-222079,23.556
271e474e83a9391b,128,186853,9906,243682,18133,-176947,-225549,23.829
5eafc2ae496c298f,128,185572,9867,241714,18037,-175705,-223677,23.823
298da1f8ad5c1a7d,128,189855,9843,247764,18031,-180012,-229733,24.571
c699b32f7ae9a226,128,189130,9868,246158,18070,-179262,-228088,23.119
0555cfeb9cc3396e,128,190123,9933,247594,18170,-180190,-229424,23.671
83b1b4c283a84a36,128,189298,9897,246864,18132,-179401,-228732,24.73
5c34369950c94624,128,189959,9981,247875,18289,-179978,-229586,24.488
952395872643b758,128,190735,9961,248476,18251,-180774,-230225,24.782
23ce4f359580b9ba,128,192695,9944,250872,18204,-182751,-232668,24.602
87ccd7e1daa5de41,128,185435,9888,241746,18049,-175547,-223697,24.092
c0032b3aab611e45,128,186367,9940,243075,18181,-176427,-224894,23.527
b44df0eea32aa1aa,128,191339,9913,249151,18149,-181426,-231002,23.971
5d3c616b304ce5b7,128,182955,9934,238994,18187,-173021,-220807,23.204
95bdd033ba2f91b4,128,185479,9877,241948,18092,-175602,-223856,23.609
bc5a419c37080e6a,128,185020,9893,241361,18110,-175127,-223251,23.753
67f5fffdc6b55ab7,128,187508,9851,243782,18054,-177657,-225728,23.989
f0792fddc99a5d1b,128,181870,9916,236673,18193,-171954,-218480,23.884
79d6a2339878928a,128,190119,9907,248392,18138,-180212,-230254,24.17
c2bcfa880578b17a,128,191337,9900,249234,18125,-181437,-231109,23.968
4c90540ca255d7da,128,188782,9970,245960,18224,-178812,-227736,23.232
df9b2f45c82654f8,128,188453,9917,245205,18177,-178536,-227028,24.446
fcbe239f2348d417,128,189778,9937,246914,18177,-179841,-228737,24.073
9caf491c3a1dc36f,128,190998,9999,247987,18307,-180999,-229680,23.718
86b2371c0ad9eb86,128,190413,9912,248434,18143,-180501,-230291,23.599
02b5b62ec30531a0,128,182917,9846,238238,18072,-173071,-220166,24.386
d7cbeb298dceb75e,128,192511,9863,250851,18032,-182648,-232819,23.779
60d51bb8299f5229,128,182883,9870,238254,18073,-173013,-220181,24.179
2c861ff0165e69aa,128,187744,9918,244767,18180,-177826,-226587,23.457
1365939621fd5ca4,128,187230,9935,243584,18193,-177295,-225391,23.951
38bf8169afccf323,128,183496,9897,238779,18099,-173599,-220680,24.473
62b00d39762c93d9,128,192916,9983,251370,18249,-182933,-233121,24.746
79f2794637fe9efa,128,184681,9881,240549,18092,-174800,-222457,24.831
504543a1068ae3f9,128,193142,9846,252124,18025,-183296,-234099,24.253
304f9e95154147e8,128,182749,9839,237952,18010,-172910,-219942,22.906
157e81d53602089b,128,189352,9959,246537,18250,-179393,-228287,23.456
60728d90223d289e,128,188555,9845,245405,18030,-178710,-227375,23.391
945c85795c44fd86,128,187045,9873,243665,18063,-177172,-225602,23.335
ac6686731c78f596,128,188445,9848,245568,18030,-178597,-227538,23.644
2da1fe22b63a9d91,128,189069,9850,246606,18042,-179219,-228564,23.539
9b21cd4e89450ca9,128,191271,9926,249476,18181,-181345,-231295,25.179
e6c95eb3781d6329,128,187364,10013,243956,18328,-177351,-225628,24.62
1803ca0a165f305a,128,182349,9859,237598,18068,-172490,-219530,22.801
4b0bf5d1d7acc02a,128,182149,9907,237862,18139,-172242,-219723,23.294
c6cdc59e6d52f980,128,185836,9921,242295,18186,-175915,-224109,23.865
8c677bab61f48516,128,183512,9895,239119,18090,-173617,-221029,23.475
b31c818b183d5581,128,182567,9952,237843,18231,-172615,-219612,23.91
6f046bba99026bca,128,188237,9795,245198,17947,-178442,-227251,24.429
e968aeb825e6f2bd,128,188076,9831,245386,18020,-178245,-227366,24.047
4d1609e18e5c4551,128,189942,10009,247844,18301,-179933,-229543,23.024
198689b97fc52b06,128,189336,9832,246981,17992,-179504,-228989,23.698
b8125cf0d4b3815b,128,192149,9880,250180,18116,-182269,-232064,24.465
af685a2170fe2ec8,128,180406,9956,235855,18196,-170450,-217659,23.321
7bf7840d556c7c98,128,189762,9814,247462,17957,-179948,-229505,24.375
cf2c1469502531ab,128,186043,9891,242630,18124,-176152,-224506,24.37
bc04f08f5fc72958,128,177094,10058,231481,18374,-167036,-213107,23.592
f453bdfa582b8224,128,178180,9784,232259,17916,-168396,-214343,23.349
9dab0949ab89e6c1,128,172702,9823,225598,17969,-162879,-207629,22.812
eb109e1e0e244551,128,190504,9855,248123,18046,-180649,-230077,23.164
bd3a543f84335189,128,184579,9891,241267,18077,-174688,-223190,24.195
15324a62995c919a,128,182219,9922,238183,18153,-172297,-220030,24.009
53ed1abde571c2a9,128,180857,9972,236561,18229,-170885,-218332,23.567
c6d5658c806e667f,128,184418,9811,240975,17960,-174607,-223015,23.64
84473e9e9bab1b2d,128,188596,9871,246348,18040,-178725,-228308,23.941
e9982c051b5339c6,128,181440,9811,236954,17966,-171629,-218988,24.021
3808e810d3ba022b,128,186678,9959,243887,18224,-176719,-225663,23.74
a705904163f2ce9d,128,188591,9853,245677,18048,-178738,-227629,23.865
fe004b028fe2b2d3,128,176600,9915,230437,18150,-166685,-212287,23.175
6f6a802477cec627,128,177381,9960,231146,18239,-167421,-212907,23.592
41402c70a09a2d9c,128,181314,9968,236625,18231,-171346,-218394,24.16
9ab1e55322b80dbe,128,180137,9883,234838,18093,-170254,-216745,24.455
081993e530ec67c8,128,186088,9891,243008,18117,-176197,-224891,23.93
3dd9d82af701dfb3,128,183358,9936,239217,18163,-173422,-221054,23.461
1cea2f031aed3824,128,180600,9852,235906,18018,-170748,-217888,22.969
e8665e1328bfc932,128,180949,9867,235391,18042,-171082,-217349,23.669
8c446b9d130460d5,128,181678,9886,236756,18113,-171792,-218643,24.593
5752b00f6a0073a2,128,190186,9894,248603,18126,-180292,-230477,24.361
6c8b934161b52d68,128,179551,9903,234195,18107,-169648,-216088,24.115
bf3d17e40932594a,128,184284,9879,240534,18079,-174405,-222455,23.552
622ca6f085464f3c,128,184653,9845,241107,18024,-174808,-223083,23.469
6b318077b3dfa8dd,128,185331,9914,241498,18122,-175417,-223376,23.358
c266f28d12f29dd3,128,189937,9891,247525,18096,-180046,-229429,23.651
b00dc42299ef6b8b,128,182515,9941,238071,18218,-172574,-219853,23.978
f4cd7499ab6d8ab2,128,181586,9967,236728,18256,-171619,-218472,23.58
4315ba0541e00ffe,128,190124,9888,247769,18110,-180236,-229659,24.847
fdbfbda924a0f37d,128,182557,9793,238087,17923,-172764,-220164,23.582
f314c7dd6ec282ce,128,186989,9881,244185,18075,-177108,-226110,23.407
f106cfb70ef0a212,128,184914,9958,241446,18230,-174956,-223216,23.487
025fe425634cf826,128,182132,9909,237702,18093,-172223,-219609,23.315
6a6433fc6a64e9ad,128,187348,9973,244261,18279,-177375,-225982,24.608
8817a7f332491627,128,184599,9865,240696,18059,-174734,-222637,24.143
43323a43a9db2abd,128,179699,9945,234594,18191,-169754,-216403,24.546
b9e3247e0a2a5915,128,180404,10018,235385,18351,-170386,-217034,25.296
bcddbddaa39fb759,128,187035,9807,243857,17950,-177228,-225907,25.071
38ab2690521c6cfe,128,186479,9855,242321,18051,-176624,-224270,24.233
c2aae1e314ba72c1,128,184165,9961,240256,18207,-174204,-222049,23.805
2f833ccc9222c15e,128,184442,9905,240810,18115,-174537,-222695,24.534
6bcb9ca8aa58613c,128,184489,9912,240451,18134,-174577,-222317,23.349
025ca087549f2139,128,192016,9912,250456,18140,-182104,-232316,24.234
396638945d71d977,128,179745,9934,234461,18149,-169811,-216312,23.592
435367875122a888,128,186054,9917,242692,18119,-176137,-224573,24.228
f3a3428165607a99,128,182821,9898,238761,18102,-172923,-220659,23.261
0886d3c82214fadb,128,178438,9855,233358,18048,-168583,-215310,24.158
55e837086c94d03c,128,186477,9895,243045,18116,-176582,-224929,23.537
6d2f85dc857dad2c,128,182825,9876,238435,18042,-172949,-220393,24.295
2388c4de16457288,128,181219,9837,237077,18048,-171382,-219029,24.121
0c9c2853d0f3f848,128,181908,9859,236871,18052,-172049,-218819,24.6
5e70c538925b06c7,128,180422,9859,235459,18049,-170563,-217410,24.421
a022c7a2c5b46f39,128,190314,9919,247989,18164,-180395,-229825,26.007
6b0a2dcfce170b30,128,191246,9873,248936,18096,-181373,-230840,24.866
6e565d94bb66b103,128,180418,9953,235462,18202,-170465,-217260,26.483
50eea31552a8ca43,128,181327,9870,236986,18097,-171457,-218889,24.257
3000203f06d5d2d0,128,183125,9848,238150,18042,-173277,-220108,24.342
4f7606e731da2ae8,128,182811,9887,238134,18120,-172924,-220014,24.331
66e4c5db81dc9a04,128,186531,9932,243205,18157,-176599,-225048,24.461
687bee416a3f74a8,128,183909,9927,239630,18169,-173982,-221461,24.479
362a2be260d7f797,128,185652,9866,241757,18062,-175786,-223695,24.166
0d16697764d473d7,128,188569,9961,246160,18206,-178608,-227954,24.736
806076adb44814c6,128,187212,9874,244080,18077,-177338,-226003,25.091
94403f2d998b6125,128,189063,9957,246707,18194,-179106,-228513,26.883
6bbc66bb493b626c,128,184987,9853,241117,18038,-175134,-223079,24.345
5f80e518f25134bd,128,190654,9941,248454,18199,-180713,-230255,25.769
2cfbfffbcee5f996,128,177183,9812,231038,17981,-167371,-213057,24.46
6413ee79d7805bf7,128,176471,9886,230093,18096,-166585,-211997,24.976
7eed91866cfe20f6,128,173917,9874,226950,18068,-164043,-208882,23.855
002c2762bbeac9ce,128,183736,9937,239339,18180,-173799,-221159,25.375
c4d4a2d32ff3c529,128,191025,9983,249162,18259,-181042,-230903,25.687
8e2b99a385152e1f,128,182057,9976,237740,18247,-172081,-219493,25.595
daa205cac2e67966,128,176264,9922,229557,18154,-166342,-211403,24.702
b3e7607d93e93a45,128,178140,9901,232920,18133,-168239,-214787,24.771
7bc3f0e46a98502e,128,187169,9935,243926,18177,-177234,-225749,25.218
0619d29331af8fdc,128,183055,9844,239633,18007,-173211,-221626,25.538
4fc3b104ea5a83e0,128,186114,9864,242768,18031,-176250,-224737,24.159
bde79665841f058d,128,184042,9914,239866,18140,-174128,-221726,25.194
695d0ee4a976589c,128,183782,9739,239664,17845,-174043,-221819,24.733
e1382b3a04684acc,128,179227,9869,233612,18059,-169358,-215553,25.287
056273ed929f3358,128,185482,9985,241872,18284,-175497,-223588,25.298
7eed13018be7d2d0,128,180307,9808,234390,17949,-170499,-216441,25.036
550f3365528e04cd,128,186847,9899,243765,18111,-176948,-225654,24.709
ece4af62af447b82,128,184111,9844,239864,17989,-174267,-221875,24.63
0932c9f161d985ef,128,184569,9911,241008,18149,-174658,-222859,25.005
783f1fc8e2a04dca,128,183775,9728,239902,17822,-174047,-222080,24.097
84f56ddf555c1f71,128,180159,9753,235140,17853,-170406,-217287,23.948
db07bfd3ae8ad106,128,189024,9939,246724,18167,-179085,-228557,24.405
e628c750524f45b7,128,186775,9974,243764,18247,-176801,-225517,24.641
9a35e9039cacf48e,128,182804,9848,238596,18012,-172956,-220584,23.695
e2dbb8a082af7c13,128,182344,9791,237717,17957,-172553,-219760,23.006
cfa63dfb0ec5aca5,128,180207,9891,235554,18098,-170316,-217456,23.206
e7484db46a3afcff,128,181907,9870,237321,18063,-172037,-219258,23.947
e3ba32edb433339b,128,188904,9915,246288,18161,-178989,-228127,23.853
68779ea699c8d4f2,128,167177,9858,218231,18055,-157319,-200176,23.785
2178517ca6b74979,128,166949,9894,217314,18091,-157055,-199223,23.672
d636e1e8e5a5e00b,128,174302,9808,227766,17946,-164494,-209820,24.65
dd1bc741be12ca7f,128,178379,9839,232973,18017,-168540,-214956,23.732
39fbbce47c09bb21,128,173758,9939,226592,18179,-163819,-208413,23.47
306ff6b7b285bbac,128,167779,9903,219239,18124,-157876,-201115,23.067
740a9b035c1477e1,128,176900,9871,231100,18039,-167029,-213061,23.569
ebaecc2f5b7f4f4e,128,168943,9749,220747,17831,-159194,-202916,22.753
7eb06b2e6fe918b4,128,167098,9879,218165,18060,-157219,-200105,23.307
43a710c3cf4bd50d,128,174744,9872,227699,18074,-164872,-209625,23.349
0488cc984a86d4e7,128,175869,9853,230039,17989,-166016,-212050,24.704
0f628175a87fb33e,128,170275,9893,222483,18106,-160382,-204377,23.963
270f4c357685e749,128,171322,9875,223755,18092,-161447,-205663,23.393
3ec4cf32fff8251c,128,161655,9840,211142,18013,-151815,-193129,23.0
86171c895fec7512,128,166398,9788,217430,17898,-156610,-199532,23.651
7f2d4fc60c6007a2,128,166850,9867,218075,18059,-156983,-200016,24.514
36dcb612b2fb367e,128,178198,9883,232500,18084,-168315,-214416,24.584
101e159339722585,128,169577,9876,221212,18062,-159701,-203150,24.169
0be75cb47b7aaf12,128,170536,9832,223038,18007,-160704,-205031,23.552
ea1b5d019748acf5,128,163589,9816,213714,17952,-153773,-195762,23.641
ad8eec41da0e06ce,128,181049,9926,236501,18170,-171123,-218331,24.292
eeab9cf556d7af0a,128,168000,9883,219701,18047,-158117,-201654,23.51
16b447d62422329d,128,167278,9863,218692,18029,-157415,-200663,23.264
15c6a3a0876f2b4e,128,168094,9954,218851,18222,-158140,-200629,24.851
6dabd89a7e9c2e57,128,170396,9952,222499,18191,-160444,-204308,24.813
b61c36e87841af64,128,172466,9803,225625,17955,-162663,-207670,23.787
1ff066edc45f6454,128,179961,9918,234619,18106,-170043,-216513,24.633
d9c657524654a897,128,164832,9908,215713,18133,-154924,-197580,23.434
e5da1afd2a7d73d3,128,167891,9796,219185,17932,-158095,-201253,22.324
593d09948fbc1c2c,128,175992,9900,229856,18120,-166092,-211736,23.441
ad1d3c36a23e17e5,128,177163,9944,231123,18182,-167219,-212941,24.189
023ff70ae113853a,128,169751,9842,221555,18022,-159909,-203533,24.516
fe422a2b6c704faf,128,166444,9737,216901,17818,-156707,-199083,23.099
05cd8068c18e8525,128,176206,9808,229860,17947,-166398,-211913,24.577
2739b81b901ce5e3,128,164300,9915,214377,18138,-154385,-196239,22.706
24af59f5f53695a0,128,176997,9895,231274,18078,-167102,-213196,23.599
a4d73d484bf737db,128,163636,9808,214266,17920,-153828,-196346,23.039
c44f9c78be89c32c,128,172943,9830,225621,17966,-163113,-207655,23.714
8e41d85f50857f47,128,178395,9860,233017,18081,-168535,-214936,24.165
6a60abce55dcfd34,128,173623,9860,226294,18041,-163763,-208253,23.887
4668227e5e7f8e9a,128,168468,9822,219737,17965,-158646,-201772,23.547
e9e0d235e48346b3,128,168274,9781,219678,17901,-158493,-201777,23.763
88ab635e0668d475,128,169869,9891,221777,18104,-159978,-203673,22.935
5ae86d2c6f9e2cb5,128,176392,9815,230021,17971,-166577,-212050,23.349
666d1904e3a3caaa,128,172991,9799,226067,17904,-163192,-208163,23.66
6d3a93fc25fc2979,128,176179,9857,230071,18019,-166322,-212052,24.263
9a2e17ad58f28a2b,128,173656,9826,226754,17997,-163830,-208757,23.848
70fd116ac6edb5b7,128,167187,9876,218048,18073,-157311,-199975,24.084
52cbbc1a7dcf33ce,128,169636,9924,221591,18140,-159712,-203451,23.749
310cfa206e607167,128,175958,9877,229662,18080,-166081,-211582,23.356
f39ddd81ce26c1be,128,174355,9819,227654,18004,-164536,-209650,23.604
1986bb728969d89f,128,184631,9903,240729,18122,-174728,-222607,23.455
a06861c2235524d9,128,173577,9828,226323,18007,-163749,-208316,23.837
7dbedc351a1a5007,128,169835,9831,221827,17986,-160004,-203841,23.924
f5af58d4658be4cc,128,176953,9883,230421,18097,-167070,-212324,24.454
2ce179e29e40ff29,128,174172,9848,227169,18016,-164324,-209153,23.926
e0546fc80768147f,128,165255,9917,215836,18116,-155338,-197720,23.487
8cc3594db442261d,128,168256,9911,219421,18130,-158345,-201291,23.285
7f4b65ac1fdefa5c,128,169147,9833,221458,18006,-159314,-203452,23.583
3a7c11870cb1e337,128,167343,9980,218443,18244,-157363,-200199,24.257
d3d05e83d493513e,128,179681,9914,234451,18107,-169767,-216344,24.262
4bd153f51eb84c23,128,171515,9840,223857,18025,-161675,-205832,24.473
7ce1854b6ae84c51,128,172649,9919,225451,18129,-162730,-207322,23.58
ab9f91a2929955f9,128,175728,9891,229368,18086,-165837,-211282,23.909
dae2885278a2998d,128,167036,9787,217905,17905,-157249,-200000,23.509
6d0aafdde987a19f,128,175898,9852,229477,18011,-166046,-211466,23.139
7f70789852a9f8ba,128,170737,9789,222398,17907,-160948,-204491,22.845
9ba4259c719df421,128,171359,9923,224172,18151,-161436,-206021,23.172
43b5468415ccb000,128,176712,9847,230468,18049,-166865,-212419,23.597
cc74a681bb2105c4,128,175655,9930,229285,18135,-165725,-211150,23.284
af1b49e3e7ac7128,128,162598,9833,212136,17953,-152765,-194183,23.151
0bd3737eee91728a,128,171111,9864,223605,18043,-161247,-205562,23.808
77bf9b46d6df3e86,128,169917,9815,221728,17939,-160102,-203789,23.105
d5ef7ccb6cab5e4d,128,175717,9951,229296,18226,-165766,-211070,22.964
f8c48219994fb655,128,173201,9897,226447,18104,-163304,-208343,23.239
5ebaa7837945e2c8,128,167745,9935,219243,18145,-157810,-201098,23.179
fac8b2864de49fee,128,166826,9894,218360,18115,-156932,-200245,23.012
617fc27f79fa1051,128,172220,9810,224904,17993,-162410,-206911,23.297
23465c9fc1662c38,128,174207,9841,227428,18014,-164366,-209414,23.371
bc84709f5a8408b6,128,186247,9835,242573,17961,-176412,-224612,23.938
9c16ff226dda61cd,128,163210,9962,213403,18206,-153248,-195197,23.553
2b19db10621d9bd9,128,169803,9873,221759,18061,-159930,-203698,23.022
2007b29476829a0c,128,161869,9852,211683,18007,-152017,-193676,22.459
a3b5cab9e78b9d64,128,167133,9923,218314,18159,-157210,-200155,23.835
3bc4fd50b3776eba,128,171145,9860,224028,17974,-161285,-206054,23.463
740ecaa3ab5de237,128,180468,9935,236074,18134,-170533,-217940,24.965
38c9f69198fbe16a,128,171283,9851,223497,18029,-161432,-205468,23.803
3d545c16e0d7372e,128,176503,9832,230277,17949,-166671,-212328,23.498
ae42cde37110b5ec,128,164561,9954,214419,18191,-154607,-196228,22.754
46f8978210c0db51,128,169121,9864,221078,18030,-159257,-203048,22.643
66acae7144cee1ad,128,173225,9834,225707,17985,-163391,-207722,23.186
fbfb1da44c2a5a5b,128,176668,9789,230560,17926,-166879,-212634,23.933
f24a0fd48079b1d7,128,176480,9860,230335,18044,-166620,-212291,23.394
e4c7980b7276796f,128,173243,9918,225991,18136,-163325,-207855,24.224
0a8b57541b8a8686,128,174280,9859,227127,18033,-164421,-209094,24.442
64f0b91b6b58efa5,128,175152,9869,228624,18039,-165283,-210585,23.473
89cdd9acc54467c6,128,170260,9907,222194,18151,-160353,-204043,23.334
25c7c9676afe5539,128,166918,9924,217774,18131,-156994,-199643,23.108
6767280a38c3d3fc,128,168787,9785,220151,17908,-159002,-202243,23.911
2ff32df7f5638655,128,172383,9867,225219,18050,-162516,-207169,23.561
20bcff0df83b01df,128,142482,9873,186078,18018,-132609,-168060,22.031
14ea56f5ac64360f,128,144956,9915,189302,18084,-135041,-171218,22.647
72e86e0c5c82c898,128,149616,9823,195490,17957,-139793,-177533,23.154
d530512fadf378a2,128,148878,9754,194561,17853,-139124,-176708,22.741
dac3415f8bbb3db4,128,146898,9811,192010,17927,-137087,-174083,22.25
58187ede515d25c2,128,142461,9790,186369,17894,-132671,-168475,21.783
af63799a96af7304,128,138760,9852,181398,18027,-128908,-163371,22.109
4c86acecde6049c7,128,138929,9701,182111,17721,-129228,-164390,22.345
a5abd51dddb6046a,128,138289,9929,180654,18148,-128360,-162506,22.031
ed998d8bdb515797,128,134943,9820,176490,17930,-125123,-158560,21.869
e2bd4b6fabff1d0a,128,141593,9864,184821,18025,-131729,-166796,23.022
6851ab144193dddf,128,147100,9826,191591,17951,-137274,-173640,22.574
fcc2e3332949d87f,128,144793,9817,189526,17952,-134976,-171574,22.801
85af87464a7f6fa6,128,147580,9687,192665,17736,-137893,-174929,22.391
f2563398a951d7fd,128,148188,9801,193165,17919,-138387,-175246,23.466
c00d20ab1ae56a36,128,137770,9818,179867,17911,-127952,-161956,26.505
68f670e1ab7a0d4e,128,145101,9853,189735,18029,-135248,-171706,27.095
8a6f775b161647e9,128,141496,9838,184658,17957,-131658,-166701,25.451
d29832fca064a4d3,128,132236,9737,173042,17817,-122499,-155225,24.784
bca57d90eed215bc,128,149663,9706,195617,17727,-139957,-177890,25.884
30e11f1566d0c80d,128,151563,9814,197527,17956,-141749,-179571,25.707
f9928a451acbd80c,128,133022,9827,173719,17967,-123195,-155752,24.051
f7d835f77b5514a8,128,141990,9686,185286,17690,-132304,-167596,24.818
bc126195d790caf3,128,134450,9746,175921,17809,-124704,-158112,24.082
f607588365fe0184,128,140845,9862,183832,17998,-130983,-165834,23.715
e888483109dd5f50,128,146563,9762,191609,17843,-136801,-173766,23.714
2c32b5cfcb3215f3,128,138300,9748,180791,17800,-128552,-162991,24.105
cc4e528d35e09a8e,128,140709,9873,183973,18042,-130836,-165931,22.55
c24403faff9ac45b,128,147403,9707,192934,17764,-137696,-175170,22.666
c270c113c334300a,128,147963,9821,194042,18021,-138142,-176021,22.434
30437a81289580fd,128,146449,9842,191844,17964,-136607,-173880,22.568
8102aa46805d8308,128,140510,9818,183274,17971,-130692,-165303,22.513
77dc7a785cde60be,128,142775,9730,187027,17766,-133045,-169261,22.194
3b6a4b73b6cf7499,128,139587,9752,181999,17826,-129835,-164173,22.081
a3d174e92227c681,128,141407,9788,184928,17872,-131619,-167056,21.723
3d1d1273112a3ce2,128,140613,9667,183925,17682,-130946,-166243,21.787
4ef3fea63cfff98e,128,149056,9865,194540,18004,-139191,-176536,22.472
274a5f878eca60ab,128,149387,9846,194770,17996,-139541,-176774,21.824
65f65bb3e070f52a,128,137147,9851,179049,18002,-127296,-161047,21.382
17d90a825cfb2345,128,140734,9948,183951,18195,-130786,-165756,23.066
c2f190d248f42cf6,128,139770,9830,182759,17955,-129940,-164804,22.313
90872c6239db6864,128,133405,9759,174351,17821,-123646,-156530,22.112
87c469d75488f3ac,128,151879,9860,198754,18003,-142019,-180751,22.962
43f58da947b76f60,128,142240,9787,185682,17904,-132453,-167778,21.789
c3fd6e0ceb63328c,128,139190,9786,182218,17839,-129404,-164379,21.799
8d407c173ad9a685,128,147780,9846,193299,17988,-137934,-175311,22.21
d3be310064386b3d,128,148726,9782,194214,17864,-138944,-176350,21.796
4eb5c949a4387382,128,160527,9830,210172,17993,-150697,-192179,23.587
caf0dbce59fef2b0,128,130969,9841,171402,18000,-121128,-153402,21.675
99067e1dd1a88176,128,142698,9919,186885,18115,-132779,-168770,22.114
e5ebce0d3d094e52,128,140783,9884,183514,18076,-130899,-165438,22.484
c6a75f256d5ff173,128,140310,9792,183512,17860,-130518,-165652,22.03
d1bdb09e62c1bda5,128,154929,9812,202542,17931,-145117,-184611,22.635
06fc5d74eea2696d,128,150021,9809,195695,17937,-140212,-177758,21.967
2e5a8170f9b35c37,128,139798,9738,182854,17810,-130060,-165044,21.895
101c48dfda9b42b8,128,143716,9900,187843,18104,-133816,-169739,21.798
4172e1f6ac1db6f9,128,145951,9871,190944,18013,-136080,-172931,23.244
9cebcc6329215c16,128,134460,9826,175561,17964,-124634,-157597,21.369
723b238018532a97,128,143060,9809,187137,17952,-133251,-169185,22.186
37d0ef701b4fd529,128,148533,9898,194081,18099,-138635,-175982,22.478
35159eb7da52fdec,128,137554,9820,180114,17938,-127734,-162176,21.964
5303718956d5abc4,128,138197,9832,180809,17948,-128365,-162861,21.187
0b61a30192cc0adf,128,141689,9764,185671,17883,-131925,-167788,21.445
a11d4952d99fd08c,128,151594,9731,197662,17812,-141863,-179850,22.684
7377bfde0e071782,128,136933,9843,179895,18002,-127090,-161893,22.064
df48111eb3f74799,128,138834,9801,181466,17922,-129033,-163544,21.811
6b2f97559870fdf3,128,137400,9654,179826,17640,-127746,-162186,21.39
40f161d202c81e0b,128,151004,9829,197064,17956,-141175,-179108,21.904
dfbf0612be8b2195,128,141923,9786,185966,17889,-132137,-168077,17.955
94f783fbe96be40c,128,136366,9756,178037,17776,-126610,-160261,18.499
9d955ad6f66780d1,128,147144,9801,192496,17918,-137343,-174578,18.058
e07eb0df78e8bb1f,128,138140,9738,180611,17797,-128402,-162814,17.717
99406d5e0608a647,128,151811,9825,198173,17937,-141986,-180236,18.292
cbfd21f7392c4cee,128,145407,9736,190244,17779,-135671,-172465,18.397
e5b002ef213345d5,128,142161,9720,186104,17751,-132441,-168353,17.453
c2660541589c6c4c,128,142425,9881,186307,18090,-132544,-168217,18.57
7a83d0b1085401e6,128,147305,9968,192883,18193,-137337,-174690,18.166
9c1527e3c1b2ae58,128,150170,9823,196426,17939,-140347,-178487,19.495
4bc1ca353e21bd11,128,147562,9827,192766,17943,-137735,-174823,17.95
1deeea8bc94217be,128,147842,9836,193097,17983,-138006,-175114,18.223
3d9ba7031a36517e,128,138123,9685,180447,17728,-128438,-162719,17.948
4028d1a15fd1deec,128,147541,9769,193007,17836,-137772,-175171,18.32
648fecbdda20aae9,128,140633,9843,183557,17986,-130790,-165571,17.516
c9ac38b7cccc5a89,128,141274,9761,185039,17887,-131513,-167152,19.371
6c9e115f5a9da767,128,154063,9728,201155,17820,-144335,-183335,23.373
b991bb25d497c696,128,135486,9824,177189,17940,-125662,-159249,22.365
d53cc2cfeb9e08c2,128,141325,9856,184784,18010,-131469,-166774,22.45
2bcbf6668136ba51,128,146578,9861,191946,17998,-136717,-173948,22.364
c5fb9d28a2a3f55b,128,150484,9884,196820,18063,-140600,-178757,22.739
9a2b6b6e6c5d8a13,128,140018,9775,182912,17887,-130243,-165025,22.812
14a9c7c299603b4e,128,152298,9812,199094,17919,-142486,-181175,22.766
31f4c4fc4fb4abab,128,147396,9843,192390,18008,-137553,-174382,22.326
2296e26f8142e5e3,128,139531,9802,182096,17892,-129729,-164204,22.325
b6c78cdc08aebd30,128,151805,9834,198183,18019,-141971,-180164,23.008
09cb4ec0c471f5a1,128,146827,9858,191801,18026,-136969,-173775,22.953
70a0621794bd3a2b,128,146855,9743,192070,17835,-137112,-174235,22.159
550744cf8815e6b2,128,141022,9689,184447,17699,-131333,-166748,21.034
f686cb6880cd1645,128,147066,9864,192383,18035,-137202,-174348,22.107
52931e12b8b0b71f,128,137713,9822,180263,17926,-127891,-162337,21.402
d46275dbfbdb5e9d,128,151199,9793,197368,17954,-141406,-179414,22.33
0a1128878efafc89,128,96758,9652,126454,17680,-87106,-108774,20.071
be236f19a378b753,128,92137,9775,120713,17826,-82362,-102887,19.175
7d5b964f5b1fca19,128,91905,9591,120718,17524,-82314,-103194,19.076
37bcbf88abc9c162,128,97463,9734,127965,17769,-87729,-110196,19.283
70aba4883a328c18,128,94337,9723,123711,17759,-84614,-105952,19.422
fe5d3c83bc9d95fd,128,96353,9590,126315,17508,-86763,-108807,19.151
fc1ee8a752b36d65,128,104094,9776,136455,17849,-94318,-118606,19.473
1f026e2f9dcd8a7b,128,99570,9705,130680,17714,-89865,-112966,19.221
b2462d84d235a826,128,92159,9833,120847,17905,-82326,-102942,19.286
85f3e8e520bcb47f,128,91105,9566,119657,17455,-81539,-102202,20.502
7cace86ab85dabea,128,91026,9679,119231,17672,-81347,-101559,20.565
16981e389106a5d5,128,94113,9628,123454,17564,-84485,-105890,20.15
044e5b9c8e7f1f92,128,97651,9611,127880,17577,-88040,-110303,20.721
c0608d5e21f658a2,128,88257,9653,115522,17588,-78604,-97934,19.934
8d423f42bb4313f8,128,85341,9799,112374,17807,-75542,-94567,19.179
cefbff80bb200eb1,128,104318,9821,136493,17935,-94497,-118558,20.399
e7eb99edaa007735,128,88781,9752,116541,17777,-79029,-98764,19.065
2f50d3562a337599,128,91950,9629,120738,17547,-82321,-103191,19.347
5a6b15ae2a64f63e,128,87061,9586,114256,17436,-77475,-96820,20.018
3ac849524bc80c65,128,95396,9702,125231,17759,-85694,-107472,19.88
a177f6cda8c55af4,128,98470,9744,128972,17799,-88726,-111173,20.201
dbdf305ef61fa768,128,97896,9688,128075,17699,-88208,-110376,20.523
6578f1ca1e309f3d,128,98080,9675,128403,17664,-88405,-110739,19.931
100a93e1371f1379,128,90237,9814,118426,17895,-80423,-100531,19.793
a30586007a8b7c8c,128,95745,9758,125414,17802,-85987,-107612,19.394
e8e0d0fc0af612b4,128,93156,9763,121995,17817,-83393,-104178,19.365
fea94941d0e2cfb2,128,91630,9656,120399,17675,-81974,-102724,19.524
9aba09c1f0e39dad,128,95847,9736,125462,17770,-86111,-107692,20.635
c57c5d34ef322281,128,96318,9629,126475,17548,-86689,-108927,19.52
1ab26ea1216b078c,128,95257,9642,124957,17610,-85615,-107347,19.555
ebaaaa18be2821c1,128,90672,9654,119179,17585,-81018,-101594,18.808
9cee01d9351621f7,128,101303,9724,132643,17722,-91579,-114921,20.045
431da753cc7187bd,128,99911,9672,130833,17661,-90239,-113172,28.301
1b1b0449a06f1c90,128,99148,9591,129669,17482,-89557,-112187,31.477
e86309846435b02c,128,87945,9673,115578,17614,-78272,-97964,31.074
f0dc5b3d1ce5f5bd,128,96848,9650,126771,17637,-87198,-109134,32.845
4ed39b5499e4f917,128,95775,9756,125456,17801,-86019,-107655,35.042
700ccd107839e1e1,128,94470,9735,123755,17772,-84735,-105983,32.395
c1ab4b128116ebe4,128,97201,9798,127399,17902,-87403,-109497,31.888
a95d22d93648d75c,128,86495,9696,113821,17696,-76799,-96125,28.845
ca597d128485d2e9,128,92470,9717,121281,17725,-82753,-103556,30.264
7a33e9903dff3640,128,88502,9797,116437,17858,-78705,-98579,28.54
3f502ba4e41a8e50,128,94678,9666,123956,17583,-85012,-106373,28.588
f93b52a42e120eaa,128,88317,9636,116051,17566,-78681,-98485,27.884
be533f74cbd360b0,128,102789,9801,135112,17910,-92988,-117202,29.39
2dfe0faad683d9cd,128,94997,9619,124753,17552,-85378,-107201,29.055
de6e11286c17b1ec,128,94841,9715,124456,17718,-85126,-106738,30.115
ab84def400173f1d,128,87638,9817,115180,17904,-77821,-97276,28.806
40eed7060885998b,128,91287,9749,119906,17739,-81538,-102167,29.323
b91169ad2978c38a,128,93053,9588,122265,17536,-83465,-104729,29.097
af9ebb3fa8d39a43,128,84488,9703,110818,17659,-74785,-93159,29.064
4fbed863aca0d981,128,94151,9758,123763,17791,-84393,-105972,29.702
f48e2000601eca46,128,91295,9828,119923,17955,-81467,-101968,28.843
0ce87950149f2f76,128,97989,9687,128069,17692,-88302,-110377,28.837
1454bda2793635c9,128,93586,9760,122842,17798,-83826,-105044,28.983
2f67f504f25f4f09,128,85582,9653,112517,17601,-75929,-94916,27.788
491d8bd1ac2bf8d5,128,94062,9826,123615,17915,-84236,-105700,28.978
6ee0ec0aba2fa106,128,86971,9666,114145,17676,-77305,-96469,28.349
170df1910dffe705,128,99513,9663,130678,17602,-89850,-113076,29.357
243068a0a9420776,128,93279,9841,122762,17973,-83438,-104789,29.037
4d3a6752b8c25644,128,92552,9662,121529,17651,-82890,-103878,27.56
817d172e1ca33644,128,91708,9604,120347,17483,-82104,-102864,27.823
66f6e6e5adb3f9b9,128,98017,9773,128662,17828,-88244,-110834,29.431
5ff807db7884d395,128,89286,9810,117132,17899,-79476,-99233,28.187
5192cf77aaad6d56,128,98457,9634,129224,17554,-88823,-111670,28.785
25ecfcdcdb8fd250,128,95083,9661,124876,17617,-85422,-107259,28.786
5394fc612605eb3c,128,93547,9546,122697,17381,-84001,-105316,28.038
3c977e6c666af4f6,128,95851,9821,125718,17926,-86030,-107792,29.149
53c90721fa139c1a,128,91870,9737,120628,17768,-82133,-102860,28.169
662848964f3d85bc,128,96422,9746,126276,17780,-86676,-108496,23.146
4432f259d278281a,128,95986,9704,126445,17676,-86282,-108769,15.317
5ee20ab8013cc7a8,128,96454,9783,126381,17862,-86671,-108519,15.186
eeb5ab7d2535c64d,128,91641,9800,120021,17875,-81841,-102146,15.089
524c1bc6a0836291,128,109364,9793,143071,17845,-99571,-125226,16.136
56f9604e86cc0ab6,128,104045,9566,136509,17476,-94479,-119033,15.997
23686f1dba7b1342,128,96735,9573,126946,17482,-87162,-109464,15.131
2ce64298094abad0,128,106644,9675,139564,17676,-96969,-121888,15.909
bb542b5299ecb652,128,98632,9637,129548,17584,-88995,-111964,15.819
c802cc9af53084a7,128,99795,9866,131023,18007,-89929,-113016,15.76
57f5d5e5feb54ee0,128,92715,9887,121486,18062,-82828,-103424,15.324
36709cec17c567b7,128,97364,9624,127580,17563,-87740,-110017,15.916
1cdb714c777b6b37,128,92592,9666,121663,17580,-82926,-104083,15.353
795e47f24ce65dcf,128,88435,9774,116351,17840,-78661,-98511,15.163
2058d00c473d7f1e,128,102926,9738,135063,17798,-93188,-117265,16.225
99850928762a5ea6,128,98463,9581,128993,17490,-88882,-111503,15.324
995748b327854646,128,97409,9744,127676,17764,-87665,-109912,15.571
6943b64fae09a286,128,86103,9644,113453,17579,-76459,-95874,14.707
b55d4ea903e77248,128,96482,9730,127026,17790,-86752,-109236,15.191
24ac1caa44276bf0,128,93066,9703,122249,17689,-83363,-104560,15.411
9e59a67aaa7d4016,128,88030,9829,115622,17929,-78201,-97693,15.314
04441c6ec6789637,128,99790,9685,130751,17686,-90105,-113065,15.789
269a062ff9b4c85b,128,97197,9671,126937,17605,-87526,-109332,16.043
c49d0cf4c8421359,128,95647,9767,125267,17857,-85880,-107410,15.759
3245094a9a4bc8de,128,94724,9770,124640,17846,-84954,-106794,16.133
39a44f2d987a7381,128,98121,9761,128907,17779,-88360,-111128,15.426
b945bb2f6d22748a,128,107557,9684,141262,17669,-97873,-123593,15.942
0c52421aedd9648f,128,94129,9694,123477,17720,-84435,-105757,15.631
734751549ce12f14,128,94968,9743,124616,17768,-85225,-106848,19.54
b332ea3d77c5153a,128,86428,9668,113325,17611,-76760,-95714,18.969
6b0db007b8368827,128,84637,9654,111231,17616,-74983,-93615,18.545
8ac22f24bbdca629,128,55013,9361,72699,17001,-45652,-55698,17.397
52d697795c03bb7b,128,57082,9475,75142,17192,-47607,-57950,16.903
e70d6043a463b3a3,128,57130,9357,75560,16912,-47773,-58648,14.982
99a8256f5adf5dfb,128,56312,9382,74280,17101,-46930,-57179,14.17
fbd580c07a2be440,128,57721,9324,76025,16818,-48397,-59207,13.638
f3c01c523665f3ad,128,54485,9655,71813,17517,-44830,-54296,13.132
3a161474cde54315,128,56612,9684,74631,17548,-46928,-57083,13.448
265e1e8a7c8561e7,128,58086,9468,76868,17081,-48618,-59787,13.461
99ba1a69f75df84a,128,61204,9542,80533,17341,-51662,-63192,13.711
0635271ac72ebc2e,128,62938,9386,82937,16975,-53552,-65962,14.096
0ffd0058d85cb1bf,128,57424,9357,75843,16953,-48067,-58890,14.084
57aa5905f1fd5102,128,58701,9362,77551,16921,-49339,-60630,13.631
d67da8c429e2fcc6,128,57913,9309,76406,16931,-48604,-59475,14.346
5facc634b78e7951,128,57543,9440,75765,17157,-48103,-58608,13.913
4cfd22fdce73bcd1,128,58723,9412,77593,17075,-49311,-60518,14.018
ee3bf98d398b7f3c,128,59857,9427,79142,17106,-50430,-62036,13.887
aab8c401d154cb23,128,57489,9383,75901,17023,-48106,-58878,14.416
39a8ee28f95fa0ee,128,56439,9608,74681,17482,-46831,-57199,13.742
c4bc2a39d0ba0279,128,60414,9434,79681,17054,-50980,-62627,13.6
91a18e6fbaebce52,128,60264,9314,79841,16815,-50950,-63026,13.694
1f0a0145c5e5b3e5,128,56382,9499,74388,17257,-46883,-57131,13.402
3016458b9c53ef9e,128,61003,9413,80470,17084,-51590,-63386,14.525
96b8cbc2eb9d56bf,128,55376,9566,73237,17372,-45810,-55865,13.596
9338d25c0346b9ae,128,59230,9346,78279,16887,-49884,-61392,13.96
d0ecd2ba13df112e,128,50953,9513,67461,17229,-41440,-50232,17.076
9701ccb044856c3a,128,58961,9430,77913,17162,-49531,-60751,17.009
a4841b1de9114205,128,54359,9253,71737,16758,-45106,-54979,16.35
0819e0a07dde4256,128,56898,9461,75114,17159,-47437,-57955,16.813
a0d7eadc338c8542,128,57648,9419,76242,17209,-48229,-59033,17.273
4afcec8ab101a2a4,128,57220,9330,75424,16954,-47890,-58470,16.804
06b9d2606ea8f2f6,128,59305,9422,78130,17046,-49883,-61084,16.508
4ead2a144c801edd,128,57906,9196,76453,16577,-48710,-59876,16.523
fffdc1239c51672d,128,56712,9251,74847,16814,-47461,-58033,16.83
5ca832f28f4def70,128,60058,9490,79002,17194,-50568,-61808,17.068
2f62a79b027e605c,128,61313,9636,80538,17494,-51677,-63044,17.777
f8489eb58cdc7100,128,62290,9613,82072,17455,-52677,-64617,17.958
aef2dc897e0c43d7,128,56953,9453,75304,17131,-47500,-58173,16.392
e1821e03ab50219a,128,60052,9429,79163,17114,-50623,-62049,16.793
5b693ce5fb407d38,128,62169,9329,81994,16915,-52840,-65079,17.421
75b8db2eff53e12d,128,55504,9380,73567,17033,-46124,-56534,16.977
5fa6ec6515acd55f,128,59192,9593,78230,17444,-49599,-60786,16.804
9b1b9fc7259e87af,128,59772,9371,78879,17007,-50401,-61872,16.946
c9394a2a83a46d1c,128,62483,9427,82517,17163,-53056,-65354,17.328
9dfad1d58d092271,128,60555,9606,80043,17443,-50949,-62600,17.381
6194c6bccbb06188,128,58919,9447,77861,17096,-49472,-60765,17.22
97e643221620cd2b,128,61688,9345,81500,17050,-52343,-64450,17.28
4b3e4bca8bb6ba97,128,58747,9601,77732,17469,-49146,-60263,17.417
3ff74d675fe8ceb2,128,58232,9440,76881,17116,-48792,-59765,17.69
da6c7f3dad96ab43,128,59365,9259,78407,16765,-50106,-61642,17.859
275c12e7c08792ff,128,60248,9331,79575,16911,-50917,-62664,17.611
9016ac1fe32b7e3a,128,55751,9351,73628,16980,-46400,-56648,16.592
c351d343ea6bcd61,128,57800,9279,76187,16747,-48521,-59440,16.59
dc63ebc2bb998be6,128,60364,9287,79769,16771,-51077,-62998,16.848
aa649b295789fffb,128,59106,9516,78040,17233,-49590,-60807,17.398
19e0a4a02441997e,128,60183,9478,79720,17195,-50705,-62525,17.125
bcccaad2d7bff089,128,61275,9482,81062,17126,-51793,-63936,16.998
4bde6b03e87f3e8f,128,59091,9279,77887,16699,-49812,-61188,16.998
87193a242fd3c93d,128,56386,9527,74709,17341,-46859,-57368,17.047
83705e3a21cae126,128,54100,9599,71815,17503,-44501,-54312,17.039
8028bde7ebc39be8,128,65068,9511,85733,17278,-55557,-68455,17.431
14206dcadeec2405,128,57237,9369,75698,16962,-47868,-58736,17.822
0855663a06b22a75,128,62616,9566,82786,17354,-53050,-65432,17.579
f0cc12fad559a238,128,53328,9549,70470,17331,-43779,-53139,17.346
e623d06773cec180,128,59260,9477,78224,17128,-49783,-61096,17.747
fac54253e7ac2e1c,128,55252,9412,72943,17039,-45840,-55904,17.479
3770a29f8d61201f,128,58374,9381,76904,16979,-48993,-59925,18.63
6dd7e45cf6195551,128,55706,9309,73638,16926,-46397,-56712,17.82
7bd742605a4d21ec,128,58715,9432,77313,17107,-49283,-60206,17.697
3b1250819b247e41,128,57801,9607,76375,17455,-48194,-58920,17.901
284c4d1e1bb0a924,128,57593,9457,76180,17182,-48136,-58998,17.856
92afe686877c8e5e,128,56183,9554,74361,17371,-46629,-56990,17.724
2a400ef3da06cf2c,128,52122,9377,68820,17003,-42745,-51817,17.272
ed79f839262b68e9,128,60748,9416,80256,17075,-51332,-63181,17.457
f2e4a1dca7520e80,128,60309,9528,79599,17271,-50781,-62328,17.801
6e5a0ffbcefd9d6e,128,55337,9246,73016,16657,-46091,-56359,16.883
64875eb8d005e4ce,128,59937,9269,79095,16779,-50668,-62316,18.31
e67f3672c38ad7a2,128,58172,9191,76701,16627,-48981,-60074,18.51
e6c1a6a8d0f0d0c9,128,58974,9536,77867,17346,-49438,-60521,17.56
b9d818f635ead9bd,128,58571,9379,77271,17019,-49192,-60252,17.217
730203eced2b8405,128,57389,9486,75791,17155,-47903,-58636,17.231
aa18a6e365f25af6,128,54278,9460,71617,17127,-44818,-54490,16.884
a2d8b09315dce462,128,57081,9607,75329,17370,-47474,-57959,16.669
9586c05a0d4472e8,128,59253,9530,78043,17270,-49723,-60773,16.98
ba9396c5b4b78dc9,128,59268,9613,78278,17490,-49655,-60788,17.371
6b2097abad1d2ba2,128,59528,9602,78580,17432,-49926,-61148,17.448
1e514e2340b1a711,128,59207,9620,78039,17451,-49587,-60588,17.204
91634c3deb068a92,128,59583,9379,78456,16999,-50204,-61457,18.109
f2f404b4307f2115,128,55958,9455,73707,17195,-46503,-56512,17.613
a5ac56d524c23deb,128,57258,9266,75626,16812,-47992,-58814,16.901
280644f0774bc2e1,128,58048,9443,76720,17154,-48605,-59566,16.837
0ca76e24b26cf3cf,128,61054,9094,80414,16405,-51960,-64009,16.884
43e3e44a86cbe882,128,59517,9589,78265,17371,-49928,-60894,17.728
2c0866d2e5f5a803,128,56365,9503,74507,17215,-46862,-57292,16.896
7dac2104a17e1347,128,58937,9354,77724,16891,-49583,-60833,17.819
818f3d3ea7cc0fc8,128,60154,9678,79543,17524,-50476,-62019,17.301
9e2d21822904d345,128,57695,9361,75867,16933,-48334,-58934,17.198
80a3ed15c0c93a23,128,59007,9576,77743,17383,-49431,-60360,17.457
b86745333f8322bc,128,59771,9536,78944,17219,-50235,-61725,17.459
890c9c2763884884,128,59360,9552,78280,17335,-49808,-60945,17.763
25cc7dc8f7452034,128,57184,9579,75300,17295,-47605,-58005,16.603
f63a5ef03f349cdd,256,127196,38847,230126,70712,-88349,-159414,191.552
3ae2d8bdb75f4750,256,128916,38950,233084,70854,-89966,-162230,179.597
80c685035b5f5d1e,256,129444,39058,234036,71226,-90386,-162810,180.126
4e24ca8c5236a606,256,125916,39279,227167,71602,-86637,-155565,176.631
7ca3dffaed9d38f0,256,121772,38844,219581,70703,-82928,-148878,175.909
32908d1ba1dce91d,256,123562,39187,223273,71449,-84375,-151824,175.6
7fff505dae892eec,256,134970,39201,244584,71382,-95769,-173202,173.362
97bbdd286944c2ad,256,128490,38850,232384,70636,-89640,-161748,173.528
7fc2fd6099c9efb4,256,129876,38953,234357,70878,-90923,-163479,173.991
b7652e4c9aa7acb0,256,127246,39372,230059,71600,-87874,-158459,180.733
3083e2d6300ad5b9,256,122214,38763,220532,70669,-83451,-149863,176.51
b4e86c91aa0915f3,256,125204,38730,226709,70600,-86474,-156109,175.039
e93727f006f99319,256,130910,38659,236422,70567,-92251,-165855,174.198
b150a02076b240d5,256,126988,39006,228907,71043,-87982,-157864,178.119
85be9b38baf483b6,256,127526,39152,229905,71273,-88374,-158632,176.491
8a9250795a2d276e,256,129074,39211,233224,71369,-89863,-161855,174.268
839da1a234f163ee,256,124996,38910,225646,70843,-86086,-154803,175.138
068814a5d19944b4,256,126642,38973,229046,70901,-87669,-158145,173.939
3311eb73effc3b09,256,123160,39046,222798,71149,-84114,-151649,173.225
f5a63889aad3b3a1,256,125522,39078,226830,71259,-86444,-155571,180.911
6237ce5c1849ddb2,256,121930,39063,220345,71121,-82867,-149224,173.448
3736838e9546a2d5,256,125808,38896,227501,70841,-86912,-156660,172.241
d3c3dd08f309c5eb,256,128766,38757,232667,70584,-90009,-162083,173.756
3887f1c942d89d63,256,128088,38705,231490,70389,-89383,-161101,171.168
5336b5d46996ac1c,256,122538,39089,221736,71244,-83449,-150492,177.949
e0f3865f883225a1,256,123176,39046,221694,71108,-84130,-150586,172.851
c778152ad36c7602,256,127990,38772,231163,70572,-89218,-160591,172.975
5cfd6691dcc1d8fa,256,127142,38763,229378,70534,-88379,-158844,176.297
024439dbf8b8f56d,256,125968,39205,227874,71427,-86763,-156447,174.76
ec3a4e8109568b04,256,127210,38844,229499,70715,-88366,-158784,176.405
af8ea92777740583,256,124494,39191,225078,71425,-85303,-153653,174.274
8152af95c5ee4f16,256,130100,38790,234771,70737,-91310,-164034,176.098
f46a601f72f532f9,256,127738,38937,230842,70944,-88801,-159898,178.285
c2de73380fc53c15,256,130722,39164,235968,71298,-91558,-164670,174.47
85f21c4a23d0fd84,256,135138,39008,244035,70982,-96130,-173053,176.284
b6ed16c71e132e35,256,127020,39115,229404,71202,-87905,-158202,172.995
cbd99189b22270af,256,126356,39300,228434,71300,-87056,-157134,176.265
c52b7b58c460a4f1,256,127558,38836,230405,70750,-88722,-159655,177.023
235335476f087ef7,256,124310,39511,224602,71941,-84799,-152661,174.609
09b1d4dcf9223f8c,256,119422,39042,215516,71174,-80380,-144342,177.873
7d605ba9b4143464,256,127054,38643,229664,70330,-88411,-159334,172.189
8162e3ab28ac2956,256,126150,38560,228235,70011,-87590,-158224,169.645
45f77e9620bbd450,256,123440,38469,222728,69924,-84971,-152804,170.104
b4f494176d53fcfd,256,122452,38870,221134,70783,-83582,-150351,176.77
c15e614fcddf9367,256,123480,39367,223202,71557,-84113,-151645,174.129
b4b1bd8f8a9b900d,256,127538,38840,230060,70701,-88698,-159359,171.778
8b017a206ca8ed64,256,124814,38848,225490,70664,-85966,-154826,172.232
3b6130c8e8286f99,256,126170,39099,227484,71252,-87071,-156232,175.972
d93607f2cf7799c2,256,124838,39178,226105,71204,-85660,-154901,170.971
b3b721e89b161f16,256,126784,38840,228923,70610,-87944,-158313,172.125
2a3cd348173d27c1,256,122866,39027,221593,71017,-83839,-150576,172.39
40e53fdd53a26dde,256,134010,38608,242511,70301,-95402,-172210,171.726
0c076f36c3dd33bb,256,131582,39276,237923,71551,-92306,-166372,184.287
63f172dfc9bb8b5d,256,127022,39035,229566,71081,-87987,-158485,174.496
44e9afd478a11dbf,256,130016,38906,235150,70846,-91110,-164304,176.065
fca9592bf5c3667e,256,128396,38721,232617,70613,-89675,-162004,180.815
b210cff544f523f4,256,131468,39014,237228,71051,-92454,-166177,175.486
283d96dc9edfe41a,256,129208,39159,233425,71330,-90049,-162095,178.55
eadd69c6dde46f83,256,127538,39061,230200,71123,-88477,-159077,179.263
bf0ff4333c3fd052,256,126074,39177,227872,71243,-86897,-156629,175.375
bfd90b14c403bad3,256,125744,39086,226812,71002,-86658,-155810,173.383
392ca6370d046314,256,128822,39335,232588,71652,-89487,-160936,174.414
67c2a5183431fa58,256,126336,38758,228275,70546,-87578,-157729,174.845
cf3bded29a662117,256,124606,38987,225027,70998,-85619,-154029,175.332
b9ec8a4f8bb6bc5d,256,130634,39164,235573,71293,-91470,-164280,180.429
1a87648118f0ceca,256,132174,39115,239030,71200,-93059,-167830,181.107
4d28be14c8047b95,256,121264,38841,219112,70616,-82423,-148496,172.422
29c9079f12b6b1f7,256,129084,38889,233457,70665,-90195,-162792,176.743
43b7412e4bf69e7f,256,131998,39107,238467,71212,-92891,-167255,179.234
78beba9cd10496e8,256,124846,39381,225582,71713,-85465,-153869,174.619
056f5e334bc54da3,256,126316,39091,228743,71156,-87225,-157587,175.485
4c18818e7c04e7d2,256,122492,38986,221159,70927,-83506,-150232,173.962
c1ee23d994784372,256,125748,39178,226973,71339,-86570,-155634,181.079
7e78714d570d6e20,256,128636,38813,232282,70727,-89823,-161555,176.096
8287ede062ae981a,256,128078,39211,231232,71423,-88867,-159809,174.358
89b8ec85db3d6697,256,124838,38795,225711,70531,-86043,-155180,174.586
610b755b15212daf,256,130128,39046,235218,71185,-91082,-164033,186.472
b6ab8d43abd27d57,256,132902,38989,240348,70924,-93913,-169424,175.489
16863830bae86ca9,256,131422,39355,237082,71837,-92067,-165245,177.838
42473ef126425fc2,256,122906,38783,222506,70730,-84123,-151776,171.267
9a7424b31b78d48a,256,122862,38678,222401,70492,-84184,-151909,171.84
0753fb428b7f962a,256,123854,38966,223859,70940,-84888,-152919,173.404
a7ff6cbfe1a3681c,256,127316,38928,229520,70810,-88388,-158710,173.628
7738aa2223dc8478,256,131878,39066,238359,71110,-92812,-167249,173.185
45c6c15e078674dd,256,129354,38819,233541,70747,-90535,-162794,173.462
efc85aebbf8757f8,256,124142,39265,223866,71497,-84877,-152369,182.975
b33fe3d70b53958f,256,124610,39171,225008,71279,-85439,-153729,175.382
a1c7f9663bd25cfd,256,130470,38996,235762,71041,-91474,-164721,176.635
ec41b61e873dac87,256,129406,39156,233775,71184,-90250,-162591,181.291
b5b8905e69cd588f,256,128840,38930,233185,70947,-89910,-162238,173.854
8e2961ec6548da94,256,125470,38883,226798,70870,-86587,-155928,178.643
5f86a3f1758a617d,256,127750,38960,230649,70897,-88790,-159752,174.617
ac1db8c8da9433fd,256,124834,38771,225312,70544,-86063,-154768,212.097
75fcb527dcd9b74e,256,126164,39202,227783,71402,-86962,-156381,237.629
20e049d3ae83a8ec,256,126670,39206,228881,71467,-87464,-157414,231.125
7e263345285f62fb,256,132166,39076,238199,71249,-93090,-166950,217.53
5ccaab8a7fd10f3b,256,130754,39003,236116,71194,-91751,-164922,221.224
8c72ddf283524b6b,256,131574,38815,237651,70666,-92759,-166985,223.903
445cf6d884368dcc,256,125300,38940,226662,70711,-86360,-155951,221.367
f66e5c1af8e7df2e,256,125504,39050,226701,71034,-86454,-155667,221.664
2afee9ad7826a2b3,256,244300,39525,437476,72048,-204775,-365428,275.239
e810d69fe3e27497,256,242056,39594,433499,72247,-202462,-361252,227.393
1652c7d7e3b6565a,256,244302,39626,438447,72311,-204676,-366136,233.834
988af934711875e7,256,242720,39538,434533,72217,-203182,-362316,228.101
b85dea4f121f9e2c,256,242098,39695,433806,72457,-202403,-361349,225.811
c67055cc2e6bfbd2,256,243786,39663,436713,72395,-204123,-364318,235.24
6250cda92af8479a,256,239306,39684,429295,72442,-199622,-356853,228.615
e9f026ba7562c19a,256,245308,39383,438977,71834,-205925,-367143,229.432
25afa165b65d3b65,256,245688,39370,440248,71979,-206318,-368269,229.65
7d92688fbb8f8e4e,256,251104,39819,450055,72748,-211285,-377307,228.173
53603d2f3e353081,256,244012,39558,437068,72268,-204454,-364800,227.309
9b2246fce441aa68,256,240078,39580,430317,72251,-200498,-358066,227.329
2c64d54b32eb3f19,256,238882,39645,427958,72383,-199237,-355575,229.593
21d6cf374b68c785,256,244010,39770,437046,72618,-204240,-364428,228.887
000d9845751115e0,256,240768,39702,431405,72435,-201066,-358970,235.181
c822876791370b78,256,243460,39371,435470,71887,-204089,-363583,230.687
03233b4a95ea8379,256,242530,39575,434688,72159,-202955,-362529,227.183
ddffcedd519342f3,256,249140,39662,446496,72411,-209478,-374085,228.649
231a4c5f3fc56c11,256,238012,39840,426395,72655,-198172,-353740,228.78
78f6836801b96c5a,256,242656,39686,434762,72431,-202970,-362331,227.436
3544815725b3ba55,256,238068,39641,425930,72428,-198427,-353502,228.026
4ce2e4e7e4633ff5,256,241678,39578,433018,72186,-202100,-360832,229.365
7f82ac6e6e185d83,256,234572,39533,420563,72221,-195039,-348342,241.219
51b17823f1958567,256,244230,39547,437308,72247,-204683,-365061,231.783
139f7380674c2ed2,256,241414,39693,432006,72429,-201721,-359577,228.108
96453069d026c6bc,256,240596,39590,430635,72209,-201006,-358426,227.127
f9e5214f3fc2b2d7,256,242258,39639,433922,72344,-202619,-361578,230.206
a827a6ec4f017906,256,239484,39676,429350,72426,-199808,-356924,239.817
dbfe5e1daf75c290,256,240186,39492,429151,72140,-200694,-357011,211.904
0201bdfd523fa64f,256,242580,39553,434870,72244,-203027,-362626,221.621
8d6a6d276d2d5d87,256,243808,39581,436763,72304,-204227,-364459,237.423
8583dba23495fdff,256,243668,39629,435626,72406,-204039,-363220,226.007
649ce25add0b7551,256,243852,39495,437050,72161,-204357,-364889,228.325
e6b7f00ab8650a9f,256,251102,39647,449418,72448,-211455,-376970,232.045
35cf32a4cb1c5960,256,244948,39440,439138,71958,-205508,-367180,227.955
6560bc6d01c7ca23,256,241580,39729,432449,72515,-201851,-359934,228.129
f640ff4f3e93e6ea,256,244008,39763,437396,72633,-204245,-364763,234.992
bd1519e2a4f8536e,256,232740,39556,417010,72169,-193184,-344841,225.247
f9aeff98dd656b32,256,244804,39635,439301,72314,-205169,-366987,237.435
265b863e728c3f78,256,248418,39827,445878,72694,-208591,-373184,232.369
068760d850107198,256,240984,39448,431624,72162,-201536,-359462,228.202
c5294dc0bb272431,256,244474,39539,438141,72217,-204935,-365924,230.094
dc4b52b259bf8db2,256,250252,39347,448787,71810,-210905,-376977,225.856
00c4ca5926aa2c3b,256,244494,39777,437790,72582,-204717,-365208,230.147
de66c5cae03b137e,256,244452,39613,437964,72267,-204839,-365697,235.386
f5ea883c1c836335,256,243762,39347,437195,71839,-204415,-365356,231.438
e21c9f890ca8ef53,256,241248,39738,431849,72486,-201510,-359363,230.446
1e15fb8ecd3d10b8,256,243670,39415,436318,72010,-204255,-364308,233.535
60e5c468f3629525,256,236192,39601,423100,72298,-196591,-350802,234.021
347c87ba0a9c69ea,256,240876,39538,430539,72217,-201338,-358322,233.928
990bc5112a060689,256,240902,39725,431740,72526,-201177,-359214,231.388
8ac53b605dbc4af9,256,247948,39610,443698,72357,-208338,-371341,226.21
462c35c21eb31e70,256,243298,39515,436079,72183,-203783,-363896,228.204
23e09a2d37d723af,256,242050,39371,433731,71874,-202679,-361857,227.463
cabf95d2ab406852,256,246452,39614,442051,72288,-206838,-369763,228.818
a94272365cc00485,256,254116,39777,455206,72653,-214339,-382553,226.994
45a71d1bfef39eba,256,246726,39718,441596,72481,-207008,-369115,237.935
28f957bd8b97bd53,256,239490,39169,428977,71574,-200321,-357403,226.128
65e9b02576102c3f,256,245254,39471,439459,72007,-205783,-367452,230.231
188414b1b067edf7,256,251164,39613,450302,72317,-211551,-377985,227.686
89c2e729d42f9950,256,245870,39776,440616,72628,-206094,-367988,230.09
b289922bb299c77d,256,242640,39642,434535,72411,-202998,-362124,227.555
74f281b8f6027e14,256,239588,39526,429367,72089,-200062,-357278,228.034
067e52227c8513e0,256,246520,39604,440933,72255,-206916,-368678,226.767
d259138978fa7741,256,244486,39796,437334,72593,-204690,-364741,228.417
0734a6237f5a51fc,256,243384,39492,435951,72079,-203892,-363872,226.863
72261b2e5157c89c,256,250236,39596,447960,72259,-210640,-375701,228.781
022d2a33a7c80612,256,244684,39902,438831,72871,-204782,-365960,229.504
967d42e0dc5f279d,256,234746,39610,420007,72340,-195136,-347667,229.138
28fb6bbba35438e3,256,244516,39659,437809,72369,-204857,-365440,229.505
d909d169ec4f013a,256,236464,39448,423816,71958,-197016,-351858,226.507
3a4d7b766bffd6b7,256,243292,39440,435583,71919,-203852,-363664,238.494
3aa80ad6182b98cf,256,249098,39480,445902,72185,-209618,-373717,237.187
048555c3d9472497,256,239346,39349,428494,71902,-199997,-356592,228.596
0319bd8d4b960c03,256,243248,39925,435920,72790,-203323,-363130,234.496
1106548345d79efa,256,239322,39382,428221,71881,-199940,-356340,225.5
3fe1111b7a6f9791,256,243526,39460,436454,71946,-204066,-364508,226.554
3973da3f5163484e,256,244416,39870,437631,72795,-204546,-364836,229.376
fc126a1a2445312b,256,239230,39587,429239,72281,-199643,-356958,233.868
e5106c7f2cce4268,256,244944,39554,438816,72300,-205390,-366516,228.12
1f4158b2964d30db,256,244194,39622,436706,72415,-204572,-364291,227.336
c2005c462435a7d1,256,240290,39857,430376,72713,-200433,-357663,228.031
8d54100cd074016a,256,240388,39631,430649,72313,-200757,-358336,226.252
385cfce37eab1a91,256,245222,39434,439823,71979,-205788,-367844,231.613
a2455c440f0dea10,256,241256,39733,432732,72498,-201523,-360234,236.008
0766338f1c9ee723,256,251848,39783,451174,72556,-212065,-378618,229.54
64aeeb587e918dd1,256,245504,39523,439747,72195,-205981,-367552,227.544
22bbffdd7ef72b57,256,240730,39722,431879,72453,-201008,-359426,228.505
506c29946fa77ce9,256,245706,39629,439779,72310,-206077,-367469,239.761
8c76b4c4a6d1840a,256,242118,39596,433211,72344,-202522,-360867,231.442
2c4066087419c808,256,246538,39590,442130,72244,-206948,-369886,232.145
da2ef4c75e78e2b7,256,242326,39741,434116,72593,-202585,-361523,230.009
9f37d69e654f0ffd,256,240396,39630,431060,72393,-200766,-358667,228.778
e0159b72f0c93543,256,247910,39628,444487,72364,-208282,-372123,226.937
f9315cd1effc9d51,256,242174,39468,433961,72044,-202706,-361917,228.885
fa245deda92a7c92,256,243506,39519,436755,72134,-203987,-364621,235.723
cad82a0404084135,256,239640,39774,429356,72566,-199866,-356790,230.855
b322e007cbc7ebd5,256,243320,39603,436039,72319,-203717,-363720,227.341
a4efcffc65b8c0e0,256,237622,39595,424716,72286,-198027,-352430,226.954
3732e2ba0800d619,256,248640,39750,445838,72595,-208890,-373243,227.962
b20c3ddabf466937,256,350082,39801,621754,72687,-310281,-549067,243.365
5229c58f75627820,256,355882,39726,633367,72608,-316156,-560759,236.943
7d5810608eb4a5ee,256,364768,39735,649447,72659,-325033,-576788,235.652
aaa57050b20a3957,256,351466,39968,625927,72995,-311498,-552932,235.391
d74a8ef36ef74215,256,354430,40054,629611,73121,-314376,-556490,236.545
fd6ca2d760b43aac,256,362968,39914,646295,72969,-323054,-573326,236.946
3ab4a63bed48a5d4,256,349600,39720,622519,72602,-309880,-549917,234.2
2ef3809d4fe0c461,256,351430,39786,623970,72737,-311644,-551233,235.195
2ae5293d5dfacba8,256,348365,39858,620711,72864,-308507,-547847,234.429
dffcc1c27f7123ee,256,351492,39890,625190,72871,-311602,-552319,255.296
3900972cc04f0413,256,345214,39900,614141,72902,-305314,-541239,233.848
be17feba18bba478,256,350216,39817,623550,72773,-310399,-550777,235.687
2e4e85136ea7d09c,256,352368,39609,626951,72384,-312759,-554567,234.251
5d2ba45245a08bf6,256,349186,39934,621869,72938,-309252,-548931,235.875
28250935f86f85a0,256,346178,39701,616948,72618,-306477,-544330,236.205
f130ac7a6bd2d81c,256,357476,39958,635924,72978,-317518,-562946,243.078
df6f7021f534b7f2,256,351538,39786,625539,72656,-311752,-552883,235.704
15505e38dd70889e,256,357156,39913,635541,72850,-317243,-562691,235.949
c73077183ed93a91,256,354246,39742,630688,72666,-314504,-558022,234.847
745954417df0628b,256,349350,39919,621738,72919,-309431,-548819,235.006
38b30e20ccfe261f,256,349744,39778,622087,72679,-309966,-549408,239.092
0984f0c832510cc0,256,349124,39836,621452,72849,-309288,-548603,241.402
9a01fe353b80d6b8,256,355412,39967,632238,73043,-315445,-559195,237.042
39c4725a403c93bc,256,354464,39941,631749,72944,-314523,-558805,237.042
84fa8683882b2a95,256,352636,39794,627516,72762,-312842,-554754,234.08
73c490578745696e,256,351716,39670,625230,72488,-312046,-552742,234.183
2fc820f9641ce4a7,256,352238,39942,627139,72928,-312296,-554211,237.099
2374456297025641,256,353216,39838,627700,72764,-313378,-554936,236.299
04400f4321dad055,256,350658,39738,622661,72670,-310920,-549991,237.368
72cab5dc53ad2c44,256,354048,39791,629452,72665,-314257,-556787,239.629
3c01757d8fce79ba,256,356516,39918,634049,72963,-316598,-561086,236.282
019c7c52cc4d0341,256,343540,40046,610919,73114,-303494,-537805,238.143
6728a36173fbb366,256,348768,39787,620413,72655,-308981,-547758,242.964
ee36634544d41abc,256,351498,39573,625798,72340,-311925,-553458,244.675
af1afd30fa214de0,256,346030,39929,616268,72914,-306101,-543354,240.781
6a404601f3d3d926,256,355102,39980,631871,73046,-315122,-558825,281.707
599e22667eec9daa,256,347602,39801,617778,72777,-307801,-545001,235.736
e3ef3e85fcfc9404,256,353366,39862,629389,72836,-313504,-556553,241.219
a91a29b86b348d2b,256,352968,39982,627594,73069,-312986,-554525,241.472
7245f7e5e2470aac,256,345942,39825,616244,72772,-306117,-543472,234.448
5f882dff2d803d37,256,348728,39992,619752,73035,-308736,-546717,237.931
b263885074432178,256,353788,39816,629260,72717,-313972,-556543,235.389
4b93cc99f1d1d059,256,354682,39689,630543,72485,-314993,-558058,235.877
8b1578993dda26fc,256,354372,39981,630614,73009,-314391,-557605,237.1
d7bf7e0da7ea008d,256,355726,39750,633142,72624,-315976,-560518,234.335
bc376de1bc1b5b8b,256,356030,39923,632345,72928,-316107,-559417,235.968
6fb4c6f64ee0f75f,256,348850,39962,621231,73002,-308888,-548229,234.918
d55f963306053207,256,351022,39779,624387,72665,-311243,-551722,243.747
4d025dd7e93fb52b,256,351872,39886,626837,72844,-311986,-553993,242.615
63130ff591564adb,256,353226,39724,627897,72646,-313502,-555251,235.071
a201f0bd254bab54,256,351872,39755,625922,72614,-312117,-553308,236.804
3d42fbeb7a211f03,256,352510,39916,626937,72938,-312594,-553999,242.018
b58a3beb2180caff,256,345912,39856,615455,72798,-306056,-542657,236.243
dbce699bec8a6d60,256,349258,39860,621167,72843,-309398,-548324,243.263
2cdc1030911ea122,256,350550,39770,624015,72679,-310780,-551336,235.737
4eacc0d089add232,256,348790,39766,621786,72661,-309024,-549125,235.321
1f03ce78e44c0e63,256,347354,39793,617325,72725,-307561,-544600,243.314
e2f5dabb83499b6b,256,351184,39977,625341,72999,-311207,-552342,251.48
ad1aec976980eb2b,256,350810,39813,624404,72796,-310997,-551608,234.756
406e3f8a7768fb5e,256,340366,39933,605535,72904,-300433,-532631,235.555
4cf3d46b2c0be997,256,361024,39768,642057,72735,-321256,-569322,237.772
82155d5eac52da0a,256,350584,39857,623867,72808,-310727,-551059,235.728
802d0a0c362deec9,256,342098,39906,608709,72912,-302192,-535797,240.044
4732ab287f8c7da7,256,346148,39832,614884,72744,-306316,-542140,257.738
281b3f700b95e165,256,352794,39888,626861,72849,-312906,-554012,249.587
02ef9a66e91d0e8a,256,362174,39889,644656,72934,-322285,-571722,253.204
2c64cd9fe9c8cf36,256,350994,40008,624540,73085,-310986,-551455,219.481
c2f6aa8fb9e973c2,256,350322,39862,624260,72788,-310460,-551472,196.662
950cedd291b77847,256,349552,39856,620529,72820,-309696,-547709,203.286
1b2da69f93e61294,256,348572,39826,619193,72771,-308746,-546422,183.631
f7285b5fd23f0a72,256,350286,39844,622776,72719,-310442,-550057,170.305
99e691fd60eee7e7,256,353284,39810,628449,72745,-313474,-555704,190.621
6858862ca40081b0,256,352586,39923,627202,72977,-312663,-554225,190.925
bef5a01c88f76eca,256,351294,39848,624785,72844,-311446,-551941,187.884
93f2ffe93c3939e8,256,354188,39735,631500,72623,-314453,-558877,193.179
8cbab04ed3f998dd,256,357408,39878,635709,72811,-317530,-562898,189.506
55f8e9e24987a0f3,256,346206,39897,616029,72906,-306309,-543123,191.321
13fa585417c13e6f,256,346506,39783,616022,72706,-306723,-543316,197.649
c7535130155ea44e,256,345798,39798,615511,72762,-306000,-542749,189.689
a7472269af7eae78,256,353312,39778,628716,72667,-313534,-556049,189.076
486c90efcbf68424,256,345116,39846,613232,72925,-305270,-540307,189.294
fc18391655971d35,256,351084,40013,624115,73073,-311071,-551042,197.78
309ecb6675e5d6ef,256,343198,39975,610048,73103,-303223,-536945,170.098
f1d728a521c67c4b,256,348370,39850,620486,72828,-308520,-547658,176.031
d54cb48a213aeb6f,256,353292,39917,628739,72875,-313375,-555864,184.974
61106cfb0e1d531c,256,340802,39940,606359,72968,-300862,-533391,197.151
092e463449daf8dc,256,344480,39777,613010,72717,-304703,-540293,202.363
86b229cef6e26eaf,256,350732,39780,623377,72761,-310952,-550616,226.853
1642c42384efb519,256,354436,39692,630266,72520,-314744,-557746,255.621
ae205a300dfd9777,256,352044,39741,625685,72641,-312303,-553044,259.129
1d3087fcac4c0afe,256,353576,39782,628881,72671,-313794,-556210,251.035
efc5bf304c57980c,256,345052,39768,613578,72654,-305284,-540924,252.175
7cd48be23c193419,256,347414,39816,618476,72709,-307598,-545767,238.559
8549eb3b2bb89718,256,348132,39918,619012,72915,-308214,-546097,234.662
259e9ae884c63c36,256,344456,39849,612559,72845,-304607,-539714,235.408
3a7b4ab3d419964b,256,349548,39817,623242,72733,-309731,-550509,234.194
232af5c1591c93f2,256,361314,39770,642632,72721,-321544,-569911,239.99
064320f312d1a98d,256,351010,39865,625441,72871,-311145,-552570,235.327
47e6bdec44bf2e1b,256,354108,39914,629496,72923,-314194,-556573,242.551
b074ff4536a37d9b,256,351670,39731,624347,72623,-311939,-551724,233.286
ea711580339faae9,256,450188,39899,794350,72935,-410289,-721415,240.44
c512cb5e39aa2aad,256,445044,39979,786805,72991,-405065,-713814,249.731
f69b80b6f37f1971,256,456804,39967,808239,73027,-416837,-735212,242.189
e11b61872aeaa07c,256,442978,39861,781965,72864,-403117,-709101,242.631
8623b5aea3468874,256,451736,40119,800037,73341,-411617,-726696,248.516
10b3bdc5cebeeb27,256,459114,39985,811839,73125,-419129,-738714,257.005
22ce0c3d21724546,256,458266,39882,811231,72904,-418384,-738327,239.305
49875c2f43b3f127,256,452350,40059,798130,73226,-412291,-724904,251.75
58cf42a31679737c,256,460372,39868,812827,72939,-420504,-739888,242.303
05899273d1616919,256,457664,40023,809881,73142,-417641,-736739,245.23
dae7b9e06b33eb97,256,453122,39901,802266,72856,-413221,-729410,248.979
d3dfa911af49a746,256,452284,39862,799729,72917,-412422,-726812,242.934
32610ab26db5edae,256,454474,39937,802891,72941,-414537,-729950,254.591
c4420195c7a9c1c6,256,450448,40025,796187,73132,-410423,-723055,246.808
c5c4c64bcc089fcc,256,456796,40016,807530,73138,-416780,-734392,244.729
7b4788ee9eceffca,256,445894,40090,788290,73241,-405804,-715049,245.557
7679160445368695,256,457162,40151,807536,73356,-417011,-734180,245.511
b55551302b5d32d1,256,450016,40030,796879,73138,-409986,-723741,245.427
0ac13e1846e8a24f,256,456252,39862,805001,72875,-416390,-732126,243.371
6d704806e202ef62,256,449890,39811,795457,72771,-410079,-722686,244.189
28e8ec284473c64f,256,458562,40005,809597,73096,-418557,-736501,243.708
494f2abd9f945d17,256,457468,39912,808654,72996,-417556,-735658,260.289
933b7078e0ac70f4,256,453430,40060,801138,73195,-413370,-727943,247.141
7b9ec401b96f869d,256,451524,39810,797327,72755,-411714,-724572,244.483
667f30c8dfdcd1d2,256,455542,40060,805929,73125,-415482,-732804,258.589
5f2fcfd78ea87460,256,453860,39805,801547,72747,-414055,-728800,218.824
343b920bab3f3f95,256,453010,39901,800746,72964,-413109,-727782,291.175
9c4777581a4647c8,256,454640,39854,803634,72863,-414786,-730771,277.108
da2b29c4942b9036,256,458406,39995,811732,73110,-418411,-738622,280.364
a09971ae6e124346,256,446132,40003,788797,73087,-406129,-715710,272.381
03d1d015c03355c7,256,450864,40037,795778,73149,-410827,-722629,272.781
68d81d099d7fe6fe,256,451830,39870,798398,72864,-411960,-725534,272.815
d39687499871e5eb,256,454850,39842,802662,72835,-415008,-729827,271.907
60187e390c1d9a18,256,444428,39919,787208,73021,-404509,-714187,274.011
c8dd6ea58935ab59,256,461030,39789,814805,72696,-421241,-742109,282.543
b9f45de45ca7f4e8,256,454406,39984,804156,73080,-414422,-731076,258.274
823ec91f619df3a8,256,454342,39912,804505,72977,-414430,-731528,240.948
1c2f9ea17e5205fd,256,459894,40026,813767,73131,-419868,-740636,207.056
08e1cb4d1186f1e0,256,455934,39947,806404,73010,-415987,-733394,206.999
f331adb18f1ab0cb,256,453686,40139,802367,73402,-413547,-728965,202.038
7812020b863a4b46,256,438880,40030,776734,73167,-398850,-703567,193.012
cd52ec0bc58ae3d9,256,460306,39789,813665,72742,-420517,-740923,195.424
5e4848c4ca7e527f,256,458586,40059,809984,73165,-418527,-736819,194.641
ef9b2f075fcf5239,256,460990,40088,816588,73225,-420902,-743363,194.684
0f505e3cc6f71fc2,256,452848,39917,801588,72959,-412931,-728629,200.037
eaf11dfc046a4298,256,451786,39925,798823,72923,-411861,-725900,193.605
360216960fb729d1,256,455866,39951,806037,73036,-415915,-733001,194.559
3b82b0471a225fa1,256,452814,39872,800348,72911,-412942,-727437,196.409
05776a8414af64ac,256,465024,39973,822117,73085,-425051,-749032,195.808
00e41be1321d29e8,256,456324,40112,805385,73321,-416212,-732064,207.665
b5d94d9789419ed5,256,457374,39999,808401,73123,-417375,-735278,194.247
181d6067e9ac4805,256,466302,39911,824437,72938,-426391,-751499,195.537
596e2235bbf45369,256,447850,39813,791754,72805,-408037,-718949,199.678
589cf9cfb25d9bf2,256,447002,40052,790270,73193,-406950,-717077,216.087
1065b2d033e231d1,256,452256,39732,799570,72645,-412524,-726925,200.698
0b6001702381d4f8,256,452468,39978,800472,73146,-412490,-727326,200.883
900b15bc3c136542,256,456360,40072,806091,73230,-416288,-732861,197.535
fcfa66f720305cd2,256,456354,39893,805730,72927,-416461,-732803,193.473
c7e1348a46f7d744,256,449720,39946,795511,73101,-409774,-722410,194.207
99bc41c76599b8b1,256,454692,40113,803634,73297,-414579,-730337,199.361
d0cd7f302f697b8b,256,451520,39907,797478,72926,-411613,-724552,193.699
e407a1d6904dba2c,256,450908,39974,797280,73080,-410934,-724200,196.944
a2c035562daf6851,256,451992,39903,798954,72960,-412089,-725994,193.342
fee35649d388a4af,256,458426,39887,810675,72932,-418539,-737743,192.613
3d9d2548d1b5ad1d,256,454940,39972,805540,73061,-414968,-732479,195.795
995b59d59d6887ae,256,443260,39909,783161,72924,-403351,-710237,192.269
0d8b25f3079f5eca,256,452620,39816,799371,72775,-412804,-726596,202.765
63c61d9da6ef2cbe,256,450638,39976,797427,73097,-410662,-724330,195.237
26d04a58c4408d89,256,456894,39832,807967,72765,-417062,-735202,194.057
f99c29026a0dca72,256,454940,39937,804752,72957,-415003,-731795,195.643
81857959461a0124,256,447266,39884,791363,72859,-407382,-718504,194.161
81cc09ce27765a6e,256,463806,40070,820207,73253,-423736,-746954,195.853
8407402b82d047d5,256,456772,39944,806326,73044,-416828,-733282,195.7
64e62dae0256c7c2,256,452974,39961,800350,73018,-413013,-727332,193.398
03f62332dca723c6,256,454216,39955,803293,72994,-414261,-730299,195.361
29b264d6f741e549,256,459320,39975,812308,73074,-419345,-739234,227.536
9f14d5ae10180045,256,457630,39770,809156,72687,-417860,-736469,209.125
98189fb3b8b656d9,256,456530,39864,807311,72891,-416666,-734420,211.065
0cca087d6444d525,256,450854,39911,797533,72945,-410943,-724588,208.057
9a7d4edb72f55377,256,454840,39994,804990,73062,-414846,-731928,245.867
6774060698c060cc,256,456606,40001,807555,73147,-416605,-734408,262.87
73ef41b8d0723fcb,256,450652,39904,796119,72995,-410748,-723124,260.558
ba0313537f6c573a,256,465624,39961,822652,73051,-425663,-749601,252.536
c981dda8e8e17dce,256,457242,39927,806708,72944,-417315,-733764,242.207
8d21fe957940ad78,256,456922,40018,807781,73082,-416904,-734699,242.237
fce8a07b8b74ef69,256,446422,39973,789573,73026,-406449,-716547,242.265
f1620b93caf8c0b9,256,448274,39950,792119,73032,-408324,-719087,239.705
25780aa17b1129e8,256,450152,39764,795703,72718,-410388,-722985,242.018
d495b60bcd82ce11,256,458128,39857,809648,72855,-418271,-736793,245.906
a985a9559f3adc0e,256,456776,40043,808520,73150,-416733,-735370,245.144
9cf3875494a46453,256,452404,39956,798900,73039,-412448,-725861,242.217
873becb443741515,256,458036,40135,810166,73284,-417901,-736882,250.085
1b5cb6d8eb40e958,256,451284,40047,798123,73253,-411237,-724870,245.38
b01567d3203c7e10,256,447572,39941,790586,73016,-407631,-717570,248.532
490787c00621a4ea,256,461040,40023,813647,73147,-421017,-740500,244.336
e2dcb4f4d9d8f7c3,256,448450,39926,793552,72972,-408524,-720580,277.148
b7cf0e4ba864dae3,256,453102,40036,798911,73125,-413066,-725786,200.975
28b624572582c03c,256,455236,39884,805198,72854,-415352,-732344,185.647
e31452c42a74673f,256,453298,39869,803348,72931,-413429,-730417,195.955
09632a07d9d21139,256,449886,39920,795038,72985,-409966,-722053,194.323
236b70b8cd225920,256,552210,40031,970871,73217,-512179,-897654,200.511
a9f085f9e82c37a1,256,559786,39961,984056,73018,-519825,-911038,230.254
ce94232656f6db62,256,554608,40116,975963,73359,-514492,-902604,284.469
e4f9a2c1f3d3af5b,256,544600,40075,956188,73281,-504525,-882907,269.582
1d706dba72f62639,256,557844,39909,980609,72986,-517935,-907623,278.598
f64aa9fc32bfed1a,256,550100,40130,966986,73303,-509970,-893683,324.555
4553bc07ab958e3c,256,548870,39925,966061,73054,-508945,-893007,289.609
ff625fb5f7c37c67,256,554314,40022,974638,73146,-514292,-901492,217.429
1f78715cbc111065,256,551190,40122,968174,73334,-511068,-894840,242.586
20ad495cc69eeeb0,256,555606,39914,975840,72988,-515692,-902852,221.095
7cdff7c376a6c8f6,256,550626,39980,967038,73073,-510646,-893965,201.021
f1d7ddc10bc0d14f,256,552318,39979,971367,73089,-512339,-898278,252.981
547ce7a9cc80e0ec,256,556280,40003,978717,73172,-516277,-905545,257.5
2454ad942da13306,256,552978,39935,971647,73023,-513043,-898624,269.248
171bfc750180f7de,256,557660,40000,979751,73170,-517660,-906581,238.784
a118a45b547b95c8,256,544734,40061,957279,73246,-504673,-884033,206.138
6724ab2955c7fc41,256,560240,40112,985480,73324,-520128,-912156,248.113
2a2b44a352dca7a2,256,553070,40136,973520,73368,-512934,-900152,216.295
6c6e0b89f04928ad,256,547626,40045,962668,73209,-507581,-889459,210.413
c9a5b09cd9e5de8f,256,547782,40066,961753,73173,-507716,-888580,199.005
11d26f1d9c2dcd27,256,546238,40012,958946,73103,-506226,-885843,274.601
b27df8bad3303137,256,553956,39960,973861,73039,-513996,-900822,267.725
f4ca29461ae3c95b,256,548832,40121,964146,73334,-508711,-890812,264.431
cea848514a0f1d27,256,555368,40213,976427,73461,-515155,-902966,277.243
de4cb39687e25e66,256,555998,40009,976512,73188,-515989,-903324,269.692
11796edbf5bd6d21,256,552412,40106,970267,73287,-512306,-896980,280.264
2a3756098fc47607,256,549654,40215,965971,73476,-509439,-892495,253.018
a81681ef7a3749f1,256,552362,39936,971839,73085,-512426,-898754,252.585
a9c923ac7d453b58,256,556436,39908,976827,72939,-516528,-903888,252.519
1d388687b729f263,256,554498,40061,973835,73268,-514437,-900567,252.474
5896e11ed5164ad8,256,552374,40028,971667,73177,-512346,-898490,250.532
660a54d2d9a78e36,256,548724,40016,964665,73131,-508708,-891534,251.948
0e47de69abc0db59,256,549820,40105,966114,73232,-509715,-892882,250.353
821bb37c96f679a8,256,556596,39952,977650,73073,-516644,-904577,254.003
52d865e6e84bd579,256,564032,39915,990657,73007,-524117,-917650,279.476
615e9d1f864afda6,256,552162,39982,971274,73101,-512180,-898173,269.696
8312a77ff7dd7023,256,555604,39972,976113,73092,-515632,-903021,254.169
75a2df0481d13a55,256,555672,39959,976801,73066,-515713,-903735,265.241
64ee15a281424866,256,551688,40059,969617,73275,-511629,-896342,228.813
ae575d9ed25e0088,256,557944,40175,980298,73394,-517769,-906904,185.551
ae230964a59cd10b,256,553470,40113,972931,73322,-513357,-899609,184.327
ff477a8d873d6842,256,545280,40168,958389,73434,-505112,-884955,223.572
5abea7525b959cf1,256,547752,40158,963186,73351,-507594,-889835,210.865
8f9749d98ee509be,256,549928,40098,966741,73347,-509830,-893394,210.704
810a124d6a34a646,256,537798,39964,944721,73041,-497834,-871680,263.617
43eb72ed18b4adea,256,544726,40005,957348,73140,-504721,-884208,218.348
775ffdbb14797311,256,559000,40085,982925,73210,-518915,-909715,210.053
127f1aeea96b3d3b,256,551988,40155,970158,73389,-511833,-896769,217.985
426c3dd4bf666ea8,256,550022,40013,967056,73154,-510009,-893902,214.978
f47145c782bb8c51,256,545786,39923,959877,72999,-505863,-886878,209.329
270d1e937de8ab50,256,550668,39913,967512,73023,-510755,-894489,187.399
afa1c2f558159d69,256,546772,40046,962127,73157,-506726,-888970,184.62
a5efa24c91f804a3,256,551464,40113,970379,73314,-511351,-897065,198.35
43d4ffa3010b1af6,256,555796,39984,976157,73114,-515812,-903043,209.73
983eba31251e7ce9,256,549396,39980,966086,73126,-509416,-892960,214.915
2edc2c2b62318193,256,554932,39877,974830,72964,-515055,-901866,207.392
16356925153131ee,256,552458,40158,970405,73447,-512300,-896958,204.217
98c25da6e1b20617,256,542184,39947,951542,73046,-502237,-878496,201.207
b6b3d4451d4af6f2,256,549704,40055,966395,73235,-509649,-893160,199.768
563fd20737431b58,256,550102,40016,967333,73206,-510086,-894127,198.899
d1192cb21728c2bd,256,552468,40026,971244,73176,-512442,-898068,198.24
44a42df1e7beb043,256,548708,40072,966072,73188,-508636,-892884,198.555
eca2bc21d9722491,256,554320,39999,975130,73105,-514321,-902025,197.678
cb3309791d954749,256,561426,39986,986977,73142,-521440,-913835,201.072
61d7c8a4d0bce66c,256,548524,40100,963535,73282,-508424,-890253,199.315
092e98c93e4306a6,256,554100,40029,973603,73114,-514071,-900489,208.037
97c97556565688cf,256,560632,40076,984489,73293,-520556,-911196,199.741
bb441a4da79d1ea6,256,547158,40028,961508,73188,-507130,-888320,208.173
6f968695fa386e0e,256,548004,39957,963897,73093,-508047,-890804,199.234
5b6d88a01c1462a3,256,548288,39893,962348,72980,-508395,-889368,199.135
9a054a50aeb62f64,256,552422,40107,969237,73309,-512315,-895928,220.563
afa8433a2f2e03ba,256,557284,40163,979920,73374,-517121,-906546,206.59
daba2f27d357e17a,256,549864,40035,968854,73197,-509829,-895657,196.472
88ac604166b9d974,256,552608,39954,972003,73045,-512654,-898958,200.874
662e4508de0b9255,256,552184,39900,970673,72968,-512284,-897705,196.368
ee68a363f1c29093,256,561126,40100,985732,73281,-521026,-912451,212.995
f3958635dbef0781,256,553336,39973,972477,73117,-513363,-899360,201.164
a73675fdf820beec,256,557736,40204,981203,73480,-517532,-907723,204.291
0286ee8689753c45,256,547762,40148,962898,73402,-507614,-889496,198.794
3f0400d38894eb53,256,555094,40041,976656,73160,-515053,-903496,198.267
ea496cf128700598,256,550366,40046,967140,73224,-510320,-893916,200.628
e59bfe97f7b10834,256,553696,39976,974186,73121,-513720,-901065,199.373
1e9844814e01b15a,256,542902,40001,952824,73203,-502901,-879621,209.413
3dd2d6adfbb0c9cd,256,545740,40139,959868,73389,-505601,-886479,199.646
a7b79f84e3ab3145,256,546238,40049,959197,73220,-506189,-885977,199.628
87a972cb12cb92ef,256,553292,40046,971468,73181,-513246,-898287,207.25
234683aae31d8dd7,256,551020,40026,968678,73141,-510994,-895537,199.165
2d541543d8375cd5,256,546702,40102,961505,73317,-506600,-888188,206.835
63698f5a5f35fff1,256,550098,40180,966892,73420,-509918,-893472,200.531
6f2b42cb6635b629,256,550926,40118,967769,73403,-510808,-894366,199.806
59658f2a24738714,256,555556,39948,975264,73054,-515608,-902210,206.184
311d6217961fc49a,256,551542,39904,968603,72997,-511638,-895606,201.341
91651f94918bf48f,256,550550,39925,967014,73012,-510625,-894002,216.045
6050f6ad5617ed14,256,549906,39982,967080,73103,-509924,-893977,203.158
dedf92aaf8415f0d,256,550420,40106,968404,73310,-510314,-895094,211.882
4f3b17239d1b52f1,256,548136,39970,964042,73115,-508166,-890927,205.239
57ae8b425a1d523c,256,548854,39970,964736,73122,-508884,-891614,231.851
d3dc8aff2643aca4,256,549792,39987,967316,73119,-509805,-894197,201.827
233a293153c29ff8,256,542172,40075,952825,73253,-502097,-879572,198.823
8e8a4ea14ed4d05c,256,546592,40022,961749,73136,-506570,-888613,201.54
5f849b0dd5389865,256,643658,40103,1125064,73383,-603555,-1051681,222.301
13f24cb070a3bf67,256,645112,40056,1129418,73241,-605056,-1056177,209.593
7ea1d949e8b9b063,256,634940,39963,1108175,73084,-594977,-1035091,208.872
7d07e757a99e0664,256,645052,40108,1128011,73341,-604944,-1054670,209.025
471abb02d6f2d894,256,648942,40031,1134375,73194,-608911,-1061181,207.077
e095417861c14f54,256,643998,39941,1126721,73078,-604057,-1053643,206.871
b2f060e2c8d7105e,256,640878,40030,1119252,73194,-600848,-1046058,214.069
8ce79f9ca217bfe2,256,642992,40259,1123512,73602,-602733,-1049910,207.563
fd1ec678e315f1cb,256,644792,39997,1128163,73167,-604795,-1054996,214.289
bd5c8dd4dfd4cd25,256,644308,40170,1126262,73414,-604138,-1052848,208.774
41a99add7b1783f0,256,640764,40112,1119512,73304,-600652,-1046208,206.49
290eff9f3ddb1f35,256,650386,40139,1138071,73367,-610247,-1064704,211.225
e055f7d0a5a7664c,256,644450,40074,1126742,73261,-604376,-1053481,204.562
e02880cbd6749e11,256,644314,40235,1126899,73490,-604079,-1053409,205.605
6c3e333586f7f27b,256,638802,40093,1115326,73298,-598709,-1042028,204.702
f0bcfb9569312393,256,638132,39963,1114820,73028,-598169,-1041792,204.85
87ff16d8f8d4a230,256,640684,40100,1118984,73314,-600584,-1045670,204.931
685597f2b9485898,256,634896,40199,1108773,73500,-594697,-1035273,206.533
2bb9960e8261332d,256,638492,40126,1115648,73369,-598366,-1042279,206.053
729375c3dde01800,256,640644,40201,1119103,73552,-600443,-1045551,212.289
702fed4cd05c68ab,256,636374,40197,1112634,73449,-596177,-1039185,204.943
9da013b31da04502,256,635798,40034,1111743,73195,-595764,-1038548,204.956
918567eee4508c26,256,640588,40094,1118546,73286,-600494,-1045260,209.454
69530fad781037d8,256,647052,40110,1130589,73333,-606942,-1057256,206.397
f58e7609bc604e98,256,633138,40210,1106238,73544,-592928,-1032694,205.916
7f147f610f4f0367,256,645696,40135,1129343,73394,-605561,-1055949,206.784
a5a26e2a0997ee53,256,649856,40090,1136459,73322,-609766,-1063137,207.335
a7623207665948ab,256,643394,40070,1124451,73198,-603324,-1051253,205.583
7b1f6a0e2eb617f2,256,645732,40054,1129507,73220,-605678,-1056287,206.758
a1df8982208aab5f,256,645892,39955,1127468,73131,-605937,-1054337,206.309
26abcb67b4a58b10,256,646536,39960,1129967,73061,-606576,-1056906,204.389
26daea901a0b39d0,256,645138,40293,1128021,73658,-604845,-1054363,210.829
2e03501541174657,256,646920,40204,1129691,73496,-606716,-1056195,204.201
022ebd59cafeb2e2,256,646152,40140,1129016,73363,-606012,-1055653,204.303
56b6b7a86074a80b,256,652506,40044,1140751,73286,-612462,-1067465,237.603
b101b2a885d2c76f,256,642840,39956,1124970,73112,-602884,-1051858,235.079
434d2c3e4ce3e084,256,639450,40071,1116557,73290,-599379,-1043267,225.356
f7568bb084308ce7,256,639438,40198,1117765,73500,-599240,-1044265,217.929
415972586ced120b,256,648076,40099,1132616,73241,-607977,-1059375,240.433
51118db819e6671b,256,648618,40052,1133721,73227,-608566,-1060494,224.451
b21b01ba28063830,256,638676,39924,1117443,73043,-598752,-1044400,205.635
2364f156f2cc074a,256,644076,40151,1126053,73382,-603925,-1052671,207.498
de9084730fe1c001,256,640462,40096,1119736,73277,-600366,-1046459,220.672
df1ea39b33b6e9a4,256,645348,39964,1128931,73102,-605384,-1055829,213.179
14e152f9388da0b2,256,638866,39963,1115598,73099,-598903,-1042499,209.692
7f4fd10042efdc50,256,638136,40121,1114885,73370,-598015,-1041515,205.468
de19238657dec843,256,646442,40179,1129785,73461,-606263,-1056324,209.332
43bd234e1bc97734,256,639200,40014,1119655,73216,-599186,-1046439,205.298
9e036676d7fa6c45,256,646220,40095,1131650,73338,-606125,-1058312,205.228
761321a12342b4a3,256,648088,40129,1133094,73369,-607959,-1059725,207.598
96fade667dd1b58e,256,644522,40141,1126988,73371,-604381,-1053617,207.12
edc452ed4327df5d,256,636104,40088,1112266,73307,-596016,-1038959,206.126
b92d09b63fe3d7de,256,646646,39936,1130208,73015,-606710,-1057193,207.254
87a27b7e84ad53dc,256,645016,39999,1126208,73129,-605017,-1053079,207.069
c87b4b781f58a819,256,641954,40160,1121185,73433,-601794,-1047752,209.634
c18d2ec35e39d0a0,256,638852,39987,1117781,73090,-598865,-1044691,205.855
ba85075429c9e945,256,649118,40153,1133403,73438,-608965,-1059965,209.637
09b47818188f87e9,256,642934,40051,1124871,73217,-602883,-1051654,217.278
89339044d2bd80b3,256,637840,40034,1114406,73169,-597806,-1041237,213.425
a7ea8f7cb47b343a,256,641382,40197,1120382,73488,-601185,-1046894,208.424
20eed2ebb243e81b,256,637376,39976,1113057,73122,-597400,-1039935,208.508
18d8d1a7f39d66a1,256,647314,40247,1130643,73526,-607067,-1057117,207.816
8bd380b6e61a796d,256,645116,40003,1127289,73130,-605113,-1054159,204.02
cb58a873ed60618e,256,646086,40243,1131252,73554,-605843,-1057698,206.395
3b15daa9f4927dcb,256,638952,40189,1116668,73443,-598763,-1043225,211.899
2a226251fb9bf548,256,644184,40162,1125581,73442,-604022,-1052139,205.462
7a0a0af1c39cfec2,256,641656,40154,1121517,73410,-601502,-1048107,205.576
72ae10b544c270ed,256,644710,40165,1127146,73413,-604545,-1053733,214.078
68a3ad25ba382e31,256,636956,39980,1113502,73142,-596976,-1040360,205.039
59a6ac4f7e318a09,256,640096,40074,1119705,73290,-600022,-1046415,205.491
da947e1d1880868b,256,649012,40002,1135554,73105,-609010,-1062449,247.724
ff8f9dacb38eda1e,256,646160,40209,1129676,73568,-605951,-1056108,214.17
f90bba9280e64ecb,256,636774,40080,1111989,73311,-596694,-1038678,205.378
7188b599bb1471f2,256,643496,40172,1123908,73401,-603324,-1050507,205.734
40aa145f3e66e7aa,256,642442,39949,1122113,73057,-602493,-1049056,205.521
5d3478ebafffe59d,256,645744,40085,1129682,73301,-605659,-1056381,207.195
6d8a7bacdcc7844e,256,635696,40287,1113852,73578,-595409,-1040274,207.41
7d123042a4973ab5,256,646036,40153,1130141,73390,-605883,-1056751,209.44
d7840cab883d05b2,256,642746,40200,1123404,73494,-602546,-1049910,210.79
717adaf594c78ca0,256,635934,40093,1112860,73301,-595841,-1039559,222.609
27a78a5953286daa,256,641582,40252,1121194,73530,-601330,-1047664,205.949
d3a2f20c388bbdb9,256,638054,40069,1115288,73271,-597985,-1042017,204.177
41c26fe27a1ae974,256,647496,40046,1131760,73174,-607450,-1058586,204.97
8b7d8ce2ea1908d2,256,637886,40148,1114383,73424,-597738,-1040959,206.416
f4524fd92d698971,256,643576,40192,1123546,73435,-603384,-1050111,206.186
5b1be09fcf096264,256,636256,40110,1110739,73303,-596146,-1037436,205.899
4d3d07c7c9192e4d,256,641920,40185,1120546,73466,-601735,-1047080,212.048
e5f84d1a2c9e27ac,256,642976,40163,1123969,73396,-602813,-1050573,208.216
0860f42802690583,256,640608,40067,1119796,73225,-600541,-1046571,208.498
d7962430952168f8,256,625496,40232,1092023,73557,-585264,-1018466,205.199
fc21a86a34db0d5e,256,647022,40089,1130845,73259,-606933,-1057586,205.771
7e669d8800ecefb6,256,643506,40047,1125561,73246,-603459,-1052315,208.115
6dfc162fb3701ae4,256,650360,40040,1136833,73197,-610320,-1063636,207.671
6fbb08073b1ee7a9,256,638224,40117,1114154,73372,-598107,-1040782,205.06
f479254f2946f29e,256,637992,40151,1115189,73394,-597841,-1041795,205.684
c4cbcb45888994fc,256,642110,40103,1120198,73337,-602007,-1046861,210.557
c95fceee8ab5bec9,256,642460,40102,1124146,73304,-602358,-1050842,206.337
5be8481722fed66c,256,647234,40008,1130539,73157,-607226,-1057382,207.786
f86f3751db740645,256,639904,40352,1119697,73790,-599552,-1045907,209.55
ad78fbd9651a39cd,256,647050,40157,1130069,73513,-606893,-1056556,213.769
43034221d99b4964,256,732084,40120,1274136,73350,-691964,-1200786,211.387
07c111e920ad8619,256,729858,40096,1267107,73279,-689762,-1193828,212.056
eb89e78aefc04a56,256,733166,40075,1276063,73278,-693091,-1202785,212.113
feaa8d3fbd491b14,256,729960,40189,1268955,73467,-689771,-1195488,211.451
c87e2e08f9b378d9,256,726548,40173,1263810,73431,-686375,-1190379,210.111
eb8526aabbe00b5f,256,725680,40127,1260465,73373,-685553,-1187092,214.358
cdf82af160e7e3b7,256,735496,40097,1280009,73290,-695399,-1206719,212.1
72f7c14e32dcedb7,256,724918,40104,1261244,73266,-684814,-1187978,209.928
93c9f9924b454712,256,723374,40054,1256411,73247,-683320,-1183164,214.789
ef323541d1bfa6fb,256,736394,40110,1279677,73326,-696284,-1206351,219.171
8a0d160b1663d7a2,256,729188,40061,1268607,73281,-689127,-1195326,221.355
5daedd3788ebb6b3,256,729296,40148,1267366,73392,-689148,-1193974,213.101
64674c6525e05dfa,256,730310,40223,1269855,73545,-690087,-1196310,215.103
787d9e3201dd9a17,256,738172,40039,1284074,73212,-698133,-1210862,214.714
131b75d29ecd470e,256,732148,40277,1273289,73635,-691871,-1199654,218.466
883e91092a9398f5,256,726764,40248,1261555,73581,-686516,-1187974,217.745
810c719992aa90a6,256,732200,40101,1270682,73303,-692099,-1197379,219.329
7cc0d6c94d672607,256,738168,40215,1282889,73556,-697953,-1209333,215.531
a2887c0431da5f10,256,732514,40088,1273305,73298,-692426,-1200007,213.914
acf211f99fa8ec7c,256,726242,40097,1259545,73319,-686145,-1186226,213.221
4aa08f2860342c97,256,735080,40003,1280186,73107,-695077,-1207079,211.399
8b5ea8c73c75cc08,256,725786,40088,1260752,73317,-685698,-1187435,213.566
2be0d8eb0d921b87,256,729358,40176,1269098,73478,-689182,-1195620,214.56
ed6daa97b863795e,256,724594,40167,1258217,73396,-684427,-1184821,212.348
c50a31c49bc84933,256,728516,40191,1266110,73505,-688325,-1192605,215.986
49bb2f2d62dd0eab,256,731962,40188,1273273,73479,-691774,-1199794,212.648
f713e040e2a6ab16,256,742964,40079,1291318,73241,-702885,-1218077,212.666
8bf5ddd070089d43,256,728676,40119,1267900,73362,-688557,-1194538,214.972
3684441918e13d70,256,731150,40140,1272636,73428,-691010,-1199208,211.376
84e168ede3f87d87,256,721104,40190,1252458,73489,-680914,-1178969,213.173
c3af62ed64e6b31e,256,730294,40137,1269512,73401,-690157,-1196111,212.685
275c0d73a7a45ef3,256,735096,40214,1280788,73527,-694882,-1207261,213.286
698ae6997bfa36d4,256,730640,40132,1271129,73348,-690508,-1197781,214.488
875fd0c7ea2ee379,256,728434,40245,1266614,73547,-688189,-1193067,214.571
a9f1d9d1aa1d9361,256,730180,40146,1268468,73446,-690034,-1195022,212.444
3f68ee973255b085,256,728242,40057,1264787,73215,-688185,-1191572,212.233
6e0c916f12fbd5ea,256,723478,40177,1255880,73511,-683301,-1182369,211.236
4d913d96f4e18c29,256,728446,40013,1269558,73153,-688433,-1196405,212.749
42fa453c5788e78a,256,728378,40045,1265254,73249,-688333,-1192005,213.175
1ff077acac2e134f,256,722928,40088,1256130,73284,-682840,-1182846,213.496
bf006171dbd52ae0,256,731242,40257,1269650,73617,-690985,-1196033,217.698
5ce1021e64c578bc,256,735482,40221,1280358,73568,-695261,-1206790,213.189
19a527207c6163af,256,733164,40092,1274325,73323,-693072,-1201002,212.612
0554bb08f402f180,256,729684,40013,1268604,73214,-689671,-1195390,213.213
a94ced789073c994,256,723444,40103,1257255,73287,-683341,-1183968,214.991
ec51c43e50cc4892,256,732882,40046,1276622,73196,-692836,-1203426,216.846
d104ab96ec2b939e,256,745398,40225,1296974,73553,-705173,-1223421,217.486
98033bb8d78f585e,256,728518,40102,1265052,73335,-688416,-1191717,215.575
5e6c666f239e6704,256,723704,40196,1258808,73466,-683508,-1185342,211.312
88580bf57bce4adb,256,721702,40023,1253020,73189,-681679,-1179831,211.25
a8918647debd4986,256,724050,40109,1259798,73292,-683941,-1186506,213.512
fee2fe9fcbe3c652,256,726536,40116,1263830,73357,-686420,-1190473,211.677
670e57629adcf29e,256,739092,40087,1284238,73301,-699005,-1210937,212.764
6c909aa7425b1b71,256,727530,40193,1264524,73503,-687337,-1191021,214.12
04455b2e9cc86160,256,738984,40091,1287291,73341,-698893,-1213950,212.623
c5615d96f15df82f,256,732288,40077,1273119,73258,-692211,-1199861,213.157
580107592516cac2,256,735140,40113,1278303,73290,-695027,-1205013,213.612
e050363ae3a1ea4e,256,722230,40123,1256586,73406,-682107,-1183180,217.02
d163cf8c55058f6b,256,731000,40215,1269480,73540,-690785,-1195940,219.071
27dc98d00fe4a8d0,256,725368,40051,1259879,73212,-685317,-1186667,211.24
48f8085f51fd0bb2,256,732930,40041,1274520,73205,-692889,-1201315,211.484
71a28510e0da3ae5,256,726316,40118,1262779,73317,-686198,-1189462,211.995
5839ae23e6844de7,256,737474,40098,1282019,73300,-697376,-1208719,212.471
c7682f3394e7e25c,256,728872,40113,1266853,73348,-688759,-1193505,211.607
8b9e2f221122b823,256,723714,40097,1259683,73278,-683617,-1186405,211.263
72ef217c3845c7ad,256,732162,39933,1273297,72999,-692229,-1200298,212.676
5bf5656880653736,256,731298,40056,1270368,73217,-691242,-1197151,210.675
93babd43c9a0559a,256,734866,39999,1277826,73213,-694867,-1204613,217.059
8cb66cf7db6e58dc,256,732970,40302,1272509,73650,-692668,-1198859,219.902
1ebf48a2b0f40bbc,256,729754,40200,1269838,73491,-689554,-1196347,210.738
6c1568cb6294384b,256,728624,40159,1264298,73447,-688465,-1190851,211.524
bcf6b2e115e49b78,256,729332,40185,1267772,73526,-689147,-1194246,211.292
3593fed2198ba4e0,256,730740,40272,1269074,73620,-690468,-1195454,212.289
9d30c28021fd9ab6,256,733062,40294,1272175,73648,-692768,-1198527,215.393
3844e6fc8a8a308e,256,732934,40258,1273936,73650,-692676,-1200286,217.861
24d34eb77e09e4c0,256,734594,40016,1277123,73152,-694578,-1203971,213.986
42c132200c448eda,256,737992,39979,1284346,73146,-698013,-1211200,212.114
35dd850d2707cc8a,256,732324,40128,1272394,73396,-692196,-1198998,218.818
c6f408c93f984d21,256,733394,40101,1274117,73253,-693293,-1200864,218.2
b2fad885920885dd,256,734552,40179,1277224,73494,-694373,-1203730,213.392
697190b2d764a2cf,256,734308,40155,1274623,73382,-694153,-1201241,216.31
edf987f5806e0871,256,726086,40139,1262105,73416,-685947,-1188689,211.729
b65d708f8f7a7edc,256,729020,40006,1270740,73164,-689014,-1197576,212.206
5a5148a50d2f924d,256,740988,40026,1287677,73161,-700962,-1214516,214.996
a5524dc0c35e9836,256,731964,40004,1272044,73153,-691960,-1198891,215.605
99adeb4ed5f09ad6,256,725062,40128,1260903,73435,-684934,-1187468,192.996
b4cf95b8b10cb3c6,256,733846,39943,1273846,73072,-693903,-1200774,187.715
75da6ef422e8f343,256,724716,40214,1258670,73514,-684502,-1185156,210.827
f5427e78d0a65d85,256,733452,40185,1274545,73475,-693267,-1201070,210.525
d49efd259f3fc3d8,256,728304,40029,1266316,73256,-688275,-1193060,213.895
401221799518ae0e,256,730158,40129,1270613,73384,-690029,-1197229,213.187
575bec84d8b0ffaa,256,718676,40108,1249159,73319,-678568,-1175840,213.677
68d5ad015bbe79c4,256,729340,40116,1266981,73363,-689224,-1193618,212.608
ed7e8e487b49ee60,256,732202,40049,1272645,73247,-692153,-1199398,220.786
a963861199a15606,256,732676,40078,1274153,73311,-692598,-1200842,222.559
c162f912a5adbe44,256,734020,40180,1273982,73464,-693840,-1200518,213.647
2d82ea1d4a47af73,256,723636,40244,1258149,73603,-683392,-1184546,212.511
8fc0916c7b30140a,256,732154,40151,1271905,73423,-692003,-1198482,210.343
4413034a36937f03,256,727818,39966,1264388,73062,-687852,-1191326,211.477
4146f79f2a89001a,256,727856,40211,1265402,73539,-687645,-1191863,210.368
6603fb2fe3bd7f3f,256,806494,40200,1393562,73525,-766294,-1320037,216.638
35d76396c3c0c7a8,256,799252,40364,1382383,73821,-758888,-1308562,217.755
9440713c108aabfe,256,810634,40083,1402633,73315,-770551,-1329318,218.084
9c804f866494f059,256,806734,40142,1394238,73372,-766592,-1320866,230.921
bf5e0724e83c211d,256,808674,40221,1399209,73561,-768453,-1325648,293.009
eeebf255a26b2de4,256,807536,40192,1395925,73532,-767344,-1322393,195.865
082f0b0daee3f971,256,799312,40123,1381631,73363,-759189,-1308268,204.422
0c5eadff0094660e,256,821300,40148,1420649,73391,-781152,-1347258,226.691
d6370b1f10eb63a0,256,812844,40213,1405274,73482,-772631,-1331792,243.215
3c421ee4fc8b5c26,256,804430,40110,1389779,73333,-764320,-1316446,221.669
abf66eeeb984c90c,256,809180,40087,1397235,73309,-769093,-1323926,219.179
eb8a8ba71ed800e8,256,808876,40130,1398778,73382,-768746,-1325396,220.686
c07b951beb95a83c,256,813036,40029,1406468,73173,-773007,-1333295,222.063
c3a5d6099b632795,256,807414,40214,1396366,73554,-767200,-1322812,221.121
a726d2d97ad1b34c,256,805784,40084,1394930,73278,-765700,-1321652,226.604
edf7a58c583fa288,256,808762,40314,1400978,73709,-768448,-1327269,218.725
93285d1bc04296af,256,812834,40178,1406160,73482,-772656,-1332678,216.863
8a9e6987ae4fc7cc,256,818458,40061,1415317,73243,-778397,-1342074,215.503
87d3e823d92ee711,256,825040,40115,1426637,73387,-784925,-1353250,216.172
18e845a8f2369720,256,810724,40172,1404729,73499,-770552,-1331230,217.789
775401a1e02735bf,256,817692,40033,1411211,73237,-777659,-1337974,217.978
e35f940ba6550ae8,256,816664,40264,1412098,73618,-776400,-1338480,230.003
3772235e667da0d2,256,818146,40185,1414102,73452,-777961,-1340650,231.744
01130f861cc246d2,256,817246,40173,1412320,73493,-777073,-1338827,218.45
0847432f0193ca03,256,812136,40099,1403660,73323,-772037,-1330337,217.072
6876378c306b936d,256,819390,40280,1417300,73645,-779110,-1343655,214.927
af8b340977989415,256,817028,40281,1411515,73693,-776747,-1337822,215.95
865231f82fa946f1,256,803260,40168,1389032,73447,-763092,-1315585,212.742
1bf68de1e5dcb1eb,256,814624,40151,1408597,73399,-774473,-1335198,218.657
abb930d34d7d3e06,256,803898,40142,1391259,73386,-763756,-1317873,214.28
d2435b8dd1b86fbc,256,808000,40034,1397561,73240,-767966,-1324321,214.872
bf77fc4c4940a6ff,256,815164,40045,1410769,73181,-775119,-1337588,215.067
cc2ec3f80b98f23e,256,809252,40300,1400858,73668,-768952,-1327190,214.431
d3d0f8b8747ffcb3,256,811960,40199,1401993,73505,-771761,-1328488,219.287
eb1d92819eb5f1d4,256,812840,40270,1407818,73600,-772570,-1334218,226.718
cb43053381ad865c,256,820570,40244,1418516,73570,-780326,-1344946,222.127
1b419be671dbd9f4,256,810238,40107,1403090,73359,-770131,-1329731,213.319
48be3fcae2d32fd9,256,810310,40101,1400859,73326,-770209,-1327533,215.654
7af6d1b34a117baf,256,809552,40127,1401558,73367,-769425,-1328191,213.376
06f980dcceb8eb8c,256,815674,40052,1411364,73254,-775622,-1338110,215.693
df05fd0f1c49bf26,256,807792,40084,1394729,73326,-767708,-1321403,217.499
5a433750a9f0e80a,256,811550,40165,1402595,73427,-771385,-1329168,215.229
d46e78d65c7c722c,256,809848,40249,1400646,73528,-769599,-1327118,219.628
03c5e490806a5b39,256,816634,40130,1414122,73405,-776504,-1340717,218.317
54dfb2c5d23a3a12,256,811570,40133,1403314,73373,-771437,-1329941,213.591
d5e6a931f2f26ff5,256,806980,40113,1394550,73434,-766867,-1321116,214.216
f4193972c4a943fa,256,805400,40044,1392591,73224,-765356,-1319367,213.611
22fe151a2d0c5310,256,814800,40229,1408301,73575,-774571,-1334726,218.808
8bae2d68efbcceeb,256,810114,40280,1400900,73661,-769834,-1327239,224.157
53f75fe1a93fb8df,256,808226,40088,1398792,73303,-768138,-1325489,222.816
72a3f249ede600f1,256,815270,40172,1409654,73488,-775098,-1336166,214.816
12406b57daed88cb,256,819250,40124,1417112,73379,-779126,-1343733,216.342
a330f6ecf9d38c88,256,807104,40208,1396227,73505,-766896,-1322722,214.418
201ab54dbd720ba1,256,809512,40222,1399503,73499,-769290,-1326004,215.402
f31ec88cceee7324,256,811992,40219,1401696,73532,-771773,-1328164,216.45
23f30d549c1dfb08,256,806208,40320,1395252,73714,-765888,-1321538,213.166
d9c54f94b39f42ad,256,818984,40155,1416292,73443,-778829,-1342849,217.981
0a2e74d146008752,256,807654,40210,1394687,73534,-767444,-1321153,214.048
5ca1ab43308ca62f,256,816040,40046,1410108,73250,-775994,-1336858,219.974
27ee2221e6f9d5c4,256,817166,40108,1413642,73358,-777058,-1340284,217.246
548821bb7f277a2e,256,813084,40088,1405233,73266,-772996,-1331967,215.565
44c8f58b39c5f8ab,256,803004,40085,1388643,73332,-762919,-1315311,214.856
b16fd4da0df18d1d,256,805796,40146,1392552,73436,-765650,-1319116,220.659
0aa9d4e8650c72d7,256,806862,40303,1394505,73654,-766559,-1320851,214.142
b659922cb989ff9c,256,820196,40204,1419135,73497,-779992,-1345638,237.885
b541d38ec990db0b,256,808348,40113,1397082,73364,-768235,-1323718,314.237
5bf5f0b9736e58f6,256,806976,40148,1396478,73430,-766828,-1323048,272.594
f246330f102b1076,256,808642,40075,1398809,73299,-768567,-1325510,262.94
0b216c3ccfd7a7ab,256,811092,40183,1402924,73453,-770909,-1329471,277.378
5d3257e201dbc391,256,816678,40167,1413342,73461,-776511,-1339881,275.142
db2071c773a9df60,256,813056,39914,1405899,73022,-773142,-1332877,265.258
2268fd0e1bd04bc1,256,802758,40159,1387088,73423,-762599,-1313665,265.865
a583e9679d09a23f,256,814364,40160,1410501,73460,-774204,-1337041,264.595
fc24d3cabed62b9d,256,820660,40028,1420026,73170,-780632,-1346856,266.376
215ad3ccf940aab3,256,811766,40096,1403753,73299,-771670,-1330454,266.297
b32e304bb918cb89,256,817728,39998,1413326,73186,-777730,-1340140,272.275
9263dc6f9adb7573,256,817988,40102,1412741,73306,-777886,-1339435,270.183
fe4765e5dbda42ea,256,805438,40289,1393803,73640,-765149,-1320163,268.632
8513ecca07e299b3,256,808418,40184,1397115,73461,-768234,-1323654,267.058
38d7f49f11af3ee2,256,813446,40148,1405903,73392,-773298,-1332511,265.81
a569dd252a145876,256,812614,40133,1405164,73404,-772481,-1331760,260.577
eb639547299ef5b4,256,806606,40232,1394425,73566,-766374,-1320859,214.007
27534da87be475aa,256,809836,40220,1400349,73573,-769616,-1326776,215.5
1b3ba50137d261a0,256,813776,40085,1406128,73262,-773691,-1332866,220.581
52db2a054bd70c6c,256,808128,40184,1395810,73444,-767944,-1322366,214.74
b625d41a7fdf5213,256,815878,40221,1408193,73497,-775657,-1334696,226.267
e961e26e969d51fd,256,815700,40265,1410886,73603,-775435,-1337283,261.463
b548fd3e9f40c26e,256,819868,40125,1417516,73398,-779743,-1344118,271.654
b15cdb544c33e609,256,810056,40162,1399990,73471,-769894,-1326519,270.04
7fb4c559b89fff77,256,814552,40184,1409992,73449,-774368,-1336543,268.79
26cdefcdd01a6701,256,813754,40288,1407162,73650,-773466,-1333512,271.008
e6521bd940e89bcb,256,795484,40281,1373763,73646,-755203,-1300117,268.466
1eb84207fcfa2d6d,256,810064,40010,1398424,73231,-770054,-1325193,230.248
70a984f6b43dd9e7,256,810330,40124,1399252,73357,-770206,-1325895,241.037
19db2612ffa4a48d,256,817190,40236,1415843,73583,-776954,-1342260,229.313
1b6e1eedd549cef9,256,804146,40179,1390638,73452,-763967,-1317186,207.608
e44cc237145b9879,256,809358,40161,1397985,73465,-769197,-1324520,216.53
b0a38b661da606b1,256,814932,40154,1411658,73386,-774778,-1338272,225.739
993f78e13bff6e83,256,814408,40233,1406782,73530,-774175,-1333252,214.133
72636328c4894ea4,256,808540,40198,1399681,73474,-768342,-1326207,214.525
4597e2191ec3b2c1,256,888374,40138,1528703,73377,-848236,-1455326,225.625
9f12a6073c153b62,256,891072,40252,1534263,73632,-850820,-1460631,250.438
87739a226ee33969,256,885624,40084,1524991,73348,-845540,-1451643,251.711
3d65acf8471167cc,256,893790,40255,1537350,73633,-853535,-1463717,285.927
9e047d32d1f88842,256,889772,40217,1529722,73517,-849555,-1456205,295.052
759de74809ed25a6,256,888310,40015,1528766,73169,-848295,-1455597,298.328
59dc6c329a95639a,256,884696,40269,1518698,73596,-844427,-1445102,213.877
0ea7681bdb3dd0d9,256,887534,40213,1524573,73487,-847321,-1451086,211.583
d8eeb7fccd258cd7,256,889486,40321,1530474,73703,-849165,-1456771,234.553
0979868be0698b1b,256,889796,40149,1530884,73451,-849647,-1457433,261.07
2ea2abce88a738c0,256,885444,40305,1522421,73710,-845139,-1448711,237.345
3c6ed351e34806e0,256,887216,40185,1523426,73531,-847031,-1449895,306.421
05cb651834d6dfd0,256,890316,40277,1531393,73624,-850039,-1457769,302.46
0f394788442f70e5,256,882058,40149,1514975,73410,-841909,-1441565,299.285
03587966424e700a,256,892180,40188,1535887,73488,-851992,-1462399,283.045
02904caf98debc40,256,894502,40245,1538654,73557,-854257,-1465097,281.793
cab01b725645dbfd,256,884672,40160,1521540,73438,-844512,-1448102,262.421
ed36a7fa6f5e2f15,256,888320,40098,1530452,73354,-848222,-1457098,262.024
e099587272fb0887,256,897088,40267,1544842,73628,-856821,-1471214,238.474
6ff19d17df164b55,256,877112,40188,1507861,73489,-836924,-1434372,229.136
b6c7ae4da4c4934f,256,886278,40151,1528050,73416,-846127,-1454634,234.538
16920d1e795ad301,256,884412,40071,1519302,73276,-844341,-1446026,240.684
5ff3e64f48d8fc45,256,881144,40290,1513346,73680,-840854,-1439666,231.741
eddaa58fdd078101,256,892536,40094,1534821,73339,-852442,-1461482,252.671
0108dc1a85c324e1,256,882174,40288,1518814,73640,-841886,-1445174,283.583
e174c4df502f089e,256,883402,40144,1520127,73403,-843258,-1446724,275.507
727d4c9b436c51ab,256,889292,39988,1531140,73169,-849304,-1457971,292.052
46725490535f93c1,256,890092,40151,1532100,73370,-849941,-1458730,287.318
791b4f698b0dc767,256,886820,40110,1525903,73345,-846710,-1452558,264.239
76349f7daf7e806d,256,888490,40191,1527436,73464,-848299,-1453972,253.515
fbcf82e1b0b89bcd,256,890668,39985,1533190,73141,-850683,-1460049,283.307
4054ed41385e667e,256,886150,40158,1525507,73415,-845992,-1452092,232.931
bc93d6064450f0a0,256,890450,40102,1530865,73356,-850348,-1457509,211.842
8f16e112bdd81f6e,256,893104,40068,1537141,73307,-853036,-1463834,237.686
240d42e29ab456c1,256,888688,40182,1528064,73515,-848506,-1454549,205.444
ca3bece98910029b,256,885526,40025,1521895,73245,-845501,-1448650,242.573
1f7ba049968707d1,256,883418,40130,1518636,73380,-843288,-1445256,216.087
7e48cb55e76091f4,256,887940,40213,1530645,73552,-847727,-1457093,288.802
71c0ae0d40c6cff3,256,889696,40191,1532510,73489,-849505,-1459021,333.038
8c4b09de88eeeaef,256,884998,40148,1521713,73474,-844850,-1448239,342.4
bdcb616162891342,256,887604,40088,1530134,73254,-847516,-1456880,323.477
7b6b3acdeadbd7b2,256,891750,40279,1532941,73608,-851471,-1459333,337.52
7d0588f44ff8a476,256,901154,40146,1551841,73393,-861008,-1478448,313.139
f52a497c92e2b4b4,256,896820,40170,1543309,73446,-856650,-1469863,283.116
39b23a77776f081e,256,876608,40168,1507278,73437,-836440,-1433841,277.824
664a2378e5201a2f,256,889336,40057,1528282,73249,-849279,-1455033,280.277
e39d99c7b699b1cc,256,888748,40211,1526505,73511,-848537,-1452994,285.135
64687a642a6ea088,256,877908,40207,1507184,73540,-837701,-1433644,278.911
f4cab851b331670f,256,889098,40166,1530611,73477,-848932,-1457134,273.283
bfd4b9ff47a69924,256,886868,40237,1525449,73537,-846631,-1451912,270.544
0b360563dc8538d8,256,883124,40130,1518070,73365,-842994,-1444705,251.295
8f42da45fe3313c4,256,873870,40114,1498175,73404,-833756,-1424771,248.912
25cd9d8049a82c86,256,890646,40068,1534062,73294,-850578,-1460768,280.548
4692094de818d424,256,894036,40174,1536816,73496,-853862,-1463320,277.191
b295c943c68aae77,256,896474,40087,1542117,73326,-856387,-1468791,280.187
912326f488ee47d3,256,892074,40015,1536400,73145,-852059,-1463255,230.223
92e2c4c6f96366ae,256,885522,40090,1520675,73331,-845432,-1447344,221.032
fef96a272ef0be70,256,892648,40150,1533660,73390,-852498,-1460270,283.54
0ebcd3d944de1ca1,256,885118,40132,1522456,73395,-844986,-1449061,272.384
489509ee8d262ed8,256,885774,40228,1526234,73562,-845546,-1452672,275.939
ebbbffcf28ab084c,256,892238,39991,1536656,73130,-852247,-1463526,271.048
e46190db4357471a,256,885078,40064,1523441,73220,-845014,-1450221,247.641
e6bc4418478123b4,256,884094,40072,1521091,73260,-844022,-1447831,201.574
3c3c0c126e653735,256,885674,40153,1524042,73427,-845521,-1450615,216.812
e4acaf4e9f421e71,256,891148,40200,1532077,73523,-850948,-1458554,220.465
586efdafaf6fb8c6,256,889284,40188,1528832,73521,-849096,-1455311,221.219
ccc90e000c745d4d,256,899562,40168,1548653,73417,-859394,-1475236,221.734
8f46dd54f23c8ddd,256,889964,40191,1531895,73479,-849773,-1458416,228.234
ce5659b77b92a549,256,884410,40216,1521912,73537,-844194,-1448375,221.298
94cd57908b41c63f,256,882848,40115,1516479,73339,-842733,-1443140,221.421
f0d061402f3eb2ad,256,887892,40145,1527630,73419,-847747,-1454211,230.01
a8902c43306c578a,256,897632,40070,1544112,73226,-857562,-1470886,243.623
b86c0d227c325e52,256,887482,40153,1529853,73454,-847329,-1456399,220.845
ab97661845666c3c,256,896744,40100,1542437,73317,-856644,-1469120,221.794
18f10b3a026825c6,256,900194,40292,1549574,73682,-859902,-1475892,222.382
fdb8397819685bc1,256,886074,40176,1521439,73440,-845898,-1447999,223.239
b5167761ee2ec465,256,880636,40213,1515843,73575,-840423,-1442268,228.645
ad8296011295d93e,256,890092,40057,1531959,73272,-850035,-1458687,218.964
01010b89ae2ba3b5,256,886890,40095,1525170,73336,-846795,-1451834,219.876
9391dbdfef3c0195,256,890526,40165,1531898,73413,-850361,-1458485,221.303
7bbde9a668912f67,256,883196,40289,1520075,73640,-842907,-1446435,220.914
53634d71aea9b2e3,256,885540,40089,1521623,73311,-845451,-1448312,220.918
8205b218b3c6f1ef,256,889000,40077,1528440,73281,-848923,-1455159,219.397
73c03aedea0004a3,256,889064,40107,1531239,73361,-848957,-1457878,222.378
36bae99e1d6bd44b,256,884776,40099,1521099,73330,-844677,-1447769,228.182
f2c53194d432d3a6,256,886580,40110,1524925,73361,-846470,-1451564,229.548
e5f684251e4dfa90,256,893278,40208,1535089,73558,-853070,-1461531,227.89
56213a2c24cd3ea9,256,882722,40156,1517102,73387,-842566,-1443715,222.193
a35c53eae2425d3c,256,882246,40143,1521775,73377,-842103,-1448398,229.138
e2f25e12373cd8df,256,890554,40047,1532585,73218,-850507,-1459367,223.318
ecb9d020fc68d8bf,256,885808,40141,1523424,73476,-845667,-1449948,222.085
e0d6d50c9b979f0f,256,878110,40264,1511590,73606,-837846,-1437984,238.2
674470d8082a7ffd,256,891760,40324,1536753,73703,-851436,-1463050,224.952
f5184f127d28ded9,256,884482,40221,1519904,73543,-844261,-1446361,221.121
4f2f4aa37a492adc,256,889740,40038,1531810,73230,-849702,-1458580,237.878
3a834f646df27042,256,882748,40280,1520003,73652,-842468,-1446351,280.249
0ee7e071a39c02fb,256,892126,40080,1537785,73314,-852046,-1464471,276.814
fbf9f7cfc736c52b,256,882460,40126,1518780,73351,-842334,-1445429,271.008
d2062110fc191228,256,881730,40228,1516771,73572,-841502,-1443199,273.119
a2e848175c4d9fa4,256,888874,40082,1530497,73311,-848792,-1457186,273.262
f748648f93c0fd99,256,945398,40201,1618119,73503,-905197,-1544616,284.002
2e9b560ed440e7f8,256,951294,40147,1626986,73427,-911147,-1553559,279.357
50a886f9b48c975a,256,956662,40129,1638529,73374,-916533,-1565155,286.091
b558638782451336,256,955528,40094,1635378,73356,-915434,-1562022,283.615
bf1ce9972d0cf533,256,959744,39985,1644687,73104,-919759,-1571583,277.979
b7c45cef6482c225,256,966528,40093,1653794,73334,-926435,-1580460,280.777
8ea6094899c5fb57,256,958320,40158,1640630,73427,-918162,-1567203,278.363
76b122614525e8ff,256,962472,40158,1645467,73432,-922314,-1572035,284.658
9f70b96e6c151f37,256,957634,40089,1637949,73346,-917545,-1564603,278.754
8bea0569d370e331,256,963720,40203,1650600,73499,-923517,-1577101,282.009
5e909d023d270f5f,256,961410,40139,1642488,73392,-921271,-1569096,279.781
bbec35c2efcd8e0f,256,957018,40203,1639306,73510,-916815,-1565796,281.445
06db8d03e82ec255,256,963088,40216,1647463,73516,-922872,-1573947,278.579
8a7e429f53cfa34b,256,960202,40298,1643284,73649,-919904,-1569635,279.424
ff0e5a8d4e088902,256,950096,40225,1628773,73569,-909871,-1555204,279.323
0529910eafeaa635,256,953822,40332,1629795,73717,-913490,-1556078,282.921
e7f039472a021bcf,256,957030,40083,1635738,73292,-916947,-1562446,279.921
995f2e1d32c7f16b,256,971349,40082,1663972,73318,-931267,-1590654,287.578
c27d46948bf2b7f9,256,958512,40274,1641897,73684,-918238,-1568213,289.951
fd29464084237900,256,957082,40171,1638244,73478,-916911,-1564766,279.442
27d5437273e199bf,256,963432,40243,1650622,73591,-923189,-1577031,279.779
2775851b16b7c88a,256,959670,40137,1639476,73405,-919533,-1566071,277.906
8c753131acf60f84,256,960204,40094,1641094,73326,-920110,-1567768,278.833
886afd046b468da3,256,968696,40152,1660432,73471,-928544,-1586961,279.868
744c24db99567907,256,963816,40092,1647804,73247,-923724,-1574557,277.647
8b5298b11f5891bb,256,957486,40091,1641423,73320,-917395,-1568103,277.569
c4ec7bed662a5eb8,256,960296,40190,1644338,73468,-920106,-1570870,281.02
db3c484c17c7ae4e,256,955180,40061,1632699,73234,-915119,-1559465,280.762
463772194e1adece,256,959908,40149,1642361,73443,-919759,-1568918,295.119
85472dda7a9dae8b,256,965980,40192,1653616,73481,-925788,-1580135,283.08
2f83fb215dc6908b,256,953030,40388,1633440,73839,-912642,-1559601,277.863
6693a338cae25d3f,256,967594,40116,1658339,73397,-927478,-1584942,280.381
a96d0b4a99d70c01,256,961810,40099,1648135,73315,-921711,-1574820,289.677
ac1b7f98a8af178c,256,965454,40352,1652807,73766,-925102,-1579041,282.789
4bb48d8c71f1269d,256,958800,40095,1641702,73324,-918705,-1568378,279.275
cbe987ce69bc89ba,256,956272,40219,1638672,73546,-916053,-1565126,279.653
d4ac20a7dbe9faca,256,956946,40165,1635585,73490,-916781,-1562095,280.836
0c1a074739922c46,256,960308,40140,1644700,73405,-920168,-1571295,292.79
d41d4b48fc6ccb4a,256,966754,40185,1654586,73490,-926569,-1581096,280.739
04858b67d33d1ea4,256,954462,40262,1633458,73610,-914200,-1559848,282.376
2a9b04d2f935a4a9,256,961038,40086,1645400,73318,-920952,-1572082,286.965
4464b58110d9bf17,256,956168,40205,1637269,73518,-915963,-1563751,281.644
b35479465db5c7e0,256,956874,40176,1638284,73458,-916698,-1564826,281.15
0f88afac4a4eb843,256,966394,40069,1653136,73313,-926325,-1579823,283.106
2c6c361898280c6f,256,964142,40057,1651246,73266,-924085,-1577980,281.496
6575f2efbec6b7c1,256,953690,40314,1631617,73669,-913376,-1557948,281.436
c0248d53089c7030,256,965886,40129,1652849,73389,-925757,-1579460,278.304
f1c4b020f2fcc10e,256,960568,40079,1644225,73257,-920489,-1570968,279.797
3175a1790dc6aa9c,256,963388,40314,1650160,73703,-923074,-1576457,280.323
a6f33a870f6c4ceb,256,957906,40112,1639838,73418,-917794,-1566420,279.233
8ac8a8f5b55dd767,256,961358,40103,1646412,73331,-921255,-1573081,283.694
90eafeed7ef06a7a,256,960948,40197,1645432,73538,-920751,-1571894,281.923
9e3f16103f9220e6,256,956662,40122,1637584,73415,-916540,-1564169,279.02
aa42843b6bad8783,256,953060,40114,1632821,73303,-912946,-1559518,277.213
4533512effb79fb5,256,954810,39936,1633360,73070,-914874,-1560290,277.809
6524f1bd3a7223e1,256,951324,40246,1628562,73563,-911078,-1554999,279.487
4fb242439808d5f4,256,961682,40161,1648633,73393,-921521,-1575240,286.042
31b543c911de78ee,256,958070,40120,1639292,73395,-917950,-1565897,279.592
c286de14467a17d8,256,962328,40226,1646480,73585,-922102,-1572895,282.385
36504291e68e4d02,256,945632,40149,1613099,73436,-905483,-1539663,279.424
1ab3a29d5cf68f8d,256,963612,40150,1648807,73422,-923462,-1575385,286.698
33abee28bfdc5de9,256,957488,40203,1641623,73543,-917285,-1568080,279.4
8089fa1c8726356c,256,958288,40239,1638827,73545,-918049,-1565282,281.968
c79105484e4c37f1,256,955150,40356,1634250,73749,-914794,-1560501,291.959
6494069ee68e4067,256,955918,40165,1634439,73474,-915753,-1560965,278.839
a5be1f93fc471482,256,956324,40197,1632376,73524,-916127,-1558852,279.84
e0ac78edf9a5ccd7,256,958780,40099,1641181,73309,-918681,-1567872,288.989
82aa2a60b9959267,256,954442,40298,1633136,73684,-914144,-1559452,281.605
9b9ea7d7c31331d4,256,955602,40300,1636119,73650,-915302,-1562469,283.564
32775391f47d0d80,256,956448,40123,1634913,73357,-916325,-1561556,282.204
d84dd57b220dd63c,256,970100,40199,1658571,73485,-929901,-1585086,280.236
59ea4174c1962e48,256,966654,40205,1653609,73473,-926449,-1580136,284.202
914ec3c95d1642e7,256,964688,40108,1652543,73348,-924580,-1579195,286.757
4003e3c2d0f788ab,256,949646,40142,1624756,73403,-909504,-1551353,298.261
8aae401ae121e4ca,256,968084,40108,1656670,73346,-927976,-1583324,306.441
bd345eed934e5c3c,256,962602,40237,1649016,73600,-922365,-1575416,277.983
b1a43195222cfd8a,256,946054,40038,1618818,73216,-906016,-1545602,285.322
335333ba25c34eb0,256,958532,40062,1640997,73278,-918470,-1567719,276.269
e79b496ecfb33849,256,964522,40182,1647919,73540,-924340,-1574379,282.355
888962fbec9593f5,256,957558,40065,1641849,73286,-917493,-1568563,279.44
9d05e238191219e6,256,957296,40092,1639160,73328,-917204,-1565832,283.915
1e46b066e118a51c,256,956842,40183,1637984,73484,-916659,-1564500,280.629
64e8220bb20fc601,256,957740,40127,1636484,73352,-917613,-1563132,282.054
eb79d86b8e30bdcc,256,949642,40197,1625214,73511,-909445,-1551703,285.781
f487a6436870a95c,256,966568,40279,1654676,73679,-926289,-1580997,280.07
a8b1b611fbb77370,256,961628,40283,1647650,73691,-921345,-1573959,281.158
6866d50e71bf6239,256,958476,40066,1640863,73295,-918410,-1567568,279.294
f6dd63c0562106ae,256,960460,40152,1644538,73362,-920308,-1571176,281.059
4f0393d4158c8494,256,963030,40144,1647265,73389,-922886,-1573876,289.255
fba2dd64a207417d,256,956108,40192,1633178,73494,-915916,-1559684,279.743
f43e4a68975e080c,256,955440,40083,1633926,73295,-915357,-1560631,278.899
1f6d643698247030,256,953604,40161,1627782,73431,-913443,-1554351,280.377
bc3cddc03d6fb1f5,256,956250,40221,1639062,73538,-916029,-1565524,282.631
64332ebf67ce6a18,256,952333,40117,1628499,73371,-912216,-1555128,279.039
4b4ea22f40e86058,256,967960,40131,1659377,73406,-927829,-1585971,278.608
005639f149614096,256,961544,40033,1643540,73235,-921511,-1570305,281.695
8647ce4f95712184,256,949964,40112,1626212,73369,-909852,-1552843,287.128
8fa1d8dd34d7186a,256,966106,40177,1656382,73492,-925929,-1582890,277.764
f22ed8a6b3d727d5,256,952310,40225,1626052,73549,-912085,-1552503,288.683
4d246377d07f67c5,256,948686,40248,1623874,73556,-908438,-1550318,275.6
22d2086d86e2a58c,256,1026428,40160,1746892,73450,-986268,-1673442,283.947
d564715b47f5ba2b,256,1022496,40163,1741309,73487,-982333,-1667822,282.943
ce63fd665f4a5c5a,256,1024034,40160,1743229,73438,-983874,-1669791,282.404
09b64dfc3501de5a,256,1019336,40279,1735487,73675,-979057,-1661812,282.518
6c80b1dd56b91a0e,256,1010954,40254,1717835,73635,-970700,-1644200,281.795
1c6f3479ae1e4f42,256,1028000,40094,1752021,73345,-987906,-1678676,287.553
badc4fb606ef4c0d,256,1026750,40244,1749744,73613,-986506,-1676131,286.899
8bed15cee8107036,256,1026510,40242,1748366,73590,-986268,-1674776,285.429
043d8cf033aee378,256,1013282,40199,1720958,73470,-973083,-1647488,290.948
740d02d47856c447,256,1027352,40254,1748201,73627,-987098,-1674574,281.242
cd86d0bfbac9e756,256,1022508,40160,1739828,73404,-982348,-1666424,288.262
49197c560e84a5e5,256,1021510,40264,1738894,73650,-981246,-1665244,287.319
618007111eb8f01a,256,1017890,40195,1733763,73526,-977695,-1660237,2391.024
8b1c4ee41fead3df,256,1025278,40167,1746270,73459,-985111,-1672811,270.29
e630daf570c4c560,256,1012232,40277,1725988,73640,-971955,-1652348,247.949
71c15ef03403082c,256,1019144,40279,1735115,73694,-978865,-1661421,273.399
70f97fdb52b5d170,256,1023312,40114,1742403,73373,-983198,-1669030,331.862
b3b5301e2262ed2a,256,1023120,40044,1741461,73263,-983076,-1668198,323.125
e03edfecb46fb217,256,1024130,40083,1741816,73333,-984047,-1668483,345.162
31c2eeafddd37fc9,256,1025084,40191,1745021,73459,-984893,-1671562,366.013
ce6d273db744ec02,256,1018422,40156,1734624,73455,-978266,-1661169,708.367
faff1b63747d2df0,256,1018014,40202,1735504,73551,-977812,-1661953,1515.129
5e3c2491f325d397,256,1021102,40365,1737458,73812,-980737,-1663646,2199.541
aaf42657ad233cac,256,1026714,40154,1749658,73451,-986560,-1676207,315.47
68d6afc3623fae15,256,1025756,40198,1744548,73500,-985558,-1671048,306.414
58d7b4a2acca6455,256,1024892,40313,1745307,73668,-984579,-1671639,309.027
be8d407b75db3329,256,1033852,40154,1760446,73442,-993698,-1687004,282.476
4fc914f12b4ca434,256,1018516,40330,1731882,73726,-978186,-1658156,296.714
20a2e38cca89b842,256,1020918,40144,1736672,73375,-980774,-1663297,282.22
f20b4746e9ac3cb9,256,1019464,40148,1737067,73451,-979316,-1663616,279.603
0ed37933bb489765,256,1012348,40124,1725981,73411,-972224,-1652570,295.783
fa0e0db845733ba6,256,1026572,40094,1748357,73337,-986478,-1675020,286.1
baca9246c05e949e,256,1020308,40186,1734933,73474,-980122,-1661459,274.139
6a39106c3d14632c,256,1024730,40112,1742379,73396,-984618,-1668983,274.803
966ef2d00166706d,256,1021928,40142,1740897,73380,-981786,-1667517,275.135
b35fc57d37c6519a,256,1021628,40111,1738306,73372,-981517,-1664934,275.117
492689ec692c5121,256,1020398,40022,1734215,73166,-980376,-1661049,277.797
3008368d4cb35382,256,1024878,40341,1745178,73770,-984537,-1671408,276.859
77568c33a15dbe2c,256,1025832,40275,1744606,73611,-985557,-1670995,277.168
e98169c821a34892,256,1025982,40038,1744586,73232,-985944,-1671354,275.633
fc58ae6a579bfe65,256,1016058,40259,1729885,73581,-975799,-1656304,273.678
900215df48714637,256,1021088,40073,1737770,73291,-981015,-1664479,273.696
6b8d727202faae4f,256,1017312,40194,1733518,73514,-977118,-1660004,274.421
547805e906b05849,256,1021104,40150,1733502,73384,-980954,-1660118,349.783
26fd8335d78e2e96,256,1014188,40157,1728112,73449,-974031,-1654663,289.912
3510e1aec992944c,256,1022630,40082,1741924,73336,-982548,-1668588,302.972
c205b8e9b4fa1664,256,1024976,40187,1743450,73482,-984789,-1669968,313.904
8f50da9893a70316,256,1029726,39970,1753963,73103,-989756,-1680860,262.942
8036bd2d14996506,256,1024678,40105,1744909,73386,-984573,-1671523,236.924
b53f1a96ef8ea577,256,1024664,40292,1742643,73669,-984372,-1668974,218.378
3937f89cc6d5c88a,256,1026610,40173,1749381,73470,-986437,-1675911,212.742
29a4c9ef728d9deb,256,1028464,40202,1750194,73475,-988262,-1676719,214.438
97ec6e03e57b305f,256,1022640,40095,1738733,73365,-982545,-1665368,219.626
489bc9496b088a96,256,1030016,40082,1757565,73254,-989934,-1684311,226.081
d066e54c82ba7f60,256,1011694,40204,1723151,73542,-971490,-1649609,219.108
882ce1c4ea593683,256,1020964,40162,1740467,73447,-980802,-1667020,224.477
ac9f7d6fc8a17732,256,1015108,40076,1728274,73327,-975032,-1654947,235.612
4ac2198952f4f521,256,1027966,40259,1753291,73619,-987707,-1679672,220.352
df249a054be0da2c,256,1014518,40234,1725444,73645,-974284,-1651799,218.942
93de8474adffe652,256,1018774,40139,1739258,73399,-978635,-1665859,220.554
71a783982e92d2ce,256,1023238,40176,1742380,73453,-983062,-1668927,247.252
6f819de7050b692d,256,1017250,40063,1732215,73294,-977187,-1658921,280.481
459034275888c080,256,1024588,40206,1747755,73484,-984382,-1674271,315.592
ca8ea65c4af77f59,256,1021270,40125,1739206,73335,-981145,-1665871,233.359
3a6be62242dc2a59,256,1025890,40208,1747563,73520,-985682,-1674043,233.986
1f551bf65a4cf374,256,1026506,40310,1752037,73685,-986196,-1678352,268.853
efffb6038eaea9c4,256,1022970,40128,1742299,73412,-982842,-1668887,289.893
41c0b7da53a4dfa0,256,1013620,40281,1724161,73620,-973339,-1650541,245.37
6143dc7896183210,256,1028410,40243,1750645,73512,-988167,-1677133,244.253
b44c22da19ace0e9,256,1021250,40140,1739142,73416,-981110,-1665726,249.12
7a3249fc140abbc4,256,1027502,40151,1748234,73334,-987351,-1674900,266.508
cdb373016258649f,256,1013624,40029,1722655,73250,-973595,-1649405,249.4
874ebbb85a48407a,256,1006566,40228,1709325,73587,-966338,-1635738,227.381
40676734696453f8,256,1013840,40414,1730490,73861,-973426,-1656629,228.449
83dc07695e430945,256,1024950,40131,1746108,73387,-984819,-1672721,235.167
5021fe7625bbb96b,256,1008266,40063,1716011,73280,-968203,-1642731,297.416
958604899023837c,256,1028210,40133,1748759,73368,-988077,-1675391,273.13
8fd939ef12e8648b,256,1023650,40177,1741965,73404,-983473,-1668561,287.587
43a02ae73f9ecd1a,256,1027278,40154,1749975,73431,-987124,-1676544,267.322
7bd2cbda3168c3d9,256,1023434,40176,1741480,73480,-983258,-1668000,3099.393
dc2e5d265745e18f,256,1013786,40184,1726259,73419,-973602,-1652840,291.214
96fb7d3c139961de,256,1025254,40129,1743343,73380,-985125,-1669963,247.081
e155c76edd9f20ce,256,1020960,40166,1736755,73421,-980794,-1663334,243.592
e9beb8e0c2beb1a5,256,1021754,40141,1740956,73389,-981613,-1667567,243.547
d03554b8f2f62274,256,1025378,40088,1746039,73331,-985290,-1672708,242.15
b8f800942ef39320,256,1026942,40298,1746818,73667,-986644,-1673151,243.571
75ebf2d10c5cba71,256,1018388,40207,1736061,73504,-978181,-1662557,242.612
158134d927d4c1f5,256,1027038,40147,1748070,73429,-986891,-1674641,244.774
ac19348e4b80d229,256,1022192,40265,1738649,73629,-981927,-1665020,248.47
9d42c5df7cc260a2,256,1017672,40297,1733816,73640,-977375,-1660176,244.489
97a611b850c7150b,256,1028100,40166,1752577,73476,-987934,-1679101,272.597
a4d92749827806a0,256,1021384,40108,1739141,73372,-981276,-1665769,303.892
84fb9f276205add2,256,1030204,40233,1756590,73539,-989971,-1683051,345.601
1a796d70a0a5fa1b,256,1022096,40008,1739645,73173,-982088,-1666472,294.861
a59c00516f2defd7,256,1023786,40026,1743495,73173,-983760,-1670322,307.075
167b508015618951,256,1016632,40094,1729931,73285,-976538,-1656646,306.098
d1a1ef97c351afb5,256,1021744,40177,1737358,73491,-981567,-1663867,313.959
aec9ee0f1476d123,256,1014248,40322,1726017,73721,-973926,-1652296,297.448
4126c9605ca6977c,256,1026704,40173,1746407,73461,-986531,-1672946,271.58
720873afd1d35f4f,256,1020562,40187,1738091,73499,-980375,-1664592,267.781
1b9031137cc3e847,256,1080102,40226,1831026,73561,-1039876,-1757465,281.374
fb258ebb7d42e984,256,1063038,40240,1792396,73594,-1022798,-1718802,275.619
db9e12fc1fb6c370,256,1066276,40133,1803727,73431,-1026143,-1730296,270.786
2b1fd33fddaa522e,256,1081765,40091,1832429,73306,-1041674,-1759123,294.022
4e5901d12ea3f04e,256,1095370,40056,1853008,73274,-1055314,-1779734,333.527
37cb204db67b56b7,256,1071880,40076,1814686,73288,-1031804,-1741398,317.818
bc0f04e93f901324,256,1064636,40189,1799821,73489,-1024447,-1726332,314.27
7363614c54430acd,256,1083912,40149,1835739,73378,-1043763,-1762361,283.604
6fb9de84f8d57e10,256,1082374,40056,1831549,73291,-1042318,-1758258,284.225
c8f880d26b443369,256,1077148,40215,1824366,73511,-1036933,-1750855,281.293
e947cfb99ac213c7,256,1069416,40239,1809407,73540,-1029177,-1735867,284.159
4d7cd9f4a6593e09,256,1075434,40230,1816472,73535,-1035204,-1742937,281.223
0566f5daa7db3c99,256,1067285,40364,1802731,73765,-1026921,-1728966,285.56
d7ef90331ce1ac59,256,1066832,40057,1807803,73272,-1026775,-1734531,289.971
a4a90efa8bdcfb84,256,1080452,40091,1833201,73346,-1040361,-1759855,333.593
07ebe3d9d50a0131,256,1071934,40242,1812645,73601,-1031692,-1739044,336.505
1061f595a75711d5,256,1076324,40249,1823353,73532,-1036075,-1749821,291.983
9578825c7d92d6e9,256,1077638,40121,1825604,73354,-1037517,-1752250,292.642
b6e4cd8e622b7d6f,256,1080718,40000,1831662,73182,-1040718,-1758480,265.859
4b95b9f0add48f4e,256,1081194,40069,1831485,73293,-1041125,-1758192,276.757
65000d39a8fccaa7,256,1078272,40085,1823920,73308,-1038187,-1750612,290.081
a3c04d1b6fc2f94e,256,1082772,40131,1834755,73356,-1042641,-1761399,302.181
6d363279d08004f9,256,1076309,40276,1820813,73597,-1036033,-1747216,286.123
19cf6ef0853dad9b,256,1071180,39902,1814237,72983,-1031278,-1741254,278.039
b8c7dad2b3904eaa,256,1072560,40225,1815849,73572,-1032335,-1742277,275.449
557e32bfb062b45c,256,1085128,40124,1835797,73388,-1045004,-1762409,286.748
dbf5e2a10a366133,256,1072548,40065,1816639,73280,-1032483,-1743359,256.414
7045b501a1c52e44,256,1079406,40103,1829019,73349,-1039303,-1755670,278.541
ec6e0b1f2ab6e04c,256,1070870,40083,1811780,73334,-1030787,-1738446,294.565
8df5692d94f514ba,256,1077288,40125,1825697,73401,-1037163,-1752296,299.883
5f05bd239dea0737,256,1079654,40107,1825559,73370,-1039547,-1752189,293.991
d7b5227edac47b0f,256,1074520,40270,1817806,73619,-1034250,-1744187,332.801
d8a135a53e371d78,256,1075958,40156,1823806,73390,-1035802,-1750416,327.514
68ff62ad7afd2b91,256,1077130,40171,1823700,73475,-1036959,-1750225,320.95
39f0dd2b93ae0649,256,1062372,40215,1796620,73506,-1022157,-1723114,286.089
e06ee66400690a30,256,1069988,40125,1811411,73340,-1029863,-1738071,262.653
f738b535502b347c,256,1085135,40131,1835579,73367,-1045004,-1762212,272.193
b5536c16f169c4a5,256,1067196,40250,1808222,73589,-1026946,-1734633,301.689
f7c12bfb6f0fda23,256,1078052,40122,1824443,73354,-1037930,-1751089,302.795
7cb4af91a2f6b52b,256,1069620,40213,1812335,73485,-1029407,-1738850,303.792
db82d2ff9311d437,256,1072780,39993,1816399,73193,-1032787,-1743206,278.77
91e81b2f9b9eaf68,256,1067918,40225,1805705,73577,-1027693,-1732128,278.24
423819059f6b0d5b,256,1067638,40165,1805036,73436,-1027473,-1731600,280.558
152279a2c9cc8db1,256,1075472,40201,1824310,73498,-1035271,-1750812,275.029
86f70ea9e9f61858,256,1077838,40246,1827426,73578,-1037592,-1753848,278.027
68efcd485d8dd4a2,256,1077322,40129,1822955,73419,-1037193,-1749536,278.383
5698401c881e1355,256,1075416,40224,1820109,73517,-1035192,-1746592,284.752
28d64bd22d1bb36d,256,1076504,40094,1823710,73353,-1036410,-1750357,277.76
4a9c95cb7d4b9f92,256,1070688,40146,1814477,73421,-1030542,-1741056,278.788
2f7246bc0b7fafeb,256,1067560,40117,1805512,73363,-1027443,-1732149,275.171
bdf10b4cec1a0f3f,256,1076110,40189,1822220,73495,-1035921,-1748725,275.396
838594570fde1092,256,1084312,40206,1835464,73533,-1044106,-1761931,277.727
2744a00a44f905bf,256,1081168,40155,1830488,73432,-1041013,-1757056,282.441
9c11f3ffa9fd8c81,256,1073834,40080,1820557,73335,-1033754,-1747222,286.619
066cefcb8305de17,256,1073926,40131,1815605,73392,-1033795,-1742213,278.113
0f5cd5c9d051c121,256,1080581,40133,1827927,73402,-1040448,-1754525,277.745
3f950eb8986be1b9,256,1082486,40146,1834826,73394,-1042340,-1761432,279.978
86d383957b2c1ec8,256,1076556,40052,1822420,73238,-1036504,-1749182,275.892
f6e4355f77c1da24,256,1080153,40209,1831294,73474,-1039944,-1757820,290.664
381f326e286dfd01,256,1060108,40136,1791692,73390,-1019972,-1718302,274.539
5467569ea7b5a777,256,1081972,40061,1832510,73226,-1041911,-1759284,276.463
e3fdd3d34ff667df,256,1081602,40227,1831923,73524,-1041375,-1758399,312.411
86fc05bdb11491ba,256,1070556,40122,1811113,73341,-1030434,-1737772,318.546
fc924ee2d1f68bdc,256,1078624,40158,1826373,73437,-1038466,-1752936,318.975
119cadce2f8199aa,256,1076610,40210,1821972,73519,-1036400,-1748453,304.516
8cc4696daeeede5e,256,1068134,40261,1808875,73572,-1027873,-1735303,325.418
84ef8cd910aef4d2,256,1069096,40115,1810303,73377,-1028981,-1736926,276.83
b776188d9cf93c39,256,1078370,40186,1824361,73449,-1038184,-1750912,263.783
4ceaf32176e7c9cc,256,1086538,40090,1840860,73338,-1046448,-1767522,311.393
b65f31d741893318,256,1076830,40228,1827660,73554,-1036602,-1754106,301.554
f37a04ab64165f64,256,1078047,40239,1828002,73571,-1037808,-1754431,321.362
c9536cce49e220e6,256,1073774,40162,1816630,73416,-1033612,-1743214,312.191
e130ffe5209770ca,256,1069492,40131,1810092,73403,-1029361,-1736689,272.089
e7a510aaec5f5a2a,256,1075898,40034,1819542,73249,-1035864,-1746293,293.073
3ed4b496c3f73a4a,256,1082854,40174,1838476,73471,-1042680,-1765005,284.63
8241454898677cac,256,1080238,40067,1828041,73269,-1040171,-1754772,287.014
1aa8591f87fbbb82,256,1079056,40294,1833637,73688,-1038762,-1759949,285.539
9dcbacc93037dcde,256,1064188,40064,1798420,73299,-1024124,-1725121,289.746
602174699cb88a89,256,1079068,40185,1826928,73417,-1038883,-1753511,291.545
6bffbc9d72a5557a,256,1076052,40036,1820129,73260,-1036016,-1746869,292.84
85a7e93368ed0f72,256,1070230,40150,1812995,73425,-1030080,-1739570,288.641
64984eabf85b6f49,256,1087576,40107,1840679,73385,-1047469,-1767294,286.935
3e203f20ee82c6d5,256,1065122,40158,1802655,73440,-1024964,-1729215,278.746
8619b49dfed7df6b,256,1073818,40116,1816334,73339,-1033702,-1742995,302.59
7f3888018ff9a803,256,1071110,40134,1811646,73410,-1030976,-1738236,279.449
da866f8b27c7baa1,256,1073410,40072,1817414,73312,-1033338,-1744102,314.601
3aeabf1818800e1d,256,1072942,40205,1817168,73499,-1032737,-1743669,340.408
c2d3a1fffcd18303,256,1077562,40213,1820842,73551,-1037349,-1747291,323.092
20c5cbadf405d38c,256,1073651,40145,1818231,73375,-1033506,-1744856,360.246
151c1b808ed90175,256,1066746,40125,1800179,73390,-1026621,-1726789,264.564
9971cec865f1986c,256,1069520,40128,1808765,73364,-1029392,-1735401,264.31
6754361b76e53d0d,256,1077504,40022,1828971,73184,-1037482,-1755787,264.303
79a04e7ef0eb492f,256,1076330,40192,1824172,73446,-1036138,-1750726,279.065
19222c4881fb7e31,256,1072989,40219,1814678,73539,-1032770,-1741139,295.101
73892c2bc151e674,256,1082576,40000,1831592,73071,-1042576,-1758521,293.394
81592ac9744ca816,256,1084194,40183,1837127,73506,-1044011,-1763621,292.579
bee22fb884112f57,256,1080982,40028,1830191,73191,-1040954,-1757000,287.548
a601b687fab43fb7,256,1082136,40146,1834469,73371,-1041990,-1761098,286.445
8cda2acad974412a,256,1074094,40186,1818449,73506,-1033908,-1744943,292.334
72d41385d0f9db48,256,1077552,40221,1819658,73532,-1037331,-1746126,287.79
da59b46c1e81ccf1,256,1121006,40073,1888493,73324,-1080933,-1815169,288.073
61f7dd31079e2065,256,1129912,40317,1906201,73696,-1089595,-1832505,290.871
afe338ae998be3cb,256,1117678,40190,1882908,73462,-1077488,-1809446,289.737
bf124fb46f4b9813,256,1106909,40022,1860818,73211,-1066887,-1787607,287.013
66614842654f266c,256,1127074,40201,1901592,73537,-1086873,-1828055,339.891
1a8b4010e8ae7420,256,1125730,40166,1895464,73461,-1085564,-1822003,340.849
f8c3d29758fec600,256,1118592,40143,1876467,73444,-1078449,-1803023,324.747
6724a5299633d56a,256,1099300,40201,1845477,73458,-1059099,-1772019,318.112
7715beccba35daf1,256,1121847,39998,1889903,73218,-1081849,-1816685,323.887
0d9e9eebe7d12709,256,1102728,40049,1854809,73293,-1062679,-1781516,322.64
d1b18f021869cf3a,256,1116022,40083,1879768,73284,-1075939,-1806484,318.749
f92d7327cea4196e,256,1119074,40210,1884338,73482,-1078864,-1810856,315.288
8b954041b2805cad,256,1117621,40090,1885675,73345,-1077531,-1812330,317.028
aa5a299edf31f99d,256,1111218,40225,1871669,73576,-1070993,-1798093,327.245
c0e48217832e7c19,256,1116776,40055,1880027,73304,-1076721,-1806723,354.226
17a65fa5340cd069,256,1114608,40171,1876823,73447,-1074437,-1803376,370.454
73b541737907783a,256,1114919,40194,1877872,73445,-1074725,-1804427,330.309
85aa8c9e3c5b0292,256,1117670,40238,1883324,73592,-1077432,-1809732,322.301
b1b7c05784b08806,256,1104392,40169,1854983,73434,-1064223,-1781549,333.487
8bb262fa04c778c6,256,1114693,40119,1880567,73423,-1074574,-1807144,344.259
f2f0ffed8fbc141e,256,1115616,40198,1879493,73536,-1075418,-1805957,401.051
f9a557bd04aaa3a5,256,1114748,40048,1873840,73232,-1074700,-1800608,299.63
e5705aad1cc33695,256,1122266,40192,1894331,73458,-1082074,-1820873,271.488
53aa42f0b4c5ad13,256,1127108,40221,1897698,73566,-1086887,-1824132,365.983
8746589cc670fbef,256,1114608,40033,1873013,73187,-1074575,-1799826,320.068
eb2f3546948cd20c,256,1107098,40165,1861441,73458,-1066933,-1787983,302.994
dcc38946f870ab0e,256,1119806,40199,1884006,73523,-1079607,-1810483,291.942
2134b39c0f71d3df,256,1102588,40125,1853517,73375,-1062463,-1780142,295.429
f14a55cfdd8ad029,256,1125646,40065,1893895,73259,-1085581,-1820636,298.831
42ed51bd335af9f2,256,1104636,40241,1861478,73559,-1064395,-1787919,286.681
b0ff56b69e128434,256,1119678,40097,1888329,73297,-1079581,-1815032,302.372
b9bd3386771b589c,256,1127142,40136,1897306,73364,-1087006,-1823942,289.456
f94fbafb882b849f,256,1119472,40084,1884918,73297,-1079388,-1811621,300.346
8ab19eee3321e6c4,256,1099954,40138,1848040,73331,-1059816,-1774709,291.529
dd284118dcfe4a2e,256,1111806,40080,1871750,73312,-1071726,-1798438,307.573
4d59941197728ab4,256,1120644,40154,1887913,73401,-1080490,-1814512,286.834
d5dec8e93ed3adc1,256,1115507,40138,1880061,73340,-1075369,-1806721,289.503
e41917f73eaee373,256,1121422,40090,1887783,73357,-1081332,-1814426,288.536
24f1795acde2f9ea,256,1104136,40143,1855288,73387,-1063993,-1781901,287.33
356ca06e9f086326,256,1118029,40139,1878913,73347,-1077890,-1805566,289.122
4aeac8e9c5f46b07,256,1106338,40091,1860429,73345,-1066247,-1787084,285.83
dd755d2264f77fbf,256,1124508,40258,1893254,73616,-1084250,-1819638,289.891
d8e58c9719bb6db3,256,1121362,40049,1888503,73203,-1081313,-1815300,286.694
13c728d6cbe675d9,256,1116502,40200,1875724,73438,-1076302,-1802286,289.102
574843bf0ceee867,256,1115938,40139,1874926,73369,-1075799,-1801557,290.84
09642b221c6a2c5c,256,1128654,40186,1904820,73478,-1088468,-1831342,288.637
42b45aafabe8f4b7,256,1120276,39966,1892411,73101,-1080310,-1819310,292.237
9a35c0c58207e8d4,256,1121910,40053,1894762,73195,-1081857,-1821567,286.589
ea16d128c363b709,256,1116950,40086,1876906,73344,-1076864,-1803562,293.287
9b0e10226000a129,256,1123307,40203,1892785,73499,-1083104,-1819286,304.384
55bb3ccb4ae478ad,256,1120509,40158,1887012,73422,-1080351,-1813590,296.848
b3800ea98e174c62,256,1115290,40119,1876492,73338,-1075171,-1803154,288.6
c3e2b97242ffb80d,256,1117596,40118,1878750,73368,-1077478,-1805382,289.114
2839ede64661ef3b,256,1111062,40210,1868777,73517,-1070852,-1795260,291.338
049d09516c19494d,256,1123910,40108,1888601,73317,-1083802,-1815284,292.001
224d6f221708f32d,256,1125516,39966,1899809,73145,-1085550,-1826664,293.675
3f0399f5e25ffb5d,256,1129338,40117,1899640,73383,-1089221,-1826257,301.086
7567bb5ef4df3a15,256,1109734,40223,1862980,73491,-1069511,-1789489,299.188
339aaeffdbb1353e,256,1127722,40189,1902642,73528,-1087533,-1829114,289.921
9be523708fe42091,256,1114482,40142,1873389,73361,-1074340,-1800028,293.607
61ba25b546ed44ae,256,1123122,40040,1890238,73191,-1083082,-1817047,290.215
506d70d6a1ecef27,256,1110500,40062,1860140,73281,-1070438,-1786859,289.147
0a600a91febf4cb1,256,1119134,40210,1885163,73518,-1078924,-1811645,303.711
4cfc518931a0c186,256,1106178,40178,1862958,73475,-1066000,-1789483,294.084
8ab718958b24d651,256,1113016,40142,1877574,73357,-1072874,-1804217,288.49
8dabd96ec88703e3,256,1117256,40315,1877728,73644,-1076941,-1804084,294.382
b8fecd411f39ee5e,256,1116504,40223,1880287,73519,-1076281,-1806768,295.115
d26b1a9d28c6c75a,256,1124858,39958,1898037,73054,-1084900,-1824983,293.063
3245d7eeb17210f2,256,1125642,40295,1892295,73661,-1085347,-1818634,289.403
09c1013db52a81e3,256,1114548,40104,1875715,73329,-1074444,-1802386,291.719
d26c8409aa7828c8,256,1120058,40072,1882969,73263,-1079986,-1809706,288.503
f58ed0edb9009104,256,1109249,40052,1866319,73223,-1069197,-1793096,289.581
96618336b24876f3,256,1109944,40024,1865145,73166,-1069920,-1791979,290.259
094c0bbc881cc07e,256,1127090,40070,1898267,73283,-1087020,-1824984,295.695
d64ced4ff1bd49ce,256,1125088,40098,1896426,73383,-1084990,-1823043,298.49
e431c6590e2e19c0,256,1121270,40131,1890194,73338,-1081139,-1816856,294.467
164e1fe3af538f66,256,1118176,40183,1882244,73410,-1077993,-1808834,296.176
10ac6f26c7074ec5,256,1112192,40043,1871001,73210,-1072149,-1797791,289.022
deb59fe3ad5745ee,256,1106558,40137,1858960,73423,-1066421,-1785537,286.673
4f078e52ecf53eeb,256,1126822,40059,1899149,73196,-1086763,-1825953,294.665
6de1540919167f2d,256,1122408,40103,1889548,73348,-1082305,-1816200,290.552
9f56b88e93a929dd,256,1118900,40118,1880722,73353,-1078782,-1807369,289.895
bdad7d6a0b690458,256,1122663,39999,1885331,73150,-1082664,-1812181,309.269
a21feeacd56ab1cc,256,1121030,40058,1891638,73259,-1080972,-1818379,288.727
b071c164a7ab61a9,256,1124377,40130,1895034,73334,-1084247,-1821700,297.764
76bcb5dd5f19d7ac,256,1100462,40125,1847012,73361,-1060337,-1773651,289.062
120f8f2691f77d49,256,1113965,40128,1873718,73420,-1073837,-1800298,291.539
ae9985c1c78f5842,256,1101482,40156,1851573,73442,-1061326,-1778131,289.858
fd3f6ebf0f1312b1,256,1122894,40111,1892659,73363,-1082783,-1819296,289.533
a6309cec54c8bbbe,256,1127942,40116,1902008,73374,-1087826,-1828634,291.081
2a7aeb72d3b5f01d,256,1117172,40213,1881463,73510,-1076959,-1807953,295.582
f1bb12680d326baf,256,1117734,40174,1883727,73422,-1077560,-1810305,296.791
6e8382be1d5fb752,256,1120163,40270,1886862,73596,-1079893,-1813266,299.113
694705ff836e9f9e,256,1120822,40011,1884857,73145,-1080811,-1811712,288.767
9bf8634736c2bc31,256,1123125,39863,1890726,72883,-1083262,-1817843,300.425
6fcada0067eb3e5d,256,1112178,40070,1871560,73313,-1072108,-1798247,291.537
2fd6dffde4ecfd90,256,1129924,40133,1902772,73352,-1089791,-1829420,287.818
4268367548dc5c0e,256,1119369,40052,1884291,73265,-1079317,-1811026,292.424
fa2d703222c69255,256,1121744,40285,1890358,73644,-1081459,-1816714,288.003
69a0fad1f9db9332,256,1127694,40021,1894586,73208,-1087673,-1821378,291.118
10516dc55de95239,256,1146114,40124,1913193,73350,-1105990,-1839843,294.015
ac7d06cd894da4ca,256,1139553,40195,1906550,73488,-1099358,-1833062,292.879
8c791429b1ca4286,256,1145642,40036,1918159,73216,-1105606,-1844943,293.27
c4ee5294d1536615,256,1151440,40092,1926047,73286,-1111348,-1852761,293.191
392480d41ca71ef6,256,1142792,40056,1912543,73227,-1102736,-1839316,300.498
9029c6fa4ce8e451,256,1152663,40270,1927946,73626,-1112393,-1854320,300.71
fd950869a6cc041c,256,1161572,40003,1940278,73164,-1121569,-1867114,314.335
3bf8b415232f490f,256,1162387,40144,1950113,73384,-1122243,-1876729,305.376
2eeff9c070bbf87e,256,1149810,40025,1923390,73177,-1109785,-1850213,256.716
748e75f341b21ca3,256,1140290,40089,1906506,73271,-1100201,-1833235,255.609
8ba12eaa728fa5a5,256,1137164,39811,1898227,72853,-1097353,-1825374,256.075
5d83ed5e14ed2ab8,256,1149470,40141,1923407,73392,-1109329,-1850015,261.142
81890e0dfa508b6a,256,1143363,40187,1913226,73497,-1103176,-1839729,265.943
01abcfe1dc989c18,256,1152315,40246,1926562,73533,-1112069,-1853029,333.198
dcf20bec2a32f3c4,256,1155756,40154,1934440,73386,-1115602,-1861054,339.709
e45b757ad075d5cd,256,1129619,40185,1890104,73470,-1089434,-1816634,250.507
1a6605d0a56c1ff2,256,1152194,39939,1928890,73015,-1112255,-1855875,332.011
b45b7e37cd0761da,256,1149402,40142,1922033,73391,-1109260,-1848642,282.4
879e9cd9a4940b8c,256,1150411,40075,1921386,73260,-1110336,-1848126,301.39
cfcb89e9d8c2c153,256,1141763,40106,1906847,73364,-1101657,-1833483,276.643
63bb036ba7a0a557,256,1149950,40038,1920384,73216,-1109912,-1847168,276.747
aaf8d714496adf53,256,1124774,40177,1877010,73454,-1084597,-1803556,265.855
f987376ca75fc0eb,256,1150922,40162,1927747,73390,-1110760,-1854357,276.249
888a4acff9fdceb6,256,1137456,40213,1903074,73506,-1097243,-1829568,270.377
312d7feabc95de62,256,1155798,40104,1933988,73353,-1115694,-1860635,284.292
94cc39988071dbf4,256,1142444,40146,1912831,73420,-1102298,-1839411,310.827
6ae8031d1ed2a6aa,256,1157473,40063,1937183,73214,-1117410,-1863969,285.527
d881e15a3f6f0896,256,1142460,40177,1906819,73486,-1102283,-1833333,278.121
6143d561ed85000f,256,1135640,40145,1900263,73416,-1095495,-1826847,279.319
3203189a525fd32d,256,1146170,40182,1917979,73456,-1105988,-1844523,280.055
fd1420e88a32b78b,256,1136364,40051,1898257,73202,-1096313,-1825055,270.872
97637e6928477489,256,1158414,40101,1938309,73359,-1118313,-1864950,279.787
ad718eb162b34d2d,256,1153996,40085,1928272,73267,-1113911,-1855005,274.527
ad31c38a913ea02d,256,1143554,40137,1913994,73348,-1103417,-1840646,264.571
1359af307d148446,256,1156962,39958,1938499,73047,-1117004,-1865452,258.936
1080452bb4878cf4,256,1141272,40122,1907357,73368,-1101150,-1833989,260.814
aeef53d9e1926c63,256,1148622,40063,1922030,73229,-1108559,-1848801,261.749
66f7ab1f56032936,256,1151502,40117,1928544,73299,-1111385,-1855245,260.858
3c7c1a067b2a7107,256,1150200,40085,1918648,73299,-1110115,-1845349,257.555
782c1fbdbf45bad8,256,1140714,40224,1907772,73532,-1100490,-1834240,279.19
1d9d8993ffe26c0c,256,1134333,39987,1897636,73111,-1094346,-1824525,259.046
d2ed0c42e5d12353,256,1149806,40184,1922451,73443,-1109622,-1849008,261.782
ec7082518f6be0cb,256,1155351,40152,1932478,73414,-1115199,-1859064,259.354
279096fcc242f26b,256,1134155,40020,1895268,73203,-1094135,-1822065,257.315
7117289992fee1a3,256,1150094,40069,1921407,73276,-1110025,-1848131,261.393
3c32a0df76755fc4,256,1149275,40271,1926021,73618,-1109004,-1852403,262.288
7c4f966ddb5140ed,256,1148110,40133,1918747,73394,-1107977,-1845353,260.357
add701a9ebce364c,256,1151452,40117,1922568,73273,-1111335,-1849295,273.295
8e92c89d3678329d,256,1158348,40117,1933689,73378,-1118231,-1860311,290.405
7f48e53f838ed7f0,256,1147520,40022,1918619,73133,-1107498,-1845486,272.912
dec7f13559e1e3e9,256,1159886,40079,1937068,73275,-1119807,-1863793,259.063
88d3c2a1a543b94b,256,1160074,40113,1939889,73347,-1119961,-1866542,259.739
f0a2fb26a0f2d1d3,256,1148686,40177,1922471,73463,-1108509,-1849008,274.219
3267af19423a953d,256,1152195,40134,1928862,73389,-1112061,-1855473,327.874
7b458b8cfcd31d62,256,1143407,40141,1913153,73374,-1103266,-1839779,306.37
c4eb8a65d0f1dfc8,256,1158788,40031,1934589,73239,-1118757,-1861350,302.694
6a9a84233dc6267a,256,1157536,40172,1934246,73488,-1117364,-1860758,275.717
ecfeeb9133761314,256,1156978,40112,1934420,73342,-1116866,-1861078,297.187
ebb0b3b410c42cb2,256,1151265,40049,1924246,73263,-1111216,-1850983,272.267
2b4aeccd87c06737,256,1153044,40248,1929701,73616,-1112796,-1856085,270.284
2770fcdb5f1dc823,256,1142086,40092,1907598,73278,-1101994,-1834320,277.613
939caf755f73fe76,256,1139444,39997,1907291,73109,-1099447,-1834182,264.787
4b82daef1c068cde,256,1148534,40242,1920213,73579,-1108292,-1846634,263.066
5e621e0d3bf561c6,256,1146636,39946,1916107,73062,-1106690,-1843045,264.738
c9b2d958b9277c94,256,1125356,39906,1880850,73000,-1085450,-1807850,266.185
6f0cf89fc04f50ce,256,1129222,40202,1886191,73499,-1089020,-1812692,319.902
72c90deda0ac0bb7,256,1155744,39988,1932164,73086,-1115756,-1859078,282.585
0316f5d722a76225,256,1153262,40001,1933041,73160,-1113261,-1859881,298.286
9632e6955a632310,256,1127415,40069,1884390,73230,-1087346,-1811160,286.891
cbd9309ae00669a5,256,1133340,40009,1893775,73200,-1093331,-1820575,332.533
497d83c1261e7972,256,1155011,40153,1938926,73407,-1114858,-1865519,346.666
4108e14a7d4b3c18,256,1134405,39984,1895539,73094,-1094421,-1822445,357.462
5f3f60f2e4b5ef64,256,1147784,40026,1924697,73222,-1107758,-1851475,363.981
c70440bd45b1f1a2,256,1136204,40233,1903924,73541,-1095971,-1830383,357.643
d8a784db7f79968e,256,1134386,40068,1897978,73278,-1094318,-1824700,362.876
066e99216529e0d3,256,1142260,40068,1902442,73309,-1102192,-1829133,309.922
498c41c53978e5ab,256,1133512,40084,1892063,73271,-1093428,-1818792,297.674
85b55a67eddbf74a,256,1125356,40037,1876535,73225,-1085319,-1803310,292.822
12d5145a8a2c61ba,256,1149784,39999,1922725,73166,-1109785,-1849559,256.443
953221374857af20,256,1119920,40128,1866663,73326,-1079792,-1793337,238.786
a17459b4c5e428d4,256,1152133,40101,1931524,73272,-1112032,-1858252,262.16
391b11de31819ff6,256,1142811,40237,1911254,73595,-1102574,-1837659,259.688
618f23184e54b1eb,256,1146594,40066,1916699,73323,-1106528,-1843376,258.272
1b056339e027b927,256,1149156,40153,1921176,73372,-1109003,-1847804,270.839
2b511d5c8dd4ebfb,256,1135143,40072,1899631,73259,-1095071,-1826372,294.128
e539fa21d1a72eb5,256,1160167,40181,1946524,73435,-1119986,-1873089,294.796
0ac60ae1676c44d3,256,1129994,40020,1884698,73198,-1089974,-1811500,237.776
6d3b3ac01aae5023,256,1142942,40031,1909835,73203,-1102911,-1836632,280.417
371b649d6dd4be53,256,1148162,40120,1925000,73373,-1108042,-1851627,294.482
7f2cb72194fd695e,256,1146277,39864,1917134,72920,-1106413,-1844214,287.477
87cf1a01fd93f95b,256,1147285,40074,1919804,73272,-1107211,-1846532,266.681
860ad3b7b14a307b,256,1138743,40143,1899324,73404,-1098600,-1825920,275.225
dbe981ad0d7dc883,256,1148133,40367,1918091,73760,-1107766,-1844331,308.945
328e2104887c757a,256,1148552,40049,1924427,73251,-1108503,-1851176,315.377
9cc9410a4127c428,256,1156024,40158,1935157,73448,-1115866,-1861709,350.233
5ae8e932b05a6fe5,256,1147572,40179,1918404,73441,-1107393,-1844963,267.958
458368e3bac2aa7b,256,1157402,40208,1940287,73536,-1117194,-1866751,279.636
f129fd4e844d275c,256,1142669,40152,1916160,73410,-1102517,-1842750,257.278
356ed53e879b8ebd,256,1128114,39997,1881022,73111,-1088117,-1807911,285.435
1af76564aee06e99,256,1150929,40138,1924116,73392,-1110791,-1850724,283.711
05ea03ffc93945a7,256,1153213,39952,1915500,73092,-1113261,-1842408,275.593
36797f3d8b01cdd8,256,1157207,39910,1924143,72957,-1117297,-1851186,261.781
117f7514af173a20,256,1159777,40000,1927421,73143,-1119777,-1854278,267.836
010af13c3f694f04,256,1133163,40146,1879340,73423,-1093017,-1805917,285.058
0f91bc08f30dbff6,256,1138536,39932,1887014,73053,-1098604,-1813961,276.907
5c99bf4e7bd4e16b,256,1128916,39890,1868607,72985,-1089026,-1795622,283.684
29298cb40a55a433,256,1147105,39946,1906558,73024,-1107159,-1833534,295.202
d0b8be1d8754db1e,256,1142728,40141,1897326,73379,-1102587,-1823947,298.738
28dfb57d3307bb22,256,1143322,40045,1895755,73230,-1103277,-1822525,279.882
4eac5732331a535c,256,1158384,39968,1924009,73017,-1118416,-1850992,296.358
5d62876d28a229b0,256,1154263,40004,1919012,73171,-1114259,-1845841,297.22
1f329260eabe9fca,256,1158677,40112,1924277,73333,-1118565,-1850944,296.168
3276970417f09f26,256,1173349,40211,1953482,73509,-1133138,-1879973,293.414
9b3604da9a703717,256,1127603,40015,1866351,73140,-1087588,-1793211,300.733
d7c95bf755d96ed2,256,1147138,40010,1902870,73164,-1107128,-1829706,292.357
28270f5d74b8ee3c,256,1129914,39982,1870850,73166,-1089932,-1797684,303.206
d4d6acfe2b2cc582,256,1154880,40062,1918595,73223,-1114818,-1845372,297.351
e6b255feeba607ac,256,1152574,40015,1913315,73177,-1112559,-1840138,268.431
978184941b628233,256,1146116,40186,1900798,73457,-1105930,-1827341,289.62
1fb820ef91ca3811,256,1162340,40068,1933823,73241,-1122272,-1860582,289.985
c8a19733c0705e58,256,1172736,40017,1949175,73141,-1132719,-1876034,291.769
26d6486b1f1e7e38,256,1134389,40086,1877406,73297,-1094303,-1804109,290.802
aac9eca2f0e0ab93,256,1141628,39920,1894136,72946,-1101708,-1821190,294.592
5d69ce20bd928464,256,1143088,40155,1899632,73380,-1102933,-1826252,290.986
917c09fef456cfa4,256,1160544,40022,1929841,73195,-1120522,-1856646,300.269
2e6c7c1c60ca2d67,256,1170764,40023,1949539,73178,-1130741,-1876361,291.535
f0bffdba047097e1,256,1126676,40063,1868240,73299,-1086613,-1794941,335.95
a5c7a0de955f314d,256,1142425,40058,1899152,73254,-1102367,-1825898,287.961
f75889c4c88bcff4,256,1141291,39986,1890405,73136,-1101305,-1817269,288.574
bcdf86f7882fdb8a,256,1151240,40233,1912212,73567,-1111007,-1838645,292.951
72cc157cd13ee9e3,256,1155223,40127,1920106,73335,-1115096,-1846771,292.592
382225b2a42db0ab,256,1152698,40039,1912971,73208,-1112659,-1839763,290.379
9c42aa968161f5ef,256,1127390,40052,1867398,73210,-1087338,-1794188,290.071
62e630dce3e2cf40,256,1154362,40015,1917774,73158,-1114347,-1844616,289.607
8b4e9d047720ef9b,256,1149571,40229,1906571,73486,-1109342,-1833085,290.817
bbda50db9dc5c579,256,1144390,39977,1897487,73089,-1104413,-1824398,290.104
db502cb883a0dc31,256,1157851,39865,1923261,72916,-1117986,-1850345,287.811
5091b24a2a926197,256,1141092,40065,1893200,73187,-1101027,-1820013,296.895
0dc15c18128b6dc7,256,1138771,39922,1890978,72960,-1098849,-1818018,289.66
7a558a28bea19c6b,256,1134284,40103,1881064,73268,-1094181,-1807796,306.578
3534b58000e6a4cd,256,1111404,40143,1838044,73387,-1071261,-1764657,291.754
d4a2e8433dda5053,256,1143687,40173,1898050,73373,-1103514,-1824677,292.353
c11f5906f9610f7b,256,1117920,40070,1853260,73265,-1077850,-1779995,295.788
ecf7f3733e40f047,256,1154921,39962,1918985,73092,-1114959,-1845893,292.159
045eead8ef3c71de,256,1141767,40164,1892440,73460,-1101603,-1818980,291.564
148845a0f99faf88,256,1121524,39957,1858018,73070,-1081567,-1784948,289.049
2eb25e03bf1fd991,256,1155348,40014,1917745,73210,-1115334,-1844535,291.754
1b6d3bc369c35cec,256,1137802,40040,1885759,73237,-1097762,-1812522,294.98
2de4a43c14986770,256,1155796,40209,1918700,73414,-1115587,-1845286,295.851
12b5a7b85cfcb5dd,256,1135274,40222,1880662,73478,-1095052,-1807184,303.686
3f15a48a3ad92c87,256,1153555,40139,1916837,73391,-1113416,-1843446,297.275
d5d30eb08a682500,256,1132300,40196,1876938,73450,-1092104,-1803488,301.109
ebb62fe8983e62f2,256,1154252,40023,1913126,73147,-1114229,-1839979,291.64
340e72d192cec6d3,256,1145838,40128,1903811,73354,-1105710,-1830457,286.929
afc10de21e28fbac,256,1153385,40011,1918337,73103,-1113374,-1845234,300.023
50c0ec3286c8b3b2,256,1161859,40091,1930526,73267,-1121768,-1857259,309.074
e2c564430f500ccc,256,1141067,40105,1893376,73260,-1100962,-1820116,300.03
64e39a1b98766e56,256,1143475,40158,1895682,73375,-1103317,-1822307,285.237
e771d34969038e0b,256,1143995,40037,1894337,73167,-1103958,-1821170,294.006
d286007c6a7630bd,256,1126127,40058,1867778,73246,-1086069,-1794532,294.855
42bf9c9e4003d092,256,1135447,39999,1883666,73128,-1095448,-1810538,283.916
0a163a2f93ac9be9,256,1173424,40087,1947778,73256,-1133337,-1874522,299.037
fc20b87a65f833f9,256,1148783,40007,1907265,73123,-1108776,-1834142,285.719
f41dcf0d9046f68b,256,1138839,40184,1884995,73441,-1098655,-1811554,286.692
239efd0e8b8525c6,256,1154898,40013,1914945,73147,-1114885,-1841798,285.929
d7720df0189ef071,256,1140955,39941,1892695,73029,-1101014,-1819666,294.854
d1c007d9ce484c8d,256,1146263,40049,1904927,73224,-1106214,-1831703,290.217
735b40c2396b9b95,256,1150566,39911,1909171,72970,-1110655,-1836201,290.742
34bd3b19af368eb8,256,1127565,39920,1866031,72956,-1087645,-1793075,286.995
b85cdcb999246ea2,256,1102799,40053,1820109,73246,-1062746,-1746863,286.608
866801d2c20582c4,256,1143493,40187,1895427,73403,-1103306,-1822024,287.544
ee2ee0ed0d26b46c,256,1153402,40046,1914585,73237,-1113356,-1841348,287.846
3e5f3a2d79959223,256,1159153,40043,1928173,73174,-1119110,-1854999,294.309
54115ff9c28b3fde,256,1145724,39976,1901921,73119,-1105748,-1828802,300.26
08f0a95167df48ed,256,1140836,39913,1888384,72957,-1100923,-1815427,295.446
ba2013568c1297e5,256,1129926,40099,1871969,73282,-1089827,-1798687,296.221
d0d1203202322d5a,256,1146962,40167,1903963,73432,-1106795,-1830531,298.819
3220b99d60b988ff,256,1161661,39857,1931366,72820,-1121804,-1858546,297.229
ac06a3fa4d60bf84,256,1138704,40142,1888782,73358,-1098562,-1815424,303.501
c7810d15d3bfd8b1,256,1116054,39984,1846645,73097,-1076070,-1773548,295.562
c488d4351b13bed3,256,1141205,40123,1897107,73327,-1101082,-1823780,303.055
d5cc182f5f525ab1,256,1141504,40029,1894134,73186,-1101475,-1820948,297.455
025ad2f5736556a9,256,1158751,40056,1925371,73200,-1118695,-1852171,301.126
9d67f9049932772b,256,1150311,40274,1915727,73561,-1110037,-1842166,307.512
eaafe99d5983815e,256,1155627,40090,1917391,73280,-1115537,-1844111,297.596
2f629add858a5e14,256,1133442,40007,1877084,73122,-1093435,-1803962,300.236
acb442adebfa053d,256,1136630,39982,1881789,73074,-1096648,-1808715,326.842
096057a6f4c8c67c,256,1147330,40078,1907945,73268,-1107252,-1834677,297.593
ca3b7407f2e16566,256,1141438,40140,1893074,73364,-1101298,-1819710,296.825
82051fadf7338440,256,1162389,40063,1935282,73251,-1122326,-1862031,297.245
75a8fcf04d5aab0b,256,1162038,40038,1926960,73201,-1122000,-1853759,296.97
b37614cd710047c4,256,1127315,39939,1868238,73068,-1087376,-1795170,302.286
8d1a8060382973e5,256,1132607,40056,1877660,73260,-1092551,-1804400,310.362
f47d63e873b366c0,256,1149550,40095,1905333,73249,-1109455,-1832084,299.11
641a8205ee756630,256,1147753,39939,1905332,73092,-1107814,-1832240,299.151
eeaaf41b916e8c6a,256,1165460,39941,1939173,73028,-1125519,-1866145,295.451
c7457d640969a645,256,1152689,40125,1910709,73335,-1112564,-1837374,301.002
9536e5bb0973f95f,256,1136716,39938,1887882,72989,-1096778,-1814893,290.018
7bd71b68f53fc849,256,1146466,40116,1905861,73350,-1106350,-1832511,293.25
124d690daee6d773,256,1152854,40094,1915511,73300,-1112760,-1842211,296.031
3d094396670423ec,256,1096850,39905,1799900,72925,-1056945,-1726975,304.844
5cf353b4f3dbfe3e,256,1117892,39895,1836878,72945,-1077997,-1763933,298.6
3cc0644f4e0d46e4,256,1109779,39937,1829143,72971,-1069842,-1756172,294.104
750240077036a93c,256,1094218,40005,1795754,73156,-1054213,-1722598,291.722
7abe16ab753949bc,256,1091212,39990,1791287,73087,-1051222,-1718200,295.24
7fecfb16f4776059,256,1080799,39925,1767634,72963,-1040874,-1694671,305.92
a8c7b14ead8131ec,256,1089859,39920,1789752,72925,-1049939,-1716827,293.876
2fafe10f4d1b2c3c,256,1108855,39896,1821363,72950,-1068959,-1748413,293.256
0116c97849f81161,256,1126313,39937,1851911,72987,-1086376,-1778924,301.295
2c75012d1cc569d8,256,1126120,39932,1852843,72972,-1086188,-1779871,298.055
43a3d23fa6b48dc2,256,1124546,40032,1850779,73207,-1084514,-1777572,294.138
a32420ea0d1ae8e3,256,1108270,39893,1821367,72935,-1068377,-1748432,303.935
86dd5ab3efe0ee77,256,1097630,39810,1800617,72752,-1057820,-1727865,299.63
541368f72fbf6dd3,256,1138596,40069,1877433,73290,-1098527,-1804143,290.84
46acb59dcbd324c4,256,1107508,39943,1818551,73037,-1067565,-1745514,289.256
e8ff7559ec4a25a0,256,1081392,39812,1771930,72816,-1041580,-1699114,287.198
b7b24e4083981915,256,1122357,40021,1844676,73145,-1082336,-1771531,289.642
2d34332841c1e949,256,1128932,40015,1857404,73119,-1088917,-1784285,291.644
7acd2311405666a1,256,1115009,40076,1833175,73260,-1074933,-1759915,288.119
a45ff543650b3add,256,1128576,39941,1855609,73003,-1088635,-1782606,290.106
995765e2b6a09f37,256,1074507,39789,1758000,72730,-1034718,-1685270,288.749
a21c6540300ac5cf,256,1065367,39997,1746609,73108,-1025370,-1673501,286.858
3d65b11fc85ddce7,256,1122445,39983,1845702,73146,-1082462,-1772556,298.476
7b65a17c8cac63bf,256,1090288,39957,1787930,73079,-1050331,-1714851,290.161
b964c7a03d27b721,256,1070096,40007,1749481,73150,-1030089,-1676331,289.955
18d68439a5adb252,256,1090584,40097,1791145,73322,-1050487,-1717823,319.931
7be95638afb55ada,256,1099797,40125,1806821,73315,-1059672,-1733506,299.53
1d8d6804e48c4ab9,256,1122467,39856,1846500,72813,-1082611,-1773687,298.399
f5778123b6a34f8d,256,1112145,39900,1829013,72904,-1072245,-1756109,291.237
d5b6d527166c9c2c,256,1113730,40000,1831168,73121,-1073730,-1758047,294.411
740b8d9d4c1aeef5,256,1111331,39980,1829419,73041,-1071351,-1756378,297.537
6d82aa52fa821036,256,1122780,39840,1846728,72802,-1082940,-1773926,290.74
af8d3a0e452fb5b2,256,1125114,40004,1853436,73065,-1085110,-1780371,291.608
6f36f623eaba83eb,256,1092567,39975,1789741,73090,-1052592,-1716651,290.137
6a81da3ee5be6377,256,1094198,40037,1793726,73226,-1054161,-1720500,292.076
335baa5f68b82d30,256,1109661,40057,1824890,73201,-1069604,-1751689,291.168
abc22410748d1fb3,256,1111050,40022,1823821,73149,-1071028,-1750672,290.829
7f99f7d1fbc9b728,256,1099950,39796,1808775,72791,-1060154,-1735984,290.141
226b424582e584b3,256,1099180,39695,1803849,72566,-1059485,-1731283,287.84
3df8c2f291cb1a81,256,1087838,40008,1782268,73097,-1047830,-1709171,293.253
ccb68ca2c6f17fea,256,1093924,39954,1796776,73054,-1053970,-1723722,294.229
32b30d1f9967da86,256,1116010,40041,1833803,73194,-1075969,-1760609,293.548
eea2be7fa517c043,256,1118245,39907,1838819,72935,-1078338,-1765884,291.255
0aae7c7e88ee3fbf,256,1094638,39890,1795826,72886,-1054748,-1722940,290.165
c3bc5557ed25e9d4,256,1102505,39980,1810981,73095,-1062525,-1737886,293.229
2ac68b703f17c82c,256,1096397,40128,1802559,73324,-1056269,-1729235,292.675
085a5f139a97efaf,256,1130426,40039,1859474,73244,-1090387,-1786230,299.541
f4196c246a1fd821,256,1120633,39902,1843737,72906,-1080731,-1770831,307.313
8c341506616600a2,256,1079512,39799,1768458,72789,-1039713,-1695669,294.69
285433788c9e68d3,256,1091759,39821,1790136,72757,-1051938,-1717379,294.136
663c4b2ec35618a3,256,1095435,39956,1794142,73014,-1055479,-1721128,302.086
7e16c2700ad28a35,256,1079326,39764,1771125,72654,-1039562,-1698471,305.415
d0806bc965806eed,256,1110764,39927,1827100,72951,-1070837,-1754149,300.93
5db05ce1acf15c7f,256,1088749,40047,1787058,73192,-1048702,-1713866,300.456
214c8e5cef4a4116,256,1098306,39955,1805238,73083,-1058351,-1732155,292.575
010a6a450df93a23,256,1108562,40013,1823781,73091,-1068549,-1750690,290.009
021d81c4217747d6,256,1094230,40086,1799631,73217,-1054144,-1726414,292.187
6e8a8aeebf6f04fe,256,1106261,39816,1820153,72832,-1066445,-1747321,299.482
fe83a63b2b8892f4,256,1063864,40072,1740596,73237,-1023792,-1667359,303.295
90b515b93a5134e6,256,1103504,39983,1813013,73062,-1063521,-1739951,319.137
a296257a53a695fe,256,1119755,39865,1842304,72919,-1079890,-1769385,308.49
e189740ec3095da5,256,1105912,40007,1813580,73138,-1065905,-1740442,293.334
2aae83dbf72f01e9,256,1120255,39997,1843920,73112,-1080258,-1770808,294.367
05269623c0b9cf30,256,1121418,39772,1844966,72708,-1081646,-1772258,291.534
3931aa02a391e460,256,1089826,39911,1791942,72900,-1049915,-1719042,291.27
4d3104e50d1b93e6,256,1097396,39912,1798916,72947,-1057484,-1725969,291.675
e3a513384cef222d,256,1105229,39900,1817662,72880,-1065329,-1744782,293.662
2877b0e1855395e3,256,1134800,39942,1866435,72974,-1094858,-1793461,297.279
c0d53a8385b2fc25,256,1109163,40059,1821645,73207,-1069104,-1748438,293.743
db0abcdb32fedc58,256,1125537,39750,1852076,72635,-1085787,-1779441,293.548
5031c9cd5b547a88,256,1147966,39860,1894944,72793,-1108106,-1822151,296.525
db1bcc037294fb82,256,1102176,39891,1810194,72879,-1062285,-1737315,303.452
88f4ac14356c18dd,256,1085084,40015,1778372,73107,-1045069,-1705265,292.488
6ffd765bfb135be5,256,1129885,39976,1863530,73027,-1089909,-1790503,296.436
a8c2eb82daa29d37,256,1092373,39938,1792102,73014,-1052435,-1719088,289.778
0a96bff5b7c82200,256,1121183,39902,1844824,72866,-1081281,-1771958,293.472
dbdb12bd1efaf8ee,256,1091686,40009,1789309,73124,-1051677,-1716185,301.276
4ecee42170a7f8d1,256,1085127,39913,1778856,72924,-1045214,-1705932,291.159
207de16966f5cbad,256,1111176,39918,1828350,72985,-1071258,-1755365,292.08
05ecc0b904728c5c,256,1097083,40052,1800185,73247,-1057031,-1726938,294.523
ffc5297e222de7cd,256,1111254,40173,1825827,73408,-1071081,-1752419,291.933
b53ce4af3b8ae2f2,256,1099080,39894,1806738,72913,-1059186,-1733825,303.929
d6e6e4749129e921,256,1098807,40070,1803257,73288,-1058737,-1729969,291.2
588f4e34a3d6c8f1,256,1107585,40110,1817732,73313,-1067475,-1744419,291.415
0c7a6d632c046556,256,1095763,40043,1797837,73140,-1055720,-1724697,293.165
a83e1bfc680c2637,256,1102901,39777,1808368,72676,-1063124,-1735692,290.622
d20e408754dd8788,256,1088996,39906,1787758,72979,-1049090,-1714779,295.767
4dec83dc0bc6578b,256,1121998,39881,1846342,72895,-1082117,-1773447,304.682
3c003281b32553e2,256,1110371,40164,1822658,73398,-1070207,-1749260,296.507
ab095461249d6855,256,1122693,39962,1846475,72975,-1082731,-1773500,294.572
48893cc7d56c7e58,256,1085747,39866,1779232,72847,-1045881,-1706385,297.475
8118d892babcd799,256,1088039,39997,1784635,73129,-1048042,-1711506,309.229
aecc348aa858bc27,256,1105526,39921,1816947,72955,-1065605,-1743992,296.325
694d834aa5bcc4d1,256,1106290,39754,1813317,72648,-1066536,-1740669,290.651
4c0659d70397eace,256,1105304,40042,1818034,73202,-1065262,-1744832,294.724
539b34ba407afcec,256,1117928,39952,1837623,73007,-1077976,-1764616,297.155
7d340facd0a34f12,256,1084625,40001,1779206,73053,-1044624,-1706153,300.08
596b1766ca3efa02,256,1073237,40030,1756279,73158,-1033207,-1683121,296.146
06be635101c99e0b,256,1110705,39979,1824735,73033,-1070726,-1751702,296.365
2070992fa4a0472f,256,1121080,39965,1841262,73046,-1081115,-1768216,299.122
97e2ce53f60239e4,256,1001182,39853,1619253,72824,-961329,-1546429,289.328
bf72da8b7284d222,256,990890,39713,1604671,72620,-951177,-1532051,306.558
55214b0d345756ac,256,979569,39961,1586194,72975,-939608,-1513219,287.702
dcec8afac5ed956b,256,1002533,39790,1625291,72713,-962743,-1552578,286.813
6ce6fe87727a1dc9,256,1013571,39777,1647657,72677,-973794,-1574980,289.518
394a415636dc8f61,256,1010757,40052,1636561,73203,-970705,-1563358,288.275
c0ad377c6b3f23a5,256,981198,39824,1589105,72770,-941374,-1516335,289.255
dab246a0b5fd07e8,256,981542,39974,1591252,73044,-941568,-1518208,305.59
80d782e0ef5597d1,256,977449,39814,1583836,72689,-937635,-1511147,292.337
59da44430ecdab0b,256,961869,40014,1554313,73100,-921855,-1481213,285.319
e27366c0acbe051a,256,1011539,39889,1645608,72907,-971650,-1572701,290.527
70da9cc02d60fea0,256,989703,39838,1601492,72762,-949865,-1528730,290.834
52b6f9e0b55b5c31,256,982249,39935,1586616,72941,-942314,-1513675,295.141
86f27988de0c35aa,256,976051,40037,1574058,73110,-936014,-1500948,291.845
e7dfc37119037fc3,256,993238,39970,1612826,73001,-953268,-1539825,296.862
91e1a94cf44a0aca,256,936474,39890,1508214,72869,-896584,-1435345,285.606
74ab810e708a2071,256,949752,39667,1531439,72513,-910085,-1458926,286.64
c190a1d93a1067ef,256,962027,39920,1549646,72860,-922107,-1476786,285.133
5f8e8a33ded51840,256,1003387,39765,1627491,72652,-963622,-1554839,286.728
5c8e0790d7658859,256,992750,39919,1607390,72901,-952831,-1534489,287.02
0d5b9ae859aedcc1,256,990372,39840,1606967,72784,-950532,-1534183,286.862
a41522896da766c3,256,964531,39728,1559778,72540,-924803,-1487238,292.113
5b42aa7da39354de,256,949218,39681,1531345,72518,-909537,-1458827,303.447
d008c67b9bfbe7f4,256,1004214,39657,1629778,72502,-964557,-1557276,299.107
51f9c6941f0e7f4c,256,985337,39751,1592270,72619,-945586,-1519651,300.25
ed53148673a8c66d,256,959418,39785,1548895,72682,-919633,-1476213,297.977
1884e1cd31abc93d,256,970295,39889,1569276,72893,-930406,-1496383,294.032
3648d64e8f720cdd,256,981371,39802,1585439,72741,-941569,-1512698,294.514
95dded5bcedbdf54,256,973422,40008,1575309,73089,-933414,-1502220,300.296
01d58e04e7f1d842,256,979872,39955,1584103,72920,-939917,-1511183,294.119
83d4032747a7d071,256,973787,39691,1572402,72470,-934096,-1499932,310.129
f48480a3e8fbb5bf,256,986091,39739,1598238,72589,-946352,-1525649,298.006
4853ae86053f69d3,256,990734,39829,1600909,72762,-950905,-1528147,302.857
67f9c5abc710fbd4,256,995666,39944,1613278,72948,-955722,-1540330,301.237
49263e43d624a9c5,256,1005210,39776,1634876,72666,-965434,-1562210,305.199
fe8a87475892a398,256,952953,39692,1537689,72532,-913261,-1465157,291.941
6f5038bfc48ee50d,256,991372,39699,1598521,72544,-951673,-1525977,294.717
dde62bf8bc62f5e2,256,1022015,39872,1655729,72787,-982143,-1582942,297.356
66fa12f4c3ef1383,256,974024,39767,1575059,72649,-934257,-1502410,304.817
122cc593e51e0f20,256,993476,39788,1608345,72711,-953688,-1535634,297.965
38b9d5778bc60cb7,256,1015622,39710,1647486,72590,-975912,-1574896,305.174
2dadccf8cde9129f,256,1023263,39701,1661643,72576,-983562,-1589067,321.139
7e701b3a4b00e311,256,1001399,39782,1621526,72726,-961617,-1548800,297.742
7cddd9f1aab1b026,256,993690,39974,1611455,72976,-953716,-1538479,313.756
bd814205498d03e6,256,967880,39775,1567525,72734,-928105,-1494791,298.647
bc9c73ef75791d50,256,1002944,39891,1623921,72861,-963053,-1551060,304.246
49dfcbb6527ed7c3,256,1002427,39627,1627487,72387,-962800,-1555100,306.344
43102569937050f7,256,935828,40021,1509095,73157,-895807,-1435938,302.89
9fd15cca6456e84a,256,962249,39777,1552684,72740,-922472,-1479944,300.611
1c9aeb7acde6dd68,256,966306,39804,1563088,72741,-926502,-1490347,297.208
4f261738cd4ca02c,256,1001963,39679,1621182,72459,-962284,-1548723,297.42
777eac911898521e,256,998575,39945,1616526,72925,-958630,-1543601,299.818
f36c80f0626cee2a,256,967344,39719,1563275,72585,-927625,-1490690,299.03
ade16f82903fc7d3,256,979858,39960,1582481,73102,-939898,-1509379,302.487
045322d96f4240f2,256,1008356,40070,1631868,73116,-968286,-1558752,309.804
ff4f2b25e2933a54,256,994005,39795,1605071,72696,-954210,-1532375,313.837
f5903fd2cbf0e271,256,992718,39929,1608227,72938,-952789,-1535289,343.999
a99c37d63a85b422,256,977109,39946,1578875,72962,-937163,-1505913,301.035
2662f6b2bb51cfb7,256,1028423,39791,1672218,72722,-988632,-1599496,299.021
52dce40d41781193,256,980260,39983,1586095,73010,-940277,-1513085,299.233
342e48eb4c8bf3c9,256,990361,39887,1606851,72872,-950474,-1533979,303.594
4d730852980b73e7,256,994937,39888,1611897,72870,-955049,-1539027,296.512
9e79e455598ef604,256,961386,39988,1552968,73026,-921398,-1479942,296.575
556fff16eea93c88,256,997465,39979,1609889,72983,-957486,-1536906,296.44
61d08e744f356b22,256,1006184,39895,1629368,72914,-966289,-1556454,288.516
2e020eceb9a2d5cb,256,992446,39774,1607855,72661,-952672,-1535194,288.991
c58af08281b94f0d,256,1015779,39913,1646841,72931,-975866,-1573910,290.932
f96e64f506cdd97d,256,972312,40062,1569066,73132,-932250,-1495934,290.987
6c61c541a92dfbe8,256,1024535,39818,1665549,72825,-984717,-1592724,290.979
47bf1dd0a5a7b143,256,1010046,39791,1639154,72653,-970255,-1566501,291.835
23e8c8b83e1438ed,256,997593,39812,1617508,72735,-957781,-1544773,299.041
ee7334a8a5c9ad7e,256,940338,39940,1514426,72937,-900398,-1441489,286.293
17353ff7b45ff6d8,256,1008391,39827,1632118,72741,-968564,-1559377,290.809
1085b9a2dc136311,256,981771,39527,1593637,72330,-942244,-1521307,292.157
3dd6210a1d67c18f,256,955025,39866,1541633,72884,-915159,-1468749,290.838
67b3af4c32d598f4,256,975761,39972,1576464,73041,-935789,-1503423,289.791
e8c639e379653c65,256,1006100,39977,1626464,73056,-966123,-1553408,292.776
2b31573aa05b6a96,256,986417,39781,1594916,72656,-946636,-1522260,293.224
b86bc1fc870346a1,256,986055,39705,1596161,72555,-946350,-1523606,296.399
12f7a4d237813076,256,980040,39654,1586444,72487,-940386,-1513957,294.628
51093ffe0c14ea79,256,942532,39850,1516649,72848,-902682,-1443801,289.599
46a5b30a4e5a9ff4,256,1003989,39823,1630769,72726,-964166,-1558043,292.316
89e813f89b982ca4,256,992651,39748,1604463,72694,-952903,-1531769,291.407
6dc241051c601544,256,968749,39851,1562185,72896,-928898,-1489289,292.366
23325add4278e20d,256,978813,39911,1581452,72914,-938902,-1508538,291.696
c81762760d512a9e,256,968450,39863,1565387,72841,-928587,-1492546,298.715
75c6cdb37de5cc80,256,969744,39847,1569484,72802,-929897,-1496682,287.422
4c84e10a43e17470,256,1001847,39665,1622217,72565,-962182,-1549652,286.014
3f815b68ae74d92d,256,979046,39896,1584877,72889,-939150,-1511988,294.804
ec7bbb78dac77af0,256,1010833,39874,1640685,72906,-970959,-1567779,287.073
86525cc7476ca6e1,256,1009438,39909,1638403,72927,-969529,-1565476,295.28
c165894fc25d4e88,256,1013273,39773,1643599,72689,-973500,-1570910,334.956
72e31aa4f154962e,256,955049,39921,1542570,72904,-915128,-1469666,351.126
98beca38f207c898,256,985904,39837,1596264,72806,-946067,-1523458,301.639
4827d559914c487e,256,972988,39946,1571581,73002,-933042,-1498579,303.351
f1f61b87a148c4bf,256,1015315,39746,1644287,72667,-975569,-1571620,310.025
c6ceb9f946e4ed93,256,949636,39850,1532878,72815,-909786,-1460063,319.371
d0b9623734585af8,256,990893,39788,1602775,72658,-951105,-1530117,345.508
9a36d87478d86248,256,1001558,39938,1621777,72931,-961620,-1548846,376.552
08ec4a36e7e0c09b,256,986590,39877,1595143,72826,-946713,-1522317,411.219
e83397bf4e8b6261,256,670634,39696,1039382,72546,-630938,-966836,418.588
5484b8303909f926,256,709772,39721,1111332,72504,-670051,-1038828,460.686
853c8cba67bfe231,256,669276,39579,1036340,72305,-629697,-964035,471.577
ca93dec8fecc119a,256,722506,39585,1134753,72200,-682921,-1062553,559.685
9386721e54fbee0c,256,690962,39605,1078589,72400,-651357,-1006189,508.912
3b35bf0cd9bcaa87,256,706250,39900,1102451,72826,-666350,-1029625,446.531
1e0ad990b24944dc,256,714879,39592,1118538,72336,-675287,-1046202,430.947
7f5cfe44e66f2fa3,256,708926,39541,1107180,72232,-669385,-1034948,433.496
d9b6b44eccf97165,256,693681,39670,1081460,72489,-654011,-1008971,327.198
a2110b1bb6bf1b64,256,703177,39632,1095457,72326,-663545,-1023131,274.15
74fe025a31fb57ab,256,694724,39452,1085620,71997,-655272,-1013623,259.827
24e88d9e0b7452dd,256,715284,39486,1118051,72049,-675798,-1046002,257.154
8f69e17bbeb62276,256,683461,39559,1064206,72274,-643902,-991932,277.551
62d400e0501e9c4e,256,718049,39790,1128924,72739,-678259,-1056185,257.063
2c2031af7617693e,256,675974,39432,1053628,71966,-636542,-981662,255.072
0fdf56f911c82622,256,685731,39798,1066570,72622,-645933,-993948,259.169
429f65c2794ada86,256,736376,39844,1153817,72712,-696532,-1081105,260.165
7b7c44ce107d5f5e,256,664422,39577,1029014,72197,-624845,-956817,262.922
9c88d64b05f56c48,256,685260,39385,1063184,71819,-645875,-991365,254.759
be84b60130f3412d,256,758064,39546,1194950,72228,-718518,-1122722,273.143
e824291e8cd57ef5,256,701263,39723,1090571,72441,-661540,-1018130,255.792
5c95ef0f1cc6fdf4,256,705170,39596,1101472,72325,-665574,-1029147,257.873
3ea273b98c33bbf6,256,715759,39454,1118377,72115,-676305,-1046262,264.032
e6f9f0441032dead,256,717155,39630,1119930,72349,-677525,-1047581,263.362
9e3847a84894b377,256,666992,39601,1033408,72258,-627391,-961150,258.767
8d1766b553bb8d63,256,685866,39510,1068701,72050,-646356,-996651,258.01
4ba52bc64cf9c889,256,705399,39811,1101194,72617,-665588,-1028577,256.036
56e1bd79b9b9a843,256,715946,39577,1119878,72151,-676369,-1047727,258.275
85bb27f036cf3af4,256,687229,39545,1070451,72254,-647684,-998197,255.971
80be714eaeb97999,256,733395,39641,1151844,72446,-693754,-1079398,261.573
9c5c74bd50db1304,256,690567,39369,1076262,71992,-651198,-1004270,259.01
dcf300f77be9a16b,256,708223,39525,1106997,72183,-668698,-1034814,257.489
ba69b973046c2e99,256,713750,39668,1113677,72411,-674082,-1041266,257.412
c09bd6272b3073a7,256,697638,39831,1088088,72792,-657807,-1015296,260.387
43bedba62a18c063,256,698259,39591,1086575,72260,-658668,-1014315,257.316
9d2f677711247398,256,668251,39473,1036112,72047,-628778,-964065,258.945
fd68faa893d8065d,256,705452,39553,1104692,72219,-665899,-1032473,264.195
6b4fb4e3f1ca8d84,256,761476,39592,1198147,72281,-721884,-1125866,266.789
d067883a2c76b927,256,667978,39759,1035223,72645,-628219,-962578,259.621
83fb76ae182d9533,256,663092,39657,1024822,72386,-623435,-952436,264.411
c1f8716497494cdd,256,709084,39744,1106123,72636,-669340,-1033487,263.186
697ce4656fcfc420,256,715692,39783,1119924,72710,-675909,-1047214,261.829
267ef3d1f352b842,256,691531,39720,1075139,72403,-651811,-1002736,261.888
d0ea369ed269357a,256,707645,39552,1104783,72151,-668093,-1032632,258.571
6ac486deaedabbd3,256,684786,39656,1063207,72349,-645130,-990858,262.199
e85428e4d80f5fba,256,676613,39642,1053321,72370,-636971,-980951,257.269
0d6856467bffcaca,256,706262,39770,1103333,72636,-666492,-1030697,260.456
ac82893dfb527c75,256,716231,39416,1121717,72051,-676815,-1049666,262.164
7df8b9fbf3e6b686,256,778415,39578,1229315,72201,-738837,-1157114,260.624
7a177c8d97c68b54,256,721315,39627,1133548,72336,-681688,-1061212,263.543
36c8812627ce8051,256,737536,39473,1158198,72028,-698063,-1086170,268.167
1b6fbd4afbfd8eab,256,702182,39550,1098028,72211,-662632,-1025817,259.193
fe358e29a5888282,256,663089,39629,1027724,72333,-623460,-955391,258.455
aaece011e9e8bb49,256,652213,39604,1011480,72282,-612609,-939198,256.472
dddda027b3eb0008,256,711973,39546,1113483,72241,-672427,-1041242,257.362
b1ab1cd5d26722b6,256,714537,39534,1114693,72206,-675003,-1042487,259.312
2cc418b53989cd51,256,696449,39282,1082177,71652,-657167,-1010525,259.958
dd817409298cac12,256,687381,39883,1066138,72858,-647498,-993280,268.257
cad2988620d7ac47,256,738098,39616,1158464,72393,-698482,-1086071,269.728
96c90def5f62e8a5,256,737356,39581,1161005,72285,-697775,-1088720,272.946
f804c21e275bb242,256,721519,39482,1127924,72124,-682037,-1055800,268.622
d11f55af3a1f15c2,256,730207,39421,1142881,71883,-690786,-1070998,282.905
156ca11232a9d56a,256,690079,39689,1070965,72502,-650390,-998463,267.714
1d7892f46c196c2e,256,697102,39391,1084473,71977,-657711,-1012496,266.19
67a76f88930c92e5,256,731996,39473,1148213,72013,-692523,-1076200,270.032
1b6f004a6c402f2b,256,686770,39432,1070485,71946,-647338,-998539,274.296
3686f1537e59233e,256,736351,39620,1154940,72356,-696731,-1082584,273.253
927c6fc19ad37ac9,256,720031,39716,1129187,72540,-680315,-1056647,270.236
671e82ebe8a58387,256,698057,39416,1088340,71896,-658641,-1016444,268.228
29cd28f830ce1089,256,699796,39800,1090443,72728,-659996,-1017715,275.864
80429bb502005f65,256,702834,39472,1098115,72106,-663362,-1026009,272.089
6912d7a2bc0dcec2,256,722483,39553,1131442,72258,-682930,-1059184,270.712
a1e6c876c507c819,256,723126,39389,1133745,71948,-683737,-1061797,272.245
e114f581a251282e,256,697579,39465,1086720,72020,-658114,-1014700,275.777
363b05d8b2436518,256,748552,39625,1179594,72342,-708927,-1107252,276.562
5b0f628c1b2c8a68,256,746535,39376,1173265,71920,-707159,-1101345,278.696
d06d636e2fba403f,256,682327,39608,1059773,72387,-642719,-987386,275.479
a97eab2beee550b5,256,731041,39717,1146105,72540,-691324,-1073565,264.957
8c9514fb8facc600,256,753316,39618,1184754,72298,-713698,-1112456,264.431
cacf2ffc969f6b00,256,738910,39701,1159024,72487,-699209,-1086537,262.229
d3a2e41ec0a3ef3c,256,704661,39690,1101771,72504,-664971,-1029267,269.614
f0111aeece335e77,256,662576,39585,1029757,72176,-622991,-957581,262.494
58b98ea205102967,256,674182,39689,1048473,72443,-634493,-976030,260.539
77f78101c2596590,256,703706,39617,1094360,72286,-664089,-1022074,264.437
832955339f76ce44,256,680767,39384,1057206,71863,-641383,-985343,269.683
b73fefb2821cf366,256,703429,39764,1096774,72619,-663665,-1024155,265.334
82532a1d50997941,256,709719,39608,1109360,72305,-670111,-1037055,264.153
0c2f55abf9e86a61,256,693427,39357,1078739,71860,-654070,-1006879,268.676
74dd6359f6ce9e62,256,744107,39410,1167636,71926,-704697,-1095710,276.157
2877d42bacde9057,256,710140,39663,1108774,72405,-670477,-1036369,262.869
cc0fe8671572527d,256,683416,39497,1062873,72129,-643919,-990744,263.486
b827910c4b48d0b5,256,703417,39754,1100937,72611,-663663,-1028326,263.121
400940cf2469786b,256,702185,39540,1097151,72211,-662645,-1024940,278.252
3def34dc31f8a069,256,721005,39738,1133187,72457,-681267,-1060730,266.042
e3a008ff1d92a35c,256,711269,39626,1112640,72314,-671643,-1040326,265.237
635013d6f4ca8582,256,732688,39719,1146103,72504,-692969,-1073599,266.044
05527ff53a52c89a,256,662480,39765,1025423,72565,-622715,-952858,260.079
0b2fc094d1376182,256,695044,39691,1084481,72402,-655353,-1012079,266.577
53ba8f24b1b4bc51,256,728196,39641,1142518,72383,-688555,-1070135,270.803
1fde58faab7220c2,256,694519,39593,1084023,72260,-654926,-1011763,271.708
4ed47c652d27a82f,256,340356,39179,491896,71362,-301177,-420534,242.332
7924ea58c28da70e,256,331216,38781,480861,70548,-292435,-410313,244.049
9b83363973ec685a,256,347896,39127,503855,71232,-308769,-432623,248.547
9cf0a5098000b03d,256,351011,38942,508771,70871,-312069,-437900,237.271
0be9841e61263405,256,340641,39032,495483,71131,-301609,-424352,242.273
a1c277a8e798b538,256,342814,38782,497318,70731,-304032,-426587,237.873
356632968adc489b,256,326124,38938,472754,70891,-287186,-401863,238.605
43870e6683470f6c,256,348307,38858,505138,70739,-309449,-434399,239.155
2efd7f2865062ee5,256,342293,39168,496394,71348,-303125,-425046,237.689
1129a9e2e6f59345,256,349520,38922,508985,70850,-310598,-438135,236.808
724b5409d0ea5ee3,256,338778,39000,490376,71035,-299778,-419341,252.141
abdcf4977b62a88f,256,332274,39047,481915,71040,-293227,-410875,237.218
2c35f0b9c600bbdb,256,344236,39234,500324,71490,-305002,-428834,237.069
0287ae9b2e96d9d3,256,341922,38814,495774,70726,-303108,-425048,239.895
b23d8332ddffc599,256,336938,39016,490032,70981,-297922,-419051,243.453
79bd4fc3b2351be2,256,350556,39111,511140,71277,-311445,-439863,244.77
edf55ffc57ec0e49,256,342452,39171,499966,71344,-303281,-428622,245.048
87553c6e50f696b0,256,344455,38723,497798,70435,-305732,-427363,237.12
bfaadfda081584d4,256,347708,39074,503050,71083,-308634,-431967,237.292
13eecd798d695f03,256,338886,38756,491585,70473,-300130,-421112,243.054
25365077ea9f3f0f,256,332820,38771,481786,70617,-294049,-411169,248.19
7157d992697cc697,256,326343,39224,471493,71433,-287119,-400060,238.085
ba5591bc98646bde,256,338584,39227,492406,71467,-299357,-420939,238.109
67e93fb38b0265c9,256,341360,38471,498062,70081,-302889,-427981,244.141
baa341e2e7054b73,256,335056,39220,485774,71403,-295836,-414371,244.608
a7ae085ad9f300b3,256,341196,39343,495082,71540,-301853,-423542,245.759
b9299e62e73c7da5,256,349133,39084,508073,71105,-310049,-436968,283.406
dd2bcb7d5a59cfd2,256,336300,39030,488775,70967,-297270,-417808,246.075
7609a7eca157dd84,256,336965,38637,489653,70206,-298328,-419447,240.336
0937deafadf23af6,256,343169,38634,499074,70408,-304535,-428666,226.254
8b394078e24483c6,256,350478,39262,508044,71396,-311216,-436648,242.034
30d2477beb7797c0,256,346102,38915,503065,70786,-307187,-432279,294.077
feb930dd81472ca5,256,342125,38595,496446,70255,-303530,-426191,245.466
272d3e209f74c429,256,334070,38968,485665,70821,-295102,-414844,233.922
6b9ccf680538f6ad,256,347295,38952,504773,70987,-308343,-433786,234.625
3d4adc217ab0b073,256,336934,38867,488948,70717,-298067,-418231,288.696
fdc56834a9a912e6,256,353497,39001,512831,71033,-314496,-441798,286.509
61e8e53363f607fe,256,349393,38867,509434,70791,-310526,-438643,283.015
99f5edb6c6b674d8,256,349281,39100,505962,71278,-310181,-434684,296.751
e5652e1754370327,256,329446,39174,479524,71335,-290272,-408189,279.818
97fe708d45136a1d,256,347808,38926,505117,71080,-308882,-434037,300.53
f1ddc7e1ec1d32bd,256,345825,39063,501499,71225,-306762,-430274,282.812
96d4994a8d04a472,256,338858,38730,492130,70604,-300128,-421526,286.661
ceb6efca47ba9b3c,256,353326,38570,513341,70179,-314756,-443162,290.056
539984ec5168fa56,256,355785,39028,516128,71228,-316757,-444900,287.288
759dc32a5d16f79a,256,335191,38656,486751,70394,-296535,-416357,280.372
e26089c7892ce64d,256,334954,38637,486227,70160,-296317,-416067,279.766
fcb303b1cafbe220,256,358350,39030,520523,71086,-319320,-449437,283.583
bc95759af1736106,256,340999,39001,495615,71006,-301998,-424609,287.923
1cbaf4c2a4867161,256,344256,38904,500482,70736,-305352,-429746,300.91
c0dbbb1f9db3053a,256,344832,38770,499250,70544,-306062,-428706,288.397
57c6b10435d8ec56,256,331715,38759,481691,70511,-292956,-411180,285.701
a9efce0f16d1efcc,256,347605,38758,507238,70431,-308847,-436807,286.779
5f1aa3b4480488e5,256,338400,38565,491747,70208,-299835,-421539,279.512
bf80a5a6bd94672c,256,344366,39047,501637,71151,-305319,-430486,281.315
06c269a331259f61,256,332894,39073,482328,71074,-293821,-411254,280.063
bfa2de0993c04929,256,353256,38701,513264,70493,-314555,-442771,292.275
99a96352f4cde7ee,256,336217,39033,487575,70984,-297184,-416591,283.697
677069537abbf29b,256,337459,38801,490822,70758,-298658,-420064,282.986
4776395089fa2221,256,327573,38868,473763,70747,-288705,-403016,283.222
41b338fc1a51019c,256,346988,38990,504845,71122,-307998,-433723,283.279
cb7a1380e417e8f4,256,352814,39090,510867,71258,-313724,-439609,288.178
62897d552c5460b4,256,353150,39257,513898,71513,-313893,-442385,292.075
8ac5b23ae9bf5de7,256,333030,38822,482358,70649,-294208,-411709,286.401
cebb17178e40a384,256,348715,38812,507908,70503,-309903,-437405,281.889
987129c4e5ba61d5,256,357295,39214,518143,71315,-318081,-446828,290.551
03148b292e6ed3a0,256,355290,39241,516960,71347,-316049,-445613,281.331
de6531d024aa4a5c,256,335255,39301,486425,71630,-295954,-414795,289.607
b68041d925d4f765,256,334913,38757,485880,70704,-296156,-415176,282.026
00496dcf9765b104,256,340329,38735,495334,70470,-301594,-424864,280.269
77f193c0f7180355,256,338537,39144,492768,71188,-299393,-421580,280.057
60c1e66fd5b14847,256,351339,38739,511975,70423,-312600,-441552,279.296
9f6f08c0366f38bf,256,342699,39213,495602,71427,-303486,-424175,279.514
8865c00f57a6239c,256,341694,38960,495915,70926,-302734,-424989,283.176
af8013f7550a0de1,256,340167,38965,494647,70942,-301202,-423705,282.469
a43fd58d307faf30,256,340054,39011,494810,71016,-301043,-423794,280.112
c0d6a9d3aa3e23dc,256,323957,38924,471385,70737,-285033,-400648,280.472
b9b17325cb096480,256,346497,38908,503294,70920,-307589,-432374,286.846
1069d4e6fb03ccb7,256,342351,38871,497467,70809,-303480,-426658,288.245
d6966ebd4bbc0650,256,333604,39182,483644,71436,-294422,-412208,290.015
9572374f1559f177,256,350894,38890,510292,70841,-312004,-439451,287.379
380104f87977de88,256,346645,38375,504576,69835,-308270,-434741,279.92
90ef9bca0b4a090a,256,338951,38839,493372,70749,-300112,-422623,279.433
6cc93f65266b2c49,256,353604,38917,514308,70756,-314687,-443552,280.993
0ecf4ffc8e19182b,256,337673,38965,487688,70902,-298708,-416786,279.525
015c6ac2f705d344,256,337785,39005,490557,71015,-298780,-419542,292.241
99d4ee97f4e6a930,256,343160,38698,499230,70466,-304462,-428764,280.75
3c2b95213e255297,256,341989,38946,494525,70815,-303043,-423710,292.094
618d96e9e4c12ca5,256,350474,39037,512168,71071,-311437,-441097,288.603
542b283c35c31b28,256,347147,38807,505642,70826,-308340,-434816,278.799
ecbd644cb007a924,256,347240,38979,504019,71023,-308261,-432996,278.932
190caf4a4240bd6a,256,330815,38929,479555,70838,-291886,-408717,279.153
a2453f0b3e05a098,256,337508,38942,489012,70837,-298566,-418175,278.856
922b8774c15bc023,256,345524,38654,501950,70348,-306870,-431602,279.922
ff040ab5e67b7cf3,256,340980,39070,496000,71073,-301910,-424927,297.348
34b903a781667687,256,337553,38756,490536,70433,-298797,-420103,278.095
55b7f2f233babef0,256,331671,39177,480553,71316,-292494,-409237,282.818
889360e6627d0a14,256,341800,38789,497390,70777,-303011,-426613,287.257
8a4092f5d9750357,256,361305,38957,525524,70890,-322348,-454634,280.265
34de660d6b8ed54e,256,328247,39075,476870,71270,-289172,-405600,281.781
