graph_id,corpus,n_vertices,proba_logistic,pred_logistic,proba_dtree_d2,pred_dtree_d2,proba_rand_forest,pred_rand_forest,proba_grad_boost,pred_grad_boost,proba_svm_rbf,pred_svm_rbf,mahalanobis,features_oob
9f09f16c7ceddd59,er,512,1.7361416991050377e-11,0,0.0017327685791297652,0,0.0,0,0.0006782895019041363,0,0.10349874282905039,0,12.410869488578063,1
9148dfdc6af3d735,er,512,6.606611109472147e-11,0,0.0017327685791297652,0,0.0,0,0.0007337104998834097,0,0.10418432192820955,0,12.638815857242221,1
7b5e2a15c29ced91,er,512,1.0010082769519443e-11,0,0.0017327685791297652,0,0.0,0,0.0007337104998834097,0,0.10363913186966615,0,12.597232590534574,1
2990082e2abc6056,er,512,2.322177153803554e-11,0,0.0017327685791297652,0,0.0,0,0.0007337104998834097,0,0.10365417143311649,0,12.767936925057045,1
02ab2e5b4b228678,er,512,9.526724976508849e-12,0,0.0017327685791297652,0,0.0,0,0.0007337104998834097,0,0.10357842827161064,0,12.382859669302562,1
7e13b3d942e94db4,er,512,1.3202633398748129e-17,0,0.0017327685791297652,0,0.0,0,0.0006767000425850343,0,0.11418129464028579,0,11.34310865128171,1
9dae5eda142d45e9,er,512,4.252484324154956e-17,0,0.0017327685791297652,0,0.0,0,0.0006767000425850343,0,0.11301974865537026,0,10.89354990493638,1
b33280c25cb4eef0,er,512,9.172032929219887e-19,0,0.0017327685791297652,0,0.0,0,0.0006767000425850343,0,0.11726238723315266,0,10.831386025269929,1
393fe121d4f1628f,er,512,2.632162362979201e-18,0,0.0017327685791297652,0,0.0,0,0.0006767000425850343,0,0.11633413432092106,0,10.808887013497705,1
be1b82c562d422b5,er,512,1.447686495884855e-17,0,0.0017327685791297652,0,0.0,0,0.0006767000425850343,0,0.1141798310995024,0,11.05472763682658,1
1cd563f262d1d577,er,512,1.2763111121454215e-25,0,0.0017327685791297652,0,0.0,0,0.0006767000425850343,0,0.1174945987049437,0,10.456220674246167,1
6622fef343fd53b3,er,512,1.7239132945444985e-26,0,0.0017327685791297652,0,0.0,0,0.0006767000425850343,0,0.11665168027129996,0,12.226426760660283,1
d70b0e0d5a76e9f1,er,512,5.549864191182951e-23,0,0.0017327685791297652,0,0.0,0,0.0006767000425850343,0,0.11690699027074523,0,10.125627478383095,1
9e30b3336713822d,er,512,2.293735588988825e-23,0,0.0017327685791297652,0,0.0,0,0.0006767000425850343,0,0.11657501004795252,0,9.615133420636203,1
4135a83fd123c413,er,512,1.5322833162482336e-24,0,0.0017327685791297652,0,0.0,0,0.0006767000425850343,0,0.11677727043285815,0,10.250639283874708,1
a6fc8edd8666b75b,er,512,7.280174542093335e-32,0,0.0017327685791297652,0,0.0,0,0.0006767000425850343,0,0.10821696545810194,0,11.188026996421577,2
e52fd7d991ca1541,er,512,5.0519397693598e-31,0,0.0017327685791297652,0,0.0,0,0.0006767000425850343,0,0.10330015482744091,0,11.284259469422851,1
54f4090a18abc55a,er,512,3.532309296045033e-29,0,0.0017327685791297652,0,0.0,0,0.0006767000425850343,0,0.10229000020343273,0,9.559468724424098,1
ba9c93139b5be86c,er,512,7.416291850306367e-32,0,0.0017327685791297652,0,0.0,0,0.0006767000425850343,0,0.10657949892407412,0,10.969827497242427,2
f6b1ea38457c47d6,er,512,1.4082378737445021e-31,0,0.0017327685791297652,0,0.0,0,0.0006767000425850343,0,0.10614052040109913,0,10.208975131272402,2
eb8a842a3078d653,er,512,1.7158503331433722e-35,0,0.0017327685791297652,0,0.0,0,0.0006767000425850343,0,0.10295892760299269,0,12.130644126030461,2
f099b7ba784552f9,er,512,2.3164931531035619e-35,0,0.0017327685791297652,0,0.0,0,0.0006767000425850343,0,0.10181278709070178,0,12.390698533758476,2
02d0afc4e6ee5ddb,er,512,9.636776363426751e-39,0,0.0017327685791297652,0,0.0,0,0.0006767000425850343,0,0.12366152788195126,0,13.674113326387495,2
b8db708437d44948,er,512,2.2574440435991465e-37,0,0.0017327685791297652,0,0.0,0,0.0006767000425850343,0,0.11443517156513279,0,11.936566474514331,2
3f18b390dd3d476d,er,512,2.95698309489045e-35,0,0.0017327685791297652,0,0.0,0,0.0006767000425850343,0,0.10329856942681144,0,15.166567602316903,2
b6fde395e6ac7754,er,512,3.2513089563857065e-42,0,0.0017327685791297652,0,0.0,0,0.0006767000425850343,0,0.13569283160786758,0,15.4619467278695,2
7410d4905a4a1968,er,512,3.6156291568835647e-40,0,0.0017327685791297652,0,0.0,0,0.0006767000425850343,0,0.12120980397215707,0,12.627111510342457,2
ab88272f253d7a3e,er,512,6.20635858334286e-42,0,0.0017327685791297652,0,0.0,0,0.0006767000425850343,0,0.13331245339915423,0,14.8069609587201,2
6d773844b215b40a,er,512,2.0041732791585062e-39,0,0.0017327685791297652,0,0.0,0,0.0006767000425850343,0,0.11666979539805367,0,11.290356847401716,2
84d36faf89b1b705,er,512,1.4478508276530677e-40,0,0.0017327685791297652,0,0.0,0,0.0006767000425850343,0,0.12358969282115224,0,12.616689569561508,2
44e412b959095271,er,512,1.1841210615683815e-46,0,0.0017327685791297652,0,0.0,0,0.0006767000425850343,0,0.16531546791805737,0,17.26336934949546,2
381e76221f03b118,er,512,5.894704131941344e-42,0,0.0017327685791297652,0,0.0,0,0.0006767000425850343,0,0.1382292984833873,0,13.056521300554365,2
bcc99e17da1d4133,er,512,2.2582914668713877e-40,0,0.0017327685791297652,0,0.0,0,0.0006767000425850343,0,0.12802530731432238,0,12.734766116643833,2
5f4375ec5a18b25f,er,512,1.4066721844712796e-42,0,0.0017327685791297652,0,0.0,0,0.0006767000425850343,0,0.14149989330422885,0,13.1238069027366,2
c309fd80818f6c80,er,512,3.694957900203884e-44,0,0.0017327685791297652,0,0.0,0,0.0006767000425850343,0,0.1512192284222931,0,15.361466830005199,2
68ec8a2ea44c994f,er,512,4.324881058336158e-46,0,0.0017327685791297652,0,0.0,0,0.0006767000425850343,0,0.17404006200239686,0,15.202900876005133,2
2eeaa8a8a8688c30,er,512,1.6874701974320941e-46,0,0.0017327685791297652,0,0.0,0,0.0006767000425850343,0,0.17568704362868476,0,15.47503545470439,2
60937328aaabe186,er,512,1.947133008305394e-51,0,0.0017327685791297652,0,0.0,0,0.0006767000425850343,0,0.1877062815699432,0,19.51315990670757,2
7ec19f5ef34e42ae,er,512,2.040477219377849e-48,0,0.0017327685791297652,0,0.0,0,0.0006767000425850343,0,0.18174971511349527,0,15.195447371247777,2
2e3b4da5b654ab2e,er,512,4.601088590916441e-46,0,0.0017327685791297652,0,0.0,0,0.0006767000425850343,0,0.17435278961298784,0,16.242574532658395,2
0ed52681ef15ec54,er,512,2.2627119483392444e-47,0,0.0017327685791297652,0,0.0,0,0.0006767000425850343,0,0.188793526703059,0,18.130722779618765,3
78a29ee556008354,er,512,1.0893143268428894e-53,0,0.0017327685791297652,0,0.0,0,0.0006767000425850343,0,0.1929210755732074,0,23.546857616940642,3
63a7c9b9ccae62a1,er,512,8.611974771921722e-46,0,0.0017327685791297652,0,0.0,0,0.0006767000425850343,0,0.18617763255588432,0,16.40578183923716,3
d51c371e7cb47851,er,512,1.0539855647294155e-48,0,0.0017327685791297652,0,0.0,0,0.0006767000425850343,0,0.19025317042805437,0,18.77621086885376,3
d2dec8bd52f3534c,er,512,2.884675469811982e-51,0,0.0017327685791297652,0,0.0,0,0.0006767000425850343,0,0.19208660306581365,0,20.509730938076654,3
1db27bb21eeb57f5,er,512,2.56629962089833e-52,0,0.0017327685791297652,0,0.0,0,0.0006767000425850343,0,0.19367602295654493,0,24.76158011146066,5
c5292c6f638c255d,er,512,1.7649231167556148e-51,0,0.0017327685791297652,0,0.0,0,0.0006767000425850343,0,0.19360330976857426,0,24.50486446129893,5
c44a7504475e64d8,er,512,4.045973029851683e-53,0,0.0017327685791297652,0,0.0,0,0.0006767000425850343,0,0.19370969815349934,0,25.703292133281806,5
fa07f5172fa0a4d5,er,512,3.981937952905964e-50,0,0.0017327685791297652,0,0.0,0,0.0006767000425850343,0,0.1934407537075721,0,24.011240154481783,5
57c4a15cdd14a309,er,512,1.2248629836162221e-51,0,0.0017327685791297652,0,0.0,0,0.0006767000425850343,0,0.19358978000318594,0,23.888206760805573,5
8eee57d564095479,er,512,2.59360820561274e-50,0,0.0017327685791297652,0,0.0,0,0.0006767000425850343,0,0.19382486508830324,0,27.904862909293374,7
d81115314d3028ab,er,512,1.8916324925789904e-50,0,0.0017327685791297652,0,0.0,0,0.0006767000425850343,0,0.1938184225330145,0,28.743672709388957,7
2010766337b9b9da,er,512,9.676223994656319e-52,0,0.0017327685791297652,0,0.0,0,0.0006767000425850343,0,0.19383586920786586,0,27.222506682276222,7
155447e67516988e,er,512,7.159703859047695e-55,0,0.0017327685791297652,0,0.0,0,0.0006767000425850343,0,0.19384928471179425,0,31.466715739085288,7
91acfd667b32e8a7,er,512,1.4805604076596203e-49,0,0.0017327685791297652,0,0.0,0,0.0006767000425850343,0,0.19380879803671167,0,26.846182839699363,7
967c076e9d585b0e,er,512,9.445742563109087e-54,0,0.0017327685791297652,0,0.0,0,0.0006767000425850343,0,0.19385355391185197,0,36.319728404453876,7
118b09c3c14fed1b,er,512,6.680435080169281e-51,0,0.0017327685791297652,0,0.0,0,0.0006767000425850343,0,0.193853448986428,0,35.58711239968409,7
68294f7887d262e5,er,512,1.2000032270103956e-50,0,0.0017327685791297652,0,0.0,0,0.0006767000425850343,0,0.1938534749940328,0,35.069510804499764,7
f6637f44d7c4ae82,er,512,3.667094056423713e-53,0,0.0017327685791297652,0,0.0,0,0.0006767000425850343,0,0.19385354705853328,0,36.54064399889934,7
661f43c4a9595e74,er,512,5.98932140138485e-55,0,0.0017327685791297652,0,0.0,0,0.0006767000425850343,0,0.19385356093475084,0,37.8900118812758,7
60ecc5ad3d25fa76,er,512,3.54845828782946e-52,0,0.0017327685791297652,0,0.0,0,0.0006767000425850343,0,0.19385357845098686,0,45.92151463439793,7
92470bfbcb2e3159,er,512,6.29243749231598e-53,0,0.0017327685791297652,0,0.0,0,0.0006767000425850343,0,0.19385357845164955,0,46.63310166847393,7
bf7e0a89377e40a0,er,512,5.838005860388085e-50,0,0.0017327685791297652,0,0.0,0,0.0006767000425850343,0,0.19385357844950646,0,44.37345679884641,7
669f418e94da3546,er,512,9.516251141685067e-51,0,0.0017327685791297652,0,0.0,0,0.0006767000425850343,0,0.19385357844844978,0,44.696313919071905,7
9536358c5e5776a8,er,512,2.108841204774841e-54,0,0.0017327685791297652,0,0.0,0,0.0006767000425850343,0,0.19385357845162796,0,46.68827870391659,7
8a0ff54a0356f678,er,512,8.374427526668618e-50,0,0.0017327685791297652,0,0.0,0,0.0006767000425850343,0,0.1938535784523096,0,57.22170522802225,7
2273d7971915b2c0,er,512,4.799809014143398e-52,0,0.0017327685791297652,0,0.0,0,0.0006767000425850343,0,0.1938535784523096,0,59.29875584855663,7
c1d410aa163a12f5,er,512,3.562687290612841e-52,0,0.0017327685791297652,0,0.0,0,0.0006767000425850343,0,0.1938535784523096,0,57.99301055431828,7
78104b7d28866335,er,512,4.7510322403294637e-54,0,0.0017327685791297652,0,0.0,0,0.0006767000425850343,0,0.1938535784523096,0,58.8419304743213,7
e7f9c75e99c0fed1,er,512,1.0424043655773782e-50,0,0.0017327685791297652,0,0.0,0,0.0006767000425850343,0,0.1938535784523096,0,57.60379743145912,7
0f16b1147a85c26d,er,512,6.856110865508967e-47,0,0.0017327685791297652,0,0.0,0,0.0006767000425850343,0,0.1938535784523096,0,72.36223043314484,6
47d8d339aa876311,er,512,1.8729313486399836e-47,0,0.0017327685791297652,0,0.0,0,0.0006767000425850343,0,0.1938535784523096,0,71.82731522302753,6
dd1e9e385b7c6655,er,512,1.505745733533316e-51,0,0.0017327685791297652,0,0.0,0,0.0006767000425850343,0,0.1938535784523096,0,73.40031875549882,7
62537f54ce633e1a,er,512,1.6191338258373086e-49,0,0.0017327685791297652,0,0.0,0,0.0006767000425850343,0,0.1938535784523096,0,71.81412595802615,7
529bce62f8fa97d0,er,512,2.664544757639631e-50,0,0.0017327685791297652,0,0.0,0,0.0006767000425850343,0,0.1938535784523096,0,73.54748195806178,7
f13bb7083a7e4c43,er,512,1.6153785035506964e-48,0,0.0017327685791297652,0,0.0,0,0.0006767000425850343,0,0.1938535784523096,0,89.90035548430949,7
13ac8f0aadd89645,er,512,7.577524143215467e-48,0,0.0017327685791297652,0,0.0,0,0.0006767000425850343,0,0.1938535784523096,0,89.82403113122199,6
b39f0c6f77655572,er,512,1.7719149003332426e-49,0,0.0017327685791297652,0,0.0,0,0.0006767000425850343,0,0.1938535784523096,0,90.83471217926488,7
6aa4590447bee2fc,er,512,1.4380252451457159e-47,0,0.0017327685791297652,0,0.0,0,0.0006767000425850343,0,0.1938535784523096,0,90.76331817710265,6
d0850943d27ec828,er,512,3.333930851824061e-47,0,0.0017327685791297652,0,0.0,0,0.0006767000425850343,0,0.1938535784523096,0,89.68470682418007,6
9c0e3e012fa3fa20,er,512,1.015263055862264e-45,0,0.0017327685791297652,0,0.0,0,0.0006767000425850343,0,0.1938535784523096,0,110.39927220905659,6
f02e1b471478d272,er,512,1.2314059785333398e-44,0,0.0017327685791297652,0,0.0,0,0.0006767000425850343,0,0.1938535784523096,0,110.38541051031275,6
60058efb86455cc8,er,512,9.672831383996417e-45,0,0.0017327685791297652,0,0.0,0,0.0006767000425850343,0,0.1938535784523096,0,110.04683632289141,6
32b7e19bae83468b,er,512,8.310116116969284e-45,0,0.0017327685791297652,0,0.0,0,0.0006767000425850343,0,0.1938535784523096,0,109.78739099135224,6
9705f109bf5ea708,er,512,2.1141427651889212e-44,0,0.0017327685791297652,0,0.0,0,0.0006767000425850343,0,0.1938535784523096,0,110.52544597910655,6
ab88725f3984059a,er,512,1.9761288866856143e-41,0,0.0017327685791297652,0,0.0,0,0.0006767000425850343,0,0.1938535784523096,0,133.04731895114128,6
cb36abfddef68da6,er,512,4.29949269922739e-41,0,0.0017327685791297652,0,0.0,0,0.0006767000425850343,0,0.1938535784523096,0,132.47683632486226,6
e674f92ca741cc98,er,512,6.805429350532081e-40,0,0.0017327685791297652,0,0.0,0,0.0006767000425850343,0,0.1938535784523096,0,133.21857270485316,6
f8dc105e2ce53efa,er,512,1.3474037621427436e-41,0,0.0017327685791297652,0,0.0,0,0.0006767000425850343,0,0.1938535784523096,0,133.09209350728617,6
5e440a71e536e865,er,512,1.187990863281589e-40,0,0.0017327685791297652,0,0.0,0,0.0006767000425850343,0,0.1938535784523096,0,132.86852143617776,6
f4961a00f1cef6f9,er,512,7.788721666762439e-37,0,0.0017327685791297652,0,0.0,0,0.0006767000425850343,0,0.1938535784523096,0,158.71251678874975,6
df1ad4d20695f18d,er,512,5.559809796023044e-37,0,0.0017327685791297652,0,0.0,0,0.0006767000425850343,0,0.1938535784523096,0,158.56848030098146,6
cfe33c0ea40c2bd6,er,512,1.682197541585252e-36,0,0.0017327685791297652,0,0.0,0,0.0006767000425850343,0,0.1938535784523096,0,158.191345130902,6
714d5fb8546120a7,er,512,4.259827741553563e-36,0,0.0017327685791297652,0,0.0,0,0.0006767000425850343,0,0.1938535784523096,0,158.17694887173062,6
c3caef616c741e25,er,512,3.376767014692135e-36,0,0.0017327685791297652,0,0.0,0,0.0006767000425850343,0,0.1938535784523096,0,158.22427806871326,6
87e3425fa62f3c16,er,1024,1.9474437043437375e-20,0,0.0017327685791297652,0,0.0,0,0.0007337104998834097,0,0.1938540404699143,0,27.032555486998362,1
bf723ae7f013f544,er,1024,3.697679329155686e-21,0,0.0017327685791297652,0,0.0,0,0.0007337104998834097,0,0.19385251283193858,0,26.761393890043948,1
e08307f47d1312f6,er,1024,1.932865838148829e-20,0,0.0017327685791297652,0,0.0,0,0.0007337104998834097,0,0.19385355973912105,0,27.19283078128143,1
e93f656a5862b1be,er,1024,6.904513164815002e-21,0,0.0017327685791297652,0,0.0,0,0.0007337104998834097,0,0.19385296549604736,0,26.689991261392045,1
21d9bf5f88f98bb8,er,1024,5.636428631283085e-22,0,0.0017327685791297652,0,0.0,0,0.0007337104998834097,0,0.1938511025258791,0,26.745833400516595,1
7ccb4aa75f4cc8dc,er,1024,1.3930221343842183e-36,0,0.0017327685791297652,0,0.0,0,0.0006767000425850343,0,0.19383825745948655,0,25.118801953076407,2
c93998575c0dbd15,er,1024,1.8865263822869564e-35,0,0.0017327685791297652,0,0.0,0,0.0006767000425850343,0,0.1938367540720253,0,25.86965470188558,2
81a0bec413cfd0ec,er,1024,5.971899123758721e-36,0,0.0017327685791297652,0,0.0,0,0.0006767000425850343,0,0.193837808170893,0,24.866276472442514,2
dbffd3ed9a8e0256,er,1024,1.0932896144054589e-36,0,0.0017327685791297652,0,0.0,0,0.0006767000425850343,0,0.19383893361932944,0,24.55340134475096,2
74d0d32cd529ac26,er,1024,5.819332597474602e-35,0,0.0017327685791297652,0,0.0,0,0.0006767000425850343,0,0.19383651981379924,0,24.666089021620408,2
e2ef2793fe41588a,er,1024,2.0738334697651965e-47,0,0.0017327685791297652,0,0.0,0,0.0006767000425850343,0,0.19384700357882648,0,25.12364705824802,2
bc438d1f5c803ea3,er,1024,6.862888151550933e-49,0,0.0017327685791297652,0,0.0,0,0.0006767000425850343,0,0.19384897551962324,0,27.17420591842557,2
8e3240f8686e0e8c,er,1024,1.4105160699716886e-47,0,0.0017327685791297652,0,0.0,0,0.0006767000425850343,0,0.19384732023381518,0,25.341445017106413,2
03c373bc58b0ebb4,er,1024,3.3267191946846715e-49,0,0.0017327685791297652,0,0.0,0,0.0006767000425850343,0,0.19384929498485612,0,26.88066476250558,2
59dba220727ddc14,er,1024,8.077179689353202e-48,0,0.0017327685791297652,0,0.0,0,0.0006767000425850343,0,0.19384778411056294,0,26.852785278893947,2
99dd01152aff6f2f,er,1024,5.383379320211861e-60,0,0.0017327685791297652,0,0.0,0,0.0006767000425850343,0,0.19385344041745342,0,32.04714544628435,2
9b7237c23962763c,er,1024,4.183511418867353e-60,0,0.0017327685791297652,0,0.0,0,0.0006767000425850343,0,0.19385344795936815,0,29.93573802499276,2
2cf6da9f14574627,er,1024,9.320830567717985e-61,0,0.0017327685791297652,0,0.0,0,0.0006767000425850343,0,0.1938534728052743,0,31.935465224394434,2
1ab6bda37dfd11dd,er,1024,2.725986536333839e-59,0,0.0017327685791297652,0,0.0,0,0.0006767000425850343,0,0.1938534093922657,0,30.9434133094421,2
d642262fe404dd3f,er,1024,3.24754540229157e-59,0,0.0017327685791297652,0,0.0,0,0.0006767000425850343,0,0.19385340228633546,0,30.650832183898313,2
476d942496a9ade9,er,1024,2.2094220911123277e-69,0,0.0017327685791297652,0,0.0,0,0.0006767000425850343,0,0.1938535784212336,0,40.43873908510008,5
05841490a0088590,er,1024,3.523521453102536e-72,0,0.0017327685791297652,0,0.0,0,0.0006767000425850343,0,0.1938535784444685,0,42.1232618255099,5
3f42d2f5ec3de542,er,1024,1.5578393706177033e-70,0,0.0017327685791297652,0,0.0,0,0.0006767000425850343,0,0.19385357842961667,0,36.6106042357282,5
38a9f263d5af7868,er,1024,5.1109299142075075e-71,0,0.0017327685791297652,0,0.0,0,0.0006767000425850343,0,0.19385357843626544,0,39.54926954316533,5
9894d6374e4f25f0,er,1024,1.0971672290880274e-64,0,0.0017327685791297652,0,0.0,0,0.0006767000425850343,0,0.19385357812859882,0,35.1040911507699,5
f9f8cfcbc8797204,er,1024,3.958002569098088e-79,0,0.0017327685791297652,0,0.0,0,0.0006767000425850343,0,0.1938535784523096,0,54.85335287979195,7
a4b49fbdf12df292,er,1024,1.3957284900925525e-83,0,0.0017327685791297652,0,0.0,0,0.0006767000425850343,0,0.1938535784523096,0,59.03763492151904,7
41ddb29bf2aeb7a5,er,1024,1.2676052851976006e-78,0,0.0017327685791297652,0,0.0,0,0.0006767000425850343,0,0.1938535784523096,0,54.063594956449066,7
6bb7862a1581b7e0,er,1024,5.0313051302313475e-74,0,0.0017327685791297652,0,0.0,0,0.0006767000425850343,0,0.19385357845230952,0,50.82502227850847,7
333d977bd81e268f,er,1024,7.145192201328655e-79,0,0.0017327685791297652,0,0.0,0,0.0006767000425850343,0,0.1938535784523096,0,53.157129165321415,7
30ef1bdca5d78e10,er,1024,1.5513295628370082e-90,0,0.0017327685791297652,0,0.0,0,0.0006767000425850343,0,0.1938535784523096,0,79.86619633015358,7
9d833bdd7fe22a5c,er,1024,1.8865540290857762e-89,0,0.0017327685791297652,0,0.0,0,0.0006767000425850343,0,0.1938535784523096,0,78.18944799214614,7
52d085783af65ac5,er,1024,1.938482275163169e-85,0,0.0017327685791297652,0,0.0,0,0.0006767000425850343,0,0.1938535784523096,0,76.47201654804519,7
6bb7b44159e127cd,er,1024,4.198367902178622e-85,0,0.0017327685791297652,0,0.0,0,0.0006767000425850343,0,0.1938535784523096,0,76.14194398594873,7
7a329f7885f5ad56,er,1024,1.814490145208515e-88,0,0.0017327685791297652,0,0.0,0,0.0006767000425850343,0,0.1938535784523096,0,78.30295507897904,7
9045b49eb9883357,er,1024,7.92730453309137e-91,0,0.0017327685791297652,0,0.0,0,0.0006767000425850343,0,0.1938535784523096,0,109.78763531192722,7
faf8aa448c8d120f,er,1024,5.16705945958308e-86,0,0.0017327685791297652,0,0.0,0,0.0006767000425850343,0,0.1938535784523096,0,107.23436014593682,7
0f9bedfbd9c8fe20,er,1024,1.355435818044943e-88,0,0.0017327685791297652,0,0.0,0,0.0006767000425850343,0,0.1938535784523096,0,108.162953341503,7
b9e1ac901724514b,er,1024,6.9845248771851274e-90,0,0.0017327685791297652,0,0.0,0,0.0006767000425850343,0,0.1938535784523096,0,108.53206560602148,7
3e1be1c1d7b76edf,er,1024,1.3725912208894133e-90,0,0.0017327685791297652,0,0.0,0,0.0006767000425850343,0,0.1938535784523096,0,108.32153707422788,7
cf12d1ba5d6af329,er,1024,2.152785815197787e-98,0,0.0017327685791297652,0,0.0,0,0.0006767000425850343,0,0.1938535784523096,0,154.88699851516188,7
1dfa93d7288b6a85,er,1024,5.11857301243992e-94,0,0.0017327685791297652,0,0.0,0,0.0006767000425850343,0,0.1938535784523096,0,152.8397695383473,7
7ced53552a6b76b4,er,1024,6.88710203814135e-95,0,0.0017327685791297652,0,0.0,0,0.0006767000425850343,0,0.1938535784523096,0,153.10438173368044,7
2b544eb562a244cb,er,1024,7.65990358723974e-97,0,0.0017327685791297652,0,0.0,0,0.0006767000425850343,0,0.1938535784523096,0,153.18728249984002,7
0a2a610075f7cf06,er,1024,7.766261274416593e-94,0,0.0017327685791297652,0,0.0,0,0.0006767000425850343,0,0.1938535784523096,0,151.3088275920327,7
ed5c44fd7eeb0f1e,er,1024,5.289189673719885e-103,0,0.0017327685791297652,0,0.0,0,0.0006767000425850343,0,0.1938535784523096,0,211.80154613813295,7
ec44df6dee6676dc,er,1024,7.420766120052551e-104,0,0.0017327685791297652,0,0.0,0,0.0006767000425850343,0,0.1938535784523096,0,213.00081542824753,7
71e160506a5d7a24,er,1024,1.0258290775140774e-97,0,0.0017327685791297652,0,0.0,0,0.0006767000425850343,0,0.1938535784523096,0,210.08186212788704,7
66480d27d60fee53,er,1024,3.1425981422648026e-95,0,0.0017327685791297652,0,0.0,0,0.0006767000425850343,0,0.1938535784523096,0,210.52206599418116,7
b1f30571bd4c1185,er,1024,2.6145467732216767e-96,0,0.0017327685791297652,0,0.0,0,0.0006767000425850343,0,0.1938535784523096,0,209.6842166634672,7
091c93264f4e71ed,er,1024,8.215276687475328e-96,0,0.0017327685791297652,0,0.0,0,0.0006767000425850343,0,0.1938535784523096,0,280.1280308537682,7
2c58c1ec49e4271d,er,1024,8.805335952880831e-97,0,0.0017327685791297652,0,0.0,0,0.0006767000425850343,0,0.1938535784523096,0,279.64163043466556,7
1e7b10a2796f6aa4,er,1024,7.196904807301747e-97,0,0.0017327685791297652,0,0.0,0,0.0006767000425850343,0,0.1938535784523096,0,281.09652930900086,7
e97f3a97ad973fe6,er,1024,5.9333320770756846e-95,0,0.0017327685791297652,0,0.0,0,0.0006767000425850343,0,0.1938535784523096,0,277.6787398406822,7
9d8612610f22fae0,er,1024,4.7613860502283105e-95,0,0.0017327685791297652,0,0.0,0,0.0006767000425850343,0,0.1938535784523096,0,280.6615804991447,7
71d9e68b97a7807d,er,1024,1.8861607282540574e-94,0,0.0017327685791297652,0,0.0,0,0.0006767000425850343,0,0.1938535784523096,0,363.5456386305141,7
d239d0d1a9533ac7,er,1024,2.4409663490414387e-97,0,0.0017327685791297652,0,0.0,0,0.0006767000425850343,0,0.1938535784523096,0,369.51254682778574,7
a4a473af451c0c6f,er,1024,1.2551508792954246e-96,0,0.0017327685791297652,0,0.0,0,0.0006767000425850343,0,0.1938535784523096,0,367.58567196505714,7
ce45c6e98ad44ce3,er,1024,1.6466527391745914e-99,0,0.0017327685791297652,0,0.0,0,0.0006767000425850343,0,0.1938535784523096,0,369.86962768567395,7
562a8ba3d0c8d985,er,1024,3.3196789112437666e-98,0,0.0017327685791297652,0,0.0,0,0.0006767000425850343,0,0.1938535784523096,0,365.34964541387916,7
621b1fd069dfdbbd,er,1024,4.4589227347012245e-97,0,0.0017327685791297652,0,0.0,0,0.0006767000425850343,0,0.1938535784523096,0,472.8894369468509,7
2b24741bcc542744,er,1024,9.410433126712562e-99,0,0.0017327685791297652,0,0.0,0,0.0006767000425850343,0,0.1938535784523096,0,469.23717003917625,7
ff3bb2cc12e0acd1,er,1024,2.757672308181039e-91,0,0.0017327685791297652,0,0.0,0,0.0006767000425850343,0,0.1938535784523096,0,470.98097930152574,7
f0c7ce5b208b069e,er,1024,4.431844086239052e-93,0,0.0017327685791297652,0,0.0,0,0.0006767000425850343,0,0.1938535784523096,0,472.0285214723963,7
2205d7bf01a96172,er,1024,2.830598547108178e-97,0,0.0017327685791297652,0,0.0,0,0.0006767000425850343,0,0.1938535784523096,0,472.0536480787618,7
ee58875d88103aab,er,1024,5.477891462910236e-93,0,0.0017327685791297652,0,0.0,0,0.0006767000425850343,0,0.1938535784523096,0,592.7698125957628,7
aae75b273b6acd75,er,1024,2.1895731467399416e-91,0,0.0017327685791297652,0,0.0,0,0.0006767000425850343,0,0.1938535784523096,0,593.2584320683985,7
98cab0cca66d3a78,er,1024,8.457639180250429e-88,0,0.0017327685791297652,0,0.0,0,0.0006767000425850343,0,0.1938535784523096,0,591.1847136696049,7
1395f243f9948152,er,1024,4.045517384411317e-88,0,0.0017327685791297652,0,0.0,0,0.0006767000425850343,0,0.1938535784523096,0,592.2412769731571,7
781cbdc26c99c242,er,1024,1.9461727066771337e-89,0,0.0017327685791297652,0,0.0,0,0.0006767000425850343,0,0.1938535784523096,0,593.6588418156228,7
c71b722d72777c4a,er,1024,4.873689814139995e-83,0,0.0017327685791297652,0,0.0,0,0.0006767000425850343,0,0.1938535784523096,0,731.9394186844213,7
8c7992a9b77ad093,er,1024,2.8285677914713397e-84,0,0.0017327685791297652,0,0.0,0,0.0006767000425850343,0,0.1938535784523096,0,732.7600690461514,7
47cc8a30b6d7e04e,er,1024,7.711124592651845e-81,0,0.0017327685791297652,0,0.0,0,0.0006767000425850343,0,0.1938535784523096,0,732.1367806014346,7
0e35f4a5e2e3a630,er,1024,2.3511208581854382e-83,0,0.0017327685791297652,0,0.0,0,0.0006767000425850343,0,0.1938535784523096,0,733.0322881695196,7
5b34f490711632f7,er,1024,1.7386062826385722e-83,0,0.0017327685791297652,0,0.0,0,0.0006767000425850343,0,0.1938535784523096,0,732.8215384773878,7
65239a2f048a7d8a,er,1024,2.2568548932374794e-76,0,0.0017327685791297652,0,0.0,0,0.0006767000425850343,0,0.1938535784523096,0,897.6170598524203,7
b24720b017941377,er,1024,9.414171356217186e-75,0,0.0017327685791297652,0,0.0,0,0.0006767000425850343,0,0.1938535784523096,0,896.7330416362379,7
a10f9aaa32b49534,er,1024,1.0955082086033502e-75,0,0.0017327685791297652,0,0.0,0,0.0006767000425850343,0,0.1938535784523096,0,895.8758344293636,7
52de99e03c2d445a,er,1024,1.3117869539864853e-74,0,0.0017327685791297652,0,0.0,0,0.0006767000425850343,0,0.1938535784523096,0,895.9527136284316,7
bec9701d796f598e,er,1024,5.426686220117012e-76,0,0.0017327685791297652,0,0.0,0,0.0006767000425850343,0,0.1938535784523096,0,893.8713756247333,7
d2a8dbd839a4c341,er,1024,2.7084413866445786e-66,0,0.0017327685791297652,0,0.0,0,0.0006767000425850343,0,0.1938535784523096,0,1078.2019868442671,7
519197375774c2c7,er,1024,3.444609363279124e-66,0,0.0017327685791297652,0,0.0,0,0.0006767000425850343,0,0.1938535784523096,0,1079.3115884834651,7
5b869a5573db6196,er,1024,2.774368416052828e-67,0,0.0017327685791297652,0,0.0,0,0.0006767000425850343,0,0.1938535784523096,0,1083.0576265152326,7
3298e2cc5fe20fee,er,1024,4.4653452160467765e-66,0,0.0017327685791297652,0,0.0,0,0.0006767000425850343,0,0.1938535784523096,0,1084.3265968560875,7
eca99d751355dc71,er,1024,6.745634244160362e-69,0,0.0017327685791297652,0,0.0,0,0.0006767000425850343,0,0.1938535784523096,0,1077.0557718429595,7
b667f5475e036b7e,er,1024,1.7289739881229094e-53,0,0.0017327685791297652,0,0.0,0,0.0006767000425850343,0,0.1938535784523096,0,1288.4607959612788,7
48c3022d4ce94ab6,er,1024,2.169965175391242e-54,0,0.0017327685791297652,0,0.0,0,0.0006767000425850343,0,0.1938535784523096,0,1286.6662638116557,7
e26447ff14e9852c,er,1024,2.804799204105065e-53,0,0.0017327685791297652,0,0.0,0,0.0006767000425850343,0,0.1938535784523096,0,1285.6311768238158,7
1e0002d762e7d75e,er,1024,1.341889476505437e-55,0,0.0017327685791297652,0,0.0,0,0.0006767000425850343,0,0.1938535784523096,0,1286.4450914351905,7
b4da283887704a0f,er,1024,2.3234138783792367e-54,0,0.0017327685791297652,0,0.0,0,0.0006767000425850343,0,0.1938535784523096,0,1287.3212991351743,7
a4c9bad0bbc02bd9,er,1024,3.0155650075231118e-40,0,0.0017327685791297652,0,0.0,0,0.0006767000425850343,0,0.1938535784523096,0,1519.571756839776,6
3f07bc357e940079,er,1024,1.1077892491446191e-40,0,0.0017327685791297652,0,0.0,0,0.0006767000425850343,0,0.1938535784523096,0,1520.2596575799087,6
f6d85cf65a89b101,er,1024,8.204690271272011e-40,0,0.0017327685791297652,0,0.0,0,0.0006767000425850343,0,0.1938535784523096,0,1519.2500819303984,6
9a40377d1b539ba0,er,1024,4.90909172466623e-41,0,0.0017327685791297652,0,0.0,0,0.0006767000425850343,0,0.1938535784523096,0,1519.8195731708292,6
188e501e3d6c772c,er,1024,1.5056517362636875e-40,0,0.0017327685791297652,0,0.0,0,0.0006767000425850343,0,0.1938535784523096,0,1518.9989999679942,6
9f09f16c7ceddd59,hybrid,512,1.7361416991050377e-11,0,0.0017327685791297652,0,0.0,0,0.0006782895019041363,0,0.10349874282905039,0,12.410869488578063,1
9148dfdc6af3d735,hybrid,512,6.606611109472147e-11,0,0.0017327685791297652,0,0.0,0,0.0007337104998834097,0,0.10418432192820955,0,12.638815857242221,1
7b5e2a15c29ced91,hybrid,512,1.0010082769519443e-11,0,0.0017327685791297652,0,0.0,0,0.0007337104998834097,0,0.10363913186966615,0,12.597232590534574,1
2990082e2abc6056,hybrid,512,2.322177153803554e-11,0,0.0017327685791297652,0,0.0,0,0.0007337104998834097,0,0.10365417143311649,0,12.767936925057045,1
02ab2e5b4b228678,hybrid,512,9.526724976508849e-12,0,0.0017327685791297652,0,0.0,0,0.0007337104998834097,0,0.10357842827161064,0,12.382859669302562,1
7e13b3d942e94db4,hybrid,512,1.3202633398748129e-17,0,0.0017327685791297652,0,0.0,0,0.0006767000425850343,0,0.11418129464028579,0,11.34310865128171,1
9dae5eda142d45e9,hybrid,512,4.252484324154956e-17,0,0.0017327685791297652,0,0.0,0,0.0006767000425850343,0,0.11301974865537026,0,10.89354990493638,1
b33280c25cb4eef0,hybrid,512,9.172032929219887e-19,0,0.0017327685791297652,0,0.0,0,0.0006767000425850343,0,0.11726238723315266,0,10.831386025269929,1
393fe121d4f1628f,hybrid,512,2.632162362979201e-18,0,0.0017327685791297652,0,0.0,0,0.0006767000425850343,0,0.11633413432092106,0,10.808887013497705,1
be1b82c562d422b5,hybrid,512,1.447686495884855e-17,0,0.0017327685791297652,0,0.0,0,0.0006767000425850343,0,0.1141798310995024,0,11.05472763682658,1
1cd563f262d1d577,hybrid,512,1.2763111121454215e-25,0,0.0017327685791297652,0,0.0,0,0.0006767000425850343,0,0.1174945987049437,0,10.456220674246167,1
6622fef343fd53b3,hybrid,512,1.7239132945444985e-26,0,0.0017327685791297652,0,0.0,0,0.0006767000425850343,0,0.11665168027129996,0,12.226426760660283,1
d70b0e0d5a76e9f1,hybrid,512,5.549864191182951e-23,0,0.0017327685791297652,0,0.0,0,0.0006767000425850343,0,0.11690699027074523,0,10.125627478383095,1
9e30b3336713822d,hybrid,512,2.293735588988825e-23,0,0.0017327685791297652,0,0.0,0,0.0006767000425850343,0,0.11657501004795252,0,9.615133420636203,1
4135a83fd123c413,hybrid,512,1.5322833162482336e-24,0,0.0017327685791297652,0,0.0,0,0.0006767000425850343,0,0.11677727043285815,0,10.250639283874708,1
a6fc8edd8666b75b,hybrid,512,7.280174542093335e-32,0,0.0017327685791297652,0,0.0,0,0.0006767000425850343,0,0.10821696545810194,0,11.188026996421577,2
e52fd7d991ca1541,hybrid,512,5.0519397693598e-31,0,0.0017327685791297652,0,0.0,0,0.0006767000425850343,0,0.10330015482744091,0,11.284259469422851,1
54f4090a18abc55a,hybrid,512,3.532309296045033e-29,0,0.0017327685791297652,0,0.0,0,0.0006767000425850343,0,0.10229000020343273,0,9.559468724424098,1
ba9c93139b5be86c,hybrid,512,7.416291850306367e-32,0,0.0017327685791297652,0,0.0,0,0.0006767000425850343,0,0.10657949892407412,0,10.969827497242427,2
f6b1ea38457c47d6,hybrid,512,1.4082378737445021e-31,0,0.0017327685791297652,0,0.0,0,0.0006767000425850343,0,0.10614052040109913,0,10.208975131272402,2
eb8a842a3078d653,hybrid,512,1.7158503331433722e-35,0,0.0017327685791297652,0,0.0,0,0.0006767000425850343,0,0.10295892760299269,0,12.130644126030461,2
f099b7ba784552f9,hybrid,512,2.3164931531035619e-35,0,0.0017327685791297652,0,0.0,0,0.0006767000425850343,0,0.10181278709070178,0,12.390698533758476,2
02d0afc4e6ee5ddb,hybrid,512,9.636776363426751e-39,0,0.0017327685791297652,0,0.0,0,0.0006767000425850343,0,0.12366152788195126,0,13.674113326387495,2
b8db708437d44948,hybrid,512,2.2574440435991465e-37,0,0.0017327685791297652,0,0.0,0,0.0006767000425850343,0,0.11443517156513279,0,11.936566474514331,2
3f18b390dd3d476d,hybrid,512,2.95698309489045e-35,0,0.0017327685791297652,0,0.0,0,0.0006767000425850343,0,0.10329856942681144,0,15.166567602316903,2
b6fde395e6ac7754,hybrid,512,3.2513089563857065e-42,0,0.0017327685791297652,0,0.0,0,0.0006767000425850343,0,0.13569283160786758,0,15.4619467278695,2
7410d4905a4a1968,hybrid,512,3.6156291568835647e-40,0,0.0017327685791297652,0,0.0,0,0.0006767000425850343,0,0.12120980397215707,0,12.627111510342457,2
ab88272f253d7a3e,hybrid,512,6.20635858334286e-42,0,0.0017327685791297652,0,0.0,0,0.0006767000425850343,0,0.13331245339915423,0,14.8069609587201,2
6d773844b215b40a,hybrid,512,2.0041732791585062e-39,0,0.0017327685791297652,0,0.0,0,0.0006767000425850343,0,0.11666979539805367,0,11.290356847401716,2
84d36faf89b1b705,hybrid,512,1.4478508276530677e-40,0,0.0017327685791297652,0,0.0,0,0.0006767000425850343,0,0.12358969282115224,0,12.616689569561508,2
44e412b959095271,hybrid,512,1.1841210615683815e-46,0,0.0017327685791297652,0,0.0,0,0.0006767000425850343,0,0.16531546791805737,0,17.26336934949546,2
381e76221f03b118,hybrid,512,5.894704131941344e-42,0,0.0017327685791297652,0,0.0,0,0.0006767000425850343,0,0.1382292984833873,0,13.056521300554365,2
bcc99e17da1d4133,hybrid,512,2.2582914668713877e-40,0,0.0017327685791297652,0,0.0,0,0.0006767000425850343,0,0.12802530731432238,0,12.734766116643833,2
5f4375ec5a18b25f,hybrid,512,1.4066721844712796e-42,0,0.0017327685791297652,0,0.0,0,0.0006767000425850343,0,0.14149989330422885,0,13.1238069027366,2
c309fd80818f6c80,hybrid,512,3.694957900203884e-44,0,0.0017327685791297652,0,0.0,0,0.0006767000425850343,0,0.1512192284222931,0,15.361466830005199,2
68ec8a2ea44c994f,hybrid,512,4.324881058336158e-46,0,0.0017327685791297652,0,0.0,0,0.0006767000425850343,0,0.17404006200239686,0,15.202900876005133,2
2eeaa8a8a8688c30,hybrid,512,1.6874701974320941e-46,0,0.0017327685791297652,0,0.0,0,0.0006767000425850343,0,0.17568704362868476,0,15.47503545470439,2
60937328aaabe186,hybrid,512,1.947133008305394e-51,0,0.0017327685791297652,0,0.0,0,0.0006767000425850343,0,0.1877062815699432,0,19.51315990670757,2
7ec19f5ef34e42ae,hybrid,512,2.040477219377849e-48,0,0.0017327685791297652,0,0.0,0,0.0006767000425850343,0,0.18174971511349527,0,15.195447371247777,2
2e3b4da5b654ab2e,hybrid,512,4.601088590916441e-46,0,0.0017327685791297652,0,0.0,0,0.0006767000425850343,0,0.17435278961298784,0,16.242574532658395,2
0ed52681ef15ec54,hybrid,512,2.2627119483392444e-47,0,0.0017327685791297652,0,0.0,0,0.0006767000425850343,0,0.188793526703059,0,18.130722779618765,3
78a29ee556008354,hybrid,512,1.0893143268428894e-53,0,0.0017327685791297652,0,0.0,0,0.0006767000425850343,0,0.1929210755732074,0,23.546857616940642,3
63a7c9b9ccae62a1,hybrid,512,8.611974771921722e-46,0,0.0017327685791297652,0,0.0,0,0.0006767000425850343,0,0.18617763255588432,0,16.40578183923716,3
d51c371e7cb47851,hybrid,512,1.0539855647294155e-48,0,0.0017327685791297652,0,0.0,0,0.0006767000425850343,0,0.19025317042805437,0,18.77621086885376,3
d2dec8bd52f3534c,hybrid,512,2.884675469811982e-51,0,0.0017327685791297652,0,0.0,0,0.0006767000425850343,0,0.19208660306581365,0,20.509730938076654,3
1db27bb21eeb57f5,hybrid,512,2.56629962089833e-52,0,0.0017327685791297652,0,0.0,0,0.0006767000425850343,0,0.19367602295654493,0,24.76158011146066,5
c5292c6f638c255d,hybrid,512,1.7649231167556148e-51,0,0.0017327685791297652,0,0.0,0,0.0006767000425850343,0,0.19360330976857426,0,24.50486446129893,5
c44a7504475e64d8,hybrid,512,4.045973029851683e-53,0,0.0017327685791297652,0,0.0,0,0.0006767000425850343,0,0.19370969815349934,0,25.703292133281806,5
fa07f5172fa0a4d5,hybrid,512,3.981937952905964e-50,0,0.0017327685791297652,0,0.0,0,0.0006767000425850343,0,0.1934407537075721,0,24.011240154481783,5
57c4a15cdd14a309,hybrid,512,1.2248629836162221e-51,0,0.0017327685791297652,0,0.0,0,0.0006767000425850343,0,0.19358978000318594,0,23.888206760805573,5
8eee57d564095479,hybrid,512,2.59360820561274e-50,0,0.0017327685791297652,0,0.0,0,0.0006767000425850343,0,0.19382486508830324,0,27.904862909293374,7
d81115314d3028ab,hybrid,512,1.8916324925789904e-50,0,0.0017327685791297652,0,0.0,0,0.0006767000425850343,0,0.1938184225330145,0,28.743672709388957,7
2010766337b9b9da,hybrid,512,9.676223994656319e-52,0,0.0017327685791297652,0,0.0,0,0.0006767000425850343,0,0.19383586920786586,0,27.222506682276222,7
155447e67516988e,hybrid,512,7.159703859047695e-55,0,0.0017327685791297652,0,0.0,0,0.0006767000425850343,0,0.19384928471179425,0,31.466715739085288,7
91acfd667b32e8a7,hybrid,512,1.4805604076596203e-49,0,0.0017327685791297652,0,0.0,0,0.0006767000425850343,0,0.19380879803671167,0,26.846182839699363,7
967c076e9d585b0e,hybrid,512,9.445742563109087e-54,0,0.0017327685791297652,0,0.0,0,0.0006767000425850343,0,0.19385355391185197,0,36.319728404453876,7
118b09c3c14fed1b,hybrid,512,6.680435080169281e-51,0,0.0017327685791297652,0,0.0,0,0.0006767000425850343,0,0.193853448986428,0,35.58711239968409,7
68294f7887d262e5,hybrid,512,1.2000032270103956e-50,0,0.0017327685791297652,0,0.0,0,0.0006767000425850343,0,0.1938534749940328,0,35.069510804499764,7
f6637f44d7c4ae82,hybrid,512,3.667094056423713e-53,0,0.0017327685791297652,0,0.0,0,0.0006767000425850343,0,0.19385354705853328,0,36.54064399889934,7
661f43c4a9595e74,hybrid,512,5.98932140138485e-55,0,0.0017327685791297652,0,0.0,0,0.0006767000425850343,0,0.19385356093475084,0,37.8900118812758,7
60ecc5ad3d25fa76,hybrid,512,3.54845828782946e-52,0,0.0017327685791297652,0,0.0,0,0.0006767000425850343,0,0.19385357845098686,0,45.92151463439793,7
92470bfbcb2e3159,hybrid,512,6.29243749231598e-53,0,0.0017327685791297652,0,0.0,0,0.0006767000425850343,0,0.19385357845164955,0,46.63310166847393,7
bf7e0a89377e40a0,hybrid,512,5.838005860388085e-50,0,0.0017327685791297652,0,0.0,0,0.0006767000425850343,0,0.19385357844950646,0,44.37345679884641,7
669f418e94da3546,hybrid,512,9.516251141685067e-51,0,0.0017327685791297652,0,0.0,0,0.0006767000425850343,0,0.19385357844844978,0,44.696313919071905,7
9536358c5e5776a8,hybrid,512,2.108841204774841e-54,0,0.0017327685791297652,0,0.0,0,0.0006767000425850343,0,0.19385357845162796,0,46.68827870391659,7
8a0ff54a0356f678,hybrid,512,8.374427526668618e-50,0,0.0017327685791297652,0,0.0,0,0.0006767000425850343,0,0.1938535784523096,0,57.22170522802225,7
2273d7971915b2c0,hybrid,512,4.799809014143398e-52,0,0.0017327685791297652,0,0.0,0,0.0006767000425850343,0,0.1938535784523096,0,59.29875584855663,7
c1d410aa163a12f5,hybrid,512,3.562687290612841e-52,0,0.0017327685791297652,0,0.0,0,0.0006767000425850343,0,0.1938535784523096,0,57.99301055431828,7
78104b7d28866335,hybrid,512,4.7510322403294637e-54,0,0.0017327685791297652,0,0.0,0,0.0006767000425850343,0,0.1938535784523096,0,58.8419304743213,7
e7f9c75e99c0fed1,hybrid,512,1.0424043655773782e-50,0,0.0017327685791297652,0,0.0,0,0.0006767000425850343,0,0.1938535784523096,0,57.60379743145912,7
0f16b1147a85c26d,hybrid,512,6.856110865508967e-47,0,0.0017327685791297652,0,0.0,0,0.0006767000425850343,0,0.1938535784523096,0,72.36223043314484,6
47d8d339aa876311,hybrid,512,1.8729313486399836e-47,0,0.0017327685791297652,0,0.0,0,0.0006767000425850343,0,0.1938535784523096,0,71.82731522302753,6
dd1e9e385b7c6655,hybrid,512,1.505745733533316e-51,0,0.0017327685791297652,0,0.0,0,0.0006767000425850343,0,0.1938535784523096,0,73.40031875549882,7
62537f54ce633e1a,hybrid,512,1.6191338258373086e-49,0,0.0017327685791297652,0,0.0,0,0.0006767000425850343,0,0.1938535784523096,0,71.81412595802615,7
529bce62f8fa97d0,hybrid,512,2.664544757639631e-50,0,0.0017327685791297652,0,0.0,0,0.0006767000425850343,0,0.1938535784523096,0,73.54748195806178,7
f13bb7083a7e4c43,hybrid,512,1.6153785035506964e-48,0,0.0017327685791297652,0,0.0,0,0.0006767000425850343,0,0.1938535784523096,0,89.90035548430949,7
13ac8f0aadd89645,hybrid,512,7.577524143215467e-48,0,0.0017327685791297652,0,0.0,0,0.0006767000425850343,0,0.1938535784523096,0,89.82403113122199,6
b39f0c6f77655572,hybrid,512,1.7719149003332426e-49,0,0.0017327685791297652,0,0.0,0,0.0006767000425850343,0,0.1938535784523096,0,90.83471217926488,7
6aa4590447bee2fc,hybrid,512,1.4380252451457159e-47,0,0.0017327685791297652,0,0.0,0,0.0006767000425850343,0,0.1938535784523096,0,90.76331817710265,6
d0850943d27ec828,hybrid,512,3.333930851824061e-47,0,0.0017327685791297652,0,0.0,0,0.0006767000425850343,0,0.1938535784523096,0,89.68470682418007,6
9c0e3e012fa3fa20,hybrid,512,1.015263055862264e-45,0,0.0017327685791297652,0,0.0,0,0.0006767000425850343,0,0.1938535784523096,0,110.39927220905659,6
f02e1b471478d272,hybrid,512,1.2314059785333398e-44,0,0.0017327685791297652,0,0.0,0,0.0006767000425850343,0,0.1938535784523096,0,110.38541051031275,6
60058efb86455cc8,hybrid,512,9.672831383996417e-45,0,0.0017327685791297652,0,0.0,0,0.0006767000425850343,0,0.1938535784523096,0,110.04683632289141,6
32b7e19bae83468b,hybrid,512,8.310116116969284e-45,0,0.0017327685791297652,0,0.0,0,0.0006767000425850343,0,0.1938535784523096,0,109.78739099135224,6
9705f109bf5ea708,hybrid,512,2.1141427651889212e-44,0,0.0017327685791297652,0,0.0,0,0.0006767000425850343,0,0.1938535784523096,0,110.52544597910655,6
ab88725f3984059a,hybrid,512,1.9761288866856143e-41,0,0.0017327685791297652,0,0.0,0,0.0006767000425850343,0,0.1938535784523096,0,133.04731895114128,6
cb36abfddef68da6,hybrid,512,4.29949269922739e-41,0,0.0017327685791297652,0,0.0,0,0.0006767000425850343,0,0.1938535784523096,0,132.47683632486226,6
e674f92ca741cc98,hybrid,512,6.805429350532081e-40,0,0.0017327685791297652,0,0.0,0,0.0006767000425850343,0,0.1938535784523096,0,133.21857270485316,6
f8dc105e2ce53efa,hybrid,512,1.3474037621427436e-41,0,0.0017327685791297652,0,0.0,0,0.0006767000425850343,0,0.1938535784523096,0,133.09209350728617,6
5e440a71e536e865,hybrid,512,1.187990863281589e-40,0,0.0017327685791297652,0,0.0,0,0.0006767000425850343,0,0.1938535784523096,0,132.86852143617776,6
f4961a00f1cef6f9,hybrid,512,7.788721666762439e-37,0,0.0017327685791297652,0,0.0,0,0.0006767000425850343,0,0.1938535784523096,0,158.71251678874975,6
df1ad4d20695f18d,hybrid,512,5.559809796023044e-37,0,0.0017327685791297652,0,0.0,0,0.0006767000425850343,0,0.1938535784523096,0,158.56848030098146,6
cfe33c0ea40c2bd6,hybrid,512,1.6821975415852756e-36,0,0.0017327685791297652,0,0.0,0,0.0006767000425850343,0,0.1938535784523096,0,158.191345130902,6
714d5fb8546120a7,hybrid,512,4.259827741553563e-36,0,0.0017327685791297652,0,0.0,0,0.0006767000425850343,0,0.1938535784523096,0,158.17694887173062,6
c3caef616c741e25,hybrid,512,3.376767014692183e-36,0,0.0017327685791297652,0,0.0,0,0.0006767000425850343,0,0.1938535784523096,0,158.22427806871326,6
ba00dc3642d18168,hybrid,512,1.0,1,0.996852871754524,1,1.0,1,0.99916416037487,1,0.19544068195558661,0,19.421465086912367,4
31f30734bc013a60,hybrid,512,1.0,1,0.996852871754524,1,1.0,1,0.99916416037487,1,0.4577712258912641,0,8.08976272479015,2
3769dc1f395e3131,hybrid,512,0.9999999999999991,1,0.996852871754524,1,1.0,1,0.99916416037487,1,0.4513011647470206,0,9.455515887099326,2
0de2bd8a7432e0af,hybrid,512,0.9999999999999973,1,0.996852871754524,1,1.0,1,0.99916416037487,1,0.449967832975767,0,9.610556404927106,2
aa7e14f51fbe710c,hybrid,512,1.0,1,0.996852871754524,1,1.0,1,0.99916416037487,1,0.4532126289310503,0,9.159491068568732,2
3d4782b80c40d7d2,hybrid,512,1.0,1,0.996852871754524,1,1.0,1,0.99916416037487,1,0.45397448839188614,0,8.856811968467717,2
91a9a67ab7ac5ec8,hybrid,512,0.9999999999999996,1,0.996852871754524,1,1.0,1,0.99916416037487,1,0.451840239265268,0,9.237630814958878,2
e014abf58d0f4fde,hybrid,512,0.9999999999999989,1,0.996852871754524,1,1.0,1,0.99916416037487,1,0.45069602923197527,0,9.385134488572923,2
5f515d88ef7a7c03,hybrid,512,0.9999999999999998,1,0.996852871754524,1,1.0,1,0.99916416037487,1,0.4521143895187631,0,9.342570131937938,2
f224e1dcafa2eb5e,hybrid,512,1.0,1,0.996852871754524,1,1.0,1,0.99916416037487,1,0.45434038159782114,0,8.915851136533027,2
1e966147b78fba71,hybrid,512,1.0,1,0.996852871754524,1,1.0,1,0.99916416037487,1,0.45301628987381404,0,9.195490261696238,2
cf46503456805da9,hybrid,512,0.9999999999999964,1,0.996852871754524,1,1.0,1,0.99916416037487,1,0.4495892145050951,0,9.649895754543728,2
12fd8067932e6ddb,hybrid,512,1.0,1,0.996852871754524,1,1.0,1,0.99916416037487,1,0.4629701208380212,0,7.567753234832591,2
daf4831acc591a29,hybrid,512,0.9999999999999944,1,0.996852871754524,1,1.0,1,0.99916416037487,1,0.4487284830248854,0,9.55718775151273,2
816e1d347faa92ce,hybrid,512,1.0,1,0.996852871754524,1,1.0,1,0.99916416037487,1,0.4573633232503118,0,8.159878410992944,2
e53ef31a1b11e1ff,hybrid,512,1.0,1,0.996852871754524,1,1.0,1,0.99916416037487,1,0.4533987743858804,0,9.123742838919243,2
c555175ec875bd51,hybrid,512,1.0,1,0.996852871754524,1,1.0,1,0.99916416037487,1,0.459612722031685,0,7.849197344982631,2
94fdbee8dcc93a10,hybrid,512,1.0,1,0.996852871754524,1,1.0,1,0.99916416037487,1,0.4594485542182948,0,7.86666423071633,3
43a94a56e0c4493e,hybrid,512,0.9999999999999698,1,0.996852871754524,1,1.0,1,0.99916416037487,1,0.44631768577690223,0,9.932243188633263,2
cc5b06affdd69b77,hybrid,512,1.0,1,0.996852871754524,1,1.0,1,0.99916416037487,1,0.4563476931252681,0,8.270888720679807,2
d7d805ab0f4e1cce,hybrid,512,1.0,1,0.996852871754524,1,1.0,1,0.99916416037487,1,0.4532126291966925,0,9.159492849526925,2
250b5e2ba58187fc,hybrid,512,1.0,1,0.996852871754524,1,1.0,1,0.99916416037487,1,0.4580564061037707,0,8.0451362578868,2
c45be41f2a18d77d,hybrid,512,0.9999999999999554,1,0.996852871754524,1,1.0,1,0.99916416037487,1,0.44539687330306693,0,9.853612476005296,2
0579e3dd0699b8c8,hybrid,512,0.9999999999999449,1,0.996852871754524,1,1.0,1,0.99916416037487,1,0.4451578544913088,0,10.015096521167377,2
27c5164503d90357,hybrid,512,0.9999999999999998,1,0.996852871754524,1,1.0,1,0.99916416037487,1,0.4522148577326892,0,9.145754584316805,2
f8adee961a053c39,hybrid,512,0.9999999999999989,1,0.996852871754524,1,1.0,1,0.99916416037487,1,0.45098913287897685,0,9.494084838197924,2
5ba5ec0a9f790658,hybrid,512,0.9999999999999927,1,0.996852871754524,1,1.0,1,0.99916416037487,1,0.44844663508050736,0,9.614702925440737,2
e0fa78f5eadc0420,hybrid,512,0.9999999999988669,1,0.996852871754524,1,1.0,1,0.99916416037487,1,0.4375431331367222,0,10.442498751141931,2
e632f81b2db3b805,hybrid,512,0.9999999999999993,1,0.996852871754524,1,1.0,1,0.99916416037487,1,0.4515828259416514,0,9.417752656348412,2
8fb3e501ed20bed6,hybrid,512,0.9999999999999836,1,0.996852871754524,1,1.0,1,0.99916416037487,1,0.4473799847134464,0,9.850418172577402,2
7d47b8202efadddd,hybrid,512,0.9999999999999984,1,0.996852871754524,1,1.0,1,0.99916416037487,1,0.45067404495104557,0,9.532668657274659,2
998b2754919f5a0b,hybrid,512,0.9999999999998153,1,0.996852871754524,1,1.0,1,0.99916416037487,1,0.4424943694268995,0,10.183439583638135,2
3397744256f67ed5,hybrid,512,1.0,1,0.996852871754524,1,1.0,1,0.99916416037487,1,0.459177120574638,0,7.847604234461094,2
4492c87fa749b02c,hybrid,512,0.9999999999905926,1,0.996852871754524,1,1.0,1,0.99916416037487,1,0.43012691271066916,0,10.753779849114306,2
96465985c45c4f7e,hybrid,512,0.9999999999999973,1,0.996852871754524,1,1.0,1,0.99916416037487,1,0.44996782666393165,0,9.610521816318663,2
5aafb46f40325b4a,hybrid,512,1.0,1,0.996852871754524,1,1.0,1,0.99916416037487,1,0.4554107203622619,0,8.626052694448337,2
77651bf769356aed,hybrid,512,1.0,1,0.996852871754524,1,1.0,1,0.99916416037487,1,0.4556599434952019,0,8.430749146566283,2
499051266e3f67bd,hybrid,512,0.9999999999984668,1,0.996852871754524,1,1.0,1,0.99916416037487,1,0.4365965903363165,0,10.486367462964415,2
5037165ac267acdb,hybrid,512,1.0,1,0.996852871754524,1,1.0,1,0.99916416037487,1,0.4530162985725255,0,9.195547575938104,2
1162fccc1c62c6c0,hybrid,512,1.0,1,0.996852871754524,1,1.0,1,0.99916416037487,1,0.46106218561002177,0,7.713104810470881,2
21a12a38cf78071c,hybrid,512,0.9999999999999973,1,0.996852871754524,1,1.0,1,0.99916416037487,1,0.449967827699305,0,9.610527487623195,2
46f45eec5870fc33,hybrid,512,0.9999999999999836,1,0.996852871754524,1,1.0,1,0.99916416037487,1,0.44737182268241027,0,9.850349856945224,2
0f54b394b42e92e4,hybrid,512,1.0,1,0.996852871754524,1,1.0,1,0.99916416037487,1,0.4546030155520856,0,8.849085976305725,2
657ee9be049cef34,hybrid,512,1.0,1,0.996852871754524,1,1.0,1,0.99916416037487,1,0.4549652325341492,0,8.751428010532747,2
2fa2eafa18e3306b,hybrid,512,1.0,1,0.996852871754524,1,1.0,1,0.99916416037487,1,0.4560593571137549,0,8.448560641374486,2
7c5ca4145c610215,hybrid,512,0.9999999999999927,1,0.996852871754524,1,1.0,1,0.99916416037487,1,0.4483080587214566,0,9.596299395270337,2
df955c66a6687f39,hybrid,512,0.9999999999811242,1,0.996852871754524,1,1.0,1,0.99916416037487,1,0.4271889985560453,0,10.7092383330259,2
454e1e803f5b80a4,hybrid,512,1.0,1,0.996852871754524,1,1.0,1,0.99916416037487,1,0.4530162977055526,0,9.195541858501661,2
fcccf5966bdbc492,hybrid,512,0.9999999999811242,1,0.996852871754524,1,1.0,1,0.99916416037487,1,0.42718900366717333,0,10.709252418904272,2
a211fa60490c5012,hybrid,512,1.0,1,0.996852871754524,1,1.0,1,0.99916416037487,1,0.45374333747674683,0,9.053206859454711,2
a929d25028a80456,hybrid,512,0.9999999999988669,1,0.996852871754524,1,1.0,1,0.99916416037487,1,0.437543125984926,0,10.442469680253447,2
1891f46083339a05,hybrid,512,1.0,1,0.996852871754524,1,1.0,1,0.99916416037487,1,0.4537433353764097,0,9.053192024782025,2
193402fb1eb0e5d5,hybrid,512,0.9999999999574334,1,0.996852871754524,1,1.0,1,0.99916416037487,1,0.42364898925293765,0,10.981780366090122,2
2165172e8bd98b38,hybrid,512,0.9999999999999998,1,0.996852871754524,1,1.0,1,0.99916416037487,1,0.45235885383003993,0,9.305365432068895,2
a67013e8b023a41e,hybrid,512,1.0,1,0.996852871754524,1,1.0,1,0.99916416037487,1,0.4546030122870514,0,8.849060308134513,2
50f6a8a1e879d002,hybrid,512,1.0,1,0.996852871754524,1,1.0,1,0.99916416037487,1,0.45420100858977525,0,8.949702078277344,2
f76ce73dafde94ae,hybrid,512,0.9999999999999951,1,0.996852871754524,1,1.0,1,0.99916416037487,1,0.44919010150176963,0,9.689469095806531,2
741a166f8582da61,hybrid,512,0.9999999999997502,1,0.996852871754524,1,1.0,1,0.99916416037487,1,0.4417521015919594,0,10.226082364363617,2
2dfb9afb00855947,hybrid,512,1.0,1,0.996852871754524,1,1.0,1,0.99916416037487,1,0.4542062136602387,0,8.949762698080932,2
b87a81db92092409,hybrid,512,1.0,1,0.996852871754524,1,1.0,1,0.99916416037487,1,0.4589705840676873,0,7.921878424178347,2
dc5b562a294d9bbc,hybrid,512,0.9999999999999991,1,0.996852871754524,1,1.0,1,0.99916416037487,1,0.4512941441492869,0,9.45575183769247,2
1d0aea3f2ae235f7,hybrid,512,1.0,1,0.996852871754524,1,1.0,1,0.99916416037487,1,0.4563443307855889,0,8.270778996350014,2
9c6913bcd10c1e69,hybrid,512,0.999999999999998,1,0.996852871754524,1,1.0,1,0.99916416037487,1,0.4503268027577421,0,9.57147714597388,2
deb5d323b6534dde,hybrid,512,1.0,1,0.996852871754524,1,1.0,1,0.99916416037487,1,0.4530162936139593,0,9.19551489090344,2
e4354a7c20dc4838,hybrid,512,0.9999999999998634,1,0.996852871754524,1,1.0,1,0.99916416037487,1,0.4432052691597407,0,10.141003988491672,2
97291097b5b0475e,hybrid,512,1.0,1,0.996852871754524,1,1.0,1,0.99916416037487,1,0.45434560071929514,0,8.915599766373854,2
836543c625f3b273,hybrid,512,1.0,1,0.996852871754524,1,1.0,1,0.99916416037487,1,0.4573633239858418,0,8.159887505561047,2
60593d875e476144,hybrid,512,0.999999999999998,1,0.996852871754524,1,1.0,1,0.99916416037487,1,0.4503267884584149,0,9.571397544183062,2
b7643f0b2a94561d,hybrid,512,1.0,1,0.996852871754524,1,1.0,1,0.99916416037487,1,0.45763257455011225,0,8.112696315799376,2
f90b4c6eddbf2b7b,hybrid,512,0.9999999999905926,1,0.996852871754524,1,1.0,1,0.99916416037487,1,0.4301269175794396,0,10.753797914600224,2
ba4a4add7d164a9b,hybrid,512,0.9999999999999984,1,0.996852871754524,1,1.0,1,0.99916416037487,1,0.45066695365244674,0,9.532621761544558,2
5053d5fef0ae793d,hybrid,512,1.0,1,0.996852871754524,1,1.0,1,0.99916416037487,1,0.46298862036968047,0,7.574170452365351,3
5310f9e3db4a0e18,hybrid,512,1.0,1,0.996852871754524,1,1.0,1,0.99916416037487,1,0.4547751198426967,0,8.763223901078657,2
9d30420fe0d12dbd,hybrid,512,0.9999999999998634,1,0.996852871754524,1,1.0,1,0.99916416037487,1,0.44320527249625663,0,10.141018944782077,2
ac60713b884a4d88,hybrid,512,1.0,1,0.996852871754524,1,1.0,1,0.99916416037487,1,0.45661797645838353,0,8.31144236335434,2
6453371920d6784e,hybrid,512,0.9999999999684706,1,0.996852871754524,1,1.0,1,0.99916416037487,1,0.42501819823509707,0,10.9357154567162,2
18c072046fd0eaef,hybrid,512,0.9999999999999993,1,0.996852871754524,1,1.0,1,0.99916416037487,1,0.451582826520042,0,9.417756097045512,2
9221f1fed4244ee0,hybrid,512,0.9999999999999254,1,0.996852871754524,1,1.0,1,0.99916416037487,1,0.44453619931438854,0,10.056848460345623,2
be90251f4da0a592,hybrid,512,1.0,1,0.996852871754524,1,1.0,1,0.99916416037487,1,0.46058713785529976,0,7.754043183698262,2
db098d3c2d594a20,hybrid,512,0.9999999999999973,1,0.996852871754524,1,1.0,1,0.99916416037487,1,0.44996782810008273,0,9.610529683173239,2
1f580e04a7e2e17a,hybrid,512,1.0,1,0.996852871754524,1,1.0,1,0.99916416037487,1,0.4532126236439219,0,9.159455644962149,2
71569c8c7571927a,hybrid,512,1.0,1,0.996852871754524,1,1.0,1,0.99916416037487,1,0.4573633232249461,0,8.159878097443707,2
91079b5f9ba5b232,hybrid,512,1.0,1,0.996852871754524,1,1.0,1,0.99916416037487,1,0.4535754451066359,0,9.088308618397408,2
2ce202de1f0d5047,hybrid,512,1.0,1,0.996852871754524,1,1.0,1,0.99916416037487,1,0.45551850369612584,0,8.595587665778256,2
0948111ddd2388ef,hybrid,512,1.0,1,0.996852871754524,1,1.0,1,0.99916416037487,1,0.45519172592521795,0,8.688057390868156,2
c7dadaf80049babe,hybrid,512,0.9999999999999998,1,0.996852871754524,1,1.0,1,0.9991398606982438,1,0.4523448282059146,0,9.808648972342564,2
d03ea82efbfbb997,hybrid,512,0.9999999999999698,1,0.996852871754524,1,1.0,1,0.99916416037487,1,0.4463176852390629,0,9.932240590669464,2
85bff337a2b4a470,hybrid,512,0.9999999999999993,1,0.996852871754524,1,1.0,1,0.99916416037487,1,0.45158282521103393,0,9.417748310626006,2
01bbd038d06e0f03,hybrid,512,1.0,1,0.996852871754524,1,1.0,1,0.99916416037487,1,0.45507964620178704,0,8.71956879932521,2
d51bdc5d58b2f981,hybrid,512,0.9999999999995426,1,0.996852871754524,1,1.0,1,0.99916416037487,1,0.4401703178844349,0,10.311989062406111,2
17dd08c3f97ffc60,hybrid,512,0.9999999999999911,1,0.996852871754524,1,1.0,1,0.99916416037487,1,0.44832703612455804,0,9.769453475236306,2
88fe63d979876c2c,hybrid,512,1.0,1,0.996852871754524,1,1.0,1,0.99916416037487,1,0.45544321749269706,0,8.48731004094347,2
256df9e37f58dbfa,hybrid,512,0.9999999999999698,1,0.996852871754524,1,1.0,1,0.99916416037487,1,0.4463176893111044,0,9.93226026474123,2
7a816b8d5d7fe3d8,hybrid,512,0.9999999999999836,1,0.996852871754524,1,1.0,1,0.99916416037487,1,0.4473799846020665,0,9.850417616889306,2
5cabf45c19dc720a,hybrid,512,0.9999999999999878,1,0.996852871754524,1,1.0,1,0.99916416037487,1,0.4478613746540103,0,9.809797539270871,2
bcc0fdc741932ba0,hybrid,512,0.9999999999999984,1,0.996852871754524,1,1.0,1,0.99916416037487,1,0.4506742323540122,0,9.532353336284427,2
6a0e758202cded27,hybrid,512,1.0,1,0.996852871754524,1,1.0,1,0.99916416037487,1,0.46074731053235246,0,7.73990639989176,2
03b8f60e637a8c89,hybrid,512,1.0,1,0.996852871754524,1,1.0,1,0.99916416037487,1,0.45374333910181325,0,9.053218342779685,2
b77827f49e01cb9e,hybrid,512,0.9999999999991624,1,0.996852871754524,1,1.0,1,0.99916416037487,1,0.43845379148630387,0,10.398808131446135,2
748ba3c37700030b,hybrid,512,1.0,1,0.996852871754524,1,1.0,1,0.99916416037487,1,0.4570914256781382,0,8.125383711546375,2
87e3425fa62f3c16,hybrid,1024,1.9474437043437375e-20,0,0.0017327685791297652,0,0.0,0,0.0007337104998834097,0,0.1938540404699143,0,27.032555486998362,1
bf723ae7f013f544,hybrid,1024,3.697679329155686e-21,0,0.0017327685791297652,0,0.0,0,0.0007337104998834097,0,0.19385251283193858,0,26.761393890043948,1
e08307f47d1312f6,hybrid,1024,1.932865838148829e-20,0,0.0017327685791297652,0,0.0,0,0.0007337104998834097,0,0.19385355973912105,0,27.19283078128143,1
e93f656a5862b1be,hybrid,1024,6.904513164815002e-21,0,0.0017327685791297652,0,0.0,0,0.0007337104998834097,0,0.19385296549604736,0,26.689991261392045,1
21d9bf5f88f98bb8,hybrid,1024,5.636428631283085e-22,0,0.0017327685791297652,0,0.0,0,0.0007337104998834097,0,0.1938511025258791,0,26.745833400516595,1
7ccb4aa75f4cc8dc,hybrid,1024,1.3930221343842183e-36,0,0.0017327685791297652,0,0.0,0,0.0006767000425850343,0,0.19383825745948655,0,25.118801953076407,2
c93998575c0dbd15,hybrid,1024,1.8865263822869564e-35,0,0.0017327685791297652,0,0.0,0,0.0006767000425850343,0,0.1938367540720253,0,25.86965470188558,2
81a0bec413cfd0ec,hybrid,1024,5.971899123758721e-36,0,0.0017327685791297652,0,0.0,0,0.0006767000425850343,0,0.193837808170893,0,24.866276472442514,2
dbffd3ed9a8e0256,hybrid,1024,1.0932896144054589e-36,0,0.0017327685791297652,0,0.0,0,0.0006767000425850343,0,0.19383893361932944,0,24.55340134475096,2
74d0d32cd529ac26,hybrid,1024,5.819332597474602e-35,0,0.0017327685791297652,0,0.0,0,0.0006767000425850343,0,0.19383651981379924,0,24.666089021620408,2
e2ef2793fe41588a,hybrid,1024,2.0738334697651965e-47,0,0.0017327685791297652,0,0.0,0,0.0006767000425850343,0,0.19384700357882648,0,25.12364705824802,2
bc438d1f5c803ea3,hybrid,1024,6.862888151550933e-49,0,0.0017327685791297652,0,0.0,0,0.0006767000425850343,0,0.19384897551962324,0,27.17420591842557,2
8e3240f8686e0e8c,hybrid,1024,1.4105160699716886e-47,0,0.0017327685791297652,0,0.0,0,0.0006767000425850343,0,0.19384732023381518,0,25.341445017106413,2
03c373bc58b0ebb4,hybrid,1024,3.3267191946846715e-49,0,0.0017327685791297652,0,0.0,0,0.0006767000425850343,0,0.19384929498485612,0,26.88066476250558,2
59dba220727ddc14,hybrid,1024,8.077179689353202e-48,0,0.0017327685791297652,0,0.0,0,0.0006767000425850343,0,0.19384778411056294,0,26.852785278893947,2
99dd01152aff6f2f,hybrid,1024,5.383379320211861e-60,0,0.0017327685791297652,0,0.0,0,0.0006767000425850343,0,0.19385344041745342,0,32.04714544628435,2
9b7237c23962763c,hybrid,1024,4.183511418867353e-60,0,0.0017327685791297652,0,0.0,0,0.0006767000425850343,0,0.19385344795936815,0,29.93573802499276,2
2cf6da9f14574627,hybrid,1024,9.320830567717985e-61,0,0.0017327685791297652,0,0.0,0,0.0006767000425850343,0,0.1938534728052743,0,31.935465224394434,2
1ab6bda37dfd11dd,hybrid,1024,2.725986536333839e-59,0,0.0017327685791297652,0,0.0,0,0.0006767000425850343,0,0.1938534093922657,0,30.9434133094421,2
d642262fe404dd3f,hybrid,1024,3.24754540229157e-59,0,0.0017327685791297652,0,0.0,0,0.0006767000425850343,0,0.19385340228633546,0,30.650832183898313,2
476d942496a9ade9,hybrid,1024,2.2094220911123277e-69,0,0.0017327685791297652,0,0.0,0,0.0006767000425850343,0,0.1938535784212336,0,40.43873908510008,5
05841490a0088590,hybrid,1024,3.523521453102536e-72,0,0.0017327685791297652,0,0.0,0,0.0006767000425850343,0,0.1938535784444685,0,42.1232618255099,5
3f42d2f5ec3de542,hybrid,1024,1.5578393706177033e-70,0,0.0017327685791297652,0,0.0,0,0.0006767000425850343,0,0.19385357842961667,0,36.6106042357282,5
38a9f263d5af7868,hybrid,1024,5.1109299142075075e-71,0,0.0017327685791297652,0,0.0,0,0.0006767000425850343,0,0.19385357843626544,0,39.54926954316533,5
9894d6374e4f25f0,hybrid,1024,1.0971672290880274e-64,0,0.0017327685791297652,0,0.0,0,0.0006767000425850343,0,0.19385357812859882,0,35.1040911507699,5
f9f8cfcbc8797204,hybrid,1024,3.958002569098088e-79,0,0.0017327685791297652,0,0.0,0,0.0006767000425850343,0,0.1938535784523096,0,54.85335287979195,7
a4b49fbdf12df292,hybrid,1024,1.3957284900925525e-83,0,0.0017327685791297652,0,0.0,0,0.0006767000425850343,0,0.1938535784523096,0,59.03763492151904,7
41ddb29bf2aeb7a5,hybrid,1024,1.2676052851976006e-78,0,0.0017327685791297652,0,0.0,0,0.0006767000425850343,0,0.1938535784523096,0,54.063594956449066,7
6bb7862a1581b7e0,hybrid,1024,5.0313051302313475e-74,0,0.0017327685791297652,0,0.0,0,0.0006767000425850343,0,0.19385357845230952,0,50.82502227850847,7
333d977bd81e268f,hybrid,1024,7.145192201328655e-79,0,0.0017327685791297652,0,0.0,0,0.0006767000425850343,0,0.1938535784523096,0,53.157129165321415,7
30ef1bdca5d78e10,hybrid,1024,1.5513295628370082e-90,0,0.0017327685791297652,0,0.0,0,0.0006767000425850343,0,0.1938535784523096,0,79.86619633015358,7
9d833bdd7fe22a5c,hybrid,1024,1.8865540290857762e-89,0,0.0017327685791297652,0,0.0,0,0.0006767000425850343,0,0.1938535784523096,0,78.18944799214614,7
52d085783af65ac5,hybrid,1024,1.938482275163169e-85,0,0.0017327685791297652,0,0.0,0,0.0006767000425850343,0,0.1938535784523096,0,76.47201654804519,7
6bb7b44159e127cd,hybrid,1024,4.198367902178622e-85,0,0.0017327685791297652,0,0.0,0,0.0006767000425850343,0,0.1938535784523096,0,76.14194398594873,7
7a329f7885f5ad56,hybrid,1024,1.814490145208515e-88,0,0.0017327685791297652,0,0.0,0,0.0006767000425850343,0,0.1938535784523096,0,78.30295507897904,7
9045b49eb9883357,hybrid,1024,7.92730453309137e-91,0,0.0017327685791297652,0,0.0,0,0.0006767000425850343,0,0.1938535784523096,0,109.78763531192722,7
faf8aa448c8d120f,hybrid,1024,5.16705945958308e-86,0,0.0017327685791297652,0,0.0,0,0.0006767000425850343,0,0.1938535784523096,0,107.23436014593682,7
0f9bedfbd9c8fe20,hybrid,1024,1.355435818044943e-88,0,0.0017327685791297652,0,0.0,0,0.0006767000425850343,0,0.1938535784523096,0,108.162953341503,7
b9e1ac901724514b,hybrid,1024,6.9845248771851274e-90,0,0.0017327685791297652,0,0.0,0,0.0006767000425850343,0,0.1938535784523096,0,108.53206560602148,7
3e1be1c1d7b76edf,hybrid,1024,1.3725912208894133e-90,0,0.0017327685791297652,0,0.0,0,0.0006767000425850343,0,0.1938535784523096,0,108.32153707422788,7
cf12d1ba5d6af329,hybrid,1024,2.152785815197787e-98,0,0.0017327685791297652,0,0.0,0,0.0006767000425850343,0,0.1938535784523096,0,154.88699851516188,7
1dfa93d7288b6a85,hybrid,1024,5.11857301243992e-94,0,0.0017327685791297652,0,0.0,0,0.0006767000425850343,0,0.1938535784523096,0,152.8397695383473,7
7ced53552a6b76b4,hybrid,1024,6.88710203814135e-95,0,0.0017327685791297652,0,0.0,0,0.0006767000425850343,0,0.1938535784523096,0,153.10438173368044,7
2b544eb562a244cb,hybrid,1024,7.65990358723974e-97,0,0.0017327685791297652,0,0.0,0,0.0006767000425850343,0,0.1938535784523096,0,153.18728249984002,7
0a2a610075f7cf06,hybrid,1024,7.766261274416593e-94,0,0.0017327685791297652,0,0.0,0,0.0006767000425850343,0,0.1938535784523096,0,151.3088275920327,7
ed5c44fd7eeb0f1e,hybrid,1024,5.289189673719885e-103,0,0.0017327685791297652,0,0.0,0,0.0006767000425850343,0,0.1938535784523096,0,211.80154613813295,7
ec44df6dee6676dc,hybrid,1024,7.420766120052551e-104,0,0.0017327685791297652,0,0.0,0,0.0006767000425850343,0,0.1938535784523096,0,213.00081542824753,7
71e160506a5d7a24,hybrid,1024,1.0258290775140774e-97,0,0.0017327685791297652,0,0.0,0,0.0006767000425850343,0,0.1938535784523096,0,210.08186212788704,7
66480d27d60fee53,hybrid,1024,3.1425981422648026e-95,0,0.0017327685791297652,0,0.0,0,0.0006767000425850343,0,0.1938535784523096,0,210.52206599418116,7
b1f30571bd4c1185,hybrid,1024,2.6145467732216767e-96,0,0.0017327685791297652,0,0.0,0,0.0006767000425850343,0,0.1938535784523096,0,209.6842166634672,7
091c93264f4e71ed,hybrid,1024,8.215276687475328e-96,0,0.0017327685791297652,0,0.0,0,0.0006767000425850343,0,0.1938535784523096,0,280.1280308537682,7
2c58c1ec49e4271d,hybrid,1024,8.805335952880831e-97,0,0.0017327685791297652,0,0.0,0,0.0006767000425850343,0,0.1938535784523096,0,279.64163043466556,7
1e7b10a2796f6aa4,hybrid,1024,7.196904807301747e-97,0,0.0017327685791297652,0,0.0,0,0.0006767000425850343,0,0.1938535784523096,0,281.09652930900086,7
e97f3a97ad973fe6,hybrid,1024,5.9333320770756846e-95,0,0.0017327685791297652,0,0.0,0,0.0006767000425850343,0,0.1938535784523096,0,277.6787398406822,7
9d8612610f22fae0,hybrid,1024,4.7613860502283105e-95,0,0.0017327685791297652,0,0.0,0,0.0006767000425850343,0,0.1938535784523096,0,280.6615804991447,7
71d9e68b97a7807d,hybrid,1024,1.8861607282540574e-94,0,0.0017327685791297652,0,0.0,0,0.0006767000425850343,0,0.1938535784523096,0,363.5456386305141,7
d239d0d1a9533ac7,hybrid,1024,2.4409663490414387e-97,0,0.0017327685791297652,0,0.0,0,0.0006767000425850343,0,0.1938535784523096,0,369.51254682778574,7
a4a473af451c0c6f,hybrid,1024,1.2551508792954246e-96,0,0.0017327685791297652,0,0.0,0,0.0006767000425850343,0,0.1938535784523096,0,367.58567196505714,7
ce45c6e98ad44ce3,hybrid,1024,1.6466527391745914e-99,0,0.0017327685791297652,0,0.0,0,0.0006767000425850343,0,0.1938535784523096,0,369.86962768567395,7
562a8ba3d0c8d985,hybrid,1024,3.3196789112437666e-98,0,0.0017327685791297652,0,0.0,0,0.0006767000425850343,0,0.1938535784523096,0,365.34964541387916,7
621b1fd069dfdbbd,hybrid,1024,4.4589227347012245e-97,0,0.0017327685791297652,0,0.0,0,0.0006767000425850343,0,0.1938535784523096,0,472.8894369468509,7
2b24741bcc542744,hybrid,1024,9.410433126712562e-99,0,0.0017327685791297652,0,0.0,0,0.0006767000425850343,0,0.1938535784523096,0,469.23717003917625,7
ff3bb2cc12e0acd1,hybrid,1024,2.757672308181039e-91,0,0.0017327685791297652,0,0.0,0,0.0006767000425850343,0,0.1938535784523096,0,470.98097930152574,7
f0c7ce5b208b069e,hybrid,1024,4.431844086239052e-93,0,0.0017327685791297652,0,0.0,0,0.0006767000425850343,0,0.1938535784523096,0,472.0285214723963,7
2205d7bf01a96172,hybrid,1024,2.830598547108178e-97,0,0.0017327685791297652,0,0.0,0,0.0006767000425850343,0,0.1938535784523096,0,472.0536480787618,7
ee58875d88103aab,hybrid,1024,5.477891462910236e-93,0,0.0017327685791297652,0,0.0,0,0.0006767000425850343,0,0.1938535784523096,0,592.7698125957628,7
aae75b273b6acd75,hybrid,1024,2.1895731467399416e-91,0,0.0017327685791297652,0,0.0,0,0.0006767000425850343,0,0.1938535784523096,0,593.2584320683985,7
98cab0cca66d3a78,hybrid,1024,8.457639180250429e-88,0,0.0017327685791297652,0,0.0,0,0.0006767000425850343,0,0.1938535784523096,0,591.1847136696049,7
1395f243f9948152,hybrid,1024,4.045517384411317e-88,0,0.0017327685791297652,0,0.0,0,0.0006767000425850343,0,0.1938535784523096,0,592.2412769731571,7
781cbdc26c99c242,hybrid,1024,1.9461727066771337e-89,0,0.0017327685791297652,0,0.0,0,0.0006767000425850343,0,0.1938535784523096,0,593.6588418156228,7
c71b722d72777c4a,hybrid,1024,4.873689814139995e-83,0,0.0017327685791297652,0,0.0,0,0.0006767000425850343,0,0.1938535784523096,0,731.9394186844213,7
8c7992a9b77ad093,hybrid,1024,2.8285677914713397e-84,0,0.0017327685791297652,0,0.0,0,0.0006767000425850343,0,0.1938535784523096,0,732.7600690461514,7
47cc8a30b6d7e04e,hybrid,1024,7.711124592651845e-81,0,0.0017327685791297652,0,0.0,0,0.0006767000425850343,0,0.1938535784523096,0,732.1367806014346,7
0e35f4a5e2e3a630,hybrid,1024,2.3511208581854382e-83,0,0.0017327685791297652,0,0.0,0,0.0006767000425850343,0,0.1938535784523096,0,733.0322881695196,7
5b34f490711632f7,hybrid,1024,1.7386062826385722e-83,0,0.0017327685791297652,0,0.0,0,0.0006767000425850343,0,0.1938535784523096,0,732.8215384773878,7
65239a2f048a7d8a,hybrid,1024,2.2568548932374794e-76,0,0.0017327685791297652,0,0.0,0,0.0006767000425850343,0,0.1938535784523096,0,897.6170598524203,7
b24720b017941377,hybrid,1024,9.414171356217186e-75,0,0.0017327685791297652,0,0.0,0,0.0006767000425850343,0,0.1938535784523096,0,896.7330416362379,7
a10f9aaa32b49534,hybrid,1024,1.0955082086033502e-75,0,0.0017327685791297652,0,0.0,0,0.0006767000425850343,0,0.1938535784523096,0,895.8758344293636,7
52de99e03c2d445a,hybrid,1024,1.3117869539864853e-74,0,0.0017327685791297652,0,0.0,0,0.0006767000425850343,0,0.1938535784523096,0,895.9527136284316,7
bec9701d796f598e,hybrid,1024,5.426686220117012e-76,0,0.0017327685791297652,0,0.0,0,0.0006767000425850343,0,0.1938535784523096,0,893.8713756247333,7
d2a8dbd839a4c341,hybrid,1024,2.7084413866445786e-66,0,0.0017327685791297652,0,0.0,0,0.0006767000425850343,0,0.1938535784523096,0,1078.2019868442671,7
519197375774c2c7,hybrid,1024,3.444609363279124e-66,0,0.0017327685791297652,0,0.0,0,0.0006767000425850343,0,0.1938535784523096,0,1079.3115884834651,7
5b869a5573db6196,hybrid,1024,2.774368416052828e-67,0,0.0017327685791297652,0,0.0,0,0.0006767000425850343,0,0.1938535784523096,0,1083.0576265152326,7
3298e2cc5fe20fee,hybrid,1024,4.4653452160467765e-66,0,0.0017327685791297652,0,0.0,0,0.0006767000425850343,0,0.1938535784523096,0,1084.3265968560875,7
eca99d751355dc71,hybrid,1024,6.745634244160362e-69,0,0.0017327685791297652,0,0.0,0,0.0006767000425850343,0,0.1938535784523096,0,1077.0557718429595,7
b667f5475e036b7e,hybrid,1024,1.7289739881229094e-53,0,0.0017327685791297652,0,0.0,0,0.0006767000425850343,0,0.1938535784523096,0,1288.4607959612788,7
48c3022d4ce94ab6,hybrid,1024,2.169965175391242e-54,0,0.0017327685791297652,0,0.0,0,0.0006767000425850343,0,0.1938535784523096,0,1286.6662638116557,7
e26447ff14e9852c,hybrid,1024,2.804799204105065e-53,0,0.0017327685791297652,0,0.0,0,0.0006767000425850343,0,0.1938535784523096,0,1285.6311768238158,7
1e0002d762e7d75e,hybrid,1024,1.341889476505437e-55,0,0.0017327685791297652,0,0.0,0,0.0006767000425850343,0,0.1938535784523096,0,1286.4450914351905,7
b4da283887704a0f,hybrid,1024,2.3234138783792367e-54,0,0.0017327685791297652,0,0.0,0,0.0006767000425850343,0,0.1938535784523096,0,1287.3212991351743,7
a4c9bad0bbc02bd9,hybrid,1024,3.0155650075231118e-40,0,0.0017327685791297652,0,0.0,0,0.0006767000425850343,0,0.1938535784523096,0,1519.571756839776,6
3f07bc357e940079,hybrid,1024,1.1077892491446191e-40,0,0.0017327685791297652,0,0.0,0,0.0006767000425850343,0,0.1938535784523096,0,1520.2596575799087,6
f6d85cf65a89b101,hybrid,1024,8.204690271272243e-40,0,0.0017327685791297652,0,0.0,0,0.0006767000425850343,0,0.1938535784523096,0,1519.2500819303984,6
9a40377d1b539ba0,hybrid,1024,4.90909172466651e-41,0,0.0017327685791297652,0,0.0,0,0.0006767000425850343,0,0.1938535784523096,0,1519.8195731708292,6
188e501e3d6c772c,hybrid,1024,1.5056517362636875e-40,0,0.0017327685791297652,0,0.0,0,0.0006767000425850343,0,0.1938535784523096,0,1518.9989999679942,6
14c083698a8f166d,hybrid,1024,1.0,1,0.996852871754524,1,1.0,1,0.99916416037487,1,0.1938535784523096,0,40.27551867991028,4
737535a22aacd64b,hybrid,1024,0.9999999999999998,1,0.996852871754524,1,1.0,1,0.99916416037487,1,0.19388901330294198,0,25.217733186743175,2
e2ef035912a7df6d,hybrid,1024,1.0,1,0.996852871754524,1,1.0,1,0.99916416037487,1,0.19388969032997472,0,23.438913857706908,2
681a96d78d09a84d,hybrid,1024,0.9999999999999982,1,0.996852871754524,1,1.0,1,0.99916416037487,1,0.19388908764383475,0,25.496356347355338,2
6490c6917f0089b8,hybrid,1024,1.0,1,0.996852871754524,1,1.0,1,0.99916416037487,1,0.19388921231452066,0,24.22004469211822,2
0817ebc2bd06558e,hybrid,1024,1.0,1,0.996852871754524,1,1.0,1,0.99916416037487,1,0.19388947870492027,0,23.813224140150574,2
d2ab961b1ce10782,hybrid,1024,1.0,1,0.996852871754524,1,1.0,1,0.99916416037487,1,0.19389075545511614,0,22.041267609506153,2
66a436757f51ac06,hybrid,1024,0.999999999999998,1,0.996852871754524,1,1.0,1,0.99916416037487,1,0.19388908381742,0,25.35895905212951,2
1b23dd5f1331ec5f,hybrid,1024,1.0,1,0.996852871754524,1,1.0,1,0.99916416037487,1,0.19388905290724465,0,24.44691574431041,2
d7c52b34cad71a97,hybrid,1024,0.9999999999999882,1,0.996852871754524,1,1.0,1,0.99916416037487,1,0.19388920989728528,0,25.638551827834217,2
8d11a2d0159fdbd6,hybrid,1024,1.0,1,0.996852871754524,1,1.0,1,0.99916416037487,1,0.19388938103276407,0,23.95483489095609,2
65635b658e56baf0,hybrid,1024,1.0,1,0.996852871754524,1,1.0,1,0.99916416037487,1,0.1938890436938648,0,24.623532026252935,2
c9bd98387e1dc67d,hybrid,1024,1.0,1,0.996852871754524,1,1.0,1,0.99916416037487,1,0.19388973227410145,0,23.51981835490478,2
2dd990638b3d5637,hybrid,1024,1.0,1,0.996852871754524,1,1.0,1,0.99916416037487,1,0.193889056571932,0,24.568656964822782,2
08ac55839fd96e70,hybrid,1024,1.0,1,0.996852871754524,1,1.0,1,0.99916416037487,1,0.1938897281308398,0,23.396166147992208,2
68c27d0c90b2adaa,hybrid,1024,1.0,1,0.996852871754524,1,1.0,1,0.99916416037487,1,0.19388903980626615,0,24.49178457104018,2
6865c63c647e4318,hybrid,1024,1.0,1,0.996852871754524,1,1.0,1,0.99916416037487,1,0.193889188228659,0,24.264555795782844,2
5f30619cf855145f,hybrid,1024,1.0,1,0.996852871754524,1,1.0,1,0.99916416037487,1,0.19388903980626374,0,24.4917825614894,2
12b73e432e350977,hybrid,1024,0.9999999999999998,1,0.996852871754524,1,1.0,1,0.99916416037487,1,0.1938890007698773,0,25.125477531959586,2
8be54ecf91b0da52,hybrid,1024,1.0,1,0.996852871754524,1,1.0,1,0.99916416037487,1,0.19388916540351822,0,24.309109772639378,2
f73888b6d4aec9f7,hybrid,1024,0.9999999999995599,1,0.996852871754524,1,1.0,1,0.99916416037487,1,0.193889588025765,0,26.205305492245078,2
117689499b73874f,hybrid,1024,1.0,1,0.996852871754524,1,1.0,1,0.99916416037487,1,0.19388910092496753,0,24.312842866985296,2
8ae519b35125e3b2,hybrid,1024,1.0,1,0.996852871754524,1,1.0,1,0.99916416037487,1,0.19388962020318293,0,23.649369848996606,2
9400f2fb77e67cf3,hybrid,1024,1.0,1,0.996852871754524,1,1.0,1,0.99916416037487,1,0.19389034624548684,0,21.269488699903015,2
039f8c0a67565ff9,hybrid,1024,1.0,1,0.996852871754524,1,1.0,1,0.99916416037487,1,0.19388923365005561,0,24.046981412980625,2
cdc2a1b76624d893,hybrid,1024,0.9999999999999996,1,0.996852871754524,1,1.0,1,0.99916416037487,1,0.1938890320347804,0,25.310315717115174,2
fa3307117a14829e,hybrid,1024,0.9999999999999969,1,0.996852871754524,1,1.0,1,0.99916416037487,1,0.1938891242032521,0,25.589758694123706,2
ee6c16f1f0ef97d8,hybrid,1024,0.9999999999998224,1,0.996852871754524,1,1.0,1,0.99916416037487,1,0.19388948079109022,0,26.062721089765944,2
ed7028c0da4f2338,hybrid,1024,1.0,1,0.996852871754524,1,1.0,1,0.99916416037487,1,0.193889100924984,0,24.31285755620357,2
d98f9d9571192c76,hybrid,1024,1.0,1,0.996852871754524,1,1.0,1,0.99916416037487,1,0.19389061427251328,0,22.473778206325353,2
03ca1c5587a2ed91,hybrid,1024,1.0,1,0.996852871754524,1,1.0,1,0.99916416037487,1,0.19388962020318917,0,23.64937983951662,2
0b90eed09a28fe93,hybrid,1024,1.0,1,0.996852871754524,1,1.0,1,0.99916416037487,1,0.1938891236778293,0,24.398552307555512,2
3cd3c0b8b486ac88,hybrid,1024,0.9999999999999993,1,0.996852871754524,1,1.0,1,0.99916416037487,1,0.19388904369433332,0,25.356701223374575,2
78af192b3ee728f4,hybrid,1024,0.9999999999999993,1,0.996852871754524,1,1.0,1,0.99916416037487,1,0.1938890398813843,0,25.220299433918562,2
7bf4e856bd4d6abb,hybrid,1024,1.0,1,0.996852871754524,1,1.0,1,0.99916416037487,1,0.19389068188194813,0,22.35251075254106,2
63049ad5082425bc,hybrid,1024,1.0,1,0.996852871754524,1,1.0,1,0.99916416037487,1,0.1938890395632602,0,24.48179110921745,2
1cedf12924a2a752,hybrid,1024,1.0,1,0.996852871754524,1,1.0,1,0.99916416037487,1,0.1938895090971394,0,23.654038353463392,2
0961dcacc97a65e6,hybrid,1024,0.9999999999999958,1,0.996852871754524,1,1.0,1,0.99916416037487,1,0.19388914458434542,0,25.636577838018248,2
404843d0cf800fb6,hybrid,1024,0.9999999999313705,1,0.996852871754524,1,1.0,1,0.99916416037487,1,0.19389026189979236,0,27.170573839206778,2
f110fd810c069aaa,hybrid,1024,1.0,1,0.996852871754524,1,1.0,1,0.99916416037487,1,0.19388839245171097,0,20.486425931102165,4
e339a143e8a9089c,hybrid,1024,1.0,1,0.996852871754524,1,1.0,1,0.99916416037487,1,0.1938907820241155,0,21.877295378000298,2
59927a25614d2a9e,hybrid,1024,1.0,1,0.996852871754524,1,1.0,1,0.99916416037487,1,0.1938895131681544,0,23.779735709172087,2
8115fb3119dcd61b,hybrid,1024,0.9999999999999998,1,0.996852871754524,1,1.0,1,0.99916416037487,1,0.1938890094619041,0,25.082162274788814,2
3cfa3d57cf5e8b1b,hybrid,1024,0.9999999999999998,1,0.996852871754524,1,1.0,1,0.99916416037487,1,0.1938890094854217,0,25.08210009761004,2
0655ed1579241bad,hybrid,1024,0.9999999999999993,1,0.996852871754524,1,1.0,1,0.99916416037487,1,0.19388904369433926,0,25.356704993913812,2
86a79c249d18c02b,hybrid,1024,1.0,1,0.996852871754524,1,1.0,1,0.99916416037487,1,0.19389026926045555,0,22.926416221446303,2
05af3c76b55f5cd1,hybrid,1024,1.0,1,0.996852871754524,1,1.0,1,0.99916416037487,1,0.19388910484312058,0,24.44338229991018,2
f2651b7e7cd1bbf6,hybrid,1024,1.0,1,0.996852871754524,1,1.0,1,0.99916416037487,1,0.19388944540919162,0,23.86699526481622,2
10b66dbeeef8dcf8,hybrid,1024,1.0,1,0.996852871754524,1,1.0,1,0.99916416037487,1,0.1938890180707953,0,24.581657641172267,2
d1e7d946d58229fd,hybrid,1024,0.9999999999999856,1,0.996852871754524,1,1.0,1,0.99916416037487,1,0.19388923939345498,0,25.824596931287907,2
cba7ac4ade9ddb32,hybrid,1024,1.0,1,0.996852871754524,1,1.0,1,0.99916416037487,1,0.193889143875252,0,24.353787485333918,2
4be7a980aaaec3d3,hybrid,1024,0.9999999999999345,1,0.996852871754524,1,1.0,1,0.99916416037487,1,0.1938893849897486,0,26.061186688863355,2
ba3655296009bb08,hybrid,1024,1.0,1,0.996852871754524,1,1.0,1,0.99916416037487,1,0.19387116861523546,0,18.2417169795567,4
1eca6bb72ef9f0b7,hybrid,1024,0.9999999999999989,1,0.996852871754524,1,1.0,1,0.99916416037487,1,0.19388905303660967,0,25.26644638911586,2
e4aea517a52b28b9,hybrid,1024,0.9999999999999998,1,0.996852871754524,1,1.0,1,0.99916416037487,1,0.1938890024254455,0,25.036283355467226,2
820084eacec474b7,hybrid,1024,1.0,1,0.996852871754524,1,1.0,1,0.99916416037487,1,0.19389003820997064,0,23.05759309478542,2
d4297fae3bd66e02,hybrid,1024,1.0,1,0.996852871754524,1,1.0,1,0.99916416037487,1,0.19388900951049906,0,24.626845530409522,2
c102fe34a5bc5665,hybrid,1024,0.9999999999995599,1,0.996852871754524,1,1.0,1,0.99916416037487,1,0.19388958802579576,0,26.2053169837919,2
2e9d5e3348b0d13d,hybrid,1024,1.0,1,0.996852871754524,1,1.0,1,0.99916416037487,1,0.1938901910865643,0,22.89064297289776,2
15a50e9032b5d9b7,hybrid,1024,1.0,1,0.996852871754524,1,1.0,1,0.99916416037487,1,0.19389044160836946,0,22.719144430628976,2
8fe0db389162e5e7,hybrid,1024,1.0,1,0.996852871754524,1,1.0,1,0.99916416037487,1,0.1938906774143905,0,22.239237915009543,2
50dae51242aa9457,hybrid,1024,1.0,1,0.996852871754524,1,1.0,1,0.99916416037487,1,0.1938905040106909,0,22.636928251088808,2
3f8ac671e049d0f9,hybrid,1024,0.9999999999998801,1,0.996852871754524,1,1.0,1,0.99916416037487,1,0.19388945053875284,0,26.156300416649646,2
839b557cace13851,hybrid,1024,1.0,1,0.996852871754524,1,1.0,1,0.99916416037487,1,0.19388910094090023,0,24.312738608833143,2
37ab8f4e6981a11c,hybrid,1024,1.0,1,0.996852871754524,1,1.0,1,0.99916416037487,1,0.1938889906783381,0,24.80802970417957,2
54ad4cd9b7663622,hybrid,1024,0.9999999999999996,1,0.996852871754524,1,1.0,1,0.99916416037487,1,0.19388901807215142,0,25.12812226236935,2
7abd0668e16a313e,hybrid,1024,1.0,1,0.996852871754524,1,1.0,1,0.99916416037487,1,0.19388929174547276,0,24.08703313495631,2
fb2246c22af15ba0,hybrid,1024,1.0,1,0.996852871754524,1,1.0,1,0.99916416037487,1,0.1938900035776562,0,23.220797307900433,3
10a4c8eb9866651e,hybrid,1024,0.9999999999999982,1,0.996852871754524,1,1.0,1,0.99916416037487,1,0.19388908764373744,0,25.4962982092677,2
16e51950a128dc90,hybrid,1024,0.9999999999999982,1,0.996852871754524,1,1.0,1,0.99916416037487,1,0.19388908764376997,0,25.496317648367338,2
31efe66095f37a98,hybrid,1024,0.9999999999999998,1,0.996852871754524,1,1.0,1,0.99916416037487,1,0.19388900242547588,0,25.036302105488325,2
f0d4de6de2c0ebc0,hybrid,1024,1.0,1,0.996852871754524,1,1.0,1,0.99916416037487,1,0.1938902649440819,0,22.807764633969978,2
ee7b0d30ed8da39b,hybrid,1024,1.0,1,0.996852871754524,1,1.0,1,0.99916416037487,1,0.19389056370326402,0,21.456138041223685,3
e68b9bbe076a7085,hybrid,1024,1.0,1,0.996852871754524,1,1.0,1,0.99916416037487,1,0.1938899645907302,0,23.263200223869735,2
e8c130876ede67e1,hybrid,1024,1.0,1,0.996852871754524,1,1.0,1,0.99916416037487,1,0.19388875772492906,0,20.589402639655606,4
94ea06fde465047f,hybrid,1024,0.9999999999998377,1,0.996852871754524,1,1.0,1,0.99916416037487,1,0.19388948468283834,0,26.203962311638413,2
3da8728a85dec310,hybrid,1024,1.0,1,0.996852871754524,1,1.0,1,0.99916416037487,1,0.1938889906726387,0,24.89912697301727,2
80904178e9d090f3,hybrid,1024,1.0,1,0.996852871754524,1,1.0,1,0.99916416037487,1,0.19388992556373005,0,23.305756298236286,2
9a3db4c2c69ee3f4,hybrid,1024,1.0,1,0.996852871754524,1,1.0,1,0.99916416037487,1,0.19389070115077314,0,22.312319896574145,2
ee47b217bd5c2a4d,hybrid,1024,0.9999999999997029,1,0.996852871754524,1,1.0,1,0.99916416037487,1,0.19388955544145825,0,26.299472138272396,2
31f6c2cad5e30ad0,hybrid,1024,0.9999999999999964,1,0.996852871754524,1,1.0,1,0.99916416037487,1,0.19388912037456255,0,25.45194195788813,2
5606379161b4bd04,hybrid,1024,1.0,1,0.996852871754524,1,1.0,1,0.99916416037487,1,0.19389052909569815,0,22.480321920827034,2
e59d4c63f504fd43,hybrid,1024,1.0,1,0.996852871754524,1,1.0,1,0.99916416037487,1,0.1938904044910923,0,22.643229183185724,2
ee39845c4dd8ec2f,hybrid,1024,1.0,1,0.996852871754524,1,1.0,1,0.99916416037487,1,0.19388984767182732,0,23.391090178662747,2
ef372505d009c5a9,hybrid,1024,0.9999999999999998,1,0.996852871754524,1,1.0,1,0.99916416037487,1,0.1938890062565878,0,25.171583684494912,2
dc29cfd503b6e090,hybrid,1024,0.9999999999999993,1,0.996852871754524,1,1.0,1,0.99916416037487,1,0.1938890436943499,0,25.356711781190015,2
4983f283dcd51398,hybrid,1024,1.0,1,0.996852871754524,1,1.0,1,0.99916416037487,1,0.19388954818588233,0,23.736207724601346,2
7f104b5735327a37,hybrid,1024,0.9999999999999982,1,0.996852871754524,1,1.0,1,0.99916416037487,1,0.19388908764379786,0,25.49633425906379,2
38221afa55ebd931,hybrid,1024,1.0,1,0.996852871754524,1,1.0,1,0.99916416037487,1,0.19388907138741138,0,24.533308252103865,2
a8eb50a3df28e0d9,hybrid,1024,1.0,1,0.996852871754524,1,1.0,1,0.99916416037487,1,0.19389078623860584,0,21.99458754037167,2
972f1517884a1130,hybrid,1024,1.0,1,0.996852871754524,1,1.0,1,0.99916416037487,1,0.1938892917520356,0,24.086919257183254,2
2fc2751bd70bff2d,hybrid,1024,0.9999999999999969,1,0.996852871754524,1,1.0,1,0.99916416037487,1,0.19388912420327006,0,25.589768894599278,2
33423e7b3049f7e8,hybrid,1024,0.9999999999999998,1,0.996852871754524,1,1.0,1,0.99916416037487,1,0.19388899301343313,0,24.944754783969508,2
b3ddb8bb4a1742c0,hybrid,1024,1.0,1,0.996852871754524,1,1.0,1,0.99916416037487,1,0.19389048615685053,0,21.381116074004684,3
d525c738d55702da,hybrid,1024,1.0,1,0.996852871754524,1,1.0,1,0.99916416037487,1,0.19388918822863827,0,24.26453267212038,2
06738a0187f4104e,hybrid,1024,0.9999999999999993,1,0.996852871754524,1,1.0,1,0.99916416037487,1,0.19388904369435056,0,25.356712158272412,2
f0322d2e69ba20c3,hybrid,1024,1.0,1,0.996852871754524,1,1.0,1,0.99916416037487,1,0.1938907668859163,0,21.799672521642773,3
2151f4cc035d7578,hybrid,1024,1.0,1,0.996852871754524,1,1.0,1,0.99916416037487,1,0.19388898383256126,0,20.658738033530355,4
238a63d6b536d144,hybrid,1024,1.0,1,0.996852871754524,1,1.0,1,0.99916416037487,1,0.193890681881952,0,22.352525771685748,2
58b92ef1a9e3cb39,hybrid,1024,0.9999999999999998,1,0.996852871754524,1,1.0,1,0.99916416037487,1,0.19388901330295186,0,25.217739776526315,2
ba00dc3642d18168,structured,512,1.0,1,0.996852871754524,1,1.0,1,0.99916416037487,1,0.19544068195558661,0,19.421465086912367,4
31f30734bc013a60,structured,512,1.0,1,0.996852871754524,1,1.0,1,0.99916416037487,1,0.4577712258912641,0,8.08976272479015,2
3769dc1f395e3131,structured,512,0.9999999999999991,1,0.996852871754524,1,1.0,1,0.99916416037487,1,0.4513011647470206,0,9.455515887099326,2
0de2bd8a7432e0af,structured,512,0.9999999999999973,1,0.996852871754524,1,1.0,1,0.99916416037487,1,0.449967832975767,0,9.610556404927106,2
aa7e14f51fbe710c,structured,512,1.0,1,0.996852871754524,1,1.0,1,0.99916416037487,1,0.4532126289310503,0,9.159491068568732,2
3d4782b80c40d7d2,structured,512,1.0,1,0.996852871754524,1,1.0,1,0.99916416037487,1,0.45397448839188614,0,8.856811968467717,2
91a9a67ab7ac5ec8,structured,512,0.9999999999999996,1,0.996852871754524,1,1.0,1,0.99916416037487,1,0.451840239265268,0,9.237630814958878,2
e014abf58d0f4fde,structured,512,0.9999999999999989,1,0.996852871754524,1,1.0,1,0.99916416037487,1,0.45069602923197527,0,9.385134488572923,2
5f515d88ef7a7c03,structured,512,0.9999999999999998,1,0.996852871754524,1,1.0,1,0.99916416037487,1,0.4521143895187631,0,9.342570131937938,2
f224e1dcafa2eb5e,structured,512,1.0,1,0.996852871754524,1,1.0,1,0.99916416037487,1,0.45434038159782114,0,8.915851136533027,2
1e966147b78fba71,structured,512,1.0,1,0.996852871754524,1,1.0,1,0.99916416037487,1,0.45301628987381404,0,9.195490261696238,2
cf46503456805da9,structured,512,0.9999999999999964,1,0.996852871754524,1,1.0,1,0.99916416037487,1,0.4495892145050951,0,9.649895754543728,2
12fd8067932e6ddb,structured,512,1.0,1,0.996852871754524,1,1.0,1,0.99916416037487,1,0.4629701208380212,0,7.567753234832591,2
daf4831acc591a29,structured,512,0.9999999999999944,1,0.996852871754524,1,1.0,1,0.99916416037487,1,0.4487284830248854,0,9.55718775151273,2
816e1d347faa92ce,structured,512,1.0,1,0.996852871754524,1,1.0,1,0.99916416037487,1,0.4573633232503118,0,8.159878410992944,2
e53ef31a1b11e1ff,structured,512,1.0,1,0.996852871754524,1,1.0,1,0.99916416037487,1,0.4533987743858804,0,9.123742838919243,2
c555175ec875bd51,structured,512,1.0,1,0.996852871754524,1,1.0,1,0.99916416037487,1,0.459612722031685,0,7.849197344982631,2
94fdbee8dcc93a10,structured,512,1.0,1,0.996852871754524,1,1.0,1,0.99916416037487,1,0.4594485542182948,0,7.86666423071633,3
43a94a56e0c4493e,structured,512,0.9999999999999698,1,0.996852871754524,1,1.0,1,0.99916416037487,1,0.44631768577690223,0,9.932243188633263,2
cc5b06affdd69b77,structured,512,1.0,1,0.996852871754524,1,1.0,1,0.99916416037487,1,0.4563476931252681,0,8.270888720679807,2
d7d805ab0f4e1cce,structured,512,1.0,1,0.996852871754524,1,1.0,1,0.99916416037487,1,0.4532126291966925,0,9.159492849526925,2
250b5e2ba58187fc,structured,512,1.0,1,0.996852871754524,1,1.0,1,0.99916416037487,1,0.4580564061037707,0,8.0451362578868,2
c45be41f2a18d77d,structured,512,0.9999999999999554,1,0.996852871754524,1,1.0,1,0.99916416037487,1,0.44539687330306693,0,9.853612476005296,2
0579e3dd0699b8c8,structured,512,0.9999999999999449,1,0.996852871754524,1,1.0,1,0.99916416037487,1,0.4451578544913088,0,10.015096521167377,2
27c5164503d90357,structured,512,0.9999999999999998,1,0.996852871754524,1,1.0,1,0.99916416037487,1,0.4522148577326892,0,9.145754584316805,2
f8adee961a053c39,structured,512,0.9999999999999989,1,0.996852871754524,1,1.0,1,0.99916416037487,1,0.45098913287897685,0,9.494084838197924,2
5ba5ec0a9f790658,structured,512,0.9999999999999927,1,0.996852871754524,1,1.0,1,0.99916416037487,1,0.44844663508050736,0,9.614702925440737,2
e0fa78f5eadc0420,structured,512,0.9999999999988669,1,0.996852871754524,1,1.0,1,0.99916416037487,1,0.4375431331367222,0,10.442498751141931,2
e632f81b2db3b805,structured,512,0.9999999999999993,1,0.996852871754524,1,1.0,1,0.99916416037487,1,0.4515828259416514,0,9.417752656348412,2
8fb3e501ed20bed6,structured,512,0.9999999999999836,1,0.996852871754524,1,1.0,1,0.99916416037487,1,0.4473799847134464,0,9.850418172577402,2
7d47b8202efadddd,structured,512,0.9999999999999984,1,0.996852871754524,1,1.0,1,0.99916416037487,1,0.45067404495104557,0,9.532668657274659,2
998b2754919f5a0b,structured,512,0.9999999999998153,1,0.996852871754524,1,1.0,1,0.99916416037487,1,0.4424943694268995,0,10.183439583638135,2
3397744256f67ed5,structured,512,1.0,1,0.996852871754524,1,1.0,1,0.99916416037487,1,0.459177120574638,0,7.847604234461094,2
4492c87fa749b02c,structured,512,0.9999999999905926,1,0.996852871754524,1,1.0,1,0.99916416037487,1,0.43012691271066916,0,10.753779849114306,2
96465985c45c4f7e,structured,512,0.9999999999999973,1,0.996852871754524,1,1.0,1,0.99916416037487,1,0.44996782666393165,0,9.610521816318663,2
5aafb46f40325b4a,structured,512,1.0,1,0.996852871754524,1,1.0,1,0.99916416037487,1,0.4554107203622619,0,8.626052694448337,2
77651bf769356aed,structured,512,1.0,1,0.996852871754524,1,1.0,1,0.99916416037487,1,0.4556599434952019,0,8.430749146566283,2
499051266e3f67bd,structured,512,0.9999999999984668,1,0.996852871754524,1,1.0,1,0.99916416037487,1,0.4365965903363165,0,10.486367462964415,2
5037165ac267acdb,structured,512,1.0,1,0.996852871754524,1,1.0,1,0.99916416037487,1,0.4530162985725255,0,9.195547575938104,2
1162fccc1c62c6c0,structured,512,1.0,1,0.996852871754524,1,1.0,1,0.99916416037487,1,0.46106218561002177,0,7.713104810470881,2
21a12a38cf78071c,structured,512,0.9999999999999973,1,0.996852871754524,1,1.0,1,0.99916416037487,1,0.449967827699305,0,9.610527487623195,2
46f45eec5870fc33,structured,512,0.9999999999999836,1,0.996852871754524,1,1.0,1,0.99916416037487,1,0.44737182268241027,0,9.850349856945224,2
0f54b394b42e92e4,structured,512,1.0,1,0.996852871754524,1,1.0,1,0.99916416037487,1,0.4546030155520856,0,8.849085976305725,2
657ee9be049cef34,structured,512,1.0,1,0.996852871754524,1,1.0,1,0.99916416037487,1,0.4549652325341492,0,8.751428010532747,2
2fa2eafa18e3306b,structured,512,1.0,1,0.996852871754524,1,1.0,1,0.99916416037487,1,0.4560593571137549,0,8.448560641374486,2
7c5ca4145c610215,structured,512,0.9999999999999927,1,0.996852871754524,1,1.0,1,0.99916416037487,1,0.4483080587214566,0,9.596299395270337,2
df955c66a6687f39,structured,512,0.9999999999811242,1,0.996852871754524,1,1.0,1,0.99916416037487,1,0.4271889985560453,0,10.7092383330259,2
454e1e803f5b80a4,structured,512,1.0,1,0.996852871754524,1,1.0,1,0.99916416037487,1,0.4530162977055526,0,9.195541858501661,2
fcccf5966bdbc492,structured,512,0.9999999999811242,1,0.996852871754524,1,1.0,1,0.99916416037487,1,0.42718900366717333,0,10.709252418904272,2
a211fa60490c5012,structured,512,1.0,1,0.996852871754524,1,1.0,1,0.99916416037487,1,0.45374333747674683,0,9.053206859454711,2
a929d25028a80456,structured,512,0.9999999999988669,1,0.996852871754524,1,1.0,1,0.99916416037487,1,0.437543125984926,0,10.442469680253447,2
1891f46083339a05,structured,512,1.0,1,0.996852871754524,1,1.0,1,0.99916416037487,1,0.4537433353764097,0,9.053192024782025,2
193402fb1eb0e5d5,structured,512,0.9999999999574334,1,0.996852871754524,1,1.0,1,0.99916416037487,1,0.42364898925293765,0,10.981780366090122,2
2165172e8bd98b38,structured,512,0.9999999999999998,1,0.996852871754524,1,1.0,1,0.99916416037487,1,0.45235885383003993,0,9.305365432068895,2
a67013e8b023a41e,structured,512,1.0,1,0.996852871754524,1,1.0,1,0.99916416037487,1,0.4546030122870514,0,8.849060308134513,2
50f6a8a1e879d002,structured,512,1.0,1,0.996852871754524,1,1.0,1,0.99916416037487,1,0.45420100858977525,0,8.949702078277344,2
f76ce73dafde94ae,structured,512,0.9999999999999951,1,0.996852871754524,1,1.0,1,0.99916416037487,1,0.44919010150176963,0,9.689469095806531,2
741a166f8582da61,structured,512,0.9999999999997502,1,0.996852871754524,1,1.0,1,0.99916416037487,1,0.4417521015919594,0,10.226082364363617,2
2dfb9afb00855947,structured,512,1.0,1,0.996852871754524,1,1.0,1,0.99916416037487,1,0.4542062136602387,0,8.949762698080932,2
b87a81db92092409,structured,512,1.0,1,0.996852871754524,1,1.0,1,0.99916416037487,1,0.4589705840676873,0,7.921878424178347,2
dc5b562a294d9bbc,structured,512,0.9999999999999991,1,0.996852871754524,1,1.0,1,0.99916416037487,1,0.4512941441492869,0,9.45575183769247,2
1d0aea3f2ae235f7,structured,512,1.0,1,0.996852871754524,1,1.0,1,0.99916416037487,1,0.4563443307855889,0,8.270778996350014,2
9c6913bcd10c1e69,structured,512,0.999999999999998,1,0.996852871754524,1,1.0,1,0.99916416037487,1,0.4503268027577421,0,9.57147714597388,2
deb5d323b6534dde,structured,512,1.0,1,0.996852871754524,1,1.0,1,0.99916416037487,1,0.4530162936139593,0,9.19551489090344,2
e4354a7c20dc4838,structured,512,0.9999999999998634,1,0.996852871754524,1,1.0,1,0.99916416037487,1,0.4432052691597407,0,10.141003988491672,2
97291097b5b0475e,structured,512,1.0,1,0.996852871754524,1,1.0,1,0.99916416037487,1,0.45434560071929514,0,8.915599766373854,2
836543c625f3b273,structured,512,1.0,1,0.996852871754524,1,1.0,1,0.99916416037487,1,0.4573633239858418,0,8.159887505561047,2
60593d875e476144,structured,512,0.999999999999998,1,0.996852871754524,1,1.0,1,0.99916416037487,1,0.4503267884584149,0,9.571397544183062,2
b7643f0b2a94561d,structured,512,1.0,1,0.996852871754524,1,1.0,1,0.99916416037487,1,0.45763257455011225,0,8.112696315799376,2
f90b4c6eddbf2b7b,structured,512,0.9999999999905926,1,0.996852871754524,1,1.0,1,0.99916416037487,1,0.4301269175794396,0,10.753797914600224,2
ba4a4add7d164a9b,structured,512,0.9999999999999984,1,0.996852871754524,1,1.0,1,0.99916416037487,1,0.45066695365244674,0,9.532621761544558,2
5053d5fef0ae793d,structured,512,1.0,1,0.996852871754524,1,1.0,1,0.99916416037487,1,0.46298862036968047,0,7.574170452365351,3
5310f9e3db4a0e18,structured,512,1.0,1,0.996852871754524,1,1.0,1,0.99916416037487,1,0.4547751198426967,0,8.763223901078657,2
9d30420fe0d12dbd,structured,512,0.9999999999998634,1,0.996852871754524,1,1.0,1,0.99916416037487,1,0.44320527249625663,0,10.141018944782077,2
ac60713b884a4d88,structured,512,1.0,1,0.996852871754524,1,1.0,1,0.99916416037487,1,0.45661797645838353,0,8.31144236335434,2
6453371920d6784e,structured,512,0.9999999999684706,1,0.996852871754524,1,1.0,1,0.99916416037487,1,0.42501819823509707,0,10.9357154567162,2
18c072046fd0eaef,structured,512,0.9999999999999993,1,0.996852871754524,1,1.0,1,0.99916416037487,1,0.451582826520042,0,9.417756097045512,2
9221f1fed4244ee0,structured,512,0.9999999999999254,1,0.996852871754524,1,1.0,1,0.99916416037487,1,0.44453619931438854,0,10.056848460345623,2
be90251f4da0a592,structured,512,1.0,1,0.996852871754524,1,1.0,1,0.99916416037487,1,0.46058713785529976,0,7.754043183698262,2
db098d3c2d594a20,structured,512,0.9999999999999973,1,0.996852871754524,1,1.0,1,0.99916416037487,1,0.44996782810008273,0,9.610529683173239,2
1f580e04a7e2e17a,structured,512,1.0,1,0.996852871754524,1,1.0,1,0.99916416037487,1,0.4532126236439219,0,9.159455644962149,2
71569c8c7571927a,structured,512,1.0,1,0.996852871754524,1,1.0,1,0.99916416037487,1,0.4573633232249461,0,8.159878097443707,2
91079b5f9ba5b232,structured,512,1.0,1,0.996852871754524,1,1.0,1,0.99916416037487,1,0.4535754451066359,0,9.088308618397408,2
2ce202de1f0d5047,structured,512,1.0,1,0.996852871754524,1,1.0,1,0.99916416037487,1,0.45551850369612584,0,8.595587665778256,2
0948111ddd2388ef,structured,512,1.0,1,0.996852871754524,1,1.0,1,0.99916416037487,1,0.45519172592521795,0,8.688057390868156,2
c7dadaf80049babe,structured,512,0.9999999999999998,1,0.996852871754524,1,1.0,1,0.9991398606982438,1,0.4523448282059146,0,9.808648972342564,2
d03ea82efbfbb997,structured,512,0.9999999999999698,1,0.996852871754524,1,1.0,1,0.99916416037487,1,0.4463176852390629,0,9.932240590669464,2
85bff337a2b4a470,structured,512,0.9999999999999993,1,0.996852871754524,1,1.0,1,0.99916416037487,1,0.45158282521103393,0,9.417748310626006,2
01bbd038d06e0f03,structured,512,1.0,1,0.996852871754524,1,1.0,1,0.99916416037487,1,0.45507964620178704,0,8.71956879932521,2
d51bdc5d58b2f981,structured,512,0.9999999999995426,1,0.996852871754524,1,1.0,1,0.99916416037487,1,0.4401703178844349,0,10.311989062406111,2
17dd08c3f97ffc60,structured,512,0.9999999999999911,1,0.996852871754524,1,1.0,1,0.99916416037487,1,0.44832703612455804,0,9.769453475236306,2
88fe63d979876c2c,structured,512,1.0,1,0.996852871754524,1,1.0,1,0.99916416037487,1,0.45544321749269706,0,8.48731004094347,2
256df9e37f58dbfa,structured,512,0.9999999999999698,1,0.996852871754524,1,1.0,1,0.99916416037487,1,0.4463176893111044,0,9.93226026474123,2
7a816b8d5d7fe3d8,structured,512,0.9999999999999836,1,0.996852871754524,1,1.0,1,0.99916416037487,1,0.4473799846020665,0,9.850417616889306,2
5cabf45c19dc720a,structured,512,0.9999999999999878,1,0.996852871754524,1,1.0,1,0.99916416037487,1,0.4478613746540103,0,9.809797539270871,2
bcc0fdc741932ba0,structured,512,0.9999999999999984,1,0.996852871754524,1,1.0,1,0.99916416037487,1,0.4506742323540122,0,9.532353336284427,2
6a0e758202cded27,structured,512,1.0,1,0.996852871754524,1,1.0,1,0.99916416037487,1,0.46074731053235246,0,7.73990639989176,2
03b8f60e637a8c89,structured,512,1.0,1,0.996852871754524,1,1.0,1,0.99916416037487,1,0.45374333910181325,0,9.053218342779685,2
b77827f49e01cb9e,structured,512,0.9999999999991624,1,0.996852871754524,1,1.0,1,0.99916416037487,1,0.43845379148630387,0,10.398808131446135,2
748ba3c37700030b,structured,512,1.0,1,0.996852871754524,1,1.0,1,0.99916416037487,1,0.4570914256781382,0,8.125383711546375,2
14c083698a8f166d,structured,1024,1.0,1,0.996852871754524,1,1.0,1,0.99916416037487,1,0.1938535784523096,0,40.27551867991028,4
737535a22aacd64b,structured,1024,0.9999999999999998,1,0.996852871754524,1,1.0,1,0.99916416037487,1,0.19388901330294198,0,25.217733186743175,2
e2ef035912a7df6d,structured,1024,1.0,1,0.996852871754524,1,1.0,1,0.99916416037487,1,0.19388969032997472,0,23.438913857706908,2
681a96d78d09a84d,structured,1024,0.9999999999999982,1,0.996852871754524,1,1.0,1,0.99916416037487,1,0.19388908764383475,0,25.496356347355338,2
6490c6917f0089b8,structured,1024,1.0,1,0.996852871754524,1,1.0,1,0.99916416037487,1,0.19388921231452066,0,24.22004469211822,2
0817ebc2bd06558e,structured,1024,1.0,1,0.996852871754524,1,1.0,1,0.99916416037487,1,0.19388947870492027,0,23.813224140150574,2
d2ab961b1ce10782,structured,1024,1.0,1,0.996852871754524,1,1.0,1,0.99916416037487,1,0.19389075545511614,0,22.041267609506153,2
66a436757f51ac06,structured,1024,0.999999999999998,1,0.996852871754524,1,1.0,1,0.99916416037487,1,0.19388908381742,0,25.35895905212951,2
1b23dd5f1331ec5f,structured,1024,1.0,1,0.996852871754524,1,1.0,1,0.99916416037487,1,0.19388905290724465,0,24.44691574431041,2
d7c52b34cad71a97,structured,1024,0.9999999999999882,1,0.996852871754524,1,1.0,1,0.99916416037487,1,0.19388920989728528,0,25.638551827834217,2
8d11a2d0159fdbd6,structured,1024,1.0,1,0.996852871754524,1,1.0,1,0.99916416037487,1,0.19388938103276407,0,23.95483489095609,2
65635b658e56baf0,structured,1024,1.0,1,0.996852871754524,1,1.0,1,0.99916416037487,1,0.1938890436938648,0,24.623532026252935,2
c9bd98387e1dc67d,structured,1024,1.0,1,0.996852871754524,1,1.0,1,0.99916416037487,1,0.19388973227410145,0,23.51981835490478,2
2dd990638b3d5637,structured,1024,1.0,1,0.996852871754524,1,1.0,1,0.99916416037487,1,0.193889056571932,0,24.568656964822782,2
08ac55839fd96e70,structured,1024,1.0,1,0.996852871754524,1,1.0,1,0.99916416037487,1,0.1938897281308398,0,23.396166147992208,2
68c27d0c90b2adaa,structured,1024,1.0,1,0.996852871754524,1,1.0,1,0.99916416037487,1,0.19388903980626615,0,24.49178457104018,2
6865c63c647e4318,structured,1024,1.0,1,0.996852871754524,1,1.0,1,0.99916416037487,1,0.193889188228659,0,24.264555795782844,2
5f30619cf855145f,structured,1024,1.0,1,0.996852871754524,1,1.0,1,0.99916416037487,1,0.19388903980626374,0,24.4917825614894,2
12b73e432e350977,structured,1024,0.9999999999999998,1,0.996852871754524,1,1.0,1,0.99916416037487,1,0.1938890007698773,0,25.125477531959586,2
8be54ecf91b0da52,structured,1024,1.0,1,0.996852871754524,1,1.0,1,0.99916416037487,1,0.19388916540351822,0,24.309109772639378,2
f73888b6d4aec9f7,structured,1024,0.9999999999995599,1,0.996852871754524,1,1.0,1,0.99916416037487,1,0.193889588025765,0,26.205305492245078,2
117689499b73874f,structured,1024,1.0,1,0.996852871754524,1,1.0,1,0.99916416037487,1,0.19388910092496753,0,24.312842866985296,2
8ae519b35125e3b2,structured,1024,1.0,1,0.996852871754524,1,1.0,1,0.99916416037487,1,0.19388962020318293,0,23.649369848996606,2
9400f2fb77e67cf3,structured,1024,1.0,1,0.996852871754524,1,1.0,1,0.99916416037487,1,0.19389034624548684,0,21.269488699903015,2
039f8c0a67565ff9,structured,1024,1.0,1,0.996852871754524,1,1.0,1,0.99916416037487,1,0.19388923365005561,0,24.046981412980625,2
cdc2a1b76624d893,structured,1024,0.9999999999999996,1,0.996852871754524,1,1.0,1,0.99916416037487,1,0.1938890320347804,0,25.310315717115174,2
fa3307117a14829e,structured,1024,0.9999999999999969,1,0.996852871754524,1,1.0,1,0.99916416037487,1,0.1938891242032521,0,25.589758694123706,2
ee6c16f1f0ef97d8,structured,1024,0.9999999999998224,1,0.996852871754524,1,1.0,1,0.99916416037487,1,0.19388948079109022,0,26.062721089765944,2
ed7028c0da4f2338,structured,1024,1.0,1,0.996852871754524,1,1.0,1,0.99916416037487,1,0.193889100924984,0,24.31285755620357,2
d98f9d9571192c76,structured,1024,1.0,1,0.996852871754524,1,1.0,1,0.99916416037487,1,0.19389061427251328,0,22.473778206325353,2
03ca1c5587a2ed91,structured,1024,1.0,1,0.996852871754524,1,1.0,1,0.99916416037487,1,0.19388962020318917,0,23.64937983951662,2
0b90eed09a28fe93,structured,1024,1.0,1,0.996852871754524,1,1.0,1,0.99916416037487,1,0.1938891236778293,0,24.398552307555512,2
3cd3c0b8b486ac88,structured,1024,0.9999999999999993,1,0.996852871754524,1,1.0,1,0.99916416037487,1,0.19388904369433332,0,25.356701223374575,2
78af192b3ee728f4,structured,1024,0.9999999999999993,1,0.996852871754524,1,1.0,1,0.99916416037487,1,0.1938890398813843,0,25.220299433918562,2
7bf4e856bd4d6abb,structured,1024,1.0,1,0.996852871754524,1,1.0,1,0.99916416037487,1,0.19389068188194813,0,22.35251075254106,2
63049ad5082425bc,structured,1024,1.0,1,0.996852871754524,1,1.0,1,0.99916416037487,1,0.1938890395632602,0,24.48179110921745,2
1cedf12924a2a752,structured,1024,1.0,1,0.996852871754524,1,1.0,1,0.99916416037487,1,0.1938895090971394,0,23.654038353463392,2
0961dcacc97a65e6,structured,1024,0.9999999999999958,1,0.996852871754524,1,1.0,1,0.99916416037487,1,0.19388914458434542,0,25.636577838018248,2
404843d0cf800fb6,structured,1024,0.9999999999313705,1,0.996852871754524,1,1.0,1,0.99916416037487,1,0.19389026189979236,0,27.170573839206778,2
f110fd810c069aaa,structured,1024,1.0,1,0.996852871754524,1,1.0,1,0.99916416037487,1,0.19388839245171097,0,20.486425931102165,4
e339a143e8a9089c,structured,1024,1.0,1,0.996852871754524,1,1.0,1,0.99916416037487,1,0.1938907820241155,0,21.877295378000298,2
59927a25614d2a9e,structured,1024,1.0,1,0.996852871754524,1,1.0,1,0.99916416037487,1,0.1938895131681544,0,23.779735709172087,2
8115fb3119dcd61b,structured,1024,0.9999999999999998,1,0.996852871754524,1,1.0,1,0.99916416037487,1,0.1938890094619041,0,25.082162274788814,2
3cfa3d57cf5e8b1b,structured,1024,0.9999999999999998,1,0.996852871754524,1,1.0,1,0.99916416037487,1,0.1938890094854217,0,25.08210009761004,2
0655ed1579241bad,structured,1024,0.9999999999999993,1,0.996852871754524,1,1.0,1,0.99916416037487,1,0.19388904369433926,0,25.356704993913812,2
86a79c249d18c02b,structured,1024,1.0,1,0.996852871754524,1,1.0,1,0.99916416037487,1,0.19389026926045555,0,22.926416221446303,2
05af3c76b55f5cd1,structured,1024,1.0,1,0.996852871754524,1,1.0,1,0.99916416037487,1,0.19388910484312058,0,24.44338229991018,2
f2651b7e7cd1bbf6,structured,1024,1.0,1,0.996852871754524,1,1.0,1,0.99916416037487,1,0.19388944540919162,0,23.86699526481622,2
10b66dbeeef8dcf8,structured,1024,1.0,1,0.996852871754524,1,1.0,1,0.99916416037487,1,0.1938890180707953,0,24.581657641172267,2
d1e7d946d58229fd,structured,1024,0.9999999999999856,1,0.996852871754524,1,1.0,1,0.99916416037487,1,0.19388923939345498,0,25.824596931287907,2
cba7ac4ade9ddb32,structured,1024,1.0,1,0.996852871754524,1,1.0,1,0.99916416037487,1,0.193889143875252,0,24.353787485333918,2
4be7a980aaaec3d3,structured,1024,0.9999999999999345,1,0.996852871754524,1,1.0,1,0.99916416037487,1,0.1938893849897486,0,26.061186688863355,2
ba3655296009bb08,structured,1024,1.0,1,0.996852871754524,1,1.0,1,0.99916416037487,1,0.19387116861523546,0,18.2417169795567,4
1eca6bb72ef9f0b7,structured,1024,0.9999999999999989,1,0.996852871754524,1,1.0,1,0.99916416037487,1,0.19388905303660967,0,25.26644638911586,2
e4aea517a52b28b9,structured,1024,0.9999999999999998,1,0.996852871754524,1,1.0,1,0.99916416037487,1,0.1938890024254455,0,25.036283355467226,2
820084eacec474b7,structured,1024,1.0,1,0.996852871754524,1,1.0,1,0.99916416037487,1,0.19389003820997064,0,23.05759309478542,2
d4297fae3bd66e02,structured,1024,1.0,1,0.996852871754524,1,1.0,1,0.99916416037487,1,0.19388900951049906,0,24.626845530409522,2
c102fe34a5bc5665,structured,1024,0.9999999999995599,1,0.996852871754524,1,1.0,1,0.99916416037487,1,0.19388958802579576,0,26.2053169837919,2
2e9d5e3348b0d13d,structured,1024,1.0,1,0.996852871754524,1,1.0,1,0.99916416037487,1,0.1938901910865643,0,22.89064297289776,2
15a50e9032b5d9b7,structured,1024,1.0,1,0.996852871754524,1,1.0,1,0.99916416037487,1,0.19389044160836946,0,22.719144430628976,2
8fe0db389162e5e7,structured,1024,1.0,1,0.996852871754524,1,1.0,1,0.99916416037487,1,0.1938906774143905,0,22.239237915009543,2
50dae51242aa9457,structured,1024,1.0,1,0.996852871754524,1,1.0,1,0.99916416037487,1,0.1938905040106909,0,22.636928251088808,2
3f8ac671e049d0f9,structured,1024,0.9999999999998801,1,0.996852871754524,1,1.0,1,0.99916416037487,1,0.19388945053875284,0,26.156300416649646,2
839b557cace13851,structured,1024,1.0,1,0.996852871754524,1,1.0,1,0.99916416037487,1,0.19388910094090023,0,24.312738608833143,2
37ab8f4e6981a11c,structured,1024,1.0,1,0.996852871754524,1,1.0,1,0.99916416037487,1,0.1938889906783381,0,24.80802970417957,2
54ad4cd9b7663622,structured,1024,0.9999999999999996,1,0.996852871754524,1,1.0,1,0.99916416037487,1,0.19388901807215142,0,25.12812226236935,2
7abd0668e16a313e,structured,1024,1.0,1,0.996852871754524,1,1.0,1,0.99916416037487,1,0.19388929174547276,0,24.08703313495631,2
fb2246c22af15ba0,structured,1024,1.0,1,0.996852871754524,1,1.0,1,0.99916416037487,1,0.1938900035776562,0,23.220797307900433,3
10a4c8eb9866651e,structured,1024,0.9999999999999982,1,0.996852871754524,1,1.0,1,0.99916416037487,1,0.19388908764373744,0,25.4962982092677,2
16e51950a128dc90,structured,1024,0.9999999999999982,1,0.996852871754524,1,1.0,1,0.99916416037487,1,0.19388908764376997,0,25.496317648367338,2
31efe66095f37a98,structured,1024,0.9999999999999998,1,0.996852871754524,1,1.0,1,0.99916416037487,1,0.19388900242547588,0,25.036302105488325,2
f0d4de6de2c0ebc0,structured,1024,1.0,1,0.996852871754524,1,1.0,1,0.99916416037487,1,0.1938902649440819,0,22.807764633969978,2
ee7b0d30ed8da39b,structured,1024,1.0,1,0.996852871754524,1,1.0,1,0.99916416037487,1,0.19389056370326402,0,21.456138041223685,3
e68b9bbe076a7085,structured,1024,1.0,1,0.996852871754524,1,1.0,1,0.99916416037487,1,0.1938899645907302,0,23.263200223869735,2
e8c130876ede67e1,structured,1024,1.0,1,0.996852871754524,1,1.0,1,0.99916416037487,1,0.19388875772492906,0,20.589402639655606,4
94ea06fde465047f,structured,1024,0.9999999999998377,1,0.996852871754524,1,1.0,1,0.99916416037487,1,0.19388948468283834,0,26.203962311638413,2
3da8728a85dec310,structured,1024,1.0,1,0.996852871754524,1,1.0,1,0.99916416037487,1,0.1938889906726387,0,24.89912697301727,2
80904178e9d090f3,structured,1024,1.0,1,0.996852871754524,1,1.0,1,0.99916416037487,1,0.19388992556373005,0,23.305756298236286,2
9a3db4c2c69ee3f4,structured,1024,1.0,1,0.996852871754524,1,1.0,1,0.99916416037487,1,0.19389070115077314,0,22.312319896574145,2
ee47b217bd5c2a4d,structured,1024,0.9999999999997029,1,0.996852871754524,1,1.0,1,0.99916416037487,1,0.19388955544145825,0,26.299472138272396,2
31f6c2cad5e30ad0,structured,1024,0.9999999999999964,1,0.996852871754524,1,1.0,1,0.99916416037487,1,0.19388912037456255,0,25.45194195788813,2
5606379161b4bd04,structured,1024,1.0,1,0.996852871754524,1,1.0,1,0.99916416037487,1,0.19389052909569815,0,22.480321920827034,2
e59d4c63f504fd43,structured,1024,1.0,1,0.996852871754524,1,1.0,1,0.99916416037487,1,0.1938904044910923,0,22.643229183185724,2
ee39845c4dd8ec2f,structured,1024,1.0,1,0.996852871754524,1,1.0,1,0.99916416037487,1,0.19388984767182732,0,23.391090178662747,2
ef372505d009c5a9,structured,1024,0.9999999999999998,1,0.996852871754524,1,1.0,1,0.99916416037487,1,0.1938890062565878,0,25.171583684494912,2
dc29cfd503b6e090,structured,1024,0.9999999999999993,1,0.996852871754524,1,1.0,1,0.99916416037487,1,0.1938890436943499,0,25.356711781190015,2
4983f283dcd51398,structured,1024,1.0,1,0.996852871754524,1,1.0,1,0.99916416037487,1,0.19388954818588233,0,23.736207724601346,2
7f104b5735327a37,structured,1024,0.9999999999999982,1,0.996852871754524,1,1.0,1,0.99916416037487,1,0.19388908764379786,0,25.49633425906379,2
38221afa55ebd931,structured,1024,1.0,1,0.996852871754524,1,1.0,1,0.99916416037487,1,0.19388907138741138,0,24.533308252103865,2
a8eb50a3df28e0d9,structured,1024,1.0,1,0.996852871754524,1,1.0,1,0.99916416037487,1,0.19389078623860584,0,21.99458754037167,2
972f1517884a1130,structured,1024,1.0,1,0.996852871754524,1,1.0,1,0.99916416037487,1,0.1938892917520356,0,24.086919257183254,2
2fc2751bd70bff2d,structured,1024,0.9999999999999969,1,0.996852871754524,1,1.0,1,0.99916416037487,1,0.19388912420327006,0,25.589768894599278,2
33423e7b3049f7e8,structured,1024,0.9999999999999998,1,0.996852871754524,1,1.0,1,0.99916416037487,1,0.19388899301343313,0,24.944754783969508,2
b3ddb8bb4a1742c0,structured,1024,1.0,1,0.996852871754524,1,1.0,1,0.99916416037487,1,0.19389048615685053,0,21.381116074004684,3
d525c738d55702da,structured,1024,1.0,1,0.996852871754524,1,1.0,1,0.99916416037487,1,0.19388918822863827,0,24.26453267212038,2
06738a0187f4104e,structured,1024,0.9999999999999993,1,0.996852871754524,1,1.0,1,0.99916416037487,1,0.19388904369435056,0,25.356712158272412,2
f0322d2e69ba20c3,structured,1024,1.0,1,0.996852871754524,1,1.0,1,0.99916416037487,1,0.1938907668859163,0,21.799672521642773,3
2151f4cc035d7578,structured,1024,1.0,1,0.996852871754524,1,1.0,1,0.99916416037487,1,0.19388898383256126,0,20.658738033530355,4
238a63d6b536d144,structured,1024,1.0,1,0.996852871754524,1,1.0,1,0.99916416037487,1,0.193890681881952,0,22.352525771685748,2
58b92ef1a9e3cb39,structured,1024,0.9999999999999998,1,0.996852871754524,1,1.0,1,0.99916416037487,1,0.19388901330295186,0,25.217739776526315,2
