graph_id,n_vertices,edge_density,is_bipartite,is_tree,triangle_count,diameter,min_degree,max_degree,avg_degree,degree_variance,is_regular,avg_clustering,spectral_gap,max_matching_size
bb2cbb4181fa2f35,8,0.25,1,1,0,7,1,2,1.75,0.1875,0,0.0,0.152241,4
3da839dbf0c2b0aa,8,0.285714,0,0,0,4,1,3,2.0,0.5,0,0.0,0.354741,4
3337009d9ad6909d,8,0.285714,1,0,0,4,2,2,2.0,0.0,1,0.0,0.585786,4
d569653662800f0f,8,0.285714,1,0,0,5,1,3,2.0,0.5,0,0.0,0.244185,4
e22b9d925e1a365a,8,0.321429,0,0,0,4,1,3,2.25,0.4375,0,0.0,0.363595,4
a8beb68129d06ba0,8,0.357143,1,0,0,4,1,4,2.5,0.75,0,0.0,0.618223,4
f885bc642e9d9c3a,8,0.392857,0,0,2,3,2,4,2.75,0.4375,0,0.291667,1.07253,4
8c746e5e87e6871d,8,0.321429,0,0,1,5,2,3,2.25,0.1875,0,0.291667,0.224287,4
f73cef15abc6fe30,8,0.357143,0,0,0,3,2,4,2.5,0.5,0,0.0,0.705398,4
2cf94faa27f9f09f,8,0.392857,0,0,0,3,2,4,2.75,0.4375,0,0.0,1.381966,4
6297833c833453ff,8,0.285714,1,0,0,5,1,3,2.0,0.25,0,0.0,0.337604,4
6de167f4a5ce0f52,8,0.321429,0,0,0,4,2,3,2.25,0.1875,0,0.0,0.585786,4
52d2cee3d54a1fed,8,0.357143,0,0,1,3,2,4,2.5,0.5,0,0.1875,0.813651,4
ff386100ba3b90c1,8,0.392857,0,0,2,3,1,4,2.75,0.9375,0,0.25,0.665586,4
75190c0679b2c2ff,8,0.285714,0,0,1,6,1,3,2.0,0.5,0,0.208333,0.18923,4
6e5d2fe027ae3899,8,0.321429,0,0,1,4,1,4,2.25,0.6875,0,0.1875,0.428025,4
54557a5cf4a2f2e9,8,0.357143,0,0,1,3,1,4,2.5,1.0,0,0.083333,0.71294,4
1b226e2f9681c45e,8,0.392857,0,0,1,3,2,4,2.75,0.4375,0,0.1875,1.068148,4
0c44d3708aa7782d,8,0.285714,1,0,0,6,1,3,2.0,0.25,0,0.0,0.193042,4
c520ac4b0a8ddc51,8,0.357143,0,0,2,4,2,4,2.5,0.5,0,0.291667,0.618346,4
77ff57b939a9c411,8,0.392857,0,0,3,4,2,4,2.75,0.6875,0,0.354167,0.651759,4
0619b279cfac20c5,8,0.357143,0,0,2,4,1,4,2.5,0.75,0,0.208333,0.625062,4
cd077ff3bfc56351,8,0.392857,0,0,3,3,1,5,2.75,1.4375,0,0.329167,0.666637,4
e80aee2ef1f5a95c,8,0.285714,0,0,0,5,1,3,2.0,0.25,0,0.0,0.243402,4
9f7f32c031f2df3a,8,0.321429,1,0,0,4,1,3,2.25,0.4375,0,0.0,0.585786,4
9fe151a76d37e5b6,8,0.357143,0,0,3,5,2,3,2.5,0.25,0,0.625,0.224287,4
5487ce44cf162353,8,0.321429,0,0,1,4,1,3,2.25,0.4375,0,0.125,0.491519,4
43a6cb3cd500ce2c,8,0.357143,0,0,1,4,1,4,2.5,0.75,0,0.1875,0.585786,4
b5b9b39fe09e6a32,8,0.392857,0,0,1,3,2,4,2.75,0.6875,0,0.083333,0.754818,4
44ffb1430f09669a,8,0.285714,0,0,1,6,1,3,2.0,0.25,0,0.291667,0.166717,4
91c407d9e4218b24,8,0.321429,0,0,1,5,1,3,2.25,0.4375,0,0.125,0.337604,4
199f2e71d004bc16,8,0.357143,0,0,3,5,1,4,2.5,1.0,0,0.4375,0.26629,4
6c246294536f18e9,8,0.392857,0,0,1,3,1,5,2.75,1.1875,0,0.095833,0.89633,4
7a948f96832b7020,8,0.357143,0,0,1,3,1,4,2.5,0.75,0,0.1875,0.655364,4
72dfa3794183dd3c,8,0.392857,0,0,2,3,2,4,2.75,0.4375,0,0.208333,0.892904,4
2b9df8214eb7ad8f,8,0.321429,0,0,0,3,1,4,2.25,0.6875,0,0.0,0.694228,4
4cda0b56bf22c1e7,8,0.357143,0,0,0,3,2,3,2.5,0.25,0,0.0,0.916032,4
b57f0c52207c4c09,8,0.392857,0,0,1,3,2,4,2.75,0.4375,0,0.104167,1.267949,4
90693729378a2dcc,8,0.321429,0,0,2,6,1,3,2.25,0.6875,0,0.25,0.235493,4
645ad3c49494d3f4,8,0.357143,0,0,0,3,2,4,2.5,0.5,0,0.0,0.953945,4
6f1f96a149afb99d,8,0.392857,0,0,2,3,2,4,2.75,0.9375,0,0.333333,1.082167,4
265bf4bdb8e534f1,8,0.321429,0,0,1,4,1,4,2.25,0.9375,0,0.1875,0.355015,4
aeedd632561e042f,8,0.357143,1,0,0,4,2,4,2.5,0.5,0,0.0,0.75302,4
fa92de5b2a83a83a,8,0.392857,0,0,1,3,2,4,2.75,0.4375,0,0.104167,0.814757,4
a07bd25331f7aab8,8,0.321429,1,0,0,4,1,3,2.25,0.4375,0,0.0,0.585786,4
78bbb304e4a4ab85,8,0.357143,0,0,2,4,1,5,2.5,1.25,0,0.275,0.432494,4
17ba6c3e327e44ca,8,0.392857,0,0,1,3,2,4,2.75,0.4375,0,0.1875,1.030312,4
37adbaec1095ae46,8,0.321429,0,0,1,4,1,4,2.25,0.9375,0,0.1875,0.388813,4
271faae731038332,8,0.357143,0,0,1,3,2,4,2.5,0.5,0,0.1875,1.0,4
caffc89f484c283d,8,0.392857,0,0,3,3,2,5,2.75,1.1875,0,0.391667,0.728286,4
be8f23cfa6fffc99,8,0.321429,0,0,1,3,1,4,2.25,0.6875,0,0.270833,0.544675,4
dc4376d8cb4753fd,8,0.357143,0,0,1,4,1,4,2.5,0.75,0,0.104167,0.585786,4
35abf079c13d7114,8,0.392857,0,0,2,3,2,4,2.75,0.6875,0,0.25,1.030467,4
705818997224fe3c,8,0.321429,0,0,1,5,1,4,2.25,0.6875,0,0.1875,0.266242,4
e6a59202859c64da,8,0.357143,0,0,1,4,1,4,2.5,0.75,0,0.104167,0.358036,4
b0de5474e6f20866,8,0.392857,0,0,3,3,1,4,2.75,0.9375,0,0.479167,0.633316,4
ffbf71d92a75c912,8,0.285714,0,0,0,4,1,3,2.0,0.25,0,0.0,0.491519,4
141df90d49b4354a,8,0.321429,0,0,0,3,1,3,2.25,0.4375,0,0.0,0.657077,4
8b7d8d18b5eced56,8,0.357143,0,0,2,4,1,4,2.5,1.25,0,0.25,0.52242,4
d95721d7bb05ffef,8,0.392857,0,0,2,3,1,5,2.75,1.4375,0,0.179167,0.895151,4
725a6681e5743993,8,0.285714,0,0,1,6,1,3,2.0,0.5,0,0.208333,0.213682,4
7a90dd07a689a993,8,0.321429,0,0,1,4,2,3,2.25,0.1875,0,0.208333,0.585786,4
2122940379afade9,8,0.357143,0,0,2,3,1,4,2.5,1.0,0,0.354167,0.721294,4
3bcb0eac2935598b,8,0.392857,0,0,3,4,2,4,2.75,0.6875,0,0.5625,0.530733,4
43ef39f9769abd7f,8,0.357143,0,0,2,4,1,5,2.5,1.25,0,0.275,0.531686,4
160babe577703908,8,0.392857,0,0,2,3,2,4,2.75,0.4375,0,0.395833,0.776096,4
dce3bcee41582044,8,0.321429,0,0,1,4,1,4,2.25,0.9375,0,0.104167,0.585786,4
6ca6252d900777ac,8,0.357143,0,0,2,3,1,4,2.5,1.0,0,0.229167,0.610314,4
4879d0b18847fb6c,8,0.392857,0,0,2,3,2,3,2.75,0.1875,0,0.333333,0.757257,4
5f8f9289cb0a3c19,8,0.357143,0,0,1,3,2,3,2.5,0.25,0,0.125,1.0,4
7d03413f3e39c847,8,0.392857,0,0,2,4,2,4,2.75,0.6875,0,0.166667,0.665586,4
20c3cf1b8c9ffd79,8,0.357143,1,0,0,3,2,3,2.5,0.25,0,0.0,1.0,4
4ad259a12bfa66e2,8,0.392857,0,0,2,3,1,4,2.75,0.9375,0,0.208333,0.787211,4
60ab047e6b79bdc8,8,0.321429,1,0,0,4,2,3,2.25,0.1875,0,0.0,0.585786,4
4d6e25653220e48a,8,0.357143,1,0,0,4,1,3,2.5,0.5,0,0.0,0.638531,4
8fef9f0887d3367c,8,0.392857,1,0,0,4,1,4,2.75,0.6875,0,0.0,0.652794,4
7dcabaea8dd880bb,8,0.321429,0,0,1,5,1,3,2.25,0.6875,0,0.125,0.329104,4
f877075443653edb,8,0.357143,0,0,1,3,2,3,2.5,0.25,0,0.208333,0.683735,4
566f41afc4e2d417,8,0.392857,0,0,2,3,2,4,2.75,0.6875,0,0.1875,0.839147,4
45e778e05d2298f5,8,0.321429,0,0,1,4,1,4,2.25,0.6875,0,0.1875,0.393462,4
1912f49f32903e3f,8,0.357143,0,0,1,4,1,3,2.5,0.5,0,0.208333,0.585786,4
bdeed29eabb6b9b2,8,0.392857,0,0,3,4,1,4,2.75,0.6875,0,0.416667,0.527368,4
684e99fe07d478a8,8,0.357143,0,0,1,3,2,3,2.5,0.25,0,0.125,0.757046,4
02c34a124f682bb6,8,0.392857,0,0,2,3,1,4,2.75,0.9375,0,0.270833,0.793978,4
821557a85fcb4d64,8,0.321429,0,0,1,4,1,3,2.25,0.4375,0,0.208333,0.355462,4
fce29f1feceb8828,8,0.357143,0,0,0,3,2,3,2.5,0.25,0,0.0,1.267949,4
e50651832d524858,8,0.321429,0,0,1,4,1,4,2.25,0.9375,0,0.104167,0.357794,4
9515bff5a8127545,8,0.357143,1,0,0,4,2,3,2.5,0.25,0,0.0,0.585786,4
0b50705ad620a8bd,8,0.392857,0,0,2,3,1,4,2.75,0.9375,0,0.270833,0.737653,4
ffd8070b094e9ca0,8,0.285714,1,0,0,5,1,3,2.0,0.5,0,0.0,0.290725,4
44957577400c4049,8,0.321429,0,0,0,4,1,3,2.25,0.4375,0,0.0,0.491519,4
928d3c81881f99ec,8,0.357143,0,0,2,4,1,4,2.5,1.0,0,0.208333,0.518806,4
36a434d02a8d65c8,8,0.392857,0,0,4,4,1,5,2.75,1.4375,0,0.516667,0.432706,4
f07e29a13cb11ecb,8,0.392857,0,0,2,3,1,5,2.75,1.1875,0,0.191667,0.865581,4
79ad3693e9000499,8,0.357143,0,0,1,4,2,3,2.5,0.25,0,0.208333,0.607995,4
a39eac3b9861691c,8,0.392857,0,0,2,4,2,4,2.75,0.4375,0,0.291667,0.620488,4
1e04185d9aa8adde,8,0.321429,0,0,1,5,1,3,2.25,0.4375,0,0.208333,0.246158,4
52ccb1e2ad69135e,8,0.357143,0,0,3,4,1,4,2.5,0.75,0,0.583333,0.310023,4
33944dba80c2cb77,8,0.357143,0,0,1,4,1,4,2.5,0.75,0,0.104167,0.596158,4
4f55b34f3688322e,8,0.392857,0,0,1,3,1,4,2.75,0.6875,0,0.125,0.798406,4
d598c6c8d404d25e,8,0.321429,0,0,0,4,1,3,2.25,0.4375,0,0.0,0.585786,4
8a9d2c2ff0284a7c,8,0.392857,0,0,3,4,1,4,2.75,0.6875,0,0.333333,0.60583,4
54d6b8abc4697359,8,0.357143,1,0,0,3,2,4,2.5,0.75,0,0.0,1.0,4
9aeb3c8ed73aad0f,8,0.392857,0,0,1,3,2,4,2.75,0.4375,0,0.104167,0.933564,4
308f17e91a201124,8,0.321429,0,0,0,3,2,3,2.25,0.1875,0,0.0,0.736923,4
0f2d2a760e299fd7,8,0.392857,0,0,3,3,1,4,2.75,0.6875,0,0.416667,0.657077,4
4a2a6f0df3f45221,8,0.392857,0,0,1,3,1,4,2.75,0.9375,0,0.083333,0.774729,4
4caffdecf1b7ccdf,8,0.321429,0,0,2,5,1,3,2.25,0.4375,0,0.5,0.218347,4
b51a98d76ad09042,8,0.392857,0,0,3,3,2,4,2.75,0.4375,0,0.416667,1.0,4
5fb6eecb186542d9,8,0.321429,0,0,2,5,1,4,2.25,0.9375,0,0.291667,0.30331,4
34d4aaef8cc9137a,8,0.357143,0,0,1,3,1,4,2.5,1.0,0,0.125,0.653167,4
750aa3fd93fb68d3,8,0.392857,0,0,4,4,1,5,2.75,1.6875,0,0.341667,0.404007,4
4d22d5dac80b8a0d,8,0.321429,1,0,0,5,1,3,2.25,0.4375,0,0.0,0.249694,4
a249c84ccd3e62f1,8,0.357143,0,0,1,4,1,3,2.5,0.5,0,0.125,0.365262,4
c0c7bad691a1b84a,8,0.392857,0,0,2,3,2,3,2.75,0.1875,0,0.25,1.0,4
9a61f33e73250976,8,0.321429,0,0,1,4,1,3,2.25,0.4375,0,0.208333,0.585786,4
7f9627867bac2998,8,0.392857,0,0,3,4,1,4,2.75,0.6875,0,0.416667,0.509724,4
dcd66c56a1bd54cd,8,0.285714,1,0,0,4,1,3,2.0,0.5,0,0.0,0.585786,4
fa2c78e76effa36e,8,0.357143,0,0,2,4,2,4,2.5,0.5,0,0.479167,0.496496,4
b1faacabef92dd55,8,0.392857,0,0,4,3,2,5,2.75,0.9375,0,0.745833,0.373802,4
2d0695605e02fa6b,8,0.321429,0,0,0,4,1,3,2.25,0.6875,0,0.0,0.585786,4
200ac1ed484a8317,8,0.392857,0,0,1,4,1,4,2.75,0.6875,0,0.104167,0.64584,4
6cab60c2157caeab,8,0.357143,0,0,2,3,1,4,2.5,0.75,0,0.291667,0.594133,4
775bd9be6bb8c8dd,8,0.392857,0,0,3,3,1,5,2.75,1.4375,0,0.391667,0.605121,4
f5c10887732e8fad,8,0.392857,0,0,3,4,1,4,2.75,1.1875,0,0.270833,0.543176,4
4d98b5a0ceffd4de,8,0.357143,0,0,3,4,1,5,2.5,1.5,0,0.454167,0.47855,4
31b4f70f89bce68b,8,0.392857,0,0,2,4,1,4,2.75,0.9375,0,0.270833,0.628708,4
d382ed917d3e3c39,8,0.392857,0,0,1,3,2,4,2.75,0.4375,0,0.104167,1.012921,4
270488f1e5d82936,8,0.357143,0,0,1,4,1,3,2.5,0.5,0,0.125,0.590387,4
e8321899bb2b70aa,8,0.392857,0,0,3,4,1,4,2.75,1.1875,0,0.3125,0.629357,4
16f6ad334c4bc659,8,0.357143,0,0,2,4,1,4,2.5,1.0,0,0.354167,0.402815,4
57f9afecf6436a97,8,0.357143,0,0,1,3,2,3,2.5,0.25,0,0.208333,0.736923,4
4793f8d415815187,8,0.357143,0,0,3,4,1,4,2.5,1.25,0,0.458333,0.434493,4
4c9b225ba1c42e66,8,0.392857,0,0,2,3,2,4,2.75,0.4375,0,0.395833,0.705398,4
95891a7413526258,8,0.357143,0,0,2,4,1,4,2.5,1.25,0,0.25,0.530315,4
2c3470b3e79ee696,8,0.392857,0,0,3,3,1,4,2.75,1.1875,0,0.3125,0.763932,4
602c32d2b8f6b658,8,0.392857,0,0,0,3,2,4,2.75,0.4375,0,0.0,0.956374,4
4aacf655be99ec1f,8,0.321429,1,0,0,5,1,3,2.25,0.4375,0,0.0,0.345683,4
000ef9eff6ba9009,8,0.392857,0,0,2,4,1,4,2.75,0.9375,0,0.1875,0.669095,4
c12e88421a7f5214,8,0.321429,0,0,2,5,1,4,2.25,0.9375,0,0.291667,0.245391,4
81203914f50d6df6,8,0.357143,0,0,0,3,2,3,2.5,0.25,0,0.0,0.657077,4
0a05e664cc4a73a0,8,0.392857,0,0,1,3,2,4,2.75,0.6875,0,0.083333,0.91727,4
6f1f08f2f6bdbaa1,8,0.357143,0,0,2,4,1,4,2.5,1.25,0,0.166667,0.403839,4
fa5951e4c953eab0,8,0.392857,0,0,3,4,2,4,2.75,0.4375,0,0.520833,0.486893,4
d6d210e612176b04,8,0.392857,0,0,2,4,1,4,2.75,0.9375,0,0.25,0.637908,4
ecfeba0df544b454,8,0.392857,0,0,3,4,1,4,2.75,0.9375,0,0.270833,0.538797,4
675a065e38523a2b,8,0.357143,0,0,2,4,1,4,2.5,0.75,0,0.208333,0.525195,4
ed3871c8942e52a5,8,0.392857,0,0,1,3,2,4,2.75,0.6875,0,0.104167,1.066193,4
dfc588d57b78d1cb,8,0.321429,0,0,0,4,1,3,2.25,0.4375,0,0.0,0.5089,4
828457e81f4f423b,8,0.357143,0,0,1,3,1,4,2.5,0.75,0,0.104167,0.754264,4
259b4460dd4d4ac8,8,0.392857,0,0,3,4,2,4,2.75,0.6875,0,0.333333,0.725401,4
2046716fa3868b26,8,0.392857,0,0,2,3,2,4,2.75,0.4375,0,0.208333,1.018342,4
b3fb8f8039420b94,8,0.392857,0,0,2,3,1,5,2.75,1.1875,0,0.275,0.841437,4
6de3562e6d0d6250,8,0.321429,0,0,1,5,1,4,2.25,0.6875,0,0.1875,0.318669,4
cac82b53f8d49910,8,0.357143,0,0,0,3,2,3,2.5,0.25,0,0.0,1.139194,4
e93dc0425cba9749,8,0.392857,0,0,3,4,1,4,2.75,0.9375,0,0.354167,0.368863,4
dcab91318123119c,8,0.357143,0,0,0,3,2,4,2.5,0.5,0,0.0,0.798991,4
c0ec1798673e17a3,8,0.392857,0,0,2,3,2,4,2.75,0.6875,0,0.333333,0.657077,4
01321e4f0d9bd53c,8,0.357143,0,0,1,4,1,4,2.5,0.75,0,0.104167,0.707052,4
e869ab2d40120f05,8,0.392857,0,0,2,3,2,4,2.75,0.4375,0,0.208333,1.0,4
1bcfbebd2051f7af,8,0.357143,0,0,2,4,1,4,2.5,0.75,0,0.291667,0.356374,4
1c0832ec14bcde86,8,0.392857,0,0,2,3,1,4,2.75,1.1875,0,0.229167,0.82259,4
962ab3b0eb32bd8b,8,0.321429,0,0,1,5,1,3,2.25,0.6875,0,0.125,0.32554,4
b7f993ef46c4f7fe,8,0.357143,0,0,1,4,2,4,2.5,0.5,0,0.104167,0.635129,4
a6cd947eb7c443ae,8,0.392857,0,0,2,3,2,4,2.75,0.4375,0,0.208333,0.940376,4
0f593d2f6aadc773,8,0.321429,0,0,1,4,1,4,2.25,0.9375,0,0.1875,0.426523,4
fad1c4c2da42cb07,8,0.357143,0,0,2,4,1,3,2.5,0.5,0,0.25,0.585786,4
60d61bba7d3fa53d,8,0.392857,0,0,2,3,2,4,2.75,0.4375,0,0.3125,1.0,4
06a6e0e5db44bca4,8,0.357143,0,0,3,5,1,4,2.5,0.75,0,0.395833,0.246699,4
9ad1960e1e7cd723,8,0.392857,1,0,0,4,2,4,2.75,0.4375,0,0.0,0.799747,4
83e1c6a8de63c3a0,8,0.392857,0,0,2,3,2,4,2.75,0.4375,0,0.229167,0.953945,4
ca2e779d6f97825a,8,0.321429,0,0,2,5,1,3,2.25,0.4375,0,0.5,0.250882,4
ac5e51ec36724070,8,0.357143,0,0,2,4,2,4,2.5,0.5,0,0.375,0.496496,4
4c6809c09949c484,8,0.392857,0,0,3,4,1,5,2.75,1.1875,0,0.4,0.531901,4
ad4bdd9bb4cf20de,8,0.321429,0,0,0,3,2,3,2.25,0.1875,0,0.0,0.657077,4
0fb8ea6174c0f024,8,0.392857,0,0,3,3,1,5,2.75,1.1875,0,0.370833,0.601238,4
2f2f33b4dfa0cbac,8,0.321429,0,0,2,6,1,3,2.25,0.4375,0,0.333333,0.193042,4
82aad9e03a478afe,8,0.392857,0,0,4,3,2,5,2.75,1.1875,0,0.7875,0.555341,4
634d74b2cb421ef4,8,0.321429,0,0,2,5,2,3,2.25,0.1875,0,0.583333,0.186393,4
81eeb7e08d8b64db,8,0.357143,0,0,1,3,2,3,2.5,0.25,0,0.125,0.829914,4
a4873dea76852c1f,8,0.392857,0,0,2,3,2,4,2.75,0.6875,0,0.1875,0.757474,4
f4ced1117e7c93f1,8,0.321429,0,0,1,4,1,3,2.25,0.6875,0,0.125,0.480919,4
8b9c700b2ef9def0,8,0.392857,0,0,4,4,2,4,2.75,0.4375,0,0.6875,0.312822,4
2177b322d35cb0b4,8,0.357143,0,0,2,5,1,4,2.5,0.75,0,0.229167,0.267949,4
93ee7a4122087d20,8,0.321429,1,0,0,4,1,4,2.25,0.6875,0,0.0,0.466794,4
0144cb9b1659a774,8,0.357143,0,0,1,4,1,3,2.5,0.5,0,0.125,0.615358,4
add8f6859c56e185,8,0.392857,0,0,2,3,2,4,2.75,0.4375,0,0.3125,0.940376,4
e696227261399869,8,0.357143,1,0,0,4,1,4,2.5,0.75,0,0.0,0.585786,4
b7b2e3b47f02ce03,8,0.392857,0,0,2,3,1,4,2.75,0.9375,0,0.25,0.669415,4
64d22da813f62935,8,0.357143,0,0,1,3,2,4,2.5,0.5,0,0.1875,0.702209,4
ed3ca63f7e00c3ec,8,0.357143,0,0,2,4,2,4,2.5,0.5,0,0.3125,0.471082,4
7880ef99d62f63d4,8,0.392857,0,0,2,3,1,4,2.75,0.6875,0,0.208333,0.657077,4
2e7766f779c9085b,8,0.392857,0,0,3,3,1,4,2.75,0.9375,0,0.354167,0.618975,4
0745667a6305977c,8,0.321429,0,0,1,4,1,4,2.25,0.6875,0,0.270833,0.34788,4
04833e345beb8586,8,0.357143,0,0,0,4,1,3,2.5,0.5,0,0.0,0.635129,4
b9fc3eda244ba6c5,8,0.392857,0,0,1,3,2,4,2.75,0.4375,0,0.104167,0.916836,4
35cdd92f55feab4f,8,0.357143,0,0,1,4,1,4,2.5,1.0,0,0.166667,0.591856,4
70ebe2bdfce96206,8,0.392857,0,0,4,5,1,4,2.75,0.9375,0,0.458333,0.350512,4
e661ea73ada43a6b,8,0.357143,0,0,2,3,1,5,2.5,1.25,0,0.275,0.694769,4
8159b7f79688e8f0,8,0.392857,0,0,2,3,2,4,2.75,0.6875,0,0.375,0.931521,4
654c300b0bb1c6e5,8,0.392857,0,0,3,3,2,5,2.75,0.9375,0,0.454167,0.901785,4
600c2254471fea09,8,0.321429,0,0,2,5,1,4,2.25,0.6875,0,0.458333,0.238443,4
b0fa42e89201023f,8,0.357143,0,0,2,5,1,4,2.5,0.75,0,0.208333,0.348535,4
e06598f184945239,8,0.321429,0,0,1,4,1,3,2.25,0.6875,0,0.208333,0.585786,4
28fbf2f7b4b647a2,8,0.357143,0,0,4,5,1,4,2.5,1.25,0,0.375,0.261488,4
d0fc515efdb9d4f7,8,0.392857,0,0,3,3,1,5,2.75,1.4375,0,0.441667,0.854936,4
a5401d5090a27d4d,8,0.392857,0,0,4,5,1,4,2.75,0.9375,0,0.375,0.267949,4
747dac64b16811ad,8,0.392857,0,0,2,4,1,4,2.75,0.6875,0,0.208333,0.641581,4
eefce1acf3a094b7,8,0.357143,0,0,2,4,1,4,2.5,1.0,0,0.3125,0.497758,4
29d71e8521de8df6,8,0.392857,0,0,2,3,1,5,2.75,1.1875,0,0.275,0.642063,4
d220796280d373c6,8,0.321429,0,0,2,5,1,4,2.25,0.6875,0,0.375,0.202257,4
2b9db94480f0bc20,8,0.357143,0,0,2,5,1,3,2.5,0.5,0,0.25,0.249694,4
e379150a52207a76,8,0.392857,0,0,2,3,2,4,2.75,0.6875,0,0.270833,1.020587,4
39a1bc7af64edc78,8,0.357143,0,0,1,3,2,4,2.5,0.75,0,0.166667,0.736923,4
e5d5cad5ada49ded,8,0.392857,0,0,1,3,2,3,2.75,0.1875,0,0.125,0.930372,4
550ad3d7a5fdc8cb,8,0.357143,0,0,3,4,1,4,2.5,1.25,0,0.354167,0.364803,4
8ff23f23d43014f9,8,0.392857,0,0,1,3,2,4,2.75,0.6875,0,0.166667,1.267949,4
51d97a6416bb3454,8,0.357143,0,0,1,4,2,3,2.5,0.25,0,0.208333,0.585786,4
f37336e0f921d761,8,0.392857,0,0,2,3,1,4,2.75,0.9375,0,0.1875,0.776467,4
a3a2ef41fda7d39d,8,0.357143,0,0,3,4,1,4,2.5,1.0,0,0.625,0.404459,4
dd2a71c2254b38bb,8,0.392857,0,0,1,3,1,4,2.75,0.6875,0,0.104167,0.665829,4
6ab921fd7f30a859,8,0.321429,0,0,1,4,1,3,2.25,0.6875,0,0.208333,0.364588,4
2a3506f394e76bde,8,0.357143,0,0,1,4,1,3,2.5,0.5,0,0.208333,0.50944,4
0a42afb09770eb29,8,0.357143,0,0,2,3,1,5,2.5,1.5,0,0.275,0.597707,4
ed7004682b3d41a7,8,0.392857,0,0,2,3,2,4,2.75,0.6875,0,0.458333,0.606404,4
6220a207a086e6b8,8,0.357143,0,0,1,3,2,4,2.5,0.5,0,0.1875,0.771266,4
74fedb710cc5eb70,8,0.392857,0,0,2,4,1,4,2.75,0.9375,0,0.291667,0.723165,4
662c505ed390d6b4,8,0.357143,0,0,0,3,2,4,2.5,0.5,0,0.0,0.829914,4
aebacc2818e91e3e,8,0.392857,0,0,2,3,2,4,2.75,0.4375,0,0.291667,0.950106,4
cf4584c239368b0b,8,0.321429,0,0,1,5,1,3,2.25,0.4375,0,0.208333,0.278585,4
7a5982617606a1b6,8,0.392857,0,0,3,3,2,4,2.75,0.6875,0,0.354167,0.77495,4
4dc523b15dfe655e,8,0.392857,0,0,2,4,1,4,2.75,0.9375,0,0.1875,0.598049,4
4148699fdefe8aa8,8,0.357143,0,0,1,4,1,4,2.5,0.75,0,0.104167,0.411262,4
bc783fbe8910fbe5,8,0.392857,0,0,3,3,2,4,2.75,0.6875,0,0.458333,0.863444,4
a73dc964e8dd0ee4,8,0.357143,1,0,0,4,2,3,2.5,0.25,0,0.0,0.725401,4
dde3c37816d16e38,8,0.392857,0,0,1,3,1,4,2.75,0.9375,0,0.104167,0.777573,4
ec34f9319380de8a,8,0.357143,0,0,2,4,1,4,2.5,1.0,0,0.291667,0.617222,4
4cf8be8228a1c985,8,0.392857,0,0,2,3,1,5,2.75,1.1875,0,0.275,0.659948,4
a1fb06e20b38d2cc,8,0.392857,0,0,3,4,2,4,2.75,0.4375,0,0.5,0.633603,4
00a469e7d851cb3c,8,0.392857,0,0,2,3,2,5,2.75,0.9375,0,0.275,0.900132,4
4d255902d9ca8f48,8,0.357143,0,0,2,3,1,4,2.5,1.0,0,0.270833,0.73382,4
1f86fe7143ca6fb6,8,0.392857,0,0,2,3,2,5,2.75,0.9375,0,0.275,0.839885,4
25702673d9878b14,8,0.321429,0,0,1,5,1,3,2.25,0.4375,0,0.125,0.243402,4
f35a1b78047573b2,8,0.392857,0,0,5,4,1,5,2.75,1.1875,0,0.591667,0.341672,4
de1b11fc99e4694a,8,0.357143,0,0,2,4,1,3,2.5,0.5,0,0.25,0.527166,4
5313e017e0060677,8,0.357143,0,0,2,4,1,4,2.5,1.0,0,0.25,0.363595,4
d231811f6da0db3b,8,0.392857,0,0,2,3,1,5,2.75,1.4375,0,0.233333,0.85288,4
1246cbdc0653ff7e,8,0.392857,0,0,1,3,2,3,2.75,0.1875,0,0.125,1.139194,4
fa9ced4a89f7a76a,8,0.392857,0,0,3,4,1,5,2.75,1.1875,0,0.370833,0.563758,4
b71e44c8c698c111,8,0.321429,1,0,0,4,1,4,2.25,0.9375,0,0.0,0.585786,4
3bff03964546b022,8,0.392857,0,0,3,4,1,4,2.75,0.9375,0,0.479167,0.617435,4
b43cbe4e2c80a676,8,0.357143,0,0,1,3,1,4,2.5,0.75,0,0.104167,0.763932,4
248ff379d44e1375,8,0.392857,0,0,3,3,1,4,2.75,0.9375,0,0.291667,0.783361,4
50c31200a5b4cdfe,8,0.392857,0,0,2,3,2,4,2.75,0.6875,0,0.25,0.925687,4
207f08ec645b4ed0,8,0.357143,0,0,1,4,1,4,2.5,0.75,0,0.104167,0.60583,4
c35eabe28a1c87d6,8,0.392857,0,0,1,3,2,4,2.75,0.4375,0,0.104167,1.152241,4
31efc4c971f4f2cc,8,0.392857,0,0,2,3,2,4,2.75,0.4375,0,0.208333,0.78568,4
1e3a9411c69ee9b8,8,0.357143,0,0,1,3,1,4,2.5,0.75,0,0.1875,0.618651,4
35f22e8f20806659,8,0.321429,0,0,1,4,1,3,2.25,0.4375,0,0.291667,0.307373,4
d3d37da789ab5cdd,8,0.357143,0,0,1,3,1,4,2.5,1.0,0,0.1875,0.76769,4
e50e1aa88d275d4b,8,0.392857,0,0,3,4,2,5,2.75,1.1875,0,0.420833,0.610846,4
c6b61c34f216c573,8,0.321429,1,0,0,4,1,4,2.25,0.6875,0,0.0,0.411262,4
e5a6c6d4ec6f1e66,8,0.357143,0,0,2,4,1,4,2.5,0.75,0,0.291667,0.357893,4
1ca51454061216c7,8,0.392857,0,0,2,4,2,3,2.75,0.1875,0,0.416667,0.585786,4
0d98062ddb869f19,8,0.357143,0,0,3,5,1,4,2.5,1.25,0,0.333333,0.34788,4
f1f471815893f6f1,8,0.392857,0,0,1,3,2,4,2.75,0.4375,0,0.125,0.83687,4
b3429db71ff43c9f,8,0.392857,0,0,2,3,2,4,2.75,0.9375,0,0.229167,0.871581,4
deb34c39383ae49b,8,0.357143,0,0,1,4,2,4,2.5,0.5,0,0.104167,0.471082,4
704ec51e8c7b25b4,8,0.357143,0,0,3,5,1,4,2.5,1.25,0,0.354167,0.372578,4
4fd0c54961d21790,8,0.392857,0,0,2,3,2,4,2.75,0.4375,0,0.208333,1.267949,4
bf1cf4223fe1555c,8,0.392857,1,0,0,4,1,4,2.75,0.6875,0,0.0,0.415775,4
44b83b9f3e3d8514,8,0.392857,0,0,2,4,2,4,2.75,0.4375,0,0.3125,0.638092,4
149db00fbfa22a0e,8,0.392857,0,0,2,3,2,4,2.75,0.4375,0,0.229167,0.705398,4
95343577fa4d408c,8,0.357143,0,0,2,4,1,3,2.5,0.5,0,0.333333,0.504492,4
b0bd050c9d14f710,8,0.392857,0,0,3,4,1,4,2.75,0.6875,0,0.3125,0.595795,4
95312f9f8955e05e,8,0.321429,0,0,1,4,1,4,2.25,0.6875,0,0.1875,0.585786,4
4f6de68b110b17ef,8,0.392857,0,0,1,3,2,4,2.75,0.4375,0,0.1875,0.986963,4
4a039e1a4c7e92a3,8,0.392857,0,0,3,3,2,4,2.75,0.4375,0,0.3125,0.763932,4
5f97a6aefbfe2ed2,8,0.321429,1,0,0,5,1,3,2.25,0.6875,0,0.0,0.34788,4
9d7d92bd3f2a309d,8,0.357143,0,0,2,4,1,4,2.5,1.25,0,0.166667,0.623921,4
aa9dca65ff83296a,8,0.321429,0,0,2,5,1,4,2.25,0.9375,0,0.375,0.307127,4
514ba077bbfa2cda,8,0.392857,0,0,3,4,1,4,2.75,1.1875,0,0.4375,0.678029,4
29bd6ba9686f31db,8,0.357143,0,0,2,4,1,4,2.5,1.0,0,0.25,0.394224,4
6201e889ea3abe3a,8,0.392857,0,0,2,3,1,4,2.75,1.1875,0,0.229167,0.695364,4
a2f78303b06c2902,8,0.357143,0,0,0,3,2,3,2.5,0.25,0,0.0,0.930372,4
bc5ac1a9efe4b743,8,0.357143,0,0,2,4,1,4,2.5,1.0,0,0.229167,0.365651,4
1d435a20f8dbeedc,8,0.357143,0,0,3,5,1,4,2.5,1.0,0,0.3125,0.332699,4
52b4599d41c30816,8,0.357143,0,0,2,4,1,5,2.5,1.5,0,0.191667,0.613075,4
bc739be350b50e45,8,0.392857,0,0,1,3,1,4,2.75,0.9375,0,0.104167,0.664299,4
b898308555cd1f7a,8,0.321429,0,0,0,4,2,4,2.25,0.4375,0,0.0,0.471082,4
704b66f2caff7119,8,0.392857,0,0,2,3,1,5,2.75,1.1875,0,0.191667,0.879719,4
8f8ceeef3ca689b4,8,0.392857,0,0,2,3,1,4,2.75,0.9375,0,0.166667,0.763932,4
7aa9610da4fcf639,8,0.392857,0,0,3,3,2,5,2.75,1.1875,0,0.608333,0.716363,4
8de86cbeae721b5f,8,0.392857,0,0,2,4,1,4,2.75,0.9375,0,0.208333,0.373802,4
08837f22ea9997b1,8,0.321429,0,0,1,3,1,4,2.25,0.9375,0,0.1875,0.585786,4
2861ba162e5608b7,8,0.357143,1,0,0,3,1,4,2.5,0.75,0,0.0,0.82259,4
a5ee6fd2b6d8d3e3,8,0.392857,0,0,2,4,1,4,2.75,0.6875,0,0.208333,0.628919,4
d0bc8f50c6ca24ea,8,0.357143,0,0,1,4,2,4,2.5,0.5,0,0.208333,0.486893,4
6061174df3f209b1,8,0.357143,0,0,2,4,1,4,2.5,0.75,0,0.208333,0.396737,4
298bcea17b56fa6f,8,0.357143,0,0,2,3,1,4,2.5,1.0,0,0.458333,0.545861,4
a5c3428ca1de29d1,8,0.392857,0,0,3,3,2,4,2.75,0.4375,0,0.5,0.659626,4
3bf12829f65f8681,8,0.392857,0,0,3,4,1,5,2.75,1.4375,0,0.329167,0.613451,4
dfdf9bd709148a06,8,0.392857,0,0,3,3,1,5,2.75,1.4375,0,0.433333,0.732394,4
b8ad0b87c9e202f1,8,0.321429,0,0,2,5,1,4,2.25,0.9375,0,0.291667,0.260035,4
4f940f3ad9839e0d,8,0.357143,0,0,1,4,1,4,2.5,1.0,0,0.166667,0.66513,4
b61067727d4aca97,8,0.392857,0,0,2,3,1,4,2.75,1.4375,0,0.145833,0.743152,4
6e2c5a6d04a4b3d4,8,0.357143,0,0,2,4,1,4,2.5,0.75,0,0.395833,0.39711,4
3382d1b0f4007080,8,0.392857,0,0,3,4,2,4,2.75,0.4375,0,0.520833,0.354249,4
aff3e23352d40b30,8,0.357143,0,0,2,5,2,3,2.5,0.25,0,0.333333,0.290725,4
93dfaf271d448393,8,0.357143,0,0,1,4,1,4,2.5,0.75,0,0.1875,0.36871,4
70a2c656558f9e42,8,0.321429,1,0,0,4,1,3,2.25,0.6875,0,0.0,0.585786,4
8533f172dfbbf925,8,0.392857,0,0,3,3,1,4,2.75,0.9375,0,0.458333,0.661942,4
4c6865fd6ef2fb1d,8,0.357143,0,0,2,4,1,4,2.5,0.75,0,0.291667,0.428025,4
4f686c3d652d65ca,8,0.392857,0,0,3,3,2,5,2.75,0.9375,0,0.483333,0.743752,4
92ccc8b55bfd0ec8,8,0.357143,0,0,1,3,2,4,2.5,0.5,0,0.1875,1.0,4
e3724d7d609d0904,8,0.357143,0,0,0,3,1,4,2.5,0.75,0,0.0,0.657077,4
2b6a65474f22a386,8,0.392857,0,0,2,4,1,4,2.75,0.9375,0,0.166667,0.585786,4
7ccaf788a9df1ae0,8,0.392857,0,0,4,4,1,4,2.75,1.1875,0,0.3125,0.396737,4
84ab01c8854a9379,8,0.392857,0,0,0,3,2,3,2.75,0.1875,0,0.0,1.068148,4
56d5648e95b9efab,8,0.392857,0,0,2,4,2,5,2.75,0.9375,0,0.191667,0.75302,4
0eaf2a4bfde09b39,8,0.357143,0,0,1,4,1,4,2.5,0.75,0,0.104167,0.553847,4
6a1320148801e380,8,0.357143,0,0,1,3,1,4,2.5,1.0,0,0.083333,0.657077,4
6896e232e6c43eb7,8,0.392857,0,0,2,4,1,4,2.75,0.9375,0,0.166667,0.638531,4
340874a92a95463f,8,0.392857,0,0,3,3,1,5,2.75,1.4375,0,0.4125,0.659911,4
7c67342f8e7ebf0c,8,0.392857,0,0,1,3,2,4,2.75,0.6875,0,0.1875,0.808445,4
e063c4a542ae20b3,8,0.392857,0,0,3,4,1,4,2.75,0.9375,0,0.458333,0.599318,4
1613ab9fa0e8879d,8,0.357143,0,0,3,4,1,4,2.5,1.0,0,0.541667,0.375651,4
6d878849f61b22fb,8,0.392857,1,0,0,3,2,4,2.75,0.6875,0,0.0,1.0,4
eab6809c2c4a6e9a,8,0.392857,0,0,2,3,1,4,2.75,1.1875,0,0.229167,0.798025,4
d421b7e48ed44335,8,0.392857,1,0,0,3,2,4,2.75,0.4375,0,0.0,1.175949,4
497fdf4d084d6608,8,0.357143,0,0,1,4,2,5,2.5,1.0,0,0.179167,0.609881,4
7925252d41d4a513,8,0.392857,0,0,3,4,1,5,2.75,1.4375,0,0.329167,0.434311,4
1d9d0ebd8b17ddb5,8,0.321429,0,0,1,4,2,3,2.25,0.1875,0,0.291667,0.306475,4
971e38d54d85308c,8,0.357143,0,0,1,3,1,4,2.5,0.75,0,0.104167,0.763932,4
b358922f558f9f06,8,0.392857,0,0,2,3,1,4,2.75,0.9375,0,0.375,0.684467,4
da07c72188e2b109,8,0.357143,0,0,2,5,1,4,2.5,0.75,0,0.291667,0.348535,4
07ec1220cfdef013,8,0.392857,0,0,1,3,2,3,2.75,0.1875,0,0.125,1.150572,4
c18bb50840623529,8,0.357143,0,0,2,4,1,4,2.5,1.0,0,0.270833,0.411555,4
ef2dcd58c40c5258,8,0.392857,0,0,3,3,1,5,2.75,1.4375,0,0.4125,0.698959,4
08dd3e6d4c3a993f,8,0.357143,0,0,2,3,2,5,2.5,1.0,0,0.441667,0.654461,4
05d7d35768594b1d,8,0.357143,0,0,2,5,1,3,2.5,0.5,0,0.333333,0.337604,4
5ab5271c475d5207,8,0.392857,0,0,1,3,2,5,2.75,0.9375,0,0.179167,0.931682,4
8a5f47657a3026bd,8,0.392857,0,0,2,4,2,4,2.75,0.6875,0,0.270833,0.766423,4
5616ded01d4da974,8,0.357143,0,0,2,4,1,4,2.5,0.75,0,0.291667,0.599307,4
9c4ee2dd7a3a92df,8,0.357143,0,0,0,3,1,4,2.5,0.75,0,0.0,0.805955,4
89a26ecd05ff3967,8,0.392857,0,0,3,3,1,4,2.75,1.1875,0,0.333333,0.74835,4
4fbd38352eb0bfb3,8,0.392857,0,0,1,3,1,4,2.75,0.9375,0,0.104167,0.680289,4
2029d27b3ad2b8a9,8,0.357143,0,0,1,4,1,4,2.5,0.75,0,0.270833,0.510711,4
896932e020f4ff73,8,0.392857,0,0,1,3,2,3,2.75,0.1875,0,0.125,1.267949,4
ec1287eb5c65dc85,8,0.392857,0,0,3,4,1,4,2.75,0.9375,0,0.291667,0.411575,4
8bdebd1e136fbc28,8,0.392857,0,0,3,3,1,4,2.75,1.1875,0,0.291667,0.657077,4
bf4c5e0f43b6b0c8,8,0.392857,0,0,2,3,1,5,2.75,1.4375,0,0.316667,0.667231,4
0ac6218d4c91a867,8,0.357143,0,0,2,4,1,4,2.5,1.0,0,0.333333,0.358814,4
c40d947d55cb52c9,8,0.321429,0,0,1,5,1,3,2.25,0.4375,0,0.208333,0.337604,4
4220ba9a9f195d58,8,0.357143,0,0,2,3,2,4,2.5,0.5,0,0.375,0.763932,4
07f9002114902b10,8,0.392857,0,0,0,3,2,4,2.75,0.6875,0,0.0,1.0,4
c5effb98622f461f,8,0.392857,0,0,3,3,1,5,2.75,1.1875,0,0.370833,0.638943,4
c8af6332707ac081,8,0.357143,0,0,2,4,1,4,2.5,1.25,0,0.1875,0.399129,4
44d9285f938120d2,8,0.392857,0,0,1,3,2,4,2.75,0.4375,0,0.104167,1.0,4
3225e4435504ab77,8,0.357143,0,0,1,4,1,4,2.5,0.75,0,0.1875,0.56107,4
a100bbe8c0afc692,8,0.357143,0,0,2,4,1,4,2.5,1.0,0,0.208333,0.488285,4
caf5feb92c1ec274,8,0.392857,0,0,1,2,2,4,2.75,0.6875,0,0.104167,1.438447,4
dd664ab355b3f894,8,0.321429,0,0,2,5,1,3,2.25,0.6875,0,0.416667,0.267949,4
380674c56c2f8711,8,0.357143,0,0,2,4,1,4,2.5,1.0,0,0.3125,0.585786,4
76aebf1d99aaff4d,8,0.357143,0,0,1,3,1,4,2.5,0.75,0,0.208333,0.70026,4
3da6590591563bcf,8,0.392857,0,0,5,5,1,4,2.75,1.1875,0,0.479167,0.266544,4
e1190f2cf49a251c,8,0.357143,1,0,0,5,1,3,2.5,0.5,0,0.0,0.361244,4
222c3773fb012170,8,0.357143,0,0,2,4,1,4,2.5,0.75,0,0.375,0.451522,4
8013c3c2cd74f3e3,8,0.392857,0,0,2,3,1,4,2.75,0.9375,0,0.270833,0.667753,4
fab2305a4567c83e,8,0.392857,0,0,2,3,2,4,2.75,0.6875,0,0.25,1.0,4
a3ac7a5971c1da9f,8,0.392857,0,0,2,4,1,4,2.75,0.6875,0,0.229167,0.411262,4
a7d7fcb4b3fffcda,8,0.392857,0,0,3,4,1,4,2.75,1.1875,0,0.3125,0.41161,4
36f7e71c84a9274a,8,0.357143,0,0,1,3,1,4,2.5,1.0,0,0.166667,0.726097,4
ef15cef5f89c9ae7,8,0.357143,0,0,2,4,1,4,2.5,1.0,0,0.208333,0.538864,4
970e4159df21ab44,8,0.392857,0,0,2,3,1,4,2.75,0.9375,0,0.208333,0.806103,4
22e64857d327998e,8,0.392857,0,0,2,3,2,4,2.75,0.4375,0,0.291667,0.853351,4
8386a9d4a2095d4d,8,0.392857,0,0,2,3,1,4,2.75,1.4375,0,0.1875,0.719111,4
df662fd9cece5757,8,0.392857,0,0,2,3,1,4,2.75,0.9375,0,0.291667,0.777769,4
aa834f0069959d35,8,0.392857,0,0,1,3,2,4,2.75,0.4375,0,0.104167,1.120615,4
84ec1766e6e9e601,8,0.392857,0,0,1,3,2,4,2.75,0.6875,0,0.166667,1.293304,4
cd987c3250a80d2c,8,0.357143,0,0,2,4,1,4,2.5,0.75,0,0.375,0.365919,4
d667656590230e69,8,0.392857,0,0,3,4,1,4,2.75,0.9375,0,0.270833,0.708103,4
2c90d8e66432c9b8,8,0.392857,0,0,2,3,2,5,2.75,1.1875,0,0.254167,1.0,4
a6829a5e0ac04109,8,0.392857,0,0,3,4,1,4,2.75,1.1875,0,0.395833,0.601098,4
8bf2dee4f5094b1d,8,0.357143,0,0,0,3,1,4,2.5,0.75,0,0.0,0.797014,4
a3293c970e6ef394,8,0.392857,0,0,2,3,2,5,2.75,0.9375,0,0.275,1.0,4
3e351eff0580e9e1,8,0.357143,0,0,2,3,2,4,2.5,0.5,0,0.479167,0.554493,4
c7516cd5e605dbaf,8,0.392857,0,0,1,3,2,4,2.75,0.6875,0,0.166667,0.983097,4
5b80f197a4151aa9,8,0.357143,0,0,2,4,1,4,2.5,0.75,0,0.395833,0.592294,4
f1871377cd1c9fd6,8,0.392857,0,0,1,3,1,4,2.75,0.9375,0,0.083333,0.806446,4
746e123a6aa1c1d4,8,0.321429,0,0,0,4,1,3,2.25,0.6875,0,0.0,0.520283,4
dee14d55c4dcea03,8,0.392857,0,0,2,3,2,4,2.75,0.6875,0,0.270833,0.842434,4
df05fa07dcce8abd,8,0.357143,0,0,1,4,1,4,2.5,1.25,0,0.166667,0.595727,4
59a1a2b504db1407,8,0.357143,0,0,2,5,1,4,2.5,1.0,0,0.208333,0.351227,4
f1e4fc4589af4124,8,0.392857,0,0,3,4,1,4,2.75,1.4375,0,0.25,0.660176,4
c7655ead79fcef99,8,0.392857,0,0,2,3,1,4,2.75,0.6875,0,0.208333,0.666546,4
b0f78fc70bd1a65f,8,0.357143,0,0,1,4,1,3,2.5,0.5,0,0.125,0.595209,4
2b8bbf44fea8e858,8,0.392857,0,0,2,3,2,4,2.75,0.6875,0,0.375,0.848668,4
cb69dffa47fb7623,8,0.357143,1,0,0,4,1,4,2.5,0.75,0,0.0,0.412649,4
a2ac960d7daa33db,8,0.392857,0,0,0,3,1,4,2.75,0.6875,0,0.0,0.808445,4
cfc7aebf9dc256b1,8,0.392857,0,0,3,3,1,4,2.75,1.1875,0,0.416667,0.691069,4
bcf0a548196818fe,8,0.321429,0,0,1,4,2,4,2.25,0.4375,0,0.270833,0.496496,4
f8fc5c589a9e0314,8,0.392857,0,0,3,3,1,5,2.75,1.4375,0,0.441667,0.790099,4
c128bb883f0365c5,8,0.357143,0,0,2,4,1,4,2.5,1.25,0,0.1875,0.40196,4
b458bcd9971f4ec0,8,0.392857,0,0,0,3,2,4,2.75,0.6875,0,0.0,1.438447,4
bb8e78465a61f573,8,0.392857,0,0,2,3,2,4,2.75,0.6875,0,0.270833,0.741184,4
b5b73c2dd3241c44,8,0.357143,0,0,1,3,1,5,2.5,1.25,0,0.179167,0.853692,4
fc6f3df0be951548,8,0.357143,0,0,2,4,2,3,2.5,0.25,0,0.5,0.311706,4
9086058c13a60bb6,8,0.357143,0,0,3,5,1,4,2.5,0.75,0,0.5,0.318669,4
e0ba50582033473e,8,0.392857,0,0,2,4,1,4,2.75,0.9375,0,0.166667,0.63523,4
5c167cb2ca6ec500,8,0.392857,0,0,3,3,1,4,2.75,1.1875,0,0.520833,0.742777,4
2b9dc9b94dc1d34b,8,0.357143,0,0,1,3,1,4,2.5,0.75,0,0.1875,0.665351,4
ff91ef0f86532c4d,8,0.357143,0,0,2,4,1,5,2.5,1.25,0,0.358333,0.434086,4
a45b97742aed2bef,8,0.321429,0,0,2,6,1,3,2.25,0.6875,0,0.25,0.267949,4
7b213236bc45eb50,8,0.357143,0,0,2,4,1,4,2.5,0.75,0,0.291667,0.559179,4
b224ec573642716a,8,0.357143,0,0,1,3,1,4,2.5,0.75,0,0.1875,0.657077,4
5fe62f82925289de,8,0.392857,0,0,3,3,2,4,2.75,0.4375,0,0.583333,0.763932,4
97793ca9c4df12de,8,0.357143,1,0,0,4,1,4,2.5,1.0,0,0.0,0.651638,4
116b5bd0725d34ce,8,0.357143,0,0,1,3,1,3,2.5,0.5,0,0.125,0.657077,4
53fae324eaf95eb4,8,0.357143,0,0,1,4,1,3,2.5,0.75,0,0.125,0.539495,4
6afc32ac90ec10fa,8,0.392857,0,0,3,4,1,4,2.75,0.9375,0,0.270833,0.407151,4
f54ae0b5ba284ad4,8,0.357143,0,0,3,4,2,4,2.5,0.5,0,0.666667,0.238443,4
a51bcff34f9e619d,8,0.357143,0,0,1,4,1,4,2.5,0.75,0,0.104167,0.407138,4
c153c2aa2ac51c25,8,0.392857,0,0,4,4,2,4,2.75,0.4375,0,0.708333,0.318669,4
2c816b6174b82178,8,0.357143,0,0,1,4,2,3,2.5,0.25,0,0.291667,0.318669,4
cd87527ee06a514b,8,0.392857,0,0,2,3,2,4,2.75,0.6875,0,0.208333,0.82259,4
5f8e88ffb6a550d0,8,0.357143,0,0,2,4,1,4,2.5,1.0,0,0.25,0.59982,4
9dd69fd6c96b84f9,8,0.392857,0,0,3,3,1,5,2.75,1.1875,0,0.4,0.857371,4
2c907f3be9e78d05,8,0.392857,0,0,2,3,1,4,2.75,0.9375,0,0.1875,0.657077,4
626c6729baa7cc78,8,0.392857,0,0,1,3,2,4,2.75,0.4375,0,0.1875,0.943105,4
41344ab974cadd5e,8,0.392857,0,0,2,4,1,4,2.75,0.9375,0,0.1875,0.413229,4
c25f2cbe4ffba70e,8,0.392857,0,0,2,3,1,4,2.75,1.1875,0,0.25,0.777989,4
94b8213336e72c3d,8,0.392857,0,0,1,3,2,5,2.75,1.1875,0,0.158333,0.980429,4
b3903c39d1e30995,8,0.392857,0,0,0,3,2,3,2.75,0.1875,0,0.0,1.381966,4
e1154ea62031486d,8,0.392857,0,0,3,3,1,5,2.75,1.4375,0,0.316667,0.640715,4
51bade51b7bdb9b8,8,0.392857,0,0,3,3,1,6,2.75,1.9375,0,0.358333,0.873762,4
18a7d5055aea2164,8,0.392857,0,0,3,4,1,4,2.75,1.1875,0,0.291667,0.55259,4
e0c6ca0c814625a4,8,0.357143,0,0,2,4,2,4,2.5,0.5,0,0.479167,0.350512,4
61c8b97379ce4957,8,0.357143,0,0,1,3,2,4,2.5,0.5,0,0.1875,0.924861,4
37fb688398abc380,8,0.357143,0,0,2,3,1,4,2.5,0.75,0,0.479167,0.585786,4
1b66fc3f45dc11c4,8,0.392857,0,0,3,5,1,4,2.75,0.9375,0,0.333333,0.361244,4
07fd3d3a0a44d699,8,0.392857,0,0,1,4,1,4,2.75,0.6875,0,0.104167,0.635787,4
aea75bc590af256c,8,0.357143,0,0,0,3,1,3,2.5,0.5,0,0.0,0.657077,4
792dc136b48092c4,8,0.392857,0,0,2,4,1,4,2.75,0.6875,0,0.208333,0.369608,4
082df96a8f9954b9,8,0.392857,0,0,3,4,1,4,2.75,0.9375,0,0.375,0.403384,4
b1f2b4cc038afe06,8,0.392857,0,0,3,4,2,4,2.75,0.6875,0,0.458333,0.530733,4
c95f8767340a8521,8,0.357143,0,0,1,4,1,4,2.5,0.75,0,0.1875,0.591761,4
3ff7090e1656c455,8,0.392857,0,0,4,3,1,6,2.75,2.1875,0,0.45,0.638807,4
b82fb5d6b38802f9,8,0.321429,0,0,1,4,1,4,2.25,0.9375,0,0.104167,0.401789,4
20ae169979c1c350,8,0.392857,0,0,2,3,2,4,2.75,0.6875,0,0.354167,0.813654,4
a9a56b2896c07bcb,8,0.357143,0,0,2,4,1,4,2.5,0.75,0,0.3125,0.466794,4
b39692e8341f0158,8,0.392857,0,0,2,3,1,4,2.75,1.1875,0,0.354167,0.742044,4
e866e9242e2acc49,8,0.357143,0,0,3,5,1,3,2.5,0.5,0,0.541667,0.278585,4
c1f3b126c6bd2711,8,0.392857,0,0,3,4,1,4,2.75,0.9375,0,0.479167,0.529943,4
395585e9dbcb1522,8,0.392857,0,0,2,3,1,4,2.75,0.9375,0,0.1875,0.80046,4
1b4ac29f1d9d0098,8,0.357143,0,0,0,3,1,4,2.5,0.75,0,0.0,0.73189,4
fb3fc8cfdfc4d4bd,8,0.392857,0,0,2,3,2,5,2.75,1.1875,0,0.233333,0.831456,4
6c377dbe79d802bb,8,0.392857,0,0,3,4,1,3,2.75,0.4375,0,0.375,0.527166,4
dd2b3770caead644,8,0.321429,0,0,0,4,1,3,2.25,0.4375,0,0.0,0.356289,4
fea761b07f75e2cf,8,0.392857,0,0,2,3,2,3,2.75,0.1875,0,0.25,0.657077,4
121854f5a21dc5bd,8,0.357143,0,0,2,4,1,4,2.5,1.25,0,0.270833,0.600245,4
40ea34a82dfd1c8a,8,0.392857,0,0,1,3,2,4,2.75,0.6875,0,0.166667,1.22809,4
0d260cfbd379d99c,8,0.392857,0,0,4,4,1,5,2.75,1.9375,0,0.445833,0.597867,4
9fc6d29479428bb4,8,0.392857,0,0,4,3,1,5,2.75,1.4375,0,0.620833,0.571835,4
46ae974b6aea3f2d,8,0.392857,0,0,2,4,1,4,2.75,0.6875,0,0.229167,0.60691,4
9bd89ff092271a58,8,0.392857,0,0,3,3,2,6,2.75,1.6875,0,0.525,0.841395,4
35fc27978b512e33,8,0.392857,0,0,2,3,2,4,2.75,0.6875,0,0.354167,0.567732,4
cd47a5542878c000,8,0.392857,0,0,4,3,1,4,2.75,0.9375,0,0.375,0.601765,4
24b9f9cc9b65069a,8,0.392857,0,0,1,3,1,4,2.75,0.6875,0,0.125,0.82259,4
1f6f30df071ba33f,8,0.357143,0,0,2,4,1,4,2.5,0.75,0,0.229167,0.406947,4
8ff73d960f35b480,8,0.392857,0,0,2,3,1,4,2.75,0.6875,0,0.229167,0.779211,4
c2a72ac09adf93bb,8,0.392857,0,0,3,3,2,6,2.75,1.6875,0,0.608333,0.877564,4
ae496413a7edf2ff,8,0.392857,0,0,3,3,1,4,2.75,1.4375,0,0.25,0.724033,4
c40e5d09ff90ce40,8,0.392857,0,0,1,4,1,4,2.75,0.6875,0,0.104167,0.595727,4
3390b61111ce983d,8,0.357143,0,0,3,4,1,5,2.5,1.25,0,0.5375,0.356958,4
77ff9db783a7883e,8,0.392857,0,0,1,3,2,4,2.75,0.9375,0,0.166667,1.0,4
a448cd1e6aec7930,8,0.392857,0,0,1,4,1,4,2.75,0.9375,0,0.166667,0.656515,4
e162bd068342fcb8,8,0.392857,0,0,1,3,2,4,2.75,0.4375,0,0.1875,0.82259,4
7fa679ba9c1d7b58,8,0.357143,1,0,0,4,2,4,2.5,0.5,0,0.0,0.510711,4
a72ade8fc3b90a81,8,0.392857,0,0,3,4,1,5,2.75,1.1875,0,0.2875,0.588312,4
8d9c9c5cc0b408cb,8,0.392857,0,0,0,3,1,4,2.75,0.6875,0,0.0,0.806288,4
9afb13ee39043d0c,8,0.392857,0,0,2,3,1,4,2.75,0.6875,0,0.229167,0.763932,4
61d82fcfed5454df,8,0.392857,0,0,2,4,1,4,2.75,0.9375,0,0.1875,0.626862,4
27a314f18788f6ed,8,0.357143,0,0,3,5,1,4,2.5,1.0,0,0.416667,0.249694,4
43a7cd339d9e9964,8,0.357143,0,0,1,4,1,4,2.5,0.75,0,0.1875,0.626361,4
d8235a793bc71e52,8,0.357143,0,0,1,4,1,4,2.5,1.0,0,0.104167,0.533001,4
7d9a59ea64e38e38,8,0.392857,0,0,3,4,1,4,2.75,1.1875,0,0.3125,0.561452,4
6234fcdc68c213f2,8,0.357143,0,0,1,4,1,4,2.5,0.75,0,0.1875,0.590837,4
8450ba90cafcf55b,8,0.392857,0,0,3,3,2,4,2.75,0.6875,0,0.645833,0.597321,4
a4ac6c7110de8a25,8,0.357143,0,0,2,3,1,4,2.5,0.75,0,0.395833,0.630856,4
0ecdb4538710e785,8,0.392857,0,0,3,3,1,6,2.75,1.9375,0,0.441667,0.931648,4
c27573c68290a5b4,8,0.392857,0,0,3,3,1,5,2.75,1.1875,0,0.2875,0.783842,4
6206c74d70dbdd07,8,0.392857,0,0,2,4,1,4,2.75,0.6875,0,0.208333,0.599669,4
b57f9b57e4d85b07,8,0.392857,0,0,4,4,1,4,2.75,0.9375,0,0.5625,0.442388,4
3b8de2c18baf8d3d,8,0.392857,0,0,1,3,2,4,2.75,0.6875,0,0.104167,1.0,4
a2ff11f0c6f55933,8,0.357143,0,0,3,4,1,4,2.5,0.75,0,0.583333,0.303042,4
a2b746d6314856b3,8,0.357143,0,0,3,5,1,4,2.5,0.75,0,0.5,0.318669,4
36b55b90395a0f47,8,0.357143,0,0,2,5,1,4,2.5,0.75,0,0.229167,0.418193,4
22976506ee080bfa,8,0.392857,0,0,4,3,2,5,2.75,0.9375,0,0.4125,0.560688,4
2b86872066117d9f,8,0.392857,0,0,4,4,1,5,2.75,1.4375,0,0.6,0.52268,4
36eed5f30fc1afd2,8,0.357143,0,0,1,4,2,4,2.5,0.5,0,0.270833,0.518806,4
fa85e2feefd8206a,8,0.357143,0,0,3,5,1,4,2.5,1.25,0,0.354167,0.344558,4
c7d242c1819323d8,8,0.392857,0,0,1,3,2,4,2.75,0.4375,0,0.104167,1.267949,4
37ff51eb312256ea,8,0.392857,0,0,3,4,1,4,2.75,0.6875,0,0.333333,0.358036,4
0d6fd9285e05dece,8,0.392857,0,0,5,5,1,4,2.75,1.4375,0,0.395833,0.375651,4
7300353ebc16ca5e,8,0.392857,0,0,2,4,2,5,2.75,0.9375,0,0.191667,0.614286,4
bfa6c43f976d5458,8,0.357143,0,0,4,5,1,4,2.5,0.75,0,0.4375,0.202257,4
f0a185cfd81e7875,8,0.392857,0,0,3,3,1,5,2.75,1.4375,0,0.3375,0.838103,4
bde0dbe2b0aaa0f8,8,0.392857,0,0,2,3,1,4,2.75,0.9375,0,0.229167,0.799747,4
3f17235ed1c31c81,8,0.392857,0,0,2,3,2,5,2.75,0.9375,0,0.358333,0.746445,4
1d4d0de14d9d2838,8,0.392857,0,0,2,3,2,4,2.75,0.4375,0,0.291667,0.706822,4
96ab19173fc92e34,8,0.357143,1,0,0,3,1,4,2.5,1.0,0,0.0,0.799747,4
3df1d92f6ce74bb7,8,0.392857,0,0,2,4,1,4,2.75,0.9375,0,0.166667,0.585786,4
37461f8c8097e098,8,0.357143,0,0,0,4,1,3,2.5,0.5,0,0.0,0.581634,4
f88846446f486966,8,0.357143,0,0,2,4,1,4,2.5,0.75,0,0.395833,0.455408,4
817aad0bc259d7fd,8,0.392857,0,0,2,3,2,5,2.75,1.1875,0,0.316667,0.977935,4
1467e87cb41fa53a,8,0.392857,0,0,3,4,1,4,2.75,0.9375,0,0.270833,0.616168,4
adbf9617474c829b,8,0.392857,0,0,3,4,1,5,2.75,1.1875,0,0.2875,0.434086,4
30ebcb464d58719d,8,0.392857,0,0,3,4,1,4,2.75,1.1875,0,0.3125,0.634242,4
b119a7c75bf62b22,8,0.357143,0,0,2,4,1,4,2.5,0.75,0,0.395833,0.439493,4
61a08651b3576996,8,0.357143,0,0,1,3,1,4,2.5,0.75,0,0.125,0.77641,4
17ad79c81bb0d0ca,8,0.392857,0,0,2,4,1,4,2.75,0.9375,0,0.1875,0.576128,4
fe011ea0ce0d5a01,8,0.392857,0,0,2,3,1,5,2.75,1.4375,0,0.15,0.897225,4
04001eb2c73e3a88,8,0.357143,0,0,2,4,1,5,2.5,1.25,0,0.358333,0.522239,4
eedf60e2fe8e13df,8,0.392857,0,0,2,4,1,4,2.75,0.9375,0,0.1875,0.600295,4
898848cc4939cf15,8,0.357143,0,0,2,3,2,5,2.5,1.0,0,0.358333,0.560688,4
c5bbc56cac11c73d,8,0.392857,0,0,4,4,1,4,2.75,1.4375,0,0.333333,0.402275,4
90df53faac8a75d2,8,0.392857,0,0,2,3,1,5,2.75,1.1875,0,0.358333,0.672417,4
775f2e4089465e7f,8,0.392857,0,0,4,4,1,5,2.75,1.6875,0,0.529167,0.408146,4
a2412257ce2f390f,8,0.392857,0,0,3,4,1,4,2.75,0.6875,0,0.416667,0.625062,4
651a5ed0592d1cc1,8,0.392857,0,0,4,4,1,4,2.75,0.9375,0,0.375,0.358814,4
b5aa14aadc6baa24,8,0.392857,0,0,3,3,1,4,2.75,0.9375,0,0.375,0.727038,4
81efacba9c6f4b96,8,0.392857,0,0,0,3,2,4,2.75,0.6875,0,0.0,1.199445,4
244985ebfc047f6f,8,0.392857,0,0,2,3,1,4,2.75,0.9375,0,0.1875,0.754323,4
75dae2b52e2c89c2,8,0.392857,0,0,3,3,2,5,2.75,0.9375,0,0.370833,0.712472,4
01558eae6a899a3e,8,0.357143,0,0,1,4,1,4,2.5,0.75,0,0.104167,0.529073,4
2720d9ec73956be4,8,0.392857,0,0,3,3,1,4,2.75,1.4375,0,0.375,0.682625,4
0f58ec05cd2c2990,8,0.357143,0,0,1,4,1,4,2.5,1.0,0,0.104167,0.603854,4
05ca3baf2aedf5f1,8,0.392857,0,0,2,3,2,5,2.75,0.9375,0,0.275,0.924912,4
99aded6ed43b3ae5,8,0.392857,0,0,4,4,1,5,2.75,1.1875,0,0.579167,0.474572,4
115706600435027f,8,0.357143,0,0,1,3,2,4,2.5,0.5,0,0.270833,0.585786,4
c1411459008cff6c,8,0.392857,0,0,3,3,2,5,2.75,0.9375,0,0.566667,0.585786,4
cab9644c8cf2b151,8,0.392857,0,0,2,3,2,4,2.75,0.6875,0,0.354167,1.0,4
441e3a28aa63433f,8,0.392857,0,0,5,4,1,5,2.75,1.9375,0,0.445833,0.421143,4
3342907693663631,8,0.357143,0,0,2,3,1,5,2.5,1.25,0,0.358333,0.783842,4
b919cf75a5a41707,8,0.392857,0,0,2,4,1,4,2.75,0.6875,0,0.291667,0.618967,4
61646adb2385f9ce,8,0.357143,0,0,1,4,1,3,2.5,0.5,0,0.125,0.491519,4
4677f33ec303da6c,8,0.357143,0,0,3,4,1,4,2.5,1.5,0,0.395833,0.395772,4
40fb1738e545d764,8,0.392857,0,0,4,4,1,4,2.75,1.1875,0,0.479167,0.365919,4
8c4df8c9b6b020a7,8,0.357143,0,0,0,3,1,4,2.5,0.75,0,0.0,0.771672,4
57a7b417136243ac,8,0.392857,0,0,1,3,1,4,2.75,1.1875,0,0.166667,0.797536,4
51990f9caf06dbf2,8,0.392857,0,0,0,3,2,4,2.75,0.4375,0,0.0,1.173296,4
7cafee43b89894b4,8,0.392857,0,0,2,3,1,4,2.75,0.9375,0,0.291667,0.77414,4
232c55559256abdf,8,0.392857,0,0,2,3,1,5,2.75,1.4375,0,0.170833,0.887893,4
ee6a92ccedcf3c50,8,0.392857,0,0,2,4,1,4,2.75,0.9375,0,0.1875,0.761104,4
a9c7114a7a64f488,8,0.357143,0,0,1,4,1,4,2.5,1.0,0,0.1875,0.585786,4
967a71b7fd84c634,8,0.357143,0,0,2,4,2,4,2.5,0.5,0,0.375,0.318669,4
a0a60d82fd302780,8,0.392857,0,0,1,3,2,4,2.75,0.6875,0,0.1875,0.876533,4
638b106b7ef3b7f2,8,0.357143,0,0,3,4,1,5,2.5,1.5,0,0.370833,0.414928,4
bba73579a70747d3,8,0.392857,0,0,2,3,1,4,2.75,0.6875,0,0.3125,0.660134,4
06833c7fb90c6ac1,8,0.392857,0,0,3,4,1,4,2.75,0.9375,0,0.458333,0.600594,4
69ecbfbfa1b07e6e,8,0.392857,0,0,3,3,2,3,2.75,0.1875,0,0.458333,0.683735,4
1e67d3efdab92907,8,0.392857,0,0,3,3,1,4,2.75,0.6875,0,0.4375,0.657077,4
b8219cedeb63870a,8,0.392857,0,0,3,4,1,4,2.75,0.9375,0,0.375,0.588194,4
8634012e3ba4ae89,8,0.357143,0,0,2,4,1,4,2.5,1.0,0,0.25,0.585786,4
58e76261290c1786,8,0.392857,0,0,2,4,1,4,2.75,1.1875,0,0.166667,0.71098,4
ae215c0f67ca5ab2,8,0.392857,0,0,3,4,1,4,2.75,0.6875,0,0.3125,0.365919,4
a0fd87b2da219c1d,8,0.392857,0,0,4,4,1,4,2.75,1.1875,0,0.5,0.400293,4
8e2caf291b78d043,8,0.392857,0,0,1,3,2,4,2.75,0.4375,0,0.1875,1.0,4
e851ffb6c4d68890,8,0.392857,0,0,2,3,1,4,2.75,1.1875,0,0.208333,0.746582,4
69b0f5044d8cf4b2,8,0.357143,0,0,2,5,1,4,2.5,0.75,0,0.208333,0.266544,4
e33fd9a4c51e5515,8,0.392857,0,0,3,4,1,4,2.75,0.9375,0,0.354167,0.559967,4
ecce397735366715,8,0.392857,0,0,2,4,1,5,2.75,1.1875,0,0.191667,0.615551,4
e26f9271cc02bb83,8,0.392857,0,0,3,5,1,4,2.75,0.9375,0,0.25,0.361244,4
e6b6e230225e28df,8,0.392857,0,0,2,3,2,4,2.75,0.4375,0,0.229167,0.829914,4
0009ca3690f8056f,8,0.392857,0,0,1,3,2,4,2.75,0.4375,0,0.208333,0.707598,4
a3c6ba80d517a662,8,0.392857,0,0,1,3,2,4,2.75,0.6875,0,0.104167,1.0,4
27889dc88cfd3bab,8,0.357143,0,0,2,4,1,4,2.5,0.75,0,0.229167,0.689221,4
ac0ad3aae53becea,8,0.392857,0,0,3,3,1,5,2.75,1.1875,0,0.483333,0.702777,4
7b9a6fe8234ee748,8,0.357143,0,0,2,3,1,4,2.5,1.25,0,0.166667,0.763932,4
85dc9c4d672e9685,8,0.392857,0,0,2,3,1,4,2.75,1.1875,0,0.145833,0.755594,4
345a719e0bf822d1,8,0.392857,0,0,2,3,2,5,2.75,1.1875,0,0.3375,0.975912,4
5e1958c6b36f164d,8,0.357143,0,0,2,3,1,4,2.5,1.0,0,0.354167,0.566058,4
6e8be0b1a547d12b,8,0.392857,0,0,2,3,2,5,2.75,0.9375,0,0.358333,1.174304,4
b9e5ddb6f34f7f3e,8,0.392857,0,0,2,3,1,4,2.75,0.9375,0,0.1875,0.781138,4
9413c6b9ac4a7aba,8,0.357143,0,0,2,3,1,4,2.5,1.5,0,0.229167,0.682652,4
ad88d4a9b98857e5,8,0.392857,0,0,3,3,2,4,2.75,0.6875,0,0.541667,0.566982,4
d8f08da68c6e82ae,8,0.392857,0,0,2,3,2,5,2.75,0.9375,0,0.358333,0.627719,4
8a7f76de35a5c5a9,8,0.392857,0,0,2,3,1,5,2.75,1.1875,0,0.191667,0.897225,4
7cddfd9441bacecf,8,0.392857,0,0,3,4,1,4,2.75,1.4375,0,0.25,0.578552,4
3d873684aa1d53d0,8,0.392857,0,0,2,4,1,4,2.75,1.1875,0,0.208333,0.665586,4
fe566b15e4490121,8,0.392857,0,0,1,3,1,4,2.75,1.1875,0,0.083333,0.814483,4
8681ba40c6629036,8,0.357143,0,0,1,3,1,4,2.5,1.25,0,0.083333,0.737672,4
2f1a1d8f65fbbe63,8,0.392857,0,0,4,4,1,4,2.75,1.1875,0,0.583333,0.455844,4
884b4e3fd35d8627,8,0.357143,0,0,2,4,1,4,2.5,1.0,0,0.229167,0.397888,4
ed2ec4f1d0bd832b,8,0.392857,0,0,3,4,1,5,2.75,1.1875,0,0.4,0.436843,4
1fb3dd3a5e7f77c1,8,0.357143,0,0,3,4,1,4,2.5,1.25,0,0.354167,0.402203,4
2a05df26d55b4a85,8,0.392857,0,0,2,3,2,4,2.75,0.6875,0,0.375,1.068148,4
8c7154d2a8e35a71,8,0.357143,0,0,2,3,1,4,2.5,1.25,0,0.1875,0.716193,4
61d7d89ddfed337c,8,0.392857,0,0,3,3,1,5,2.75,1.6875,0,0.370833,0.730766,4
d140b8895d68806e,8,0.392857,0,0,3,4,1,4,2.75,0.9375,0,0.354167,0.538797,4
359e03b7775ce27b,8,0.357143,0,0,2,4,1,4,2.5,0.75,0,0.375,0.592294,4
20d883b6efa1ca26,8,0.392857,0,0,4,4,2,4,2.75,0.6875,0,0.75,0.438447,4
08247424b68aa840,8,0.392857,0,0,2,3,1,4,2.75,0.6875,0,0.229167,0.657077,4
15d523afa878f744,8,0.357143,0,0,2,3,1,3,2.5,0.75,0,0.25,0.657077,4
9c847b931b62666c,8,0.392857,0,0,1,3,1,4,2.75,0.9375,0,0.104167,0.809624,4
a62f5b85d0f79dbb,8,0.392857,0,0,2,3,1,4,2.75,0.6875,0,0.208333,0.620122,4
9c08e498245dff3c,8,0.392857,0,0,1,3,2,4,2.75,0.4375,0,0.104167,1.162692,4
bc6aba8beaa0b915,8,0.392857,0,0,3,4,1,5,2.75,1.4375,0,0.308333,0.624798,4
371679a8db1116e4,8,0.392857,0,0,1,4,1,4,2.75,0.6875,0,0.104167,0.75767,4
728ed4877a850665,8,0.392857,0,0,2,3,1,5,2.75,1.1875,0,0.191667,0.847534,4
16f0d5ee7e071036,8,0.392857,0,0,1,3,1,4,2.75,0.6875,0,0.104167,0.772946,4
d49d5abf3c472ff1,8,0.392857,0,0,3,3,2,5,2.75,0.9375,0,0.65,0.666432,4
62d185761b085ae9,8,0.392857,0,0,3,3,1,4,2.75,1.1875,0,0.3125,0.805955,4
6a37be10756f6aae,8,0.392857,0,0,4,5,1,4,2.75,1.4375,0,0.333333,0.390628,4
8616c80ce07e469a,8,0.392857,0,0,1,3,2,4,2.75,0.6875,0,0.083333,0.930372,4
e7e8d2d6be59d047,8,0.392857,0,0,3,4,1,4,2.75,0.9375,0,0.270833,0.365272,4
4743d4bb768050de,8,0.357143,0,0,2,3,2,4,2.5,0.75,0,0.333333,0.657077,4
4b4246f3506a00c1,8,0.357143,0,0,3,4,1,4,2.5,0.75,0,0.583333,0.336114,4
6ca6896aadeefa9b,8,0.392857,0,0,2,4,1,4,2.75,0.9375,0,0.291667,0.598049,4
1f0efbf8c8cf969c,8,0.392857,0,0,2,3,2,3,2.75,0.1875,0,0.25,0.763932,4
eef62d57c8a9d9fa,8,0.392857,0,0,2,4,1,4,2.75,0.6875,0,0.229167,0.564276,4
de88a9d560375ea1,8,0.392857,0,0,3,4,1,4,2.75,0.9375,0,0.395833,0.40793,4
71cee540586ba833,8,0.392857,0,0,4,3,1,6,2.75,1.9375,0,0.533333,0.452493,4
8739d44ddf4c1e53,8,0.357143,0,0,2,4,1,4,2.5,0.75,0,0.291667,0.509264,4
9412d6b5e7c22570,8,0.392857,0,0,3,4,2,4,2.75,0.4375,0,0.416667,0.471082,4
83b8a4ca7b7dbdd5,8,0.357143,0,0,2,4,1,4,2.5,1.25,0,0.166667,0.585786,4
af1643c7704ea58e,8,0.392857,0,0,4,4,1,4,2.75,1.4375,0,0.416667,0.529292,4
ec45bab536f1cd5e,8,0.357143,0,0,2,4,1,4,2.5,1.25,0,0.1875,0.564169,4
9a1b4d151599c169,8,0.392857,0,0,2,3,1,4,2.75,1.1875,0,0.25,0.783632,4
05cb439a356ed5f5,8,0.392857,0,0,2,3,1,4,2.75,1.1875,0,0.25,0.657077,4
d07506a8ea5110bd,8,0.392857,0,0,3,3,2,4,2.75,0.9375,0,0.395833,0.763932,4
5289c71bced5e954,8,0.392857,0,0,3,3,1,4,2.75,0.9375,0,0.458333,0.657077,4
e4ce576325b37a1b,8,0.357143,0,0,2,4,2,4,2.5,0.75,0,0.4375,0.438447,4
b8150bd985174e55,8,0.392857,0,0,2,3,1,5,2.75,1.4375,0,0.233333,0.660341,4
6f4406f5ca5cfef8,8,0.392857,0,0,3,3,1,5,2.75,1.4375,0,0.35,0.770792,4
0af3098f14e7cea3,8,0.392857,0,0,3,4,1,4,2.75,1.4375,0,0.229167,0.603947,4
8a985c0993e56240,8,0.392857,0,0,5,4,1,5,2.75,1.6875,0,0.529167,0.491707,4
8240269b1a39fd5e,8,0.392857,0,0,3,4,2,4,2.75,0.6875,0,0.375,0.491216,4
6c56f8cd8f6c2133,8,0.392857,0,0,2,3,2,5,2.75,0.9375,0,0.358333,1.0,4
0024ac2aa610c402,8,0.392857,0,0,3,4,1,5,2.75,1.1875,0,0.370833,0.524437,4
4eb4a30411166335,8,0.392857,0,0,4,4,1,5,2.75,1.1875,0,0.466667,0.361074,4
8a478478cdb403b6,8,0.392857,0,0,4,4,1,5,2.75,1.4375,0,0.6,0.540628,4
fdda7d5cc2787e6c,8,0.392857,0,0,3,3,2,4,2.75,0.6875,0,0.541667,0.689221,4
34f2b6ae5f536d19,8,0.392857,0,0,2,4,1,4,2.75,0.6875,0,0.229167,0.585786,4
e396e360289c5b2a,8,0.392857,0,0,2,4,1,5,2.75,1.1875,0,0.191667,0.437149,4
22dfbcaf0082c4c1,8,0.392857,0,0,1,3,2,4,2.75,0.4375,0,0.125,1.040526,4
a4ce638b8bda2754,8,0.392857,0,0,3,4,1,4,2.75,0.9375,0,0.395833,0.721586,4
e9a8f7ce1dc7fffb,8,0.392857,0,0,2,4,1,4,2.75,0.9375,0,0.166667,0.407223,4
c1ef49157879121d,8,0.392857,0,0,5,4,2,4,2.75,0.4375,0,0.729167,0.238443,4
a8fe00bb9dc044b7,8,0.392857,0,0,2,4,1,4,2.75,0.6875,0,0.208333,0.598169,4
ea928d61b37ced07,8,0.357143,0,0,1,4,1,4,2.5,0.75,0,0.1875,0.455844,4
3ee3f27319942d6f,8,0.357143,0,0,1,3,2,4,2.5,0.5,0,0.270833,0.559839,4
d67d99cbac094a78,8,0.392857,0,0,2,3,2,4,2.75,0.4375,0,0.3125,1.07253,4
7f222abadb477401,8,0.357143,0,0,2,3,1,4,2.5,1.25,0,0.354167,0.651106,4
9f6bea3fa8dd0e41,8,0.392857,0,0,3,3,1,5,2.75,1.4375,0,0.433333,0.790099,4
4c6a34a9731ae05b,8,0.392857,0,0,2,3,2,4,2.75,0.6875,0,0.25,1.139194,4
d12f350e1d9123c5,8,0.392857,0,0,2,3,1,5,2.75,1.4375,0,0.191667,0.657077,4
81132d8027e609d7,8,0.357143,0,0,2,4,1,4,2.5,1.0,0,0.270833,0.479085,4
eda667c887aee3f2,8,0.392857,0,0,1,3,2,4,2.75,0.6875,0,0.1875,0.98545,4
4efeea7cf620001d,8,0.392857,0,0,1,4,1,3,2.75,0.4375,0,0.125,0.638531,4
1f143a8c1155de66,8,0.357143,1,0,0,5,1,3,2.5,0.75,0,0.0,0.510711,4
75cb5a2b45bff318,8,0.392857,0,0,3,4,1,4,2.75,0.9375,0,0.354167,0.592367,4
0b5329a94b711721,8,0.392857,0,0,3,3,1,5,2.75,1.1875,0,0.483333,0.627719,4
90b5628fad7d5ad5,8,0.392857,0,0,1,3,1,4,2.75,0.9375,0,0.1875,0.767725,4
6d2656b12e06aa78,8,0.392857,0,0,4,3,1,5,2.75,1.9375,0,0.466667,0.716969,4
165299569f0ae036,8,0.392857,0,0,2,3,1,4,2.75,0.9375,0,0.166667,0.763932,4
07470a3d11cb928f,8,0.392857,0,0,1,3,2,5,2.75,0.9375,0,0.2625,0.776222,4
8ef9aafee937b078,8,0.357143,0,0,3,4,1,5,2.5,1.25,0,0.454167,0.277407,4
9fe6d886da931f29,8,0.392857,0,0,3,3,1,4,2.75,1.4375,0,0.333333,0.673857,4
c919e2e6a656b4dc,8,0.392857,0,0,2,3,1,4,2.75,0.9375,0,0.291667,0.743465,4
1ef4e3aee421ecbb,8,0.357143,0,0,2,5,1,4,2.5,1.0,0,0.208333,0.468937,4
92099f60fe638ee8,8,0.357143,0,0,1,4,1,3,2.5,0.5,0,0.125,0.527166,4
ab5202e030b4d76d,8,0.357143,0,0,2,4,2,3,2.5,0.25,0,0.416667,0.306475,4
0c4dedf8e1c08fa6,8,0.392857,0,0,3,4,2,5,2.75,0.9375,0,0.483333,0.609881,4
a76e2fba63795bdc,8,0.392857,0,0,3,3,2,5,2.75,1.1875,0,0.4125,0.782319,4
e25228772123413c,8,0.357143,0,0,1,4,1,4,2.5,1.0,0,0.104167,0.577883,4
fc7373611564704c,8,0.392857,0,0,3,3,2,4,2.75,0.6875,0,0.5625,0.555391,4
afb23e37cd40af37,8,0.392857,0,0,2,3,2,4,2.75,0.4375,0,0.395833,0.594316,4
30aff6ca896ff0f4,8,0.392857,0,0,4,3,1,4,2.75,1.1875,0,0.375,0.657077,4
8d180eeba7f5789e,8,0.392857,0,0,2,3,1,5,2.75,1.1875,0,0.304167,0.866442,4
6c2e68632b2248a8,8,0.357143,0,0,0,4,1,3,2.5,0.5,0,0.0,0.585786,4
a6a97b521140457c,8,0.392857,0,0,2,4,1,4,2.75,0.9375,0,0.166667,0.711754,4
85b439f87d791e80,8,0.357143,0,0,1,3,1,5,2.5,1.25,0,0.095833,0.829914,4
d29ad55ef18f5ea8,8,0.392857,0,0,3,3,1,5,2.75,1.6875,0,0.379167,0.877055,4
9d999ff2a910fec7,8,0.392857,0,0,2,3,2,4,2.75,0.6875,0,0.270833,0.8674,4
9a2af4c52cf88e74,8,0.392857,0,0,3,4,1,4,2.75,0.6875,0,0.4375,0.455844,4
e4ca24d1e3cfdf30,8,0.357143,0,0,3,4,1,5,2.5,1.5,0,0.370833,0.360349,4
e6b69fc981d2f6f6,8,0.392857,0,0,3,3,2,5,2.75,1.1875,0,0.495833,0.663205,4
e8cad853242458d2,8,0.357143,0,0,2,4,1,4,2.5,1.0,0,0.291667,0.541543,4
8b80a06f0be0cbe9,8,0.392857,0,0,3,3,1,5,2.75,1.6875,0,0.245833,0.664682,4
90d366f6a8a8f3c6,8,0.357143,0,0,2,3,1,5,2.5,1.5,0,0.275,0.637936,4
91aacaada60c6285,8,0.392857,0,0,4,4,1,5,2.75,1.6875,0,0.404167,0.541146,4
50c4bd1002b2dc09,8,0.392857,0,0,5,4,1,4,2.75,0.6875,0,0.645833,0.303042,4
5881e3de8d84a67f,8,0.392857,0,0,4,5,1,4,2.75,0.6875,0,0.541667,0.418193,4
fa71f13a8c124930,8,0.392857,0,0,1,3,1,5,2.75,1.1875,0,0.179167,0.856519,4
99512d4763c62346,8,0.392857,0,0,3,3,1,5,2.75,1.4375,0,0.4125,0.6398,4
f435d016b6af9537,8,0.392857,0,0,4,4,1,5,2.75,1.4375,0,0.4875,0.369211,4
863c712a970f74e6,8,0.392857,0,0,3,4,1,5,2.75,1.1875,0,0.454167,0.635463,4
7cadf54ec3f7ac18,8,0.392857,0,0,4,4,1,5,2.75,1.4375,0,0.508333,0.403023,4
8a35bef22875c8cf,8,0.392857,0,0,4,3,2,4,2.75,0.6875,0,0.375,0.657077,4
39c3df9566fda6f6,8,0.392857,0,0,4,4,2,4,2.75,0.6875,0,0.729167,0.350634,4
557a2fb616ba1953,8,0.357143,0,0,2,3,1,4,2.5,1.25,0,0.270833,0.657077,4
4d4a144b423565ca,8,0.357143,0,0,2,3,1,5,2.5,1.25,0,0.441667,0.585786,4
52fc63d7b92c5ed1,8,0.357143,0,0,2,3,1,5,2.5,1.25,0,0.358333,0.544866,4
e0df3ec8a7dcb768,8,0.357143,0,0,3,5,1,4,2.5,1.0,0,0.416667,0.3895,4
32c1c54fd73a1935,8,0.392857,0,0,2,3,2,5,2.75,1.1875,0,0.316667,0.912706,4
be3caededfd9bba7,8,0.357143,0,0,2,3,1,5,2.5,1.25,0,0.358333,0.633369,4
f395e58a0787fb9f,8,0.392857,0,0,1,3,2,5,2.75,0.9375,0,0.095833,0.841178,4
9bb3159528ee3955,8,0.392857,0,0,0,3,2,4,2.75,0.4375,0,0.0,0.960327,4
5d47b9726c126a1e,8,0.392857,0,0,3,3,1,5,2.75,1.4375,0,0.329167,0.75213,4
c890aeb8899c07c5,8,0.392857,0,0,4,4,1,4,2.75,1.4375,0,0.3125,0.541564,4
b51d5e268455e812,8,0.392857,0,0,1,3,1,4,2.75,0.9375,0,0.083333,0.803551,4
31a7be3458a2bf56,8,0.357143,0,0,1,3,1,4,2.5,0.75,0,0.1875,0.657077,4
97cae193c902e70a,8,0.357143,0,0,2,3,1,4,2.5,1.25,0,0.375,0.60994,4
a541a25ca8207319,8,0.392857,0,0,3,3,2,4,2.75,0.4375,0,0.520833,0.559839,4
2ad565bdf848ef3c,8,0.392857,0,0,3,3,1,5,2.75,1.4375,0,0.329167,0.715543,4
788fe5cee3bff3ed,8,0.392857,0,0,2,3,1,4,2.75,1.1875,0,0.145833,0.73189,4
53abbb9905b599df,8,0.392857,0,0,2,3,1,4,2.75,1.1875,0,0.208333,0.707598,4
9d5c2d0ae0f0025b,8,0.392857,0,0,2,3,1,3,2.75,0.4375,0,0.25,0.657077,4
d4c054cb40931c2b,8,0.392857,0,0,2,3,1,4,2.75,0.9375,0,0.270833,0.757504,4
d983d33a1675b5f9,8,0.392857,0,0,4,4,1,4,2.75,0.9375,0,0.5625,0.46737,4
20aba74752c5196c,8,0.392857,0,0,2,3,2,5,2.75,0.9375,0,0.358333,0.771533,4
5b475daa6df52ad5,8,0.392857,0,0,2,3,1,5,2.75,1.1875,0,0.220833,0.880639,4
0e9f7dcf94cecbe4,8,0.392857,0,0,1,4,2,3,2.75,0.1875,0,0.208333,0.725401,4
8a5a81ec9030d977,8,0.392857,0,0,2,3,1,4,2.75,0.9375,0,0.208333,0.781138,4
89f6f3db144d5b4d,8,0.392857,0,0,5,5,1,4,2.75,0.9375,0,0.458333,0.249694,4
3524b18491a13087,8,0.392857,0,0,3,4,1,4,2.75,1.1875,0,0.3125,0.412649,4
515d590ee8428c83,8,0.392857,0,0,4,4,1,5,2.75,1.6875,0,0.341667,0.421527,4
ef3b791a91398a68,8,0.392857,0,0,3,3,1,4,2.75,0.9375,0,0.5,0.585786,4
642a559d30e86d5f,8,0.392857,0,0,2,3,1,4,2.75,0.9375,0,0.208333,0.624715,4
dab4edd7264f2fba,8,0.392857,0,0,4,4,1,4,2.75,1.1875,0,0.3125,0.625062,4
6509ac812f9ed439,8,0.392857,0,0,3,3,1,5,2.75,1.6875,0,0.358333,0.716374,4
238f4006a4491c92,8,0.392857,0,0,4,4,1,5,2.75,1.4375,0,0.508333,0.411799,4
dcb051010cb50246,8,0.392857,0,0,3,4,1,4,2.75,0.9375,0,0.375,0.570599,4
9a1aed35de2725e1,8,0.392857,0,0,3,3,1,5,2.75,1.4375,0,0.4125,0.721854,4
2bbd76e6635a20a3,8,0.392857,0,0,2,4,2,4,2.75,0.4375,0,0.3125,0.510711,4
e4e2ad7d9a1ccb9f,8,0.357143,0,0,3,4,1,5,2.5,1.25,0,0.5375,0.341672,4
3b1d8256e155a189,8,0.392857,0,0,3,4,2,4,2.75,0.4375,0,0.5,0.351227,4
b83b98d510465f9a,8,0.392857,0,0,3,3,1,5,2.75,1.4375,0,0.3375,0.864221,4
4dbe2ab0e75285af,8,0.392857,0,0,2,3,2,4,2.75,0.6875,0,0.375,0.736923,4
de5f0881a5414853,8,0.392857,0,0,3,4,1,4,2.75,1.1875,0,0.333333,0.408851,4
e256a0a17b8d95aa,8,0.392857,0,0,2,4,2,4,2.75,0.6875,0,0.166667,0.725401,4
903560bd014509da,8,0.392857,0,0,2,3,1,5,2.75,1.4375,0,0.233333,0.870968,4
cdf421ae0edab75d,8,0.392857,0,0,2,3,2,4,2.75,0.6875,0,0.166667,0.763932,4
71e089ad22dce6c5,8,0.357143,0,0,1,4,1,4,2.5,1.0,0,0.166667,0.40793,4
fd22c026d0111eb6,8,0.392857,0,0,4,4,2,4,2.75,0.6875,0,0.75,0.438447,4
d14d5cc7ffdf1f38,8,0.392857,0,0,3,4,1,5,2.75,1.1875,0,0.454167,0.555341,4
7dc7c5ed16a5a738,8,0.392857,0,0,3,3,1,4,2.75,0.9375,0,0.395833,0.721586,4
d22afdf6542c6052,8,0.392857,0,0,3,3,2,4,2.75,0.9375,0,0.604167,0.567078,4
369a014b281ca29b,8,0.392857,0,0,4,3,1,5,2.75,1.4375,0,0.35,0.734122,4
b70a203d7e4c63dd,8,0.392857,0,0,3,3,1,4,2.75,1.1875,0,0.333333,0.784808,4
c9d2547f465281b6,8,0.392857,0,0,1,4,1,4,2.75,0.6875,0,0.1875,0.606404,4
b870ea1111acafdc,8,0.392857,0,0,1,3,1,4,2.75,0.9375,0,0.104167,0.79737,4
0729d9ef515441aa,8,0.392857,0,0,4,4,1,5,2.75,1.6875,0,0.425,0.556712,4
bcb19d74d9888eac,8,0.392857,0,0,3,3,2,5,2.75,0.9375,0,0.454167,0.560688,4
ea25e40af762ff26,8,0.392857,0,0,4,3,1,5,2.75,1.6875,0,0.425,0.668109,4
a19452606d7062da,8,0.392857,0,0,2,3,1,5,2.75,1.4375,0,0.254167,0.885915,4
ee33d8423f42e010,8,0.392857,0,0,3,3,2,6,2.75,1.6875,0,0.441667,0.702929,4
566527837c0c9823,8,0.392857,0,0,3,4,1,4,2.75,0.9375,0,0.333333,0.581634,4
9d2070568a916593,8,0.392857,0,0,5,4,1,5,2.75,1.4375,0,0.6125,0.387933,4
96d07794e5863ed4,8,0.392857,0,0,4,4,1,4,2.75,1.1875,0,0.583333,0.510711,4
e4f3e0616dfca07a,8,0.392857,0,0,3,4,1,5,2.75,1.1875,0,0.370833,0.614539,4
3eeddb4426506536,8,0.392857,0,0,1,3,2,5,2.75,0.9375,0,0.179167,1.0,4
2a6b3b01ddf4c46c,8,0.357143,0,0,1,3,2,5,2.5,1.0,0,0.2625,0.771533,4
596f9ef7e65feb18,8,0.392857,0,0,4,3,1,5,2.75,1.6875,0,0.641667,0.648656,4
abd9a9d8bcf62f9d,8,0.392857,0,0,1,3,1,5,2.75,1.4375,0,0.158333,0.887241,4
e4c8e56d2d6b5ade,8,0.392857,0,0,3,3,1,5,2.75,1.4375,0,0.433333,0.671769,4
4a084e66f48ef912,8,0.392857,0,0,3,3,1,5,2.75,1.6875,0,0.3375,0.653171,4
8e90f7b7132c0261,8,0.392857,0,0,4,3,2,5,2.75,1.1875,0,0.7875,0.506943,4
054c7c9030da3146,8,0.392857,0,0,3,3,1,5,2.75,1.9375,0,0.2875,0.762758,4
a49f844a9f85d524,8,0.392857,1,0,0,3,1,4,2.75,0.9375,0,0.0,0.824904,4
b2ae5cb48d5dce1e,8,0.392857,0,0,4,4,1,5,2.75,1.4375,0,0.383333,0.518806,4
75aa91f2e0db6bce,8,0.392857,0,0,3,3,1,4,2.75,1.4375,0,0.354167,0.74648,4
3123971f22a80bfc,8,0.392857,0,0,3,3,2,6,2.75,1.6875,0,0.525,0.793122,4
8075c19131ae0136,8,0.392857,0,0,2,3,2,5,2.75,0.9375,0,0.358333,1.024964,4
465ccc9e252480d3,8,0.392857,0,0,2,3,1,5,2.75,1.4375,0,0.254167,0.816508,4
f292f54c727f58be,8,0.392857,0,0,4,3,1,5,2.75,1.6875,0,0.35,0.610846,4
cab095482a4f6766,8,0.392857,0,0,3,4,1,4,2.75,1.4375,0,0.3125,0.613054,4
b0ce15b41fe2dc91,8,0.357143,0,0,4,5,1,4,2.5,1.25,0,0.375,0.318669,4
0ad8c7da1ee79f41,8,0.392857,0,0,2,4,1,4,2.75,0.9375,0,0.208333,0.690671,4
b0f199fe513abc4a,8,0.392857,1,0,0,3,1,4,2.75,1.1875,0,0.0,0.802999,4
63e8a3d2feb6ecfa,8,0.392857,0,0,4,4,1,4,2.75,0.9375,0,0.583333,0.479085,4
8fba755866eadce8,8,0.392857,0,0,3,3,1,5,2.75,1.4375,0,0.4125,0.618968,4
b1bda905d497e95b,8,0.392857,0,0,3,4,2,4,2.75,0.4375,0,0.583333,0.496496,4
166b4a66474773a0,8,0.392857,0,0,1,3,1,4,2.75,0.9375,0,0.1875,0.8129,4
e891ce43db318bba,8,0.392857,0,0,4,4,1,5,2.75,1.1875,0,0.579167,0.531686,4
d57445d1d0159805,8,0.392857,0,0,2,4,1,4,2.75,1.1875,0,0.1875,0.606863,4
564993f63b84b835,8,0.392857,0,0,3,4,1,5,2.75,1.4375,0,0.308333,0.433691,4
02d378f072fd1271,8,0.392857,0,0,4,4,1,5,2.75,1.6875,0,0.404167,0.585786,4
36dd4363d88f6cac,8,0.392857,0,0,5,5,1,4,2.75,1.4375,0,0.395833,0.351227,4
d962bfc7d86845e7,8,0.392857,0,0,4,4,1,5,2.75,1.4375,0,0.4875,0.362437,4
2c26837841547081,8,0.392857,0,0,3,3,1,5,2.75,1.4375,0,0.329167,0.790116,4
4c3b620f2580ed77,8,0.392857,0,0,4,3,1,5,2.75,1.4375,0,0.6,0.649676,4
40ade5aebf845e5c,8,0.392857,0,0,3,4,1,5,2.75,1.4375,0,0.329167,0.66865,4
659dedfd6c61bf5a,8,0.392857,0,0,4,4,1,5,2.75,1.6875,0,0.425,0.596588,4
2775f2c393f24ad9,8,0.392857,0,0,3,3,1,5,2.75,1.6875,0,0.370833,0.783842,4
23fe07413502e3c4,8,0.392857,0,0,3,3,1,4,2.75,1.4375,0,0.333333,0.763932,4
6b77ae4fecc70af1,8,0.392857,0,0,5,4,1,5,2.75,1.9375,0,0.445833,0.400806,4
36028162d94179b0,8,0.392857,0,0,3,3,1,4,2.75,0.9375,0,0.479167,0.73803,4
1b3602e3008a62cb,8,0.392857,0,0,3,3,1,4,2.75,0.6875,0,0.4375,0.707948,4
c2cdebed6588e731,8,0.357143,0,0,1,4,1,4,2.5,0.75,0,0.125,0.411262,4
80d9a3d384370689,8,0.357143,0,0,2,3,1,4,2.5,1.0,0,0.333333,0.601765,4
8882bdf28a4bfeb0,8,0.392857,0,0,2,3,2,4,2.75,0.6875,0,0.333333,0.763932,4
87d3014ef431fc85,8,0.357143,0,0,3,5,1,3,2.5,0.5,0,0.541667,0.290725,4
b417d7ec772987cf,8,0.392857,0,0,3,4,2,3,2.75,0.1875,0,0.541667,0.318669,4
0fa1dba2081599d8,8,0.392857,0,0,3,4,1,4,2.75,0.9375,0,0.25,0.585786,4
88fbc0864e4ae544,16,0.125,1,1,0,15,1,2,1.875,0.109375,0,0.0,0.038429,8
bb5dfb5307e1eb8f,16,0.133333,0,0,0,10,1,3,2.0,0.25,0,0.0,0.071057,8
640a8ebb8e4afc52,16,0.133333,1,0,0,12,1,3,2.0,0.25,0,0.0,0.048108,8
31236ce1bedd9f1f,16,0.133333,1,0,0,11,1,3,2.0,0.25,0,0.0,0.053434,8
31fd061114eb40c9,16,0.133333,1,0,0,9,1,3,2.0,0.25,0,0.0,0.09973,8
6bd284ca7f6efb9f,16,0.141667,0,0,0,6,1,3,2.125,0.359375,0,0.0,0.238484,8
30fba2ed2a0336b3,16,0.15,0,0,1,7,1,4,2.25,0.5625,0,0.052083,0.152667,8
290608343189b5fa,16,0.158333,0,0,2,9,1,4,2.375,0.484375,0,0.197917,0.109642,8
b5d8997884e84bed,16,0.141667,0,0,1,8,1,3,2.125,0.359375,0,0.104167,0.169744,8
1f249f900589003d,16,0.15,0,0,0,8,1,3,2.25,0.4375,0,0.0,0.108705,8
e8852ebd1c0dce30,16,0.158333,0,0,1,6,2,4,2.375,0.484375,0,0.083333,0.303658,8
417ab4f279c05535,16,0.133333,1,0,0,9,1,3,2.0,0.125,0,0.0,0.137933,8
22c7ea8c996c6d3c,16,0.141667,0,0,1,11,1,3,2.125,0.234375,0,0.104167,0.059269,8
71f00069fe8a1f45,16,0.15,0,0,0,6,1,3,2.25,0.3125,0,0.0,0.282771,8
a1443e57d4915eb9,16,0.158333,0,0,2,10,1,4,2.375,0.609375,0,0.083333,0.064065,8
5f1ae9d88a527a31,16,0.133333,0,0,1,14,1,3,2.0,0.125,0,0.145833,0.038945,8
7266cd886b10e426,16,0.141667,1,0,0,7,1,3,2.125,0.359375,0,0.0,0.110347,8
8a3b833053be95e4,16,0.15,0,0,1,10,1,4,2.25,0.5625,0,0.09375,0.081184,8
36a38eabd4f69066,16,0.158333,0,0,3,8,1,4,2.375,0.609375,0,0.260417,0.108305,8
9b144a6a4e519fa0,16,0.133333,0,0,0,8,1,3,2.0,0.25,0,0.0,0.139238,8
279e1d80084ded51,16,0.141667,1,0,0,10,1,3,2.125,0.234375,0,0.0,0.062476,8
50758a4790e794ab,16,0.15,0,0,1,9,1,3,2.25,0.3125,0,0.104167,0.128152,8
db1ea882861022eb,16,0.158333,0,0,2,8,1,4,2.375,0.484375,0,0.145833,0.108213,8
302caa7752970213,16,0.133333,0,0,0,12,1,3,2.0,0.25,0,0.0,0.059438,8
1e02000db4e00e35,16,0.141667,0,0,0,12,1,3,2.125,0.359375,0,0.0,0.072606,8
d30a7adccdd63d5a,16,0.15,0,0,0,10,1,3,2.25,0.3125,0,0.0,0.070667,8
6d1bf48f69bef426,16,0.158333,0,0,0,5,2,4,2.375,0.359375,0,0.0,0.382468,8
f34abf4ebe9b1494,16,0.133333,0,0,0,13,1,3,2.0,0.125,0,0.0,0.04153,8
89a85cb68b3fe1c4,16,0.141667,0,0,0,10,1,3,2.125,0.359375,0,0.0,0.087877,8
19386e75b4093f09,16,0.15,0,0,1,10,1,3,2.25,0.3125,0,0.104167,0.076688,8
2ec48f932d5371ad,16,0.158333,0,0,1,8,1,4,2.375,0.609375,0,0.052083,0.1999,8
6b4677c632870a5f,16,0.133333,0,0,0,10,1,3,2.0,0.25,0,0.0,0.071254,8
7c9f379610ecef5c,16,0.141667,0,0,0,6,1,3,2.125,0.234375,0,0.0,0.210009,8
b8e346473b9d0605,16,0.15,0,0,0,8,1,4,2.25,0.4375,0,0.0,0.140037,8
9cd6c96fbc345a6d,16,0.158333,0,0,1,10,1,4,2.375,0.734375,0,0.041667,0.073651,8
397a2c43cfff2aef,16,0.133333,1,0,0,10,1,3,2.0,0.125,0,0.0,0.097887,8
1ff495935540029d,16,0.141667,0,0,0,8,1,3,2.125,0.359375,0,0.0,0.147485,8
937f6c2812d6673c,16,0.15,0,0,0,10,1,3,2.25,0.3125,0,0.0,0.083135,8
a26b2651fe4ad07e,16,0.158333,0,0,1,9,1,3,2.375,0.484375,0,0.0625,0.103179,8
ecfd74b2b44fa1e9,16,0.133333,0,0,1,14,1,3,2.0,0.25,0,0.104167,0.039788,8
58f0c85294e59ce7,16,0.141667,1,0,0,8,1,3,2.125,0.234375,0,0.0,0.168857,8
dc8cb2cd5798c2e2,16,0.15,0,0,1,7,1,4,2.25,0.4375,0,0.052083,0.191713,8
c2daf7a347b3a4f4,16,0.158333,0,0,0,6,2,4,2.375,0.484375,0,0.0,0.222547,8
80acece6cb980b29,16,0.133333,1,0,0,11,1,3,2.0,0.125,0,0.0,0.068409,8
917b1a0430635906,16,0.141667,0,0,0,8,1,3,2.125,0.234375,0,0.0,0.125018,8
1918199af47b9377,16,0.15,0,0,0,6,1,3,2.25,0.3125,0,0.0,0.213378,8
6af879ff85245786,16,0.158333,0,0,0,6,2,4,2.375,0.359375,0,0.0,0.235376,8
ecfaaf4074c07492,16,0.133333,1,0,0,13,1,3,2.0,0.25,0,0.0,0.048959,8
fbe03b5e3e5d0883,16,0.141667,0,0,1,9,1,3,2.125,0.234375,0,0.0625,0.137933,8
c7876b618d22637f,16,0.15,0,0,1,6,1,5,2.25,0.6875,0,0.13125,0.22098,8
95f0a268916478ca,16,0.158333,0,0,1,8,1,4,2.375,0.484375,0,0.09375,0.120936,8
4882571c515b2cc6,16,0.141667,0,0,0,10,1,3,2.125,0.359375,0,0.0,0.063312,8
d201be45686a6d6e,16,0.15,0,0,0,6,1,4,2.25,0.5625,0,0.0,0.203846,8
3f2dd2ac271dd224,16,0.158333,0,0,0,5,1,3,2.375,0.359375,0,0.0,0.392695,8
6927f60518f42e82,16,0.133333,1,0,0,8,1,3,2.0,0.25,0,0.0,0.152241,8
6dccd608e57176b6,16,0.141667,0,0,2,13,1,3,2.125,0.234375,0,0.25,0.046374,8
0877f7aa393b1254,16,0.15,0,0,0,7,1,4,2.25,0.5625,0,0.0,0.137711,8
da092530bae28230,16,0.158333,0,0,1,5,1,5,2.375,0.984375,0,0.09375,0.321547,8
2e5577c17d88afa2,16,0.133333,0,0,0,10,1,3,2.0,0.25,0,0.0,0.061312,8
e457d760021bd20f,16,0.141667,1,0,0,8,1,3,2.125,0.234375,0,0.0,0.152241,8
9ba9a598acd74c2b,16,0.15,0,0,2,8,1,4,2.25,0.6875,0,0.135417,0.143439,8
e07cb8eb3fcd01de,16,0.158333,1,0,0,6,2,4,2.375,0.359375,0,0.0,0.267949,8
289aed1432e46368,16,0.133333,1,0,0,11,1,3,2.0,0.25,0,0.0,0.060833,8
48f6c1bea646907f,16,0.141667,0,0,0,7,1,3,2.125,0.234375,0,0.0,0.164987,8
e114bf8b24a02cbc,16,0.15,0,0,1,10,1,3,2.25,0.3125,0,0.0625,0.075097,8
925e9192b974c54d,16,0.158333,0,0,0,6,1,4,2.375,0.609375,0,0.0,0.233272,8
13cc17b8cd740b65,16,0.133333,0,0,0,9,1,3,2.0,0.25,0,0.0,0.088306,8
f2925929e5800fbe,16,0.141667,0,0,1,10,1,4,2.125,0.484375,0,0.09375,0.063429,8
671f9f9ef2b74bf5,16,0.15,0,0,0,6,1,4,2.25,0.5625,0,0.0,0.228962,8
7751b0861a71735d,16,0.158333,0,0,2,7,1,3,2.375,0.359375,0,0.166667,0.229522,8
decd3b440794eedf,16,0.133333,1,0,0,9,1,3,2.0,0.25,0,0.0,0.087823,8
761caed35f699694,16,0.141667,0,0,0,10,1,3,2.125,0.234375,0,0.0,0.073223,8
91ad4610d679ef61,16,0.15,0,0,1,8,1,4,2.25,0.4375,0,0.09375,0.170395,8
ae8e5b04dcb5ceaf,16,0.158333,0,0,0,8,1,4,2.375,0.609375,0,0.0,0.153415,8
d3d37620a69a49e7,16,0.133333,1,0,0,13,1,3,2.0,0.25,0,0.0,0.051112,8
ec76ee91b5907fce,16,0.141667,0,0,0,7,1,4,2.125,0.359375,0,0.0,0.161398,8
5ae7960626669dd9,16,0.15,0,0,0,7,1,4,2.25,0.4375,0,0.0,0.120012,8
d500c060822de6dd,16,0.158333,0,0,0,6,2,4,2.375,0.359375,0,0.0,0.227385,8
0707d51d2036eaf3,16,0.141667,0,0,1,8,1,3,2.125,0.234375,0,0.104167,0.145615,8
e6bded9b94ad8463,16,0.15,0,0,0,8,1,3,2.25,0.4375,0,0.0,0.15,8
4c99793cfd699ff3,16,0.158333,0,0,1,6,1,5,2.375,0.859375,0,0.089583,0.261306,8
bf50db68a5928423,16,0.141667,0,0,0,7,1,4,2.125,0.484375,0,0.0,0.183249,8
f17a5934bf12b689,16,0.15,0,0,0,7,1,3,2.25,0.3125,0,0.0,0.215251,8
93aca41f998d062c,16,0.158333,0,0,1,6,2,4,2.375,0.359375,0,0.09375,0.241127,8
236a8161f086245f,16,0.133333,1,0,0,8,1,3,2.0,0.25,0,0.0,0.152241,8
2ef96370d81a623c,16,0.141667,0,0,1,13,1,3,2.125,0.234375,0,0.104167,0.047896,8
301c1167c7434b1c,16,0.15,0,0,1,9,1,3,2.25,0.4375,0,0.104167,0.089637,8
03901e43e81b97d6,16,0.158333,0,0,3,10,1,4,2.375,0.609375,0,0.25,0.059507,8
af89a630c36d6a70,16,0.133333,1,0,0,13,1,3,2.0,0.25,0,0.0,0.051971,8
8d0548a3a9f630f4,16,0.141667,1,0,0,9,1,4,2.125,0.484375,0,0.0,0.083618,8
1bc0c4840ab6b74c,16,0.15,1,0,0,8,2,3,2.25,0.1875,0,0.0,0.152241,8
48735a9388cb26f7,16,0.158333,0,0,0,7,2,3,2.375,0.234375,0,0.0,0.202433,8
2c19cfff3bb40374,16,0.15,0,0,0,7,1,3,2.25,0.4375,0,0.0,0.216049,8
ddc8d20f35b3c14a,16,0.158333,0,0,1,5,1,4,2.375,0.484375,0,0.09375,0.305333,8
f1c53effbc24e3d9,16,0.141667,0,0,1,11,1,3,2.125,0.359375,0,0.104167,0.060559,8
f00f3089b8671c52,16,0.15,1,0,0,10,1,3,2.25,0.3125,0,0.0,0.072638,8
dbce73483d9a8695,16,0.158333,0,0,0,6,2,3,2.375,0.234375,0,0.0,0.303277,8
b5c6ee7b01b859d7,16,0.133333,0,0,1,14,1,3,2.0,0.25,0,0.104167,0.044908,8
9b7ba69b658598dc,16,0.141667,0,0,1,11,1,4,2.125,0.484375,0,0.09375,0.058383,8
7e46eabba1a8aa11,16,0.15,0,0,0,6,1,4,2.25,0.4375,0,0.0,0.238165,8
3a7ce7dbda3e46cf,16,0.158333,0,0,0,7,1,3,2.375,0.359375,0,0.0,0.204966,8
1e20a3976290c184,16,0.133333,0,0,0,10,1,3,2.0,0.125,0,0.0,0.081014,8
cabee09b0ca207b7,16,0.141667,0,0,0,7,1,3,2.125,0.359375,0,0.0,0.187369,8
2febd38fd9811047,16,0.15,0,0,0,8,1,3,2.25,0.3125,0,0.0,0.134401,8
3ece8373752f6b26,16,0.158333,0,0,1,7,1,4,2.375,0.609375,0,0.041667,0.205679,8
a49ac8cef519596d,16,0.141667,0,0,0,11,1,3,2.125,0.234375,0,0.0,0.060881,8
8381beeb56f3cf0b,16,0.15,0,0,1,8,1,3,2.25,0.3125,0,0.104167,0.129388,8
8e9fdd783edc50bd,16,0.158333,0,0,2,10,1,4,2.375,0.859375,0,0.104167,0.064146,8
2a9bd18f31d10952,16,0.141667,1,0,0,9,1,3,2.125,0.359375,0,0.0,0.091231,8
91ade491fd0ef1a4,16,0.15,0,0,1,6,1,3,2.25,0.4375,0,0.104167,0.218671,8
5f49acec83bc5759,16,0.158333,1,0,0,6,1,4,2.375,0.734375,0,0.0,0.230272,8
03d81d0f24579c9c,16,0.141667,1,0,0,8,1,4,2.125,0.359375,0,0.0,0.157671,8
a6a59ddaaeb295a4,16,0.15,0,0,0,7,2,3,2.25,0.1875,0,0.0,0.186393,8
338f88c5aaba958b,16,0.158333,0,0,1,8,1,3,2.375,0.484375,0,0.0625,0.140498,8
a774d6f8b4d13028,16,0.133333,0,0,0,12,1,3,2.0,0.25,0,0.0,0.044262,8
bd37c8e47843db82,16,0.141667,0,0,0,8,1,4,2.125,0.484375,0,0.0,0.090955,8
17cbb63699a4bdca,16,0.15,0,0,1,7,1,3,2.25,0.4375,0,0.104167,0.254188,8
74cbf5ea42863586,16,0.158333,0,0,1,9,1,4,2.375,0.609375,0,0.09375,0.153475,8
0f803e07002aa02e,16,0.141667,0,0,0,7,1,3,2.125,0.234375,0,0.0,0.169671,8
5280b6de03b439bc,16,0.15,0,0,1,9,1,3,2.25,0.3125,0,0.0625,0.107815,8
d5963009ffa3f936,16,0.158333,0,0,0,5,2,4,2.375,0.484375,0,0.0,0.346313,8
2483ec3b7a7b01b6,16,0.133333,0,0,0,8,1,3,2.0,0.25,0,0.0,0.146698,8
79247f274033609e,16,0.141667,0,0,1,8,1,4,2.125,0.484375,0,0.09375,0.128933,8
ac6bd36b0f60c6d9,16,0.15,0,0,1,9,1,4,2.25,0.4375,0,0.0625,0.097983,8
1dbfb4b63f1c1ac4,16,0.158333,0,0,0,7,1,4,2.375,0.609375,0,0.0,0.169296,8
27d95e89fb3ce3b9,16,0.133333,0,0,0,11,1,3,2.0,0.25,0,0.0,0.053453,8
f44134a78540fd57,16,0.141667,1,0,0,7,1,4,2.125,0.484375,0,0.0,0.173712,8
54327822e2fd8b59,16,0.15,0,0,1,8,1,4,2.25,0.6875,0,0.041667,0.124289,8
d4d72b70238631a3,16,0.158333,0,0,1,7,1,5,2.375,0.734375,0,0.047917,0.168098,8
4aead8fd652daf1e,16,0.141667,1,0,0,10,1,3,2.125,0.359375,0,0.0,0.064981,8
9d7d85877ff46c2b,16,0.15,0,0,2,12,1,3,2.25,0.3125,0,0.208333,0.043358,8
d542bf63cf5ad35f,16,0.158333,0,0,1,6,1,3,2.375,0.359375,0,0.145833,0.172925,8
48b7fefc53ba8d0b,16,0.133333,1,0,0,14,1,3,2.0,0.125,0,0.0,0.039897,8
96ad1a8909183f47,16,0.141667,0,0,0,7,1,3,2.125,0.234375,0,0.0,0.150368,8
afd50921d7d677cb,16,0.15,0,0,0,7,1,3,2.25,0.3125,0,0.0,0.204704,8
c3dfbbad8e9da506,16,0.158333,0,0,0,6,1,4,2.375,0.484375,0,0.0,0.244608,8
b3ca5ffe0ae5464b,16,0.15,0,0,1,6,2,4,2.25,0.3125,0,0.09375,0.24006,8
33b7726f762d5dfc,16,0.158333,0,0,0,7,1,3,2.375,0.484375,0,0.0,0.221382,8
671fd83479651e63,16,0.141667,0,0,0,7,1,3,2.125,0.359375,0,0.0,0.189955,8
fac5dc9ab146e9a0,16,0.15,0,0,0,7,1,3,2.25,0.4375,0,0.0,0.161268,8
07a62c4d2d401096,16,0.158333,0,0,1,7,1,4,2.375,0.484375,0,0.09375,0.17931,8
40b875aa38aab449,16,0.133333,0,0,1,14,1,3,2.0,0.25,0,0.104167,0.043705,8
509f9dc6642ee6cf,16,0.141667,0,0,1,10,1,4,2.125,0.484375,0,0.09375,0.083104,8
5a40f9e10fe2fe41,16,0.15,0,0,0,9,1,3,2.25,0.4375,0,0.0,0.141309,8
5456f3c0f5c2d45d,16,0.158333,0,0,0,5,2,3,2.375,0.234375,0,0.0,0.331589,8
3b9b0a9f694b4e23,16,0.133333,0,0,0,12,1,3,2.0,0.25,0,0.0,0.056321,8
bdc34e82b6410ced,16,0.15,0,0,2,11,2,3,2.25,0.1875,0,0.25,0.053791,8
5f40dd48f5a0e52b,16,0.158333,0,0,0,6,2,4,2.375,0.359375,0,0.0,0.315555,8
1cf730ca779cbdb4,16,0.141667,0,0,0,10,1,3,2.125,0.359375,0,0.0,0.071395,8
8f589dcb13614db6,16,0.15,1,0,0,6,1,4,2.25,0.4375,0,0.0,0.281105,8
936173eaa5987de3,16,0.158333,0,0,0,6,1,3,2.375,0.359375,0,0.0,0.306098,8
9cb6194dd26c0170,16,0.133333,0,0,1,14,1,3,2.0,0.25,0,0.104167,0.045618,8
4d239652c67f0c54,16,0.141667,0,0,0,8,1,3,2.125,0.359375,0,0.0,0.14575,8
e6bc6b387290addc,16,0.15,0,0,1,9,1,3,2.25,0.3125,0,0.104167,0.107827,8
d6199d495e3b006e,16,0.158333,0,0,3,9,1,4,2.375,0.484375,0,0.260417,0.073966,8
a47218119fe83c9a,16,0.133333,1,0,0,9,1,3,2.0,0.25,0,0.0,0.128044,8
c82078af514a18a8,16,0.141667,0,0,1,10,1,4,2.125,0.484375,0,0.052083,0.085299,8
38eb93d43d012260,16,0.15,0,0,0,11,1,3,2.25,0.3125,0,0.0,0.073737,8
399b65bae5479ee4,16,0.158333,0,0,2,7,1,4,2.375,0.734375,0,0.09375,0.163095,8
be941259c1cff252,16,0.133333,0,0,0,10,1,3,2.0,0.25,0,0.0,0.081014,8
86acdddd7aafee42,16,0.141667,0,0,1,10,1,4,2.125,0.484375,0,0.052083,0.075689,8
9f2fb282f483aeae,16,0.15,0,0,0,7,2,4,2.25,0.3125,0,0.0,0.205044,8
2152652bfe33ae64,16,0.158333,0,0,0,8,2,4,2.375,0.484375,0,0.0,0.079232,8
6b2a81b2d4cfe826,16,0.141667,0,0,0,7,1,4,2.125,0.484375,0,0.0,0.154757,8
8ce633e8819978ee,16,0.158333,0,0,1,7,1,4,2.375,0.734375,0,0.09375,0.173029,8
620eeb710a141e6c,16,0.15,0,0,0,9,1,3,2.25,0.4375,0,0.0,0.088417,8
14b61f119f620298,16,0.158333,0,0,0,7,1,4,2.375,0.484375,0,0.0,0.174654,8
fbb02940f1a0e2e9,16,0.141667,0,0,1,8,1,3,2.125,0.234375,0,0.145833,0.093278,8
a4106bb2615c8bce,16,0.15,1,0,0,8,2,3,2.25,0.1875,0,0.0,0.160458,8
652339b04d008b8c,16,0.158333,0,0,2,6,1,4,2.375,0.734375,0,0.145833,0.220017,8
29dc35f9066e95a1,16,0.141667,0,0,0,10,1,4,2.125,0.484375,0,0.0,0.064102,8
c1cc533663ead69a,16,0.15,0,0,0,10,1,3,2.25,0.3125,0,0.0,0.072301,8
fbe11af2b5202fab,16,0.158333,0,0,2,7,1,4,2.375,0.484375,0,0.197917,0.16551,8
e0afe82b7e851068,16,0.133333,1,0,0,8,2,2,2.0,0.0,1,0.0,0.152241,8
8d55d15c02ab1be7,16,0.141667,0,0,1,10,1,3,2.125,0.234375,0,0.145833,0.054862,8
ff50703dfc0913b8,16,0.15,0,0,0,7,1,3,2.25,0.3125,0,0.0,0.168843,8
f0d89af083d5f172,16,0.158333,0,0,1,7,1,4,2.375,0.734375,0,0.09375,0.117682,8
871624be4e3d1f36,16,0.133333,1,0,0,8,1,3,2.0,0.25,0,0.0,0.152241,8
141ff3b6e8a5e716,16,0.141667,1,0,0,10,1,3,2.125,0.359375,0,0.0,0.072445,8
6b458c8dff9b87c5,16,0.15,0,0,0,7,1,3,2.25,0.4375,0,0.0,0.217568,8
92f563ee73b86c54,16,0.158333,1,0,0,7,2,3,2.375,0.234375,0,0.0,0.213682,8
adacdbe4a874e2bb,16,0.141667,0,0,0,9,1,4,2.125,0.484375,0,0.0,0.087942,8
cdf8c22ffca31730,16,0.15,0,0,0,8,2,4,2.25,0.3125,0,0.0,0.149531,8
5eb1a05e38f4a35d,16,0.158333,0,0,0,5,1,4,2.375,0.734375,0,0.0,0.293982,8
ff36f714e785aa02,16,0.133333,0,0,0,9,1,3,2.0,0.125,0,0.0,0.118512,8
e563cb9173c6ef0b,16,0.141667,0,0,0,8,1,3,2.125,0.359375,0,0.0,0.148412,8
6553887a5d839678,16,0.15,0,0,0,7,1,3,2.25,0.4375,0,0.0,0.212297,8
12389aeb4d1cf5f6,16,0.158333,0,0,2,7,1,4,2.375,0.484375,0,0.15625,0.169026,8
863120e1439a78ca,16,0.141667,0,0,0,8,1,3,2.125,0.234375,0,0.0,0.128624,8
73d00c23096975c6,16,0.15,0,0,0,7,2,3,2.25,0.1875,0,0.0,0.201326,8
9955606a67b4321d,16,0.158333,0,0,1,8,1,4,2.375,0.609375,0,0.09375,0.124251,8
277a41b43d10064c,16,0.133333,0,0,0,8,1,3,2.0,0.125,0,0.0,0.149103,8
8ebe044d60929e73,16,0.141667,0,0,0,12,1,3,2.125,0.359375,0,0.0,0.04797,8
1000258c4e66ccf8,16,0.15,0,0,0,7,1,3,2.25,0.3125,0,0.0,0.165813,8
20e0a32cfa65f195,16,0.158333,0,0,0,5,1,3,2.375,0.359375,0,0.0,0.342219,8
26bbac072148dfe5,16,0.141667,0,0,0,8,1,3,2.125,0.234375,0,0.0,0.091328,8
6a79dd18f5f24ba7,16,0.15,0,0,0,5,1,3,2.25,0.3125,0,0.0,0.358259,8
e548886e5a1bc277,16,0.158333,0,0,0,5,2,3,2.375,0.234375,0,0.0,0.346776,8
7d82bc9f8c1fbd94,16,0.133333,1,0,0,10,1,3,2.0,0.25,0,0.0,0.072412,8
65d5c4935cbf151c,16,0.141667,0,0,1,12,1,3,2.125,0.359375,0,0.104167,0.050799,8
3e2337bcd4b6349b,16,0.15,0,0,1,7,2,3,2.25,0.1875,0,0.104167,0.160607,8
174bb50706534780,16,0.158333,0,0,1,6,1,5,2.375,0.734375,0,0.047917,0.206436,8
ebdb91411e3f4f36,16,0.133333,1,0,0,13,1,3,2.0,0.25,0,0.0,0.04631,8
5139186ce00acf5f,16,0.141667,1,0,0,11,1,3,2.125,0.234375,0,0.0,0.052414,8
1c06da62ab21110e,16,0.15,0,0,1,7,1,4,2.25,0.5625,0,0.09375,0.194854,8
61a39945536402ca,16,0.158333,0,0,0,6,1,4,2.375,0.484375,0,0.0,0.245097,8
155630bcb364da2f,16,0.133333,0,0,0,9,1,3,2.0,0.25,0,0.0,0.104651,8
d850e339cf7c096a,16,0.141667,0,0,1,9,1,4,2.125,0.484375,0,0.052083,0.095462,8
49a4c2dab26f889f,16,0.15,0,0,0,6,1,4,2.25,0.5625,0,0.0,0.235027,8
5a281a6cc08d10ad,16,0.158333,0,0,0,6,2,4,2.375,0.359375,0,0.0,0.273776,8
941ecbd1bc56f101,16,0.133333,1,0,0,13,1,3,2.0,0.125,0,0.0,0.04401,8
a0fb54813a0a6af1,16,0.141667,1,0,0,10,1,4,2.125,0.359375,0,0.0,0.081549,8
9bf41dcdeb14bc1f,16,0.15,0,0,0,7,2,3,2.25,0.1875,0,0.0,0.164112,8
dd2f4b4e7eb65395,16,0.158333,0,0,1,8,1,4,2.375,0.609375,0,0.104167,0.099235,8
0efba3bd767037f9,16,0.141667,0,0,0,8,1,3,2.125,0.234375,0,0.0,0.148555,8
a87411fb82a468fa,16,0.15,0,0,0,6,1,3,2.25,0.3125,0,0.0,0.227331,8
267b92ff6a912cbb,16,0.158333,0,0,1,6,1,4,2.375,0.609375,0,0.052083,0.327541,8
a8138286273d529e,16,0.141667,1,0,0,13,1,3,2.125,0.359375,0,0.0,0.06163,8
2a8b0d5581e930bd,16,0.15,0,0,0,9,1,4,2.25,0.5625,0,0.0,0.092183,8
d8aa5bd472c65465,16,0.158333,0,0,1,8,1,3,2.375,0.359375,0,0.0625,0.146973,8
28817a33fb1db3b7,16,0.141667,0,0,0,12,1,3,2.125,0.359375,0,0.0,0.066008,8
0e42a7d179225c40,16,0.15,0,0,0,7,1,3,2.25,0.3125,0,0.0,0.187714,8
e396c922356e74df,16,0.158333,0,0,1,7,1,3,2.375,0.359375,0,0.0625,0.191686,8
cd73e119908c0555,16,0.141667,0,0,0,9,1,3,2.125,0.234375,0,0.0,0.119979,8
2c0c67021b3241a0,16,0.15,0,0,0,7,1,4,2.25,0.4375,0,0.0,0.109584,8
14bb2ef3d2d61c79,16,0.158333,0,0,1,6,1,4,2.375,0.734375,0,0.135417,0.192295,8
6c65bc7b077a9aac,16,0.141667,0,0,0,9,1,3,2.125,0.359375,0,0.0,0.104652,8
74c5f36caa6d52e5,16,0.15,0,0,0,7,1,4,2.25,0.4375,0,0.0,0.174683,8
673d5ef1988294eb,16,0.158333,0,0,0,6,1,3,2.375,0.359375,0,0.0,0.264259,8
6b00dd9424ec9d68,16,0.141667,0,0,1,9,1,4,2.125,0.484375,0,0.09375,0.090608,8
1103fdf90e7ccd81,16,0.15,0,0,0,6,1,3,2.25,0.3125,0,0.0,0.311329,8
e2988246ae3e7d18,16,0.158333,0,0,1,7,1,4,2.375,0.484375,0,0.052083,0.185129,8
ddd06b417c2c3334,16,0.141667,1,0,0,9,1,3,2.125,0.234375,0,0.0,0.128152,8
6ce04e734a87f3b9,16,0.15,0,0,0,7,1,4,2.25,0.4375,0,0.0,0.173959,8
61f7814ff72722fb,16,0.158333,0,0,2,7,2,3,2.375,0.234375,0,0.166667,0.17118,8
a7f57d1c9a95644a,16,0.141667,0,0,0,9,1,4,2.125,0.484375,0,0.0,0.078192,8
88adbd6f87b10f5b,16,0.15,0,0,1,9,1,4,2.25,0.5625,0,0.052083,0.088829,8
a1af9894cc41e0b3,16,0.158333,0,0,0,6,1,4,2.375,0.609375,0,0.0,0.277726,8
0953d9aa7fe5de1a,16,0.141667,0,0,0,8,1,3,2.125,0.234375,0,0.0,0.094084,8
c6d27228f3fb54e2,16,0.15,0,0,1,7,1,3,2.25,0.3125,0,0.0625,0.188618,8
31112f28b422195e,16,0.158333,0,0,0,5,1,3,2.375,0.359375,0,0.0,0.342524,8
d1d1d3d6938e07c4,16,0.141667,0,0,0,8,1,3,2.125,0.359375,0,0.0,0.113939,8
81c496e2d9f27013,16,0.15,0,0,0,8,1,3,2.25,0.4375,0,0.0,0.111835,8
c9dd1c852860cb81,16,0.158333,0,0,0,6,1,4,2.375,0.609375,0,0.0,0.291307,8
3e6d45c9d5fa30c4,16,0.141667,0,0,1,10,1,3,2.125,0.359375,0,0.104167,0.06036,8
b047256738beefc7,16,0.15,0,0,2,10,1,4,2.25,0.5625,0,0.15625,0.060796,8
57a78e20dc782cbf,16,0.158333,0,0,0,6,1,4,2.375,0.484375,0,0.0,0.259038,8
84f7a553c6b79558,16,0.141667,0,0,1,8,1,3,2.125,0.234375,0,0.104167,0.153001,8
4a69d05d97348026,16,0.15,0,0,0,9,1,3,2.25,0.4375,0,0.0,0.090699,8
966a3abe9141ae72,16,0.158333,0,0,2,10,1,4,2.375,0.484375,0,0.197917,0.067637,8
b3a97b5df57fbaba,16,0.141667,0,0,0,7,1,3,2.125,0.234375,0,0.0,0.15456,8
e2d0dda092b1901b,16,0.15,0,0,0,7,1,4,2.25,0.6875,0,0.0,0.176743,8
f9464862ce5e7cac,16,0.158333,0,0,1,8,1,4,2.375,0.484375,0,0.052083,0.17221,8
dfbe0e6b725afe0a,16,0.141667,0,0,1,10,1,3,2.125,0.359375,0,0.104167,0.067419,8
6c39315fa03bcfad,16,0.15,0,0,0,6,1,4,2.25,0.5625,0,0.0,0.242207,8
5cb9eca3a4ffe883,16,0.158333,1,0,0,10,2,4,2.375,0.359375,0,0.0,0.057706,8
8be6182d4042cf83,16,0.141667,0,0,0,6,1,3,2.125,0.234375,0,0.0,0.219378,8
47d17417f6f55097,16,0.15,0,0,0,7,1,3,2.25,0.4375,0,0.0,0.256242,8
ce67092a0c24d965,16,0.158333,0,0,1,7,1,4,2.375,0.609375,0,0.052083,0.200998,8
09e59ea957f53310,16,0.141667,1,0,0,10,1,3,2.125,0.234375,0,0.0,0.073494,8
fb6b2ff40087e5e9,16,0.15,0,0,1,6,1,4,2.25,0.5625,0,0.104167,0.183929,8
07e520791190b2de,16,0.158333,0,0,0,6,2,4,2.375,0.359375,0,0.0,0.301486,8
21f88fd3e6cdba91,16,0.141667,0,0,1,9,1,4,2.125,0.484375,0,0.052083,0.104504,8
c773f49a34819aa8,16,0.15,0,0,0,8,1,3,2.25,0.4375,0,0.0,0.149092,8
dc7a1110b01d1f2d,16,0.158333,0,0,2,6,1,5,2.375,0.859375,0,0.1375,0.189075,8
37965995940748c1,16,0.141667,0,0,0,9,1,3,2.125,0.234375,0,0.0,0.089207,8
bba7a1f9d6b25a69,16,0.15,0,0,1,7,1,4,2.25,0.5625,0,0.041667,0.176929,8
80e5a81fc8ec9f1a,16,0.158333,0,0,2,6,1,4,2.375,0.734375,0,0.177083,0.302399,8
35dfcd990bd77868,16,0.141667,0,0,1,12,1,3,2.125,0.234375,0,0.104167,0.053683,8
fb49ba81f36cb40a,16,0.15,0,0,0,10,1,4,2.25,0.4375,0,0.0,0.055911,8
a88a356e6e654c88,16,0.158333,0,0,1,6,2,3,2.375,0.234375,0,0.0625,0.277739,8
403ccfdf5a2827bc,16,0.15,0,0,1,10,1,3,2.25,0.3125,0,0.104167,0.070317,8
fbcf026199db7b4f,16,0.158333,0,0,1,5,1,4,2.375,0.484375,0,0.104167,0.279925,8
4cc03b1cac2c432a,16,0.141667,0,0,1,12,1,3,2.125,0.359375,0,0.104167,0.053242,8
ee13e6bd5f316fcc,16,0.15,0,0,0,8,1,3,2.25,0.3125,0,0.0,0.115433,8
6042a6408be5ec77,16,0.158333,0,0,2,6,1,4,2.375,0.859375,0,0.125,0.189322,8
579e5bbf0bd3e913,16,0.141667,0,0,1,10,1,4,2.125,0.484375,0,0.09375,0.068126,8
a3d1ef3b8478477f,16,0.15,0,0,0,6,1,5,2.25,0.8125,0,0.0,0.238187,8
b82e44862c3849b0,16,0.158333,0,0,0,6,1,4,2.375,0.609375,0,0.0,0.196763,8
f95aa9eaac1978c7,16,0.141667,0,0,0,9,1,3,2.125,0.359375,0,0.0,0.0599,8
accf03a97fd0532e,16,0.15,0,0,2,11,1,4,2.25,0.5625,0,0.135417,0.054023,8
63ce679836365da5,16,0.158333,0,0,1,6,1,4,2.375,0.609375,0,0.041667,0.32087,8
cbcb6ed6f88f03a9,16,0.15,0,0,0,6,1,4,2.25,0.5625,0,0.0,0.232432,8
a9d26e674f66b6cd,16,0.158333,0,0,1,6,1,4,2.375,0.484375,0,0.09375,0.332941,8
1ca8fdb7574035b3,16,0.141667,0,0,0,8,1,4,2.125,0.484375,0,0.0,0.097619,8
c1f9824fb0e4e0a4,16,0.15,0,0,1,7,1,3,2.25,0.3125,0,0.104167,0.216092,8
4adc74855ee18f89,16,0.158333,0,0,2,8,1,4,2.375,0.609375,0,0.135417,0.113438,8
39ced6867d93d841,16,0.141667,0,0,0,8,1,3,2.125,0.359375,0,0.0,0.114703,8
fe4dcc23240f8a50,16,0.15,1,0,0,6,1,3,2.25,0.3125,0,0.0,0.257013,8
a2c84493b9a530e4,16,0.158333,0,0,0,7,1,4,2.375,0.484375,0,0.0,0.190406,8
1d71a1e41d0036ce,16,0.141667,1,0,0,7,1,3,2.125,0.234375,0,0.0,0.206873,8
5641b0f687907a5c,16,0.15,0,0,0,6,2,3,2.25,0.1875,0,0.0,0.284807,8
b40bfc54ccecbb95,16,0.158333,0,0,0,7,1,4,2.375,0.609375,0,0.0,0.15377,8
4cee8fa6c999dfc3,16,0.141667,0,0,0,7,1,3,2.125,0.234375,0,0.0,0.165621,8
0c93900b4917dfbf,16,0.15,0,0,1,9,1,3,2.25,0.4375,0,0.104167,0.091451,8
af7a1b2a00a2eeb0,16,0.158333,0,0,0,6,2,4,2.375,0.359375,0,0.0,0.245679,8
7aecdf1798134ef7,16,0.141667,0,0,1,11,1,3,2.125,0.359375,0,0.104167,0.052495,8
f71fe3ec4fb3644b,16,0.15,0,0,0,6,1,3,2.25,0.3125,0,0.0,0.222084,8
70397667eaa171b7,16,0.158333,0,0,0,6,2,5,2.375,0.734375,0,0.0,0.243511,8
315d804c5ef13c05,16,0.15,0,0,0,7,1,5,2.25,0.6875,0,0.0,0.213594,8
e52f6ba85606436f,16,0.158333,0,0,0,6,1,3,2.375,0.359375,0,0.0,0.224386,8
e9683a6f0d564c13,16,0.141667,0,0,1,10,1,3,2.125,0.234375,0,0.104167,0.089176,8
ccb8f0959da8434a,16,0.15,0,0,2,11,1,4,2.25,0.6875,0,0.1875,0.058347,8
e5691cc145431303,16,0.158333,0,0,1,7,1,3,2.375,0.359375,0,0.104167,0.196066,8
084d9aba12659c41,16,0.133333,1,0,0,13,1,3,2.0,0.25,0,0.0,0.043747,8
be5a105b245b3145,16,0.141667,0,0,0,8,2,3,2.125,0.109375,0,0.0,0.152241,8
a07dc2c2f74f9dc7,16,0.15,0,0,0,7,1,4,2.25,0.4375,0,0.0,0.160205,8
25287bd64c32c731,16,0.158333,0,0,0,6,1,3,2.375,0.359375,0,0.0,0.21819,8
258db55a153f5374,16,0.141667,1,0,0,12,1,3,2.125,0.234375,0,0.0,0.048227,8
f5c34d296e647865,16,0.15,0,0,1,9,1,3,2.25,0.3125,0,0.104167,0.095858,8
f9796bd60f4e690e,16,0.158333,0,0,3,9,2,4,2.375,0.484375,0,0.3125,0.077762,8
2367d99f2b6e3ade,16,0.141667,0,0,0,6,1,3,2.125,0.234375,0,0.0,0.242365,8
d5fb459b12fbfae3,16,0.15,0,0,0,7,1,3,2.25,0.3125,0,0.0,0.170009,8
a35b9d965cf9d16e,16,0.158333,0,0,0,5,1,4,2.375,0.734375,0,0.0,0.308116,8
7ef989ea1b852973,16,0.141667,0,0,0,7,1,3,2.125,0.359375,0,0.0,0.154421,8
18b0ef7e092aa919,16,0.15,0,0,0,10,1,3,2.25,0.3125,0,0.0,0.062226,8
57cd1f04a6d7557f,16,0.158333,0,0,1,7,1,4,2.375,0.609375,0,0.09375,0.209294,8
124cb2ca4988897b,16,0.133333,0,0,1,14,1,3,2.0,0.25,0,0.104167,0.042302,8
b6cce9c50c4140cf,16,0.141667,0,0,0,8,1,3,2.125,0.359375,0,0.0,0.139984,8
e25fb2821611327d,16,0.15,0,0,1,9,1,4,2.25,0.5625,0,0.052083,0.08853,8
ebe632e0c96e1a5d,16,0.158333,0,0,0,5,1,4,2.375,0.734375,0,0.0,0.429931,8
fb8aceb1c6763e8c,16,0.133333,0,0,0,12,1,3,2.0,0.25,0,0.0,0.051976,8
19de62c775474357,16,0.141667,0,0,1,10,1,3,2.125,0.234375,0,0.104167,0.069876,8
d716512b84e0139a,16,0.15,0,0,0,7,1,3,2.25,0.4375,0,0.0,0.186532,8
f8e0dd4a662dfac6,16,0.158333,0,0,0,9,1,4,2.375,0.609375,0,0.0,0.091272,8
cedaaf80961f1910,16,0.133333,1,0,0,13,1,3,2.0,0.25,0,0.0,0.041565,8
3b03231d109695cd,16,0.141667,1,0,0,11,1,3,2.125,0.359375,0,0.0,0.045643,8
b9ce3170873d2eb7,16,0.15,0,0,0,8,1,4,2.25,0.4375,0,0.0,0.091075,8
fd7e0ad093fcaca9,16,0.158333,0,0,1,7,1,3,2.375,0.484375,0,0.104167,0.125031,8
e4f2fa5be2eccf7a,16,0.141667,0,0,1,11,1,3,2.125,0.234375,0,0.104167,0.059876,8
b3ffb45f75621b80,16,0.15,0,0,0,6,1,4,2.25,0.4375,0,0.0,0.238599,8
1b52b42510b42216,16,0.158333,0,0,0,6,2,4,2.375,0.484375,0,0.0,0.27751,8
db0ef124ee9de2d9,16,0.141667,0,0,1,9,1,3,2.125,0.234375,0,0.104167,0.106512,8
006974be9c06b29e,16,0.15,0,0,0,9,1,4,2.25,0.4375,0,0.0,0.07355,8
3cf5272895a3235c,16,0.158333,0,0,0,8,1,4,2.375,0.609375,0,0.0,0.153279,8
259944ab9fe3ce8f,16,0.141667,0,0,1,10,1,4,2.125,0.484375,0,0.09375,0.081014,8
689d0fe6fd199985,16,0.15,0,0,0,6,1,4,2.25,0.4375,0,0.0,0.234458,8
d6d85bf98e284f95,16,0.158333,0,0,1,6,1,4,2.375,0.484375,0,0.0625,0.195727,8
a30392a2f7d48019,16,0.141667,0,0,0,8,2,3,2.125,0.109375,0,0.0,0.152241,8
3eca0cdb537bde2c,16,0.15,1,0,0,10,1,4,2.25,0.5625,0,0.0,0.072189,8
9c46e974089fe568,16,0.158333,0,0,1,6,1,5,2.375,0.734375,0,0.047917,0.237922,8
cdc638157b4eee74,16,0.141667,0,0,1,8,2,3,2.125,0.109375,0,0.104167,0.152241,8
9d7b1afc6f06c45a,16,0.15,0,0,1,8,1,3,2.25,0.3125,0,0.0625,0.183541,8
7774de075e9358bc,16,0.158333,0,0,1,7,1,4,2.375,0.734375,0,0.041667,0.210062,8
d6ed1de8200a2ad6,16,0.141667,0,0,0,7,1,3,2.125,0.359375,0,0.0,0.158497,8
052db5d1c10b4656,16,0.15,0,0,0,8,1,3,2.25,0.3125,0,0.0,0.113545,8
2e1c4e0012422806,16,0.158333,0,0,0,5,1,4,2.375,0.609375,0,0.0,0.372701,8
9399c6d6c93dd37c,16,0.141667,1,0,0,9,1,4,2.125,0.484375,0,0.0,0.101942,8
9464442aa94864b2,16,0.15,0,0,0,9,2,3,2.25,0.1875,0,0.0,0.05975,8
19f62a08baa1b3c8,16,0.158333,1,0,0,5,1,5,2.375,0.859375,0,0.0,0.306081,8
bf5d4cab668ee66e,16,0.15,0,0,1,9,1,3,2.25,0.4375,0,0.104167,0.078929,8
1c50fb4d5c4a766c,16,0.158333,0,0,2,9,2,4,2.375,0.359375,0,0.197917,0.091072,8
a585d2e352344260,16,0.141667,0,0,0,10,1,3,2.125,0.234375,0,0.0,0.061221,8
be9f95f0c25caaf3,16,0.15,0,0,2,9,1,4,2.25,0.6875,0,0.177083,0.087648,8
fa3ebad977d78547,16,0.158333,0,0,1,9,1,5,2.375,0.984375,0,0.09375,0.076237,8
e08a85c77b24ec35,16,0.141667,0,0,1,8,1,3,2.125,0.359375,0,0.104167,0.140301,8
41bc4d2197280fd4,16,0.15,0,0,0,6,2,3,2.25,0.1875,0,0.0,0.302202,8
9e5fc863b1cd8d14,16,0.158333,0,0,1,8,2,4,2.375,0.484375,0,0.041667,0.072002,8
1ac1960282258164,16,0.141667,0,0,0,11,1,3,2.125,0.234375,0,0.0,0.060556,8
e7624e1243bef0ad,16,0.15,0,0,0,9,1,4,2.25,0.4375,0,0.0,0.078328,8
c5f255fcbc9c2742,16,0.158333,0,0,0,8,1,4,2.375,0.484375,0,0.0,0.126347,8
58cfefa60b4d059f,16,0.141667,0,0,1,12,1,3,2.125,0.234375,0,0.104167,0.048317,8
7a745e52fe06c583,16,0.15,1,0,0,9,1,3,2.25,0.3125,0,0.0,0.139892,8
3d7386d833beb585,16,0.158333,0,0,1,5,1,4,2.375,0.734375,0,0.083333,0.35402,8
4ea1f1c8fb5cf841,16,0.141667,1,0,0,7,1,3,2.125,0.234375,0,0.0,0.198062,8
a1ff6bbb523ff467,16,0.15,0,0,2,11,1,3,2.25,0.4375,0,0.125,0.053631,8
71e84d6246b03c3e,16,0.158333,0,0,1,7,1,5,2.375,0.734375,0,0.089583,0.204939,8
0b184df64ec86799,16,0.141667,0,0,1,11,1,4,2.125,0.359375,0,0.135417,0.048271,8
9118798cf8234a33,16,0.15,0,0,2,12,1,3,2.25,0.4375,0,0.166667,0.060372,8
827d8373321f3d03,16,0.158333,0,0,1,7,1,3,2.375,0.359375,0,0.104167,0.190419,8
916771115894a166,16,0.141667,1,0,0,10,1,3,2.125,0.234375,0,0.0,0.086811,8
4a1d07684bd011a3,16,0.15,0,0,1,8,1,3,2.25,0.4375,0,0.104167,0.141113,8
6a1b1adc042d9d49,16,0.158333,0,0,0,6,2,4,2.375,0.359375,0,0.0,0.302532,8
d5c6baf26d978894,16,0.15,0,0,1,6,1,3,2.25,0.4375,0,0.104167,0.216431,8
4d5fd43152bbb209,16,0.158333,0,0,1,9,1,4,2.375,0.609375,0,0.041667,0.065086,8
20e13e5933ce5f51,16,0.133333,1,0,0,9,1,3,2.0,0.25,0,0.0,0.111053,8
9bacd90ba18e5f3a,16,0.141667,0,0,1,13,1,3,2.125,0.234375,0,0.0625,0.04401,8
00c1b1a295e1e681,16,0.15,0,0,2,10,1,4,2.25,0.4375,0,0.239583,0.051038,8
a8ff9e82505106cb,16,0.158333,0,0,0,6,1,3,2.375,0.359375,0,0.0,0.351251,8
1339857d0370433b,16,0.141667,1,0,0,7,1,3,2.125,0.234375,0,0.0,0.194115,8
a5125a1fa6d02621,16,0.15,1,0,0,9,1,4,2.25,0.6875,0,0.0,0.077857,8
52411a6f6ad87f36,16,0.158333,0,0,2,7,1,4,2.375,0.609375,0,0.197917,0.156007,8
6968cb25968f86ab,16,0.141667,0,0,0,8,1,4,2.125,0.484375,0,0.0,0.107349,8
d6779324727631a4,16,0.15,0,0,0,7,1,3,2.25,0.3125,0,0.0,0.181357,8
9173b085d7407e2e,16,0.158333,0,0,0,9,1,4,2.375,0.484375,0,0.0,0.085719,8
fe188d14ecc5b20b,16,0.141667,0,0,0,8,1,3,2.125,0.359375,0,0.0,0.140733,8
296ca62f89ace2c3,16,0.15,0,0,0,8,1,3,2.25,0.4375,0,0.0,0.143563,8
376da1cbe0d23fe2,16,0.158333,0,0,1,7,1,4,2.375,0.484375,0,0.052083,0.242106,8
c26316354e669901,16,0.141667,0,0,0,10,1,3,2.125,0.234375,0,0.0,0.081932,8
61f6b19a572cc126,16,0.15,0,0,0,6,1,4,2.25,0.4375,0,0.0,0.233936,8
b0012a917ede1def,16,0.158333,0,0,3,8,1,4,2.375,0.609375,0,0.28125,0.093486,8
0c64acb6dfb9ea2e,16,0.141667,1,0,0,9,1,3,2.125,0.359375,0,0.0,0.125449,8
3f822517f23e6cdd,16,0.15,0,0,1,8,1,4,2.25,0.4375,0,0.145833,0.076627,8
d5aefe97c9b2bc15,16,0.158333,0,0,1,8,1,4,2.375,0.609375,0,0.09375,0.116929,8
37f4a9ce2e7d4ca4,16,0.133333,1,0,0,11,1,3,2.0,0.25,0,0.0,0.066617,8
25b520705932d27f,16,0.141667,1,0,0,8,1,4,2.125,0.484375,0,0.0,0.116296,8
b36b2ea4f906ea79,16,0.15,0,0,0,8,1,4,2.25,0.4375,0,0.0,0.122841,8
0cb25d37cc5dceb6,16,0.158333,0,0,1,7,1,4,2.375,0.859375,0,0.083333,0.19291,8
eaa1aee93e8a9eea,16,0.141667,0,0,1,10,1,3,2.125,0.359375,0,0.104167,0.08034,8
08dd5f8b40c7bdef,16,0.15,0,0,1,7,1,4,2.25,0.5625,0,0.052083,0.218621,8
487018c34e54fb87,16,0.158333,0,0,2,8,1,4,2.375,0.609375,0,0.104167,0.118479,8
7aca247a3b342b0d,16,0.141667,0,0,0,11,1,3,2.125,0.359375,0,0.0,0.060935,8
57d975ba18b303f7,16,0.15,0,0,1,8,1,4,2.25,0.5625,0,0.09375,0.15033,8
1eacee239de7021f,16,0.158333,0,0,2,8,1,4,2.375,0.609375,0,0.114583,0.086098,8
60725180d0db8ce0,16,0.133333,1,0,0,10,1,3,2.0,0.25,0,0.0,0.085275,8
4da5fe168fda05d6,16,0.141667,1,0,0,8,2,3,2.125,0.109375,0,0.0,0.152241,8
76fe8adbd34718ee,16,0.15,0,0,1,8,2,3,2.25,0.1875,0,0.104167,0.116695,8
7f75369dfbb9a821,16,0.158333,0,0,0,9,1,4,2.375,0.609375,0,0.0,0.112853,8
cecdf83471904617,16,0.141667,1,0,0,7,1,3,2.125,0.234375,0,0.0,0.213682,8
02c849b279ae578c,16,0.15,0,0,0,9,1,4,2.25,0.5625,0,0.0,0.09254,8
93790d21783b1566,16,0.158333,0,0,1,6,2,4,2.375,0.359375,0,0.145833,0.147608,8
850ebde57d3b6907,16,0.141667,0,0,0,6,1,3,2.125,0.234375,0,0.0,0.273538,8
b4106f2e9f275e70,16,0.15,0,0,0,8,1,4,2.25,0.4375,0,0.0,0.098381,8
f1037493ac5c7a8d,16,0.158333,0,0,1,6,2,4,2.375,0.359375,0,0.052083,0.214748,8
e6821ec112380373,16,0.141667,0,0,0,9,1,3,2.125,0.359375,0,0.0,0.11109,8
8e856465e7ea3fe1,16,0.15,1,0,0,6,2,3,2.25,0.1875,0,0.0,0.243402,8
2a85ad8d2dce21a9,16,0.158333,0,0,0,6,2,4,2.375,0.359375,0,0.0,0.282527,8
899a9c2e0e511221,16,0.141667,0,0,0,10,1,4,2.125,0.484375,0,0.0,0.080004,8
bb68b16e468ed056,16,0.15,0,0,0,6,1,3,2.25,0.3125,0,0.0,0.191331,8
7e10de0636b8b20f,16,0.158333,0,0,1,7,1,4,2.375,0.859375,0,0.041667,0.217257,8
d5801966c9b26718,16,0.141667,1,0,0,11,1,4,2.125,0.484375,0,0.0,0.059953,8
d399afc0468969e4,16,0.15,0,0,2,9,1,3,2.25,0.3125,0,0.208333,0.092155,8
3de150ad4d949ac2,16,0.158333,0,0,1,7,1,4,2.375,0.484375,0,0.104167,0.158053,8
87f5d6ab5b45cae0,16,0.141667,0,0,1,9,1,3,2.125,0.234375,0,0.145833,0.07436,8
62933c4b55160da0,16,0.15,0,0,0,8,1,4,2.25,0.5625,0,0.0,0.171477,8
532adea3242ea124,16,0.158333,0,0,0,5,2,3,2.375,0.234375,0,0.0,0.292717,8
d07023b716f98c82,16,0.133333,0,0,0,8,1,3,2.0,0.25,0,0.0,0.112955,8
b35f915b1f60a096,16,0.141667,0,0,0,9,1,3,2.125,0.359375,0,0.0,0.09152,8
a7b4a5c60f7f3b2f,16,0.15,0,0,1,8,1,4,2.25,0.5625,0,0.052083,0.08416,8
4463bc8827bf8cc7,16,0.158333,0,0,1,6,1,4,2.375,0.609375,0,0.052083,0.257868,8
6e5878f0f6a057a2,16,0.141667,0,0,1,10,1,4,2.125,0.484375,0,0.09375,0.07922,8
32990239e25f107a,16,0.15,0,0,0,7,1,3,2.25,0.4375,0,0.0,0.153302,8
1284e672ca6cad73,16,0.158333,0,0,1,6,2,3,2.375,0.234375,0,0.104167,0.257348,8
8587dd3547bd6712,16,0.141667,0,0,0,7,1,3,2.125,0.234375,0,0.0,0.199725,8
0a490866a46b7385,16,0.15,0,0,0,9,1,3,2.25,0.3125,0,0.0,0.090144,8
b867a13bd9cd79a8,16,0.158333,0,0,1,10,1,4,2.375,0.734375,0,0.041667,0.062608,8
9d9f2ad36469cbc4,16,0.141667,0,0,0,9,1,3,2.125,0.359375,0,0.0,0.105542,8
705a0db501f6c3e4,16,0.15,0,0,1,8,1,4,2.25,0.4375,0,0.104167,0.118257,8
4a7191948672cfae,16,0.158333,0,0,2,7,1,4,2.375,0.484375,0,0.15625,0.205438,8
008b839ed256012a,16,0.141667,0,0,0,10,1,3,2.125,0.234375,0,0.0,0.097887,8
7ca3698c10fe65eb,16,0.15,0,0,2,8,1,4,2.25,0.5625,0,0.197917,0.115661,8
0b20dd1363e2ea5b,16,0.158333,0,0,0,7,1,5,2.375,0.734375,0,0.0,0.164047,8
d357ddce3448e65a,16,0.141667,0,0,0,7,2,3,2.125,0.109375,0,0.0,0.154921,8
74bf39982f620d1a,16,0.15,0,0,0,6,2,3,2.25,0.1875,0,0.0,0.214345,8
060be952af03b8b6,16,0.158333,0,0,0,7,2,4,2.375,0.359375,0,0.0,0.206067,8
a0459d6cbd74c261,16,0.141667,0,0,2,13,1,4,2.125,0.484375,0,0.1875,0.046496,8
19d7e861105ee7ad,16,0.15,0,0,1,9,1,4,2.25,0.4375,0,0.09375,0.129787,8
73e2e6287106a0bc,16,0.158333,0,0,1,7,2,3,2.375,0.234375,0,0.104167,0.121421,8
b088f23931ba799f,16,0.133333,0,0,1,14,1,3,2.0,0.25,0,0.104167,0.040942,8
8632c0c21f2349cd,16,0.141667,0,0,0,8,1,3,2.125,0.359375,0,0.0,0.112971,8
85d7d83cb55f0723,16,0.15,0,0,1,7,1,3,2.25,0.4375,0,0.104167,0.177108,8
b258f9ab49934f58,16,0.158333,0,0,4,12,1,4,2.375,0.484375,0,0.302083,0.05053,8
837195734811d1f0,16,0.141667,0,0,0,7,1,3,2.125,0.234375,0,0.0,0.157927,8
18041de9c4935bee,16,0.15,0,0,1,12,2,3,2.25,0.1875,0,0.104167,0.050427,8
4ff97fb9ca1a0e6c,16,0.158333,0,0,3,9,1,4,2.375,0.734375,0,0.239583,0.059801,8
f3cb84a3f40be38f,16,0.15,0,0,1,7,1,4,2.25,0.6875,0,0.041667,0.157367,8
cbe5c8f7aaeb09bf,16,0.158333,0,0,0,8,1,4,2.375,0.609375,0,0.0,0.164313,8
a4e40e0874f979ef,16,0.141667,0,0,2,13,1,3,2.125,0.234375,0,0.25,0.042829,8
40b1cc23040ef5f2,16,0.15,0,0,2,10,1,4,2.25,0.4375,0,0.197917,0.08295,8
cbdd0b441c80e4ff,16,0.158333,0,0,0,7,1,4,2.375,0.484375,0,0.0,0.191443,8
0b7af77f3dbc79cd,16,0.15,0,0,0,6,1,3,2.25,0.3125,0,0.0,0.26717,8
1631a66f312b5e5f,16,0.158333,1,0,0,9,1,3,2.375,0.359375,0,0.0,0.092576,8
32d7918b8dfa7d2a,16,0.141667,0,0,0,12,1,3,2.125,0.359375,0,0.0,0.048304,8
f0dbcdd0ecfc6c71,16,0.15,0,0,0,8,1,3,2.25,0.3125,0,0.0,0.113624,8
c8722cca34177d96,16,0.158333,0,0,0,8,1,3,2.375,0.359375,0,0.0,0.117538,8
67ed8e4b7a171613,16,0.141667,0,0,0,10,1,3,2.125,0.359375,0,0.0,0.072495,8
05b2b705b50aba9a,16,0.15,0,0,1,10,1,3,2.25,0.4375,0,0.104167,0.079954,8
2ff14c568ede8e9a,16,0.158333,0,0,1,8,1,4,2.375,0.609375,0,0.052083,0.174091,8
aa47d5d9607fc833,16,0.141667,0,0,0,8,1,4,2.125,0.484375,0,0.0,0.113755,8
f9f8ad67900d08cd,16,0.15,0,0,1,8,1,4,2.25,0.5625,0,0.09375,0.114525,8
b3fc1bc075cf550e,16,0.158333,0,0,0,7,1,4,2.375,0.609375,0,0.0,0.162555,8
24d0559199856c67,16,0.15,0,0,1,6,1,3,2.25,0.4375,0,0.104167,0.277211,8
a1318530d53a792b,16,0.158333,0,0,0,7,1,3,2.375,0.484375,0,0.0,0.21332,8
918d109acdf78e5b,16,0.141667,0,0,0,7,2,3,2.125,0.109375,0,0.0,0.166994,8
9e9a52306dbdfd45,16,0.15,0,0,0,7,1,3,2.25,0.3125,0,0.0,0.226625,8
7d01b9053426eed0,16,0.158333,0,0,1,7,2,4,2.375,0.359375,0,0.104167,0.180001,8
82f0c24e349348ad,16,0.141667,0,0,1,8,1,4,2.125,0.484375,0,0.09375,0.116801,8
9c009289d3097890,16,0.15,0,0,1,11,1,4,2.25,0.5625,0,0.09375,0.07798,8
19cd607a1c5f6370,16,0.158333,0,0,1,10,1,4,2.375,0.484375,0,0.0625,0.070011,8
431b6973fef7bd04,16,0.141667,0,0,0,9,1,3,2.125,0.359375,0,0.0,0.088406,8
d2b871c646fb7302,16,0.15,0,0,1,8,1,4,2.25,0.6875,0,0.041667,0.091819,8
7ab52f310d0dcaeb,16,0.158333,0,0,1,7,1,4,2.375,0.734375,0,0.052083,0.123905,8
0c882ccc91f44b71,16,0.141667,0,0,0,8,1,3,2.125,0.359375,0,0.0,0.139273,8
8bf59631668363b4,16,0.15,0,0,0,6,1,4,2.25,0.5625,0,0.0,0.267656,8
8e08827797701de9,16,0.158333,0,0,0,5,1,4,2.375,0.484375,0,0.0,0.31171,8
129a8c537fbd5786,16,0.141667,0,0,0,9,1,3,2.125,0.359375,0,0.0,0.120478,8
abe0ed6dd5b81c17,16,0.158333,0,0,1,6,1,4,2.375,0.734375,0,0.041667,0.254895,8
ebb45409e748620f,16,0.141667,0,0,1,10,1,3,2.125,0.234375,0,0.145833,0.061855,8
2f6907dbe4c97f80,16,0.15,1,0,0,7,1,3,2.25,0.3125,0,0.0,0.202377,8
5058dcba8e4e3704,16,0.158333,0,0,0,6,1,4,2.375,0.609375,0,0.0,0.223605,8
2b2c9f74b9a4dbd2,16,0.141667,0,0,0,8,1,3,2.125,0.234375,0,0.0,0.149103,8
9a1deba60e5f929c,16,0.15,0,0,0,6,1,3,2.25,0.3125,0,0.0,0.252422,8
865e07499073c1f3,16,0.158333,0,0,1,8,1,4,2.375,0.484375,0,0.09375,0.174152,8
675e6fd8aed3a29b,16,0.133333,1,0,0,11,1,3,2.0,0.25,0,0.0,0.05993,8
45dcf644a4fb1a17,16,0.141667,0,0,1,13,1,3,2.125,0.234375,0,0.104167,0.044293,8
06e4b68b9621e29d,16,0.15,1,0,0,9,1,4,2.25,0.5625,0,0.0,0.088378,8
20c753b5778f90f9,16,0.158333,0,0,1,7,1,4,2.375,0.734375,0,0.09375,0.180505,8
31d1f02b83600624,16,0.15,0,0,0,7,1,3,2.25,0.3125,0,0.0,0.191715,8
dc78d11ed91f0b1d,16,0.158333,0,0,1,6,1,5,2.375,0.984375,0,0.089583,0.237424,8
b530e778c3d7cfa6,16,0.141667,1,0,0,9,1,4,2.125,0.484375,0,0.0,0.088234,8
f04b2a7c5154dfdc,16,0.15,0,0,1,7,1,3,2.25,0.3125,0,0.104167,0.1595,8
9fed5bc81a260e0d,16,0.158333,0,0,1,7,1,4,2.375,0.484375,0,0.052083,0.208785,8
48c55f720222f64f,16,0.141667,1,0,0,10,1,3,2.125,0.234375,0,0.0,0.098521,8
f35060eca67549f6,16,0.15,0,0,0,7,1,3,2.25,0.3125,0,0.0,0.167883,8
798c09378711d43c,16,0.158333,0,0,0,6,1,4,2.375,0.734375,0,0.0,0.241523,8
038fb841baa9cbb7,16,0.141667,0,0,0,8,1,3,2.125,0.359375,0,0.0,0.152833,8
807c7b8d74d34a09,16,0.15,0,0,1,10,1,4,2.25,0.4375,0,0.052083,0.061409,8
08d161a39a3e0333,16,0.158333,0,0,1,8,1,4,2.375,0.609375,0,0.052083,0.120652,8
cda6ec5e9b2b2725,16,0.141667,0,0,0,10,1,3,2.125,0.234375,0,0.0,0.061333,8
fa646d0b77ea707e,16,0.15,0,0,2,11,2,3,2.25,0.1875,0,0.208333,0.053791,8
7e4b049e77963154,16,0.158333,0,0,0,8,1,3,2.375,0.359375,0,0.0,0.153417,8
7d25cf3aa4069324,16,0.141667,0,0,0,10,2,3,2.125,0.109375,0,0.0,0.058923,8
ff6d76143731d13f,16,0.15,0,0,2,11,1,3,2.25,0.3125,0,0.208333,0.066848,8
f6c3b6f8b1387f5c,16,0.158333,0,0,0,7,1,4,2.375,0.609375,0,0.0,0.131103,8
07e08a82b2a6ae35,16,0.141667,0,0,0,8,1,3,2.125,0.234375,0,0.0,0.133815,8
61fae84e904c5752,16,0.15,0,0,1,9,1,5,2.25,0.8125,0,0.047917,0.102319,8
98c3c04298ee9c40,16,0.158333,0,0,1,6,1,3,2.375,0.359375,0,0.104167,0.222688,8
8a18c7b7a924fd31,16,0.141667,0,0,0,10,1,3,2.125,0.234375,0,0.0,0.0614,8
e43dfa7b58e85c3b,16,0.15,0,0,0,7,2,3,2.25,0.1875,0,0.0,0.164912,8
97a0ae1b90be7fee,16,0.158333,0,0,0,8,1,3,2.375,0.359375,0,0.0,0.13852,8
ef8a0373b89e43d9,16,0.141667,0,0,0,8,1,3,2.125,0.359375,0,0.0,0.111915,8
cfe400ccb19c664f,16,0.15,1,0,0,8,1,4,2.25,0.5625,0,0.0,0.159309,8
0c48f85f5d0d7658,16,0.158333,0,0,2,8,1,4,2.375,0.734375,0,0.09375,0.129628,8
251203285cc8ffb3,16,0.141667,1,0,0,11,1,3,2.125,0.234375,0,0.0,0.053603,8
eed525b513c9ea36,16,0.15,1,0,0,6,1,4,2.25,0.6875,0,0.0,0.234269,8
c078da24c9e506b0,16,0.158333,0,0,1,7,1,3,2.375,0.484375,0,0.0625,0.211344,8
ffffc8348bd447fe,16,0.141667,1,0,0,7,1,4,2.125,0.484375,0,0.0,0.174312,8
00f60e54bbf38126,16,0.15,0,0,1,7,1,3,2.25,0.3125,0,0.104167,0.16969,8
b9104f8860308142,16,0.158333,0,0,1,7,1,3,2.375,0.359375,0,0.104167,0.242145,8
a92b85043e84881f,16,0.15,0,0,1,9,1,3,2.25,0.4375,0,0.104167,0.103757,8
f9fef8f1c9a807ce,16,0.158333,0,0,1,6,1,4,2.375,0.609375,0,0.052083,0.246081,8
b77198d838c2cce9,16,0.141667,0,0,0,10,1,3,2.125,0.359375,0,0.0,0.065956,8
27f3a11c97b3ae1f,16,0.15,0,0,1,9,1,3,2.25,0.4375,0,0.104167,0.08835,8
6b37d817f22494c5,16,0.158333,0,0,1,8,1,3,2.375,0.359375,0,0.0625,0.100675,8
b711b619ee4e7d60,16,0.141667,0,0,1,9,1,3,2.125,0.234375,0,0.104167,0.121466,8
2721d2bf30878690,16,0.15,0,0,0,8,1,3,2.25,0.3125,0,0.0,0.138652,8
800830076fb6d3d2,16,0.158333,0,0,1,6,1,4,2.375,0.609375,0,0.041667,0.211648,8
b8ff34aac6926416,16,0.141667,0,0,0,7,1,3,2.125,0.234375,0,0.0,0.186175,8
0104479608b2ce20,16,0.15,0,0,0,7,1,3,2.25,0.3125,0,0.0,0.196493,8
fb72de11eac3f0d3,16,0.158333,0,0,0,6,2,3,2.375,0.234375,0,0.0,0.194425,8
8c8f535192f0f363,16,0.141667,0,0,0,8,1,3,2.125,0.359375,0,0.0,0.103078,8
c6cb59a0e5fe2990,16,0.15,1,0,0,7,2,3,2.25,0.1875,0,0.0,0.199953,8
a4126651968ba787,16,0.158333,0,0,2,9,1,5,2.375,0.859375,0,0.095833,0.066217,8
fc26896d004b66e1,16,0.141667,0,0,0,10,1,3,2.125,0.234375,0,0.0,0.053757,8
4a7d7538efebd3c5,16,0.15,0,0,1,10,1,4,2.25,0.6875,0,0.041667,0.062347,8
4b46aff67574250e,16,0.158333,0,0,1,7,1,3,2.375,0.359375,0,0.0625,0.170111,8
2144979729efcbb5,16,0.15,0,0,1,7,1,3,2.25,0.4375,0,0.104167,0.212499,8
8066f7322828d8bb,16,0.158333,0,0,1,7,1,4,2.375,0.609375,0,0.041667,0.160457,8
30d48d7f2c363fe0,16,0.15,0,0,1,7,1,3,2.25,0.3125,0,0.104167,0.1599,8
991dc5509fdc763b,16,0.158333,0,0,1,8,1,3,2.375,0.359375,0,0.104167,0.14122,8
a10fd02c380ad8d0,16,0.141667,0,0,1,12,1,3,2.125,0.234375,0,0.0625,0.052459,8
57dbab051637e419,16,0.15,0,0,1,8,1,4,2.25,0.5625,0,0.09375,0.071101,8
6bf743f94b7da12e,16,0.158333,0,0,1,5,2,4,2.375,0.359375,0,0.09375,0.387358,8
ee56d1150b8f6b31,16,0.141667,0,0,0,8,1,3,2.125,0.359375,0,0.0,0.133328,8
c07eac74e2708a8f,16,0.15,0,0,1,7,1,4,2.25,0.5625,0,0.052083,0.215909,8
77ae182de96afba0,16,0.158333,0,0,0,8,2,4,2.375,0.359375,0,0.0,0.105606,8
eead53f90c5372dd,16,0.141667,0,0,0,12,1,3,2.125,0.234375,0,0.0,0.044379,8
653c3bdcdd1af753,16,0.15,1,0,0,9,1,3,2.25,0.4375,0,0.0,0.111726,8
811b6cf70452f59a,16,0.158333,0,0,3,7,1,4,2.375,0.609375,0,0.229167,0.13798,8
68febeee25847c27,16,0.141667,0,0,0,8,1,4,2.125,0.484375,0,0.0,0.126029,8
9d0f588ffcbad9d5,16,0.15,0,0,1,12,2,3,2.25,0.1875,0,0.104167,0.0435,8
82fec6a81416a189,16,0.158333,0,0,1,7,1,4,2.375,0.609375,0,0.041667,0.211565,8
1e79a5d3287cd553,16,0.141667,0,0,0,8,1,3,2.125,0.234375,0,0.0,0.091275,8
2e9f98a96a56897d,16,0.15,0,0,0,6,1,3,2.25,0.3125,0,0.0,0.222984,8
3c1c60d73af5c2f2,16,0.158333,0,0,1,7,1,4,2.375,0.609375,0,0.09375,0.196435,8
6f3bef9701ab212b,16,0.141667,1,0,0,6,1,3,2.125,0.234375,0,0.0,0.267949,8
92b5a590161731e7,16,0.15,0,0,0,6,1,4,2.25,0.4375,0,0.0,0.209984,8
2a7096b1fe887bea,16,0.158333,0,0,0,6,1,3,2.375,0.359375,0,0.0,0.215819,8
3a475fbd6720a50c,16,0.141667,0,0,1,12,1,3,2.125,0.359375,0,0.104167,0.059353,8
bc827c81244159f3,16,0.15,0,0,0,7,1,4,2.25,0.5625,0,0.0,0.184603,8
a4441e90311fcfed,16,0.158333,0,0,1,10,1,3,2.375,0.359375,0,0.0625,0.081086,8
53d41132245ee31d,16,0.15,0,0,0,7,1,4,2.25,0.5625,0,0.0,0.156364,8
3d0a5e19ac80635a,16,0.158333,0,0,0,6,1,4,2.375,0.734375,0,0.0,0.285486,8
b41e991b3c2e5646,16,0.141667,0,0,1,11,1,3,2.125,0.359375,0,0.104167,0.065263,8
ead2e9843607fbd6,16,0.15,1,0,0,8,1,3,2.25,0.4375,0,0.0,0.15613,8
a730d3e36d3bd87d,16,0.158333,0,0,2,9,1,4,2.375,0.609375,0,0.15625,0.109377,8
c55df85bfd1683eb,16,0.141667,0,0,1,12,1,3,2.125,0.234375,0,0.145833,0.044526,8
7714b2d0ae0a9b5d,16,0.15,1,0,0,10,1,4,2.25,0.5625,0,0.0,0.065073,8
1160c4488f6ceb59,16,0.158333,0,0,2,9,2,3,2.375,0.234375,0,0.125,0.086251,8
417625ac07df5e63,16,0.141667,1,0,0,9,1,3,2.125,0.234375,0,0.0,0.139446,8
cd95fe0096be86de,16,0.15,1,0,0,8,1,3,2.25,0.4375,0,0.0,0.121531,8
4312b4327a0aba9b,16,0.158333,0,0,0,7,1,5,2.375,0.734375,0,0.0,0.167426,8
eb9760ec2da95e16,16,0.141667,0,0,0,8,1,4,2.125,0.359375,0,0.0,0.115388,8
aaa4e63264ddf47f,16,0.15,0,0,0,9,1,4,2.25,0.4375,0,0.0,0.114298,8
87acabf5c7bd79f4,16,0.158333,0,0,0,7,1,3,2.375,0.359375,0,0.0,0.14798,8
f148a867b37d1198,16,0.141667,1,0,0,8,1,3,2.125,0.234375,0,0.0,0.116995,8
f0aa5457792d4be2,16,0.15,0,0,2,8,1,4,2.25,0.5625,0,0.197917,0.12276,8
01f1a7ed7254c9fe,16,0.158333,0,0,0,8,1,4,2.375,0.734375,0,0.0,0.155193,8
7ff697aba8c929a5,16,0.141667,0,0,0,7,1,4,2.125,0.484375,0,0.0,0.13158,8
a356a0a4b445af89,16,0.15,0,0,1,8,1,5,2.25,0.8125,0,0.047917,0.091036,8
7a7b518cb8623a7e,16,0.158333,0,0,1,8,1,4,2.375,0.484375,0,0.052083,0.11734,8
497d9cf30e411ff2,16,0.141667,0,0,0,12,1,3,2.125,0.234375,0,0.0,0.04427,8
38d3c5286265b104,16,0.15,0,0,0,7,2,3,2.25,0.1875,0,0.0,0.21358,8
bb5ef135753fb53d,16,0.158333,0,0,1,6,2,3,2.375,0.234375,0,0.0625,0.217147,8
021e8362993fdc79,16,0.15,0,0,0,7,1,4,2.25,0.4375,0,0.0,0.177683,8
85c4e45c098883fd,16,0.158333,0,0,2,9,1,4,2.375,0.734375,0,0.135417,0.082155,8
fbbec06265deeb36,16,0.15,0,0,1,12,1,4,2.25,0.4375,0,0.052083,0.044289,8
462c25c025f5b9ff,16,0.158333,0,0,0,6,1,4,2.375,0.609375,0,0.0,0.264607,8
c662db200a486e44,16,0.141667,0,0,0,7,1,3,2.125,0.234375,0,0.0,0.209659,8
753f710e9224c308,16,0.15,0,0,0,7,1,3,2.25,0.4375,0,0.0,0.121725,8
8ca373a8a90f2064,16,0.158333,0,0,1,7,1,4,2.375,0.734375,0,0.041667,0.169382,8
ed3bfd0d76c43419,16,0.141667,0,0,0,10,1,3,2.125,0.359375,0,0.0,0.069001,8
45042700d73142b7,16,0.15,0,0,0,7,1,4,2.25,0.4375,0,0.0,0.187047,8
2f040fb6ef451200,16,0.158333,0,0,1,7,1,4,2.375,0.484375,0,0.104167,0.139521,8
f53ed48deb74fa15,16,0.15,0,0,0,8,1,4,2.25,0.4375,0,0.0,0.160425,8
a3da4b0878d89e3a,16,0.158333,0,0,2,9,1,4,2.375,0.859375,0,0.1875,0.093945,8
b9f284fdb6f0681b,16,0.141667,0,0,1,9,1,3,2.125,0.359375,0,0.104167,0.088579,8
88dee1c4fea27a0a,16,0.15,0,0,0,8,1,3,2.25,0.3125,0,0.0,0.151353,8
2269765c9c3cccd0,16,0.158333,0,0,0,6,1,3,2.375,0.359375,0,0.0,0.302714,8
3c86f66958f0e14f,16,0.141667,1,0,0,9,1,3,2.125,0.234375,0,0.0,0.08869,8
e7c1d64b09c85229,16,0.15,0,0,0,6,1,3,2.25,0.3125,0,0.0,0.264691,8
6897129eb25c3e04,16,0.158333,0,0,1,7,2,4,2.375,0.359375,0,0.09375,0.16114,8
8228e8f7902513a7,16,0.141667,1,0,0,9,1,3,2.125,0.359375,0,0.0,0.111692,8
9e7ac920cc5403a3,16,0.15,0,0,0,8,1,4,2.25,0.5625,0,0.0,0.090719,8
b000e9a22ca25806,16,0.158333,0,0,2,6,2,4,2.375,0.359375,0,0.145833,0.226569,8
23e13a8d6e1de092,16,0.141667,1,0,0,11,1,3,2.125,0.359375,0,0.0,0.07053,8
7aae82f784686bd3,16,0.15,1,0,0,7,1,4,2.25,0.5625,0,0.0,0.18917,8
109ee1be6cd5bda9,16,0.158333,0,0,2,6,1,3,2.375,0.359375,0,0.166667,0.222681,8
47832eaf9d220ed2,16,0.141667,0,0,0,8,1,4,2.125,0.484375,0,0.0,0.113679,8
7eaeda18dcdddeb7,16,0.15,0,0,1,7,1,4,2.25,0.5625,0,0.104167,0.197079,8
bf4136af2339edfd,16,0.158333,0,0,1,7,1,3,2.375,0.359375,0,0.0625,0.241859,8
f6ca933cc5ab0ce1,16,0.141667,0,0,0,8,1,3,2.125,0.359375,0,0.0,0.153886,8
85cf7814ed7ab608,16,0.15,0,0,1,7,1,4,2.25,0.4375,0,0.104167,0.199512,8
dc28a70f8177671f,16,0.158333,0,0,1,5,1,4,2.375,0.484375,0,0.09375,0.264585,8
0617be1fc4ee153f,16,0.141667,0,0,1,7,1,3,2.125,0.234375,0,0.145833,0.152241,8
8ba5ed3a69e02138,16,0.15,0,0,0,11,1,4,2.25,0.4375,0,0.0,0.060361,8
a10291ce7f7c1261,16,0.158333,0,0,0,7,1,4,2.375,0.484375,0,0.0,0.167408,8
bebd379f06e8d35b,16,0.141667,0,0,1,9,1,4,2.125,0.484375,0,0.052083,0.092285,8
3db80d8ae1932c26,16,0.15,0,0,0,6,1,3,2.25,0.4375,0,0.0,0.232671,8
ceb5a224c0d714a9,16,0.158333,0,0,0,10,1,4,2.375,0.484375,0,0.0,0.072284,8
26297e7af1b8eabc,16,0.141667,0,0,1,11,1,3,2.125,0.359375,0,0.104167,0.058582,8
6ea2f758157e4600,16,0.15,0,0,0,7,1,4,2.25,0.4375,0,0.0,0.180223,8
752f737c11c72c38,16,0.158333,0,0,0,6,1,3,2.375,0.359375,0,0.0,0.245527,8
d11454cf3609254c,16,0.141667,0,0,0,7,1,3,2.125,0.359375,0,0.0,0.206097,8
5a2690b635cf80e7,16,0.15,0,0,0,10,1,3,2.25,0.3125,0,0.0,0.07228,8
dd5cc0f8d100399d,16,0.158333,0,0,1,7,1,4,2.375,0.609375,0,0.09375,0.215357,8
4172a1c68e108465,16,0.141667,0,0,0,9,1,4,2.125,0.484375,0,0.0,0.100083,8
6186c1677ed82bd1,16,0.15,0,0,1,10,1,3,2.25,0.3125,0,0.104167,0.069324,8
711bb2e9ed3e0b33,16,0.158333,0,0,1,6,1,4,2.375,0.484375,0,0.104167,0.243896,8
21422d955ed77287,16,0.141667,0,0,1,11,1,3,2.125,0.234375,0,0.104167,0.057677,8
74e8796f5aeb93ce,16,0.15,0,0,0,6,1,4,2.25,0.5625,0,0.0,0.249187,8
79040cc5f861e970,16,0.158333,0,0,1,8,1,4,2.375,0.484375,0,0.0625,0.145363,8
5b5276578aeb3ced,16,0.141667,0,0,0,10,1,3,2.125,0.359375,0,0.0,0.06596,8
75a826988050a699,16,0.15,0,0,0,10,1,3,2.25,0.4375,0,0.0,0.092928,8
fd1091168de73809,16,0.158333,0,0,0,5,1,4,2.375,0.609375,0,0.0,0.337008,8
e97693cdba042d17,16,0.141667,1,0,0,8,1,3,2.125,0.359375,0,0.0,0.147511,8
f69fdccb91b86e5a,16,0.15,0,0,1,8,1,3,2.25,0.4375,0,0.104167,0.150188,8
46e7a3b4bb3f535d,16,0.158333,0,0,1,8,1,4,2.375,0.484375,0,0.09375,0.10815,8
9262c65fff5707bc,16,0.141667,0,0,0,9,1,3,2.125,0.359375,0,0.0,0.105991,8
fff8fdb9a7afac19,16,0.15,0,0,1,9,1,3,2.25,0.4375,0,0.0625,0.084579,8
4cd89c6252573d9b,16,0.158333,0,0,2,7,2,4,2.375,0.359375,0,0.239583,0.161556,8
023bb0a94dbcbc3f,16,0.141667,1,0,0,10,1,3,2.125,0.359375,0,0.0,0.073443,8
b87eff6b2f7987d5,16,0.15,0,0,2,10,1,3,2.25,0.3125,0,0.166667,0.073319,8
21c51f4e0810188a,16,0.158333,1,0,0,7,1,5,2.375,0.734375,0,0.0,0.189855,8
254ca3fb1dfe84ac,16,0.141667,0,0,1,9,1,3,2.125,0.359375,0,0.104167,0.094336,8
63a0f1b23e1981c7,16,0.15,0,0,0,7,1,3,2.25,0.4375,0,0.0,0.223371,8
c61ea021d6931ceb,16,0.158333,0,0,2,7,1,4,2.375,0.609375,0,0.1875,0.165184,8
70e7c7812b5f9a4c,16,0.141667,0,0,1,10,1,3,2.125,0.359375,0,0.104167,0.064114,8
76da8e6e60d2b052,16,0.15,0,0,1,9,1,5,2.25,0.6875,0,0.047917,0.079978,8
3aa239b51b99a5d0,16,0.158333,0,0,2,7,2,4,2.375,0.359375,0,0.197917,0.1769,8
3a0b646548f322da,16,0.141667,0,0,0,8,1,3,2.125,0.359375,0,0.0,0.14824,8
c573e1edad92a7df,16,0.15,0,0,1,7,1,3,2.25,0.4375,0,0.0625,0.180205,8
914a312499b4b474,16,0.158333,0,0,0,8,1,3,2.375,0.359375,0,0.0,0.088906,8
629b6564fce9c255,16,0.141667,0,0,0,7,1,3,2.125,0.234375,0,0.0,0.155271,8
949260084bfab558,16,0.15,0,0,1,8,1,4,2.25,0.5625,0,0.052083,0.109537,8
04fe3e3580509989,16,0.158333,0,0,1,6,1,4,2.375,0.609375,0,0.041667,0.278452,8
1bf0b1b16893a8da,16,0.141667,1,0,0,9,1,3,2.125,0.359375,0,0.0,0.096153,8
88fa1ee90e15a189,16,0.15,0,0,0,8,1,4,2.25,0.5625,0,0.0,0.114701,8
4386ac01d5d288e7,16,0.158333,0,0,1,8,1,4,2.375,0.484375,0,0.052083,0.070928,8
222a6c839ee5b398,16,0.133333,0,0,0,12,1,3,2.0,0.25,0,0.0,0.047785,8
1386753e12590da6,16,0.141667,0,0,0,8,1,3,2.125,0.359375,0,0.0,0.134239,8
f9b9911c137ff93f,16,0.15,0,0,1,11,1,4,2.25,0.4375,0,0.09375,0.059217,8
195be0bb15ef2b7f,16,0.158333,0,0,2,10,1,4,2.375,0.609375,0,0.09375,0.092635,8
e75b9b825c96db7e,16,0.141667,0,0,0,10,1,3,2.125,0.359375,0,0.0,0.088068,8
ecb1cedc08d12ad8,16,0.15,0,0,0,8,1,3,2.25,0.3125,0,0.0,0.121034,8
6e7c9c258d6942c4,16,0.158333,0,0,0,5,1,4,2.375,0.609375,0,0.0,0.372663,8
d494240770e7b929,16,0.141667,0,0,1,11,1,3,2.125,0.359375,0,0.104167,0.071117,8
14d4980e7087e9bf,16,0.15,0,0,0,7,1,3,2.25,0.3125,0,0.0,0.179461,8
173329d64e0f9341,16,0.158333,0,0,0,7,1,4,2.375,0.609375,0,0.0,0.232289,8
db925673f2ca4187,16,0.141667,1,0,0,8,1,3,2.125,0.359375,0,0.0,0.113041,8
fb2e6b680eb8b316,16,0.15,0,0,0,7,2,4,2.25,0.3125,0,0.0,0.176571,8
bceb267a36a4d1f8,16,0.158333,1,0,0,8,1,3,2.375,0.359375,0,0.0,0.17071,8
5f30c87dfa5383bf,16,0.141667,0,0,0,12,1,3,2.125,0.234375,0,0.0,0.047768,8
0fc1497f72499ae2,16,0.15,0,0,0,6,1,3,2.25,0.3125,0,0.0,0.243964,8
79a08a42d6281530,16,0.158333,0,0,0,6,1,4,2.375,0.609375,0,0.0,0.234674,8
0da35285da8f7b91,16,0.141667,0,0,0,7,1,3,2.125,0.234375,0,0.0,0.155458,8
5ea5a9096b99b477,16,0.15,0,0,1,7,1,3,2.25,0.3125,0,0.0625,0.176804,8
5f3f407c50a666cd,16,0.158333,0,0,1,7,1,3,2.375,0.359375,0,0.104167,0.202941,8
b23958682ea59663,16,0.141667,0,0,0,7,1,3,2.125,0.234375,0,0.0,0.169912,8
2c4d611567586861,16,0.15,0,0,0,8,1,3,2.25,0.3125,0,0.0,0.128276,8
57ffb441f1a889a1,16,0.158333,0,0,1,8,1,4,2.375,0.859375,0,0.03125,0.166977,8
f6ea08af404635db,16,0.141667,0,0,0,9,1,3,2.125,0.234375,0,0.0,0.137933,8
09fdedd4c95f308c,16,0.15,0,0,1,10,1,3,2.25,0.3125,0,0.0625,0.070034,8
0a4c8d568fdf1f61,16,0.158333,0,0,2,7,1,4,2.375,0.609375,0,0.104167,0.231256,8
abb3741acbdd149a,16,0.141667,0,0,0,7,1,4,2.125,0.484375,0,0.0,0.152786,8
6b02b608ba43a88f,16,0.15,0,0,0,6,1,4,2.25,0.4375,0,0.0,0.183131,8
f694fce214e30d0a,16,0.158333,0,0,0,6,1,4,2.375,0.484375,0,0.0,0.253447,8
08d5330d5cbf2bf3,16,0.141667,0,0,0,7,1,4,2.125,0.484375,0,0.0,0.131241,8
20bf4cf054cbc2fc,16,0.15,0,0,0,6,1,3,2.25,0.4375,0,0.0,0.258944,8
5654a449abb7c21b,16,0.158333,0,0,2,8,1,4,2.375,0.609375,0,0.15625,0.070287,8
5bd644ad662fe390,16,0.141667,1,0,0,9,1,3,2.125,0.359375,0,0.0,0.081525,8
09ed3055fbb003d5,16,0.15,0,0,0,7,1,4,2.25,0.4375,0,0.0,0.149962,8
98609528a8c1260e,16,0.158333,0,0,1,8,1,4,2.375,0.734375,0,0.041667,0.116454,8
725b3aecaabb272c,16,0.141667,0,0,1,8,1,3,2.125,0.359375,0,0.104167,0.152241,8
9b07e67dc3878db8,16,0.15,0,0,0,6,1,4,2.25,0.5625,0,0.0,0.174406,8
7b9e2d7838ad07be,16,0.158333,0,0,2,7,1,4,2.375,0.484375,0,0.15625,0.174307,8
de450f05b0a1ff4c,16,0.141667,0,0,0,7,1,3,2.125,0.234375,0,0.0,0.164071,8
5a47138d4a8f16d3,16,0.15,0,0,0,6,1,4,2.25,0.5625,0,0.0,0.258304,8
5e308e5e190972c2,16,0.158333,0,0,1,7,1,3,2.375,0.359375,0,0.104167,0.181283,8
f8d17d76fa7bdc78,16,0.141667,0,0,0,7,1,3,2.125,0.359375,0,0.0,0.208315,8
c9d4d0ce7ec33e12,16,0.15,0,0,1,7,1,3,2.25,0.4375,0,0.0625,0.221733,8
dca147154b76ac2e,16,0.158333,0,0,1,8,1,3,2.375,0.359375,0,0.104167,0.103524,8
733530fec54bf1a1,16,0.141667,0,0,0,6,1,4,2.125,0.484375,0,0.0,0.212296,8
b5fab576eff3b30f,16,0.15,0,0,1,9,1,3,2.25,0.4375,0,0.104167,0.111388,8
7dfa6fffd27fe30c,16,0.158333,0,0,2,10,1,4,2.375,0.484375,0,0.239583,0.055499,8
b05a4ae3fe259394,16,0.141667,0,0,0,7,1,4,2.125,0.359375,0,0.0,0.142116,8
ec7a344a4fb644dd,16,0.15,0,0,0,7,1,4,2.25,0.5625,0,0.0,0.131852,8
64983a49e6fa4c29,16,0.158333,0,0,0,8,1,4,2.375,0.609375,0,0.0,0.160019,8
d728267dcce391ec,16,0.15,0,0,0,8,1,3,2.25,0.3125,0,0.0,0.112897,8
4e73207e0130f925,16,0.158333,0,0,2,6,2,3,2.375,0.234375,0,0.208333,0.192735,8
f8d1ff799672a34c,16,0.141667,1,0,0,9,1,4,2.125,0.484375,0,0.0,0.131073,8
6c6094698150493e,16,0.15,1,0,0,9,1,3,2.25,0.3125,0,0.0,0.071143,8
4c8cb7488a69e464,16,0.158333,0,0,0,5,1,4,2.375,0.609375,0,0.0,0.316272,8
7a58f509dcfbda1d,16,0.141667,0,0,0,9,2,3,2.125,0.109375,0,0.0,0.07983,8
ff106f44571f5f1e,16,0.15,0,0,0,9,1,4,2.25,0.4375,0,0.0,0.07287,8
9a71400c2b47d0cd,16,0.158333,0,0,1,6,1,4,2.375,0.609375,0,0.041667,0.284643,8
93a29c28fddf22a8,16,0.141667,1,0,0,9,1,3,2.125,0.359375,0,0.0,0.073836,8
36d45ba452406e41,16,0.15,0,0,1,9,1,3,2.25,0.3125,0,0.104167,0.088969,8
71318918a8c5d92a,16,0.158333,0,0,1,6,1,3,2.375,0.359375,0,0.104167,0.181447,8
e44e263f4b872fc3,16,0.141667,1,0,0,9,1,3,2.125,0.234375,0,0.0,0.139176,8
d48c7e760890647f,16,0.15,0,0,1,8,1,3,2.25,0.3125,0,0.104167,0.172529,8
cecac69739736ddc,16,0.158333,0,0,1,8,2,4,2.375,0.359375,0,0.0625,0.080145,8
4d322c9c7ae24942,16,0.141667,1,0,0,11,1,3,2.125,0.234375,0,0.0,0.051071,8
1b8df4f6548630ea,16,0.15,0,0,1,6,1,5,2.25,0.8125,0,0.089583,0.195376,8
8c128d4a40030ab1,16,0.158333,0,0,1,6,1,4,2.375,0.484375,0,0.052083,0.241426,8
1ae3107520fd2ed1,16,0.141667,0,0,1,12,1,3,2.125,0.234375,0,0.145833,0.042231,8
8d5b25b6329239d6,16,0.15,0,0,0,8,2,3,2.25,0.1875,0,0.0,0.153841,8
f4159cb21884197b,16,0.158333,0,0,1,7,1,4,2.375,0.609375,0,0.052083,0.170465,8
faa9e49f2559afec,16,0.141667,0,0,1,11,1,3,2.125,0.234375,0,0.145833,0.061062,8
35e3b5ff139f3792,16,0.15,0,0,0,6,1,5,2.25,0.6875,0,0.0,0.229621,8
b8964b7bff9d753c,16,0.158333,0,0,0,5,1,5,2.375,0.734375,0,0.0,0.223296,8
93040aba3f285a1b,16,0.141667,0,0,0,10,1,3,2.125,0.234375,0,0.0,0.097887,8
0e234fcc6af49957,16,0.15,0,0,1,9,1,3,2.25,0.4375,0,0.0625,0.081691,8
6370c5c4b2487d56,16,0.158333,0,0,0,6,1,3,2.375,0.359375,0,0.0,0.231737,8
2742cd5836c0cfc5,16,0.15,0,0,0,10,1,3,2.25,0.3125,0,0.0,0.054548,8
8d7afadc210b24cd,16,0.158333,0,0,0,5,1,4,2.375,0.609375,0,0.0,0.367899,8
ab6544ac36c321bb,16,0.15,0,0,1,6,1,3,2.25,0.3125,0,0.104167,0.216349,8
39877a47aabc785f,16,0.158333,0,0,1,9,1,4,2.375,0.609375,0,0.052083,0.110811,8
ca79932165b455e5,16,0.15,0,0,0,6,1,3,2.25,0.3125,0,0.0,0.205577,8
953f8b3cb091dcd8,16,0.158333,0,0,0,6,2,4,2.375,0.359375,0,0.0,0.275558,8
81bcc38a48e3e8c1,16,0.141667,1,0,0,9,1,3,2.125,0.359375,0,0.0,0.128878,8
c9bef9f8a5befc8b,16,0.15,0,0,1,7,1,3,2.25,0.3125,0,0.104167,0.225131,8
8500d1a143bce5c6,16,0.158333,0,0,0,7,1,3,2.375,0.359375,0,0.0,0.257377,8
96840c563cb7b8fd,16,0.141667,0,0,1,12,1,3,2.125,0.234375,0,0.104167,0.044774,8
ac4e4fc90a45edce,16,0.15,0,0,0,6,1,3,2.25,0.3125,0,0.0,0.22657,8
410e40ee9bf6022b,16,0.158333,0,0,0,7,1,4,2.375,0.609375,0,0.0,0.187505,8
a28a99aa94c5f76c,16,0.141667,1,0,0,9,1,3,2.125,0.234375,0,0.0,0.111386,8
d20c363fd423afc0,16,0.15,1,0,0,7,1,3,2.25,0.4375,0,0.0,0.224974,8
55f96c87ac8f3ca0,16,0.158333,0,0,2,9,1,4,2.375,0.609375,0,0.145833,0.131134,8
fdce070d9cb85ec5,16,0.141667,0,0,0,7,1,3,2.125,0.359375,0,0.0,0.152874,8
ef87c429387e48db,16,0.15,0,0,1,9,1,4,2.25,0.4375,0,0.09375,0.074296,8
02a370ceab7d0498,16,0.158333,0,0,2,7,1,4,2.375,0.609375,0,0.1875,0.086078,8
e197b1b60989339e,16,0.141667,0,0,0,7,1,3,2.125,0.234375,0,0.0,0.172446,8
c9c4d244a0caaa59,16,0.15,0,0,0,6,1,4,2.25,0.4375,0,0.0,0.256735,8
f3adbae47ab1e08c,16,0.158333,0,0,1,7,1,4,2.375,0.734375,0,0.052083,0.160338,8
d5499f78171d7d6a,16,0.141667,0,0,1,11,1,3,2.125,0.359375,0,0.104167,0.063643,8
b0cd8d32fc142505,16,0.15,0,0,0,8,1,3,2.25,0.3125,0,0.0,0.093569,8
ef0a3fe3a8116add,16,0.158333,0,0,0,6,1,4,2.375,0.484375,0,0.0,0.28265,8
9bbec2cff25c0fe6,16,0.141667,0,0,0,8,1,3,2.125,0.359375,0,0.0,0.152241,8
b18238eef756693d,16,0.15,0,0,0,6,1,3,2.25,0.4375,0,0.0,0.221532,8
9e732d6428061d82,16,0.158333,0,0,0,6,2,3,2.375,0.234375,0,0.0,0.250699,8
8b5e463251911d55,16,0.141667,0,0,0,6,1,3,2.125,0.359375,0,0.0,0.203837,8
58e6b28fa90760de,16,0.15,0,0,2,11,1,3,2.25,0.3125,0,0.208333,0.057782,8
68b590a7b76c828a,16,0.158333,0,0,3,7,1,3,2.375,0.359375,0,0.3125,0.179834,8
03df946929c99e9f,16,0.141667,0,0,0,9,1,3,2.125,0.359375,0,0.0,0.105342,8
6d9d73f334a90a6e,16,0.15,0,0,0,6,1,4,2.25,0.6875,0,0.0,0.191284,8
5d5b9d9c18557809,16,0.158333,0,0,0,8,1,4,2.375,0.484375,0,0.0,0.120816,8
dc23e467869c2e60,16,0.141667,0,0,0,10,1,3,2.125,0.234375,0,0.0,0.072412,8
54c1f2f00bd33f60,16,0.15,0,0,0,9,1,3,2.25,0.4375,0,0.0,0.072569,8
a77a9463663e4ae9,16,0.158333,0,0,0,7,1,3,2.375,0.359375,0,0.0,0.154549,8
325f7751f40c71e3,16,0.141667,1,0,0,9,1,3,2.125,0.359375,0,0.0,0.100878,8
8525fa3a3f58fc26,16,0.15,0,0,1,9,1,4,2.25,0.4375,0,0.09375,0.084667,8
7ed86e8299351997,16,0.158333,0,0,1,7,1,4,2.375,0.484375,0,0.052083,0.125705,8
0fe820f589f7c747,16,0.141667,0,0,1,11,1,3,2.125,0.359375,0,0.104167,0.05828,8
4b4fd8f8f45e5105,16,0.15,0,0,1,9,1,4,2.25,0.5625,0,0.09375,0.106772,8
dce260241e263bfd,16,0.158333,0,0,0,6,1,3,2.375,0.359375,0,0.0,0.23903,8
f53ba7688bd70dd3,16,0.141667,0,0,0,8,1,3,2.125,0.359375,0,0.0,0.14408,8
696bda6c5309f532,16,0.15,0,0,0,9,1,3,2.25,0.3125,0,0.0,0.060523,8
952767be2a76325a,16,0.158333,0,0,2,10,1,4,2.375,0.734375,0,0.09375,0.076585,8
10ecc171f2f83b0d,16,0.15,0,0,1,10,1,4,2.25,0.5625,0,0.052083,0.07151,8
fcefd85110b0f5b8,16,0.158333,0,0,0,7,1,4,2.375,0.609375,0,0.0,0.168317,8
d2043070dd71582c,16,0.141667,0,0,0,8,1,3,2.125,0.234375,0,0.0,0.109654,8
d7669534a1b70d85,16,0.15,0,0,2,7,2,3,2.25,0.1875,0,0.208333,0.160401,8
6fa73c98888c78d9,16,0.158333,0,0,1,7,1,4,2.375,0.609375,0,0.09375,0.167071,8
709fadf585caf958,16,0.141667,1,0,0,10,1,3,2.125,0.234375,0,0.0,0.071853,8
a5d01f4281b84c96,16,0.15,1,0,0,7,1,3,2.25,0.3125,0,0.0,0.189692,8
3e4ca40197ff2bfd,16,0.158333,0,0,0,6,1,5,2.375,0.734375,0,0.0,0.22653,8
3b5615167a84be02,16,0.15,0,0,2,10,1,4,2.25,0.5625,0,0.104167,0.086693,8
050fbf595672c7ed,16,0.158333,0,0,1,7,1,4,2.375,0.484375,0,0.104167,0.20427,8
c7b2aa3e155e388a,16,0.15,0,0,0,7,1,3,2.25,0.3125,0,0.0,0.179506,8
34f1ccc6bfefe0dc,16,0.158333,0,0,2,9,1,3,2.375,0.359375,0,0.208333,0.111333,8
4d5b3aec4f5cd348,16,0.141667,0,0,0,7,1,4,2.125,0.484375,0,0.0,0.165874,8
444a8f0500f5e83d,16,0.15,0,0,0,6,1,3,2.25,0.4375,0,0.0,0.23364,8
79806210c3abae71,16,0.158333,0,0,0,6,1,3,2.375,0.359375,0,0.0,0.269884,8
5e410b9bd21194e4,16,0.15,0,0,0,6,1,3,2.25,0.3125,0,0.0,0.261706,8
a3859889ac12e02a,16,0.158333,0,0,0,7,1,3,2.375,0.484375,0,0.0,0.246342,8
f4745b539cff5504,16,0.141667,0,0,1,13,1,3,2.125,0.234375,0,0.104167,0.042747,8
2e4448272af6d2f0,16,0.15,0,0,1,8,2,3,2.25,0.1875,0,0.145833,0.128052,8
cac00a21b5553695,16,0.158333,0,0,1,6,1,3,2.375,0.484375,0,0.104167,0.201409,8
a640b436acbf0b62,16,0.141667,0,0,1,13,1,3,2.125,0.359375,0,0.0625,0.043902,8
9522547e70655705,16,0.15,0,0,0,7,1,3,2.25,0.3125,0,0.0,0.15579,8
b01105dce0dcabe9,16,0.158333,0,0,0,8,1,4,2.375,0.609375,0,0.0,0.1159,8
9842de04300d9142,16,0.141667,0,0,2,13,1,4,2.125,0.484375,0,0.145833,0.044371,8
18ed57ae7a3fa3e7,16,0.15,0,0,0,6,1,4,2.25,0.5625,0,0.0,0.296092,8
871980d203b85f82,16,0.158333,0,0,1,5,2,3,2.375,0.234375,0,0.104167,0.275514,8
261ae4bfb211c2c6,16,0.15,0,0,2,9,1,4,2.25,0.4375,0,0.197917,0.107253,8
93648a8085608aaf,16,0.158333,0,0,0,6,1,4,2.375,0.484375,0,0.0,0.25027,8
d4a846ac1fb97614,16,0.141667,0,0,0,7,1,3,2.125,0.359375,0,0.0,0.151899,8
26a04e566223f881,16,0.15,0,0,0,7,2,3,2.25,0.1875,0,0.0,0.185077,8
f2912db7caa9d63c,16,0.158333,0,0,2,6,1,3,2.375,0.359375,0,0.208333,0.204439,8
301ed2696a999d83,16,0.141667,0,0,0,9,1,3,2.125,0.359375,0,0.0,0.053724,8
66366a4982a3dbe4,16,0.15,0,0,0,7,1,4,2.25,0.4375,0,0.0,0.199554,8
4bbd3d4249193c05,16,0.158333,0,0,0,8,2,4,2.375,0.484375,0,0.0,0.174092,8
b878ddb0aedb90b3,16,0.141667,0,0,0,9,1,3,2.125,0.234375,0,0.0,0.088606,8
a789dbecd43178eb,16,0.15,0,0,0,8,1,4,2.25,0.5625,0,0.0,0.152854,8
d7030717423ffc7a,16,0.158333,0,0,0,9,1,4,2.375,0.484375,0,0.0,0.089232,8
73138f24efc40cdd,16,0.141667,0,0,1,9,1,3,2.125,0.234375,0,0.104167,0.100956,8
e9891369bb77091f,16,0.15,0,0,0,6,1,4,2.25,0.4375,0,0.0,0.223439,8
58fd27f2c0201fc7,16,0.158333,0,0,0,6,1,4,2.375,0.734375,0,0.0,0.221888,8
2537508c53b5c479,16,0.141667,0,0,0,7,1,3,2.125,0.359375,0,0.0,0.181672,8
007f88120c5cdd9a,16,0.15,0,0,1,9,1,4,2.25,0.4375,0,0.052083,0.073012,8
987cea405aff98a1,16,0.158333,0,0,1,7,2,4,2.375,0.484375,0,0.041667,0.188756,8
29a629ab959ba2f2,16,0.141667,0,0,0,9,1,3,2.125,0.359375,0,0.0,0.089701,8
af3eed68d14140e2,16,0.15,1,0,0,7,1,4,2.25,0.4375,0,0.0,0.166113,8
6016ef34f164394f,16,0.158333,0,0,0,6,2,4,2.375,0.359375,0,0.0,0.252734,8
55cdbc99842231ea,16,0.141667,1,0,0,11,1,3,2.125,0.234375,0,0.0,0.06095,8
d5577a63690f3567,16,0.15,0,0,0,7,1,3,2.25,0.4375,0,0.0,0.206187,8
f0d7c3a501aa539e,16,0.158333,0,0,3,10,1,4,2.375,0.734375,0,0.1875,0.071032,8
1c66abd30144acdd,16,0.141667,0,0,0,8,1,3,2.125,0.359375,0,0.0,0.154335,8
99a6629161297cdc,16,0.15,0,0,0,7,1,4,2.25,0.4375,0,0.0,0.157161,8
ee2351484967c768,16,0.158333,0,0,1,6,1,4,2.375,0.484375,0,0.052083,0.275916,8
2e69446fcd9f2b03,16,0.141667,0,0,1,10,1,4,2.125,0.484375,0,0.09375,0.063295,8
6e38956882b1ee1f,16,0.15,0,0,0,7,1,4,2.25,0.4375,0,0.0,0.183646,8
051a0db0154f0ab1,16,0.158333,0,0,0,6,1,4,2.375,0.484375,0,0.0,0.195889,8
e7768a080545e393,16,0.141667,0,0,1,12,1,3,2.125,0.359375,0,0.104167,0.05408,8
23785246d1963ed8,16,0.15,0,0,0,7,1,4,2.25,0.4375,0,0.0,0.158175,8
d22318d3ccf050ad,16,0.158333,0,0,1,6,1,3,2.375,0.359375,0,0.104167,0.214369,8
f23a2be25ca9b8c1,16,0.141667,0,0,1,11,1,4,2.125,0.359375,0,0.09375,0.066674,8
302a8cac3792f909,16,0.15,0,0,1,8,1,4,2.25,0.4375,0,0.052083,0.141734,8
503bd6bf08c5fd6b,16,0.158333,0,0,0,7,1,3,2.375,0.484375,0,0.0,0.239981,8
671a15c05a127c85,16,0.141667,1,0,0,9,1,4,2.125,0.484375,0,0.0,0.090546,8
4def9042a7a075fa,16,0.15,1,0,0,9,1,3,2.25,0.4375,0,0.0,0.106258,8
558e5ba82ffee3d8,16,0.158333,0,0,2,7,1,3,2.375,0.359375,0,0.125,0.180186,8
f9384c645e41a91c,16,0.141667,0,0,0,9,1,3,2.125,0.234375,0,0.0,0.120615,8
30580fdf754dacec,16,0.15,0,0,0,8,1,3,2.25,0.3125,0,0.0,0.144916,8
ae3e0729bcd74f59,16,0.158333,0,0,1,9,1,4,2.375,0.609375,0,0.09375,0.064803,8
e41e0e9dd523382c,16,0.15,0,0,1,8,1,4,2.25,0.5625,0,0.09375,0.092668,8
a8cb729cd2ef4a41,16,0.158333,0,0,2,10,1,4,2.375,0.484375,0,0.15625,0.057577,8
d164885fee003121,16,0.141667,0,0,0,8,1,3,2.125,0.359375,0,0.0,0.112979,8
839f7755fcb035d9,16,0.15,0,0,0,8,1,4,2.25,0.5625,0,0.0,0.131237,8
4071e9f9f76fccbd,16,0.158333,0,0,0,6,1,4,2.375,0.484375,0,0.0,0.185491,8
e52d492110d1525c,16,0.141667,0,0,0,7,1,3,2.125,0.234375,0,0.0,0.155763,8
a813519a5db2e35d,16,0.15,0,0,0,7,1,4,2.25,0.4375,0,0.0,0.152849,8
86f1ec30db689d55,16,0.158333,0,0,0,5,1,4,2.375,0.609375,0,0.0,0.33713,8
fcc276e9bd544c3a,16,0.15,0,0,0,8,1,3,2.25,0.3125,0,0.0,0.138767,8
babdba05a0a0caa3,16,0.158333,0,0,0,6,2,4,2.375,0.359375,0,0.0,0.263094,8
1f1e9e56b5165098,16,0.141667,0,0,0,7,1,3,2.125,0.359375,0,0.0,0.152241,8
c058ca12f282d570,16,0.15,1,0,0,8,1,4,2.25,0.5625,0,0.0,0.105129,8
edcd3571d52089aa,16,0.158333,0,0,1,7,1,4,2.375,0.609375,0,0.041667,0.174307,8
10aa281ea693d865,16,0.141667,1,0,0,11,1,3,2.125,0.234375,0,0.0,0.048898,8
1e28618ebe05eddd,16,0.15,0,0,1,7,1,4,2.25,0.4375,0,0.09375,0.201911,8
f957c47dff17ed64,16,0.158333,0,0,1,6,1,4,2.375,0.609375,0,0.052083,0.241573,8
5536ab70a56e9857,16,0.141667,0,0,0,8,1,3,2.125,0.359375,0,0.0,0.142064,8
586351edde236a3b,16,0.15,0,0,0,7,2,3,2.25,0.1875,0,0.0,0.20129,8
70004218226d3031,16,0.158333,0,0,1,6,1,4,2.375,0.609375,0,0.083333,0.202147,8
3263c2a199964c46,16,0.15,0,0,0,6,1,4,2.25,0.5625,0,0.0,0.224789,8
282aaaf6d1aa7652,16,0.158333,0,0,2,7,1,4,2.375,0.484375,0,0.104167,0.216344,8
a4fe1e0a58784bbc,16,0.141667,0,0,0,8,2,3,2.125,0.109375,0,0.0,0.152241,8
b95ecccdcd9120d4,16,0.15,0,0,0,10,1,3,2.25,0.3125,0,0.0,0.07087,8
9ac397d90054c9c2,16,0.158333,0,0,1,7,2,3,2.375,0.234375,0,0.0625,0.187453,8
3443090305e0f67b,16,0.141667,0,0,1,8,1,3,2.125,0.359375,0,0.0625,0.161696,8
54ff58b6ef90eb97,16,0.15,1,0,0,8,1,4,2.25,0.4375,0,0.0,0.145753,8
78b2ddb9ca97fbdd,16,0.158333,0,0,1,7,1,3,2.375,0.359375,0,0.0625,0.190922,8
6c08076c78790eb1,16,0.141667,0,0,0,11,1,3,2.125,0.359375,0,0.0,0.061254,8
00ab0279eb3d92f2,16,0.15,0,0,0,8,1,3,2.25,0.3125,0,0.0,0.160862,8
4a846fa5f7a32217,16,0.158333,0,0,0,6,1,3,2.375,0.359375,0,0.0,0.311239,8
f36a0fc02f66b54f,16,0.141667,0,0,0,8,1,3,2.125,0.359375,0,0.0,0.139032,8
319e31ae1e6235cc,16,0.15,0,0,0,6,2,4,2.25,0.3125,0,0.0,0.267069,8
2b33f6525227ffb7,16,0.158333,0,0,0,6,1,4,2.375,0.484375,0,0.0,0.238542,8
30cfa001f2e20670,16,0.141667,1,0,0,11,1,3,2.125,0.359375,0,0.0,0.055465,8
d0e531334438dece,16,0.15,0,0,0,8,2,4,2.25,0.3125,0,0.0,0.115933,8
da12d03e1bd1f548,16,0.158333,0,0,0,7,2,4,2.375,0.359375,0,0.0,0.184094,8
bcc68cbe9a8a0b6c,16,0.141667,1,0,0,9,1,3,2.125,0.359375,0,0.0,0.130121,8
2a5eba10e8635fa5,16,0.15,1,0,0,7,1,4,2.25,0.4375,0,0.0,0.207719,8
06b0ca84bf274bd5,16,0.158333,0,0,0,5,2,3,2.375,0.234375,0,0.0,0.381966,8
dfa22b517cbfe8fc,16,0.141667,0,0,0,8,1,4,2.125,0.484375,0,0.0,0.095836,8
ffe0b2474437b415,16,0.15,0,0,1,8,1,4,2.25,0.6875,0,0.09375,0.124454,8
cbdd0049c88429fe,16,0.158333,0,0,2,7,2,3,2.375,0.234375,0,0.125,0.173503,8
9981518bb9e5d9ca,16,0.141667,0,0,0,8,1,3,2.125,0.359375,0,0.0,0.153182,8
2f096d2a554287ea,16,0.15,0,0,1,9,1,4,2.25,0.5625,0,0.052083,0.068464,8
5294b2b4bf1870d0,16,0.158333,0,0,1,6,1,3,2.375,0.359375,0,0.104167,0.255561,8
257c534b64d6427e,16,0.141667,1,0,0,7,2,3,2.125,0.109375,0,0.0,0.166717,8
e9419df35cc6150e,16,0.15,0,0,0,8,1,3,2.25,0.4375,0,0.0,0.10586,8
d5627a96eb01eb31,16,0.158333,0,0,1,7,1,4,2.375,0.609375,0,0.09375,0.131378,8
28d9f48dfb877ec0,16,0.141667,0,0,1,11,1,3,2.125,0.234375,0,0.104167,0.05273,8
c0376ebbb9a02940,16,0.15,0,0,1,9,1,3,2.25,0.4375,0,0.104167,0.112497,8
d129c3b48eccabe4,16,0.158333,0,0,0,5,1,4,2.375,0.609375,0,0.0,0.294513,8
24f1e53453702d4f,16,0.141667,0,0,0,9,1,4,2.125,0.484375,0,0.0,0.089506,8
7da3f3adf0fb882d,16,0.15,0,0,0,7,1,4,2.25,0.4375,0,0.0,0.153669,8
a3e344418403b55c,16,0.158333,0,0,1,6,1,4,2.375,0.484375,0,0.052083,0.241331,8
f72f36a19ccdad41,16,0.15,0,0,0,10,1,3,2.25,0.3125,0,0.0,0.054277,8
fa0fd21c8cc86e1c,16,0.158333,0,0,1,7,1,5,2.375,0.734375,0,0.089583,0.16531,8
efd6f24dc52f4fa1,16,0.141667,0,0,0,6,1,3,2.125,0.359375,0,0.0,0.261074,8
0991d7c0d772d681,16,0.15,0,0,1,7,2,3,2.25,0.1875,0,0.104167,0.168642,8
875691b2737ddfc2,16,0.158333,0,0,1,7,1,4,2.375,0.609375,0,0.052083,0.155009,8
03d475d6ef09aa86,16,0.141667,0,0,1,10,1,3,2.125,0.234375,0,0.104167,0.064148,8
526bb77686a50d0c,16,0.15,0,0,0,7,1,3,2.25,0.4375,0,0.0,0.169708,8
4b8bb2c4a6669d86,16,0.158333,0,0,0,7,1,4,2.375,0.484375,0,0.0,0.238699,8
af4905f57974a8d0,16,0.141667,0,0,0,10,1,3,2.125,0.359375,0,0.0,0.10657,8
f39e16e17cd9a7c2,16,0.15,0,0,0,9,1,3,2.25,0.3125,0,0.0,0.110928,8
1775e17f33d2b089,16,0.158333,0,0,2,8,1,5,2.375,0.859375,0,0.1375,0.129106,8
ba887f52e7f70f64,16,0.141667,0,0,1,11,1,3,2.125,0.359375,0,0.104167,0.053488,8
96f56759885b5c6b,16,0.15,1,0,0,7,1,3,2.25,0.3125,0,0.0,0.217511,8
abf5841db9002885,16,0.158333,0,0,0,6,1,3,2.375,0.359375,0,0.0,0.292102,8
43aed3833bb01ccf,16,0.141667,0,0,0,9,1,3,2.125,0.359375,0,0.0,0.088676,8
944aa2f069f60e85,16,0.15,0,0,0,8,1,3,2.25,0.4375,0,0.0,0.160035,8
150fb6a8df54cc43,16,0.158333,0,0,0,5,1,4,2.375,0.484375,0,0.0,0.277915,8
6f43d11186d4a7fb,16,0.141667,1,0,0,10,1,3,2.125,0.359375,0,0.0,0.059287,8
8fe11ed77fe1e998,16,0.15,0,0,0,7,2,4,2.25,0.3125,0,0.0,0.164988,8
22159b39f783e374,16,0.158333,0,0,1,9,1,4,2.375,0.484375,0,0.09375,0.071318,8
1375ad7008569de8,16,0.141667,0,0,1,13,1,3,2.125,0.359375,0,0.0625,0.056181,8
9a51dadc9da9a775,16,0.15,0,0,1,7,1,4,2.25,0.4375,0,0.052083,0.156793,8
6c2f8b8d7d51cfdf,16,0.158333,0,0,3,7,1,4,2.375,0.609375,0,0.177083,0.201376,8
adb81f1cf22013ba,16,0.15,0,0,0,8,1,4,2.25,0.4375,0,0.0,0.170188,8
b880dfd2599502bd,16,0.158333,0,0,1,7,2,4,2.375,0.359375,0,0.09375,0.130729,8
5e9e417b9ddb314c,16,0.141667,1,0,0,9,1,3,2.125,0.234375,0,0.0,0.139831,8
3b0f101e023c9bef,16,0.15,0,0,0,6,1,4,2.25,0.5625,0,0.0,0.242038,8
c770823e2bb435af,16,0.158333,0,0,2,8,1,4,2.375,0.609375,0,0.135417,0.121538,8
345e48ef92a5e148,16,0.15,0,0,1,8,1,3,2.25,0.4375,0,0.104167,0.092005,8
3bff2d4462d32d6c,16,0.158333,0,0,0,6,2,4,2.375,0.359375,0,0.0,0.233097,8
6e64349972b5a3e7,16,0.15,0,0,0,7,1,4,2.25,0.5625,0,0.0,0.153182,8
99a4b2e72c39ac5d,16,0.158333,0,0,1,7,1,4,2.375,0.609375,0,0.09375,0.147047,8
a6a92326c8dee8fa,16,0.141667,1,0,0,8,1,3,2.125,0.234375,0,0.0,0.152241,8
fb3433bf0f97cdce,16,0.15,0,0,0,6,2,3,2.25,0.1875,0,0.0,0.242261,8
39c1d935e518893d,16,0.158333,0,0,1,6,1,3,2.375,0.359375,0,0.0625,0.253976,8
c06bc2ba7b686e1b,16,0.141667,0,0,0,8,1,3,2.125,0.234375,0,0.0,0.14139,8
8242759e01957522,16,0.15,0,0,2,11,1,3,2.25,0.3125,0,0.166667,0.06076,8
010841a60a50764f,16,0.158333,0,0,0,10,1,4,2.375,0.484375,0,0.0,0.064749,8
f28285c28f8a7f90,16,0.141667,1,0,0,11,1,3,2.125,0.359375,0,0.0,0.048536,8
dba82da269eeb70e,16,0.15,0,0,0,7,1,3,2.25,0.3125,0,0.0,0.180286,8
bd3e3dcf97a9a75a,16,0.158333,0,0,1,8,1,4,2.375,0.484375,0,0.104167,0.124061,8
0f7015d33663b592,16,0.141667,0,0,0,8,1,3,2.125,0.234375,0,0.0,0.111704,8
965a2ccd1c8e98cb,16,0.15,0,0,0,8,1,4,2.25,0.4375,0,0.0,0.090469,8
d03f0472cda2847e,16,0.158333,0,0,1,6,1,5,2.375,0.859375,0,0.047917,0.224229,8
8e825c873151dfc5,16,0.141667,0,0,0,8,1,3,2.125,0.234375,0,0.0,0.152513,8
452470617e0d49e3,16,0.15,0,0,1,8,1,3,2.25,0.3125,0,0.0625,0.155925,8
c74f507d0d8a582d,16,0.158333,0,0,1,7,1,3,2.375,0.359375,0,0.104167,0.160773,8
ad9bc826c67df92d,16,0.141667,0,0,0,10,1,3,2.125,0.359375,0,0.0,0.071586,8
73a5122e3a7ff1fd,16,0.15,0,0,0,6,2,3,2.25,0.1875,0,0.0,0.204413,8
e001a55ab8390dfa,16,0.158333,0,0,1,6,1,4,2.375,0.609375,0,0.09375,0.249754,8
8654b564b7af7e35,16,0.141667,0,0,0,8,1,3,2.125,0.359375,0,0.0,0.091538,8
565c10e0beeed8f5,16,0.15,0,0,2,7,1,4,2.25,0.6875,0,0.177083,0.152354,8
02d599d3ad6327bf,16,0.158333,0,0,1,6,1,4,2.375,0.484375,0,0.104167,0.27716,8
2118925a4d44a594,16,0.141667,0,0,0,10,1,3,2.125,0.234375,0,0.0,0.072279,8
5b8a861e6e642a9d,16,0.15,0,0,0,9,1,3,2.25,0.4375,0,0.0,0.088905,8
b6cea00df8514f8b,16,0.158333,0,0,2,7,1,5,2.375,0.859375,0,0.152083,0.173999,8
4afeaba2fd20e96d,16,0.141667,0,0,1,11,1,3,2.125,0.359375,0,0.104167,0.060837,8
eaed90a544a23996,16,0.15,0,0,0,10,1,3,2.25,0.3125,0,0.0,0.061124,8
5457eb7b7f2cbc3a,16,0.158333,0,0,1,7,1,4,2.375,0.734375,0,0.041667,0.260753,8
4e3663aa1edd519d,16,0.141667,0,0,0,8,1,3,2.125,0.359375,0,0.0,0.085283,8
5dd9bf241c1deffa,16,0.15,0,0,1,12,1,3,2.25,0.3125,0,0.0625,0.048139,8
fd423a9032968a78,16,0.158333,0,0,1,6,1,3,2.375,0.359375,0,0.104167,0.22809,8
909374798912b5fc,16,0.141667,1,0,0,9,1,3,2.125,0.359375,0,0.0,0.068971,8
6da38d228cebf1da,16,0.15,1,0,0,7,1,4,2.25,0.4375,0,0.0,0.183869,8
318a608cbb6d1a06,16,0.158333,0,0,1,7,1,4,2.375,0.484375,0,0.09375,0.180543,8
f3e7642511c7ea0d,16,0.141667,0,0,0,8,1,3,2.125,0.234375,0,0.0,0.152,8
b992b4aeae25c02c,16,0.15,0,0,0,7,1,4,2.25,0.4375,0,0.0,0.220918,8
bc1978bd300dce6e,16,0.158333,0,0,0,7,1,4,2.375,0.484375,0,0.0,0.162968,8
f0d6ef2b1d788796,16,0.141667,0,0,2,14,1,3,2.125,0.234375,0,0.166667,0.039897,8
a345b7a2b398e4c4,16,0.15,0,0,1,10,1,4,2.25,0.5625,0,0.09375,0.071792,8
3e7eb5740647c4a2,16,0.158333,0,0,0,6,1,3,2.375,0.359375,0,0.0,0.236003,8
f4fdd887edcb6849,16,0.141667,0,0,1,8,1,4,2.125,0.484375,0,0.09375,0.15918,8
fc9dd65d6fbf348d,16,0.15,1,0,0,9,1,4,2.25,0.4375,0,0.0,0.104879,8
f8481b0fc6fa95a1,16,0.158333,0,0,2,7,1,4,2.375,0.734375,0,0.145833,0.131766,8
ef85eabfa3c178b0,16,0.141667,0,0,1,11,1,4,2.125,0.359375,0,0.09375,0.05463,8
33b87c65585c4fe5,16,0.15,0,0,0,6,1,4,2.25,0.4375,0,0.0,0.221337,8
9a9eb8369e227b88,16,0.158333,0,0,0,7,1,3,2.375,0.359375,0,0.0,0.196549,8
c5d04aaa5e471405,16,0.141667,0,0,2,13,1,3,2.125,0.359375,0,0.208333,0.045242,8
401e9d45103d738e,16,0.15,1,0,0,8,1,4,2.25,0.5625,0,0.0,0.171759,8
e59b55c62c087961,16,0.158333,0,0,2,7,1,4,2.375,0.609375,0,0.15625,0.118427,8
f24ecb86f39e599d,16,0.15,0,0,0,7,1,3,2.25,0.3125,0,0.0,0.220378,8
35187e6cd193e6d2,16,0.158333,0,0,0,7,1,3,2.375,0.359375,0,0.0,0.15931,8
26b8eccee8acee2a,16,0.15,0,0,0,8,1,3,2.25,0.3125,0,0.0,0.160456,8
78affe897f605fdc,16,0.158333,0,0,1,7,1,4,2.375,0.484375,0,0.104167,0.168755,8
f1de25bfa4e9db62,16,0.15,0,0,0,7,1,3,2.25,0.3125,0,0.0,0.214117,8
b5d4581db13db37f,16,0.158333,0,0,1,6,1,4,2.375,0.734375,0,0.041667,0.252318,8
c24c5cc5b71e23ba,16,0.15,1,0,0,8,1,3,2.25,0.3125,0,0.0,0.093127,8
0e3e2170c69bd12f,16,0.158333,0,0,1,8,1,4,2.375,0.609375,0,0.052083,0.144275,8
c13826742548372b,16,0.141667,1,0,0,9,1,3,2.125,0.359375,0,0.0,0.113408,8
cc93f4043a7eaea0,16,0.15,0,0,0,6,1,4,2.25,0.4375,0,0.0,0.239843,8
1a97c226aac7cb22,16,0.158333,0,0,1,6,1,4,2.375,0.484375,0,0.052083,0.248385,8
5b413016ddd3d318,16,0.15,0,0,0,6,1,4,2.25,0.4375,0,0.0,0.249598,8
317a1bc398393686,16,0.158333,0,0,2,8,1,4,2.375,0.734375,0,0.145833,0.128184,8
e0832d8dbc3a5a33,16,0.15,0,0,1,8,1,3,2.25,0.3125,0,0.104167,0.103877,8
5541ce505620d8c5,16,0.158333,0,0,1,6,1,4,2.375,0.609375,0,0.09375,0.244118,8
4df7999cff9f02c8,16,0.141667,0,0,2,13,1,3,2.125,0.359375,0,0.208333,0.04666,8
7e8c82ea5e6b0247,16,0.15,0,0,1,7,1,4,2.25,0.6875,0,0.09375,0.180864,8
68b67d1150eb05da,16,0.158333,0,0,1,9,1,4,2.375,0.484375,0,0.104167,0.078908,8
0e56f25fa0a6f721,16,0.15,0,0,1,7,2,3,2.25,0.1875,0,0.104167,0.201129,8
8cbb6390eaa43f84,16,0.158333,0,0,2,7,1,4,2.375,0.609375,0,0.1875,0.161734,8
1b47f492e210d6f3,16,0.141667,0,0,1,12,1,3,2.125,0.359375,0,0.104167,0.056556,8
4466c31aea20b684,16,0.15,0,0,1,9,1,4,2.25,0.5625,0,0.0625,0.100969,8
ae96b9937b827d6b,16,0.158333,0,0,0,6,1,4,2.375,0.734375,0,0.0,0.29268,8
8780a79846aa08ff,16,0.141667,1,0,0,9,1,3,2.125,0.359375,0,0.0,0.128933,8
5a703d2282fa35fc,16,0.15,1,0,0,10,1,4,2.25,0.4375,0,0.0,0.086855,8
2d0f6a490b2686c0,16,0.158333,0,0,0,7,1,3,2.375,0.359375,0,0.0,0.226828,8
f6736431029149a7,16,0.141667,0,0,0,7,1,4,2.125,0.484375,0,0.0,0.160116,8
6b32a369da434390,16,0.15,0,0,1,9,1,4,2.25,0.4375,0,0.052083,0.095662,8
00388d3967a57b29,16,0.158333,0,0,1,6,1,4,2.375,0.484375,0,0.052083,0.272747,8
ee4e176794861c68,16,0.141667,0,0,1,10,1,4,2.125,0.484375,0,0.052083,0.085289,8
9523bdb961259694,16,0.15,0,0,2,12,1,3,2.25,0.4375,0,0.125,0.06614,8
81912e8012b9d594,16,0.158333,0,0,1,6,1,4,2.375,0.734375,0,0.09375,0.245948,8
c373c864ade24124,16,0.141667,0,0,1,11,1,3,2.125,0.359375,0,0.104167,0.050466,8
2171db8b53d73e51,16,0.15,0,0,0,8,1,3,2.25,0.3125,0,0.0,0.161027,8
c4fa53e1d889f108,16,0.158333,0,0,0,6,2,4,2.375,0.359375,0,0.0,0.314976,8
16d36d5a01924bf1,16,0.141667,1,0,0,10,1,3,2.125,0.359375,0,0.0,0.06235,8
c69e5be350c5fbaf,16,0.15,0,0,1,8,2,4,2.25,0.3125,0,0.052083,0.158178,8
a098bcdb0d4bb283,16,0.158333,0,0,0,7,2,3,2.375,0.234375,0,0.0,0.176931,8
d3188118f8bdfe52,16,0.141667,1,0,0,8,1,3,2.125,0.359375,0,0.0,0.085158,8
2df16da68b0ed5e6,16,0.15,0,0,0,7,1,3,2.25,0.4375,0,0.0,0.219525,8
2231e7630e2b641d,16,0.158333,1,0,0,7,1,3,2.375,0.484375,0,0.0,0.293546,8
eff0d2d953c12841,16,0.141667,1,0,0,8,1,3,2.125,0.234375,0,0.0,0.103819,8
52d80dcf0c504cad,16,0.15,0,0,0,6,2,3,2.25,0.1875,0,0.0,0.273165,8
c103d97d20b6c72e,16,0.158333,0,0,1,6,1,4,2.375,0.609375,0,0.083333,0.234798,8
09d20890d0453826,16,0.141667,1,0,0,8,1,3,2.125,0.234375,0,0.0,0.156744,8
3e439ffae2a19919,16,0.15,0,0,0,6,1,3,2.25,0.4375,0,0.0,0.215461,8
2fb6234440836743,16,0.158333,0,0,2,7,1,5,2.375,0.734375,0,0.1375,0.154939,8
6e4f91b709c91e97,16,0.141667,0,0,0,9,1,3,2.125,0.359375,0,0.0,0.101809,8
69d935ad35e1c983,16,0.15,0,0,1,11,1,3,2.25,0.3125,0,0.104167,0.048588,8
1742d902f3bef200,16,0.158333,0,0,0,6,1,4,2.375,0.484375,0,0.0,0.303144,8
2ed9b55e9142f283,16,0.141667,0,0,1,8,1,3,2.125,0.234375,0,0.104167,0.154306,8
02a80d23f149c92c,16,0.15,0,0,0,8,1,3,2.25,0.3125,0,0.0,0.151652,8
053663935b9d2f60,16,0.158333,0,0,0,6,1,3,2.375,0.359375,0,0.0,0.256444,8
369d51d9894a126c,16,0.141667,0,0,0,7,1,4,2.125,0.359375,0,0.0,0.166315,8
79528ae0a348b8a8,16,0.15,0,0,1,9,1,3,2.25,0.3125,0,0.0625,0.091288,8
9999cc7240d682a1,16,0.158333,0,0,0,10,1,3,2.375,0.484375,0,0.0,0.077503,8
615910b1727e0e9e,16,0.141667,0,0,1,9,1,3,2.125,0.359375,0,0.104167,0.081209,8
adc48ed16cb55267,16,0.15,0,0,0,10,1,3,2.25,0.4375,0,0.0,0.109275,8
451b4446ef738ce7,16,0.158333,0,0,0,5,1,4,2.375,0.484375,0,0.0,0.307865,8
e98a7c4fdb867e1a,16,0.141667,0,0,0,9,1,3,2.125,0.234375,0,0.0,0.108052,8
3362f1a2bbfdd7a5,16,0.15,0,0,1,8,1,4,2.25,0.5625,0,0.052083,0.116868,8
622ad86259495759,16,0.158333,0,0,1,7,2,4,2.375,0.359375,0,0.052083,0.19128,8
9c2dbe60ff6844ca,16,0.141667,0,0,0,11,1,3,2.125,0.234375,0,0.0,0.053573,8
80c7673f3c9be44c,16,0.15,0,0,1,8,1,3,2.25,0.3125,0,0.104167,0.117917,8
5df9dae68ccfac3b,16,0.158333,0,0,1,6,1,4,2.375,0.609375,0,0.041667,0.247743,8
a2092a6bd759735d,16,0.141667,0,0,0,7,1,3,2.125,0.359375,0,0.0,0.152085,8
b7ae75e200be3feb,16,0.15,1,0,0,8,1,4,2.25,0.5625,0,0.0,0.116548,8
a6eb210e411ba195,16,0.158333,0,0,1,7,1,4,2.375,0.609375,0,0.09375,0.132626,8
ebebbc414e170e09,16,0.141667,0,0,2,13,1,3,2.125,0.234375,0,0.25,0.040367,8
45d48275e8e723c4,16,0.15,0,0,0,8,1,3,2.25,0.4375,0,0.0,0.114717,8
1474aaea6f556616,16,0.158333,0,0,2,8,1,4,2.375,0.609375,0,0.145833,0.136795,8
bb815cd2b71b6ce9,16,0.141667,0,0,0,6,1,3,2.125,0.359375,0,0.0,0.21268,8
436eb8f2584ac071,16,0.15,0,0,0,7,1,4,2.25,0.4375,0,0.0,0.196668,8
2f1f9ca7dae2a59f,16,0.158333,0,0,1,6,2,4,2.375,0.484375,0,0.041667,0.26342,8
f6fae6761e7a1752,16,0.141667,0,0,1,9,1,4,2.125,0.484375,0,0.09375,0.073475,8
7da7c578b1ee7869,16,0.15,0,0,1,7,1,4,2.25,0.5625,0,0.09375,0.183185,8
d7c5b14c7fce0d7b,16,0.158333,1,0,0,9,1,3,2.375,0.359375,0,0.0,0.114394,8
0b9a44fc1ff6c918,16,0.141667,0,0,0,11,1,3,2.125,0.359375,0,0.0,0.077097,8
89664bf6a899390b,16,0.15,0,0,0,7,1,4,2.25,0.5625,0,0.0,0.171333,8
bee5605ab76e9938,16,0.158333,0,0,0,5,2,3,2.375,0.234375,0,0.0,0.344994,8
5765d4f2e837a076,16,0.141667,0,0,0,8,1,3,2.125,0.234375,0,0.0,0.149707,8
9dde4a97e72c5c97,16,0.15,0,0,0,8,1,4,2.25,0.5625,0,0.0,0.158079,8
d25b6f24f84bd376,16,0.158333,0,0,2,6,1,4,2.375,0.609375,0,0.197917,0.280069,8
1403dc85c26caf7e,16,0.141667,0,0,0,7,1,3,2.125,0.234375,0,0.0,0.1591,8
fe972ba1e69af058,16,0.15,0,0,0,8,2,3,2.25,0.1875,0,0.0,0.074542,8
e39b4c7be79c7ec4,16,0.158333,0,0,1,8,1,4,2.375,0.609375,0,0.09375,0.119403,8
2f70696e7003af26,16,0.141667,1,0,0,9,1,3,2.125,0.234375,0,0.0,0.107541,8
7b4453718b826689,16,0.15,0,0,1,8,1,3,2.25,0.3125,0,0.104167,0.152118,8
59832971cc6d5dd5,16,0.158333,0,0,1,7,1,4,2.375,0.484375,0,0.104167,0.157132,8
5f008f89ef19a818,16,0.15,0,0,1,6,1,3,2.25,0.3125,0,0.104167,0.212874,8
e92a84323e1b6c08,16,0.158333,0,0,0,6,1,4,2.375,0.484375,0,0.0,0.227241,8
a817b5ecb87bf7a2,16,0.141667,0,0,1,12,1,3,2.125,0.234375,0,0.145833,0.047228,8
be79884e3a45c06f,16,0.15,0,0,0,6,1,4,2.25,0.4375,0,0.0,0.243513,8
e9f95158890bf1af,16,0.158333,0,0,2,7,1,3,2.375,0.359375,0,0.166667,0.184666,8
0a8d9e186778f88e,16,0.141667,0,0,0,8,1,3,2.125,0.359375,0,0.0,0.07083,8
1236b15432413811,16,0.15,0,0,0,7,1,3,2.25,0.3125,0,0.0,0.204271,8
3906cb3f4cd458d8,16,0.158333,0,0,0,6,2,3,2.375,0.234375,0,0.0,0.278538,8
154d3b090beaf295,16,0.141667,0,0,1,8,1,3,2.125,0.359375,0,0.104167,0.14382,8
2f5a203d8701f9c1,16,0.15,0,0,2,7,1,4,2.25,0.6875,0,0.135417,0.177859,8
460f9fa1466eec4e,16,0.158333,0,0,1,7,1,4,2.375,0.484375,0,0.09375,0.154138,8
646139e88872890c,16,0.141667,0,0,1,9,1,3,2.125,0.359375,0,0.104167,0.089789,8
b5aeae67eb60a560,16,0.15,0,0,0,7,1,4,2.25,0.4375,0,0.0,0.191494,8
480da00f7004b8e6,16,0.158333,0,0,1,7,2,3,2.375,0.234375,0,0.0625,0.169795,8
79e7e27536be7ba6,16,0.141667,0,0,0,8,1,3,2.125,0.234375,0,0.0,0.152529,8
0a2950c05d04a84f,16,0.15,1,0,0,7,1,3,2.25,0.3125,0,0.0,0.219533,8
f5dde6eeaad12755,16,0.158333,0,0,2,10,1,4,2.375,0.484375,0,0.197917,0.060612,8
598dd1e941a53f51,16,0.141667,0,0,0,8,1,4,2.125,0.484375,0,0.0,0.128234,8
984cf96082023a27,16,0.15,0,0,0,6,1,3,2.25,0.3125,0,0.0,0.21794,8
709c66ac14596a29,16,0.158333,0,0,0,5,1,4,2.375,0.484375,0,0.0,0.455039,8
1301ad4b74fc8eb4,16,0.15,0,0,0,7,1,3,2.25,0.4375,0,0.0,0.168233,8
7a7c7929bc10c794,16,0.158333,0,0,1,7,2,3,2.375,0.234375,0,0.104167,0.201892,8
e514cb3cd5c0c8aa,16,0.15,0,0,0,6,1,3,2.25,0.3125,0,0.0,0.273729,8
b020f557751b50be,16,0.158333,0,0,1,6,1,3,2.375,0.359375,0,0.104167,0.201154,8
3a4f87122e40335a,16,0.15,0,0,0,8,1,3,2.25,0.3125,0,0.0,0.174886,8
08056c7700e6de37,16,0.158333,0,0,1,10,1,4,2.375,0.609375,0,0.052083,0.102001,8
34f3b5f752b2b21f,16,0.141667,0,0,1,9,1,4,2.125,0.359375,0,0.135417,0.08882,8
bdaa06d783911792,16,0.15,0,0,0,6,1,4,2.25,0.4375,0,0.0,0.267949,8
93e82fa993f35e85,16,0.158333,1,0,0,11,1,4,2.375,0.734375,0,0.0,0.055833,8
62564e2aee35812a,16,0.141667,0,0,0,8,1,3,2.125,0.359375,0,0.0,0.117059,8
ae917d4576927c5b,16,0.15,0,0,0,7,1,3,2.25,0.3125,0,0.0,0.207384,8
005264dc556d8d36,16,0.158333,0,0,0,6,1,3,2.375,0.359375,0,0.0,0.27312,8
0237abe67b349149,16,0.15,0,0,0,6,1,3,2.25,0.3125,0,0.0,0.264439,8
d04433fbb17573e3,16,0.158333,0,0,1,6,2,3,2.375,0.234375,0,0.0625,0.280963,8
2a659ab32174d40a,16,0.15,0,0,3,13,1,4,2.25,0.4375,0,0.25,0.04378,8
ed9bc60585e1b6ec,16,0.158333,0,0,1,7,2,3,2.375,0.234375,0,0.0625,0.177484,8
bb95385f1abdd1d0,16,0.141667,0,0,0,12,1,3,2.125,0.359375,0,0.0,0.063503,8
12b12498cd69ff8f,16,0.15,0,0,0,7,1,3,2.25,0.3125,0,0.0,0.152338,8
6811e3485806b7c4,16,0.158333,0,0,1,5,1,5,2.375,0.859375,0,0.104167,0.30899,8
49062a79173d4720,16,0.141667,0,0,0,7,1,3,2.125,0.359375,0,0.0,0.182702,8
cb7ca6fa13fc4691,16,0.15,0,0,0,9,1,3,2.25,0.4375,0,0.0,0.094966,8
389fa3f7bd04d8e3,16,0.158333,0,0,0,6,1,3,2.375,0.359375,0,0.0,0.219508,8
6dc8dc607868b74e,16,0.15,0,0,0,7,1,3,2.25,0.4375,0,0.0,0.185013,8
6c9b3846e624c8c6,16,0.158333,0,0,1,6,1,4,2.375,0.609375,0,0.0625,0.236368,8
c07703cee99b55c1,16,0.141667,0,0,0,8,1,3,2.125,0.234375,0,0.0,0.147919,8
36862b9630c7471e,16,0.15,0,0,0,6,1,4,2.25,0.4375,0,0.0,0.16946,8
2b8d517539259c30,16,0.158333,0,0,2,9,1,4,2.375,0.484375,0,0.15625,0.093054,8
78e1b260a7eba178,16,0.141667,0,0,1,10,2,3,2.125,0.109375,0,0.145833,0.071186,8
f7681c086e100dab,16,0.15,0,0,1,8,1,3,2.25,0.3125,0,0.0625,0.127667,8
0d90ba1d8b8420f4,16,0.158333,0,0,2,10,1,3,2.375,0.359375,0,0.166667,0.073482,8
3a769444e964e020,16,0.15,0,0,2,9,1,4,2.25,0.5625,0,0.114583,0.10038,8
c570a417003bcc43,16,0.158333,0,0,1,9,1,4,2.375,0.484375,0,0.104167,0.089182,8
9c675b758b7886cc,16,0.141667,0,0,0,8,1,4,2.125,0.484375,0,0.0,0.137071,8
17547dd4d34ea2ac,16,0.15,0,0,1,7,2,3,2.25,0.1875,0,0.145833,0.166913,8
feb57d44dc70fd0c,16,0.158333,0,0,1,9,1,3,2.375,0.359375,0,0.0625,0.109718,8
96a15511fbdf06e2,16,0.15,0,0,0,7,1,3,2.25,0.3125,0,0.0,0.226575,8
49559e939fd3df21,16,0.158333,0,0,1,6,2,3,2.375,0.234375,0,0.104167,0.284522,8
8ad60169ec609ed2,16,0.141667,1,0,0,11,2,3,2.125,0.109375,0,0.0,0.052868,8
a0f5db30aa1646c1,16,0.15,0,0,1,10,1,3,2.25,0.4375,0,0.104167,0.103199,8
9dffea53c3ed257e,16,0.158333,0,0,1,6,1,4,2.375,0.609375,0,0.09375,0.254816,8
b9cfe32b19752bbf,16,0.141667,0,0,0,9,1,3,2.125,0.359375,0,0.0,0.069036,8
0d787b50b1eb2048,16,0.15,0,0,1,8,2,3,2.25,0.1875,0,0.104167,0.10964,8
543f690f6dffbc49,16,0.158333,0,0,1,6,2,4,2.375,0.484375,0,0.052083,0.2777,8
e56c1cec8f58daf1,16,0.141667,0,0,1,12,1,3,2.125,0.359375,0,0.104167,0.050755,8
c92099ac612809ef,16,0.15,0,0,0,8,1,4,2.25,0.5625,0,0.0,0.152241,8
f8ce3ac0b4e86f6b,16,0.158333,0,0,0,8,1,4,2.375,0.484375,0,0.0,0.112179,8
f33f5afaee00e404,16,0.141667,0,0,1,8,1,3,2.125,0.359375,0,0.104167,0.14799,8
e0185246ae0c8c5e,16,0.15,0,0,1,12,1,4,2.25,0.6875,0,0.083333,0.054555,8
b2ad022611898e6f,16,0.158333,0,0,1,8,1,3,2.375,0.359375,0,0.104167,0.118437,8
6ef9c16fffdd0cab,16,0.141667,0,0,1,12,1,3,2.125,0.234375,0,0.104167,0.046533,8
aade089b164befc7,16,0.15,0,0,0,7,1,4,2.25,0.5625,0,0.0,0.236367,8
4794cac79fac5e55,16,0.158333,0,0,1,7,2,4,2.375,0.359375,0,0.052083,0.176299,8
083cd121747e6043,16,0.15,0,0,0,8,1,4,2.25,0.5625,0,0.0,0.093069,8
b6db60dce751d12c,16,0.158333,0,0,0,5,1,4,2.375,0.734375,0,0.0,0.317389,8
92ad30df3e087c64,16,0.141667,0,0,1,11,1,3,2.125,0.359375,0,0.104167,0.062757,8
0efbcc5a52e7d1f0,16,0.15,0,0,0,6,2,3,2.25,0.1875,0,0.0,0.239955,8
bf9a5e45af0650e9,16,0.158333,0,0,0,9,1,4,2.375,0.484375,0,0.0,0.074196,8
788311a1b20b6e1e,16,0.141667,0,0,1,11,1,3,2.125,0.359375,0,0.104167,0.046395,8
57ded5054088854d,16,0.15,0,0,1,6,1,4,2.25,0.5625,0,0.09375,0.209215,8
f70060e9957ae9bf,16,0.158333,1,0,0,8,1,4,2.375,0.609375,0,0.0,0.161995,8
34a0baed495d90e7,16,0.141667,0,0,0,10,1,3,2.125,0.234375,0,0.0,0.081014,8
4857238a2d4030f0,16,0.158333,0,0,1,6,1,4,2.375,0.484375,0,0.052083,0.256335,8
fce0e8b28f7408b7,16,0.15,0,0,1,8,1,4,2.25,0.4375,0,0.09375,0.11503,8
2fa1a39e5b731420,16,0.158333,1,0,0,7,1,4,2.375,0.609375,0,0.0,0.175332,8
d1aaa32b1bc0f14a,16,0.15,0,0,0,8,1,3,2.25,0.3125,0,0.0,0.075966,8
dc942fc9cd9fdb51,16,0.158333,0,0,2,10,1,4,2.375,0.734375,0,0.104167,0.092043,8
5da4a63dbf4db893,16,0.141667,0,0,1,9,1,3,2.125,0.234375,0,0.104167,0.130943,8
6fbc05668a8c9d50,16,0.15,0,0,0,6,1,3,2.25,0.4375,0,0.0,0.212922,8
5fe29800a2d3b732,16,0.158333,0,0,2,8,1,4,2.375,0.609375,0,0.104167,0.12818,8
0363ff98fe6a4ac1,16,0.141667,0,0,1,13,1,3,2.125,0.234375,0,0.104167,0.047195,8
7696516703ee1a73,16,0.15,0,0,0,7,1,3,2.25,0.3125,0,0.0,0.207813,8
bc14ac1aede1d348,16,0.158333,0,0,0,6,2,4,2.375,0.359375,0,0.0,0.31124,8
6f087e62e39aad07,16,0.141667,0,0,1,12,2,3,2.125,0.109375,0,0.145833,0.044804,8
a334d1867593fb43,16,0.15,0,0,0,6,2,3,2.25,0.1875,0,0.0,0.271291,8
82aab048008b6e47,16,0.158333,0,0,0,6,1,4,2.375,0.484375,0,0.0,0.238489,8
f4861123dec4e5c9,16,0.141667,0,0,0,7,1,3,2.125,0.359375,0,0.0,0.184977,8
2a4df531fa0df8ac,16,0.15,0,0,1,7,1,3,2.25,0.4375,0,0.0625,0.217723,8
4c193efd5fa458d2,16,0.158333,0,0,2,7,1,4,2.375,0.609375,0,0.125,0.19103,8
d046283d3a207bf3,16,0.15,0,0,1,8,1,3,2.25,0.3125,0,0.104167,0.190224,8
ce40b91b2193a917,16,0.158333,0,0,1,8,1,4,2.375,0.484375,0,0.052083,0.084835,8
068056449938bec0,16,0.15,1,0,0,8,1,4,2.25,0.5625,0,0.0,0.169511,8
c255cd623c58a386,16,0.158333,0,0,0,8,1,4,2.375,0.484375,0,0.0,0.154719,8
ff44c777958313aa,16,0.141667,0,0,1,10,1,4,2.125,0.484375,0,0.09375,0.061881,8
a1792a5b46fc584c,16,0.15,0,0,0,6,1,3,2.25,0.3125,0,0.0,0.253853,8
e4eed17574bf780e,16,0.158333,0,0,0,6,1,4,2.375,0.484375,0,0.0,0.298836,8
76250f9d12049376,16,0.141667,0,0,1,12,1,4,2.125,0.484375,0,0.09375,0.047786,8
aad3844d7202dd7e,16,0.15,0,0,0,6,1,3,2.25,0.4375,0,0.0,0.23875,8
a210360ef00bfe44,16,0.158333,0,0,0,8,1,4,2.375,0.484375,0,0.0,0.093744,8
98df2286c75e9366,16,0.141667,0,0,0,8,1,3,2.125,0.234375,0,0.0,0.120615,8
ee07778d1c0b56a6,16,0.15,0,0,1,9,1,3,2.25,0.3125,0,0.145833,0.108539,8
ba17a9ac9d4f9d3c,16,0.158333,0,0,1,6,1,4,2.375,0.734375,0,0.104167,0.220767,8
95470d34725dae89,16,0.141667,0,0,1,11,1,3,2.125,0.359375,0,0.104167,0.06165,8
82b0a1003e853ef4,16,0.15,0,0,0,6,1,3,2.25,0.3125,0,0.0,0.214791,8
ac1055251b4be22a,16,0.158333,0,0,1,6,1,4,2.375,0.734375,0,0.104167,0.217726,8
c041df006e44fce5,16,0.141667,0,0,1,13,1,4,2.125,0.359375,0,0.09375,0.04378,8
5a9daa504e3ed1dd,16,0.15,0,0,1,8,1,3,2.25,0.3125,0,0.104167,0.172019,8
6e2c5fbff1aaff44,16,0.158333,0,0,1,7,1,4,2.375,0.484375,0,0.052083,0.218044,8
8d7f2d2f3161605b,16,0.141667,0,0,1,10,1,3,2.125,0.359375,0,0.104167,0.072959,8
d6303928ae1735f0,16,0.15,0,0,0,7,1,4,2.25,0.5625,0,0.0,0.191089,8
07b16e18ee75628d,16,0.158333,0,0,0,6,1,3,2.375,0.484375,0,0.0,0.312882,8
6fda2c30e4be3bb6,16,0.141667,0,0,1,8,1,3,2.125,0.234375,0,0.104167,0.139851,8
943ff61033903cdc,16,0.15,0,0,0,7,1,3,2.25,0.4375,0,0.0,0.189725,8
2bfdcbf3500ff7be,16,0.158333,0,0,1,7,2,3,2.375,0.234375,0,0.104167,0.155918,8
219d2a444d5e1c8a,16,0.141667,0,0,1,10,1,3,2.125,0.359375,0,0.104167,0.085278,8
e43def7b984b124a,16,0.15,0,0,2,10,1,5,2.25,0.6875,0,0.179167,0.062272,8
6ce7c60980c5b3bd,16,0.158333,0,0,0,6,2,3,2.375,0.234375,0,0.0,0.239001,8
20184bced03a468c,16,0.15,0,0,0,7,2,3,2.25,0.1875,0,0.0,0.186185,8
7a3f45b51b6d95a3,16,0.158333,0,0,0,7,1,4,2.375,0.484375,0,0.0,0.199294,8
499a411df58272fa,16,0.15,0,0,1,10,1,3,2.25,0.4375,0,0.104167,0.071307,8
9183569629df6c1e,16,0.158333,0,0,0,5,1,4,2.375,0.734375,0,0.0,0.250195,8
20bc9b9a59654e93,16,0.141667,0,0,1,12,1,3,2.125,0.359375,0,0.104167,0.051744,8
6cb00fd3668bedd3,16,0.15,0,0,1,8,1,3,2.25,0.4375,0,0.0625,0.16704,8
3fd54ebb5a99cfc2,16,0.158333,0,0,2,8,1,5,2.375,0.859375,0,0.172917,0.088397,8
c4a809ba51a09206,16,0.141667,0,0,0,10,1,4,2.125,0.484375,0,0.0,0.081197,8
a377eea0da303db4,16,0.15,0,0,1,8,1,4,2.25,0.5625,0,0.041667,0.140289,8
feeacbec84c37786,16,0.158333,0,0,0,5,1,3,2.375,0.359375,0,0.0,0.344191,8
9071d8b4afc2751b,16,0.141667,0,0,0,7,1,4,2.125,0.359375,0,0.0,0.168963,8
c0145405d04db0db,16,0.15,0,0,0,7,1,4,2.25,0.6875,0,0.0,0.173467,8
e2021cd6a2484f88,16,0.158333,0,0,1,6,1,3,2.375,0.359375,0,0.104167,0.202204,8
61ec2f4b889b67ef,16,0.141667,0,0,0,10,1,3,2.125,0.234375,0,0.0,0.062084,8
b6774e95b5e1d936,16,0.15,0,0,2,7,1,3,2.25,0.4375,0,0.208333,0.151492,8
5c9bf855c3058694,16,0.158333,0,0,0,7,1,4,2.375,0.484375,0,0.0,0.186394,8
080941b17689adbd,16,0.15,0,0,1,8,1,4,2.25,0.4375,0,0.052083,0.124357,8
bcbd4d2429014262,16,0.158333,0,0,1,8,1,4,2.375,0.484375,0,0.09375,0.15492,8
58b310208b69bb13,16,0.141667,1,0,0,8,1,3,2.125,0.359375,0,0.0,0.179698,8
ceef98d2283d21c6,16,0.15,0,0,0,9,1,4,2.25,0.4375,0,0.0,0.07466,8
fc36bcdfff6e5525,16,0.158333,0,0,0,5,1,4,2.375,0.609375,0,0.0,0.305268,8
3505189b1f10337f,16,0.141667,0,0,0,9,1,3,2.125,0.234375,0,0.0,0.088312,8
66b0b933bbc03853,16,0.15,0,0,0,7,1,3,2.25,0.4375,0,0.0,0.166911,8
983b8541af60255d,16,0.158333,0,0,1,7,1,5,2.375,0.734375,0,0.089583,0.181226,8
d7846812a30742d1,16,0.141667,0,0,0,8,1,3,2.125,0.234375,0,0.0,0.151198,8
4df3ebd5072d2e5c,16,0.15,0,0,1,9,1,4,2.25,0.5625,0,0.09375,0.113756,8
aa06d957827667b5,16,0.158333,0,0,0,6,1,4,2.375,0.609375,0,0.0,0.313474,8
37069fe4d89c3d30,16,0.141667,0,0,0,10,1,3,2.125,0.359375,0,0.0,0.061312,8
b10b6e5db3144c11,16,0.15,0,0,0,6,2,4,2.25,0.3125,0,0.0,0.164979,8
df7b9943ed0ed9c7,16,0.158333,0,0,0,6,1,3,2.375,0.359375,0,0.0,0.286509,8
2e48f73ba4051ce6,16,0.141667,0,0,0,8,1,3,2.125,0.359375,0,0.0,0.138793,8
c66aa1235b7c7fde,16,0.15,0,0,0,9,1,3,2.25,0.3125,0,0.0,0.084258,8
69277a536c59878c,16,0.158333,0,0,1,7,1,4,2.375,0.484375,0,0.09375,0.217327,8
6ccba32152633181,16,0.141667,0,0,0,12,1,3,2.125,0.234375,0,0.0,0.04805,8
120da7b74be98862,16,0.15,0,0,2,11,1,4,2.25,0.4375,0,0.239583,0.062932,8
a6a38e28050eef36,16,0.158333,0,0,1,6,1,4,2.375,0.609375,0,0.041667,0.20962,8
7197fd7e826dba61,16,0.141667,0,0,1,12,1,4,2.125,0.359375,0,0.09375,0.044989,8
43360b116bfb5f22,16,0.15,0,0,2,11,1,4,2.25,0.5625,0,0.104167,0.067606,8
5ab3165606c440f5,16,0.158333,0,0,0,5,2,4,2.375,0.359375,0,0.0,0.32848,8
a2c78d11e991a0ee,16,0.141667,0,0,0,7,1,3,2.125,0.234375,0,0.0,0.168081,8
48c5de2875b9b49f,16,0.15,0,0,1,12,1,3,2.25,0.3125,0,0.104167,0.048227,8
f79de5604962dafd,16,0.158333,0,0,0,6,1,3,2.375,0.484375,0,0.0,0.274917,8
0398228b9cac86d2,16,0.141667,0,0,1,8,1,3,2.125,0.359375,0,0.104167,0.112965,8
e4485c6720c52985,16,0.15,0,0,0,6,1,3,2.25,0.3125,0,0.0,0.323754,8
74cb2c146eb29f57,16,0.158333,0,0,0,6,1,4,2.375,0.484375,0,0.0,0.308498,8
083a976536b6589a,16,0.141667,0,0,1,12,1,4,2.125,0.484375,0,0.052083,0.053447,8
6a84f9b5678fc3e7,16,0.15,0,0,1,8,1,3,2.25,0.3125,0,0.0625,0.15619,8
faaa08d725d48009,16,0.158333,0,0,1,6,2,4,2.375,0.359375,0,0.104167,0.253468,8
2c74b1372173d010,16,0.15,0,0,0,7,1,4,2.25,0.4375,0,0.0,0.182397,8
9ab9db5a58ac2710,16,0.158333,0,0,2,7,2,4,2.375,0.359375,0,0.197917,0.182096,8
1e7a5d13ead41c13,16,0.141667,1,0,0,9,1,3,2.125,0.234375,0,0.0,0.093615,8
c702d6a99e30afbb,16,0.15,0,0,0,8,2,3,2.25,0.1875,0,0.0,0.154159,8
83e7d4cefd1e51ac,16,0.158333,0,0,3,9,1,5,2.375,0.984375,0,0.16875,0.073428,8
fc27ca8ed593f801,16,0.141667,0,0,0,7,1,4,2.125,0.359375,0,0.0,0.167131,8
189ef1f208a6614e,16,0.15,1,0,0,7,1,4,2.25,0.4375,0,0.0,0.244884,8
44867c56c2b1b4b9,16,0.158333,0,0,1,6,2,4,2.375,0.484375,0,0.083333,0.251509,8
ba64cbb26a26cc72,16,0.15,1,0,0,7,1,5,2.25,0.6875,0,0.0,0.191987,8
fe8e7864b677cdcb,16,0.158333,0,0,2,9,2,4,2.375,0.359375,0,0.197917,0.089266,8
01411e6321084227,16,0.141667,0,0,1,8,1,3,2.125,0.359375,0,0.0625,0.169795,8
74180d4133d675b3,16,0.15,0,0,0,7,2,3,2.25,0.1875,0,0.0,0.165441,8
91eda9bfaae919ac,16,0.158333,0,0,2,9,1,4,2.375,0.484375,0,0.145833,0.074177,8
a10f004e7b64f494,16,0.141667,0,0,0,7,1,3,2.125,0.359375,0,0.0,0.164093,8
7946e73f23f3e2a2,16,0.15,0,0,0,6,1,3,2.25,0.3125,0,0.0,0.247979,8
7d9445f290c7d91e,16,0.158333,0,0,0,6,2,3,2.375,0.234375,0,0.0,0.285047,8
2abaf6adc3eb5038,16,0.141667,0,0,0,8,1,3,2.125,0.234375,0,0.0,0.104539,8
846f22adfcaa46c5,16,0.15,0,0,0,6,1,4,2.25,0.4375,0,0.0,0.223784,8
eb69b8f3b6cd89fe,16,0.158333,0,0,0,5,2,4,2.375,0.359375,0,0.0,0.332778,8
7c9689868fd589ef,16,0.141667,0,0,1,8,1,3,2.125,0.359375,0,0.104167,0.150793,8
5bc82ff66203b6aa,16,0.15,0,0,0,7,1,4,2.25,0.4375,0,0.0,0.185016,8
bc41f19dfb56abff,16,0.158333,0,0,1,11,1,4,2.375,0.609375,0,0.083333,0.06107,8
fcea0b0f6be46eb1,16,0.141667,0,0,0,7,1,3,2.125,0.234375,0,0.0,0.152844,8
91ca83ef13a32496,16,0.15,1,0,0,7,1,4,2.25,0.4375,0,0.0,0.219612,8
5bf7c12fbed3b786,16,0.141667,1,0,0,13,1,3,2.125,0.234375,0,0.0,0.044142,8
8618483d639d2712,16,0.15,0,0,0,6,1,4,2.25,0.4375,0,0.0,0.305778,8
da498f5ee54da9e1,16,0.158333,0,0,0,7,1,4,2.375,0.484375,0,0.0,0.200156,8
0f67fc187f1f4271,16,0.141667,0,0,0,7,1,3,2.125,0.359375,0,0.0,0.186786,8
31a975b6888513b3,16,0.15,0,0,2,9,1,4,2.25,0.4375,0,0.197917,0.075062,8
78d5ac4c3a337485,16,0.158333,0,0,1,9,2,3,2.375,0.234375,0,0.104167,0.086706,8
734aa5c0d72c2ad8,16,0.141667,0,0,1,8,1,3,2.125,0.359375,0,0.104167,0.155992,8
86df30e54cd15ed9,16,0.15,0,0,1,9,1,4,2.25,0.5625,0,0.104167,0.086775,8
d381f48f8405f624,16,0.158333,0,0,0,7,1,4,2.375,0.734375,0,0.0,0.122214,8
f43d1f3348841fbf,16,0.141667,1,0,0,8,1,3,2.125,0.359375,0,0.0,0.152241,8
b9b253b9fc1b910a,16,0.15,0,0,0,7,1,4,2.25,0.4375,0,0.0,0.188279,8
bfbc0207fb89b8ff,16,0.158333,0,0,1,7,1,4,2.375,0.609375,0,0.0625,0.202217,8
d5b6e740f3dd6f14,16,0.141667,0,0,0,8,1,3,2.125,0.359375,0,0.0,0.134201,8
5e9f4d5b3f423ead,16,0.15,0,0,1,7,1,3,2.25,0.4375,0,0.104167,0.18396,8
d31a5a8d9ed99171,16,0.158333,0,0,0,6,2,3,2.375,0.234375,0,0.0,0.232541,8
f9f39115c6d5ddfa,16,0.141667,0,0,1,10,1,3,2.125,0.234375,0,0.104167,0.084002,8
c57cd271a3609c34,16,0.15,0,0,0,7,1,3,2.25,0.3125,0,0.0,0.209789,8
678cf5f0a1465b37,16,0.158333,0,0,0,7,2,4,2.375,0.359375,0,0.0,0.188181,8
394f3d0b52cf008f,16,0.141667,0,0,0,8,1,3,2.125,0.359375,0,0.0,0.146876,8
2803f5994468b4a3,16,0.15,0,0,1,7,2,3,2.25,0.1875,0,0.104167,0.172338,8
57c9075e977f7b15,16,0.158333,0,0,0,8,1,4,2.375,0.484375,0,0.0,0.174909,8
4c71066fcfa8ef81,16,0.141667,0,0,1,8,1,3,2.125,0.234375,0,0.0625,0.149103,8
4d9e4a84bd9cf768,16,0.15,0,0,0,8,1,4,2.25,0.4375,0,0.0,0.117679,8
013f5f06b12e25c8,16,0.158333,0,0,0,6,1,4,2.375,0.484375,0,0.0,0.29529,8
755f3980c013f224,16,0.141667,0,0,0,9,2,3,2.125,0.109375,0,0.0,0.093533,8
85f708af755fec70,16,0.15,0,0,0,9,1,3,2.25,0.4375,0,0.0,0.091857,8
a2f803e2ca4e43ec,16,0.158333,0,0,2,9,1,4,2.375,0.484375,0,0.197917,0.075656,8
d081b12b68f36612,16,0.15,0,0,0,8,1,4,2.25,0.5625,0,0.0,0.149968,8
7e8d8bf845a1715e,16,0.158333,0,0,1,9,1,5,2.375,0.859375,0,0.089583,0.124449,8
e29050b2791df462,16,0.141667,0,0,1,13,1,3,2.125,0.234375,0,0.104167,0.041598,8
89ef467f05715eb6,16,0.15,0,0,0,9,1,3,2.25,0.4375,0,0.0,0.074037,8
5cf61fdbaef05d45,16,0.158333,0,0,1,7,1,3,2.375,0.359375,0,0.0625,0.112141,8
ee9421ec996753d1,16,0.141667,0,0,0,8,1,3,2.125,0.359375,0,0.0,0.115262,8
e804f31214abfed0,16,0.15,0,0,0,7,1,3,2.25,0.4375,0,0.0,0.160887,8
bf64abb70741fa23,16,0.158333,0,0,0,7,2,4,2.375,0.359375,0,0.0,0.188343,8
41f80a8e78e5d9c9,16,0.141667,0,0,2,13,1,4,2.125,0.484375,0,0.145833,0.046518,8
2f2d974ef849e82c,16,0.15,0,0,0,6,1,4,2.25,0.4375,0,0.0,0.253436,8
8939e7f88b932fb8,16,0.158333,0,0,1,6,1,4,2.375,0.609375,0,0.052083,0.290039,8
54aba93d60bc1430,16,0.141667,0,0,1,8,1,3,2.125,0.359375,0,0.0625,0.113187,8
6d9dbbc8f2b86c15,16,0.15,0,0,1,7,1,4,2.25,0.4375,0,0.052083,0.165359,8
36cf6f39c0932051,16,0.158333,0,0,0,6,1,3,2.375,0.359375,0,0.0,0.323637,8
8b8a229e453a12ed,16,0.141667,0,0,1,8,1,3,2.125,0.359375,0,0.104167,0.144232,8
8a385fc800bba2af,16,0.15,0,0,1,7,1,4,2.25,0.5625,0,0.09375,0.206156,8
559d3881d8baeb5b,16,0.158333,0,0,0,8,1,3,2.375,0.359375,0,0.0,0.120745,8
d3b19ddffd92b7b3,16,0.141667,0,0,0,11,1,3,2.125,0.234375,0,0.0,0.055391,8
5bb3dec56b3cb7be,16,0.15,0,0,1,8,1,4,2.25,0.4375,0,0.09375,0.118858,8
040ce85fefc0ae40,16,0.158333,0,0,0,9,1,4,2.375,0.734375,0,0.0,0.077932,8
4999014354fc3f17,16,0.141667,1,0,0,8,1,3,2.125,0.359375,0,0.0,0.144468,8
1748c709d2042a41,16,0.15,0,0,1,6,1,3,2.25,0.3125,0,0.0625,0.210712,8
1e9d6b3962b0b43d,16,0.158333,0,0,0,7,1,4,2.375,0.484375,0,0.0,0.229863,8
0aef94affdf5bfb4,16,0.141667,0,0,1,12,1,4,2.125,0.484375,0,0.09375,0.052163,8
605d317eefc252a8,16,0.15,0,0,0,8,1,4,2.25,0.6875,0,0.0,0.098389,8
64b356ea8755e337,16,0.158333,0,0,0,6,1,4,2.375,0.609375,0,0.0,0.303271,8
12fa29cdebd603dc,16,0.15,0,0,2,11,1,3,2.25,0.3125,0,0.208333,0.052499,8
4e25aedca05a2eb1,16,0.158333,0,0,1,7,1,3,2.375,0.359375,0,0.104167,0.196491,8
cbac89577a28e73c,16,0.141667,1,0,0,7,1,4,2.125,0.484375,0,0.0,0.152241,8
bddd445ff16043c8,16,0.15,0,0,1,7,1,3,2.25,0.3125,0,0.0625,0.199019,8
176be421ae2c0c66,16,0.158333,0,0,3,8,1,4,2.375,0.484375,0,0.208333,0.156748,8
3e1f87a923e60367,16,0.15,0,0,2,11,1,3,2.25,0.4375,0,0.125,0.060611,8
c21ce77482a01e32,16,0.158333,0,0,1,7,1,4,2.375,0.484375,0,0.09375,0.231406,8
c97a8e583208f917,16,0.15,0,0,0,6,1,3,2.25,0.4375,0,0.0,0.239747,8
a2811ce57d26321e,16,0.158333,0,0,0,6,1,4,2.375,0.484375,0,0.0,0.218874,8
c78c764ebeea99eb,16,0.141667,0,0,1,12,1,3,2.125,0.359375,0,0.104167,0.049618,8
07886a169daf8ee8,16,0.15,0,0,0,9,1,3,2.25,0.3125,0,0.0,0.108085,8
3976219ad97d2b4b,16,0.158333,0,0,1,7,2,3,2.375,0.234375,0,0.104167,0.115321,8
930159268cb28c04,16,0.141667,1,0,0,8,1,4,2.125,0.484375,0,0.0,0.158936,8
6404572e9964964c,16,0.15,0,0,0,7,1,3,2.25,0.4375,0,0.0,0.165915,8
14edfbefb4f59aea,16,0.158333,0,0,0,6,1,4,2.375,0.609375,0,0.0,0.258487,8
b84ec29c11504af7,16,0.141667,1,0,0,7,1,3,2.125,0.359375,0,0.0,0.171907,8
d36f6ecc5e85cf7c,16,0.15,0,0,0,9,1,4,2.25,0.5625,0,0.0,0.089458,8
8e7c25bb9dedd399,16,0.158333,0,0,0,5,2,4,2.375,0.359375,0,0.0,0.337604,8
5663c091fb3af331,16,0.15,0,0,0,7,1,4,2.25,0.5625,0,0.0,0.155821,8
5d00b67063c8b840,16,0.158333,0,0,2,6,2,4,2.375,0.484375,0,0.177083,0.214766,8
e61a7a7842470994,16,0.141667,0,0,0,7,1,3,2.125,0.359375,0,0.0,0.163331,8
82bb76ca0503a511,16,0.15,0,0,1,8,1,4,2.25,0.4375,0,0.09375,0.114123,8
c7a53e041291a646,16,0.158333,0,0,1,7,2,3,2.375,0.234375,0,0.145833,0.153673,8
6e832c5903ab1749,16,0.141667,0,0,1,10,1,4,2.125,0.359375,0,0.09375,0.093532,8
f7be9b9b0b61e20f,16,0.15,0,0,0,8,1,3,2.25,0.3125,0,0.0,0.198874,8
8f7a913aed3c1a8a,16,0.158333,0,0,0,6,2,3,2.375,0.234375,0,0.0,0.245161,8
2997e8fd2b5c0f2c,16,0.15,0,0,0,7,2,4,2.25,0.3125,0,0.0,0.147268,8
f71eddf2432368c6,16,0.158333,0,0,0,6,1,3,2.375,0.359375,0,0.0,0.213105,8
2c420cee850c1a0c,16,0.141667,0,0,1,8,1,4,2.125,0.359375,0,0.09375,0.146787,8
86fa0808b5a6b998,16,0.15,0,0,1,8,1,4,2.25,0.5625,0,0.041667,0.152793,8
24b87ffd983214a7,16,0.158333,0,0,0,8,1,3,2.375,0.359375,0,0.0,0.120035,8
56b86b3fb6774979,16,0.141667,0,0,0,8,1,3,2.125,0.359375,0,0.0,0.114352,8
414d5454fa1de940,16,0.15,0,0,0,6,1,3,2.25,0.3125,0,0.0,0.285624,8
53fb528932e130cf,16,0.158333,0,0,1,9,1,4,2.375,0.609375,0,0.052083,0.111536,8
6c7eeaa114bfa440,16,0.141667,0,0,1,11,1,4,2.125,0.484375,0,0.09375,0.067833,8
c2d5f0562e755b30,16,0.15,0,0,0,8,1,5,2.25,0.6875,0,0.0,0.100163,8
47543d4deca0ed28,16,0.158333,0,0,2,7,1,4,2.375,0.484375,0,0.197917,0.162893,8
c662c33560be8c7d,16,0.141667,1,0,0,12,1,3,2.125,0.234375,0,0.0,0.052795,8
a684d310c0c018b4,16,0.15,1,0,0,7,1,4,2.25,0.4375,0,0.0,0.210777,8
035ba3d7bddca51c,16,0.158333,0,0,2,8,1,3,2.375,0.484375,0,0.166667,0.118348,8
bb73b1145501eeda,16,0.15,1,0,0,8,1,4,2.25,0.6875,0,0.0,0.124212,8
32e9611444d7996f,16,0.158333,0,0,1,9,1,4,2.375,0.734375,0,0.052083,0.074572,8
bc987c6ba44094c1,16,0.141667,0,0,1,8,1,3,2.125,0.359375,0,0.104167,0.140642,8
a7434a9638e1386b,16,0.15,0,0,0,6,1,4,2.25,0.5625,0,0.0,0.210645,8
cb7559cad5afc8d0,16,0.158333,0,0,0,6,1,4,2.375,0.609375,0,0.0,0.267949,8
dee029c3997a6dbc,16,0.141667,0,0,1,8,1,3,2.125,0.234375,0,0.104167,0.158692,8
221b0d6363ed65b7,16,0.15,0,0,0,8,1,4,2.25,0.4375,0,0.0,0.098202,8
16f4992a5b553669,16,0.158333,0,0,1,7,2,4,2.375,0.484375,0,0.041667,0.181002,8
1647484557f354ef,16,0.15,0,0,0,7,1,3,2.25,0.3125,0,0.0,0.189622,8
ceec104a783b5af4,16,0.158333,0,0,0,7,2,4,2.375,0.359375,0,0.0,0.264303,8
1b64a8c84891c230,16,0.141667,0,0,1,12,1,3,2.125,0.359375,0,0.0625,0.057841,8
e2d5569fc198e253,16,0.15,0,0,0,6,1,4,2.25,0.5625,0,0.0,0.2083,8
fb3d98eeb6bfe189,16,0.158333,0,0,0,7,1,4,2.375,0.609375,0,0.0,0.216982,8
6b98bf2c9d9716e0,16,0.15,0,0,0,6,1,4,2.25,0.6875,0,0.0,0.227375,8
d76677214c333673,16,0.158333,0,0,1,8,2,4,2.375,0.359375,0,0.09375,0.099155,8
d332ca70b337ad18,16,0.141667,0,0,0,7,1,3,2.125,0.234375,0,0.0,0.185063,8
3afc28ae06264461,16,0.15,0,0,1,8,2,4,2.25,0.3125,0,0.052083,0.15721,8
7abcb9606f76f878,16,0.158333,0,0,1,6,1,3,2.375,0.484375,0,0.0625,0.218415,8
1dc805c24de43514,16,0.141667,1,0,0,7,1,3,2.125,0.359375,0,0.0,0.203464,8
ab6a625c30c0405d,16,0.15,0,0,0,8,1,4,2.25,0.5625,0,0.0,0.115533,8
d637a78fa1ec2a41,16,0.158333,0,0,1,6,1,4,2.375,0.609375,0,0.052083,0.257962,8
418d073f4be812ad,16,0.141667,1,0,0,9,1,3,2.125,0.359375,0,0.0,0.087261,8
d7834d9b79b3d1ab,16,0.15,0,0,1,8,1,3,2.25,0.3125,0,0.104167,0.112971,8
7d8fad1f3bee6697,16,0.158333,0,0,1,6,1,3,2.375,0.484375,0,0.104167,0.305944,8
f85664e0fe75e803,16,0.15,0,0,1,10,1,3,2.25,0.3125,0,0.0625,0.069079,8
4068461fbea65cd4,16,0.158333,0,0,3,10,1,4,2.375,0.734375,0,0.239583,0.083046,8
5efd133a17852f18,16,0.141667,0,0,0,9,1,3,2.125,0.234375,0,0.0,0.080383,8
51b5462892ba7387,16,0.15,0,0,1,8,1,3,2.25,0.3125,0,0.104167,0.161839,8
e1873660fbc2e2e1,16,0.158333,0,0,2,6,1,4,2.375,0.734375,0,0.135417,0.272045,8
643ee1773fb66b45,16,0.141667,0,0,0,8,1,3,2.125,0.234375,0,0.0,0.141644,8
ec8dcba9119d53b1,16,0.15,1,0,0,6,1,5,2.25,0.8125,0,0.0,0.271951,8
a740eb7640a71290,16,0.158333,0,0,2,9,1,4,2.375,0.484375,0,0.15625,0.093625,8
1831beb8bbef2c07,16,0.141667,0,0,0,7,2,3,2.125,0.109375,0,0.0,0.194699,8
5c6c192f8f3402f3,16,0.15,0,0,0,8,1,4,2.25,0.4375,0,0.0,0.128535,8
e641ef88da1448f5,16,0.158333,0,0,0,7,1,3,2.375,0.359375,0,0.0,0.170611,8
c47f87a7007005f1,16,0.141667,0,0,0,7,1,3,2.125,0.359375,0,0.0,0.209833,8
629622edc930f03f,16,0.15,0,0,1,9,1,3,2.25,0.4375,0,0.104167,0.055045,8
09b6d7db0217f195,16,0.158333,0,0,2,7,1,4,2.375,0.609375,0,0.1875,0.187593,8
be3946af6a5d9dbb,16,0.15,0,0,1,6,1,4,2.25,0.4375,0,0.135417,0.243927,8
b79cd01733bc86e6,16,0.158333,1,0,0,8,1,4,2.375,0.484375,0,0.0,0.119307,8
91739034de46c836,16,0.141667,0,0,0,10,1,3,2.125,0.359375,0,0.0,0.073047,8
2d6608c821bf1808,16,0.15,1,0,0,7,1,3,2.25,0.3125,0,0.0,0.208678,8
fd56c1cb2d2d572b,16,0.158333,0,0,1,7,1,4,2.375,0.609375,0,0.052083,0.23906,8
63aa418d2ed571e3,16,0.141667,0,0,0,8,1,3,2.125,0.234375,0,0.0,0.137274,8
08ebe287437e696c,16,0.15,0,0,1,10,1,4,2.25,0.5625,0,0.052083,0.105099,8
0a8ae1849ff81140,16,0.158333,0,0,1,8,1,4,2.375,0.484375,0,0.052083,0.121494,8
fc8d0530d07e32d7,16,0.133333,1,0,0,11,1,3,2.0,0.25,0,0.0,0.069959,8
906e350273204285,16,0.141667,0,0,0,7,1,3,2.125,0.234375,0,0.0,0.172536,8
40593dcd8017d302,16,0.15,0,0,1,6,1,4,2.25,0.5625,0,0.104167,0.199176,8
b23afcd1e01f8bd1,16,0.158333,1,0,0,7,1,3,2.375,0.484375,0,0.0,0.187458,8
f7309c383ca564f0,16,0.141667,0,0,0,10,1,3,2.125,0.234375,0,0.0,0.0712,8
7681506b2aac17db,16,0.15,0,0,0,6,1,4,2.25,0.5625,0,0.0,0.139598,8
5037ea11ad2024a2,16,0.158333,0,0,2,6,1,4,2.375,0.609375,0,0.145833,0.245976,8
41d93712259572dd,16,0.141667,1,0,0,10,1,3,2.125,0.234375,0,0.0,0.072435,8
29b25ee464e4039c,16,0.15,0,0,0,6,1,3,2.25,0.4375,0,0.0,0.227766,8
e041bf7b5e5d459a,16,0.158333,0,0,0,6,1,4,2.375,0.484375,0,0.0,0.256278,8
d8164cbfa17da8d0,16,0.141667,0,0,0,9,1,3,2.125,0.234375,0,0.0,0.130726,8
416595d3228cae8e,16,0.15,0,0,1,10,1,4,2.25,0.4375,0,0.09375,0.068885,8
6466891b5de94bda,16,0.158333,0,0,0,6,1,4,2.375,0.484375,0,0.0,0.22329,8
8b843cdcb1ea2be8,16,0.141667,1,0,0,7,1,3,2.125,0.234375,0,0.0,0.167429,8
907f7ef7452120c2,16,0.15,0,0,1,10,1,4,2.25,0.4375,0,0.09375,0.053969,8
a7925176dab0a5c7,16,0.158333,1,0,0,10,1,3,2.375,0.359375,0,0.0,0.104987,8
926fa769bba0e651,16,0.141667,0,0,0,8,1,3,2.125,0.359375,0,0.0,0.152241,8
b0a887c797a67b6e,16,0.15,0,0,0,8,1,3,2.25,0.3125,0,0.0,0.117025,8
41793770a6d7ec36,16,0.158333,0,0,2,10,1,4,2.375,0.484375,0,0.166667,0.075869,8
8973374a0b32e169,16,0.141667,1,0,0,8,1,3,2.125,0.359375,0,0.0,0.152241,8
8b84ba13626b9752,16,0.15,0,0,0,8,1,3,2.25,0.4375,0,0.0,0.116123,8
123d2d0941027655,16,0.158333,0,0,0,6,1,4,2.375,0.484375,0,0.0,0.254354,8
80124058857db7dd,16,0.15,1,0,0,8,1,3,2.25,0.4375,0,0.0,0.152854,8
6c6dfe5544bf53e9,16,0.158333,0,0,1,7,1,4,2.375,0.609375,0,0.052083,0.163371,8
2f6e5eecf466cf8d,16,0.141667,0,0,1,11,1,3,2.125,0.359375,0,0.104167,0.067029,8
ae9be2acb49bbe8f,16,0.15,0,0,0,7,1,3,2.25,0.3125,0,0.0,0.155667,8
2077cfb31fde1bb1,16,0.158333,0,0,1,6,1,4,2.375,0.734375,0,0.052083,0.225131,8
907d1f312b7fd170,16,0.141667,1,0,0,11,1,4,2.125,0.484375,0,0.0,0.066617,8
29add3b8b72a8276,16,0.15,0,0,0,7,1,4,2.25,0.5625,0,0.0,0.187834,8
5abb793f649ae843,16,0.158333,0,0,1,8,1,4,2.375,0.609375,0,0.09375,0.118134,8
098f22e634731718,16,0.15,0,0,2,11,1,4,2.25,0.4375,0,0.145833,0.053941,8
77b3e8a391985ea9,16,0.158333,0,0,0,7,1,4,2.375,0.609375,0,0.0,0.152576,8
91a5085457d4e7e3,16,0.15,0,0,1,9,1,3,2.25,0.3125,0,0.104167,0.116737,8
f2fbbc72bea58e18,16,0.158333,0,0,1,6,2,4,2.375,0.359375,0,0.104167,0.194235,8
a057081c04ce9c34,16,0.141667,0,0,0,10,1,3,2.125,0.234375,0,0.0,0.065849,8
c31a16bea81c8b99,16,0.15,0,0,0,7,2,4,2.25,0.3125,0,0.0,0.176424,8
c9758bccb8d227f8,16,0.158333,0,0,1,8,1,3,2.375,0.359375,0,0.0625,0.141536,8
659e9f06e6c391de,16,0.141667,0,0,0,7,1,3,2.125,0.359375,0,0.0,0.168507,8
073bef3d5214bfd8,16,0.15,0,0,1,7,1,3,2.25,0.3125,0,0.104167,0.199257,8
3c513172f4db7cfd,16,0.158333,0,0,1,6,1,5,2.375,0.859375,0,0.047917,0.24274,8
e21c29de0766c22b,16,0.141667,1,0,0,10,1,3,2.125,0.234375,0,0.0,0.059934,8
ed2a13cbc26b3254,16,0.15,0,0,0,7,1,3,2.25,0.4375,0,0.0,0.154931,8
b5203b30ebbc9b00,16,0.158333,0,0,0,8,1,4,2.375,0.484375,0,0.0,0.163987,8
a22f878ad725362a,16,0.15,0,0,1,9,1,3,2.25,0.3125,0,0.0625,0.089852,8
9534ac1d4215f3d3,16,0.158333,0,0,1,8,1,4,2.375,0.484375,0,0.104167,0.072863,8
cb9a142425acac71,16,0.141667,0,0,1,11,2,3,2.125,0.109375,0,0.145833,0.048552,8
fcd33e203608040d,16,0.15,0,0,2,10,1,4,2.25,0.5625,0,0.145833,0.071216,8
167d6693f8bf4a71,16,0.158333,0,0,1,7,1,3,2.375,0.359375,0,0.0625,0.237549,8
cab35edfe1ddda2f,16,0.141667,1,0,0,9,1,3,2.125,0.234375,0,0.0,0.105847,8
e2ed3621ab3d2d26,16,0.15,0,0,3,12,1,4,2.25,0.5625,0,0.25,0.046515,8
b237c2791270a50a,16,0.158333,0,0,0,7,2,3,2.375,0.234375,0,0.0,0.180367,8
ca42cafa7e0cec95,16,0.141667,1,0,0,10,1,3,2.125,0.234375,0,0.0,0.066674,8
8b29d5a6ca77ff59,16,0.15,0,0,0,7,1,3,2.25,0.3125,0,0.0,0.175242,8
48c4a84811774902,16,0.158333,0,0,0,8,1,4,2.375,0.484375,0,0.0,0.098361,8
7b4c25c9451cb633,16,0.141667,0,0,1,12,1,4,2.125,0.484375,0,0.09375,0.056465,8
ed04e36d2d9bdb73,16,0.15,0,0,1,7,1,3,2.25,0.4375,0,0.104167,0.192752,8
7f088e7fe18a4e47,16,0.158333,0,0,0,8,1,4,2.375,0.609375,0,0.0,0.148117,8
57262509ecb439a3,16,0.141667,0,0,0,9,1,3,2.125,0.234375,0,0.0,0.062205,8
33986de59ce878fe,16,0.15,0,0,0,7,1,4,2.25,0.4375,0,0.0,0.19866,8
ce31de799e6f76b4,16,0.158333,0,0,0,7,1,4,2.375,0.484375,0,0.0,0.238255,8
89d68e2df398a886,16,0.141667,0,0,2,13,1,3,2.125,0.359375,0,0.208333,0.045713,8
313ada6760448b7d,16,0.15,0,0,1,9,1,4,2.25,0.4375,0,0.09375,0.130197,8
b8ffefdc2fba486d,16,0.158333,0,0,1,7,1,3,2.375,0.484375,0,0.0625,0.156845,8
e1453946a8bb5d8b,16,0.141667,0,0,0,10,1,3,2.125,0.359375,0,0.0,0.084938,8
45eab86fb751a9d2,16,0.15,0,0,1,9,1,3,2.25,0.3125,0,0.0625,0.072847,8
9836f755289451cb,16,0.158333,0,0,0,6,1,3,2.375,0.484375,0,0.0,0.21375,8
dd1958f66aa0e773,16,0.15,0,0,0,6,1,4,2.25,0.4375,0,0.0,0.236673,8
d4a5228f41139b3f,16,0.158333,0,0,0,6,1,4,2.375,0.484375,0,0.0,0.233978,8
3560b91aeb2c1c21,16,0.141667,1,0,0,8,1,3,2.125,0.359375,0,0.0,0.120615,8
ebc1229b9e0eb6b8,16,0.15,0,0,0,6,1,3,2.25,0.3125,0,0.0,0.247605,8
ace6a336549c4ada,16,0.158333,1,0,0,7,2,3,2.375,0.234375,0,0.0,0.212495,8
ad68379ea8b5b9e6,16,0.141667,0,0,1,9,1,3,2.125,0.359375,0,0.104167,0.087532,8
d028f112d2f3ab46,16,0.15,0,0,1,11,1,3,2.25,0.3125,0,0.145833,0.049399,8
6e4335d1f2249980,16,0.158333,0,0,2,10,1,4,2.375,0.609375,0,0.177083,0.072676,8
ca8ca8e5ca6c7e8f,16,0.141667,1,0,0,7,1,3,2.125,0.359375,0,0.0,0.205101,8
a2e809370e9c30cf,16,0.15,1,0,0,8,1,3,2.25,0.3125,0,0.0,0.106964,8
25f9542d39158e21,16,0.158333,0,0,3,9,1,4,2.375,0.609375,0,0.208333,0.073925,8
84a1d019aed93534,16,0.141667,0,0,0,8,1,4,2.125,0.484375,0,0.0,0.107149,8
4e05e07ac7bceabc,16,0.158333,0,0,0,6,2,4,2.375,0.359375,0,0.0,0.272312,8
0758bd22b70f93a7,16,0.141667,1,0,0,11,1,3,2.125,0.359375,0,0.0,0.056068,8
8203d8b8340119c1,16,0.15,0,0,1,7,1,4,2.25,0.4375,0,0.09375,0.179114,8
587ea33eac9d6602,16,0.158333,0,0,1,10,1,4,2.375,0.484375,0,0.0625,0.064886,8
4eb742c69c1b4aed,16,0.141667,0,0,1,10,2,3,2.125,0.109375,0,0.145833,0.061062,8
afc5e7cb6ba2bcd6,16,0.15,0,0,1,8,1,4,2.25,0.4375,0,0.052083,0.15587,8
fa5aaefaade7c9ca,16,0.158333,0,0,0,6,1,4,2.375,0.484375,0,0.0,0.307803,8
8515d81aba9e1a8d,16,0.141667,1,0,0,10,1,3,2.125,0.359375,0,0.0,0.073064,8
d20f01c3f7d5c7ff,16,0.15,0,0,0,9,1,3,2.25,0.3125,0,0.0,0.141831,8
26ae1c93e1157177,16,0.158333,0,0,0,7,1,4,2.375,0.484375,0,0.0,0.207245,8
8e6f3769c27ced9f,16,0.141667,0,0,1,10,1,3,2.125,0.234375,0,0.0625,0.097887,8
0af7a4dd15f506a1,16,0.15,0,0,0,6,1,3,2.25,0.3125,0,0.0,0.256259,8
5413145f7c88925b,16,0.158333,0,0,0,9,1,4,2.375,0.484375,0,0.0,0.074764,8
52934fd12614dd4a,16,0.15,0,0,0,8,1,3,2.25,0.3125,0,0.0,0.158167,8
6e81886684778c19,16,0.158333,0,0,2,6,1,4,2.375,0.609375,0,0.1875,0.23479,8
569bad884e86e348,16,0.15,0,0,1,7,1,3,2.25,0.3125,0,0.104167,0.160436,8
33adfee9ca4b96b0,16,0.158333,0,0,0,7,1,4,2.375,0.609375,0,0.0,0.156338,8
7b73a2308dfcafe6,16,0.141667,0,0,0,8,1,3,2.125,0.359375,0,0.0,0.087272,8
7a01560ddeefb3aa,16,0.15,0,0,0,6,1,4,2.25,0.4375,0,0.0,0.170788,8
267c1b94a448f890,16,0.158333,0,0,1,7,2,4,2.375,0.359375,0,0.145833,0.161456,8
d71dccf5cea57781,16,0.141667,1,0,0,7,1,3,2.125,0.359375,0,0.0,0.198062,8
a2daf7b5f0087fed,16,0.15,0,0,2,8,1,4,2.25,0.5625,0,0.145833,0.113172,8
e41e42292b4adc2a,16,0.158333,0,0,1,9,1,4,2.375,0.484375,0,0.052083,0.074601,8
2aaeaf3c210b54ff,16,0.141667,0,0,0,6,1,3,2.125,0.359375,0,0.0,0.196274,8
b5afbae93688c12e,16,0.15,0,0,0,10,1,4,2.25,0.5625,0,0.0,0.06172,8
66e0c28cdc1264d0,16,0.158333,0,0,0,6,1,4,2.375,0.609375,0,0.0,0.316116,8
0c2cb220ef7a37eb,16,0.141667,0,0,0,7,1,4,2.125,0.359375,0,0.0,0.153759,8
36c149895f9e20a7,16,0.15,0,0,0,7,1,3,2.25,0.3125,0,0.0,0.188463,8
2658bf4bb63a862c,16,0.158333,0,0,2,9,1,4,2.375,0.609375,0,0.125,0.113198,8
43e2d384ed4d626d,16,0.141667,0,0,0,10,1,3,2.125,0.359375,0,0.0,0.08656,8
7a3a39fef397fbfa,16,0.15,0,0,1,8,1,3,2.25,0.3125,0,0.104167,0.114916,8
83ad884ebe2083ff,16,0.158333,0,0,1,6,1,4,2.375,0.609375,0,0.0625,0.17586,8
9c5d6dbad9b792e4,16,0.15,0,0,1,7,1,3,2.25,0.3125,0,0.104167,0.207125,8
4ef0e34465fdc89e,16,0.158333,0,0,1,8,1,4,2.375,0.484375,0,0.104167,0.119093,8
8bf86b40f76b9408,16,0.141667,0,0,0,9,1,4,2.125,0.359375,0,0.0,0.09185,8
60d54bf6375c99e8,16,0.15,0,0,0,6,1,3,2.25,0.3125,0,0.0,0.191015,8
79a2ea321253b35a,16,0.158333,0,0,0,7,1,4,2.375,0.484375,0,0.0,0.201275,8
eb9c7ab7c64bd907,16,0.141667,0,0,0,9,1,3,2.125,0.234375,0,0.0,0.08873,8
d09549bd2cf8be35,16,0.15,0,0,1,7,2,3,2.25,0.1875,0,0.145833,0.156562,8
c8d2497c02cdb24f,16,0.158333,0,0,2,10,1,3,2.375,0.359375,0,0.208333,0.066638,8
d6e8506ff200f68d,16,0.15,0,0,0,8,1,3,2.25,0.3125,0,0.0,0.106999,8
4cbbec3e1837bdc6,16,0.158333,0,0,0,6,1,4,2.375,0.484375,0,0.0,0.274003,8
2ec2ecc1f3591193,16,0.141667,0,0,0,8,1,3,2.125,0.234375,0,0.0,0.152241,8
3563e764110d3f04,16,0.15,0,0,1,8,1,3,2.25,0.3125,0,0.104167,0.114324,8
d30189abb66eb3a8,16,0.158333,0,0,0,6,2,3,2.375,0.234375,0,0.0,0.296674,8
037e1122773069f6,16,0.141667,0,0,0,8,1,3,2.125,0.234375,0,0.0,0.113607,8
e58fdeae407f5c27,16,0.15,0,0,0,8,1,4,2.25,0.4375,0,0.0,0.093037,8
ed0c17270f73b8f8,16,0.158333,0,0,1,6,1,3,2.375,0.359375,0,0.104167,0.205098,8
0c06d2b99276a014,16,0.141667,1,0,0,9,1,4,2.125,0.359375,0,0.0,0.114219,8
527acfdcd2f499cd,16,0.15,0,0,0,6,1,4,2.25,0.4375,0,0.0,0.216932,8
75471d89910c0c35,16,0.158333,0,0,1,6,1,3,2.375,0.359375,0,0.145833,0.175741,8
169408cf6045f672,16,0.141667,0,0,0,8,1,3,2.125,0.359375,0,0.0,0.150679,8
5c566d7c036c3025,16,0.15,0,0,0,9,1,3,2.25,0.3125,0,0.0,0.103463,8
1c337b3e1a0996da,16,0.158333,0,0,2,8,1,4,2.375,0.734375,0,0.125,0.11568,8
587eada57e470bfb,16,0.141667,0,0,0,7,1,3,2.125,0.234375,0,0.0,0.184965,8
d2b50098a7174e8f,16,0.15,0,0,0,7,1,3,2.25,0.3125,0,0.0,0.214997,8
df04f2c26686cfb9,16,0.158333,1,0,0,7,2,3,2.375,0.234375,0,0.0,0.191001,8
0052b98bd5aa91f6,16,0.15,0,0,1,8,1,4,2.25,0.4375,0,0.09375,0.168902,8
1606dc13159ffe83,16,0.158333,0,0,1,7,1,4,2.375,0.484375,0,0.104167,0.159587,8
fd07b601f2de6032,16,0.141667,0,0,0,9,1,3,2.125,0.234375,0,0.0,0.088558,8
49dc4124174fca31,16,0.15,0,0,0,8,1,4,2.25,0.4375,0,0.0,0.119294,8
6c5d5d0dccc49438,16,0.158333,0,0,1,7,2,3,2.375,0.234375,0,0.0625,0.234375,8
3a25f719164e1210,16,0.141667,0,0,1,11,1,3,2.125,0.234375,0,0.104167,0.0535,8
0e79c741ed947436,16,0.15,0,0,1,6,1,4,2.25,0.4375,0,0.135417,0.240826,8
184c01b454d7a9a2,16,0.158333,0,0,0,6,1,3,2.375,0.359375,0,0.0,0.227307,8
6288d0b78323d730,16,0.141667,0,0,1,7,1,4,2.125,0.484375,0,0.09375,0.176153,8
e31f88916988a9aa,16,0.15,0,0,0,6,1,4,2.25,0.5625,0,0.0,0.196173,8
8fa46621b4aa6b8a,16,0.158333,1,0,0,6,1,4,2.375,0.484375,0,0.0,0.273751,8
7ab583cd97e3dc53,16,0.141667,0,0,1,11,1,4,2.125,0.484375,0,0.09375,0.053941,8
8b3b54c6b187b35a,16,0.15,0,0,1,9,1,3,2.25,0.3125,0,0.104167,0.054969,8
1dc67d493fb641eb,16,0.158333,1,0,0,7,1,4,2.375,0.484375,0,0.0,0.121581,8
290d24d56d440d66,16,0.141667,0,0,1,10,1,4,2.125,0.359375,0,0.09375,0.087613,8
4a0a8e24fe8dce6f,16,0.15,0,0,2,10,1,3,2.25,0.4375,0,0.208333,0.075775,8
23d053abe08757b7,16,0.158333,0,0,1,6,2,4,2.375,0.484375,0,0.09375,0.269257,8
2e99786f97000321,16,0.141667,1,0,0,9,1,3,2.125,0.359375,0,0.0,0.129353,8
c91df3cf1b82404f,16,0.15,0,0,0,6,2,3,2.25,0.1875,0,0.0,0.280046,8
36a5ffd9283db704,16,0.158333,0,0,0,8,1,3,2.375,0.484375,0,0.0,0.164674,8
5efd99b3cf844d27,16,0.15,0,0,1,9,1,4,2.25,0.6875,0,0.041667,0.07779,8
d35f86a98361f12b,16,0.158333,0,0,1,8,1,4,2.375,0.609375,0,0.09375,0.094269,8
425f3f33c5a263ac,16,0.141667,0,0,0,9,1,3,2.125,0.234375,0,0.0,0.086807,8
0ed078fa0741a12b,16,0.158333,0,0,1,5,1,4,2.375,0.734375,0,0.09375,0.293367,8
675b0c2c2cfa01a9,16,0.141667,0,0,1,10,1,3,2.125,0.359375,0,0.104167,0.062225,8
1bbd37796ac613e6,16,0.15,0,0,0,7,1,3,2.25,0.4375,0,0.0,0.194015,8
7b19c6730d2215df,16,0.158333,0,0,0,6,1,4,2.375,0.484375,0,0.0,0.213736,8
4283041bb2f1210d,16,0.15,0,0,1,8,1,3,2.25,0.4375,0,0.104167,0.144059,8
ed664db6b2df40e5,16,0.158333,0,0,0,6,2,3,2.375,0.234375,0,0.0,0.256324,8
fe456f45b0b85a45,16,0.141667,0,0,0,9,1,3,2.125,0.359375,0,0.0,0.088306,8
bd53f2fa89c39339,16,0.15,0,0,1,7,1,3,2.25,0.3125,0,0.104167,0.178328,8
d68d8310f01b3cdb,16,0.158333,0,0,0,8,1,4,2.375,0.609375,0,0.0,0.118227,8
b11fbebc27e2aeb3,16,0.141667,1,0,0,9,1,3,2.125,0.234375,0,0.0,0.100903,8
c07626fccc226243,16,0.15,0,0,1,7,1,3,2.25,0.4375,0,0.0625,0.190123,8
159c52d17b63e1f7,16,0.158333,0,0,1,6,1,4,2.375,0.484375,0,0.104167,0.222224,8
4acc8c868e9d0269,16,0.141667,1,0,0,11,1,3,2.125,0.234375,0,0.0,0.053693,8
ff0b1509cff1e030,16,0.15,0,0,0,6,1,4,2.25,0.6875,0,0.0,0.191194,8
03152cd58b20a488,16,0.158333,0,0,1,6,1,4,2.375,0.484375,0,0.052083,0.239941,8
7409fc6c40e241a7,16,0.141667,1,0,0,11,1,4,2.125,0.484375,0,0.0,0.072535,8
f53c2094eee77789,16,0.15,0,0,1,8,1,3,2.25,0.3125,0,0.104167,0.157513,8
8ce358d9504748f6,16,0.158333,0,0,1,7,1,4,2.375,0.609375,0,0.041667,0.201627,8
d4bc8e0c835b7d00,16,0.141667,0,0,0,10,1,3,2.125,0.234375,0,0.0,0.081642,8
029f9ef0a662b076,16,0.15,0,0,1,7,1,4,2.25,0.4375,0,0.09375,0.164903,8
a83cf55bc6f5463b,16,0.158333,0,0,0,6,1,4,2.375,0.609375,0,0.0,0.23331,8
a2963e9cddfde7ee,16,0.15,0,0,1,7,1,3,2.25,0.4375,0,0.0625,0.153548,8
487fa23c561c7fea,16,0.158333,0,0,1,8,1,5,2.375,0.859375,0,0.047917,0.115594,8
70f86644ab3cc626,16,0.15,0,0,1,8,1,3,2.25,0.4375,0,0.0625,0.15413,8
4cfd4f34fee4e1db,16,0.158333,0,0,1,7,1,4,2.375,0.484375,0,0.104167,0.153687,8
d49ff0301799afbb,16,0.141667,0,0,0,6,1,3,2.125,0.234375,0,0.0,0.216975,8
df84e337e4bdab0a,16,0.15,0,0,1,7,2,4,2.25,0.3125,0,0.09375,0.180089,8
a767e648fd389644,16,0.158333,0,0,1,7,1,4,2.375,0.484375,0,0.09375,0.190983,8
3213ce9533fa62da,16,0.141667,0,0,0,9,1,3,2.125,0.234375,0,0.0,0.067596,8
a30061a71bf59894,16,0.15,0,0,1,7,1,4,2.25,0.4375,0,0.052083,0.171532,8
ace06fe1d6ba4d9e,16,0.158333,0,0,2,7,1,4,2.375,0.609375,0,0.135417,0.191645,8
c003879d1055d165,16,0.141667,1,0,0,10,1,4,2.125,0.484375,0,0.0,0.061926,8
5a9a49563c508eb6,16,0.15,0,0,0,6,2,3,2.25,0.1875,0,0.0,0.310801,8
33022462cbdb65c5,16,0.158333,0,0,2,8,1,4,2.375,0.484375,0,0.15625,0.143596,8
8795da4ba4adf853,16,0.141667,0,0,0,7,1,3,2.125,0.234375,0,0.0,0.194639,8
74cec492c0f656d8,16,0.15,1,0,0,8,1,4,2.25,0.4375,0,0.0,0.089502,8
a6643a443bcda0e7,16,0.158333,0,0,0,7,1,4,2.375,0.484375,0,0.0,0.242641,8
e93fe516a316fa1b,16,0.15,0,0,1,8,1,3,2.25,0.3125,0,0.0625,0.115455,8
95b40f9a74591083,16,0.158333,0,0,1,7,1,3,2.375,0.359375,0,0.0625,0.179692,8
af4c79d7f32e7888,16,0.141667,0,0,1,10,1,3,2.125,0.359375,0,0.104167,0.067465,8
f1b19a988cf53b8a,16,0.15,0,0,2,9,1,4,2.25,0.5625,0,0.15625,0.07012,8
6303dc7ca18fa93c,16,0.158333,0,0,0,8,1,4,2.375,0.609375,0,0.0,0.117811,8
05fe61aa82f2551f,16,0.15,0,0,0,6,1,4,2.25,0.4375,0,0.0,0.270878,8
3dec77acd122fabd,16,0.158333,0,0,1,7,1,5,2.375,0.734375,0,0.089583,0.170274,8
e8046cec044d73f0,16,0.141667,0,0,0,7,1,3,2.125,0.234375,0,0.0,0.156226,8
d26d32e49f6771c3,16,0.15,0,0,0,7,2,5,2.25,0.5625,0,0.0,0.171227,8
cceedce3b46fa591,16,0.158333,0,0,0,8,1,4,2.375,0.734375,0,0.0,0.098971,8
ecae958add7eec4d,16,0.141667,0,0,1,12,1,3,2.125,0.359375,0,0.104167,0.049808,8
e3035dfef3a10a89,16,0.15,0,0,1,8,1,4,2.25,0.5625,0,0.09375,0.162422,8
3f49b847d62daba5,16,0.158333,0,0,2,9,1,4,2.375,0.609375,0,0.15625,0.093809,8
7377652b2a5b214e,16,0.15,0,0,1,8,1,4,2.25,0.5625,0,0.104167,0.12103,8
c6588a48bf01ee34,16,0.158333,0,0,1,8,1,4,2.375,0.484375,0,0.09375,0.105712,8
77e622d73f3f1c99,16,0.15,0,0,0,6,1,3,2.25,0.4375,0,0.0,0.226593,8
7b5381fdabc615d8,16,0.158333,0,0,1,7,1,4,2.375,0.484375,0,0.052083,0.200804,8
6eb44b21ec1a8375,16,0.141667,0,0,0,9,1,3,2.125,0.234375,0,0.0,0.119214,8
0bb258f3eef8766c,16,0.15,0,0,0,6,1,3,2.25,0.3125,0,0.0,0.279136,8
492e78c05ee73e60,16,0.158333,0,0,2,6,1,5,2.375,0.734375,0,0.1375,0.31134,8
d596af19c11a09ad,16,0.141667,0,0,1,12,1,4,2.125,0.484375,0,0.09375,0.056385,8
9a5e67f53a55edb7,16,0.15,0,0,1,7,2,3,2.25,0.1875,0,0.145833,0.125041,8
8e82346fc0322c9c,16,0.158333,0,0,1,7,2,4,2.375,0.359375,0,0.104167,0.153994,8
78cb576727ab4bed,16,0.141667,1,0,0,8,1,4,2.125,0.484375,0,0.0,0.128184,8
4f8bc81f49bbedc1,16,0.15,0,0,1,10,1,4,2.25,0.5625,0,0.09375,0.050241,8
d6c554fe48abad18,16,0.158333,0,0,0,8,1,4,2.375,0.609375,0,0.0,0.120859,8
7fa033f2ff46992d,16,0.15,1,0,0,7,1,4,2.25,0.4375,0,0.0,0.179309,8
a678f56c0b5ebbd7,16,0.158333,0,0,2,7,1,4,2.375,0.734375,0,0.09375,0.167863,8
7aaa873b54030088,16,0.15,0,0,1,9,1,3,2.25,0.3125,0,0.0625,0.137279,8
cf515cdb0b776af2,16,0.158333,0,0,0,7,1,3,2.375,0.359375,0,0.0,0.156168,8
dbdf7739612a4eb7,16,0.141667,0,0,1,9,1,3,2.125,0.234375,0,0.145833,0.07219,8
9293b742fc1e621d,16,0.15,0,0,0,7,1,5,2.25,0.8125,0,0.0,0.152346,8
ed6efd8b627617d6,16,0.158333,0,0,1,6,1,4,2.375,0.484375,0,0.052083,0.212485,8
0882e0a4118cc111,16,0.158333,0,0,1,7,1,4,2.375,0.484375,0,0.104167,0.121214,8
3bceda5d051f033f,16,0.141667,0,0,1,12,1,3,2.125,0.359375,0,0.104167,0.045801,8
e5791db71ce7854f,16,0.15,1,0,0,8,1,3,2.25,0.4375,0,0.0,0.136313,8
6033bcd9aec070d5,16,0.158333,0,0,0,8,1,3,2.375,0.359375,0,0.0,0.117183,8
f6e8ab302134202f,16,0.15,0,0,0,9,1,3,2.25,0.3125,0,0.0,0.089997,8
b1a0715f87d62417,16,0.158333,0,0,1,9,1,4,2.375,0.609375,0,0.09375,0.114817,8
ac22853652db72df,16,0.141667,0,0,0,11,1,3,2.125,0.234375,0,0.0,0.053309,8
a56677d71878da4d,16,0.15,0,0,1,11,1,4,2.25,0.5625,0,0.052083,0.082919,8
a6b6f3ba58141141,16,0.158333,0,0,1,6,1,4,2.375,0.484375,0,0.052083,0.243345,8
476514a87f121d8d,16,0.141667,0,0,0,10,1,3,2.125,0.234375,0,0.0,0.063766,8
c619f93fbf67461c,16,0.15,0,0,0,6,2,4,2.25,0.3125,0,0.0,0.195141,8
4adc937e12fdc394,16,0.158333,0,0,1,8,1,6,2.375,1.109375,0,0.0875,0.091977,8
801f1370a7587a43,16,0.141667,0,0,1,9,1,3,2.125,0.359375,0,0.104167,0.07933,8
9db6b733325cb7ed,16,0.15,0,0,0,7,1,3,2.25,0.3125,0,0.0,0.187471,8
c674a7e29965b153,16,0.158333,0,0,2,7,1,4,2.375,0.609375,0,0.15625,0.1619,8
7d8f357002e6c222,16,0.15,0,0,0,8,1,3,2.25,0.3125,0,0.0,0.113037,8
48652d89c798b078,16,0.158333,0,0,0,6,1,3,2.375,0.359375,0,0.0,0.307462,8
c9b4f9402e44af32,16,0.141667,0,0,1,8,1,3,2.125,0.359375,0,0.104167,0.103451,8
f3e71723cefd9fad,16,0.15,0,0,0,8,2,3,2.25,0.1875,0,0.0,0.099046,8
36404e794eb840d9,16,0.158333,0,0,0,5,2,3,2.375,0.234375,0,0.0,0.287282,8
e8440bd7c506a683,16,0.15,0,0,1,9,1,3,2.25,0.4375,0,0.0625,0.143222,8
a9f000b959ce4ea6,16,0.158333,0,0,0,7,1,3,2.375,0.359375,0,0.0,0.227981,8
356aa1591b37e8c3,16,0.141667,0,0,0,8,1,4,2.125,0.359375,0,0.0,0.132916,8
ec1cf6b91cda7a75,16,0.15,0,0,0,7,1,3,2.25,0.4375,0,0.0,0.220779,8
c304d743ec8e49a5,16,0.158333,0,0,1,6,1,5,2.375,0.734375,0,0.089583,0.296767,8
cd6151f24882f8f4,16,0.141667,0,0,0,10,1,3,2.125,0.234375,0,0.0,0.061505,8
08be46a08cd4a951,16,0.15,0,0,1,9,1,3,2.25,0.3125,0,0.104167,0.088019,8
62705e638f091869,16,0.158333,0,0,2,9,1,3,2.375,0.359375,0,0.25,0.0711,8
08a94f777cfebb9f,16,0.15,0,0,0,8,1,4,2.25,0.4375,0,0.0,0.135898,8
0e58fcc1ce322e99,16,0.158333,0,0,1,6,1,4,2.375,0.484375,0,0.104167,0.228979,8
97b5480f6584dd26,16,0.141667,1,0,0,10,1,4,2.125,0.359375,0,0.0,0.075467,8
d192ae053bda5369,16,0.15,0,0,0,6,1,4,2.25,0.4375,0,0.0,0.214309,8
7c42be4790f951c1,16,0.158333,0,0,3,9,1,4,2.375,0.609375,0,0.270833,0.082276,8
6d8fe1475fe7bb5f,16,0.141667,0,0,1,8,1,4,2.125,0.484375,0,0.09375,0.152241,8
661efd33b804b085,16,0.15,0,0,1,9,1,4,2.25,0.5625,0,0.09375,0.109789,8
80fa1d32225b0ada,16,0.158333,0,0,1,7,1,4,2.375,0.734375,0,0.104167,0.181991,8
ab86c34166ed78a3,16,0.15,0,0,0,7,2,3,2.25,0.1875,0,0.0,0.173574,8
31d056f520f5dbab,16,0.158333,0,0,0,7,1,4,2.375,0.484375,0,0.0,0.131896,8
d33d252c583273ed,16,0.15,0,0,1,7,1,4,2.25,0.5625,0,0.052083,0.172208,8
8f0efa37aa1bb40d,16,0.158333,0,0,3,11,1,5,2.375,0.734375,0,0.14375,0.053524,8
916ee51c7c2f3e91,16,0.141667,0,0,1,12,1,4,2.125,0.484375,0,0.09375,0.044283,8
c4f23f94509a7687,16,0.15,0,0,1,10,1,4,2.25,0.5625,0,0.09375,0.068028,8
a970a52ab08bcea5,16,0.158333,0,0,0,7,1,4,2.375,0.484375,0,0.0,0.179501,8
6b8738e4915ff34f,16,0.141667,1,0,0,7,1,3,2.125,0.234375,0,0.0,0.214912,8
9d832b52e078a21c,16,0.15,0,0,0,6,1,4,2.25,0.4375,0,0.0,0.26701,8
c8cf3d3e388d24b6,16,0.158333,0,0,0,7,1,4,2.375,0.484375,0,0.0,0.212545,8
9388f0bdd9a8ff0d,16,0.15,0,0,1,9,1,3,2.25,0.3125,0,0.0625,0.106963,8
74bf9019cf0b1874,16,0.158333,0,0,2,6,1,5,2.375,0.734375,0,0.235417,0.173292,8
58fd05b4a24530dd,16,0.15,0,0,0,6,1,4,2.25,0.4375,0,0.0,0.214665,8
5d283bbe69702692,16,0.158333,0,0,0,7,1,4,2.375,0.734375,0,0.0,0.16614,8
a1ca5ee6bda5dd55,16,0.15,0,0,2,9,1,3,2.25,0.3125,0,0.166667,0.137933,8
3d7a0a22a6e82a98,16,0.158333,0,0,1,9,1,4,2.375,0.484375,0,0.09375,0.086057,8
f2ada45ed966fd4d,16,0.141667,1,0,0,9,1,3,2.125,0.359375,0,0.0,0.088896,8
6575d63bafbc6b01,16,0.15,0,0,0,6,1,4,2.25,0.5625,0,0.0,0.215424,8
e2aa45ceda5071ec,16,0.158333,0,0,2,9,1,4,2.375,0.484375,0,0.15625,0.101539,8
fcfffed4311932a7,16,0.15,0,0,0,6,1,4,2.25,0.5625,0,0.0,0.188101,8
35ac7961ce9cb6c8,16,0.158333,0,0,1,7,1,4,2.375,0.734375,0,0.083333,0.178885,8
74c37e0bc4e7da4b,16,0.141667,0,0,0,7,1,3,2.125,0.234375,0,0.0,0.17397,8
1eafcaa16fa48fa7,16,0.15,0,0,0,11,1,3,2.25,0.3125,0,0.0,0.059191,8
c4709129f8cae080,16,0.158333,0,0,1,8,1,3,2.375,0.359375,0,0.0625,0.111389,8
87b8d94c92183cf7,16,0.141667,0,0,0,9,1,3,2.125,0.234375,0,0.0,0.099817,8
dfc25234f3ac2881,16,0.15,0,0,0,7,1,4,2.25,0.5625,0,0.0,0.160616,8
0b5f8fcbd8283983,16,0.158333,0,0,0,8,1,4,2.375,0.609375,0,0.0,0.097214,8
2c29b87a51086e60,16,0.141667,0,0,0,10,1,3,2.125,0.359375,0,0.0,0.071923,8
62e9dca015dd3005,16,0.15,0,0,0,8,1,3,2.25,0.4375,0,0.0,0.092558,8
8272d6ba7eccf9ef,16,0.158333,0,0,2,8,1,4,2.375,0.484375,0,0.239583,0.123266,8
2e8bac2bb0a4a2df,16,0.141667,0,0,1,11,1,3,2.125,0.359375,0,0.104167,0.055452,8
8a515aa2ca6583c4,16,0.15,0,0,0,8,1,3,2.25,0.4375,0,0.0,0.117707,8
2dcdfe7e454adc3c,16,0.158333,0,0,1,9,2,3,2.375,0.234375,0,0.104167,0.076642,8
f46e0d8def0dd93d,16,0.141667,0,0,0,7,2,3,2.125,0.109375,0,0.0,0.158542,8
8290717312d0a50a,16,0.15,0,0,0,6,1,3,2.25,0.3125,0,0.0,0.240624,8
2aa1e6b06b1778f1,16,0.158333,0,0,1,5,2,4,2.375,0.359375,0,0.052083,0.33269,8
8de6ef51f89d55d4,16,0.141667,0,0,0,8,1,4,2.125,0.484375,0,0.0,0.118916,8
8b4d84bd43773b6f,16,0.15,0,0,0,6,2,4,2.25,0.3125,0,0.0,0.282317,8
a4f120e92dd21687,16,0.158333,0,0,1,6,1,4,2.375,0.609375,0,0.083333,0.269872,8
69cb5bf588319fe5,16,0.141667,1,0,0,7,2,3,2.125,0.109375,0,0.0,0.186393,8
d45fdc96ae3c693f,16,0.15,0,0,1,11,1,3,2.25,0.4375,0,0.104167,0.066249,8
688c496e9637e9eb,16,0.158333,0,0,1,8,1,4,2.375,0.484375,0,0.052083,0.122742,8
88073e01636f1d6b,16,0.141667,1,0,0,8,1,3,2.125,0.234375,0,0.0,0.17445,8
32e848b2df73ebeb,16,0.15,0,0,1,11,1,3,2.25,0.3125,0,0.145833,0.054517,8
00223a95e7a60e96,16,0.158333,0,0,1,8,1,4,2.375,0.484375,0,0.052083,0.158917,8
33460cac79da3a5a,16,0.15,0,0,0,6,1,4,2.25,0.4375,0,0.0,0.274746,8
0dffcc12086d8697,16,0.158333,0,0,1,6,2,4,2.375,0.359375,0,0.052083,0.232581,8
cf37dd4359cfd412,16,0.15,0,0,0,9,1,4,2.25,0.4375,0,0.0,0.110794,8
3ec50c7a5e6af8ae,16,0.158333,1,0,0,6,2,5,2.375,0.609375,0,0.0,0.296023,8
b49ea19b9f609186,16,0.141667,1,0,0,7,1,3,2.125,0.359375,0,0.0,0.158082,8
e9c7352d6fddd972,16,0.15,0,0,0,9,1,3,2.25,0.3125,0,0.0,0.108541,8
7b2b3e759e867f18,16,0.158333,0,0,0,6,1,3,2.375,0.359375,0,0.0,0.26436,8
c019201439934449,16,0.141667,1,0,0,11,1,4,2.125,0.484375,0,0.0,0.061051,8
0534d4e2eba2e808,16,0.15,0,0,1,9,1,5,2.25,0.6875,0,0.047917,0.09043,8
7a296959da1014ba,16,0.158333,0,0,2,7,1,4,2.375,0.734375,0,0.145833,0.21799,8
23715e7399eca97a,16,0.15,0,0,0,5,2,3,2.25,0.1875,0,0.0,0.33503,8
c2ff8bc6f3a031cc,16,0.158333,0,0,1,6,1,4,2.375,0.609375,0,0.083333,0.276438,8
c3a689c5096c4f85,16,0.141667,0,0,1,11,1,4,2.125,0.484375,0,0.09375,0.053569,8
f6594a4d7a329220,16,0.15,0,0,0,6,2,3,2.25,0.1875,0,0.0,0.240424,8
57045b469edaa8cf,16,0.158333,0,0,1,6,1,4,2.375,0.484375,0,0.09375,0.217509,8
1e1951dd9993fd75,16,0.141667,0,0,0,6,1,4,2.125,0.484375,0,0.0,0.219571,8
a5c4f51bd6446186,16,0.15,0,0,0,8,1,3,2.25,0.3125,0,0.0,0.155107,8
0d19663aaa3b1857,16,0.158333,1,0,0,5,1,4,2.375,0.859375,0,0.0,0.315144,8
4a4746c2c52ef1ac,16,0.141667,0,0,0,7,1,3,2.125,0.234375,0,0.0,0.1816,8
c1f2870d67cef302,16,0.15,0,0,2,11,1,4,2.25,0.5625,0,0.197917,0.070596,8
f57bef621fe2f371,16,0.158333,0,0,0,6,2,3,2.375,0.234375,0,0.0,0.240046,8
20761ee00e9e154e,16,0.15,0,0,0,7,1,3,2.25,0.3125,0,0.0,0.243633,8
c3d5a7b3e0cdd7d8,16,0.158333,0,0,2,7,1,4,2.375,0.484375,0,0.15625,0.252386,8
9bc10940ae84f0b8,16,0.141667,1,0,0,10,1,3,2.125,0.234375,0,0.0,0.098899,8
55e4e0bb28f4b26b,16,0.15,0,0,0,8,1,3,2.25,0.4375,0,0.0,0.110974,8
42faab98a73d5b3d,16,0.158333,0,0,1,6,2,4,2.375,0.484375,0,0.09375,0.286594,8
7bb3c5358c132958,16,0.141667,0,0,1,10,1,3,2.125,0.359375,0,0.104167,0.061223,8
b465b00054b4e481,16,0.15,1,0,0,7,2,4,2.25,0.3125,0,0.0,0.180152,8
6b9d06a473a6ae1d,16,0.158333,0,0,0,7,2,3,2.375,0.234375,0,0.0,0.18284,8
3e7a1db0051fdcfb,16,0.15,0,0,1,7,1,4,2.25,0.5625,0,0.052083,0.220727,8
a6d233a6d785fa62,16,0.158333,0,0,1,7,1,4,2.375,0.484375,0,0.104167,0.180913,8
7890cb1d90dd1095,16,0.141667,0,0,1,11,1,3,2.125,0.359375,0,0.0625,0.05349,8
745321b0976c484a,16,0.15,0,0,2,10,1,5,2.25,0.6875,0,0.179167,0.069755,8
8c227f092f8660b7,16,0.158333,0,0,0,5,2,3,2.375,0.234375,0,0.0,0.271717,8
ac6c48c626ec4189,16,0.15,0,0,0,8,1,3,2.25,0.4375,0,0.0,0.089355,8
c8f7a85e0a9db5f2,16,0.158333,0,0,1,7,2,3,2.375,0.234375,0,0.145833,0.119932,8
b2ee96d03c75f2bc,16,0.141667,0,0,0,7,1,3,2.125,0.234375,0,0.0,0.164087,8
a6f4d84c06a4a6e8,16,0.15,0,0,1,8,1,4,2.25,0.5625,0,0.052083,0.117785,8
bd43da9dae07fd11,16,0.158333,0,0,3,10,1,4,2.375,0.734375,0,0.28125,0.062339,8
8fe46786223e9c14,16,0.141667,0,0,1,11,1,3,2.125,0.359375,0,0.104167,0.06042,8
c93b371c3b0b83d7,16,0.15,0,0,0,8,1,4,2.25,0.5625,0,0.0,0.136387,8
79c382094b5243a8,16,0.158333,0,0,0,6,2,3,2.375,0.234375,0,0.0,0.307558,8
a13f2e6acd2be09b,16,0.141667,0,0,1,9,1,3,2.125,0.359375,0,0.104167,0.071622,8
8d48765623c9d28f,16,0.15,0,0,1,6,1,4,2.25,0.6875,0,0.041667,0.226361,8
18e477e406458ba8,16,0.158333,0,0,1,6,2,4,2.375,0.359375,0,0.104167,0.212389,8
4bd5e06f2ec9ff9b,16,0.141667,0,0,1,7,1,3,2.125,0.359375,0,0.104167,0.152241,8
2ffbdea1e349f178,16,0.15,0,0,1,9,1,4,2.25,0.5625,0,0.041667,0.091885,8
f06219f8edb76ec5,16,0.158333,0,0,1,6,2,4,2.375,0.359375,0,0.104167,0.206689,8
4fa0322827fef8d7,16,0.141667,0,0,0,11,1,3,2.125,0.234375,0,0.0,0.057894,8
c91705ef1549fd6f,16,0.15,0,0,1,9,1,4,2.25,0.5625,0,0.052083,0.07389,8
2ac4085200171e9a,16,0.158333,0,0,1,7,1,4,2.375,0.484375,0,0.0625,0.168513,8
20c9b5bd0031f6ea,16,0.141667,0,0,1,9,1,3,2.125,0.234375,0,0.104167,0.103999,8
22d636ff9c2d4e7e,16,0.15,0,0,1,8,1,4,2.25,0.4375,0,0.052083,0.14932,8
aaabef138bdda018,16,0.158333,0,0,1,6,2,4,2.375,0.359375,0,0.052083,0.27712,8
1bb7d60cae70ba0f,16,0.15,0,0,1,8,1,3,2.25,0.3125,0,0.104167,0.112197,8
898396093890530a,16,0.158333,0,0,0,6,1,4,2.375,0.484375,0,0.0,0.261739,8
198f80dddcd9c890,16,0.15,0,0,0,8,1,4,2.25,0.5625,0,0.0,0.154202,8
3621bc2c9d854b3a,16,0.158333,0,0,1,6,1,4,2.375,0.859375,0,0.03125,0.255122,8
5726062d3193e79e,16,0.15,0,0,1,7,1,3,2.25,0.3125,0,0.104167,0.167596,8
92f11ae736f2475b,16,0.158333,0,0,2,10,1,4,2.375,0.859375,0,0.083333,0.096747,8
7bcc9a1707363297,16,0.141667,0,0,0,8,1,3,2.125,0.359375,0,0.0,0.09768,8
f735898095247cc0,16,0.15,0,0,1,6,1,4,2.25,0.5625,0,0.09375,0.200443,8
7a663d2e321c598d,32,0.0625,1,1,0,31,1,2,1.9375,0.058594,0,0.0,0.009631,16
1f67785efdb96a5b,32,0.064516,0,0,0,28,1,3,2.0,0.125,0,0.0,0.010289,16
2a05afe95e3cc51a,32,0.064516,0,0,0,18,1,3,2.0,0.125,0,0.0,0.02469,16
34cc4db75d06e2dc,32,0.066532,0,0,0,19,1,3,2.0625,0.121094,0,0.0,0.01901,16
4d433e209db3b458,32,0.068548,0,0,0,13,1,3,2.125,0.234375,0,0.0,0.048239,16
b1495b36c3ab2221,32,0.070565,0,0,1,13,1,4,2.1875,0.402344,0,0.046875,0.038214,16
9238f51f12fd13d9,32,0.064516,0,0,0,26,1,3,2.0,0.0625,0,0.0,0.010922,16
22ece42cbf59fad6,32,0.066532,0,0,0,18,1,3,2.0625,0.183594,0,0.0,0.035371,16
07235a439e59b8e9,32,0.068548,0,0,0,19,1,3,2.125,0.234375,0,0.0,0.01949,16
83dfba2326bba4dd,32,0.070565,0,0,1,19,1,4,2.1875,0.402344,0,0.046875,0.018528,16
af0535cdaf7159ba,32,0.066532,1,0,0,16,1,4,2.0625,0.246094,0,0.0,0.039334,16
1958c7078d115fbb,32,0.068548,0,0,0,16,1,4,2.125,0.234375,0,0.0,0.038052,16
e8049cca0dc0c153,32,0.070565,0,0,0,12,1,3,2.1875,0.214844,0,0.0,0.063544,16
18e38b3027f1ef1c,32,0.066532,0,0,0,20,1,3,2.0625,0.183594,0,0.0,0.013203,16
06c4db72496fb122,32,0.068548,1,0,0,15,1,3,2.125,0.171875,0,0.0,0.041101,16
f7a6f1caa10db983,32,0.070565,0,0,0,15,1,4,2.1875,0.277344,0,0.0,0.046725,16
433dfc50e15dc31e,32,0.066532,0,0,0,15,1,3,2.0625,0.183594,0,0.0,0.038315,16
7f64644dee59c7ff,32,0.068548,0,0,0,13,1,3,2.125,0.234375,0,0.0,0.074502,16
d429454f7bdf8a6e,32,0.070565,0,0,1,17,1,4,2.1875,0.339844,0,0.046875,0.033581,16
45c0a850ba9b3d32,32,0.064516,0,0,0,26,1,3,2.0,0.125,0,0.0,0.013504,16
9e019b47658f9406,32,0.066532,1,0,0,17,1,3,2.0625,0.183594,0,0.0,0.0352,16
0524cbbe5bb41dd7,32,0.068548,1,0,0,19,1,3,2.125,0.234375,0,0.0,0.015415,16
ead994f4fba2a16e,32,0.070565,0,0,0,16,1,4,2.1875,0.339844,0,0.0,0.038618,16
6c939b4e3904f8d7,32,0.064516,1,0,0,24,1,3,2.0,0.125,0,0.0,0.013114,16
03b8125dc37ee8da,32,0.066532,0,0,0,24,1,3,2.0625,0.183594,0,0.0,0.01215,16
bd0c231a803c8f16,32,0.068548,0,0,0,13,1,4,2.125,0.296875,0,0.0,0.044601,16
bdc261c2709b14ee,32,0.070565,0,0,1,12,2,3,2.1875,0.152344,0,0.052083,0.062822,16
b68038d53e9f9c00,32,0.064516,0,0,0,21,1,3,2.0,0.125,0,0.0,0.015281,16
895bccb95fcfdf67,32,0.066532,0,0,0,26,1,3,2.0625,0.183594,0,0.0,0.010863,16
34aee071e72b6562,32,0.068548,0,0,0,15,1,4,2.125,0.296875,0,0.0,0.042659,16
4302a3ebdb3e0a82,32,0.070565,0,0,0,12,1,3,2.1875,0.214844,0,0.0,0.069216,16
a8b598fd454c5444,32,0.066532,0,0,0,15,1,3,2.0625,0.183594,0,0.0,0.034216,16
d5092bfc1c1cefce,32,0.068548,0,0,0,14,1,4,2.125,0.234375,0,0.0,0.038882,16
08ef550a4797d57d,32,0.070565,0,0,0,17,1,4,2.1875,0.339844,0,0.0,0.017555,16
d3e0e53b8c69cc6e,32,0.068548,0,0,1,21,1,4,2.125,0.296875,0,0.026042,0.013007,16
10aff291bc4ab70b,32,0.070565,0,0,0,22,1,4,2.1875,0.339844,0,0.0,0.0195,16
5adeedab46b6a929,32,0.064516,0,0,1,30,1,3,2.0,0.125,0,0.052083,0.009838,16
664a595a97791885,32,0.066532,1,0,0,23,1,4,2.0625,0.246094,0,0.0,0.01646,16
fba03676f7002ba6,32,0.068548,0,0,0,14,1,4,2.125,0.296875,0,0.0,0.046878,16
a284527f22d26176,32,0.070565,0,0,0,12,1,4,2.1875,0.339844,0,0.0,0.070126,16
ea75baa7923c5546,32,0.066532,1,0,0,16,1,4,2.0625,0.246094,0,0.0,0.038794,16
e03f691fdb97761e,32,0.068548,0,0,0,12,1,3,2.125,0.171875,0,0.0,0.052448,16
04cd72d4063694a0,32,0.070565,0,0,1,12,1,3,2.1875,0.277344,0,0.03125,0.072919,16
13e21beec9d27c76,32,0.066532,0,0,0,15,1,3,2.0625,0.183594,0,0.0,0.045317,16
e6ecae0653c80728,32,0.068548,0,0,0,19,1,4,2.125,0.296875,0,0.0,0.019584,16
2bf78de17cbe3fbe,32,0.070565,0,0,1,16,1,3,2.1875,0.277344,0,0.052083,0.020137,16
ece37da986c0b1e6,32,0.066532,1,0,0,25,1,3,2.0625,0.183594,0,0.0,0.011479,16
59da615698f045bd,32,0.068548,0,0,0,11,1,3,2.125,0.234375,0,0.0,0.082221,16
64a2c367b23aa73d,32,0.070565,1,0,0,12,2,3,2.1875,0.152344,0,0.0,0.055697,16
42bd24b9fe0720be,32,0.066532,0,0,0,25,1,3,2.0625,0.183594,0,0.0,0.011403,16
045336dc52b5b066,32,0.068548,0,0,0,12,1,3,2.125,0.234375,0,0.0,0.074977,16
ed38d2552125b995,32,0.070565,0,0,0,11,1,4,2.1875,0.339844,0,0.0,0.078127,16
25b409c929ad8af1,32,0.064516,1,0,0,17,1,3,2.0,0.125,0,0.0,0.036419,16
f88563475fd319b3,32,0.066532,0,0,1,27,1,3,2.0625,0.183594,0,0.052083,0.01167,16
5eb01fa743e9c709,32,0.068548,0,0,0,11,1,4,2.125,0.234375,0,0.0,0.080218,16
e186357b277ba538,32,0.070565,0,0,0,12,1,5,2.1875,0.527344,0,0.0,0.053656,16
995f7e4460e041f9,32,0.064516,1,0,0,27,1,3,2.0,0.125,0,0.0,0.010869,16
b91316ce75bff4ab,32,0.066532,0,0,0,13,1,4,2.0625,0.246094,0,0.0,0.053455,16
dd01a99b1ae6879f,32,0.068548,0,0,0,21,1,4,2.125,0.296875,0,0.0,0.017924,16
f2e0ec4f1668044b,32,0.070565,0,0,0,13,1,5,2.1875,0.464844,0,0.0,0.056171,16
7dc5b98902072085,32,0.066532,0,0,0,17,1,3,2.0625,0.183594,0,0.0,0.02541,16
2c3a2ca0625458c8,32,0.068548,1,0,0,12,1,4,2.125,0.296875,0,0.0,0.063002,16
4348145baaeefb6c,32,0.070565,0,0,2,16,1,4,2.1875,0.402344,0,0.046875,0.022665,16
4f5b4f2dc0449b68,32,0.064516,0,0,0,26,1,3,2.0,0.125,0,0.0,0.01171,16
f9b03e3d7236a77d,32,0.066532,0,0,0,23,1,3,2.0625,0.183594,0,0.0,0.011208,16
c8bf20334e21e5a4,32,0.068548,0,0,0,18,2,3,2.125,0.109375,0,0.0,0.017734,16
2d189ede0efcf70e,32,0.070565,0,0,1,13,1,3,2.1875,0.214844,0,0.052083,0.050831,16
41c258b05e2e01be,32,0.066532,0,0,1,21,1,3,2.0625,0.183594,0,0.052083,0.017395,16
7f2de23bc49e44b8,32,0.068548,0,0,1,17,1,3,2.125,0.171875,0,0.052083,0.033615,16
ce210f854e463460,32,0.070565,0,0,1,12,1,4,2.1875,0.339844,0,0.046875,0.075931,16
5c8b02ed84edd6b3,32,0.066532,0,0,1,20,1,3,2.0625,0.183594,0,0.03125,0.019205,16
961ad411715e3ce0,32,0.068548,1,0,0,19,1,3,2.125,0.234375,0,0.0,0.022391,16
7c678a3dec5c25b7,32,0.070565,0,0,1,18,1,4,2.1875,0.339844,0,0.026042,0.027935,16
bee4bf5349529d67,32,0.066532,1,0,0,17,1,3,2.0625,0.183594,0,0.0,0.032128,16
bed48165e7a4690e,32,0.068548,0,0,0,18,1,3,2.125,0.234375,0,0.0,0.025019,16
f7c3fa800a25e53f,32,0.070565,0,0,1,12,1,3,2.1875,0.214844,0,0.03125,0.079175,16
a0c7018ce7591752,32,0.066532,0,0,0,18,1,3,2.0625,0.183594,0,0.0,0.019675,16
47710c8698d92407,32,0.068548,0,0,0,15,1,3,2.125,0.171875,0,0.0,0.032806,16
7c69fcb68439d49e,32,0.070565,0,0,0,17,1,3,2.1875,0.214844,0,0.0,0.022542,16
5e98e4c3f3d19cc2,32,0.066532,0,0,1,18,1,3,2.0625,0.121094,0,0.052083,0.031772,16
34a62fc4a18a08c9,32,0.068548,0,0,0,12,1,3,2.125,0.234375,0,0.0,0.070795,16
77b223b22b64069c,32,0.070565,0,0,1,17,1,4,2.1875,0.277344,0,0.026042,0.038598,16
260f62ecec6495cc,32,0.064516,1,0,0,25,1,3,2.0,0.125,0,0.0,0.011882,16
0a509855764258bd,32,0.066532,1,0,0,22,1,3,2.0625,0.183594,0,0.0,0.016023,16
f3ffbce5aedca576,32,0.068548,0,0,0,12,1,3,2.125,0.234375,0,0.0,0.077982,16
03b6e62a538e973d,32,0.070565,0,0,0,11,1,3,2.1875,0.214844,0,0.0,0.079334,16
0ca85d6ba110b3d6,32,0.066532,0,0,1,17,1,3,2.0625,0.183594,0,0.052083,0.035504,16
a9f578e05921ad54,32,0.068548,0,0,1,20,1,4,2.125,0.234375,0,0.026042,0.018188,16
1d959c179cf601c0,32,0.070565,0,0,0,13,1,4,2.1875,0.339844,0,0.0,0.051479,16
fe2f9073bea4833f,32,0.066532,0,0,0,20,1,4,2.0625,0.246094,0,0.0,0.017985,16
ca20a15a5b6ed9d1,32,0.068548,0,0,0,17,1,4,2.125,0.234375,0,0.0,0.032158,16
bf60ab58a7e9d969,32,0.070565,0,0,0,15,1,4,2.1875,0.339844,0,0.0,0.034593,16
13582104385dced9,32,0.066532,0,0,0,18,1,3,2.0625,0.121094,0,0.0,0.027478,16
141f9b903da3ebe7,32,0.068548,0,0,1,19,1,4,2.125,0.296875,0,0.046875,0.020661,16
9f8b70a9c94a091a,32,0.070565,0,0,0,12,1,4,2.1875,0.339844,0,0.0,0.073313,16
694af8ea98970f5a,32,0.064516,0,0,1,30,1,3,2.0,0.125,0,0.052083,0.010072,16
e64307f041105e88,32,0.066532,0,0,0,20,1,3,2.0625,0.183594,0,0.0,0.018054,16
92ee2bb78299840b,32,0.068548,0,0,0,15,1,3,2.125,0.171875,0,0.0,0.042512,16
ab7637316e2edc07,32,0.070565,0,0,0,11,1,3,2.1875,0.277344,0,0.0,0.065821,16
3a77a11a8b08213a,32,0.064516,1,0,0,27,1,3,2.0,0.125,0,0.0,0.010363,16
f51388838eeea6c8,32,0.066532,0,0,0,12,1,3,2.0625,0.183594,0,0.0,0.063202,16
11b28aa9ae0f3843,32,0.068548,0,0,0,14,1,3,2.125,0.171875,0,0.0,0.043467,16
61b7dbcf00bd9e89,32,0.070565,0,0,1,13,1,4,2.1875,0.339844,0,0.046875,0.050187,16
b0dc7c763bb1ea57,32,0.066532,1,0,0,27,1,3,2.0625,0.183594,0,0.0,0.012622,16
2ec31379f2bfb6f6,32,0.068548,0,0,0,15,2,3,2.125,0.109375,0,0.0,0.039053,16
4e97fa83a614b575,32,0.070565,0,0,0,14,1,4,2.1875,0.339844,0,0.0,0.049758,16
e5ea19dfdf592b43,32,0.066532,0,0,0,16,1,3,2.0625,0.183594,0,0.0,0.037998,16
24825294e570b997,32,0.068548,0,0,0,14,1,3,2.125,0.171875,0,0.0,0.042587,16
6c5a0da338730ad4,32,0.070565,0,0,2,13,1,4,2.1875,0.277344,0,0.098958,0.053287,16
658f8ef95383f4fa,32,0.064516,1,0,0,27,1,3,2.0,0.125,0,0.0,0.010603,16
d216fe169bd47642,32,0.066532,0,0,0,15,1,3,2.0625,0.183594,0,0.0,0.039586,16
0681237cb627c5fa,32,0.068548,0,0,0,15,1,3,2.125,0.234375,0,0.0,0.039241,16
f5cefa350bf655e0,32,0.070565,0,0,1,13,1,3,2.1875,0.214844,0,0.03125,0.058396,16
059601465fc5389c,32,0.064516,1,0,0,17,1,3,2.0,0.125,0,0.0,0.037493,16
13e53fda465b4d8a,32,0.066532,0,0,1,28,1,4,2.0625,0.246094,0,0.046875,0.011187,16
7ed80e752b7431fb,32,0.068548,0,0,0,14,1,3,2.125,0.234375,0,0.0,0.063459,16
5634e3fe83e66713,32,0.070565,0,0,0,14,1,3,2.1875,0.214844,0,0.0,0.040203,16
8666af0cec897ae1,32,0.066532,0,0,1,18,1,3,2.0625,0.183594,0,0.052083,0.027063,16
1c4173fba5d28cec,32,0.068548,0,0,0,18,1,4,2.125,0.296875,0,0.0,0.015477,16
8bc1cec5097751df,32,0.070565,0,0,0,12,1,3,2.1875,0.214844,0,0.0,0.06312,16
98e2fd85c8014ef1,32,0.066532,0,0,1,22,1,3,2.0625,0.183594,0,0.052083,0.01492,16
631b22e8909b1bf2,32,0.068548,0,0,0,12,1,3,2.125,0.234375,0,0.0,0.061613,16
8bd217d241e5673b,32,0.070565,0,0,0,12,1,4,2.1875,0.339844,0,0.0,0.056149,16
06f3fb24a388d16d,32,0.064516,0,0,0,26,1,3,2.0,0.125,0,0.0,0.010668,16
f7133548b6737699,32,0.066532,0,0,0,21,1,3,2.0625,0.183594,0,0.0,0.016199,16
89a8ad2ae782ec89,32,0.068548,0,0,0,11,1,4,2.125,0.296875,0,0.0,0.056236,16
2b13be94f764ea3e,32,0.070565,0,0,0,11,1,5,2.1875,0.464844,0,0.0,0.087321,16
3e4ddf490199745a,32,0.066532,0,0,0,19,1,4,2.0625,0.183594,0,0.0,0.026947,16
6dfa1bec6be82616,32,0.068548,0,0,0,16,1,3,2.125,0.234375,0,0.0,0.025406,16
ff6ed7674dba3bb1,32,0.070565,0,0,0,10,1,4,2.1875,0.277344,0,0.0,0.087287,16
6597b6202d24f144,32,0.066532,1,0,0,18,1,3,2.0625,0.183594,0,0.0,0.027882,16
d70d446801de4b61,32,0.068548,0,0,0,20,1,4,2.125,0.296875,0,0.0,0.018297,16
1579b6ec66395ad2,32,0.070565,0,0,0,19,1,3,2.1875,0.214844,0,0.0,0.019301,16
29c63d4da853d4be,32,0.064516,1,0,0,22,1,3,2.0,0.125,0,0.0,0.015192,16
db542ed9c995a4a9,32,0.066532,1,0,0,19,1,3,2.0625,0.183594,0,0.0,0.021763,16
f02217c1201e172e,32,0.068548,0,0,0,13,1,3,2.125,0.234375,0,0.0,0.052096,16
14230a6e122ab396,32,0.070565,0,0,0,15,1,3,2.1875,0.214844,0,0.0,0.022901,16
3805a99ae75eccec,32,0.066532,0,0,0,13,1,3,2.0625,0.121094,0,0.0,0.057154,16
122faa514b738f53,32,0.068548,0,0,1,16,1,4,2.125,0.296875,0,0.026042,0.029555,16
f428d1df14ee7ffc,32,0.070565,0,0,0,12,1,4,2.1875,0.277344,0,0.0,0.078605,16
6d000861fcdf895a,32,0.064516,0,0,0,28,1,3,2.0,0.125,0,0.0,0.010115,16
3ce5932ef7bcdc27,32,0.066532,0,0,0,13,1,3,2.0625,0.121094,0,0.0,0.052272,16
9c82b19734e1a425,32,0.068548,0,0,0,12,1,4,2.125,0.296875,0,0.0,0.058477,16
b13a2c53368bb6da,32,0.070565,0,0,0,15,1,3,2.1875,0.214844,0,0.0,0.039921,16
b651aa3786b67495,32,0.066532,1,0,0,18,1,3,2.0625,0.183594,0,0.0,0.026837,16
98567fcf351de8f8,32,0.068548,0,0,0,14,1,3,2.125,0.234375,0,0.0,0.041132,16
c5dee21eab35920b,32,0.070565,0,0,0,16,1,4,2.1875,0.277344,0,0.0,0.026706,16
729cf1524c3ab180,32,0.066532,0,0,0,17,1,3,2.0625,0.183594,0,0.0,0.037516,16
30fcc2d7851431f7,32,0.068548,0,0,0,13,1,3,2.125,0.234375,0,0.0,0.056993,16
666fa821ee832e8f,32,0.070565,0,0,1,13,2,3,2.1875,0.152344,0,0.052083,0.054313,16
c9d20477bc7d7c48,32,0.064516,1,0,0,27,1,3,2.0,0.125,0,0.0,0.011157,16
50a489d425bf7e59,32,0.066532,0,0,0,17,1,3,2.0625,0.121094,0,0.0,0.037791,16
efd49e626d872459,32,0.068548,0,0,1,20,1,3,2.125,0.234375,0,0.052083,0.018059,16
901c18e2773420aa,32,0.070565,0,0,0,18,1,4,2.1875,0.277344,0,0.0,0.027699,16
8eb64374faf0227f,32,0.066532,1,0,0,20,1,3,2.0625,0.183594,0,0.0,0.016053,16
80e6046bee330458,32,0.068548,1,0,0,13,1,4,2.125,0.296875,0,0.0,0.052511,16
0cbfc5da5613faed,32,0.070565,0,0,0,14,2,3,2.1875,0.152344,0,0.0,0.046827,16
fd3c0a2e09124d77,32,0.066532,1,0,0,15,1,3,2.0625,0.183594,0,0.0,0.051174,16
94eda93b1a45820c,32,0.068548,0,0,0,20,1,3,2.125,0.171875,0,0.0,0.021273,16
e715f137c5294a0d,32,0.070565,0,0,0,14,1,3,2.1875,0.277344,0,0.0,0.066494,16
40595adc2d7afb53,32,0.068548,0,0,0,15,1,4,2.125,0.296875,0,0.0,0.034486,16
2c013f165eba02da,32,0.070565,0,0,1,10,2,4,2.1875,0.214844,0,0.067708,0.08711,16
f250dc0ddd00b485,32,0.064516,0,0,1,30,1,3,2.0,0.125,0,0.052083,0.009677,16
95aae644e2eb9c45,32,0.066532,0,0,0,13,1,4,2.0625,0.246094,0,0.0,0.05449,16
54c23559b393b1ed,32,0.068548,0,0,1,17,1,3,2.125,0.171875,0,0.052083,0.026286,16
417c48828b51b7e5,32,0.070565,0,0,0,12,1,4,2.1875,0.277344,0,0.0,0.071259,16
51943362890dc63b,32,0.064516,0,0,0,28,1,3,2.0,0.125,0,0.0,0.011342,16
0b6a944e17f26eb5,32,0.066532,0,0,1,17,1,3,2.0625,0.183594,0,0.052083,0.028675,16
2930eedb10fabc87,32,0.068548,0,0,1,17,1,3,2.125,0.234375,0,0.052083,0.025126,16
78d27b680c3db84e,32,0.070565,0,0,0,15,1,3,2.1875,0.214844,0,0.0,0.039334,16
e8990a8dce94a4aa,32,0.064516,0,0,0,28,1,3,2.0,0.125,0,0.0,0.009838,16
1599a5c80f859a33,32,0.066532,0,0,0,19,1,3,2.0625,0.183594,0,0.0,0.019933,16
3710e7ac22fb3150,32,0.068548,0,0,0,16,1,3,2.125,0.234375,0,0.0,0.045118,16
dbb16e9b4b41338a,32,0.070565,0,0,0,13,1,4,2.1875,0.277344,0,0.0,0.042615,16
66d4f017510d7642,32,0.064516,0,0,0,18,1,3,2.0,0.125,0,0.0,0.032633,16
903f9e8bd8c8dc4f,32,0.066532,0,0,0,14,1,3,2.0625,0.183594,0,0.0,0.047898,16
bf83180eb5386adc,32,0.068548,0,0,0,13,1,3,2.125,0.171875,0,0.0,0.054924,16
80524e0ca52e8e4d,32,0.070565,0,0,0,12,1,3,2.1875,0.277344,0,0.0,0.079259,16
53164ce3bb380435,32,0.066532,0,0,0,20,1,3,2.0625,0.183594,0,0.0,0.019198,16
32bec60d8b8f092d,32,0.068548,0,0,0,16,1,3,2.125,0.234375,0,0.0,0.025304,16
4883e431c23d63c9,32,0.070565,0,0,0,21,1,4,2.1875,0.402344,0,0.0,0.014289,16
2c2280304e1d55f8,32,0.066532,0,0,1,19,1,3,2.0625,0.183594,0,0.03125,0.026542,16
c439e3c510a488b5,32,0.068548,0,0,0,20,1,4,2.125,0.296875,0,0.0,0.016993,16
ef86592ca11b788e,32,0.070565,0,0,1,14,1,4,2.1875,0.339844,0,0.052083,0.043438,16
edff033f3204ae7d,32,0.066532,0,0,0,18,1,3,2.0625,0.183594,0,0.0,0.022543,16
d1b07f0ecb3414f3,32,0.068548,0,0,1,17,1,3,2.125,0.234375,0,0.03125,0.02804,16
f1372db884f8aeb3,32,0.070565,0,0,0,17,1,3,2.1875,0.214844,0,0.0,0.022876,16
3dcdd69a60afbc35,32,0.064516,0,0,0,26,1,3,2.0,0.125,0,0.0,0.011332,16
8208e8719a22aa6e,32,0.066532,1,0,0,22,1,4,2.0625,0.246094,0,0.0,0.014553,16
26e152da760ce76f,32,0.068548,0,0,0,22,1,3,2.125,0.234375,0,0.0,0.014271,16
ee29b5e1ac5f5099,32,0.070565,0,0,0,19,1,4,2.1875,0.339844,0,0.0,0.027525,16
96e011990770f5c3,32,0.066532,0,0,0,19,1,3,2.0625,0.183594,0,0.0,0.01682,16
065ec3aaca5ea6d5,32,0.068548,0,0,1,14,1,3,2.125,0.234375,0,0.052083,0.067558,16
fa41df5f6654b9d2,32,0.070565,0,0,0,12,1,4,2.1875,0.339844,0,0.0,0.059571,16
94dc73278792cd15,32,0.066532,0,0,0,14,1,3,2.0625,0.183594,0,0.0,0.041115,16
181efe408bc3e142,32,0.068548,0,0,1,22,1,3,2.125,0.171875,0,0.052083,0.01511,16
37e227ece8cac3af,32,0.070565,0,0,0,11,1,5,2.1875,0.402344,0,0.0,0.064586,16
3337aaf2d1479f42,32,0.066532,1,0,0,25,1,3,2.0625,0.183594,0,0.0,0.016465,16
cc4327abfb568547,32,0.068548,0,0,1,17,1,4,2.125,0.296875,0,0.046875,0.030882,16
fae03cd926fc7ce2,32,0.070565,0,0,2,21,1,4,2.1875,0.339844,0,0.098958,0.014552,16
277b8d0636f37620,32,0.066532,0,0,1,21,1,3,2.0625,0.183594,0,0.052083,0.018303,16
1b1c61766963052b,32,0.068548,0,0,0,14,1,3,2.125,0.171875,0,0.0,0.043056,16
afe594d3c4d12b6a,32,0.070565,0,0,0,11,1,4,2.1875,0.339844,0,0.0,0.08638,16
bf5cd4492658c5cc,32,0.066532,0,0,0,16,1,3,2.0625,0.121094,0,0.0,0.038421,16
c3357e7c1fa43357,32,0.068548,0,0,0,13,1,3,2.125,0.171875,0,0.0,0.068335,16
7f15c37461a6df0b,32,0.070565,0,0,0,14,2,3,2.1875,0.152344,0,0.0,0.056559,16
14a1bc09ed075dfb,32,0.066532,1,0,0,18,1,3,2.0625,0.183594,0,0.0,0.033864,16
cac8fa77625d9d24,32,0.068548,1,0,0,19,1,3,2.125,0.171875,0,0.0,0.016849,16
9adee49867bf14c2,32,0.070565,0,0,0,11,1,4,2.1875,0.339844,0,0.0,0.093335,16
27ae3e9ae5f9c09a,32,0.064516,0,0,0,26,1,3,2.0,0.125,0,0.0,0.010983,16
1107dfeb5b49547c,32,0.066532,0,0,2,29,1,3,2.0625,0.183594,0,0.104167,0.010486,16
db88b0572363a53f,32,0.068548,0,0,0,16,1,4,2.125,0.296875,0,0.0,0.025425,16
79dc71abab11784b,32,0.070565,0,0,0,10,1,4,2.1875,0.339844,0,0.0,0.081621,16
33f00a70eed2b83a,32,0.066532,0,0,1,26,1,4,2.0625,0.246094,0,0.046875,0.011247,16
60c241325fabe650,32,0.068548,0,0,0,19,1,3,2.125,0.234375,0,0.0,0.024264,16
53ae163ea5faa0cf,32,0.070565,0,0,0,10,1,3,2.1875,0.277344,0,0.0,0.0982,16
1e818f7bea96aaa0,32,0.066532,0,0,0,22,1,3,2.0625,0.121094,0,0.0,0.014251,16
d207a78f1bafbca6,32,0.068548,0,0,0,16,1,4,2.125,0.359375,0,0.0,0.022885,16
cd5684bbf0875e81,32,0.070565,0,0,0,13,1,4,2.1875,0.339844,0,0.0,0.06574,16
97c58363652313fe,32,0.066532,0,0,1,21,1,3,2.0625,0.183594,0,0.052083,0.017173,16
b8a6dc92384b6ae7,32,0.068548,0,0,0,13,1,3,2.125,0.234375,0,0.0,0.050219,16
270a11b44e7dd498,32,0.070565,0,0,1,11,1,3,2.1875,0.277344,0,0.052083,0.080322,16
f2c69153b2c5aca9,32,0.066532,0,0,0,14,1,3,2.0625,0.183594,0,0.0,0.032441,16
4ce9dfb03113e486,32,0.068548,0,0,0,13,1,5,2.125,0.421875,0,0.0,0.042006,16
376b9f36e2eaf6e6,32,0.070565,0,0,0,11,1,3,2.1875,0.214844,0,0.0,0.072818,16
39ade84eaada1873,32,0.066532,0,0,0,26,1,3,2.0625,0.183594,0,0.0,0.012383,16
6e4a6677c49fb4db,32,0.068548,0,0,0,15,1,3,2.125,0.234375,0,0.0,0.037032,16
169b891388fca121,32,0.070565,0,0,1,15,1,3,2.1875,0.277344,0,0.03125,0.045814,16
94943ad5845331ce,32,0.066532,0,0,0,16,1,3,2.0625,0.121094,0,0.0,0.02882,16
da592ef14072a012,32,0.068548,0,0,0,18,1,3,2.125,0.234375,0,0.0,0.022338,16
27989d6055bbf4b5,32,0.070565,0,0,1,12,1,3,2.1875,0.277344,0,0.03125,0.076443,16
133cc32fa0ef3da6,32,0.064516,1,0,0,17,1,3,2.0,0.0625,0,0.0,0.037992,16
20ba5655281eadaf,32,0.066532,1,0,0,19,1,3,2.0625,0.183594,0,0.0,0.022081,16
1cfd4508846e3925,32,0.068548,0,0,1,23,1,4,2.125,0.296875,0,0.026042,0.013847,16
c5afe3ef6c9ab4ba,32,0.070565,0,0,0,17,1,3,2.1875,0.214844,0,0.0,0.020413,16
58f500dfa08750fb,32,0.066532,1,0,0,21,1,3,2.0625,0.183594,0,0.0,0.019053,16
53d3913698297fec,32,0.068548,0,0,0,18,1,3,2.125,0.171875,0,0.0,0.028076,16
3aea5c1cecb75b21,32,0.070565,0,0,2,13,1,3,2.1875,0.277344,0,0.083333,0.067431,16
6860ddad5f19eb9d,32,0.066532,0,0,0,15,1,3,2.0625,0.183594,0,0.0,0.053993,16
36299ecc4183b9e9,32,0.068548,0,0,0,11,1,3,2.125,0.234375,0,0.0,0.085877,16
82da32da45a79ade,32,0.070565,0,0,0,14,1,4,2.1875,0.277344,0,0.0,0.067951,16
9a71ad855c4a649c,32,0.064516,1,0,0,29,1,3,2.0,0.125,0,0.0,0.010036,16
6f64f6affea623d1,32,0.066532,0,0,0,17,1,4,2.0625,0.246094,0,0.0,0.02648,16
490b53c1aada4015,32,0.068548,0,0,0,15,1,3,2.125,0.171875,0,0.0,0.023906,16
eb8583678fca222a,32,0.070565,0,0,0,14,1,4,2.1875,0.339844,0,0.0,0.046349,16
af7f39757860008b,32,0.068548,0,0,1,16,1,3,2.125,0.171875,0,0.072917,0.020124,16
94f52e76885a367d,32,0.070565,0,0,0,11,1,4,2.1875,0.402344,0,0.0,0.072955,16
c68d54e253e86acd,32,0.066532,0,0,0,15,1,3,2.0625,0.183594,0,0.0,0.04003,16
c7b04767b3536e05,32,0.068548,0,0,0,15,1,3,2.125,0.234375,0,0.0,0.042765,16
f87b4704d44b287e,32,0.070565,0,0,0,18,1,4,2.1875,0.277344,0,0.0,0.023075,16
48a0022649175e54,32,0.066532,1,0,0,18,1,3,2.0625,0.183594,0,0.0,0.018908,16
bc35cda2edae7f7f,32,0.068548,0,0,0,14,1,4,2.125,0.234375,0,0.0,0.054233,16
f955414b322896f6,32,0.070565,0,0,0,11,1,4,2.1875,0.339844,0,0.0,0.048868,16
8cdf6031a0306a02,32,0.066532,0,0,0,18,1,3,2.0625,0.183594,0,0.0,0.025013,16
6763fffe7969fd27,32,0.068548,0,0,0,15,1,3,2.125,0.234375,0,0.0,0.035263,16
cdb86052375e5af3,32,0.070565,0,0,1,12,1,4,2.1875,0.402344,0,0.041667,0.057319,16
d420d7c0af016ff2,32,0.064516,0,0,0,28,1,3,2.0,0.125,0,0.0,0.009964,16
3814863be0961724,32,0.066532,0,0,0,19,1,3,2.0625,0.183594,0,0.0,0.024394,16
4db7d6217e91dda3,32,0.068548,1,0,0,19,1,3,2.125,0.234375,0,0.0,0.017956,16
c66aea31dde56729,32,0.070565,0,0,2,17,1,5,2.1875,0.464844,0,0.089583,0.020711,16
006dfb9b28f7e16a,32,0.066532,1,0,0,19,1,3,2.0625,0.121094,0,0.0,0.024262,16
5e02d37c278d2ed4,32,0.068548,0,0,0,16,1,3,2.125,0.234375,0,0.0,0.025394,16
4de1fa8ded668a22,32,0.070565,0,0,0,12,1,4,2.1875,0.277344,0,0.0,0.056462,16
1cdd5eb767d96fcd,32,0.064516,1,0,0,17,1,3,2.0,0.125,0,0.0,0.037083,16
873f4aeebb26c15d,32,0.066532,0,0,0,18,1,3,2.0625,0.183594,0,0.0,0.032584,16
09f3dff005e19f51,32,0.068548,0,0,0,16,1,3,2.125,0.234375,0,0.0,0.020758,16
3808e9f5c8dd87b6,32,0.070565,0,0,0,13,1,3,2.1875,0.277344,0,0.0,0.041903,16
2a4f7d8ab2802b3f,32,0.066532,1,0,0,19,1,4,2.0625,0.246094,0,0.0,0.021954,16
9a4fd4e4ae9b9dd4,32,0.068548,0,0,1,14,1,4,2.125,0.296875,0,0.046875,0.034801,16
77db5d64c0b9d123,32,0.070565,0,0,0,18,1,3,2.1875,0.214844,0,0.0,0.019156,16
22ddae5fb1aa0639,32,0.068548,0,0,0,17,1,4,2.125,0.296875,0,0.0,0.023723,16
cc576b34b773e95f,32,0.070565,0,0,0,15,1,3,2.1875,0.277344,0,0.0,0.026325,16
e5bc992635139c8a,32,0.066532,0,0,0,16,1,3,2.0625,0.183594,0,0.0,0.038236,16
0c1ce3dd9e60e4d0,32,0.068548,0,0,0,20,1,3,2.125,0.234375,0,0.0,0.017038,16
5daf2fdc329eae00,32,0.070565,0,0,2,22,1,4,2.1875,0.402344,0,0.072917,0.016019,16
bbdd63a5f59de7a2,32,0.064516,0,0,0,17,1,3,2.0,0.125,0,0.0,0.035089,16
65ac0b868c67003c,32,0.066532,0,0,0,24,1,3,2.0625,0.183594,0,0.0,0.010811,16
5b45287708a69fc2,32,0.068548,0,0,0,13,1,4,2.125,0.234375,0,0.0,0.06049,16
0567305792ed5364,32,0.070565,0,0,1,12,1,3,2.1875,0.277344,0,0.052083,0.073406,16
bfd25cf5cd1b1529,32,0.064516,0,0,1,30,1,3,2.0,0.125,0,0.052083,0.009911,16
6105fa308f98bf3a,32,0.066532,0,0,0,15,1,4,2.0625,0.246094,0,0.0,0.042269,16
4e8b16848e12b4ed,32,0.068548,1,0,0,18,1,3,2.125,0.171875,0,0.0,0.031319,16
c764258c62b8f7cc,32,0.070565,0,0,0,12,2,3,2.1875,0.152344,0,0.0,0.066609,16
48394fdaeb0e9348,32,0.066532,0,0,0,20,1,4,2.0625,0.246094,0,0.0,0.021211,16
ef449f8ed8d23467,32,0.068548,0,0,0,16,1,4,2.125,0.296875,0,0.0,0.027364,16
63db8ffc68bd362e,32,0.070565,0,0,0,13,1,5,2.1875,0.464844,0,0.0,0.052259,16
06595d719c7559f0,32,0.066532,1,0,0,25,1,4,2.0625,0.246094,0,0.0,0.014643,16
d1785bbc3c9f481a,32,0.068548,1,0,0,15,2,3,2.125,0.109375,0,0.0,0.040071,16
085505363418d8e5,32,0.070565,0,0,1,16,1,4,2.1875,0.277344,0,0.026042,0.025832,16
36be13ed63ad6a0e,32,0.066532,0,0,1,19,1,4,2.0625,0.246094,0,0.026042,0.02545,16
00396832670b4a56,32,0.068548,0,0,0,12,1,4,2.125,0.296875,0,0.0,0.059592,16
bcf07a179d0666ce,32,0.070565,0,0,0,16,2,4,2.1875,0.214844,0,0.0,0.026203,16
7c714ea585f68d39,32,0.064516,1,0,0,17,1,3,2.0,0.125,0,0.0,0.03778,16
eeccf8a360b3d45a,32,0.066532,0,0,0,17,1,3,2.0625,0.183594,0,0.0,0.022002,16
149ef9e34ed27d2d,32,0.068548,0,0,1,22,1,4,2.125,0.296875,0,0.046875,0.013997,16
509a61834e423828,32,0.070565,0,0,0,18,1,3,2.1875,0.214844,0,0.0,0.022002,16
db2f223c293cba8b,32,0.066532,0,0,0,16,1,3,2.0625,0.183594,0,0.0,0.038179,16
b08c62de098ffb68,32,0.068548,1,0,0,21,1,4,2.125,0.296875,0,0.0,0.015272,16
c356b5223a4cdb82,32,0.070565,0,0,0,14,1,3,2.1875,0.277344,0,0.0,0.056249,16
32d38c9c7afa9a83,32,0.066532,1,0,0,21,1,3,2.0625,0.183594,0,0.0,0.019598,16
3dc6c93aecb07f79,32,0.068548,0,0,0,15,1,3,2.125,0.171875,0,0.0,0.03318,16
b32f0b832ee253ab,32,0.070565,0,0,0,10,1,3,2.1875,0.277344,0,0.0,0.098547,16
50ebaed5f1c7f864,32,0.068548,0,0,1,21,1,3,2.125,0.171875,0,0.052083,0.017923,16
68511aa65b7f2f6c,32,0.070565,0,0,0,13,1,4,2.1875,0.339844,0,0.0,0.05141,16
d0830ff8954607f1,32,0.066532,0,0,0,15,1,3,2.0625,0.183594,0,0.0,0.029921,16
20750c98a34975cd,32,0.068548,0,0,0,12,1,3,2.125,0.171875,0,0.0,0.067811,16
a1d9164548237a3a,32,0.070565,0,0,0,13,1,3,2.1875,0.277344,0,0.0,0.06714,16
342330c437699fa0,32,0.066532,0,0,0,24,1,3,2.0625,0.183594,0,0.0,0.015903,16
3890d9bfd1cbd816,32,0.068548,0,0,1,23,1,3,2.125,0.234375,0,0.03125,0.015647,16
1095a5d535cb8af7,32,0.070565,1,0,0,13,1,3,2.1875,0.214844,0,0.0,0.066117,16
c37addd4c8f1b5af,32,0.066532,0,0,0,22,1,3,2.0625,0.183594,0,0.0,0.019223,16
f656f375d25196d6,32,0.068548,0,0,0,19,1,4,2.125,0.296875,0,0.0,0.028701,16
25eac07848947a3a,32,0.070565,0,0,1,13,1,4,2.1875,0.339844,0,0.052083,0.058657,16
6d7ed31a53307917,32,0.066532,0,0,0,17,1,3,2.0625,0.183594,0,0.0,0.03262,16
47a25ec471a15eb5,32,0.068548,0,0,0,18,1,3,2.125,0.171875,0,0.0,0.01993,16
794be240a691808a,32,0.070565,0,0,1,17,1,4,2.1875,0.277344,0,0.046875,0.027893,16
5ef3a7b8f1726fb3,32,0.066532,0,0,0,13,1,3,2.0625,0.183594,0,0.0,0.053203,16
bb1def0a981185d7,32,0.068548,0,0,0,13,2,3,2.125,0.109375,0,0.0,0.045241,16
1e201654851049b0,32,0.070565,0,0,0,10,1,4,2.1875,0.277344,0,0.0,0.083585,16
17afac8c3428bc96,32,0.066532,0,0,0,16,1,3,2.0625,0.183594,0,0.0,0.036639,16
c4103ff9b3f0388e,32,0.068548,0,0,0,13,1,4,2.125,0.234375,0,0.0,0.055267,16
541849e70db32c07,32,0.070565,0,0,0,12,1,3,2.1875,0.214844,0,0.0,0.056791,16
908db429cbf18d48,32,0.068548,0,0,0,18,1,3,2.125,0.234375,0,0.0,0.02701,16
f05ffa16cf12bf85,32,0.070565,0,0,0,16,1,3,2.1875,0.277344,0,0.0,0.030022,16
6f209841bac611d5,32,0.066532,0,0,0,17,1,3,2.0625,0.183594,0,0.0,0.024979,16
9b6b69cf4c47ebd5,32,0.068548,0,0,1,17,1,3,2.125,0.234375,0,0.052083,0.031208,16
b1b9bfa4c31cb789,32,0.070565,0,0,0,20,1,3,2.1875,0.277344,0,0.0,0.017647,16
538dc2f7ebfd994c,32,0.066532,0,0,0,16,1,3,2.0625,0.121094,0,0.0,0.031946,16
0470730db1341fb3,32,0.068548,0,0,0,11,1,3,2.125,0.171875,0,0.0,0.069929,16
e3b75c2bba274c6d,32,0.070565,0,0,1,19,1,4,2.1875,0.277344,0,0.072917,0.018517,16
14f05c6e3c6864a1,32,0.066532,0,0,0,18,1,3,2.0625,0.183594,0,0.0,0.028294,16
8ed558704d72a327,32,0.068548,0,0,0,14,2,3,2.125,0.109375,0,0.0,0.047094,16
47e4c0795fa7d65e,32,0.070565,0,0,0,19,1,3,2.1875,0.214844,0,0.0,0.018141,16
ae7bd42e2d48f8bc,32,0.064516,1,0,0,28,1,3,2.0,0.125,0,0.0,0.009973,16
0f95f286f0815dea,32,0.066532,0,0,0,18,1,3,2.0625,0.183594,0,0.0,0.022272,16
b84587d81e2e588e,32,0.068548,0,0,0,17,1,4,2.125,0.296875,0,0.0,0.026047,16
744af7bb7c037952,32,0.070565,0,0,1,14,1,4,2.1875,0.339844,0,0.046875,0.048121,16
f68cb21dbb0e1c20,32,0.066532,0,0,0,18,1,3,2.0625,0.183594,0,0.0,0.024867,16
f674f6a31d76403d,32,0.068548,0,0,0,15,1,3,2.125,0.171875,0,0.0,0.029732,16
883758f73766f98a,32,0.070565,0,0,1,14,1,4,2.1875,0.339844,0,0.052083,0.031489,16
bf9893f9eff22a87,32,0.066532,0,0,0,14,1,4,2.0625,0.246094,0,0.0,0.044629,16
619c97dd14273b33,32,0.068548,1,0,0,19,1,3,2.125,0.171875,0,0.0,0.022462,16
8c616bf6756a2cd2,32,0.070565,0,0,0,16,1,3,2.1875,0.277344,0,0.0,0.04019,16
1b796e659aa63644,32,0.066532,0,0,0,15,1,3,2.0625,0.183594,0,0.0,0.038023,16
91dd17fe9e7f1759,32,0.068548,0,0,0,14,1,4,2.125,0.296875,0,0.0,0.05012,16
c741a7b01b4d50be,32,0.070565,0,0,1,17,1,4,2.1875,0.339844,0,0.026042,0.031441,16
58bb7361c9c6316e,32,0.066532,1,0,0,16,1,3,2.0625,0.183594,0,0.0,0.038172,16
48608a6315156032,32,0.068548,0,0,0,13,1,4,2.125,0.296875,0,0.0,0.048377,16
2f3e9af1e35046ce,32,0.070565,0,0,2,14,1,4,2.1875,0.402344,0,0.09375,0.056563,16
4c85d4c76f7471d5,32,0.066532,1,0,0,19,1,3,2.0625,0.183594,0,0.0,0.01955,16
5a57367b91e01fc3,32,0.068548,0,0,0,13,1,4,2.125,0.296875,0,0.0,0.034203,16
03d8052159e03c21,32,0.070565,0,0,1,15,2,3,2.1875,0.152344,0,0.072917,0.022697,16
33b4460f5841d913,32,0.068548,0,0,1,18,1,3,2.125,0.171875,0,0.052083,0.027092,16
98371a0c7b2f78bc,32,0.070565,0,0,1,14,1,3,2.1875,0.277344,0,0.052083,0.030299,16
a66853095a9bcc98,32,0.066532,0,0,0,15,1,3,2.0625,0.183594,0,0.0,0.041538,16
03ec90b865468875,32,0.068548,0,0,0,13,1,3,2.125,0.171875,0,0.0,0.053301,16
8393968da216cc01,32,0.070565,0,0,0,15,1,3,2.1875,0.277344,0,0.0,0.041464,16
e8759fe4c1afa7da,32,0.066532,0,0,0,20,1,3,2.0625,0.183594,0,0.0,0.02543,16
9c43094ba2963a78,32,0.068548,1,0,0,17,1,3,2.125,0.171875,0,0.0,0.032535,16
bb80df188ac18201,32,0.070565,0,0,1,18,1,5,2.1875,0.402344,0,0.044792,0.019837,16
7ca7901c7725ca69,32,0.066532,0,0,1,16,1,3,2.0625,0.183594,0,0.052083,0.040654,16
f064b6e1afb771d7,32,0.068548,0,0,0,19,1,3,2.125,0.234375,0,0.0,0.016858,16
df5b4f21fd0e9dcd,32,0.070565,0,0,0,13,1,3,2.1875,0.277344,0,0.0,0.062719,16
ded350ea2d32690a,32,0.066532,0,0,0,20,1,3,2.0625,0.183594,0,0.0,0.019803,16
389a34fb98ec7672,32,0.068548,0,0,1,19,1,4,2.125,0.296875,0,0.026042,0.020932,16
614a501a0080f502,32,0.070565,0,0,0,11,1,3,2.1875,0.277344,0,0.0,0.070144,16
bdfa0ea6b663d0c0,32,0.066532,1,0,0,15,1,3,2.0625,0.183594,0,0.0,0.05391,16
42aa390660a4ec4c,32,0.068548,0,0,0,12,1,4,2.125,0.234375,0,0.0,0.04844,16
aaa0f4fc1a487a4e,32,0.070565,0,0,0,13,1,4,2.1875,0.277344,0,0.0,0.043982,16
5094e40c254887e5,32,0.066532,0,0,0,13,1,3,2.0625,0.183594,0,0.0,0.031815,16
8c9e26ec32b75895,32,0.068548,1,0,0,14,1,4,2.125,0.296875,0,0.0,0.044674,16
a2a9b901ab11d259,32,0.070565,0,0,0,11,1,3,2.1875,0.277344,0,0.0,0.081174,16
cf898edf03ccac0e,32,0.064516,1,0,0,16,1,3,2.0,0.125,0,0.0,0.038429,16
49c2b0eb0ef248fb,32,0.066532,0,0,0,20,1,3,2.0625,0.121094,0,0.0,0.023948,16
2c777e87ec9d80c8,32,0.068548,0,0,0,17,1,4,2.125,0.296875,0,0.0,0.025663,16
e8cc758fb662c8ff,32,0.070565,0,0,0,11,1,3,2.1875,0.214844,0,0.0,0.073107,16
a0cf463cabd6ceb3,32,0.068548,0,0,0,15,1,3,2.125,0.171875,0,0.0,0.047288,16
041c1d78de069316,32,0.070565,0,0,0,12,1,4,2.1875,0.339844,0,0.0,0.052826,16
e7792f4ddf7f3563,32,0.066532,0,0,0,19,1,3,2.0625,0.183594,0,0.0,0.020986,16
2391d32d45b3c248,32,0.068548,0,0,0,17,1,3,2.125,0.171875,0,0.0,0.032657,16
cd8502075c6f3198,32,0.070565,0,0,2,14,1,3,2.1875,0.277344,0,0.083333,0.055976,16
f355d549fd791b26,32,0.064516,0,0,0,16,1,3,2.0,0.125,0,0.0,0.037994,16
ad33917605c98743,32,0.066532,1,0,0,16,2,3,2.0625,0.058594,0,0.0,0.038429,16
370ab01cff792c2e,32,0.068548,0,0,0,16,1,3,2.125,0.234375,0,0.0,0.040382,16
0e09e0513a86f39d,32,0.070565,0,0,1,11,1,4,2.1875,0.402344,0,0.046875,0.059369,16
1065cdd12f50d2b5,32,0.066532,0,0,0,19,1,3,2.0625,0.183594,0,0.0,0.018234,16
03ca61d8a90c0cb3,32,0.068548,0,0,1,17,1,4,2.125,0.296875,0,0.026042,0.032615,16
e8fd5d8b474f68c7,32,0.070565,0,0,2,21,1,3,2.1875,0.214844,0,0.104167,0.017068,16
a056eaab6d9f037b,32,0.066532,1,0,0,16,1,3,2.0625,0.183594,0,0.0,0.035119,16
d3fb07dad95ce596,32,0.068548,0,0,0,15,2,3,2.125,0.109375,0,0.0,0.045081,16
b8cf68ca4f4b9e93,32,0.070565,0,0,1,11,1,3,2.1875,0.277344,0,0.052083,0.060506,16
e9abc9bd9640392b,32,0.066532,0,0,0,20,1,3,2.0625,0.183594,0,0.0,0.017642,16
acaf0fc80898ab74,32,0.068548,0,0,1,26,1,4,2.125,0.296875,0,0.026042,0.014789,16
7fb6f65a2c596305,32,0.070565,0,0,0,13,1,3,2.1875,0.214844,0,0.0,0.036239,16
c089d830d5c1e50e,32,0.066532,0,0,0,18,1,4,2.0625,0.246094,0,0.0,0.025721,16
03dfefc7ef6d3a55,32,0.068548,0,0,0,14,1,4,2.125,0.296875,0,0.0,0.04386,16
c99fb959ccc138c5,32,0.070565,0,0,1,13,1,4,2.1875,0.339844,0,0.052083,0.057305,16
bce8abc26e266c5c,32,0.066532,0,0,0,24,1,3,2.0625,0.183594,0,0.0,0.016941,16
7950be0b0866f744,32,0.068548,0,0,1,16,1,4,2.125,0.296875,0,0.052083,0.027586,16
bda6815790caa991,32,0.070565,0,0,1,16,1,5,2.1875,0.464844,0,0.023958,0.043401,16
034c876b0de4d058,32,0.066532,0,0,0,23,1,3,2.0625,0.183594,0,0.0,0.012967,16
cd0a92afd8f2680e,32,0.068548,0,0,0,16,1,3,2.125,0.171875,0,0.0,0.033304,16
7acfa3b0db4c4350,32,0.070565,0,0,0,11,1,3,2.1875,0.214844,0,0.0,0.08598,16
9ddd012ac8fcdcce,32,0.066532,0,0,0,16,1,3,2.0625,0.183594,0,0.0,0.036858,16
10961fb8ddb539c2,32,0.068548,1,0,0,16,1,3,2.125,0.234375,0,0.0,0.029182,16
7540eb38ef004205,32,0.070565,0,0,0,20,1,3,2.1875,0.277344,0,0.0,0.020543,16
9415645e6979b8b6,32,0.068548,0,0,0,20,1,4,2.125,0.296875,0,0.0,0.016954,16
c745e925df136f98,32,0.070565,0,0,1,13,1,4,2.1875,0.339844,0,0.052083,0.061261,16
a9252e6d0127aea6,32,0.066532,0,0,0,17,1,3,2.0625,0.121094,0,0.0,0.025407,16
f63c798e8481e78f,32,0.068548,0,0,1,20,1,3,2.125,0.234375,0,0.052083,0.017255,16
4f8653a3fc695d36,32,0.070565,0,0,1,14,1,4,2.1875,0.339844,0,0.026042,0.040672,16
f47e480e2e65106c,32,0.066532,1,0,0,17,1,3,2.0625,0.183594,0,0.0,0.032848,16
5a095338cf70a6f0,32,0.068548,1,0,0,20,1,4,2.125,0.296875,0,0.0,0.018154,16
94176fe9ddc6e6e5,32,0.070565,0,0,1,13,1,3,2.1875,0.277344,0,0.052083,0.029508,16
7d0b8fc781c0f0b0,32,0.066532,0,0,0,17,1,3,2.0625,0.183594,0,0.0,0.031009,16
ed383be11e333ba8,32,0.068548,0,0,0,11,1,3,2.125,0.234375,0,0.0,0.067253,16
bf0176e2afe8c5ea,32,0.070565,0,0,0,13,2,3,2.1875,0.152344,0,0.0,0.033439,16
525ccbf1c06ad037,32,0.066532,0,0,0,23,1,3,2.0625,0.183594,0,0.0,0.016285,16
f5a8ed581c7a3339,32,0.068548,0,0,0,13,1,4,2.125,0.296875,0,0.0,0.057823,16
0247a8d9da9452b6,32,0.070565,0,0,0,11,1,4,2.1875,0.277344,0,0.0,0.088628,16
afdf88c6fe40632b,32,0.066532,0,0,1,27,1,3,2.0625,0.183594,0,0.052083,0.012472,16
77d572edb41fe2d3,32,0.068548,0,0,0,15,1,3,2.125,0.234375,0,0.0,0.034549,16
6f5123f3ea7a7a57,32,0.070565,0,0,0,11,1,3,2.1875,0.277344,0,0.0,0.112993,16
872f1e515c51083c,32,0.066532,0,0,0,17,1,3,2.0625,0.183594,0,0.0,0.0356,16
f46285ab0271e601,32,0.068548,0,0,0,12,1,4,2.125,0.296875,0,0.0,0.071676,16
bec540a54a28abc0,32,0.070565,0,0,0,13,1,4,2.1875,0.277344,0,0.0,0.053962,16
497f941d5ffff834,32,0.064516,0,0,0,17,1,3,2.0,0.125,0,0.0,0.036708,16
318045725d27ecf4,32,0.066532,0,0,0,21,1,3,2.0625,0.121094,0,0.0,0.016924,16
9a05057355cc758a,32,0.068548,0,0,0,16,1,3,2.125,0.234375,0,0.0,0.040769,16
bbb55ba8e26cbcf7,32,0.070565,0,0,0,15,1,3,2.1875,0.277344,0,0.0,0.029833,16
3b5972f6e3f86f70,32,0.066532,0,0,0,19,1,3,2.0625,0.183594,0,0.0,0.017882,16
7cf8a89cdfcebaf5,32,0.068548,0,0,0,16,1,3,2.125,0.234375,0,0.0,0.025165,16
17b6f3e1f0dca2f8,32,0.070565,0,0,0,10,1,4,2.1875,0.402344,0,0.0,0.07784,16
27c579e32cacd878,32,0.068548,1,0,0,16,1,3,2.125,0.234375,0,0.0,0.039555,16
9dde1badfb22e1cd,32,0.070565,0,0,0,10,1,4,2.1875,0.277344,0,0.0,0.086517,16
c79fee2bc48d6fa9,32,0.066532,0,0,0,19,1,3,2.0625,0.183594,0,0.0,0.021565,16
580c06aa198113a8,32,0.068548,1,0,0,18,1,3,2.125,0.234375,0,0.0,0.034255,16
8940d861613f94ab,32,0.070565,1,0,0,14,1,5,2.1875,0.402344,0,0.0,0.054693,16
773ce89d17de68d3,32,0.066532,0,0,0,22,1,3,2.0625,0.183594,0,0.0,0.014495,16
c4c9fc15e95a264d,32,0.068548,0,0,0,13,1,3,2.125,0.171875,0,0.0,0.060606,16
413f943f9fa90cff,32,0.070565,0,0,0,16,1,3,2.1875,0.214844,0,0.0,0.02795,16
9be54306219242cb,32,0.068548,0,0,1,15,1,4,2.125,0.296875,0,0.046875,0.04893,16
7797a7dcdc15f2f4,32,0.070565,0,0,0,11,1,5,2.1875,0.464844,0,0.0,0.058851,16
f320ca03da62f534,32,0.066532,0,0,1,24,1,4,2.0625,0.246094,0,0.046875,0.012114,16
c76e991ab742bee8,32,0.068548,0,0,1,14,1,3,2.125,0.171875,0,0.072917,0.049915,16
8de5c4cfa4c44d2c,32,0.070565,0,0,0,11,1,3,2.1875,0.214844,0,0.0,0.084978,16
6a96a38645d9d317,32,0.066532,0,0,0,14,1,3,2.0625,0.183594,0,0.0,0.04536,16
8c7a581d84a1fa62,32,0.068548,0,0,1,21,1,3,2.125,0.234375,0,0.052083,0.015776,16
aef86e61e73c003b,32,0.070565,0,0,0,12,1,4,2.1875,0.339844,0,0.0,0.068673,16
e3539caa77f8ad27,32,0.066532,0,0,0,19,1,3,2.0625,0.183594,0,0.0,0.025548,16
9e89a4541e27836c,32,0.068548,0,0,0,12,1,3,2.125,0.234375,0,0.0,0.057306,16
06bc0aa3f4778938,32,0.070565,0,0,1,12,1,3,2.1875,0.277344,0,0.052083,0.060145,16
93f78c486fd5274d,32,0.066532,0,0,0,18,1,3,2.0625,0.183594,0,0.0,0.024292,16
75b157e93021c7d7,32,0.068548,0,0,0,16,1,4,2.125,0.296875,0,0.0,0.023037,16
17236171d9e2d8d1,32,0.070565,0,0,0,14,1,4,2.1875,0.339844,0,0.0,0.044669,16
3c3ca167bf285f59,32,0.064516,1,0,0,18,1,3,2.0,0.125,0,0.0,0.034971,16
c8f3713d22e88708,32,0.068548,0,0,1,14,1,3,2.125,0.234375,0,0.052083,0.051239,16
5e212549c8cc263f,32,0.070565,0,0,1,20,1,4,2.1875,0.339844,0,0.026042,0.020224,16
c4eacd956c5a6784,32,0.066532,0,0,0,14,1,4,2.0625,0.246094,0,0.0,0.043576,16
16e340a264a28353,32,0.068548,0,0,2,23,1,4,2.125,0.359375,0,0.067708,0.012232,16
1ee44929c3397eb5,32,0.070565,0,0,0,15,1,4,2.1875,0.402344,0,0.0,0.033468,16
55f91ab7c12f1cae,32,0.066532,0,0,0,15,1,3,2.0625,0.121094,0,0.0,0.04574,16
b09ca36add43e5e2,32,0.068548,0,0,1,16,1,3,2.125,0.234375,0,0.052083,0.044023,16
14a944c61a1b6884,32,0.070565,0,0,0,11,1,4,2.1875,0.402344,0,0.0,0.071938,16
7109ae6c58eaf083,32,0.066532,1,0,0,14,1,3,2.0625,0.183594,0,0.0,0.041894,16
fe27954b9317ad78,32,0.068548,0,0,0,15,1,3,2.125,0.171875,0,0.0,0.041806,16
6bfbf7c5e4aaf8e6,32,0.070565,0,0,0,12,1,4,2.1875,0.402344,0,0.0,0.066313,16
1ac9c978bc0cb2f8,32,0.066532,0,0,1,21,1,3,2.0625,0.121094,0,0.052083,0.017192,16
25424a6d7c885084,32,0.068548,1,0,0,12,1,4,2.125,0.234375,0,0.0,0.048231,16
2800309754396804,32,0.070565,0,0,1,15,1,3,2.1875,0.214844,0,0.052083,0.041319,16
f5929bd74d88f8b3,32,0.066532,0,0,0,18,1,3,2.0625,0.183594,0,0.0,0.020253,16
90a4f82391d8480c,32,0.068548,1,0,0,12,1,3,2.125,0.171875,0,0.0,0.067664,16
2c6877a5b9a97833,32,0.070565,0,0,1,15,1,4,2.1875,0.339844,0,0.046875,0.04459,16
c8e2af6028f8e0f8,32,0.066532,0,0,1,27,1,3,2.0625,0.183594,0,0.052083,0.011971,16
0bcb51829f30bd4e,32,0.068548,0,0,0,13,1,3,2.125,0.171875,0,0.0,0.052282,16
707199719966e50f,32,0.070565,0,0,0,12,1,4,2.1875,0.339844,0,0.0,0.067168,16
329c386bad1327d8,32,0.066532,0,0,0,15,1,3,2.0625,0.121094,0,0.0,0.047661,16
bf0b641bc9b6433d,32,0.068548,0,0,0,18,1,4,2.125,0.296875,0,0.0,0.018223,16
842ec94ad1ae3c07,32,0.070565,0,0,1,22,1,3,2.1875,0.277344,0,0.052083,0.015914,16
118038371f5cfd80,32,0.068548,0,0,0,16,1,3,2.125,0.171875,0,0.0,0.02872,16
b30554c8c0af9598,32,0.070565,0,0,0,11,1,3,2.1875,0.277344,0,0.0,0.080832,16
ea5e6741f3211574,32,0.066532,0,0,0,18,1,3,2.0625,0.121094,0,0.0,0.018648,16
48755cdcdd6ce1ac,32,0.068548,0,0,0,18,1,3,2.125,0.234375,0,0.0,0.020003,16
43e10f919258d112,32,0.070565,0,0,1,21,1,4,2.1875,0.339844,0,0.052083,0.012612,16
c5dbd1aeef6ddb4a,32,0.064516,0,0,0,16,1,3,2.0,0.125,0,0.0,0.03814,16
06f27281d3fb3eeb,32,0.066532,0,0,0,19,1,3,2.0625,0.183594,0,0.0,0.019323,16
1d936f1fa45f07de,32,0.068548,0,0,0,15,1,3,2.125,0.171875,0,0.0,0.040803,16
cfa6d3bb79535076,32,0.070565,0,0,0,11,1,4,2.1875,0.277344,0,0.0,0.073735,16
114e03f27ed53d7d,32,0.066532,0,0,0,21,1,3,2.0625,0.183594,0,0.0,0.014259,16
28f6fdef9c8e5a7b,32,0.068548,0,0,0,15,1,3,2.125,0.234375,0,0.0,0.032724,16
5fa7e93a2c0a22aa,32,0.070565,0,0,0,15,1,4,2.1875,0.277344,0,0.0,0.032869,16
27e4273c80ffd933,32,0.066532,0,0,1,28,1,3,2.0625,0.183594,0,0.03125,0.010745,16
6c9037bae5e13a3b,32,0.068548,0,0,0,12,1,3,2.125,0.171875,0,0.0,0.055742,16
f553127c6e495354,32,0.070565,0,0,1,20,1,4,2.1875,0.339844,0,0.046875,0.019986,16
dea00d12d3aa5463,32,0.066532,0,0,1,24,1,3,2.0625,0.183594,0,0.03125,0.013173,16
cb1f1b4336304d53,32,0.068548,0,0,1,22,1,3,2.125,0.171875,0,0.072917,0.01428,16
0e41f51fc20f673c,32,0.070565,0,0,0,12,1,3,2.1875,0.277344,0,0.0,0.061075,16
b70974e2330d04cb,32,0.064516,1,0,0,18,1,3,2.0,0.0625,0,0.0,0.035914,16
9f165d3ad25fffa6,32,0.066532,0,0,0,15,1,3,2.0625,0.121094,0,0.0,0.040384,16
868dada529483bd1,32,0.068548,0,0,0,12,1,3,2.125,0.234375,0,0.0,0.058885,16
096238a94381a898,32,0.070565,0,0,1,15,1,3,2.1875,0.277344,0,0.052083,0.058605,16
b4d91480b1b181ff,32,0.066532,1,0,0,13,1,3,2.0625,0.183594,0,0.0,0.054293,16
eae3edc12ecf32f7,32,0.068548,0,0,0,18,1,4,2.125,0.296875,0,0.0,0.025258,16
5db91f5a3540b1ad,32,0.070565,0,0,2,15,1,4,2.1875,0.339844,0,0.098958,0.03912,16
fcfa54dd2893cb24,32,0.066532,0,0,0,22,1,3,2.0625,0.121094,0,0.0,0.014017,16
e0aae65e10742452,32,0.068548,0,0,1,16,1,3,2.125,0.234375,0,0.052083,0.037498,16
7b6dd9b407f740ac,32,0.070565,0,0,1,12,1,3,2.1875,0.277344,0,0.052083,0.058681,16
0366df68453214ac,32,0.064516,0,0,0,27,1,3,2.0,0.125,0,0.0,0.010152,16
ac9d4366a16ab554,32,0.066532,0,0,0,15,1,3,2.0625,0.183594,0,0.0,0.041112,16
4480b18b89f09e1c,32,0.068548,0,0,0,20,1,4,2.125,0.296875,0,0.0,0.019986,16
87be1e1140c3e0b7,32,0.070565,0,0,1,12,1,3,2.1875,0.277344,0,0.052083,0.06605,16
7df0eec4ee30e289,32,0.066532,1,0,0,18,1,3,2.0625,0.121094,0,0.0,0.018002,16
8385a8696c433969,32,0.068548,1,0,0,15,1,3,2.125,0.234375,0,0.0,0.038084,16
8449d8a9e8e0f219,32,0.070565,0,0,0,19,1,3,2.1875,0.214844,0,0.0,0.018524,16
6635d524c0a0e16f,32,0.066532,1,0,0,15,1,3,2.0625,0.121094,0,0.0,0.041213,16
c32f9a6578b055c5,32,0.068548,0,0,0,15,1,3,2.125,0.171875,0,0.0,0.037981,16
53bcf16946629795,32,0.070565,0,0,0,11,1,4,2.1875,0.277344,0,0.0,0.075395,16
6ffed669e0f72c32,32,0.066532,0,0,0,19,1,3,2.0625,0.183594,0,0.0,0.02039,16
6b3316236f4ae943,32,0.068548,0,0,0,12,1,4,2.125,0.296875,0,0.0,0.057525,16
6a8899da73772122,32,0.070565,0,0,0,11,1,3,2.1875,0.214844,0,0.0,0.086699,16
e88bef169eb0d77f,32,0.066532,0,0,0,14,1,3,2.0625,0.183594,0,0.0,0.058882,16
2dcd5e82d17fbe10,32,0.068548,0,0,2,15,1,4,2.125,0.296875,0,0.072917,0.041513,16
8d245be2f05cfcc5,32,0.070565,0,0,1,18,1,4,2.1875,0.339844,0,0.046875,0.020616,16
47143a73d9779f72,32,0.066532,0,0,0,21,1,3,2.0625,0.183594,0,0.0,0.020067,16
0890ec54a9e3998d,32,0.068548,0,0,1,14,1,3,2.125,0.234375,0,0.052083,0.039571,16
793e01514ad3dbef,32,0.070565,0,0,1,14,1,3,2.1875,0.214844,0,0.052083,0.047153,16
74148bfed6f955e0,32,0.066532,1,0,0,17,1,3,2.0625,0.183594,0,0.0,0.035576,16
44a7e3c388923d52,32,0.068548,0,0,1,23,1,3,2.125,0.234375,0,0.03125,0.012115,16
0b6c289f670d4365,32,0.070565,0,0,0,18,1,4,2.1875,0.277344,0,0.0,0.017161,16
2ec3493ae9fe7a0d,32,0.066532,0,0,0,15,1,3,2.0625,0.183594,0,0.0,0.036339,16
73a63211ed28ef47,32,0.068548,0,0,0,16,1,4,2.125,0.296875,0,0.0,0.021301,16
62ed65d473f5c48a,32,0.070565,0,0,1,15,1,3,2.1875,0.214844,0,0.052083,0.02559,16
88c7e6d63094de7b,32,0.066532,0,0,0,19,1,3,2.0625,0.183594,0,0.0,0.021946,16
dbaf12b57a1ef9fd,32,0.068548,1,0,0,13,1,3,2.125,0.234375,0,0.0,0.03474,16
4248f5b410fd1deb,32,0.070565,0,0,2,15,1,4,2.1875,0.277344,0,0.09375,0.03281,16
b3713de787d495c9,32,0.064516,1,0,0,19,1,3,2.0,0.0625,0,0.0,0.031558,16
89445d8b2a6f4e55,32,0.066532,0,0,0,16,1,3,2.0625,0.183594,0,0.0,0.034721,16
2f04b934f18b5ed2,32,0.068548,0,0,0,15,1,3,2.125,0.171875,0,0.0,0.039935,16
da6583904b344ac3,32,0.070565,1,0,0,11,1,3,2.1875,0.277344,0,0.0,0.058236,16
a7fafde0e85a318a,32,0.066532,0,0,0,16,1,3,2.0625,0.183594,0,0.0,0.029709,16
e51c00ac6b68067c,32,0.068548,0,0,1,12,1,4,2.125,0.234375,0,0.046875,0.077052,16
d47510e2a67bbdad,32,0.070565,0,0,0,17,1,4,2.1875,0.339844,0,0.0,0.019177,16
d104cf2541a54813,32,0.068548,0,0,0,12,1,3,2.125,0.171875,0,0.0,0.068197,16
4db2e9f4a5c95a67,32,0.070565,0,0,0,12,1,4,2.1875,0.339844,0,0.0,0.055346,16
52787aefa69bf7fa,32,0.066532,0,0,0,17,1,3,2.0625,0.183594,0,0.0,0.025037,16
869652b9c501da24,32,0.068548,0,0,0,16,1,4,2.125,0.296875,0,0.0,0.02666,16
b005a22e4b2a75e7,32,0.070565,0,0,1,17,1,4,2.1875,0.339844,0,0.052083,0.031427,16
d4d5a4c894eb25f6,32,0.066532,0,0,0,20,1,3,2.0625,0.183594,0,0.0,0.020596,16
2b0797247351a2be,32,0.068548,0,0,0,15,1,3,2.125,0.234375,0,0.0,0.039267,16
85dd00f8dfeb15da,32,0.070565,0,0,1,22,1,3,2.1875,0.277344,0,0.052083,0.015102,16
178c5e5231f22497,32,0.066532,1,0,0,26,1,3,2.0625,0.121094,0,0.0,0.012824,16
97dd91d132e4bf03,32,0.068548,0,0,0,14,1,3,2.125,0.234375,0,0.0,0.052794,16
192933be2d5b1880,32,0.070565,1,0,0,15,1,4,2.1875,0.402344,0,0.0,0.045218,16
94a1e4728948c277,32,0.066532,0,0,0,13,1,3,2.0625,0.121094,0,0.0,0.065391,16
bf958ca1df9a379e,32,0.068548,0,0,0,11,2,3,2.125,0.109375,0,0.0,0.074408,16
d5b1bbeda17c95d1,32,0.070565,0,0,0,16,1,4,2.1875,0.277344,0,0.0,0.026433,16
3ffbd641fb2cd6cb,32,0.066532,0,0,0,16,1,3,2.0625,0.183594,0,0.0,0.027499,16
61af4b8b157f5fec,32,0.068548,0,0,0,14,1,3,2.125,0.234375,0,0.0,0.043728,16
8ad68e7cf63d9b46,32,0.070565,0,0,0,12,1,3,2.1875,0.214844,0,0.0,0.052122,16
5f51b9fd58c68a08,32,0.066532,0,0,1,16,1,3,2.0625,0.183594,0,0.052083,0.040572,16
1ddba849dfc89a34,32,0.068548,0,0,0,16,1,3,2.125,0.234375,0,0.0,0.039573,16
bd7153cfc9505633,32,0.070565,0,0,0,16,1,4,2.1875,0.339844,0,0.0,0.025682,16
27e38330313e62e2,32,0.066532,0,0,0,22,1,3,2.0625,0.183594,0,0.0,0.014068,16
477893ac59dd6392,32,0.068548,0,0,0,15,1,3,2.125,0.234375,0,0.0,0.045846,16
7e6b4712b845995b,32,0.070565,0,0,0,13,1,3,2.1875,0.277344,0,0.0,0.044056,16
86e2948a0166f4ad,32,0.066532,0,0,0,15,1,3,2.0625,0.183594,0,0.0,0.04524,16
93ed66a8c87834e5,32,0.068548,0,0,0,13,1,3,2.125,0.171875,0,0.0,0.048955,16
f820d8e74d59dbcd,32,0.070565,0,0,0,12,1,3,2.1875,0.277344,0,0.0,0.068339,16
faafe81b151a6539,32,0.064516,0,0,0,18,1,3,2.0,0.0625,0,0.0,0.033982,16
f773b9396a129753,32,0.066532,0,0,1,17,1,3,2.0625,0.121094,0,0.072917,0.037198,16
be9f87941e2fbb47,32,0.068548,0,0,0,12,1,3,2.125,0.234375,0,0.0,0.05686,16
7bb7bb06366024a2,32,0.070565,0,0,0,13,1,3,2.1875,0.214844,0,0.0,0.05683,16
2129ee34dcb202ff,32,0.066532,0,0,0,18,1,3,2.0625,0.183594,0,0.0,0.022189,16
e35ec8b84d126418,32,0.068548,0,0,0,19,1,3,2.125,0.171875,0,0.0,0.026398,16
b18472c1a5610b69,32,0.070565,0,0,0,13,1,3,2.1875,0.277344,0,0.0,0.053606,16
1126d0eb7380f290,32,0.066532,1,0,0,17,1,3,2.0625,0.183594,0,0.0,0.039039,16
d5b45d743bb27130,32,0.068548,0,0,0,13,1,3,2.125,0.234375,0,0.0,0.049012,16
4e4193450b2903c9,32,0.070565,0,0,0,15,1,4,2.1875,0.339844,0,0.0,0.026787,16
6c60e6eb1b77107e,32,0.066532,0,0,1,22,1,3,2.0625,0.121094,0,0.052083,0.018135,16
cf22342cafa2d7f9,32,0.068548,0,0,0,16,1,3,2.125,0.171875,0,0.0,0.028966,16
3ee1c1e9579789eb,32,0.070565,0,0,0,13,1,4,2.1875,0.402344,0,0.0,0.056037,16
f46de0ea8a6b975f,32,0.066532,0,0,0,18,1,3,2.0625,0.183594,0,0.0,0.023328,16
4c45a368c4b0bf63,32,0.068548,0,0,0,12,1,3,2.125,0.234375,0,0.0,0.053022,16
eb6430efa00a23c4,32,0.070565,0,0,0,14,1,3,2.1875,0.277344,0,0.0,0.041639,16
363b6f54ac23590d,32,0.066532,1,0,0,15,1,3,2.0625,0.183594,0,0.0,0.04353,16
77f7755354f41ba0,32,0.068548,0,0,0,14,1,3,2.125,0.171875,0,0.0,0.047245,16
820ec1347cc01573,32,0.070565,0,0,2,13,1,4,2.1875,0.339844,0,0.078125,0.072523,16
858bc25964048d29,32,0.066532,1,0,0,25,1,3,2.0625,0.183594,0,0.0,0.010283,16
87380e3c058dcd43,32,0.068548,0,0,1,24,1,3,2.125,0.234375,0,0.052083,0.011892,16
7a809dcc64c8ce6d,32,0.070565,0,0,0,14,1,3,2.1875,0.214844,0,0.0,0.044938,16
8738616f75298cfc,32,0.066532,0,0,1,28,1,3,2.0625,0.183594,0,0.052083,0.0102,16
127dd33a13db2fee,32,0.068548,0,0,0,13,1,3,2.125,0.234375,0,0.0,0.05344,16
d49756c56091fb6d,32,0.070565,0,0,1,16,1,3,2.1875,0.214844,0,0.052083,0.029585,16
7df6f08a44ef209c,32,0.066532,0,0,0,17,1,3,2.0625,0.183594,0,0.0,0.035501,16
104311f4d1b0e8af,32,0.068548,0,0,1,20,1,4,2.125,0.296875,0,0.052083,0.016306,16
d266492200da4af2,32,0.070565,0,0,1,16,1,4,2.1875,0.339844,0,0.052083,0.031828,16
61aac18c2cdc1a09,32,0.066532,0,0,0,14,1,3,2.0625,0.183594,0,0.0,0.052681,16
ec4126cf96341c22,32,0.068548,1,0,0,10,1,4,2.125,0.296875,0,0.0,0.110493,16
621fbf5f6f531f6f,32,0.070565,0,0,0,13,1,3,2.1875,0.214844,0,0.0,0.058425,16
0f3281aa79892711,32,0.066532,0,0,0,17,1,3,2.0625,0.121094,0,0.0,0.040969,16
62bea159183cda76,32,0.068548,0,0,0,15,1,3,2.125,0.234375,0,0.0,0.03943,16
79cfbdeddcf4db84,32,0.070565,0,0,0,10,1,4,2.1875,0.402344,0,0.0,0.08751,16
0047fe5c37ebfc56,32,0.066532,0,0,0,15,1,3,2.0625,0.183594,0,0.0,0.045353,16
816f72ff45af838d,32,0.068548,1,0,0,13,1,4,2.125,0.296875,0,0.0,0.043922,16
ad7a57d79ce189bc,32,0.070565,0,0,0,12,1,3,2.1875,0.214844,0,0.0,0.065882,16
8835072c483b82cf,32,0.066532,0,0,1,26,1,4,2.0625,0.183594,0,0.046875,0.011059,16
e6675d80a1136bc8,32,0.068548,0,0,0,18,1,3,2.125,0.171875,0,0.0,0.03191,16
ee2956206cdab75a,32,0.070565,0,0,1,25,1,4,2.1875,0.464844,0,0.041667,0.011963,16
e86368680c160f47,32,0.066532,0,0,1,18,1,3,2.0625,0.183594,0,0.03125,0.029231,16
4c336bd85c73292e,32,0.068548,0,0,1,14,1,4,2.125,0.234375,0,0.046875,0.041477,16
c78a9d4be9048d3a,32,0.070565,0,0,0,15,1,4,2.1875,0.402344,0,0.0,0.044319,16
9db2ead9cbd6416a,32,0.064516,0,0,0,16,1,3,2.0,0.125,0,0.0,0.038295,16
81266327aeb4ade0,32,0.066532,0,0,1,21,1,3,2.0625,0.121094,0,0.072917,0.016183,16
84715ddfe4b7b5b8,32,0.068548,0,0,0,13,1,3,2.125,0.171875,0,0.0,0.047594,16
79768e4b7a7469e4,32,0.070565,0,0,0,12,1,3,2.1875,0.214844,0,0.0,0.07086,16
cd5a4ad579234c13,32,0.066532,0,0,1,23,1,3,2.0625,0.183594,0,0.052083,0.017056,16
736f68dade728cfc,32,0.068548,0,0,0,12,1,4,2.125,0.296875,0,0.0,0.069989,16
2e3d60e4e3551877,32,0.070565,0,0,1,13,1,4,2.1875,0.402344,0,0.026042,0.057612,16
aa8989d9c1d4659c,32,0.066532,1,0,0,15,1,4,2.0625,0.246094,0,0.0,0.040674,16
99ca3424e40686fc,32,0.068548,0,0,0,18,1,3,2.125,0.234375,0,0.0,0.015453,16
76fc9277365f0710,32,0.070565,0,0,0,15,1,3,2.1875,0.214844,0,0.0,0.029476,16
585f75ab1ab492bf,32,0.066532,0,0,0,22,1,3,2.0625,0.183594,0,0.0,0.017128,16
979a4c2665ae38b6,32,0.068548,1,0,0,21,1,4,2.125,0.296875,0,0.0,0.016093,16
0c19abbc1a2c7944,32,0.070565,0,0,0,15,1,3,2.1875,0.214844,0,0.0,0.033694,16
6bc67169fa3c85c7,32,0.066532,0,0,0,23,1,3,2.0625,0.183594,0,0.0,0.017404,16
043f177582844c16,32,0.068548,0,0,0,14,1,3,2.125,0.171875,0,0.0,0.045156,16
850056e2c6cbe92f,32,0.070565,0,0,1,14,1,4,2.1875,0.339844,0,0.026042,0.047994,16
6df65f7aa552f5ca,32,0.068548,0,0,1,15,1,3,2.125,0.234375,0,0.052083,0.044257,16
156ade0fe1bfcf23,32,0.070565,0,0,0,10,1,3,2.1875,0.277344,0,0.0,0.096088,16
8491e6f158dc4ac5,32,0.066532,0,0,0,14,1,3,2.0625,0.183594,0,0.0,0.047946,16
42f98401b39b3cce,32,0.068548,1,0,0,17,1,3,2.125,0.234375,0,0.0,0.036107,16
b8236e8791f3e041,32,0.070565,0,0,1,15,1,3,2.1875,0.277344,0,0.052083,0.023357,16
aaa785828f13bf54,32,0.064516,0,0,0,16,1,3,2.0,0.125,0,0.0,0.038231,16
cbb05c210981d269,32,0.066532,1,0,0,17,1,4,2.0625,0.246094,0,0.0,0.025883,16
b6bd5b8d9eb85293,32,0.068548,0,0,0,13,1,3,2.125,0.234375,0,0.0,0.050198,16
f44b1e556ab9bec5,32,0.070565,0,0,0,20,1,4,2.1875,0.339844,0,0.0,0.016585,16
82ea7da5820806cc,32,0.066532,0,0,1,24,1,3,2.0625,0.183594,0,0.052083,0.013067,16
e84a042049a24df7,32,0.068548,0,0,0,18,1,3,2.125,0.234375,0,0.0,0.031547,16
1a80d281f5830a68,32,0.070565,0,0,0,14,1,4,2.1875,0.339844,0,0.0,0.04454,16
bc21217a521ed63c,32,0.066532,0,0,0,23,1,3,2.0625,0.183594,0,0.0,0.011333,16
a2a4fc9d381e55ae,32,0.068548,0,0,0,16,1,4,2.125,0.296875,0,0.0,0.034281,16
b55c5bd939b97b6d,32,0.070565,0,0,0,15,1,4,2.1875,0.339844,0,0.0,0.046251,16
e9c4814f4342fc44,32,0.066532,0,0,0,23,1,4,2.0625,0.246094,0,0.0,0.012655,16
718a2205b50079cd,32,0.068548,0,0,0,17,1,4,2.125,0.234375,0,0.0,0.025619,16
86d8fd3f71ae41ac,32,0.070565,0,0,0,13,1,4,2.1875,0.277344,0,0.0,0.053397,16
cd3a572cd82e2168,32,0.068548,0,0,0,16,2,3,2.125,0.109375,0,0.0,0.038681,16
2e954a063d4f87ba,32,0.070565,0,0,0,16,1,3,2.1875,0.277344,0,0.0,0.03391,16
f39b518ed9ac805f,32,0.064516,1,0,0,29,1,3,2.0,0.125,0,0.0,0.00974,16
bb5a82b62b535d56,32,0.066532,0,0,0,11,1,4,2.0625,0.246094,0,0.0,0.068846,16
b667ae57619d0c46,32,0.068548,0,0,1,19,1,3,2.125,0.171875,0,0.072917,0.015439,16
545b13cf562a66d5,32,0.070565,0,0,0,14,1,4,2.1875,0.402344,0,0.0,0.040694,16
01be7665bde838bf,32,0.064516,1,0,0,16,1,3,2.0,0.125,0,0.0,0.038429,16
ce5a9dcfa9cea724,32,0.066532,0,0,1,19,1,3,2.0625,0.183594,0,0.052083,0.020659,16
f2f5b1384d0a6460,32,0.068548,0,0,1,14,1,4,2.125,0.296875,0,0.026042,0.036218,16
e7cde3bdf41d9c05,32,0.070565,0,0,0,17,1,4,2.1875,0.402344,0,0.0,0.023326,16
00f5e3089838972c,32,0.066532,0,0,1,23,1,3,2.0625,0.183594,0,0.052083,0.016245,16
b815af485d45943a,32,0.068548,0,0,1,24,1,4,2.125,0.296875,0,0.046875,0.014329,16
6ee65a19efe4ffbf,32,0.070565,0,0,1,17,1,3,2.1875,0.277344,0,0.052083,0.019699,16
bf2e11febcddbfe1,32,0.066532,0,0,0,17,1,3,2.0625,0.183594,0,0.0,0.028602,16
52425e76402d4d9d,32,0.068548,1,0,0,14,1,3,2.125,0.171875,0,0.0,0.047847,16
8a133d09971eaec3,32,0.070565,0,0,1,21,1,3,2.1875,0.214844,0,0.052083,0.02114,16
c21ff05cb3d4ef3e,32,0.066532,1,0,0,15,1,3,2.0625,0.121094,0,0.0,0.048555,16
d1b0dcd68aa5e6c7,32,0.068548,0,0,0,14,1,3,2.125,0.234375,0,0.0,0.028336,16
1bf8140c7681b1c7,32,0.070565,0,0,1,12,1,3,2.1875,0.277344,0,0.052083,0.076367,16
959592c1bb1eaf3d,32,0.068548,0,0,0,19,1,3,2.125,0.171875,0,0.0,0.020039,16
bc1334724ddc3e62,32,0.070565,0,0,0,18,1,4,2.1875,0.402344,0,0.0,0.023304,16
e1641e7014246b45,32,0.066532,0,0,0,20,1,3,2.0625,0.121094,0,0.0,0.019827,16
3d71f71d60d35b7b,32,0.068548,0,0,1,17,1,4,2.125,0.296875,0,0.046875,0.034241,16
c8c70f80021f0001,32,0.070565,1,0,0,21,1,3,2.1875,0.277344,0,0.0,0.022072,16
3da370ea9112363c,32,0.066532,0,0,0,17,1,3,2.0625,0.183594,0,0.0,0.03116,16
aece1ab99f04e524,32,0.068548,1,0,0,15,1,3,2.125,0.234375,0,0.0,0.032843,16
e0b524f4e0392c9d,32,0.070565,0,0,0,10,1,4,2.1875,0.339844,0,0.0,0.095654,16
ef9a645a86dedfac,32,0.066532,0,0,0,15,1,3,2.0625,0.183594,0,0.0,0.039466,16
8c3dbd1eab734883,32,0.068548,0,0,1,17,1,3,2.125,0.171875,0,0.052083,0.024873,16
286f1ca4ce41a0c3,32,0.070565,0,0,0,15,1,4,2.1875,0.339844,0,0.0,0.040092,16
ed8cc47a734dc0e5,32,0.064516,0,0,1,30,1,3,2.0,0.125,0,0.052083,0.009774,16
0b1e40c2ccd784c2,32,0.066532,1,0,0,17,1,3,2.0625,0.183594,0,0.0,0.024833,16
33711d5cbf109718,32,0.068548,1,0,0,15,1,3,2.125,0.171875,0,0.0,0.036579,16
3502185becccc107,32,0.070565,0,0,0,11,1,4,2.1875,0.339844,0,0.0,0.094198,16
dfc1478cef2d5864,32,0.066532,1,0,0,15,1,3,2.0625,0.121094,0,0.0,0.043375,16
f9448f5cb4df965d,32,0.068548,0,0,0,13,1,3,2.125,0.171875,0,0.0,0.055116,16
1dd3afb4e756857c,32,0.070565,0,0,1,17,1,3,2.1875,0.214844,0,0.03125,0.031007,16
3434c3a2e773d120,32,0.066532,0,0,0,15,1,3,2.0625,0.183594,0,0.0,0.045879,16
f2445491de16a52d,32,0.068548,0,0,0,14,1,4,2.125,0.359375,0,0.0,0.053382,16
82632f8f6ba6eef4,32,0.070565,0,0,1,11,1,3,2.1875,0.277344,0,0.052083,0.08423,16
c3cbbbe98aa5ac15,32,0.066532,1,0,0,14,1,3,2.0625,0.183594,0,0.0,0.049611,16
6a4a5e2fd8ea1bf1,32,0.068548,0,0,0,13,1,4,2.125,0.234375,0,0.0,0.052277,16
59c17ec4a64e6d8d,32,0.070565,0,0,1,17,1,4,2.1875,0.402344,0,0.020833,0.02862,16
589f4b9b4b80f408,32,0.066532,0,0,1,21,1,4,2.0625,0.246094,0,0.046875,0.019153,16
8d11afb2bfe5faf2,32,0.068548,0,0,0,15,1,3,2.125,0.234375,0,0.0,0.04788,16
273a7cd0f46bc0ef,32,0.070565,0,0,0,11,1,3,2.1875,0.214844,0,0.0,0.099617,16
236b820a6938db23,32,0.068548,1,0,0,14,1,3,2.125,0.234375,0,0.0,0.049054,16
ba3fd9648982aacd,32,0.070565,0,0,0,12,1,3,2.1875,0.277344,0,0.0,0.033781,16
3bc05d15ae98085e,32,0.066532,0,0,0,15,1,3,2.0625,0.183594,0,0.0,0.036802,16
7f57c1f1621c1a51,32,0.068548,0,0,0,15,1,4,2.125,0.296875,0,0.0,0.036419,16
8cc6763171ca38f9,32,0.070565,0,0,0,12,1,3,2.1875,0.214844,0,0.0,0.067147,16
2bef6825aa232e08,32,0.066532,0,0,0,18,1,3,2.0625,0.121094,0,0.0,0.024249,16
40c6643c4727b990,32,0.068548,0,0,1,25,1,3,2.125,0.171875,0,0.052083,0.010955,16
2aec748c45628898,32,0.070565,0,0,0,13,1,4,2.1875,0.339844,0,0.0,0.05945,16
ef44ccd0e6782f6b,32,0.066532,0,0,0,21,1,3,2.0625,0.183594,0,0.0,0.015182,16
d25de3863319ca77,32,0.068548,0,0,0,19,1,4,2.125,0.296875,0,0.0,0.016957,16
d4a3f8748fc46c6c,32,0.070565,0,0,1,13,1,4,2.1875,0.339844,0,0.046875,0.061049,16
19ae0a66c62d867d,32,0.068548,0,0,0,21,2,3,2.125,0.109375,0,0.0,0.017065,16
9f4f68847438fb84,32,0.070565,0,0,0,12,1,4,2.1875,0.339844,0,0.0,0.072338,16
44cb5d6a976f6390,32,0.066532,0,0,0,16,1,3,2.0625,0.183594,0,0.0,0.036801,16
267441701d1ef46f,32,0.068548,0,0,0,13,1,3,2.125,0.171875,0,0.0,0.044861,16
6aef0f146250fd06,32,0.070565,0,0,0,14,1,3,2.1875,0.277344,0,0.0,0.040933,16
bf7d2ec0711a172d,32,0.064516,0,0,1,30,1,3,2.0,0.125,0,0.052083,0.009719,16
b1d351e3a362d960,32,0.066532,0,0,1,28,1,3,2.0625,0.121094,0,0.052083,0.010185,16
45f92a441a383279,32,0.068548,0,0,0,18,1,3,2.125,0.234375,0,0.0,0.01703,16
2a05a5a5e582120d,32,0.070565,0,0,1,14,1,4,2.1875,0.339844,0,0.046875,0.038265,16
99b83398628271c2,32,0.068548,0,0,2,26,1,3,2.125,0.234375,0,0.104167,0.01114,16
f9f06e9484d68839,32,0.070565,0,0,0,14,1,3,2.1875,0.277344,0,0.0,0.039236,16
657304bc548dc91b,32,0.068548,1,0,0,13,1,3,2.125,0.171875,0,0.0,0.067513,16
657259b9ae2f1663,32,0.070565,0,0,1,13,2,4,2.1875,0.214844,0,0.046875,0.058755,16
d3c5231046079d65,32,0.066532,1,0,0,19,1,4,2.0625,0.246094,0,0.0,0.021903,16
7b92d78c2b0f763b,32,0.068548,0,0,0,11,1,4,2.125,0.296875,0,0.0,0.080907,16
1dca990f0ad4107b,32,0.070565,0,0,0,12,1,3,2.1875,0.214844,0,0.0,0.056013,16
64b16032d964d7f9,32,0.066532,0,0,1,17,1,3,2.0625,0.183594,0,0.052083,0.039261,16
1fd0fb583efe4ec8,32,0.068548,1,0,0,18,1,3,2.125,0.234375,0,0.0,0.016663,16
73f6501d03454627,32,0.070565,0,0,0,12,1,5,2.1875,0.464844,0,0.0,0.063924,16
f6dbec54a28530f2,32,0.066532,1,0,0,17,1,4,2.0625,0.246094,0,0.0,0.022391,16
2d0dd7364b0baeb1,32,0.068548,0,0,0,12,1,4,2.125,0.296875,0,0.0,0.062439,16
b44f59e0cf26399c,32,0.070565,0,0,1,16,1,4,2.1875,0.339844,0,0.046875,0.026621,16
b26f72036ee550a2,32,0.068548,0,0,1,19,1,3,2.125,0.171875,0,0.072917,0.018359,16
aa9fb32246dcce03,32,0.070565,0,0,0,12,1,3,2.1875,0.277344,0,0.0,0.084219,16
b41f5f85dc7b11ce,32,0.066532,0,0,0,15,2,3,2.0625,0.058594,0,0.0,0.040933,16
c00c1b695ddd7856,32,0.068548,0,0,0,13,1,4,2.125,0.296875,0,0.0,0.043867,16
73b3c1fa1469405f,32,0.070565,0,0,0,14,1,4,2.1875,0.402344,0,0.0,0.046161,16
ed35423761a02707,32,0.066532,1,0,0,25,1,3,2.0625,0.183594,0,0.0,0.011331,16
f58b026ea3f483eb,32,0.068548,0,0,0,14,1,3,2.125,0.234375,0,0.0,0.026285,16
1c88249abdc4db31,32,0.070565,0,0,0,16,1,3,2.1875,0.277344,0,0.0,0.025883,16
b18f5e96c181a862,32,0.066532,0,0,0,18,1,3,2.0625,0.183594,0,0.0,0.022167,16
fd558e0475dea9ca,32,0.068548,0,0,0,14,1,4,2.125,0.234375,0,0.0,0.044256,16
bad4f9f12c6edba7,32,0.070565,0,0,0,14,1,4,2.1875,0.277344,0,0.0,0.034893,16
981fee594227f5dc,32,0.066532,1,0,0,22,1,3,2.0625,0.183594,0,0.0,0.015081,16
c88592a3e322db5f,32,0.068548,0,0,0,16,1,3,2.125,0.234375,0,0.0,0.032879,16
958c8a9a37c310ad,32,0.070565,0,0,1,16,1,4,2.1875,0.339844,0,0.026042,0.021406,16
9ab714282cd41fb0,32,0.066532,0,0,0,19,1,3,2.0625,0.183594,0,0.0,0.01647,16
ccfeadbbea15d94b,32,0.068548,0,0,1,16,1,4,2.125,0.234375,0,0.052083,0.028474,16
62e2c1c6bf8757a3,32,0.070565,0,0,1,16,1,4,2.1875,0.277344,0,0.026042,0.025981,16
421ba033e94cf745,32,0.066532,1,0,0,21,1,3,2.0625,0.121094,0,0.0,0.015521,16
d98e57653896b8a7,32,0.068548,0,0,0,17,1,3,2.125,0.234375,0,0.0,0.037205,16
5a051aaff54b8f41,32,0.070565,0,0,0,17,1,4,2.1875,0.339844,0,0.0,0.023101,16
96bd0742a4d7d94d,32,0.068548,0,0,1,23,1,3,2.125,0.234375,0,0.03125,0.012642,16
47f578c324da6810,32,0.070565,0,0,0,11,1,3,2.1875,0.277344,0,0.0,0.061975,16
859d043b1564c242,32,0.066532,0,0,0,14,1,3,2.0625,0.121094,0,0.0,0.041306,16
eb4a4c3f483e6245,32,0.068548,0,0,0,18,1,3,2.125,0.234375,0,0.0,0.034173,16
33790077c41021b5,32,0.070565,0,0,0,15,1,4,2.1875,0.339844,0,0.0,0.036458,16
c22e58a79ac3bc40,32,0.066532,0,0,0,16,1,3,2.0625,0.183594,0,0.0,0.038316,16
af9f02a452c5c244,32,0.068548,0,0,0,14,1,3,2.125,0.234375,0,0.0,0.04855,16
10c68514f1b65138,32,0.070565,0,0,1,14,1,3,2.1875,0.277344,0,0.03125,0.040213,16
638fda925c92b9ef,32,0.066532,0,0,0,16,1,3,2.0625,0.121094,0,0.0,0.037177,16
0ecf1e8baa0fad34,32,0.068548,0,0,0,14,1,4,2.125,0.296875,0,0.0,0.036143,16
b87fc067c741cc13,32,0.070565,1,0,0,14,1,3,2.1875,0.214844,0,0.0,0.04874,16
c1fa6278b67ab863,32,0.066532,0,0,0,18,1,3,2.0625,0.183594,0,0.0,0.02822,16
bbed9ef7f21c22ae,32,0.068548,0,0,1,14,1,4,2.125,0.296875,0,0.052083,0.034635,16
ab75010371ac4b1b,32,0.070565,0,0,0,12,1,4,2.1875,0.402344,0,0.0,0.046981,16
19e0b2bf3bf5d226,32,0.066532,0,0,0,14,1,3,2.0625,0.121094,0,0.0,0.046385,16
ba93b7684b750a76,32,0.068548,0,0,1,19,1,4,2.125,0.296875,0,0.03125,0.020366,16
b19333e9358f0258,32,0.070565,0,0,0,14,1,3,2.1875,0.214844,0,0.0,0.028248,16
e30bc7f216f94e1e,32,0.066532,1,0,0,16,1,3,2.0625,0.121094,0,0.0,0.040834,16
14ec141f38a97cca,32,0.068548,0,0,0,15,2,3,2.125,0.109375,0,0.0,0.039698,16
7819f79703137e02,32,0.070565,0,0,0,10,1,5,2.1875,0.464844,0,0.0,0.07608,16
aeeea5d56c310a05,32,0.064516,1,0,0,29,1,3,2.0,0.125,0,0.0,0.010165,16
932dcbdaa8b6f8e7,32,0.066532,1,0,0,20,1,4,2.0625,0.246094,0,0.0,0.018592,16
7bc89022c3f28eb7,32,0.068548,1,0,0,13,1,3,2.125,0.234375,0,0.0,0.056047,16
c44ac39ea423b50f,32,0.070565,0,0,0,13,1,4,2.1875,0.277344,0,0.0,0.045614,16
bd85f592b45572b5,32,0.066532,1,0,0,18,1,3,2.0625,0.183594,0,0.0,0.023449,16
e9abd6fc46ad0d6a,32,0.068548,0,0,0,13,1,3,2.125,0.171875,0,0.0,0.045831,16
4c79e44fc9db9771,32,0.070565,0,0,0,13,1,3,2.1875,0.214844,0,0.0,0.06038,16
7512ca9e16d3fdb4,32,0.066532,0,0,0,15,1,3,2.0625,0.183594,0,0.0,0.04082,16
2f5eb616a6036741,32,0.068548,0,0,0,15,1,3,2.125,0.171875,0,0.0,0.039864,16
a8c77d941414cd48,32,0.070565,0,0,0,17,1,3,2.1875,0.277344,0,0.0,0.027529,16
fed46b13d01905d8,32,0.066532,1,0,0,16,1,4,2.0625,0.246094,0,0.0,0.040541,16
5ec8e1b3afd5bdc1,32,0.068548,1,0,0,14,1,3,2.125,0.234375,0,0.0,0.039801,16
404323c3ea66b32e,32,0.070565,0,0,0,13,1,4,2.1875,0.277344,0,0.0,0.05627,16
1f3b4d4e066a2c0b,32,0.066532,0,0,0,13,1,3,2.0625,0.183594,0,0.0,0.051164,16
579d317c84b52da1,32,0.068548,0,0,1,20,1,3,2.125,0.234375,0,0.052083,0.019255,16
93fcb933078d64de,32,0.070565,1,0,0,12,1,4,2.1875,0.339844,0,0.0,0.077163,16
bac6d4bd78f86a02,32,0.066532,1,0,0,13,1,3,2.0625,0.183594,0,0.0,0.055967,16
cc89a36a2203fd61,32,0.068548,0,0,0,18,1,3,2.125,0.234375,0,0.0,0.020234,16
4ada92611dc9c6db,32,0.070565,0,0,1,19,1,3,2.1875,0.277344,0,0.052083,0.021209,16
5ac57fa00e6ee6ca,32,0.066532,0,0,0,16,2,4,2.0625,0.121094,0,0.0,0.038157,16
96eb9669d5f8674d,32,0.068548,0,0,1,15,1,3,2.125,0.171875,0,0.052083,0.037557,16
066470b32608aa9d,32,0.070565,0,0,0,11,1,3,2.1875,0.277344,0,0.0,0.061273,16
f1e4059f2b592994,32,0.068548,0,0,0,13,1,4,2.125,0.234375,0,0.0,0.046613,16
3fd43aa694138f5a,32,0.070565,0,0,0,12,1,4,2.1875,0.402344,0,0.0,0.056174,16
6f17a981c0f65786,32,0.066532,0,0,0,18,1,3,2.0625,0.183594,0,0.0,0.029797,16
41f1fcd6276abf5d,32,0.068548,0,0,0,12,2,3,2.125,0.109375,0,0.0,0.05778,16
e439394716698e2c,32,0.070565,0,0,0,11,1,3,2.1875,0.214844,0,0.0,0.088553,16
80fc3ad3d9bb2476,32,0.068548,0,0,0,15,1,4,2.125,0.296875,0,0.0,0.039108,16
e33782eb68f31778,32,0.070565,0,0,0,15,1,4,2.1875,0.339844,0,0.0,0.021061,16
7626ff799faa706a,32,0.066532,1,0,0,27,1,3,2.0625,0.121094,0,0.0,0.01141,16
f9813d6d2cf6b8b0,32,0.068548,1,0,0,16,1,3,2.125,0.234375,0,0.0,0.043042,16
2f27d5d0b8f44ac7,32,0.070565,0,0,0,13,1,3,2.1875,0.214844,0,0.0,0.056507,16
a5cc6b451170f9d9,32,0.068548,0,0,0,18,1,3,2.125,0.234375,0,0.0,0.018692,16
74250630a3d2f7a2,32,0.070565,0,0,1,18,1,4,2.1875,0.339844,0,0.046875,0.030735,16
99f5e2916bab2f90,32,0.066532,0,0,0,25,1,3,2.0625,0.183594,0,0.0,0.012529,16
8fb3da1456a25d82,32,0.068548,0,0,0,18,1,3,2.125,0.171875,0,0.0,0.029097,16
5918fc35a45f9391,32,0.070565,0,0,0,15,1,4,2.1875,0.277344,0,0.0,0.045089,16
e8aafade5c666bf0,32,0.064516,0,0,0,26,1,3,2.0,0.125,0,0.0,0.01039,16
3734f2a198a3336e,32,0.066532,0,0,0,15,1,3,2.0625,0.121094,0,0.0,0.041866,16
6fc3bef52ecbe395,32,0.068548,1,0,0,15,1,3,2.125,0.234375,0,0.0,0.034915,16
cd7be3324b0b287b,32,0.070565,0,0,0,12,1,3,2.1875,0.214844,0,0.0,0.070555,16
2bd3d42a2aa5b4d3,32,0.068548,0,0,1,20,1,3,2.125,0.234375,0,0.052083,0.021239,16
88a9d557440fabc5,32,0.070565,0,0,0,14,1,4,2.1875,0.339844,0,0.0,0.045165,16
74c61dca153240dd,32,0.066532,0,0,0,24,1,3,2.0625,0.183594,0,0.0,0.01413,16
6ee9aa4e2f3e122a,32,0.068548,0,0,0,16,1,3,2.125,0.234375,0,0.0,0.027785,16
bffc736b74d131b1,32,0.070565,0,0,0,12,2,4,2.1875,0.214844,0,0.0,0.054822,16
63e9e2830253a4e5,32,0.066532,0,0,0,22,1,3,2.0625,0.183594,0,0.0,0.013271,16
6f63190ae6bbe444,32,0.068548,0,0,0,13,1,3,2.125,0.234375,0,0.0,0.058577,16
cadc9712ea313c7d,32,0.070565,0,0,0,16,1,3,2.1875,0.214844,0,0.0,0.02872,16
9765234b096d8608,32,0.066532,0,0,1,17,1,3,2.0625,0.183594,0,0.052083,0.037572,16
2ff96df2a4d33ae8,32,0.068548,0,0,1,19,1,4,2.125,0.296875,0,0.052083,0.018457,16
a6d77a92d14ee535,32,0.070565,1,0,0,13,1,4,2.1875,0.402344,0,0.0,0.065484,16
32477f94ea98a889,32,0.066532,0,0,0,19,1,3,2.0625,0.183594,0,0.0,0.02012,16
e53dcea67df8e7ee,32,0.068548,0,0,1,17,1,4,2.125,0.234375,0,0.046875,0.02745,16
ddb5438a1812a436,32,0.070565,0,0,0,20,1,3,2.1875,0.214844,0,0.0,0.01992,16
21e60f2112a64ad6,32,0.066532,0,0,0,17,1,3,2.0625,0.121094,0,0.0,0.031509,16
b77e04990fcf145e,32,0.068548,0,0,0,14,1,3,2.125,0.171875,0,0.0,0.041373,16
3fb6947c05c6f6f2,32,0.070565,0,0,0,13,1,4,2.1875,0.339844,0,0.0,0.043792,16
0f30c8d3b76d376b,32,0.066532,0,0,0,16,1,3,2.0625,0.183594,0,0.0,0.033284,16
81c9ef4adb3564d4,32,0.068548,0,0,0,13,1,5,2.125,0.421875,0,0.0,0.055167,16
9227f6ae778fd650,32,0.070565,0,0,1,15,1,4,2.1875,0.277344,0,0.067708,0.041553,16
e2060a95bd2316c8,32,0.066532,1,0,0,23,1,3,2.0625,0.183594,0,0.0,0.017262,16
9a7ac066518e3085,32,0.068548,0,0,0,14,1,3,2.125,0.234375,0,0.0,0.046801,16
1ed44b977ac895d5,32,0.070565,0,0,0,12,1,4,2.1875,0.339844,0,0.0,0.052545,16
951e651d43d26a05,32,0.066532,1,0,0,16,1,3,2.0625,0.121094,0,0.0,0.042594,16
fec8ae734b1dab56,32,0.068548,0,0,0,22,1,4,2.125,0.296875,0,0.0,0.012975,16
eefdfe8981818d14,32,0.070565,0,0,0,13,1,3,2.1875,0.277344,0,0.0,0.045441,16
46dad26b2934cf2f,32,0.066532,0,0,0,17,1,3,2.0625,0.121094,0,0.0,0.032594,16
6ae1f782110a2920,32,0.068548,0,0,0,13,1,3,2.125,0.234375,0,0.0,0.04604,16
772f9dd2a8a6bb1c,32,0.070565,0,0,0,12,1,3,2.1875,0.277344,0,0.0,0.052279,16
309170497d535d41,32,0.066532,0,0,0,18,1,3,2.0625,0.183594,0,0.0,0.022206,16
099d99b7f69b27ec,32,0.068548,0,0,1,15,1,4,2.125,0.296875,0,0.052083,0.034716,16
4edf7bdf8ac8a7db,32,0.070565,0,0,0,11,1,4,2.1875,0.339844,0,0.0,0.075361,16
5291e3e41c239db1,32,0.066532,0,0,0,20,1,3,2.0625,0.121094,0,0.0,0.021849,16
779bb25287350d78,32,0.068548,0,0,0,11,1,3,2.125,0.171875,0,0.0,0.086342,16
4e520fc20de4daf7,32,0.070565,0,0,0,14,1,3,2.1875,0.214844,0,0.0,0.040217,16
fcdf1be996beb7b6,32,0.066532,0,0,1,25,1,3,2.0625,0.183594,0,0.052083,0.01106,16
814efb0e23d87479,32,0.068548,0,0,0,13,1,3,2.125,0.234375,0,0.0,0.052602,16
e20480f6481f30e9,32,0.070565,0,0,0,10,1,4,2.1875,0.339844,0,0.0,0.095418,16
a2dd1b0515cd7bd6,32,0.068548,0,0,0,15,1,3,2.125,0.234375,0,0.0,0.031106,16
2a40c6bbdf0ea8b2,32,0.070565,0,0,0,11,1,3,2.1875,0.277344,0,0.0,0.074635,16
4c5f3212f29e78a4,32,0.066532,0,0,1,21,1,3,2.0625,0.183594,0,0.052083,0.014908,16
aa95dc05afe82280,32,0.068548,0,0,1,17,1,4,2.125,0.296875,0,0.046875,0.023593,16
bb02e56a33537b82,32,0.070565,0,0,0,11,1,3,2.1875,0.214844,0,0.0,0.076038,16
1a741062e4f3f96f,32,0.066532,0,0,0,21,1,3,2.0625,0.121094,0,0.0,0.021648,16
8b5340695106f97a,32,0.068548,0,0,0,22,1,3,2.125,0.171875,0,0.0,0.013384,16
c09760bc4bbf16df,32,0.070565,0,0,0,17,1,4,2.1875,0.402344,0,0.0,0.022734,16
8076d9889c8fcf29,32,0.068548,0,0,2,23,1,3,2.125,0.234375,0,0.104167,0.014017,16
7eb9cbf075ff1105,32,0.070565,0,0,0,11,1,3,2.1875,0.277344,0,0.0,0.085668,16
72b7a767e92b5cea,32,0.066532,0,0,0,15,1,3,2.0625,0.183594,0,0.0,0.038553,16
21e1bf3c3c1cf47b,32,0.068548,1,0,0,13,1,3,2.125,0.171875,0,0.0,0.050575,16
ba189f5283212a9a,32,0.070565,0,0,0,12,1,4,2.1875,0.402344,0,0.0,0.066814,16
b7d65826bd99316c,32,0.066532,0,0,1,18,1,3,2.0625,0.121094,0,0.052083,0.033138,16
e4d30475a4227c5c,32,0.068548,0,0,0,19,1,3,2.125,0.234375,0,0.0,0.022926,16
d1cccfc83c85b3a6,32,0.070565,0,0,1,17,1,4,2.1875,0.339844,0,0.052083,0.023053,16
53c359668e8d513a,32,0.066532,1,0,0,15,1,3,2.0625,0.183594,0,0.0,0.04578,16
9ee584cd56bd4626,32,0.068548,0,0,0,13,1,3,2.125,0.171875,0,0.0,0.069473,16
c4b07f1552c2efdd,32,0.070565,0,0,0,15,1,4,2.1875,0.402344,0,0.0,0.042204,16
0ba54fc0f654c7c3,32,0.068548,0,0,0,15,1,3,2.125,0.234375,0,0.0,0.019225,16
ae40360c2a737b45,32,0.070565,0,0,1,14,1,3,2.1875,0.277344,0,0.052083,0.044801,16
3c3449fcf372fba9,32,0.066532,0,0,0,17,1,3,2.0625,0.183594,0,0.0,0.023094,16
4f7fb21e7312d586,32,0.068548,0,0,0,12,1,3,2.125,0.171875,0,0.0,0.053197,16
e2edfb49be719ade,32,0.070565,0,0,0,11,1,3,2.1875,0.214844,0,0.0,0.059533,16
95fe40f56f7e526c,32,0.066532,0,0,0,16,1,3,2.0625,0.183594,0,0.0,0.043508,16
d243f8825bf5ca66,32,0.068548,0,0,0,19,1,3,2.125,0.171875,0,0.0,0.026283,16
ac17602a42247eae,32,0.070565,0,0,0,15,1,3,2.1875,0.277344,0,0.0,0.040783,16
49054456e4a812cf,32,0.066532,0,0,0,17,1,4,2.0625,0.246094,0,0.0,0.029791,16
0d1304c6692216da,32,0.068548,1,0,0,14,1,3,2.125,0.234375,0,0.0,0.055634,16
abcc961505fd275b,32,0.070565,0,0,0,13,1,3,2.1875,0.277344,0,0.0,0.044573,16
6b48b9612daf17f9,32,0.066532,1,0,0,19,1,3,2.0625,0.183594,0,0.0,0.017625,16
408e4734348f20b9,32,0.068548,1,0,0,22,1,3,2.125,0.234375,0,0.0,0.014627,16
fe4e4baa52f75145,32,0.070565,0,0,0,16,1,4,2.1875,0.339844,0,0.0,0.031384,16
d1c7a764678c28f5,32,0.066532,0,0,1,23,1,3,2.0625,0.183594,0,0.052083,0.015821,16
8b456ec7f4c9d4f0,32,0.068548,0,0,0,17,1,3,2.125,0.234375,0,0.0,0.029773,16
1656462d77b76ed8,32,0.070565,0,0,0,21,1,3,2.1875,0.277344,0,0.0,0.013319,16
3aa533aab9db42a9,32,0.066532,0,0,0,17,1,3,2.0625,0.183594,0,0.0,0.035284,16
b829022b7362129c,32,0.068548,0,0,1,25,1,3,2.125,0.234375,0,0.052083,0.012926,16
fb3e4ea2671bb86c,32,0.070565,0,0,0,16,1,3,2.1875,0.277344,0,0.0,0.038097,16
e99a82094b6d13a9,32,0.066532,0,0,0,13,1,3,2.0625,0.183594,0,0.0,0.045753,16
1783559f5751004b,32,0.068548,0,0,0,14,1,4,2.125,0.296875,0,0.0,0.048246,16
f5b8328966412be7,32,0.070565,0,0,0,16,1,3,2.1875,0.214844,0,0.0,0.029283,16
5aefebe4ccac795b,32,0.066532,0,0,0,15,1,3,2.0625,0.121094,0,0.0,0.03627,16
897e0cb20368c5cc,32,0.068548,1,0,0,16,1,4,2.125,0.296875,0,0.0,0.038928,16
dc3b1b1c69e1e416,32,0.070565,0,0,0,13,1,3,2.1875,0.214844,0,0.0,0.062806,16
14960b26b0e10082,32,0.068548,0,0,0,19,1,3,2.125,0.234375,0,0.0,0.022147,16
1df0a4b4eed67ff9,32,0.070565,0,0,0,22,1,4,2.1875,0.339844,0,0.0,0.014234,16
903e2b9e85963ab9,32,0.068548,0,0,1,16,1,3,2.125,0.171875,0,0.052083,0.033898,16
832444c734b36d88,32,0.070565,0,0,0,11,1,3,2.1875,0.277344,0,0.0,0.076983,16
bc3f58af764a4924,32,0.066532,0,0,1,27,1,3,2.0625,0.183594,0,0.052083,0.010834,16
e09945c4c1b7ed62,32,0.068548,0,0,0,12,1,3,2.125,0.234375,0,0.0,0.071258,16
f5a079d5ea19eb10,32,0.070565,0,0,0,11,1,4,2.1875,0.339844,0,0.0,0.062535,16
dfc86de1deaf62dd,32,0.066532,0,0,1,29,1,3,2.0625,0.183594,0,0.03125,0.010764,16
9698e16b9e89ab7d,32,0.068548,0,0,0,13,1,3,2.125,0.171875,0,0.0,0.043785,16
a85c9bb13ee03a1c,32,0.070565,0,0,0,19,1,3,2.1875,0.277344,0,0.0,0.018317,16
f1b55331db4b1b52,32,0.066532,0,0,1,21,1,3,2.0625,0.183594,0,0.03125,0.016217,16
0687eea303a6c9b0,32,0.068548,0,0,0,14,1,3,2.125,0.234375,0,0.0,0.058373,16
ed29d5f4c9995a0d,32,0.070565,0,0,2,14,1,3,2.1875,0.277344,0,0.104167,0.036391,16
ee2b8cdb30d16daf,32,0.064516,0,0,0,17,1,3,2.0,0.125,0,0.0,0.036028,16
045a52e4cfe9836d,32,0.068548,0,0,0,12,1,4,2.125,0.296875,0,0.0,0.068844,16
6e4e1e9ea944148f,32,0.070565,0,0,0,16,1,4,2.1875,0.402344,0,0.0,0.043245,16
457e98f22d1fbcf5,32,0.068548,1,0,0,14,1,3,2.125,0.234375,0,0.0,0.045761,16
26a2068d258dc36e,32,0.070565,0,0,1,12,1,4,2.1875,0.277344,0,0.052083,0.069724,16
e838b78985ff048e,32,0.066532,0,0,0,20,1,3,2.0625,0.121094,0,0.0,0.023875,16
6c1db30dc7e73916,32,0.068548,1,0,0,17,1,3,2.125,0.234375,0,0.0,0.025307,16
afb527fd6749522d,32,0.070565,0,0,0,11,1,4,2.1875,0.402344,0,0.0,0.077225,16
2476ead4012ecd67,32,0.068548,0,0,0,14,1,4,2.125,0.296875,0,0.0,0.036997,16
94930acf175ffe06,32,0.070565,0,0,0,12,1,3,2.1875,0.277344,0,0.0,0.070495,16
0f0dd48fbf40f247,32,0.066532,0,0,0,23,1,3,2.0625,0.183594,0,0.0,0.012023,16
d360a66284ab83e0,32,0.068548,0,0,1,18,1,3,2.125,0.171875,0,0.052083,0.02279,16
deef6aeb62c6a913,32,0.070565,0,0,1,11,1,4,2.1875,0.402344,0,0.020833,0.065368,16
95e25a717a321954,32,0.066532,0,0,0,18,1,4,2.0625,0.246094,0,0.0,0.020178,16
d51b35c497070667,32,0.068548,1,0,0,15,1,4,2.125,0.296875,0,0.0,0.030495,16
731b293414aa8d18,32,0.070565,0,0,0,21,1,3,2.1875,0.214844,0,0.0,0.018043,16
328f28fbf981cda7,32,0.066532,0,0,0,15,1,3,2.0625,0.183594,0,0.0,0.041597,16
6c15a639e3e08cc6,32,0.068548,0,0,0,22,1,4,2.125,0.296875,0,0.0,0.018073,16
6d5017d9fab5d343,32,0.070565,0,0,0,13,1,4,2.1875,0.339844,0,0.0,0.063548,16
8c0f9034f45d401e,32,0.066532,0,0,0,22,1,3,2.0625,0.183594,0,0.0,0.017483,16
f7a64f2128c90b8f,32,0.068548,0,0,0,14,1,4,2.125,0.359375,0,0.0,0.046107,16
1c760fd3640a8564,32,0.070565,0,0,0,11,1,3,2.1875,0.214844,0,0.0,0.074693,16
5ed1a910dca7338c,32,0.066532,0,0,0,21,1,3,2.0625,0.183594,0,0.0,0.015252,16
339df191e14252e0,32,0.068548,0,0,0,14,1,3,2.125,0.234375,0,0.0,0.031827,16
6c7fffcc17f509c4,32,0.070565,0,0,0,13,2,3,2.1875,0.152344,0,0.0,0.058231,16
01cd7e43ff772f2d,32,0.066532,0,0,0,18,1,3,2.0625,0.183594,0,0.0,0.023549,16
60451bec39896cff,32,0.068548,0,0,0,22,1,3,2.125,0.171875,0,0.0,0.01691,16
1951dc9ab6e2f967,32,0.070565,0,0,2,19,1,3,2.1875,0.277344,0,0.083333,0.019613,16
9cc5ad106f9bf419,32,0.066532,0,0,0,19,1,4,2.0625,0.246094,0,0.0,0.020149,16
b74873c7ca1b2dd9,32,0.068548,0,0,0,12,1,4,2.125,0.296875,0,0.0,0.036374,16
c8990baba93da81f,32,0.070565,0,0,1,12,1,3,2.1875,0.214844,0,0.052083,0.059504,16
d73b363035c66832,32,0.066532,1,0,0,19,1,4,2.0625,0.246094,0,0.0,0.020261,16
e36777041c913227,32,0.068548,0,0,0,24,1,3,2.125,0.234375,0,0.0,0.01502,16
6b44630d79fa0484,32,0.070565,0,0,1,18,1,3,2.1875,0.214844,0,0.052083,0.024702,16
6443bb510dea0aa4,32,0.068548,0,0,1,13,1,4,2.125,0.296875,0,0.052083,0.050491,16
e3ca5f0ed11aab38,32,0.070565,0,0,0,17,1,5,2.1875,0.402344,0,0.0,0.036267,16
616372db41e67931,32,0.066532,0,0,0,16,1,3,2.0625,0.183594,0,0.0,0.04372,16
8d3f696d12533eef,32,0.068548,0,0,0,13,1,3,2.125,0.234375,0,0.0,0.053648,16
5f3013d024e7e09e,32,0.070565,0,0,0,14,1,3,2.1875,0.277344,0,0.0,0.045518,16
8961969ef856abe4,32,0.066532,1,0,0,25,1,4,2.0625,0.246094,0,0.0,0.011037,16
e89e15e65eae32a3,32,0.068548,0,0,0,18,1,3,2.125,0.171875,0,0.0,0.022191,16
06474615a5fee073,32,0.070565,0,0,0,13,1,3,2.1875,0.277344,0,0.0,0.068222,16
5589a50a23891adc,32,0.066532,0,0,0,26,1,3,2.0625,0.183594,0,0.0,0.014912,16
99b841ed002ee764,32,0.068548,0,0,0,15,1,3,2.125,0.171875,0,0.0,0.040374,16
d311b2743218848a,32,0.070565,0,0,0,11,1,4,2.1875,0.339844,0,0.0,0.050114,16
995bab608c4e5091,32,0.066532,0,0,0,22,1,3,2.0625,0.183594,0,0.0,0.011682,16
3a40eac84bb48447,32,0.068548,0,0,0,12,1,3,2.125,0.234375,0,0.0,0.063844,16
298f34396a3bab8d,32,0.070565,0,0,1,15,1,5,2.1875,0.464844,0,0.023958,0.031228,16
4181312377cf071c,32,0.066532,0,0,0,18,1,3,2.0625,0.183594,0,0.0,0.025485,16
9f1a92e1a4b0cae4,32,0.068548,0,0,0,14,1,4,2.125,0.296875,0,0.0,0.055049,16
f53c51b3820a2c06,32,0.070565,0,0,0,10,2,3,2.1875,0.152344,0,0.0,0.106736,16
f32d4d2ce6d7b246,32,0.066532,0,0,1,19,1,3,2.0625,0.183594,0,0.052083,0.021607,16
da6f1c36fff12194,32,0.068548,0,0,0,13,1,3,2.125,0.234375,0,0.0,0.057015,16
e01980c67f0c89e5,32,0.070565,0,0,1,12,1,3,2.1875,0.277344,0,0.052083,0.068696,16
6836fcc0db0e717e,32,0.068548,0,0,0,16,1,3,2.125,0.234375,0,0.0,0.050025,16
e55a16e8bf2e62f1,32,0.070565,0,0,0,13,1,4,2.1875,0.339844,0,0.0,0.05485,16
4ebbb51de19a948b,32,0.066532,0,0,0,19,1,3,2.0625,0.183594,0,0.0,0.013892,16
e366271d8463e8e7,32,0.068548,0,0,0,14,1,4,2.125,0.296875,0,0.0,0.053773,16
1c5f4773a18acd95,32,0.070565,0,0,0,12,1,3,2.1875,0.277344,0,0.0,0.060372,16
80b2a103a4fa4e38,32,0.066532,1,0,0,21,1,3,2.0625,0.183594,0,0.0,0.016439,16
2facc6cc52e14ff9,32,0.068548,0,0,0,11,1,4,2.125,0.296875,0,0.0,0.065291,16
e403f3fcd38107ea,32,0.070565,0,0,0,11,1,3,2.1875,0.214844,0,0.0,0.097156,16
a0fe765232ee7add,32,0.068548,0,0,0,18,1,3,2.125,0.234375,0,0.0,0.02319,16
77ccfe21e59f6d22,32,0.070565,0,0,0,12,1,3,2.1875,0.277344,0,0.0,0.043243,16
0c8842236c30c5de,32,0.066532,0,0,0,20,1,3,2.0625,0.183594,0,0.0,0.019646,16
ecbbc69a8cc99acd,32,0.068548,0,0,0,14,1,3,2.125,0.234375,0,0.0,0.068617,16
c28ba21c11c8fbfb,32,0.070565,0,0,0,12,1,3,2.1875,0.277344,0,0.0,0.066871,16
d50db46b017ee50d,32,0.066532,0,0,0,13,1,3,2.0625,0.183594,0,0.0,0.055468,16
4009a7184b7374cc,32,0.068548,0,0,0,13,1,3,2.125,0.234375,0,0.0,0.043332,16
2e21ca5d0f24b5fb,32,0.070565,0,0,0,16,1,4,2.1875,0.402344,0,0.0,0.026175,16
abd5ecbce6a061fa,32,0.066532,0,0,0,15,1,3,2.0625,0.183594,0,0.0,0.038936,16
c68e66ccf2781265,32,0.068548,0,0,0,18,1,4,2.125,0.296875,0,0.0,0.023572,16
b874ce0693693dc8,32,0.070565,0,0,0,12,1,3,2.1875,0.214844,0,0.0,0.062889,16
71d33212c2e632a3,32,0.068548,0,0,0,17,1,3,2.125,0.234375,0,0.0,0.032661,16
67df34e1086c07fb,32,0.070565,0,0,0,11,1,4,2.1875,0.402344,0,0.0,0.064442,16
a714ed2a0231bb41,32,0.068548,0,0,2,16,1,4,2.125,0.296875,0,0.072917,0.030551,16
e5dc1cf6e0b994f1,32,0.070565,0,0,0,12,1,4,2.1875,0.339844,0,0.0,0.070729,16
680a566b6a02881f,32,0.068548,0,0,1,18,1,5,2.125,0.421875,0,0.023958,0.0227,16
5b7fbdbe3b191dfb,32,0.070565,0,0,1,13,1,4,2.1875,0.402344,0,0.020833,0.055156,16
ae33c5f85386e7d1,32,0.066532,1,0,0,21,1,3,2.0625,0.183594,0,0.0,0.022803,16
bd37f8700909f482,32,0.068548,1,0,0,17,1,3,2.125,0.171875,0,0.0,0.025525,16
8b4e52575ddfbe84,32,0.070565,0,0,0,16,1,4,2.1875,0.339844,0,0.0,0.050415,16
08c84a07192b483a,32,0.066532,0,0,0,23,1,3,2.0625,0.183594,0,0.0,0.014194,16
8eb94483f6971996,32,0.068548,0,0,1,14,1,3,2.125,0.234375,0,0.052083,0.049329,16
b006b9c623f6d7a5,32,0.070565,0,0,0,13,1,3,2.1875,0.277344,0,0.0,0.050219,16
fde7b4715dbe19dd,32,0.066532,1,0,0,27,1,3,2.0625,0.183594,0,0.0,0.010384,16
15c5e5bb65f96dfb,32,0.068548,0,0,0,17,1,3,2.125,0.234375,0,0.0,0.028093,16
0816993ae63dab9e,32,0.070565,0,0,0,12,1,4,2.1875,0.339844,0,0.0,0.051482,16
383ed82610b4f10d,32,0.066532,0,0,0,15,1,3,2.0625,0.183594,0,0.0,0.033276,16
ba4db674e020ce16,32,0.068548,0,0,1,15,1,3,2.125,0.234375,0,0.052083,0.042688,16
142ad090dc76851d,32,0.070565,0,0,0,14,1,4,2.1875,0.339844,0,0.0,0.048506,16
c749e99fa16272ab,32,0.066532,0,0,0,14,1,3,2.0625,0.183594,0,0.0,0.05548,16
e749ec5d922638ed,32,0.068548,0,0,0,12,1,4,2.125,0.296875,0,0.0,0.049822,16
4a1d0a7f52358297,32,0.070565,0,0,1,11,1,4,2.1875,0.277344,0,0.067708,0.087413,16
cf559b0feb5aa7ca,32,0.066532,1,0,0,20,1,3,2.0625,0.183594,0,0.0,0.015443,16
41bdb1776ae0357c,32,0.068548,0,0,0,17,1,3,2.125,0.171875,0,0.0,0.034861,16
7fc5b027d964cc0f,32,0.070565,0,0,0,12,1,4,2.1875,0.277344,0,0.0,0.07479,16
8af3da44564a89a7,32,0.066532,0,0,1,22,1,3,2.0625,0.183594,0,0.052083,0.018178,16
e7a148b13f556db0,32,0.068548,0,0,0,17,1,3,2.125,0.234375,0,0.0,0.026318,16
b3d2f730976ee2d4,32,0.070565,0,0,0,14,1,4,2.1875,0.339844,0,0.0,0.041785,16
ed9a1b5a95d1243a,32,0.066532,0,0,1,17,1,3,2.0625,0.183594,0,0.052083,0.034057,16
216596d5087e7ab4,32,0.068548,0,0,0,20,1,3,2.125,0.234375,0,0.0,0.014764,16
518b5b9cbfb55eea,32,0.070565,0,0,0,13,1,3,2.1875,0.214844,0,0.0,0.03286,16
ad06c98d526e4561,32,0.066532,0,0,0,13,1,3,2.0625,0.183594,0,0.0,0.065521,16
11e3e05c82667d74,32,0.068548,0,0,0,14,1,3,2.125,0.234375,0,0.0,0.05661,16
90859d00df054c10,32,0.070565,0,0,0,11,1,3,2.1875,0.214844,0,0.0,0.049422,16
117ebc7b865d7b27,32,0.066532,1,0,0,21,1,3,2.0625,0.183594,0,0.0,0.021527,16
4e073ade27e296fa,32,0.068548,0,0,0,13,1,3,2.125,0.171875,0,0.0,0.059024,16
08bdb607058292bc,32,0.070565,0,0,0,13,1,4,2.1875,0.339844,0,0.0,0.041956,16
f6b22b0297dc555d,32,0.066532,0,0,0,19,1,3,2.0625,0.183594,0,0.0,0.017581,16
31c3a665e8007810,32,0.068548,0,0,0,18,1,4,2.125,0.296875,0,0.0,0.023475,16
5ee8a7fbef7a0f5b,32,0.070565,0,0,1,14,1,4,2.1875,0.339844,0,0.026042,0.049884,16
3a14942acfd6dd56,32,0.066532,0,0,1,23,1,3,2.0625,0.183594,0,0.052083,0.01255,16
c33a3a0253683bd9,32,0.068548,0,0,0,15,1,4,2.125,0.359375,0,0.0,0.027629,16
f55441f847d5bda6,32,0.070565,0,0,0,14,1,3,2.1875,0.214844,0,0.0,0.046778,16
92ec2f4d6fa4a657,32,0.066532,0,0,0,25,1,3,2.0625,0.183594,0,0.0,0.011091,16
89b73bb3d6b018ea,32,0.068548,0,0,0,15,1,3,2.125,0.234375,0,0.0,0.038955,16
1c0d5ce49802a07a,32,0.070565,0,0,1,12,1,3,2.1875,0.214844,0,0.052083,0.077022,16
9df71b16371d82e6,32,0.066532,0,0,0,17,1,3,2.0625,0.183594,0,0.0,0.034962,16
fa1168a8a396f4c0,32,0.068548,0,0,0,17,1,3,2.125,0.234375,0,0.0,0.025025,16
ab2b0f25f52c3443,32,0.070565,0,0,0,12,1,3,2.1875,0.214844,0,0.0,0.057023,16
e5c4eaf57e1930c6,32,0.066532,0,0,0,12,1,3,2.0625,0.183594,0,0.0,0.051661,16
f247169b38cc26af,32,0.068548,0,0,0,14,1,3,2.125,0.171875,0,0.0,0.060172,16
4a2a417ba3dff18c,32,0.070565,0,0,0,16,1,3,2.1875,0.214844,0,0.0,0.034618,16
e01efd0dcdfb64a9,32,0.068548,0,0,0,23,1,3,2.125,0.171875,0,0.0,0.013139,16
242ae9f476d136bb,32,0.070565,0,0,1,15,1,3,2.1875,0.277344,0,0.052083,0.032752,16
c203075c6be26e97,32,0.066532,0,0,0,14,1,3,2.0625,0.183594,0,0.0,0.046003,16
f7af019677a92ff5,32,0.068548,0,0,0,13,1,3,2.125,0.171875,0,0.0,0.068463,16
8e79e8225e770464,32,0.070565,0,0,1,13,2,4,2.1875,0.214844,0,0.072917,0.029066,16
66b24a23ca5c4a85,32,0.064516,0,0,0,16,1,3,2.0,0.125,0,0.0,0.037694,16
6b38260a512de359,32,0.066532,0,0,0,19,1,3,2.0625,0.183594,0,0.0,0.023261,16
075d7b8ec2a610b9,32,0.068548,0,0,0,20,1,3,2.125,0.234375,0,0.0,0.018166,16
dbb497422140f8d1,32,0.070565,0,0,1,12,1,3,2.1875,0.214844,0,0.03125,0.061009,16
3a8e84051eef776b,32,0.066532,0,0,0,14,1,3,2.0625,0.183594,0,0.0,0.047039,16
65f1b62e8304f272,32,0.068548,0,0,1,16,1,3,2.125,0.171875,0,0.052083,0.044118,16
b486a7cb6668e2f9,32,0.070565,0,0,0,12,1,3,2.1875,0.277344,0,0.0,0.081561,16
c325046a07671bb5,32,0.068548,0,0,0,13,1,3,2.125,0.234375,0,0.0,0.057308,16
e7358e95870189aa,32,0.070565,0,0,0,11,1,4,2.1875,0.277344,0,0.0,0.061377,16
e05b667f5a32379d,32,0.066532,0,0,0,15,1,3,2.0625,0.121094,0,0.0,0.048696,16
5190f0d3bd9d4c99,32,0.068548,0,0,0,13,1,3,2.125,0.234375,0,0.0,0.044356,16
9d0da7a36af453e9,32,0.070565,1,0,0,13,2,4,2.1875,0.214844,0,0.0,0.055932,16
e33b4dde50843ca2,32,0.066532,0,0,0,22,1,3,2.0625,0.183594,0,0.0,0.016196,16
4eeace50cbd1a8e2,32,0.068548,0,0,0,16,1,3,2.125,0.171875,0,0.0,0.02718,16
06dda122c1256910,32,0.070565,0,0,0,11,1,4,2.1875,0.339844,0,0.0,0.081816,16
312916bbf0461377,32,0.066532,0,0,0,13,1,3,2.0625,0.183594,0,0.0,0.040126,16
bce1970b91f08165,32,0.068548,1,0,0,13,1,4,2.125,0.296875,0,0.0,0.046105,16
c3add9df2b647a62,32,0.070565,0,0,0,12,1,3,2.1875,0.277344,0,0.0,0.067525,16
077610829613bd49,32,0.066532,0,0,0,27,1,3,2.0625,0.121094,0,0.0,0.010372,16
4bc306a703c89adf,32,0.068548,0,0,1,15,1,4,2.125,0.296875,0,0.026042,0.042099,16
8bd1af89efc90be1,32,0.070565,0,0,0,13,1,4,2.1875,0.277344,0,0.0,0.029948,16
8022a82549ff0a42,32,0.066532,0,0,0,14,1,3,2.0625,0.121094,0,0.0,0.049992,16
8def0bd00329433c,32,0.068548,0,0,0,20,1,3,2.125,0.171875,0,0.0,0.017538,16
bf5cfdf7bfbe4792,32,0.070565,1,0,0,15,1,3,2.1875,0.277344,0,0.0,0.041256,16
dcb5bb8cbd6fa718,32,0.068548,0,0,0,12,2,3,2.125,0.109375,0,0.0,0.071546,16
080376d0e1ea5503,32,0.070565,0,0,1,14,2,4,2.1875,0.214844,0,0.046875,0.046512,16
f8e1b5b9a6ea2799,32,0.068548,0,0,1,15,1,3,2.125,0.171875,0,0.052083,0.042552,16
f18370466fdcd7ff,32,0.070565,0,0,0,12,1,3,2.1875,0.214844,0,0.0,0.059618,16
7703cbe16545ad2e,32,0.066532,0,0,0,24,1,3,2.0625,0.183594,0,0.0,0.014533,16
4af4882626f2fbd2,32,0.068548,0,0,0,17,1,3,2.125,0.234375,0,0.0,0.029381,16
a99830e78850fde1,32,0.070565,0,0,0,12,1,3,2.1875,0.277344,0,0.0,0.071996,16
fc93fb25e15faf26,32,0.066532,1,0,0,19,1,3,2.0625,0.183594,0,0.0,0.018653,16
8fdaacc1a86594d4,32,0.068548,0,0,0,14,1,4,2.125,0.234375,0,0.0,0.042021,16
07741f38b0c9957f,32,0.070565,0,0,1,16,1,3,2.1875,0.214844,0,0.052083,0.031764,16
6a7f4bb756a168d9,32,0.066532,0,0,0,15,1,3,2.0625,0.183594,0,0.0,0.03872,16
5d33d100c5e5efff,32,0.068548,0,0,1,25,1,3,2.125,0.234375,0,0.03125,0.012427,16
b13473c292e5b3c1,32,0.070565,0,0,1,13,1,3,2.1875,0.214844,0,0.052083,0.046498,16
951dcfeca0bb8d4d,32,0.066532,0,0,0,25,1,4,2.0625,0.246094,0,0.0,0.011455,16
5b419e40328f4b54,32,0.068548,0,0,0,23,1,3,2.125,0.171875,0,0.0,0.013652,16
e67c6b2bb0a2b1df,32,0.070565,0,0,0,14,1,4,2.1875,0.339844,0,0.0,0.03455,16
badacc8346541c95,32,0.066532,1,0,0,17,1,3,2.0625,0.183594,0,0.0,0.025068,16
937e102143f4dbea,32,0.068548,1,0,0,10,1,3,2.125,0.171875,0,0.0,0.0962,16
5b55f02c4bd55d58,32,0.070565,0,0,0,12,1,3,2.1875,0.214844,0,0.0,0.059793,16
e536dec4fdbd44a0,32,0.066532,0,0,0,16,1,3,2.0625,0.183594,0,0.0,0.038374,16
a986cf94f90cb764,32,0.068548,0,0,0,16,1,4,2.125,0.234375,0,0.0,0.027112,16
053a794474975f2b,32,0.070565,0,0,1,15,1,3,2.1875,0.277344,0,0.052083,0.026528,16
980bc54535cb481a,32,0.066532,1,0,0,21,1,3,2.0625,0.183594,0,0.0,0.020667,16
d87991ae6266655f,32,0.068548,1,0,0,13,1,3,2.125,0.171875,0,0.0,0.060439,16
4edaa992125613e7,32,0.070565,0,0,0,16,1,4,2.1875,0.339844,0,0.0,0.027815,16
841f1a9cd0da3811,32,0.066532,0,0,0,24,1,3,2.0625,0.183594,0,0.0,0.013838,16
ce31ec8422af6c14,32,0.068548,0,0,0,14,1,3,2.125,0.171875,0,0.0,0.043449,16
57adf171df01542b,32,0.070565,0,0,1,13,1,4,2.1875,0.339844,0,0.052083,0.050084,16
a31595baa348d4e4,32,0.066532,1,0,0,16,1,3,2.0625,0.121094,0,0.0,0.046464,16
9d7f6edc4ff66eb1,32,0.068548,0,0,0,22,1,5,2.125,0.421875,0,0.0,0.018955,16
9bee8a0b12fe4d3d,32,0.070565,0,0,0,12,1,4,2.1875,0.339844,0,0.0,0.059749,16
1589974dc46a8efc,32,0.066532,0,0,0,15,1,3,2.0625,0.183594,0,0.0,0.047535,16
1bae7d16ae7a91be,32,0.068548,0,0,0,13,1,4,2.125,0.296875,0,0.0,0.064042,16
cf41b92c1c808e91,32,0.070565,0,0,0,14,1,4,2.1875,0.339844,0,0.0,0.061015,16
2e99119ad28057e3,32,0.066532,0,0,0,13,1,3,2.0625,0.121094,0,0.0,0.050428,16
2feeb8b589ac1617,32,0.068548,0,0,0,21,1,3,2.125,0.234375,0,0.0,0.01655,16
9d2e3dd6fc69ebee,32,0.070565,0,0,0,14,1,4,2.1875,0.402344,0,0.0,0.059429,16
0c9c86f1aacee7c7,32,0.066532,0,0,0,16,1,4,2.0625,0.246094,0,0.0,0.034075,16
fd14bceb61ca3042,32,0.068548,0,0,0,14,1,3,2.125,0.234375,0,0.0,0.053292,16
174a0ed1dac4b373,32,0.070565,0,0,1,14,1,4,2.1875,0.339844,0,0.052083,0.041035,16
24374e9c96c1a518,32,0.066532,0,0,0,14,1,3,2.0625,0.183594,0,0.0,0.047312,16
cd708a2cb819e8c4,32,0.068548,0,0,0,15,1,4,2.125,0.296875,0,0.0,0.024937,16
876cccbfc381a34d,32,0.070565,0,0,0,13,1,4,2.1875,0.277344,0,0.0,0.044773,16
ec0dd7d2248fcfa6,32,0.064516,1,0,0,29,1,3,2.0,0.125,0,0.0,0.010304,16
588f03914683e8b7,32,0.066532,1,0,0,18,1,3,2.0625,0.183594,0,0.0,0.023941,16
c5243e6e0db5bd76,32,0.068548,0,0,2,24,1,3,2.125,0.234375,0,0.083333,0.016313,16
a63c25dbcf12bd58,32,0.070565,0,0,0,14,1,4,2.1875,0.339844,0,0.0,0.034829,16
8ae8ab9ab9038994,32,0.066532,0,0,1,19,1,3,2.0625,0.183594,0,0.03125,0.025548,16
39faab1d43bc2978,32,0.068548,0,0,1,17,1,4,2.125,0.234375,0,0.067708,0.039019,16
81a2cbdec62541e8,32,0.070565,0,0,1,14,1,4,2.1875,0.339844,0,0.046875,0.045037,16
ec0612fed97c99c4,32,0.066532,0,0,0,14,1,3,2.0625,0.183594,0,0.0,0.036895,16
d3bee93b0636cdce,32,0.068548,0,0,0,16,1,3,2.125,0.234375,0,0.0,0.022626,16
de1bb341b366a1f7,32,0.070565,0,0,0,12,1,4,2.1875,0.277344,0,0.0,0.063148,16
93771865ae796b49,32,0.066532,1,0,0,19,1,3,2.0625,0.183594,0,0.0,0.026166,16
f1724883d837c302,32,0.068548,0,0,0,12,2,3,2.125,0.109375,0,0.0,0.062069,16
a069474896c2442e,32,0.070565,0,0,0,13,1,3,2.1875,0.277344,0,0.0,0.049235,16
74adf4dab9dad975,32,0.066532,1,0,0,17,1,3,2.0625,0.183594,0,0.0,0.032525,16
d639ee6dc49e2a44,32,0.068548,0,0,0,14,1,3,2.125,0.171875,0,0.0,0.05243,16
2c0e444d95d7df97,32,0.070565,0,0,0,11,1,4,2.1875,0.339844,0,0.0,0.070946,16
687fe8f297f3c013,32,0.066532,0,0,0,16,1,3,2.0625,0.183594,0,0.0,0.036038,16
b8096a608f125006,32,0.068548,0,0,1,13,1,3,2.125,0.171875,0,0.072917,0.041685,16
5000ee833e218cf5,32,0.070565,0,0,0,15,1,3,2.1875,0.277344,0,0.0,0.035916,16
131a89c86a29356e,32,0.066532,0,0,0,21,1,4,2.0625,0.183594,0,0.0,0.016122,16
03685494dedd8620,32,0.068548,0,0,1,21,1,3,2.125,0.234375,0,0.052083,0.015276,16
113b8a8174a5a5ba,32,0.070565,0,0,0,13,1,4,2.1875,0.277344,0,0.0,0.051168,16
738704d632dc445d,32,0.064516,0,0,0,28,1,3,2.0,0.125,0,0.0,0.010483,16
7d1e0ab35e6892e8,32,0.068548,1,0,0,14,1,3,2.125,0.171875,0,0.0,0.054318,16
85c5586da13917fb,32,0.070565,0,0,0,15,1,3,2.1875,0.277344,0,0.0,0.03397,16
688ac33b3c65456a,32,0.068548,0,0,0,16,1,3,2.125,0.234375,0,0.0,0.019897,16
08547f9c3d968528,32,0.070565,0,0,0,12,1,4,2.1875,0.339844,0,0.0,0.067359,16
7d217490bbd91e7d,32,0.066532,1,0,0,17,1,3,2.0625,0.183594,0,0.0,0.025054,16
e673f3d91ead48dd,32,0.068548,0,0,0,15,1,3,2.125,0.171875,0,0.0,0.042917,16
e3f3dd8a31cd1903,32,0.070565,0,0,0,11,1,3,2.1875,0.277344,0,0.0,0.070842,16
f514dbb22f71119f,32,0.066532,0,0,0,13,1,3,2.0625,0.183594,0,0.0,0.05563,16
9566cfda7ec77acd,32,0.068548,0,0,0,16,1,4,2.125,0.234375,0,0.0,0.038063,16
8c801f127f33eee9,32,0.070565,0,0,1,12,1,3,2.1875,0.277344,0,0.052083,0.049291,16
e951759ee9b59e4e,32,0.066532,0,0,1,26,1,4,2.0625,0.246094,0,0.046875,0.013673,16
96920519f661ff2f,32,0.068548,0,0,0,16,1,3,2.125,0.234375,0,0.0,0.041084,16
ac1225970b0cff5f,32,0.070565,0,0,1,16,1,3,2.1875,0.214844,0,0.052083,0.025941,16
8cd7585f903e4e39,32,0.068548,0,0,0,14,1,3,2.125,0.171875,0,0.0,0.047082,16
84ca5156b7cf5072,32,0.070565,0,0,0,13,1,3,2.1875,0.214844,0,0.0,0.042351,16
53a4124c4bb9b272,32,0.066532,0,0,0,16,1,3,2.0625,0.121094,0,0.0,0.027199,16
ba98a9cf5ffd2195,32,0.068548,0,0,1,16,1,3,2.125,0.234375,0,0.052083,0.043832,16
f4c7898aa35557c4,32,0.070565,0,0,1,15,1,4,2.1875,0.339844,0,0.046875,0.029527,16
738f0319a16346c7,32,0.066532,0,0,0,15,1,3,2.0625,0.183594,0,0.0,0.052963,16
b98f3b8163e71093,32,0.068548,0,0,0,12,1,4,2.125,0.359375,0,0.0,0.06833,16
06991cc8d2d801d3,32,0.070565,0,0,0,13,1,4,2.1875,0.339844,0,0.0,0.066765,16
a686ecca961f88ef,32,0.066532,0,0,0,15,1,3,2.0625,0.183594,0,0.0,0.045688,16
a48301026e28c927,32,0.068548,0,0,0,18,1,3,2.125,0.171875,0,0.0,0.025074,16
8bbe2ac68b244a76,32,0.070565,0,0,0,17,1,4,2.1875,0.339844,0,0.0,0.033285,16
cd09c6eb1697d6e1,32,0.066532,0,0,0,15,1,3,2.0625,0.183594,0,0.0,0.039836,16
4452996f81829ca5,32,0.068548,0,0,0,21,1,3,2.125,0.234375,0,0.0,0.016003,16
2c3e3d454d54fe89,32,0.070565,0,0,0,11,1,3,2.1875,0.277344,0,0.0,0.066704,16
b01ea5ef35ac037e,32,0.066532,1,0,0,23,1,3,2.0625,0.183594,0,0.0,0.014298,16
c78216a3a634916c,32,0.068548,0,0,0,19,1,3,2.125,0.171875,0,0.0,0.020019,16
7909fd80eb032d42,32,0.070565,0,0,0,11,1,4,2.1875,0.277344,0,0.0,0.071764,16
3378defceb5ca726,32,0.066532,0,0,0,18,1,3,2.0625,0.183594,0,0.0,0.030117,16
302f31b338752720,32,0.068548,0,0,0,12,1,3,2.125,0.234375,0,0.0,0.06081,16
0ba0a92ebfe7bf63,32,0.070565,0,0,1,16,1,3,2.1875,0.214844,0,0.052083,0.018377,16
2ebd87331713c28a,32,0.066532,0,0,0,16,1,3,2.0625,0.183594,0,0.0,0.029473,16
0050171162b857a4,32,0.068548,1,0,0,16,1,4,2.125,0.296875,0,0.0,0.033921,16
05382636962bc8af,32,0.070565,0,0,0,12,1,4,2.1875,0.277344,0,0.0,0.061768,16
dc32c94f601c06ec,32,0.066532,0,0,0,17,1,3,2.0625,0.183594,0,0.0,0.029955,16
bbda408d879a94dc,32,0.068548,0,0,0,13,1,3,2.125,0.234375,0,0.0,0.051651,16
f2ad36c5889a982c,32,0.070565,0,0,0,12,1,3,2.1875,0.277344,0,0.0,0.064739,16
a2885c0d5e4ba7ef,32,0.066532,0,0,1,28,1,3,2.0625,0.183594,0,0.052083,0.010137,16
c5a5a87d12f578ef,32,0.068548,0,0,0,13,1,4,2.125,0.296875,0,0.0,0.056983,16
3a890750bd702b1f,32,0.070565,0,0,1,16,1,3,2.1875,0.214844,0,0.052083,0.048242,16
6260875611e84933,32,0.066532,0,0,0,15,1,3,2.0625,0.183594,0,0.0,0.043503,16
fc2afb1ec13ad86e,32,0.068548,0,0,0,14,1,4,2.125,0.296875,0,0.0,0.02932,16
77c8eb8a45c043a3,32,0.070565,0,0,0,13,1,4,2.1875,0.464844,0,0.0,0.057078,16
14c3e767d097a53a,32,0.066532,1,0,0,22,1,3,2.0625,0.121094,0,0.0,0.014241,16
75a782abccde2049,32,0.068548,0,0,0,14,1,4,2.125,0.296875,0,0.0,0.042356,16
69cdc40a8e053a86,32,0.070565,0,0,0,10,1,4,2.1875,0.402344,0,0.0,0.090458,16
7691a94edc5d6e62,32,0.066532,0,0,0,23,1,3,2.0625,0.183594,0,0.0,0.012539,16
e01364a80c2b5675,32,0.068548,0,0,0,15,1,3,2.125,0.171875,0,0.0,0.03989,16
6ab7ed6ee1ca986c,32,0.070565,0,0,0,19,1,3,2.1875,0.277344,0,0.0,0.013494,16
3f1f62d2a700c1c2,32,0.066532,0,0,0,21,1,3,2.0625,0.183594,0,0.0,0.013571,16
32dc04b99c771924,32,0.068548,0,0,1,15,1,3,2.125,0.234375,0,0.052083,0.039084,16
c20e80517ea1144b,32,0.070565,0,0,1,13,1,3,2.1875,0.214844,0,0.03125,0.062993,16
bad08828c0d9c0bc,32,0.068548,0,0,0,21,1,3,2.125,0.171875,0,0.0,0.014352,16
45cb777d93aea2e6,32,0.070565,0,0,0,17,1,4,2.1875,0.277344,0,0.0,0.032129,16
a681772f3932c5a5,32,0.068548,1,0,0,23,1,3,2.125,0.171875,0,0.0,0.011873,16
eac4fae149eb5ab4,32,0.070565,0,0,1,15,1,4,2.1875,0.339844,0,0.046875,0.045964,16
dc0b5e392bd800d6,32,0.068548,1,0,0,16,1,3,2.125,0.234375,0,0.0,0.028346,16
8e37f4418e5459c1,32,0.070565,0,0,1,15,1,4,2.1875,0.339844,0,0.026042,0.04845,16
e90a24efc81d5056,32,0.068548,0,0,1,22,1,3,2.125,0.171875,0,0.052083,0.01577,16
eea744f5f1052260,32,0.070565,0,0,0,11,1,3,2.1875,0.277344,0,0.0,0.091172,16
7f9b3528467f8fe3,32,0.066532,0,0,0,13,1,3,2.0625,0.183594,0,0.0,0.056141,16
260a7af0da192910,32,0.068548,0,0,0,16,1,3,2.125,0.234375,0,0.0,0.04273,16
2146c7855ea5afe7,32,0.070565,0,0,0,12,1,3,2.1875,0.277344,0,0.0,0.053916,16
d83bedc0d91cafbb,32,0.068548,0,0,0,11,1,4,2.125,0.234375,0,0.0,0.069216,16
2bff071fdb73fb3c,32,0.070565,0,0,0,17,1,4,2.1875,0.339844,0,0.0,0.020857,16
523c5b9add1f53f0,32,0.066532,0,0,1,24,1,3,2.0625,0.183594,0,0.052083,0.011534,16
ae4a2275f14d6ddd,32,0.068548,0,0,0,16,1,4,2.125,0.234375,0,0.0,0.036656,16
7bdd76a47b3261bd,32,0.070565,1,0,0,16,1,4,2.1875,0.402344,0,0.0,0.038422,16
53d456be5cbf08ea,32,0.066532,0,0,1,25,1,3,2.0625,0.183594,0,0.052083,0.011673,16
26e19c9cf19e89a4,32,0.068548,0,0,0,14,1,3,2.125,0.234375,0,0.0,0.042293,16
efd31457cb1ae1f3,32,0.070565,0,0,0,15,1,4,2.1875,0.277344,0,0.0,0.053437,16
f29ba7101e1a5f6c,32,0.066532,1,0,0,14,1,3,2.0625,0.183594,0,0.0,0.055321,16
9bf4deaabd1859be,32,0.068548,0,0,0,17,1,3,2.125,0.171875,0,0.0,0.025678,16
2dc0e1626c7144a2,32,0.070565,0,0,0,11,1,3,2.1875,0.214844,0,0.0,0.074765,16
7530d9046e27e058,32,0.066532,0,0,0,18,1,3,2.0625,0.183594,0,0.0,0.032198,16
e18406f5b7b962e6,32,0.068548,0,0,0,13,1,3,2.125,0.234375,0,0.0,0.066799,16
1db5210e6835d223,32,0.070565,0,0,0,10,1,4,2.1875,0.402344,0,0.0,0.066791,16
64b3d38a39d6af33,32,0.068548,0,0,0,11,1,3,2.125,0.234375,0,0.0,0.0786,16
3a1991864423cab0,32,0.070565,0,0,1,15,1,4,2.1875,0.339844,0,0.041667,0.040282,16
a662c4ed6190617b,32,0.068548,0,0,0,11,1,4,2.125,0.296875,0,0.0,0.060189,16
d72a58a9fe722bc6,32,0.070565,0,0,0,10,1,3,2.1875,0.214844,0,0.0,0.089704,16
bd78b7c47b48c4f8,32,0.066532,0,0,1,22,1,3,2.0625,0.121094,0,0.052083,0.017044,16
6900e781fc6613cf,32,0.068548,1,0,0,13,1,3,2.125,0.171875,0,0.0,0.061147,16
06aabecc312cf8c8,32,0.070565,0,0,0,16,1,3,2.1875,0.277344,0,0.0,0.023589,16
56f3155c9c76dd5c,32,0.066532,0,0,1,20,1,3,2.0625,0.183594,0,0.052083,0.01916,16
162422ef3fa5bddd,32,0.068548,0,0,1,16,1,4,2.125,0.234375,0,0.046875,0.039653,16
537e818db73eeb7e,32,0.070565,0,0,0,11,1,3,2.1875,0.214844,0,0.0,0.069465,16
b34a1ac736164768,32,0.068548,0,0,0,13,1,4,2.125,0.296875,0,0.0,0.052744,16
5a00c1013a62b884,32,0.070565,0,0,0,13,1,3,2.1875,0.214844,0,0.0,0.06564,16
40e13423466420e1,32,0.066532,1,0,0,17,1,3,2.0625,0.183594,0,0.0,0.030163,16
37075a3e100c29fc,32,0.068548,0,0,0,13,1,3,2.125,0.171875,0,0.0,0.04984,16
799d4548998bec9d,32,0.070565,0,0,0,15,1,4,2.1875,0.339844,0,0.0,0.034334,16
f3e6f0209cf8614b,32,0.066532,0,0,0,21,1,3,2.0625,0.183594,0,0.0,0.017703,16
85932d1b0e0fa6be,32,0.068548,0,0,0,14,1,3,2.125,0.234375,0,0.0,0.05669,16
9ccf199d3fd0f4c7,32,0.070565,0,0,0,11,1,3,2.1875,0.277344,0,0.0,0.110399,16
3e899d184af4f6ea,32,0.066532,1,0,0,24,1,3,2.0625,0.121094,0,0.0,0.014738,16
a30e7f379f180210,32,0.068548,1,0,0,15,1,3,2.125,0.171875,0,0.0,0.053427,16
a549e7c88407c611,32,0.070565,0,0,0,13,1,3,2.1875,0.277344,0,0.0,0.052067,16
235f4ef4a68f1677,32,0.066532,0,0,1,18,1,3,2.0625,0.183594,0,0.052083,0.023318,16
1efc45e31058776d,32,0.068548,0,0,1,22,1,3,2.125,0.171875,0,0.052083,0.012654,16
6269d09f8636b878,32,0.070565,0,0,0,20,1,3,2.1875,0.277344,0,0.0,0.022758,16
916aabb2d0085996,32,0.066532,0,0,0,19,1,3,2.0625,0.183594,0,0.0,0.01695,16
af00ba17d24d0ae2,32,0.068548,0,0,0,16,2,3,2.125,0.109375,0,0.0,0.020481,16
b953eb57bc83dd49,32,0.070565,0,0,1,11,1,3,2.1875,0.214844,0,0.072917,0.067764,16
01c5adcfa4bf2e13,32,0.066532,1,0,0,15,1,3,2.0625,0.183594,0,0.0,0.024362,16
59f7da1cb857cd2e,32,0.068548,0,0,1,14,1,4,2.125,0.234375,0,0.046875,0.044227,16
ca717e9d45c422d3,32,0.070565,0,0,0,14,1,3,2.1875,0.277344,0,0.0,0.047156,16
a6b5265ec8bc4d28,32,0.064516,1,0,0,18,1,3,2.0,0.125,0,0.0,0.033815,16
cbbd5ef297fb7d3c,32,0.066532,0,0,0,20,1,3,2.0625,0.183594,0,0.0,0.019162,16
cfaf5400e6c5c098,32,0.068548,0,0,2,22,1,4,2.125,0.296875,0,0.078125,0.015032,16
8357f6a423ff0656,32,0.070565,0,0,1,12,1,4,2.1875,0.339844,0,0.046875,0.066283,16
9bcb501192e175f1,32,0.064516,0,0,0,16,1,3,2.0,0.0625,0,0.0,0.038335,16
ccfe1a3cda12d4f1,32,0.066532,0,0,0,22,1,3,2.0625,0.121094,0,0.0,0.014237,16
df3bbb9bc77a3d25,32,0.068548,0,0,0,14,1,3,2.125,0.234375,0,0.0,0.049709,16
cc235f7f580fcec4,32,0.070565,0,0,2,15,1,3,2.1875,0.214844,0,0.104167,0.03965,16
36e5f6ac90278887,32,0.066532,0,0,0,15,1,3,2.0625,0.183594,0,0.0,0.043326,16
1fe6361c538f5219,32,0.068548,0,0,0,13,1,3,2.125,0.234375,0,0.0,0.055926,16
c4bf0baf09e06f12,32,0.070565,0,0,1,15,1,4,2.1875,0.339844,0,0.046875,0.042868,16
e98ef0a2c89429b3,32,0.066532,1,0,0,21,1,3,2.0625,0.183594,0,0.0,0.022632,16
d6cd10c642bbe874,32,0.068548,0,0,0,13,1,3,2.125,0.234375,0,0.0,0.071846,16
862210cdeae0e93a,32,0.070565,0,0,0,11,1,4,2.1875,0.277344,0,0.0,0.080341,16
917ce8bdd316db66,32,0.066532,0,0,0,14,1,3,2.0625,0.121094,0,0.0,0.042081,16
33d3a97a44cddf7e,32,0.068548,1,0,0,14,1,3,2.125,0.234375,0,0.0,0.040676,16
708d7f4217220e4e,32,0.070565,0,0,0,15,1,3,2.1875,0.277344,0,0.0,0.031636,16
7b01cbe7169e79da,32,0.066532,0,0,0,22,1,3,2.0625,0.121094,0,0.0,0.013181,16
da178c3e4df2d7a8,32,0.068548,0,0,0,14,1,3,2.125,0.171875,0,0.0,0.052571,16
15636f7c4b2acd22,32,0.070565,0,0,0,16,1,3,2.1875,0.214844,0,0.0,0.028976,16
2bc5112804aee04d,32,0.066532,1,0,0,25,1,3,2.0625,0.183594,0,0.0,0.013739,16
36e73807deb24a1f,32,0.068548,0,0,0,12,1,4,2.125,0.296875,0,0.0,0.056496,16
fe0b18a459eb51a9,32,0.070565,0,0,1,12,1,3,2.1875,0.214844,0,0.052083,0.064334,16
87b190eecc6ce9a0,32,0.066532,0,0,0,22,1,3,2.0625,0.183594,0,0.0,0.014602,16
3b50b4e71c33d291,32,0.068548,0,0,0,17,1,3,2.125,0.234375,0,0.0,0.022439,16
5f1d4f7dfb107e2b,32,0.070565,0,0,0,13,1,3,2.1875,0.214844,0,0.0,0.051886,16
721c5cb635defae6,32,0.066532,0,0,0,20,1,3,2.0625,0.183594,0,0.0,0.021719,16
1375b05d545d4141,32,0.068548,1,0,0,19,1,4,2.125,0.296875,0,0.0,0.018686,16
e3cbe16c09529363,32,0.070565,0,0,0,14,1,5,2.1875,0.464844,0,0.0,0.033003,16
bfa778402a2f36e2,32,0.066532,0,0,0,15,1,4,2.0625,0.246094,0,0.0,0.040248,16
f99ee07c6065d08c,32,0.068548,0,0,0,14,1,4,2.125,0.296875,0,0.0,0.04783,16
173c83254f2fae26,32,0.070565,0,0,1,15,1,3,2.1875,0.214844,0,0.03125,0.043724,16
8288c56092edf50b,32,0.068548,1,0,0,14,1,3,2.125,0.234375,0,0.0,0.048396,16
689dd6586e1f6136,32,0.070565,0,0,1,17,1,4,2.1875,0.277344,0,0.052083,0.031632,16
574292ead49c1a43,32,0.066532,0,0,0,23,1,3,2.0625,0.183594,0,0.0,0.011862,16
c513fc65e99fadae,32,0.068548,0,0,0,21,1,4,2.125,0.234375,0,0.0,0.014584,16
bc2883d35bfb3715,32,0.070565,0,0,0,12,1,3,2.1875,0.214844,0,0.0,0.063039,16
23b5ff15f6808c7b,32,0.066532,0,0,0,18,1,4,2.0625,0.246094,0,0.0,0.022479,16
72af2d0de41bbb3e,32,0.068548,0,0,0,16,1,4,2.125,0.296875,0,0.0,0.0309,16
c54abf3bee6a4712,32,0.070565,0,0,0,14,1,3,2.1875,0.277344,0,0.0,0.048287,16
1cca9df20961aff3,32,0.068548,1,0,0,20,1,3,2.125,0.234375,0,0.0,0.020808,16
7f64ec6d1b5c2bf3,32,0.070565,0,0,0,11,1,4,2.1875,0.277344,0,0.0,0.070784,16
21adbacdf785102c,32,0.066532,0,0,1,26,1,3,2.0625,0.121094,0,0.072917,0.012711,16
561eac6d4b64a267,32,0.068548,0,0,1,13,1,3,2.125,0.171875,0,0.052083,0.064417,16
f4dc1a7fb787224e,32,0.070565,0,0,0,13,1,3,2.1875,0.214844,0,0.0,0.054957,16
ed82eaa6327af06c,32,0.068548,0,0,0,17,1,3,2.125,0.171875,0,0.0,0.02544,16
06b25dcdc7f01608,32,0.070565,0,0,0,13,1,3,2.1875,0.214844,0,0.0,0.055041,16
3850ae8605db6417,32,0.066532,0,0,0,17,1,4,2.0625,0.246094,0,0.0,0.03397,16
0d795ae8483457c7,32,0.068548,0,0,0,17,1,4,2.125,0.234375,0,0.0,0.033905,16
5f85ead5c0531f4f,32,0.070565,0,0,0,12,1,4,2.1875,0.277344,0,0.0,0.062394,16
cfa05cccc40c55d4,32,0.066532,1,0,0,16,1,3,2.0625,0.121094,0,0.0,0.038429,16
e8a540fc16809541,32,0.068548,0,0,0,18,1,3,2.125,0.234375,0,0.0,0.017781,16
ffded5e2ca67f6b6,32,0.070565,0,0,1,21,1,4,2.1875,0.277344,0,0.046875,0.01507,16
3af72593e4054711,32,0.064516,1,0,0,29,1,3,2.0,0.125,0,0.0,0.00992,16
cbc4cdf90d5e78f8,32,0.066532,0,0,0,16,1,3,2.0625,0.183594,0,0.0,0.040457,16
64f3687b4d980d8b,32,0.068548,0,0,0,13,1,3,2.125,0.234375,0,0.0,0.04429,16
65da4baf76579bf0,32,0.070565,0,0,0,18,1,3,2.1875,0.214844,0,0.0,0.020331,16
a7e66effe6b6eeb3,32,0.068548,0,0,0,15,1,3,2.125,0.234375,0,0.0,0.033485,16
39fdc10fc8a3a952,32,0.070565,0,0,0,14,1,3,2.1875,0.277344,0,0.0,0.044833,16
48d581402bef21b2,32,0.066532,0,0,0,23,1,3,2.0625,0.121094,0,0.0,0.013348,16
c5f2ab2150e00e68,32,0.068548,0,0,0,11,2,3,2.125,0.109375,0,0.0,0.071015,16
70a76b4658f40b39,32,0.070565,0,0,0,11,1,3,2.1875,0.277344,0,0.0,0.074932,16
e234455f14df5592,32,0.066532,1,0,0,16,1,3,2.0625,0.121094,0,0.0,0.033105,16
1d7dd9931d5fe301,32,0.068548,1,0,0,13,1,4,2.125,0.296875,0,0.0,0.05476,16
a54a2469df405f57,32,0.070565,0,0,0,13,1,3,2.1875,0.277344,0,0.0,0.052438,16
cb214f82f8676a8d,32,0.066532,0,0,0,14,1,3,2.0625,0.183594,0,0.0,0.050664,16
0e2437ca23744c26,32,0.068548,0,0,0,15,1,3,2.125,0.171875,0,0.0,0.043871,16
93dbeff47bbf5509,32,0.070565,0,0,0,9,1,3,2.1875,0.214844,0,0.0,0.127411,16
0faba87fdc18b339,32,0.066532,0,0,1,25,1,3,2.0625,0.183594,0,0.052083,0.011613,16
60e8644d06fcb3cc,32,0.068548,0,0,0,15,1,3,2.125,0.171875,0,0.0,0.026716,16
ac270715640b8d40,32,0.070565,0,0,0,10,1,3,2.1875,0.277344,0,0.0,0.110522,16
5b8e467180f02452,32,0.066532,0,0,0,24,1,3,2.0625,0.183594,0,0.0,0.014638,16
40a65b78cb5985c0,32,0.068548,1,0,0,13,1,3,2.125,0.234375,0,0.0,0.076534,16
a002e4d24838cbfd,32,0.070565,0,0,0,14,1,3,2.1875,0.277344,0,0.0,0.039516,16
172cb8a300861baf,32,0.066532,0,0,0,16,1,4,2.0625,0.246094,0,0.0,0.035134,16
6ea86326d7e36a26,32,0.068548,0,0,0,15,1,4,2.125,0.296875,0,0.0,0.020348,16
d82e4805c0f406e5,32,0.070565,0,0,0,13,1,3,2.1875,0.214844,0,0.0,0.061013,16
2286027e464bc464,32,0.068548,0,0,1,14,1,4,2.125,0.296875,0,0.046875,0.050897,16
d671dcaa528d1e3d,32,0.070565,0,0,0,10,1,3,2.1875,0.277344,0,0.0,0.108865,16
8333354aad16aa75,32,0.066532,0,0,0,12,1,4,2.0625,0.246094,0,0.0,0.054342,16
8135484448906f25,32,0.068548,0,0,0,13,1,3,2.125,0.171875,0,0.0,0.051385,16
231f942e481b6d21,32,0.070565,0,0,0,16,1,3,2.1875,0.214844,0,0.0,0.038581,16
674bab7d9087bf50,32,0.066532,0,0,0,16,1,3,2.0625,0.183594,0,0.0,0.040167,16
7610d850b504dce7,32,0.068548,1,0,0,13,1,3,2.125,0.234375,0,0.0,0.071009,16
10ff12335fd4f6b5,32,0.070565,0,0,0,13,1,3,2.1875,0.214844,0,0.0,0.053824,16
0f5dfa5c07cb00b3,32,0.068548,0,0,1,14,1,4,2.125,0.234375,0,0.046875,0.047677,16
632aadd952d70d26,32,0.070565,0,0,0,10,1,4,2.1875,0.277344,0,0.0,0.078111,16
8f5df7226c5278fe,32,0.066532,0,0,1,17,1,3,2.0625,0.121094,0,0.052083,0.038726,16
9022f1dd5d74483b,32,0.068548,0,0,0,20,1,3,2.125,0.234375,0,0.0,0.018991,16
c1e6849847f4c26b,32,0.070565,0,0,0,12,1,4,2.1875,0.339844,0,0.0,0.081184,16
3afa6bf210007ccb,32,0.066532,0,0,0,24,1,3,2.0625,0.183594,0,0.0,0.014279,16
22713d02c2c1b046,32,0.068548,1,0,0,18,1,3,2.125,0.234375,0,0.0,0.026629,16
ac2f83f16c868608,32,0.070565,0,0,0,14,1,3,2.1875,0.214844,0,0.0,0.040737,16
e474f4f006e738eb,32,0.066532,0,0,0,21,1,3,2.0625,0.121094,0,0.0,0.015284,16
f3fa3c1966bda54d,32,0.068548,0,0,0,13,1,3,2.125,0.171875,0,0.0,0.055755,16
3a2d830dcea086d7,32,0.070565,1,0,0,12,2,3,2.1875,0.152344,0,0.0,0.070222,16
157a22de0daa3361,32,0.066532,1,0,0,21,1,3,2.0625,0.183594,0,0.0,0.014949,16
11de72d0481c391a,32,0.068548,0,0,0,19,1,3,2.125,0.234375,0,0.0,0.018159,16
f25465e32f6aeded,32,0.070565,0,0,0,14,1,3,2.1875,0.214844,0,0.0,0.04882,16
06a791e36b0d3eec,32,0.066532,0,0,0,17,1,4,2.0625,0.246094,0,0.0,0.028252,16
05816f67aa269c4e,32,0.068548,0,0,3,28,1,3,2.125,0.171875,0,0.177083,0.010419,16
651332e006f60291,32,0.070565,0,0,1,15,1,4,2.1875,0.402344,0,0.046875,0.026003,16
0d52e8d46d9bb1fd,32,0.066532,0,0,0,15,1,3,2.0625,0.183594,0,0.0,0.044603,16
2785f56d466d9f63,32,0.068548,0,0,0,14,1,3,2.125,0.234375,0,0.0,0.05502,16
f739764ad4e38028,32,0.070565,0,0,1,10,1,4,2.1875,0.464844,0,0.015625,0.091519,16
5a09929c3be687b3,32,0.066532,0,0,0,14,1,3,2.0625,0.183594,0,0.0,0.042573,16
006a1279c2c910fe,32,0.068548,1,0,0,15,1,3,2.125,0.171875,0,0.0,0.042669,16
06c0e592411ac087,32,0.070565,0,0,1,13,1,3,2.1875,0.214844,0,0.052083,0.059225,16
cb19c1fcc330205f,32,0.064516,0,0,0,28,1,3,2.0,0.125,0,0.0,0.010691,16
52ca75d4a7ea2ef3,32,0.066532,1,0,0,27,1,3,2.0625,0.183594,0,0.0,0.012876,16
539bf234a7d20886,32,0.068548,0,0,0,12,1,3,2.125,0.171875,0,0.0,0.074447,16
2391e208e77814a4,32,0.070565,0,0,0,12,1,4,2.1875,0.277344,0,0.0,0.045953,16
91519b6f3f11faaf,32,0.066532,1,0,0,16,1,3,2.0625,0.183594,0,0.0,0.032232,16
250656fcbcf4bcba,32,0.068548,0,0,0,19,1,3,2.125,0.171875,0,0.0,0.014062,16
16c53ace6e25f164,32,0.070565,0,0,0,13,1,4,2.1875,0.339844,0,0.0,0.047418,16
d2bcb1fb7b0711d3,32,0.066532,0,0,0,16,1,3,2.0625,0.183594,0,0.0,0.028795,16
7b7bf005d90735d8,32,0.068548,0,0,0,17,1,4,2.125,0.359375,0,0.0,0.021386,16
f4c6a0074d504257,32,0.070565,0,0,0,11,1,3,2.1875,0.214844,0,0.0,0.096459,16
af405043efc6b239,32,0.066532,1,0,0,18,1,3,2.0625,0.183594,0,0.0,0.026417,16
2cf2cdbda1f11ddc,32,0.068548,1,0,0,15,1,3,2.125,0.171875,0,0.0,0.042584,16
2476a94138b41e80,32,0.070565,0,0,1,13,1,4,2.1875,0.277344,0,0.026042,0.056631,16
43c61a3ed9fb4397,32,0.066532,1,0,0,15,1,3,2.0625,0.121094,0,0.0,0.039338,16
61c256b1bc9d84a5,32,0.068548,0,0,1,24,1,3,2.125,0.234375,0,0.052083,0.012996,16
525ba7d1bd909b39,32,0.070565,0,0,0,14,1,3,2.1875,0.214844,0,0.0,0.048839,16
04e24f9648cf7a97,32,0.066532,0,0,0,17,1,3,2.0625,0.121094,0,0.0,0.028373,16
f3ed3e3944034bb1,32,0.068548,0,0,0,15,1,3,2.125,0.171875,0,0.0,0.047012,16
7db3736c8af7a1d4,32,0.070565,0,0,0,14,1,3,2.1875,0.277344,0,0.0,0.053093,16
40583289005dc87f,32,0.066532,1,0,0,18,1,3,2.0625,0.183594,0,0.0,0.022208,16
b77466c6b9613c3e,32,0.068548,0,0,0,14,1,3,2.125,0.234375,0,0.0,0.051971,16
cfbdec349d121909,32,0.070565,0,0,0,14,1,4,2.1875,0.277344,0,0.0,0.046918,16
df561974f262324e,32,0.066532,0,0,0,25,1,3,2.0625,0.121094,0,0.0,0.011723,16
21c3ebac9d09b229,32,0.068548,0,0,0,13,1,5,2.125,0.421875,0,0.0,0.039754,16
04db303e08e605a3,32,0.070565,0,0,0,12,1,3,2.1875,0.214844,0,0.0,0.069157,16
a1de3a680507ea7a,32,0.068548,0,0,0,17,1,3,2.125,0.234375,0,0.0,0.036316,16
4f92e445c3b2ac25,32,0.070565,0,0,0,11,1,4,2.1875,0.339844,0,0.0,0.076064,16
b5087be03ab48fc2,32,0.066532,0,0,0,16,1,3,2.0625,0.183594,0,0.0,0.036742,16
c5a8b674a1e5becf,32,0.068548,0,0,1,13,1,4,2.125,0.296875,0,0.046875,0.070992,16
2adabea4a3497111,32,0.070565,0,0,0,12,1,3,2.1875,0.277344,0,0.0,0.079533,16
28d21d4b97d3ad0e,32,0.066532,0,0,0,21,1,3,2.0625,0.183594,0,0.0,0.017504,16
8a01d291402f6238,32,0.068548,0,0,0,20,1,3,2.125,0.234375,0,0.0,0.016654,16
2f4a7284072e56e0,32,0.070565,0,0,0,12,1,4,2.1875,0.339844,0,0.0,0.054179,16
dc247d1265d87183,32,0.066532,1,0,0,23,1,3,2.0625,0.183594,0,0.0,0.015695,16
04ffa56ec187578f,32,0.068548,0,0,0,13,1,4,2.125,0.234375,0,0.0,0.053391,16
cf9b97ca7ab191e5,32,0.070565,0,0,1,17,1,3,2.1875,0.277344,0,0.03125,0.022774,16
f2b92a81a7f3ac82,32,0.066532,1,0,0,20,1,3,2.0625,0.121094,0,0.0,0.023545,16
bbe5ea6e58d26351,32,0.068548,0,0,1,23,1,3,2.125,0.171875,0,0.052083,0.012687,16
b49dd1452cf6a404,32,0.070565,0,0,0,13,1,4,2.1875,0.402344,0,0.0,0.054768,16
1f1c092e7e2b7a55,32,0.068548,0,0,0,16,1,3,2.125,0.234375,0,0.0,0.029513,16
4fd30efcfa8ebd80,32,0.070565,0,0,0,10,1,3,2.1875,0.277344,0,0.0,0.095719,16
64adb06680bfe652,32,0.066532,0,0,1,23,1,3,2.0625,0.121094,0,0.072917,0.011507,16
aeec04c50efa6cb3,32,0.068548,0,0,0,12,1,3,2.125,0.234375,0,0.0,0.082498,16
6f7acbbb831807ed,32,0.070565,0,0,1,14,1,4,2.1875,0.277344,0,0.072917,0.029788,16
94b9dfa7f5c479ff,32,0.066532,0,0,0,14,1,3,2.0625,0.183594,0,0.0,0.04768,16
cbcab546ca1e4eb2,32,0.068548,0,0,1,19,1,3,2.125,0.234375,0,0.052083,0.017417,16
fd1bed76b54ba192,32,0.070565,0,0,0,13,1,4,2.1875,0.339844,0,0.0,0.046262,16
99798cbd85dd7ccc,32,0.066532,0,0,0,14,1,3,2.0625,0.121094,0,0.0,0.046726,16
e8716dc59bb793b5,32,0.068548,0,0,0,20,1,3,2.125,0.234375,0,0.0,0.016208,16
ec97d85505751982,32,0.070565,0,0,0,13,1,4,2.1875,0.402344,0,0.0,0.052691,16
dfacb62400b42c4d,32,0.066532,1,0,0,18,1,4,2.0625,0.246094,0,0.0,0.02424,16
bbde461aeeed4469,32,0.068548,0,0,0,17,1,3,2.125,0.234375,0,0.0,0.03149,16
b1fb4d554d79dba9,32,0.070565,0,0,0,16,1,4,2.1875,0.339844,0,0.0,0.023027,16
03c0e59efbc125a9,32,0.068548,0,0,1,18,1,3,2.125,0.171875,0,0.072917,0.024639,16
42351a14c3a60933,32,0.070565,0,0,0,10,1,3,2.1875,0.277344,0,0.0,0.107552,16
41c14e99bfd1c853,32,0.068548,0,0,0,13,1,4,2.125,0.234375,0,0.0,0.06068,16
aca73b10639ab163,32,0.070565,0,0,0,16,1,3,2.1875,0.214844,0,0.0,0.026325,16
ffe6d7d56c16adf2,32,0.066532,0,0,0,17,1,3,2.0625,0.183594,0,0.0,0.022072,16
065b00dfb6d08289,32,0.068548,0,0,0,21,1,4,2.125,0.296875,0,0.0,0.013438,16
5fff5685d2d39e84,32,0.070565,0,0,0,18,1,3,2.1875,0.277344,0,0.0,0.023542,16
13cec5ca16f61bdb,32,0.066532,1,0,0,14,1,3,2.0625,0.183594,0,0.0,0.046976,16
755732e919cc1507,32,0.068548,0,0,1,14,1,4,2.125,0.296875,0,0.046875,0.052746,16
3c040f6d8a4c0a43,32,0.070565,0,0,1,16,1,3,2.1875,0.214844,0,0.052083,0.040382,16
c79bf430d77684ca,32,0.064516,1,0,0,16,2,2,2.0,0.0,1,0.0,0.038429,16
c590cfa1705d6a8a,32,0.068548,0,0,1,15,1,3,2.125,0.234375,0,0.052083,0.029483,16
92c7632298cdd159,32,0.070565,0,0,1,15,1,3,2.1875,0.277344,0,0.03125,0.04125,16
a221ab75c33c50db,32,0.068548,0,0,0,12,1,3,2.125,0.234375,0,0.0,0.058399,16
da517fff94dea04a,32,0.070565,0,0,0,13,1,3,2.1875,0.214844,0,0.0,0.058568,16
68990c81f218dd4a,32,0.066532,0,0,1,19,1,3,2.0625,0.183594,0,0.052083,0.028051,16
6055cfbe74fbf88f,32,0.068548,0,0,0,23,1,4,2.125,0.296875,0,0.0,0.016352,16
c89c24604b28c285,32,0.070565,0,0,0,11,1,4,2.1875,0.402344,0,0.0,0.077516,16
df0fb4c20571a964,32,0.066532,1,0,0,21,1,3,2.0625,0.183594,0,0.0,0.016256,16
8e3ce9a3f2714b9c,32,0.068548,0,0,0,15,1,3,2.125,0.234375,0,0.0,0.042548,16
8e8a9f952211264e,32,0.070565,0,0,0,15,2,4,2.1875,0.214844,0,0.0,0.028952,16
2ee2f94327f0a5c4,32,0.068548,0,0,0,14,1,3,2.125,0.234375,0,0.0,0.049255,16
7b94bef39afd0514,32,0.070565,0,0,1,16,1,5,2.1875,0.464844,0,0.044792,0.033427,16
66fc6f4be649a6d1,32,0.066532,0,0,0,15,1,3,2.0625,0.183594,0,0.0,0.042174,16
80be94c461734d33,32,0.068548,0,0,0,16,1,3,2.125,0.234375,0,0.0,0.042613,16
c1d3f06f09fc64a6,32,0.070565,0,0,0,13,1,3,2.1875,0.214844,0,0.0,0.055975,16
66724b1cb69a461e,32,0.068548,0,0,1,19,1,4,2.125,0.234375,0,0.046875,0.022657,16
7bfac75d658a380b,32,0.070565,0,0,0,14,1,3,2.1875,0.277344,0,0.0,0.035291,16
5d1cf54932d9fd7e,32,0.068548,0,0,0,19,1,3,2.125,0.171875,0,0.0,0.020631,16
0e8998e0b7507787,32,0.070565,0,0,0,12,1,3,2.1875,0.214844,0,0.0,0.054005,16
2c177a687b1934e9,32,0.066532,0,0,0,15,1,3,2.0625,0.121094,0,0.0,0.039848,16
7fe4784bc3344e16,32,0.068548,0,0,2,23,1,4,2.125,0.234375,0,0.119792,0.013037,16
329012d44b85a081,32,0.070565,1,0,0,12,1,3,2.1875,0.277344,0,0.0,0.075872,16
b12ecfe19d60a7b4,32,0.066532,0,0,0,21,1,4,2.0625,0.246094,0,0.0,0.020168,16
25381f71377802c8,32,0.068548,0,0,1,15,1,3,2.125,0.234375,0,0.052083,0.050449,16
5f7160e2ad005008,32,0.070565,0,0,0,16,1,3,2.1875,0.214844,0,0.0,0.026683,16
a0da75264691d655,32,0.066532,0,0,0,17,1,3,2.0625,0.121094,0,0.0,0.031738,16
1bee62e58acbacd0,32,0.068548,0,0,0,18,1,3,2.125,0.171875,0,0.0,0.024617,16
30bcdf99fd830990,32,0.070565,0,0,1,18,1,4,2.1875,0.339844,0,0.026042,0.020149,16
48f2383c5ca10857,32,0.066532,0,0,0,18,1,3,2.0625,0.183594,0,0.0,0.034973,16
f63cc8e318d8d76b,32,0.068548,0,0,0,16,1,3,2.125,0.234375,0,0.0,0.028575,16
001ab5ef21d2b7b8,32,0.070565,0,0,1,18,1,5,2.1875,0.402344,0,0.044792,0.01594,16
168bba5c328335d6,32,0.066532,0,0,0,14,1,3,2.0625,0.183594,0,0.0,0.037389,16
46924488a35222d2,32,0.068548,0,0,0,16,1,3,2.125,0.234375,0,0.0,0.035118,16
f9e9cb65b7ebc303,32,0.070565,0,0,0,16,1,3,2.1875,0.214844,0,0.0,0.025189,16
56f180d6a37f96f3,32,0.066532,0,0,1,24,1,3,2.0625,0.183594,0,0.052083,0.012348,16
bb09af5cebd989d2,32,0.068548,0,0,0,17,1,3,2.125,0.234375,0,0.0,0.034095,16
d5ca6a6e5b70a4dd,32,0.070565,0,0,1,14,1,4,2.1875,0.402344,0,0.020833,0.035728,16
157b4ecb47febcdd,32,0.066532,0,0,0,16,1,3,2.0625,0.183594,0,0.0,0.03353,16
384f0ac21288a5d2,32,0.068548,1,0,0,14,1,3,2.125,0.171875,0,0.0,0.041702,16
84767208925916ea,32,0.070565,0,0,0,14,1,3,2.1875,0.214844,0,0.0,0.058997,16
0e22b8371849a2c4,32,0.068548,0,0,1,21,1,3,2.125,0.234375,0,0.052083,0.013209,16
c701e7b89ba5b264,32,0.070565,0,0,0,13,1,3,2.1875,0.214844,0,0.0,0.058801,16
24e36cbb8a4134dc,32,0.066532,1,0,0,13,1,4,2.0625,0.246094,0,0.0,0.054691,16
d1324c055097739b,32,0.068548,0,0,0,20,1,3,2.125,0.171875,0,0.0,0.016645,16
11cc3479d1463831,32,0.070565,0,0,1,16,1,4,2.1875,0.402344,0,0.020833,0.028456,16
fa19a513dce03986,32,0.066532,0,0,0,19,1,3,2.0625,0.183594,0,0.0,0.019696,16
cd6d7aabbbc3751d,32,0.068548,0,0,1,16,1,3,2.125,0.234375,0,0.052083,0.020411,16
c9862b7ac5d74629,32,0.070565,0,0,1,14,1,4,2.1875,0.339844,0,0.052083,0.041534,16
c9f41de44826cbdb,32,0.068548,0,0,0,19,1,3,2.125,0.234375,0,0.0,0.020815,16
78d12aea8b63f90c,32,0.070565,0,0,1,12,1,3,2.1875,0.277344,0,0.052083,0.069018,16
b90fdb571acde4ef,32,0.066532,0,0,0,16,1,3,2.0625,0.183594,0,0.0,0.01876,16
2dab35ddd90766a1,32,0.068548,0,0,0,13,1,4,2.125,0.234375,0,0.0,0.052736,16
061e52c93745c327,32,0.070565,0,0,0,14,1,4,2.1875,0.339844,0,0.0,0.045639,16
dff03a147cad25e3,32,0.066532,0,0,0,13,1,3,2.0625,0.183594,0,0.0,0.045021,16
185e278e688066e9,32,0.068548,0,0,1,14,1,4,2.125,0.296875,0,0.046875,0.045796,16
9c7f4a74df82a3d3,32,0.070565,0,0,0,18,1,4,2.1875,0.339844,0,0.0,0.020749,16
c6551d323b9e8102,32,0.068548,0,0,0,18,1,3,2.125,0.171875,0,0.0,0.017891,16
03bd4d3bef5c94f5,32,0.070565,0,0,0,16,1,3,2.1875,0.277344,0,0.0,0.035005,16
b9879579bae1337d,32,0.068548,0,0,0,18,1,3,2.125,0.234375,0,0.0,0.020105,16
8fd2d19c31a06a3c,32,0.070565,0,0,1,17,1,4,2.1875,0.402344,0,0.046875,0.023896,16
10281dfe36959157,32,0.068548,0,0,0,13,1,3,2.125,0.234375,0,0.0,0.049838,16
4c2f6119eb3d784a,32,0.070565,1,0,0,15,1,4,2.1875,0.277344,0,0.0,0.045905,16
299ca3d8e78dda20,32,0.066532,0,0,0,16,1,4,2.0625,0.246094,0,0.0,0.040455,16
04598c0b9d64c2cd,32,0.068548,0,0,0,13,1,3,2.125,0.234375,0,0.0,0.069838,16
2129f42ca41689df,32,0.070565,0,0,0,11,1,4,2.1875,0.339844,0,0.0,0.070809,16
ceef2c2e05964ca5,32,0.066532,1,0,0,14,1,3,2.0625,0.183594,0,0.0,0.063104,16
a564e58e40387cfc,32,0.068548,1,0,0,16,1,3,2.125,0.234375,0,0.0,0.035732,16
6e75176514aba8d3,32,0.070565,0,0,1,17,1,4,2.1875,0.339844,0,0.052083,0.023734,16
787efecc9cd004e6,32,0.066532,0,0,0,14,1,3,2.0625,0.183594,0,0.0,0.047012,16
bc0e179a7cb4c87a,32,0.068548,1,0,0,21,1,3,2.125,0.234375,0,0.0,0.022431,16
39e7007cbf8e38de,32,0.070565,0,0,0,14,1,4,2.1875,0.339844,0,0.0,0.040365,16
f9faa0aa5d1b30b3,32,0.066532,1,0,0,18,1,3,2.0625,0.183594,0,0.0,0.022364,16
1e916dff1c6f3375,32,0.068548,0,0,1,18,1,3,2.125,0.234375,0,0.052083,0.027403,16
12127c747b18d1ad,32,0.070565,0,0,0,13,1,3,2.1875,0.277344,0,0.0,0.066611,16
c674407e016eb4cc,32,0.066532,0,0,0,18,1,3,2.0625,0.183594,0,0.0,0.023841,16
ac74a39956f1fede,32,0.068548,0,0,0,17,1,3,2.125,0.171875,0,0.0,0.029698,16
c83b9a3748ecdf20,32,0.070565,0,0,0,10,1,4,2.1875,0.339844,0,0.0,0.097474,16
bc9c2cff7aa4c889,32,0.066532,0,0,0,16,1,3,2.0625,0.183594,0,0.0,0.028322,16
d25afc5f19f492e2,32,0.068548,0,0,1,23,1,4,2.125,0.296875,0,0.046875,0.020093,16
a41d2c95c20e777a,32,0.070565,0,0,0,17,1,4,2.1875,0.277344,0,0.0,0.022768,16
82f8bb582571a7d9,32,0.066532,0,0,0,18,1,3,2.0625,0.183594,0,0.0,0.030582,16
d7375bd5fe28313a,32,0.068548,0,0,0,17,1,3,2.125,0.171875,0,0.0,0.034993,16
129820121c917802,32,0.070565,0,0,0,12,1,4,2.1875,0.402344,0,0.0,0.062616,16
4af92fe4169c4ab8,32,0.068548,0,0,0,18,1,3,2.125,0.234375,0,0.0,0.024958,16
038b6d06d1764ea6,32,0.070565,0,0,0,16,1,4,2.1875,0.339844,0,0.0,0.029516,16
c41f6348942c8a87,32,0.068548,0,0,0,18,1,4,2.125,0.296875,0,0.0,0.033656,16
0c326d59bfcc0372,32,0.070565,1,0,0,14,2,3,2.1875,0.152344,0,0.0,0.044117,16
895fb80cf7258426,32,0.066532,1,0,0,17,1,3,2.0625,0.121094,0,0.0,0.041818,16
fdf8ae85703c32dc,32,0.068548,0,0,0,15,1,3,2.125,0.234375,0,0.0,0.030945,16
868d8ac0f6fa15d4,32,0.070565,0,0,0,12,1,3,2.1875,0.214844,0,0.0,0.073892,16
c29f790b21ce90a4,32,0.066532,0,0,1,22,1,3,2.0625,0.183594,0,0.052083,0.016803,16
26d557d50e542b60,32,0.068548,0,0,0,14,1,3,2.125,0.171875,0,0.0,0.036857,16
e11259f63f44855c,32,0.070565,0,0,0,14,1,4,2.1875,0.339844,0,0.0,0.056818,16
9b2813bef0e0bd75,32,0.066532,0,0,0,23,1,3,2.0625,0.183594,0,0.0,0.014816,16
48afc9b486227f48,32,0.068548,0,0,1,20,1,4,2.125,0.296875,0,0.026042,0.022402,16
883c179e865a4096,32,0.070565,0,0,1,15,1,3,2.1875,0.214844,0,0.03125,0.050235,16
efb81486607dd877,32,0.066532,1,0,0,15,1,3,2.0625,0.183594,0,0.0,0.044478,16
364298ca513b76f9,32,0.068548,0,0,0,16,1,3,2.125,0.234375,0,0.0,0.039456,16
742a75158a4cf7aa,32,0.070565,0,0,0,18,1,3,2.1875,0.214844,0,0.0,0.016374,16
9793b0407181bbd1,32,0.068548,0,0,1,20,1,3,2.125,0.171875,0,0.052083,0.01885,16
91dbccd7c20f6144,32,0.070565,0,0,0,15,1,3,2.1875,0.277344,0,0.0,0.054307,16
ec842875cbe90e96,32,0.066532,0,0,0,20,1,4,2.0625,0.246094,0,0.0,0.019699,16
ebe163712b242bc9,32,0.068548,1,0,0,14,1,3,2.125,0.234375,0,0.0,0.030694,16
9e79cb873af9780b,32,0.070565,0,0,1,17,1,3,2.1875,0.214844,0,0.03125,0.038809,16
55d2423753895876,32,0.066532,0,0,0,17,1,3,2.0625,0.183594,0,0.0,0.037281,16
ac334789c95a023e,32,0.068548,1,0,0,11,1,3,2.125,0.234375,0,0.0,0.067795,16
6557b6ff016796ef,32,0.070565,0,0,0,13,1,5,2.1875,0.464844,0,0.0,0.051674,16
9ad702d6cd9d7d37,32,0.064516,0,0,0,29,1,3,2.0,0.0625,0,0.0,0.009739,16
69773948ccc455b4,32,0.066532,1,0,0,17,1,3,2.0625,0.183594,0,0.0,0.024196,16
d6232a1753d20dfa,32,0.068548,0,0,0,11,1,4,2.125,0.296875,0,0.0,0.081364,16
b141ba6b5b394e0e,32,0.070565,0,0,0,13,2,4,2.1875,0.214844,0,0.0,0.057895,16
5bb0f79d8093365f,32,0.066532,1,0,0,16,1,3,2.0625,0.121094,0,0.0,0.04194,16
c310af360f68b55f,32,0.068548,0,0,0,16,1,3,2.125,0.171875,0,0.0,0.024423,16
1fbd909da500e38d,32,0.070565,0,0,0,16,1,3,2.1875,0.277344,0,0.0,0.036701,16
b1d4c4784188c2d5,32,0.066532,1,0,0,21,1,3,2.0625,0.183594,0,0.0,0.019174,16
cd3429ab114af57c,32,0.068548,0,0,0,12,1,3,2.125,0.234375,0,0.0,0.081122,16
84876b0f3a962170,32,0.070565,0,0,0,12,1,3,2.1875,0.214844,0,0.0,0.064072,16
17bf708b51471721,32,0.066532,0,0,1,16,1,3,2.0625,0.183594,0,0.052083,0.039745,16
6117af7a9368354e,32,0.068548,0,0,0,24,1,4,2.125,0.234375,0,0.0,0.012572,16
f1c3a10ed16be984,32,0.070565,0,0,0,14,1,3,2.1875,0.214844,0,0.0,0.037617,16
b84b94465991a778,32,0.066532,0,0,1,19,1,3,2.0625,0.183594,0,0.052083,0.028436,16
9d465ca881a5e645,32,0.068548,0,0,0,10,1,3,2.125,0.234375,0,0.0,0.081977,16
6a7955721cbe4bad,32,0.070565,0,0,0,14,1,3,2.1875,0.277344,0,0.0,0.06905,16
82ac66fbfacc885d,32,0.066532,0,0,0,24,1,4,2.0625,0.246094,0,0.0,0.011198,16
d808c07e38264d3b,32,0.068548,1,0,0,14,1,3,2.125,0.234375,0,0.0,0.047686,16
69057f98428f2757,32,0.070565,1,0,0,14,1,4,2.1875,0.339844,0,0.0,0.05655,16
03c09228b198cf9f,32,0.068548,1,0,0,21,1,3,2.125,0.234375,0,0.0,0.015288,16
1dc7835b68ec5762,32,0.070565,0,0,0,13,1,3,2.1875,0.277344,0,0.0,0.042378,16
98f504bde0870dc1,32,0.068548,0,0,0,14,1,3,2.125,0.234375,0,0.0,0.040339,16
c74947d09b5d438f,32,0.070565,0,0,1,13,1,4,2.1875,0.402344,0,0.046875,0.049856,16
36be7df8b45b6e44,32,0.066532,0,0,0,24,1,3,2.0625,0.183594,0,0.0,0.013152,16
2678b2c8bb207896,32,0.068548,0,0,0,15,1,3,2.125,0.171875,0,0.0,0.040144,16
5e6c0b0338f2f151,32,0.070565,0,0,0,13,1,3,2.1875,0.277344,0,0.0,0.064493,16
1465631d4f74e36c,32,0.066532,0,0,0,15,1,3,2.0625,0.183594,0,0.0,0.041354,16
e6f46556f30111aa,32,0.068548,0,0,0,13,1,3,2.125,0.171875,0,0.0,0.050438,16
12b1bf32e1c1e99a,32,0.070565,0,0,0,11,1,3,2.1875,0.214844,0,0.0,0.075243,16
7105e08874b703f9,32,0.068548,0,0,1,17,1,3,2.125,0.234375,0,0.052083,0.031362,16
1946dac6b3f2a6f3,32,0.070565,0,0,0,12,1,3,2.1875,0.277344,0,0.0,0.047089,16
779c5e1c6a151814,32,0.066532,0,0,0,15,1,3,2.0625,0.183594,0,0.0,0.039356,16
7530707469712abb,32,0.068548,0,0,0,18,1,3,2.125,0.234375,0,0.0,0.023987,16
474c8c6dbe410f5f,32,0.070565,0,0,0,19,1,4,2.1875,0.277344,0,0.0,0.016886,16
fc632a0b2e40d82e,32,0.068548,0,0,0,16,1,3,2.125,0.234375,0,0.0,0.021533,16
e1230bfffbedea84,32,0.070565,0,0,0,13,1,3,2.1875,0.277344,0,0.0,0.045056,16
5a4b517872e5ff4c,32,0.066532,0,0,0,18,1,3,2.0625,0.183594,0,0.0,0.032633,16
e6c892ca1fb6a492,32,0.068548,0,0,1,13,1,3,2.125,0.171875,0,0.072917,0.050528,16
d54bc3076da0b0d2,32,0.070565,0,0,0,11,1,3,2.1875,0.214844,0,0.0,0.084633,16
3035c760686f64bc,32,0.066532,1,0,0,25,1,3,2.0625,0.183594,0,0.0,0.011921,16
576b972f048c7375,32,0.068548,0,0,0,13,1,3,2.125,0.171875,0,0.0,0.047576,16
a089b12984a287bb,32,0.070565,0,0,0,11,1,3,2.1875,0.214844,0,0.0,0.081118,16
f7d9a1f2f39fa268,32,0.068548,1,0,0,14,1,3,2.125,0.171875,0,0.0,0.040874,16
abf97bdabd972437,32,0.070565,0,0,0,11,1,3,2.1875,0.277344,0,0.0,0.080137,16
902bad9b0d286d56,32,0.066532,0,0,1,19,1,4,2.0625,0.246094,0,0.046875,0.025527,16
34e55767ae34bc99,32,0.068548,0,0,0,10,1,4,2.125,0.296875,0,0.0,0.077619,16
acc697495d3fc284,32,0.070565,0,0,0,12,1,3,2.1875,0.214844,0,0.0,0.058159,16
b2d4e955a3c4f5a1,32,0.068548,0,0,0,15,1,3,2.125,0.234375,0,0.0,0.049326,16
87544155aa0d38b4,32,0.070565,0,0,0,14,1,4,2.1875,0.402344,0,0.0,0.037708,16
58a176f55e75f544,32,0.066532,1,0,0,14,1,3,2.0625,0.183594,0,0.0,0.045392,16
79018dd198431534,32,0.068548,0,0,0,15,1,3,2.125,0.234375,0,0.0,0.032593,16
2432e987e3f1cb15,32,0.070565,0,0,0,11,1,4,2.1875,0.277344,0,0.0,0.078337,16
d7bdf19c6b2770ac,32,0.068548,0,0,0,12,1,3,2.125,0.234375,0,0.0,0.06776,16
77c64613faf5245d,32,0.070565,0,0,0,14,1,3,2.1875,0.214844,0,0.0,0.04735,16
d49f397360ee128c,32,0.066532,0,0,0,17,1,3,2.0625,0.183594,0,0.0,0.020934,16
4bbfdcf3b41cfbd1,32,0.068548,0,0,1,19,1,3,2.125,0.234375,0,0.052083,0.019401,16
20fbb408133538d3,32,0.070565,0,0,0,13,1,4,2.1875,0.339844,0,0.0,0.0568,16
11fe6cdc439aec3f,32,0.066532,0,0,0,14,1,3,2.0625,0.183594,0,0.0,0.053552,16
1b42fbe97379dfd2,32,0.068548,0,0,0,11,1,3,2.125,0.234375,0,0.0,0.058433,16
651ef44b2d2d0cb3,32,0.070565,0,0,0,16,1,4,2.1875,0.339844,0,0.0,0.022891,16
783fbf6df0a33b4f,32,0.066532,0,0,0,16,1,3,2.0625,0.121094,0,0.0,0.03969,16
59fdebfa43b64eaa,32,0.068548,0,0,0,25,1,3,2.125,0.234375,0,0.0,0.012005,16
e918da0eb6ce8857,32,0.070565,0,0,0,15,1,4,2.1875,0.339844,0,0.0,0.029713,16
cf515b8f74e0bd46,32,0.066532,1,0,0,21,1,4,2.0625,0.246094,0,0.0,0.015467,16
7456730a501c5c00,32,0.068548,0,0,0,22,1,4,2.125,0.296875,0,0.0,0.016079,16
5cfa024aea5c2bbe,32,0.070565,0,0,1,13,1,3,2.1875,0.214844,0,0.052083,0.047133,16
c7e93afb434dffc9,32,0.066532,0,0,0,23,1,3,2.0625,0.121094,0,0.0,0.012064,16
d021e0488257755b,32,0.068548,0,0,0,16,1,4,2.125,0.296875,0,0.0,0.019362,16
84c3c75f1992a933,32,0.070565,0,0,2,15,1,4,2.1875,0.402344,0,0.072917,0.032139,16
7fb493e09ab41a77,32,0.068548,0,0,0,14,1,4,2.125,0.234375,0,0.0,0.047452,16
4d03e7850042d11a,32,0.070565,1,0,0,10,1,3,2.1875,0.277344,0,0.0,0.095369,16
d270ff70249c4b11,32,0.066532,0,0,0,18,1,4,2.0625,0.246094,0,0.0,0.020957,16
c0ceb5e4195c9455,32,0.068548,0,0,1,15,1,3,2.125,0.234375,0,0.052083,0.040188,16
e831240d97a9fcd9,32,0.070565,0,0,0,14,1,3,2.1875,0.277344,0,0.0,0.05306,16
10c2cb784fbe21ac,32,0.066532,0,0,1,16,1,3,2.0625,0.121094,0,0.052083,0.040442,16
1d90025b5bbf8aa0,32,0.068548,0,0,0,14,1,4,2.125,0.234375,0,0.0,0.046949,16
e4c394097bc36169,32,0.070565,0,0,1,16,1,3,2.1875,0.214844,0,0.072917,0.032967,16
656c1be26e7d9297,32,0.066532,0,0,0,16,1,3,2.0625,0.183594,0,0.0,0.034489,16
31205eae963b4e0f,32,0.068548,0,0,0,21,1,3,2.125,0.171875,0,0.0,0.015137,16
bfa3d527d954d2a8,32,0.070565,0,0,2,19,1,4,2.1875,0.277344,0,0.098958,0.016747,16
35784d2965a1dba9,32,0.066532,0,0,0,18,1,3,2.0625,0.121094,0,0.0,0.024932,16
72d88066947d9dd9,32,0.068548,0,0,0,16,1,3,2.125,0.171875,0,0.0,0.037642,16
bdd043abc00ace2a,32,0.070565,0,0,1,14,1,4,2.1875,0.277344,0,0.046875,0.042397,16
4435cfcf73832502,32,0.066532,0,0,1,21,1,3,2.0625,0.183594,0,0.052083,0.015274,16
47aac9697cb79f15,32,0.068548,0,0,1,25,1,3,2.125,0.234375,0,0.052083,0.01294,16
406fc95f45e9e49a,32,0.070565,0,0,0,16,1,4,2.1875,0.339844,0,0.0,0.029954,16
b22f0a9ab5950d11,32,0.066532,0,0,0,14,1,3,2.0625,0.183594,0,0.0,0.047064,16
c51e49d7d89a65f2,32,0.068548,0,0,0,14,1,3,2.125,0.234375,0,0.0,0.06484,16
52307fc34eafbec4,32,0.070565,0,0,0,17,1,4,2.1875,0.339844,0,0.0,0.026169,16
aab855860229343f,32,0.066532,1,0,0,17,1,3,2.0625,0.121094,0,0.0,0.036645,16
18c418b9d595a8ed,32,0.068548,0,0,0,17,1,3,2.125,0.234375,0,0.0,0.02866,16
b8b8745caef6288c,32,0.070565,0,0,0,14,1,3,2.1875,0.277344,0,0.0,0.040525,16
a778b1324ec40f73,32,0.066532,0,0,1,28,1,3,2.0625,0.183594,0,0.052083,0.01136,16
1c219f6ee110826f,32,0.068548,0,0,1,14,1,3,2.125,0.171875,0,0.03125,0.04387,16
550c43cb0bad3f20,32,0.070565,0,0,0,15,1,4,2.1875,0.339844,0,0.0,0.034338,16
daed2e6f83842e88,32,0.066532,0,0,2,29,1,3,2.0625,0.183594,0,0.104167,0.010077,16
e9c950cd81e11c20,32,0.068548,0,0,1,16,1,3,2.125,0.234375,0,0.052083,0.041349,16
437077de3d8785ce,32,0.070565,0,0,0,17,1,4,2.1875,0.339844,0,0.0,0.023045,16
52c4be7c69d49512,32,0.066532,0,0,1,27,1,3,2.0625,0.183594,0,0.052083,0.012424,16
b18fbc633476d900,32,0.068548,0,0,0,14,1,3,2.125,0.234375,0,0.0,0.040766,16
062309e3b384dad6,32,0.070565,0,0,0,11,1,4,2.1875,0.339844,0,0.0,0.07769,16
040ed6a251a353b6,32,0.066532,0,0,2,29,1,3,2.0625,0.183594,0,0.104167,0.010722,16
a6c054e8c8a0bb56,32,0.068548,0,0,1,21,1,4,2.125,0.234375,0,0.052083,0.014322,16
e012c1c54b5feb00,32,0.070565,0,0,0,15,1,3,2.1875,0.277344,0,0.0,0.038485,16
5d815c695621f8b3,32,0.066532,0,0,1,28,1,3,2.0625,0.183594,0,0.052083,0.010945,16
91d6318a6f5fa197,32,0.068548,0,0,1,22,1,4,2.125,0.296875,0,0.026042,0.014523,16
f57c81c9c3844786,32,0.070565,0,0,0,16,1,5,2.1875,0.464844,0,0.0,0.033086,16
f77f7b187d7eda18,32,0.064516,0,0,1,30,1,3,2.0,0.125,0,0.052083,0.00999,16
7fffcdb0d2a0f55c,32,0.068548,0,0,0,16,1,4,2.125,0.296875,0,0.0,0.025838,16
2ad23c8af7843ec7,32,0.070565,0,0,0,13,1,4,2.1875,0.339844,0,0.0,0.053758,16
b09d88d1b0e7b762,32,0.066532,0,0,0,18,1,3,2.0625,0.183594,0,0.0,0.023467,16
2c4942899b05cc45,32,0.068548,0,0,0,12,1,4,2.125,0.296875,0,0.0,0.039735,16
d3759100fc922000,32,0.070565,0,0,1,18,1,3,2.1875,0.214844,0,0.052083,0.019665,16
7aaa114e1a269395,32,0.066532,0,0,0,24,1,3,2.0625,0.183594,0,0.0,0.014735,16
126a591e6f0ef192,32,0.068548,0,0,0,14,1,3,2.125,0.234375,0,0.0,0.042486,16
904e60aef0792590,32,0.070565,0,0,0,14,1,4,2.1875,0.277344,0,0.0,0.051055,16
0844971066708f26,32,0.066532,0,0,0,15,1,4,2.0625,0.246094,0,0.0,0.036255,16
39e27f46c463f079,32,0.068548,0,0,0,18,1,3,2.125,0.234375,0,0.0,0.023087,16
7d55d7fa0276031f,32,0.070565,0,0,1,18,1,3,2.1875,0.214844,0,0.03125,0.032855,16
91fc89acf7e583c3,32,0.066532,1,0,0,17,1,3,2.0625,0.121094,0,0.0,0.038049,16
31fbe903ba1019f4,32,0.068548,1,0,0,23,1,3,2.125,0.234375,0,0.0,0.016473,16
b68d2f8b980341c7,32,0.070565,0,0,0,12,1,4,2.1875,0.339844,0,0.0,0.072059,16
57ce8ccd1bb87ad0,32,0.066532,0,0,0,22,1,3,2.0625,0.183594,0,0.0,0.013182,16
9c313c5bea6ddad2,32,0.068548,1,0,0,12,1,4,2.125,0.234375,0,0.0,0.068148,16
33bdb531c55a26ca,32,0.070565,0,0,1,14,1,3,2.1875,0.277344,0,0.03125,0.051252,16
e46fbfb8a4a3327f,32,0.068548,0,0,0,14,1,3,2.125,0.171875,0,0.0,0.050924,16
8b604ebc246e07b9,32,0.070565,0,0,1,14,1,3,2.1875,0.277344,0,0.052083,0.033543,16
cffba095886b0507,32,0.066532,0,0,0,25,1,3,2.0625,0.183594,0,0.0,0.015847,16
761006ec54b2222e,32,0.068548,1,0,0,16,1,3,2.125,0.234375,0,0.0,0.037507,16
f0d454218729e1aa,32,0.070565,0,0,0,15,1,3,2.1875,0.214844,0,0.0,0.037982,16
7b441b5845cf8a0a,32,0.066532,1,0,0,15,1,3,2.0625,0.183594,0,0.0,0.039061,16
ab0baf84cf117d14,32,0.070565,0,0,0,10,1,3,2.1875,0.277344,0,0.0,0.071867,16
100e5f09084fc659,32,0.066532,1,0,0,17,1,3,2.0625,0.183594,0,0.0,0.032513,16
767b37067f69d5ec,32,0.068548,0,0,0,20,1,3,2.125,0.234375,0,0.0,0.022225,16
9b00954adf8a8189,32,0.070565,0,0,0,12,1,3,2.1875,0.277344,0,0.0,0.06308,16
f45a55fce46dd06f,32,0.066532,0,0,0,18,1,3,2.0625,0.183594,0,0.0,0.02394,16
fb2f945486a8bf76,32,0.068548,0,0,0,24,1,3,2.125,0.234375,0,0.0,0.013216,16
dccd01a6bce52ed0,32,0.070565,0,0,1,20,1,4,2.1875,0.277344,0,0.072917,0.016876,16
66a3cd424e6f3104,32,0.064516,1,0,0,30,1,3,2.0,0.0625,0,0.0,0.009681,16
5097d36626c3ec37,32,0.068548,0,0,0,14,1,3,2.125,0.234375,0,0.0,0.034144,16
c30f5221632c65e5,32,0.070565,0,0,0,15,1,3,2.1875,0.214844,0,0.0,0.042937,16
a4b9199907c888e5,32,0.068548,0,0,0,15,1,3,2.125,0.234375,0,0.0,0.039957,16
4464e3ec8ab7a2c2,32,0.070565,0,0,1,17,1,4,2.1875,0.339844,0,0.052083,0.02434,16
7d170c6724052c3f,32,0.068548,0,0,0,14,1,4,2.125,0.296875,0,0.0,0.031707,16
2943a4222ec6d10e,32,0.070565,0,0,0,13,1,4,2.1875,0.339844,0,0.0,0.040637,16
f099676446aeb7aa,32,0.066532,0,0,0,20,1,3,2.0625,0.183594,0,0.0,0.016367,16
f225fc5d9ca4a310,32,0.068548,0,0,0,18,1,3,2.125,0.171875,0,0.0,0.02487,16
4c7e554a76131173,32,0.070565,0,0,0,13,1,3,2.1875,0.277344,0,0.0,0.055252,16
d39e50e23d138777,32,0.066532,0,0,0,20,1,3,2.0625,0.183594,0,0.0,0.023291,16
3db9070782951e95,32,0.068548,0,0,0,13,1,3,2.125,0.234375,0,0.0,0.060135,16
d81a29b42d5c844b,32,0.070565,0,0,0,10,1,3,2.1875,0.277344,0,0.0,0.071543,16
e45bae0ab1047e30,32,0.066532,1,0,0,18,1,3,2.0625,0.121094,0,0.0,0.03323,16
fc33b2219ea5622e,32,0.068548,0,0,0,13,1,4,2.125,0.296875,0,0.0,0.051522,16
ce554f5314bcc816,32,0.070565,0,0,0,10,1,4,2.1875,0.402344,0,0.0,0.065572,16
6e9e5d3125b57cb9,32,0.068548,0,0,0,16,1,4,2.125,0.296875,0,0.0,0.045441,16
bb30330267356e63,32,0.070565,0,0,1,12,1,3,2.1875,0.277344,0,0.052083,0.051987,16
0c8e8eca1fa522e1,32,0.066532,0,0,0,19,1,3,2.0625,0.183594,0,0.0,0.02142,16
e0d3ba06e20f3af4,32,0.068548,0,0,0,12,1,3,2.125,0.171875,0,0.0,0.066644,16
c0443078a0fd2c30,32,0.070565,0,0,0,11,1,4,2.1875,0.339844,0,0.0,0.09831,16
468c287062c19ca2,32,0.066532,1,0,0,25,1,4,2.0625,0.246094,0,0.0,0.013078,16
c954519cfcb86275,32,0.068548,0,0,0,23,1,3,2.125,0.234375,0,0.0,0.021328,16
6993c3a62daa69d9,32,0.070565,0,0,0,17,1,3,2.1875,0.277344,0,0.0,0.020622,16
06690436e2e9623c,32,0.066532,0,0,1,18,1,3,2.0625,0.183594,0,0.052083,0.022236,16
65011f2467f7c154,32,0.068548,0,0,1,17,1,3,2.125,0.234375,0,0.03125,0.032028,16
f369f376e0304a77,32,0.070565,0,0,0,10,1,3,2.1875,0.277344,0,0.0,0.102545,16
0cf3d97f7b52ae97,32,0.066532,0,0,1,20,1,3,2.0625,0.183594,0,0.052083,0.019045,16
ffd8c3ebce63b763,32,0.068548,0,0,0,11,1,3,2.125,0.234375,0,0.0,0.083324,16
ce818692773ad450,32,0.070565,0,0,0,13,1,3,2.1875,0.214844,0,0.0,0.046404,16
0fdb2835d5151aee,32,0.068548,0,0,0,14,1,4,2.125,0.296875,0,0.0,0.031348,16
7be1b27a809b3c86,32,0.070565,0,0,0,12,1,4,2.1875,0.339844,0,0.0,0.067244,16
587bcbf19abdb490,32,0.068548,0,0,1,13,1,3,2.125,0.234375,0,0.03125,0.058694,16
4c70818aa7054d0b,32,0.070565,0,0,1,11,1,4,2.1875,0.277344,0,0.026042,0.077571,16
5517979d9f2c8cb2,32,0.066532,1,0,0,25,1,3,2.0625,0.183594,0,0.0,0.012294,16
52d03fb8f1beb764,32,0.068548,0,0,0,15,2,5,2.125,0.296875,0,0.0,0.041854,16
3dc64a43d7117c80,32,0.070565,0,0,0,12,1,4,2.1875,0.339844,0,0.0,0.060196,16
fe9ef60d3215a254,32,0.068548,0,0,0,17,1,3,2.125,0.234375,0,0.0,0.026558,16
eb551e7c8084d2eb,32,0.070565,0,0,1,15,1,3,2.1875,0.214844,0,0.052083,0.044065,16
aeb44786b697802f,32,0.068548,0,0,0,14,1,3,2.125,0.171875,0,0.0,0.043926,16
a4e750b297298a13,32,0.070565,0,0,0,12,1,3,2.1875,0.277344,0,0.0,0.070803,16
561e5d24e0f029fc,32,0.066532,1,0,0,16,1,3,2.0625,0.183594,0,0.0,0.042481,16
468667485eb13534,32,0.068548,0,0,0,11,1,4,2.125,0.296875,0,0.0,0.075064,16
5f3350a257fbedba,32,0.070565,0,0,1,14,1,4,2.1875,0.339844,0,0.052083,0.044778,16
e471f06f5b4cb03e,32,0.066532,1,0,0,15,1,3,2.0625,0.121094,0,0.0,0.053511,16
86c350e72453ae31,32,0.068548,0,0,0,16,1,4,2.125,0.296875,0,0.0,0.02254,16
d5b11288abbe6c9b,32,0.070565,0,0,0,10,1,3,2.1875,0.214844,0,0.0,0.066764,16
7290288f6bcacc1e,32,0.066532,1,0,0,18,1,4,2.0625,0.246094,0,0.0,0.022816,16
f5cbaa72538d96c5,32,0.068548,0,0,1,18,1,4,2.125,0.296875,0,0.046875,0.030756,16
6bd24a7d295012d8,32,0.070565,0,0,1,15,1,3,2.1875,0.277344,0,0.052083,0.03114,16
d950346889df72cc,32,0.066532,0,0,1,24,1,4,2.0625,0.246094,0,0.046875,0.016241,16
c25ecf2245e04463,32,0.068548,0,0,0,19,1,3,2.125,0.234375,0,0.0,0.023914,16
8d7b8db3b1a3320f,32,0.070565,0,0,0,14,1,4,2.1875,0.277344,0,0.0,0.038252,16
8884419ba3592c51,32,0.066532,0,0,0,16,1,3,2.0625,0.183594,0,0.0,0.042632,16
c7e9255cf141d32b,32,0.068548,0,0,0,15,1,3,2.125,0.171875,0,0.0,0.044653,16
da286e975f5d5bfa,32,0.070565,0,0,0,14,1,3,2.1875,0.214844,0,0.0,0.042349,16
e211a5cd8d9a8aed,32,0.068548,0,0,0,13,1,4,2.125,0.296875,0,0.0,0.047531,16
ff2452027140e94d,32,0.070565,0,0,1,15,1,4,2.1875,0.339844,0,0.026042,0.034184,16
a18f77c387ce9141,32,0.066532,0,0,0,20,1,3,2.0625,0.121094,0,0.0,0.017916,16
f2f0cd7d294ca879,32,0.068548,0,0,0,13,1,4,2.125,0.296875,0,0.0,0.052679,16
6916c708823bc9b6,32,0.070565,0,0,0,15,1,3,2.1875,0.214844,0,0.0,0.031426,16
1d783803c32b0349,32,0.068548,0,0,0,13,1,4,2.125,0.296875,0,0.0,0.043503,16
50c9024a441aed5f,32,0.070565,0,0,0,12,1,3,2.1875,0.277344,0,0.0,0.059531,16
f06a6c0e5c5b5bb8,32,0.066532,0,0,0,17,1,3,2.0625,0.183594,0,0.0,0.018264,16
e0497abb255b9931,32,0.068548,0,0,0,15,1,4,2.125,0.234375,0,0.0,0.038437,16
3582f5ede4590b92,32,0.070565,0,0,0,15,1,4,2.1875,0.339844,0,0.0,0.027771,16
7e8ff4a52f09dcfd,32,0.066532,0,0,0,14,1,4,2.0625,0.246094,0,0.0,0.046575,16
20981f495fa45c1a,32,0.068548,0,0,0,17,1,3,2.125,0.171875,0,0.0,0.0207,16
48ce84d723767c4b,32,0.070565,0,0,1,21,1,3,2.1875,0.214844,0,0.03125,0.012528,16
cbc0b136f213c599,32,0.066532,0,0,0,18,1,3,2.0625,0.183594,0,0.0,0.031979,16
bd854d360a889930,32,0.068548,0,0,1,19,1,4,2.125,0.296875,0,0.052083,0.018579,16
37a56f5e15d3cfb4,32,0.070565,0,0,0,13,1,4,2.1875,0.402344,0,0.0,0.042795,16
0b246e519380e099,32,0.066532,1,0,0,17,1,3,2.0625,0.183594,0,0.0,0.022319,16
af4cdbd83d3f224f,32,0.068548,0,0,0,19,1,4,2.125,0.296875,0,0.0,0.022674,16
13d90e830432e46e,32,0.070565,0,0,0,11,1,3,2.1875,0.214844,0,0.0,0.089924,16
1c67d345d893c6bc,32,0.068548,0,0,1,21,1,4,2.125,0.359375,0,0.020833,0.014678,16
34464e3aff141497,32,0.070565,0,0,0,10,1,4,2.1875,0.339844,0,0.0,0.072901,16
007981f27520c08a,32,0.068548,0,0,0,12,1,3,2.125,0.234375,0,0.0,0.077176,16
d9aa0eaf6fe6b817,32,0.070565,0,0,1,13,1,4,2.1875,0.339844,0,0.052083,0.03782,16
c8963662329226e2,32,0.066532,0,0,0,15,1,3,2.0625,0.183594,0,0.0,0.038429,16
aedf4a8d066eb2bb,32,0.068548,0,0,0,13,1,3,2.125,0.171875,0,0.0,0.054551,16
c3e17ce75cdd0348,32,0.070565,0,0,1,13,1,4,2.1875,0.339844,0,0.046875,0.061369,16
cc7e357019c95231,32,0.068548,0,0,0,16,1,3,2.125,0.171875,0,0.0,0.026971,16
aa9eea728fd35fe1,32,0.070565,0,0,0,20,1,4,2.1875,0.339844,0,0.0,0.018525,16
7028182fe7aa2eab,32,0.066532,0,0,0,18,1,3,2.0625,0.183594,0,0.0,0.026002,16
a927b29ecb5a80b0,32,0.068548,0,0,0,15,1,4,2.125,0.234375,0,0.0,0.03318,16
ee29cd65e2afcef6,32,0.070565,0,0,0,14,1,4,2.1875,0.277344,0,0.0,0.058939,16
a7b67a32f02c75ce,32,0.068548,0,0,0,14,1,4,2.125,0.296875,0,0.0,0.035591,16
7017fef7af4dc20c,32,0.070565,0,0,1,13,1,5,2.1875,0.464844,0,0.023958,0.045748,16
7d3c2a4ccf4d4ae6,32,0.066532,0,0,0,15,1,3,2.0625,0.183594,0,0.0,0.047763,16
f4f24d240ffe2eae,32,0.068548,0,0,0,15,1,3,2.125,0.234375,0,0.0,0.038705,16
51110f3b006f7179,32,0.070565,0,0,1,13,1,4,2.1875,0.339844,0,0.026042,0.053019,16
6e2ef4d905908f6c,32,0.066532,0,0,0,20,1,3,2.0625,0.183594,0,0.0,0.018023,16
d79230d69c5c999d,32,0.068548,0,0,0,19,1,4,2.125,0.296875,0,0.0,0.027398,16
29aa737cda129683,32,0.070565,0,0,0,16,1,4,2.1875,0.277344,0,0.0,0.027489,16
328e4f4d38ef51de,32,0.066532,1,0,0,15,1,3,2.0625,0.183594,0,0.0,0.044737,16
6ee1d5e4fde6ee7b,32,0.068548,0,0,1,17,1,3,2.125,0.171875,0,0.052083,0.022027,16
e63eff39fc7d6c23,32,0.070565,1,0,0,14,1,4,2.1875,0.339844,0,0.0,0.05024,16
e58d78b37b927b99,32,0.066532,0,0,0,25,1,3,2.0625,0.183594,0,0.0,0.013612,16
7f0e4edc5c9d86d4,32,0.068548,0,0,1,17,1,3,2.125,0.171875,0,0.052083,0.020744,16
3f6fa37d568723da,32,0.070565,0,0,1,19,1,4,2.1875,0.277344,0,0.046875,0.022359,16
145a468ef9d120d5,32,0.066532,0,0,0,15,1,4,2.0625,0.246094,0,0.0,0.045137,16
c4c695b71639d08f,32,0.068548,0,0,0,15,1,3,2.125,0.234375,0,0.0,0.034603,16
e718fefd5c58e97e,32,0.070565,0,0,0,17,1,4,2.1875,0.339844,0,0.0,0.021457,16
aa82ebd892979d10,32,0.066532,0,0,0,13,1,3,2.0625,0.183594,0,0.0,0.051042,16
8ca99d84ee43c319,32,0.068548,0,0,1,15,1,3,2.125,0.171875,0,0.052083,0.040065,16
6728d61115336cae,32,0.070565,0,0,0,12,1,3,2.1875,0.214844,0,0.0,0.058673,16
d9cf4fcca5040751,32,0.064516,0,0,1,30,1,3,2.0,0.0625,0,0.072917,0.009648,16
9c030a77a44892ea,32,0.066532,1,0,0,17,1,3,2.0625,0.183594,0,0.0,0.03223,16
df88d120c9c10c9a,32,0.068548,0,0,0,14,1,3,2.125,0.234375,0,0.0,0.046216,16
db4b59440982359d,32,0.070565,0,0,1,14,1,3,2.1875,0.214844,0,0.03125,0.04515,16
4cb823f795988413,32,0.066532,0,0,0,19,1,4,2.0625,0.246094,0,0.0,0.024585,16
9322cb35b04680be,32,0.068548,0,0,0,14,1,3,2.125,0.234375,0,0.0,0.05574,16
3671b186e2c75e6e,32,0.070565,0,0,0,14,1,3,2.1875,0.214844,0,0.0,0.043275,16
b5120bbf9c92da44,32,0.068548,0,0,0,16,1,3,2.125,0.234375,0,0.0,0.026668,16
a0ff2be2f79c91fa,32,0.070565,0,0,0,12,1,4,2.1875,0.277344,0,0.0,0.065791,16
acd2bdb53f84c34d,32,0.066532,0,0,0,24,1,3,2.0625,0.183594,0,0.0,0.012456,16
fa30f47b1b8f0bbf,32,0.068548,0,0,0,12,1,3,2.125,0.234375,0,0.0,0.056278,16
3fd84658590535a7,32,0.070565,0,0,1,18,1,4,2.1875,0.402344,0,0.020833,0.028382,16
0cd4ac236b52e9f7,32,0.068548,0,0,1,14,1,3,2.125,0.234375,0,0.052083,0.041732,16
65e02bcebe1af10f,32,0.070565,0,0,0,13,1,4,2.1875,0.277344,0,0.0,0.042281,16
1201d9f1b27836d5,32,0.066532,0,0,0,14,1,3,2.0625,0.183594,0,0.0,0.040313,16
900d93baeab45e83,32,0.068548,0,0,1,25,1,4,2.125,0.359375,0,0.020833,0.014064,16
9c0b958f82ff7b63,64,0.03125,1,1,0,63,1,2,1.96875,0.030273,0,0.0,0.002409,32
749b4ebd81a74877,64,0.031746,0,0,0,58,1,3,2.0,0.0625,0,0.0,0.002571,32
0672d8480e100d2e,64,0.032242,0,0,1,57,1,3,2.03125,0.092773,0,0.026042,0.002897,32
3fe9206f1158377c,64,0.032738,0,0,0,35,1,3,2.0625,0.121094,0,0.0,0.005657,32
87c4a89ac5b25fef,64,0.033234,0,0,0,34,1,3,2.09375,0.116211,0,0.0,0.00748,32
305fe3ef240b6d52,64,0.032242,0,0,0,58,1,3,2.03125,0.092773,0,0.0,0.002588,32
f90b1e2b4168eb42,64,0.032738,0,0,0,28,1,3,2.0625,0.121094,0,0.0,0.014698,32
e63e881b58483b72,64,0.033234,0,0,0,26,1,3,2.09375,0.147461,0,0.0,0.011661,32
93a724795f7d8a40,64,0.032242,0,0,0,38,1,3,2.03125,0.061523,0,0.0,0.004161,32
2d37604b4c210579,64,0.032738,0,0,0,28,1,4,2.0625,0.152344,0,0.0,0.010973,32
00882c143fb6d6e6,64,0.033234,0,0,0,22,1,3,2.09375,0.116211,0,0.0,0.020754,32
296a1ea5e0519628,64,0.032242,0,0,0,30,1,3,2.03125,0.092773,0,0.0,0.008661,32
5bcbb9038e37573e,64,0.032738,0,0,0,48,1,3,2.0625,0.121094,0,0.0,0.003048,32
23431c7144f1ad81,64,0.033234,0,0,0,26,1,3,2.09375,0.116211,0,0.0,0.020918,32
b02da603dab660a4,64,0.032242,1,0,0,28,1,3,2.03125,0.092773,0,0.0,0.012065,32
9194e745f37287b3,64,0.032738,0,0,0,24,1,3,2.0625,0.121094,0,0.0,0.015289,32
3225b1cd5b379360,64,0.033234,0,0,0,24,1,3,2.09375,0.147461,0,0.0,0.016002,32
d1b1fa011d615f33,64,0.031746,1,0,0,45,1,3,2.0,0.0625,0,0.0,0.004188,32
ee32426e2eea66b3,64,0.032242,1,0,0,38,1,3,2.03125,0.092773,0,0.0,0.006699,32
1a449db33d9b6a30,64,0.032738,0,0,0,22,1,4,2.0625,0.152344,0,0.0,0.017994,32
e141b53b800001b9,64,0.033234,1,0,0,23,1,3,2.09375,0.147461,0,0.0,0.0196,32
75cb47f7b6c2363a,64,0.032738,0,0,0,36,1,3,2.0625,0.089844,0,0.0,0.005351,32
2b389bb29c619b40,64,0.033234,0,0,0,29,1,3,2.09375,0.147461,0,0.0,0.009826,32
59a78ebb2ca8a2d9,64,0.032242,0,0,1,33,1,4,2.03125,0.124023,0,0.013021,0.009559,32
b5a7ab7e4d7251d2,64,0.032738,0,0,0,24,1,3,2.0625,0.121094,0,0.0,0.011958,32
1b932069e8737e94,64,0.033234,0,0,0,19,1,3,2.09375,0.147461,0,0.0,0.023453,32
f58b857d6c217f29,64,0.032242,0,0,0,47,1,3,2.03125,0.092773,0,0.0,0.004253,32
07ec13b06c44d737,64,0.032738,1,0,0,29,1,3,2.0625,0.121094,0,0.0,0.01142,32
e3a80f582ce32736,64,0.033234,0,0,0,30,1,3,2.09375,0.147461,0,0.0,0.007358,32
43763747117f3101,64,0.032242,0,0,0,34,1,3,2.03125,0.092773,0,0.0,0.009855,32
ce18eb60b4e5a1c7,64,0.032738,0,0,0,30,1,3,2.0625,0.089844,0,0.0,0.010087,32
6e84565e54e66c0b,64,0.033234,0,0,0,40,1,4,2.09375,0.147461,0,0.0,0.003552,32
b1d49666d4daea28,64,0.032242,1,0,0,38,1,3,2.03125,0.092773,0,0.0,0.005843,32
7db7d67fbb42c0ec,64,0.032738,0,0,0,28,1,3,2.0625,0.121094,0,0.0,0.013424,32
c768b3ad58dd2a0e,64,0.033234,0,0,0,28,1,4,2.09375,0.209961,0,0.0,0.013136,32
85a89c136cf97d6d,64,0.032242,0,0,0,50,1,3,2.03125,0.092773,0,0.0,0.003076,32
f08bba482b26b097,64,0.032738,0,0,0,41,1,3,2.0625,0.121094,0,0.0,0.004896,32
aa959c10b717c6cd,64,0.033234,0,0,0,21,1,4,2.09375,0.178711,0,0.0,0.017745,32
907c6b2d6001af45,64,0.032738,0,0,0,31,1,3,2.0625,0.121094,0,0.0,0.011835,32
8831af4f38b31280,64,0.033234,0,0,1,24,1,3,2.09375,0.147461,0,0.026042,0.012719,32
ce819705fa6625e3,64,0.032242,0,0,0,47,1,3,2.03125,0.092773,0,0.0,0.00381,32
91db7a4e5c924e3c,64,0.032738,0,0,0,21,1,3,2.0625,0.121094,0,0.0,0.016829,32
03dae53464986239,64,0.033234,0,0,1,35,1,4,2.09375,0.178711,0,0.026042,0.005974,32
e43bcdfed92d8afc,64,0.032242,0,0,1,42,1,3,2.03125,0.092773,0,0.026042,0.005155,32
07594f0a26aa20f6,64,0.032738,0,0,0,28,1,3,2.0625,0.121094,0,0.0,0.009488,32
5ce917db13a539e7,64,0.033234,0,0,0,25,1,4,2.09375,0.147461,0,0.0,0.0129,32
5e1b75d0b4ee910c,64,0.032242,0,0,0,37,1,3,2.03125,0.092773,0,0.0,0.004563,32
bcea518cb7f96d43,64,0.032738,0,0,0,30,1,3,2.0625,0.121094,0,0.0,0.010285,32
c0217b5534829291,64,0.033234,0,0,0,22,1,3,2.09375,0.147461,0,0.0,0.019825,32
606f12fd1bb70764,64,0.032738,0,0,0,39,1,3,2.0625,0.121094,0,0.0,0.005823,32
8bb9280e7c7eebeb,64,0.033234,0,0,0,24,1,3,2.09375,0.147461,0,0.0,0.010599,32
87b582a1386af60f,64,0.032242,1,0,0,33,1,3,2.03125,0.092773,0,0.0,0.007142,32
a2affea2006a64d0,64,0.032738,0,0,0,31,1,3,2.0625,0.121094,0,0.0,0.009042,32
bcb12f29cf72bfbc,64,0.033234,0,0,0,34,1,4,2.09375,0.178711,0,0.0,0.005522,32
7993d76859024f4c,64,0.032738,0,0,1,34,1,3,2.0625,0.121094,0,0.026042,0.006739,32
bb7ceb45bbcac2cd,64,0.033234,0,0,0,48,1,3,2.09375,0.116211,0,0.0,0.003344,32
8842e07ba281dbec,64,0.032738,1,0,0,24,1,3,2.0625,0.121094,0,0.0,0.016026,32
3b031360382d6d3d,64,0.033234,0,0,0,24,1,3,2.09375,0.116211,0,0.0,0.01615,32
5452920bb7dcf7b4,64,0.032738,0,0,0,38,1,3,2.0625,0.121094,0,0.0,0.004783,32
cc7400121135c824,64,0.033234,0,0,0,26,1,3,2.09375,0.147461,0,0.0,0.012334,32
4833b8b86fb8926b,64,0.031746,0,0,1,62,1,3,2.0,0.0625,0,0.026042,0.002442,32
359e89216e7ee24e,64,0.032242,0,0,0,31,1,4,2.03125,0.124023,0,0.0,0.010157,32
70121ec67563fe30,64,0.032738,0,0,0,35,1,3,2.0625,0.121094,0,0.0,0.006908,32
612c374a20165609,64,0.033234,0,0,0,27,1,3,2.09375,0.147461,0,0.0,0.010397,32
4e79e6aeee59ae4c,64,0.032242,1,0,0,40,1,3,2.03125,0.061523,0,0.0,0.005618,32
fcba35a57a222f86,64,0.032738,0,0,0,23,1,5,2.0625,0.214844,0,0.0,0.01811,32
a6ccf0c12a99a156,64,0.033234,0,0,0,29,1,4,2.09375,0.178711,0,0.0,0.013369,32
715e30abf6f23c97,64,0.032738,0,0,0,31,1,3,2.0625,0.121094,0,0.0,0.00766,32
d39fe8a37b97bd4a,64,0.033234,0,0,0,25,1,3,2.09375,0.147461,0,0.0,0.015585,32
c64c1c5e312e7bb8,64,0.031746,0,0,0,60,1,3,2.0,0.0625,0,0.0,0.002448,32
f6d178de6861d13c,64,0.032242,0,0,0,32,1,3,2.03125,0.092773,0,0.0,0.00638,32
f3f4b520b5c213c7,64,0.032738,0,0,0,22,1,3,2.0625,0.121094,0,0.0,0.021529,32
9630442d55b2110e,64,0.033234,0,0,0,20,1,3,2.09375,0.116211,0,0.0,0.025618,32
ebe982ff3819c53f,64,0.032242,1,0,0,33,1,3,2.03125,0.061523,0,0.0,0.009594,32
56a307104936e72f,64,0.032738,0,0,0,32,1,3,2.0625,0.121094,0,0.0,0.010304,32
b95b5506646b2bd2,64,0.033234,1,0,0,22,1,3,2.09375,0.116211,0,0.0,0.020338,32
30d56be074666eaf,64,0.031746,1,0,0,55,1,3,2.0,0.0625,0,0.0,0.002561,32
266992cf1083f6c4,64,0.032242,0,0,1,39,1,3,2.03125,0.092773,0,0.026042,0.006627,32
d1e8d629ad0bb015,64,0.032738,0,0,0,26,1,3,2.0625,0.121094,0,0.0,0.016358,32
79d723721d082dc9,64,0.033234,0,0,0,31,1,3,2.09375,0.147461,0,0.0,0.007742,32
84459a4f8bd01dc8,64,0.031746,1,0,0,46,1,3,2.0,0.0625,0,0.0,0.003424,32
e77251acfe30cb8d,64,0.032242,0,0,0,42,1,3,2.03125,0.092773,0,0.0,0.004296,32
ee793f0dff239de4,64,0.032738,0,0,0,24,1,3,2.0625,0.121094,0,0.0,0.016033,32
7b2d25ce2465c800,64,0.033234,0,0,0,27,1,4,2.09375,0.178711,0,0.0,0.011864,32
a1da074b41850a8d,64,0.032242,1,0,0,31,1,3,2.03125,0.092773,0,0.0,0.010257,32
3d959a7c37a19440,64,0.032738,0,0,1,33,1,3,2.0625,0.121094,0,0.026042,0.009902,32
ce9f74b05c813565,64,0.033234,0,0,0,23,1,3,2.09375,0.147461,0,0.0,0.020363,32
dad26ba501e4a95c,64,0.031746,0,0,0,39,1,3,2.0,0.0625,0,0.0,0.006055,32
e64072bbd7a8e90f,64,0.032242,1,0,0,42,1,3,2.03125,0.092773,0,0.0,0.003686,32
eb65793bc85c8e02,64,0.032738,0,0,0,30,1,3,2.0625,0.121094,0,0.0,0.010777,32
dd779e493666991e,64,0.033234,0,0,0,34,1,3,2.09375,0.147461,0,0.0,0.005403,32
bd6c5aa115dba18c,64,0.032242,0,0,0,34,1,3,2.03125,0.061523,0,0.0,0.008932,32
b4130f4ee7130c95,64,0.032738,0,0,0,37,1,4,2.0625,0.152344,0,0.0,0.00554,32
3cdb97224d4ee072,64,0.033234,0,0,1,31,1,3,2.09375,0.147461,0,0.026042,0.008243,32
e040f9344f4a11c4,64,0.032242,0,0,0,32,1,3,2.03125,0.092773,0,0.0,0.010165,32
c1ba319dddfcd683,64,0.032738,0,0,0,26,1,3,2.0625,0.121094,0,0.0,0.011959,32
397cfdf151650e72,64,0.033234,0,0,0,33,1,4,2.09375,0.178711,0,0.0,0.005983,32
40a134921305f4da,64,0.032242,0,0,0,25,1,3,2.03125,0.092773,0,0.0,0.015103,32
116159337c3c2250,64,0.032738,0,0,0,30,1,3,2.0625,0.121094,0,0.0,0.010289,32
8b0242391bca10a9,64,0.033234,0,0,0,26,1,3,2.09375,0.116211,0,0.0,0.014972,32
2027116e605a2013,64,0.032242,0,0,0,40,2,3,2.03125,0.030273,0,0.0,0.004154,32
7d8a2bba9d65c931,64,0.032738,0,0,0,33,1,3,2.0625,0.121094,0,0.0,0.006697,32
6f85f8c5aff74c15,64,0.033234,0,0,0,22,1,3,2.09375,0.116211,0,0.0,0.02234,32
bad8eb71a484d352,64,0.032242,1,0,0,42,1,3,2.03125,0.092773,0,0.0,0.004686,32
b933bc8877f704af,64,0.033234,0,0,0,23,1,4,2.09375,0.178711,0,0.0,0.015154,32
239306d806af45a4,64,0.032242,1,0,0,38,1,3,2.03125,0.061523,0,0.0,0.007953,32
c7ad958f898c9db3,64,0.033234,0,0,0,20,1,3,2.09375,0.116211,0,0.0,0.022495,32
63a6cfea4fc2b967,64,0.032242,0,0,0,32,1,3,2.03125,0.092773,0,0.0,0.007984,32
631b5f3e191cdf17,64,0.032738,1,0,0,36,1,3,2.0625,0.121094,0,0.0,0.00477,32
fc5cb3fa73f3e37f,64,0.033234,0,0,0,18,1,4,2.09375,0.147461,0,0.0,0.029356,32
d695accd82b8035c,64,0.032242,0,0,0,53,1,3,2.03125,0.092773,0,0.0,0.002749,32
dc3ac72fe3797682,64,0.032738,0,0,0,37,1,3,2.0625,0.121094,0,0.0,0.005043,32
61e5fc616d830652,64,0.033234,0,0,0,26,1,3,2.09375,0.116211,0,0.0,0.016192,32
4085255daa2e4740,64,0.032738,0,0,0,28,1,3,2.0625,0.121094,0,0.0,0.010554,32
bcb1d45335993657,64,0.033234,0,0,0,33,1,3,2.09375,0.116211,0,0.0,0.005133,32
4b0e00746deeae54,64,0.032738,0,0,1,49,1,4,2.0625,0.152344,0,0.013021,0.002888,32
25c7c6cb77f0fe4a,64,0.033234,0,0,0,25,1,3,2.09375,0.116211,0,0.0,0.014666,32
aa2740f52b48d9cb,64,0.032242,1,0,0,35,1,4,2.03125,0.124023,0,0.0,0.008645,32
33f6a1c8d2c504d9,64,0.032738,0,0,0,26,1,3,2.0625,0.121094,0,0.0,0.013272,32
dc8c743ab9beba4d,64,0.033234,1,0,0,25,2,3,2.09375,0.084961,0,0.0,0.015174,32
a73ee12541fcb51f,64,0.032738,0,0,0,45,1,3,2.0625,0.121094,0,0.0,0.003821,32
4cebac249da898b3,64,0.033234,0,0,0,36,1,4,2.09375,0.178711,0,0.0,0.005278,32
c3ff5dd17ac83c37,64,0.032738,0,0,0,24,1,3,2.0625,0.121094,0,0.0,0.014585,32
41617349ce9f32ce,64,0.033234,0,0,1,28,1,4,2.09375,0.147461,0,0.023438,0.012309,32
85f88c0c931866d5,64,0.032738,0,0,0,27,1,3,2.0625,0.121094,0,0.0,0.009177,32
f82fb70a5b9b52ab,64,0.033234,0,0,0,26,1,3,2.09375,0.116211,0,0.0,0.015629,32
b00308c957797085,64,0.032242,1,0,0,28,1,3,2.03125,0.092773,0,0.0,0.01155,32
a1e27c9c6d87a2f6,64,0.032738,0,0,0,21,1,4,2.0625,0.152344,0,0.0,0.01891,32
df0b4ff75c8218e2,64,0.033234,0,0,1,25,1,3,2.09375,0.147461,0,0.026042,0.013465,32
4bb66eb9b516bd9c,64,0.032242,1,0,0,45,1,3,2.03125,0.092773,0,0.0,0.002854,32
959af16c1d69dba7,64,0.032738,0,0,0,42,1,3,2.0625,0.121094,0,0.0,0.003947,32
716e1a054007eb81,64,0.033234,1,0,0,32,1,4,2.09375,0.178711,0,0.0,0.007226,32
0ee02a5637bd75a2,64,0.032242,0,0,0,30,1,3,2.03125,0.092773,0,0.0,0.010809,32
a2e192d06de2ad5b,64,0.032738,0,0,0,43,1,3,2.0625,0.121094,0,0.0,0.003651,32
d1c5e7c551034a74,64,0.033234,0,0,0,24,1,3,2.09375,0.116211,0,0.0,0.018261,32
06c533255b989d2c,64,0.032242,0,0,0,35,1,3,2.03125,0.061523,0,0.0,0.008621,32
c3122492e338cdf4,64,0.032738,0,0,0,25,1,3,2.0625,0.121094,0,0.0,0.015866,32
f30df7153d38000c,64,0.033234,0,0,0,21,1,3,2.09375,0.147461,0,0.0,0.01895,32
d65379c3ab65f467,64,0.032242,0,0,0,34,1,3,2.03125,0.092773,0,0.0,0.008857,32
9fe8ad36754d2dff,64,0.032738,0,0,0,37,1,3,2.0625,0.121094,0,0.0,0.005196,32
71a082df049e6cd0,64,0.033234,1,0,0,28,1,3,2.09375,0.147461,0,0.0,0.010954,32
b8d0773410a98677,64,0.032242,0,0,0,26,1,3,2.03125,0.092773,0,0.0,0.012828,32
a244a895a06d6177,64,0.032738,0,0,0,24,1,3,2.0625,0.089844,0,0.0,0.017408,32
c0af3e915081e409,64,0.033234,1,0,0,31,1,3,2.09375,0.147461,0,0.0,0.00838,32
b28082afefc61e01,64,0.032242,1,0,0,30,1,4,2.03125,0.124023,0,0.0,0.008498,32
565710bb4dae7941,64,0.032738,0,0,0,31,1,3,2.0625,0.121094,0,0.0,0.00959,32
5d9c3e389725dad3,64,0.033234,0,0,0,33,1,3,2.09375,0.147461,0,0.0,0.010829,32
3b4ef16d3b9ea43a,64,0.032242,1,0,0,35,1,3,2.03125,0.092773,0,0.0,0.006119,32
b07a5b4e01d7ad1c,64,0.032738,0,0,0,38,1,3,2.0625,0.121094,0,0.0,0.005707,32
4e8c0a716374dd50,64,0.033234,0,0,0,36,1,3,2.09375,0.116211,0,0.0,0.004716,32
0e009c5fa6cfa33b,64,0.032242,0,0,0,39,1,3,2.03125,0.092773,0,0.0,0.005516,32
9e3403827a2c377c,64,0.032738,1,0,0,23,1,3,2.0625,0.121094,0,0.0,0.020278,32
134cecb40edc9921,64,0.033234,0,0,0,25,1,4,2.09375,0.147461,0,0.0,0.014597,32
b39d318f6eb4675f,64,0.032738,0,0,0,28,1,3,2.0625,0.121094,0,0.0,0.01459,32
0571e55a48428e2f,64,0.033234,0,0,0,25,1,3,2.09375,0.147461,0,0.0,0.012905,32
e5bcd6b4fe80b834,64,0.031746,1,0,0,61,1,3,2.0,0.0625,0,0.0,0.002423,32
32099c08fa43a74f,64,0.032242,0,0,1,32,1,3,2.03125,0.092773,0,0.026042,0.008953,32
24010e739a5a13d7,64,0.032738,0,0,0,28,1,3,2.0625,0.089844,0,0.0,0.013299,32
5b39fdd6ae377532,64,0.033234,0,0,0,25,1,3,2.09375,0.147461,0,0.0,0.015229,32
f1addfe180f88b4f,64,0.031746,0,0,0,60,1,3,2.0,0.0625,0,0.0,0.00242,32
d9f577890fefef66,64,0.032738,0,0,0,27,1,3,2.0625,0.121094,0,0.0,0.015234,32
dd2e992204b4a6cf,64,0.033234,0,0,0,27,1,3,2.09375,0.147461,0,0.0,0.009817,32
39f228e242edac0b,64,0.033234,0,0,1,31,1,3,2.09375,0.147461,0,0.026042,0.006191,32
803a1b272bea2800,64,0.032242,0,0,0,39,1,3,2.03125,0.061523,0,0.0,0.00496,32
3877ba5dbfc0969a,64,0.032738,1,0,0,34,1,3,2.0625,0.121094,0,0.0,0.007473,32
0cea0b68a5c97b42,64,0.033234,1,0,0,24,1,3,2.09375,0.147461,0,0.0,0.017036,32
ffa4491f89405e88,64,0.032738,0,0,0,23,1,4,2.0625,0.152344,0,0.0,0.018309,32
5a8903811a593f9d,64,0.033234,0,0,0,32,1,4,2.09375,0.147461,0,0.0,0.010551,32
e844ff7ead924726,64,0.032242,0,0,0,52,1,3,2.03125,0.092773,0,0.0,0.0038,32
652f9ef1a22fdd20,64,0.032738,0,0,0,28,1,3,2.0625,0.121094,0,0.0,0.011747,32
f72d45540455ff65,64,0.033234,0,0,0,53,1,3,2.09375,0.147461,0,0.0,0.003217,32
2743ccffd9a54e82,64,0.032738,1,0,0,25,1,3,2.0625,0.089844,0,0.0,0.017894,32
29684f0dc6d78cfa,64,0.033234,0,0,0,32,1,3,2.09375,0.147461,0,0.0,0.007201,32
91ed49cfe2d8ed98,64,0.032242,0,0,0,40,1,3,2.03125,0.092773,0,0.0,0.004686,32
721b169b51d5a81e,64,0.032738,0,0,0,24,1,3,2.0625,0.121094,0,0.0,0.013972,32
0a10b8b09f5ce550,64,0.033234,0,0,0,29,1,3,2.09375,0.147461,0,0.0,0.00789,32
b7b68dfbf1269a8c,64,0.032738,0,0,0,46,1,3,2.0625,0.121094,0,0.0,0.003224,32
f15325a795fd1a90,64,0.033234,0,0,0,24,1,4,2.09375,0.178711,0,0.0,0.019122,32
c69093ddc3044e4a,64,0.031746,1,0,0,59,1,3,2.0,0.0625,0,0.0,0.00274,32
3141bbcfd72d8181,64,0.032738,1,0,0,28,1,3,2.0625,0.121094,0,0.0,0.011164,32
e57c08bb31c931ac,64,0.033234,0,0,0,22,1,3,2.09375,0.147461,0,0.0,0.01966,32
38b15412e63dc0ff,64,0.032242,1,0,0,35,1,3,2.03125,0.092773,0,0.0,0.008379,32
b8b9e416164d3b33,64,0.032738,0,0,0,30,1,3,2.0625,0.121094,0,0.0,0.009577,32
4c71d8eab2ca34c9,64,0.033234,1,0,0,25,1,4,2.09375,0.178711,0,0.0,0.015172,32
8c7c418ccb10e019,64,0.032242,0,0,0,30,1,3,2.03125,0.092773,0,0.0,0.01081,32
a3f6d56ab34bcb8f,64,0.032738,0,0,1,46,1,4,2.0625,0.152344,0,0.026042,0.004112,32
1584fd7d5cc996d4,64,0.033234,0,0,0,30,1,4,2.09375,0.147461,0,0.0,0.011606,32
23b0ab6b1595bc86,64,0.032738,0,0,0,28,1,3,2.0625,0.121094,0,0.0,0.01021,32
1aa2fe55a5858db4,64,0.033234,0,0,0,23,1,3,2.09375,0.147461,0,0.0,0.015333,32
40881cff6e7f876f,64,0.032242,0,0,0,47,1,3,2.03125,0.092773,0,0.0,0.003382,32
0e202056af820364,64,0.032738,0,0,0,36,1,3,2.0625,0.121094,0,0.0,0.008609,32
1a577c40410ad544,64,0.033234,0,0,0,26,1,3,2.09375,0.147461,0,0.0,0.010955,32
3298087d05e8f724,64,0.032242,0,0,0,35,1,3,2.03125,0.092773,0,0.0,0.007874,32
5489594ac002037e,64,0.032738,0,0,0,22,1,3,2.0625,0.121094,0,0.0,0.020269,32
90763c11fe3dcd29,64,0.033234,0,0,0,24,1,3,2.09375,0.147461,0,0.0,0.01688,32
462b1716c2e68aa1,64,0.032242,1,0,0,47,1,3,2.03125,0.092773,0,0.0,0.00403,32
3c05816eb35d95f6,64,0.032738,1,0,0,30,1,3,2.0625,0.121094,0,0.0,0.009702,32
9fe1f4e6a9d9621c,64,0.033234,0,0,1,25,1,3,2.09375,0.116211,0,0.026042,0.00928,32
212d05e3d184be40,64,0.032242,0,0,1,32,1,3,2.03125,0.092773,0,0.026042,0.009994,32
eeb281317ac9598f,64,0.032738,0,0,0,22,1,4,2.0625,0.152344,0,0.0,0.019534,32
80d7f8b10a120e31,64,0.033234,0,0,0,21,2,3,2.09375,0.084961,0,0.0,0.023215,32
deb1f7923ca35608,64,0.032242,0,0,0,28,1,3,2.03125,0.092773,0,0.0,0.014363,32
e0f2989b42a467ab,64,0.032738,0,0,0,24,1,3,2.0625,0.089844,0,0.0,0.017462,32
16ceaaf760a7046c,64,0.033234,0,0,0,25,1,4,2.09375,0.178711,0,0.0,0.015576,32
48f3df868725bcd0,64,0.032242,1,0,0,43,1,3,2.03125,0.092773,0,0.0,0.003536,32
cf39865f84e157c4,64,0.032738,0,0,0,27,1,4,2.0625,0.152344,0,0.0,0.012108,32
ea3b3082047af0bc,64,0.033234,0,0,0,24,1,4,2.09375,0.178711,0,0.0,0.020531,32
7f972f3c779055d4,64,0.032738,1,0,0,28,1,3,2.0625,0.089844,0,0.0,0.010416,32
b9d49e984ae460db,64,0.033234,1,0,0,34,1,4,2.09375,0.178711,0,0.0,0.005486,32
106b8cbf641e56b5,64,0.032738,0,0,0,38,1,4,2.0625,0.121094,0,0.0,0.004857,32
b96bfb96ed7c33eb,64,0.033234,0,0,0,19,1,3,2.09375,0.147461,0,0.0,0.030413,32
1679e442e6040f4e,64,0.032242,0,0,0,36,1,3,2.03125,0.092773,0,0.0,0.008711,32
cb9de0e022a6846a,64,0.032738,1,0,0,23,1,3,2.0625,0.121094,0,0.0,0.018757,32
17e6a7e4c4e12b2d,64,0.033234,0,0,0,26,1,3,2.09375,0.147461,0,0.0,0.010269,32
95fd2651bf888c13,64,0.032242,0,0,0,37,1,3,2.03125,0.092773,0,0.0,0.005102,32
46b8b0fd05fd9971,64,0.032738,0,0,0,36,1,3,2.0625,0.121094,0,0.0,0.006983,32
4bbab8b1815acc30,64,0.033234,0,0,0,26,1,3,2.09375,0.147461,0,0.0,0.011732,32
eb5d44d051c0b18f,64,0.032738,0,0,0,26,1,3,2.0625,0.089844,0,0.0,0.012969,32
7c0d87de0eaaa53a,64,0.033234,0,0,0,21,1,4,2.09375,0.147461,0,0.0,0.023143,32
4d527a6e1aaf890d,64,0.032242,1,0,0,28,1,3,2.03125,0.092773,0,0.0,0.010758,32
919173751fa737a9,64,0.032738,0,0,0,30,1,3,2.0625,0.121094,0,0.0,0.012363,32
7e2aab0140425435,64,0.033234,0,0,0,29,1,4,2.09375,0.178711,0,0.0,0.008679,32
c4d074131f546323,64,0.032242,1,0,0,53,1,3,2.03125,0.092773,0,0.0,0.003406,32
df518822db22c1a3,64,0.032738,0,0,1,46,1,3,2.0625,0.121094,0,0.026042,0.003331,32
1eea71cae9e553f0,64,0.033234,0,0,0,26,1,3,2.09375,0.116211,0,0.0,0.009255,32
437d13f420c12db1,64,0.032738,0,0,0,38,1,3,2.0625,0.121094,0,0.0,0.005271,32
23e102c6530993fd,64,0.033234,0,0,1,48,1,3,2.09375,0.147461,0,0.026042,0.003706,32
a22419201d24e827,64,0.032738,0,0,0,31,1,3,2.0625,0.121094,0,0.0,0.010569,32
3c170a1bcb24511f,64,0.033234,0,0,0,28,1,4,2.09375,0.178711,0,0.0,0.008539,32
9bfd3347491d809d,64,0.032738,0,0,0,31,1,3,2.0625,0.121094,0,0.0,0.009555,32
9ebd13d795e143a0,64,0.033234,0,0,0,26,1,3,2.09375,0.147461,0,0.0,0.011981,32
cac1d1147a685bf6,64,0.032242,1,0,0,41,1,3,2.03125,0.092773,0,0.0,0.005942,32
69f0d544ff7354d3,64,0.032738,0,0,0,31,1,4,2.0625,0.152344,0,0.0,0.009994,32
93afff8912bec12b,64,0.033234,0,0,0,21,1,3,2.09375,0.147461,0,0.0,0.022893,32
ebd948fb3d40938d,64,0.032738,1,0,0,31,1,3,2.0625,0.089844,0,0.0,0.010169,32
2e492c2c4775cd70,64,0.033234,0,0,1,51,1,3,2.09375,0.147461,0,0.026042,0.002727,32
eb1ec327b966ba9a,64,0.032242,0,0,0,29,1,3,2.03125,0.092773,0,0.0,0.011087,32
9051152a7b6176d4,64,0.032738,0,0,0,26,1,3,2.0625,0.121094,0,0.0,0.014964,32
af73c359ed31b621,64,0.033234,0,0,1,44,1,4,2.09375,0.178711,0,0.023438,0.003632,32
bb7338b28ef8258d,64,0.032738,0,0,0,25,1,3,2.0625,0.121094,0,0.0,0.014196,32
ba3b4e894cf81bc3,64,0.033234,0,0,0,27,1,4,2.09375,0.178711,0,0.0,0.009406,32
d5c855b4fde4a69f,64,0.032242,0,0,0,30,1,3,2.03125,0.092773,0,0.0,0.009052,32
6c9e59f5ac735cab,64,0.032738,0,0,1,46,1,3,2.0625,0.121094,0,0.026042,0.003138,32
8e9eadeaab6791c6,64,0.033234,0,0,0,26,1,3,2.09375,0.116211,0,0.0,0.014233,32
3e3e8ea5d7e4e401,64,0.032242,0,0,1,43,1,3,2.03125,0.092773,0,0.026042,0.00466,32
2ca5344f2c8cd79e,64,0.032738,1,0,0,24,1,3,2.0625,0.121094,0,0.0,0.018393,32
f4f8ee94303a2d64,64,0.033234,0,0,0,35,1,3,2.09375,0.147461,0,0.0,0.004858,32
4aa9117446823986,64,0.032738,0,0,0,49,1,3,2.0625,0.121094,0,0.0,0.00383,32
2a70e751b0a68475,64,0.033234,0,0,0,20,1,4,2.09375,0.178711,0,0.0,0.021417,32
b7c67c2945dcbf77,64,0.032242,1,0,0,53,1,3,2.03125,0.092773,0,0.0,0.003379,32
5625b33be362c530,64,0.032738,0,0,0,44,1,3,2.0625,0.089844,0,0.0,0.00373,32
c0549bec7953501c,64,0.033234,0,0,0,32,1,4,2.09375,0.147461,0,0.0,0.006837,32
b72b7ba79ba7ee7f,64,0.032242,0,0,0,32,1,3,2.03125,0.092773,0,0.0,0.010622,32
01b620b1da6f924e,64,0.032738,1,0,0,33,1,3,2.0625,0.089844,0,0.0,0.007921,32
23694de147488925,64,0.033234,0,0,0,20,1,4,2.09375,0.178711,0,0.0,0.021403,32
224aba2ce82533a3,64,0.032738,1,0,0,31,1,3,2.0625,0.121094,0,0.0,0.011197,32
401a85d6aa968364,64,0.033234,0,0,0,35,1,4,2.09375,0.147461,0,0.0,0.005065,32
3464b3ef9cade5bd,64,0.032738,0,0,1,32,1,3,2.0625,0.089844,0,0.026042,0.011168,32
2e400f73008e6a0e,64,0.033234,0,0,0,26,1,4,2.09375,0.178711,0,0.0,0.016805,32
665273b502142651,64,0.032738,0,0,0,38,1,3,2.0625,0.121094,0,0.0,0.004532,32
ad5d221e5fb5adc5,64,0.033234,0,0,0,25,1,3,2.09375,0.147461,0,0.0,0.018257,32
cfbc4ae1b0576441,64,0.032738,1,0,0,28,1,3,2.0625,0.121094,0,0.0,0.009455,32
b506c6d1af722266,64,0.033234,0,0,0,36,1,4,2.09375,0.209961,0,0.0,0.007269,32
d2bd43c721f58d9c,64,0.032242,0,0,0,32,1,3,2.03125,0.092773,0,0.0,0.00986,32
5569a5744b12f5ad,64,0.032738,0,0,0,28,1,3,2.0625,0.121094,0,0.0,0.010291,32
3f44aca903867ca7,64,0.033234,0,0,0,23,1,3,2.09375,0.116211,0,0.0,0.015379,32
b06fa3d167cd46eb,64,0.032242,0,0,0,38,1,3,2.03125,0.092773,0,0.0,0.0055,32
19992a78a3d240aa,64,0.032738,0,0,0,34,1,3,2.0625,0.121094,0,0.0,0.005551,32
4464a642a7920b04,64,0.033234,0,0,0,31,1,3,2.09375,0.147461,0,0.0,0.00856,32
96ef2c949a090ef8,64,0.032738,0,0,0,37,1,3,2.0625,0.121094,0,0.0,0.005341,32
4fc6da0d0beae38c,64,0.033234,0,0,0,30,1,4,2.09375,0.209961,0,0.0,0.009848,32
cbffc0315e3df858,64,0.032738,0,0,0,35,1,3,2.0625,0.121094,0,0.0,0.004952,32
9a71ca36e4a7d51d,64,0.033234,0,0,0,34,1,4,2.09375,0.178711,0,0.0,0.005841,32
bf3263410691adfd,64,0.032738,0,0,0,29,1,4,2.0625,0.152344,0,0.0,0.014061,32
af22b638f2016571,64,0.033234,0,0,1,29,1,4,2.09375,0.178711,0,0.013021,0.008623,32
ae6c2bf1b02252c9,64,0.032738,0,0,0,38,1,3,2.0625,0.089844,0,0.0,0.004062,32
010e1437e28ce5cd,64,0.033234,0,0,1,24,1,3,2.09375,0.116211,0,0.026042,0.017794,32
162e9dd43fb80d3c,64,0.032738,0,0,0,34,1,3,2.0625,0.121094,0,0.0,0.006658,32
57cca860a228b36f,64,0.033234,0,0,0,17,1,3,2.09375,0.116211,0,0.0,0.031217,32
2fc6785a6440d73e,64,0.033234,0,0,0,22,1,3,2.09375,0.147461,0,0.0,0.016775,32
af51ae2e3de3029d,64,0.032738,0,0,1,33,1,3,2.0625,0.121094,0,0.026042,0.008808,32
20204e9b84c79f83,64,0.033234,0,0,0,24,1,3,2.09375,0.147461,0,0.0,0.012261,32
9c4f19da1310a5de,64,0.032738,0,0,0,26,1,3,2.0625,0.121094,0,0.0,0.01362,32
86a4ab192141236e,64,0.033234,0,0,0,27,1,3,2.09375,0.116211,0,0.0,0.012344,32
ec66d99f4d7ced39,64,0.032242,0,0,0,26,1,3,2.03125,0.092773,0,0.0,0.017201,32
a9e035de095f015b,64,0.032738,0,0,0,25,1,3,2.0625,0.089844,0,0.0,0.013758,32
3c1f2ff07343c94e,64,0.033234,0,0,0,32,1,4,2.09375,0.178711,0,0.0,0.005726,32
b170cc001566f07a,64,0.032242,0,0,0,41,1,3,2.03125,0.092773,0,0.0,0.003777,32
b372a0ae2f0f5b34,64,0.032738,0,0,0,28,1,3,2.0625,0.121094,0,0.0,0.010428,32
050b6ba006c0b813,64,0.033234,0,0,0,26,1,3,2.09375,0.147461,0,0.0,0.012182,32
40676569f4f97102,64,0.032738,0,0,0,25,1,3,2.0625,0.121094,0,0.0,0.01197,32
c416430e54d3972c,64,0.033234,0,0,0,20,1,3,2.09375,0.147461,0,0.0,0.023266,32
8e6fda321e8d600a,64,0.032242,0,0,0,41,1,3,2.03125,0.092773,0,0.0,0.004746,32
5c65cfc5f4f5a3bc,64,0.032738,0,0,0,21,1,3,2.0625,0.121094,0,0.0,0.020175,32
2d290939b89dc3ea,64,0.033234,0,0,0,30,1,3,2.09375,0.147461,0,0.0,0.008939,32
a5ffd7a37e57f5c3,64,0.032242,0,0,0,36,1,3,2.03125,0.092773,0,0.0,0.00623,32
440c1523ed64ff66,64,0.032738,1,0,0,26,1,3,2.0625,0.121094,0,0.0,0.015231,32
d29aa8d979b73d8e,64,0.033234,1,0,0,23,1,4,2.09375,0.209961,0,0.0,0.016156,32
12768c2a60e2c981,64,0.032738,0,0,0,50,1,3,2.0625,0.121094,0,0.0,0.003504,32
de1524a9930cb290,64,0.033234,0,0,0,20,1,4,2.09375,0.178711,0,0.0,0.020136,32
edc116e5385615a9,64,0.032242,0,0,0,30,1,3,2.03125,0.092773,0,0.0,0.009891,32
9856ed8ee901b34a,64,0.032738,0,0,0,38,1,4,2.0625,0.152344,0,0.0,0.004382,32
f927b53eea222ab0,64,0.033234,0,0,0,31,1,3,2.09375,0.147461,0,0.0,0.009891,32
9e604831dd94c49b,64,0.032738,0,0,0,25,1,3,2.0625,0.121094,0,0.0,0.016643,32
22eef76f070587b6,64,0.033234,1,0,0,34,1,4,2.09375,0.178711,0,0.0,0.006055,32
45af58c13df5a7de,64,0.032738,0,0,0,30,1,3,2.0625,0.121094,0,0.0,0.010228,32
923953044a8a4498,64,0.033234,0,0,0,31,1,4,2.09375,0.178711,0,0.0,0.00603,32
9a964be12151dad8,64,0.032738,0,0,0,23,1,3,2.0625,0.121094,0,0.0,0.019361,32
b8d5da097f02dfc0,64,0.033234,0,0,1,30,1,4,2.09375,0.178711,0,0.026042,0.008109,32
43e31da1bcae0269,64,0.032738,0,0,0,31,1,3,2.0625,0.121094,0,0.0,0.010146,32
2e57601d65cdccae,64,0.033234,0,0,0,23,1,4,2.09375,0.178711,0,0.0,0.017393,32
53fac18453f0b7b0,64,0.032738,1,0,0,25,1,4,2.0625,0.152344,0,0.0,0.020713,32
da9202e631b4cdcb,64,0.033234,0,0,0,20,1,3,2.09375,0.147461,0,0.0,0.027491,32
e5590aeac414db91,64,0.032738,0,0,0,26,1,4,2.0625,0.152344,0,0.0,0.013634,32
9e6519ebe8dd1ef0,64,0.033234,0,0,1,40,1,3,2.09375,0.147461,0,0.015625,0.006815,32
288068804b9a96eb,64,0.032242,0,0,0,40,1,3,2.03125,0.092773,0,0.0,0.003772,32
a3d8075ffa84ce39,64,0.032738,1,0,0,30,1,3,2.0625,0.121094,0,0.0,0.010676,32
a6c64d50a1ba139b,64,0.033234,0,0,0,22,1,3,2.09375,0.116211,0,0.0,0.015657,32
4a79e6210e339120,64,0.032738,1,0,0,31,1,3,2.0625,0.121094,0,0.0,0.009225,32
3c1d083169d111c2,64,0.033234,0,0,1,33,1,3,2.09375,0.147461,0,0.026042,0.006861,32
047a3ab1a9f96b27,64,0.032738,0,0,0,26,1,3,2.0625,0.121094,0,0.0,0.015652,32
d7cf0733293c86cf,64,0.033234,0,0,0,27,1,4,2.09375,0.147461,0,0.0,0.011079,32
3e74cacc2164bc45,64,0.032242,0,0,0,37,1,3,2.03125,0.092773,0,0.0,0.00535,32
bfc0666cae81e802,64,0.032738,0,0,0,38,1,3,2.0625,0.121094,0,0.0,0.004729,32
f1c852bae7db6a46,64,0.033234,0,0,0,21,1,4,2.09375,0.178711,0,0.0,0.023713,32
a3e8bb1131a1b1a1,64,0.032242,0,0,0,56,1,3,2.03125,0.092773,0,0.0,0.002904,32
726d126df31fb34a,64,0.032738,0,0,0,46,1,3,2.0625,0.121094,0,0.0,0.003076,32
ab7e4c6dc60a2e62,64,0.033234,1,0,0,26,1,3,2.09375,0.147461,0,0.0,0.012522,32
9eeddb32b88c1981,64,0.032242,0,0,1,40,1,3,2.03125,0.092773,0,0.026042,0.005992,32
4f47c93e09ac18c1,64,0.032738,1,0,0,24,1,3,2.0625,0.121094,0,0.0,0.016426,32
623b851e6080ba9b,64,0.033234,1,0,0,24,1,3,2.09375,0.147461,0,0.0,0.017841,32
6617f6acb7ca25f6,64,0.032242,0,0,0,48,1,3,2.03125,0.092773,0,0.0,0.003379,32
3ddc3e6c3504f783,64,0.032738,1,0,0,29,1,3,2.0625,0.121094,0,0.0,0.013288,32
fa5a39c1b090ff8f,64,0.033234,0,0,0,26,1,3,2.09375,0.147461,0,0.0,0.019014,32
9c6e36efe1fef68b,64,0.031746,0,0,0,32,1,3,2.0,0.0625,0,0.0,0.009623,32
23ce705fe940a708,64,0.032242,0,0,0,42,1,3,2.03125,0.092773,0,0.0,0.004824,32
6f00ba64ab3d69fd,64,0.032738,0,0,0,30,1,3,2.0625,0.121094,0,0.0,0.012084,32
0366943c38030eef,64,0.033234,0,0,0,21,2,3,2.09375,0.084961,0,0.0,0.024712,32
f47ccf1fbdcd11c6,64,0.032242,0,0,0,28,1,3,2.03125,0.092773,0,0.0,0.013244,32
b2993259c24082ee,64,0.032738,0,0,1,32,2,3,2.0625,0.058594,0,0.036458,0.008214,32
6e381614e85bbe0b,64,0.033234,0,0,0,33,1,3,2.09375,0.116211,0,0.0,0.006788,32
be276a597dd90b31,64,0.032738,0,0,0,33,1,3,2.0625,0.089844,0,0.0,0.010455,32
d4e12b9e2ecdf42c,64,0.033234,0,0,0,22,1,3,2.09375,0.147461,0,0.0,0.014898,32
3336a44e0c849127,64,0.032242,0,0,0,47,1,3,2.03125,0.092773,0,0.0,0.002782,32
4b10710949c5d452,64,0.032738,0,0,1,42,1,3,2.0625,0.121094,0,0.026042,0.004032,32
c90a864a9a3cb581,64,0.033234,0,0,1,30,1,4,2.09375,0.178711,0,0.023438,0.010702,32
cc709c07898ce08c,64,0.032242,0,0,0,40,1,3,2.03125,0.092773,0,0.0,0.004555,32
07e69ade528186d5,64,0.032738,0,0,0,21,1,3,2.0625,0.121094,0,0.0,0.021376,32
194c31a09a6db868,64,0.033234,0,0,0,41,1,3,2.09375,0.147461,0,0.0,0.007345,32
1888c03adde7f53f,64,0.032242,1,0,0,55,1,3,2.03125,0.092773,0,0.0,0.002862,32
ed603dc66bc44569,64,0.032738,0,0,0,27,2,3,2.0625,0.058594,0,0.0,0.012595,32
18b5ad24ddc77e9f,64,0.033234,0,0,0,20,1,4,2.09375,0.178711,0,0.0,0.017907,32
13d8cc733d9c4e07,64,0.032738,1,0,0,41,1,3,2.0625,0.121094,0,0.0,0.003981,32
75c3e9f45f83b5e4,64,0.033234,0,0,0,24,1,4,2.09375,0.178711,0,0.0,0.010755,32
759a55bb1178aecb,64,0.032738,0,0,0,40,1,3,2.0625,0.089844,0,0.0,0.005489,32
afa41c0cebc8758c,64,0.033234,0,0,1,41,1,3,2.09375,0.147461,0,0.026042,0.004138,32
c006e3994267fda5,64,0.032738,0,0,0,26,1,3,2.0625,0.121094,0,0.0,0.012238,32
e5f8843ba995df00,64,0.033234,0,0,1,24,1,3,2.09375,0.147461,0,0.015625,0.011207,32
e1cdfd9e600da19b,64,0.032242,0,0,0,27,1,4,2.03125,0.124023,0,0.0,0.012172,32
3d4629a1ca4a5d92,64,0.032738,0,0,0,33,1,3,2.0625,0.121094,0,0.0,0.008233,32
5d5da091112d910d,64,0.033234,0,0,0,25,1,3,2.09375,0.116211,0,0.0,0.013161,32
cd5d400f30c69f63,64,0.032738,0,0,1,28,1,4,2.0625,0.152344,0,0.013021,0.01145,32
94b78b31f1653922,64,0.033234,0,0,0,26,1,3,2.09375,0.147461,0,0.0,0.012766,32
396e8e7e24478323,64,0.032738,0,0,0,45,1,3,2.0625,0.121094,0,0.0,0.003092,32
184e0d76cc910d83,64,0.033234,0,0,0,26,1,3,2.09375,0.116211,0,0.0,0.008847,32
733eb6e97695e78a,64,0.032738,0,0,0,31,1,3,2.0625,0.121094,0,0.0,0.005291,32
d79ea4183b36c826,64,0.033234,0,0,0,27,1,4,2.09375,0.147461,0,0.0,0.012255,32
62ad3e9306c0f5ea,64,0.032738,0,0,0,33,1,3,2.0625,0.121094,0,0.0,0.004885,32
c8c66ccb7baa74af,64,0.033234,0,0,0,29,1,3,2.09375,0.147461,0,0.0,0.012859,32
4e1584c8c647b100,64,0.032242,0,0,0,32,1,3,2.03125,0.092773,0,0.0,0.010395,32
fdcafc85c538b321,64,0.032738,0,0,0,25,1,3,2.0625,0.121094,0,0.0,0.015752,32
5fe5197967d21d83,64,0.033234,0,0,0,31,1,3,2.09375,0.147461,0,0.0,0.010168,32
dffbec0718bac33f,64,0.032242,0,0,0,33,1,3,2.03125,0.061523,0,0.0,0.007109,32
01fdef2a44e3cda1,64,0.032738,0,0,0,31,1,3,2.0625,0.121094,0,0.0,0.008747,32
6c1dab73c91ba10c,64,0.033234,0,0,0,32,1,3,2.09375,0.147461,0,0.0,0.00725,32
2c32df10bcc7360c,64,0.032738,0,0,0,31,1,3,2.0625,0.121094,0,0.0,0.006326,32
003599f64de664d9,64,0.033234,0,0,0,18,1,4,2.09375,0.209961,0,0.0,0.026604,32
7664a7d66761ccdf,64,0.033234,0,0,0,23,1,4,2.09375,0.178711,0,0.0,0.018267,32
eddbab8b8bf80455,64,0.031746,0,0,1,62,1,3,2.0,0.0625,0,0.026042,0.002412,32
a71761db32fe7285,64,0.032738,0,0,0,24,1,3,2.0625,0.121094,0,0.0,0.016054,32
c389eae3ec3e87f8,64,0.033234,0,0,0,30,1,4,2.09375,0.178711,0,0.0,0.006466,32
468291280af93d13,64,0.032242,1,0,0,36,1,3,2.03125,0.092773,0,0.0,0.007196,32
4641f96a90ac2a1b,64,0.032738,0,0,0,44,1,3,2.0625,0.121094,0,0.0,0.003626,32
c7d8ae212b33c3ef,64,0.033234,0,0,1,27,1,3,2.09375,0.147461,0,0.026042,0.014973,32
d5d68c5577b9e56d,64,0.032738,1,0,0,33,1,3,2.0625,0.121094,0,0.0,0.009316,32
17d6e2981f6c46f2,64,0.033234,0,0,0,21,1,3,2.09375,0.147461,0,0.0,0.023036,32
3bf9d36717e55c32,64,0.031746,1,0,0,34,1,3,2.0,0.0625,0,0.0,0.009503,32
1e4fbbaab78cd2f2,64,0.032242,0,0,0,53,1,3,2.03125,0.092773,0,0.0,0.003363,32
73b2bfeaa4cde8dc,64,0.032738,0,0,0,22,1,4,2.0625,0.152344,0,0.0,0.019794,32
0de6d9d89c1b70c6,64,0.033234,0,0,0,24,1,3,2.09375,0.147461,0,0.0,0.012674,32
bdc59bdbeea23876,64,0.032242,0,0,0,29,1,4,2.03125,0.124023,0,0.0,0.011786,32
4ccf746c68a0d6de,64,0.032738,0,0,0,22,1,4,2.0625,0.152344,0,0.0,0.017957,32
7aa60a7f4816f432,64,0.033234,0,0,0,26,1,3,2.09375,0.147461,0,0.0,0.018537,32
893606d1b9a98f1a,64,0.032242,0,0,0,33,1,3,2.03125,0.092773,0,0.0,0.010423,32
ff8ccc6573bd07b6,64,0.032738,0,0,1,30,1,3,2.0625,0.121094,0,0.026042,0.010793,32
1e29c6704f2c6e38,64,0.033234,0,0,0,33,1,3,2.09375,0.116211,0,0.0,0.004295,32
0f1055a36e0a09c4,64,0.032242,0,0,0,30,1,3,2.03125,0.092773,0,0.0,0.010273,32
f6aaf0db5c6c51d9,64,0.032738,1,0,0,36,1,4,2.0625,0.152344,0,0.0,0.005389,32
fd8f400df8d106ff,64,0.033234,0,0,1,22,1,4,2.09375,0.178711,0,0.013021,0.021177,32
a365bf4767981b2b,64,0.032738,0,0,0,29,1,3,2.0625,0.121094,0,0.0,0.011291,32
afa5fd3c8af9dbff,64,0.033234,0,0,0,29,1,3,2.09375,0.147461,0,0.0,0.009473,32
5dfa31f7b5319109,64,0.031746,0,0,0,60,1,3,2.0,0.0625,0,0.0,0.002439,32
a7e1eb7b694030ae,64,0.032738,0,0,0,33,1,3,2.0625,0.121094,0,0.0,0.009766,32
619502f58eae068c,64,0.033234,0,0,0,20,1,3,2.09375,0.147461,0,0.0,0.025655,32
d119833a8182ab5a,64,0.032242,1,0,0,47,1,3,2.03125,0.092773,0,0.0,0.003447,32
7b0ef75586915986,64,0.033234,1,0,0,32,1,3,2.09375,0.147461,0,0.0,0.005635,32
db6ffead3c2320d6,64,0.032738,0,0,0,38,1,3,2.0625,0.121094,0,0.0,0.004998,32
e84de554701eb036,64,0.033234,0,0,0,21,1,3,2.09375,0.147461,0,0.0,0.02563,32
93c15dacc7362e1b,64,0.032738,0,0,0,36,1,3,2.0625,0.121094,0,0.0,0.006021,32
11906a5d1a60758e,64,0.033234,0,0,1,27,1,4,2.09375,0.178711,0,0.026042,0.012159,32
af4abea333d30a82,64,0.032242,0,0,0,40,1,3,2.03125,0.092773,0,0.0,0.004973,32
c47433b35e37e14a,64,0.032738,0,0,0,34,1,3,2.0625,0.121094,0,0.0,0.006656,32
e7394b49e87b533f,64,0.033234,0,0,0,23,1,3,2.09375,0.116211,0,0.0,0.018235,32
a6a1216e44cdd1fc,64,0.032738,0,0,0,27,1,3,2.0625,0.121094,0,0.0,0.019243,32
d45a0b09a7d6db28,64,0.033234,0,0,0,20,1,3,2.09375,0.147461,0,0.0,0.032686,32
c15475e529b894db,64,0.032242,1,0,0,49,1,3,2.03125,0.092773,0,0.0,0.003503,32
9ac090b2aef708fc,64,0.032738,0,0,0,27,1,3,2.0625,0.121094,0,0.0,0.01408,32
b6bb03b961bc70dd,64,0.033234,0,0,1,35,1,4,2.09375,0.178711,0,0.026042,0.006339,32
36cb64ea5fee6e11,64,0.031746,1,0,0,39,1,3,2.0,0.03125,0,0.0,0.007459,32
301e254faf81805d,64,0.032738,0,0,0,28,1,3,2.0625,0.121094,0,0.0,0.011622,32
bc83bcf0425c437e,64,0.033234,0,0,1,33,1,3,2.09375,0.147461,0,0.026042,0.008212,32
31bd508f9c355ad3,64,0.032242,0,0,0,52,1,3,2.03125,0.061523,0,0.0,0.00318,32
90768591e14ae084,64,0.032738,0,0,0,44,1,3,2.0625,0.121094,0,0.0,0.003133,32
aa0afa3f7e8d8fc6,64,0.033234,0,0,0,21,1,3,2.09375,0.147461,0,0.0,0.027168,32
4aec689e20095b56,64,0.032738,0,0,0,33,1,4,2.0625,0.152344,0,0.0,0.005939,32
17d8d4da61f57885,64,0.033234,0,0,0,25,1,3,2.09375,0.147461,0,0.0,0.012125,32
2c937aa4a3e7504a,64,0.032242,0,0,0,50,1,3,2.03125,0.092773,0,0.0,0.003806,32
c2e0125598b64e08,64,0.032738,0,0,0,28,1,3,2.0625,0.121094,0,0.0,0.011736,32
fee7c6f8413d71d9,64,0.033234,0,0,0,22,1,3,2.09375,0.147461,0,0.0,0.021279,32
c183101097f5bdd7,64,0.032738,1,0,0,26,1,3,2.0625,0.089844,0,0.0,0.015007,32
cf687f4adec65b02,64,0.033234,1,0,0,28,1,3,2.09375,0.147461,0,0.0,0.011812,32
6928256cc39d980e,64,0.031746,0,0,0,60,1,3,2.0,0.0625,0,0.0,0.002416,32
fff668068030dd69,64,0.032738,0,0,1,37,1,3,2.0625,0.089844,0,0.026042,0.007903,32
ca8358a02c6e8905,64,0.033234,0,0,0,25,1,3,2.09375,0.147461,0,0.0,0.013876,32
bbe39be760ef0458,64,0.032738,0,0,0,25,1,3,2.0625,0.121094,0,0.0,0.012402,32
ba5a969ee2a0e6dd,64,0.032738,0,0,0,33,1,3,2.0625,0.121094,0,0.0,0.00637,32
8307913e0f616a8f,64,0.033234,0,0,0,26,1,3,2.09375,0.116211,0,0.0,0.012512,32
31707cbb3e53b558,64,0.032242,0,0,0,40,1,3,2.03125,0.092773,0,0.0,0.003967,32
3918e8833350d84f,64,0.033234,0,0,0,39,1,3,2.09375,0.116211,0,0.0,0.004207,32
305ff9972c73a959,64,0.032738,0,0,1,31,1,3,2.0625,0.121094,0,0.026042,0.00565,32
65c8546b40455e61,64,0.032738,0,0,0,48,1,3,2.0625,0.121094,0,0.0,0.00454,32
6b09a10b8a855cf2,64,0.033234,1,0,0,28,1,5,2.09375,0.241211,0,0.0,0.0099,32
0e52a468d91004d2,64,0.032242,1,0,0,42,1,3,2.03125,0.092773,0,0.0,0.004929,32
4f9f71ba341e5e98,64,0.032738,0,0,0,33,1,3,2.0625,0.121094,0,0.0,0.00439,32
5d77d249e65338e3,64,0.033234,0,0,0,22,1,3,2.09375,0.147461,0,0.0,0.011002,32
1645a427b4d6d708,64,0.032242,0,0,0,27,1,3,2.03125,0.061523,0,0.0,0.012577,32
d948680846840985,64,0.032738,0,0,0,31,1,3,2.0625,0.121094,0,0.0,0.010629,32
6b77456b385f6f6e,64,0.033234,0,0,0,35,1,3,2.09375,0.147461,0,0.0,0.005426,32
a1e27739ea89ad04,64,0.032738,0,0,0,33,1,3,2.0625,0.121094,0,0.0,0.006322,32
4353a23eeb6bfc8c,64,0.033234,0,0,0,29,1,3,2.09375,0.116211,0,0.0,0.012597,32
a07ad1ade1df5da3,64,0.032242,0,0,0,56,1,3,2.03125,0.092773,0,0.0,0.002641,32
a00b575c366ae886,64,0.032738,0,0,0,38,1,3,2.0625,0.121094,0,0.0,0.004356,32
37fb7afa7b7e6563,64,0.033234,0,0,0,24,1,4,2.09375,0.178711,0,0.0,0.019281,32
767e3239935b554d,64,0.032242,0,0,0,32,1,3,2.03125,0.092773,0,0.0,0.010035,32
58b20cabb96cf297,64,0.032738,0,0,0,29,1,3,2.0625,0.121094,0,0.0,0.008397,32
b315f507c3fe0d1c,64,0.033234,0,0,0,27,1,4,2.09375,0.178711,0,0.0,0.013111,32
a0ef4657341bf4c8,64,0.032242,0,0,0,33,1,3,2.03125,0.092773,0,0.0,0.009602,32
c1951a170f17264a,64,0.032738,0,0,0,24,1,3,2.0625,0.089844,0,0.0,0.017234,32
aa31daeea993c2d2,64,0.033234,0,0,1,29,1,5,2.09375,0.209961,0,0.022396,0.010616,32
1e13efb78380372e,64,0.032738,0,0,0,32,1,3,2.0625,0.089844,0,0.0,0.008321,32
5a9b67aa07bce125,64,0.033234,0,0,0,24,1,3,2.09375,0.147461,0,0.0,0.015012,32
f51b9c143d37389e,64,0.032738,0,0,1,51,1,4,2.0625,0.152344,0,0.013021,0.002672,32
f747dcbe6a19abde,64,0.033234,0,0,0,38,1,3,2.09375,0.147461,0,0.0,0.004782,32
1251bb2cd353b51b,64,0.032738,0,0,0,34,1,3,2.0625,0.121094,0,0.0,0.006419,32
517e8522939de6d6,64,0.033234,0,0,0,26,1,3,2.09375,0.147461,0,0.0,0.013974,32
f29caef3d1efd26e,64,0.032738,0,0,0,32,1,3,2.0625,0.121094,0,0.0,0.009756,32
8f0576541617f20c,64,0.033234,0,0,0,31,1,3,2.09375,0.147461,0,0.0,0.009948,32
be6d92fdb99cb908,64,0.033234,0,0,0,29,1,3,2.09375,0.147461,0,0.0,0.005504,32
3ae6ffb6b37fc8ae,64,0.032242,1,0,0,35,1,3,2.03125,0.092773,0,0.0,0.008421,32
4f513b7737294a02,64,0.032738,0,0,0,34,1,3,2.0625,0.121094,0,0.0,0.00536,32
27ef3800b3ccf71b,64,0.033234,0,0,1,24,1,4,2.09375,0.178711,0,0.023438,0.019678,32
c96a089210d02d7b,64,0.032242,1,0,0,31,1,3,2.03125,0.092773,0,0.0,0.011141,32
5d2110505647029a,64,0.032738,0,0,0,29,1,3,2.0625,0.089844,0,0.0,0.010999,32
072049a5c69f3cf2,64,0.033234,0,0,0,36,1,4,2.09375,0.209961,0,0.0,0.004565,32
e4846ab42df20b80,64,0.032242,0,0,0,52,1,3,2.03125,0.092773,0,0.0,0.003422,32
b077f0a2ee67eda4,64,0.032738,0,0,0,38,1,3,2.0625,0.121094,0,0.0,0.004616,32
c0510516b70242e5,64,0.033234,0,0,0,33,1,3,2.09375,0.147461,0,0.0,0.008889,32
dc07169bccc40e93,64,0.031746,0,0,0,60,1,3,2.0,0.0625,0,0.0,0.002426,32
14d582e28a50d728,64,0.032738,0,0,0,28,1,4,2.0625,0.152344,0,0.0,0.012259,32
4d4cf97979004d03,64,0.033234,0,0,0,22,1,4,2.09375,0.178711,0,0.0,0.018226,32
82e9bae263d39e1a,64,0.032738,0,0,0,32,1,4,2.0625,0.121094,0,0.0,0.009259,32
971ddf0e47feccdd,64,0.033234,0,0,0,32,1,3,2.09375,0.147461,0,0.0,0.007917,32
27de5fb84a41fcc9,64,0.032242,0,0,0,37,1,3,2.03125,0.092773,0,0.0,0.005074,32
7711f10c8ef236cc,64,0.033234,0,0,1,38,1,3,2.09375,0.147461,0,0.026042,0.003824,32
fc19beabb15c4ca9,64,0.032242,0,0,1,35,1,3,2.03125,0.061523,0,0.026042,0.009574,32
513705627e84294e,64,0.032738,0,0,0,26,1,3,2.0625,0.089844,0,0.0,0.010769,32
d27fd2af109cce9d,64,0.033234,0,0,0,28,1,4,2.09375,0.178711,0,0.0,0.009749,32
8de08b3d3716e011,64,0.032242,0,0,0,35,1,3,2.03125,0.061523,0,0.0,0.00665,32
139b74637b44774a,64,0.032738,0,0,0,26,1,3,2.0625,0.121094,0,0.0,0.013283,32
50b47ecfec37c440,64,0.033234,0,0,0,31,1,4,2.09375,0.178711,0,0.0,0.010195,32
05c3e3a9ae05cc03,64,0.032738,0,0,0,29,1,4,2.0625,0.152344,0,0.0,0.010099,32
9cf42236b40054d0,64,0.033234,0,0,0,39,1,3,2.09375,0.147461,0,0.0,0.00538,32
36027ca4c53cc70e,64,0.032738,0,0,0,29,1,3,2.0625,0.121094,0,0.0,0.014379,32
92df375b93be6c7c,64,0.033234,0,0,0,28,1,4,2.09375,0.178711,0,0.0,0.007846,32
7c75dece74054bba,64,0.031746,1,0,0,33,1,3,2.0,0.03125,0,0.0,0.009617,32
5fa06ebea6f73610,64,0.032738,0,0,0,41,1,3,2.0625,0.089844,0,0.0,0.005177,32
3d104b2cd0e933f8,64,0.033234,0,0,0,21,1,3,2.09375,0.116211,0,0.0,0.014721,32
ee0f26bad0fe6cfe,64,0.032738,0,0,0,26,1,3,2.0625,0.121094,0,0.0,0.01231,32
81155a00c563e006,64,0.033234,0,0,0,22,1,3,2.09375,0.147461,0,0.0,0.022834,32
ef10d73feb380ef8,64,0.032242,0,0,0,30,1,3,2.03125,0.061523,0,0.0,0.01043,32
6a229cd2ac96ccc9,64,0.032738,0,0,0,40,1,4,2.0625,0.152344,0,0.0,0.003991,32
a5097b62030bd34a,64,0.033234,0,0,0,26,1,3,2.09375,0.147461,0,0.0,0.012639,32
8b1bd851c95984e2,64,0.032738,0,0,0,24,1,3,2.0625,0.121094,0,0.0,0.017677,32
a332fdacf9fcaae3,64,0.033234,0,0,0,35,1,3,2.09375,0.147461,0,0.0,0.005419,32
4227809735bcf0dc,64,0.032738,1,0,0,33,1,3,2.0625,0.121094,0,0.0,0.007261,32
4add13b997f6676a,64,0.033234,0,0,0,28,1,3,2.09375,0.147461,0,0.0,0.009454,32
0fa4adc6196d957b,64,0.032242,0,0,0,37,1,3,2.03125,0.092773,0,0.0,0.005831,32
37bc692dd51fa305,64,0.032738,0,0,1,45,1,3,2.0625,0.121094,0,0.026042,0.003431,32
fcdec9944665cd31,64,0.033234,0,0,0,26,1,4,2.09375,0.178711,0,0.0,0.01294,32
846f45430e7ab400,64,0.032738,0,0,0,24,1,3,2.0625,0.121094,0,0.0,0.016635,32
7c0f26fbe1e8cfcd,64,0.033234,0,0,0,26,1,3,2.09375,0.147461,0,0.0,0.014373,32
10c6f9e89572a9cd,64,0.032242,0,0,1,45,1,3,2.03125,0.092773,0,0.026042,0.003376,32
f18d6588f589a541,64,0.032738,1,0,0,45,1,3,2.0625,0.121094,0,0.0,0.003791,32
f7c3c26bccdb4193,64,0.033234,0,0,0,32,1,3,2.09375,0.147461,0,0.0,0.006374,32
1717142a7e8028f8,64,0.032738,0,0,0,23,1,4,2.0625,0.152344,0,0.0,0.014406,32
420699c4fdbf99e6,64,0.033234,0,0,0,26,1,3,2.09375,0.147461,0,0.0,0.014312,32
aa19f3627fc69acc,64,0.032242,0,0,0,26,1,3,2.03125,0.092773,0,0.0,0.013569,32
0390afd5d36a8045,64,0.032738,0,0,0,34,1,4,2.0625,0.152344,0,0.0,0.007549,32
f01f92ba925b292c,64,0.033234,0,0,0,26,1,3,2.09375,0.147461,0,0.0,0.020306,32
3d05caaacea3f3ba,64,0.032242,0,0,0,41,1,3,2.03125,0.061523,0,0.0,0.005144,32
f59e5a782fd46c32,64,0.032738,0,0,0,46,1,3,2.0625,0.121094,0,0.0,0.003757,32
5df7b825a0fce0d0,64,0.033234,0,0,1,34,1,4,2.09375,0.209961,0,0.023438,0.006676,32
9d474082443e1cdc,64,0.032242,0,0,0,35,1,3,2.03125,0.061523,0,0.0,0.004692,32
628e2b24d5045ffd,64,0.032738,0,0,0,26,1,4,2.0625,0.152344,0,0.0,0.012358,32
b5e2a12eb66ff776,64,0.033234,0,0,0,24,1,4,2.09375,0.178711,0,0.0,0.018078,32
b1dd723274b34528,64,0.032738,0,0,1,35,1,3,2.0625,0.121094,0,0.026042,0.00797,32
51a0231120bee025,64,0.033234,0,0,0,28,1,3,2.09375,0.147461,0,0.0,0.013481,32
3f29ae74d2da065b,64,0.032738,0,0,1,34,1,3,2.0625,0.121094,0,0.026042,0.006927,32
fc61e20c76fa299b,64,0.033234,0,0,0,29,1,4,2.09375,0.178711,0,0.0,0.011326,32
d97cd4481bc41e31,64,0.032738,0,0,0,22,1,3,2.0625,0.089844,0,0.0,0.019019,32
6658a1d4b6ebd4ec,64,0.033234,0,0,1,36,1,3,2.09375,0.147461,0,0.026042,0.00512,32
09ac45b987def996,64,0.032738,0,0,0,28,1,3,2.0625,0.121094,0,0.0,0.013269,32
0076fdcb7ada036b,64,0.033234,0,0,0,26,1,4,2.09375,0.147461,0,0.0,0.012438,32
d05e323b0861456a,64,0.032242,0,0,0,43,1,3,2.03125,0.092773,0,0.0,0.003849,32
60d8482f7d6ee460,64,0.032738,0,0,1,32,1,3,2.0625,0.121094,0,0.026042,0.010901,32
dd21c6ca65ca1c5b,64,0.033234,0,0,0,24,1,4,2.09375,0.178711,0,0.0,0.015583,32
4ab12fe9165a0f41,64,0.032738,0,0,0,40,1,3,2.0625,0.121094,0,0.0,0.005917,32
673401540ecb3c25,64,0.033234,1,0,0,31,1,3,2.09375,0.147461,0,0.0,0.012318,32
d967015b566978e0,64,0.032242,0,0,0,56,1,3,2.03125,0.092773,0,0.0,0.002671,32
428f0bf867cf80cf,64,0.032738,1,0,0,30,1,4,2.0625,0.152344,0,0.0,0.012368,32
aecea1229e687206,64,0.033234,0,0,0,35,1,3,2.09375,0.147461,0,0.0,0.004836,32
a3fc7334b4bd4ea6,64,0.032738,0,0,0,32,1,3,2.0625,0.089844,0,0.0,0.007519,32
afdefb49f84e8ab3,64,0.033234,1,0,0,28,1,4,2.09375,0.178711,0,0.0,0.012251,32
c142af657416f825,64,0.032738,0,0,0,27,1,3,2.0625,0.121094,0,0.0,0.013823,32
43b2bc56f99f4848,64,0.033234,0,0,0,36,1,3,2.09375,0.147461,0,0.0,0.004566,32
4cf50d1669c93092,64,0.032242,1,0,0,53,1,3,2.03125,0.092773,0,0.0,0.00297,32
53b3d39872d70422,64,0.032738,0,0,0,26,1,3,2.0625,0.121094,0,0.0,0.015432,32
599ca91008f56d85,64,0.033234,0,0,0,23,1,3,2.09375,0.116211,0,0.0,0.018176,32
fdf50c10e829ba8a,64,0.032738,0,0,0,53,1,4,2.0625,0.152344,0,0.0,0.00275,32
50da26886df8009c,64,0.033234,0,0,1,25,1,3,2.09375,0.116211,0,0.015625,0.015037,32
6b2cd37b2e532064,64,0.032738,0,0,0,23,1,4,2.0625,0.152344,0,0.0,0.020583,32
8cfb04357b18102d,64,0.033234,0,0,0,27,1,3,2.09375,0.147461,0,0.0,0.013594,32
6ad132aacef714a7,64,0.032738,0,0,0,41,1,4,2.0625,0.152344,0,0.0,0.003549,32
bce3a92967bf89e0,64,0.033234,0,0,0,23,1,3,2.09375,0.116211,0,0.0,0.019335,32
316e1c73a7443637,64,0.032738,0,0,1,38,1,3,2.0625,0.121094,0,0.026042,0.004918,32
cc4fe0e0b46c0f8d,64,0.033234,0,0,1,28,1,4,2.09375,0.178711,0,0.023438,0.008354,32
fa24733c327c392c,64,0.032738,0,0,0,33,1,3,2.0625,0.089844,0,0.0,0.008653,32
896e39915d73829d,64,0.033234,0,0,0,30,1,5,2.09375,0.241211,0,0.0,0.011116,32
f0152c8988dec0d7,64,0.032738,0,0,0,29,1,3,2.0625,0.089844,0,0.0,0.011182,32
6cfe39f53b4c490a,64,0.033234,0,0,0,22,1,4,2.09375,0.147461,0,0.0,0.022222,32
f2ebbbb71f924f1c,64,0.032242,0,0,0,52,1,3,2.03125,0.092773,0,0.0,0.002636,32
9db9f52a4cf48812,64,0.032738,0,0,1,40,1,3,2.0625,0.121094,0,0.026042,0.004931,32
003313c9efafcae4,64,0.033234,0,0,1,34,1,3,2.09375,0.147461,0,0.026042,0.005409,32
6a39c391b1e959d3,64,0.032738,0,0,0,31,1,3,2.0625,0.121094,0,0.0,0.008085,32
a723474caf8d07c3,64,0.033234,0,0,0,21,1,4,2.09375,0.178711,0,0.0,0.021838,32
9e4fd457390d174e,64,0.032738,0,0,0,27,1,3,2.0625,0.089844,0,0.0,0.009923,32
f090d57f9d72a77e,64,0.033234,0,0,0,26,1,3,2.09375,0.116211,0,0.0,0.013522,32
86e797c90a8a5fed,64,0.032738,0,0,0,37,1,3,2.0625,0.121094,0,0.0,0.005068,32
b2e589710915e81c,64,0.033234,0,0,0,33,1,3,2.09375,0.147461,0,0.0,0.00629,32
f7d277b081c588db,64,0.032242,0,0,0,48,1,3,2.03125,0.092773,0,0.0,0.003922,32
f621bc9260456448,64,0.032738,0,0,0,29,1,3,2.0625,0.121094,0,0.0,0.011002,32
d7a8945c22aeb567,64,0.033234,0,0,0,24,1,3,2.09375,0.116211,0,0.0,0.017838,32
1dea3eca3f7ecc4a,64,0.032242,0,0,0,31,1,3,2.03125,0.092773,0,0.0,0.011106,32
f7274fb1a20e61ed,64,0.032738,0,0,0,25,1,3,2.0625,0.089844,0,0.0,0.010717,32
d7cb04c38ad6e738,64,0.033234,0,0,0,28,1,4,2.09375,0.178711,0,0.0,0.011346,32
3c5da67c20352d4a,64,0.032738,0,0,1,44,1,4,2.0625,0.152344,0,0.013021,0.003167,32
29664a1d89699bd5,64,0.033234,0,0,0,31,1,3,2.09375,0.147461,0,0.0,0.008986,32
deb7197fe43023d5,64,0.032242,0,0,0,28,1,3,2.03125,0.092773,0,0.0,0.012514,32
94b42425551c1d05,64,0.032738,0,0,1,34,1,3,2.0625,0.089844,0,0.026042,0.006443,32
83e50d1277a954ad,64,0.033234,0,0,0,29,1,3,2.09375,0.147461,0,0.0,0.013043,32
1cccbc2985bf2964,64,0.032738,0,0,0,31,1,3,2.0625,0.089844,0,0.0,0.011333,32
4f6c906741819a92,64,0.033234,0,0,0,38,1,3,2.09375,0.147461,0,0.0,0.007346,32
1a97e256ce1323e2,64,0.032242,1,0,0,28,1,3,2.03125,0.092773,0,0.0,0.012437,32
8e0226201e6f407b,64,0.032738,0,0,0,51,1,3,2.0625,0.089844,0,0.0,0.002686,32
9be054117ed8e14f,64,0.033234,0,0,0,21,1,5,2.09375,0.241211,0,0.0,0.01961,32
ea8b32d20fbaa433,64,0.032242,0,0,0,46,1,3,2.03125,0.061523,0,0.0,0.003225,32
3efcf859ef1d5635,64,0.032738,0,0,0,30,1,4,2.0625,0.152344,0,0.0,0.009154,32
becb3ef925b93d92,64,0.033234,0,0,0,22,1,3,2.09375,0.147461,0,0.0,0.019439,32
87b54930782d4e5c,64,0.032738,1,0,0,31,1,3,2.0625,0.121094,0,0.0,0.008329,32
7adabe8ad21eaca6,64,0.033234,0,0,0,32,1,3,2.09375,0.147461,0,0.0,0.006614,32
da4e5dd6a16de70a,64,0.032242,0,0,0,40,1,3,2.03125,0.092773,0,0.0,0.005081,32
ffda5f61ef80d33d,64,0.032738,1,0,0,39,1,3,2.0625,0.121094,0,0.0,0.005525,32
fc096c6701cb3052,64,0.033234,0,0,0,21,1,3,2.09375,0.147461,0,0.0,0.017529,32
d18c72632d65782b,64,0.032738,0,0,0,26,1,3,2.0625,0.121094,0,0.0,0.012174,32
c506cfa706185c0d,64,0.033234,0,0,0,42,1,3,2.09375,0.147461,0,0.0,0.003842,32
c32c9c9eadb91376,64,0.032738,1,0,0,34,1,3,2.0625,0.121094,0,0.0,0.005607,32
4fc6e6130c51a371,64,0.033234,0,0,0,27,1,3,2.09375,0.147461,0,0.0,0.013962,32
eb511d164f285f16,64,0.032738,0,0,0,24,1,3,2.0625,0.121094,0,0.0,0.01581,32
eb6e7bdc93da102b,64,0.033234,0,0,1,32,1,4,2.09375,0.178711,0,0.026042,0.009555,32
d1bbda2aeb472e3a,64,0.032242,0,0,0,36,1,3,2.03125,0.092773,0,0.0,0.008226,32
e769ab5dcd5ecd1b,64,0.032738,0,0,0,33,1,3,2.0625,0.089844,0,0.0,0.008816,32
2139d9f805b063b9,64,0.033234,0,0,0,29,1,3,2.09375,0.147461,0,0.0,0.008929,32
3c6ac1e6c6e7af30,64,0.032738,0,0,0,28,1,4,2.0625,0.152344,0,0.0,0.010918,32
a786fa0d86aa77a5,64,0.033234,0,0,0,20,2,4,2.09375,0.116211,0,0.0,0.022801,32
a75d598f6ca5762c,64,0.032738,0,0,0,28,1,3,2.0625,0.089844,0,0.0,0.011121,32
c15f5cfbc58b29a4,64,0.033234,0,0,0,37,1,4,2.09375,0.178711,0,0.0,0.00519,32
0c81b869d34e7245,64,0.032242,0,0,0,48,1,3,2.03125,0.092773,0,0.0,0.003801,32
da4792a64997ac48,64,0.033234,0,0,0,34,1,4,2.09375,0.178711,0,0.0,0.008533,32
799ff82cb52afec5,64,0.033234,0,0,0,26,1,3,2.09375,0.147461,0,0.0,0.013361,32
c01a87c302168d21,64,0.032738,0,0,0,27,1,4,2.0625,0.152344,0,0.0,0.011446,32
33cec33360be48a9,64,0.033234,0,0,0,29,1,3,2.09375,0.116211,0,0.0,0.012795,32
31bdd9de059427e5,64,0.032242,0,0,0,28,1,3,2.03125,0.092773,0,0.0,0.011232,32
a677bea07b1844aa,64,0.032738,0,0,0,27,1,3,2.0625,0.121094,0,0.0,0.013609,32
35177305ddc3af66,64,0.033234,0,0,0,28,1,3,2.09375,0.147461,0,0.0,0.008434,32
54fdf80e27d64e96,64,0.032242,1,0,0,31,1,3,2.03125,0.092773,0,0.0,0.009894,32
596a98f38bc92553,64,0.032738,0,0,1,40,1,3,2.0625,0.121094,0,0.026042,0.005192,32
ae116e081ba3ab0f,64,0.033234,0,0,0,23,1,4,2.09375,0.178711,0,0.0,0.017728,32
2a28a8d04832b4cc,64,0.032242,0,0,0,38,1,3,2.03125,0.092773,0,0.0,0.006327,32
6ccc037e646469dc,64,0.032738,1,0,0,35,1,3,2.0625,0.121094,0,0.0,0.006101,32
860001567b7669c8,64,0.033234,0,0,1,28,1,3,2.09375,0.147461,0,0.026042,0.012023,32
0ef7304d7b17e356,64,0.032738,0,0,1,50,1,3,2.0625,0.121094,0,0.026042,0.003078,32
fb3e17edc1f656f9,64,0.033234,0,0,0,42,1,3,2.09375,0.147461,0,0.0,0.004282,32
34e371e7d0140d45,64,0.032242,0,0,1,53,1,3,2.03125,0.092773,0,0.026042,0.002892,32
901755e90ae66b4c,64,0.033234,0,0,1,30,1,3,2.09375,0.116211,0,0.026042,0.007838,32
3404ea1c8e1f6d58,64,0.032738,0,0,0,31,1,4,2.0625,0.152344,0,0.0,0.007019,32
6ddf81dfd8dd918b,64,0.033234,0,0,0,27,1,4,2.09375,0.178711,0,0.0,0.010683,32
e12af2e6e9d4d6ea,64,0.032242,1,0,0,49,1,3,2.03125,0.092773,0,0.0,0.002869,32
5b5b2aee8b671ba4,64,0.033234,0,0,1,35,1,3,2.09375,0.147461,0,0.026042,0.005675,32
acdb683afa3160d0,64,0.032242,1,0,0,38,1,3,2.03125,0.092773,0,0.0,0.007333,32
5aca62c3863aca8f,64,0.033234,0,0,0,22,1,4,2.09375,0.178711,0,0.0,0.017282,32
13a8087d4d97dc15,64,0.032242,0,0,1,51,1,3,2.03125,0.092773,0,0.015625,0.003401,32
94209ce7eb6d3657,64,0.032738,1,0,0,25,1,3,2.0625,0.121094,0,0.0,0.017705,32
e230ff68979e21e6,64,0.033234,0,0,0,25,1,3,2.09375,0.147461,0,0.0,0.016916,32
2c03e71f4c663d3a,64,0.032738,0,0,1,33,1,4,2.0625,0.152344,0,0.023438,0.008616,32
bdffa626a55f1111,64,0.033234,0,0,0,30,1,3,2.09375,0.147461,0,0.0,0.009908,32
4b9e5c7c43bf90de,64,0.032242,0,0,0,34,1,3,2.03125,0.092773,0,0.0,0.007419,32
a8ce2569b892b2ec,64,0.032738,0,0,0,22,1,3,2.0625,0.121094,0,0.0,0.017785,32
a19e2273eb00449f,64,0.033234,0,0,0,26,1,3,2.09375,0.116211,0,0.0,0.016379,32
8509d49fb50e8942,64,0.032242,0,0,0,26,1,3,2.03125,0.092773,0,0.0,0.012702,32
62a08d8eba54c23c,64,0.032738,0,0,0,26,1,3,2.0625,0.089844,0,0.0,0.013631,32
2c086c86ce2cd7c0,64,0.033234,0,0,1,24,1,4,2.09375,0.178711,0,0.026042,0.017434,32
0615a257efbb52c7,64,0.032738,0,0,0,35,1,3,2.0625,0.089844,0,0.0,0.008773,32
06632c4fb7475040,64,0.033234,0,0,1,23,1,3,2.09375,0.147461,0,0.026042,0.019358,32
2d195d827090bd0a,64,0.032738,0,0,0,36,1,3,2.0625,0.121094,0,0.0,0.006692,32
cf89f43100f2ad07,64,0.033234,0,0,0,31,1,3,2.09375,0.147461,0,0.0,0.008861,32
dff0cb34e3bd6baa,64,0.032738,1,0,0,31,1,3,2.0625,0.121094,0,0.0,0.010376,32
4ab4657229529d60,64,0.033234,0,0,0,28,1,3,2.09375,0.116211,0,0.0,0.012578,32
e50888f30c2cc6a8,64,0.032738,0,0,0,37,1,3,2.0625,0.121094,0,0.0,0.005425,32
0830dda331344fa3,64,0.033234,0,0,0,24,1,3,2.09375,0.147461,0,0.0,0.017259,32
dd2a6dc9b3c75830,64,0.032738,0,0,0,27,1,3,2.0625,0.121094,0,0.0,0.011379,32
e66c59d4dc704a3e,64,0.033234,0,0,0,24,1,3,2.09375,0.147461,0,0.0,0.018631,32
685d60d7b3439592,64,0.032738,0,0,0,23,1,3,2.0625,0.121094,0,0.0,0.01314,32
3ac3dfdba8520ac5,64,0.033234,0,0,0,41,1,4,2.09375,0.178711,0,0.0,0.003665,32
495e55d35551cff3,64,0.032242,0,0,0,56,1,3,2.03125,0.092773,0,0.0,0.002512,32
91f7def5878db7c4,64,0.032738,0,0,0,47,1,4,2.0625,0.121094,0,0.0,0.002631,32
275f11d409840401,64,0.033234,0,0,0,31,1,4,2.09375,0.178711,0,0.0,0.008936,32
e556cf2a235f59ea,64,0.032242,0,0,1,57,1,3,2.03125,0.092773,0,0.026042,0.00264,32
0e3bdeba8a88da54,64,0.032738,0,0,1,34,1,3,2.0625,0.089844,0,0.026042,0.006456,32
937c3b0f61717962,64,0.033234,0,0,1,21,1,3,2.09375,0.147461,0,0.026042,0.020073,32
16a26f6bc003cd18,64,0.032242,0,0,0,41,1,4,2.03125,0.092773,0,0.0,0.005525,32
fc589ed2e2f16d28,64,0.032738,0,0,0,30,1,3,2.0625,0.121094,0,0.0,0.00621,32
09ff435209fe1188,64,0.033234,0,0,1,28,1,3,2.09375,0.116211,0,0.026042,0.013263,32
38ef0b5197042693,64,0.032242,0,0,1,42,1,3,2.03125,0.092773,0,0.026042,0.00441,32
3a68d8deda4d7698,64,0.032738,0,0,0,31,1,3,2.0625,0.121094,0,0.0,0.008558,32
fb90eaf829d169a7,64,0.033234,0,0,0,37,1,3,2.09375,0.147461,0,0.0,0.007095,32
e77f35208d4342d4,64,0.032242,0,0,0,46,1,3,2.03125,0.092773,0,0.0,0.003497,32
8372eb5102ddaf1e,64,0.032738,0,0,0,35,1,3,2.0625,0.121094,0,0.0,0.006074,32
ea5c093a3f5968f1,64,0.033234,0,0,0,27,1,4,2.09375,0.209961,0,0.0,0.010943,32
8a68a96dc2b4ee31,64,0.032738,0,0,0,28,1,3,2.0625,0.121094,0,0.0,0.010204,32
67d6ae55a3a874fa,64,0.033234,0,0,0,33,1,4,2.09375,0.147461,0,0.0,0.009577,32
ed72677a80cc8de9,64,0.032242,0,0,0,38,1,4,2.03125,0.124023,0,0.0,0.006189,32
d9d4642aaa5b7f46,64,0.033234,0,0,0,38,1,4,2.09375,0.178711,0,0.0,0.006776,32
2d9f9ccbd111bcf1,64,0.032738,0,0,1,28,1,4,2.0625,0.152344,0,0.013021,0.012106,32
04c1c012edacc766,64,0.033234,1,0,0,33,1,3,2.09375,0.147461,0,0.0,0.007942,32
cf2d55d280ebd461,64,0.032242,0,0,0,28,1,3,2.03125,0.092773,0,0.0,0.012489,32
9097bb4cfcf069a5,64,0.032738,0,0,0,24,1,3,2.0625,0.121094,0,0.0,0.0177,32
fe9aceebf3a21c8e,64,0.033234,1,0,0,20,1,3,2.09375,0.147461,0,0.0,0.032425,32
c9d1528d19a4ba59,64,0.032738,0,0,0,29,1,3,2.0625,0.121094,0,0.0,0.012595,32
572ddc7e338af4f7,64,0.033234,0,0,0,31,1,4,2.09375,0.178711,0,0.0,0.007108,32
e4b3f2427cc472ec,64,0.033234,1,0,0,26,1,3,2.09375,0.147461,0,0.0,0.006718,32
4a3fedad9ff49295,64,0.032242,1,0,0,29,1,4,2.03125,0.092773,0,0.0,0.01056,32
b73845c9fda20d7f,64,0.032738,0,0,0,33,1,3,2.0625,0.089844,0,0.0,0.009419,32
7f39c1afb1ac2f34,64,0.033234,0,0,0,23,1,3,2.09375,0.147461,0,0.0,0.015137,32
175cf394d9fd744d,64,0.032738,0,0,0,31,1,4,2.0625,0.152344,0,0.0,0.008999,32
5040bed5526ac864,64,0.033234,0,0,0,31,1,3,2.09375,0.147461,0,0.0,0.009767,32
2b1e7e62a01a383b,64,0.032738,0,0,0,31,1,3,2.0625,0.121094,0,0.0,0.009695,32
af7778149baf743c,64,0.033234,0,0,0,24,1,3,2.09375,0.147461,0,0.0,0.016824,32
11c5f3d88c09e4ad,64,0.032242,0,0,1,52,1,4,2.03125,0.124023,0,0.023438,0.002846,32
afca6a7d4e86d2d2,64,0.032738,0,0,1,33,1,3,2.0625,0.121094,0,0.026042,0.009534,32
8465dbf62f8baaa2,64,0.033234,0,0,0,35,1,3,2.09375,0.147461,0,0.0,0.007416,32
c7cda1236a84f933,64,0.032738,0,0,0,27,1,3,2.0625,0.089844,0,0.0,0.011777,32
ad7519a75f95a26d,64,0.033234,0,0,0,32,1,3,2.09375,0.116211,0,0.0,0.005314,32
38c54f8efd48f123,64,0.032738,0,0,0,31,1,3,2.0625,0.121094,0,0.0,0.011568,32
31006c57aca52d61,64,0.033234,0,0,0,34,1,3,2.09375,0.116211,0,0.0,0.007902,32
fdb1bb33c69aaff0,64,0.032738,0,0,0,46,1,4,2.0625,0.152344,0,0.0,0.003327,32
5dba57a71e96d570,64,0.033234,0,0,0,27,1,4,2.09375,0.178711,0,0.0,0.01256,32
0e5aa4a22fa189df,64,0.032738,0,0,0,33,1,3,2.0625,0.121094,0,0.0,0.007772,32
e0f834bc63a9cb8d,64,0.033234,0,0,0,27,1,3,2.09375,0.147461,0,0.0,0.01601,32
a1c2a61db5fcd13d,64,0.032738,0,0,2,51,1,3,2.0625,0.121094,0,0.041667,0.003533,32
8ed7af1b0315f3a8,64,0.033234,0,0,0,27,1,3,2.09375,0.147461,0,0.0,0.01174,32
b85a62d069c2bdd0,64,0.032738,0,0,0,32,1,4,2.0625,0.152344,0,0.0,0.007519,32
7e52ad5061a80966,64,0.033234,0,0,1,28,1,3,2.09375,0.147461,0,0.026042,0.014278,32
8db7b52cc6a55541,64,0.032242,0,0,0,33,1,3,2.03125,0.092773,0,0.0,0.006022,32
671423f485cd04d1,64,0.032738,0,0,0,27,1,3,2.0625,0.089844,0,0.0,0.011412,32
bbfc45964bfc3245,64,0.033234,0,0,0,27,1,4,2.09375,0.178711,0,0.0,0.016804,32
5757f4d2d48a4a5e,64,0.032738,0,0,0,28,1,3,2.0625,0.089844,0,0.0,0.01072,32
81107348164eff53,64,0.033234,0,0,0,27,1,4,2.09375,0.178711,0,0.0,0.014487,32
322d962daeeeffc4,64,0.032738,0,0,0,37,1,4,2.0625,0.152344,0,0.0,0.005499,32
01110790551fd7c1,64,0.033234,0,0,0,27,1,3,2.09375,0.147461,0,0.0,0.012056,32
06c130013b631274,64,0.032242,1,0,0,37,1,3,2.03125,0.092773,0,0.0,0.005268,32
37a7d7af117fca72,64,0.032738,0,0,0,25,1,3,2.0625,0.089844,0,0.0,0.018531,32
09427e4c2d765648,64,0.033234,0,0,0,34,1,4,2.09375,0.209961,0,0.0,0.007571,32
bf32dbb7d98c0173,64,0.033234,0,0,0,23,1,4,2.09375,0.178711,0,0.0,0.017276,32
c5cac4fe3db69df3,64,0.032242,0,0,0,27,1,3,2.03125,0.092773,0,0.0,0.013218,32
613b8424d94f4c17,64,0.032738,0,0,0,31,1,4,2.0625,0.152344,0,0.0,0.011859,32
63ed1bc55141fd8e,64,0.033234,0,0,0,24,1,4,2.09375,0.178711,0,0.0,0.013047,32
8fb2b5dad4572406,64,0.032738,0,0,0,44,1,4,2.0625,0.152344,0,0.0,0.003303,32
c333015d77a9154d,64,0.033234,0,0,0,35,1,3,2.09375,0.147461,0,0.0,0.004839,32
9156bb2b94baa26a,64,0.032242,0,0,0,47,1,3,2.03125,0.092773,0,0.0,0.003065,32
3e606f9de89f652e,64,0.032738,0,0,0,29,1,3,2.0625,0.121094,0,0.0,0.011682,32
b88ee60251760291,64,0.033234,0,0,0,27,1,3,2.09375,0.147461,0,0.0,0.010847,32
5fab9d30656ba826,64,0.032738,0,0,1,39,1,3,2.0625,0.121094,0,0.026042,0.006009,32
85350b7149cb45b1,64,0.033234,0,0,0,23,1,3,2.09375,0.147461,0,0.0,0.018674,32
14a15f6d3df39a0e,64,0.032738,0,0,0,49,1,3,2.0625,0.121094,0,0.0,0.003414,32
b7ecb8245f7f8ec4,64,0.033234,0,0,0,20,1,4,2.09375,0.178711,0,0.0,0.021882,32
4096c1e2640ac8f7,64,0.032738,1,0,0,28,1,3,2.0625,0.121094,0,0.0,0.009361,32
058fa994aaf7aabd,64,0.033234,0,0,1,23,1,3,2.09375,0.147461,0,0.026042,0.020076,32
e915d42e4602e6e7,64,0.032242,1,0,0,30,1,3,2.03125,0.092773,0,0.0,0.008533,32
d1aa0a9933a612c6,64,0.032738,0,0,0,26,2,3,2.0625,0.058594,0,0.0,0.014138,32
0aebbf787914a7fc,64,0.033234,0,0,0,29,1,4,2.09375,0.178711,0,0.0,0.009255,32
3b4e5364583072bf,64,0.032242,0,0,0,30,1,3,2.03125,0.061523,0,0.0,0.010593,32
44288907b65003f6,64,0.032738,0,0,0,31,1,3,2.0625,0.121094,0,0.0,0.01174,32
fb7e0a3e6e3a9a8c,64,0.033234,0,0,0,22,1,3,2.09375,0.147461,0,0.0,0.01513,32
ab6d2b151e7271a2,64,0.032738,0,0,0,28,1,3,2.0625,0.121094,0,0.0,0.010734,32
439e388ff1b7d52c,64,0.033234,0,0,0,23,1,3,2.09375,0.116211,0,0.0,0.014686,32
45f426aa0e259e6e,64,0.033234,0,0,0,25,1,3,2.09375,0.147461,0,0.0,0.018614,32
8b14725cf04846bd,64,0.032242,0,0,0,30,1,3,2.03125,0.092773,0,0.0,0.010399,32
906c3ef5556035a6,64,0.032738,0,0,0,33,1,3,2.0625,0.121094,0,0.0,0.005188,32
2a53600ce4c9ea75,64,0.033234,0,0,1,31,1,3,2.09375,0.147461,0,0.026042,0.010551,32
30c7c8721170e806,64,0.032738,0,0,0,26,1,4,2.0625,0.152344,0,0.0,0.014689,32
9dd35ad2d798fc55,64,0.033234,0,0,0,24,1,4,2.09375,0.178711,0,0.0,0.017612,32
5228ed275ae17609,64,0.032242,0,0,0,25,1,3,2.03125,0.092773,0,0.0,0.017004,32
6cac4e4ea8aaa7a5,64,0.033234,0,0,0,23,1,4,2.09375,0.178711,0,0.0,0.018271,32
bdd71c84f9209b51,64,0.032738,0,0,0,42,1,4,2.0625,0.183594,0,0.0,0.003785,32
9533315608b10fa5,64,0.033234,0,0,0,38,1,3,2.09375,0.147461,0,0.0,0.005549,32
ce1718f0b835fc81,64,0.032738,0,0,0,38,1,3,2.0625,0.121094,0,0.0,0.004943,32
dcb1838e55dceee9,64,0.033234,0,0,0,19,1,4,2.09375,0.178711,0,0.0,0.021388,32
e8e469507cb08b2e,64,0.032738,0,0,0,32,1,3,2.0625,0.089844,0,0.0,0.011448,32
92f4c9eb106ec628,64,0.033234,0,0,0,35,1,3,2.09375,0.147461,0,0.0,0.005213,32
7fc67dba42b9bc6f,64,0.032242,0,0,0,29,1,4,2.03125,0.124023,0,0.0,0.011675,32
6a9cc72755447329,64,0.032738,0,0,0,24,1,3,2.0625,0.089844,0,0.0,0.017099,32
dcab8f9c84fc9f62,64,0.033234,0,0,0,22,1,3,2.09375,0.147461,0,0.0,0.022701,32
428a8a6812e37c80,64,0.032738,0,0,0,37,1,3,2.0625,0.121094,0,0.0,0.005573,32
04d766df559ebd8c,64,0.033234,0,0,2,46,1,3,2.09375,0.147461,0,0.052083,0.003402,32
445749c15de1120a,64,0.032738,0,0,0,31,1,3,2.0625,0.121094,0,0.0,0.006223,32
35385676076c3331,64,0.033234,0,0,0,24,1,3,2.09375,0.147461,0,0.0,0.015914,32
bb9e47446a543cbc,64,0.032738,1,0,0,41,1,4,2.0625,0.121094,0,0.0,0.004723,32
c53d2ac59844c1c0,64,0.033234,0,0,0,48,1,4,2.09375,0.178711,0,0.0,0.003299,32
c76cb7aad8c0dbdb,64,0.031746,1,0,0,32,1,3,2.0,0.0625,0,0.0,0.009631,32
570e2b6e8e22a321,64,0.032242,0,0,1,49,1,3,2.03125,0.092773,0,0.026042,0.002984,32
b70f532d3bb3eb92,64,0.032738,0,0,0,31,1,3,2.0625,0.089844,0,0.0,0.00795,32
e36677bd57973301,64,0.033234,0,0,1,29,1,3,2.09375,0.147461,0,0.026042,0.009148,32
d8f55996d51d0cf9,64,0.032738,1,0,0,45,1,3,2.0625,0.121094,0,0.0,0.00365,32
e750200d23117d10,64,0.033234,0,0,0,33,1,4,2.09375,0.178711,0,0.0,0.006312,32
886267fe9865dd09,64,0.032738,0,0,0,27,1,3,2.0625,0.089844,0,0.0,0.011449,32
663c707437162c86,64,0.033234,0,0,0,26,2,3,2.09375,0.084961,0,0.0,0.016229,32
298d4e53397e51b1,64,0.032242,0,0,0,32,1,3,2.03125,0.061523,0,0.0,0.009959,32
69c622dd4bb090cc,64,0.032738,0,0,0,24,1,4,2.0625,0.152344,0,0.0,0.015883,32
175d965b238c97e2,64,0.033234,0,0,0,25,1,3,2.09375,0.147461,0,0.0,0.015069,32
dfa4c2e7bf7414a7,64,0.032738,0,0,0,42,1,3,2.0625,0.121094,0,0.0,0.00349,32
821ee40627ba4523,64,0.033234,0,0,0,23,1,3,2.09375,0.147461,0,0.0,0.016027,32
cf82ddc788d3f423,64,0.032738,0,0,0,23,1,3,2.0625,0.089844,0,0.0,0.016314,32
d44953c1e1fd5b5b,64,0.033234,1,0,0,31,1,4,2.09375,0.178711,0,0.0,0.009632,32
b61658a4246b3fa7,64,0.032242,1,0,0,57,1,3,2.03125,0.092773,0,0.0,0.002846,32
90ee3cb24457a1a9,64,0.032738,0,0,0,24,1,3,2.0625,0.121094,0,0.0,0.017013,32
afc73cb0435a203e,64,0.033234,0,0,0,26,1,3,2.09375,0.147461,0,0.0,0.010571,32
3ee86aff89283057,64,0.032738,0,0,1,24,1,3,2.0625,0.121094,0,0.026042,0.014763,32
73eda376c494c9c6,64,0.033234,0,0,0,26,1,4,2.09375,0.178711,0,0.0,0.014612,32
589b6631725d9a8f,64,0.032738,1,0,0,31,1,4,2.0625,0.152344,0,0.0,0.007457,32
e6929b73961c39c2,64,0.033234,1,0,0,40,1,3,2.09375,0.147461,0,0.0,0.004194,32
30995488f61235db,64,0.032242,0,0,0,35,1,3,2.03125,0.092773,0,0.0,0.006061,32
27a4e9557a2e97d5,64,0.032738,0,0,0,23,1,3,2.0625,0.121094,0,0.0,0.015822,32
063f7eb3abe03f29,64,0.033234,0,0,0,20,1,4,2.09375,0.178711,0,0.0,0.023286,32
ebe92c9b92f79065,64,0.032242,0,0,1,58,1,4,2.03125,0.124023,0,0.023438,0.002575,32
ed8bd9640508aa29,64,0.032738,0,0,0,25,1,3,2.0625,0.121094,0,0.0,0.012371,32
9ef48ff5ca8bf553,64,0.033234,0,0,1,33,1,3,2.09375,0.147461,0,0.026042,0.008633,32
7bd822e093f8ce91,64,0.032242,0,0,0,54,1,4,2.03125,0.124023,0,0.0,0.00314,32
47313df10c3268e1,64,0.032738,0,0,0,28,1,3,2.0625,0.121094,0,0.0,0.014326,32
f12810caf0998853,64,0.033234,0,0,0,32,1,3,2.09375,0.147461,0,0.0,0.00607,32
fc2db69e5792b6fd,64,0.032738,0,0,0,29,1,3,2.0625,0.121094,0,0.0,0.00956,32
8c330c9eba4c2936,64,0.033234,0,0,1,23,1,4,2.09375,0.178711,0,0.026042,0.015841,32
48c1391216b56adb,64,0.032738,0,0,0,32,1,3,2.0625,0.089844,0,0.0,0.010995,32
52ac58101220daad,64,0.033234,0,0,0,33,1,3,2.09375,0.147461,0,0.0,0.009805,32
e3337a1ece5f23a3,64,0.032242,0,0,0,39,1,3,2.03125,0.092773,0,0.0,0.00599,32
7da774b6cfcef5e2,64,0.032738,0,0,0,28,1,4,2.0625,0.152344,0,0.0,0.010692,32
8abc93b39f9a9cdb,64,0.033234,0,0,1,27,1,5,2.09375,0.241211,0,0.026042,0.011575,32
10b44a8bdf380464,64,0.032738,0,0,0,25,1,3,2.0625,0.089844,0,0.0,0.016272,32
d135a45ccb620488,64,0.033234,0,0,0,25,1,4,2.09375,0.178711,0,0.0,0.007914,32
847c75da22f74c1f,64,0.032242,0,0,0,35,1,3,2.03125,0.092773,0,0.0,0.007079,32
365469a91aa7bcec,64,0.032738,0,0,0,24,1,3,2.0625,0.121094,0,0.0,0.015474,32
26cd331c8c2eb18a,64,0.033234,0,0,0,30,1,3,2.09375,0.147461,0,0.0,0.008961,32
6a385df2569decc4,64,0.032242,0,0,0,29,1,3,2.03125,0.092773,0,0.0,0.011322,32
948167c9992e2c4c,64,0.032738,0,0,0,40,1,3,2.0625,0.121094,0,0.0,0.006776,32
d1b499b394f94caf,64,0.033234,0,0,1,25,2,3,2.09375,0.084961,0,0.026042,0.014517,32
f4694c784a25f642,64,0.032738,0,0,0,31,1,3,2.0625,0.121094,0,0.0,0.013398,32
cfa132dbf249d632,64,0.033234,1,0,0,24,1,3,2.09375,0.147461,0,0.0,0.019303,32
bd61195f52b60d53,64,0.032738,0,0,0,35,1,3,2.0625,0.121094,0,0.0,0.006734,32
d08cf3c8bc75a87b,64,0.033234,0,0,0,22,1,3,2.09375,0.147461,0,0.0,0.021751,32
8d94bcba77820bd0,64,0.032738,0,0,0,37,1,3,2.0625,0.121094,0,0.0,0.00506,32
bfb4cb1de15ae15a,64,0.033234,0,0,0,37,1,4,2.09375,0.178711,0,0.0,0.00658,32
b6fd06a1123c72ae,64,0.032738,0,0,1,30,1,4,2.0625,0.152344,0,0.023438,0.010844,32
325b2f60d49b9c37,64,0.033234,0,0,0,34,1,4,2.09375,0.178711,0,0.0,0.006356,32
c249d7323e10f9fa,64,0.032738,0,0,0,39,1,4,2.0625,0.121094,0,0.0,0.005131,32
7a886a4b73f68e96,64,0.033234,0,0,0,33,1,3,2.09375,0.147461,0,0.0,0.004427,32
f88ee1206a08e57e,64,0.032242,0,0,0,43,1,3,2.03125,0.092773,0,0.0,0.003548,32
5714b660fc7e2fb3,64,0.032738,1,0,0,31,1,4,2.0625,0.121094,0,0.0,0.010202,32
95b21948881877ea,64,0.033234,0,0,0,40,1,3,2.09375,0.147461,0,0.0,0.005778,32
cffc9c896d5bd454,64,0.032242,0,0,0,40,1,3,2.03125,0.092773,0,0.0,0.006089,32
8120a88b1c0e75b9,64,0.032738,0,0,0,24,1,3,2.0625,0.121094,0,0.0,0.015703,32
c8b00adf5fb45ad7,64,0.033234,0,0,0,25,1,3,2.09375,0.147461,0,0.0,0.015067,32
bdc3a43b08f2dbac,64,0.032738,0,0,0,28,1,4,2.0625,0.152344,0,0.0,0.007555,32
d2a1192968fcbf40,64,0.033234,0,0,0,30,1,3,2.09375,0.147461,0,0.0,0.011505,32
82cd8ac370aba578,64,0.032738,0,0,0,25,1,3,2.0625,0.121094,0,0.0,0.013734,32
960ab9fb96ea7dd0,64,0.033234,0,0,0,32,1,3,2.09375,0.116211,0,0.0,0.008259,32
aebb18d6921cd0be,64,0.032738,0,0,0,49,1,4,2.0625,0.152344,0,0.0,0.003082,32
23189f0f187aefd0,64,0.033234,1,0,0,32,1,3,2.09375,0.147461,0,0.0,0.009203,32
04f135358d9759fb,64,0.032738,0,0,1,40,1,3,2.0625,0.121094,0,0.026042,0.004646,32
5a8f31572502af75,64,0.033234,0,0,0,22,1,3,2.09375,0.147461,0,0.0,0.015783,32
11ce524388e1f5b6,64,0.032242,0,0,0,52,1,3,2.03125,0.092773,0,0.0,0.002596,32
ff9d37d98a9f5370,64,0.032738,0,0,0,40,1,3,2.0625,0.089844,0,0.0,0.003684,32
3df22751002fc351,64,0.033234,0,0,0,21,1,3,2.09375,0.147461,0,0.0,0.022266,32
957f56f40a9e866d,64,0.031746,1,0,0,61,1,3,2.0,0.0625,0,0.0,0.002428,32
373126f9de6fc946,64,0.032242,0,0,0,35,1,3,2.03125,0.092773,0,0.0,0.009082,32
930d0aa97ad257b6,64,0.032738,0,0,0,46,1,3,2.0625,0.121094,0,0.0,0.003252,32
e631e2693c0ff7e8,64,0.033234,0,0,1,39,1,4,2.09375,0.178711,0,0.013021,0.004399,32
0be98ff5473f23fa,64,0.031746,1,0,0,59,1,3,2.0,0.0625,0,0.0,0.002464,32
7cc9cd99cfa9dc8d,64,0.032242,0,0,0,47,1,3,2.03125,0.092773,0,0.0,0.003147,32
d9506d692e4e41c9,64,0.032738,0,0,0,31,1,3,2.0625,0.121094,0,0.0,0.005985,32
b8545db1fcf8d8fa,64,0.033234,0,0,0,22,1,3,2.09375,0.147461,0,0.0,0.019579,32
053237ed32ad5452,64,0.032738,0,0,0,31,1,3,2.0625,0.121094,0,0.0,0.011439,32
fbfadeff3d5b9170,64,0.033234,1,0,0,29,1,3,2.09375,0.116211,0,0.0,0.013891,32
c8ac87fbb9a14dc0,64,0.032242,1,0,0,35,1,3,2.03125,0.092773,0,0.0,0.008146,32
4ae6f9b464c6c80f,64,0.032738,0,0,0,39,1,3,2.0625,0.121094,0,0.0,0.006318,32
5ebd2d110738885b,64,0.033234,0,0,0,22,1,4,2.09375,0.147461,0,0.0,0.019183,32
8ff5d49372e9cfd8,64,0.031746,0,0,0,33,1,3,2.0,0.0625,0,0.0,0.009581,32
4f4e8da1b68fed11,64,0.032242,0,0,1,48,1,3,2.03125,0.092773,0,0.026042,0.003059,32
1edec9b7c38dc3ff,64,0.032738,0,0,0,33,1,3,2.0625,0.121094,0,0.0,0.007545,32
0bc2d5115df576d6,64,0.033234,0,0,0,21,1,3,2.09375,0.116211,0,0.0,0.020897,32
30b45979f52a0cec,64,0.032738,0,0,1,30,1,3,2.0625,0.121094,0,0.026042,0.017512,32
bf33c6311bafaed2,64,0.033234,0,0,0,24,1,4,2.09375,0.178711,0,0.0,0.014456,32
349dc9a50dbcbce8,64,0.032738,0,0,0,23,1,3,2.0625,0.121094,0,0.0,0.02018,32
dda237e1520a40cb,64,0.033234,0,0,0,23,1,3,2.09375,0.147461,0,0.0,0.017399,32
5f890f360974c4dd,64,0.032738,0,0,0,27,1,4,2.0625,0.152344,0,0.0,0.013314,32
7d83fdda19103063,64,0.033234,1,0,0,28,1,3,2.09375,0.147461,0,0.0,0.012919,32
0ef63dc66a948394,64,0.032242,1,0,0,25,1,3,2.03125,0.092773,0,0.0,0.014503,32
965969c9bfaf4d59,64,0.032738,0,0,0,26,1,3,2.0625,0.121094,0,0.0,0.015109,32
2ad875aa4a4dc343,64,0.033234,0,0,0,28,1,4,2.09375,0.178711,0,0.0,0.014383,32
950563513d3baff2,64,0.032738,0,0,0,36,1,3,2.0625,0.121094,0,0.0,0.004541,32
cc798a3d4ae0af57,64,0.033234,0,0,0,22,1,4,2.09375,0.178711,0,0.0,0.018408,32
319ef4a8b8b73ab7,64,0.032738,0,0,1,26,1,3,2.0625,0.121094,0,0.026042,0.011712,32
9920d343b72310f4,64,0.033234,0,0,0,19,1,3,2.09375,0.116211,0,0.0,0.026365,32
dba6537aebf91567,64,0.032738,0,0,0,37,1,3,2.0625,0.121094,0,0.0,0.004788,32
1ee619554a0c80b6,64,0.033234,0,0,0,25,1,4,2.09375,0.147461,0,0.0,0.012321,32
7bbc2d39c1ce22cb,64,0.032242,0,0,0,26,1,3,2.03125,0.092773,0,0.0,0.01245,32
13dcf264cdd339b2,64,0.032738,0,0,0,44,1,4,2.0625,0.152344,0,0.0,0.005135,32
719e860d93d13462,64,0.033234,0,0,0,27,1,3,2.09375,0.147461,0,0.0,0.01243,32
fa8ef23f2d49c2f7,64,0.032242,1,0,0,37,1,3,2.03125,0.092773,0,0.0,0.007259,32
1981f01bf2b5e971,64,0.032738,0,0,0,33,1,3,2.0625,0.121094,0,0.0,0.008717,32
7b8da5768badeedb,64,0.033234,0,0,0,34,1,3,2.09375,0.147461,0,0.0,0.004432,32
a8a226533ce2d3f5,64,0.032242,0,0,1,32,1,3,2.03125,0.092773,0,0.026042,0.009794,32
37a599fb31facf3e,64,0.032738,0,0,0,27,1,3,2.0625,0.121094,0,0.0,0.012416,32
6767543034f41855,64,0.033234,0,0,1,35,1,3,2.09375,0.147461,0,0.026042,0.008706,32
c7994d3ef85efde1,64,0.032242,1,0,0,30,1,3,2.03125,0.092773,0,0.0,0.010645,32
07ae8408c2651255,64,0.032738,0,0,0,36,1,3,2.0625,0.121094,0,0.0,0.007715,32
007080d4a7e74ce4,64,0.033234,0,0,0,41,1,4,2.09375,0.209961,0,0.0,0.004259,32
469ed258d42454c3,64,0.032738,0,0,1,42,1,3,2.0625,0.121094,0,0.026042,0.004527,32
468471fde0acf2bd,64,0.033234,0,0,0,24,1,3,2.09375,0.147461,0,0.0,0.018748,32
b29b423e8856d768,64,0.032242,1,0,0,39,1,3,2.03125,0.092773,0,0.0,0.005684,32
ce9a36b370971b66,64,0.032738,0,0,0,24,1,3,2.0625,0.121094,0,0.0,0.019278,32
6963ffb083a62cd1,64,0.033234,0,0,0,24,1,4,2.09375,0.178711,0,0.0,0.016953,32
a98fad4cf063f6bf,64,0.032738,0,0,0,27,1,4,2.0625,0.121094,0,0.0,0.011817,32
f4e67ea5ed3e158a,64,0.033234,0,0,1,32,1,3,2.09375,0.147461,0,0.026042,0.006769,32
3d4c2cfc4a16c341,64,0.032738,0,0,0,40,1,3,2.0625,0.121094,0,0.0,0.004729,32
00d4b7900b47c7d9,64,0.033234,0,0,0,22,1,3,2.09375,0.147461,0,0.0,0.017242,32
8c459251981d149e,64,0.033234,0,0,0,24,1,3,2.09375,0.147461,0,0.0,0.012583,32
8608234c343d911d,64,0.032738,0,0,0,35,1,3,2.0625,0.121094,0,0.0,0.009422,32
34cfcfdbe741ba55,64,0.033234,0,0,1,28,1,3,2.09375,0.147461,0,0.026042,0.00989,32
bbe0c77db0fd7d9d,64,0.032738,0,0,0,36,1,4,2.0625,0.152344,0,0.0,0.005305,32
a97948061e6e5c7c,64,0.033234,0,0,0,26,1,3,2.09375,0.116211,0,0.0,0.01262,32
5b49c690514761d7,64,0.032738,0,0,0,49,1,3,2.0625,0.121094,0,0.0,0.002874,32
8cb92aea4dfb1217,64,0.033234,0,0,0,25,1,3,2.09375,0.116211,0,0.0,0.011487,32
57636fbfe3ae84cc,64,0.032738,0,0,0,52,1,3,2.0625,0.121094,0,0.0,0.003115,32
76abfa615a0ddc8e,64,0.033234,0,0,0,24,1,3,2.09375,0.116211,0,0.0,0.017262,32
588c9b132982384d,64,0.032738,0,0,0,35,1,3,2.0625,0.121094,0,0.0,0.006998,32
5e04b96aea002657,64,0.033234,0,0,0,33,1,3,2.09375,0.147461,0,0.0,0.004808,32
af624d57e73ee8db,64,0.032738,0,0,0,43,1,3,2.0625,0.121094,0,0.0,0.003134,32
fbc782ad4e682bc7,64,0.033234,0,0,0,23,1,4,2.09375,0.147461,0,0.0,0.016999,32
c0867f7c72e3e000,64,0.032738,0,0,0,26,1,3,2.0625,0.089844,0,0.0,0.010782,32
7fe12309c8d7265b,64,0.033234,0,0,0,35,1,3,2.09375,0.116211,0,0.0,0.00698,32
32130f959d3a6d2e,64,0.032242,0,0,0,44,1,3,2.03125,0.092773,0,0.0,0.003292,32
d98a5e859d3267bc,64,0.032738,1,0,0,42,1,3,2.0625,0.121094,0,0.0,0.003927,32
6c19e7fdd8a56e4b,64,0.033234,0,0,0,29,1,4,2.09375,0.178711,0,0.0,0.008523,32
c6b0fdaaf4e35636,64,0.032242,1,0,0,30,1,3,2.03125,0.092773,0,0.0,0.007444,32
f3fe5066ecda74dc,64,0.032738,0,0,0,36,1,3,2.0625,0.121094,0,0.0,0.006375,32
62e8a0c8b82e9a54,64,0.033234,0,0,0,24,1,4,2.09375,0.178711,0,0.0,0.015392,32
63113909b4f82b86,64,0.032738,1,0,0,31,1,3,2.0625,0.121094,0,0.0,0.009606,32
13f4658cc33eaf85,64,0.033234,0,0,0,21,1,3,2.09375,0.147461,0,0.0,0.01906,32
74ed7af7afb5493b,64,0.032738,0,0,0,21,1,3,2.0625,0.121094,0,0.0,0.021083,32
33f34809ae939083,64,0.033234,0,0,0,33,1,3,2.09375,0.147461,0,0.0,0.00637,32
c42de9d6cffea659,64,0.032242,1,0,0,33,1,3,2.03125,0.092773,0,0.0,0.009606,32
0fdc4030e6feae89,64,0.032738,0,0,0,24,1,4,2.0625,0.152344,0,0.0,0.014795,32
3c04b4dc3cf4ac10,64,0.033234,0,0,0,21,1,3,2.09375,0.147461,0,0.0,0.020631,32
2f96efd98bbe4dfd,64,0.032242,0,0,0,30,1,3,2.03125,0.061523,0,0.0,0.008545,32
792c06a81456490a,64,0.032738,0,0,0,31,1,4,2.0625,0.152344,0,0.0,0.007275,32
cc4e7bb6f7ea1499,64,0.033234,0,0,0,36,1,4,2.09375,0.178711,0,0.0,0.007014,32
7a75cf6e7b0365e0,64,0.032242,1,0,0,48,1,3,2.03125,0.061523,0,0.0,0.003215,32
dc59e4e90d1282b5,64,0.032738,0,0,0,28,1,3,2.0625,0.089844,0,0.0,0.015317,32
53243c9ac39f6dab,64,0.033234,0,0,0,30,1,3,2.09375,0.147461,0,0.0,0.009697,32
ae1e5d5f37d54317,64,0.032738,0,0,0,35,1,3,2.0625,0.089844,0,0.0,0.008949,32
b66f928606382de0,64,0.033234,0,0,1,30,1,4,2.09375,0.178711,0,0.023438,0.009901,32
4b3db2c045a380a0,64,0.032738,0,0,0,22,1,3,2.0625,0.121094,0,0.0,0.018184,32
97d847d48480e572,64,0.033234,0,0,0,33,1,3,2.09375,0.147461,0,0.0,0.005079,32
5105588a141e01b6,64,0.032738,0,0,0,33,1,3,2.0625,0.121094,0,0.0,0.005753,32
4fd6afdb70344c95,64,0.033234,0,0,0,29,1,4,2.09375,0.178711,0,0.0,0.010611,32
0cb65deb458dac41,64,0.032738,0,0,0,37,1,3,2.0625,0.121094,0,0.0,0.004411,32
d70b7f94b6c5f13e,64,0.033234,0,0,0,25,1,4,2.09375,0.178711,0,0.0,0.017642,32
0bf2757e01c6c690,64,0.032242,0,0,0,37,1,4,2.03125,0.124023,0,0.0,0.005328,32
31ec8fe9aa467f54,64,0.032738,0,0,1,44,1,3,2.0625,0.121094,0,0.026042,0.00391,32
18c32c6da5c665d4,64,0.033234,0,0,0,24,1,4,2.09375,0.178711,0,0.0,0.017177,32
77c4d715ce4c2ab5,64,0.032738,0,0,0,40,1,3,2.0625,0.089844,0,0.0,0.004152,32
39a039713736214e,64,0.033234,0,0,0,25,1,3,2.09375,0.116211,0,0.0,0.015724,32
de94293e977a196f,64,0.032738,0,0,0,33,1,3,2.0625,0.121094,0,0.0,0.007688,32
05db5b8fe6dc49c5,64,0.033234,0,0,0,21,1,3,2.09375,0.116211,0,0.0,0.02004,32
6188b7bbfb226e28,64,0.032242,0,0,0,26,1,3,2.03125,0.092773,0,0.0,0.013797,32
617cb969e2942cc0,64,0.032738,0,0,0,33,1,3,2.0625,0.121094,0,0.0,0.007802,32
26677c5f958f7242,64,0.033234,0,0,0,28,1,3,2.09375,0.147461,0,0.0,0.01096,32
c72af8aa36db4747,64,0.033234,0,0,0,27,1,4,2.09375,0.178711,0,0.0,0.010281,32
fd0d433cfd028119,64,0.032242,0,0,0,47,1,3,2.03125,0.092773,0,0.0,0.003402,32
5a26a5ecd0ca553a,64,0.032738,0,0,0,37,1,3,2.0625,0.121094,0,0.0,0.006135,32
f28c93e1196656c6,64,0.033234,0,0,1,47,1,3,2.09375,0.147461,0,0.026042,0.003153,32
a4ba9abb07c260b8,64,0.032738,0,0,1,45,1,3,2.0625,0.121094,0,0.026042,0.003518,32
9cfcec7cbbb71952,64,0.033234,0,0,0,26,1,3,2.09375,0.147461,0,0.0,0.01421,32
c66894e71822596a,64,0.032738,0,0,0,26,1,3,2.0625,0.089844,0,0.0,0.013255,32
6f1381c288eed95e,64,0.033234,0,0,0,33,1,3,2.09375,0.147461,0,0.0,0.008429,32
21d3c0320cc562ca,64,0.032242,0,0,0,50,1,3,2.03125,0.092773,0,0.0,0.00275,32
7a2a6a4dfe727d80,64,0.032738,0,0,0,32,1,3,2.0625,0.121094,0,0.0,0.007811,32
7fc370640027553b,64,0.033234,0,0,0,24,1,3,2.09375,0.147461,0,0.0,0.017994,32
0b0a6c75da78cf97,64,0.032738,1,0,0,36,1,3,2.0625,0.089844,0,0.0,0.007075,32
753309b4aa76c0e9,64,0.033234,0,0,0,30,1,3,2.09375,0.147461,0,0.0,0.00908,32
735e85e3b4f91bbe,64,0.032738,0,0,0,30,1,4,2.0625,0.152344,0,0.0,0.010651,32
60d26ee564d9b548,64,0.033234,0,0,0,31,1,3,2.09375,0.147461,0,0.0,0.007631,32
eaf732d902f6273d,64,0.033234,0,0,0,23,1,4,2.09375,0.178711,0,0.0,0.020268,32
17942c9f6f1eb80b,64,0.032242,0,0,0,29,1,3,2.03125,0.092773,0,0.0,0.010819,32
0afcbc39f456bd4e,64,0.032738,0,0,0,25,1,3,2.0625,0.121094,0,0.0,0.019676,32
ba38377a357ca16b,64,0.033234,0,0,0,24,1,4,2.09375,0.147461,0,0.0,0.014961,32
448733a363d7f51f,64,0.031746,0,0,1,62,1,3,2.0,0.03125,0,0.036458,0.00241,32
1ed0844477400f07,64,0.032738,1,0,0,29,1,4,2.0625,0.121094,0,0.0,0.008383,32
5c069c2ed731d6d3,64,0.033234,0,0,0,24,1,4,2.09375,0.178711,0,0.0,0.016218,32
6e19cd2691959eab,64,0.032738,0,0,0,25,1,3,2.0625,0.121094,0,0.0,0.015869,32
91f5185e0382fa1f,64,0.033234,0,0,0,21,1,3,2.09375,0.147461,0,0.0,0.020869,32
c8643b5aa96da911,64,0.032242,0,0,0,40,1,3,2.03125,0.092773,0,0.0,0.004127,32
3f6212bf79915192,64,0.032738,0,0,0,39,1,3,2.0625,0.121094,0,0.0,0.006783,32
acc49558b0e52387,64,0.033234,0,0,1,27,1,3,2.09375,0.116211,0,0.026042,0.015851,32
207b92e1fca37ead,64,0.032738,0,0,0,31,1,3,2.0625,0.121094,0,0.0,0.011096,32
ce2212960295e963,64,0.033234,0,0,0,27,1,3,2.09375,0.147461,0,0.0,0.009529,32
a0d02d9cb3299da6,64,0.032242,1,0,0,51,1,3,2.03125,0.061523,0,0.0,0.002877,32
2d5144fc5a555692,64,0.032738,0,0,0,36,1,3,2.0625,0.121094,0,0.0,0.006656,32
4d7b5f17d6f81b99,64,0.033234,0,0,0,20,1,3,2.09375,0.147461,0,0.0,0.01972,32
296fbb0354c17f87,64,0.032242,0,0,1,59,1,3,2.03125,0.092773,0,0.026042,0.002499,32
0baf9c6cedef1fd0,64,0.032738,0,0,0,30,1,3,2.0625,0.121094,0,0.0,0.008219,32
0415c62e61c3b728,64,0.033234,0,0,0,20,1,3,2.09375,0.147461,0,0.0,0.024226,32
e3d42e0f0bf23281,64,0.033234,0,0,0,41,1,3,2.09375,0.147461,0,0.0,0.004894,32
80258a79b1dbbbf6,64,0.032242,0,0,0,27,1,3,2.03125,0.092773,0,0.0,0.012876,32
d9ff8e15d0564c21,64,0.032738,0,0,0,21,1,3,2.0625,0.121094,0,0.0,0.023132,32
4fbea0cb3ebf0f03,64,0.033234,0,0,1,25,1,3,2.09375,0.147461,0,0.026042,0.009725,32
18165700e3631041,64,0.032242,0,0,0,44,1,3,2.03125,0.092773,0,0.0,0.00356,32
411a5f6c3d429a0b,64,0.032738,0,0,0,43,1,3,2.0625,0.121094,0,0.0,0.005428,32
e81c228dd3001cb0,64,0.033234,1,0,0,29,1,3,2.09375,0.147461,0,0.0,0.011474,32
60c34b0dffcbce86,64,0.032738,0,0,0,38,1,3,2.0625,0.121094,0,0.0,0.005565,32
d1447af26bd94207,64,0.033234,0,0,1,28,1,4,2.09375,0.178711,0,0.013021,0.006654,32
922a944dbe6481d3,64,0.032738,0,0,1,35,1,4,2.0625,0.152344,0,0.013021,0.007404,32
2c6eb9c926c27dd1,64,0.033234,0,0,1,34,1,4,2.09375,0.178711,0,0.026042,0.006965,32
20dd7dacfba03722,64,0.032738,1,0,0,38,1,3,2.0625,0.121094,0,0.0,0.003837,32
e829c00c66e6eadf,64,0.033234,0,0,0,24,1,3,2.09375,0.147461,0,0.0,0.015498,32
89805c936e7b8173,64,0.032738,0,0,0,28,1,3,2.0625,0.121094,0,0.0,0.009733,32
474925b03bb2dc77,64,0.033234,1,0,0,25,1,4,2.09375,0.178711,0,0.0,0.018064,32
96743a3aaad643d1,64,0.032242,0,0,0,31,1,3,2.03125,0.092773,0,0.0,0.007746,32
660637ffbe78aafa,64,0.032738,0,0,0,44,1,3,2.0625,0.121094,0,0.0,0.00337,32
b5105ed606684cf0,64,0.033234,0,0,0,40,1,3,2.09375,0.116211,0,0.0,0.004872,32
baf5d9fef4b021be,64,0.032738,1,0,0,33,1,3,2.0625,0.121094,0,0.0,0.006674,32
ce12b8d5f0fd61b9,64,0.033234,0,0,0,29,1,3,2.09375,0.147461,0,0.0,0.009607,32
a68fb2405a1bef99,64,0.032738,0,0,0,35,1,3,2.0625,0.121094,0,0.0,0.005633,32
36a364a341c50eec,64,0.033234,0,0,0,27,1,4,2.09375,0.178711,0,0.0,0.013541,32
9e3ee75f471664a0,64,0.032738,0,0,0,26,1,3,2.0625,0.121094,0,0.0,0.014205,32
74969c90ef5e4d37,64,0.033234,0,0,0,20,1,4,2.09375,0.147461,0,0.0,0.022416,32
bb9dcb0277c9f33b,64,0.032242,0,0,1,32,1,3,2.03125,0.092773,0,0.026042,0.009636,32
5a01fc65e0c7ea5a,64,0.032738,0,0,0,23,1,4,2.0625,0.152344,0,0.0,0.017886,32
a07c4a42b5565de4,64,0.033234,0,0,0,40,1,3,2.09375,0.116211,0,0.0,0.004029,32
6903471d801e875c,64,0.032738,0,0,0,25,1,4,2.0625,0.152344,0,0.0,0.012885,32
63ebf1b3422b802b,64,0.033234,0,0,0,24,1,4,2.09375,0.178711,0,0.0,0.013113,32
6737caa80c0329b0,64,0.032242,0,0,1,47,1,3,2.03125,0.092773,0,0.026042,0.003075,32
5b5afc30e26e8694,64,0.032738,0,0,0,44,1,4,2.0625,0.152344,0,0.0,0.003279,32
b8d262c8791b0e18,64,0.033234,0,0,0,34,1,3,2.09375,0.147461,0,0.0,0.007116,32
49571efa2e660bcb,64,0.032738,0,0,0,23,1,3,2.0625,0.089844,0,0.0,0.016731,32
930f52344af3d750,64,0.033234,0,0,0,31,1,3,2.09375,0.147461,0,0.0,0.01079,32
24e6ad96e37fe66b,64,0.032738,0,0,0,26,1,3,2.0625,0.121094,0,0.0,0.012532,32
318a03fef93d3a62,64,0.033234,1,0,0,19,1,3,2.09375,0.116211,0,0.0,0.026429,32
0f590d05dc94c20e,64,0.032738,0,0,0,38,1,3,2.0625,0.121094,0,0.0,0.008803,32
655ddd8e04ebb516,64,0.033234,0,0,0,23,1,4,2.09375,0.178711,0,0.0,0.01536,32
5561ff828c8eab44,64,0.032738,0,0,0,29,1,3,2.0625,0.121094,0,0.0,0.01283,32
3ffb6465bc94e8ce,64,0.033234,0,0,0,33,1,3,2.09375,0.116211,0,0.0,0.00733,32
e4d301ddf9168a70,64,0.032738,0,0,0,36,1,3,2.0625,0.121094,0,0.0,0.004789,32
57106e5676b9a387,64,0.033234,0,0,0,22,1,3,2.09375,0.147461,0,0.0,0.023588,32
4c7942bc666e200f,64,0.032738,0,0,0,24,1,3,2.0625,0.121094,0,0.0,0.012726,32
5db3f20cd771fb06,64,0.033234,0,0,0,28,1,3,2.09375,0.147461,0,0.0,0.008277,32
e0f8470668ccb38a,64,0.033234,0,0,0,29,1,3,2.09375,0.147461,0,0.0,0.008911,32
390a07786dd1a398,64,0.032738,0,0,0,41,1,4,2.0625,0.152344,0,0.0,0.004432,32
d6402c135beb1df5,64,0.033234,0,0,0,33,1,3,2.09375,0.147461,0,0.0,0.00642,32
1b780c444b9404de,64,0.032738,0,0,0,30,1,3,2.0625,0.121094,0,0.0,0.009308,32
97b6538e621cc360,64,0.033234,0,0,0,32,1,3,2.09375,0.147461,0,0.0,0.01338,32
0d9b26af7cd7e890,64,0.033234,0,0,1,35,1,3,2.09375,0.147461,0,0.026042,0.010516,32
fb1a5ae0e70ae51c,64,0.032738,0,0,0,25,1,4,2.0625,0.152344,0,0.0,0.018444,32
f02097730f70547a,64,0.033234,0,0,0,21,1,4,2.09375,0.178711,0,0.0,0.02338,32
08bde770d37277f5,64,0.032242,0,0,0,28,1,3,2.03125,0.092773,0,0.0,0.013605,32
017a2a7e5665deef,64,0.032738,0,0,0,25,1,3,2.0625,0.121094,0,0.0,0.016191,32
950ed8b756ba9c66,64,0.033234,0,0,1,32,1,3,2.09375,0.147461,0,0.026042,0.005252,32
aa25c9e0b5e9a41a,64,0.032738,0,0,0,33,1,3,2.0625,0.121094,0,0.0,0.00868,32
4f95eb8ad85e7fa8,64,0.033234,0,0,0,24,1,5,2.09375,0.241211,0,0.0,0.012848,32
47f01a8809488472,64,0.032738,0,0,0,28,1,3,2.0625,0.089844,0,0.0,0.011371,32
cd9e5a1163efb472,64,0.033234,0,0,0,26,1,4,2.09375,0.178711,0,0.0,0.009354,32
33aaa946be722334,64,0.032738,0,0,0,25,1,3,2.0625,0.121094,0,0.0,0.017219,32
3427d96fe1c1a167,64,0.033234,0,0,0,19,1,4,2.09375,0.147461,0,0.0,0.032833,32
96e63b5887d0ac52,64,0.032242,1,0,0,39,1,3,2.03125,0.092773,0,0.0,0.004016,32
f1ba4915c8ef0541,64,0.032738,0,0,0,31,1,3,2.0625,0.121094,0,0.0,0.005981,32
27ca95d038ee3863,64,0.033234,0,0,0,24,1,4,2.09375,0.178711,0,0.0,0.014945,32
4215ef16c668d749,64,0.032738,1,0,0,34,1,3,2.0625,0.121094,0,0.0,0.005547,32
651e181b2f91b24b,64,0.033234,0,0,0,35,1,4,2.09375,0.147461,0,0.0,0.008955,32
6ce0ee870e15db47,64,0.032738,0,0,1,27,1,4,2.0625,0.152344,0,0.023438,0.016991,32
1c278d0c6b4db4b7,64,0.033234,0,0,0,23,1,3,2.09375,0.116211,0,0.0,0.0171,32
bef3e908c94255f8,64,0.032242,1,0,0,29,1,3,2.03125,0.092773,0,0.0,0.01142,32
c1754b9a7794fbbe,64,0.032738,0,0,0,26,1,4,2.0625,0.152344,0,0.0,0.014784,32
877eba03242eac58,64,0.033234,0,0,0,24,1,3,2.09375,0.147461,0,0.0,0.022069,32
2553b317177c60bf,64,0.033234,0,0,0,25,1,3,2.09375,0.147461,0,0.0,0.016003,32
7fe0a83c08ece299,64,0.032738,0,0,1,43,1,3,2.0625,0.121094,0,0.026042,0.003701,32
7b9ab64e322b7c80,64,0.033234,0,0,0,20,1,3,2.09375,0.147461,0,0.0,0.022469,32
7447913614ef5f42,64,0.032738,0,0,1,40,1,3,2.0625,0.121094,0,0.026042,0.003396,32
9cf35f77b9d8b16c,64,0.033234,0,0,0,23,1,3,2.09375,0.147461,0,0.0,0.020494,32
028b460225bee357,64,0.032738,0,0,0,24,1,3,2.0625,0.121094,0,0.0,0.015386,32
91b2372e9186c40b,64,0.033234,0,0,0,19,1,5,2.09375,0.241211,0,0.0,0.023661,32
860e6d53822ea5fd,64,0.031746,1,0,0,61,1,3,2.0,0.0625,0,0.0,0.002419,32
3b3ce83a3201ab61,64,0.032738,0,0,0,47,1,3,2.0625,0.121094,0,0.0,0.003818,32
52d61bdc75dd88cf,64,0.033234,0,0,0,25,1,4,2.09375,0.209961,0,0.0,0.013117,32
a1def2b689091883,64,0.032738,0,0,0,32,1,3,2.0625,0.121094,0,0.0,0.009355,32
cc52c78ac94f7647,64,0.033234,0,0,0,27,2,3,2.09375,0.084961,0,0.0,0.012793,32
296242005c7b0a3d,64,0.033234,0,0,0,19,1,3,2.09375,0.116211,0,0.0,0.026673,32
1989a6a42d8f21af,64,0.032738,0,0,0,34,1,3,2.0625,0.121094,0,0.0,0.007542,32
7e8f396d3982a6cc,64,0.033234,0,0,0,24,1,3,2.09375,0.147461,0,0.0,0.012905,32
92258fb0ab027ae1,64,0.032738,0,0,1,29,1,3,2.0625,0.121094,0,0.026042,0.009132,32
9acae6bbe80e58a6,64,0.033234,0,0,0,24,1,3,2.09375,0.147461,0,0.0,0.018458,32
c452f835cdf0ccb4,64,0.031746,0,0,1,62,1,3,2.0,0.0625,0,0.026042,0.002414,32
96454a4cae70b40e,64,0.032738,0,0,0,35,1,3,2.0625,0.121094,0,0.0,0.008,32
39112b41994f7fa5,64,0.033234,0,0,0,24,1,3,2.09375,0.116211,0,0.0,0.013861,32
b0ac85a68e85fee9,64,0.032738,0,0,0,28,1,3,2.0625,0.089844,0,0.0,0.010788,32
63548d6ec8a4058e,64,0.033234,0,0,0,24,1,4,2.09375,0.178711,0,0.0,0.010101,32
f46db27e63b66be8,64,0.032738,0,0,0,31,1,4,2.0625,0.152344,0,0.0,0.007112,32
f217070bd1655f93,64,0.033234,0,0,0,27,1,3,2.09375,0.116211,0,0.0,0.012014,32
afdfbe58ad0d2727,64,0.032738,1,0,0,39,1,4,2.0625,0.152344,0,0.0,0.004138,32
2485d8a0cc3773fd,64,0.033234,0,0,0,28,1,3,2.09375,0.147461,0,0.0,0.010221,32
cb14f1ed3c81ac0a,64,0.032242,0,0,0,38,1,3,2.03125,0.092773,0,0.0,0.005143,32
8c2ea1324e63a040,64,0.032738,0,0,0,24,1,4,2.0625,0.152344,0,0.0,0.01585,32
b4e04aa670932b97,64,0.033234,0,0,0,22,1,4,2.09375,0.178711,0,0.0,0.017326,32
891e6a9bd5224f9b,64,0.032738,0,0,0,20,1,3,2.0625,0.089844,0,0.0,0.027138,32
b03a26eb05aed919,64,0.033234,0,0,0,24,1,3,2.09375,0.147461,0,0.0,0.018239,32
e846db01ddb15386,64,0.032738,0,0,1,38,1,3,2.0625,0.121094,0,0.026042,0.005017,32
45cc870e82e2b462,64,0.033234,0,0,0,25,1,3,2.09375,0.147461,0,0.0,0.015241,32
013be06bbcad2d47,64,0.033234,0,0,0,22,1,3,2.09375,0.147461,0,0.0,0.020753,32
fb1d61582411b649,64,0.032738,0,0,0,35,1,3,2.0625,0.121094,0,0.0,0.006004,32
5ea73d383defd281,64,0.033234,0,0,0,27,1,3,2.09375,0.147461,0,0.0,0.013983,32
e5ae29946ede5800,64,0.032738,0,0,0,25,1,3,2.0625,0.121094,0,0.0,0.017622,32
ba360d6b7e0431c8,64,0.033234,0,0,0,45,1,4,2.09375,0.209961,0,0.0,0.003637,32
34bb103c3da51f20,64,0.032242,0,0,0,55,1,3,2.03125,0.092773,0,0.0,0.002755,32
7b89b8fc3de456dd,64,0.032738,0,0,0,42,1,3,2.0625,0.089844,0,0.0,0.004066,32
8b00ab7272a219dc,64,0.033234,0,0,0,27,1,3,2.09375,0.147461,0,0.0,0.011937,32
579f3bd15d0d41fc,64,0.032738,0,0,0,35,1,3,2.0625,0.121094,0,0.0,0.005965,32
ec5a1fcc5165a7a4,64,0.033234,0,0,0,29,1,3,2.09375,0.147461,0,0.0,0.009075,32
34dccfc2677152c5,64,0.032738,0,0,0,33,1,3,2.0625,0.121094,0,0.0,0.004368,32
387a273b1dbf0a86,64,0.033234,0,0,0,27,1,3,2.09375,0.116211,0,0.0,0.016707,32
a7d708600cb69a95,64,0.032738,0,0,1,39,1,4,2.0625,0.152344,0,0.026042,0.004983,32
ad6e2037b5160bf2,64,0.033234,0,0,0,23,1,3,2.09375,0.147461,0,0.0,0.020128,32
69110a3a4ef07de8,64,0.032738,0,0,0,33,1,4,2.0625,0.152344,0,0.0,0.008251,32
cd70eb67524f5bbe,64,0.033234,0,0,0,28,1,4,2.09375,0.178711,0,0.0,0.011344,32
08d9863ee13f41ee,64,0.032738,0,0,0,29,1,3,2.0625,0.121094,0,0.0,0.010671,32
74f45d9cd8a3bb3e,64,0.033234,0,0,0,36,1,4,2.09375,0.147461,0,0.0,0.004856,32
f015c567a901206c,64,0.032738,0,0,0,29,1,3,2.0625,0.121094,0,0.0,0.012465,32
62775c2e3ca78d5c,64,0.033234,0,0,0,37,1,3,2.09375,0.147461,0,0.0,0.006985,32
946d5ad3187ca754,64,0.032738,0,0,0,27,1,3,2.0625,0.121094,0,0.0,0.012731,32
f2b3acb175b20db9,64,0.033234,0,0,0,18,1,4,2.09375,0.209961,0,0.0,0.031498,32
09a0cd7cfc98c199,64,0.032738,0,0,0,26,1,3,2.0625,0.121094,0,0.0,0.017362,32
c279a43f0b3b9d5a,64,0.033234,0,0,1,25,1,3,2.09375,0.147461,0,0.026042,0.01532,32
37827e64fdbb5ec3,64,0.032242,0,0,1,34,1,3,2.03125,0.092773,0,0.026042,0.008964,32
2291a369b30ef834,64,0.032738,0,0,0,28,1,3,2.0625,0.121094,0,0.0,0.011293,32
5e811226b8bc551f,64,0.033234,1,0,0,22,1,3,2.09375,0.147461,0,0.0,0.01712,32
8402eed2872bcb04,64,0.032242,0,0,0,29,1,3,2.03125,0.092773,0,0.0,0.011235,32
41235e0bb2529593,64,0.032738,0,0,0,27,1,3,2.0625,0.121094,0,0.0,0.01952,32
37cd576d6a0bad6f,64,0.033234,0,0,0,29,1,3,2.09375,0.147461,0,0.0,0.008751,32
270e933365c4fc3a,64,0.032242,0,0,0,52,1,3,2.03125,0.061523,0,0.0,0.002722,32
ded9258ec8fbe788,64,0.032738,0,0,0,23,1,4,2.0625,0.183594,0,0.0,0.017078,32
8d8287d33ad7238e,64,0.033234,0,0,0,27,1,3,2.09375,0.147461,0,0.0,0.012165,32
aa5462e64620d178,64,0.032242,0,0,0,41,1,3,2.03125,0.092773,0,0.0,0.003854,32
1ec95ed886e0de9f,64,0.032738,1,0,0,37,1,3,2.0625,0.121094,0,0.0,0.006204,32
40926a46d3d1691e,64,0.033234,0,0,0,26,1,3,2.09375,0.147461,0,0.0,0.013321,32
92811f5c38724b82,64,0.032738,0,0,0,42,1,4,2.0625,0.152344,0,0.0,0.004065,32
0ecf741e9e7e2589,64,0.033234,1,0,0,23,1,3,2.09375,0.116211,0,0.0,0.016975,32
6ee6d9daf7eba5ab,64,0.032738,0,0,0,25,1,4,2.0625,0.152344,0,0.0,0.013119,32
71460b0d3f0fe82d,64,0.033234,0,0,0,25,1,3,2.09375,0.147461,0,0.0,0.008548,32
26c76ea43f12bb8a,64,0.032738,0,0,0,29,1,3,2.0625,0.089844,0,0.0,0.009733,32
a02aacf075e568be,64,0.033234,0,0,0,34,1,3,2.09375,0.147461,0,0.0,0.005313,32
caa368aa0587eede,64,0.032738,0,0,0,35,1,3,2.0625,0.121094,0,0.0,0.004417,32
4b9e82bf54263ba1,64,0.033234,0,0,0,31,1,3,2.09375,0.147461,0,0.0,0.007695,32
3e85f588d1db26e2,64,0.032242,0,0,0,40,1,3,2.03125,0.092773,0,0.0,0.00527,32
1db198ea9551eb24,64,0.033234,1,0,0,20,1,4,2.09375,0.209961,0,0.0,0.02509,32
3c73062a1487c3af,64,0.032738,0,0,0,36,1,4,2.0625,0.152344,0,0.0,0.004682,32
3538e482135cf0c5,64,0.033234,0,0,0,24,1,4,2.09375,0.178711,0,0.0,0.015269,32
7fca176013d8004c,64,0.032738,0,0,0,30,1,3,2.0625,0.121094,0,0.0,0.009591,32
275891a54554a06b,64,0.033234,0,0,0,21,1,3,2.09375,0.147461,0,0.0,0.017803,32
469d706f132c86e1,64,0.032738,0,0,0,37,1,3,2.0625,0.121094,0,0.0,0.005757,32
55ee89dbd773a706,64,0.033234,0,0,0,38,1,3,2.09375,0.147461,0,0.0,0.003708,32
13d8e354125065db,64,0.032738,0,0,0,30,1,3,2.0625,0.121094,0,0.0,0.008867,32
3fcd545ea5196f9b,64,0.033234,0,0,0,40,1,4,2.09375,0.178711,0,0.0,0.004861,32
7f8ad5b143d30718,64,0.032738,0,0,0,26,1,3,2.0625,0.121094,0,0.0,0.017089,32
a549df8c4ab509b7,64,0.033234,0,0,0,25,1,3,2.09375,0.116211,0,0.0,0.015491,32
f286c27c29f779aa,64,0.032738,0,0,0,30,1,3,2.0625,0.121094,0,0.0,0.008124,32
d894456cdf0a0765,64,0.033234,0,0,1,41,1,3,2.09375,0.147461,0,0.026042,0.003897,32
ae408753609271ec,64,0.032738,0,0,0,23,1,3,2.0625,0.121094,0,0.0,0.01586,32
df8f6d3bb9c2a33c,64,0.033234,0,0,0,27,1,3,2.09375,0.116211,0,0.0,0.012927,32
a74a63f8b13c7506,64,0.032738,0,0,0,35,1,3,2.0625,0.121094,0,0.0,0.005275,32
124aaf84a2bdca85,64,0.033234,0,0,0,28,1,3,2.09375,0.147461,0,0.0,0.013457,32
05f26523bd781d93,64,0.032242,0,0,0,39,1,3,2.03125,0.092773,0,0.0,0.004866,32
5e228988a28a216a,64,0.032738,1,0,0,26,1,3,2.0625,0.121094,0,0.0,0.013921,32
bd1e6bec2aa3075e,64,0.033234,0,0,0,24,1,3,2.09375,0.147461,0,0.0,0.015216,32
8f0af239dcc43836,64,0.033234,0,0,0,26,1,5,2.09375,0.241211,0,0.0,0.016192,32
d8eb9183688e6324,64,0.033234,0,0,0,30,1,3,2.09375,0.147461,0,0.0,0.011972,32
baab9ea133605d62,64,0.032738,0,0,0,33,1,3,2.0625,0.121094,0,0.0,0.009332,32
dd25236e5e0234ba,64,0.033234,0,0,1,24,1,4,2.09375,0.178711,0,0.015625,0.012536,32
b06153a1b999caff,64,0.032242,0,0,1,39,1,3,2.03125,0.092773,0,0.026042,0.005405,32
4a65bdbb88c4232f,64,0.032738,0,0,0,30,1,3,2.0625,0.121094,0,0.0,0.014044,32
02268ceb4cec31b1,64,0.033234,1,0,0,29,1,3,2.09375,0.147461,0,0.0,0.008775,32
2477f4d1a4b49775,64,0.032738,0,0,0,28,1,3,2.0625,0.121094,0,0.0,0.012258,32
5cbbbc2d1e5af036,64,0.033234,0,0,0,24,1,3,2.09375,0.116211,0,0.0,0.018125,32
cb562a36ff97775e,64,0.032738,0,0,0,28,1,3,2.0625,0.121094,0,0.0,0.011051,32
352bb59f6ae93738,64,0.033234,0,0,0,24,1,3,2.09375,0.147461,0,0.0,0.013437,32
bfa4d7c6e559b8d6,64,0.032242,0,0,1,56,1,3,2.03125,0.092773,0,0.026042,0.002474,32
100311fdf8e46ea9,64,0.032738,0,0,0,26,1,3,2.0625,0.121094,0,0.0,0.013407,32
d310b8fcb473bc90,64,0.033234,0,0,1,25,1,3,2.09375,0.147461,0,0.026042,0.012236,32
a49bb0a2a1557fed,64,0.032242,0,0,0,52,1,3,2.03125,0.092773,0,0.0,0.002796,32
f67bda8b73f7c9fe,64,0.033234,0,0,0,20,1,3,2.09375,0.116211,0,0.0,0.026618,32
f3f119967eb3a647,64,0.032242,0,0,0,55,1,3,2.03125,0.092773,0,0.0,0.002498,32
85a3747704fb574d,64,0.032738,0,0,0,37,1,3,2.0625,0.121094,0,0.0,0.005942,32
8c4ca050c3b63e2a,64,0.033234,0,0,0,27,1,4,2.09375,0.147461,0,0.0,0.012629,32
75f7655aa521e6f7,64,0.032738,0,0,0,30,1,3,2.0625,0.121094,0,0.0,0.012341,32
e44f6cc6b98d731f,64,0.033234,0,0,0,24,1,4,2.09375,0.178711,0,0.0,0.014798,32
d64bec405d30f2b8,64,0.032242,1,0,0,25,1,3,2.03125,0.092773,0,0.0,0.018618,32
5aee83900cb68805,64,0.032738,0,0,1,34,1,3,2.0625,0.121094,0,0.026042,0.008441,32
9ffbe98b6e109306,64,0.033234,0,0,0,24,1,3,2.09375,0.147461,0,0.0,0.009522,32
fc9da50894924f1f,64,0.032738,0,0,0,25,1,3,2.0625,0.121094,0,0.0,0.011808,32
7da6df54bcd48b31,64,0.033234,0,0,0,20,1,3,2.09375,0.116211,0,0.0,0.02193,32
d65d17007b603aa4,64,0.032242,0,0,0,38,1,3,2.03125,0.092773,0,0.0,0.006679,32
cc9dcb005f8c22f2,64,0.032738,0,0,0,23,1,4,2.0625,0.152344,0,0.0,0.014971,32
55c255d07bc4ae5a,64,0.033234,0,0,0,24,1,4,2.09375,0.209961,0,0.0,0.016243,32
58bc2c1eb8bf8e59,64,0.032242,0,0,0,49,1,3,2.03125,0.092773,0,0.0,0.002867,32
dd89fc6c6e3bdfe7,64,0.032738,0,0,0,42,1,3,2.0625,0.121094,0,0.0,0.004944,32
05f4d4fccbaa13a4,64,0.033234,0,0,0,24,1,3,2.09375,0.116211,0,0.0,0.019327,32
a15c929129db6e4d,64,0.032738,0,0,0,23,1,3,2.0625,0.121094,0,0.0,0.019728,32
1c6603432e86e418,64,0.033234,0,0,0,28,1,4,2.09375,0.178711,0,0.0,0.009841,32
f1408bef14d17d8c,64,0.032738,0,0,0,27,1,3,2.0625,0.121094,0,0.0,0.012688,32
bfddd0a6f6272c92,64,0.033234,0,0,0,25,1,3,2.09375,0.147461,0,0.0,0.012353,32
fc00c1d879da8ef0,64,0.032242,0,0,1,36,1,3,2.03125,0.061523,0,0.036458,0.006962,32
3a233c02e1243c94,64,0.032738,0,0,1,32,1,3,2.0625,0.121094,0,0.026042,0.00968,32
b8a509f18660cd6f,64,0.033234,0,0,1,31,1,4,2.09375,0.178711,0,0.013021,0.008217,32
32f4818b981dfb3b,64,0.032738,0,0,0,40,1,3,2.0625,0.121094,0,0.0,0.005749,32
db441f4124ecfdc0,64,0.033234,0,0,0,23,1,3,2.09375,0.147461,0,0.0,0.014127,32
316ffe9991358fa9,64,0.032738,0,0,0,33,1,3,2.0625,0.121094,0,0.0,0.004589,32
7260b6a320a747ca,64,0.032738,0,0,0,35,1,4,2.0625,0.152344,0,0.0,0.00696,32
9556d328600a5e67,64,0.033234,0,0,0,21,1,3,2.09375,0.147461,0,0.0,0.020796,32
0f9b535b216380a2,64,0.032738,0,0,0,24,1,3,2.0625,0.121094,0,0.0,0.015344,32
20fac5d456cf2943,64,0.033234,0,0,0,25,1,3,2.09375,0.116211,0,0.0,0.013897,32
c88a8a13692784d7,64,0.033234,0,0,0,28,1,4,2.09375,0.178711,0,0.0,0.010857,32
5b1fc6b8accf7829,64,0.032242,0,0,0,39,1,3,2.03125,0.092773,0,0.0,0.005312,32
8dcf50d5cd85c0fa,64,0.032738,1,0,0,32,1,3,2.0625,0.121094,0,0.0,0.007592,32
802ad8854d25eea8,64,0.033234,0,0,0,25,1,3,2.09375,0.116211,0,0.0,0.008686,32
15c6c6c4760dee67,64,0.032738,0,0,1,26,1,4,2.0625,0.152344,0,0.013021,0.011815,32
a80c25ab4a909fc5,64,0.033234,0,0,2,23,1,4,2.09375,0.147461,0,0.049479,0.019687,32
4f29741d1e81f55a,64,0.032738,0,0,0,28,1,3,2.0625,0.121094,0,0.0,0.014315,32
3db1ebc8c6f57e57,64,0.033234,0,0,0,24,1,3,2.09375,0.116211,0,0.0,0.018138,32
b6a917a459e67f8d,64,0.032242,1,0,0,40,1,3,2.03125,0.092773,0,0.0,0.004541,32
18ed0d80233f527f,64,0.032738,0,0,0,27,1,4,2.0625,0.152344,0,0.0,0.010967,32
4e1a57eef2d79be8,64,0.033234,0,0,0,36,1,3,2.09375,0.147461,0,0.0,0.007652,32
6a73e255d72780e9,64,0.032242,1,0,0,40,1,3,2.03125,0.092773,0,0.0,0.003474,32
5e059d7eb97a95af,64,0.032738,0,0,0,28,1,4,2.0625,0.152344,0,0.0,0.009197,32
7ca23ee86c3d5287,64,0.033234,0,0,0,23,1,4,2.09375,0.178711,0,0.0,0.016555,32
583701bf1a116379,64,0.032738,0,0,0,45,1,3,2.0625,0.121094,0,0.0,0.004207,32
9959e3a6f5117dfc,64,0.033234,0,0,0,23,1,3,2.09375,0.147461,0,0.0,0.01898,32
8e9480398393d0cb,64,0.032242,0,0,1,55,1,3,2.03125,0.092773,0,0.026042,0.003156,32
6f5557d9349e79b8,64,0.032738,0,0,0,28,1,3,2.0625,0.089844,0,0.0,0.014153,32
51cbc26afb2f90e5,64,0.033234,0,0,0,31,1,3,2.09375,0.147461,0,0.0,0.004496,32
73d40a7b191f231f,64,0.033234,0,0,0,44,1,3,2.09375,0.116211,0,0.0,0.003869,32
2c75c3b64f547653,64,0.031746,0,0,0,59,1,3,2.0,0.0625,0,0.0,0.002427,32
4218ce35cd4f3925,64,0.032738,0,0,0,34,1,3,2.0625,0.121094,0,0.0,0.004743,32
5ed9d41502adabe3,64,0.033234,0,0,0,25,1,5,2.09375,0.241211,0,0.0,0.011906,32
4ac094f23c02c993,64,0.032242,1,0,0,53,1,3,2.03125,0.092773,0,0.0,0.002624,32
9c4c6197e34d0d79,64,0.032738,1,0,0,25,1,3,2.0625,0.121094,0,0.0,0.012615,32
99fa92ec4cc2edfd,64,0.033234,0,0,0,21,1,3,2.09375,0.116211,0,0.0,0.02499,32
2719a39c91cc7d72,64,0.032738,0,0,0,38,1,3,2.0625,0.121094,0,0.0,0.006244,32
7090f24669c33db9,64,0.033234,0,0,0,37,1,3,2.09375,0.116211,0,0.0,0.005525,32
03c38f1913f40372,64,0.032242,0,0,0,31,1,3,2.03125,0.092773,0,0.0,0.010644,32
7b2ba0b2a9f483b1,64,0.032738,0,0,0,25,1,3,2.0625,0.121094,0,0.0,0.01036,32
60fae907efaf242b,64,0.033234,0,0,0,41,1,4,2.09375,0.178711,0,0.0,0.004598,32
83e484155ba01a94,64,0.033234,0,0,1,30,1,4,2.09375,0.178711,0,0.023438,0.007279,32
2c06cecfc7ccd3e8,64,0.032738,0,0,0,33,1,3,2.0625,0.121094,0,0.0,0.005181,32
bdb19301bc55e4fe,64,0.033234,0,0,0,23,1,3,2.09375,0.147461,0,0.0,0.016366,32
290458ab7f5e4fb3,64,0.032738,0,0,0,27,1,3,2.0625,0.121094,0,0.0,0.012979,32
59f76cb5d4b5a577,64,0.033234,0,0,1,24,1,3,2.09375,0.116211,0,0.015625,0.014163,32
e0379b96c4ca66e9,64,0.033234,0,0,0,26,1,3,2.09375,0.147461,0,0.0,0.011697,32
43199c1452cb06d7,64,0.032738,0,0,0,34,1,3,2.0625,0.121094,0,0.0,0.004692,32
7f987efb5e1744ce,64,0.033234,0,0,0,26,1,3,2.09375,0.147461,0,0.0,0.014366,32
f811045353d472c5,64,0.032738,0,0,0,24,1,3,2.0625,0.089844,0,0.0,0.016199,32
2e358908a9681635,64,0.033234,0,0,0,22,1,4,2.09375,0.178711,0,0.0,0.011612,32
090822fba6bda6de,64,0.031746,1,0,0,61,1,3,2.0,0.0625,0,0.0,0.002413,32
8854160c50169380,64,0.032242,0,0,0,42,1,3,2.03125,0.092773,0,0.0,0.004043,32
972bbaa629b670b0,64,0.032738,0,0,0,25,1,4,2.0625,0.152344,0,0.0,0.010865,32
e2a2ed7543ba2828,64,0.033234,0,0,0,27,1,4,2.09375,0.178711,0,0.0,0.011613,32
636ba938848b16d8,64,0.032738,0,0,0,37,1,4,2.0625,0.152344,0,0.0,0.004259,32
654a12ea8e36bcf2,64,0.033234,0,0,0,20,1,3,2.09375,0.147461,0,0.0,0.022035,32
8780f703d6e0cd0f,64,0.032738,0,0,0,32,1,3,2.0625,0.121094,0,0.0,0.004852,32
604910036bed7745,64,0.033234,1,0,0,26,1,4,2.09375,0.178711,0,0.0,0.01246,32
b7c932ca4d1464cc,64,0.032242,0,0,1,50,1,3,2.03125,0.061523,0,0.026042,0.003,32
4554c55e9a7aba71,64,0.032738,0,0,0,22,1,3,2.0625,0.121094,0,0.0,0.017792,32
5729992a9d4e7208,64,0.033234,0,0,1,28,1,3,2.09375,0.147461,0,0.026042,0.011434,32
d8dd841d722f144c,64,0.033234,1,0,0,23,1,4,2.09375,0.178711,0,0.0,0.020528,32
12190e03d0458590,64,0.032738,0,0,0,22,1,3,2.0625,0.121094,0,0.0,0.016404,32
c571fef4faf8d302,64,0.033234,0,0,0,28,1,3,2.09375,0.147461,0,0.0,0.009653,32
de674687a2940d63,64,0.032242,1,0,0,28,1,3,2.03125,0.092773,0,0.0,0.011233,32
5b1049316c7db4bc,64,0.032738,0,0,0,33,1,4,2.0625,0.152344,0,0.0,0.007838,32
1092bdfe2383a40b,64,0.033234,0,0,0,25,1,3,2.09375,0.116211,0,0.0,0.016225,32
78ddaad5f369e378,64,0.033234,0,0,1,23,1,4,2.09375,0.178711,0,0.013021,0.018623,32
ba3000c3131d1b0e,64,0.032738,0,0,0,33,1,3,2.0625,0.121094,0,0.0,0.009344,32
011bf4585176a1c8,64,0.033234,0,0,0,22,1,3,2.09375,0.147461,0,0.0,0.019192,32
0476b509ac7cea3b,64,0.031746,1,0,0,32,1,3,2.0,0.0625,0,0.0,0.009631,32
9bb7ed2390e7b3f4,64,0.033234,0,0,1,29,1,4,2.09375,0.178711,0,0.023438,0.008626,32
0365f52da456ee87,64,0.032738,0,0,1,47,1,3,2.0625,0.089844,0,0.036458,0.003475,32
111ffaeec90eeb5c,64,0.033234,0,0,0,25,1,4,2.09375,0.178711,0,0.0,0.014583,32
ba3005cab6f90c4c,64,0.032738,0,0,0,28,1,3,2.0625,0.121094,0,0.0,0.011553,32
a5b56ef285a9386f,64,0.033234,0,0,0,35,1,4,2.09375,0.178711,0,0.0,0.004649,32
c21e4e2c90e6882b,64,0.033234,0,0,0,34,1,4,2.09375,0.178711,0,0.0,0.005441,32
ce7c883f5c3abe11,64,0.032738,0,0,0,25,1,3,2.0625,0.121094,0,0.0,0.012203,32
34ed626e91393258,64,0.033234,0,0,0,25,1,4,2.09375,0.147461,0,0.0,0.011984,32
4088550c54300d34,64,0.032738,0,0,1,52,1,3,2.0625,0.121094,0,0.026042,0.002962,32
87d35fe2a79d0c52,64,0.033234,0,0,0,20,1,4,2.09375,0.147461,0,0.0,0.022253,32
4a4dbf04b5ebdcac,64,0.031746,0,0,0,58,1,3,2.0,0.0625,0,0.0,0.002457,32
8731affa7f92b01e,64,0.032242,0,0,0,31,2,3,2.03125,0.030273,0,0.0,0.009715,32
5a7d3c25f58630a6,64,0.032738,0,0,0,24,1,3,2.0625,0.121094,0,0.0,0.012493,32
0d994f0a82fa932c,64,0.033234,0,0,0,19,1,4,2.09375,0.178711,0,0.0,0.022224,32
e7980f49f5a98aa8,64,0.032738,0,0,0,33,1,3,2.0625,0.121094,0,0.0,0.007475,32
171e38eddbb937c3,64,0.033234,0,0,0,23,1,3,2.09375,0.147461,0,0.0,0.018266,32
32f55a2264ac87b6,64,0.033234,0,0,0,23,1,4,2.09375,0.178711,0,0.0,0.018205,32
e87d38999ae89f18,64,0.032738,0,0,0,27,1,3,2.0625,0.121094,0,0.0,0.016126,32
90b3dc7aa7b7e797,64,0.033234,0,0,0,30,1,3,2.09375,0.147461,0,0.0,0.010472,32
26b5f816933ebfd8,64,0.032738,0,0,0,26,1,3,2.0625,0.089844,0,0.0,0.011712,32
563f2c22fd8eccf9,64,0.033234,0,0,0,30,1,3,2.09375,0.147461,0,0.0,0.009724,32
d5e5e4b048b16374,64,0.031746,0,0,0,61,1,3,2.0,0.03125,0,0.0,0.002413,32
18b0aa4dca11854b,64,0.032738,0,0,1,22,1,3,2.0625,0.121094,0,0.026042,0.01864,32
53dc2eb1c6e08e80,64,0.033234,0,0,0,31,1,3,2.09375,0.147461,0,0.0,0.01097,32
1b9e476b56792e86,64,0.032738,0,0,0,32,1,4,2.0625,0.152344,0,0.0,0.006342,32
d316427af77772d4,64,0.033234,0,0,0,24,1,3,2.09375,0.147461,0,0.0,0.012043,32
fb1813b981942d30,64,0.032738,0,0,1,40,1,3,2.0625,0.089844,0,0.026042,0.005352,32
f04867620d9edea1,64,0.033234,0,0,0,27,1,3,2.09375,0.147461,0,0.0,0.009834,32
943be9943b841104,64,0.032738,0,0,0,25,1,3,2.0625,0.121094,0,0.0,0.017927,32
65406bae3592a82c,64,0.033234,0,0,0,22,1,4,2.09375,0.178711,0,0.0,0.016015,32
05d168998f10e8d2,64,0.032738,0,0,0,42,1,3,2.0625,0.089844,0,0.0,0.0033,32
9c964df78bae6d2e,64,0.033234,0,0,0,27,1,3,2.09375,0.147461,0,0.0,0.014669,32
af73a2386436da85,64,0.033234,0,0,0,26,1,4,2.09375,0.178711,0,0.0,0.012702,32
a0552d8e1823971a,64,0.032738,0,0,0,26,1,3,2.0625,0.121094,0,0.0,0.015322,32
4dd775a78a6a5581,64,0.033234,0,0,0,20,1,4,2.09375,0.178711,0,0.0,0.021817,32
0018894e3cf763a6,64,0.032738,0,0,0,34,1,3,2.0625,0.089844,0,0.0,0.004862,32
d6e0019f7662ee16,64,0.033234,0,0,1,37,1,3,2.09375,0.147461,0,0.026042,0.007617,32
eb825a41203401db,64,0.033234,0,0,0,22,1,3,2.09375,0.147461,0,0.0,0.011394,32
f8f61cc68b2bcd65,64,0.032738,0,0,1,53,1,3,2.0625,0.089844,0,0.026042,0.002785,32
22d6b504c6129d49,64,0.033234,1,0,0,27,1,3,2.09375,0.147461,0,0.0,0.013171,32
31b82e3dfc3861fa,64,0.032738,0,0,1,33,1,3,2.0625,0.121094,0,0.026042,0.005863,32
000638dacb3359ef,64,0.033234,0,0,0,20,1,3,2.09375,0.147461,0,0.0,0.027673,32
70405853cf6a38cf,64,0.032738,0,0,0,55,1,3,2.0625,0.121094,0,0.0,0.003267,32
0864b305a57a0782,64,0.033234,0,0,0,25,1,3,2.09375,0.116211,0,0.0,0.014591,32
0acbfd2a25b36a33,64,0.032738,1,0,0,31,1,3,2.0625,0.121094,0,0.0,0.008975,32
1ddab2d1e464ba29,64,0.033234,0,0,0,36,1,4,2.09375,0.209961,0,0.0,0.004761,32
607b3bdf6e468525,64,0.032738,0,0,0,25,1,3,2.0625,0.089844,0,0.0,0.014969,32
fe25c90ed3f0d4cc,64,0.033234,0,0,0,25,1,3,2.09375,0.147461,0,0.0,0.015083,32
7d49b58b081d17dd,64,0.032738,0,0,0,27,1,4,2.0625,0.121094,0,0.0,0.015526,32
96e6d79f77e98908,64,0.033234,0,0,0,27,1,3,2.09375,0.147461,0,0.0,0.009097,32
3bd1cb1c6314cd40,64,0.032242,0,0,1,60,1,3,2.03125,0.092773,0,0.026042,0.002457,32
cbb8941813027a6b,64,0.032738,0,0,1,38,1,3,2.0625,0.089844,0,0.026042,0.00372,32
c585657f40384268,64,0.033234,0,0,0,23,1,3,2.09375,0.116211,0,0.0,0.021184,32
1e6505a305528d3d,64,0.032738,0,0,0,30,1,3,2.0625,0.121094,0,0.0,0.008816,32
0d85aaa57bab1fb6,64,0.033234,0,0,0,31,1,3,2.09375,0.147461,0,0.0,0.010521,32
e9984fa89e31ce7c,64,0.032738,0,0,0,46,1,3,2.0625,0.121094,0,0.0,0.00479,32
1e927a465f238cb1,64,0.033234,0,0,0,24,1,3,2.09375,0.147461,0,0.0,0.015427,32
44195f003da0e191,64,0.032242,0,0,1,47,1,3,2.03125,0.092773,0,0.026042,0.003303,32
25211ee54a5cbc69,64,0.032738,1,0,0,35,1,3,2.0625,0.121094,0,0.0,0.00586,32
fec240e06970ccf4,64,0.033234,0,0,0,28,1,3,2.09375,0.116211,0,0.0,0.011842,32
5500a324bfcc4204,64,0.032738,0,0,1,37,1,4,2.0625,0.152344,0,0.026042,0.006822,32
5e2bc39662ec4502,64,0.033234,0,0,0,32,1,3,2.09375,0.147461,0,0.0,0.006291,32
ce6f02be3f4670d4,64,0.033234,0,0,0,36,1,4,2.09375,0.178711,0,0.0,0.007041,32
670a01f25adf1749,64,0.032738,0,0,0,44,1,3,2.0625,0.089844,0,0.0,0.003325,32
4bcf919f8edf93a3,64,0.033234,1,0,0,22,1,3,2.09375,0.116211,0,0.0,0.017519,32
9dcf6c56665add87,64,0.032738,0,0,0,25,1,3,2.0625,0.121094,0,0.0,0.018464,32
6839473f53f73b88,64,0.033234,0,0,0,28,1,3,2.09375,0.147461,0,0.0,0.01066,32
131d4b46133b69f7,64,0.032242,0,0,0,50,1,3,2.03125,0.061523,0,0.0,0.002949,32
7bc8dfaf2d480ae8,64,0.032738,0,0,0,22,1,3,2.0625,0.121094,0,0.0,0.017368,32
d1b842febfa9fa68,64,0.033234,0,0,0,32,1,4,2.09375,0.178711,0,0.0,0.00973,32
9d82e51e61250957,64,0.032738,0,0,0,34,1,3,2.0625,0.121094,0,0.0,0.004656,32
75205a4200b083fc,64,0.033234,0,0,0,28,1,3,2.09375,0.147461,0,0.0,0.007599,32
c29895b3bf788d1a,64,0.032738,0,0,0,22,1,4,2.0625,0.152344,0,0.0,0.019241,32
b596147b07145cdb,64,0.033234,0,0,0,34,1,3,2.09375,0.147461,0,0.0,0.005538,32
63b979acc6dde534,64,0.032738,0,0,0,26,1,3,2.0625,0.121094,0,0.0,0.01104,32
89ecd775ac670418,64,0.033234,0,0,0,23,1,4,2.09375,0.178711,0,0.0,0.021498,32
662ef333eb7de5d6,64,0.032242,0,0,1,57,1,3,2.03125,0.092773,0,0.026042,0.002763,32
3dddb4805077b0b6,64,0.033234,1,0,0,27,1,4,2.09375,0.178711,0,0.0,0.015339,32
c9412a9849f6d3b0,64,0.032242,0,0,0,35,1,3,2.03125,0.092773,0,0.0,0.005899,32
8936ec2bee2adafb,64,0.032738,0,0,0,31,1,3,2.0625,0.089844,0,0.0,0.010723,32
71deee2bb093bd13,64,0.033234,0,0,0,30,1,3,2.09375,0.116211,0,0.0,0.01055,32
10c447c1501791ee,64,0.032738,0,0,1,41,1,3,2.0625,0.121094,0,0.015625,0.005022,32
ed0eeec81c3afcbe,64,0.033234,0,0,0,40,1,4,2.09375,0.178711,0,0.0,0.003361,32
0c56318f8860a1ba,64,0.032738,0,0,0,27,1,3,2.0625,0.121094,0,0.0,0.016528,32
3dea04d0b7ae7153,64,0.033234,0,0,0,23,1,3,2.09375,0.147461,0,0.0,0.017777,32
8ad11f470eec380c,64,0.032738,0,0,1,35,1,4,2.0625,0.152344,0,0.023438,0.008487,32
a42c639e9e98efdc,64,0.033234,0,0,0,26,1,4,2.09375,0.147461,0,0.0,0.014955,32
c03a54b2b51e2423,64,0.032738,0,0,0,40,1,4,2.0625,0.152344,0,0.0,0.003483,32
4c2c857de7f456a2,64,0.033234,0,0,0,22,1,4,2.09375,0.178711,0,0.0,0.0148,32
9faf9adb48649fb6,64,0.032738,0,0,0,28,1,4,2.0625,0.152344,0,0.0,0.010435,32
3451a4484f242bf3,64,0.033234,0,0,0,30,1,3,2.09375,0.147461,0,0.0,0.01588,32
091e00de4d704df4,64,0.032738,0,0,0,34,1,3,2.0625,0.089844,0,0.0,0.009784,32
3cc4cbf2b7411a81,64,0.033234,0,0,0,27,1,3,2.09375,0.147461,0,0.0,0.014265,32
730d284bee49f212,64,0.032738,0,0,0,23,1,3,2.0625,0.089844,0,0.0,0.016755,32
76c66976b49d2509,64,0.033234,0,0,0,26,1,3,2.09375,0.147461,0,0.0,0.013551,32
bfd7e6a5c998b5ec,64,0.032738,1,0,0,25,1,3,2.0625,0.089844,0,0.0,0.014751,32
1400d5fe32afdee6,64,0.033234,0,0,1,33,1,4,2.09375,0.178711,0,0.013021,0.01062,32
3a852c6243a7d398,64,0.032738,0,0,0,23,1,4,2.0625,0.152344,0,0.0,0.016043,32
ed5f31aaf7f604c8,64,0.033234,0,0,0,21,1,3,2.09375,0.147461,0,0.0,0.022487,32
de62c6d1ee23b920,64,0.031746,1,0,0,60,1,3,2.0,0.0625,0,0.0,0.002421,32
18bbd3181199a1d0,64,0.032738,0,0,0,23,1,3,2.0625,0.121094,0,0.0,0.02056,32
c61c2be3f9b3f321,64,0.033234,0,0,1,32,1,4,2.09375,0.178711,0,0.015625,0.006182,32
41eed1130e777cde,64,0.032738,0,0,1,29,1,3,2.0625,0.121094,0,0.026042,0.013104,32
088444034d9b943e,64,0.033234,0,0,0,25,1,3,2.09375,0.147461,0,0.0,0.019999,32
0dce16636339429e,64,0.032738,1,0,0,37,1,3,2.0625,0.121094,0,0.0,0.005361,32
24bdd985715bcbea,64,0.033234,0,0,0,21,1,3,2.09375,0.147461,0,0.0,0.022623,32
5d92eed851f5cec9,64,0.032738,1,0,0,30,1,3,2.0625,0.121094,0,0.0,0.00932,32
5ddf80a85208bf54,64,0.033234,0,0,0,32,1,4,2.09375,0.178711,0,0.0,0.007553,32
6bb02e7dba6380c1,64,0.032738,0,0,0,29,1,3,2.0625,0.121094,0,0.0,0.007825,32
c38f23752d8bea3d,64,0.033234,0,0,0,25,1,3,2.09375,0.147461,0,0.0,0.017587,32
d6eef96e584e5684,64,0.032738,0,0,0,32,1,3,2.0625,0.121094,0,0.0,0.009775,32
f9eeec2c0a16f380,64,0.033234,1,0,0,41,1,3,2.09375,0.147461,0,0.0,0.004351,32
2d33d5e3b4ae050a,64,0.032738,0,0,0,43,1,3,2.0625,0.121094,0,0.0,0.003772,32
b1f2afa729359ac5,64,0.033234,0,0,0,19,1,3,2.09375,0.147461,0,0.0,0.028836,32
9ddec8225e2a10c3,64,0.032738,0,0,0,34,1,4,2.0625,0.121094,0,0.0,0.004913,32
5cee8c8e2ee41585,64,0.033234,0,0,0,32,1,3,2.09375,0.116211,0,0.0,0.007666,32
2efcfbc6b20255df,64,0.032738,0,0,0,25,1,3,2.0625,0.121094,0,0.0,0.011985,32
81164f740534843c,64,0.033234,0,0,0,26,1,4,2.09375,0.147461,0,0.0,0.012793,32
4147e6d65e35f375,64,0.032738,0,0,0,47,1,3,2.0625,0.121094,0,0.0,0.003266,32
a5706d0a06a0532a,64,0.033234,0,0,0,20,1,3,2.09375,0.116211,0,0.0,0.024557,32
96f95e0cecda21d1,64,0.032738,0,0,1,51,1,4,2.0625,0.152344,0,0.023438,0.002762,32
42d5c07b93a8ad61,64,0.033234,1,0,0,29,1,3,2.09375,0.147461,0,0.0,0.011692,32
ce10d88668ff2ae3,64,0.032738,0,0,1,35,1,3,2.0625,0.121094,0,0.015625,0.006553,32
8fdd74ea5ff094fe,64,0.033234,0,0,0,27,1,4,2.09375,0.178711,0,0.0,0.015248,32
6107231a9cf9a44c,64,0.032738,0,0,1,39,1,4,2.0625,0.152344,0,0.013021,0.004626,32
f5fc5194724526c8,64,0.033234,0,0,1,25,1,3,2.09375,0.147461,0,0.026042,0.016854,32
fadcf018455d138b,64,0.032738,1,0,0,52,1,3,2.0625,0.121094,0,0.0,0.002535,32
6c1ba4c86e5212af,64,0.033234,0,0,0,26,1,3,2.09375,0.116211,0,0.0,0.011374,32
a20134d453487de5,64,0.032738,0,0,1,50,1,4,2.0625,0.121094,0,0.023438,0.003267,32
23d3ae77de54420f,64,0.033234,0,0,0,32,1,3,2.09375,0.147461,0,0.0,0.009776,32
e89ea51d00fa58b1,64,0.032738,0,0,0,32,1,4,2.0625,0.152344,0,0.0,0.006885,32
288e2172c267bfaf,64,0.033234,0,0,0,25,1,3,2.09375,0.147461,0,0.0,0.014002,32
d1ae2903d2ea271e,64,0.032738,0,0,0,28,1,3,2.0625,0.121094,0,0.0,0.00858,32
e34e35aa9a4d531d,64,0.033234,0,0,0,26,1,3,2.09375,0.147461,0,0.0,0.016977,32
ee532906987bffa8,64,0.032242,0,0,1,53,1,3,2.03125,0.092773,0,0.026042,0.003427,32
0f571c5142a78943,64,0.032738,0,0,0,27,1,4,2.0625,0.152344,0,0.0,0.008573,32
5348ce915331a509,64,0.033234,0,0,1,37,1,3,2.09375,0.147461,0,0.026042,0.004539,32
c7356c8cebd61c67,64,0.032738,0,0,0,38,1,3,2.0625,0.121094,0,0.0,0.00461,32
662edd858dc98765,64,0.033234,0,0,0,32,1,3,2.09375,0.147461,0,0.0,0.007847,32
48f0c4077c48ca4d,64,0.031746,1,0,0,59,1,3,2.0,0.0625,0,0.0,0.002453,32
b910d64a424b1271,64,0.032738,0,0,0,33,1,3,2.0625,0.121094,0,0.0,0.009643,32
a852e97efd4507ab,64,0.033234,0,0,0,21,1,3,2.09375,0.147461,0,0.0,0.024272,32
cf07e14b851ecf9b,64,0.031746,0,0,0,58,1,3,2.0,0.0625,0,0.0,0.002446,32
f2667e9817b425b9,64,0.032738,0,0,0,35,1,3,2.0625,0.121094,0,0.0,0.007289,32
69713d205eade504,64,0.033234,0,0,0,26,1,3,2.09375,0.116211,0,0.0,0.013571,32
2b68d2aecdda994f,64,0.032738,0,0,0,32,1,3,2.0625,0.121094,0,0.0,0.009641,32
1bfe771c62a1747d,64,0.033234,0,0,0,26,1,4,2.09375,0.178711,0,0.0,0.010954,32
6294db7f607fbb52,64,0.032738,1,0,0,23,1,3,2.0625,0.089844,0,0.0,0.017357,32
424fd4d13d3b1de5,64,0.033234,1,0,0,27,1,4,2.09375,0.209961,0,0.0,0.012789,32
8c7831da9879149e,64,0.032738,0,0,0,28,1,3,2.0625,0.089844,0,0.0,0.012889,32
8425ea8519bdb123,64,0.033234,0,0,0,24,1,3,2.09375,0.147461,0,0.0,0.017024,32
4d78a36c2fa1b5ea,64,0.032242,1,0,0,28,1,3,2.03125,0.092773,0,0.0,0.012394,32
94e83d36ac32b361,64,0.033234,0,0,0,25,1,4,2.09375,0.178711,0,0.0,0.014384,32
2ea03f3498ece0f9,64,0.032738,1,0,0,39,1,3,2.0625,0.121094,0,0.0,0.004347,32
b0ef0163dd6355c3,64,0.033234,0,0,0,30,1,3,2.09375,0.116211,0,0.0,0.011227,32
29b1bd3f862e25b9,64,0.032738,0,0,0,26,1,3,2.0625,0.121094,0,0.0,0.013895,32
2f88f0a02d382607,64,0.033234,0,0,0,24,1,4,2.09375,0.178711,0,0.0,0.015121,32
bf670d7e9531b7e1,64,0.032242,0,0,0,30,1,3,2.03125,0.092773,0,0.0,0.010907,32
dcb7c8907ad96d66,64,0.032738,0,0,0,40,1,3,2.0625,0.121094,0,0.0,0.003962,32
c072cc35762c14fd,64,0.033234,0,0,0,39,1,4,2.09375,0.209961,0,0.0,0.004047,32
fdcbcaf4b5beffa5,64,0.033234,0,0,0,19,1,3,2.09375,0.147461,0,0.0,0.028802,32
67efc6cb3ed9275a,64,0.032738,0,0,0,33,1,3,2.0625,0.121094,0,0.0,0.008102,32
0471734adb21f41b,64,0.033234,0,0,0,35,2,4,2.09375,0.116211,0,0.0,0.004951,32
1601465676707e25,64,0.032242,1,0,0,56,1,3,2.03125,0.092773,0,0.0,0.002612,32
7c05e2d3ee51ace2,64,0.032738,0,0,1,31,1,3,2.0625,0.121094,0,0.026042,0.007814,32
82ce92b19fd2da2f,64,0.033234,0,0,0,24,1,4,2.09375,0.147461,0,0.0,0.01585,32
bf6e78ea9b59e282,64,0.032738,0,0,0,50,1,3,2.0625,0.121094,0,0.0,0.002898,32
c64f993b490a5285,64,0.033234,0,0,0,25,1,3,2.09375,0.147461,0,0.0,0.01578,32
a17ff939cd17aca8,64,0.032242,1,0,0,32,1,3,2.03125,0.092773,0,0.0,0.007684,32
ad3197affcaa7e29,64,0.032738,0,0,1,34,1,3,2.0625,0.121094,0,0.026042,0.009858,32
49843ac04d2809d7,64,0.033234,0,0,0,33,1,3,2.09375,0.116211,0,0.0,0.005213,32
c5d4f6925d54ba07,64,0.032738,0,0,0,25,1,3,2.0625,0.121094,0,0.0,0.013781,32
42cdeadc5b01d00e,64,0.033234,0,0,0,27,1,3,2.09375,0.147461,0,0.0,0.011153,32
5dfab0d64204c38f,64,0.031746,0,0,0,32,1,3,2.0,0.03125,0,0.0,0.009628,32
016a0141fa6e18b7,64,0.032738,1,0,0,27,2,3,2.0625,0.058594,0,0.0,0.012291,32
68254c7de90462fd,64,0.033234,0,0,0,27,1,3,2.09375,0.147461,0,0.0,0.012809,32
57d26fd15686d8a5,64,0.032738,0,0,0,34,1,3,2.0625,0.089844,0,0.0,0.004742,32
219c765d1274e06b,64,0.033234,0,0,0,38,1,3,2.09375,0.147461,0,0.0,0.003764,32
6e5b8288e8ec9dfc,64,0.032242,0,0,0,37,1,3,2.03125,0.092773,0,0.0,0.005797,32
c3f244a64ac708cc,64,0.032738,0,0,0,31,1,3,2.0625,0.121094,0,0.0,0.008102,32
609840f291994663,64,0.033234,0,0,0,19,1,4,2.09375,0.178711,0,0.0,0.026668,32
2b7d228b832b7e0f,64,0.032738,0,0,0,33,1,4,2.0625,0.152344,0,0.0,0.009878,32
df33e18d19c7f58c,64,0.033234,0,0,0,26,1,4,2.09375,0.178711,0,0.0,0.01775,32
21dae816f63c5f0d,64,0.032738,0,0,0,26,1,3,2.0625,0.121094,0,0.0,0.017261,32
cb87912426922e75,64,0.033234,0,0,0,26,1,3,2.09375,0.116211,0,0.0,0.015118,32
339c38214f63ee31,64,0.032738,0,0,0,39,1,3,2.0625,0.121094,0,0.0,0.005529,32
79974664aeb424fc,64,0.033234,0,0,0,30,1,3,2.09375,0.116211,0,0.0,0.007157,32
ca64262c3f6db3af,64,0.032738,0,0,0,25,1,4,2.0625,0.152344,0,0.0,0.012787,32
79efab4f4dc0e8b1,64,0.033234,0,0,0,26,1,3,2.09375,0.147461,0,0.0,0.007424,32
6eb5ec680551ba50,64,0.032242,0,0,0,39,1,3,2.03125,0.092773,0,0.0,0.006098,32
cca4f1b0a98b24eb,64,0.032738,0,0,0,29,1,3,2.0625,0.089844,0,0.0,0.010889,32
3f7674e8de1bf5de,64,0.033234,0,0,0,43,1,3,2.09375,0.116211,0,0.0,0.0033,32
23f67adfc5290e75,64,0.032738,0,0,0,35,1,4,2.0625,0.152344,0,0.0,0.005075,32
8c38f03dc36dd267,64,0.033234,0,0,0,25,1,3,2.09375,0.147461,0,0.0,0.014773,32
758c474fea6d0a91,64,0.032738,0,0,1,40,1,3,2.0625,0.121094,0,0.026042,0.004571,32
e24e61c33e5d2f94,64,0.033234,0,0,1,27,1,4,2.09375,0.178711,0,0.023438,0.017002,32
b4a843eeb5815240,64,0.032242,0,0,1,40,1,3,2.03125,0.092773,0,0.026042,0.005518,32
a5f136d515b356dc,64,0.032738,0,0,0,30,1,3,2.0625,0.121094,0,0.0,0.010192,32
8e5554b587afbabe,64,0.033234,0,0,0,24,1,3,2.09375,0.116211,0,0.0,0.016089,32
8afd2741fd347bff,64,0.032738,0,0,0,31,1,3,2.0625,0.121094,0,0.0,0.007931,32
1e347c32e2e1fd3d,64,0.033234,0,0,0,19,1,3,2.09375,0.147461,0,0.0,0.02545,32
7cd2b8a519bc0a48,64,0.032738,0,0,0,39,1,3,2.0625,0.121094,0,0.0,0.004011,32
53cc653d91dfa7da,64,0.033234,0,0,1,29,1,4,2.09375,0.178711,0,0.026042,0.013345,32
679bed6029bc35e9,64,0.032738,0,0,0,31,1,3,2.0625,0.121094,0,0.0,0.00926,32
152bbd2edb4f6282,64,0.033234,0,0,1,25,1,3,2.09375,0.147461,0,0.026042,0.017393,32
c62032c01cc45307,64,0.032738,0,0,0,39,1,3,2.0625,0.089844,0,0.0,0.004536,32
89b66e9295ab72ce,64,0.033234,0,0,1,32,1,3,2.09375,0.147461,0,0.026042,0.008098,32
4cc2b850ce2c0f33,64,0.032242,1,0,0,38,1,3,2.03125,0.061523,0,0.0,0.004159,32
1661c4cf897a2a09,64,0.033234,0,0,0,24,1,4,2.09375,0.178711,0,0.0,0.015389,32
888a34e797eb9a66,64,0.032242,1,0,0,38,1,3,2.03125,0.092773,0,0.0,0.007529,32
ddf565c8bf35720c,64,0.032738,0,0,0,25,1,4,2.0625,0.121094,0,0.0,0.012232,32
5e3bc54ebfdbfcbb,64,0.033234,0,0,0,30,1,3,2.09375,0.147461,0,0.0,0.008735,32
3a7573386c221c35,64,0.032242,0,0,0,26,1,3,2.03125,0.092773,0,0.0,0.012786,32
c3cd50af4664fc62,64,0.032738,0,0,0,30,1,3,2.0625,0.121094,0,0.0,0.01088,32
09a22195162f4c6c,64,0.033234,0,0,0,30,1,3,2.09375,0.147461,0,0.0,0.011223,32
bef741f180588a98,64,0.032242,0,0,0,33,1,3,2.03125,0.092773,0,0.0,0.009613,32
d30389b1afdcdbfe,64,0.032738,0,0,0,36,1,3,2.0625,0.121094,0,0.0,0.008051,32
20a4dfdc9d2181e4,64,0.033234,0,0,0,24,1,3,2.09375,0.116211,0,0.0,0.009941,32
b667310987e20238,64,0.032242,0,0,1,57,1,3,2.03125,0.092773,0,0.026042,0.002716,32
b42865d5045a492d,64,0.032738,0,0,0,30,1,3,2.0625,0.121094,0,0.0,0.010565,32
f35cbb55b903b11a,64,0.033234,0,0,0,20,1,4,2.09375,0.147461,0,0.0,0.025302,32
923602746e4c20fd,64,0.032738,0,0,0,26,1,3,2.0625,0.121094,0,0.0,0.015311,32
7de41f2290fdb3e5,64,0.033234,0,0,0,35,1,3,2.09375,0.147461,0,0.0,0.008247,32
aef31677b3fcccba,64,0.032738,0,0,0,26,1,4,2.0625,0.183594,0,0.0,0.013314,32
081a03934ebac378,64,0.033234,0,0,0,23,1,3,2.09375,0.147461,0,0.0,0.01554,32
d56171de6f1abf50,64,0.032738,0,0,0,27,1,3,2.0625,0.121094,0,0.0,0.015612,32
f8add5963cfb18ea,64,0.033234,0,0,0,31,1,3,2.09375,0.147461,0,0.0,0.00847,32
16955a4bbb7245e2,64,0.032242,0,0,1,44,1,3,2.03125,0.092773,0,0.026042,0.004066,32
19df8b471f82a125,64,0.032738,0,0,0,34,1,3,2.0625,0.121094,0,0.0,0.004663,32
44b2b2018a05e993,64,0.033234,0,0,0,31,1,3,2.09375,0.147461,0,0.0,0.009171,32
9a6d34a5520549dc,64,0.033234,0,0,0,25,1,3,2.09375,0.147461,0,0.0,0.013312,32
67792bc61fd6a4b3,64,0.032738,0,0,0,30,1,3,2.0625,0.121094,0,0.0,0.010042,32
7e82cb5e5e07866a,64,0.033234,0,0,0,33,1,3,2.09375,0.116211,0,0.0,0.005295,32
8a6552c119ed1b77,64,0.032738,1,0,0,30,1,3,2.0625,0.089844,0,0.0,0.008457,32
4addaba07113d79b,64,0.033234,0,0,0,22,1,3,2.09375,0.116211,0,0.0,0.020628,32
d3c26bd5efbb52ed,64,0.033234,0,0,0,19,1,3,2.09375,0.147461,0,0.0,0.023227,32
fd96c3ba9baf54f7,64,0.032738,0,0,1,47,1,4,2.0625,0.152344,0,0.023438,0.003366,32
a9033808c1aa5841,64,0.033234,0,0,0,25,1,3,2.09375,0.147461,0,0.0,0.014127,32
4a6c8cf9315bbe81,64,0.032242,0,0,0,26,1,3,2.03125,0.092773,0,0.0,0.014674,32
0c52b254d9b5f88c,64,0.032738,1,0,0,27,1,3,2.0625,0.121094,0,0.0,0.014027,32
8541e3881846cd33,64,0.033234,0,0,0,25,1,4,2.09375,0.147461,0,0.0,0.011406,32
5eff6c9143d36b0a,64,0.032738,0,0,0,52,1,4,2.0625,0.152344,0,0.0,0.003401,32
2491e1b1d3ac522d,64,0.033234,0,0,0,29,1,4,2.09375,0.178711,0,0.0,0.011842,32
bfbd09933f9e2412,64,0.032242,0,0,1,51,1,3,2.03125,0.092773,0,0.026042,0.002799,32
4444536ebff1daa1,64,0.032738,0,0,0,19,1,4,2.0625,0.152344,0,0.0,0.023275,32
c4d803658e6b13a4,64,0.033234,0,0,0,26,1,4,2.09375,0.178711,0,0.0,0.010014,32
45da9bbf520b6ea2,64,0.032738,0,0,0,31,1,3,2.0625,0.121094,0,0.0,0.007013,32
c04c9536e121b201,64,0.033234,0,0,0,24,1,4,2.09375,0.147461,0,0.0,0.015706,32
5e769891071ece28,64,0.032738,0,0,0,30,1,3,2.0625,0.121094,0,0.0,0.008582,32
7bdd8fe1b8f94d27,64,0.033234,0,0,0,29,1,3,2.09375,0.147461,0,0.0,0.008394,32
780b8aaf1580003b,64,0.031746,0,0,0,32,1,3,2.0,0.0625,0,0.0,0.00962,32
18b5034bc31e2bc3,64,0.032738,1,0,0,25,1,3,2.0625,0.121094,0,0.0,0.013765,32
f6ca4af7b7a4ebcb,64,0.033234,0,0,0,25,1,3,2.09375,0.147461,0,0.0,0.015139,32
0e74dd62de0ecdde,64,0.032738,0,0,0,27,1,4,2.0625,0.152344,0,0.0,0.005954,32
02fb631238241564,64,0.033234,0,0,0,33,1,4,2.09375,0.178711,0,0.0,0.009094,32
d1957454ae92ea77,64,0.032738,0,0,0,22,1,3,2.0625,0.089844,0,0.0,0.019564,32
b930921d45a2972a,64,0.033234,0,0,0,25,1,4,2.09375,0.178711,0,0.0,0.012276,32
6c21dac33c279fcd,64,0.032738,0,0,0,29,1,3,2.0625,0.121094,0,0.0,0.014206,32
67214651ed0cd088,64,0.033234,0,0,2,39,1,3,2.09375,0.147461,0,0.052083,0.004975,32
b0a63409b1c00d27,64,0.032738,0,0,0,35,1,3,2.0625,0.121094,0,0.0,0.005917,32
a7767693367fe40c,64,0.033234,0,0,0,25,1,3,2.09375,0.147461,0,0.0,0.012075,32
1fba45790344fb38,64,0.032738,0,0,0,31,1,4,2.0625,0.152344,0,0.0,0.007621,32
a9e92ed2099f6d9d,64,0.033234,0,0,0,34,1,3,2.09375,0.147461,0,0.0,0.007809,32
e4ab05323b991305,64,0.032242,1,0,0,43,1,3,2.03125,0.092773,0,0.0,0.004474,32
31d2aaaa003bf254,64,0.032738,1,0,0,43,1,3,2.0625,0.121094,0,0.0,0.005383,32
1eaa7347d47bbd37,64,0.033234,0,0,0,23,1,3,2.09375,0.116211,0,0.0,0.017571,32
b5128fe7c1f63328,64,0.032738,0,0,0,30,1,3,2.0625,0.121094,0,0.0,0.011932,32
28fff463b068de82,64,0.033234,0,0,0,24,1,3,2.09375,0.147461,0,0.0,0.01129,32
6dfa0ad029ade767,64,0.032242,1,0,0,43,1,3,2.03125,0.092773,0,0.0,0.004393,32
4d4d943b9d8519c9,64,0.032738,0,0,0,35,1,3,2.0625,0.121094,0,0.0,0.004484,32
9792fdb80241b2b6,64,0.033234,0,0,0,27,1,3,2.09375,0.116211,0,0.0,0.011437,32
0b2cb410f87da018,64,0.032738,0,0,0,29,1,3,2.0625,0.121094,0,0.0,0.007011,32
2a37f5345df7cfd8,64,0.033234,0,0,0,25,1,3,2.09375,0.147461,0,0.0,0.011631,32
369162764bfed152,64,0.032738,0,0,0,26,1,3,2.0625,0.121094,0,0.0,0.010642,32
6ea6865316af7caa,64,0.033234,0,0,0,28,1,3,2.09375,0.147461,0,0.0,0.011602,32
cd50fffa21d56817,64,0.032738,0,0,0,35,1,3,2.0625,0.121094,0,0.0,0.005356,32
e574d283b7517fbe,64,0.033234,0,0,0,24,1,4,2.09375,0.178711,0,0.0,0.013914,32
d23d2e7f78c21549,64,0.032738,0,0,1,53,1,4,2.0625,0.152344,0,0.013021,0.002565,32
dfb0bf06ba20f432,64,0.033234,0,0,0,24,1,4,2.09375,0.178711,0,0.0,0.018081,32
179041219b2fa33a,64,0.032738,0,0,1,25,1,4,2.0625,0.152344,0,0.013021,0.01934,32
92df947fffb7375c,64,0.033234,0,0,1,31,1,4,2.09375,0.178711,0,0.026042,0.010339,32
a6acc69067f1bb60,64,0.032738,0,0,0,30,1,3,2.0625,0.121094,0,0.0,0.007466,32
8ccb8379ed199462,64,0.033234,0,0,0,35,1,4,2.09375,0.178711,0,0.0,0.007533,32
34d525fcba9114d8,64,0.032738,0,0,1,30,1,3,2.0625,0.121094,0,0.026042,0.010849,32
9bcd07df63fc7e86,64,0.033234,0,0,0,26,1,4,2.09375,0.178711,0,0.0,0.010441,32
4ae95bcaf2d3fb71,64,0.032242,0,0,0,45,1,3,2.03125,0.092773,0,0.0,0.003554,32
f8aa0e53ff8f1155,64,0.032738,0,0,0,24,1,3,2.0625,0.121094,0,0.0,0.020063,32
09428f4099ba18fa,64,0.033234,0,0,0,24,1,3,2.09375,0.116211,0,0.0,0.015798,32
8b34a548c04cf33a,64,0.032738,0,0,0,36,1,3,2.0625,0.121094,0,0.0,0.005825,32
20bce47df6d3050a,64,0.033234,1,0,0,22,1,3,2.09375,0.147461,0,0.0,0.019432,32
264f6ef6dde50de0,64,0.033234,0,0,0,24,1,4,2.09375,0.147461,0,0.0,0.019146,32
97764cb5672fbe8d,64,0.032242,0,0,1,48,1,4,2.03125,0.124023,0,0.013021,0.00325,32
415c9da18c37d347,64,0.032738,0,0,0,29,1,3,2.0625,0.121094,0,0.0,0.010976,32
1a1965b873c803d9,64,0.033234,0,0,0,22,1,4,2.09375,0.178711,0,0.0,0.017842,32
1b50b7fd2782b668,64,0.032738,0,0,1,37,1,3,2.0625,0.121094,0,0.026042,0.006224,32
e5e696c067018e6d,64,0.033234,0,0,0,26,1,3,2.09375,0.147461,0,0.0,0.012612,32
64a78dbd79b00c86,64,0.032738,0,0,0,25,1,3,2.0625,0.121094,0,0.0,0.012261,32
e03318996aa96aa7,64,0.033234,0,0,1,25,1,3,2.09375,0.147461,0,0.026042,0.020181,32
53de3941eb24ac39,64,0.032738,0,0,0,24,1,3,2.0625,0.121094,0,0.0,0.014015,32
a3a53930657c1f46,64,0.033234,0,0,0,34,1,3,2.09375,0.147461,0,0.0,0.005414,32
1f710aa73cb793a7,64,0.032738,0,0,1,26,1,3,2.0625,0.121094,0,0.026042,0.015481,32
4d896078fb1a7fbc,64,0.033234,0,0,0,28,1,3,2.09375,0.147461,0,0.0,0.010934,32
101e35ff7a52c1a1,64,0.032738,0,0,0,41,1,3,2.0625,0.089844,0,0.0,0.005039,32
e7fd25bc416b0ca5,64,0.033234,0,0,0,27,1,3,2.09375,0.147461,0,0.0,0.014331,32
20e84e809a7cb6d2,64,0.033234,0,0,0,24,1,3,2.09375,0.147461,0,0.0,0.014487,32
50d05210cb59263a,64,0.032738,1,0,0,29,1,3,2.0625,0.121094,0,0.0,0.008673,32
d827f1b389442b8a,64,0.033234,0,0,1,33,1,4,2.09375,0.178711,0,0.023438,0.007164,32
c917a04d606557fa,64,0.032738,0,0,2,49,1,3,2.0625,0.121094,0,0.052083,0.00307,32
ce0eaabdff470143,64,0.033234,0,0,0,40,1,3,2.09375,0.147461,0,0.0,0.004637,32
d1fd301df85f130c,64,0.032242,0,0,0,37,1,3,2.03125,0.092773,0,0.0,0.007868,32
e557a675872df649,64,0.032738,0,0,0,38,1,3,2.0625,0.121094,0,0.0,0.004564,32
f826fad43341187f,64,0.033234,0,0,0,36,1,3,2.09375,0.147461,0,0.0,0.005922,32
bc7432f3e3aaaf5e,64,0.031746,0,0,0,60,1,3,2.0,0.0625,0,0.0,0.002432,32
4423ea922082fb5e,64,0.032738,0,0,0,29,1,3,2.0625,0.089844,0,0.0,0.013351,32
fbbccd634e16f707,64,0.033234,0,0,0,45,1,3,2.09375,0.147461,0,0.0,0.003302,32
38c93b4ab4d7a0c1,64,0.032242,1,0,0,31,1,3,2.03125,0.092773,0,0.0,0.01019,32
b4105a43496a3bf8,64,0.032738,0,0,1,33,1,4,2.0625,0.152344,0,0.023438,0.007039,32
76bc7a878b6ffdd8,64,0.033234,0,0,0,26,1,3,2.09375,0.147461,0,0.0,0.015964,32
bbc0d0e498dff4f5,64,0.032738,0,0,1,38,1,3,2.0625,0.121094,0,0.026042,0.004879,32
6d5022015b84c913,64,0.033234,0,0,0,26,1,4,2.09375,0.147461,0,0.0,0.012294,32
496793cf64ec7b9f,64,0.032242,0,0,0,29,1,3,2.03125,0.092773,0,0.0,0.009666,32
c493006f724036ef,64,0.032738,0,0,1,27,1,3,2.0625,0.121094,0,0.026042,0.016625,32
d5594c41157f498a,64,0.033234,1,0,0,35,1,3,2.09375,0.147461,0,0.0,0.004448,32
4f983c0ec58cbf7a,64,0.031746,1,0,0,34,1,3,2.0,0.0625,0,0.0,0.00953,32
4c533c7886f6fc43,64,0.032738,0,0,0,30,1,3,2.0625,0.089844,0,0.0,0.009096,32
78c5965406131927,64,0.033234,0,0,0,30,1,3,2.09375,0.147461,0,0.0,0.010973,32
a6bd6e90af63f56f,64,0.032738,0,0,0,23,1,3,2.0625,0.121094,0,0.0,0.020717,32
6c3f8583b6426790,64,0.033234,0,0,0,31,1,3,2.09375,0.147461,0,0.0,0.006941,32
da69e9fa779ab954,64,0.031746,0,0,0,32,1,3,2.0,0.0625,0,0.0,0.009625,32
340abaa6e14b8170,64,0.032738,0,0,1,31,1,3,2.0625,0.089844,0,0.026042,0.00905,32
ffd730cb4f89e0ef,64,0.033234,0,0,0,27,1,3,2.09375,0.147461,0,0.0,0.012791,32
40a7d25737ed8d4f,64,0.032738,0,0,0,33,1,3,2.0625,0.121094,0,0.0,0.008273,32
54da4be651f6a3c6,64,0.033234,0,0,0,28,1,5,2.09375,0.241211,0,0.0,0.00982,32
5ab9637738ce9747,64,0.032242,0,0,0,38,1,3,2.03125,0.092773,0,0.0,0.005984,32
131977001b8e4b6d,64,0.032738,0,0,0,30,1,3,2.0625,0.121094,0,0.0,0.011521,32
e27cc48ee5fffd2b,64,0.033234,0,0,0,25,1,3,2.09375,0.116211,0,0.0,0.010045,32
30f3e6bb94fee2f4,64,0.032738,0,0,0,32,1,3,2.0625,0.121094,0,0.0,0.007313,32
2384a00e0cb17eda,64,0.033234,0,0,0,23,1,4,2.09375,0.147461,0,0.0,0.010427,32
ec9c947bc5f7a028,64,0.032738,0,0,0,31,1,3,2.0625,0.121094,0,0.0,0.008721,32
ca01129c3d8bb8ba,64,0.033234,0,0,0,24,1,3,2.09375,0.147461,0,0.0,0.019993,32
29e5773c212d7b8e,64,0.033234,0,0,0,25,1,4,2.09375,0.178711,0,0.0,0.007083,32
c3087d55dc3241d6,64,0.032242,0,0,0,28,1,4,2.03125,0.124023,0,0.0,0.011659,32
006c968b7432f408,64,0.032738,0,0,0,38,1,3,2.0625,0.121094,0,0.0,0.004831,32
ac4a1d00628bf39d,64,0.033234,0,0,1,31,1,3,2.09375,0.116211,0,0.026042,0.012065,32
22d7765bdc7caa7a,64,0.033234,1,0,0,24,1,4,2.09375,0.178711,0,0.0,0.019308,32
a185bfd2d446a4ea,64,0.032242,0,0,0,35,1,3,2.03125,0.092773,0,0.0,0.006752,32
f3c4cb33e759f435,64,0.032738,0,0,0,24,1,3,2.0625,0.121094,0,0.0,0.014495,32
f0cb008724b3263d,64,0.033234,0,0,1,26,1,4,2.09375,0.178711,0,0.013021,0.011246,32
2c8dbff4d9830405,64,0.033234,0,0,0,29,1,3,2.09375,0.116211,0,0.0,0.01065,32
221bef652c2d4af4,64,0.032738,0,0,0,23,1,3,2.0625,0.121094,0,0.0,0.019311,32
6caeebfcd671785b,64,0.033234,0,0,0,35,1,4,2.09375,0.147461,0,0.0,0.0064,32
feb5c06957cd2acd,64,0.032242,0,0,0,31,1,3,2.03125,0.061523,0,0.0,0.010177,32
15fc04a30ec600fe,64,0.032738,1,0,0,22,2,3,2.0625,0.058594,0,0.0,0.019676,32
dbcbbeb933c051bb,64,0.033234,0,0,1,29,1,4,2.09375,0.147461,0,0.026042,0.011129,32
59b983527536c6c7,64,0.032242,0,0,1,41,1,3,2.03125,0.092773,0,0.026042,0.004979,32
fd4fd4529b8cfb71,64,0.033234,0,0,0,23,1,4,2.09375,0.178711,0,0.0,0.009838,32
418365eb9e578a82,64,0.032738,0,0,0,30,1,3,2.0625,0.121094,0,0.0,0.00932,32
b7e1b2a76929052f,64,0.033234,0,0,1,34,1,3,2.09375,0.147461,0,0.026042,0.005237,32
4f3b87696d16a3a4,64,0.032738,0,0,0,32,1,3,2.0625,0.121094,0,0.0,0.00757,32
ba810696c17d46dd,64,0.033234,0,0,1,48,1,3,2.09375,0.116211,0,0.026042,0.003032,32
ccef6ade66d34fd9,64,0.032738,0,0,1,39,1,3,2.0625,0.089844,0,0.026042,0.005407,32
a36e5c83b5948a14,64,0.033234,0,0,0,29,1,3,2.09375,0.116211,0,0.0,0.014455,32
ea32841be7cce543,64,0.032738,0,0,0,24,1,3,2.0625,0.121094,0,0.0,0.019774,32
fca431c788b5e187,64,0.033234,0,0,0,41,1,3,2.09375,0.116211,0,0.0,0.003598,32
9366a69cbae0d004,64,0.032242,0,0,0,30,1,4,2.03125,0.124023,0,0.0,0.010955,32
68f156d322033cc9,64,0.032738,0,0,0,29,1,3,2.0625,0.121094,0,0.0,0.01039,32
a5705325a6e15fb4,64,0.033234,0,0,0,33,1,4,2.09375,0.178711,0,0.0,0.003875,32
24d7dbe7392ca2af,64,0.032738,0,0,1,31,1,3,2.0625,0.121094,0,0.026042,0.009249,32
77afa2fa06e7646c,64,0.033234,0,0,0,24,1,4,2.09375,0.178711,0,0.0,0.018975,32
0342543657abdd7f,64,0.032738,0,0,0,28,1,3,2.0625,0.121094,0,0.0,0.008316,32
46cce217e61096ae,64,0.033234,0,0,0,19,1,3,2.09375,0.147461,0,0.0,0.020458,32
a6fbb211979e327c,64,0.032738,0,0,0,31,1,4,2.0625,0.152344,0,0.0,0.00742,32
df2f3ac8cbef158b,64,0.033234,0,0,0,26,1,3,2.09375,0.147461,0,0.0,0.013363,32
5f8b1b50550b6c8d,64,0.032738,0,0,0,40,1,4,2.0625,0.152344,0,0.0,0.004028,32
b876862489efcfc7,64,0.033234,0,0,0,28,1,3,2.09375,0.147461,0,0.0,0.010377,32
5e8603390cd21077,64,0.032738,0,0,0,23,1,3,2.0625,0.121094,0,0.0,0.019449,32
cd42ff0c83d1edfa,64,0.033234,0,0,0,27,1,3,2.09375,0.147461,0,0.0,0.014893,32
9c070b860f78a150,64,0.032738,0,0,0,28,1,3,2.0625,0.089844,0,0.0,0.013299,32
c014353e4c7f9198,64,0.033234,0,0,0,20,1,4,2.09375,0.178711,0,0.0,0.01996,32
f7e8e56bcb949c4d,64,0.032738,0,0,1,40,1,4,2.0625,0.152344,0,0.023438,0.005523,32
f8a4ab8f7daad56a,64,0.033234,1,0,0,27,1,4,2.09375,0.147461,0,0.0,0.013793,32
f4475c027fbb20a4,64,0.032738,0,0,0,36,1,3,2.0625,0.121094,0,0.0,0.00589,32
6f9890a709aca893,64,0.033234,0,0,1,28,1,3,2.09375,0.147461,0,0.026042,0.010484,32
7905443104ad341a,64,0.032242,0,0,0,26,1,3,2.03125,0.092773,0,0.0,0.012643,32
5b947b60375295b6,64,0.032738,0,0,0,27,1,3,2.0625,0.089844,0,0.0,0.012345,32
29f88e99ace7fb62,64,0.033234,0,0,0,25,1,3,2.09375,0.147461,0,0.0,0.022322,32
3e0312ab4a190b11,64,0.032738,0,0,0,39,1,3,2.0625,0.121094,0,0.0,0.004369,32
af04c241fc4e2234,64,0.033234,0,0,1,30,1,3,2.09375,0.147461,0,0.026042,0.010918,32
ff3577d23bdb2087,64,0.033234,0,0,0,30,1,3,2.09375,0.147461,0,0.0,0.010049,32
f4a48b9437f20adc,64,0.032738,1,0,0,28,1,3,2.0625,0.089844,0,0.0,0.010537,32
bc760992cbc2e8b2,64,0.033234,0,0,0,21,1,3,2.09375,0.147461,0,0.0,0.020368,32
7eddaecf3bb1e204,64,0.032738,0,0,0,28,1,4,2.0625,0.152344,0,0.0,0.013276,32
e6532c55b4b90303,64,0.033234,0,0,0,29,1,3,2.09375,0.147461,0,0.0,0.011947,32
fec49cb3eb2690ec,64,0.032242,0,0,0,33,1,3,2.03125,0.092773,0,0.0,0.010002,32
9dafc829672198f8,64,0.032738,0,0,0,23,1,3,2.0625,0.121094,0,0.0,0.019222,32
328fdc2ae0ca8420,64,0.033234,0,0,0,21,1,3,2.09375,0.116211,0,0.0,0.02143,32
0e78ce1066a25b3c,64,0.032242,0,0,0,30,1,3,2.03125,0.092773,0,0.0,0.01058,32
2fb482732d54990f,64,0.032738,1,0,0,37,1,3,2.0625,0.121094,0,0.0,0.0062,32
723f9215293f3269,64,0.033234,0,0,0,33,1,3,2.09375,0.147461,0,0.0,0.006766,32
b53f96aeb589de71,64,0.032242,1,0,0,30,1,3,2.03125,0.092773,0,0.0,0.010388,32
fdc097b0d6d98697,64,0.032738,0,0,1,36,1,3,2.0625,0.121094,0,0.015625,0.005562,32
6b60115a5d287684,64,0.033234,0,0,0,32,1,3,2.09375,0.147461,0,0.0,0.005175,32
d83147f08c50d0ef,64,0.032242,0,0,1,40,1,3,2.03125,0.092773,0,0.026042,0.005672,32
a7a07f739554c598,64,0.032738,0,0,0,38,1,4,2.0625,0.152344,0,0.0,0.005666,32
497e007ff946a52e,64,0.033234,0,0,0,28,1,3,2.09375,0.147461,0,0.0,0.01568,32
8f203e049d3557f2,64,0.032738,0,0,0,26,1,3,2.0625,0.121094,0,0.0,0.013304,32
5fd7b0a01c29b462,64,0.033234,0,0,1,35,1,4,2.09375,0.178711,0,0.023438,0.007575,32
108410e912da8954,64,0.032242,0,0,1,38,1,3,2.03125,0.092773,0,0.026042,0.007439,32
c85f29898dfeb9e8,64,0.033234,0,0,0,26,1,3,2.09375,0.116211,0,0.0,0.01548,32
35cba4cdbf63beea,64,0.032242,0,0,1,32,1,3,2.03125,0.092773,0,0.026042,0.009933,32
2a32459b6f168440,64,0.032738,0,0,0,35,1,3,2.0625,0.121094,0,0.0,0.007761,32
2611e16b6c14a269,64,0.033234,0,0,0,25,1,3,2.09375,0.147461,0,0.0,0.016302,32
a305229e143dbaef,64,0.032738,0,0,0,27,1,3,2.0625,0.121094,0,0.0,0.013491,32
b9bf9aa11181de21,64,0.033234,0,0,1,23,1,3,2.09375,0.116211,0,0.015625,0.018134,32
a0dd0d79fabe7e35,64,0.033234,0,0,0,23,1,3,2.09375,0.147461,0,0.0,0.018741,32
dc4abd7f8590ff0a,64,0.032242,0,0,0,33,1,3,2.03125,0.061523,0,0.0,0.007643,32
afbc40b8410ad4ad,64,0.033234,0,0,0,26,1,3,2.09375,0.116211,0,0.0,0.014805,32
c3f68e0f1242cda1,64,0.032242,0,0,0,46,1,3,2.03125,0.092773,0,0.0,0.003501,32
afe5f05073f37147,64,0.032738,0,0,0,27,1,3,2.0625,0.121094,0,0.0,0.012628,32
66571bcd9f60cc79,64,0.033234,0,0,0,25,1,3,2.09375,0.147461,0,0.0,0.0137,32
3b083044210a608d,64,0.033234,0,0,0,28,1,3,2.09375,0.116211,0,0.0,0.014826,32
6e1ccf4af0b8174c,64,0.032242,0,0,0,33,1,3,2.03125,0.092773,0,0.0,0.010068,32
cd72413bf83a5d80,64,0.032738,0,0,0,30,1,3,2.0625,0.089844,0,0.0,0.009896,32
35066660af139b0c,64,0.033234,0,0,1,27,1,3,2.09375,0.116211,0,0.015625,0.013192,32
0711e0b0570743e4,64,0.032242,0,0,1,44,1,3,2.03125,0.092773,0,0.026042,0.003675,32
cca1a16105c2b215,64,0.032738,0,0,0,28,1,3,2.0625,0.089844,0,0.0,0.010731,32
547f9bc2ab8168ba,64,0.033234,0,0,0,31,1,3,2.09375,0.147461,0,0.0,0.009316,32
b71a63d1502472e7,64,0.032242,0,0,0,35,1,3,2.03125,0.092773,0,0.0,0.008377,32
3afec1fab1d57a07,64,0.032738,0,0,0,38,1,3,2.0625,0.121094,0,0.0,0.004996,32
b848a83e4edca696,64,0.033234,0,0,0,23,1,4,2.09375,0.178711,0,0.0,0.022006,32
5fa6a795a3200b80,64,0.031746,1,0,0,59,1,3,2.0,0.0625,0,0.0,0.002435,32
ddcc0a11c9aa30df,64,0.033234,0,0,0,21,1,3,2.09375,0.147461,0,0.0,0.021889,32
3896e0fa712fa424,64,0.032242,1,0,0,28,1,3,2.03125,0.092773,0,0.0,0.011833,32
7d0508a210bcbe28,64,0.032738,0,0,0,25,1,3,2.0625,0.121094,0,0.0,0.016136,32
b7ab8bf7e1037cb0,64,0.033234,1,0,0,25,1,3,2.09375,0.147461,0,0.0,0.013869,32
8fe105de4a73cdbe,64,0.032738,0,0,1,34,1,3,2.0625,0.121094,0,0.026042,0.006287,32
1867d77f2f781353,64,0.033234,0,0,0,33,1,3,2.09375,0.147461,0,0.0,0.005473,32
d1bb9750f661c940,64,0.032738,0,0,0,24,1,4,2.0625,0.152344,0,0.0,0.015499,32
0ea806a927a2ade5,64,0.033234,0,0,0,27,1,3,2.09375,0.116211,0,0.0,0.011179,32
a246a37aea600297,64,0.032738,0,0,1,39,1,3,2.0625,0.121094,0,0.026042,0.005021,32
6d56dea15eb2ab35,64,0.033234,0,0,0,22,1,3,2.09375,0.147461,0,0.0,0.02028,32
2880f45ff58da8cd,64,0.032738,0,0,0,35,1,3,2.0625,0.121094,0,0.0,0.006001,32
b3dc254eddc5a68a,64,0.033234,0,0,0,32,1,3,2.09375,0.147461,0,0.0,0.008193,32
7113ece359c05839,64,0.032738,0,0,0,30,1,4,2.0625,0.152344,0,0.0,0.008439,32
1cb9e03fc202854c,64,0.033234,0,0,0,32,1,3,2.09375,0.147461,0,0.0,0.008328,32
9dce35e06d6588b9,64,0.032738,0,0,0,25,1,4,2.0625,0.183594,0,0.0,0.015968,32
889f2ff418a9f8fa,64,0.033234,0,0,0,22,1,3,2.09375,0.116211,0,0.0,0.019617,32
67ff4b9b60067e28,64,0.032738,0,0,0,23,1,3,2.0625,0.089844,0,0.0,0.016554,32
f5eb326d6bf235b3,64,0.033234,0,0,0,36,1,4,2.09375,0.178711,0,0.0,0.005211,32
63a94436021bf877,64,0.032738,0,0,0,30,1,3,2.0625,0.121094,0,0.0,0.010052,32
6cf49ca0d0b1201f,64,0.033234,0,0,0,22,1,3,2.09375,0.147461,0,0.0,0.019018,32
6f3713c01f67d22c,64,0.032242,0,0,0,27,1,3,2.03125,0.092773,0,0.0,0.011996,32
70a611c1e85bb64a,64,0.032738,0,0,0,39,1,3,2.0625,0.121094,0,0.0,0.004251,32
ea74b354411220de,64,0.033234,0,0,0,27,1,4,2.09375,0.178711,0,0.0,0.012985,32
320db4e2c9d51446,64,0.032738,0,0,0,25,2,3,2.0625,0.058594,0,0.0,0.01543,32
0e8c20794dc786db,64,0.033234,0,0,0,29,1,3,2.09375,0.147461,0,0.0,0.008623,32
cae45837f1584d3e,64,0.032738,0,0,0,35,1,3,2.0625,0.089844,0,0.0,0.005513,32
977c87a8d4f2376c,64,0.033234,0,0,0,34,1,4,2.09375,0.178711,0,0.0,0.006445,32
1f8fb04aad2e7c5b,64,0.032738,0,0,0,31,1,3,2.0625,0.121094,0,0.0,0.009481,32
e8e1f2f5512224f8,64,0.033234,0,0,0,27,1,4,2.09375,0.178711,0,0.0,0.010169,32
4c677eb2b03f37bf,64,0.032242,0,0,0,53,1,3,2.03125,0.061523,0,0.0,0.003061,32
b8b4bfd8aa2a6553,64,0.032738,1,0,0,42,1,3,2.0625,0.089844,0,0.0,0.003775,32
f14a60b27efb7eea,64,0.033234,0,0,0,29,1,3,2.09375,0.147461,0,0.0,0.010575,32
77b60f6ee35576f7,64,0.032738,0,0,0,27,1,3,2.0625,0.089844,0,0.0,0.011194,32
8d9b46e59f8d3bdc,64,0.033234,0,0,0,20,1,3,2.09375,0.147461,0,0.0,0.022562,32
c526a8d76f0ae2c8,64,0.032738,0,0,0,46,1,4,2.0625,0.121094,0,0.0,0.002981,32
c2fd905817ccb277,64,0.033234,0,0,0,26,1,3,2.09375,0.147461,0,0.0,0.010026,32
404bcb530451a5be,64,0.033234,0,0,0,26,1,4,2.09375,0.178711,0,0.0,0.01305,32
300b55ba885aa1ed,64,0.032738,0,0,0,25,1,3,2.0625,0.121094,0,0.0,0.012797,32
3ed9133d164879e8,64,0.033234,0,0,0,25,1,3,2.09375,0.147461,0,0.0,0.012466,32
385555a8b22ad765,64,0.032242,0,0,0,41,1,4,2.03125,0.124023,0,0.0,0.00439,32
ae624ce3c2f35312,64,0.032738,0,0,1,31,1,3,2.0625,0.121094,0,0.026042,0.010147,32
ab2e71cf69eb448f,64,0.033234,0,0,0,26,1,4,2.09375,0.147461,0,0.0,0.01432,32
49733e4420c54362,64,0.032738,0,0,0,30,1,3,2.0625,0.121094,0,0.0,0.007464,32
132e50a942512b61,64,0.033234,0,0,0,31,1,3,2.09375,0.116211,0,0.0,0.006227,32
83253200beb9a86d,64,0.033234,0,0,0,30,1,4,2.09375,0.178711,0,0.0,0.006409,32
85f04dba60822cc7,64,0.032738,1,0,0,23,1,4,2.0625,0.152344,0,0.0,0.018197,32
b422b71362978156,64,0.033234,0,0,0,30,1,3,2.09375,0.147461,0,0.0,0.006611,32
38f35682ec5f830f,64,0.032242,0,0,0,47,1,3,2.03125,0.061523,0,0.0,0.002878,32
c6d7c9debefd2c8d,64,0.032738,0,0,0,43,1,4,2.0625,0.152344,0,0.0,0.003825,32
990ab076a5a3ecc1,64,0.033234,0,0,0,35,1,3,2.09375,0.116211,0,0.0,0.005381,32
78849c72cf27f67f,64,0.032738,0,0,0,31,1,3,2.0625,0.121094,0,0.0,0.01327,32
991737b0aa124d20,64,0.033234,0,0,0,27,1,4,2.09375,0.209961,0,0.0,0.015385,32
772de55e7f5c1a6e,64,0.032242,0,0,0,38,1,3,2.03125,0.061523,0,0.0,0.007561,32
0340cca084a71a78,64,0.032738,0,0,0,28,1,3,2.0625,0.121094,0,0.0,0.010123,32
026a1df0175f6b26,64,0.033234,0,0,0,25,1,3,2.09375,0.147461,0,0.0,0.014171,32
e7d7947f08a4b977,64,0.032738,1,0,0,43,1,3,2.0625,0.121094,0,0.0,0.003966,32
c3890ec9deb8738a,64,0.033234,0,0,0,22,1,3,2.09375,0.147461,0,0.0,0.01288,32
67559435a0bfb79b,64,0.032738,0,0,1,31,1,4,2.0625,0.152344,0,0.026042,0.010256,32
4ee970bb8a70b345,64,0.033234,0,0,0,33,1,3,2.09375,0.147461,0,0.0,0.007239,32
dc57931c20a931c8,64,0.032738,0,0,0,32,1,3,2.0625,0.121094,0,0.0,0.007515,32
728828916e591636,64,0.033234,0,0,0,31,1,4,2.09375,0.178711,0,0.0,0.006347,32
ed31e4e07db78177,64,0.032738,0,0,0,24,1,3,2.0625,0.089844,0,0.0,0.015604,32
b2d64e0395465627,64,0.033234,0,0,0,24,1,4,2.09375,0.178711,0,0.0,0.016556,32
d62c977e1d96b9e6,64,0.032738,0,0,0,25,1,3,2.0625,0.121094,0,0.0,0.00975,32
596d99ca0cfaa60c,64,0.033234,0,0,0,35,1,4,2.09375,0.178711,0,0.0,0.006417,32
6e3a387861d33d8b,64,0.032242,0,0,0,52,1,3,2.03125,0.092773,0,0.0,0.002548,32
cdb3fe572c4ce9ee,64,0.032738,0,0,0,29,1,3,2.0625,0.121094,0,0.0,0.011483,32
7d34dd512ee1fe41,128,0.015625,1,1,0,127,1,2,1.984375,0.015381,0,0.0,0.000602,64
8d0d391955864046,128,0.015748,1,0,0,76,1,3,2.0,0.03125,0,0.0,0.001929,64
23f8bab2c42f3179,128,0.015871,0,0,0,93,1,3,2.015625,0.046631,0,0.0,0.000746,64
cc4395c074d34f21,128,0.015994,0,0,0,74,1,3,2.03125,0.045898,0,0.0,0.001464,64
350cebbc9efc383a,128,0.016117,0,0,0,57,1,4,2.046875,0.091553,0,0.0,0.002695,64
c854ff72e93333ae,128,0.015748,0,0,1,126,1,3,2.0,0.03125,0,0.013021,0.000615,64
8bf08eb2514fc9df,128,0.015994,1,0,0,63,1,3,2.03125,0.061523,0,0.0,0.001958,64
404dbb48aa95bf35,128,0.016117,0,0,0,51,1,3,2.046875,0.075928,0,0.0,0.003202,64
4f7fb00aeb992cc8,128,0.015748,0,0,0,71,1,3,2.0,0.03125,0,0.0,0.002304,64
ae9495af609dee5d,128,0.015994,0,0,0,42,1,3,2.03125,0.061523,0,0.0,0.005343,64
c56870a42ac965d7,128,0.015871,0,0,0,51,1,3,2.015625,0.046631,0,0.0,0.003534,64
c608e0e73c0da69b,128,0.015994,0,0,0,46,1,4,2.03125,0.077148,0,0.0,0.004602,64
42e8f4d2005dd2b7,128,0.016117,0,0,0,68,1,3,2.046875,0.075928,0,0.0,0.001667,64
7e0e171b5ffa100d,128,0.015994,0,0,0,41,1,3,2.03125,0.061523,0,0.0,0.00537,64
9418e70c01b6d9ba,128,0.016117,0,0,0,56,1,3,2.046875,0.060303,0,0.0,0.00274,64
e1423bc576bc91ca,128,0.015871,0,0,0,58,1,3,2.015625,0.046631,0,0.0,0.003039,64
176f2dedb67eefc5,128,0.016117,0,0,0,53,1,3,2.046875,0.075928,0,0.0,0.002687,64
7b39fc380536c4a1,128,0.015871,1,0,0,80,1,4,2.015625,0.062256,0,0.0,0.001374,64
b92cf19a3da1ef6e,128,0.015994,0,0,0,58,1,3,2.03125,0.061523,0,0.0,0.002584,64
6c4aedfe30ff2216,128,0.016117,0,0,0,60,1,3,2.046875,0.075928,0,0.0,0.001773,64
6c59395948296beb,128,0.016117,0,0,0,52,1,3,2.046875,0.075928,0,0.0,0.003341,64
9dbce87e6def65be,128,0.016117,0,0,0,68,1,4,2.046875,0.107178,0,0.0,0.001451,64
bc7757dbd8469172,128,0.015994,0,0,0,48,1,3,2.03125,0.045898,0,0.0,0.003358,64
42a9280cc7498671,128,0.016117,0,0,0,52,1,3,2.046875,0.075928,0,0.0,0.003253,64
b7756b65cfd258a8,128,0.015994,0,0,0,45,1,4,2.03125,0.077148,0,0.0,0.004738,64
873333bbaf397b8e,128,0.016117,0,0,0,58,1,3,2.046875,0.060303,0,0.0,0.003019,64
219e318a7eccb522,128,0.016117,0,0,0,58,1,3,2.046875,0.075928,0,0.0,0.002234,64
066881820446d9e6,128,0.015994,0,0,0,60,1,3,2.03125,0.061523,0,0.0,0.002495,64
27841da257725b75,128,0.016117,0,0,0,59,1,3,2.046875,0.075928,0,0.0,0.002706,64
8bbbaa119e137b55,128,0.015871,0,0,0,82,1,3,2.015625,0.046631,0,0.0,0.001005,64
7340761649740de1,128,0.015994,0,0,0,48,1,3,2.03125,0.061523,0,0.0,0.003855,64
e3b99fb35381e0da,128,0.016117,0,0,0,60,1,4,2.046875,0.091553,0,0.0,0.002443,64
03ff8e45d94ee66a,128,0.015748,1,0,0,107,1,3,2.0,0.03125,0,0.0,0.000676,64
8f20160181f73f41,128,0.015994,0,0,0,73,1,4,2.03125,0.061523,0,0.0,0.001362,64
a7339b51950a92b7,128,0.016117,0,0,0,52,1,4,2.046875,0.091553,0,0.0,0.003071,64
9d4a61ad9fb276b4,128,0.016117,0,0,0,39,1,3,2.046875,0.075928,0,0.0,0.006123,64
90beb67308fbd939,128,0.015871,0,0,0,80,1,3,2.015625,0.046631,0,0.0,0.001404,64
fc92ef4514e1c1da,128,0.016117,0,0,0,45,1,3,2.046875,0.075928,0,0.0,0.003974,64
f130a058544c302d,128,0.015871,0,0,0,62,1,3,2.015625,0.046631,0,0.0,0.002432,64
0d3b588c823f42d6,128,0.015994,0,0,0,52,1,3,2.03125,0.061523,0,0.0,0.002993,64
e3b82ec7336e2fea,128,0.016117,0,0,0,86,1,3,2.046875,0.075928,0,0.0,0.000804,64
aa462aac9da2e037,128,0.015994,0,0,0,61,1,3,2.03125,0.061523,0,0.0,0.001848,64
ea893b159f9a0707,128,0.016117,0,0,0,55,1,4,2.046875,0.091553,0,0.0,0.003759,64
d0b9559bffa8bc5f,128,0.016117,0,0,0,75,1,3,2.046875,0.075928,0,0.0,0.000981,64
af8d80784a4ce428,128,0.015994,1,0,0,47,1,3,2.03125,0.061523,0,0.0,0.004127,64
37819af5a574b744,128,0.016117,0,0,0,53,1,3,2.046875,0.075928,0,0.0,0.004086,64
70913870c5ef4f91,128,0.016117,0,0,0,45,1,4,2.046875,0.091553,0,0.0,0.004886,64
d175eef51015a9a2,128,0.015994,0,0,0,53,1,4,2.03125,0.077148,0,0.0,0.003654,64
13393cc9ec55b982,128,0.016117,0,0,0,86,1,3,2.046875,0.075928,0,0.0,0.001224,64
7d35da89892a5fdd,128,0.015994,0,0,0,78,1,3,2.03125,0.061523,0,0.0,0.001443,64
580c1fc50c2c7aa1,128,0.016117,0,0,0,71,1,4,2.046875,0.075928,0,0.0,0.001055,64
34c47bd6b688964a,128,0.015994,0,0,0,71,1,4,2.03125,0.077148,0,0.0,0.001247,64
94be12208422b6b1,128,0.016117,1,0,0,52,1,4,2.046875,0.091553,0,0.0,0.003739,64
fe51e1f2725ac364,128,0.015871,0,0,0,67,1,3,2.015625,0.046631,0,0.0,0.002472,64
16ca0b3ddab5e70a,128,0.015994,0,0,0,62,1,3,2.03125,0.061523,0,0.0,0.002548,64
09c671ad84f8e5ed,128,0.016117,0,0,0,75,1,3,2.046875,0.075928,0,0.0,0.00117,64
5edbee8f487a0525,128,0.015871,0,0,0,81,1,3,2.015625,0.046631,0,0.0,0.001036,64
ce383a81e8027534,128,0.015994,0,0,0,51,1,3,2.03125,0.061523,0,0.0,0.003594,64
07ea2f323cfdb0cd,128,0.016117,0,0,0,41,1,3,2.046875,0.075928,0,0.0,0.004155,64
1944bcf1539c7fad,128,0.015748,0,0,0,64,1,3,2.0,0.03125,0,0.0,0.002409,64
918eb63392f31877,128,0.015994,0,0,0,74,1,3,2.03125,0.045898,0,0.0,0.001041,64
aaa71e8c8e3a5eb6,128,0.016117,0,0,1,55,1,3,2.046875,0.075928,0,0.013021,0.00303,64
c399a3aed3169479,128,0.015871,0,0,0,91,1,3,2.015625,0.046631,0,0.0,0.000991,64
e3908009d802a1d8,128,0.015994,0,0,0,47,1,3,2.03125,0.061523,0,0.0,0.004593,64
3803243db8837fd0,128,0.016117,0,0,0,68,1,3,2.046875,0.075928,0,0.0,0.001075,64
0b95357d4f3fb9e2,128,0.016117,1,0,0,57,1,3,2.046875,0.075928,0,0.0,0.003675,64
a982c0a14f0dfd44,128,0.015994,0,0,0,49,1,4,2.03125,0.061523,0,0.0,0.003928,64
119c7c72417aca50,128,0.016117,0,0,0,48,1,3,2.046875,0.075928,0,0.0,0.005169,64
bfa06f751dafb8a7,128,0.016117,0,0,0,47,1,3,2.046875,0.075928,0,0.0,0.003498,64
70fc40c19f6f6b5a,128,0.015994,0,0,0,84,1,3,2.03125,0.061523,0,0.0,0.001464,64
5b1c50e7f02769aa,128,0.016117,0,0,0,42,1,3,2.046875,0.075928,0,0.0,0.004658,64
ba4e9ef58bdb31f6,128,0.015871,1,0,0,110,1,3,2.015625,0.046631,0,0.0,0.000632,64
a6e0b713ecc57c40,128,0.015994,0,0,0,60,1,3,2.03125,0.061523,0,0.0,0.001826,64
859d7071cb25df70,128,0.015871,1,0,0,97,1,3,2.015625,0.046631,0,0.0,0.000766,64
674784238a068132,128,0.016117,0,0,0,87,1,3,2.046875,0.075928,0,0.0,0.000734,64
349b27a45d1f2031,128,0.015994,1,0,0,79,1,3,2.03125,0.045898,0,0.0,0.000905,64
8b2380e05bc1ccea,128,0.016117,0,0,0,44,1,4,2.046875,0.091553,0,0.0,0.003902,64
c90f76be76da4288,128,0.016117,0,0,0,63,1,3,2.046875,0.075928,0,0.0,0.001819,64
a05050421d45b4cd,128,0.015871,1,0,0,61,1,3,2.015625,0.046631,0,0.0,0.002419,64
d28b5b99c6acf9a7,128,0.015994,0,0,0,97,1,3,2.03125,0.061523,0,0.0,0.001067,64
e8ce45c0e30dd2e6,128,0.016117,0,0,0,72,1,3,2.046875,0.075928,0,0.0,0.001381,64
8d36fdf3b82355a5,128,0.015871,0,0,0,95,1,4,2.015625,0.062256,0,0.0,0.000911,64
65a8905aee3fe0fa,128,0.015871,0,0,0,69,1,3,2.015625,0.046631,0,0.0,0.002084,64
620e66a2a6f2da9e,128,0.016117,0,0,1,67,1,3,2.046875,0.075928,0,0.013021,0.001543,64
fffa7614a5de43a9,128,0.015994,0,0,0,46,1,3,2.03125,0.061523,0,0.0,0.004619,64
264ec5b99e93f1b5,128,0.016117,0,0,0,64,1,3,2.046875,0.060303,0,0.0,0.001871,64
e0e5071961c17c87,128,0.016117,0,0,0,48,1,3,2.046875,0.060303,0,0.0,0.003787,64
c4072f5659ab5cdf,128,0.015994,0,0,0,67,1,3,2.03125,0.061523,0,0.0,0.001815,64
ced4f5efe2e23125,128,0.015994,0,0,0,93,1,4,2.03125,0.077148,0,0.0,0.000744,64
399c57c6bca8335e,128,0.016117,0,0,0,66,1,3,2.046875,0.075928,0,0.0,0.001741,64
751e6c1c501c39ca,128,0.015994,0,0,1,94,1,3,2.03125,0.061523,0,0.013021,0.00082,64
eed656654b21998c,128,0.016117,0,0,0,87,1,3,2.046875,0.075928,0,0.0,0.000883,64
4b4843a998bb8191,128,0.015994,0,0,1,75,1,3,2.03125,0.061523,0,0.013021,0.001844,64
2d0bae293082ecb6,128,0.016117,0,0,0,48,1,3,2.046875,0.075928,0,0.0,0.00477,64
a04270c37b68fc76,128,0.015994,0,0,0,100,1,3,2.03125,0.045898,0,0.0,0.000807,64
311fc45722f9dc28,128,0.016117,0,0,1,51,1,3,2.046875,0.075928,0,0.013021,0.003704,64
106c5383c3957e04,128,0.015994,1,0,0,60,1,3,2.03125,0.061523,0,0.0,0.001762,64
1771e900a503cc7a,128,0.016117,0,0,0,39,1,3,2.046875,0.075928,0,0.0,0.006557,64
174fb700e49dbb08,128,0.015994,0,0,0,50,1,3,2.03125,0.061523,0,0.0,0.004315,64
70378a76eb0c6052,128,0.016117,0,0,0,71,1,3,2.046875,0.075928,0,0.0,0.001362,64
d9652b94cb1aa826,128,0.015994,0,0,0,63,1,3,2.03125,0.061523,0,0.0,0.002595,64
7ff11f27d014e32d,128,0.016117,0,0,0,85,1,3,2.046875,0.060303,0,0.0,0.000943,64
b1a97a330ea151f6,128,0.016117,0,0,0,55,1,3,2.046875,0.075928,0,0.0,0.003463,64
56f83a203bfe54df,128,0.015994,0,0,0,51,1,3,2.03125,0.061523,0,0.0,0.00324,64
985320ef5d152875,128,0.016117,0,0,0,48,1,3,2.046875,0.075928,0,0.0,0.003775,64
b81a3a2c857ff4be,128,0.015871,0,0,0,75,1,3,2.015625,0.046631,0,0.0,0.001672,64
83a9e5154be145b0,128,0.015994,0,0,0,48,1,3,2.03125,0.045898,0,0.0,0.005179,64
e37ff41d005003b1,128,0.015994,0,0,0,89,1,3,2.03125,0.061523,0,0.0,0.000793,64
d6e29c163edcc4e5,128,0.016117,0,0,0,61,1,3,2.046875,0.075928,0,0.0,0.002118,64
8c10b002a3ac2926,128,0.015994,0,0,0,88,1,3,2.03125,0.061523,0,0.0,0.000827,64
7889e4556644128a,128,0.016117,0,0,0,43,1,3,2.046875,0.060303,0,0.0,0.005196,64
33a049937cf567ce,128,0.015994,0,0,0,51,1,3,2.03125,0.061523,0,0.0,0.002784,64
f5514cfc6d135a13,128,0.016117,0,0,0,53,1,3,2.046875,0.075928,0,0.0,0.002071,64
6f51dc6873609bfc,128,0.015994,0,0,0,70,1,3,2.03125,0.061523,0,0.0,0.001142,64
05fba577e0b52851,128,0.016117,0,0,1,65,1,3,2.046875,0.075928,0,0.013021,0.001432,64
8d15a205011c540f,128,0.015994,0,0,0,78,1,4,2.03125,0.077148,0,0.0,0.001141,64
80577315337b6656,128,0.016117,0,0,0,67,1,3,2.046875,0.075928,0,0.0,0.001526,64
7b6f4b44fbf8bda4,128,0.015871,0,0,0,90,1,3,2.015625,0.046631,0,0.0,0.000996,64
26687a3348ecdaea,128,0.015994,0,0,0,51,1,3,2.03125,0.061523,0,0.0,0.004442,64
31a6731ab3ded0c8,128,0.016117,0,0,0,57,1,3,2.046875,0.060303,0,0.0,0.002505,64
9b050f49c81e7c54,128,0.016117,0,0,0,89,1,3,2.046875,0.075928,0,0.0,0.000987,64
783c2279c2a0b9e4,128,0.016117,0,0,0,67,1,3,2.046875,0.060303,0,0.0,0.001641,64
600713ecaed4f2a8,128,0.015871,1,0,0,53,1,3,2.015625,0.046631,0,0.0,0.003674,64
7def3e81465e5cf8,128,0.016117,0,0,0,61,1,3,2.046875,0.060303,0,0.0,0.002272,64
fa38d910f921b259,128,0.016117,0,0,0,43,1,3,2.046875,0.075928,0,0.0,0.005121,64
20ba806a31037c52,128,0.015994,0,0,0,76,1,3,2.03125,0.061523,0,0.0,0.001276,64
cd4b1094506c34ce,128,0.016117,0,0,0,54,1,3,2.046875,0.060303,0,0.0,0.004101,64
bc9d32b725972b83,128,0.015748,0,0,0,100,1,3,2.0,0.03125,0,0.0,0.000741,64
c871ee718b4e9e22,128,0.016117,0,0,0,63,1,3,2.046875,0.060303,0,0.0,0.002909,64
67a32831c9db843d,128,0.016117,0,0,1,47,1,3,2.046875,0.075928,0,0.013021,0.004157,64
32223d840fa18366,128,0.015994,0,0,0,82,1,3,2.03125,0.061523,0,0.0,0.000952,64
628349430ecee447,128,0.015871,0,0,1,85,1,3,2.015625,0.046631,0,0.013021,0.001283,64
b7064c50ca09dd9b,128,0.015994,0,0,0,68,1,3,2.03125,0.061523,0,0.0,0.001378,64
42bc597bd41ddd67,128,0.016117,0,0,0,53,1,3,2.046875,0.075928,0,0.0,0.002612,64
2351c0a31ee022df,128,0.016117,0,0,0,59,1,4,2.046875,0.075928,0,0.0,0.003284,64
98d53b2513a55986,128,0.015994,0,0,0,47,1,3,2.03125,0.061523,0,0.0,0.004716,64
de1bc7ca235eb0ab,128,0.016117,0,0,1,65,1,4,2.046875,0.091553,0,0.013021,0.002075,64
5445d230f05fb111,128,0.015994,0,0,0,61,1,3,2.03125,0.061523,0,0.0,0.00167,64
7d5c7e0b773cf756,128,0.015994,0,0,0,57,1,3,2.03125,0.061523,0,0.0,0.002989,64
ec46c8544d7ad8f4,128,0.016117,0,0,0,58,1,3,2.046875,0.075928,0,0.0,0.002745,64
f788dfa6299bd24a,128,0.015994,0,0,0,51,1,3,2.03125,0.061523,0,0.0,0.002758,64
36898f379246eb06,128,0.016117,0,0,0,50,1,3,2.046875,0.060303,0,0.0,0.003123,64
044f4e5512ca9526,128,0.016117,0,0,0,44,1,3,2.046875,0.075928,0,0.0,0.004934,64
3018d3c1b6e0e6d5,128,0.015994,0,0,0,62,1,3,2.03125,0.061523,0,0.0,0.002367,64
a07f7081bcd2e3b2,128,0.016117,0,0,0,54,1,3,2.046875,0.075928,0,0.0,0.003434,64
f36bbd2112b22674,128,0.015871,0,0,0,62,1,3,2.015625,0.046631,0,0.0,0.002492,64
9aded1e49b0d565f,128,0.016117,0,0,0,66,1,3,2.046875,0.075928,0,0.0,0.001806,64
a36ffdf3eeefd18f,128,0.015994,0,0,0,73,1,3,2.03125,0.061523,0,0.0,0.001673,64
2888484dbcca2239,128,0.016117,0,0,0,39,1,3,2.046875,0.060303,0,0.0,0.006179,64
4183fc08670301b6,128,0.015994,0,0,0,57,1,3,2.03125,0.061523,0,0.0,0.002438,64
40e54ef74455898b,128,0.016117,0,0,0,79,1,3,2.046875,0.075928,0,0.0,0.001089,64
6502cb05cc151345,128,0.016117,0,0,1,56,1,3,2.046875,0.060303,0,0.013021,0.003069,64
c867523ad4a8d9bb,128,0.015994,0,0,0,52,1,3,2.03125,0.045898,0,0.0,0.004175,64
7b8453b5d76b8789,128,0.016117,0,0,0,40,1,4,2.046875,0.091553,0,0.0,0.005539,64
aafc572474d09e2b,128,0.016117,0,0,0,47,1,3,2.046875,0.075928,0,0.0,0.00449,64
5c4eb33e4e490f41,128,0.015994,0,0,0,53,1,3,2.03125,0.061523,0,0.0,0.003133,64
2b808cc570a8db81,128,0.016117,0,0,0,58,1,4,2.046875,0.091553,0,0.0,0.002253,64
95255feb282f34f2,128,0.015994,0,0,0,68,1,3,2.03125,0.061523,0,0.0,0.002481,64
b3f2f07f6da0b6b1,128,0.016117,0,0,0,34,1,3,2.046875,0.075928,0,0.0,0.008074,64
fbd39afce8ead79f,128,0.015994,0,0,0,68,1,3,2.03125,0.061523,0,0.0,0.002059,64
014b724358db8192,128,0.016117,0,0,0,41,1,3,2.046875,0.075928,0,0.0,0.005768,64
d3ebd46d8282ee92,128,0.016117,0,0,0,49,1,3,2.046875,0.075928,0,0.0,0.003848,64
1f08cb1007e9b599,128,0.015871,0,0,0,86,1,4,2.015625,0.062256,0,0.0,0.000903,64
40d0d2d6c0ba7635,128,0.015994,0,0,0,93,1,3,2.03125,0.045898,0,0.0,0.000677,64
fa141713c5265b59,128,0.016117,0,0,0,50,1,3,2.046875,0.075928,0,0.0,0.004103,64
3ee911105044aa50,128,0.015994,0,0,0,39,1,3,2.03125,0.061523,0,0.0,0.006066,64
98f84113eb229c3b,128,0.016117,1,0,0,38,1,3,2.046875,0.075928,0,0.0,0.006715,64
0c605aa87afff0de,128,0.015994,0,0,0,80,1,4,2.03125,0.077148,0,0.0,0.001335,64
663eaa715585832e,128,0.016117,0,0,0,56,1,4,2.046875,0.091553,0,0.0,0.002777,64
d804ba437053ca50,128,0.015994,0,0,0,45,1,3,2.03125,0.061523,0,0.0,0.004394,64
0cce11d9610f592b,128,0.016117,1,0,0,46,1,3,2.046875,0.075928,0,0.0,0.00349,64
713fce4addbf8e3a,128,0.015748,1,0,0,66,1,3,2.0,0.03125,0,0.0,0.002406,64
9f9929685708779d,128,0.015871,0,0,1,123,1,3,2.015625,0.046631,0,0.013021,0.000631,64
ac88920d665e02c4,128,0.015994,0,0,0,82,1,3,2.03125,0.061523,0,0.0,0.000877,64
06533866eb5c1027,128,0.016117,0,0,0,62,1,3,2.046875,0.075928,0,0.0,0.002522,64
7d8e8518a1558f74,128,0.016117,1,0,0,48,1,3,2.046875,0.075928,0,0.0,0.004538,64
efb8223fd4587fec,128,0.015871,1,0,0,86,1,3,2.015625,0.046631,0,0.0,0.001023,64
86ef55592689152b,128,0.016117,0,0,0,66,1,3,2.046875,0.075928,0,0.0,0.001688,64
3e42251c0954406c,128,0.016117,0,0,0,36,1,4,2.046875,0.091553,0,0.0,0.007819,64
3540b20439cb0246,128,0.015871,0,0,1,71,1,3,2.015625,0.046631,0,0.013021,0.002283,64
853cf950be5b0e5c,128,0.016117,0,0,0,42,1,3,2.046875,0.075928,0,0.0,0.004977,64
1833094d0e4721d7,128,0.015994,1,0,0,101,1,3,2.03125,0.061523,0,0.0,0.000815,64
983bcbb0b86661d7,128,0.016117,0,0,0,73,1,4,2.046875,0.091553,0,0.0,0.001804,64
75ece703e2d35ca6,128,0.015871,0,0,0,89,1,3,2.015625,0.046631,0,0.0,0.000861,64
a9e62dfc229d3488,128,0.016117,0,0,1,66,1,3,2.046875,0.075928,0,0.013021,0.001804,64
690f6b1241a09e33,128,0.015994,0,0,0,50,1,3,2.03125,0.061523,0,0.0,0.002925,64
7bfe17c8e2e522ae,128,0.016117,0,0,0,63,1,3,2.046875,0.075928,0,0.0,0.002024,64
8cc060cb5d29b5b3,128,0.015994,1,0,0,47,1,3,2.03125,0.061523,0,0.0,0.003781,64
d72dcfdb98808464,128,0.016117,0,0,0,56,1,3,2.046875,0.075928,0,0.0,0.00299,64
bacb14a840e7fa11,128,0.015871,0,0,0,83,1,3,2.015625,0.046631,0,0.0,0.001115,64
9e4dce9f335d8084,128,0.016117,0,0,0,53,1,4,2.046875,0.091553,0,0.0,0.004032,64
1e9c53bee1704f18,128,0.015994,0,0,0,61,1,3,2.03125,0.061523,0,0.0,0.002534,64
f43d3f80f1654b9d,128,0.016117,0,0,0,41,1,4,2.046875,0.091553,0,0.0,0.004682,64
6beb9e34f84f1672,128,0.016117,0,0,1,61,1,3,2.046875,0.075928,0,0.013021,0.001593,64
a97501bf6e58cebc,128,0.015748,0,0,0,124,1,3,2.0,0.03125,0,0.0,0.000611,64
0d302f9bc316963b,128,0.015871,0,0,0,63,1,3,2.015625,0.046631,0,0.0,0.002576,64
9e51d1630823d8be,128,0.015994,0,0,0,47,1,3,2.03125,0.061523,0,0.0,0.004974,64
26558a883708b03b,128,0.015871,1,0,0,67,1,3,2.015625,0.046631,0,0.0,0.001545,64
c0121a0b879acbe1,128,0.015994,0,0,1,65,1,3,2.03125,0.061523,0,0.007812,0.002396,64
fed894ef6e92e2d2,128,0.016117,0,0,0,44,1,4,2.046875,0.091553,0,0.0,0.003615,64
bab8daade3093120,128,0.016117,0,0,0,65,1,3,2.046875,0.075928,0,0.0,0.002389,64
4aa5725a94a7515e,128,0.016117,0,0,0,45,1,3,2.046875,0.075928,0,0.0,0.004211,64
8f61026d752dd512,128,0.015994,0,0,0,88,1,3,2.03125,0.061523,0,0.0,0.00096,64
2b63755b787631ea,128,0.016117,1,0,0,61,1,3,2.046875,0.075928,0,0.0,0.002582,64
3e1db746619a81ea,128,0.015994,0,0,0,67,1,3,2.03125,0.061523,0,0.0,0.001619,64
fe15114e7b57eb94,128,0.016117,0,0,0,52,1,3,2.046875,0.075928,0,0.0,0.003337,64
61fbe2cc195ce10a,128,0.015871,0,0,0,98,1,4,2.015625,0.062256,0,0.0,0.000963,64
97609c972c46e157,128,0.016117,1,0,0,73,1,4,2.046875,0.107178,0,0.0,0.001327,64
303ad3c3a2ae04b1,128,0.015994,0,0,0,81,1,3,2.03125,0.045898,0,0.0,0.001216,64
b851cdedc3b1f585,128,0.016117,0,0,0,56,1,3,2.046875,0.060303,0,0.0,0.00158,64
de87c2c5896af327,128,0.015871,0,0,0,67,1,3,2.015625,0.046631,0,0.0,0.002376,64
a85fe73a4444ba43,128,0.015994,0,0,0,53,1,3,2.03125,0.061523,0,0.0,0.003232,64
fc3bca0c0afba0f8,128,0.016117,0,0,0,62,1,4,2.046875,0.091553,0,0.0,0.002268,64
283b553c26a7eb3c,128,0.015871,0,0,0,73,1,4,2.015625,0.046631,0,0.0,0.002168,64
62fdb897474335bc,128,0.015994,1,0,0,109,1,3,2.03125,0.061523,0,0.0,0.000669,64
f371e596813089cb,128,0.016117,0,0,0,41,1,3,2.046875,0.075928,0,0.0,0.008009,64
8c670578ae53edd6,128,0.015871,0,0,0,53,1,3,2.015625,0.046631,0,0.0,0.003442,64
a1ac5cf214e91117,128,0.016117,0,0,0,59,1,4,2.046875,0.091553,0,0.0,0.002031,64
44583ae43ef256ca,128,0.016117,0,0,0,49,1,3,2.046875,0.075928,0,0.0,0.003142,64
e0a59e478c3c8420,128,0.015994,0,0,0,54,1,3,2.03125,0.061523,0,0.0,0.003236,64
ca89d8131c90f781,128,0.016117,0,0,0,56,1,3,2.046875,0.075928,0,0.0,0.003117,64
8425dfd01d920879,128,0.015871,1,0,0,55,1,3,2.015625,0.046631,0,0.0,0.003095,64
af4f05c744800ecf,128,0.015994,0,0,0,57,1,3,2.03125,0.061523,0,0.0,0.002648,64
189794c40e098d2e,128,0.016117,0,0,0,50,1,4,2.046875,0.091553,0,0.0,0.004311,64
fa45d81192d91a3b,128,0.015871,0,0,1,93,1,3,2.015625,0.046631,0,0.013021,0.00083,64
03098d2876743349,128,0.015994,1,0,0,56,1,3,2.03125,0.061523,0,0.0,0.003997,64
b678504beaa405f9,128,0.016117,0,0,0,50,1,4,2.046875,0.091553,0,0.0,0.002662,64
2dc93f3843a79be9,128,0.016117,0,0,0,46,1,3,2.046875,0.075928,0,0.0,0.006192,64
d41df54ca4c68a6e,128,0.016117,0,0,0,58,1,3,2.046875,0.075928,0,0.0,0.003116,64
7e7719fa23679bfb,128,0.015994,0,0,0,55,1,3,2.03125,0.061523,0,0.0,0.00359,64
9f8babda7513791d,128,0.016117,1,0,0,51,1,4,2.046875,0.075928,0,0.0,0.004278,64
1ab6d7e4971e70de,128,0.016117,0,0,0,44,1,3,2.046875,0.075928,0,0.0,0.004956,64
4003986bee523eca,128,0.016117,0,0,0,59,1,3,2.046875,0.075928,0,0.0,0.002754,64
f91ae412736ed4a2,128,0.016117,0,0,1,46,1,3,2.046875,0.075928,0,0.013021,0.004792,64
67879bcea0dd60f1,128,0.015994,1,0,0,79,1,3,2.03125,0.061523,0,0.0,0.001106,64
98abdeb77c1cea6b,128,0.016117,0,0,0,65,1,3,2.046875,0.075928,0,0.0,0.001212,64
3b6bd56be70b9b4d,128,0.015994,0,0,0,85,1,3,2.03125,0.061523,0,0.0,0.000845,64
9a3d187067130993,128,0.016117,0,0,0,48,1,3,2.046875,0.075928,0,0.0,0.00342,64
5904b1a751561003,128,0.015994,0,0,0,66,1,5,2.03125,0.108398,0,0.0,0.00206,64
1d3914ccac03908c,128,0.016117,0,0,0,44,1,3,2.046875,0.075928,0,0.0,0.005152,64
fbe8a52ae7c4012f,128,0.015994,0,0,0,56,1,3,2.03125,0.061523,0,0.0,0.005021,64
cc959230ef259619,128,0.016117,0,0,0,43,1,3,2.046875,0.075928,0,0.0,0.005366,64
1094b1769a4e97c0,128,0.015994,1,0,0,62,1,3,2.03125,0.045898,0,0.0,0.002566,64
7fefeb6c02162e5f,128,0.016117,0,0,0,45,1,3,2.046875,0.060303,0,0.0,0.003663,64
1fcc6ac5a9b28002,128,0.015994,0,0,1,91,1,3,2.03125,0.061523,0,0.013021,0.001126,64
4f01972879141e75,128,0.016117,0,0,0,49,1,3,2.046875,0.075928,0,0.0,0.005441,64
2d8679b1d43f602a,128,0.016117,0,0,0,68,1,3,2.046875,0.060303,0,0.0,0.001624,64
7ac0b58ca7795c48,128,0.015994,0,0,0,54,1,4,2.03125,0.077148,0,0.0,0.003224,64
e2674c6c481ee88b,128,0.016117,0,0,0,45,1,3,2.046875,0.075928,0,0.0,0.004985,64
b72b4b1db50ebfbf,128,0.016117,0,0,0,48,1,3,2.046875,0.060303,0,0.0,0.003027,64
f894ed63ba00278a,128,0.016117,0,0,0,44,1,3,2.046875,0.075928,0,0.0,0.004662,64
057af1069c24c633,128,0.015994,1,0,0,68,1,4,2.03125,0.077148,0,0.0,0.002231,64
f48a62913f550052,128,0.016117,1,0,0,44,1,3,2.046875,0.075928,0,0.0,0.00502,64
eaa2b26bdf3b4fb2,128,0.015994,0,0,0,69,1,3,2.03125,0.061523,0,0.0,0.002286,64
e76f05495b5ba715,128,0.016117,0,0,0,46,1,4,2.046875,0.091553,0,0.0,0.003844,64
12e6a14b977a5727,128,0.015994,0,0,0,96,1,4,2.03125,0.077148,0,0.0,0.000973,64
81e177016a1e21a2,128,0.016117,0,0,0,52,1,3,2.046875,0.075928,0,0.0,0.002353,64
72fa961206d77224,128,0.016117,0,0,0,43,1,3,2.046875,0.075928,0,0.0,0.004372,64
5ef324b8ef2bab29,128,0.016117,0,0,0,52,1,3,2.046875,0.075928,0,0.0,0.002864,64
2ea75565bd58c35a,128,0.015994,0,0,0,78,1,3,2.03125,0.061523,0,0.0,0.001369,64
297cabb90d3f62a1,128,0.016117,0,0,0,60,1,4,2.046875,0.091553,0,0.0,0.001893,64
5aa7ad8dbd7ccff0,128,0.016117,0,0,0,49,1,3,2.046875,0.075928,0,0.0,0.003755,64
3d668f24a8b835e0,128,0.015994,0,0,0,62,1,3,2.03125,0.061523,0,0.0,0.002808,64
cca0ea8071e5e26a,128,0.016117,0,0,1,50,1,3,2.046875,0.075928,0,0.013021,0.004171,64
efdbabd999af61a5,128,0.015994,0,0,0,67,1,4,2.03125,0.077148,0,0.0,0.0016,64
6d24d71d72908c65,128,0.016117,0,0,0,41,1,3,2.046875,0.075928,0,0.0,0.005097,64
55594645bab8d325,128,0.016117,0,0,0,89,1,4,2.046875,0.091553,0,0.0,0.000917,64
0cb847752cb156a8,128,0.016117,0,0,0,40,1,3,2.046875,0.075928,0,0.0,0.005321,64
713115071bb9ecff,128,0.016117,0,0,0,62,1,4,2.046875,0.091553,0,0.0,0.002195,64
3baa1dbab006dd0e,128,0.015994,0,0,0,44,1,3,2.03125,0.061523,0,0.0,0.0051,64
615fdfa5804f9ce5,128,0.016117,0,0,0,38,1,4,2.046875,0.091553,0,0.0,0.006505,64
8e076ccdeaa1faa1,128,0.015994,0,0,0,58,1,3,2.03125,0.061523,0,0.0,0.002802,64
549f5e682eb1d4f1,128,0.016117,0,0,0,51,1,3,2.046875,0.075928,0,0.0,0.003887,64
70b7aba6e250dc8f,128,0.015871,0,0,0,111,1,3,2.015625,0.046631,0,0.0,0.000669,64
826c7510242110e6,128,0.016117,0,0,0,83,1,3,2.046875,0.075928,0,0.0,0.000801,64
3bdc71cfca83e11b,128,0.016117,0,0,0,52,1,3,2.046875,0.060303,0,0.0,0.003104,64
3f2a2505bb5b9d5e,128,0.015871,0,0,0,65,1,3,2.015625,0.046631,0,0.0,0.002471,64
3b8a44a49802ef20,128,0.016117,0,0,0,44,1,3,2.046875,0.075928,0,0.0,0.004286,64
09a4a2cd6465a0ae,128,0.016117,0,0,0,71,1,3,2.046875,0.075928,0,0.0,0.001217,64
87dc7d09a1439510,128,0.015994,0,0,0,68,1,3,2.03125,0.045898,0,0.0,0.001543,64
0d0373e074a323c4,128,0.016117,0,0,0,55,1,3,2.046875,0.075928,0,0.0,0.002817,64
4281c9ae4c2ce1ca,128,0.016117,0,0,1,41,1,4,2.046875,0.091553,0,0.00651,0.005709,64
1f7e28ef4ef822ab,128,0.016117,0,0,0,93,1,3,2.046875,0.075928,0,0.0,0.00077,64
96918cb43aa9de34,128,0.015994,1,0,0,44,1,3,2.03125,0.061523,0,0.0,0.004083,64
0c6d7fac1f2da6d0,128,0.016117,0,0,0,41,1,3,2.046875,0.075928,0,0.0,0.005538,64
de7469dcc704081a,128,0.015994,0,0,0,47,1,3,2.03125,0.061523,0,0.0,0.003701,64
547e15777e237583,128,0.016117,0,0,0,84,1,4,2.046875,0.091553,0,0.0,0.000941,64
61f5c1bc78d4b27f,128,0.016117,0,0,0,45,1,3,2.046875,0.075928,0,0.0,0.005043,64
6e06cfbf5b58ced2,128,0.016117,0,0,0,53,1,3,2.046875,0.060303,0,0.0,0.004086,64
d241d7c93ef04a52,128,0.015994,0,0,0,43,1,3,2.03125,0.061523,0,0.0,0.004669,64
97c1f719972f8ab2,128,0.016117,0,0,0,37,1,3,2.046875,0.075928,0,0.0,0.006173,64
232f409535d1aae1,128,0.016117,0,0,0,61,1,3,2.046875,0.075928,0,0.0,0.001631,64
128437bcc3b5eb37,128,0.015994,0,0,0,78,1,3,2.03125,0.061523,0,0.0,0.001331,64
abe29ef0f1ab9ae1,128,0.016117,0,0,0,72,1,3,2.046875,0.075928,0,0.0,0.001403,64
afc8e9f0a95447e1,128,0.015994,0,0,0,72,1,3,2.03125,0.045898,0,0.0,0.002172,64
96206612a7a645d6,128,0.016117,0,0,0,59,1,4,2.046875,0.107178,0,0.0,0.002081,64
d1b43ec96b48cca9,128,0.015994,0,0,0,51,1,3,2.03125,0.061523,0,0.0,0.003244,64
71b00099a3481a7f,128,0.016117,0,0,0,46,1,3,2.046875,0.075928,0,0.0,0.004782,64
661d3a6218761ef1,128,0.016117,0,0,0,43,1,3,2.046875,0.075928,0,0.0,0.00597,64
4a9bde511ba0c116,128,0.016117,0,0,0,40,1,3,2.046875,0.075928,0,0.0,0.005566,64
de4efbb8d0ef01d7,128,0.015871,0,0,0,88,1,3,2.015625,0.046631,0,0.0,0.000942,64
b8a653df76a97dee,128,0.016117,0,0,0,57,1,3,2.046875,0.075928,0,0.0,0.002716,64
4796d6d123369a7d,128,0.015994,0,0,0,52,1,3,2.03125,0.061523,0,0.0,0.002738,64
81d454bf5709f8fc,128,0.016117,0,0,0,64,1,4,2.046875,0.091553,0,0.0,0.001673,64
38c2d7e5053d2c8f,128,0.015994,0,0,0,62,1,3,2.03125,0.061523,0,0.0,0.001781,64
ba26f9ee4308c210,128,0.016117,0,0,0,52,1,4,2.046875,0.091553,0,0.0,0.003006,64
8803d344060a387a,128,0.016117,0,0,0,57,1,3,2.046875,0.075928,0,0.0,0.002847,64
45bf5e37e33fe52c,128,0.015994,1,0,0,101,1,4,2.03125,0.077148,0,0.0,0.000661,64
8ad2963d10c7871c,128,0.015994,0,0,0,66,1,3,2.03125,0.061523,0,0.0,0.001461,64
68d4973caffd0195,128,0.016117,0,0,0,51,1,4,2.046875,0.091553,0,0.0,0.003087,64
02fadcb8c1ba60d0,128,0.015994,0,0,0,62,1,3,2.03125,0.061523,0,0.0,0.00219,64
1104ddd036fd793f,128,0.015994,0,0,0,69,1,3,2.03125,0.061523,0,0.0,0.001265,64
e2e5c93e3cba1db8,128,0.016117,0,0,0,48,1,3,2.046875,0.075928,0,0.0,0.002983,64
9b82844b00dc9f54,128,0.015994,0,0,0,55,1,3,2.03125,0.045898,0,0.0,0.003333,64
1617913d20a9b5b8,128,0.016117,0,0,0,42,1,3,2.046875,0.060303,0,0.0,0.005042,64
2413445381133061,128,0.015871,0,0,0,74,1,3,2.015625,0.046631,0,0.0,0.001594,64
112a30b9786ee5a6,128,0.016117,0,0,1,66,1,3,2.046875,0.075928,0,0.013021,0.002257,64
4b6a7484098c8651,128,0.015994,0,0,0,64,1,3,2.03125,0.061523,0,0.0,0.00168,64
ec7ed1d36dbdf602,128,0.016117,0,0,0,72,1,3,2.046875,0.075928,0,0.0,0.001116,64
d80e9f0a4cca660b,128,0.016117,0,0,0,55,1,4,2.046875,0.091553,0,0.0,0.002813,64
8cbe4e4ca7722c83,128,0.015994,0,0,0,70,1,3,2.03125,0.061523,0,0.0,0.002159,64
a9615b7a534b9c16,128,0.016117,0,0,0,84,1,4,2.046875,0.075928,0,0.0,0.001101,64
497294fdaaed04b1,128,0.016117,0,0,1,87,1,3,2.046875,0.075928,0,0.013021,0.000854,64
ea49476667b53199,128,0.016117,0,0,0,75,1,3,2.046875,0.075928,0,0.0,0.001109,64
b5d9b01fdedb3b76,128,0.015871,0,0,0,60,1,3,2.015625,0.046631,0,0.0,0.002489,64
f5b07cb19c727177,128,0.015994,1,0,0,46,1,3,2.03125,0.045898,0,0.0,0.0042,64
f1968d0836134e60,128,0.016117,0,0,0,76,1,3,2.046875,0.075928,0,0.0,0.001275,64
22feb72b1714841e,128,0.015871,0,0,0,69,1,3,2.015625,0.046631,0,0.0,0.001682,64
9f170fc52ac0ea36,128,0.015994,0,0,0,64,1,3,2.03125,0.061523,0,0.0,0.002833,64
474b68a7d0d869be,128,0.015871,0,0,0,108,1,3,2.015625,0.046631,0,0.0,0.000826,64
3d5fcd6f6179b10d,128,0.015994,0,0,0,55,1,3,2.03125,0.061523,0,0.0,0.003026,64
e9e8d8ec0bd07106,128,0.016117,0,0,0,41,1,3,2.046875,0.060303,0,0.0,0.005744,64
bd315f7861888f19,128,0.015994,0,0,0,87,1,3,2.03125,0.061523,0,0.0,0.000964,64
e9cf3e8844cfbe07,128,0.016117,0,0,0,66,1,3,2.046875,0.075928,0,0.0,0.001697,64
3c1668a89d08a13c,128,0.015994,0,0,0,71,1,3,2.03125,0.061523,0,0.0,0.001692,64
ba6de1f6e06305e3,128,0.016117,0,0,0,80,1,3,2.046875,0.060303,0,0.0,0.001052,64
20e8f61d2b96d441,128,0.015994,0,0,0,72,1,3,2.03125,0.045898,0,0.0,0.00136,64
93fa5cd8d0307147,128,0.016117,0,0,0,55,1,4,2.046875,0.091553,0,0.0,0.001609,64
f1c79d3713711f58,128,0.015871,0,0,0,57,1,3,2.015625,0.031006,0,0.0,0.00272,64
43edb879e0c4c7b3,128,0.015994,0,0,0,51,1,3,2.03125,0.061523,0,0.0,0.003584,64
bbe54bf327a72fbe,128,0.016117,1,0,0,53,1,3,2.046875,0.075928,0,0.0,0.003068,64
5740c8e67ce67c0b,128,0.016117,0,0,0,43,1,3,2.046875,0.075928,0,0.0,0.005187,64
b9fe321bc07eeaca,128,0.016117,1,0,0,66,1,3,2.046875,0.075928,0,0.0,0.001436,64
cb2eff4f153186b5,128,0.016117,0,0,0,42,1,3,2.046875,0.060303,0,0.0,0.006534,64
b290fd963df548f1,128,0.016117,0,0,0,55,1,3,2.046875,0.075928,0,0.0,0.003207,64
2fd22d7ae6565542,128,0.016117,0,0,0,55,1,3,2.046875,0.075928,0,0.0,0.002551,64
5152057fc35d0ebe,128,0.016117,0,0,1,46,1,3,2.046875,0.075928,0,0.013021,0.005,64
5fec7a3faf8ca078,128,0.015994,1,0,0,95,1,3,2.03125,0.061523,0,0.0,0.000934,64
86c0a50ff62c6cc3,128,0.016117,0,0,1,104,1,3,2.046875,0.075928,0,0.013021,0.000892,64
a897196590ae2231,128,0.015871,0,0,0,100,1,3,2.015625,0.046631,0,0.0,0.000715,64
0f64c61ab5813abb,128,0.015994,0,0,0,56,1,3,2.03125,0.061523,0,0.0,0.003663,64
c6447389a2d7f8e9,128,0.016117,1,0,0,56,1,3,2.046875,0.075928,0,0.0,0.002892,64
1de0795e226f280d,128,0.016117,0,0,1,100,1,3,2.046875,0.075928,0,0.013021,0.000716,64
6bba4106d09c311f,128,0.015994,0,0,0,53,1,3,2.03125,0.061523,0,0.0,0.003368,64
8fe4f9f31a666ebf,128,0.016117,0,0,0,67,1,4,2.046875,0.091553,0,0.0,0.00167,64
2a051d5c93db9217,128,0.015994,0,0,0,78,1,4,2.03125,0.061523,0,0.0,0.001036,64
c9fcb3178795b717,128,0.016117,0,0,0,62,1,3,2.046875,0.075928,0,0.0,0.00269,64
4b544fc0444fed72,128,0.015994,0,0,0,95,1,3,2.03125,0.061523,0,0.0,0.000775,64
cad6c6a2c6f6fa4a,128,0.016117,0,0,0,57,1,3,2.046875,0.075928,0,0.0,0.00292,64
4fcdd7856de93ef9,128,0.015994,0,0,0,67,1,3,2.03125,0.061523,0,0.0,0.001415,64
00a73f11e60324c6,128,0.016117,0,0,0,58,1,3,2.046875,0.075928,0,0.0,0.002266,64
ede8500ac79be3a9,128,0.016117,0,0,0,44,1,4,2.046875,0.091553,0,0.0,0.005133,64
96912c371266809d,128,0.016117,0,0,0,42,1,4,2.046875,0.091553,0,0.0,0.005476,64
c472b92a1d8f839e,128,0.015994,1,0,0,62,1,3,2.03125,0.045898,0,0.0,0.001844,64
bffcdde5370a8db7,128,0.016117,0,0,0,57,1,3,2.046875,0.075928,0,0.0,0.002811,64
a54751bc1979256a,128,0.015994,1,0,0,97,1,3,2.03125,0.061523,0,0.0,0.000773,64
4b9d6558a9f95b4d,128,0.016117,0,0,0,53,1,3,2.046875,0.075928,0,0.0,0.003534,64
2c1901d61e75eb90,128,0.016117,0,0,0,50,1,3,2.046875,0.075928,0,0.0,0.003688,64
312a0956980c7ae4,128,0.015994,0,0,0,50,1,4,2.03125,0.077148,0,0.0,0.003801,64
aa2d55ac0a456ed4,128,0.016117,0,0,0,67,1,4,2.046875,0.091553,0,0.0,0.001497,64
9884e179101ece0b,128,0.015994,0,0,1,89,1,3,2.03125,0.061523,0,0.013021,0.001055,64
4510d76326dfc85c,128,0.016117,0,0,0,59,1,3,2.046875,0.060303,0,0.0,0.002801,64
57ca41a783faea72,128,0.016117,0,0,0,54,1,3,2.046875,0.075928,0,0.0,0.003311,64
d3388614c743111f,128,0.015871,0,0,0,64,1,3,2.015625,0.046631,0,0.0,0.002409,64
f4c8f25d73e23e09,128,0.015994,0,0,0,48,1,3,2.03125,0.061523,0,0.0,0.004161,64
cd29ae4a9bcee282,128,0.016117,0,0,0,53,1,3,2.046875,0.060303,0,0.0,0.002973,64
adf60cf46af111bf,128,0.016117,0,0,0,70,1,3,2.046875,0.075928,0,0.0,0.001361,64
6459a2ae5ef9d4a8,128,0.015994,0,0,0,50,1,3,2.03125,0.061523,0,0.0,0.003975,64
db74c2284f31b1a6,128,0.016117,0,0,0,42,1,3,2.046875,0.075928,0,0.0,0.00453,64
40534b7d4a763834,128,0.015994,0,0,0,60,1,3,2.03125,0.045898,0,0.0,0.002813,64
53446c0f43e2cd6b,128,0.016117,0,0,0,74,1,3,2.046875,0.075928,0,0.0,0.001758,64
5acb95cfc3711dd6,128,0.015994,0,0,0,57,1,4,2.03125,0.061523,0,0.0,0.002414,64
595391c1f12237f1,128,0.016117,0,0,0,74,1,3,2.046875,0.075928,0,0.0,0.001221,64
4a51148b29ae71ed,128,0.016117,1,0,0,48,1,3,2.046875,0.060303,0,0.0,0.004205,64
2bd46d5e474ffe4c,128,0.015871,0,0,1,120,1,3,2.015625,0.046631,0,0.013021,0.000678,64
64596facf416b891,128,0.015994,0,0,0,49,1,3,2.03125,0.061523,0,0.0,0.003857,64
192df9b40f03af11,128,0.016117,0,0,0,51,1,3,2.046875,0.075928,0,0.0,0.004186,64
b044cddb0ad852c6,128,0.016117,0,0,0,56,1,3,2.046875,0.075928,0,0.0,0.003016,64
0af4567de6d1a85e,128,0.015871,1,0,0,87,1,3,2.015625,0.046631,0,0.0,0.000972,64
65d5805542950056,128,0.016117,0,0,0,50,1,3,2.046875,0.075928,0,0.0,0.004599,64
2706586353438833,128,0.015994,0,0,0,56,1,3,2.03125,0.061523,0,0.0,0.002713,64
70c0f2ad4b80c8dd,128,0.015871,0,0,0,114,1,3,2.015625,0.046631,0,0.0,0.000646,64
0a176a6195a9d48c,128,0.015994,0,0,0,52,1,3,2.03125,0.061523,0,0.0,0.003073,64
904733c807529a44,128,0.016117,0,0,0,46,1,4,2.046875,0.091553,0,0.0,0.004683,64
5145d5072b4b7f89,128,0.015994,0,0,1,86,1,3,2.03125,0.061523,0,0.013021,0.001081,64
47c951e40b86564f,128,0.016117,0,0,1,69,1,3,2.046875,0.075928,0,0.013021,0.001808,64
f898cbf206e6a1f3,128,0.016117,0,0,0,74,1,3,2.046875,0.075928,0,0.0,0.001326,64
f7cf2259f11a5430,128,0.015994,0,0,0,50,1,3,2.03125,0.045898,0,0.0,0.003608,64
2d7a4fa74d8e7e15,128,0.016117,0,0,0,71,1,4,2.046875,0.091553,0,0.0,0.001198,64
568a380b6c07d8b0,128,0.015994,0,0,0,45,1,3,2.03125,0.061523,0,0.0,0.004647,64
828fe64f5573e5a2,128,0.016117,0,0,0,59,1,3,2.046875,0.075928,0,0.0,0.002343,64
d8b232b2fdf74bbe,128,0.015994,0,0,0,65,1,3,2.03125,0.061523,0,0.0,0.002067,64
17a8cd3ce48ce46e,128,0.016117,0,0,0,53,1,3,2.046875,0.075928,0,0.0,0.00437,64
01062efa0d244c4a,128,0.016117,0,0,0,43,1,3,2.046875,0.060303,0,0.0,0.003835,64
69439397920c3126,128,0.016117,0,0,0,40,1,3,2.046875,0.075928,0,0.0,0.004872,64
97846370c5135614,128,0.015994,0,0,0,49,1,3,2.03125,0.061523,0,0.0,0.004995,64
6f1b9b4d6d3e2e90,128,0.016117,0,0,0,44,1,3,2.046875,0.075928,0,0.0,0.002977,64
eb8b8401aa476dd3,128,0.015994,0,0,0,69,1,3,2.03125,0.061523,0,0.0,0.001605,64
645c3195b1c13fac,128,0.016117,0,0,0,45,1,3,2.046875,0.075928,0,0.0,0.003174,64
d282d81bbe3ee9a0,128,0.016117,0,0,0,54,1,4,2.046875,0.107178,0,0.0,0.002487,64
51f9622b93fda07f,128,0.016117,0,0,0,46,1,3,2.046875,0.075928,0,0.0,0.00445,64
ed9721cbe2b47d49,128,0.016117,1,0,0,73,1,3,2.046875,0.075928,0,0.0,0.001016,64
d12c5d470f4912ab,128,0.016117,0,0,0,50,1,4,2.046875,0.091553,0,0.0,0.001953,64
58ce9aeae791cfc0,128,0.016117,0,0,0,52,1,4,2.046875,0.091553,0,0.0,0.001875,64
40eed2e6b1813a0e,128,0.015994,1,0,0,71,1,3,2.03125,0.061523,0,0.0,0.001448,64
6044f672c3002dd2,128,0.016117,0,0,0,40,1,3,2.046875,0.075928,0,0.0,0.005405,64
0829eb210b3f9a29,128,0.016117,0,0,0,45,1,3,2.046875,0.075928,0,0.0,0.003815,64
ce0922eb8889ae67,128,0.015994,0,0,1,85,1,3,2.03125,0.045898,0,0.013021,0.001086,64
69c74219fcb9bf20,128,0.016117,0,0,1,47,1,3,2.046875,0.075928,0,0.013021,0.005006,64
e0d2e9efdf822cb2,128,0.016117,0,0,0,57,1,4,2.046875,0.091553,0,0.0,0.002552,64
463f12c51adce447,128,0.015871,0,0,0,93,1,3,2.015625,0.046631,0,0.0,0.000885,64
04717a1d3ad162f1,128,0.016117,0,0,0,46,1,3,2.046875,0.075928,0,0.0,0.003564,64
69de60d6b366793f,128,0.016117,0,0,0,81,1,3,2.046875,0.075928,0,0.0,0.00089,64
a1e45f62003d32ef,128,0.015994,0,0,0,68,1,3,2.03125,0.061523,0,0.0,0.001089,64
bba607bc806e52cf,128,0.016117,0,0,0,50,1,3,2.046875,0.075928,0,0.0,0.002889,64
fe6d55e7edac087b,128,0.016117,0,0,0,50,1,3,2.046875,0.075928,0,0.0,0.003839,64
24805c603776130c,128,0.016117,0,0,0,56,1,3,2.046875,0.075928,0,0.0,0.003324,64
19415f94b2cf2156,128,0.016117,0,0,0,76,1,3,2.046875,0.075928,0,0.0,0.001447,64
0c231963d8800058,128,0.015994,0,0,0,54,1,3,2.03125,0.061523,0,0.0,0.004164,64
bf6413ff5bfa1673,128,0.016117,0,0,0,44,1,3,2.046875,0.075928,0,0.0,0.004428,64
20819ebb05c68f6a,128,0.015748,0,0,0,124,1,3,2.0,0.03125,0,0.0,0.000603,64
6b80d9709300bfab,128,0.015994,0,0,0,61,1,3,2.03125,0.061523,0,0.0,0.002288,64
913ac32db74d7ee2,128,0.016117,0,0,0,45,1,3,2.046875,0.075928,0,0.0,0.003421,64
9e57d68b687eabcd,128,0.016117,0,0,2,53,1,3,2.046875,0.075928,0,0.026042,0.002956,64
8523f8fcaa3d8734,128,0.015871,0,0,0,54,1,3,2.015625,0.046631,0,0.0,0.002892,64
c4a4bd1c9a9a0b45,128,0.015994,1,0,0,60,1,3,2.03125,0.045898,0,0.0,0.002696,64
2d0f76c85a62b3ac,128,0.016117,0,0,0,48,1,4,2.046875,0.091553,0,0.0,0.003956,64
a419b4e73d9dcea5,128,0.015994,0,0,0,79,1,3,2.03125,0.061523,0,0.0,0.00146,64
86f8e6b5d14134f4,128,0.016117,0,0,0,45,1,3,2.046875,0.075928,0,0.0,0.003831,64
edcedf4af5ab5ef3,128,0.016117,0,0,0,42,1,3,2.046875,0.075928,0,0.0,0.005274,64
fc166c737e04d308,128,0.015994,0,0,0,110,1,3,2.03125,0.061523,0,0.0,0.000652,64
7cc17bbd791f1592,128,0.016117,0,0,0,54,1,3,2.046875,0.075928,0,0.0,0.002688,64
31a2eee08115c48a,128,0.015871,1,0,0,95,1,3,2.015625,0.046631,0,0.0,0.000913,64
b9a309019ffeeb47,128,0.015994,0,0,1,77,1,3,2.03125,0.061523,0,0.013021,0.001529,64
0be396ee4118fb70,128,0.016117,0,0,0,87,1,3,2.046875,0.075928,0,0.0,0.001377,64
04fac8b5be9eafa4,128,0.016117,1,0,0,51,1,3,2.046875,0.060303,0,0.0,0.003615,64
d4e7fe0ed8b042e4,128,0.015871,0,0,0,53,1,3,2.015625,0.046631,0,0.0,0.002964,64
cd7e154c75067264,128,0.015994,0,0,0,55,1,4,2.03125,0.077148,0,0.0,0.002795,64
34921d384719e493,128,0.016117,0,0,0,41,1,3,2.046875,0.075928,0,0.0,0.005463,64
bcb4be696a90b09c,128,0.016117,0,0,0,81,1,3,2.046875,0.075928,0,0.0,0.000937,64
f63f3c20bd19fbb0,128,0.016117,0,0,0,81,1,3,2.046875,0.060303,0,0.0,0.001076,64
adc1cf9604ebbef4,128,0.015994,0,0,0,59,1,4,2.03125,0.077148,0,0.0,0.002423,64
6972e04a25ab8479,128,0.016117,0,0,0,53,1,3,2.046875,0.075928,0,0.0,0.003145,64
13d25d30b14293d6,128,0.015994,0,0,1,69,1,3,2.03125,0.045898,0,0.013021,0.001724,64
f09c5f5aab0321a6,128,0.016117,0,0,0,68,1,4,2.046875,0.091553,0,0.0,0.001361,64
f5a873d30de4883c,128,0.016117,0,0,0,63,1,3,2.046875,0.075928,0,0.0,0.00208,64
1e8aa389b23aa9d7,128,0.016117,0,0,0,51,1,3,2.046875,0.075928,0,0.0,0.003451,64
4eefb3ca43cd23b7,128,0.015994,0,0,0,83,1,3,2.03125,0.045898,0,0.0,0.000862,64
f6270c79799069f4,128,0.016117,0,0,0,55,1,3,2.046875,0.075928,0,0.0,0.00244,64
ce5e6383b38b0f76,128,0.015994,1,0,0,93,1,3,2.03125,0.045898,0,0.0,0.000816,64
5e38a0eb8d5b226f,128,0.016117,0,0,0,55,1,4,2.046875,0.091553,0,0.0,0.004036,64
afc7a1cc689ad327,128,0.016117,0,0,0,43,1,3,2.046875,0.075928,0,0.0,0.005361,64
93102fb006437d83,128,0.015871,0,0,0,69,1,3,2.015625,0.046631,0,0.0,0.002358,64
e5165f64ac3a1a50,128,0.016117,0,0,0,36,1,3,2.046875,0.060303,0,0.0,0.008639,64
2538c234d1fb601a,128,0.015871,0,0,0,110,1,3,2.015625,0.046631,0,0.0,0.000832,64
b48bb3893f6ac9c0,128,0.016117,0,0,0,78,1,3,2.046875,0.075928,0,0.0,0.001601,64
5915936160f8596a,128,0.016117,0,0,0,52,1,3,2.046875,0.075928,0,0.0,0.003123,64
8cc2a35c58b45d02,128,0.015994,0,0,1,71,1,3,2.03125,0.061523,0,0.013021,0.002086,64
fd21983243d2c659,128,0.016117,0,0,0,50,1,4,2.046875,0.091553,0,0.0,0.003372,64
2d59499be1795c7a,128,0.016117,0,0,0,46,1,3,2.046875,0.075928,0,0.0,0.004326,64
0a8d522e1ba90ebb,128,0.015994,0,0,0,55,1,3,2.03125,0.061523,0,0.0,0.002583,64
95eab754898981bc,128,0.016117,0,0,0,46,1,3,2.046875,0.075928,0,0.0,0.003189,64
523c702b11172140,128,0.015871,0,0,0,53,1,3,2.015625,0.031006,0,0.0,0.003252,64
b4c0d6182a872280,128,0.016117,0,0,0,61,1,3,2.046875,0.075928,0,0.0,0.001573,64
f673e38c415d8609,128,0.016117,0,0,0,58,1,3,2.046875,0.075928,0,0.0,0.002323,64
5a190087f7852c71,128,0.015994,1,0,0,72,1,3,2.03125,0.061523,0,0.0,0.001212,64
da252e48d108d086,128,0.016117,0,0,0,65,1,3,2.046875,0.060303,0,0.0,0.002457,64
221f904f180db802,128,0.015994,0,0,0,57,1,3,2.03125,0.045898,0,0.0,0.002675,64
90dc94a0e4c0b555,128,0.015994,0,0,0,56,1,3,2.03125,0.061523,0,0.0,0.002582,64
3a7da5e5511d8778,128,0.016117,1,0,0,61,1,3,2.046875,0.075928,0,0.0,0.001926,64
f5d16c063055cde1,128,0.015871,0,0,0,88,1,3,2.015625,0.046631,0,0.0,0.001313,64
3d9b066b2e47a57d,128,0.016117,0,0,0,45,1,4,2.046875,0.091553,0,0.0,0.00436,64
1eca72df753b825a,128,0.015871,0,0,0,55,1,3,2.015625,0.046631,0,0.0,0.002955,64
060e68445c705004,128,0.015994,0,0,0,59,1,3,2.03125,0.061523,0,0.0,0.003085,64
493db23a86e753f8,128,0.016117,0,0,0,74,1,3,2.046875,0.075928,0,0.0,0.001523,64
4347e185938a1c61,128,0.016117,0,0,0,50,1,3,2.046875,0.075928,0,0.0,0.004755,64
5e3c2a8bbc14648a,128,0.015994,0,0,0,46,1,4,2.03125,0.061523,0,0.0,0.004257,64
4b53fe4786acc494,128,0.016117,0,0,0,51,1,3,2.046875,0.075928,0,0.0,0.003976,64
c6326eb7ea3c6f78,128,0.016117,0,0,0,43,1,4,2.046875,0.091553,0,0.0,0.004734,64
35b0d8148ccd15fe,128,0.015871,0,0,0,55,1,3,2.015625,0.031006,0,0.0,0.003073,64
a797babf8b32d848,128,0.015994,0,0,0,53,1,3,2.03125,0.061523,0,0.0,0.00346,64
14d8fe9f49f6dc87,128,0.016117,0,0,0,40,1,3,2.046875,0.075928,0,0.0,0.006027,64
16592a54d818af89,128,0.016117,0,0,0,45,1,3,2.046875,0.075928,0,0.0,0.005359,64
1d5d0ffd42fa3f5e,128,0.016117,0,0,0,44,1,3,2.046875,0.075928,0,0.0,0.004271,64
6251c5ca3a5a6cfa,128,0.015994,0,0,0,60,1,3,2.03125,0.045898,0,0.0,0.002007,64
02dd0000de6fc7ff,128,0.016117,0,0,0,76,1,4,2.046875,0.075928,0,0.0,0.001578,64
154b036b6dfe90cf,128,0.015994,0,0,1,93,1,3,2.03125,0.061523,0,0.013021,0.000922,64
17bd69ce53783b81,128,0.016117,0,0,0,44,1,3,2.046875,0.075928,0,0.0,0.003458,64
0ee22cc24ae76e78,128,0.015994,0,0,0,61,1,3,2.03125,0.061523,0,0.0,0.002635,64
567c33f80711d489,128,0.015871,0,0,0,84,1,3,2.015625,0.046631,0,0.0,0.000936,64
b339688b034ab8c9,128,0.016117,1,0,0,62,1,3,2.046875,0.075928,0,0.0,0.001708,64
d3481fb12e1b7ab5,128,0.016117,0,0,0,67,1,3,2.046875,0.075928,0,0.0,0.001408,64
b9f2e621f9ec2e56,128,0.015994,0,0,1,67,1,3,2.03125,0.061523,0,0.013021,0.001791,64
3d42f372d388fb51,128,0.016117,0,0,1,53,1,4,2.046875,0.075928,0,0.011719,0.002909,64
709b7b808100ad78,128,0.015994,0,0,0,93,1,3,2.03125,0.061523,0,0.0,0.000853,64
31f0f7e97becb5bb,128,0.016117,0,0,0,50,1,3,2.046875,0.075928,0,0.0,0.004389,64
f75d7e736b82e87a,128,0.016117,0,0,0,84,1,3,2.046875,0.075928,0,0.0,0.001073,64
da4ea996357a1021,128,0.016117,0,0,1,86,1,3,2.046875,0.075928,0,0.013021,0.001421,64
da6b160cc6665e02,128,0.016117,0,0,0,54,1,3,2.046875,0.075928,0,0.0,0.002286,64
0a4a612d0195ede2,128,0.016117,0,0,0,50,1,3,2.046875,0.075928,0,0.0,0.003815,64
244819135df27b3e,128,0.015748,1,0,0,64,1,3,2.0,0.03125,0,0.0,0.002409,64
48d7377d5fa75c4e,128,0.016117,0,0,0,50,1,4,2.046875,0.091553,0,0.0,0.002748,64
8491ce827fee838d,128,0.016117,0,0,0,57,1,3,2.046875,0.075928,0,0.0,0.002577,64
d2de3762c015aefb,128,0.015994,0,0,0,60,1,3,2.03125,0.061523,0,0.0,0.002936,64
b97255e630b8486a,128,0.016117,0,0,0,67,1,3,2.046875,0.075928,0,0.0,0.00223,64
ca6aea439546fd0a,128,0.015871,1,0,0,73,1,3,2.015625,0.046631,0,0.0,0.001261,64
5597d7d8011e00d2,128,0.016117,0,0,0,48,1,4,2.046875,0.091553,0,0.0,0.004245,64
3058afd17562f192,128,0.016117,0,0,0,54,1,3,2.046875,0.075928,0,0.0,0.00299,64
48599eca4664bc4c,128,0.015994,0,0,0,86,1,4,2.03125,0.077148,0,0.0,0.001173,64
b9bcd7fb31ede06f,128,0.016117,0,0,0,39,1,3,2.046875,0.060303,0,0.0,0.006121,64
1543b6f4b6253b5c,128,0.016117,0,0,0,52,1,4,2.046875,0.075928,0,0.0,0.00488,64
46ba67cae843eb60,128,0.015871,1,0,0,92,1,3,2.015625,0.046631,0,0.0,0.0008,64
c3b38ebcfc2859e3,128,0.015994,0,0,0,62,1,3,2.03125,0.061523,0,0.0,0.003035,64
326bb9af2f8b9d5c,128,0.016117,0,0,0,45,1,4,2.046875,0.091553,0,0.0,0.003951,64
c7b45fcdffdba7d9,128,0.015871,0,0,0,64,1,3,2.015625,0.046631,0,0.0,0.002454,64
e55951c8121c2fd0,128,0.015994,0,0,0,44,1,3,2.03125,0.061523,0,0.0,0.004514,64
9a6855e08f6e228e,128,0.016117,0,0,0,63,1,3,2.046875,0.075928,0,0.0,0.001709,64
ffdc8af6ed3dc473,128,0.016117,0,0,0,62,1,4,2.046875,0.075928,0,0.0,0.002356,64
46abee65910aab32,128,0.015994,0,0,0,55,1,3,2.03125,0.061523,0,0.0,0.002851,64
954b35aca9c7025b,128,0.016117,0,0,0,48,1,3,2.046875,0.075928,0,0.0,0.004737,64
de587810167fbf69,128,0.015871,1,0,0,69,1,3,2.015625,0.046631,0,0.0,0.002235,64
8256c3fcb58544cd,128,0.016117,0,0,0,56,1,4,2.046875,0.091553,0,0.0,0.003008,64
174af430c1a9eaa6,128,0.016117,0,0,0,43,1,3,2.046875,0.075928,0,0.0,0.005429,64
66ad6c2b457a16f3,128,0.015871,0,0,1,109,1,3,2.015625,0.046631,0,0.013021,0.000766,64
cdd5bdb0a732135b,128,0.016117,0,0,0,45,1,3,2.046875,0.075928,0,0.0,0.004261,64
18750c346deb0f13,128,0.016117,0,0,0,57,1,4,2.046875,0.091553,0,0.0,0.002339,64
fd35a687320e82ce,128,0.015994,0,0,0,68,1,4,2.03125,0.077148,0,0.0,0.001489,64
3c925cd4f60f1bf0,128,0.016117,0,0,0,45,1,4,2.046875,0.091553,0,0.0,0.005159,64
6af86381c8296fa3,128,0.016117,0,0,0,56,1,3,2.046875,0.075928,0,0.0,0.003018,64
58a01420ff7ac5e6,128,0.016117,0,0,1,69,1,3,2.046875,0.075928,0,0.013021,0.002404,64
8ca9f42a2b412697,128,0.015994,0,0,0,70,1,3,2.03125,0.061523,0,0.0,0.00215,64
6c943fbf174e1d7b,128,0.016117,0,0,0,45,1,3,2.046875,0.075928,0,0.0,0.00391,64
998a04feef85c9be,128,0.016117,0,0,0,48,1,3,2.046875,0.075928,0,0.0,0.003777,64
b59314e32f875949,128,0.015871,1,0,0,70,1,3,2.015625,0.046631,0,0.0,0.00236,64
624fa544d58d5fad,128,0.016117,0,0,0,68,1,3,2.046875,0.075928,0,0.0,0.001742,64
17e9c65127936dd6,128,0.016117,0,0,0,42,1,3,2.046875,0.075928,0,0.0,0.006101,64
4b668bf0502f34cf,128,0.016117,0,0,0,50,1,3,2.046875,0.075928,0,0.0,0.004071,64
93e0150bc1f0f503,128,0.016117,0,0,0,73,1,3,2.046875,0.060303,0,0.0,0.001473,64
d0c6ed5c814030a3,128,0.015994,0,0,0,68,1,4,2.03125,0.077148,0,0.0,0.001656,64
38b631de206b9974,128,0.016117,0,0,1,68,1,3,2.046875,0.075928,0,0.013021,0.001408,64
2e82db1e1f2b8c42,128,0.016117,0,0,0,41,1,3,2.046875,0.075928,0,0.0,0.006529,64
863d7e9d521d5354,128,0.015994,0,0,1,54,1,4,2.03125,0.077148,0,0.00651,0.002947,64
2f88ed8e83f99887,128,0.015871,0,0,0,70,1,3,2.015625,0.046631,0,0.0,0.00129,64
44d5828f582552cd,128,0.016117,0,0,0,42,1,3,2.046875,0.060303,0,0.0,0.004843,64
504ec821806f3a08,128,0.015871,1,0,0,63,1,3,2.015625,0.046631,0,0.0,0.00251,64
ce3707ef6dba7492,128,0.015994,0,0,0,60,1,3,2.03125,0.045898,0,0.0,0.00257,64
cd85ffb0aa7094f5,128,0.016117,0,0,0,48,1,3,2.046875,0.075928,0,0.0,0.004249,64
9bd69a23b2f7cda0,128,0.015871,0,0,0,116,1,3,2.015625,0.046631,0,0.0,0.000618,64
8320160f45a5e133,128,0.015994,0,0,0,75,1,3,2.03125,0.061523,0,0.0,0.00127,64
381950619691815c,128,0.016117,0,0,0,69,1,3,2.046875,0.075928,0,0.0,0.002116,64
58e0de2cbffcaeba,128,0.016117,0,0,0,49,1,4,2.046875,0.091553,0,0.0,0.004622,64
ea60b378af8dc1cf,128,0.015994,0,0,0,59,1,3,2.03125,0.061523,0,0.0,0.002558,64
bc0d6d1ba22d85bd,128,0.015994,1,0,0,81,1,3,2.03125,0.061523,0,0.0,0.000869,64
b38410c88e69f680,128,0.016117,0,0,0,64,1,4,2.046875,0.091553,0,0.0,0.001968,64
a1c89140a312c0fb,128,0.015994,0,0,0,57,1,3,2.03125,0.045898,0,0.0,0.00242,64
7afa61be9a33f149,128,0.016117,0,0,0,64,1,3,2.046875,0.060303,0,0.0,0.002311,64
bcf3441e383b85f0,128,0.015871,1,0,0,72,1,3,2.015625,0.046631,0,0.0,0.00211,64
87017f32a1df251b,128,0.015994,0,0,0,92,1,3,2.03125,0.061523,0,0.0,0.000816,64
be72c55fdac8880d,128,0.016117,0,0,0,39,1,3,2.046875,0.075928,0,0.0,0.005421,64
b5998a54e84df171,128,0.016117,0,0,0,78,1,3,2.046875,0.075928,0,0.0,0.001235,64
94225fc0d02235e4,128,0.016117,0,0,1,67,1,3,2.046875,0.075928,0,0.013021,0.001606,64
2ccca764b32e0de6,128,0.015871,0,0,0,82,1,3,2.015625,0.046631,0,0.0,0.001082,64
b0071ecce9779715,128,0.016117,0,0,0,58,1,4,2.046875,0.091553,0,0.0,0.003382,64
193f5be102a469e5,128,0.016117,0,0,0,54,1,3,2.046875,0.075928,0,0.0,0.001724,64
1b0617ed8d2dbfce,128,0.016117,0,0,0,50,1,3,2.046875,0.075928,0,0.0,0.003481,64
530bb14d1d0e588a,128,0.016117,0,0,0,50,1,3,2.046875,0.075928,0,0.0,0.003957,64
3d51f3e39abf0367,128,0.016117,0,0,1,76,1,3,2.046875,0.075928,0,0.013021,0.001369,64
5c2917a2999c06b3,128,0.016117,0,0,0,48,1,3,2.046875,0.075928,0,0.0,0.003521,64
975a31893b3f4da2,128,0.016117,0,0,0,70,1,3,2.046875,0.075928,0,0.0,0.001343,64
adbfe1f2592933f8,128,0.016117,0,0,0,46,1,3,2.046875,0.075928,0,0.0,0.004728,64
fcaedc9b0f8219f5,128,0.016117,0,0,1,82,1,3,2.046875,0.075928,0,0.013021,0.001134,64
563e59e4c67969e4,128,0.016117,0,0,0,97,1,3,2.046875,0.075928,0,0.0,0.000889,64
9956ae4a0b1cd380,128,0.016117,0,0,0,35,1,3,2.046875,0.075928,0,0.0,0.007599,64
56b524d34eebd4c6,128,0.016117,0,0,0,62,1,3,2.046875,0.060303,0,0.0,0.001946,64
3980b7816e1515f5,128,0.016117,0,0,0,51,1,3,2.046875,0.060303,0,0.0,0.003472,64
b45942b1bbb4437f,128,0.015994,0,0,0,66,1,3,2.03125,0.061523,0,0.0,0.002391,64
ec9fa194c5a2a26c,128,0.016117,0,0,0,57,1,3,2.046875,0.075928,0,0.0,0.001705,64
b898d2cf3cd7bc84,128,0.016117,0,0,0,45,1,3,2.046875,0.075928,0,0.0,0.003898,64
11b93789b5d720ba,128,0.016117,0,0,0,59,1,4,2.046875,0.091553,0,0.0,0.00235,64
27d1f8900f407b7f,128,0.015994,0,0,0,50,1,4,2.03125,0.077148,0,0.0,0.003498,64
1ed61fd576808f79,128,0.016117,0,0,0,61,1,4,2.046875,0.091553,0,0.0,0.00203,64
1050dc39d04cacf6,128,0.015871,0,0,1,116,1,3,2.015625,0.046631,0,0.013021,0.000659,64
5fb8fcfcdf1a4ab7,128,0.015994,1,0,0,77,1,3,2.03125,0.061523,0,0.0,0.001486,64
c0202df137016531,128,0.016117,1,0,0,52,1,3,2.046875,0.060303,0,0.0,0.003696,64
62e2d21bba09d34f,128,0.016117,0,0,0,41,1,3,2.046875,0.075928,0,0.0,0.004153,64
c4a66280ce179ab4,128,0.016117,0,0,0,39,1,3,2.046875,0.075928,0,0.0,0.005847,64
fb4dbb20817d95ae,128,0.015871,0,0,0,97,1,3,2.015625,0.031006,0,0.0,0.000717,64
3dc2eb27ed879829,128,0.015994,0,0,0,49,1,3,2.03125,0.061523,0,0.0,0.003472,64
c44f827f5b59be53,128,0.015871,0,0,0,63,1,3,2.015625,0.046631,0,0.0,0.002475,64
433c9803ef715fd9,128,0.016117,0,0,0,55,1,3,2.046875,0.060303,0,0.0,0.002918,64
106b8ecb53ce1479,128,0.015871,0,0,0,94,1,3,2.015625,0.046631,0,0.0,0.000807,64
db06e28a03650c52,128,0.015994,0,0,0,70,1,3,2.03125,0.061523,0,0.0,0.001409,64
e24fab85a7ec5a7b,128,0.016117,0,0,0,43,1,3,2.046875,0.060303,0,0.0,0.005595,64
d14e5d0035373158,128,0.016117,0,0,0,37,1,4,2.046875,0.107178,0,0.0,0.006542,64
ca64ba53970df9d6,128,0.015994,0,0,0,61,1,3,2.03125,0.061523,0,0.0,0.00153,64
24d1156dc48cb7bf,128,0.016117,0,0,0,44,1,3,2.046875,0.075928,0,0.0,0.004991,64
4be2411b04875c21,128,0.015994,0,0,0,58,1,3,2.03125,0.061523,0,0.0,0.002502,64
f26dec729d0f6730,128,0.015748,0,0,0,124,1,3,2.0,0.03125,0,0.0,0.000604,64
6781ae9fa175fd20,128,0.015994,1,0,0,66,1,3,2.03125,0.061523,0,0.0,0.002386,64
4384e00f0e6fd492,128,0.016117,0,0,0,66,1,3,2.046875,0.075928,0,0.0,0.002036,64
fec9b2c22df61dbd,128,0.015994,0,0,0,47,1,3,2.03125,0.061523,0,0.0,0.00319,64
702b832b53954d16,128,0.016117,0,0,0,45,1,3,2.046875,0.075928,0,0.0,0.00511,64
694cb7120632843c,128,0.016117,0,0,0,41,1,3,2.046875,0.060303,0,0.0,0.00562,64
0cb6f8a03c75459d,128,0.016117,0,0,0,56,1,3,2.046875,0.060303,0,0.0,0.002061,64
dece6953c88e3c4d,128,0.015871,1,0,0,81,1,3,2.015625,0.046631,0,0.0,0.001104,64
b04038e40b14e453,128,0.016117,0,0,0,64,1,3,2.046875,0.075928,0,0.0,0.001661,64
1dac99128c0c4ed3,128,0.015994,1,0,0,56,1,3,2.03125,0.061523,0,0.0,0.003326,64
524470b9105e2c33,128,0.016117,0,0,0,48,1,3,2.046875,0.075928,0,0.0,0.005266,64
d8c1b8fc15886e45,128,0.015748,1,0,0,65,1,3,2.0,0.03125,0,0.0,0.002409,64
ffd774483c89d130,128,0.015871,0,0,0,74,1,3,2.015625,0.046631,0,0.0,0.001781,64
1e33ce43cda3e510,128,0.015994,0,0,0,53,1,3,2.03125,0.061523,0,0.0,0.003413,64
63a8af16b5512e3c,128,0.016117,0,0,0,52,1,3,2.046875,0.075928,0,0.0,0.004189,64
33eabfe569ac3182,128,0.016117,0,0,0,51,1,4,2.046875,0.091553,0,0.0,0.002871,64
05f74b5bcaf5c60c,128,0.015994,0,0,0,54,1,3,2.03125,0.061523,0,0.0,0.003486,64
55ce94b82bd47521,128,0.015994,0,0,0,56,1,3,2.03125,0.061523,0,0.0,0.002391,64
00bb13ace675d9be,128,0.016117,0,0,0,75,1,3,2.046875,0.060303,0,0.0,0.000893,64
559b6cfdf3b79560,128,0.016117,0,0,0,53,1,3,2.046875,0.075928,0,0.0,0.003049,64
b094853d4f80f085,128,0.016117,0,0,0,65,1,3,2.046875,0.075928,0,0.0,0.001618,64
5e1fd475d800b5b3,128,0.016117,0,0,0,49,1,4,2.046875,0.091553,0,0.0,0.004384,64
a4b84a180ffaf75e,128,0.016117,0,0,0,50,1,3,2.046875,0.075928,0,0.0,0.003594,64
8a8823b8baa38e57,128,0.016117,0,0,0,49,1,3,2.046875,0.060303,0,0.0,0.003677,64
4470f09cac155c45,128,0.016117,0,0,0,42,1,3,2.046875,0.075928,0,0.0,0.00522,64
234da51123d4ef33,128,0.016117,0,0,1,69,1,4,2.046875,0.091553,0,0.011719,0.001874,64
5857102589faeebd,128,0.016117,0,0,1,53,1,3,2.046875,0.075928,0,0.013021,0.003382,64
a9a2889e86e9220d,128,0.015871,0,0,1,82,1,3,2.015625,0.046631,0,0.013021,0.00139,64
0b920aeaf5e353ff,128,0.016117,0,0,0,46,1,3,2.046875,0.060303,0,0.0,0.003818,64
f80586109bab351a,128,0.015994,0,0,0,54,1,3,2.03125,0.061523,0,0.0,0.003341,64
a8d343ab4b49b8ea,128,0.015994,0,0,0,47,1,3,2.03125,0.061523,0,0.0,0.004237,64
edfa2f1102a9f3c0,128,0.016117,0,0,0,48,1,4,2.046875,0.075928,0,0.0,0.00404,64
b64c51856e5f187c,128,0.016117,0,0,0,62,1,3,2.046875,0.075928,0,0.0,0.001641,64
ca191c836b2b6168,128,0.015994,0,0,0,48,1,3,2.03125,0.061523,0,0.0,0.004119,64
7c49337944a6eef8,128,0.016117,0,0,0,51,1,3,2.046875,0.075928,0,0.0,0.003623,64
4a7d8c188defc15e,128,0.016117,0,0,0,55,1,3,2.046875,0.075928,0,0.0,0.001837,64
b55ecca2950b7666,128,0.016117,0,0,0,44,1,4,2.046875,0.091553,0,0.0,0.005516,64
7826ec1b53867f7b,128,0.016117,1,0,0,59,1,3,2.046875,0.060303,0,0.0,0.002707,64
7072aa24a17d7481,128,0.016117,0,0,0,59,1,4,2.046875,0.075928,0,0.0,0.002362,64
fcf614e7027c3d9a,128,0.015994,0,0,0,54,1,3,2.03125,0.045898,0,0.0,0.003401,64
adbd90886f750094,128,0.015871,0,0,0,63,1,3,2.015625,0.046631,0,0.0,0.002425,64
e3511766c79ed812,128,0.015994,1,0,0,68,1,3,2.03125,0.045898,0,0.0,0.00242,64
645186aa8536416d,128,0.016117,1,0,0,50,1,3,2.046875,0.075928,0,0.0,0.003764,64
6403d1cbd0db423c,128,0.016117,0,0,0,50,1,4,2.046875,0.091553,0,0.0,0.003484,64
dbaebb846c7de664,128,0.016117,0,0,0,44,1,3,2.046875,0.060303,0,0.0,0.004854,64
d6d108d472e4aa48,128,0.016117,0,0,0,46,1,3,2.046875,0.075928,0,0.0,0.004077,64
24d93706bf4a661d,128,0.015871,0,0,0,61,1,3,2.015625,0.046631,0,0.0,0.002542,64
379093f7f0f814cf,128,0.015994,0,0,0,53,1,3,2.03125,0.045898,0,0.0,0.003194,64
3b0af6ab49ac5a1a,128,0.016117,0,0,0,72,1,3,2.046875,0.075928,0,0.0,0.001536,64
31529d0bfa617f61,128,0.016117,0,0,0,54,1,4,2.046875,0.091553,0,0.0,0.00334,64
e901f253d17d154f,128,0.015994,0,0,0,58,1,3,2.03125,0.061523,0,0.0,0.002881,64
c3fa532826fce450,128,0.016117,0,0,0,64,1,3,2.046875,0.075928,0,0.0,0.001543,64
a8f97cc7e8eafca9,128,0.015994,1,0,0,57,1,3,2.03125,0.061523,0,0.0,0.002602,64
8c5b62f047ea08b1,128,0.016117,0,0,0,55,1,3,2.046875,0.075928,0,0.0,0.002278,64
327e45962128088e,128,0.015994,1,0,0,58,1,3,2.03125,0.061523,0,0.0,0.002733,64
b1363128421018fb,128,0.016117,0,0,0,48,1,3,2.046875,0.075928,0,0.0,0.00411,64
3337505fb2286088,128,0.016117,0,0,0,54,1,3,2.046875,0.075928,0,0.0,0.001912,64
bd0cdada7c373eb2,128,0.016117,0,0,0,48,1,3,2.046875,0.075928,0,0.0,0.003724,64
de01097891251bb5,128,0.016117,0,0,0,51,1,3,2.046875,0.075928,0,0.0,0.003823,64
6bba32b2f14ec696,128,0.015994,1,0,0,51,1,3,2.03125,0.061523,0,0.0,0.003568,64
5d49398912af66bc,128,0.016117,1,0,0,45,1,3,2.046875,0.075928,0,0.0,0.005357,64
6091d38944e0474f,128,0.015748,0,0,1,126,1,3,2.0,0.03125,0,0.013021,0.000603,64
12cd0bce152e928c,128,0.015994,0,0,1,62,1,3,2.03125,0.061523,0,0.013021,0.002396,64
1be41b712534d29b,128,0.016117,0,0,0,44,1,4,2.046875,0.091553,0,0.0,0.005377,64
6afc9aae2999e133,128,0.016117,0,0,0,58,1,3,2.046875,0.075928,0,0.0,0.002878,64
f340de633c0f43f9,128,0.015994,0,0,0,54,1,4,2.03125,0.077148,0,0.0,0.00413,64
bb629e87a9fb0bae,128,0.016117,0,0,0,43,1,3,2.046875,0.075928,0,0.0,0.005021,64
a6d2c607ed5e2fb6,128,0.016117,0,0,0,59,1,4,2.046875,0.091553,0,0.0,0.002639,64
13f3de50eb5fbea5,128,0.016117,0,0,0,51,1,3,2.046875,0.060303,0,0.0,0.003052,64
b5e50161e4268a20,128,0.016117,0,0,0,56,1,3,2.046875,0.060303,0,0.0,0.002942,64
b3d93f34b25050df,128,0.015871,0,0,0,116,1,3,2.015625,0.031006,0,0.0,0.000612,64
b19b13f6b2932f0b,128,0.016117,0,0,0,68,1,3,2.046875,0.075928,0,0.0,0.001915,64
1d1d27847b456007,128,0.015994,0,0,1,104,1,3,2.03125,0.061523,0,0.013021,0.000643,64
be4c8f8bdc159346,128,0.016117,0,0,0,43,1,3,2.046875,0.075928,0,0.0,0.005413,64
22d16a1675ae32a8,128,0.016117,0,0,0,69,1,3,2.046875,0.075928,0,0.0,0.001785,64
035bf4efc5f347aa,128,0.015994,0,0,1,51,1,3,2.03125,0.061523,0,0.013021,0.003168,64
ee7e359eeada0197,128,0.016117,0,0,0,41,1,4,2.046875,0.091553,0,0.0,0.004485,64
8f9776046772c071,128,0.016117,0,0,0,63,1,3,2.046875,0.075928,0,0.0,0.001097,64
c9668ec484c34319,128,0.016117,1,0,0,44,1,4,2.046875,0.091553,0,0.0,0.005148,64
961d47227fba14a9,128,0.015994,0,0,0,59,1,3,2.03125,0.061523,0,0.0,0.002887,64
b83e22464e3d8db0,128,0.016117,0,0,0,45,1,4,2.046875,0.091553,0,0.0,0.00265,64
ed59f4ac6f6d7385,128,0.015994,0,0,0,77,1,4,2.03125,0.077148,0,0.0,0.001022,64
cb2010e7ef3fe10c,128,0.016117,0,0,0,52,1,3,2.046875,0.075928,0,0.0,0.002723,64
e89064fa9141124f,128,0.016117,0,0,0,99,1,4,2.046875,0.091553,0,0.0,0.000774,64
55e11d6eff0ca7b8,128,0.015994,0,0,0,59,1,4,2.03125,0.077148,0,0.0,0.001922,64
fb8cafa276df2ade,128,0.016117,0,0,0,54,1,4,2.046875,0.091553,0,0.0,0.002907,64
94fdca17c01d5ea6,128,0.016117,0,0,1,73,1,3,2.046875,0.075928,0,0.013021,0.002096,64
94f8417401e9920a,128,0.016117,0,0,0,44,1,4,2.046875,0.091553,0,0.0,0.006233,64
aaa72e8e9565c698,128,0.015994,0,0,0,83,1,3,2.03125,0.061523,0,0.0,0.001052,64
0732d2dc9bc8a339,128,0.016117,0,0,1,51,1,4,2.046875,0.091553,0,0.011719,0.003317,64
190fda1e4ed082a5,128,0.015994,0,0,0,69,1,3,2.03125,0.061523,0,0.0,0.001868,64
f0f3ac45dcce0684,128,0.015994,1,0,0,55,1,3,2.03125,0.061523,0,0.0,0.003385,64
3ccd564ca20f02f2,128,0.016117,0,0,0,57,1,4,2.046875,0.091553,0,0.0,0.002534,64
98a51f587f0e51b2,128,0.016117,0,0,0,46,1,3,2.046875,0.075928,0,0.0,0.004642,64
daca7151e80d4a8e,128,0.015994,0,0,0,60,1,4,2.03125,0.077148,0,0.0,0.002082,64
e89940171b4b14d6,128,0.016117,0,0,0,48,1,4,2.046875,0.075928,0,0.0,0.003644,64
2dbf3d50a678d931,128,0.015994,0,0,0,44,1,3,2.03125,0.061523,0,0.0,0.004258,64
0760369cded20d1f,128,0.016117,0,0,0,71,1,3,2.046875,0.075928,0,0.0,0.001348,64
d8f2595788586104,128,0.015871,0,0,0,49,1,3,2.015625,0.046631,0,0.0,0.004439,64
9fa856f2ac1efc2a,128,0.015994,0,0,0,47,1,3,2.03125,0.061523,0,0.0,0.004444,64
311557f51364cd2c,128,0.015871,1,0,0,64,1,3,2.015625,0.046631,0,0.0,0.002552,64
46b2a56f4c828c00,128,0.015994,0,0,0,38,1,3,2.03125,0.061523,0,0.0,0.007621,64
ba1293ce12a3fe38,128,0.015994,0,0,0,61,1,4,2.03125,0.077148,0,0.0,0.002232,64
f70354da304f0328,128,0.015871,0,0,0,52,1,3,2.015625,0.046631,0,0.0,0.003058,64
6c53c1d8bb65ddbc,128,0.015994,0,0,0,53,1,3,2.03125,0.045898,0,0.0,0.003757,64
8378265f97cb97ad,128,0.016117,0,0,0,50,1,3,2.046875,0.075928,0,0.0,0.00354,64
41c0ff02f0c22228,128,0.015994,0,0,0,55,1,3,2.03125,0.061523,0,0.0,0.002805,64
d0e6ecb81618a673,128,0.016117,0,0,0,61,1,4,2.046875,0.091553,0,0.0,0.002639,64
bc5253b59621cb3d,128,0.015994,0,0,0,46,1,3,2.03125,0.061523,0,0.0,0.004361,64
1df8b3a5216b4cc8,128,0.016117,0,0,0,41,1,3,2.046875,0.075928,0,0.0,0.005349,64
cecaa61d65744464,128,0.015994,0,0,0,74,1,3,2.03125,0.061523,0,0.0,0.001291,64
d65613a37c555f98,128,0.015994,0,0,0,57,1,3,2.03125,0.061523,0,0.0,0.003751,64
11e776ca07f30b0e,128,0.015994,0,0,0,49,1,4,2.03125,0.077148,0,0.0,0.003464,64
9cf92b5871aef040,128,0.016117,0,0,0,43,1,4,2.046875,0.091553,0,0.0,0.003792,64
d9e1beec67366963,128,0.016117,0,0,0,48,1,3,2.046875,0.075928,0,0.0,0.004349,64
7738bd159cf47945,128,0.015871,1,0,0,82,1,3,2.015625,0.046631,0,0.0,0.001274,64
b13cd0a87e815696,128,0.016117,0,0,0,50,1,3,2.046875,0.075928,0,0.0,0.003433,64
2475f935a0324107,128,0.015994,0,0,0,99,1,3,2.03125,0.061523,0,0.0,0.000813,64
3b385983430cf158,128,0.016117,0,0,1,74,1,3,2.046875,0.075928,0,0.013021,0.001621,64
d3769e131a0a9393,128,0.015994,0,0,0,54,1,3,2.03125,0.061523,0,0.0,0.002809,64
8bcbd9ba5f8e6bfa,128,0.016117,0,0,0,48,1,3,2.046875,0.075928,0,0.0,0.002776,64
4ce7e17dd7d60cb6,128,0.016117,0,0,0,79,1,4,2.046875,0.091553,0,0.0,0.000901,64
2747429ce8548775,128,0.015994,0,0,0,66,1,3,2.03125,0.061523,0,0.0,0.002266,64
86088ca7116979aa,128,0.016117,0,0,0,53,1,3,2.046875,0.075928,0,0.0,0.003075,64
9405aceaf70817c7,128,0.015994,1,0,0,95,1,4,2.03125,0.077148,0,0.0,0.000761,64
a41d7a68e6efd85b,128,0.016117,0,0,0,57,1,3,2.046875,0.075928,0,0.0,0.002995,64
ab41f6c340be95f0,128,0.016117,0,0,1,70,1,4,2.046875,0.091553,0,0.011719,0.001623,64
a13c0f4c7bb7b5b1,128,0.016117,0,0,0,58,2,3,2.046875,0.044678,0,0.0,0.00217,64
fa800f8d55bb4658,128,0.016117,0,0,0,47,1,3,2.046875,0.075928,0,0.0,0.004423,64
273155ebb2f05bec,128,0.016117,0,0,0,57,1,3,2.046875,0.060303,0,0.0,0.00261,64
19b97413843fd452,128,0.016117,0,0,0,67,1,3,2.046875,0.075928,0,0.0,0.001517,64
706a42ac38b2970a,128,0.015871,0,0,0,113,1,3,2.015625,0.046631,0,0.0,0.000619,64
54d4f814b793448a,128,0.016117,0,0,0,70,1,3,2.046875,0.075928,0,0.0,0.001578,64
ca8ef08615f26e62,128,0.016117,0,0,0,47,1,3,2.046875,0.075928,0,0.0,0.004229,64
715af85f8e7b17cc,128,0.015994,0,0,1,88,1,3,2.03125,0.061523,0,0.013021,0.000838,64
fd84064d313001d3,128,0.016117,1,0,0,48,1,3,2.046875,0.075928,0,0.0,0.004233,64
a3e6074d9f69cd2a,128,0.015994,0,0,0,50,1,3,2.03125,0.061523,0,0.0,0.003596,64
aebaa2fe5d3b07f0,128,0.016117,0,0,0,98,1,3,2.046875,0.060303,0,0.0,0.000841,64
c620a934197b5c11,128,0.015994,0,0,1,74,1,3,2.03125,0.061523,0,0.013021,0.001652,64
627205c07d5ae2e2,128,0.016117,0,0,0,54,1,3,2.046875,0.075928,0,0.0,0.003061,64
559f8465bb5adbbc,128,0.016117,0,0,0,50,1,3,2.046875,0.075928,0,0.0,0.003589,64
9df2d0f1f36d7e7a,128,0.015994,0,0,0,47,1,4,2.03125,0.077148,0,0.0,0.004371,64
837e1fb5b64369cd,128,0.016117,0,0,1,67,1,4,2.046875,0.091553,0,0.013021,0.001667,64
b0e9bf4f26ac8c09,128,0.016117,0,0,0,49,1,3,2.046875,0.075928,0,0.0,0.004281,64
3cba2c742178d144,128,0.016117,0,0,0,60,2,3,2.046875,0.044678,0,0.0,0.002555,64
302d0ac828107e1f,128,0.016117,1,0,0,50,1,3,2.046875,0.060303,0,0.0,0.003219,64
5dce61888990cdca,128,0.016117,0,0,0,56,1,3,2.046875,0.075928,0,0.0,0.00231,64
3a94eb77246fedc9,128,0.016117,0,0,1,50,1,3,2.046875,0.075928,0,0.013021,0.00397,64
9c454eee7114a570,128,0.015994,0,0,0,67,1,3,2.03125,0.061523,0,0.0,0.001665,64
6299f6d14995ca32,128,0.016117,0,0,0,48,1,4,2.046875,0.091553,0,0.0,0.003526,64
e7ace80168d966f9,128,0.016117,0,0,0,54,1,3,2.046875,0.075928,0,0.0,0.00314,64
c132d29ca89e9540,128,0.015994,0,0,0,54,1,3,2.03125,0.061523,0,0.0,0.003188,64
583549c5394c369f,128,0.016117,0,0,0,73,1,3,2.046875,0.075928,0,0.0,0.001128,64
66b6e78f1aca1172,128,0.015994,0,0,0,63,2,3,2.03125,0.030273,0,0.0,0.002495,64
8f970a14a90fdb0d,128,0.015871,0,0,0,48,1,3,2.015625,0.046631,0,0.0,0.005351,64
5ade194157d1d2aa,128,0.015994,0,0,0,54,1,3,2.03125,0.061523,0,0.0,0.00255,64
3ef3918a1b359ffa,128,0.016117,0,0,0,54,1,4,2.046875,0.091553,0,0.0,0.003987,64
a09dd36ceea7045c,128,0.015994,0,0,0,60,1,3,2.03125,0.061523,0,0.0,0.001617,64
0b7b802228d8821e,128,0.016117,0,0,1,57,1,3,2.046875,0.075928,0,0.013021,0.002975,64
1eccadc9c7ad3b4c,128,0.015994,0,0,1,90,1,3,2.03125,0.061523,0,0.013021,0.000919,64
728af168a168b7f7,128,0.015994,0,0,1,58,1,3,2.03125,0.045898,0,0.013021,0.002728,64
1ec20202e765536b,128,0.016117,0,0,0,49,1,3,2.046875,0.075928,0,0.0,0.00307,64
9b2666027e8d96b1,128,0.015994,0,0,0,61,1,4,2.03125,0.061523,0,0.0,0.002226,64
678f6cf30d292782,128,0.016117,0,0,0,42,1,3,2.046875,0.075928,0,0.0,0.006492,64
2a274ea37b7b6cd3,128,0.016117,0,0,0,45,1,3,2.046875,0.075928,0,0.0,0.005218,64
1b000fc387d5bca5,128,0.015994,0,0,0,53,1,3,2.03125,0.061523,0,0.0,0.003026,64
abd639844368ccbb,128,0.016117,0,0,0,52,1,3,2.046875,0.075928,0,0.0,0.002802,64
5e6a751cf0478db7,128,0.015994,0,0,0,54,1,3,2.03125,0.061523,0,0.0,0.002935,64
320a7f8c3c97a032,128,0.016117,0,0,0,54,1,3,2.046875,0.060303,0,0.0,0.001785,64
306294f6edd63546,128,0.015994,0,0,0,47,1,3,2.03125,0.061523,0,0.0,0.004028,64
038f84261120b758,128,0.016117,0,0,0,46,1,5,2.046875,0.122803,0,0.0,0.003953,64
b0e1c4a3d6a677ae,128,0.016117,0,0,0,48,1,3,2.046875,0.075928,0,0.0,0.003605,64
c4764c6249528880,128,0.016117,0,0,0,68,1,3,2.046875,0.060303,0,0.0,0.001838,64
2404e77437a65a93,128,0.015994,0,0,0,87,1,4,2.03125,0.077148,0,0.0,0.001086,64
043d929148650f31,128,0.016117,0,0,1,56,1,3,2.046875,0.075928,0,0.013021,0.00206,64
51aee7a7fd7c56ec,128,0.015994,0,0,0,48,1,3,2.03125,0.061523,0,0.0,0.003938,64
b9a14e28553c31e7,128,0.016117,0,0,0,46,1,4,2.046875,0.091553,0,0.0,0.003772,64
03bbcc4c8a2d931e,128,0.016117,0,0,0,53,1,3,2.046875,0.075928,0,0.0,0.003107,64
4e8a1aba3ad54afb,128,0.016117,0,0,0,82,1,3,2.046875,0.075928,0,0.0,0.000846,64
70f4fff4c051a012,128,0.016117,0,0,0,40,1,4,2.046875,0.091553,0,0.0,0.005678,64
189d73bdd9abd440,128,0.015994,0,0,1,82,1,3,2.03125,0.061523,0,0.007812,0.000943,64
fa09867378268209,128,0.016117,0,0,0,40,1,3,2.046875,0.075928,0,0.0,0.006041,64
cc1df6d82d932bc5,128,0.016117,0,0,0,46,1,4,2.046875,0.091553,0,0.0,0.004989,64
741af23e6b0a0593,128,0.016117,1,0,0,44,1,3,2.046875,0.075928,0,0.0,0.005521,64
5c0fc78fb542273b,128,0.015871,0,0,0,71,1,3,2.015625,0.046631,0,0.0,0.001834,64
01d3dfc5b9ac171e,128,0.016117,0,0,0,59,1,3,2.046875,0.075928,0,0.0,0.001513,64
23cbb945dce606cb,128,0.016117,0,0,1,53,1,5,2.046875,0.122803,0,0.00599,0.003526,64
93452dedddb13329,128,0.015994,0,0,0,67,1,3,2.03125,0.061523,0,0.0,0.001821,64
5e56a20c1792acc5,128,0.016117,0,0,0,43,1,3,2.046875,0.075928,0,0.0,0.004912,64
3e1a6a7137bc978c,128,0.016117,0,0,0,43,1,4,2.046875,0.091553,0,0.0,0.005737,64
4e06ca4030236ea7,128,0.016117,0,0,0,51,1,3,2.046875,0.075928,0,0.0,0.002892,64
fefb10e58971c114,128,0.015994,0,0,1,75,1,3,2.03125,0.045898,0,0.013021,0.001527,64
49107f8ac6363e55,128,0.015871,0,0,0,84,1,3,2.015625,0.046631,0,0.0,0.001267,64
02f9ade6dec92a0c,128,0.016117,0,0,0,43,1,3,2.046875,0.075928,0,0.0,0.004024,64
1892ed717c326882,128,0.016117,0,0,0,64,1,3,2.046875,0.060303,0,0.0,0.001826,64
4a9e899352422cd9,128,0.016117,1,0,0,49,1,3,2.046875,0.075928,0,0.0,0.003925,64
bd5718b6290dd50d,128,0.016117,0,0,0,47,1,3,2.046875,0.075928,0,0.0,0.003659,64
2d59871db3500fc8,128,0.016117,1,0,0,71,1,3,2.046875,0.060303,0,0.0,0.00136,64
7ee450d6a5a2636e,128,0.016117,0,0,0,61,1,3,2.046875,0.075928,0,0.0,0.001839,64
44406ae6c32b8c76,128,0.016117,0,0,0,58,1,3,2.046875,0.060303,0,0.0,0.003408,64
305124c6fedcdb37,128,0.015871,0,0,0,65,1,3,2.015625,0.046631,0,0.0,0.001614,64
678c8d60825eda67,128,0.016117,0,0,0,51,1,3,2.046875,0.060303,0,0.0,0.003342,64
45952a482f40b193,128,0.015871,0,0,0,105,1,3,2.015625,0.046631,0,0.0,0.000635,64
06c2ca5fadc39b0f,128,0.015994,0,0,0,47,1,3,2.03125,0.061523,0,0.0,0.004041,64
12b6c815695de1c7,128,0.015994,0,0,0,74,1,3,2.03125,0.061523,0,0.0,0.001219,64
57fdba3eb3d99bfa,128,0.016117,0,0,0,92,1,4,2.046875,0.091553,0,0.0,0.001046,64
9fe3567182ddc93b,128,0.016117,0,0,0,45,1,3,2.046875,0.075928,0,0.0,0.006624,64
bbe764b6472288c9,128,0.015994,0,0,0,47,1,3,2.03125,0.061523,0,0.0,0.00459,64
5d02ec5a633fa2d4,128,0.016117,0,0,0,71,1,3,2.046875,0.060303,0,0.0,0.001025,64
7ca29105f1fcfdde,128,0.016117,0,0,0,54,1,3,2.046875,0.075928,0,0.0,0.002979,64
58b36c248683dac5,128,0.016117,0,0,0,68,1,3,2.046875,0.075928,0,0.0,0.002129,64
c0f90570b3b94b19,128,0.016117,1,0,0,51,1,3,2.046875,0.075928,0,0.0,0.003132,64
fbd23813f3691aa5,128,0.015994,0,0,1,82,1,3,2.03125,0.061523,0,0.013021,0.001283,64
df06d7bae53c1bd0,128,0.016117,0,0,0,53,1,3,2.046875,0.060303,0,0.0,0.00304,64
618d5076d683133e,128,0.015994,1,0,0,61,1,3,2.03125,0.061523,0,0.0,0.002485,64
2b87349235b40479,128,0.016117,0,0,0,45,1,4,2.046875,0.107178,0,0.0,0.004751,64
e2b24f211cd5dc4b,128,0.015994,0,0,0,85,1,3,2.03125,0.061523,0,0.0,0.000876,64
d9076d2dfccacf13,128,0.016117,0,0,0,42,1,3,2.046875,0.075928,0,0.0,0.00543,64
938eeb6f0efbccb6,128,0.016117,0,0,0,50,1,3,2.046875,0.075928,0,0.0,0.005241,64
d815883e5807073c,128,0.015871,0,0,1,98,1,3,2.015625,0.046631,0,0.013021,0.000781,64
319dda4a26340075,128,0.016117,0,0,0,67,1,3,2.046875,0.075928,0,0.0,0.002357,64
865f22e633a0b4a9,128,0.016117,0,0,0,52,1,3,2.046875,0.075928,0,0.0,0.002531,64
109117c587e9e64a,128,0.015994,0,0,0,90,1,3,2.03125,0.061523,0,0.0,0.000877,64
8e431096a477fa20,128,0.016117,0,0,0,54,1,3,2.046875,0.075928,0,0.0,0.002172,64
26437c9d02dc22e3,128,0.016117,0,0,0,56,1,3,2.046875,0.075928,0,0.0,0.003049,64
56772835d16c0caa,128,0.015994,1,0,0,90,1,3,2.03125,0.061523,0,0.0,0.000875,64
e4599968adfb1e1e,128,0.016117,0,0,0,46,1,3,2.046875,0.075928,0,0.0,0.004049,64
97d9993bd914fd0b,128,0.016117,0,0,0,57,1,3,2.046875,0.075928,0,0.0,0.001395,64
8d9f21c19f9887bf,128,0.015994,0,0,0,50,1,3,2.03125,0.061523,0,0.0,0.003374,64
f618ab7cc11693c8,128,0.016117,0,0,0,61,1,4,2.046875,0.091553,0,0.0,0.001584,64
e5d09ee1982c86ca,128,0.016117,0,0,0,64,1,3,2.046875,0.075928,0,0.0,0.001752,64
8bee0e8ce71fc8f3,128,0.016117,0,0,0,36,1,3,2.046875,0.075928,0,0.0,0.006623,64
00b6f3fd696a57df,128,0.015871,0,0,1,93,1,3,2.015625,0.031006,0,0.018229,0.000843,64
82a25e10af328feb,128,0.016117,0,0,0,46,1,3,2.046875,0.060303,0,0.0,0.004131,64
6f5f4757a7f62c15,128,0.015994,0,0,0,57,1,4,2.03125,0.077148,0,0.0,0.003652,64
87d84abc0d619dfa,128,0.016117,0,0,0,45,1,3,2.046875,0.075928,0,0.0,0.003684,64
8f6f9aa1806e85b3,128,0.016117,0,0,0,43,1,4,2.046875,0.091553,0,0.0,0.005389,64
08eb6fe6c45af303,128,0.016117,0,0,0,52,1,3,2.046875,0.060303,0,0.0,0.004106,64
ec68ab2e0d72352b,128,0.015871,0,0,0,63,1,3,2.015625,0.046631,0,0.0,0.002573,64
58782f5bdd70e6ad,128,0.016117,0,0,0,45,1,4,2.046875,0.075928,0,0.0,0.00305,64
cc019e5c0f2fad3c,128,0.015994,0,0,0,71,1,3,2.03125,0.061523,0,0.0,0.001461,64
a15291a0da3c3b48,128,0.016117,0,0,0,57,1,3,2.046875,0.075928,0,0.0,0.003144,64
f685c7694f4692e7,128,0.016117,0,0,1,58,1,3,2.046875,0.075928,0,0.013021,0.002554,64
9ae3c36fd9cdaf4b,128,0.016117,0,0,0,40,1,4,2.046875,0.091553,0,0.0,0.005432,64
e76b2d084eb9cd4e,128,0.015994,0,0,1,89,1,3,2.03125,0.061523,0,0.013021,0.000853,64
1598adf3d8b561ef,128,0.016117,0,0,0,41,1,3,2.046875,0.075928,0,0.0,0.006251,64
39f74dbf33a09389,128,0.015871,0,0,0,60,1,3,2.015625,0.046631,0,0.0,0.002449,64
4e35b37df8523cd8,128,0.016117,0,0,0,44,1,3,2.046875,0.075928,0,0.0,0.003955,64
e9f4cfaaff8462b1,128,0.016117,1,0,0,65,1,3,2.046875,0.075928,0,0.0,0.002109,64
108f398d8a0eb6b4,128,0.016117,0,0,0,43,1,4,2.046875,0.091553,0,0.0,0.005442,64
6c08b3536a634a4b,128,0.016117,0,0,0,70,1,3,2.046875,0.075928,0,0.0,0.001773,64
25cbf588621185df,128,0.015748,0,0,1,126,1,3,2.0,0.03125,0,0.013021,0.000603,64
eba79e9fe924fac0,128,0.015994,0,0,0,51,1,4,2.03125,0.077148,0,0.0,0.004262,64
c56b3f735cb6ce19,128,0.016117,0,0,0,48,1,4,2.046875,0.091553,0,0.0,0.003934,64
ad67a1fe2cab4b19,128,0.016117,1,0,0,50,1,3,2.046875,0.075928,0,0.0,0.004286,64
c986127a13cdca6d,128,0.016117,1,0,0,57,1,3,2.046875,0.075928,0,0.0,0.002197,64
3e2134cc4ef9ac24,128,0.016117,0,0,0,46,1,4,2.046875,0.075928,0,0.0,0.004654,64
790a5153df264396,128,0.015994,0,0,0,72,1,3,2.03125,0.061523,0,0.0,0.001652,64
147b6c982b46da0a,128,0.016117,0,0,0,85,1,3,2.046875,0.075928,0,0.0,0.000831,64
63e22850479d7f81,128,0.015871,0,0,0,61,1,3,2.015625,0.046631,0,0.0,0.00248,64
f86397fd952d1d6b,128,0.015994,0,0,0,53,1,3,2.03125,0.045898,0,0.0,0.004374,64
f1378c7f7f474f01,128,0.015994,0,0,0,56,1,3,2.03125,0.061523,0,0.0,0.002915,64
cc3780cc3d478d37,128,0.015994,0,0,1,91,1,4,2.03125,0.077148,0,0.00651,0.000807,64
031a2f23a5d41974,128,0.016117,0,0,0,55,1,3,2.046875,0.060303,0,0.0,0.003035,64
b05d8c479367727f,128,0.016117,0,0,0,41,1,3,2.046875,0.075928,0,0.0,0.006005,64
ae6d73fdf3304da4,128,0.016117,0,0,0,45,1,3,2.046875,0.060303,0,0.0,0.003474,64
2ff63b36eae716a4,128,0.015994,0,0,0,53,1,3,2.03125,0.061523,0,0.0,0.002982,64
92fa1aa270701f96,128,0.016117,0,0,0,74,1,4,2.046875,0.091553,0,0.0,0.001259,64
5101097694e7a555,128,0.015994,0,0,0,53,1,3,2.03125,0.061523,0,0.0,0.003691,64
eb06b9b52cb8ba0f,128,0.016117,0,0,0,56,1,3,2.046875,0.075928,0,0.0,0.00283,64
ed25755a97e61c60,128,0.016117,0,0,0,100,1,3,2.046875,0.075928,0,0.0,0.000696,64
134dd19c193555be,128,0.016117,0,0,0,48,1,3,2.046875,0.075928,0,0.0,0.003705,64
e22dc3bf279d8ae7,128,0.015871,0,0,0,72,1,3,2.015625,0.046631,0,0.0,0.002212,64
57460a6e1541f9d0,128,0.016117,0,0,0,77,1,4,2.046875,0.091553,0,0.0,0.001598,64
7d7f84af7e77f7c3,128,0.015871,0,0,0,73,1,3,2.015625,0.046631,0,0.0,0.001466,64
58b86a4253eb9824,128,0.016117,0,0,0,96,1,3,2.046875,0.075928,0,0.0,0.000963,64
f9fe1f0cb079c2c4,128,0.015994,0,0,0,86,1,4,2.03125,0.077148,0,0.0,0.000928,64
e378e35d92a33c7c,128,0.015994,0,0,0,57,1,3,2.03125,0.061523,0,0.0,0.00287,64
2795716a7c3cf82c,128,0.016117,0,0,1,57,1,3,2.046875,0.060303,0,0.013021,0.002827,64
90e21a1d8c9deb4e,128,0.015994,0,0,0,75,1,3,2.03125,0.061523,0,0.0,0.001618,64
cd97033f00e59864,128,0.016117,0,0,0,77,1,3,2.046875,0.075928,0,0.0,0.001047,64
a5689a02204f1dfe,128,0.016117,0,0,0,65,1,3,2.046875,0.075928,0,0.0,0.002446,64
c62c598261c9a97d,128,0.016117,0,0,0,44,1,3,2.046875,0.075928,0,0.0,0.003972,64
17b0d6d10dad6116,128,0.016117,0,0,0,63,1,3,2.046875,0.060303,0,0.0,0.001225,64
460967e07b565a32,128,0.016117,0,0,0,71,1,3,2.046875,0.075928,0,0.0,0.001744,64
99626877ff6f0326,128,0.016117,0,0,0,53,1,3,2.046875,0.075928,0,0.0,0.003157,64
bee9077baad2abc4,128,0.015994,0,0,1,70,1,3,2.03125,0.061523,0,0.013021,0.001866,64
d78ae52144534f84,128,0.016117,0,0,0,48,1,3,2.046875,0.060303,0,0.0,0.004295,64
9fa0137565203f62,128,0.015748,0,0,0,124,1,3,2.0,0.03125,0,0.0,0.000603,64
210a50c88d20e31f,128,0.016117,0,0,0,53,1,3,2.046875,0.075928,0,0.0,0.002318,64
23b80b7b33fce5c3,128,0.015994,0,0,0,56,1,4,2.03125,0.077148,0,0.0,0.003124,64
7a90d88e038e0674,128,0.016117,0,0,0,54,1,3,2.046875,0.075928,0,0.0,0.002819,64
e0c8dce345d9fef3,128,0.016117,1,0,0,59,1,3,2.046875,0.075928,0,0.0,0.003122,64
0818337d4680f5ae,128,0.016117,0,0,1,54,1,3,2.046875,0.075928,0,0.013021,0.003415,64
9a4dccf42362bb86,128,0.016117,0,0,0,57,1,4,2.046875,0.091553,0,0.0,0.002424,64
ba58672e14164218,128,0.015871,1,0,0,56,1,4,2.015625,0.062256,0,0.0,0.002988,64
21dafd93b321a3a6,128,0.015994,0,0,0,45,1,3,2.03125,0.061523,0,0.0,0.00469,64
4c4ecb8f092c9bf0,128,0.015994,0,0,0,53,1,3,2.03125,0.061523,0,0.0,0.002893,64
468e9d548b8f6140,128,0.016117,0,0,0,40,1,3,2.046875,0.075928,0,0.0,0.005339,64
8e9d63ba90ed6e4a,128,0.015994,0,0,1,112,1,3,2.03125,0.061523,0,0.013021,0.000638,64
bd1f25166f3ebd06,128,0.016117,0,0,0,45,1,3,2.046875,0.075928,0,0.0,0.004577,64
67013f7e15926b5c,128,0.015994,0,0,0,69,1,3,2.03125,0.061523,0,0.0,0.001278,64
a2cac6942d0ce702,128,0.016117,0,0,0,54,1,3,2.046875,0.060303,0,0.0,0.003492,64
7cfc5f3d8fed264e,128,0.015994,0,0,0,45,1,3,2.03125,0.061523,0,0.0,0.004725,64
0abf6625dfaea95d,128,0.016117,0,0,0,64,1,3,2.046875,0.075928,0,0.0,0.00193,64
d3a87521b907778d,128,0.015994,0,0,0,46,1,3,2.03125,0.045898,0,0.0,0.005353,64
42cc2bfc2d4e8961,128,0.016117,0,0,0,63,1,5,2.046875,0.122803,0,0.0,0.002419,64
fa193f48577f2dd9,128,0.016117,0,0,0,43,1,3,2.046875,0.075928,0,0.0,0.004965,64
75b9098532e54f3a,128,0.015871,1,0,0,115,1,3,2.015625,0.046631,0,0.0,0.000613,64
1d322b008cbeb971,128,0.016117,0,0,0,40,1,3,2.046875,0.060303,0,0.0,0.005996,64
3152343bf18b155b,128,0.015871,1,0,0,55,1,3,2.015625,0.046631,0,0.0,0.002702,64
8cc8bd4e6ae0f284,128,0.015994,0,0,0,60,1,3,2.03125,0.061523,0,0.0,0.002681,64
158cb8a0f9f971ec,128,0.016117,0,0,0,38,1,3,2.046875,0.075928,0,0.0,0.006952,64
494912f4ae853ca2,128,0.016117,0,0,0,82,1,3,2.046875,0.075928,0,0.0,0.001142,64
b8861a233446ad0e,128,0.015994,0,0,0,67,1,3,2.03125,0.061523,0,0.0,0.002394,64
4b5de8c24ce63dff,128,0.016117,0,0,0,68,1,3,2.046875,0.075928,0,0.0,0.001153,64
22e36fe1b9435f24,128,0.015994,0,0,0,75,1,4,2.03125,0.092773,0,0.0,0.001153,64
af05c8af2fe74c33,128,0.016117,0,0,0,64,1,4,2.046875,0.091553,0,0.0,0.001379,64
327e6521f9c6f023,128,0.016117,0,0,0,43,1,3,2.046875,0.075928,0,0.0,0.005272,64
1aad5f1195358034,128,0.015871,1,0,0,76,1,3,2.015625,0.046631,0,0.0,0.001934,64
3751a3a5038dc4d6,128,0.015994,0,0,0,68,1,3,2.03125,0.061523,0,0.0,0.002414,64
5debe3888f1b01e5,128,0.016117,0,0,0,74,1,3,2.046875,0.075928,0,0.0,0.00143,64
62316ac1cef6ccf7,128,0.016117,0,0,0,44,1,3,2.046875,0.075928,0,0.0,0.004784,64
ad9a314bf9d512a5,128,0.016117,0,0,0,50,1,3,2.046875,0.075928,0,0.0,0.003384,64
f358ec76b97729d1,128,0.016117,1,0,0,44,1,4,2.046875,0.091553,0,0.0,0.004703,64
0d634dadbca3c79b,128,0.015994,0,0,0,66,1,4,2.03125,0.077148,0,0.0,0.001882,64
51bf7d6cff613a35,128,0.016117,0,0,0,47,1,3,2.046875,0.075928,0,0.0,0.002777,64
ea06c56dfeac8103,128,0.016117,0,0,0,59,1,3,2.046875,0.075928,0,0.0,0.001986,64
39c1528b7b26d87a,128,0.016117,0,0,0,42,1,3,2.046875,0.075928,0,0.0,0.004754,64
317d86dbfbdbc416,128,0.015871,0,0,0,96,1,3,2.015625,0.046631,0,0.0,0.000828,64
0cadbe65d2b6c3c5,128,0.016117,0,0,0,40,1,3,2.046875,0.075928,0,0.0,0.005289,64
a94af5f9bb7416c9,128,0.015994,0,0,0,78,1,3,2.03125,0.061523,0,0.0,0.000893,64
732f0db96058187f,128,0.016117,0,0,0,48,1,3,2.046875,0.075928,0,0.0,0.004198,64
c201bd2e24e73666,128,0.016117,0,0,0,74,1,3,2.046875,0.075928,0,0.0,0.001343,64
f5ecb2a940fb4e90,128,0.016117,0,0,0,46,1,3,2.046875,0.075928,0,0.0,0.004327,64
5f7da0561e2e685e,128,0.015994,1,0,0,94,1,4,2.03125,0.077148,0,0.0,0.000763,64
36d320882902523a,128,0.016117,0,0,0,55,1,3,2.046875,0.060303,0,0.0,0.003394,64
641decb3870fa181,128,0.016117,0,0,0,48,1,3,2.046875,0.075928,0,0.0,0.003872,64
f254952eb1b1a297,128,0.015994,0,0,0,55,1,3,2.03125,0.061523,0,0.0,0.002836,64
ce5f69dc2aace0af,128,0.016117,0,0,1,64,1,3,2.046875,0.075928,0,0.013021,0.002535,64
b26ef96839e63e01,128,0.016117,0,0,0,53,1,3,2.046875,0.075928,0,0.0,0.002143,64
b4ffaec5969e6366,128,0.016117,0,0,0,52,1,3,2.046875,0.075928,0,0.0,0.002903,64
ae53045bddd78fe0,128,0.016117,0,0,0,44,1,3,2.046875,0.075928,0,0.0,0.00421,64
7e6f055e37cad634,128,0.015994,0,0,0,68,1,4,2.03125,0.077148,0,0.0,0.002214,64
a36b5365cdbc6e23,128,0.016117,0,0,0,55,1,4,2.046875,0.075928,0,0.0,0.002832,64
14d226cf510d4c0c,128,0.015871,0,0,0,64,1,3,2.015625,0.046631,0,0.0,0.002502,64
43f52ec0840449a8,128,0.016117,0,0,0,52,1,4,2.046875,0.091553,0,0.0,0.003864,64
c0bd2fd7c9280a1c,128,0.015994,0,0,0,57,1,3,2.03125,0.061523,0,0.0,0.00221,64
d43fdfa2037e1073,128,0.016117,0,0,0,66,1,3,2.046875,0.075928,0,0.0,0.001513,64
7ed21a9a6fa1dc64,128,0.015994,0,0,0,47,1,3,2.03125,0.061523,0,0.0,0.004142,64
09a6261f3ddc6b22,128,0.016117,0,0,0,68,1,3,2.046875,0.075928,0,0.0,0.001908,64
1ca9409de24bf719,128,0.015994,1,0,0,59,1,3,2.03125,0.061523,0,0.0,0.002639,64
5d541ed6ecb476e3,128,0.016117,0,0,0,63,1,4,2.046875,0.075928,0,0.0,0.002422,64
f4a41eb60f542cd6,128,0.016117,0,0,0,61,1,3,2.046875,0.075928,0,0.0,0.002528,64
d5e956542cd91153,128,0.016117,0,0,0,65,1,3,2.046875,0.075928,0,0.0,0.002271,64
1b0b622a6d6abb03,128,0.015994,0,0,1,87,1,3,2.03125,0.061523,0,0.013021,0.00113,64
36403ae0310bf07a,128,0.015994,0,0,0,54,1,3,2.03125,0.045898,0,0.0,0.003089,64
d4bc3458ac80d6f0,128,0.016117,0,0,0,52,1,3,2.046875,0.075928,0,0.0,0.002545,64
b093c3b75b64e903,128,0.015994,0,0,0,95,1,3,2.03125,0.061523,0,0.0,0.000825,64
c5cec0ab568f5425,128,0.016117,0,0,0,57,1,4,2.046875,0.075928,0,0.0,0.002694,64
357393c56ab1078e,128,0.015994,0,0,0,62,1,3,2.03125,0.061523,0,0.0,0.001924,64
3b745df3b1ea9436,128,0.015994,0,0,1,55,1,3,2.03125,0.061523,0,0.013021,0.00305,64
d6eeb2fd1ae417ba,128,0.016117,0,0,0,45,1,3,2.046875,0.075928,0,0.0,0.005337,64
6036afe9baf9e633,128,0.015994,0,0,0,59,1,3,2.03125,0.061523,0,0.0,0.002581,64
c02029f794150116,128,0.016117,0,0,0,45,1,3,2.046875,0.075928,0,0.0,0.004059,64
97c955d8d6ebb136,128,0.016117,0,0,0,49,1,3,2.046875,0.075928,0,0.0,0.003234,64
969df63507e7fd33,128,0.016117,0,0,0,50,1,3,2.046875,0.075928,0,0.0,0.003135,64
5992d4bd6f7ddd82,128,0.016117,0,0,0,46,1,4,2.046875,0.091553,0,0.0,0.004551,64
3063492823672f4c,128,0.016117,0,0,0,63,1,3,2.046875,0.075928,0,0.0,0.001496,64
97a4fc7a71c6179f,128,0.015994,0,0,0,77,1,3,2.03125,0.045898,0,0.0,0.001612,64
017fb099f5d16466,128,0.016117,0,0,0,37,1,3,2.046875,0.075928,0,0.0,0.00731,64
853943eace00be13,128,0.016117,0,0,1,78,1,3,2.046875,0.060303,0,0.013021,0.001053,64
2cbab64978dde4d0,128,0.015994,0,0,0,62,1,3,2.03125,0.061523,0,0.0,0.002789,64
91490e6b65143649,128,0.015871,0,0,1,122,1,3,2.015625,0.046631,0,0.013021,0.000643,64
786ab1bff76798d2,128,0.016117,0,0,0,58,1,3,2.046875,0.075928,0,0.0,0.002784,64
94f8f8c322f94351,128,0.016117,0,0,0,59,1,3,2.046875,0.075928,0,0.0,0.002099,64
5f040c6dc80a264f,128,0.015871,1,0,0,60,1,3,2.015625,0.046631,0,0.0,0.002679,64
4374c3a3143f2308,128,0.016117,0,0,0,50,1,3,2.046875,0.075928,0,0.0,0.003275,64
cf9b5dfdbd56e527,128,0.015994,1,0,0,55,1,3,2.03125,0.061523,0,0.0,0.002751,64
2040c29ba4463a6e,128,0.016117,0,0,0,62,1,4,2.046875,0.091553,0,0.0,0.001823,64
f699e17096bdd9c0,128,0.015994,0,0,0,51,1,3,2.03125,0.061523,0,0.0,0.00335,64
17e6fa7b9e14a9c5,128,0.015994,0,0,0,49,1,3,2.03125,0.061523,0,0.0,0.003283,64
47a6d4a9912063cb,128,0.015994,0,0,0,59,1,3,2.03125,0.061523,0,0.0,0.003031,64
f888930e7fda3c91,128,0.015994,0,0,0,53,1,3,2.03125,0.061523,0,0.0,0.003414,64
837e2db1ebbefd4f,128,0.015994,1,0,0,69,1,4,2.03125,0.077148,0,0.0,0.002121,64
3b76c852b304e0c6,128,0.016117,0,0,0,60,1,3,2.046875,0.075928,0,0.0,0.001723,64
6323261dec0d88b6,128,0.015994,0,0,1,66,1,3,2.03125,0.061523,0,0.013021,0.001703,64
f86878bf0c41b8eb,128,0.016117,0,0,0,46,1,3,2.046875,0.075928,0,0.0,0.003861,64
00630db94a1d0246,128,0.016117,0,0,0,70,1,3,2.046875,0.060303,0,0.0,0.001265,64
aaf134af4ab470ba,128,0.015994,0,0,0,61,1,3,2.03125,0.061523,0,0.0,0.002934,64
16a92aac748b24c7,128,0.016117,0,0,0,54,1,4,2.046875,0.091553,0,0.0,0.003421,64
3dbd2f37b7fabc21,128,0.016117,0,0,0,40,1,3,2.046875,0.075928,0,0.0,0.004456,64
b215f998a9a961f8,128,0.015994,0,0,0,65,1,3,2.03125,0.061523,0,0.0,0.001945,64
252f3f48aff9b151,128,0.016117,0,0,0,43,1,3,2.046875,0.075928,0,0.0,0.004677,64
ee1d3a595b8a4202,128,0.015994,1,0,0,85,1,3,2.03125,0.045898,0,0.0,0.001098,64
636f9479d519ffbe,128,0.015994,0,0,0,46,1,4,2.03125,0.061523,0,0.0,0.004384,64
ca528c64049d94e1,128,0.016117,0,0,0,52,1,4,2.046875,0.107178,0,0.0,0.003764,64
41e5c7a15df153d0,128,0.015994,0,0,0,57,1,3,2.03125,0.061523,0,0.0,0.002782,64
884a4f3d4b6b31c2,128,0.016117,0,0,0,54,1,3,2.046875,0.060303,0,0.0,0.001504,64
0f7300d1f78f48aa,128,0.015994,1,0,0,79,1,3,2.03125,0.061523,0,0.0,0.00161,64
50b16b12f97e54df,128,0.016117,0,0,0,39,1,3,2.046875,0.075928,0,0.0,0.005796,64
5dfb9b4fcc2cc53a,128,0.016117,0,0,1,84,1,4,2.046875,0.107178,0,0.013021,0.001176,64
7aac4e84ee2a2899,128,0.015994,0,0,0,45,1,3,2.03125,0.061523,0,0.0,0.00461,64
f4154435c0f781e0,128,0.016117,0,0,0,45,1,3,2.046875,0.060303,0,0.0,0.004571,64
453e0bb354167a84,128,0.015871,0,0,0,66,1,4,2.015625,0.062256,0,0.0,0.002419,64
79f756f326192e97,128,0.015994,0,0,0,56,1,3,2.03125,0.061523,0,0.0,0.003101,64
b6e84318f3bd6f3f,128,0.016117,0,0,0,61,1,3,2.046875,0.075928,0,0.0,0.001852,64
ff826ab47fde1560,128,0.016117,0,0,0,68,1,3,2.046875,0.075928,0,0.0,0.001663,64
3c9cf7575edb6989,128,0.016117,0,0,0,43,1,4,2.046875,0.091553,0,0.0,0.004437,64
f8ac5761341ea7d0,128,0.015994,0,0,1,69,1,3,2.03125,0.061523,0,0.013021,0.001415,64
86c03c0d8e562ba1,128,0.016117,0,0,0,73,1,3,2.046875,0.075928,0,0.0,0.001366,64
b5c7c18667b315fa,128,0.016117,0,0,0,59,1,3,2.046875,0.075928,0,0.0,0.002538,64
540ec71bde96c4f8,128,0.016117,0,0,0,39,1,4,2.046875,0.091553,0,0.0,0.007213,64
9e8b142d3b463152,128,0.015994,0,0,0,56,1,3,2.03125,0.061523,0,0.0,0.00259,64
cba2c9baeab20726,128,0.016117,0,0,0,44,1,3,2.046875,0.075928,0,0.0,0.005432,64
48ff247bc9a71e9f,128,0.015994,0,0,0,67,1,4,2.03125,0.077148,0,0.0,0.002429,64
31407ac530469183,128,0.016117,0,0,0,84,1,3,2.046875,0.075928,0,0.0,0.000955,64
1dcfd6dd8c5e385e,128,0.015994,0,0,0,71,1,3,2.03125,0.061523,0,0.0,0.001576,64
280e40472abdb19f,128,0.016117,0,0,0,43,1,4,2.046875,0.091553,0,0.0,0.004196,64
2944b05822ea7db6,128,0.015994,0,0,0,66,1,3,2.03125,0.061523,0,0.0,0.001562,64
f1046b5d67c3a001,128,0.016117,0,0,1,50,1,3,2.046875,0.075928,0,0.013021,0.002751,64
c5e853cb882dce8f,128,0.016117,0,0,0,50,1,4,2.046875,0.091553,0,0.0,0.003578,64
6a50f9f4d3ae6fee,128,0.015871,1,0,0,56,1,3,2.015625,0.046631,0,0.0,0.002799,64
9234ceb0dae30a9d,128,0.015994,0,0,0,83,1,4,2.03125,0.077148,0,0.0,0.001109,64
159312487cdf8bf8,128,0.016117,0,0,0,63,1,3,2.046875,0.075928,0,0.0,0.002593,64
74727c1a158713a9,128,0.015994,0,0,0,102,1,3,2.03125,0.061523,0,0.0,0.00075,64
0985d857ff7c4dea,128,0.016117,0,0,0,48,1,4,2.046875,0.091553,0,0.0,0.004993,64
858d749cf25fee68,128,0.016117,0,0,0,52,1,3,2.046875,0.060303,0,0.0,0.003572,64
109c31775cc2a1df,128,0.016117,0,0,0,84,1,4,2.046875,0.091553,0,0.0,0.001035,64
10f4f1300c4e25ce,128,0.015994,0,0,0,78,1,3,2.03125,0.061523,0,0.0,0.001036,64
8294c1751ddd2228,128,0.015994,1,0,0,100,1,3,2.03125,0.045898,0,0.0,0.00076,64
34ca936c9f796b33,128,0.016117,0,0,0,40,1,3,2.046875,0.075928,0,0.0,0.004266,64
7eae00bdc08448c1,128,0.016117,0,0,0,81,1,4,2.046875,0.091553,0,0.0,0.001073,64
af4cc1eae2b4fd03,128,0.015871,1,0,0,105,1,3,2.015625,0.046631,0,0.0,0.000652,64
9994db29803286ff,128,0.015994,0,0,0,46,1,3,2.03125,0.045898,0,0.0,0.004994,64
6d70189996b3d744,128,0.016117,0,0,0,37,1,3,2.046875,0.075928,0,0.0,0.006275,64
4b6f68fcb0ade0c0,128,0.015994,0,0,0,55,1,4,2.03125,0.077148,0,0.0,0.002739,64
88c24203654c784a,128,0.016117,0,0,0,43,1,3,2.046875,0.075928,0,0.0,0.004629,64
fba63edb02988aee,128,0.016117,0,0,0,63,1,4,2.046875,0.091553,0,0.0,0.002202,64
daeb6c09ce86a0ca,128,0.015994,1,0,0,55,1,3,2.03125,0.061523,0,0.0,0.003068,64
8bb7570293ec2986,128,0.015748,1,0,0,125,1,3,2.0,0.03125,0,0.0,0.000603,64
cc621856b785f82f,128,0.016117,0,0,0,48,1,4,2.046875,0.075928,0,0.0,0.00413,64
282d5fe6094a90c3,128,0.016117,0,0,0,65,1,3,2.046875,0.075928,0,0.0,0.001714,64
d9ac3659daed9c77,128,0.016117,0,0,0,60,1,3,2.046875,0.075928,0,0.0,0.002041,64
27768f9da8039017,128,0.015994,0,0,0,78,1,3,2.03125,0.061523,0,0.0,0.001292,64
c72c0ea8d81b9a12,128,0.016117,0,0,0,48,1,4,2.046875,0.075928,0,0.0,0.003383,64
5970ce84acce75de,128,0.016117,1,0,0,54,1,4,2.046875,0.091553,0,0.0,0.002215,64
aaf8c7fee6c17fd3,128,0.015994,0,0,0,53,1,3,2.03125,0.045898,0,0.0,0.002111,64
a468ec141f0642bc,128,0.016117,0,0,0,73,1,4,2.046875,0.091553,0,0.0,0.001097,64
e59013af16f38ab3,128,0.016117,0,0,0,53,1,3,2.046875,0.075928,0,0.0,0.003549,64
44f0989a57408a88,128,0.016117,0,0,0,53,1,3,2.046875,0.060303,0,0.0,0.003307,64
410ab81899d96284,128,0.015871,1,0,0,90,1,3,2.015625,0.046631,0,0.0,0.000997,64
0fa167f41b0842cc,128,0.016117,0,0,0,74,1,3,2.046875,0.075928,0,0.0,0.001382,64
1fab6b331e825179,128,0.016117,0,0,0,59,1,3,2.046875,0.075928,0,0.0,0.002127,64
e2c3210181fd438f,128,0.016117,1,0,0,39,1,3,2.046875,0.060303,0,0.0,0.005861,64
ceaba93bd34e07bc,128,0.015994,0,0,0,43,1,3,2.03125,0.045898,0,0.0,0.004543,64
8006eceebc78b0eb,128,0.016117,0,0,0,70,1,3,2.046875,0.060303,0,0.0,0.001351,64
5265e418efb36c39,128,0.015994,1,0,0,55,1,3,2.03125,0.061523,0,0.0,0.003273,64
982210a1c6fc82de,128,0.016117,0,0,0,69,1,3,2.046875,0.075928,0,0.0,0.001386,64
4a898f538a03af14,128,0.016117,0,0,0,52,1,3,2.046875,0.075928,0,0.0,0.003502,64
f8d85489a0183756,128,0.015871,0,0,0,61,1,3,2.015625,0.031006,0,0.0,0.002533,64
15d60e218cb5766a,128,0.016117,0,0,0,88,1,4,2.046875,0.091553,0,0.0,0.000907,64
2801632ca78e712d,128,0.016117,0,0,0,68,1,3,2.046875,0.075928,0,0.0,0.00149,64
4d03cf18e087f64f,128,0.016117,0,0,0,47,1,4,2.046875,0.091553,0,0.0,0.004179,64
9a4c0f4771a64395,128,0.015994,0,0,0,51,1,3,2.03125,0.045898,0,0.0,0.003097,64
7ac10ab4d4dd52b8,128,0.016117,0,0,0,58,1,3,2.046875,0.075928,0,0.0,0.002713,64
ee344874232343d1,128,0.015994,0,0,0,46,2,3,2.03125,0.030273,0,0.0,0.005292,64
48fd1cfd33f6cbb2,128,0.016117,0,0,0,60,1,3,2.046875,0.075928,0,0.0,0.002068,64
154a6bd3e09aca93,128,0.015994,0,0,0,54,1,3,2.03125,0.061523,0,0.0,0.002835,64
04cfcfd424536171,128,0.015994,0,0,1,61,1,3,2.03125,0.061523,0,0.013021,0.00201,64
d92916ca8df6366f,128,0.016117,0,0,0,45,1,4,2.046875,0.075928,0,0.0,0.004562,64
7acb29d0f5655480,128,0.015994,0,0,0,51,1,3,2.03125,0.061523,0,0.0,0.004503,64
326469f07c7626d5,128,0.016117,0,0,0,44,1,3,2.046875,0.075928,0,0.0,0.005027,64
0605ae16c922d955,128,0.015994,0,0,1,78,1,3,2.03125,0.061523,0,0.013021,0.00096,64
b497c520635e6db4,128,0.016117,0,0,0,66,1,4,2.046875,0.091553,0,0.0,0.001998,64
ac63937e0fe175a4,128,0.015994,0,0,0,78,1,3,2.03125,0.061523,0,0.0,0.001169,64
0fdde283771724ca,128,0.016117,0,0,0,72,1,3,2.046875,0.075928,0,0.0,0.001769,64
0e24c37d21714a39,128,0.016117,0,0,0,76,1,3,2.046875,0.075928,0,0.0,0.001007,64
3543fb15e57be025,128,0.015871,1,0,0,105,1,3,2.015625,0.046631,0,0.0,0.000751,64
1355b72684f65ac9,128,0.016117,0,0,0,37,1,4,2.046875,0.091553,0,0.0,0.006841,64
e1a84b920c17efe2,128,0.016117,0,0,0,46,1,3,2.046875,0.075928,0,0.0,0.00441,64
03c980d2eeb4a0bc,128,0.015871,0,0,0,62,1,3,2.015625,0.046631,0,0.0,0.002341,64
321326097ee0d20b,128,0.016117,0,0,0,44,1,3,2.046875,0.075928,0,0.0,0.005491,64
d6dc498de2b1b4d2,128,0.015994,0,0,1,64,1,3,2.03125,0.061523,0,0.013021,0.001906,64
ee19eafa8b8f9dee,128,0.016117,0,0,0,63,1,4,2.046875,0.091553,0,0.0,0.002134,64
d3d7307ae60d4493,128,0.015871,0,0,0,69,1,3,2.015625,0.046631,0,0.0,0.002323,64
24a432174565bae6,128,0.016117,0,0,0,55,1,3,2.046875,0.075928,0,0.0,0.003202,64
c08500463c40e032,128,0.016117,0,0,0,52,1,3,2.046875,0.075928,0,0.0,0.002665,64
32245d6d68b82d2d,128,0.016117,0,0,0,54,1,4,2.046875,0.091553,0,0.0,0.001668,64
c30a19fb6d4a92da,128,0.016117,0,0,0,84,1,3,2.046875,0.075928,0,0.0,0.001007,64
77242eb812a237fe,128,0.016117,0,0,0,56,1,3,2.046875,0.075928,0,0.0,0.003225,64
78458b425a434afe,128,0.016117,0,0,0,42,1,3,2.046875,0.075928,0,0.0,0.004728,64
a71bab3c0bbbcc54,128,0.016117,0,0,0,58,1,4,2.046875,0.091553,0,0.0,0.002804,64
c56252d8f9160e27,128,0.015871,0,0,1,119,1,3,2.015625,0.046631,0,0.013021,0.00069,64
976458f7b98b464d,128,0.015994,1,0,0,80,1,3,2.03125,0.061523,0,0.0,0.00113,64
cd2ca251a81bbdca,128,0.016117,0,0,0,45,1,3,2.046875,0.060303,0,0.0,0.00424,64
3646c6552f1c7a73,128,0.015994,0,0,1,103,1,3,2.03125,0.061523,0,0.013021,0.000704,64
739a2ff99297daa2,128,0.016117,0,0,0,55,1,3,2.046875,0.060303,0,0.0,0.002354,64
2c096fa90f567ff9,128,0.016117,0,0,0,44,1,4,2.046875,0.091553,0,0.0,0.004347,64
0bb2d5fbe829d325,128,0.016117,0,0,0,54,1,3,2.046875,0.060303,0,0.0,0.004402,64
31d177ac03acee99,128,0.015994,0,0,1,109,1,3,2.03125,0.061523,0,0.013021,0.000632,64
aa10dd18c38763a4,128,0.016117,1,0,0,51,1,3,2.046875,0.075928,0,0.0,0.003526,64
4f642f7caa2b5e23,128,0.015871,0,0,1,106,1,3,2.015625,0.046631,0,0.013021,0.000718,64
638b738150b965b0,128,0.016117,0,0,0,80,1,3,2.046875,0.060303,0,0.0,0.001257,64
e8b1d1075d295efe,128,0.016117,0,0,0,48,1,3,2.046875,0.075928,0,0.0,0.004984,64
16703ec790eb5f7a,128,0.016117,0,0,0,60,1,3,2.046875,0.075928,0,0.0,0.002777,64
61137e86f851749c,128,0.016117,1,0,0,59,1,3,2.046875,0.060303,0,0.0,0.003103,64
7e81b2b199afff6e,128,0.015994,1,0,0,97,1,3,2.03125,0.061523,0,0.0,0.000985,64
df22ded59ee4edca,128,0.016117,0,0,0,48,1,3,2.046875,0.075928,0,0.0,0.004723,64
641765433849a93d,128,0.016117,0,0,0,50,1,3,2.046875,0.075928,0,0.0,0.004614,64
e360f2104a22677a,128,0.016117,0,0,0,41,1,4,2.046875,0.091553,0,0.0,0.005383,64
0c68db1c80017cf1,128,0.015871,0,0,0,81,1,3,2.015625,0.031006,0,0.0,0.001532,64
3def89f4257b2f4b,128,0.015994,1,0,0,77,1,4,2.03125,0.061523,0,0.0,0.001059,64
ac6f907194cba544,128,0.016117,0,0,1,74,1,3,2.046875,0.075928,0,0.013021,0.001838,64
5f63012bf2d552fd,128,0.016117,0,0,0,58,1,3,2.046875,0.075928,0,0.0,0.00326,64
ede5b423fa3ec256,128,0.015994,0,0,0,60,1,3,2.03125,0.045898,0,0.0,0.002354,64
ff73cf37fc932aa6,128,0.016117,0,0,0,40,1,3,2.046875,0.075928,0,0.0,0.005582,64
215c7d22727d1149,128,0.015871,1,0,0,95,1,3,2.015625,0.031006,0,0.0,0.000881,64
6f3eec7f96ef3ece,128,0.016117,0,0,0,35,1,3,2.046875,0.075928,0,0.0,0.007057,64
300c2b84787d8ece,128,0.016117,0,0,0,66,1,3,2.046875,0.075928,0,0.0,0.002626,64
792d1c424a6d6b31,128,0.016117,0,0,0,55,1,3,2.046875,0.075928,0,0.0,0.00239,64
c54b2224b040590d,128,0.016117,0,0,0,66,1,3,2.046875,0.075928,0,0.0,0.00186,64
2d015c4731d17ac2,128,0.016117,0,0,1,52,1,3,2.046875,0.075928,0,0.013021,0.003149,64
4a6dcff3545da0f1,128,0.015994,0,0,0,98,1,3,2.03125,0.061523,0,0.0,0.000745,64
27fc55000e82436f,128,0.016117,0,0,0,49,1,4,2.046875,0.091553,0,0.0,0.003146,64
57e66763c4d06fab,128,0.016117,0,0,0,56,1,3,2.046875,0.060303,0,0.0,0.002433,64
c00265903a39b91a,128,0.016117,0,0,1,76,1,4,2.046875,0.091553,0,0.013021,0.001365,64
401b6364dbfb75f5,128,0.015994,0,0,0,57,1,4,2.03125,0.077148,0,0.0,0.002998,64
956d32055a8b9e61,128,0.016117,0,0,0,50,1,3,2.046875,0.075928,0,0.0,0.003643,64
bccb7625f0d5586b,128,0.015994,0,0,0,60,1,3,2.03125,0.061523,0,0.0,0.002197,64
636dcae02a8db095,128,0.016117,0,0,0,54,1,3,2.046875,0.075928,0,0.0,0.003157,64
7986985a1958ff44,128,0.015994,0,0,1,63,1,3,2.03125,0.061523,0,0.013021,0.002416,64
f89d78ab41cf3aa7,128,0.016117,0,0,0,57,1,3,2.046875,0.075928,0,0.0,0.002769,64
623c3e2cb357f08f,128,0.015994,0,0,0,57,1,3,2.03125,0.045898,0,0.0,0.00318,64
7fffeb6f8c68395a,128,0.015871,0,0,1,70,1,3,2.015625,0.046631,0,0.013021,0.002037,64
86c668a00e9a0ccc,128,0.016117,0,0,0,48,1,4,2.046875,0.091553,0,0.0,0.003458,64
f871debba9c41baf,128,0.016117,0,0,0,47,1,3,2.046875,0.075928,0,0.0,0.004654,64
7e71aca7af4355da,128,0.015871,1,0,0,99,1,3,2.015625,0.031006,0,0.0,0.000724,64
1ea0044a98b38681,128,0.016117,0,0,0,40,1,3,2.046875,0.075928,0,0.0,0.005179,64
84e0cd01d4d36f11,128,0.015871,0,0,0,61,1,3,2.015625,0.046631,0,0.0,0.002478,64
dccd8412046d6293,128,0.016117,1,0,0,57,1,3,2.046875,0.075928,0,0.0,0.002539,64
6bc03ba3a705c065,128,0.015994,0,0,0,74,1,3,2.03125,0.061523,0,0.0,0.001112,64
c6abc3cb1c8dc827,128,0.016117,0,0,0,64,1,4,2.046875,0.091553,0,0.0,0.001828,64
19fdc19581f40647,128,0.015994,0,0,0,56,1,3,2.03125,0.061523,0,0.0,0.002947,64
9771a7d73957ed38,128,0.016117,0,0,0,43,1,3,2.046875,0.060303,0,0.0,0.005842,64
c08c020ffadd4848,128,0.015871,0,0,0,102,1,3,2.015625,0.031006,0,0.0,0.000697,64
8183e5257fe3c6e9,128,0.015994,1,0,0,78,1,3,2.03125,0.061523,0,0.0,0.001285,64
e9b8d4d0d1032fce,128,0.016117,0,0,0,61,1,3,2.046875,0.075928,0,0.0,0.002754,64
91f3d8826a8b610b,128,0.016117,0,0,0,45,1,3,2.046875,0.075928,0,0.0,0.005087,64
d538c37e865aa76d,128,0.016117,1,0,0,57,1,3,2.046875,0.075928,0,0.0,0.002447,64
ff8baefd3447483a,128,0.016117,0,0,0,89,1,3,2.046875,0.075928,0,0.0,0.000879,64
19355325ba1a61fe,128,0.016117,0,0,0,55,1,3,2.046875,0.075928,0,0.0,0.00218,64
cafe7ab6c8685199,128,0.016117,0,0,0,55,1,3,2.046875,0.075928,0,0.0,0.002647,64
a6adf529c3c24250,128,0.016117,0,0,1,64,1,3,2.046875,0.075928,0,0.013021,0.002287,64
5bb7a2d2b13c8b95,128,0.016117,1,0,0,48,1,3,2.046875,0.075928,0,0.0,0.003532,64
d5ce0b24acc7d4ab,128,0.016117,0,0,0,58,1,3,2.046875,0.075928,0,0.0,0.002914,64
a6a0dde6e404e8ed,128,0.016117,0,0,0,58,1,3,2.046875,0.075928,0,0.0,0.00217,64
2a2c05d8ec3d410f,128,0.015994,0,0,0,66,1,3,2.03125,0.061523,0,0.0,0.002033,64
bc1e0c4de62cbdfb,128,0.016117,0,0,0,51,1,3,2.046875,0.075928,0,0.0,0.003625,64
fe0266b52366478b,128,0.015994,0,0,0,94,1,3,2.03125,0.061523,0,0.0,0.000769,64
9a665a14791bd52f,128,0.015871,0,0,0,102,1,3,2.015625,0.046631,0,0.0,0.000676,64
319023ecb1c4a2e6,128,0.015994,0,0,0,62,1,3,2.03125,0.061523,0,0.0,0.002411,64
b53045293ce0bb2b,128,0.016117,0,0,0,43,1,3,2.046875,0.075928,0,0.0,0.00514,64
0fa1cb7eaa33c3ac,128,0.016117,0,0,0,50,1,3,2.046875,0.075928,0,0.0,0.003688,64
4d645206b8585949,128,0.016117,0,0,0,44,1,3,2.046875,0.075928,0,0.0,0.004519,64
c7ec742c7564701a,128,0.015994,0,0,0,62,1,3,2.03125,0.061523,0,0.0,0.002445,64
c426a93b72be7430,128,0.016117,0,0,0,74,1,3,2.046875,0.075928,0,0.0,0.001297,64
2cc440c3efd1b316,128,0.015871,1,0,0,121,1,3,2.015625,0.046631,0,0.0,0.000606,64
595522521fa48367,128,0.016117,0,0,0,57,1,3,2.046875,0.075928,0,0.0,0.002465,64
72fba6fe34803a05,128,0.016117,0,0,1,46,1,4,2.046875,0.091553,0,0.013021,0.004196,64
360b75de84d0f830,128,0.015994,0,0,0,98,1,3,2.03125,0.061523,0,0.0,0.000691,64
514409db402ffae0,128,0.016117,1,0,0,68,1,3,2.046875,0.075928,0,0.0,0.001938,64
ce8ad4845cc3effb,128,0.016117,0,0,0,53,1,4,2.046875,0.091553,0,0.0,0.00267,64
6abe27e308adf439,128,0.015994,0,0,0,52,1,3,2.03125,0.061523,0,0.0,0.003794,64
2030fc3356a45f69,128,0.016117,0,0,0,74,1,4,2.046875,0.091553,0,0.0,0.00117,64
a2f14d5db665972b,128,0.015994,0,0,0,85,1,4,2.03125,0.077148,0,0.0,0.001162,64
a2c771288dc87b00,128,0.016117,1,0,0,52,1,3,2.046875,0.075928,0,0.0,0.003452,64
294edab06f02d9b6,128,0.016117,0,0,0,44,1,3,2.046875,0.075928,0,0.0,0.004734,64
f70ef20dad40ba6f,128,0.016117,0,0,0,55,1,3,2.046875,0.075928,0,0.0,0.002788,64
28928d6616775822,128,0.015994,0,0,0,73,1,4,2.03125,0.077148,0,0.0,0.001546,64
a099092a63874608,128,0.016117,0,0,0,44,1,3,2.046875,0.075928,0,0.0,0.00448,64
0acb3696a4dd38a9,128,0.016117,0,0,0,40,1,3,2.046875,0.075928,0,0.0,0.005553,64
1d5fc2e8b959e18a,128,0.016117,0,0,0,50,1,3,2.046875,0.075928,0,0.0,0.003277,64
1180c772ef98496f,128,0.016117,0,0,0,53,1,3,2.046875,0.060303,0,0.0,0.003524,64
9136ece1baebf065,128,0.015994,0,0,0,63,1,3,2.03125,0.061523,0,0.0,0.001938,64
b82382b9d7cb6a16,128,0.016117,0,0,0,72,1,3,2.046875,0.075928,0,0.0,0.001585,64
a15e1c813548d92b,128,0.016117,0,0,0,47,1,4,2.046875,0.091553,0,0.0,0.002863,64
4779f92a60f57345,128,0.015994,1,0,0,59,1,3,2.03125,0.061523,0,0.0,0.002691,64
a4532f6d8c4876ee,128,0.015994,0,0,0,61,1,3,2.03125,0.061523,0,0.0,0.002374,64
d734552f8d3001b2,128,0.015994,0,0,0,59,1,3,2.03125,0.061523,0,0.0,0.00285,64
0b54d7272f6fbbe0,128,0.015994,0,0,0,56,1,3,2.03125,0.061523,0,0.0,0.003082,64
ea0f511a9511ed12,128,0.016117,0,0,0,77,1,3,2.046875,0.075928,0,0.0,0.001513,64
b2a6bc07118fd6a2,128,0.016117,0,0,0,64,1,3,2.046875,0.060303,0,0.0,0.001351,64
24e7079533ef1073,128,0.016117,0,0,0,74,1,3,2.046875,0.075928,0,0.0,0.001099,64
58266d7fe07ad8e9,128,0.015994,0,0,0,50,1,4,2.03125,0.077148,0,0.0,0.003236,64
24b99d01c1faa155,128,0.016117,0,0,1,71,1,4,2.046875,0.091553,0,0.011719,0.001325,64
6b9ea42613f3aa54,128,0.015871,0,0,0,71,1,4,2.015625,0.062256,0,0.0,0.002258,64
bc1e3ca017b3e102,128,0.016117,0,0,0,58,1,4,2.046875,0.091553,0,0.0,0.002759,64
3d23a5f613ac1efc,128,0.016117,0,0,0,52,1,3,2.046875,0.075928,0,0.0,0.003788,64
4ba8abe8e94583c3,128,0.016117,0,0,0,59,1,3,2.046875,0.075928,0,0.0,0.002884,64
95dba1bea6b93a0d,128,0.016117,1,0,0,67,1,3,2.046875,0.075928,0,0.0,0.002469,64
fbeb401423acef73,128,0.016117,0,0,0,47,1,3,2.046875,0.075928,0,0.0,0.004119,64
7e392d8992b86ddd,128,0.016117,1,0,0,62,1,4,2.046875,0.091553,0,0.0,0.002663,64
01b8795526eccec5,128,0.016117,0,0,0,44,1,4,2.046875,0.091553,0,0.0,0.004606,64
46d534fa8faa43a2,128,0.015871,0,0,0,60,1,3,2.015625,0.046631,0,0.0,0.00259,64
27c32adca027d58c,128,0.016117,0,0,0,77,1,4,2.046875,0.091553,0,0.0,0.001112,64
ad795468785c2deb,128,0.016117,0,0,0,88,1,3,2.046875,0.075928,0,0.0,0.001201,64
c88818c070699822,128,0.015994,0,0,0,71,1,3,2.03125,0.061523,0,0.0,0.001237,64
8b97032a2bb3aad8,128,0.015994,0,0,0,84,1,3,2.03125,0.061523,0,0.0,0.000907,64
8e3a29eda51ff470,128,0.016117,0,0,0,39,1,4,2.046875,0.091553,0,0.0,0.006842,64
5a2aca93d18118b8,128,0.016117,0,0,0,51,1,3,2.046875,0.075928,0,0.0,0.002972,64
25afcbb73761519a,128,0.016117,0,0,0,51,1,3,2.046875,0.075928,0,0.0,0.004203,64
1d874e10ec576e6a,128,0.015994,0,0,0,70,1,3,2.03125,0.061523,0,0.0,0.002013,64
d011b226eb32472c,128,0.016117,0,0,0,68,1,3,2.046875,0.075928,0,0.0,0.001467,64
8057055ca50e7d7e,128,0.015994,0,0,0,68,1,3,2.03125,0.061523,0,0.0,0.002028,64
fe6310259e8ae631,128,0.016117,0,0,0,42,1,3,2.046875,0.060303,0,0.0,0.005095,64
108d2add8b6d0fa7,128,0.015994,0,0,0,60,1,4,2.03125,0.077148,0,0.0,0.002588,64
e1d8180ed7f5acf6,128,0.015994,1,0,0,47,1,3,2.03125,0.061523,0,0.0,0.003022,64
701143278179e6c2,128,0.016117,0,0,0,44,1,3,2.046875,0.075928,0,0.0,0.00318,64
45104eb73fe38d47,128,0.015994,0,0,0,49,1,4,2.03125,0.077148,0,0.0,0.003403,64
6a08b6b28d0c41ad,128,0.016117,0,0,0,46,1,4,2.046875,0.091553,0,0.0,0.004169,64
3c4b8307d3733dc1,128,0.015994,1,0,0,59,1,3,2.03125,0.061523,0,0.0,0.003,64
1b3deb6b793d4ff1,128,0.016117,0,0,1,72,1,3,2.046875,0.075928,0,0.013021,0.001,64
1acff866d4a34610,128,0.016117,0,0,0,65,1,3,2.046875,0.060303,0,0.0,0.002206,64
2a347555c8fe5bc5,128,0.015994,0,0,0,60,1,4,2.03125,0.077148,0,0.0,0.002537,64
debe16ad577dc8f2,128,0.016117,0,0,0,49,1,4,2.046875,0.075928,0,0.0,0.003687,64
36fec8edad979178,128,0.016117,0,0,0,51,1,3,2.046875,0.075928,0,0.0,0.003581,64
fef2394db31fc34b,128,0.015994,0,0,0,66,1,3,2.03125,0.061523,0,0.0,0.001499,64
9af31beb2db6e559,128,0.016117,0,0,0,44,1,3,2.046875,0.075928,0,0.0,0.004378,64
a4cd0a4dbe79fd9d,128,0.015994,0,0,0,52,1,3,2.03125,0.061523,0,0.0,0.003474,64
67e5db0ab7231643,128,0.016117,0,0,0,68,1,3,2.046875,0.075928,0,0.0,0.00192,64
5ea5e60b25e5f914,128,0.015994,0,0,0,68,1,3,2.03125,0.061523,0,0.0,0.002426,64
44023dca5d315734,128,0.016117,0,0,0,52,2,3,2.046875,0.044678,0,0.0,0.003265,64
7c442d46055813c2,128,0.016117,0,0,0,47,1,3,2.046875,0.075928,0,0.0,0.00356,64
d672342accf8962f,128,0.015994,0,0,0,67,1,3,2.03125,0.045898,0,0.0,0.002063,64
2d9289d81b275565,128,0.016117,0,0,0,61,1,3,2.046875,0.075928,0,0.0,0.002011,64
9e8cdd328d36bcfd,128,0.016117,0,0,0,53,1,3,2.046875,0.075928,0,0.0,0.003062,64
29db2b498fb4c282,128,0.015748,1,0,0,125,1,3,2.0,0.015625,0,0.0,0.000603,64
43c3dba5cf8c117e,128,0.016117,1,0,0,41,1,3,2.046875,0.075928,0,0.0,0.005008,64
be68c5d49b275a80,128,0.015871,1,0,0,98,1,3,2.015625,0.046631,0,0.0,0.000784,64
d0fb1e1e7d88b347,128,0.016117,0,0,0,65,1,3,2.046875,0.075928,0,0.0,0.002412,64
5efceda16b3b60d4,128,0.015994,1,0,0,115,1,4,2.03125,0.092773,0,0.0,0.000613,64
c0edfa0836967631,128,0.016117,0,0,1,62,1,3,2.046875,0.060303,0,0.013021,0.002499,64
a7fc4dfa89ab422d,128,0.016117,0,0,0,52,1,4,2.046875,0.091553,0,0.0,0.003795,64
886413ac0306b8c3,128,0.016117,0,0,0,45,1,3,2.046875,0.075928,0,0.0,0.004081,64
475d71122acdf9a4,128,0.015748,0,0,1,126,1,3,2.0,0.03125,0,0.013021,0.000603,64
a8d956b9c01975ba,128,0.015994,0,0,0,59,1,3,2.03125,0.061523,0,0.0,0.003029,64
1b30b2040e5e3cf9,128,0.016117,0,0,1,59,1,3,2.046875,0.075928,0,0.013021,0.002484,64
0b6de09d0fae17b4,128,0.016117,0,0,0,42,1,3,2.046875,0.075928,0,0.0,0.005118,64
aa40a9581f814e95,128,0.016117,0,0,0,53,1,4,2.046875,0.091553,0,0.0,0.002612,64
55566d21ae183505,128,0.016117,0,0,0,68,1,3,2.046875,0.075928,0,0.0,0.00117,64
c966b2f7be454c79,128,0.015994,0,0,0,67,1,4,2.03125,0.077148,0,0.0,0.001952,64
35b46bc8a8a85bd8,128,0.015994,0,0,0,80,1,3,2.03125,0.061523,0,0.0,0.001111,64
21cfa716fbd3a2c7,128,0.016117,0,0,0,52,1,3,2.046875,0.075928,0,0.0,0.003744,64
56c159157a9170cc,128,0.016117,0,0,0,68,1,3,2.046875,0.075928,0,0.0,0.001975,64
f3581cf900137100,128,0.016117,0,0,0,74,1,3,2.046875,0.075928,0,0.0,0.001984,64
36b5252cad53916a,128,0.015871,0,0,0,59,1,3,2.015625,0.046631,0,0.0,0.002775,64
efd669d07df2e8b2,128,0.016117,0,0,0,56,1,3,2.046875,0.075928,0,0.0,0.002938,64
117a8e9b79f02237,128,0.015994,0,0,0,52,1,3,2.03125,0.061523,0,0.0,0.003202,64
fb3a07c6ae09ee31,128,0.016117,0,0,0,50,1,3,2.046875,0.075928,0,0.0,0.002947,64
3c7277d54f9fae3f,128,0.016117,0,0,0,66,1,3,2.046875,0.075928,0,0.0,0.002011,64
f317576019c54313,128,0.015994,1,0,0,49,1,3,2.03125,0.061523,0,0.0,0.003884,64
3cab37b33d9174a4,128,0.016117,0,0,0,53,1,3,2.046875,0.060303,0,0.0,0.004299,64
da1bcbf19457575c,128,0.016117,0,0,0,72,1,3,2.046875,0.075928,0,0.0,0.001183,64
3f755c500924f82d,128,0.016117,0,0,0,64,1,4,2.046875,0.091553,0,0.0,0.002118,64
3331d3e8e933afe5,128,0.015994,0,0,0,53,1,3,2.03125,0.045898,0,0.0,0.003236,64
b4802c3047af5bee,128,0.015994,0,0,0,64,1,3,2.03125,0.061523,0,0.0,0.002481,64
5763e17cc2073c6f,128,0.016117,0,0,0,48,1,3,2.046875,0.075928,0,0.0,0.003832,64
2c2a7f09777c2e46,128,0.016117,0,0,0,63,1,3,2.046875,0.075928,0,0.0,0.002405,64
dba57dcdc3f2460d,128,0.016117,0,0,1,46,1,4,2.046875,0.091553,0,0.013021,0.004232,64
f4ccb91ca19804b4,128,0.016117,0,0,0,52,1,3,2.046875,0.075928,0,0.0,0.00469,64
9dda195ec3d6b4e8,128,0.016117,0,0,0,51,1,3,2.046875,0.075928,0,0.0,0.003101,64
396306d14c609f0d,128,0.015994,0,0,0,77,1,3,2.03125,0.061523,0,0.0,0.001176,64
e055f6b1fe8fa768,128,0.015994,1,0,0,74,1,3,2.03125,0.045898,0,0.0,0.001245,64
b69fe65965a668cd,128,0.016117,0,0,0,86,1,4,2.046875,0.091553,0,0.0,0.000806,64
54069ac971194b9f,128,0.015994,0,0,0,57,1,3,2.03125,0.045898,0,0.0,0.003217,64
64102f6c466acdc8,128,0.016117,0,0,0,51,1,3,2.046875,0.075928,0,0.0,0.003202,64
00c924ddf5484067,128,0.015994,0,0,0,82,1,3,2.03125,0.061523,0,0.0,0.000918,64
7b05e2f8b26abcc5,128,0.016117,0,0,0,48,1,3,2.046875,0.075928,0,0.0,0.004665,64
d363854c2ca3b764,128,0.016117,0,0,0,40,1,3,2.046875,0.075928,0,0.0,0.00563,64
0d0e69abc2170e00,128,0.016117,0,0,1,48,1,3,2.046875,0.075928,0,0.013021,0.003324,64
845fd3af918113e9,128,0.016117,0,0,0,43,1,3,2.046875,0.075928,0,0.0,0.005436,64
abb379d3c26369c2,128,0.016117,0,0,0,74,1,3,2.046875,0.075928,0,0.0,0.001412,64
1b6519a93b215ee8,128,0.016117,0,0,0,67,1,4,2.046875,0.091553,0,0.0,0.002042,64
a8408583b54864c7,128,0.016117,0,0,0,48,1,3,2.046875,0.075928,0,0.0,0.003996,64
d318343f718e47de,128,0.016117,0,0,0,68,1,3,2.046875,0.075928,0,0.0,0.001493,64
c4bb10f21e7c2cc7,128,0.015994,0,0,0,59,1,3,2.03125,0.045898,0,0.0,0.002,64
cd049b95b2d5d1fd,128,0.016117,0,0,0,58,1,3,2.046875,0.075928,0,0.0,0.002512,64
b638060c64599cf2,128,0.016117,0,0,0,48,1,4,2.046875,0.091553,0,0.0,0.004349,64
082183e7f7ff4611,128,0.015994,0,0,0,74,1,3,2.03125,0.061523,0,0.0,0.001666,64
d9699e114701ed65,128,0.016117,0,0,0,56,1,3,2.046875,0.075928,0,0.0,0.002503,64
e84828ed67375894,128,0.016117,0,0,0,43,1,3,2.046875,0.075928,0,0.0,0.005465,64
7adabffb42b78ce1,128,0.015994,1,0,0,71,1,4,2.03125,0.077148,0,0.0,0.00155,64
b1d2f17258a34b75,128,0.016117,0,0,0,56,1,3,2.046875,0.075928,0,0.0,0.003457,64
d67c61347cba0bb0,128,0.015994,0,0,0,58,1,3,2.03125,0.061523,0,0.0,0.002853,64
4592113310cc1b3c,128,0.016117,0,0,0,49,1,3,2.046875,0.075928,0,0.0,0.0032,64
52a5a8bccb43409d,128,0.016117,0,0,0,54,1,3,2.046875,0.075928,0,0.0,0.003643,64
c71def6f15eded36,128,0.015871,0,0,0,67,1,3,2.015625,0.046631,0,0.0,0.001898,64
f6d24b5e254970a4,128,0.016117,0,0,0,52,1,3,2.046875,0.060303,0,0.0,0.002783,64
12258f7ad0c592d6,128,0.016117,1,0,0,45,1,3,2.046875,0.075928,0,0.0,0.004199,64
dab96b9aa062fec5,128,0.016117,0,0,0,64,1,3,2.046875,0.075928,0,0.0,0.002769,64
fe818bd0e3b5dc5c,128,0.015994,0,0,0,44,1,3,2.03125,0.061523,0,0.0,0.003894,64
412227d7fac3343b,128,0.016117,0,0,0,63,1,3,2.046875,0.075928,0,0.0,0.002531,64
addc3b06ed555e07,128,0.016117,0,0,0,54,1,4,2.046875,0.075928,0,0.0,0.002898,64
ea1de2a4b485d151,128,0.015871,0,0,0,59,1,3,2.015625,0.046631,0,0.0,0.002596,64
9e61516f5a433851,128,0.016117,0,0,0,51,2,3,2.046875,0.044678,0,0.0,0.003318,64
25fbba3872e6529c,128,0.015994,1,0,0,73,1,4,2.03125,0.077148,0,0.0,0.001288,64
de3419ca08175f2c,128,0.016117,1,0,0,51,1,4,2.046875,0.075928,0,0.0,0.003953,64
5280105badc916f8,128,0.016117,1,0,0,45,1,3,2.046875,0.075928,0,0.0,0.004927,64
0500781e5f4cf51c,128,0.016117,0,0,0,45,1,3,2.046875,0.075928,0,0.0,0.003654,64
ca57421af427dfaf,128,0.016117,0,0,0,44,1,3,2.046875,0.075928,0,0.0,0.005613,64
249a36fb434161bb,128,0.015994,0,0,1,55,1,3,2.03125,0.061523,0,0.013021,0.002683,64
7d12b0d62938a873,128,0.016117,1,0,0,54,1,4,2.046875,0.091553,0,0.0,0.002792,64
5a6c8f41c8de5819,128,0.016117,0,0,0,52,1,3,2.046875,0.075928,0,0.0,0.002619,64
a7be20d890dba40c,128,0.016117,1,0,0,41,1,4,2.046875,0.091553,0,0.0,0.005823,64
322b92b115599012,128,0.016117,0,0,0,52,1,3,2.046875,0.075928,0,0.0,0.001834,64
66ae66cf8b5cb8c5,128,0.015994,0,0,0,49,1,3,2.03125,0.061523,0,0.0,0.003721,64
1f524fef9a123c8c,128,0.015994,0,0,1,67,1,3,2.03125,0.045898,0,0.013021,0.002665,64
be304dfed1ddb5e0,128,0.016117,0,0,0,55,1,3,2.046875,0.060303,0,0.0,0.003172,64
553745bf1f5e8c31,128,0.016117,0,0,1,66,1,3,2.046875,0.060303,0,0.013021,0.001865,64
2dd8e566b12cf338,128,0.016117,0,0,0,45,1,3,2.046875,0.075928,0,0.0,0.005823,64
de6948b436b24162,128,0.015994,0,0,0,48,1,3,2.03125,0.061523,0,0.0,0.004484,64
1b7314afcbdb556b,128,0.016117,1,0,0,44,1,3,2.046875,0.075928,0,0.0,0.003977,64
7a0a06d21d326844,128,0.016117,0,0,0,57,1,3,2.046875,0.075928,0,0.0,0.003256,64
549ea9eff296afde,128,0.016117,0,0,0,45,1,3,2.046875,0.075928,0,0.0,0.003203,64
824618f3d7d011ca,128,0.015994,0,0,0,84,1,4,2.03125,0.077148,0,0.0,0.001107,64
e2b4503017505e0c,128,0.016117,0,0,0,37,1,3,2.046875,0.075928,0,0.0,0.006943,64
e19e17eb9fd211b3,128,0.016117,1,0,0,51,1,4,2.046875,0.091553,0,0.0,0.004099,64
4123709a10521546,128,0.016117,0,0,0,57,1,4,2.046875,0.091553,0,0.0,0.003144,64
a992a98c05c11d97,128,0.016117,0,0,0,71,1,3,2.046875,0.075928,0,0.0,0.001328,64
469fdaee2d209e04,128,0.016117,0,0,0,39,1,3,2.046875,0.075928,0,0.0,0.006071,64
751c953d4eaf9418,128,0.015994,0,0,0,52,1,4,2.03125,0.077148,0,0.0,0.003337,64
6f6d45144a218f59,128,0.016117,0,0,0,66,1,3,2.046875,0.075928,0,0.0,0.001409,64
75c463f784b38b23,128,0.015994,0,0,0,60,1,3,2.03125,0.061523,0,0.0,0.002518,64
ab23eeeba083a5a5,128,0.016117,0,0,0,55,1,3,2.046875,0.075928,0,0.0,0.002635,64
8f505be833d141fb,128,0.015994,0,0,0,59,1,3,2.03125,0.061523,0,0.0,0.002721,64
5765be7c46f6723f,128,0.015994,0,0,0,48,1,3,2.03125,0.061523,0,0.0,0.004414,64
7e65f262c01c476a,128,0.016117,0,0,0,61,1,3,2.046875,0.075928,0,0.0,0.002285,64
e97ac062492f9aa2,128,0.016117,0,0,0,56,1,4,2.046875,0.091553,0,0.0,0.001893,64
b6dd7ee5a8b8a7c7,128,0.016117,0,0,0,61,1,3,2.046875,0.060303,0,0.0,0.002739,64
13be77764f33f209,128,0.015994,0,0,0,57,1,3,2.03125,0.061523,0,0.0,0.002998,64
d1d2bb91a63ea7ab,128,0.016117,0,0,1,71,1,3,2.046875,0.075928,0,0.013021,0.001793,64
23549e65aed376f4,128,0.016117,0,0,0,70,1,3,2.046875,0.075928,0,0.0,0.001499,64
6c6be055fb199468,128,0.016117,0,0,0,40,1,3,2.046875,0.060303,0,0.0,0.004746,64
9d947e9141f77c6a,128,0.015994,0,0,0,111,1,3,2.03125,0.045898,0,0.0,0.000761,64
fbaaa62682c1b3e5,128,0.016117,0,0,0,59,1,4,2.046875,0.075928,0,0.0,0.002623,64
640478628df6fb60,128,0.015994,0,0,0,52,1,3,2.03125,0.061523,0,0.0,0.003153,64
f44e21469731feeb,128,0.016117,0,0,0,53,1,3,2.046875,0.075928,0,0.0,0.003063,64
e699e2488991f487,128,0.016117,0,0,0,37,1,3,2.046875,0.075928,0,0.0,0.006799,64
d4c437fea45557d9,128,0.015994,0,0,0,78,1,4,2.03125,0.077148,0,0.0,0.00121,64
515edc2bca234fe6,128,0.016117,0,0,0,61,1,3,2.046875,0.075928,0,0.0,0.002255,64
0ce9476c6dd47b50,128,0.015994,0,0,0,57,1,4,2.03125,0.077148,0,0.0,0.003876,64
0af4872ca02d1cac,128,0.016117,0,0,0,54,1,3,2.046875,0.075928,0,0.0,0.00326,64
ed73d1b737809f3b,128,0.015994,1,0,0,50,1,3,2.03125,0.061523,0,0.0,0.00419,64
f149abbd7f84650c,128,0.016117,0,0,1,49,1,3,2.046875,0.075928,0,0.013021,0.004259,64
3821627f36d035c0,128,0.016117,0,0,0,44,1,3,2.046875,0.075928,0,0.0,0.004179,64
cd870eaeb7e72b46,128,0.015994,0,0,0,54,1,3,2.03125,0.061523,0,0.0,0.002297,64
46926ddfa86e9553,128,0.016117,0,0,0,48,1,3,2.046875,0.075928,0,0.0,0.004159,64
ecbdfdeeee9b50ca,128,0.016117,0,0,0,49,1,3,2.046875,0.075928,0,0.0,0.003631,64
9a3d49fbacec490d,128,0.016117,1,0,0,60,1,3,2.046875,0.060303,0,0.0,0.002279,64
359f202dc47da414,128,0.016117,0,0,0,42,1,3,2.046875,0.075928,0,0.0,0.004613,64
79e69f7a52e42bcb,128,0.016117,0,0,0,56,1,3,2.046875,0.075928,0,0.0,0.003531,64
ab4ad7a2173ecda8,128,0.016117,0,0,0,53,1,4,2.046875,0.091553,0,0.0,0.002863,64
ad638fc788b3df4a,128,0.016117,0,0,0,57,1,3,2.046875,0.075928,0,0.0,0.002293,64
dd5cc7b773b36bc1,128,0.016117,0,0,0,41,1,3,2.046875,0.060303,0,0.0,0.006032,64
859d7a9e15a49db0,128,0.016117,0,0,0,42,1,4,2.046875,0.091553,0,0.0,0.005004,64
fa253c2a4adc78b5,128,0.015994,0,0,0,53,1,3,2.03125,0.045898,0,0.0,0.003403,64
ad7ecde720748052,128,0.016117,0,0,1,51,1,3,2.046875,0.075928,0,0.013021,0.003298,64
cac16076c8b63201,128,0.015994,0,0,0,70,1,3,2.03125,0.061523,0,0.0,0.00142,64
35b622a8ac774d81,128,0.016117,0,0,0,44,1,3,2.046875,0.075928,0,0.0,0.005271,64
73464d48732cfb3d,128,0.016117,0,0,0,61,1,4,2.046875,0.091553,0,0.0,0.001685,64
2487fd22c51bbca8,128,0.016117,0,0,0,46,1,3,2.046875,0.075928,0,0.0,0.004936,64
2b44015c0eee983f,128,0.015994,0,0,0,52,1,4,2.03125,0.077148,0,0.0,0.003335,64
a48004eac7dff875,128,0.016117,0,0,0,53,1,3,2.046875,0.075928,0,0.0,0.0022,64
643b7df3e7184f99,128,0.016117,0,0,0,67,1,3,2.046875,0.075928,0,0.0,0.00185,64
35b73c232e000159,128,0.016117,0,0,0,60,1,4,2.046875,0.091553,0,0.0,0.00215,64
496f64825995e6c8,128,0.016117,0,0,0,39,1,3,2.046875,0.075928,0,0.0,0.006064,64
751d2319366464c8,128,0.015994,0,0,0,41,1,3,2.03125,0.061523,0,0.0,0.005568,64
0f5a7f6dd5f822d9,128,0.015994,0,0,1,56,1,3,2.03125,0.061523,0,0.013021,0.002561,64
823c6c1f319f251c,128,0.015994,0,0,0,84,1,3,2.03125,0.061523,0,0.0,0.001005,64
eb5f8a6fbd8a0343,128,0.016117,0,0,0,68,1,3,2.046875,0.075928,0,0.0,0.001681,64
bc6c4a6cbb92b954,128,0.015994,0,0,0,96,1,4,2.03125,0.077148,0,0.0,0.000725,64
de0323051d620975,128,0.016117,0,0,0,72,1,4,2.046875,0.091553,0,0.0,0.001112,64
ad007593465d7fc6,128,0.016117,0,0,0,60,1,4,2.046875,0.091553,0,0.0,0.002109,64
15827ad8042aa82f,128,0.015994,0,0,1,75,1,4,2.03125,0.077148,0,0.00651,0.001209,64
6956ea7aacd0ce54,128,0.015994,0,0,0,58,1,3,2.03125,0.061523,0,0.0,0.002645,64
3200762a47335ee3,128,0.016117,0,0,0,48,1,4,2.046875,0.091553,0,0.0,0.004376,64
9012304d6d6a1c22,128,0.015994,0,0,0,48,1,3,2.03125,0.061523,0,0.0,0.003496,64
efdda5f2b8e0d421,128,0.016117,0,0,0,45,1,3,2.046875,0.075928,0,0.0,0.004112,64
b3b32357c38ce6e6,128,0.016117,0,0,0,47,1,3,2.046875,0.075928,0,0.0,0.003777,64
b7a0a049591892f5,128,0.015994,0,0,0,64,1,4,2.03125,0.077148,0,0.0,0.002325,64
8985d9bd33a53be2,128,0.016117,0,0,0,54,1,3,2.046875,0.060303,0,0.0,0.003619,64
13c8e53e0e4894bc,128,0.015994,0,0,1,60,1,4,2.03125,0.077148,0,0.011719,0.002214,64
71070b25120d0d06,128,0.016117,0,0,0,43,1,3,2.046875,0.075928,0,0.0,0.005105,64
f574996b1689b583,128,0.016117,0,0,0,66,1,3,2.046875,0.060303,0,0.0,0.001697,64
6a344695ca0dc1b8,128,0.016117,0,0,0,65,1,4,2.046875,0.091553,0,0.0,0.001536,64
115c5df7caeb641b,128,0.016117,1,0,0,54,1,3,2.046875,0.060303,0,0.0,0.003089,64
05dec2e28e3f7ec6,128,0.016117,0,0,0,56,1,3,2.046875,0.075928,0,0.0,0.002599,64
10f6e7a820f7470b,128,0.015994,0,0,0,51,1,3,2.03125,0.061523,0,0.0,0.003791,64
7c1205f720027096,128,0.016117,0,0,0,49,1,3,2.046875,0.075928,0,0.0,0.004371,64
0ada02321c89dbdf,128,0.015994,0,0,0,50,1,3,2.03125,0.061523,0,0.0,0.002006,64
f6da5e0956ebe1d5,128,0.016117,0,0,0,47,1,3,2.046875,0.075928,0,0.0,0.003795,64
227a8b73888d362b,128,0.016117,0,0,0,53,1,3,2.046875,0.075928,0,0.0,0.002393,64
de70df7253acfa41,128,0.016117,0,0,1,63,1,3,2.046875,0.075928,0,0.013021,0.001687,64
83c008e8d9b2c432,128,0.015871,0,0,1,80,1,3,2.015625,0.046631,0,0.013021,0.001546,64
c5d44b82e1a6d2a1,128,0.015871,0,0,0,118,1,3,2.015625,0.046631,0,0.0,0.000708,64
9d035bb157dfefc7,128,0.016117,0,0,1,47,1,3,2.046875,0.075928,0,0.013021,0.003654,64
9e92cf08165f296c,128,0.016117,1,0,0,49,1,3,2.046875,0.075928,0,0.0,0.00357,64
7ea53a904de91fe2,128,0.015994,1,0,0,82,1,3,2.03125,0.061523,0,0.0,0.00099,64
b7788030d4802dd4,128,0.016117,0,0,0,47,1,3,2.046875,0.075928,0,0.0,0.002227,64
ead8a34850515de0,128,0.016117,0,0,0,35,1,3,2.046875,0.075928,0,0.0,0.006106,64
91f497483358aeee,128,0.016117,0,0,0,59,1,4,2.046875,0.091553,0,0.0,0.002912,64
c2f8379f54e73d48,128,0.015994,0,0,0,88,1,3,2.03125,0.061523,0,0.0,0.000948,64
fd844cc075484c0a,128,0.016117,0,0,0,58,1,4,2.046875,0.091553,0,0.0,0.002865,64
6f820def820d3049,128,0.015994,0,0,0,49,1,3,2.03125,0.061523,0,0.0,0.00413,64
31bbaab9962b75ca,128,0.016117,0,0,0,46,1,3,2.046875,0.075928,0,0.0,0.004779,64
d09ea3e0656ddabf,128,0.016117,0,0,0,50,1,4,2.046875,0.091553,0,0.0,0.003585,64
bdf2527bfa5915ff,128,0.015994,0,0,0,64,1,4,2.03125,0.077148,0,0.0,0.00262,64
2f4b6123d0a6b8b6,128,0.016117,0,0,0,39,1,3,2.046875,0.075928,0,0.0,0.006881,64
32c7bd6cfe5ced12,128,0.016117,0,0,0,40,1,3,2.046875,0.075928,0,0.0,0.004209,64
c4cdb5f4d62356ea,128,0.015994,0,0,0,73,1,4,2.03125,0.077148,0,0.0,0.001468,64
aa5976cf87da5b84,128,0.016117,0,0,0,64,1,3,2.046875,0.075928,0,0.0,0.002088,64
ba03424af04e8a19,128,0.016117,0,0,0,85,1,4,2.046875,0.075928,0,0.0,0.000873,64
edf47e1fb2a7ebc0,128,0.015994,1,0,0,58,1,3,2.03125,0.045898,0,0.0,0.00296,64
e4e2ad3f78a762f5,128,0.016117,0,0,0,56,1,3,2.046875,0.075928,0,0.0,0.002894,64
9d4d1f5f63f6c6f2,128,0.015871,0,0,0,62,1,3,2.015625,0.031006,0,0.0,0.002526,64
91cd8216978da8db,128,0.015994,0,0,0,57,1,3,2.03125,0.045898,0,0.0,0.002643,64
f5aab054156f00c1,128,0.016117,0,0,0,44,1,3,2.046875,0.075928,0,0.0,0.0041,64
2c0598e96c717571,128,0.015871,0,0,1,123,1,3,2.015625,0.046631,0,0.013021,0.000644,64
207a4b4a34048ecd,128,0.016117,1,0,0,53,1,4,2.046875,0.091553,0,0.0,0.003217,64
74bc904cc6923512,128,0.016117,0,0,0,60,1,3,2.046875,0.075928,0,0.0,0.00197,64
85a11e28eff0796e,128,0.016117,0,0,0,60,1,3,2.046875,0.075928,0,0.0,0.001441,64
9e1b25e12717f5d7,128,0.015994,1,0,0,54,1,3,2.03125,0.061523,0,0.0,0.002909,64
f98cea73ea084d31,128,0.016117,0,0,0,54,1,4,2.046875,0.091553,0,0.0,0.003059,64
e49ea80c1c299c14,128,0.016117,0,0,0,43,1,3,2.046875,0.075928,0,0.0,0.005028,64
a2674bd5e339be93,128,0.015994,0,0,1,109,1,3,2.03125,0.061523,0,0.013021,0.000687,64
32c50dc31a1b24ec,128,0.015994,0,0,0,61,1,3,2.03125,0.061523,0,0.0,0.002468,64
4adf56ed816fc861,128,0.016117,0,0,0,59,1,3,2.046875,0.075928,0,0.0,0.002828,64
b6ec8f6339b37719,128,0.016117,0,0,0,46,1,4,2.046875,0.091553,0,0.0,0.004394,64
0299025c7cb6989d,128,0.016117,0,0,0,48,1,3,2.046875,0.075928,0,0.0,0.003262,64
7b167571d7d92c7a,128,0.016117,0,0,0,47,1,3,2.046875,0.075928,0,0.0,0.002738,64
b0ae3fcebe69411a,128,0.015994,0,0,0,49,1,3,2.03125,0.061523,0,0.0,0.004641,64
623cd01c35e6ba9a,128,0.016117,0,0,0,67,1,4,2.046875,0.091553,0,0.0,0.001181,64
49c7f2ebfa40b9a8,128,0.016117,0,0,0,47,1,3,2.046875,0.075928,0,0.0,0.00431,64
756f84be46393476,128,0.015994,0,0,0,65,1,3,2.03125,0.061523,0,0.0,0.002288,64
85f7b64b87400de7,128,0.015994,0,0,0,95,1,3,2.03125,0.061523,0,0.0,0.000909,64
1aed4497dca2923d,128,0.016117,0,0,0,64,1,3,2.046875,0.075928,0,0.0,0.001559,64
8508796efc501589,128,0.015871,0,0,0,66,1,3,2.015625,0.031006,0,0.0,0.002288,64
bafaac50fce47834,128,0.015994,0,0,0,60,1,3,2.03125,0.061523,0,0.0,0.002669,64
78c2119efb9c39c9,128,0.016117,0,0,0,56,1,3,2.046875,0.075928,0,0.0,0.002777,64
5497d763ca79bdc8,128,0.016117,0,0,0,49,1,3,2.046875,0.075928,0,0.0,0.003532,64
8d324e92214883da,128,0.016117,0,0,0,48,1,3,2.046875,0.060303,0,0.0,0.003107,64
8cd6d2295827a31f,128,0.015994,0,0,0,60,1,3,2.03125,0.045898,0,0.0,0.002443,64
7201de387a2f77e5,128,0.016117,0,0,0,63,1,3,2.046875,0.075928,0,0.0,0.002044,64
f103582e8819a436,128,0.015994,0,0,0,84,1,3,2.03125,0.061523,0,0.0,0.00136,64
931f88764096265f,128,0.016117,1,0,0,33,1,4,2.046875,0.091553,0,0.0,0.008085,64
7f43602eaaeab614,128,0.016117,0,0,0,38,1,3,2.046875,0.075928,0,0.0,0.005874,64
4a05300204d1a150,128,0.016117,0,0,0,49,1,3,2.046875,0.060303,0,0.0,0.004427,64
90adf968c4ba3c7e,128,0.015994,0,0,0,66,1,3,2.03125,0.045898,0,0.0,0.002298,64
dbdf3bedb9c0f9c5,128,0.016117,0,0,0,64,1,3,2.046875,0.075928,0,0.0,0.002631,64
e2b1242d4617f0fb,128,0.015994,0,0,0,53,1,3,2.03125,0.061523,0,0.0,0.002782,64
04f6449b0e0bbf68,128,0.016117,0,0,0,51,1,3,2.046875,0.075928,0,0.0,0.002836,64
487310fdd6171b8d,128,0.016117,0,0,0,58,1,4,2.046875,0.091553,0,0.0,0.002908,64
ce3b806f31696064,128,0.015994,0,0,0,56,1,3,2.03125,0.061523,0,0.0,0.003261,64
7df5e5ea94cb2f37,128,0.016117,0,0,0,46,1,3,2.046875,0.060303,0,0.0,0.003781,64
c209bf04acd28cfc,128,0.016117,0,0,0,52,1,3,2.046875,0.075928,0,0.0,0.003547,64
471916a629507b38,128,0.016117,0,0,0,49,1,3,2.046875,0.075928,0,0.0,0.004024,64
accd734ddc9ff013,128,0.015994,1,0,0,55,1,4,2.03125,0.077148,0,0.0,0.002819,64
5e830927514cb9aa,128,0.015994,0,0,0,60,1,3,2.03125,0.061523,0,0.0,0.002226,64
b298422bd921d5e7,128,0.015871,1,0,0,76,1,3,2.015625,0.046631,0,0.0,0.001422,64
9931a70a0aa06ccb,128,0.015871,0,0,0,66,1,4,2.015625,0.062256,0,0.0,0.002385,64
18f06ca262ff56ae,128,0.016117,1,0,0,46,1,3,2.046875,0.075928,0,0.0,0.004465,64
e840070512738985,128,0.016117,1,0,0,92,1,3,2.046875,0.075928,0,0.0,0.000901,64
65be960130ac0130,128,0.016117,0,0,0,38,1,3,2.046875,0.075928,0,0.0,0.006602,64
251cf8fdb2d45fac,128,0.016117,0,0,0,67,1,3,2.046875,0.075928,0,0.0,0.001542,64
a8549748a7cc0c2f,128,0.016117,0,0,0,88,1,3,2.046875,0.075928,0,0.0,0.000896,64
7c37e0083e4c03cf,128,0.015994,0,0,0,74,1,4,2.03125,0.077148,0,0.0,0.001211,64
8ae0fb40e89e6e17,128,0.016117,0,0,0,78,1,3,2.046875,0.075928,0,0.0,0.00129,64
cf1ac62a8663843d,128,0.016117,0,0,0,55,1,3,2.046875,0.060303,0,0.0,0.002986,64
58ef20dcdf9db441,128,0.016117,0,0,0,45,1,4,2.046875,0.091553,0,0.0,0.004184,64
3d2d751c11206f98,128,0.016117,0,0,0,59,1,3,2.046875,0.075928,0,0.0,0.003215,64
65c0182a6f51f0f0,128,0.015871,0,0,0,100,1,3,2.015625,0.031006,0,0.0,0.000784,64
ef2d178079c00043,128,0.016117,0,0,0,56,1,3,2.046875,0.075928,0,0.0,0.002042,64
2792d95fff2b52c1,128,0.015994,0,0,2,86,1,4,2.03125,0.077148,0,0.019531,0.001267,64
c91722550a53c987,128,0.016117,0,0,0,48,1,4,2.046875,0.091553,0,0.0,0.003738,64
05adca10e2678ac5,128,0.016117,0,0,0,59,1,4,2.046875,0.091553,0,0.0,0.002784,64
b601eb35298038fc,128,0.015994,0,0,0,47,1,3,2.03125,0.061523,0,0.0,0.003867,64
eaa9e8ff4f312d38,128,0.016117,0,0,0,56,1,3,2.046875,0.075928,0,0.0,0.00275,64
94c8a7b1bbf6ce68,128,0.015994,0,0,0,71,1,3,2.03125,0.045898,0,0.0,0.002055,64
65af0c6188729367,128,0.016117,0,0,0,47,1,4,2.046875,0.091553,0,0.0,0.00394,64
b3025a78aee6d6c3,128,0.015994,0,0,0,59,1,4,2.03125,0.077148,0,0.0,0.002668,64
150d7f48090b82a5,128,0.015994,0,0,0,61,1,3,2.03125,0.061523,0,0.0,0.002106,64
29d0d2f1d389ace4,128,0.015994,0,0,0,105,1,4,2.03125,0.077148,0,0.0,0.000734,64
32c51025222cfa1d,128,0.016117,0,0,0,47,1,3,2.046875,0.075928,0,0.0,0.004827,64
262086edc8e9fb54,128,0.015994,0,0,0,57,1,3,2.03125,0.061523,0,0.0,0.00319,64
a6a1db294034765c,128,0.016117,0,0,0,53,1,3,2.046875,0.075928,0,0.0,0.003471,64
f623f8b28cc1af02,128,0.015871,0,0,0,92,1,3,2.015625,0.046631,0,0.0,0.000812,64
10e47a58a64631ed,128,0.015994,1,0,0,92,1,4,2.03125,0.077148,0,0.0,0.000797,64
79f8dbd32731b1a4,128,0.016117,0,0,0,59,1,3,2.046875,0.075928,0,0.0,0.002139,64
011b431e70f2e8be,128,0.015994,0,0,0,48,1,3,2.03125,0.045898,0,0.0,0.00419,64
cb17d99df0fd5dea,128,0.016117,0,0,0,50,1,3,2.046875,0.075928,0,0.0,0.003245,64
237f4e617fb87790,128,0.015994,0,0,0,59,1,3,2.03125,0.061523,0,0.0,0.002724,64
b67c832e6a842910,128,0.016117,0,0,0,46,1,3,2.046875,0.075928,0,0.0,0.004086,64
5e30930a042a30b7,128,0.016117,0,0,1,50,1,3,2.046875,0.075928,0,0.013021,0.004671,64
b18c8d8135d0aeed,128,0.016117,0,0,0,51,1,3,2.046875,0.075928,0,0.0,0.003209,64
6bccf84b81e865c6,128,0.015994,0,0,0,81,1,3,2.03125,0.061523,0,0.0,0.001239,64
cf5f499dcc8a20c8,128,0.016117,1,0,0,43,1,3,2.046875,0.075928,0,0.0,0.00481,64
f8c0a8e07f537bef,128,0.015994,0,0,0,59,1,3,2.03125,0.061523,0,0.0,0.002941,64
debf2998df2acb5a,128,0.016117,0,0,0,48,1,3,2.046875,0.075928,0,0.0,0.005636,64
19f135b7b6129ce0,128,0.015994,0,0,0,89,1,3,2.03125,0.061523,0,0.0,0.000839,64
f771c44fee40ee89,128,0.016117,0,0,0,41,1,3,2.046875,0.075928,0,0.0,0.004872,64
ef2147f2e1d58300,128,0.016117,0,0,0,49,1,4,2.046875,0.091553,0,0.0,0.002868,64
50da578f5f723c51,128,0.016117,0,0,0,56,1,3,2.046875,0.060303,0,0.0,0.003226,64
bf1996a0cd7f1a2f,128,0.016117,1,0,0,47,1,4,2.046875,0.075928,0,0.0,0.004017,64
6d0ea78b29df9988,128,0.015994,0,0,0,72,1,3,2.03125,0.061523,0,0.0,0.001874,64
032dada12a8a5613,128,0.016117,0,0,0,38,1,3,2.046875,0.075928,0,0.0,0.006274,64
9743e93137608b92,128,0.015994,0,0,0,65,1,3,2.03125,0.061523,0,0.0,0.002024,64
717733dea8000c79,128,0.016117,0,0,0,40,1,3,2.046875,0.075928,0,0.0,0.006323,64
d2039db684bce1b0,128,0.015994,0,0,0,67,1,3,2.03125,0.061523,0,0.0,0.001492,64
90b43152dd305ed5,128,0.016117,0,0,1,64,1,3,2.046875,0.075928,0,0.013021,0.001167,64
da4f73a22f64183f,128,0.015994,0,0,0,77,1,3,2.03125,0.061523,0,0.0,0.001345,64
a00c046f29fddac8,128,0.016117,0,0,0,87,1,3,2.046875,0.075928,0,0.0,0.00083,64
df2843da867b1326,128,0.016117,0,0,0,44,1,3,2.046875,0.060303,0,0.0,0.006185,64
c2226dc186828b65,128,0.015994,0,0,0,85,1,3,2.03125,0.061523,0,0.0,0.000979,64
eef969c91ba3248f,128,0.015994,0,0,0,54,1,4,2.03125,0.077148,0,0.0,0.00425,64
eb7d7c205246ebb9,128,0.015994,0,0,0,60,1,4,2.03125,0.077148,0,0.0,0.002422,64
a8d3e4832b07550c,128,0.015994,0,0,0,56,1,3,2.03125,0.061523,0,0.0,0.002347,64
4f3c83f5c4f1bc7f,128,0.016117,0,0,0,53,1,4,2.046875,0.091553,0,0.0,0.00302,64
56641370a8d8d32b,128,0.016117,0,0,0,54,1,3,2.046875,0.075928,0,0.0,0.002007,64
66ea121a8f43f130,128,0.016117,0,0,0,46,1,3,2.046875,0.060303,0,0.0,0.005026,64
37ef1e04b3ab8aa7,128,0.016117,0,0,1,66,1,3,2.046875,0.075928,0,0.007812,0.001716,64
dd4f6817ba791bf0,128,0.016117,0,0,0,48,1,3,2.046875,0.075928,0,0.0,0.00428,64
d38c4ca3a1c0b87f,128,0.016117,0,0,0,61,1,3,2.046875,0.075928,0,0.0,0.002362,64
ac30f7f344d5a329,128,0.015994,0,0,1,71,1,3,2.03125,0.061523,0,0.013021,0.001932,64
af826a2c004331cd,128,0.016117,0,0,0,50,1,3,2.046875,0.075928,0,0.0,0.002701,64
e645231675e3ad91,128,0.016117,0,0,0,46,1,4,2.046875,0.091553,0,0.0,0.00515,64
5e882eb270707473,128,0.016117,0,0,0,51,1,3,2.046875,0.060303,0,0.0,0.002775,64
ca33fb6c56add227,128,0.015994,1,0,0,59,1,3,2.03125,0.045898,0,0.0,0.002589,64
8c0535fb2d4ce10c,128,0.016117,0,0,0,54,1,3,2.046875,0.075928,0,0.0,0.003413,64
635b7f1225bacec5,128,0.016117,0,0,0,59,1,4,2.046875,0.091553,0,0.0,0.002511,64
9a63bbd4908205c0,128,0.016117,0,0,0,59,1,3,2.046875,0.075928,0,0.0,0.002399,64
f91a429cc23fccdd,128,0.015994,0,0,1,67,1,3,2.03125,0.061523,0,0.013021,0.001358,64
8a3e9e466a1f9120,128,0.016117,0,0,1,54,1,3,2.046875,0.075928,0,0.013021,0.002476,64
a792ca1964dc680d,128,0.016117,0,0,0,46,1,3,2.046875,0.075928,0,0.0,0.00534,64
92f236401d17f95a,128,0.015994,1,0,0,63,1,3,2.03125,0.045898,0,0.0,0.00181,64
a26d3a93017e3a5e,128,0.016117,0,0,0,53,1,3,2.046875,0.075928,0,0.0,0.003007,64
4144acb7745a9f5b,128,0.016117,0,0,0,71,1,4,2.046875,0.091553,0,0.0,0.001675,64
70aff946f4b26867,128,0.016117,0,0,0,49,2,3,2.046875,0.044678,0,0.0,0.003325,64
946c7e6de11316ae,128,0.016117,0,0,0,53,1,3,2.046875,0.075928,0,0.0,0.004159,64
97472ea6a9c78526,128,0.016117,0,0,1,52,1,3,2.046875,0.075928,0,0.013021,0.003188,64
1b642527f5f00fb4,128,0.016117,0,0,0,71,1,4,2.046875,0.091553,0,0.0,0.001469,64
aad37ebcfaf12015,128,0.015994,1,0,0,54,1,3,2.03125,0.061523,0,0.0,0.003442,64
34be88f0d6e92a9b,128,0.016117,0,0,0,43,1,3,2.046875,0.060303,0,0.0,0.004745,64
536bc87ad7b3d1a5,128,0.016117,0,0,0,44,1,3,2.046875,0.060303,0,0.0,0.006225,64
873079533b741254,128,0.016117,0,0,0,47,1,3,2.046875,0.060303,0,0.0,0.003391,64
e82345a8a57d9784,128,0.016117,1,0,0,64,1,4,2.046875,0.075928,0,0.0,0.001463,64
9a534f68568917b1,128,0.016117,0,0,0,51,1,4,2.046875,0.091553,0,0.0,0.002564,64
d0e2480a2c2c34f2,128,0.015871,1,0,0,86,1,4,2.015625,0.062256,0,0.0,0.000974,64
55fb3d588c45b1d5,128,0.016117,0,0,0,39,1,3,2.046875,0.075928,0,0.0,0.005383,64
b6cdbcff77ea75e0,128,0.015871,0,0,0,106,1,3,2.015625,0.046631,0,0.0,0.000654,64
3f754b796e35de51,128,0.015994,0,0,1,78,1,3,2.03125,0.061523,0,0.013021,0.000918,64
bb53a63be7ed7809,128,0.016117,0,0,0,75,1,4,2.046875,0.091553,0,0.0,0.001691,64
f314fca1d5640ce5,128,0.016117,0,0,0,40,1,3,2.046875,0.075928,0,0.0,0.00613,64
8de16ccf77f9d399,128,0.016117,0,0,0,41,1,4,2.046875,0.091553,0,0.0,0.005986,64
cd50e40e71dac134,128,0.016117,0,0,1,65,1,3,2.046875,0.075928,0,0.013021,0.002449,64
025af192b61dc99b,128,0.016117,0,0,0,73,1,4,2.046875,0.107178,0,0.0,0.001243,64
e0342e70cf9b6bc5,128,0.016117,0,0,0,46,1,3,2.046875,0.075928,0,0.0,0.003709,64
331bee32aa0e7488,128,0.016117,0,0,0,89,1,4,2.046875,0.091553,0,0.0,0.000846,64
11e863d8bada5ca4,128,0.016117,0,0,0,57,1,4,2.046875,0.091553,0,0.0,0.002436,64
53eb074b4467386d,128,0.016117,0,0,0,46,1,3,2.046875,0.075928,0,0.0,0.004926,64
d538392ea3212846,128,0.016117,0,0,0,55,1,3,2.046875,0.075928,0,0.0,0.002972,64
8ba35cff3b4b2e46,128,0.016117,0,0,0,47,1,3,2.046875,0.060303,0,0.0,0.004199,64
b4a9ee8636bb6c77,128,0.015994,0,0,0,56,1,4,2.03125,0.077148,0,0.0,0.003003,64
ee4b16130de948e5,128,0.016117,0,0,0,53,1,3,2.046875,0.075928,0,0.0,0.001752,64
8cd217c594235942,128,0.016117,0,0,0,53,1,3,2.046875,0.075928,0,0.0,0.002117,64
d592d0149557527b,128,0.015994,0,0,0,51,1,3,2.03125,0.061523,0,0.0,0.00487,64
ffff9ec18f69c2f4,128,0.016117,0,0,0,43,1,3,2.046875,0.075928,0,0.0,0.004812,64
d14d32655654fe7a,128,0.016117,0,0,0,50,1,3,2.046875,0.075928,0,0.0,0.003702,64
1cd3adcfca62d2f6,128,0.016117,0,0,0,46,1,3,2.046875,0.075928,0,0.0,0.004225,64
3593fa4335755360,128,0.015994,0,0,0,77,1,4,2.03125,0.077148,0,0.0,0.000898,64
5e44137ffdf76892,128,0.016117,0,0,0,39,1,3,2.046875,0.075928,0,0.0,0.007958,64
134531fcc58ec5f8,128,0.015871,0,0,0,101,1,3,2.015625,0.046631,0,0.0,0.000714,64
97aae47d4791ecf1,128,0.015994,1,0,0,61,1,3,2.03125,0.061523,0,0.0,0.002494,64
04ba96725a4fcab2,128,0.016117,0,0,0,83,1,3,2.046875,0.075928,0,0.0,0.001094,64
c435e79feddb1f94,128,0.016117,1,0,0,46,1,3,2.046875,0.075928,0,0.0,0.004802,64
603c7d08bc3c2895,128,0.016117,0,0,0,54,1,3,2.046875,0.075928,0,0.0,0.003019,64
385beb672fc4e920,128,0.016117,0,0,0,51,1,4,2.046875,0.091553,0,0.0,0.003704,64
02e02957f12aac2a,128,0.016117,0,0,0,37,1,3,2.046875,0.060303,0,0.0,0.007143,64
4eab6f5504675e95,128,0.015994,0,0,0,44,1,4,2.03125,0.077148,0,0.0,0.005298,64
d7e50f237fbd50fa,128,0.015994,0,0,0,75,1,3,2.03125,0.045898,0,0.0,0.001486,64
10843cc1f3db13ca,128,0.016117,0,0,0,47,1,3,2.046875,0.060303,0,0.0,0.004235,64
16926fd8a41bd8e6,128,0.015994,1,0,0,48,1,3,2.03125,0.061523,0,0.0,0.005323,64
e2ed027e99bb33db,128,0.016117,0,0,0,45,1,4,2.046875,0.091553,0,0.0,0.006587,64
d340d5067cddb552,128,0.016117,0,0,0,74,1,4,2.046875,0.091553,0,0.0,0.001241,64
fa9f5a7d96b4e456,128,0.015994,0,0,0,57,1,3,2.03125,0.061523,0,0.0,0.00274,64
03c3eb7b6d41b98b,128,0.016117,0,0,1,77,1,3,2.046875,0.075928,0,0.013021,0.001345,64
ce997b1dacce22d9,128,0.016117,0,0,1,61,1,3,2.046875,0.075928,0,0.013021,0.002562,64
3167fe0d12f742dc,128,0.015871,1,0,0,72,1,4,2.015625,0.062256,0,0.0,0.001255,64
edbb02efd48521a3,128,0.016117,0,0,0,39,1,3,2.046875,0.075928,0,0.0,0.006177,64
88f027502edab925,128,0.016117,1,0,0,66,1,3,2.046875,0.075928,0,0.0,0.002095,64
6a5e16b3402249f4,128,0.015994,0,0,0,60,1,3,2.03125,0.061523,0,0.0,0.001755,64
ad1c04c2deec4299,128,0.015994,0,0,0,68,1,4,2.03125,0.061523,0,0.0,0.001096,64
b6b576ddf3ea53b8,128,0.016117,0,0,0,63,1,3,2.046875,0.075928,0,0.0,0.002245,64
7e6359afd9e255fa,128,0.016117,0,0,0,42,1,4,2.046875,0.091553,0,0.0,0.002871,64
79c4daad999651fe,128,0.016117,0,0,0,53,1,3,2.046875,0.075928,0,0.0,0.001936,64
6743cdcdab991783,128,0.015994,0,0,0,60,1,3,2.03125,0.061523,0,0.0,0.002506,64
fe648de7f2846ce6,128,0.016117,0,0,0,35,1,3,2.046875,0.075928,0,0.0,0.007186,64
dca4269ba3983869,128,0.015994,0,0,0,58,1,3,2.03125,0.061523,0,0.0,0.003055,64
f5fb7f8f4f57358f,128,0.016117,0,0,0,48,1,4,2.046875,0.091553,0,0.0,0.003994,64
3f01777946e1adce,128,0.016117,0,0,0,70,1,3,2.046875,0.075928,0,0.0,0.00208,64
a1a4eefaae930a64,128,0.015994,1,0,0,53,1,3,2.03125,0.061523,0,0.0,0.003442,64
ce52fe5b3b2ccc34,128,0.016117,0,0,0,46,1,3,2.046875,0.075928,0,0.0,0.003883,64
03008957781eb65a,128,0.015994,0,0,0,59,1,3,2.03125,0.061523,0,0.0,0.002834,64
271f35ce631b347a,128,0.016117,0,0,0,62,1,4,2.046875,0.091553,0,0.0,0.001696,64
49bfa17fe24e13e5,128,0.015994,0,0,0,77,1,3,2.03125,0.061523,0,0.0,0.001075,64
2883f8837ca59e11,128,0.016117,0,0,0,35,1,3,2.046875,0.075928,0,0.0,0.005213,64
dccbc23866aa9b33,128,0.016117,0,0,0,50,1,4,2.046875,0.091553,0,0.0,0.003751,64
8cbf44349126e6c3,128,0.016117,0,0,0,55,1,3,2.046875,0.075928,0,0.0,0.003365,64
4ce3649d700e4e97,128,0.015994,0,0,0,77,1,3,2.03125,0.061523,0,0.0,0.001249,64
604f1628b9ea810c,128,0.016117,0,0,1,69,1,3,2.046875,0.075928,0,0.013021,0.001357,64
2079592c7bf53b4c,128,0.015994,1,0,0,62,2,3,2.03125,0.030273,0,0.0,0.002435,64
47bde2bb7bf20d0a,128,0.016117,0,0,0,73,1,3,2.046875,0.075928,0,0.0,0.001496,64
0fe6afa6160f2f05,128,0.016117,0,0,0,83,1,3,2.046875,0.060303,0,0.0,0.000907,64
997e483bfc179c39,128,0.015994,0,0,0,59,1,3,2.03125,0.061523,0,0.0,0.001974,64
48db73a5bde208ed,128,0.015994,0,0,0,35,1,3,2.03125,0.061523,0,0.0,0.00769,64
7cc6c03725d2ab83,128,0.016117,0,0,0,47,1,4,2.046875,0.091553,0,0.0,0.00352,64
4070a9eac49bbc9c,128,0.016117,0,0,0,54,1,3,2.046875,0.075928,0,0.0,0.003924,64
9dc95d8438ea0662,128,0.016117,0,0,0,77,1,4,2.046875,0.091553,0,0.0,0.000989,64
e70dd380e197548f,128,0.015994,0,0,0,50,1,3,2.03125,0.045898,0,0.0,0.003491,64
614c761c35b99a6d,128,0.015871,1,0,0,111,1,3,2.015625,0.046631,0,0.0,0.000704,64
3e71185a317a1988,128,0.016117,0,0,0,48,1,3,2.046875,0.075928,0,0.0,0.003966,64
846c15b5d1209db6,128,0.016117,0,0,0,55,1,3,2.046875,0.075928,0,0.0,0.003001,64
5a5134ad329a983c,128,0.016117,0,0,0,87,1,4,2.046875,0.091553,0,0.0,0.000975,64
8dd03db14b94c862,128,0.016117,0,0,0,54,1,3,2.046875,0.075928,0,0.0,0.002116,64
e6a37d76030f4ff8,128,0.016117,0,0,0,65,1,3,2.046875,0.075928,0,0.0,0.001531,64
22a12d66116f9608,128,0.016117,1,0,0,45,1,3,2.046875,0.075928,0,0.0,0.004891,64
eba97672295295de,128,0.015994,0,0,0,73,1,3,2.03125,0.061523,0,0.0,0.001553,64
be84898cf6dbd9aa,128,0.016117,0,0,0,53,1,3,2.046875,0.075928,0,0.0,0.001992,64
5d278a255bb14eca,128,0.016117,0,0,0,47,1,3,2.046875,0.060303,0,0.0,0.004448,64
5d27ec4a00d10cbc,128,0.015994,0,0,0,68,1,3,2.03125,0.061523,0,0.0,0.001767,64
15e0f3eeb39be3b4,128,0.016117,0,0,0,58,1,3,2.046875,0.075928,0,0.0,0.002503,64
634158d495639e73,128,0.016117,0,0,0,47,1,3,2.046875,0.060303,0,0.0,0.003054,64
5ec18e3b3680bdff,128,0.016117,0,0,0,52,1,3,2.046875,0.060303,0,0.0,0.002255,64
dd600a8d3159707e,128,0.015994,0,0,0,84,1,3,2.03125,0.061523,0,0.0,0.000852,64
9271d542fca353a7,128,0.016117,0,0,0,53,1,3,2.046875,0.075928,0,0.0,0.003691,64
8913df86499f50e0,128,0.016117,0,0,0,50,1,4,2.046875,0.091553,0,0.0,0.004109,64
80784a664aae2e38,128,0.016117,0,0,0,44,1,3,2.046875,0.075928,0,0.0,0.004654,64
c8e84a13e924d7a7,128,0.016117,0,0,0,55,1,3,2.046875,0.075928,0,0.0,0.003196,64
bab6fcfc0325c22c,128,0.016117,0,0,0,57,2,3,2.046875,0.044678,0,0.0,0.002977,64
fdfb7dd89f841630,128,0.016117,0,0,0,93,1,3,2.046875,0.060303,0,0.0,0.000803,64
7494fc0276a2381d,128,0.016117,1,0,0,75,1,4,2.046875,0.091553,0,0.0,0.001121,64
2d6326410fd3ec65,128,0.016117,0,0,0,58,1,4,2.046875,0.075928,0,0.0,0.002965,64
db0c88401123e398,128,0.015994,0,0,0,73,1,3,2.03125,0.061523,0,0.0,0.00123,64
f27b543b115fe148,128,0.016117,0,0,0,63,1,3,2.046875,0.075928,0,0.0,0.002052,64
953cf6aab53678c2,128,0.015748,0,0,0,65,1,3,2.0,0.015625,0,0.0,0.002408,64
b15f67a868106df6,128,0.016117,0,0,0,40,1,3,2.046875,0.075928,0,0.0,0.007525,64
13aabbeca159fa7c,128,0.015994,0,0,0,72,1,4,2.03125,0.077148,0,0.0,0.001693,64
f8fd08a20d652477,128,0.016117,0,0,0,44,1,3,2.046875,0.075928,0,0.0,0.004868,64
b16dd4814ef35e13,128,0.015748,1,0,0,123,1,3,2.0,0.03125,0,0.0,0.000603,64
62398f893891387d,128,0.016117,0,0,0,63,1,3,2.046875,0.075928,0,0.0,0.002072,64
dba13a83d1f03a9a,128,0.015994,0,0,0,91,1,4,2.03125,0.077148,0,0.0,0.000783,64
c3b5e20102d86b43,128,0.016117,0,0,0,58,1,3,2.046875,0.060303,0,0.0,0.001808,64
dac3739dedc0b719,128,0.015994,1,0,0,82,1,3,2.03125,0.061523,0,0.0,0.001047,64
3ccbb24f4dfecace,128,0.015994,0,0,0,97,1,3,2.03125,0.061523,0,0.0,0.000725,64
cbb145bf8d24fbec,128,0.016117,0,0,0,50,1,4,2.046875,0.091553,0,0.0,0.003473,64
18e0dbe4055fd3de,128,0.015994,1,0,0,83,1,3,2.03125,0.061523,0,0.0,0.000979,64
f6a53a170db45d49,128,0.016117,0,0,1,52,1,3,2.046875,0.075928,0,0.013021,0.002844,64
576c465b14f567f2,128,0.016117,0,0,0,44,1,3,2.046875,0.075928,0,0.0,0.005426,64
6d6ed315dc2a9f17,128,0.016117,0,0,0,36,1,3,2.046875,0.075928,0,0.0,0.006863,64
6c2002beade70056,128,0.015994,0,0,0,100,1,3,2.03125,0.045898,0,0.0,0.000738,64
3858f72920b5fcd7,128,0.016117,0,0,0,49,1,3,2.046875,0.075928,0,0.0,0.00306,64
65abb411ede250a4,128,0.015994,0,0,0,89,1,4,2.03125,0.077148,0,0.0,0.00128,64
01d60b6eb72dc198,128,0.016117,1,0,0,64,1,3,2.046875,0.075928,0,0.0,0.001816,64
34a20f2b5edccffd,128,0.015994,0,0,0,55,1,3,2.03125,0.061523,0,0.0,0.002763,64
281ffed9b10d2bbb,128,0.016117,0,0,0,46,1,3,2.046875,0.075928,0,0.0,0.005126,64
64fdfe71d553a7a9,128,0.015871,0,0,0,70,1,3,2.015625,0.046631,0,0.0,0.002301,64
56d2369be92ee85e,128,0.016117,0,0,0,66,1,3,2.046875,0.075928,0,0.0,0.002202,64
895294ba33a50e5d,128,0.016117,0,0,0,51,1,4,2.046875,0.091553,0,0.0,0.003226,64
f435a4e2d4a31fe8,128,0.015994,0,0,1,65,1,4,2.03125,0.077148,0,0.011719,0.001876,64
a0d74a5196b0effe,128,0.016117,1,0,0,48,1,3,2.046875,0.060303,0,0.0,0.004143,64
d5eaef020ebc62ae,128,0.015748,1,0,0,125,1,3,2.0,0.03125,0,0.0,0.000603,64
148cd52448a880b9,128,0.016117,0,0,0,69,1,3,2.046875,0.075928,0,0.0,0.001722,64
149e72a6a7026375,128,0.016117,0,0,0,43,1,3,2.046875,0.075928,0,0.0,0.006022,64
5755fb367a74d1b2,128,0.016117,0,0,0,56,1,3,2.046875,0.075928,0,0.0,0.0032,64
f810cab151c427c3,128,0.016117,0,0,0,69,1,3,2.046875,0.075928,0,0.0,0.001753,64
3409f74199680995,128,0.016117,0,0,0,56,1,3,2.046875,0.060303,0,0.0,0.003021,64
6e75afb745ca65a7,128,0.016117,0,0,0,41,1,3,2.046875,0.075928,0,0.0,0.005816,64
8429868358201edf,128,0.016117,1,0,0,68,1,3,2.046875,0.075928,0,0.0,0.001786,64
41e27d3a8a6f74a1,128,0.016117,0,0,0,40,1,3,2.046875,0.075928,0,0.0,0.005708,64
d3caf303c27336af,128,0.016117,0,0,0,69,1,4,2.046875,0.091553,0,0.0,0.00139,64
f84086e9ee2483eb,128,0.015871,1,0,0,52,1,3,2.015625,0.031006,0,0.0,0.003401,64
aa65955cd6d9cb18,128,0.016117,0,0,0,96,1,3,2.046875,0.075928,0,0.0,0.000763,64
f830cac1adcd3a1f,128,0.016117,1,0,0,58,1,3,2.046875,0.075928,0,0.0,0.002115,64
a8ddc660f6da21bc,128,0.016117,0,0,1,74,1,3,2.046875,0.075928,0,0.013021,0.001396,64
dcf2555f99baa4d2,128,0.015994,0,0,0,50,1,3,2.03125,0.045898,0,0.0,0.003945,64
c9437ec48b59d61c,128,0.016117,0,0,0,48,1,4,2.046875,0.091553,0,0.0,0.003411,64
8b48e237991f1520,128,0.016117,0,0,1,97,1,3,2.046875,0.075928,0,0.013021,0.000718,64
2159f1fd619588eb,128,0.016117,0,0,0,56,1,3,2.046875,0.075928,0,0.0,0.003035,64
0b71b5489b830899,128,0.016117,0,0,0,76,1,3,2.046875,0.075928,0,0.0,0.001029,64
aca35aae7b63899b,128,0.015871,1,0,0,81,1,3,2.015625,0.046631,0,0.0,0.001297,64
1d9c8c3abeec353d,128,0.015994,0,0,0,47,1,3,2.03125,0.061523,0,0.0,0.004073,64
7eededed7d6123cd,128,0.016117,0,0,0,51,1,3,2.046875,0.075928,0,0.0,0.003313,64
214b92723ee8ce50,128,0.016117,0,0,1,48,1,3,2.046875,0.075928,0,0.013021,0.004116,64
06e772aefe8f8cb0,128,0.016117,0,0,0,54,1,3,2.046875,0.060303,0,0.0,0.003517,64
55318f21db94294e,128,0.016117,0,0,0,62,1,3,2.046875,0.075928,0,0.0,0.001784,64
9c0dd64d8995aca6,128,0.015994,0,0,0,88,1,3,2.03125,0.061523,0,0.0,0.000916,64
c706b1ba09f8f8c1,256,0.007812,1,1,0,255,1,2,1.992188,0.007751,0,0.0,0.000151,128
b7a7c89a2480ee08,256,0.007843,1,0,0,186,1,3,2.0,0.015625,0,0.0,0.000229,128
aafbff0fa1ce59af,256,0.007874,0,0,0,130,1,3,2.007812,0.023376,0,0.0,0.000511,128
26611693fa4b5357,256,0.007904,0,0,0,86,1,3,2.015625,0.031006,0,0.0,0.001216,128
f1daf55b19735da7,256,0.007935,0,0,0,123,1,3,2.023438,0.038513,0,0.0,0.000411,128
457f4b5731f36d4e,256,0.007874,1,0,0,136,1,3,2.007812,0.023376,0,0.0,0.000578,128
e438f4661df2a00f,256,0.007904,0,0,0,114,1,3,2.015625,0.031006,0,0.0,0.000658,128
f80788a2235ef66d,256,0.007935,0,0,0,131,1,3,2.023438,0.038513,0,0.0,0.000512,128
ffbd5edfaeabc36a,256,0.007904,0,0,0,198,1,3,2.015625,0.031006,0,0.0,0.000169,128
529f825fefc9289b,256,0.007935,0,0,0,107,1,3,2.023438,0.038513,0,0.0,0.000713,128
e4cd799acd444e4d,256,0.007843,0,0,0,180,1,3,2.0,0.015625,0,0.0,0.000265,128
3489d61ed8b0d5cc,256,0.007904,0,0,0,114,1,3,2.015625,0.031006,0,0.0,0.000769,128
349e6a049b8c5a2f,256,0.007935,0,0,0,104,1,3,2.023438,0.038513,0,0.0,0.001107,128
e452400af7be4d0c,256,0.007904,0,0,0,96,1,3,2.015625,0.023193,0,0.0,0.001198,128
d233e2ea9a4a557b,256,0.007935,0,0,0,100,1,3,2.023438,0.038513,0,0.0,0.00068,128
43e490d6d91f3005,256,0.007843,1,0,0,186,1,3,2.0,0.015625,0,0.0,0.000243,128
37cb04f9a8ea2410,256,0.007904,0,0,0,108,1,3,2.015625,0.031006,0,0.0,0.000808,128
34904a6931457f9a,256,0.007935,0,0,0,99,1,3,2.023438,0.038513,0,0.0,0.00112,128
530ec91be37bd569,256,0.007904,0,0,0,159,1,3,2.015625,0.031006,0,0.0,0.000295,128
8c2fb0c1f9c25985,256,0.007935,0,0,0,123,1,3,2.023438,0.038513,0,0.0,0.000714,128
e4ee5bd53eea7b97,256,0.007874,0,0,0,136,1,3,2.007812,0.023376,0,0.0,0.000622,128
76cdaeafffb5dd85,256,0.007904,0,0,0,91,1,3,2.015625,0.031006,0,0.0,0.00131,128
be19bdbf5a3ec8ce,256,0.007935,0,0,0,76,1,3,2.023438,0.038513,0,0.0,0.001702,128
6d3051bfc0b4c2fc,256,0.007843,0,0,0,177,1,3,2.0,0.007812,0,0.0,0.000289,128
09e75401b5f317c5,256,0.007874,1,0,0,147,1,3,2.007812,0.023376,0,0.0,0.000542,128
9d0ba38a22ebaf21,256,0.007904,0,0,0,118,1,4,2.015625,0.038818,0,0.0,0.000452,128
a8e6aa7a14676ab1,256,0.007904,0,0,0,105,1,4,2.015625,0.038818,0,0.0,0.000903,128
cf824c70a0b238e1,256,0.007935,0,0,0,89,1,3,2.023438,0.038513,0,0.0,0.001138,128
4a9d28319da0d2cc,256,0.007935,0,0,0,112,1,3,2.023438,0.038513,0,0.0,0.000709,128
2abbdc510cd2a22b,256,0.007904,0,0,0,101,1,3,2.015625,0.031006,0,0.0,0.001054,128
d084bf3073540ab8,256,0.007935,0,0,0,78,1,3,2.023438,0.038513,0,0.0,0.001646,128
d1478e0b623d24c1,256,0.007904,0,0,0,111,1,3,2.015625,0.031006,0,0.0,0.000855,128
ef6fe65370ad559a,256,0.007874,0,0,0,148,1,3,2.007812,0.015564,0,0.0,0.000503,128
725b91ec20f25c63,256,0.007904,0,0,0,141,1,3,2.015625,0.031006,0,0.0,0.000527,128
2b7a767e3c99ac11,256,0.007904,0,0,0,106,1,3,2.015625,0.031006,0,0.0,0.000754,128
e5049e5c08b6b287,256,0.007935,0,0,0,121,1,3,2.023438,0.038513,0,0.0,0.000428,128
1da840ab25d034fb,256,0.007904,0,0,0,112,1,3,2.015625,0.031006,0,0.0,0.000696,128
ce123f4242fc5b0c,256,0.007935,0,0,0,82,1,3,2.023438,0.038513,0,0.0,0.001652,128
e01caa2b42ef3495,256,0.007935,0,0,0,107,1,3,2.023438,0.038513,0,0.0,0.000434,128
442eccbcce68e400,256,0.007904,0,0,0,132,1,3,2.015625,0.031006,0,0.0,0.000405,128
798db879d24f5fb3,256,0.007904,0,0,0,151,1,4,2.015625,0.038818,0,0.0,0.000289,128
488a828973b14d3d,256,0.007935,0,0,0,136,1,3,2.023438,0.038513,0,0.0,0.000451,128
6d668d87a8ad7ac6,256,0.007874,0,0,0,169,1,3,2.007812,0.023376,0,0.0,0.000319,128
65a96903d90c885d,256,0.007935,0,0,0,142,1,4,2.023438,0.046326,0,0.0,0.000496,128
ad16173c48ddf060,256,0.007874,0,0,0,142,1,3,2.007812,0.023376,0,0.0,0.000357,128
3c4db9d4b07ea225,256,0.007935,0,0,0,108,1,3,2.023438,0.038513,0,0.0,0.000777,128
66b23c8f4edc5709,256,0.007935,0,0,0,86,1,3,2.023438,0.038513,0,0.0,0.001119,128
57352200e14c8ee6,256,0.007874,0,0,1,139,1,3,2.007812,0.023376,0,0.00651,0.000496,128
48f2aea379e54af4,256,0.007904,0,0,0,134,1,3,2.015625,0.031006,0,0.0,0.000747,128
7dae13e104b4abff,256,0.007935,0,0,0,101,1,3,2.023438,0.038513,0,0.0,0.000812,128
e9eade526a5f8353,256,0.007935,0,0,0,97,1,3,2.023438,0.038513,0,0.0,0.000909,128
43d3630c9fc51054,256,0.007935,1,0,0,129,1,3,2.023438,0.030701,0,0.0,0.0004,128
0b6fbfef2cd74cd6,256,0.007935,0,0,0,93,1,3,2.023438,0.038513,0,0.0,0.001027,128
f13b65a08d826855,256,0.007904,0,0,1,138,1,3,2.015625,0.031006,0,0.00651,0.000266,128
db1e056d9302327c,256,0.007935,0,0,0,161,1,3,2.023438,0.038513,0,0.0,0.000256,128
bbac4a64651ce784,256,0.007904,0,0,0,127,1,3,2.015625,0.031006,0,0.0,0.000555,128
78f7745c390af2b7,256,0.007935,0,0,0,83,1,3,2.023438,0.038513,0,0.0,0.001437,128
1c7b8761a26485ad,256,0.007935,0,0,0,117,1,3,2.023438,0.038513,0,0.0,0.000624,128
d71672ad58f79016,256,0.007904,0,0,0,88,1,3,2.015625,0.031006,0,0.0,0.001268,128
f27b0da16ed57a67,256,0.007935,0,0,0,75,1,3,2.023438,0.038513,0,0.0,0.001503,128
f55cece7df1d1bba,256,0.007843,0,0,0,157,1,3,2.0,0.015625,0,0.0,0.000444,128
813d2eaa56b7c627,256,0.007874,1,0,0,103,1,4,2.007812,0.031189,0,0.0,0.000909,128
ba9b4149d21f6dba,256,0.007904,0,0,0,94,1,3,2.015625,0.031006,0,0.0,0.000899,128
700bab0ec9067ad1,256,0.007874,0,0,0,126,1,3,2.007812,0.023376,0,0.0,0.000557,128
d533e87dce3cfa5f,256,0.007874,0,0,0,193,1,3,2.007812,0.023376,0,0.0,0.000242,128
0e2cd99f5d66717e,256,0.007904,0,0,0,150,1,3,2.015625,0.031006,0,0.0,0.0003,128
9cfa62d4c6c1faab,256,0.007935,0,0,0,94,1,3,2.023438,0.038513,0,0.0,0.001131,128
54267a373af58242,256,0.007935,0,0,0,101,1,3,2.023438,0.038513,0,0.0,0.000984,128
92d067147b855001,256,0.007935,0,0,1,105,1,3,2.023438,0.038513,0,0.00651,0.000968,128
62baf7f2479c174a,256,0.007935,0,0,0,101,1,3,2.023438,0.038513,0,0.0,0.001203,128
ebac4fecdf3335a3,256,0.007935,0,0,0,101,1,3,2.023438,0.038513,0,0.0,0.000957,128
014d8842275b87ed,256,0.007935,0,0,0,74,1,3,2.023438,0.038513,0,0.0,0.001614,128
ae3d1377232f13d3,256,0.007874,0,0,0,125,1,3,2.007812,0.023376,0,0.0,0.000605,128
ad124e6b4ea399d4,256,0.007904,0,0,0,121,1,3,2.015625,0.031006,0,0.0,0.000719,128
745e6d09ede87343,256,0.007874,0,0,0,161,1,3,2.007812,0.015564,0,0.0,0.000406,128
1626061ba4ea4561,256,0.007935,0,0,0,97,1,3,2.023438,0.038513,0,0.0,0.000706,128
30dc9a43f8c5b1aa,256,0.007935,0,0,0,152,1,4,2.023438,0.046326,0,0.0,0.00029,128
dca2395ec7b00d3d,256,0.007843,0,0,0,250,1,3,2.0,0.015625,0,0.0,0.000155,128
df96e69d1ab5df5a,256,0.007935,1,0,0,105,1,3,2.023438,0.038513,0,0.0,0.001028,128
887ea18d94f084b3,256,0.007904,0,0,0,115,1,4,2.015625,0.038818,0,0.0,0.00068,128
9dc7c593ccebb8a8,256,0.007843,1,0,0,205,1,3,2.0,0.015625,0,0.0,0.000185,128
3b35e53a15b7630e,256,0.007843,0,0,0,216,1,3,2.0,0.015625,0,0.0,0.000165,128
58f0ffe457fb1ef7,256,0.007935,0,0,0,82,1,3,2.023438,0.030701,0,0.0,0.001676,128
c0dc330cef1d3ec0,256,0.007904,0,0,0,83,1,3,2.015625,0.031006,0,0.0,0.001314,128
5ea1ef70be3cc4a9,256,0.007935,0,0,0,111,1,3,2.023438,0.038513,0,0.0,0.000607,128
4bdc5b01dd1c021a,256,0.007904,0,0,0,201,1,3,2.015625,0.023193,0,0.0,0.000173,128
4c780b06b20025a8,256,0.007935,0,0,0,84,1,3,2.023438,0.038513,0,0.0,0.000946,128
47e5e8ead5677d78,256,0.007904,0,0,0,169,1,3,2.015625,0.031006,0,0.0,0.000255,128
ed08af7cf139b723,256,0.007935,0,0,0,122,1,3,2.023438,0.038513,0,0.0,0.000763,128
ae34a028731c1126,256,0.007843,1,0,0,251,1,3,2.0,0.015625,0,0.0,0.000154,128
c4835928ff90980e,256,0.007935,0,0,1,108,1,3,2.023438,0.038513,0,0.00651,0.000937,128
2109c112c5743450,256,0.007935,0,0,1,115,1,3,2.023438,0.038513,0,0.00651,0.000795,128
365b6c025105fd08,256,0.007935,0,0,0,82,1,3,2.023438,0.038513,0,0.0,0.001474,128
42bd00f1131af98a,256,0.007874,0,0,0,169,1,3,2.007812,0.023376,0,0.0,0.000331,128
6b0fb8a05f783504,256,0.007935,0,0,0,110,1,3,2.023438,0.038513,0,0.0,0.000723,128
866192f797e893d7,256,0.007904,0,0,0,111,1,3,2.015625,0.031006,0,0.0,0.00067,128
82b935789d131138,256,0.007935,0,0,0,122,1,3,2.023438,0.038513,0,0.0,0.000479,128
45c53a567d809351,256,0.007874,0,0,0,129,1,3,2.007812,0.023376,0,0.0,0.000515,128
7ee2d01b584f211b,256,0.007904,0,0,0,148,1,3,2.015625,0.031006,0,0.0,0.000308,128
f8ca6e562a0c73a6,256,0.007935,0,0,0,95,1,3,2.023438,0.038513,0,0.0,0.001047,128
0e5d87952bf3fb05,256,0.007904,0,0,0,116,1,3,2.015625,0.031006,0,0.0,0.000681,128
a711c9704a5b83c5,256,0.007935,0,0,0,123,1,3,2.023438,0.038513,0,0.0,0.000717,128
e033e248cde7e1f1,256,0.007935,0,0,0,135,1,3,2.023438,0.038513,0,0.0,0.000257,128
c5d8cb1deb2d8c8a,256,0.007935,0,0,0,182,1,3,2.023438,0.038513,0,0.0,0.000275,128
93a98001551caa16,256,0.007935,0,0,0,117,1,3,2.023438,0.030701,0,0.0,0.000736,128
7c65fa449ea86025,256,0.007904,1,0,0,137,1,3,2.015625,0.031006,0,0.0,0.000448,128
ddd83d8c951cef83,256,0.007935,0,0,0,100,1,3,2.023438,0.038513,0,0.0,0.000795,128
6fd57076fb0d4423,256,0.007904,0,0,1,123,1,3,2.015625,0.023193,0,0.00651,0.000632,128
0197c33df2d2f657,256,0.007935,0,0,0,87,1,3,2.023438,0.038513,0,0.0,0.001491,128
9270900cdd394f6c,256,0.007874,1,0,0,160,1,3,2.007812,0.023376,0,0.0,0.000405,128
70bea68ece950f13,256,0.007874,0,0,0,111,1,3,2.007812,0.023376,0,0.0,0.000685,128
d8b1eb2a801e4df3,256,0.007904,0,0,0,124,1,3,2.015625,0.031006,0,0.0,0.000555,128
72fb38bc04f24f94,256,0.007935,0,0,0,115,1,4,2.023438,0.046326,0,0.0,0.000505,128
800d8c6779de34a4,256,0.007935,0,0,0,126,1,3,2.023438,0.030701,0,0.0,0.000389,128
0599ca01141b90ec,256,0.007874,0,0,0,204,1,3,2.007812,0.023376,0,0.0,0.000182,128
d47492eb46525dae,256,0.007904,0,0,1,127,1,3,2.015625,0.031006,0,0.00651,0.000611,128
095b517f3e3cc0da,256,0.007935,0,0,0,123,1,3,2.023438,0.038513,0,0.0,0.000471,128
b9e1c45c4de80ed6,256,0.007874,0,0,0,171,1,3,2.007812,0.023376,0,0.0,0.000246,128
c88b56160fe627ca,256,0.007904,0,0,0,139,1,3,2.015625,0.031006,0,0.0,0.000519,128
07c737254ed1e092,256,0.007935,0,0,0,92,1,3,2.023438,0.030701,0,0.0,0.000953,128
1aba5cbb1ccbf885,256,0.007874,0,0,0,171,1,3,2.007812,0.023376,0,0.0,0.00028,128
2e926f113be9de17,256,0.007935,1,0,0,127,1,3,2.023438,0.038513,0,0.0,0.000515,128
d21d5b51bdec56e1,256,0.007874,0,0,0,163,1,3,2.007812,0.023376,0,0.0,0.000355,128
cbb4afaac3de19a0,256,0.007904,0,0,0,133,1,3,2.015625,0.031006,0,0.0,0.000611,128
aef9d32e206a1222,256,0.007935,0,0,0,80,1,3,2.023438,0.038513,0,0.0,0.001311,128
0aa23135dfc1e74d,256,0.007935,0,0,0,85,1,3,2.023438,0.030701,0,0.0,0.001403,128
33b2b33d5576c9eb,256,0.007904,0,0,0,106,1,3,2.015625,0.031006,0,0.0,0.000731,128
14fcac7500b62493,256,0.007904,0,0,0,104,1,4,2.015625,0.038818,0,0.0,0.000769,128
154c60c06b1faaa6,256,0.007935,0,0,0,101,1,3,2.023438,0.038513,0,0.0,0.001049,128
34f1e91111d4acad,256,0.007904,0,0,1,145,1,3,2.015625,0.031006,0,0.00651,0.000432,128
cbcc5ed9121321a6,256,0.007935,0,0,0,99,1,3,2.023438,0.038513,0,0.0,0.000736,128
7c92a6823f8af9b1,256,0.007935,0,0,0,159,1,3,2.023438,0.038513,0,0.0,0.000323,128
005860aa9c05f0c0,256,0.007935,0,0,0,120,1,3,2.023438,0.038513,0,0.0,0.000544,128
0d2adb3de8f61973,256,0.007904,0,0,0,134,1,3,2.015625,0.031006,0,0.0,0.000479,128
e9f4186489e06264,256,0.007935,0,0,0,88,1,3,2.023438,0.038513,0,0.0,0.001726,128
2d8e89e1f40d3956,256,0.007935,0,0,0,88,1,3,2.023438,0.030701,0,0.0,0.000671,128
8a375eefefc37d3a,256,0.007874,0,0,0,120,1,3,2.007812,0.015564,0,0.0,0.000668,128
ace609a2f535cace,256,0.007935,0,0,0,129,1,3,2.023438,0.038513,0,0.0,0.000668,128
5d0c84e14f478a32,256,0.007904,0,0,0,132,1,3,2.015625,0.031006,0,0.0,0.00062,128
dc3b8f629030d7a1,256,0.007935,0,0,1,101,1,4,2.023438,0.046326,0,0.00651,0.000927,128
3cc834d524d32c07,256,0.007935,0,0,0,100,1,3,2.023438,0.038513,0,0.0,0.000762,128
ff8f59e6cc3791bb,256,0.007843,0,0,0,252,1,3,2.0,0.015625,0,0.0,0.000151,128
594690d82bd6ef31,256,0.007874,0,0,0,129,1,3,2.007812,0.015564,0,0.0,0.000603,128
360dc1ed50fd1f46,256,0.007904,0,0,0,125,1,3,2.015625,0.031006,0,0.0,0.000597,128
d3aaf7f6ab8b6315,256,0.007935,0,0,0,116,1,3,2.023438,0.038513,0,0.0,0.000534,128
8837180e9ea14efe,256,0.007935,0,0,0,81,1,3,2.023438,0.030701,0,0.0,0.00141,128
ebfb4164e1277455,256,0.007874,0,0,0,147,1,3,2.007812,0.023376,0,0.0,0.000413,128
12d685ba8709a61f,256,0.007904,0,0,0,152,1,3,2.015625,0.031006,0,0.0,0.000346,128
83a0665ed2b77b1c,256,0.007904,0,0,0,149,1,3,2.015625,0.031006,0,0.0,0.000259,128
a54de80be91b47f8,256,0.007935,0,0,0,78,1,3,2.023438,0.030701,0,0.0,0.00158,128
c7a21bb8b4884e8e,256,0.007874,0,0,0,116,1,3,2.007812,0.015564,0,0.0,0.00071,128
4c7136fb09defc90,256,0.007935,0,0,0,83,1,3,2.023438,0.038513,0,0.0,0.001365,128
933cba80a297b38f,256,0.007904,0,0,0,188,1,3,2.015625,0.023193,0,0.0,0.000248,128
0cc92b0df86a62fa,256,0.007935,0,0,1,159,1,3,2.023438,0.030701,0,0.00651,0.000349,128
0c7f5d6b23675730,256,0.007935,0,0,1,95,1,3,2.023438,0.038513,0,0.00651,0.001081,128
4185f265181b41f9,256,0.007935,0,0,0,114,1,3,2.023438,0.038513,0,0.0,0.000608,128
4ab7dae78f86cacc,256,0.007935,0,0,0,91,1,3,2.023438,0.030701,0,0.0,0.000813,128
d03e8107b09ded2a,256,0.007935,0,0,0,189,1,4,2.023438,0.046326,0,0.0,0.000209,128
b18ec2ae55e51913,256,0.007874,1,0,0,174,1,3,2.007812,0.023376,0,0.0,0.000256,128
4e7d65c4081a509f,256,0.007935,0,0,0,98,1,3,2.023438,0.038513,0,0.0,0.00052,128
79cd68862c082451,256,0.007935,0,0,0,107,1,3,2.023438,0.038513,0,0.0,0.00089,128
a790d71b06ed56dc,256,0.007874,0,0,0,217,1,3,2.007812,0.023376,0,0.0,0.000164,128
d9a9009028029aec,256,0.007935,0,0,0,118,1,3,2.023438,0.038513,0,0.0,0.000473,128
051e915fec9d870e,256,0.007904,0,0,0,138,1,3,2.015625,0.031006,0,0.0,0.000594,128
f805db3954877091,256,0.007935,0,0,0,116,1,3,2.023438,0.038513,0,0.0,0.000582,128
b32bb988adc64085,256,0.007874,0,0,0,102,1,3,2.007812,0.023376,0,0.0,0.000915,128
1ba21aa4208d2117,256,0.007935,0,0,0,112,1,3,2.023438,0.038513,0,0.0,0.000787,128
2c586cdec799b2f7,256,0.007935,0,0,0,90,1,3,2.023438,0.038513,0,0.0,0.000959,128
0573c6ea5c68cf71,256,0.007904,0,0,1,180,1,3,2.015625,0.031006,0,0.00651,0.000219,128
033e869f56b5ca1e,256,0.007935,0,0,0,111,1,3,2.023438,0.038513,0,0.0,0.000935,128
283b1c73b259e2c7,256,0.007935,0,0,0,105,1,4,2.023438,0.046326,0,0.0,0.00091,128
8a5a243bca7d2e3a,256,0.007904,0,0,0,102,1,3,2.015625,0.031006,0,0.0,0.00088,128
a34abf63e2a8e476,256,0.007935,0,0,0,116,1,3,2.023438,0.038513,0,0.0,0.00062,128
bdd51504986087e4,256,0.007874,0,0,0,231,1,3,2.007812,0.023376,0,0.0,0.000157,128
1cebd024cee1c536,256,0.007935,1,0,0,82,1,3,2.023438,0.038513,0,0.0,0.001244,128
f113950f235f38b9,256,0.007935,0,0,0,109,1,3,2.023438,0.038513,0,0.0,0.000704,128
756c5eebd1bdf683,256,0.007935,0,0,0,117,1,4,2.023438,0.038513,0,0.0,0.000433,128
6353cb0d66751781,256,0.007935,0,0,0,104,1,3,2.023438,0.038513,0,0.0,0.000952,128
216e9ce58f45421c,256,0.007904,0,0,0,177,1,3,2.015625,0.031006,0,0.0,0.000253,128
43190e39ca1be573,256,0.007904,0,0,0,137,1,3,2.015625,0.031006,0,0.0,0.000517,128
4336e765554c3d37,256,0.007935,0,0,0,95,1,3,2.023438,0.038513,0,0.0,0.000883,128
e941d4adb529a212,256,0.007935,0,0,0,82,1,3,2.023438,0.038513,0,0.0,0.001251,128
a8e205e966f57121,256,0.007904,0,0,1,143,1,4,2.015625,0.038818,0,0.005859,0.000223,128
72db95f62d7e2c56,256,0.007935,0,0,0,110,1,3,2.023438,0.038513,0,0.0,0.001049,128
d84ad29995f0cec9,256,0.007935,0,0,0,129,1,3,2.023438,0.030701,0,0.0,0.000571,128
da04cd7702f54ff6,256,0.007904,0,0,0,98,1,3,2.015625,0.031006,0,0.0,0.000923,128
5b5706a0be72244e,256,0.007935,0,0,0,104,1,3,2.023438,0.038513,0,0.0,0.000842,128
65e945578a8059e4,256,0.007904,0,0,0,144,1,3,2.015625,0.031006,0,0.0,0.000308,128
277c79a7afe7f411,256,0.007935,0,0,0,124,1,3,2.023438,0.038513,0,0.0,0.000582,128
1adebccc6fe485bf,256,0.007935,0,0,0,90,1,3,2.023438,0.038513,0,0.0,0.001121,128
3210a088b7ad723b,256,0.007904,0,0,0,140,1,3,2.015625,0.031006,0,0.0,0.000352,128
c71216c204c6488b,256,0.007935,0,0,1,159,1,3,2.023438,0.038513,0,0.00651,0.000299,128
2e27a0a7ffe1429d,256,0.007935,0,0,0,87,1,3,2.023438,0.030701,0,0.0,0.001177,128
a0df94006eba97d7,256,0.007935,1,0,0,89,1,3,2.023438,0.038513,0,0.0,0.001312,128
bae01e731ac251af,256,0.007904,0,0,0,117,1,3,2.015625,0.031006,0,0.0,0.000694,128
2202f1a725e6810f,256,0.007935,0,0,0,111,1,3,2.023438,0.038513,0,0.0,0.000822,128
d42f57e84527149b,256,0.007874,0,0,0,124,1,3,2.007812,0.023376,0,0.0,0.000593,128
974f82a693a4800d,256,0.007904,0,0,0,108,1,3,2.015625,0.031006,0,0.0,0.000763,128
f8f8ce2699611980,256,0.007935,0,0,0,93,1,4,2.023438,0.038513,0,0.0,0.000976,128
c1c0b9728b3877f9,256,0.007843,1,0,0,202,1,3,2.0,0.015625,0,0.0,0.000192,128
b264ca440c4a07a1,256,0.007935,0,0,0,114,1,3,2.023438,0.038513,0,0.0,0.000415,128
c2160124c0a65f63,256,0.007904,0,0,0,117,1,3,2.015625,0.031006,0,0.0,0.000625,128
8fe9991799e9d8c4,256,0.007935,0,0,0,126,1,4,2.023438,0.046326,0,0.0,0.000563,128
e6334be453acd603,256,0.007935,0,0,0,93,1,3,2.023438,0.038513,0,0.0,0.000971,128
5a6af6c2863490b7,256,0.007935,0,0,0,84,1,3,2.023438,0.038513,0,0.0,0.001382,128
4c7a54a7f2308c00,256,0.007935,0,0,0,104,1,3,2.023438,0.030701,0,0.0,0.000735,128
b765835a3eb748d1,256,0.007904,0,0,0,85,1,3,2.015625,0.031006,0,0.0,0.001026,128
2d4a52b2bef1a550,256,0.007935,0,0,0,96,1,3,2.023438,0.038513,0,0.0,0.001265,128
20b7abff3f137491,256,0.007935,0,0,0,94,1,3,2.023438,0.038513,0,0.0,0.001083,128
87d68db4c96b8133,256,0.007935,0,0,0,98,1,3,2.023438,0.038513,0,0.0,0.001052,128
bbd8ac6306a7995d,256,0.007935,0,0,0,80,1,3,2.023438,0.038513,0,0.0,0.00132,128
779adac5817c2da3,256,0.007904,0,0,0,116,1,3,2.015625,0.031006,0,0.0,0.000727,128
b32aab03d61ae923,256,0.007935,0,0,0,118,1,4,2.023438,0.046326,0,0.0,0.000729,128
81d0c21a70372b7e,256,0.007935,0,0,0,134,1,3,2.023438,0.038513,0,0.0,0.000642,128
f861e14848ec2079,256,0.007904,0,0,0,109,1,4,2.015625,0.038818,0,0.0,0.000671,128
938b75d18974d831,256,0.007935,0,0,0,126,1,3,2.023438,0.038513,0,0.0,0.00048,128
03b252d65f7ab285,256,0.007935,0,0,0,96,1,3,2.023438,0.038513,0,0.0,0.000895,128
cf5dc407c2987166,256,0.007874,1,0,0,229,1,3,2.007812,0.023376,0,0.0,0.000176,128
27f6e35ce39bbf7b,256,0.007935,0,0,0,131,1,4,2.023438,0.046326,0,0.0,0.000552,128
5d741be92287098b,256,0.007935,0,0,0,91,1,3,2.023438,0.038513,0,0.0,0.001407,128
cb6d3cc33df5e6f3,256,0.007935,0,0,0,181,1,3,2.023438,0.038513,0,0.0,0.000201,128
f3a90cf236ffe7e1,256,0.007935,0,0,0,88,1,3,2.023438,0.038513,0,0.0,0.001305,128
d2e58097f73bd3cc,256,0.007935,0,0,0,92,1,4,2.023438,0.046326,0,0.0,0.001014,128
bea85126b7a5b90c,256,0.007874,1,0,0,177,1,3,2.007812,0.023376,0,0.0,0.000233,128
3194374a3bac4c49,256,0.007935,0,0,0,94,1,3,2.023438,0.038513,0,0.0,0.000925,128
b353093fc03e1328,256,0.007935,0,0,0,111,1,3,2.023438,0.038513,0,0.0,0.000706,128
d4029da4f0e19def,256,0.007935,0,0,0,141,1,3,2.023438,0.038513,0,0.0,0.000326,128
4ec2c24eed788c59,256,0.007935,0,0,0,86,1,3,2.023438,0.038513,0,0.0,0.001299,128
b4dbaa5b1fd74f97,256,0.007904,0,0,0,126,1,3,2.015625,0.031006,0,0.0,0.000476,128
027b93592593bf62,256,0.007935,0,0,0,63,1,3,2.023438,0.038513,0,0.0,0.002087,128
921ed8a62e892d98,256,0.007935,0,0,0,97,1,3,2.023438,0.038513,0,0.0,0.001183,128
a074f9b4aefb8ca3,256,0.007935,0,0,0,127,1,3,2.023438,0.038513,0,0.0,0.000727,128
d55d92bde26927e3,256,0.007935,0,0,0,75,1,3,2.023438,0.030701,0,0.0,0.001376,128
9a4634b00a179d96,256,0.007904,0,0,0,144,1,3,2.015625,0.031006,0,0.0,0.000317,128
cfcfc4b73bde6750,256,0.007935,0,0,0,76,1,3,2.023438,0.038513,0,0.0,0.001892,128
8d0e24cfa03418c5,256,0.007935,0,0,0,131,1,4,2.023438,0.046326,0,0.0,0.000538,128
baec00903a2b9c03,256,0.007935,0,0,0,82,1,3,2.023438,0.038513,0,0.0,0.001395,128
f2a17475978bd6bb,256,0.007904,0,0,0,123,1,4,2.015625,0.038818,0,0.0,0.000616,128
cdad7446221c2c41,256,0.007935,0,0,0,121,1,3,2.023438,0.038513,0,0.0,0.000452,128
1f2ef975438323e9,256,0.007935,0,0,0,112,1,3,2.023438,0.038513,0,0.0,0.000658,128
ae11ed240c6ce2ff,256,0.007874,0,0,0,125,1,3,2.007812,0.023376,0,0.0,0.000644,128
e55da540a1e482a9,256,0.007935,0,0,0,85,1,3,2.023438,0.038513,0,0.0,0.001133,128
144f26c177e39b36,256,0.007904,0,0,0,162,1,3,2.015625,0.031006,0,0.0,0.000271,128
62be8b2a241db3ba,256,0.007935,0,0,0,122,1,3,2.023438,0.038513,0,0.0,0.000372,128
76a23326a8137dc4,256,0.007874,0,0,0,122,1,3,2.007812,0.023376,0,0.0,0.000635,128
b4193330d5b2b06e,256,0.007904,0,0,0,152,1,4,2.015625,0.038818,0,0.0,0.000307,128
816049a355feb2c3,256,0.007874,0,0,0,223,1,3,2.007812,0.023376,0,0.0,0.000155,128
9cde123d754ecdea,256,0.007904,0,0,0,103,1,3,2.015625,0.031006,0,0.0,0.000768,128
8f6472b22364c10b,256,0.007904,0,0,0,91,1,3,2.015625,0.031006,0,0.0,0.001146,128
c45f0db8aed9289e,256,0.007935,0,0,0,108,1,3,2.023438,0.038513,0,0.0,0.000644,128
f201110af0aae078,256,0.007935,0,0,0,106,1,3,2.023438,0.038513,0,0.0,0.000794,128
74d75bab281d699c,256,0.007904,0,0,0,165,1,3,2.015625,0.031006,0,0.0,0.000257,128
103436cb8f3e322c,256,0.007935,0,0,0,98,1,3,2.023438,0.038513,0,0.0,0.000901,128
bfa9bea52ddd2434,256,0.007904,0,0,0,201,1,3,2.015625,0.023193,0,0.0,0.000183,128
3b1660da145d2b35,256,0.007935,0,0,0,81,1,3,2.023438,0.038513,0,0.0,0.001388,128
3b92a782bb5516f9,256,0.007935,0,0,0,109,1,3,2.023438,0.038513,0,0.0,0.000488,128
680bc03f6a5857cd,256,0.007843,0,0,1,254,1,3,2.0,0.015625,0,0.00651,0.000151,128
74176be3bde43783,256,0.007935,0,0,0,107,1,4,2.023438,0.046326,0,0.0,0.00094,128
de59f17f406bcf52,256,0.007904,0,0,0,187,1,3,2.015625,0.031006,0,0.0,0.000181,128
43326211f9d5865c,256,0.007935,0,0,0,81,1,4,2.023438,0.046326,0,0.0,0.001382,128
e80b68d678731b7e,256,0.007874,0,0,0,226,1,3,2.007812,0.023376,0,0.0,0.000181,128
096f4404d10815e0,256,0.007935,0,0,0,102,1,3,2.023438,0.038513,0,0.0,0.000955,128
74814880286aaaca,256,0.007935,0,0,0,162,1,3,2.023438,0.038513,0,0.0,0.000219,128
fcddd701de04581c,256,0.007935,0,0,0,98,1,3,2.023438,0.038513,0,0.0,0.001217,128
fe1358ce254941b9,256,0.007904,0,0,0,128,1,3,2.015625,0.031006,0,0.0,0.000607,128
65d280bf72d2ab1b,256,0.007935,0,0,0,83,1,3,2.023438,0.038513,0,0.0,0.000966,128
7d5860a61f530cfb,256,0.007935,0,0,0,114,1,3,2.023438,0.038513,0,0.0,0.000652,128
db0e44715c0f8e48,256,0.007935,0,0,0,88,1,3,2.023438,0.030701,0,0.0,0.001255,128
6fe401f31ab282e0,256,0.007935,0,0,0,91,1,3,2.023438,0.038513,0,0.0,0.001091,128
b89930ee7a840b06,256,0.007904,0,0,0,187,1,3,2.015625,0.031006,0,0.0,0.000186,128
50c64c275ea31cfd,256,0.007935,0,0,0,147,1,3,2.023438,0.038513,0,0.0,0.000303,128
63f441e54d55af28,256,0.007904,0,0,0,126,1,3,2.015625,0.031006,0,0.0,0.000521,128
545f982ae5f26317,256,0.007904,0,0,0,140,1,3,2.015625,0.031006,0,0.0,0.000315,128
891f728e555820fa,256,0.007904,0,0,0,106,1,4,2.015625,0.038818,0,0.0,0.00077,128
766bf83780c658e9,256,0.007904,0,0,0,114,1,3,2.015625,0.031006,0,0.0,0.000665,128
0483ea5227ad55ea,256,0.007904,0,0,0,208,1,3,2.015625,0.031006,0,0.0,0.000159,128
d0716376ab5ee6a9,256,0.007935,0,0,0,83,1,3,2.023438,0.038513,0,0.0,0.001103,128
7a5070b28c07e794,256,0.007935,0,0,0,129,1,3,2.023438,0.030701,0,0.0,0.00063,128
9131d78bc5cde1af,256,0.007904,1,0,0,197,1,3,2.015625,0.023193,0,0.0,0.000183,128
1ee36fb265a6cc97,256,0.007935,0,0,0,89,1,4,2.023438,0.046326,0,0.0,0.001138,128
35e32c67d852e99b,256,0.007935,0,0,0,78,1,4,2.023438,0.046326,0,0.0,0.001585,128
6680bc02c204caf8,256,0.007904,0,0,0,125,1,3,2.015625,0.031006,0,0.0,0.000605,128
d5abc092ad5e4143,256,0.007904,0,0,0,117,1,3,2.015625,0.023193,0,0.0,0.000648,128
42dd96673acc36a6,256,0.007874,0,0,0,164,1,4,2.007812,0.031189,0,0.0,0.000349,128
ce3bc30cde7b5cfe,256,0.007935,1,0,0,103,1,4,2.023438,0.046326,0,0.0,0.000716,128
ae06d4ec03832863,256,0.007904,0,0,0,127,1,3,2.015625,0.031006,0,0.0,0.000322,128
4f90c57098214ef6,256,0.007874,0,0,0,131,1,3,2.007812,0.023376,0,0.0,0.000487,128
7ce06f9783dab22e,256,0.007935,0,0,0,92,1,3,2.023438,0.038513,0,0.0,0.000629,128
5f497692b43963ba,256,0.007935,0,0,0,98,1,3,2.023438,0.038513,0,0.0,0.001012,128
ab98add877be422a,256,0.007904,0,0,0,172,1,3,2.015625,0.031006,0,0.0,0.000216,128
41808a61b9cc706d,256,0.007904,0,0,0,108,1,3,2.015625,0.031006,0,0.0,0.00064,128
5d899ca21ff43a51,256,0.007935,0,0,0,89,1,3,2.023438,0.038513,0,0.0,0.001204,128
72e7ccffc8a21730,256,0.007843,1,0,0,253,1,3,2.0,0.015625,0,0.0,0.000153,128
d07349690c0e6897,256,0.007935,0,0,0,177,1,3,2.023438,0.038513,0,0.0,0.000226,128
8b5e2d93caaf784e,256,0.007874,0,0,0,126,1,3,2.007812,0.015564,0,0.0,0.000603,128
3f27f5c3e8800f1d,256,0.007935,0,0,0,107,1,3,2.023438,0.038513,0,0.0,0.000738,128
3908e6c6602a5416,256,0.007935,0,0,0,167,1,3,2.023438,0.038513,0,0.0,0.0003,128
36b8a38d0ecee3d1,256,0.007935,0,0,0,108,1,3,2.023438,0.038513,0,0.0,0.000686,128
d4b9b28b8622735c,256,0.007904,0,0,0,151,1,4,2.015625,0.038818,0,0.0,0.000406,128
d449f41178967eef,256,0.007935,0,0,1,133,1,4,2.023438,0.046326,0,0.005859,0.000383,128
c83d6dd5b3489f3c,256,0.007874,0,0,0,133,1,3,2.007812,0.023376,0,0.0,0.000617,128
7b90dca500e1071c,256,0.007935,0,0,0,95,1,3,2.023438,0.038513,0,0.0,0.000891,128
d425628a3138884d,256,0.007935,0,0,0,90,1,3,2.023438,0.038513,0,0.0,0.001129,128
25c9a08a0c36b04f,256,0.007874,1,0,0,165,1,3,2.007812,0.023376,0,0.0,0.000259,128
0420e68cbcd8cbc6,256,0.007874,1,0,0,95,1,3,2.007812,0.023376,0,0.0,0.001009,128
2de5b5d242636d77,256,0.007904,0,0,0,162,1,3,2.015625,0.031006,0,0.0,0.000251,128
29fec85d4d824392,256,0.007935,1,0,0,115,1,4,2.023438,0.046326,0,0.0,0.000746,128
5c2833f6d39d52c1,256,0.007904,0,0,0,120,1,3,2.015625,0.031006,0,0.0,0.000693,128
4e79733605573f5c,256,0.007935,1,0,0,179,1,3,2.023438,0.038513,0,0.0,0.000213,128
05f1b982054541b5,256,0.007935,0,0,0,79,1,4,2.023438,0.054138,0,0.0,0.001245,128
4340bdebbdfba620,256,0.007904,1,0,0,141,1,3,2.015625,0.031006,0,0.0,0.000368,128
1335f22983b28574,256,0.007935,0,0,0,121,1,3,2.023438,0.038513,0,0.0,0.000455,128
a04b4515ba495218,256,0.007935,0,0,0,78,1,3,2.023438,0.030701,0,0.0,0.001573,128
b4b81beb3bf8c9d0,256,0.007935,0,0,0,96,1,3,2.023438,0.030701,0,0.0,0.001332,128
98cc503d95ec2490,256,0.007904,0,0,0,124,1,3,2.015625,0.031006,0,0.0,0.000681,128
acc29abdefa6f626,256,0.007935,0,0,0,141,1,3,2.023438,0.038513,0,0.0,0.00047,128
31f76886c505673d,256,0.007904,1,0,0,161,1,3,2.015625,0.031006,0,0.0,0.000259,128
deb80eb03a1aeaf1,256,0.007904,0,0,0,97,1,3,2.015625,0.031006,0,0.0,0.001009,128
7d60c8822938bdbc,256,0.007904,1,0,0,106,1,3,2.015625,0.031006,0,0.0,0.000817,128
47def044b13fbde0,256,0.007935,0,0,0,90,1,3,2.023438,0.038513,0,0.0,0.000678,128
7b0eaac487340764,256,0.007904,1,0,0,107,1,3,2.015625,0.031006,0,0.0,0.00072,128
b172166bc6396a08,256,0.007904,0,0,0,106,1,3,2.015625,0.031006,0,0.0,0.000807,128
49cf079fc3638a31,256,0.007935,0,0,0,104,1,3,2.023438,0.038513,0,0.0,0.000969,128
2a840de494119c5b,256,0.007904,0,0,0,160,1,3,2.015625,0.031006,0,0.0,0.000261,128
3becec7baef7c2f2,256,0.007874,0,0,0,122,1,3,2.007812,0.023376,0,0.0,0.000651,128
ef70569ffdc23e0b,256,0.007904,0,0,0,115,1,3,2.015625,0.031006,0,0.0,0.000767,128
9478fe244abffc35,256,0.007904,0,0,0,137,1,3,2.015625,0.031006,0,0.0,0.000403,128
d9a993ea2d10b752,256,0.007904,0,0,0,104,1,3,2.015625,0.031006,0,0.0,0.000833,128
fa57205888c2e46f,256,0.007904,0,0,0,157,1,3,2.015625,0.031006,0,0.0,0.000224,128
be9f8055bc567744,256,0.007904,0,0,0,94,1,3,2.015625,0.031006,0,0.0,0.001027,128
ad603ac3f52d8634,256,0.007904,0,0,0,224,1,3,2.015625,0.023193,0,0.0,0.000159,128
fe29c44f3c197105,256,0.007935,0,0,0,74,1,4,2.023438,0.046326,0,0.0,0.001682,128
2c970831a8ddd524,256,0.007935,0,0,0,97,1,3,2.023438,0.038513,0,0.0,0.00057,128
97cf803cb4f68413,256,0.007904,0,0,0,106,1,4,2.015625,0.038818,0,0.0,0.000774,128
bc7399270d005707,256,0.007935,0,0,0,155,1,3,2.023438,0.038513,0,0.0,0.000326,128
d8faaa30af6997cd,256,0.007935,0,0,1,108,1,3,2.023438,0.038513,0,0.00651,0.000663,128
2f51d3acb17e0055,256,0.007935,0,0,0,80,1,3,2.023438,0.038513,0,0.0,0.001298,128
007bbbb1f1c27eed,256,0.007935,0,0,0,107,1,4,2.023438,0.038513,0,0.0,0.00073,128
8fc6ed64155bc4da,256,0.007904,0,0,0,109,1,3,2.015625,0.031006,0,0.0,0.000811,128
fec7dc989c78dfe9,256,0.007935,0,0,1,120,1,3,2.023438,0.038513,0,0.00651,0.000851,128
58674d5772b10ce7,256,0.007935,0,0,0,90,1,3,2.023438,0.038513,0,0.0,0.001294,128
4f6d03d81063705c,256,0.007935,1,0,0,87,1,3,2.023438,0.038513,0,0.0,0.000997,128
bdd1e39d3e740c74,256,0.007904,0,0,0,113,1,3,2.015625,0.031006,0,0.0,0.000678,128
4c2395af82a72c03,256,0.007874,0,0,0,147,1,3,2.007812,0.023376,0,0.0,0.000437,128
d962c8c73c4995b2,256,0.007904,0,0,1,108,1,3,2.015625,0.031006,0,0.00651,0.000677,128
412b79f26c316890,256,0.007904,0,0,0,77,2,3,2.015625,0.015381,0,0.0,0.001523,128
21d8937aa9f70fe0,256,0.007935,0,0,0,141,1,3,2.023438,0.038513,0,0.0,0.000386,128
b7c5fe0f7edd316c,256,0.007904,0,0,0,87,1,3,2.015625,0.031006,0,0.0,0.001279,128
6888ce0d257b11b4,256,0.007904,0,0,0,102,1,3,2.015625,0.031006,0,0.0,0.000859,128
2e25fcf9243eac98,256,0.007904,0,0,0,123,1,3,2.015625,0.031006,0,0.0,0.000688,128
cd361ce6c90ec5c9,256,0.007935,0,0,0,132,1,3,2.023438,0.038513,0,0.0,0.000439,128
15293e7d240e310c,256,0.007935,0,0,0,76,1,4,2.023438,0.046326,0,0.0,0.001639,128
20c68b824d2c4f5e,256,0.007904,0,0,0,139,1,3,2.015625,0.031006,0,0.0,0.000553,128
18fefe7b6526e13d,256,0.007935,0,0,0,112,1,3,2.023438,0.030701,0,0.0,0.000783,128
d97bc08b88f9bd80,256,0.007904,0,0,0,110,1,3,2.015625,0.031006,0,0.0,0.000482,128
d82faccac32b9005,256,0.007935,0,0,1,168,1,3,2.023438,0.038513,0,0.00651,0.000278,128
61016eba9f94c06e,256,0.007935,0,0,0,103,1,3,2.023438,0.038513,0,0.0,0.000854,128
34f05cf1ce4e94f7,256,0.007904,0,0,0,115,1,3,2.015625,0.031006,0,0.0,0.000664,128
0c69777c808f8265,256,0.007935,0,0,0,104,1,3,2.023438,0.030701,0,0.0,0.000859,128
2547749700e7d800,256,0.007935,1,0,0,109,1,3,2.023438,0.038513,0,0.0,0.001006,128
a21bc6fa5969d191,256,0.007904,0,0,0,89,1,3,2.015625,0.031006,0,0.0,0.001292,128
523c75f31e103fa2,256,0.007935,0,0,1,106,1,4,2.023438,0.046326,0,0.005859,0.000624,128
4e1f6b4b42bfcb80,256,0.007935,1,0,0,124,1,3,2.023438,0.038513,0,0.0,0.000521,128
d416cd98340ab2b7,256,0.007935,0,0,0,79,1,3,2.023438,0.038513,0,0.0,0.001415,128
4fe5ce573b8034d0,256,0.007904,0,0,0,118,1,3,2.015625,0.031006,0,0.0,0.000693,128
d02256894d11c324,256,0.007935,0,0,0,72,1,3,2.023438,0.038513,0,0.0,0.001571,128
79343971ce79c4e4,256,0.007904,0,0,0,90,1,3,2.015625,0.031006,0,0.0,0.001104,128
cb58f0e131c57c83,256,0.007904,0,0,1,182,1,3,2.015625,0.031006,0,0.00651,0.000181,128
a0462a2660097d34,256,0.007904,0,0,0,180,1,3,2.015625,0.031006,0,0.0,0.000235,128
7d1e327e5f472a77,256,0.007935,0,0,0,96,1,3,2.023438,0.038513,0,0.0,0.000823,128
da1fe815d82a6e97,256,0.007935,0,0,0,204,1,3,2.023438,0.038513,0,0.0,0.000193,128
aea47a038e706721,256,0.007935,1,0,0,115,1,3,2.023438,0.038513,0,0.0,0.000774,128
9f99cd6fdbfbd430,256,0.007935,0,0,0,100,1,3,2.023438,0.038513,0,0.0,0.000941,128
55477dd3e6e09abd,256,0.007935,0,0,0,109,1,3,2.023438,0.038513,0,0.0,0.000916,128
383b1ee3bba63835,256,0.007935,0,0,0,112,1,4,2.023438,0.046326,0,0.0,0.000379,128
b7c8ddef8f48a63e,256,0.007935,0,0,0,133,1,3,2.023438,0.038513,0,0.0,0.000519,128
566e14cbc6a79607,256,0.007904,0,0,0,102,1,3,2.015625,0.023193,0,0.0,0.000901,128
e2bbeae1549b489a,256,0.007935,0,0,0,101,1,3,2.023438,0.038513,0,0.0,0.000662,128
3b11ef97d1923a1a,256,0.007935,0,0,0,101,1,3,2.023438,0.038513,0,0.0,0.000689,128
546bb242e9c0aab7,256,0.007935,0,0,0,89,1,3,2.023438,0.030701,0,0.0,0.001062,128
0a610c45622e4bce,256,0.007874,1,0,0,139,1,3,2.007812,0.023376,0,0.0,0.000587,128
9406b0b3c882af34,256,0.007935,0,0,0,84,1,3,2.023438,0.038513,0,0.0,0.001457,128
40287f5ef549bebe,256,0.007904,0,0,0,109,1,3,2.015625,0.031006,0,0.0,0.000957,128
b38e46328c2d92f9,256,0.007904,0,0,0,184,1,3,2.015625,0.031006,0,0.0,0.000191,128
c9db1203f3998cd5,256,0.007935,0,0,0,97,1,3,2.023438,0.038513,0,0.0,0.000996,128
689e5aacab66e87f,256,0.007935,0,0,0,122,1,3,2.023438,0.030701,0,0.0,0.000621,128
23f6494e0fa1e763,256,0.007935,0,0,0,94,1,4,2.023438,0.046326,0,0.0,0.001012,128
3a03b283a5e18d5b,256,0.007874,0,0,0,140,1,3,2.007812,0.023376,0,0.0,0.000543,128
5ddf5e5c57d552b0,256,0.007935,0,0,0,97,1,4,2.023438,0.038513,0,0.0,0.001251,128
c04a4fbfd7be71bf,256,0.007935,0,0,0,107,1,3,2.023438,0.038513,0,0.0,0.000687,128
77b6841cdc2885b0,256,0.007874,1,0,0,127,1,3,2.007812,0.023376,0,0.0,0.000604,128
577c1d6b9374c3b5,256,0.007935,0,0,0,115,1,3,2.023438,0.038513,0,0.0,0.000548,128
37f050ff2bf4b6cd,256,0.007874,0,0,0,151,1,3,2.007812,0.023376,0,0.0,0.00038,128
4346cbc3e846cdd4,256,0.007874,0,0,0,127,1,3,2.007812,0.023376,0,0.0,0.000659,128
2c9ef66c16e6be3d,256,0.007904,0,0,0,122,1,3,2.015625,0.031006,0,0.0,0.000549,128
92a75b419bc987c8,256,0.007935,0,0,0,129,1,3,2.023438,0.038513,0,0.0,0.000356,128
879feec8cf677d45,256,0.007935,0,0,1,96,1,3,2.023438,0.038513,0,0.00651,0.001186,128
b34e229a37481e7c,256,0.007935,0,0,0,116,1,3,2.023438,0.038513,0,0.0,0.000777,128
193f8819d3062cd4,256,0.007904,0,0,0,110,1,4,2.015625,0.038818,0,0.0,0.000819,128
9cfc4810aa91017d,256,0.007935,0,0,0,101,1,3,2.023438,0.038513,0,0.0,0.000618,128
736001ac0b755754,256,0.007904,0,0,1,118,1,3,2.015625,0.031006,0,0.00651,0.000594,128
7c257256241cd225,256,0.007935,0,0,0,100,1,3,2.023438,0.038513,0,0.0,0.000941,128
e14c11280f231948,256,0.007874,0,0,0,104,1,3,2.007812,0.023376,0,0.0,0.000932,128
c3c6a68bc4bff7d0,256,0.007935,0,0,0,81,1,3,2.023438,0.038513,0,0.0,0.001515,128
cbb0e8d8b0df9920,256,0.007935,0,0,0,167,1,4,2.023438,0.046326,0,0.0,0.000244,128
6a7d83438e8fb43d,256,0.007935,0,0,1,121,1,3,2.023438,0.038513,0,0.00651,0.000728,128
e7cff74d60da3006,256,0.007935,0,0,0,139,1,3,2.023438,0.038513,0,0.0,0.000393,128
50292666fc719581,256,0.007935,0,0,0,130,1,3,2.023438,0.038513,0,0.0,0.000477,128
44e3bd4417132b04,256,0.007935,1,0,0,144,1,3,2.023438,0.038513,0,0.0,0.000468,128
9623606fe4d3c361,256,0.007935,0,0,0,104,1,3,2.023438,0.038513,0,0.0,0.000895,128
bdfa1c9135fa9c0b,256,0.007935,0,0,0,101,1,4,2.023438,0.046326,0,0.0,0.00082,128
d0e9acb578620920,256,0.007935,0,0,0,86,1,3,2.023438,0.038513,0,0.0,0.001299,128
8ed19b18d61e81c1,256,0.007935,0,0,0,101,1,3,2.023438,0.038513,0,0.0,0.000794,128
02f825877687d362,256,0.007935,0,0,0,96,1,3,2.023438,0.038513,0,0.0,0.001172,128
1b416e8cad95b61f,256,0.007904,0,0,1,137,1,3,2.015625,0.031006,0,0.00651,0.000547,128
c117caed379b793d,256,0.007935,0,0,0,109,1,4,2.023438,0.046326,0,0.0,0.000839,128
a17f762cb9dbfe31,256,0.007843,1,0,0,130,1,3,2.0,0.015625,0,0.0,0.000602,128
5e8b9ee49f9ae3fc,256,0.007935,0,0,0,82,1,4,2.023438,0.046326,0,0.0,0.001043,128
51b0670cfd6665c2,256,0.007935,0,0,0,117,1,3,2.023438,0.030701,0,0.0,0.000616,128
e0a49f46c6102cf8,256,0.007935,0,0,1,117,1,3,2.023438,0.038513,0,0.00651,0.000611,128
7bb56e17fcb9fc21,256,0.007935,1,0,0,113,1,3,2.023438,0.038513,0,0.0,0.000766,128
321c9b02ff49c4aa,256,0.007935,0,0,0,84,1,3,2.023438,0.038513,0,0.0,0.001183,128
2d1b00e993880dd1,256,0.007935,0,0,0,102,1,3,2.023438,0.030701,0,0.0,0.000899,128
e154695fc9d14dea,256,0.007904,0,0,0,99,1,3,2.015625,0.023193,0,0.0,0.000848,128
c87d8014981b0a86,256,0.007935,0,0,0,125,1,3,2.023438,0.038513,0,0.0,0.000623,128
6ef8c186d3a8850e,256,0.007904,0,0,0,120,1,4,2.015625,0.038818,0,0.0,0.000773,128
5dd8a1ee37ac5fdc,256,0.007935,0,0,0,112,1,4,2.023438,0.046326,0,0.0,0.000813,128
47bf49f08a12b648,256,0.007904,0,0,0,114,1,3,2.015625,0.031006,0,0.0,0.000632,128
ffa53b9fcb8077d8,256,0.007874,0,0,0,151,1,3,2.007812,0.023376,0,0.0,0.000417,128
945eb0fbef9c578c,256,0.007935,0,0,0,77,1,4,2.023438,0.046326,0,0.0,0.001794,128
f8df929a6d8c1ff6,256,0.007904,0,0,0,95,1,3,2.015625,0.031006,0,0.0,0.001051,128
7afb4538d1277dea,256,0.007874,0,0,0,165,1,3,2.007812,0.023376,0,0.0,0.000233,128
1f2bce14545c6477,256,0.007935,0,0,0,122,1,4,2.023438,0.038513,0,0.0,0.000435,128
e57bd8948d3409df,256,0.007935,0,0,0,98,1,3,2.023438,0.038513,0,0.0,0.001102,128
92b3bf2fc1b3d9ae,256,0.007904,0,0,0,130,1,3,2.015625,0.031006,0,0.0,0.000623,128
90a0501744d45716,256,0.007904,0,0,0,127,1,3,2.015625,0.031006,0,0.0,0.000619,128
43a596425ac1143e,256,0.007935,0,0,0,79,1,3,2.023438,0.038513,0,0.0,0.001543,128
d9742b7e5b7f8bd6,256,0.007935,0,0,1,130,1,4,2.023438,0.046326,0,0.00651,0.000473,128
ccaec649713535f1,256,0.007874,0,0,0,111,1,3,2.007812,0.023376,0,0.0,0.000784,128
842873f12325cbcf,256,0.007935,0,0,1,117,1,3,2.023438,0.038513,0,0.00651,0.000327,128
efa2e5931b784fcb,256,0.007904,0,0,0,112,1,3,2.015625,0.031006,0,0.0,0.000583,128
19c9f13b2cecf3f3,256,0.007935,0,0,0,135,1,3,2.023438,0.038513,0,0.0,0.00034,128
126f9534db113a06,256,0.007935,0,0,0,128,1,3,2.023438,0.038513,0,0.0,0.000317,128
41c3e1bec0eb0d53,256,0.007904,0,0,0,100,1,3,2.015625,0.031006,0,0.0,0.000912,128
094773c4e6f840cc,256,0.007935,0,0,1,153,1,3,2.023438,0.038513,0,0.00651,0.000392,128
620e8975414727d4,256,0.007904,0,0,0,115,1,3,2.015625,0.031006,0,0.0,0.000742,128
381d204b862915e7,256,0.007904,0,0,0,111,1,3,2.015625,0.023193,0,0.0,0.00079,128
e9bf40366592f031,256,0.007904,0,0,0,99,1,3,2.015625,0.031006,0,0.0,0.000931,128
e7d1d75eb063ac3d,256,0.007904,0,0,0,84,1,3,2.015625,0.031006,0,0.0,0.001414,128
0ed969ecc60bf2d5,256,0.007874,0,0,0,116,1,3,2.007812,0.023376,0,0.0,0.000648,128
44d4079b58f5b834,256,0.007904,1,0,0,181,1,3,2.015625,0.023193,0,0.0,0.000216,128
55b6ff499b38a1a1,256,0.007935,0,0,0,88,1,3,2.023438,0.038513,0,0.0,0.000903,128
9d6bc27f4d4e440f,256,0.007904,0,0,0,164,1,4,2.015625,0.038818,0,0.0,0.000242,128
bed95c5cd733e25b,256,0.007874,0,0,0,232,1,3,2.007812,0.023376,0,0.0,0.000177,128
1befda1e6f2cc571,256,0.007904,0,0,0,110,1,4,2.015625,0.038818,0,0.0,0.000685,128
23d966f211bc6230,256,0.007935,0,0,0,98,1,3,2.023438,0.038513,0,0.0,0.000793,128
31f0ad032458bd1b,256,0.007935,0,0,0,84,1,4,2.023438,0.046326,0,0.0,0.001326,128
021bd22eecbd0b6a,256,0.007935,0,0,0,122,1,3,2.023438,0.038513,0,0.0,0.000659,128
a690d0f78a5c9728,256,0.007935,0,0,0,120,1,3,2.023438,0.038513,0,0.0,0.00058,128
ca41fc5320b1d03c,256,0.007935,0,0,0,170,1,3,2.023438,0.038513,0,0.0,0.000211,128
c385ffaedc675369,256,0.007874,0,0,0,164,1,3,2.007812,0.023376,0,0.0,0.000267,128
061152d9b8b54cd0,256,0.007935,0,0,0,93,1,3,2.023438,0.038513,0,0.0,0.001013,128
f7cab259bf404e54,256,0.007935,0,0,0,106,1,4,2.023438,0.046326,0,0.0,0.000892,128
7c841dd5d5f4c746,256,0.007904,0,0,0,113,1,3,2.015625,0.031006,0,0.0,0.000681,128
9b98f616703ca45d,256,0.007935,0,0,0,112,1,4,2.023438,0.046326,0,0.0,0.000719,128
076ca8279f2eeb0d,256,0.007935,0,0,0,129,1,3,2.023438,0.038513,0,0.0,0.000368,128
b5889585e3f90a9b,256,0.007935,0,0,0,75,1,3,2.023438,0.038513,0,0.0,0.001479,128
977f56935af258c6,256,0.007904,0,0,0,123,1,3,2.015625,0.023193,0,0.0,0.000605,128
9e41acbedd2575b6,256,0.007935,0,0,0,117,1,3,2.023438,0.030701,0,0.0,0.000603,128
7faec6732a35bc36,256,0.007935,0,0,0,108,1,3,2.023438,0.038513,0,0.0,0.001011,128
6e5f992a6cc8d98c,256,0.007904,1,0,0,90,1,3,2.015625,0.031006,0,0.0,0.001252,128
13dc3ac07d0c19f5,256,0.007935,0,0,0,93,1,3,2.023438,0.030701,0,0.0,0.001076,128
c2eb3d88ac4a80b8,256,0.007935,0,0,0,83,1,3,2.023438,0.038513,0,0.0,0.001563,128
8f6f591559642d4f,256,0.007874,0,0,0,113,1,3,2.007812,0.023376,0,0.0,0.000661,128
3f926499be631211,256,0.007904,0,0,1,154,1,4,2.015625,0.038818,0,0.005859,0.000313,128
45092d112054c0d6,256,0.007935,0,0,0,130,1,3,2.023438,0.038513,0,0.0,0.000434,128
98bd2f2a65338d23,256,0.007904,0,0,0,121,1,3,2.015625,0.031006,0,0.0,0.000637,128
af0a2b0342696faf,256,0.007874,0,0,0,175,1,3,2.007812,0.023376,0,0.0,0.000278,128
b445a692fa010e6c,256,0.007904,0,0,0,114,1,3,2.015625,0.031006,0,0.0,0.000729,128
8b27d7238713e700,256,0.007935,0,0,0,112,1,3,2.023438,0.038513,0,0.0,0.00067,128
769efdaa2cee10b9,256,0.007904,0,0,0,163,1,3,2.015625,0.031006,0,0.0,0.000349,128
f1bcc1995caa1ea0,256,0.007935,0,0,0,84,1,3,2.023438,0.038513,0,0.0,0.001157,128
1ad003ba194a649a,256,0.007935,0,0,0,96,1,3,2.023438,0.038513,0,0.0,0.000808,128
65d54e367ac91d74,256,0.007935,0,0,0,101,1,3,2.023438,0.038513,0,0.0,0.000764,128
9706ad640abfdce7,256,0.007904,0,0,1,169,1,3,2.015625,0.031006,0,0.00651,0.000238,128
dd451c0715f50b78,256,0.007935,0,0,0,92,1,3,2.023438,0.038513,0,0.0,0.000905,128
7e2f14eca75b1954,256,0.007935,0,0,1,114,1,3,2.023438,0.038513,0,0.003906,0.000867,128
a68162290e801329,256,0.007935,0,0,0,90,1,4,2.023438,0.046326,0,0.0,0.00134,128
d4535be35d3ad77b,256,0.007935,0,0,0,92,1,3,2.023438,0.038513,0,0.0,0.001292,128
e5212fc494b61e15,256,0.007904,0,0,0,105,1,4,2.015625,0.038818,0,0.0,0.000997,128
3d89c3f86ad13c90,256,0.007935,1,0,0,107,1,3,2.023438,0.038513,0,0.0,0.000599,128
77c9a8c944f9df1e,256,0.007874,0,0,0,245,1,3,2.007812,0.023376,0,0.0,0.000154,128
201a88a9b8b92e89,256,0.007904,0,0,0,122,1,3,2.015625,0.031006,0,0.0,0.001078,128
605353423004fdff,256,0.007904,0,0,0,176,1,3,2.015625,0.031006,0,0.0,0.000237,128
923416a9904ed1c6,256,0.007935,0,0,0,129,1,3,2.023438,0.038513,0,0.0,0.000588,128
619d36729dfcab0f,256,0.007935,0,0,1,141,1,3,2.023438,0.038513,0,0.00651,0.000493,128
1260386449dc54df,256,0.007935,0,0,0,77,1,3,2.023438,0.038513,0,0.0,0.001626,128
42eac1b8d7e5af19,256,0.007904,0,0,0,129,1,3,2.015625,0.031006,0,0.0,0.000592,128
10db3a6ac0c0124e,256,0.007935,0,0,0,92,1,3,2.023438,0.038513,0,0.0,0.001357,128
5e0b8e1577df2d0d,256,0.007935,0,0,0,107,1,3,2.023438,0.038513,0,0.0,0.000868,128
37ff1ddfd4ddaa0b,256,0.007904,0,0,0,106,1,4,2.015625,0.038818,0,0.0,0.000729,128
2f91a6b63361730e,256,0.007935,0,0,0,114,1,3,2.023438,0.038513,0,0.0,0.000728,128
ee8ab526ef32f1bd,256,0.007904,1,0,0,118,1,4,2.015625,0.038818,0,0.0,0.000545,128
2577f4dd2eb3d577,256,0.007935,0,0,0,141,1,4,2.023438,0.046326,0,0.0,0.000262,128
ba0c6cb56fdd63bd,256,0.007904,1,0,0,104,1,3,2.015625,0.031006,0,0.0,0.000898,128
e5746197780ef9ba,256,0.007904,0,0,1,206,1,3,2.015625,0.031006,0,0.00651,0.000163,128
d2623339dd06f6de,256,0.007935,0,0,0,187,1,3,2.023438,0.038513,0,0.0,0.000183,128
110cd531e5fde63c,256,0.007874,0,0,0,160,1,3,2.007812,0.023376,0,0.0,0.000282,128
bf7f39c303c69d87,256,0.007935,0,0,0,137,1,3,2.023438,0.038513,0,0.0,0.000386,128
5f0c5ef93fd35410,256,0.007904,1,0,0,108,1,3,2.015625,0.031006,0,0.0,0.000818,128
1cc4a113c446d84e,256,0.007935,1,0,0,114,1,3,2.023438,0.038513,0,0.0,0.00057,128
be965038e920f1db,256,0.007904,0,0,0,110,1,3,2.015625,0.031006,0,0.0,0.000967,128
77835205b57da2eb,256,0.007935,0,0,0,115,1,3,2.023438,0.038513,0,0.0,0.00072,128
0785a2cec0c85962,256,0.007935,0,0,0,94,1,3,2.023438,0.038513,0,0.0,0.001047,128
84753b7c06b599ee,256,0.007935,0,0,1,151,1,4,2.023438,0.046326,0,0.003255,0.000347,128
c0fa681dd1114083,256,0.007935,0,0,1,193,1,3,2.023438,0.038513,0,0.00651,0.000244,128
dc288a924bc29bac,256,0.007935,0,0,1,125,1,3,2.023438,0.038513,0,0.00651,0.000651,128
2f60c46232b96c95,256,0.007935,0,0,0,144,1,3,2.023438,0.038513,0,0.0,0.000268,128
624f7cbd743d228d,256,0.007935,0,0,1,112,1,3,2.023438,0.038513,0,0.00651,0.000765,128
3c759fbe741c58b0,256,0.007935,1,0,0,118,1,3,2.023438,0.038513,0,0.0,0.000613,128
8ccc154e8dff0ff4,256,0.007874,0,0,0,199,1,3,2.007812,0.023376,0,0.0,0.000198,128
cb096f284ab84ae5,256,0.007935,0,0,0,134,1,3,2.023438,0.038513,0,0.0,0.000564,128
84645a7cf53574d8,256,0.007935,0,0,0,97,1,3,2.023438,0.038513,0,0.0,0.000694,128
54560684eb7d2bf6,256,0.007935,0,0,1,109,1,4,2.023438,0.046326,0,0.003255,0.000681,128
d1f738b3f2b54ee8,256,0.007935,0,0,1,97,1,4,2.023438,0.046326,0,0.005859,0.001174,128
c7e164a64ba7e9d9,256,0.007874,0,0,0,143,1,3,2.007812,0.023376,0,0.0,0.000505,128
6f373b616c9b8dc4,256,0.007935,0,0,0,73,1,4,2.023438,0.046326,0,0.0,0.00186,128
623d383a977d5e15,256,0.007935,0,0,0,146,1,4,2.023438,0.046326,0,0.0,0.000466,128
730031a8b4225da7,256,0.007904,0,0,1,152,1,3,2.015625,0.031006,0,0.00651,0.00045,128
92f39b84bafdd6dc,256,0.007935,0,0,0,101,1,3,2.023438,0.038513,0,0.0,0.000856,128
68dbf8f6233262f2,256,0.007935,0,0,0,193,1,4,2.023438,0.046326,0,0.0,0.000263,128
97c85e0b41192e2c,256,0.007935,0,0,0,91,1,4,2.023438,0.046326,0,0.0,0.000952,128
a3ef783f6a2766aa,256,0.007935,0,0,0,186,1,3,2.023438,0.038513,0,0.0,0.000193,128
bbc9d4250ff297ac,256,0.007904,0,0,0,128,1,3,2.015625,0.031006,0,0.0,0.000605,128
c0d82a0a9e78a7fb,256,0.007843,0,0,0,128,1,3,2.0,0.015625,0,0.0,0.000602,128
e1c261e98b2b22a4,256,0.007935,0,0,0,100,1,3,2.023438,0.038513,0,0.0,0.000738,128
7caf3a231c4ac51b,256,0.007904,0,0,0,98,1,3,2.015625,0.031006,0,0.0,0.000977,128
153f2b99d084d8b9,256,0.007935,0,0,0,111,1,3,2.023438,0.038513,0,0.0,0.001082,128
30adacf38a52fe27,256,0.007935,0,0,0,124,1,3,2.023438,0.038513,0,0.0,0.000564,128
9d6ddd2381d1e3da,256,0.007904,0,0,0,143,1,3,2.015625,0.031006,0,0.0,0.000399,128
529b4ac60e9deeff,256,0.007935,0,0,0,122,1,3,2.023438,0.038513,0,0.0,0.000509,128
a5521eb692063c4f,256,0.007935,0,0,0,86,1,4,2.023438,0.046326,0,0.0,0.001307,128
7cf1a82d3874875d,256,0.007904,0,0,0,124,1,3,2.015625,0.031006,0,0.0,0.000606,128
9068ec471afc3730,256,0.007935,0,0,0,129,1,4,2.023438,0.046326,0,0.0,0.000564,128
4fc1cdaa864ebcec,256,0.007874,0,0,0,157,1,3,2.007812,0.015564,0,0.0,0.000349,128
a8e197e5a041da39,256,0.007904,0,0,0,212,1,3,2.015625,0.031006,0,0.0,0.000188,128
5520eb1907f6f600,256,0.007935,0,0,0,149,1,4,2.023438,0.046326,0,0.0,0.000332,128
3a791a0636b90247,256,0.007904,0,0,0,160,1,3,2.015625,0.031006,0,0.0,0.000385,128
1ba1a6c7aa46efee,256,0.007904,1,0,0,133,1,3,2.015625,0.023193,0,0.0,0.000492,128
d551af340931961c,256,0.007935,0,0,0,186,1,4,2.023438,0.046326,0,0.0,0.00028,128
cc09850592d6a122,256,0.007935,0,0,0,90,1,4,2.023438,0.046326,0,0.0,0.001228,128
e6abd671bbc58f03,256,0.007935,0,0,0,117,1,3,2.023438,0.030701,0,0.0,0.000511,128
9570970467bfea1a,256,0.007935,0,0,0,112,1,3,2.023438,0.038513,0,0.0,0.000976,128
c3db9294e3483f6b,256,0.007874,0,0,0,141,1,3,2.007812,0.023376,0,0.0,0.000573,128
f933483ed4807573,256,0.007935,0,0,0,123,1,4,2.023438,0.046326,0,0.0,0.00033,128
91ccce5861f5e450,256,0.007935,0,0,0,133,1,4,2.023438,0.046326,0,0.0,0.00037,128
a19a4ed0c474c98e,256,0.007935,0,0,0,121,1,3,2.023438,0.038513,0,0.0,0.000641,128
68cc541d16f286d8,256,0.007904,0,0,0,77,1,3,2.015625,0.031006,0,0.0,0.001601,128
e1a51ba1a0beaa63,256,0.007935,0,0,1,99,1,3,2.023438,0.038513,0,0.00651,0.000831,128
7c27e8e6c0edf1cf,256,0.007904,0,0,0,169,1,3,2.015625,0.031006,0,0.0,0.000281,128
a611fb34be8a6da4,256,0.007874,0,0,2,253,1,3,2.007812,0.023376,0,0.013021,0.000152,128
5219a450b0792453,256,0.007935,0,0,0,95,1,4,2.023438,0.046326,0,0.0,0.001154,128
dc2374a253015da5,256,0.007874,0,0,0,170,1,4,2.007812,0.031189,0,0.0,0.000309,128
f4c673fad935e906,256,0.007935,0,0,0,91,1,3,2.023438,0.038513,0,0.0,0.000884,128
e0b3d5a74039f51d,256,0.007935,0,0,0,179,1,4,2.023438,0.046326,0,0.0,0.000294,128
e96a3101665f9c49,256,0.007935,0,0,0,89,1,3,2.023438,0.038513,0,0.0,0.001294,128
5baab2208f098e5f,256,0.007935,0,0,0,141,1,4,2.023438,0.046326,0,0.0,0.000414,128
291ecbce97f75213,256,0.007874,0,0,1,137,1,3,2.007812,0.023376,0,0.00651,0.000588,128
80e4a63bd2dcfd95,256,0.007935,0,0,0,88,1,3,2.023438,0.030701,0,0.0,0.001116,128
813c7a4129cccaf1,256,0.007874,1,0,0,128,1,4,2.007812,0.031189,0,0.0,0.000609,128
6e9b81d5a02955d9,256,0.007874,0,0,0,212,1,3,2.007812,0.015564,0,0.0,0.000171,128
32f6961f487aae1a,256,0.007904,0,0,0,132,1,3,2.015625,0.031006,0,0.0,0.000487,128
5fefb0e35971f741,256,0.007935,0,0,0,107,1,3,2.023438,0.038513,0,0.0,0.000923,128
08e0eeeea0d50439,256,0.007935,0,0,0,94,1,3,2.023438,0.038513,0,0.0,0.000936,128
05255c981b006349,256,0.007904,0,0,0,138,1,4,2.015625,0.038818,0,0.0,0.00034,128
e723ab404dee7be0,256,0.007904,0,0,0,189,1,3,2.015625,0.031006,0,0.0,0.000192,128
907a36a48ae5a5a0,256,0.007904,0,0,0,110,1,3,2.015625,0.031006,0,0.0,0.000676,128
2271720698daf34c,256,0.007935,0,0,0,95,1,4,2.023438,0.038513,0,0.0,0.001266,128
a91eedf297d7a1ca,256,0.007935,0,0,0,113,1,3,2.023438,0.038513,0,0.0,0.000713,128
4ee8b76177f9800b,256,0.007935,0,0,0,96,1,3,2.023438,0.038513,0,0.0,0.000998,128
33efa7de07006ba7,256,0.007935,0,0,0,71,1,3,2.023438,0.030701,0,0.0,0.001924,128
2593dccabb00bbb9,256,0.007904,0,0,1,136,1,3,2.015625,0.031006,0,0.00651,0.000427,128
914129c12a2f04c3,256,0.007935,0,0,0,183,1,4,2.023438,0.046326,0,0.0,0.000254,128
87f079d396f505d6,256,0.007904,1,0,0,159,1,3,2.015625,0.031006,0,0.0,0.000208,128
b5bbf06975956aa5,256,0.007935,0,0,0,99,1,3,2.023438,0.038513,0,0.0,0.000993,128
397e66c6d0e33d83,256,0.007935,0,0,0,117,1,3,2.023438,0.038513,0,0.0,0.000461,128
865e86b83e3d0a80,256,0.007935,1,0,0,169,1,4,2.023438,0.046326,0,0.0,0.000322,128
b99bd3eb52fcc37c,256,0.007935,0,0,0,124,1,3,2.023438,0.038513,0,0.0,0.000418,128
9722f40973638c8f,256,0.007935,0,0,0,112,1,3,2.023438,0.038513,0,0.0,0.000613,128
1569ee4a9b794849,256,0.007935,0,0,0,102,1,3,2.023438,0.038513,0,0.0,0.001026,128
af02167fae04582a,256,0.007874,0,0,0,119,1,3,2.007812,0.023376,0,0.0,0.000697,128
6b56277c95c977ae,256,0.007904,1,0,0,181,1,3,2.015625,0.031006,0,0.0,0.000185,128
c9795402d6ed76ec,256,0.007935,0,0,1,114,1,3,2.023438,0.038513,0,0.00651,0.000512,128
f3b7ce9b68922012,256,0.007935,0,0,0,148,1,3,2.023438,0.030701,0,0.0,0.000265,128
49d97976a5b1b09f,256,0.007935,0,0,0,92,1,3,2.023438,0.038513,0,0.0,0.001019,128
00e979704e04c5e7,256,0.007935,1,0,0,108,1,4,2.023438,0.046326,0,0.0,0.000861,128
b1113231a24092cc,256,0.007874,0,0,0,228,1,3,2.007812,0.023376,0,0.0,0.000183,128
1f648901aa663a61,256,0.007935,0,0,0,85,1,3,2.023438,0.038513,0,0.0,0.001358,128
3e23132b2df1b84b,256,0.007874,0,0,0,123,1,3,2.007812,0.015564,0,0.0,0.000695,128
40489b7ae45c8854,256,0.007904,0,0,0,156,1,4,2.015625,0.038818,0,0.0,0.000359,128
61c979bedb74ea77,256,0.007935,0,0,0,73,1,3,2.023438,0.038513,0,0.0,0.001605,128
1e5c48404d9ed0a2,256,0.007935,0,0,0,104,1,3,2.023438,0.030701,0,0.0,0.000932,128
fd9e9df1af671934,256,0.007904,0,0,0,121,1,3,2.015625,0.031006,0,0.0,0.000745,128
cc0fa7a069bece01,256,0.007904,0,0,0,189,1,3,2.015625,0.031006,0,0.0,0.000197,128
64cde9ff85913d1d,256,0.007904,0,0,0,228,1,3,2.015625,0.031006,0,0.0,0.000178,128
b5b25e151e67b9f1,256,0.007935,0,0,0,140,1,3,2.023438,0.038513,0,0.0,0.000307,128
1831c966acd538aa,256,0.007935,0,0,0,151,1,3,2.023438,0.038513,0,0.0,0.000294,128
ce225c0a1656aca5,256,0.007935,0,0,0,145,1,3,2.023438,0.038513,0,0.0,0.000271,128
4e8e73b69dd897e0,256,0.007874,0,0,0,176,1,4,2.007812,0.031189,0,0.0,0.000244,128
69f82b5105af3ed2,256,0.007874,1,0,0,238,1,3,2.007812,0.015564,0,0.0,0.000161,128
60ce9448ea274811,256,0.007935,0,0,0,147,1,3,2.023438,0.038513,0,0.0,0.000264,128
644e81060ca0ecda,256,0.007935,0,0,1,108,1,3,2.023438,0.038513,0,0.00651,0.001003,128
1754bdfb2647c1b6,256,0.007904,0,0,0,136,1,3,2.015625,0.031006,0,0.0,0.000339,128
4ac5543bdd908f59,256,0.007935,0,0,0,123,1,4,2.023438,0.046326,0,0.0,0.000681,128
7e5c01594f6d17de,256,0.007874,0,0,1,187,1,4,2.007812,0.031189,0,0.003255,0.00022,128
dc7d23dc01b54f3c,256,0.007904,0,0,1,204,1,3,2.015625,0.031006,0,0.00651,0.000168,128
0be17ff26b7b4d5e,256,0.007935,0,0,0,106,1,4,2.023438,0.046326,0,0.0,0.000966,128
4cdd5f2af48c62ab,256,0.007935,0,0,0,121,1,3,2.023438,0.038513,0,0.0,0.000748,128
83c023aba435e53c,256,0.007935,0,0,0,89,1,3,2.023438,0.038513,0,0.0,0.001066,128
a7990696e9b123da,256,0.007935,0,0,1,123,1,4,2.023438,0.046326,0,0.00651,0.000495,128
d61645e621112b9c,256,0.007904,0,0,0,83,1,3,2.015625,0.023193,0,0.0,0.001377,128
44c5a9b44eedc6b2,256,0.007935,0,0,1,208,1,3,2.023438,0.038513,0,0.00651,0.000204,128
b20ebb4b9990e785,256,0.007874,0,0,0,123,1,3,2.007812,0.023376,0,0.0,0.000531,128
f2bb8aa8f3ccd3eb,256,0.007935,0,0,0,70,1,4,2.023438,0.046326,0,0.0,0.002016,128
9a277107790b39e1,256,0.007935,0,0,0,84,1,4,2.023438,0.046326,0,0.0,0.001217,128
9ff3afb86803d2e2,256,0.007935,0,0,0,98,1,3,2.023438,0.038513,0,0.0,0.000753,128
e9231dab4d9f6b72,256,0.007935,0,0,0,91,1,3,2.023438,0.038513,0,0.0,0.000916,128
8d2d62d063feda57,256,0.007904,0,0,0,175,1,3,2.015625,0.031006,0,0.0,0.000257,128
72531ce2ae6515ad,256,0.007935,1,0,0,87,1,3,2.023438,0.038513,0,0.0,0.001277,128
1b646e3bd5323ca6,256,0.007935,0,0,0,75,1,3,2.023438,0.038513,0,0.0,0.001606,128
7637ca7ea31035a8,256,0.007904,0,0,0,111,1,4,2.015625,0.038818,0,0.0,0.000825,128
6b0973c30ecf7da0,256,0.007935,0,0,0,76,1,4,2.023438,0.038513,0,0.0,0.001589,128
5fd4dbd668e643c4,256,0.007935,0,0,0,133,1,3,2.023438,0.038513,0,0.0,0.000438,128
6c7fd594180ba4be,256,0.007935,0,0,0,110,1,4,2.023438,0.046326,0,0.0,0.000823,128
3ab5c96cda85d872,256,0.007935,0,0,0,99,1,3,2.023438,0.038513,0,0.0,0.000892,128
edc00c0f22aa8676,256,0.007935,1,0,0,110,1,3,2.023438,0.030701,0,0.0,0.000842,128
785945926869a191,256,0.007904,0,0,1,141,1,3,2.015625,0.031006,0,0.00651,0.000567,128
f43973cbe2fc1786,256,0.007935,1,0,0,94,1,3,2.023438,0.038513,0,0.0,0.001312,128
e10df79dc2309910,256,0.007935,0,0,0,143,1,3,2.023438,0.038513,0,0.0,0.000405,128
4eeca7c357565723,256,0.007935,0,0,0,120,1,3,2.023438,0.038513,0,0.0,0.000432,128
0f15400162acc8a9,256,0.007874,0,0,0,220,1,3,2.007812,0.023376,0,0.0,0.000201,128
06854b77ac86722e,256,0.007935,0,0,0,91,1,3,2.023438,0.038513,0,0.0,0.000969,128
fc746ab07f84d487,256,0.007935,1,0,0,110,1,3,2.023438,0.030701,0,0.0,0.000757,128
f3f0b110443866cc,256,0.007904,0,0,0,92,1,3,2.015625,0.023193,0,0.0,0.001172,128
df7d806ae8b5ffa3,256,0.007904,0,0,1,128,1,3,2.015625,0.031006,0,0.003906,0.000569,128
b33a11e0c9c51227,256,0.007935,0,0,0,121,1,3,2.023438,0.038513,0,0.0,0.000441,128
10514e604b1bd575,256,0.007935,0,0,1,208,1,3,2.023438,0.038513,0,0.00651,0.000176,128
7680cc8edbbf225b,256,0.007904,0,0,0,91,1,3,2.015625,0.031006,0,0.0,0.001052,128
0c57c58408d1953e,256,0.007935,0,0,0,94,1,3,2.023438,0.038513,0,0.0,0.001167,128
2b84976cbaa83411,256,0.007935,0,0,0,93,1,3,2.023438,0.038513,0,0.0,0.000911,128
42cd0a8bbaf67384,256,0.007935,0,0,0,135,1,3,2.023438,0.038513,0,0.0,0.000353,128
2b2747630668468e,256,0.007935,0,0,0,86,1,3,2.023438,0.038513,0,0.0,0.001274,128
b4f8bcf9d5c1545f,256,0.007935,0,0,0,98,1,3,2.023438,0.038513,0,0.0,0.001212,128
c52875d370d4b9fe,256,0.007904,0,0,0,99,1,3,2.015625,0.031006,0,0.0,0.001047,128
6c5d8dca9f104a53,256,0.007935,0,0,0,88,1,3,2.023438,0.038513,0,0.0,0.001417,128
7f8a71ada65747a5,256,0.007935,0,0,0,131,1,3,2.023438,0.038513,0,0.0,0.000666,128
094931db67d5895f,256,0.007935,0,0,0,172,1,3,2.023438,0.038513,0,0.0,0.000267,128
6ba5d6b4ed6f14a6,256,0.007904,0,0,0,141,1,3,2.015625,0.023193,0,0.0,0.000564,128
7859e366574cdb52,256,0.007904,0,0,0,131,1,3,2.015625,0.031006,0,0.0,0.000404,128
3a9949f5e5e9eb9a,256,0.007935,0,0,0,155,1,3,2.023438,0.038513,0,0.0,0.000272,128
072d390d7acb8f55,256,0.007935,0,0,0,131,1,3,2.023438,0.030701,0,0.0,0.000345,128
31941c1bd2730209,256,0.007935,1,0,0,107,1,4,2.023438,0.046326,0,0.0,0.000956,128
a1f48e26c25165cb,256,0.007935,0,0,0,68,1,3,2.023438,0.038513,0,0.0,0.002098,128
2d9230984e88b5dc,256,0.007935,0,0,0,97,1,3,2.023438,0.038513,0,0.0,0.000863,128
c7d751559e7b1324,256,0.007935,0,0,0,108,1,3,2.023438,0.038513,0,0.0,0.000804,128
737c36a3e2db2ae5,256,0.007874,0,0,0,127,1,3,2.007812,0.023376,0,0.0,0.000606,128
5cfec5d2dda07610,256,0.007935,0,0,0,100,1,3,2.023438,0.038513,0,0.0,0.000822,128
8a04b963aac1207a,256,0.007935,0,0,0,123,1,3,2.023438,0.038513,0,0.0,0.000479,128
aa0e5f948252e7fb,256,0.007904,0,0,1,113,1,3,2.015625,0.031006,0,0.00651,0.000703,128
860b4342b3fa4a57,256,0.007904,0,0,1,190,1,3,2.015625,0.031006,0,0.00651,0.000182,128
1fd216d6a6d4e8bf,256,0.007904,1,0,0,95,1,3,2.015625,0.031006,0,0.0,0.000892,128
bd2afd683c4b26cd,256,0.007935,0,0,0,156,1,3,2.023438,0.038513,0,0.0,0.000331,128
976f68d112c2b4cc,256,0.007935,0,0,0,78,1,4,2.023438,0.038513,0,0.0,0.001431,128
893e3a4a99f04c56,256,0.007935,0,0,0,106,1,3,2.023438,0.038513,0,0.0,0.000762,128
190b1f6d5cd5a4c5,256,0.007904,0,0,0,156,1,3,2.015625,0.031006,0,0.0,0.000351,128
989cd110b7ed866c,256,0.007904,0,0,0,139,1,3,2.015625,0.031006,0,0.0,0.00058,128
d59d652ab102d34a,256,0.007874,0,0,0,176,1,3,2.007812,0.023376,0,0.0,0.00027,128
5db698b4e99919a4,256,0.007935,0,0,0,99,1,4,2.023438,0.046326,0,0.0,0.000999,128
cd3054e4c5fe7558,256,0.007904,0,0,0,103,1,3,2.015625,0.031006,0,0.0,0.000798,128
c6e0d6df93f9e0f8,256,0.007935,0,0,0,155,1,4,2.023438,0.046326,0,0.0,0.000281,128
a207702e71f2530b,256,0.007935,0,0,0,106,1,3,2.023438,0.038513,0,0.0,0.001013,128
2807b4289515b670,256,0.007904,0,0,0,157,1,3,2.015625,0.023193,0,0.0,0.000257,128
47a64b2ca80e414d,256,0.007935,0,0,0,121,1,4,2.023438,0.046326,0,0.0,0.000726,128
de3e4ef0fe8a4392,256,0.007904,0,0,0,84,1,3,2.015625,0.031006,0,0.0,0.001228,128
65de40ba2c8d0b6c,256,0.007904,0,0,0,134,1,3,2.015625,0.031006,0,0.0,0.000413,128
55a3711ccf4607e4,256,0.007935,0,0,0,108,1,3,2.023438,0.038513,0,0.0,0.000545,128
63118c94f7364061,256,0.007935,1,0,0,130,1,4,2.023438,0.046326,0,0.0,0.000362,128
57fec9a793e32b8d,256,0.007935,0,0,0,172,1,3,2.023438,0.038513,0,0.0,0.000213,128
018dcc2d6585189f,256,0.007935,0,0,1,118,1,3,2.023438,0.030701,0,0.00651,0.000708,128
8c65fc1368e5649b,256,0.007935,0,0,0,100,1,3,2.023438,0.038513,0,0.0,0.000853,128
b6e314500d28c8e9,256,0.007904,1,0,0,200,1,3,2.015625,0.031006,0,0.0,0.000173,128
9b9899f0f3ee0a71,256,0.007935,1,0,0,91,1,3,2.023438,0.038513,0,0.0,0.001181,128
4a6006efba001270,256,0.007935,1,0,0,95,1,3,2.023438,0.038513,0,0.0,0.000934,128
c680c171cb8f6e07,256,0.007904,1,0,0,132,1,3,2.015625,0.023193,0,0.0,0.00057,128
66b89614f555bbb7,256,0.007904,0,0,0,95,1,4,2.015625,0.038818,0,0.0,0.000972,128
861d26201c44285b,256,0.007874,0,0,0,112,1,3,2.007812,0.023376,0,0.0,0.000732,128
fcbbc8a779fabca1,256,0.007935,0,0,0,121,1,4,2.023438,0.046326,0,0.0,0.000704,128
dbb7d2f542f39f89,256,0.007874,0,0,0,141,1,3,2.007812,0.023376,0,0.0,0.000407,128
c8f0d54f6a7ee9fa,256,0.007904,0,0,0,132,1,3,2.015625,0.031006,0,0.0,0.000521,128
4af40238c2b81377,256,0.007904,0,0,1,149,1,4,2.015625,0.038818,0,0.003255,0.000328,128
e7215831c25076e4,256,0.007935,0,0,0,85,1,4,2.023438,0.046326,0,0.0,0.000945,128
24aa4b846754be86,256,0.007935,0,0,0,105,1,3,2.023438,0.038513,0,0.0,0.00078,128
b628c477ab916a8b,256,0.007935,0,0,0,120,1,3,2.023438,0.038513,0,0.0,0.00069,128
0b909ada4d4b3aa3,256,0.007935,0,0,0,126,1,3,2.023438,0.030701,0,0.0,0.000498,128
e701687ef7be893d,256,0.007904,0,0,0,94,1,3,2.015625,0.023193,0,0.0,0.001113,128
81c2459b106a83d8,256,0.007904,0,0,0,180,1,3,2.015625,0.031006,0,0.0,0.000197,128
1ce5ab8c5f352234,256,0.007935,0,0,0,82,1,3,2.023438,0.030701,0,0.0,0.001429,128
714c5cc4d2157bf2,256,0.007874,0,0,1,233,1,3,2.007812,0.023376,0,0.00651,0.00018,128
b959c05a2f068799,256,0.007874,1,0,0,142,1,3,2.007812,0.023376,0,0.0,0.000529,128
2d9063f71c81423b,256,0.007904,0,0,0,138,1,3,2.015625,0.031006,0,0.0,0.000594,128
d1e596c0cb81a99f,256,0.007904,0,0,0,163,1,3,2.015625,0.031006,0,0.0,0.000198,128
50ac7b71c24534d5,256,0.007935,0,0,0,131,1,3,2.023438,0.030701,0,0.0,0.000273,128
c5a40f56bd4bec59,256,0.007904,0,0,0,209,1,3,2.015625,0.031006,0,0.0,0.000165,128
f614ebf7e8713f82,256,0.007935,0,0,0,79,1,4,2.023438,0.046326,0,0.0,0.001547,128
cd2623e91e80d284,256,0.007935,0,0,0,93,1,3,2.023438,0.038513,0,0.0,0.001015,128
cc13090154a14239,256,0.007935,0,0,0,92,1,3,2.023438,0.038513,0,0.0,0.000853,128
33bd8ba8987ef083,256,0.007935,0,0,0,79,1,3,2.023438,0.038513,0,0.0,0.001443,128
68ccc01298c431d2,256,0.007935,0,0,0,96,1,4,2.023438,0.046326,0,0.0,0.001189,128
c37dc6b1c67e926c,256,0.007935,0,0,0,103,1,3,2.023438,0.038513,0,0.0,0.000838,128
7ea5ccd6e795a1ea,256,0.007904,0,0,0,132,1,3,2.015625,0.031006,0,0.0,0.00061,128
bdf913a123aa6b51,256,0.007935,1,0,0,92,1,4,2.023438,0.046326,0,0.0,0.001178,128
f85ba5a9c799f449,256,0.007904,0,0,0,118,1,3,2.015625,0.031006,0,0.0,0.000709,128
5ca02d76e62fd627,256,0.007904,0,0,0,164,1,4,2.015625,0.038818,0,0.0,0.000228,128
727c38e0f814edc8,256,0.007904,0,0,0,130,1,3,2.015625,0.031006,0,0.0,0.000472,128
aaab54688e42a786,256,0.007935,0,0,0,99,1,3,2.023438,0.038513,0,0.0,0.001025,128
73febb92d72f5ebc,256,0.007935,0,0,0,108,1,3,2.023438,0.038513,0,0.0,0.000939,128
2ddf93c98c17c2b9,256,0.007935,0,0,0,152,1,3,2.023438,0.030701,0,0.0,0.000379,128
8135d249806e4bef,256,0.007935,0,0,1,106,1,3,2.023438,0.038513,0,0.00651,0.001082,128
5647d1d06aebb317,256,0.007935,0,0,0,134,1,3,2.023438,0.038513,0,0.0,0.000523,128
a00acda182e11110,256,0.007935,1,0,0,120,1,3,2.023438,0.038513,0,0.0,0.000629,128
2b2498cf4253c233,256,0.007935,0,0,0,134,1,3,2.023438,0.038513,0,0.0,0.000449,128
b06bfb3e6c4a2bb7,256,0.007904,0,0,2,222,1,4,2.015625,0.038818,0,0.01237,0.000197,128
eb36a56e4bf86b1a,256,0.007935,0,0,0,71,1,3,2.023438,0.038513,0,0.0,0.001813,128
6fef8c2bdb400de1,256,0.007935,0,0,0,128,1,3,2.023438,0.038513,0,0.0,0.000546,128
cdd9c66345b77cee,256,0.007935,1,0,0,87,1,3,2.023438,0.038513,0,0.0,0.001432,128
5eba1eb5b0e4962d,256,0.007935,0,0,0,74,1,4,2.023438,0.046326,0,0.0,0.001562,128
510339e95ba53502,256,0.007935,0,0,0,86,1,3,2.023438,0.038513,0,0.0,0.001018,128
91022bc520d35ff1,256,0.007904,0,0,1,183,1,3,2.015625,0.031006,0,0.00651,0.000208,128
c8548439ef5d8ef2,256,0.007935,0,0,0,91,1,3,2.023438,0.038513,0,0.0,0.00126,128
17ca60c9c61983f2,256,0.007904,0,0,0,125,1,3,2.015625,0.031006,0,0.0,0.000624,128
04b774f404167c91,256,0.007935,0,0,0,123,1,4,2.023438,0.046326,0,0.0,0.000542,128
718c0139175c0a65,256,0.007935,0,0,0,98,1,3,2.023438,0.038513,0,0.0,0.001023,128
485f4291a0c22a3b,256,0.007874,0,0,0,190,1,3,2.007812,0.023376,0,0.0,0.000204,128
549a5abf9c649905,256,0.007935,1,0,0,112,1,3,2.023438,0.030701,0,0.0,0.000694,128
a6215528b3396334,256,0.007904,0,0,0,138,1,3,2.015625,0.031006,0,0.0,0.000289,128
7eb4f61793dc6a27,256,0.007904,0,0,0,138,1,3,2.015625,0.031006,0,0.0,0.000408,128
e7986c15b598b99d,256,0.007874,1,0,0,183,1,4,2.007812,0.031189,0,0.0,0.000244,128
23e316fa59b9b7ee,256,0.007935,0,0,1,95,1,3,2.023438,0.038513,0,0.00651,0.000944,128
d8048fa1cb9bf7a9,256,0.007935,0,0,0,74,1,4,2.023438,0.046326,0,0.0,0.001796,128
763e361d0b53cafb,256,0.007904,0,0,0,88,1,3,2.015625,0.031006,0,0.0,0.001166,128
aff9d87395586e93,256,0.007904,1,0,0,150,1,3,2.015625,0.031006,0,0.0,0.000255,128
d3976520fc4550ad,256,0.007904,0,0,0,133,1,3,2.015625,0.023193,0,0.0,0.000619,128
c234c50a2279ca3e,256,0.007935,0,0,1,154,1,3,2.023438,0.038513,0,0.00651,0.000215,128
c6add372e679f714,256,0.007904,0,0,0,134,1,3,2.015625,0.031006,0,0.0,0.000419,128
6b2e230a22f870ba,256,0.007935,0,0,0,149,1,4,2.023438,0.046326,0,0.0,0.000354,128
ed5d4311adbfc9c9,256,0.007935,0,0,0,107,1,3,2.023438,0.038513,0,0.0,0.000732,128
7c87657f1418aa4b,256,0.007874,0,0,1,199,1,3,2.007812,0.023376,0,0.00651,0.000198,128
56296c067bd7f25a,256,0.007935,0,0,0,101,1,4,2.023438,0.046326,0,0.0,0.000994,128
f1df3cdb982326ae,256,0.007935,0,0,0,109,1,3,2.023438,0.038513,0,0.0,0.000376,128
af2528ea5be47df9,256,0.007935,0,0,0,88,1,3,2.023438,0.038513,0,0.0,0.001183,128
bbe4338878bc7436,256,0.007935,0,0,0,129,1,3,2.023438,0.038513,0,0.0,0.000743,128
b2b1b71d354e4df2,256,0.007904,0,0,0,227,1,3,2.015625,0.031006,0,0.0,0.000178,128
ec18e2e4924ac58a,256,0.007935,0,0,0,108,1,3,2.023438,0.038513,0,0.0,0.001014,128
fba76db58d819394,256,0.007904,0,0,1,207,1,3,2.015625,0.023193,0,0.00651,0.000173,128
ed4d2e1210f90c8b,256,0.007874,0,0,0,107,1,4,2.007812,0.031189,0,0.0,0.000862,128
35eb3216567f4535,256,0.007874,1,0,0,207,1,3,2.007812,0.023376,0,0.0,0.000175,128
9c1bb1b9061ddc24,256,0.007935,0,0,0,92,1,3,2.023438,0.038513,0,0.0,0.000901,128
6de2f7239f3afe80,256,0.007935,0,0,0,91,1,3,2.023438,0.038513,0,0.0,0.001366,128
8edc7043f9fdf6d0,256,0.007843,1,0,0,130,1,3,2.0,0.015625,0,0.0,0.000602,128
cfed7ffde53d1b74,256,0.007904,0,0,0,175,1,3,2.015625,0.031006,0,0.0,0.000224,128
638009c9f0512857,256,0.007935,0,0,0,123,1,3,2.023438,0.038513,0,0.0,0.000587,128
21d0072c89486dad,256,0.007904,0,0,0,90,1,3,2.015625,0.031006,0,0.0,0.001198,128
85c6436bb99c1cbe,256,0.007935,0,0,0,97,1,3,2.023438,0.038513,0,0.0,0.000754,128
b10d5996fa5a9e36,256,0.007904,1,0,0,105,1,4,2.015625,0.038818,0,0.0,0.000927,128
2df680e72a9a0a66,256,0.007935,0,0,0,190,1,3,2.023438,0.030701,0,0.0,0.000172,128
45dedbd6273bbc54,256,0.007935,0,0,0,170,1,4,2.023438,0.038513,0,0.0,0.000283,128
ae8428dbebe7b870,256,0.007904,0,0,0,165,1,3,2.015625,0.031006,0,0.0,0.000356,128
f6475676b0a733e1,256,0.007935,0,0,0,101,1,3,2.023438,0.038513,0,0.0,0.000864,128
034a94671631c23e,256,0.007935,0,0,1,101,1,3,2.023438,0.038513,0,0.00651,0.000941,128
9c092df50a66779a,256,0.007935,0,0,0,180,1,3,2.023438,0.038513,0,0.0,0.000206,128
3123ae099ef48a1e,256,0.007904,0,0,0,136,1,3,2.015625,0.031006,0,0.0,0.000423,128
304102c6dcffe1a0,256,0.007935,0,0,0,102,1,3,2.023438,0.030701,0,0.0,0.000704,128
73396e69d3e55f72,256,0.007904,0,0,0,142,1,3,2.015625,0.031006,0,0.0,0.000461,128
0e911e8594fdd9fb,256,0.007935,0,0,0,129,1,3,2.023438,0.038513,0,0.0,0.000409,128
4a2892e62787b173,256,0.007935,0,0,1,127,1,3,2.023438,0.038513,0,0.00651,0.000613,128
9b88b257479eff50,256,0.007904,0,0,0,176,1,3,2.015625,0.023193,0,0.0,0.000184,128
7045f660708d1970,256,0.007935,0,0,1,138,1,3,2.023438,0.038513,0,0.00651,0.000317,128
42d19cc791a7b27f,256,0.007935,0,0,0,98,1,4,2.023438,0.046326,0,0.0,0.001029,128
4acae752291afda8,256,0.007935,0,0,0,159,1,4,2.023438,0.046326,0,0.0,0.000329,128
c7d7680ce4566e0f,256,0.007874,0,0,0,149,1,3,2.007812,0.023376,0,0.0,0.000424,128
8197bd458e427e55,256,0.007904,0,0,1,215,1,3,2.015625,0.031006,0,0.00651,0.000165,128
dda6c33fdfdc18ab,256,0.007904,0,0,0,101,1,3,2.015625,0.031006,0,0.0,0.000844,128
c351554ef8b5f3c8,256,0.007935,0,0,0,80,1,3,2.023438,0.038513,0,0.0,0.001674,128
3d1f5a958b241aef,256,0.007935,0,0,0,103,1,3,2.023438,0.038513,0,0.0,0.000702,128
60eb50041a54643a,256,0.007935,0,0,0,89,1,3,2.023438,0.038513,0,0.0,0.000864,128
fcb276f31afd4b16,256,0.007935,0,0,0,124,1,3,2.023438,0.038513,0,0.0,0.000549,128
96ff5db6873a83a9,256,0.007935,0,0,0,93,1,3,2.023438,0.038513,0,0.0,0.00117,128
69fc2b8ff3225b62,256,0.007935,0,0,0,105,1,4,2.023438,0.046326,0,0.0,0.000597,128
29baf88d995a72ad,256,0.007935,0,0,0,174,1,3,2.023438,0.038513,0,0.0,0.000259,128
46972d0ef7c8778c,256,0.007874,0,0,1,221,1,3,2.007812,0.023376,0,0.00651,0.0002,128
5d797a051ed99f7f,256,0.007935,0,0,1,125,1,3,2.023438,0.038513,0,0.00651,0.00052,128
5050ae8730bb3e64,256,0.007904,0,0,0,196,1,3,2.015625,0.031006,0,0.0,0.00022,128
050aaccbe4fa1a36,256,0.007935,0,0,0,91,1,3,2.023438,0.038513,0,0.0,0.001116,128
94a62c66985e9f4f,256,0.007843,1,0,0,253,1,3,2.0,0.015625,0,0.0,0.000151,128
a1f1e4eb144fd9b0,256,0.007904,1,0,0,95,1,4,2.015625,0.038818,0,0.0,0.000917,128
5be8360f1bac8c07,256,0.007935,0,0,0,122,1,3,2.023438,0.030701,0,0.0,0.000442,128
51fa4e530485203d,256,0.007904,1,0,0,103,1,3,2.015625,0.031006,0,0.0,0.000904,128
f3be4e71cfacc0ab,256,0.007935,1,0,0,109,1,4,2.023438,0.046326,0,0.0,0.000797,128
04524d634992ea00,256,0.007935,0,0,0,88,1,3,2.023438,0.038513,0,0.0,0.001361,128
5424ba3137c05921,256,0.007935,0,0,0,75,1,3,2.023438,0.038513,0,0.0,0.001575,128
746ab25da55487e5,256,0.007904,0,0,1,113,1,3,2.015625,0.031006,0,0.003906,0.000713,128
19b6fb8221cbf8a2,256,0.007935,0,0,0,160,1,4,2.023438,0.046326,0,0.0,0.000376,128
bedd513099fb4da8,256,0.007935,0,0,0,120,1,3,2.023438,0.038513,0,0.0,0.000514,128
5853c6086bfa9dda,256,0.007904,0,0,0,123,1,3,2.015625,0.031006,0,0.0,0.000481,128
60bc4f478a210258,256,0.007874,1,0,0,193,1,3,2.007812,0.023376,0,0.0,0.000202,128
978a6f9bde89734e,256,0.007904,1,0,0,140,1,3,2.015625,0.031006,0,0.0,0.000517,128
e322bdd9c6131798,256,0.007935,0,0,0,81,1,4,2.023438,0.046326,0,0.0,0.001569,128
e3c98fe31b5058b4,256,0.007935,0,0,1,100,1,3,2.023438,0.038513,0,0.00651,0.000846,128
594bcd75a0d1c1be,256,0.007935,0,0,0,105,1,3,2.023438,0.038513,0,0.0,0.000567,128
094309796d3c92bf,256,0.007904,0,0,1,99,1,3,2.015625,0.031006,0,0.003906,0.000998,128
185bb629955d7d63,256,0.007904,0,0,0,187,1,3,2.015625,0.031006,0,0.0,0.000214,128
b43b4a7875b16fcb,256,0.007935,0,0,0,89,1,3,2.023438,0.038513,0,0.0,0.000896,128
cdf28a11fa81daf3,256,0.007935,0,0,0,130,1,3,2.023438,0.038513,0,0.0,0.000377,128
8d517fa67c19121a,256,0.007904,0,0,0,103,1,3,2.015625,0.031006,0,0.0,0.000759,128
6d54b75d128bc1fd,256,0.007935,0,0,0,97,1,3,2.023438,0.030701,0,0.0,0.000944,128
1defbfcbb8878770,256,0.007935,0,0,0,87,1,4,2.023438,0.046326,0,0.0,0.00133,128
3fddfd23031e9e3b,256,0.007904,0,0,0,177,1,4,2.015625,0.038818,0,0.0,0.0002,128
a528e03b7108a2ac,256,0.007935,1,0,0,85,1,3,2.023438,0.030701,0,0.0,0.001451,128
fdd322e921aa2805,256,0.007935,0,0,0,125,1,3,2.023438,0.038513,0,0.0,0.000485,128
f56bafc7cad0a4bb,256,0.007904,0,0,0,90,1,3,2.015625,0.031006,0,0.0,0.001207,128
1f6f2c80f2fee710,256,0.007935,0,0,0,74,1,3,2.023438,0.038513,0,0.0,0.001647,128
ebc9fdbf22f07981,256,0.007935,0,0,0,120,1,4,2.023438,0.046326,0,0.0,0.000664,128
e6bf273ffbdcab0e,256,0.007935,0,0,0,111,1,3,2.023438,0.038513,0,0.0,0.000996,128
5fd334300606dbaa,256,0.007935,0,0,0,93,1,3,2.023438,0.030701,0,0.0,0.000778,128
8cadb741e1139562,256,0.007935,0,0,0,127,1,3,2.023438,0.030701,0,0.0,0.000456,128
58a4640e09e52983,256,0.007935,0,0,0,133,1,3,2.023438,0.038513,0,0.0,0.000576,128
bf8cecbdb152cab1,256,0.007935,0,0,0,101,1,3,2.023438,0.038513,0,0.0,0.000637,128
c30d9696864e8a4b,256,0.007935,0,0,0,105,1,4,2.023438,0.046326,0,0.0,0.00094,128
e0277e094a19429d,256,0.007904,0,0,0,130,1,3,2.015625,0.031006,0,0.0,0.000377,128
4050054b2768a96c,256,0.007935,0,0,0,120,1,3,2.023438,0.038513,0,0.0,0.000494,128
8c7ead0ca9afb7eb,256,0.007935,0,0,0,96,1,4,2.023438,0.046326,0,0.0,0.000793,128
f2dd80550ed1246b,256,0.007904,0,0,0,159,1,3,2.015625,0.031006,0,0.0,0.00025,128
44d159264bf48d23,256,0.007935,0,0,0,92,1,3,2.023438,0.038513,0,0.0,0.000923,128
75378f1f99de3094,256,0.007935,0,0,0,84,1,3,2.023438,0.038513,0,0.0,0.001127,128
76ec9a5c709ba02e,256,0.007904,1,0,0,108,1,3,2.015625,0.031006,0,0.0,0.000727,128
833fa3a116294d94,256,0.007904,0,0,0,132,1,3,2.015625,0.031006,0,0.0,0.000332,128
2ae548b3c8577458,256,0.007935,0,0,0,86,1,3,2.023438,0.038513,0,0.0,0.001008,128
ac4888407295fd5a,256,0.007935,0,0,0,97,1,3,2.023438,0.038513,0,0.0,0.000955,128
f6882101c4256f66,256,0.007935,0,0,0,147,1,3,2.023438,0.038513,0,0.0,0.000483,128
a1fc7f659a4e1bdc,256,0.007904,0,0,0,151,1,3,2.015625,0.031006,0,0.0,0.000306,128
99a4d75b29778fce,256,0.007904,1,0,0,176,1,3,2.015625,0.031006,0,0.0,0.000199,128
e46be4326e6b2382,256,0.007874,0,0,0,220,1,3,2.007812,0.023376,0,0.0,0.000162,128
65dd6c15cf02b8da,256,0.007904,0,0,1,165,1,3,2.015625,0.031006,0,0.00651,0.000353,128
583b145e535ae0ac,256,0.007935,0,0,0,101,1,4,2.023438,0.046326,0,0.0,0.000958,128
c03e2bdcc4116779,256,0.007874,0,0,0,229,1,3,2.007812,0.023376,0,0.0,0.000153,128
f15fb064127bce4c,256,0.007935,0,0,0,117,1,4,2.023438,0.046326,0,0.0,0.000611,128
d50600a3a7ff4a62,256,0.007874,1,0,0,140,1,3,2.007812,0.023376,0,0.0,0.000591,128
1c1a325c9f6e0d72,256,0.007904,0,0,1,184,1,3,2.015625,0.031006,0,0.00651,0.000283,128
f44119e0d73bb6fb,256,0.007935,0,0,0,114,1,3,2.023438,0.030701,0,0.0,0.000609,128
8f896364a4508ffd,256,0.007904,0,0,0,119,1,3,2.015625,0.031006,0,0.0,0.000478,128
044d23ea37708852,256,0.007904,0,0,0,181,1,4,2.015625,0.038818,0,0.0,0.000224,128
11bb2b4efd59b238,256,0.007935,0,0,0,101,1,3,2.023438,0.038513,0,0.0,0.00081,128
fd2c9bd1d0ce5d2a,256,0.007935,0,0,0,89,1,4,2.023438,0.046326,0,0.0,0.001312,128
111cf1590cd8207d,256,0.007935,0,0,0,77,1,4,2.023438,0.046326,0,0.0,0.001559,128
21ea3a3d93070655,256,0.007935,0,0,0,91,1,3,2.023438,0.038513,0,0.0,0.001149,128
b109e482996b64dd,256,0.007935,0,0,0,144,1,3,2.023438,0.038513,0,0.0,0.000344,128
9f683680ffc940d5,256,0.007935,0,0,0,92,1,3,2.023438,0.038513,0,0.0,0.001146,128
d433f6b006e43565,256,0.007935,0,0,0,222,1,3,2.023438,0.038513,0,0.0,0.000209,128
980a694dcca47c50,256,0.007874,0,0,0,125,1,3,2.007812,0.023376,0,0.0,0.000612,128
f48547cdb87daafd,256,0.007904,0,0,0,110,1,3,2.015625,0.031006,0,0.0,0.000714,128
9983c50877634a4b,256,0.007935,0,0,0,91,1,3,2.023438,0.038513,0,0.0,0.001233,128
74b45677757bc308,256,0.007904,0,0,0,109,1,3,2.015625,0.023193,0,0.0,0.000819,128
f3612b7844ba6dcc,256,0.007904,0,0,0,132,1,3,2.015625,0.031006,0,0.0,0.000613,128
1afced6bb103a296,256,0.007935,0,0,0,174,1,3,2.023438,0.030701,0,0.0,0.000202,128
c5814c996b0bdbf7,256,0.007935,1,0,0,112,1,3,2.023438,0.038513,0,0.0,0.0008,128
7243d9350c2cd31b,256,0.007935,0,0,0,138,1,4,2.023438,0.046326,0,0.0,0.00033,128
e72dcbcceb8fbe41,256,0.007904,1,0,0,140,1,3,2.015625,0.031006,0,0.0,0.000269,128
31d4a8fb52606dc2,256,0.007935,0,0,0,97,1,3,2.023438,0.038513,0,0.0,0.001177,128
99a46b50c8158df7,256,0.007935,0,0,0,107,1,3,2.023438,0.038513,0,0.0,0.000673,128
35cd3a1334e015d0,256,0.007935,0,0,0,89,1,4,2.023438,0.046326,0,0.0,0.001138,128
41e243cdfb951895,256,0.007935,0,0,0,115,1,4,2.023438,0.046326,0,0.0,0.000635,128
3c8009407a9cb20a,256,0.007904,1,0,0,128,1,3,2.015625,0.031006,0,0.0,0.00053,128
3412241232b3c411,256,0.007935,0,0,0,94,1,3,2.023438,0.038513,0,0.0,0.001061,128
33a97e30c3b8ff9a,256,0.007935,0,0,0,135,1,3,2.023438,0.038513,0,0.0,0.000454,128
0030b9766e03dce2,256,0.007904,0,0,1,232,1,3,2.015625,0.031006,0,0.00651,0.000166,128
cdf475f6488ffb50,256,0.007904,0,0,0,121,1,3,2.015625,0.031006,0,0.0,0.000612,128
10f0b1a9443a674f,256,0.007874,0,0,0,184,1,4,2.007812,0.031189,0,0.0,0.000238,128
e14bc854e1ba0343,256,0.007904,0,0,0,180,1,3,2.015625,0.031006,0,0.0,0.000195,128
82de6c6661708dd0,256,0.007935,0,0,0,108,1,3,2.023438,0.038513,0,0.0,0.0008,128
5134c682f601ca95,256,0.007935,0,0,0,95,1,4,2.023438,0.046326,0,0.0,0.000811,128
3292facb148f56c8,256,0.007904,0,0,0,118,1,3,2.015625,0.031006,0,0.0,0.00053,128
a7fa1df5747aa01a,256,0.007904,0,0,0,208,1,3,2.015625,0.031006,0,0.0,0.000198,128
4e88a8878879bb34,256,0.007935,0,0,1,90,1,3,2.023438,0.038513,0,0.00651,0.001103,128
4b1f5b449076c5e3,256,0.007904,0,0,0,164,1,3,2.015625,0.031006,0,0.0,0.000209,128
4e2e8f6b5ccab78d,256,0.007935,0,0,0,162,1,4,2.023438,0.046326,0,0.0,0.000282,128
912f94cddd6a9d63,256,0.007935,0,0,0,153,1,3,2.023438,0.038513,0,0.0,0.000299,128
27447ece8f141011,256,0.007935,0,0,1,93,1,3,2.023438,0.038513,0,0.00651,0.001144,128
75ea969c35ce2074,256,0.007904,0,0,0,88,1,3,2.015625,0.031006,0,0.0,0.001028,128
82cf0b17cd02e4f4,256,0.007935,0,0,0,110,1,3,2.023438,0.038513,0,0.0,0.000494,128
228d0d5596175b0d,256,0.007935,0,0,1,103,1,3,2.023438,0.038513,0,0.00651,0.000935,128
9e667988d20e97f4,256,0.007935,0,0,0,96,1,4,2.023438,0.046326,0,0.0,0.000977,128
47a204b199e0ef53,256,0.007904,0,0,0,122,1,3,2.015625,0.023193,0,0.0,0.000759,128
14711db6d2702cce,256,0.007935,0,0,0,93,1,3,2.023438,0.038513,0,0.0,0.001135,128
f5016440cbc22d75,256,0.007935,0,0,0,95,1,4,2.023438,0.038513,0,0.0,0.001193,128
0410e284175d7a84,256,0.007904,0,0,0,208,1,3,2.015625,0.031006,0,0.0,0.000177,128
3cc0b25f28cabaf4,256,0.007935,0,0,0,104,1,3,2.023438,0.038513,0,0.0,0.000951,128
e320b747426a9569,256,0.007935,0,0,0,91,1,3,2.023438,0.038513,0,0.0,0.001091,128
aabef2009f960c74,256,0.007904,0,0,0,95,1,3,2.015625,0.031006,0,0.0,0.001142,128
87a97f78793d520b,256,0.007904,0,0,0,173,1,3,2.015625,0.031006,0,0.0,0.000236,128
3b1e92a65949dcbd,256,0.007935,0,0,1,129,1,3,2.023438,0.038513,0,0.00651,0.000557,128
5fe8e44de8efcad0,256,0.007935,0,0,0,121,1,3,2.023438,0.038513,0,0.0,0.00067,128
870e3d7ae04fe033,256,0.007935,0,0,0,87,1,3,2.023438,0.030701,0,0.0,0.001038,128
38dcddf9fca2380c,256,0.007935,0,0,0,124,1,3,2.023438,0.038513,0,0.0,0.00053,128
f9b80b9f7db6dafe,256,0.007904,1,0,0,209,1,4,2.015625,0.038818,0,0.0,0.000169,128
ad80d57574dee885,256,0.007935,0,0,0,127,1,4,2.023438,0.046326,0,0.0,0.000426,128
f95981d4d081c71d,256,0.007874,0,0,0,183,1,3,2.007812,0.023376,0,0.0,0.000232,128
a5253e878cea7228,256,0.007904,0,0,1,217,1,3,2.015625,0.031006,0,0.00651,0.000185,128
9c35803fa8605540,256,0.007935,0,0,0,100,1,3,2.023438,0.038513,0,0.0,0.001021,128
8c5b0f98ab34ae2a,256,0.007904,0,0,0,105,2,3,2.015625,0.015381,0,0.0,0.000825,128
f4e4c40ff23de073,256,0.007904,0,0,0,165,1,3,2.015625,0.023193,0,0.0,0.000238,128
3da929f046155fdd,256,0.007904,0,0,0,157,1,3,2.015625,0.031006,0,0.0,0.000345,128
22f488c9f960bef3,256,0.007935,0,0,0,98,1,3,2.023438,0.038513,0,0.0,0.000863,128
b7781a33c65529fb,256,0.007935,0,0,0,79,1,3,2.023438,0.038513,0,0.0,0.000995,128
d053411f9aa21bad,256,0.007935,0,0,0,162,1,4,2.023438,0.046326,0,0.0,0.00023,128
e5ca5d84012f1488,256,0.007935,0,0,0,79,1,3,2.023438,0.038513,0,0.0,0.001508,128
d8150750f6821c39,256,0.007935,0,0,0,116,1,3,2.023438,0.038513,0,0.0,0.000529,128
1aa642f66e65ff36,256,0.007904,0,0,0,143,1,3,2.015625,0.031006,0,0.0,0.00034,128
dea89c917495557a,256,0.007904,0,0,0,211,1,3,2.015625,0.031006,0,0.0,0.000163,128
4c729e8a24884596,256,0.007904,0,0,0,92,1,3,2.015625,0.023193,0,0.0,0.001031,128
0ef321512a3f8c96,256,0.007935,0,0,0,74,1,3,2.023438,0.038513,0,0.0,0.001471,128
b1be49470bb7922f,256,0.007935,0,0,0,97,1,3,2.023438,0.038513,0,0.0,0.000961,128
fac724908caff3c8,256,0.007935,1,0,0,103,1,3,2.023438,0.030701,0,0.0,0.000786,128
706b702cb74d97cd,256,0.007935,0,0,1,78,1,3,2.023438,0.038513,0,0.003906,0.001182,128
216316c2d110be71,256,0.007874,0,0,0,202,1,3,2.007812,0.023376,0,0.0,0.000238,128
d746abad9d3565fc,256,0.007874,1,0,0,155,1,3,2.007812,0.023376,0,0.0,0.000343,128
a30703bd01a788f7,256,0.007904,0,0,0,118,1,3,2.015625,0.023193,0,0.0,0.000666,128
8131f12fcea685ae,256,0.007935,0,0,0,93,1,4,2.023438,0.046326,0,0.0,0.000966,128
60872c9e12a013e0,256,0.007904,0,0,0,116,1,4,2.015625,0.038818,0,0.0,0.000664,128
62046ef1df6a6361,256,0.007935,0,0,0,107,1,3,2.023438,0.038513,0,0.0,0.000854,128
bd892427782d57c5,256,0.007935,0,0,0,78,1,3,2.023438,0.038513,0,0.0,0.001424,128
9ed6ae8977b21dcf,256,0.007935,0,0,0,91,1,4,2.023438,0.038513,0,0.0,0.000975,128
8e47875e9059843f,256,0.007935,0,0,0,81,1,3,2.023438,0.030701,0,0.0,0.001358,128
40845cc62aefaa5c,256,0.007935,0,0,0,117,1,3,2.023438,0.038513,0,0.0,0.000547,128
1dee36bbb6d9e26e,256,0.007904,0,0,0,165,1,4,2.015625,0.038818,0,0.0,0.000262,128
410c27bc25c843c8,256,0.007935,0,0,0,132,1,4,2.023438,0.046326,0,0.0,0.000386,128
f5ca814c94c025a9,256,0.007935,0,0,0,111,1,3,2.023438,0.038513,0,0.0,0.000479,128
08092e09bf889ada,256,0.007935,0,0,0,106,1,4,2.023438,0.046326,0,0.0,0.00093,128
1524fd7ea36f9889,256,0.007935,0,0,0,82,1,3,2.023438,0.038513,0,0.0,0.00132,128
9f62de2aedc22873,256,0.007935,0,0,0,178,1,3,2.023438,0.038513,0,0.0,0.000236,128
a07df4654e38b4c4,256,0.007904,0,0,0,205,1,3,2.015625,0.031006,0,0.0,0.000167,128
6097839c627e7bff,256,0.007935,0,0,2,198,1,3,2.023438,0.038513,0,0.013021,0.000222,128
45db84fed456bd64,256,0.007935,0,0,0,147,1,3,2.023438,0.038513,0,0.0,0.000305,128
4746c6f8bdf7af68,256,0.007935,0,0,0,112,1,3,2.023438,0.038513,0,0.0,0.000746,128
b84a32263965c2f0,256,0.007904,0,0,0,140,1,3,2.015625,0.031006,0,0.0,0.00052,128
8cb6d2ac4dc0542f,256,0.007935,1,0,0,97,1,4,2.023438,0.046326,0,0.0,0.000876,128
7d43bcace208c3bd,256,0.007935,0,0,0,110,1,3,2.023438,0.030701,0,0.0,0.000886,128
8b37ae4eafc93f48,256,0.007935,0,0,0,109,1,3,2.023438,0.038513,0,0.0,0.000484,128
d45f38cfabb7b07c,256,0.007935,0,0,0,144,1,4,2.023438,0.046326,0,0.0,0.000378,128
32a8d7b894630440,256,0.007935,0,0,0,118,1,4,2.023438,0.046326,0,0.0,0.000722,128
d9a90bb9fbf37d71,256,0.007935,0,0,0,90,1,3,2.023438,0.038513,0,0.0,0.001357,128
20f7460ef94099f8,256,0.007935,0,0,0,134,1,3,2.023438,0.030701,0,0.0,0.000402,128
b6e6ab8f7e63a0be,256,0.007935,0,0,0,109,1,3,2.023438,0.038513,0,0.0,0.00081,128
6138f17e9322f756,256,0.007935,0,0,0,82,1,3,2.023438,0.038513,0,0.0,0.00136,128
4b0f0711f2f88fb8,256,0.007904,0,0,0,120,1,4,2.015625,0.038818,0,0.0,0.000701,128
b456bca5ebff1f0b,256,0.007935,0,0,0,100,1,3,2.023438,0.030701,0,0.0,0.001012,128
f763b11057f7828a,256,0.007935,0,0,0,112,1,3,2.023438,0.038513,0,0.0,0.000671,128
63b47af3de773f70,256,0.007935,0,0,0,99,1,3,2.023438,0.038513,0,0.0,0.001014,128
4116d081ca4a59b5,256,0.007935,0,0,0,121,1,3,2.023438,0.038513,0,0.0,0.000515,128
08b707ad332153f8,256,0.007935,0,0,0,113,1,3,2.023438,0.038513,0,0.0,0.000476,128
692cb2f17366da53,256,0.007904,0,0,0,112,1,4,2.015625,0.031006,0,0.0,0.000659,128
b050b0d6b53b525e,256,0.007935,0,0,0,97,1,3,2.023438,0.038513,0,0.0,0.00115,128
3bce673689a54877,256,0.007874,0,0,0,174,1,3,2.007812,0.023376,0,0.0,0.000294,128
719cfa3cfe981d22,256,0.007935,0,0,0,137,1,4,2.023438,0.046326,0,0.0,0.000401,128
df583e87087e116d,256,0.007935,0,0,0,82,1,3,2.023438,0.038513,0,0.0,0.00141,128
ac9b284303c97f68,256,0.007904,0,0,0,140,1,3,2.015625,0.031006,0,0.0,0.000435,128
54736dc23db27013,256,0.007904,0,0,0,174,1,3,2.015625,0.031006,0,0.0,0.000208,128
c6130c4d9d1f28fa,256,0.007935,0,0,0,79,2,3,2.023438,0.022888,0,0.0,0.001548,128
851291a16045e12d,256,0.007904,1,0,0,156,1,3,2.015625,0.023193,0,0.0,0.000298,128
18db9b61c4704038,256,0.007904,1,0,0,131,1,3,2.015625,0.031006,0,0.0,0.000647,128
a95083a83ecb80bf,256,0.007935,0,0,0,120,1,3,2.023438,0.038513,0,0.0,0.000448,128
2e911aaa1f3ae73f,256,0.007935,0,0,0,121,1,3,2.023438,0.038513,0,0.0,0.000575,128
ef9c2d29f9cd2dcf,256,0.007904,0,0,0,93,1,4,2.015625,0.038818,0,0.0,0.00096,128
dd375f8e3b07e682,256,0.007935,0,0,0,129,1,3,2.023438,0.038513,0,0.0,0.000711,128
431174b45b503817,256,0.007935,0,0,0,131,1,3,2.023438,0.038513,0,0.0,0.000407,128
0e3c2ccb05a7bdf8,256,0.007935,0,0,0,106,1,4,2.023438,0.046326,0,0.0,0.000732,128
80bfc68f371ffcf7,256,0.007935,0,0,0,130,1,3,2.023438,0.038513,0,0.0,0.000652,128
d9c2e7de515dfcd0,256,0.007935,0,0,0,95,1,3,2.023438,0.038513,0,0.0,0.001283,128
585174baca229924,256,0.007935,1,0,0,123,1,3,2.023438,0.038513,0,0.0,0.000467,128
6cb6b058e0da24e4,256,0.007874,0,0,0,140,1,3,2.007812,0.023376,0,0.0,0.000596,128
42eef5f6f4aaf1ce,256,0.007904,0,0,0,108,1,3,2.015625,0.031006,0,0.0,0.000682,128
41c805196930ab7a,256,0.007904,0,0,0,100,1,3,2.015625,0.031006,0,0.0,0.000906,128
9f5d7f42a5067469,256,0.007935,0,0,0,114,1,3,2.023438,0.038513,0,0.0,0.00069,128
ce6723c788468e36,256,0.007904,1,0,0,224,1,3,2.015625,0.031006,0,0.0,0.000155,128
06d799e577f0f39d,256,0.007935,0,0,0,114,1,4,2.023438,0.046326,0,0.0,0.000661,128
b5acc0e32e3b01f4,256,0.007904,0,0,0,116,1,3,2.015625,0.031006,0,0.0,0.000656,128
234ce741c0c47af9,256,0.007904,0,0,0,111,1,3,2.015625,0.031006,0,0.0,0.000616,128
b204fba94837e76f,256,0.007904,0,0,0,129,1,4,2.015625,0.038818,0,0.0,0.000428,128
f440b09fb85aaa6d,256,0.007935,0,0,0,112,1,3,2.023438,0.038513,0,0.0,0.000697,128
81154f5f3492dfb2,256,0.007935,0,0,0,97,1,3,2.023438,0.038513,0,0.0,0.000832,128
70a319ae311cf407,256,0.007904,0,0,0,112,1,3,2.015625,0.031006,0,0.0,0.000759,128
9e098d3f479b297e,256,0.007935,0,0,0,116,1,4,2.023438,0.046326,0,0.0,0.0005,128
1f0e8f74869d25db,256,0.007935,0,0,0,115,1,3,2.023438,0.038513,0,0.0,0.000449,128
d9143bd3bf2e63a3,256,0.007935,0,0,0,112,1,3,2.023438,0.030701,0,0.0,0.000675,128
962e91f32daa8bf1,256,0.007904,0,0,0,181,1,4,2.015625,0.038818,0,0.0,0.000194,128
0590e2ecaf0bbea3,256,0.007874,0,0,0,127,1,3,2.007812,0.023376,0,0.0,0.000607,128
ef00aa45d66b4bff,256,0.007935,0,0,0,97,1,3,2.023438,0.038513,0,0.0,0.001124,128
33e2e7253f170087,256,0.007874,0,0,1,134,1,3,2.007812,0.023376,0,0.00651,0.000603,128
ad4ff57310641bf4,256,0.007904,0,0,0,164,1,3,2.015625,0.031006,0,0.0,0.00025,128
3fec302d6abfc463,256,0.007904,0,0,0,108,1,3,2.015625,0.031006,0,0.0,0.000599,128
27e8ea39d4c43f9d,256,0.007935,0,0,0,93,1,3,2.023438,0.038513,0,0.0,0.000993,128
9e8fb04aa6c1618f,256,0.007904,0,0,0,186,1,3,2.015625,0.031006,0,0.0,0.000193,128
6b11e2665161713b,256,0.007935,0,0,0,116,1,3,2.023438,0.038513,0,0.0,0.000646,128
25f7defe4d171f9c,256,0.007935,0,0,0,104,1,4,2.023438,0.046326,0,0.0,0.000914,128
75cd302241ae383f,256,0.007935,0,0,0,90,1,3,2.023438,0.030701,0,0.0,0.00087,128
37c09f8863791f28,256,0.007935,0,0,0,82,1,3,2.023438,0.038513,0,0.0,0.001335,128
a943f0dea0dee2b1,256,0.007935,0,0,0,100,1,3,2.023438,0.038513,0,0.0,0.000721,128
a075b4c0299859fc,256,0.007935,0,0,0,91,1,3,2.023438,0.038513,0,0.0,0.001033,128
9049def73da2dbeb,256,0.007935,1,0,0,99,1,3,2.023438,0.030701,0,0.0,0.000812,128
4072dc371bfc4745,256,0.007935,0,0,0,85,1,3,2.023438,0.038513,0,0.0,0.001383,128
2be1477d4f80ab1c,256,0.007935,0,0,0,79,1,4,2.023438,0.046326,0,0.0,0.001536,128
8f041da6b83a2a28,256,0.007904,0,0,0,90,1,3,2.015625,0.031006,0,0.0,0.001013,128
d59ed2c6bfb2b3dd,256,0.007904,1,0,0,163,1,4,2.015625,0.031006,0,0.0,0.000293,128
8005c384e609c297,256,0.007935,0,0,0,155,1,3,2.023438,0.030701,0,0.0,0.000288,128
502a0f91e9d960bd,256,0.007935,0,0,0,113,1,3,2.023438,0.038513,0,0.0,0.000858,128
bb8c0bf1f01cee77,256,0.007935,1,0,0,170,1,3,2.023438,0.038513,0,0.0,0.000206,128
8aea7b9e6565bffc,256,0.007935,0,0,0,142,1,3,2.023438,0.038513,0,0.0,0.000364,128
d91bc26d41263b7f,256,0.007904,0,0,1,220,1,3,2.015625,0.031006,0,0.00651,0.000192,128
27af1292de27dcf3,256,0.007904,0,0,0,116,1,3,2.015625,0.023193,0,0.0,0.000657,128
ade20dd26a292e84,256,0.007935,0,0,0,103,1,3,2.023438,0.038513,0,0.0,0.000948,128
0d6fd9f5d8901f1e,256,0.007874,1,0,0,123,1,3,2.007812,0.023376,0,0.0,0.000615,128
24d17626d9091e5d,256,0.007935,0,0,0,88,1,3,2.023438,0.038513,0,0.0,0.001177,128
139e1f1fe5eb64f7,256,0.007843,0,0,0,250,1,3,2.0,0.015625,0,0.0,0.000151,128
598e0fac9e4a89ad,256,0.007904,0,0,0,138,1,3,2.015625,0.031006,0,0.0,0.000583,128
04ff79846c345e8c,256,0.007904,0,0,1,110,1,3,2.015625,0.031006,0,0.00651,0.000777,128
945c9691c13e4092,256,0.007935,0,0,0,100,1,3,2.023438,0.038513,0,0.0,0.001031,128
1c84700486c1f47f,256,0.007935,0,0,0,104,1,3,2.023438,0.038513,0,0.0,0.001091,128
20612457ae1ba142,256,0.007935,0,0,0,76,1,3,2.023438,0.038513,0,0.0,0.001987,128
79781f99ee977982,256,0.007904,0,0,0,99,1,3,2.015625,0.031006,0,0.0,0.001002,128
15e4c4bb81aadc1f,256,0.007935,0,0,0,110,1,3,2.023438,0.038513,0,0.0,0.000874,128
095f47f3e1f01bde,256,0.007935,0,0,0,136,1,3,2.023438,0.038513,0,0.0,0.000483,128
4cc69ffe7ba63355,256,0.007904,0,0,0,107,1,3,2.015625,0.031006,0,0.0,0.000702,128
8ac23c71eb2cf6b2,256,0.007904,0,0,0,109,1,3,2.015625,0.031006,0,0.0,0.000569,128
1feb4c6cdff9f8b3,256,0.007904,0,0,0,111,1,4,2.015625,0.038818,0,0.0,0.000691,128
1a2462cb0ebd41bf,256,0.007935,0,0,0,84,1,3,2.023438,0.038513,0,0.0,0.001278,128
5580f8bc7dab71d6,256,0.007874,0,0,0,123,1,3,2.007812,0.023376,0,0.0,0.00064,128
bf3b57e17c81ba2e,256,0.007935,0,0,0,93,1,3,2.023438,0.030701,0,0.0,0.000875,128
9aa358f36b60009a,256,0.007904,0,0,0,102,1,4,2.015625,0.038818,0,0.0,0.000927,128
2a9830ac5e57e20e,256,0.007935,0,0,0,104,1,3,2.023438,0.038513,0,0.0,0.001007,128
a21ca11b0a61e7e1,256,0.007904,1,0,0,114,1,3,2.015625,0.031006,0,0.0,0.000722,128
3c387638511af050,256,0.007935,0,0,0,89,1,4,2.023438,0.046326,0,0.0,0.000988,128
b7999fe6a2be4739,256,0.007935,0,0,0,146,1,3,2.023438,0.038513,0,0.0,0.000431,128
3dad5ffbfb931d49,256,0.007904,0,0,0,158,1,3,2.015625,0.031006,0,0.0,0.000384,128
d3179eaac7fee3a5,256,0.007935,0,0,0,75,1,3,2.023438,0.038513,0,0.0,0.001606,128
66ddf8c38cdc89b0,256,0.007935,0,0,0,112,1,3,2.023438,0.030701,0,0.0,0.000711,128
05b708ea411c3d14,256,0.007935,0,0,0,96,1,3,2.023438,0.038513,0,0.0,0.001068,128
3625c8d1d412a7f0,256,0.007935,0,0,0,92,1,3,2.023438,0.038513,0,0.0,0.0009,128
9c76ba362bc98bda,256,0.007935,0,0,0,139,1,3,2.023438,0.038513,0,0.0,0.000389,128
2c9de6cfb53f93ad,256,0.007935,0,0,0,91,1,3,2.023438,0.030701,0,0.0,0.001298,128
5d554d9aaa91c45a,256,0.007935,0,0,0,143,1,3,2.023438,0.030701,0,0.0,0.000415,128
28c4a3dc9bb7032b,256,0.007904,0,0,0,147,1,3,2.015625,0.031006,0,0.0,0.00026,128
1515c868dd0d3add,256,0.007935,0,0,0,112,1,3,2.023438,0.038513,0,0.0,0.000746,128
7d5010d678bbe8b8,256,0.007935,0,0,1,116,1,3,2.023438,0.038513,0,0.00651,0.000716,128
30824fd2a6f9b79d,256,0.007935,0,0,0,93,1,3,2.023438,0.038513,0,0.0,0.001099,128
e33159bef01e6c19,256,0.007904,0,0,0,220,1,3,2.015625,0.031006,0,0.0,0.00019,128
a18843dbbf80d911,256,0.007874,1,0,0,241,1,3,2.007812,0.023376,0,0.0,0.000151,128
eff0b77a08542685,256,0.007935,0,0,0,130,1,3,2.023438,0.038513,0,0.0,0.000534,128
547ace7cf309a0f7,256,0.007935,0,0,0,115,1,3,2.023438,0.038513,0,0.0,0.000692,128
810f5abfe76cb3bf,256,0.007904,0,0,0,129,1,3,2.015625,0.031006,0,0.0,0.000643,128
85c7b91d009cdc15,256,0.007935,0,0,0,126,1,3,2.023438,0.038513,0,0.0,0.000615,128
aaf0fe3e47f8283e,256,0.007904,0,0,0,159,1,3,2.015625,0.023193,0,0.0,0.000329,128
4dedd2ce5933460f,256,0.007935,0,0,0,163,1,3,2.023438,0.038513,0,0.0,0.000258,128
d47f7b37416511ca,256,0.007935,0,0,0,104,1,4,2.023438,0.054138,0,0.0,0.000768,128
fff99f2348eec357,256,0.007904,0,0,0,107,1,4,2.015625,0.038818,0,0.0,0.000804,128
110b29d5c22f53a8,256,0.007904,1,0,0,113,1,3,2.015625,0.023193,0,0.0,0.000705,128
bb9de493c47c6892,256,0.007935,0,0,0,84,1,3,2.023438,0.030701,0,0.0,0.001536,128
4cab80f24bcdeb83,256,0.007935,0,0,0,93,1,3,2.023438,0.038513,0,0.0,0.001168,128
27fe48ff9e0d3054,256,0.007935,0,0,0,121,1,4,2.023438,0.046326,0,0.0,0.000563,128
19b0c1cf8f6e68da,256,0.007935,0,0,0,96,1,3,2.023438,0.038513,0,0.0,0.000947,128
e39825e7e36b7c0f,256,0.007904,0,0,0,172,1,3,2.015625,0.031006,0,0.0,0.000221,128
ba00dc3642d18168,512,0.003906,1,1,0,511,1,2,1.996094,0.003891,0,0.0,3.8e-05,256
31f30734bc013a60,512,0.003967,0,0,0,180,1,3,2.027344,0.034409,0,0.0,0.000174,256
3769dc1f395e3131,512,0.00396,0,0,0,136,1,3,2.023438,0.030701,0,0.0,0.000452,256
0de2bd8a7432e0af,512,0.003967,0,0,0,132,1,3,2.027344,0.034409,0,0.0,0.000414,256
aa7e14f51fbe710c,512,0.003967,0,0,0,144,1,3,2.027344,0.034409,0,0.0,0.000421,256
3d4782b80c40d7d2,512,0.003967,0,0,0,150,1,4,2.027344,0.038315,0,0.0,0.000273,256
91a9a67ab7ac5ec8,512,0.003967,0,0,0,139,1,4,2.027344,0.038315,0,0.0,0.000549,256
e014abf58d0f4fde,512,0.003967,0,0,0,135,1,4,2.027344,0.038315,0,0.0,0.000634,256
5f515d88ef7a7c03,512,0.003967,0,0,0,139,1,3,2.027344,0.034409,0,0.0,0.00032,256
f224e1dcafa2eb5e,512,0.003967,0,0,0,151,1,3,2.027344,0.034409,0,0.0,0.000347,256
1e966147b78fba71,512,0.003967,0,0,0,143,1,3,2.027344,0.034409,0,0.0,0.00059,256
cf46503456805da9,512,0.003967,0,0,0,131,1,3,2.027344,0.034409,0,0.0,0.000445,256
12fd8067932e6ddb,512,0.003967,0,0,0,218,1,3,2.027344,0.034409,0,0.0,0.000234,256
daf4831acc591a29,512,0.003967,0,0,1,130,1,4,2.027344,0.042221,0,0.003255,0.000402,256
816e1d347faa92ce,512,0.003967,0,0,0,177,1,3,2.027344,0.034409,0,0.0,0.000324,256
e53ef31a1b11e1ff,512,0.003967,0,0,0,145,1,3,2.027344,0.034409,0,0.0,0.000518,256
c555175ec875bd51,512,0.003967,0,0,0,192,1,3,2.027344,0.030502,0,0.0,0.000247,256
94fdbee8dcc93a10,512,0.003967,0,0,0,191,1,3,2.027344,0.034409,0,0.0,0.000138,256
43a94a56e0c4493e,512,0.003967,0,0,0,124,1,3,2.027344,0.034409,0,0.0,0.000657,256
cc5b06affdd69b77,512,0.003967,0,0,0,170,1,4,2.027344,0.034409,0,0.0,0.000229,256
d7d805ab0f4e1cce,512,0.003967,0,0,0,144,1,3,2.027344,0.034409,0,0.0,0.000411,256
250b5e2ba58187fc,512,0.003967,0,0,0,182,1,3,2.027344,0.034409,0,0.0,0.000345,256
c45be41f2a18d77d,512,0.003967,0,0,0,123,1,4,2.027344,0.038315,0,0.0,0.000753,256
0579e3dd0699b8c8,512,0.003967,0,0,0,122,1,3,2.027344,0.034409,0,0.0,0.000544,256
27c5164503d90357,512,0.003967,0,0,1,141,1,4,2.027344,0.038315,0,0.003255,0.000429,256
f8adee961a053c39,512,0.003967,0,0,0,135,1,3,2.027344,0.034409,0,0.0,0.000408,256
5ba5ec0a9f790658,512,0.003967,0,0,0,129,1,4,2.027344,0.038315,0,0.0,0.000687,256
e0fa78f5eadc0420,512,0.003967,0,0,0,112,1,3,2.027344,0.034409,0,0.0,0.000603,256
e632f81b2db3b805,512,0.003967,0,0,0,137,1,3,2.027344,0.034409,0,0.0,0.000507,256
8fb3e501ed20bed6,512,0.003967,0,0,0,126,1,3,2.027344,0.030502,0,0.0,0.000517,256
7d47b8202efadddd,512,0.003967,0,0,0,134,1,3,2.027344,0.030502,0,0.0,0.000546,256
998b2754919f5a0b,512,0.003967,0,0,0,118,1,3,2.027344,0.034409,0,0.0,0.000747,256
3397744256f67ed5,512,0.003967,0,0,0,190,1,4,2.027344,0.038315,0,0.0,0.000193,256
4492c87fa749b02c,512,0.003967,0,0,0,105,1,3,2.027344,0.034409,0,0.0,0.000869,256
96465985c45c4f7e,512,0.003967,0,0,0,132,1,3,2.027344,0.034409,0,0.0,0.000603,256
5aafb46f40325b4a,512,0.003967,0,0,0,160,1,3,2.027344,0.034409,0,0.0,0.000376,256
77651bf769356aed,512,0.003967,0,0,0,164,1,4,2.027344,0.042221,0,0.0,0.000394,256
499051266e3f67bd,512,0.003967,0,0,0,111,1,3,2.027344,0.034409,0,0.0,0.000725,256
5037165ac267acdb,512,0.003967,0,0,0,143,1,3,2.027344,0.034409,0,0.0,0.000269,256
1162fccc1c62c6c0,512,0.003967,0,0,0,201,1,3,2.027344,0.034409,0,0.0,0.000305,256
21a12a38cf78071c,512,0.003967,0,0,0,132,1,3,2.027344,0.034409,0,0.0,0.000572,256
46f45eec5870fc33,512,0.003967,0,0,0,126,1,3,2.027344,0.034409,0,0.0,0.000641,256
0f54b394b42e92e4,512,0.003967,0,0,0,153,1,3,2.027344,0.034409,0,0.0,0.000387,256
657ee9be049cef34,512,0.003967,0,0,0,156,1,3,2.027344,0.034409,0,0.0,0.000454,256
2fa2eafa18e3306b,512,0.00396,0,0,0,166,1,3,2.023438,0.030701,0,0.0,0.000358,256
7c5ca4145c610215,512,0.003967,0,0,1,129,1,4,2.027344,0.038315,0,0.003255,0.000493,256
df955c66a6687f39,512,0.003967,0,0,0,103,1,4,2.027344,0.038315,0,0.0,0.00102,256
454e1e803f5b80a4,512,0.003967,0,0,0,143,1,3,2.027344,0.034409,0,0.0,0.000301,256
fcccf5966bdbc492,512,0.003967,0,0,0,103,1,4,2.027344,0.038315,0,0.0,0.000923,256
a211fa60490c5012,512,0.003967,0,0,0,147,1,3,2.027344,0.034409,0,0.0,0.000423,256
a929d25028a80456,512,0.003967,0,0,0,112,1,3,2.027344,0.034409,0,0.0,0.000757,256
1891f46083339a05,512,0.003967,0,0,0,147,1,3,2.027344,0.034409,0,0.0,0.000507,256
193402fb1eb0e5d5,512,0.003967,0,0,0,100,1,3,2.027344,0.030502,0,0.0,0.000845,256
2165172e8bd98b38,512,0.003967,0,0,0,140,1,3,2.027344,0.034409,0,0.0,0.000412,256
a67013e8b023a41e,512,0.003967,0,0,0,153,1,3,2.027344,0.034409,0,0.0,0.000535,256
50f6a8a1e879d002,512,0.003967,0,0,0,150,1,3,2.027344,0.034409,0,0.0,0.000434,256
f76ce73dafde94ae,512,0.003967,0,0,0,130,1,3,2.027344,0.034409,0,0.0,0.000591,256
741a166f8582da61,512,0.003967,0,0,0,117,1,3,2.027344,0.034409,0,0.0,0.000758,256
2dfb9afb00855947,512,0.003967,0,0,0,150,1,3,2.027344,0.030502,0,0.0,0.0004,256
b87a81db92092409,512,0.00396,0,0,0,188,1,3,2.023438,0.030701,0,0.0,0.000305,256
dc5b562a294d9bbc,512,0.003967,0,0,0,136,1,3,2.027344,0.034409,0,0.0,0.00063,256
1d0aea3f2ae235f7,512,0.003967,0,0,0,170,1,4,2.027344,0.038315,0,0.0,0.000334,256
9c6913bcd10c1e69,512,0.003967,0,0,0,133,1,3,2.027344,0.034409,0,0.0,0.000373,256
deb5d323b6534dde,512,0.003967,0,0,0,143,1,3,2.027344,0.034409,0,0.0,0.000452,256
e4354a7c20dc4838,512,0.003967,0,0,0,119,1,3,2.027344,0.034409,0,0.0,0.000789,256
97291097b5b0475e,512,0.00396,1,0,0,151,1,3,2.023438,0.030701,0,0.0,0.000417,256
836543c625f3b273,512,0.003967,0,0,0,177,1,3,2.027344,0.034409,0,0.0,0.000266,256
60593d875e476144,512,0.003967,0,0,0,133,1,3,2.027344,0.034409,0,0.0,0.000809,256
b7643f0b2a94561d,512,0.003967,0,0,0,179,1,3,2.027344,0.034409,0,0.0,0.00029,256
f90b4c6eddbf2b7b,512,0.003967,0,0,0,105,1,3,2.027344,0.034409,0,0.0,0.000774,256
ba4a4add7d164a9b,512,0.003967,0,0,0,134,1,3,2.027344,0.034409,0,0.0,0.000538,256
5053d5fef0ae793d,512,0.003967,0,0,0,221,1,4,2.027344,0.038315,0,0.0,0.000133,256
5310f9e3db4a0e18,512,0.00396,0,0,1,155,1,3,2.023438,0.026794,0,0.003255,0.000573,256
9d30420fe0d12dbd,512,0.003967,0,0,0,119,1,3,2.027344,0.034409,0,0.0,0.000709,256
ac60713b884a4d88,512,0.003967,0,0,0,171,1,3,2.027344,0.034409,0,0.0,0.000357,256
6453371920d6784e,512,0.003967,0,0,0,101,1,3,2.027344,0.034409,0,0.0,0.001272,256
18c072046fd0eaef,512,0.003967,0,0,0,137,1,3,2.027344,0.034409,0,0.0,0.000488,256
9221f1fed4244ee0,512,0.003967,0,0,0,121,1,3,2.027344,0.034409,0,0.0,0.000587,256
be90251f4da0a592,512,0.003967,0,0,0,198,1,3,2.027344,0.034409,0,0.0,0.0003,256
db098d3c2d594a20,512,0.003967,0,0,0,132,1,3,2.027344,0.034409,0,0.0,0.00056,256
1f580e04a7e2e17a,512,0.003967,0,0,0,144,1,3,2.027344,0.034409,0,0.0,0.00062,256
71569c8c7571927a,512,0.003967,0,0,0,177,1,3,2.027344,0.034409,0,0.0,0.000326,256
91079b5f9ba5b232,512,0.003967,0,0,0,146,1,3,2.027344,0.034409,0,0.0,0.000547,256
2ce202de1f0d5047,512,0.003967,0,0,0,161,1,3,2.027344,0.034409,0,0.0,0.000384,256
0948111ddd2388ef,512,0.003967,0,0,0,158,1,3,2.027344,0.034409,0,0.0,0.00032,256
c7dadaf80049babe,512,0.003967,0,0,0,140,2,3,2.027344,0.026596,0,0.0,0.000501,256
d03ea82efbfbb997,512,0.003967,0,0,0,124,1,3,2.027344,0.034409,0,0.0,0.000671,256
85bff337a2b4a470,512,0.003967,0,0,0,137,1,3,2.027344,0.034409,0,0.0,0.000531,256
01bbd038d06e0f03,512,0.003967,0,0,0,157,1,3,2.027344,0.034409,0,0.0,0.000393,256
d51bdc5d58b2f981,512,0.003967,0,0,0,115,1,3,2.027344,0.034409,0,0.0,0.000883,256
17dd08c3f97ffc60,512,0.003967,0,0,0,128,1,3,2.027344,0.034409,0,0.0,0.000422,256
88fe63d979876c2c,512,0.003967,0,0,0,162,1,4,2.027344,0.038315,0,0.0,0.000495,256
256df9e37f58dbfa,512,0.003967,0,0,0,124,1,3,2.027344,0.034409,0,0.0,0.000565,256
7a816b8d5d7fe3d8,512,0.003967,0,0,0,126,1,3,2.027344,0.030502,0,0.0,0.00052,256
5cabf45c19dc720a,512,0.003967,0,0,0,127,1,3,2.027344,0.034409,0,0.0,0.000438,256
bcc0fdc741932ba0,512,0.00396,0,0,0,134,1,3,2.023438,0.030701,0,0.0,0.00052,256
6a0e758202cded27,512,0.003967,0,0,0,199,1,3,2.027344,0.034409,0,0.0,0.000267,256
03b8f60e637a8c89,512,0.003967,0,0,0,147,1,3,2.027344,0.034409,0,0.0,0.000358,256
b77827f49e01cb9e,512,0.003967,0,0,0,113,1,3,2.027344,0.034409,0,0.0,0.000604,256
748ba3c37700030b,512,0.003967,0,0,0,176,1,4,2.027344,0.038315,0,0.0,0.000276,256
14c083698a8f166d,1024,0.001953,1,1,0,1023,1,2,1.998047,0.001949,0,0.0,9e-06,512
737535a22aacd64b,1024,0.001984,0,0,0,156,1,3,2.029297,0.032345,0,0.0,0.000504,512
e2ef035912a7df6d,1024,0.001984,0,0,0,193,1,4,2.029297,0.034298,0,0.0,0.000265,512
681a96d78d09a84d,1024,0.001984,0,0,0,150,1,3,2.029297,0.032345,0,0.0,0.000258,512
6490c6917f0089b8,1024,0.001984,0,0,0,178,1,3,2.029297,0.032345,0,0.0,0.000301,512
0817ebc2bd06558e,1024,0.001984,0,0,1,187,1,3,2.029297,0.032345,0,0.001628,0.000248,512
d2ab961b1ce10782,1024,0.001984,0,0,0,227,1,4,2.029297,0.036251,0,0.0,0.000184,512
66a436757f51ac06,1024,0.001982,0,0,0,150,1,4,2.027344,0.034409,0,0.0,0.000488,512
1b23dd5f1331ec5f,1024,0.001984,0,0,0,170,1,4,2.029297,0.034298,0,0.0,0.000353,512
d7c52b34cad71a97,1024,0.001984,0,0,0,144,1,4,2.029297,0.038204,0,0.0,0.000451,512
8d11a2d0159fdbd6,1024,0.001984,0,0,0,184,1,3,2.029297,0.032345,0,0.0,0.000239,512
65635b658e56baf0,1024,0.001984,0,0,0,169,1,3,2.029297,0.032345,0,0.0,0.000351,512
c9bd98387e1dc67d,1024,0.001984,0,0,0,194,1,3,2.029297,0.032345,0,0.0,0.000293,512
2dd990638b3d5637,1024,0.001984,0,0,1,170,1,3,2.029297,0.032345,0,0.001628,0.000356,512
08ac55839fd96e70,1024,0.001984,0,0,0,194,1,4,2.029297,0.034298,0,0.0,0.000251,512
68c27d0c90b2adaa,1024,0.001984,0,0,0,169,1,4,2.029297,0.034298,0,0.0,0.000273,512
6865c63c647e4318,1024,0.001984,0,0,0,177,1,3,2.029297,0.032345,0,0.0,0.00025,512
5f30619cf855145f,1024,0.001984,0,0,0,169,1,4,2.029297,0.034298,0,0.0,0.000285,512
12b73e432e350977,1024,0.001984,0,0,0,158,1,3,2.029297,0.032345,0,0.0,0.000453,512
8be54ecf91b0da52,1024,0.001984,0,0,0,176,1,3,2.029297,0.032345,0,0.0,0.000419,512
f73888b6d4aec9f7,1024,0.001984,0,0,0,132,1,4,2.029297,0.034298,0,0.0,0.00061,512
117689499b73874f,1024,0.001984,0,0,0,173,1,4,2.029297,0.034298,0,0.0,0.000366,512
8ae519b35125e3b2,1024,0.001984,0,0,0,191,1,3,2.029297,0.032345,0,0.0,0.000324,512
9400f2fb77e67cf3,1024,0.001984,0,0,0,250,1,3,2.029297,0.032345,0,0.0,0.000197,512
039f8c0a67565ff9,1024,0.001984,0,0,0,179,1,4,2.029297,0.034298,0,0.0,0.000315,512
cdc2a1b76624d893,1024,0.001984,0,0,0,154,1,3,2.029297,0.032345,0,0.0,0.000407,512
fa3307117a14829e,1024,0.001984,0,0,0,148,1,3,2.029297,0.032345,0,0.0,0.000467,512
ee6c16f1f0ef97d8,1024,0.001984,0,0,0,135,1,4,2.029297,0.034298,0,0.0,0.000472,512
ed7028c0da4f2338,1024,0.001984,0,0,0,173,1,4,2.029297,0.034298,0,0.0,0.000278,512
d98f9d9571192c76,1024,0.001984,0,0,0,219,1,3,2.029297,0.032345,0,0.0,0.000213,512
03ca1c5587a2ed91,1024,0.001984,0,0,0,191,1,3,2.029297,0.032345,0,0.0,0.00027,512
0b90eed09a28fe93,1024,0.001984,0,0,0,174,1,3,2.029297,0.032345,0,0.0,0.000303,512
3cd3c0b8b486ac88,1024,0.001984,0,0,0,153,1,3,2.029297,0.032345,0,0.0,0.000448,512
78af192b3ee728f4,1024,0.001984,0,0,0,153,1,4,2.029297,0.032345,0,0.0,0.000466,512
7bf4e856bd4d6abb,1024,0.001984,0,0,0,222,1,3,2.029297,0.032345,0,0.0,0.000243,512
63049ad5082425bc,1024,0.001984,0,0,1,169,1,4,2.029297,0.036251,0,0.001628,0.00034,512
1cedf12924a2a752,1024,0.001984,0,0,0,188,1,4,2.029297,0.034298,0,0.0,0.000362,512
0961dcacc97a65e6,1024,0.001984,0,0,0,147,1,3,2.029297,0.032345,0,0.0,0.000516,512
404843d0cf800fb6,1024,0.001984,0,0,0,115,1,3,2.029297,0.032345,0,0.0,0.000751,512
f110fd810c069aaa,1024,0.001984,0,0,0,272,1,3,2.029297,0.032345,0,0.0,0.000116,512
e339a143e8a9089c,1024,0.001984,0,0,0,234,1,3,2.029297,0.032345,0,0.0,0.000168,512
59927a25614d2a9e,1024,0.001984,0,0,0,188,1,3,2.029297,0.032345,0,0.0,0.000362,512
8115fb3119dcd61b,1024,0.001984,0,0,0,156,1,4,2.029297,0.036251,0,0.0,0.000275,512
3cfa3d57cf5e8b1b,1024,0.001982,0,0,0,156,1,4,2.027344,0.032455,0,0.0,0.000455,512
0655ed1579241bad,1024,0.001984,0,0,0,153,1,3,2.029297,0.032345,0,0.0,0.000428,512
86a79c249d18c02b,1024,0.001984,0,0,0,208,1,3,2.029297,0.032345,0,0.0,0.000243,512
05af3c76b55f5cd1,1024,0.001984,0,0,0,173,1,3,2.029297,0.032345,0,0.0,0.000327,512
f2651b7e7cd1bbf6,1024,0.001982,0,0,0,186,1,3,2.027344,0.030502,0,0.0,0.0003,512
10b66dbeeef8dcf8,1024,0.001984,0,0,0,167,1,4,2.029297,0.038204,0,0.0,0.000404,512
d1e7d946d58229fd,1024,0.001984,0,0,0,143,1,3,2.029297,0.032345,0,0.0,0.000527,512
cba7ac4ade9ddb32,1024,0.001984,0,0,0,175,1,3,2.029297,0.032345,0,0.0,0.000372,512
4be7a980aaaec3d3,1024,0.001984,0,0,0,138,1,3,2.029297,0.032345,0,0.0,0.000527,512
ba3655296009bb08,1024,0.001984,0,0,0,351,1,4,2.029297,0.034298,0,0.0,6.3e-05,512
1eca6bb72ef9f0b7,1024,0.001984,0,0,0,152,1,4,2.029297,0.034298,0,0.0,0.000532,512
e4aea517a52b28b9,1024,0.001984,0,0,0,157,1,4,2.029297,0.034298,0,0.0,0.000413,512
820084eacec474b7,1024,0.001984,0,0,0,202,1,4,2.029297,0.034298,0,0.0,0.00023,512
d4297fae3bd66e02,1024,0.001984,0,0,0,166,1,4,2.029297,0.034298,0,0.0,0.000241,512
c102fe34a5bc5665,1024,0.001984,0,0,0,132,1,4,2.029297,0.034298,0,0.0,0.000543,512
2e9d5e3348b0d13d,1024,0.001984,0,0,0,206,1,4,2.029297,0.034298,0,0.0,0.000224,512
15a50e9032b5d9b7,1024,0.001984,0,0,0,213,1,3,2.029297,0.032345,0,0.0,0.00018,512
8fe0db389162e5e7,1024,0.001984,0,0,0,222,1,4,2.029297,0.034298,0,0.0,0.000203,512
50dae51242aa9457,1024,0.001984,0,0,0,215,1,3,2.029297,0.032345,0,0.0,0.00026,512
3f8ac671e049d0f9,1024,0.001984,0,0,0,136,1,3,2.029297,0.032345,0,0.0,0.000521,512
839b557cace13851,1024,0.00198,0,0,0,173,1,4,2.025391,0.030605,0,0.0,0.00035,512
37ab8f4e6981a11c,1024,0.001984,0,0,0,162,1,4,2.029297,0.034298,0,0.0,0.00033,512
54ad4cd9b7663622,1024,0.001984,0,0,0,155,1,4,2.029297,0.034298,0,0.0,0.000457,512
7abd0668e16a313e,1024,0.001984,0,0,0,181,1,3,2.029297,0.032345,0,0.0,0.000381,512
fb2246c22af15ba0,1024,0.001984,0,0,0,201,1,3,2.029297,0.032345,0,0.0,0.000127,512
10a4c8eb9866651e,1024,0.001984,0,0,0,150,1,3,2.029297,0.032345,0,0.0,0.000566,512
16e51950a128dc90,1024,0.001984,0,0,0,150,1,3,2.029297,0.032345,0,0.0,0.000463,512
31efe66095f37a98,1024,0.001984,0,0,0,157,1,4,2.029297,0.034298,0,0.0,0.000302,512
f0d4de6de2c0ebc0,1024,0.001984,0,0,0,208,1,4,2.029297,0.034298,0,0.0,0.000237,512
ee7b0d30ed8da39b,1024,0.001984,0,0,0,245,1,3,2.029297,0.032345,0,0.0,0.000117,512
e68b9bbe076a7085,1024,0.001984,0,0,0,200,1,3,2.029297,0.032345,0,0.0,0.000321,512
e8c130876ede67e1,1024,0.001984,0,0,0,269,1,3,2.029297,0.032345,0,0.0,9.2e-05,512
94ea06fde465047f,1024,0.001984,0,0,0,135,1,3,2.029297,0.032345,0,0.0,0.000495,512
3da8728a85dec310,1024,0.001984,0,0,0,160,1,4,2.029297,0.032345,0,0.0,0.000368,512
80904178e9d090f3,1024,0.001984,0,0,0,199,1,3,2.029297,0.032345,0,0.0,0.0002,512
9a3db4c2c69ee3f4,1024,0.001984,0,0,0,223,1,3,2.029297,0.032345,0,0.0,0.000155,512
ee47b217bd5c2a4d,1024,0.001984,0,0,0,133,1,3,2.029297,0.032345,0,0.0,0.000514,512
31f6c2cad5e30ad0,1024,0.001984,0,0,0,148,1,4,2.029297,0.034298,0,0.0,0.000504,512
5606379161b4bd04,1024,0.001984,0,0,0,216,1,4,2.029297,0.036251,0,0.0,0.000242,512
e59d4c63f504fd43,1024,0.001984,0,0,0,212,1,4,2.029297,0.034298,0,0.0,0.000259,512
ee39845c4dd8ec2f,1024,0.001984,0,0,0,197,1,3,2.029297,0.032345,0,0.0,0.000294,512
ef372505d009c5a9,1024,0.001984,0,0,0,157,1,3,2.029297,0.032345,0,0.0,0.000394,512
dc29cfd503b6e090,1024,0.001984,0,0,0,153,1,3,2.029297,0.032345,0,0.0,0.000392,512
4983f283dcd51398,1024,0.001984,0,0,0,189,1,3,2.029297,0.032345,0,0.0,0.000257,512
7f104b5735327a37,1024,0.001984,0,0,0,150,1,3,2.029297,0.032345,0,0.0,0.000375,512
38221afa55ebd931,1024,0.001984,0,0,0,171,1,3,2.029297,0.030392,0,0.0,0.000399,512
a8eb50a3df28e0d9,1024,0.001984,0,0,0,231,1,3,2.029297,0.032345,0,0.0,0.000225,512
972f1517884a1130,1024,0.001982,0,0,0,181,1,3,2.027344,0.030502,0,0.0,0.000372,512
2fc2751bd70bff2d,1024,0.001984,0,0,0,148,1,3,2.029297,0.032345,0,0.0,0.000413,512
33423e7b3049f7e8,1024,0.001984,0,0,0,159,1,4,2.029297,0.034298,0,0.0,0.000346,512
b3ddb8bb4a1742c0,1024,0.001984,0,0,0,247,1,3,2.029297,0.032345,0,0.0,0.000113,512
d525c738d55702da,1024,0.001984,0,0,0,177,1,3,2.029297,0.032345,0,0.0,0.000374,512
06738a0187f4104e,1024,0.001984,0,0,0,153,1,3,2.029297,0.032345,0,0.0,0.00039,512
f0322d2e69ba20c3,1024,0.001984,0,0,0,236,1,3,2.029297,0.032345,0,0.0,0.000127,512
2151f4cc035d7578,1024,0.001984,0,0,0,267,1,3,2.029297,0.032345,0,0.0,9.7e-05,512
238a63d6b536d144,1024,0.001984,0,0,0,222,1,3,2.029297,0.032345,0,0.0,0.00016,512
58b92ef1a9e3cb39,1024,0.001984,0,0,0,156,1,3,2.029297,0.032345,0,0.0,0.000469,512
